,Unnamed: 0,S.N.,Contract No,Stock Symbol,Buyer Broker,Seller Broker,Quantity,Rate,Amount,Sector
0,0,1,2024030403000530,RLFL,25,32,500,367.0,183500.0,Finance
1,1,2,2024030401001872,ILI,22,51,300,539.0,161700.0,Promoter Shares/debenture
2,2,3,2024030401001871,GCIL,25,34,34,526.0,17884.0,Promoter Shares/debenture
3,3,4,2024030401001870,GCIL,25,3,456,525.9,239810.4,Promoter Shares/debenture
4,4,5,2024030401001869,GCIL,25,71,1510,525.0,792750.0,Promoter Shares/debenture
5,5,6,2024030404001021,TRH,85,57,10,793.5,7935.0,Hotels And Tourism
6,6,7,2024030401001868,PHCL,56,33,490,320.0,156800.0,Hydro Power
7,7,8,2024030401001867,PHCL,56,40,260,319.9,83174.0,Hydro Power
8,8,9,2024030401001866,PHCL,56,55,250,319.9,79975.0,Hydro Power
9,9,10,2024030404001020,AHPC,51,28,500,193.8,96900.0,Hydro Power
10,10,11,2024030403000529,CFCL,51,36,1000,347.0,347000.0,Finance
11,11,12,2024030405000440,NIFRA,74,62,480,217.0,104160.0,Investment
12,12,13,2024030405000439,NIFRA,74,14,1520,216.2,328624.0,Investment
13,13,14,2024030401001865,RFPL,7,53,390,350.0,136500.0,Hydro Power
14,14,15,2024030401001864,MEL,44,49,10,228.0,2280.0,Promoter Shares/debenture
15,15,16,2024030404001019,NGPL,19,72,150,318.0,47700.0,Hydro Power
16,16,17,2024030404001018,NGPL,46,72,417,318.0,132606.0,Hydro Power
17,17,18,2024030401001863,NICA,43,38,100,435.0,43500.0,Commercial Banks
18,18,19,2024030401001862,NICA,43,45,100,435.0,43500.0,Commercial Banks
19,19,20,2024030401001861,NICA,43,56,295,435.0,128325.0,Commercial Banks
20,20,21,2024030405000438,NIFRA,42,14,100,216.2,21620.0,Investment
21,21,22,2024030404001017,NHPC,33,59,400,166.0,66400.0,Hydro Power
22,22,23,2024030404001016,NHPC,49,59,265,166.0,43990.0,Hydro Power
23,23,24,2024030404001015,NHPC,42,59,797,166.0,132302.0,Hydro Power
24,24,25,2024030401001860,CKHL,26,66,330,643.0,212190.0,Promoter Shares/debenture
25,25,26,2024030404001014,CGH,58,37,85,876.9,74536.5,Hotels And Tourism
26,26,27,2024030404001013,CGH,58,91,15,874.9,13123.5,Hotels And Tourism
27,27,28,2024030401001859,DLBS,62,62,10,842.5,8425.0,Microfinance
28,28,29,2024030401001858,MANDU,84,19,500,693.0,346500.0,Promoter Shares/debenture
29,29,30,2024030401001857,SONA,19,19,255,490.0,124950.0,Promoter Shares/debenture
30,30,31,2024030401001856,SONA,19,48,105,490.0,51450.0,Promoter Shares/debenture
31,31,32,2024030401001855,SONA,19,50,60,489.0,29340.0,Promoter Shares/debenture
32,32,33,2024030401001854,SONA,19,33,580,489.0,283620.0,Promoter Shares/debenture
33,33,34,2024030404001012,AKPL,21,4,1500,188.0,282000.0,Hydro Power
34,34,35,2024030401001853,MEHL,7,7,10,312.0,3120.0,Promoter Shares/debenture
35,35,36,2024030404001011,API,47,7,50,193.3,9665.0,Hydro Power
36,36,37,2024030401001852,MBJC,85,19,100,326.0,32600.0,Hydro Power
37,37,38,2024030405000437,NTC,25,81,30,880.0,26400.0,Others
38,38,39,2024030405000436,NTC,25,7,40,879.0,35160.0,Others
39,39,40,2024030403000528,BFC,17,33,300,338.4,101520.0,Finance
40,40,41,2024030404001010,GHL,33,70,282,158.7,44753.4,Hydro Power
41,41,42,2024030404001009,GHL,57,70,218,158.7,34596.6,Hydro Power
42,42,43,2024030404001008,MEN,6,34,100,635.0,63500.0,Hydro Power
43,43,44,2024030404001007,NHPC,57,4,1000,166.1,166100.0,Hydro Power
44,44,45,2024030401001851,NICA,58,56,70,432.0,30240.0,Commercial Banks
45,45,46,2024030401001850,NICA,20,56,300,432.1,129630.0,Commercial Banks
46,46,47,2024030401001849,NICA,38,56,100,433.0,43300.0,Commercial Banks
47,47,48,2024030401001848,NICA,49,56,30,433.0,12990.0,Commercial Banks
48,48,49,2024030401001847,NMB,13,41,62,184.9,11463.8,Commercial Banks
49,49,50,2024030401001846,DOLTI,71,57,100,384.7,38470.0,Promoter Shares/debenture
50,50,51,2024030401001845,DOLTI,71,43,90,384.7,34623.0,Promoter Shares/debenture
51,51,52,2024030401001844,MHCL,88,45,20,528.0,10560.0,Promoter Shares/debenture
52,52,53,2024030401001843,CLI,35,56,602,445.0,267890.0,Promoter Shares/debenture
53,53,54,2024030401001842,CKHL,26,42,50,643.0,32150.0,Promoter Shares/debenture
54,54,55,2024030401001841,SIKLES,4,68,10,500.0,5000.0,Hydro Power
55,55,56,2024030404001006,NGPL,4,58,62,318.8,19765.6,Hydro Power
56,56,57,2024030401001840,GCIL,16,76,125,511.0,63875.0,Promoter Shares/debenture
57,57,58,2024030401001839,GCIL,74,76,50,518.0,25900.0,Promoter Shares/debenture
58,58,59,2024030401001838,GCIL,44,76,825,520.0,429000.0,Promoter Shares/debenture
59,59,60,2024030404001005,BARUN,55,48,200,266.0,53200.0,Hydro Power
60,60,61,2024030405000435,NRN,57,58,500,567.0,283500.0,Investment
61,61,62,2024030401001837,NABIL,58,36,276,458.3,126490.8,Commercial Banks
62,62,63,2024030401001836,NABIL,58,41,377,458.2,172741.4,Commercial Banks
63,63,64,2024030401001835,NABIL,58,45,100,458.0,45800.0,Commercial Banks
64,64,65,2024030401001834,MHCL,8,45,10,528.0,5280.0,Promoter Shares/debenture
65,65,66,2024030403000527,NICLBSL,62,41,10,578.0,5780.0,Microfinance
66,66,67,2024030405000434,HRL,44,83,1197,622.0,744534.0,Promoter Shares/debenture
67,67,68,2024030405000433,HRL,34,83,200,622.0,124400.0,Promoter Shares/debenture
68,68,69,2024030405000432,HRL,57,83,500,622.1,311050.0,Promoter Shares/debenture
69,69,70,2024030405000431,HRL,56,83,103,622.5,64117.5,Promoter Shares/debenture
70,70,71,2024030403000526,PROFL,7,65,10,325.0,3250.0,Finance
71,71,72,2024030401001833,SMJC,19,26,1000,399.0,399000.0,Promoter Shares/debenture
72,72,73,2024030404001004,UNHPL,54,26,500,259.5,129750.0,Hydro Power
73,73,74,2024030404001003,HDHPC,45,44,500,150.0,75000.0,Hydro Power
74,74,75,2024030404001002,GHL,57,41,1282,158.7,203453.4,Hydro Power
75,75,76,2024030404001001,GHL,28,41,68,158.7,10791.6,Hydro Power
76,76,77,2024030401001832,HATHY,71,71,20,892.0,17840.0,Promoter Shares/debenture
77,77,78,2024030401001831,HATHY,71,58,480,890.0,427200.0,Promoter Shares/debenture
78,78,79,2024030401001830,CLI,49,56,70,445.0,31150.0,Promoter Shares/debenture
79,79,80,2024030403000525,ALICL,16,6,50,575.0,28750.0,Life Insurance
80,80,81,2024030403000524,ALICL,16,32,150,575.0,86250.0,Life Insurance
81,81,82,2024030403000523,JFL,1,32,10,365.1,3651.0,Finance
82,82,83,2024030401001829,GCIL,44,59,50,520.0,26000.0,Promoter Shares/debenture
83,83,84,2024030401001828,DORDI,77,22,20,501.8,10036.0,Hydro Power
84,84,85,2024030401001827,USHEC,13,38,10,376.3,3763.0,Hydro Power
85,85,86,2024030401001826,SONA,55,33,20,489.0,9780.0,Promoter Shares/debenture
86,86,87,2024030403000522,SFCL,14,29,10,315.0,3150.0,Finance
87,87,88,2024030403000521,SFCL,42,29,10,315.0,3150.0,Finance
88,88,89,2024030404001000,API,47,29,200,193.3,38660.0,Hydro Power
89,89,90,2024030403000520,SMB,13,42,100,976.9,97690.0,Microfinance
90,90,91,2024030404000999,HPPL,13,64,200,288.0,57600.0,Hydro Power
91,91,92,2024030403000519,HLI,21,67,200,402.0,80400.0,Promoter Shares/debenture
92,92,93,2024030405000430,NTC,6,7,50,879.0,43950.0,Others
93,93,94,2024030403000518,ALICL,56,32,500,575.0,287500.0,Life Insurance
94,94,95,2024030401001825,SONA,41,39,10,488.8,4888.0,Promoter Shares/debenture
95,95,96,2024030401001824,CKHL,26,45,120,643.0,77160.0,Promoter Shares/debenture
96,96,97,2024030401001823,CKHL,25,45,52,643.0,33436.0,Promoter Shares/debenture
97,97,98,2024030401001822,CKHL,17,45,70,643.0,45010.0,Promoter Shares/debenture
98,98,99,2024030401001821,CKHL,58,45,58,643.0,37294.0,Promoter Shares/debenture
99,99,100,2024030404000998,HPPL,39,64,500,288.0,144000.0,Hydro Power
100,100,101,2024030403000517,SJLIC,44,42,10,481.0,4810.0,Promoter Shares/debenture
101,101,102,2024030403000516,SJLIC,44,50,20,475.0,9500.0,Promoter Shares/debenture
102,102,103,2024030401001820,UHEWA,42,39,20,360.0,7200.0,Hydro Power
103,103,104,2024030404000997,SPIL,57,42,173,769.0,133037.0,Promoter Shares/debenture
104,104,105,2024030401001819,MEL,44,42,10,228.0,2280.0,Promoter Shares/debenture
105,105,106,2024030401001818,MBJC,47,19,10,326.0,3260.0,Hydro Power
106,106,107,2024030401001817,HDL,47,26,100,1599.0,159900.0,Manufacturing And Processing
107,107,108,2024030404000996,PPCL,29,11,10,273.5,2735.0,Hydro Power
108,108,109,2024030403000515,SADBL,22,58,100,310.0,31000.0,Development Banks
109,109,110,2024030403000514,SADBL,57,58,10,310.0,3100.0,Development Banks
110,110,111,2024030403000513,FMDBL,62,22,10,616.0,6160.0,Microfinance
111,111,112,2024030403000512,MPFL,21,16,51,360.0,18360.0,Finance
112,112,113,2024030401001816,BHL,56,25,10,344.0,3440.0,Hydro Power
113,113,114,2024030404000995,RURU,22,36,127,743.0,94361.0,Hydro Power
114,114,115,2024030404000994,UPCL,57,13,300,224.0,67200.0,Hydro Power
115,115,116,2024030404000993,SHEL,51,14,10,212.1,2121.0,Hydro Power
116,116,117,2024030404000992,AKPL,36,4,200,188.0,37600.0,Hydro Power
117,117,118,2024030404000991,AHPC,48,28,300,193.8,58140.0,Hydro Power
118,118,119,2024030401001815,SRLI,35,48,10,445.2,4452.0,Promoter Shares/debenture
119,119,120,2024030401001814,NRM,53,33,358,375.0,134250.0,Promoter Shares/debenture
120,120,121,2024030401001813,NRM,53,34,142,373.0,52966.0,Promoter Shares/debenture
121,121,122,2024030401001812,NICA,49,56,205,435.0,89175.0,Commercial Banks
122,122,123,2024030401001811,NICA,49,45,85,435.0,36975.0,Commercial Banks
123,123,124,2024030401001810,NICA,49,35,100,434.9,43490.0,Commercial Banks
124,124,125,2024030404000990,HURJA,88,37,1000,307.0,307000.0,Hydro Power
125,125,126,2024030401001809,NIMB,44,45,1690,167.0,282230.0,Promoter Shares/debenture
126,126,127,2024030404000989,SSHL,45,43,715,176.0,125840.0,Hydro Power
127,127,128,2024030401001808,TSHL,22,42,10,506.1,5061.0,Promoter Shares/debenture
128,128,129,2024030401001807,GCIL,4,71,400,525.0,210000.0,Promoter Shares/debenture
129,129,130,2024030404000988,HPPL,42,64,50,288.0,14400.0,Hydro Power
130,130,131,2024030405000429,HRL,56,94,182,622.5,113295.0,Promoter Shares/debenture
131,131,132,2024030405000428,HRL,49,94,10,630.0,6300.0,Promoter Shares/debenture
132,132,133,2024030405000427,HRL,34,94,100,630.0,63000.0,Promoter Shares/debenture
133,133,134,2024030405000426,HRL,50,94,100,630.2,63020.0,Promoter Shares/debenture
134,134,135,2024030405000425,HRL,26,94,50,635.0,31750.0,Promoter Shares/debenture
135,135,136,2024030405000424,HRL,46,94,114,635.0,72390.0,Promoter Shares/debenture
136,136,137,2024030405000423,HRL,13,94,20,638.0,12760.0,Promoter Shares/debenture
137,137,138,2024030405000422,HRL,51,94,25,638.0,15950.0,Promoter Shares/debenture
138,138,139,2024030405000421,HRL,59,94,500,640.0,320000.0,Promoter Shares/debenture
139,139,140,2024030405000420,HRL,47,94,300,640.0,192000.0,Promoter Shares/debenture
140,140,141,2024030405000419,HRL,18,94,500,640.0,320000.0,Promoter Shares/debenture
141,141,142,2024030405000418,HRL,34,94,230,640.0,147200.0,Promoter Shares/debenture
142,142,143,2024030405000417,HRL,57,94,469,640.0,300160.0,Promoter Shares/debenture
143,143,144,2024030405000416,HRL,14,94,400,645.0,258000.0,Promoter Shares/debenture
144,144,145,2024030404000987,GLH,32,40,100,228.0,22800.0,Hydro Power
145,145,146,2024030401001806,TSHL,22,77,10,506.1,5061.0,Promoter Shares/debenture
146,146,147,2024030401001805,NWCL,37,19,10,800.0,8000.0,Promoter Shares/debenture
147,147,148,2024030403000511,KSBBL,34,34,993,364.7,362147.1,Development Banks
148,148,149,2024030403000510,KSBBL,34,5,161,364.7,58716.7,Development Banks
149,149,150,2024030403000509,KSBBL,34,49,250,364.7,91175.0,Development Banks
150,150,151,2024030403000508,KSBBL,34,22,300,364.7,109410.0,Development Banks
151,151,152,2024030403000507,KSBBL,34,89,1000,364.7,364700.0,Development Banks
152,152,153,2024030403000506,KSBBL,34,29,50,364.7,18235.0,Development Banks
153,153,154,2024030403000505,KSBBL,34,84,1000,364.0,364000.0,Development Banks
154,154,155,2024030403000504,KSBBL,34,28,200,364.0,72800.0,Development Banks
155,155,156,2024030403000503,KSBBL,34,48,400,358.0,143200.0,Development Banks
156,156,157,2024030403000502,KSBBL,34,33,1600,357.0,571200.0,Development Banks
157,157,158,2024030403000501,KSBBL,34,32,1862,356.9,664547.8,Development Banks
158,158,159,2024030404000986,UPPER,45,34,1000,214.2,214200.0,Hydro Power
159,159,160,2024030404000985,UPPER,39,34,50,214.2,10710.0,Hydro Power
160,160,161,2024030405000415,HRL,14,38,100,645.0,64500.0,Promoter Shares/debenture
161,161,162,2024030403000500,MFIL,35,55,1400,508.0,711200.0,Finance
162,162,163,2024030403000499,MFIL,42,55,300,517.0,155100.0,Finance
163,163,164,2024030405000414,HRL,14,47,500,645.0,322500.0,Promoter Shares/debenture
164,164,165,2024030401001804,ANLB,64,71,10,1989.2,19892.0,Promoter Shares/debenture
165,165,166,2024030401001803,RNLI,58,41,132,455.5,60126.0,Promoter Shares/debenture
166,166,167,2024030401001802,RNLI,58,22,60,455.5,27330.0,Promoter Shares/debenture
167,167,168,2024030401001801,RNLI,58,14,170,455.2,77384.0,Promoter Shares/debenture
168,168,169,2024030401001800,RNLI,58,59,118,455.0,53690.0,Promoter Shares/debenture
169,169,170,2024030401001799,RNLI,58,43,10,450.0,4500.0,Promoter Shares/debenture
170,170,171,2024030401001798,RNLI,58,38,10,447.7,4477.0,Promoter Shares/debenture
171,171,172,2024030401001797,NWCL,71,58,230,789.0,181470.0,Promoter Shares/debenture
172,172,173,2024030401001796,NWCL,46,58,70,789.4,55258.0,Promoter Shares/debenture
173,173,174,2024030401001795,PCBL,58,39,100,195.9,19590.0,Commercial Banks
174,174,175,2024030403000498,JBBL,21,32,685,304.9,208856.5,Development Banks
175,175,176,2024030403000497,LICN,11,58,10,1352.5,13525.0,Life Insurance
176,176,177,2024030401001794,PHCL,21,55,60,319.9,19194.0,Hydro Power
177,177,178,2024030401001793,LSL,58,42,200,169.0,33800.0,Promoter Shares/debenture
178,178,179,2024030401001792,HATHY,44,58,100,890.0,89000.0,Promoter Shares/debenture
179,179,180,2024030401001791,HATHY,58,58,20,890.0,17800.0,Promoter Shares/debenture
180,180,181,2024030401001790,HATHY,55,58,100,891.0,89100.0,Promoter Shares/debenture
181,181,182,2024030401001789,BGWT,70,65,10,599.0,5990.0,Promoter Shares/debenture
182,182,183,2024030401001788,CLI,58,56,12,445.0,5340.0,Promoter Shares/debenture
183,183,184,2024030401001787,CLI,58,56,100,445.0,44500.0,Promoter Shares/debenture
184,184,185,2024030404000984,SPIL,57,35,67,769.0,51523.0,Promoter Shares/debenture
185,185,186,2024030404000983,SPIL,57,39,10,768.9,7689.0,Promoter Shares/debenture
186,186,187,2024030404000982,SPIL,57,52,50,765.0,38250.0,Promoter Shares/debenture
187,187,188,2024030404000981,MEN,10,37,500,629.0,314500.0,Hydro Power
188,188,189,2024030404000980,MEN,10,37,250,629.0,157250.0,Hydro Power
189,189,190,2024030405000413,NIFRA,57,14,100,216.2,21620.0,Investment
190,190,191,2024030401001786,USHL,36,5,10,488.0,4880.0,Promoter Shares/debenture
191,191,192,2024030404000979,HDHPC,32,44,30,150.0,4500.0,Hydro Power
192,192,193,2024030404000978,NHPC,39,17,100,166.1,16610.0,Hydro Power
193,193,194,2024030401001785,SPL,59,45,10,674.8,6748.0,Promoter Shares/debenture
194,194,195,2024030405000412,CHDC,71,22,159,990.0,157410.0,Investment
195,195,196,2024030405000411,CHDC,71,50,341,989.9,337555.9,Investment
196,196,197,2024030404000977,BPCL,41,45,100,329.0,32900.0,Hydro Power
197,197,198,2024030404000976,JOSHI,41,71,500,384.4,192200.0,Hydro Power
198,198,199,2024030404000975,JOSHI,41,44,190,384.0,72960.0,Hydro Power
199,199,200,2024030404000974,JOSHI,41,58,90,384.0,34560.0,Hydro Power
200,200,201,2024030404000973,JOSHI,41,62,10,384.0,3840.0,Hydro Power
201,201,202,2024030404000972,JOSHI,41,57,500,383.0,191500.0,Hydro Power
202,202,203,2024030404000971,JOSHI,41,19,100,377.4,37740.0,Hydro Power
203,203,204,2024030404000970,JOSHI,41,59,1000,377.1,377100.0,Hydro Power
204,204,205,2024030404000969,JOSHI,41,7,100,377.1,37710.0,Hydro Power
205,205,206,2024030404000968,JOSHI,41,37,200,377.0,75400.0,Hydro Power
206,206,207,2024030404000967,JOSHI,41,62,10,377.0,3770.0,Hydro Power
207,207,208,2024030404000966,JOSHI,41,26,300,377.0,113100.0,Hydro Power
208,208,209,2024030404000965,JOSHI,41,43,500,376.8,188400.0,Hydro Power
209,209,210,2024030404000964,JOSHI,41,26,106,376.0,39856.0,Hydro Power
210,210,211,2024030403000496,HLI,44,67,300,402.0,120600.0,Promoter Shares/debenture
211,211,212,2024030403000495,GBLBS,88,43,10,551.4,5514.0,Microfinance
212,212,213,2024030401001784,KDL,4,28,95,789.0,74955.0,Promoter Shares/debenture
213,213,214,2024030404000963,IGI,5,6,100,559.0,55900.0,Non Life Insurance
214,214,215,2024030403000494,NLBBL,51,34,10,525.3,5253.0,Microfinance
215,215,216,2024030403000493,ALICL,8,32,170,575.0,97750.0,Life Insurance
216,216,217,2024030404000962,SHPC,70,42,36,358.0,12888.0,Hydro Power
217,217,218,2024030404000961,SHPC,29,42,60,358.0,21480.0,Hydro Power
218,218,219,2024030404000960,SHPC,41,42,300,359.0,107700.0,Hydro Power
219,219,220,2024030404000959,SHPC,28,42,605,361.0,218405.0,Hydro Power
220,220,221,2024030401001783,NIMB,13,45,300,167.0,50100.0,Promoter Shares/debenture
221,221,222,2024030401001782,NICA,21,35,100,434.9,43490.0,Commercial Banks
222,222,223,2024030403000492,HLI,7,67,100,402.0,40200.0,Promoter Shares/debenture
223,223,224,2024030404000958,KPCL,50,38,10,418.2,4182.0,Hydro Power
224,224,225,2024030404000957,KPCL,50,11,10,418.2,4182.0,Hydro Power
225,225,226,2024030404000956,KPCL,50,50,20,418.2,8364.0,Hydro Power
226,226,227,2024030403000491,SHINE,19,4,345,390.0,134550.0,Development Banks
227,227,228,2024030403000490,SHINE,19,34,36,389.0,14004.0,Development Banks
228,228,229,2024030401001781,TSHL,22,60,10,505.0,5050.0,Promoter Shares/debenture
229,229,230,2024030401001780,MEHL,58,43,1500,312.4,468600.0,Promoter Shares/debenture
230,230,231,2024030404000955,AHPC,65,28,836,193.8,162016.8,Hydro Power
231,231,232,2024030404000954,AHPC,65,28,164,193.0,31652.0,Hydro Power
232,232,233,2024030403000489,HLI,36,67,50,402.0,20100.0,Promoter Shares/debenture
233,233,234,2024030401001779,HDL,51,26,27,1599.0,43173.0,Manufacturing And Processing
234,234,235,2024030404000953,UMHL,39,21,200,275.0,55000.0,Hydro Power
235,235,236,2024030404000952,UMHL,39,3,100,275.0,27500.0,Hydro Power
236,236,237,2024030404000951,UMHL,39,48,200,274.9,54980.0,Hydro Power
237,237,238,2024030401001778,USHEC,26,32,10,369.0,3690.0,Hydro Power
238,238,239,2024030403000488,JBBL,57,32,300,305.0,91500.0,Development Banks
239,239,240,2024030403000487,JBBL,44,32,20,306.0,6120.0,Development Banks
240,240,241,2024030403000486,JBBL,25,32,1111,306.0,339966.0,Development Banks
241,241,242,2024030404000950,UMRH,53,44,260,380.0,98800.0,Hydro Power
242,242,243,2024030401001777,SONA,41,49,245,485.0,118825.0,Promoter Shares/debenture
243,243,244,2024030401001776,SONA,58,49,913,488.0,445544.0,Promoter Shares/debenture
244,244,245,2024030401001775,SONA,14,49,222,488.0,108336.0,Promoter Shares/debenture
245,245,246,2024030401001774,SONA,35,49,180,488.0,87840.0,Promoter Shares/debenture
246,246,247,2024030401001773,SONA,62,49,400,488.0,195200.0,Promoter Shares/debenture
247,247,248,2024030401001772,SONA,53,49,200,488.4,97680.0,Promoter Shares/debenture
248,248,249,2024030401001771,SONA,26,49,500,489.0,244500.0,Promoter Shares/debenture
249,249,250,2024030401001770,SONA,1,49,940,489.0,459660.0,Promoter Shares/debenture
250,250,251,2024030404000949,NGPL,49,58,200,318.8,63760.0,Hydro Power
251,251,252,2024030401001769,MEL,44,47,20,229.0,4580.0,Promoter Shares/debenture
252,252,253,2024030404000948,API,47,44,300,193.3,57990.0,Hydro Power
253,253,254,2024030404000947,PPCL,45,32,10,273.5,2735.0,Hydro Power
254,254,255,2024030404000946,PPCL,45,19,90,273.3,24597.0,Hydro Power
255,255,256,2024030401001768,AHL,66,46,10,463.4,4634.0,Promoter Shares/debenture
256,256,257,2024030404000945,HPPL,28,64,1500,288.0,432000.0,Hydro Power
257,257,258,2024030401001767,HATHY,35,71,10,892.0,8920.0,Promoter Shares/debenture
258,258,259,2024030401001766,NABIL,35,41,100,458.2,45820.0,Commercial Banks
259,259,260,2024030404000944,NGPL,46,34,20,318.0,6360.0,Hydro Power
260,260,261,2024030404000943,UPCL,29,13,400,224.0,89600.0,Hydro Power
261,261,262,2024030404000942,UPCL,29,33,50,224.0,11200.0,Hydro Power
262,262,263,2024030404000941,UPCL,29,42,50,224.0,11200.0,Hydro Power
263,263,264,2024030404000940,UNHPL,26,26,500,259.5,129750.0,Hydro Power
264,264,265,2024030404000939,SICL,16,42,10,696.6,6966.0,Non Life Insurance
265,265,266,2024030401001765,PHCL,38,55,100,319.9,31990.0,Hydro Power
266,266,267,2024030403000485,SINDU,21,51,500,331.0,165500.0,Development Banks
267,267,268,2024030403000484,SINDU,21,84,500,330.1,165050.0,Development Banks
268,268,269,2024030404000938,RIDI,7,50,400,199.1,79640.0,Hydro Power
269,269,270,2024030403000483,FMDBL,42,22,90,616.0,55440.0,Microfinance
270,270,271,2024030401001764,HDL,57,70,10,1580.0,15800.0,Manufacturing And Processing
271,271,272,2024030405000410,HRL,6,43,90,646.0,58140.0,Promoter Shares/debenture
272,272,273,2024030405000409,HRL,6,16,900,645.0,580500.0,Promoter Shares/debenture
273,273,274,2024030405000408,HRL,6,6,10,644.0,6440.0,Promoter Shares/debenture
274,274,275,2024030401001763,NICA,6,35,100,434.9,43490.0,Commercial Banks
275,275,276,2024030404000937,SHPC,6,50,100,364.0,36400.0,Hydro Power
276,276,277,2024030404000936,AHPC,36,28,200,193.0,38600.0,Hydro Power
277,277,278,2024030404000935,AHPC,74,28,500,193.0,96500.0,Hydro Power
278,278,279,2024030403000482,CORBL,71,69,10,432.5,4325.0,Development Banks
279,279,280,2024030401001762,MBL,41,49,20,186.1,3722.0,Commercial Banks
280,280,281,2024030404000934,JOSHI,16,26,1894,376.0,712144.0,Hydro Power
281,281,282,2024030404000933,JOSHI,16,55,36,369.0,13284.0,Hydro Power
282,282,283,2024030404000932,JOSHI,16,6,70,369.0,25830.0,Hydro Power
283,283,284,2024030405000407,NRN,45,89,190,568.0,107920.0,Investment
284,284,285,2024030405000406,NRN,45,39,300,567.9,170370.0,Investment
285,285,286,2024030405000405,NRN,45,89,500,567.0,283500.0,Investment
286,286,287,2024030405000404,NRN,45,50,10,567.0,5670.0,Investment
287,287,288,2024030401001761,UHEWA,63,39,10,360.0,3600.0,Hydro Power
288,288,289,2024030404000931,AKPL,59,4,15,188.0,2820.0,Hydro Power
289,289,290,2024030404000930,API,47,40,1000,193.3,193300.0,Hydro Power
290,290,291,2024030401001760,SHIVM,82,65,1395,510.0,711450.0,Manufacturing And Processing
291,291,292,2024030401001759,SHIVM,82,62,270,509.9,137673.0,Manufacturing And Processing
292,292,293,2024030401001758,SHIVM,82,6,45,508.0,22860.0,Manufacturing And Processing
293,293,294,2024030401001757,SHIVM,82,65,290,508.0,147320.0,Manufacturing And Processing
294,294,295,2024030401001756,VLUCL,37,32,200,571.0,114200.0,Promoter Shares/debenture
295,295,296,2024030401001755,VLUCL,37,47,100,570.0,57000.0,Promoter Shares/debenture
296,296,297,2024030401001754,SONA,55,43,40,492.0,19680.0,Promoter Shares/debenture
297,297,298,2024030404000929,GHL,28,34,1000,158.7,158700.0,Hydro Power
298,298,299,2024030401001753,CYCL,42,16,10,1279.0,12790.0,Microfinance
299,299,300,2024030403000481,NICLBSL,62,62,10,578.0,5780.0,Microfinance
300,300,301,2024030404000928,DHPL,8,38,10,197.6,1976.0,Hydro Power
301,301,302,2024030401001752,DORDI,77,17,500,501.7,250850.0,Hydro Power
302,302,303,2024030405000403,HRL,57,19,30,640.0,19200.0,Promoter Shares/debenture
303,303,304,2024030401001751,SPHL,55,19,10,475.4,4754.0,Hydro Power
304,304,305,2024030405000402,HRL,26,6,20,644.0,12880.0,Promoter Shares/debenture
305,305,306,2024030401001750,SBL,33,50,10,228.0,2280.0,Commercial Banks
306,306,307,2024030404000927,DHPL,8,14,10,197.6,1976.0,Hydro Power
307,307,308,2024030405000401,NRN,64,14,580,565.0,327700.0,Investment
308,308,309,2024030401001749,SONA,1,39,10,489.0,4890.0,Promoter Shares/debenture
309,309,310,2024030404000926,GHL,28,58,50,158.7,7935.0,Hydro Power
310,310,311,2024030403000480,MPFL,62,16,200,361.0,72200.0,Finance
311,311,312,2024030403000479,MPFL,55,16,53,361.0,19133.0,Finance
312,312,313,2024030401001748,MHCL,88,45,20,528.0,10560.0,Promoter Shares/debenture
313,313,314,2024030405000400,HIDCL,35,41,10,179.1,1791.0,Investment
314,314,315,2024030401001747,NICA,44,45,90,435.0,39150.0,Commercial Banks
315,315,316,2024030401001746,NICA,44,63,10,434.5,4345.0,Commercial Banks
316,316,317,2024030404000925,MEN,45,11,80,626.0,50080.0,Hydro Power
317,317,318,2024030404000924,MEN,55,11,150,627.0,94050.0,Hydro Power
318,318,319,2024030404000923,MEN,14,11,170,627.0,106590.0,Hydro Power
319,319,320,2024030404000922,UNHPL,45,57,10,259.5,2595.0,Hydro Power
320,320,321,2024030404000921,UNHPL,45,63,10,259.5,2595.0,Hydro Power
321,321,322,2024030404000920,API,47,45,2000,193.3,386600.0,Hydro Power
322,322,323,2024030403000478,ALICL,43,32,20,575.0,11500.0,Life Insurance
323,323,324,2024030403000477,ALICL,43,54,80,574.0,45920.0,Life Insurance
324,324,325,2024030404000919,AKPL,4,4,200,188.0,37600.0,Hydro Power
325,325,326,2024030401001745,HATHY,73,51,400,900.0,360000.0,Promoter Shares/debenture
326,326,327,2024030401001744,SONA,1,37,50,489.0,24450.0,Promoter Shares/debenture
327,327,328,2024030401001743,SONA,7,37,950,490.0,465500.0,Promoter Shares/debenture
328,328,329,2024030401001742,SPC,34,50,100,620.0,62000.0,Hydro Power
329,329,330,2024030404000918,SHPC,28,47,200,361.0,72200.0,Hydro Power
330,330,331,2024030404000917,CGH,62,35,100,860.5,86050.0,Hotels And Tourism
331,331,332,2024030404000916,AHPC,32,42,130,192.7,25051.0,Hydro Power
332,332,333,2024030403000476,GBBL,32,13,127,378.0,48006.0,Development Banks
333,333,334,2024030403000475,GBBL,42,13,10,379.0,3790.0,Development Banks
334,334,335,2024030403000474,GBBL,50,13,288,379.4,109267.2,Development Banks
335,335,336,2024030404000915,UPPER,39,7,50,214.2,10710.0,Hydro Power
336,336,337,2024030401001741,BHDC,50,47,10,461.7,4617.0,Hydro Power
337,337,338,2024030401001740,BHDC,50,75,10,455.0,4550.0,Hydro Power
338,338,339,2024030401001739,SBL,50,50,10,227.0,2270.0,Commercial Banks
339,339,340,2024030404000914,HDHPC,22,44,2000,150.0,300000.0,Hydro Power
340,340,341,2024030401001738,CZBIL,85,91,1000,169.9,169900.0,Commercial Banks
341,341,342,2024030401001737,PCBL,19,39,150,195.9,29385.0,Commercial Banks
342,342,343,2024030404000913,UPCL,71,42,500,224.0,112000.0,Hydro Power
343,343,344,2024030401001736,SPHL,55,49,10,475.4,4754.0,Hydro Power
344,344,345,2024030401001735,SONA,32,71,500,493.0,246500.0,Promoter Shares/debenture
345,345,346,2024030404000912,AKPL,46,4,750,188.0,141000.0,Hydro Power
346,346,347,2024030401001734,MHCL,28,45,205,528.0,108240.0,Promoter Shares/debenture
347,347,348,2024030401001733,MHCL,28,25,795,527.0,418965.0,Promoter Shares/debenture
348,348,349,2024030401001732,NBL,35,59,1015,230.0,233450.0,Commercial Banks
349,349,350,2024030401001731,NBL,35,47,485,227.4,110289.0,Commercial Banks
350,350,351,2024030401001730,RAWA,29,1,10,478.5,4785.0,Promoter Shares/debenture
351,351,352,2024030401001729,MLBS,29,16,10,702.7,7027.0,Microfinance
352,352,353,2024030404000911,NGPL,26,58,85,318.8,27098.0,Hydro Power
353,353,354,2024030401001728,SONA,7,42,50,490.0,24500.0,Promoter Shares/debenture
354,354,355,2024030403000473,SJLIC,1,34,330,472.2,155826.0,Promoter Shares/debenture
355,355,356,2024030403000472,SJLIC,34,34,150,472.2,70830.0,Promoter Shares/debenture
356,356,357,2024030403000471,SJLIC,52,34,20,475.0,9500.0,Promoter Shares/debenture
357,357,358,2024030403000470,SINDU,57,21,500,329.4,164700.0,Development Banks
358,358,359,2024030404000910,NHPC,42,44,703,166.0,116698.0,Hydro Power
359,359,360,2024030401001727,MEHL,7,20,200,312.0,62400.0,Promoter Shares/debenture
360,360,361,2024030401001726,MEHL,7,34,50,312.0,15600.0,Promoter Shares/debenture
361,361,362,2024030401001725,MEHL,7,17,250,311.0,77750.0,Promoter Shares/debenture
362,362,363,2024030401001724,IHL,3,3,300,362.0,108600.0,Promoter Shares/debenture
363,363,364,2024030401001723,IHL,3,3,700,362.4,253680.0,Promoter Shares/debenture
364,364,365,2024030405000399,HRL,26,3,10,644.0,6440.0,Promoter Shares/debenture
365,365,366,2024030404000909,HDHPC,19,44,2000,150.0,300000.0,Hydro Power
366,366,367,2024030401001722,NICA,20,3,200,433.1,86620.0,Commercial Banks
367,367,368,2024030404000908,HDHPC,14,44,100,150.0,15000.0,Hydro Power
368,368,369,2024030405000398,NIFRA,51,14,280,216.2,60536.0,Investment
369,369,370,2024030405000397,NIFRA,51,65,20,216.0,4320.0,Investment
370,370,371,2024030404000907,HDHPC,48,44,200,150.0,30000.0,Hydro Power
371,371,372,2024030401001721,CKHL,58,43,252,643.0,162036.0,Promoter Shares/debenture
372,372,373,2024030404000906,AHPC,58,28,70,193.0,13510.0,Hydro Power
373,373,374,2024030405000396,HIDCL,56,44,10,175.6,1756.0,Investment
374,374,375,2024030404000905,JOSHI,45,6,10,369.0,3690.0,Hydro Power
375,375,376,2024030403000469,GFCL,46,41,300,445.0,133500.0,Finance
376,376,377,2024030403000468,GMFBS,25,43,490,873.7,428113.0,Microfinance
377,377,378,2024030401001720,NBL,4,47,515,227.4,117111.0,Commercial Banks
378,378,379,2024030401001719,NBL,4,17,485,226.9,110046.5,Commercial Banks
379,379,380,2024030401001718,DORDI,77,72,120,501.0,60120.0,Hydro Power
380,380,381,2024030401001717,DORDI,77,25,200,501.0,100200.0,Hydro Power
381,381,382,2024030401001716,DORDI,77,25,390,501.0,195390.0,Hydro Power
382,382,383,2024030401001715,DORDI,77,17,30,501.0,15030.0,Hydro Power
383,383,384,2024030401001714,DORDI,77,59,200,501.0,100200.0,Hydro Power
384,384,385,2024030401001713,DORDI,77,45,100,501.0,50100.0,Hydro Power
385,385,386,2024030401001712,DORDI,77,49,30,501.0,15030.0,Hydro Power
386,386,387,2024030401001711,DORDI,77,38,1000,500.0,500000.0,Hydro Power
387,387,388,2024030401001710,DORDI,77,53,500,500.0,250000.0,Hydro Power
388,388,389,2024030401001709,DORDI,77,51,10,500.0,5000.0,Hydro Power
389,389,390,2024030401001708,DORDI,77,55,115,500.0,57500.0,Hydro Power
390,390,391,2024030401001707,DORDI,77,1,10,499.0,4990.0,Hydro Power
391,391,392,2024030401001706,DORDI,77,6,100,492.0,49200.0,Hydro Power
392,392,393,2024030401001705,DORDI,77,10,620,492.0,305040.0,Hydro Power
393,393,394,2024030401001704,DORDI,77,85,1000,491.9,491900.0,Hydro Power
394,394,395,2024030403000467,HLI,22,67,100,403.0,40300.0,Promoter Shares/debenture
395,395,396,2024030403000466,HLI,21,67,200,406.9,81380.0,Promoter Shares/debenture
396,396,397,2024030405000395,NIFRA,28,65,100,216.0,21600.0,Investment
397,397,398,2024030404000904,AHPC,28,28,50,193.0,9650.0,Hydro Power
398,398,399,2024030401001703,PCBL,35,39,250,195.9,48975.0,Commercial Banks
399,399,400,2024030404000903,API,47,50,100,193.3,19330.0,Hydro Power
400,400,401,2024030404000902,API,47,87,300,193.3,57990.0,Hydro Power
401,401,402,2024030401001702,VLUCL,29,32,10,571.0,5710.0,Promoter Shares/debenture
402,402,403,2024030404000901,SGIC,62,7,110,527.0,57970.0,Promoter Shares/debenture
403,403,404,2024030404000900,SGIC,62,57,200,527.0,105400.0,Promoter Shares/debenture
404,404,405,2024030404000899,SGIC,62,41,90,527.0,47430.0,Promoter Shares/debenture
405,405,406,2024030401001701,RFPL,62,65,1890,350.8,663012.0,Hydro Power
406,406,407,2024030401001700,RFPL,62,84,100,350.8,35080.0,Hydro Power
407,407,408,2024030401001699,RFPL,62,43,50,350.8,17540.0,Hydro Power
408,408,409,2024030401001698,RFPL,62,52,460,350.8,161368.0,Hydro Power
409,409,410,2024030403000465,PROFL,42,65,10,325.0,3250.0,Finance
410,410,411,2024030403000464,GBBL,50,74,512,379.4,194252.8,Development Banks
411,411,412,2024030401001697,HATHY,57,34,10,890.0,8900.0,Promoter Shares/debenture
412,412,413,2024030403000463,CBBL,22,65,25,841.5,21037.5,Microfinance
413,413,414,2024030401001696,MANDU,84,65,4000,693.0,2772000.0,Promoter Shares/debenture
414,414,415,2024030403000462,PMLI,74,8,80,530.6,42448.0,Promoter Shares/debenture
415,415,416,2024030403000461,PMLI,74,7,20,520.2,10404.0,Promoter Shares/debenture
416,416,417,2024030401001695,GCIL,48,71,90,525.0,47250.0,Promoter Shares/debenture
417,417,418,2024030401001694,GCIL,48,22,10,525.0,5250.0,Promoter Shares/debenture
418,418,419,2024030401001693,MHCL,88,25,200,527.0,105400.0,Promoter Shares/debenture
419,419,420,2024030401001692,MBL,41,34,80,186.1,14888.0,Commercial Banks
420,420,421,2024030405000394,NIFRA,41,65,100,216.0,21600.0,Investment
421,421,422,2024030401001691,MEHL,59,34,1220,312.0,380640.0,Promoter Shares/debenture
422,422,423,2024030401001690,MEHL,59,22,50,312.0,15600.0,Promoter Shares/debenture
423,423,424,2024030401001689,MEHL,59,47,1000,312.0,312000.0,Promoter Shares/debenture
424,424,425,2024030401001688,MEHL,59,48,150,312.0,46800.0,Promoter Shares/debenture
425,425,426,2024030401001687,MEHL,59,45,100,311.9,31190.0,Promoter Shares/debenture
426,426,427,2024030401001686,MEHL,59,7,1400,311.9,436660.0,Promoter Shares/debenture
427,427,428,2024030401001685,MEHL,59,47,80,311.8,24944.0,Promoter Shares/debenture
428,428,429,2024030401001684,MEHL,59,37,100,311.0,31100.0,Promoter Shares/debenture
429,429,430,2024030405000393,HRL,26,58,10,644.0,6440.0,Promoter Shares/debenture
430,430,431,2024030403000460,NFS,32,58,922,356.4,328600.8,Finance
431,431,432,2024030403000459,NFS,45,58,150,358.0,53700.0,Finance
432,432,433,2024030404000898,NGPL,46,58,563,318.0,179034.0,Hydro Power
433,433,434,2024030404000897,NGPL,32,58,100,318.0,31800.0,Hydro Power
434,434,435,2024030404000896,NGPL,55,58,200,318.0,63600.0,Hydro Power
435,435,436,2024030404000895,NGPL,8,58,137,318.0,43566.0,Hydro Power
436,436,437,2024030404000894,AKPL,58,4,30,188.0,5640.0,Hydro Power
437,437,438,2024030404000893,AKPL,34,4,500,188.0,94000.0,Hydro Power
438,438,439,2024030404000892,AKPL,51,4,200,188.0,37600.0,Hydro Power
439,439,440,2024030404000891,AKPL,49,4,500,188.0,94000.0,Hydro Power
440,440,441,2024030404000890,AKPL,34,4,200,188.0,37600.0,Hydro Power
441,441,442,2024030404000889,AKPL,48,4,500,188.0,94000.0,Hydro Power
442,442,443,2024030404000888,AKPL,57,4,400,188.0,75200.0,Hydro Power
443,443,444,2024030404000887,AKPL,62,4,1625,188.0,305500.0,Hydro Power
444,444,445,2024030401001683,SMJC,32,68,200,396.0,79200.0,Promoter Shares/debenture
445,445,446,2024030401001682,TAMOR,55,64,10,403.9,4039.0,Promoter Shares/debenture
446,446,447,2024030401001681,TAMOR,55,88,10,403.9,4039.0,Promoter Shares/debenture
447,447,448,2024030401001680,SPC,64,50,200,620.0,124000.0,Hydro Power
448,448,449,2024030403000458,MERO,25,6,10,538.5,5385.0,Microfinance
449,449,450,2024030405000392,BBC,17,19,10,4080.0,40800.0,Tradings
450,450,451,2024030401001679,SMHL,17,76,1000,480.0,480000.0,Promoter Shares/debenture
451,451,452,2024030405000391,HRL,26,57,10,644.0,6440.0,Promoter Shares/debenture
452,452,453,2024030404000886,PMHPL,34,46,10,254.0,2540.0,Hydro Power
453,453,454,2024030401001678,RNLI,10,34,160,446.9,71504.0,Promoter Shares/debenture
454,454,455,2024030401001677,CLI,38,58,11,450.0,4950.0,Promoter Shares/debenture
455,455,456,2024030401001676,BNT,38,55,10,16344.4,163444.0,Manufacturing And Processing
456,456,457,2024030401001675,BNT,38,85,20,16344.0,326880.0,Manufacturing And Processing
457,457,458,2024030401001674,BNT,38,54,20,16343.0,326860.0,Manufacturing And Processing
458,458,459,2024030401001673,BNT,38,3,10,16340.0,163400.0,Manufacturing And Processing
459,459,460,2024030401001672,BNT,38,17,10,16299.0,162990.0,Manufacturing And Processing
460,460,461,2024030401001671,BNT,38,19,10,16200.0,162000.0,Manufacturing And Processing
461,461,462,2024030401001670,BNT,38,28,20,16090.0,321800.0,Manufacturing And Processing
462,462,463,2024030404000885,HPPL,39,64,500,288.0,144000.0,Hydro Power
463,463,464,2024030404000884,HPPL,39,64,440,288.0,126720.0,Hydro Power
464,464,465,2024030404000883,HPPL,39,45,60,288.0,17280.0,Hydro Power
465,465,466,2024030401001669,SONA,71,71,150,493.0,73950.0,Promoter Shares/debenture
466,466,467,2024030403000457,NLIC,72,52,10,624.0,6240.0,Life Insurance
467,467,468,2024030405000390,NRN,72,50,300,567.0,170100.0,Investment
468,468,469,2024030401001668,MKJC,34,49,100,502.1,50210.0,Hydro Power
469,469,470,2024030404000882,UPCL,32,42,900,224.0,201600.0,Hydro Power
470,470,471,2024030404000881,UPCL,32,45,200,223.9,44780.0,Hydro Power
471,471,472,2024030404000880,UPCL,32,85,1000,223.8,223800.0,Hydro Power
472,472,473,2024030404000879,UPCL,32,28,100,223.7,22370.0,Hydro Power
473,473,474,2024030403000456,NADEP,32,51,10,518.0,5180.0,Microfinance
474,474,475,2024030401001667,MCHL,32,57,150,347.7,52155.0,Promoter Shares/debenture
475,475,476,2024030401001666,MCHL,32,45,299,347.0,103753.0,Promoter Shares/debenture
476,476,477,2024030401001665,MCHL,32,53,490,345.0,169050.0,Promoter Shares/debenture
477,477,478,2024030401001664,SAHAS,41,45,10,558.0,5580.0,Hydro Power
478,478,479,2024030403000455,PROFL,11,65,50,325.0,16250.0,Finance
479,479,480,2024030401001663,SANIMA,62,45,10,244.0,2440.0,Commercial Banks
480,480,481,2024030403000454,ALICL,54,4,67,570.0,38190.0,Life Insurance
481,481,482,2024030403000453,ALICL,46,4,200,571.0,114200.0,Life Insurance
482,482,483,2024030404000878,SHPC,28,60,9205,361.0,3323005.0,Hydro Power
483,483,484,2024030404000877,UPCL,35,28,200,223.7,44740.0,Hydro Power
484,484,485,2024030401001662,ULHC,58,26,10,339.1,3391.0,Promoter Shares/debenture
485,485,486,2024030401001661,ULHC,58,34,90,339.1,30519.0,Promoter Shares/debenture
486,486,487,2024030405000389,NIFRA,58,65,500,216.0,108000.0,Investment
487,487,488,2024030404000876,NGPL,49,58,100,318.8,31880.0,Hydro Power
488,488,489,2024030404000875,NGPL,52,58,3000,318.8,956400.0,Hydro Power
489,489,490,2024030404000874,NGPL,17,58,100,318.8,31880.0,Hydro Power
490,490,491,2024030404000873,NGPL,56,58,50,318.8,15940.0,Hydro Power
491,491,492,2024030404000872,NGPL,25,58,300,318.8,95640.0,Hydro Power
492,492,493,2024030404000871,NGPL,48,58,500,318.8,159400.0,Hydro Power
493,493,494,2024030404000870,NGPL,26,58,1000,318.8,318800.0,Hydro Power
494,494,495,2024030404000869,NGPL,47,58,1000,318.8,318800.0,Hydro Power
495,495,496,2024030404000868,NGPL,1,58,60,318.8,19128.0,Hydro Power
496,496,497,2024030401001660,DOLTI,8,43,80,384.7,30776.0,Promoter Shares/debenture
497,497,498,2024030404000867,AKPL,26,44,20,191.4,3828.0,Hydro Power
498,498,499,2024030404000866,AKPL,26,91,10,190.9,1909.0,Hydro Power
499,499,500,2024030401001659,DLBS,62,62,10,826.0,8260.0,Microfinance
500,500,501,2024030401001658,RFPL,62,52,40,350.8,14032.0,Hydro Power
501,501,502,2024030401001657,RFPL,62,6,10,350.5,3505.0,Hydro Power
502,502,503,2024030403000452,NUBL,62,62,10,617.0,6170.0,Microfinance
503,503,504,2024030401001656,NIMB,49,13,200,166.9,33380.0,Promoter Shares/debenture
504,504,505,2024030404000865,AHPC,42,28,500,193.0,96500.0,Hydro Power
505,505,506,2024030401001655,SONA,25,71,500,493.0,246500.0,Promoter Shares/debenture
506,506,507,2024030401001654,SONA,22,71,990,493.0,488070.0,Promoter Shares/debenture
507,507,508,2024030401001653,SONA,22,32,500,492.9,246450.0,Promoter Shares/debenture
508,508,509,2024030401001652,SONA,22,56,500,492.6,246300.0,Promoter Shares/debenture
509,509,510,2024030401001651,SONA,22,43,10,492.0,4920.0,Promoter Shares/debenture
510,510,511,2024030404000864,KPCL,48,6,10,418.2,4182.0,Hydro Power
511,511,512,2024030404000863,PRIN,72,34,10,799.0,7990.0,Non Life Insurance
512,512,513,2024030404000862,SSHL,45,34,220,176.0,38720.0,Hydro Power
513,513,514,2024030404000861,AHPC,32,28,100,193.0,19300.0,Hydro Power
514,514,515,2024030401001650,NWCL,1,32,10,803.1,8031.0,Promoter Shares/debenture
515,515,516,2024030401001649,MAKAR,36,77,10,391.6,3916.0,Promoter Shares/debenture
516,516,517,2024030405000388,NRN,32,5,1006,560.0,563360.0,Investment
517,517,518,2024030405000387,NRN,58,5,794,560.0,444640.0,Investment
518,518,519,2024030405000386,NRN,16,5,200,564.0,112800.0,Investment
519,519,520,2024030404000860,API,44,55,27,193.0,5211.0,Hydro Power
520,520,521,2024030404000859,API,39,55,473,193.3,91430.9,Hydro Power
521,521,522,2024030401001648,MEL,13,74,1000,229.5,229500.0,Promoter Shares/debenture
522,522,523,2024030404000858,NHPC,42,44,855,166.0,141930.0,Hydro Power
523,523,524,2024030404000857,NHPC,42,8,445,166.0,73870.0,Hydro Power
524,524,525,2024030401001647,SPC,28,50,50,620.0,31000.0,Hydro Power
525,525,526,2024030405000385,NTC,58,7,10,879.0,8790.0,Others
526,526,527,2024030401001646,PHCL,17,33,300,320.0,96000.0,Hydro Power
527,527,528,2024030401001645,HIDCLP,17,51,1000,104.0,104000.0,Promoter Shares/debenture
528,528,529,2024030401001644,HIDCLP,17,58,1899,102.4,194457.6,Promoter Shares/debenture
529,529,530,2024030401001643,MHCL,25,25,20,527.0,10540.0,Promoter Shares/debenture
530,530,531,2024030404000856,HDHPC,85,44,300,150.0,45000.0,Hydro Power
531,531,532,2024030404000855,HDHPC,85,55,100,149.9,14990.0,Hydro Power
532,532,533,2024030401001642,PRVU,22,16,10,151.9,1519.0,Commercial Banks
533,533,534,2024030404000854,API,39,56,27,193.3,5219.1,Hydro Power
534,534,535,2024030404000853,API,53,56,100,193.3,19330.0,Hydro Power
535,535,536,2024030404000852,API,44,56,1000,193.3,193300.0,Hydro Power
536,536,537,2024030401001641,IHL,71,57,10,368.5,3685.0,Promoter Shares/debenture
537,537,538,2024030404000851,UPPER,45,48,190,214.0,40660.0,Hydro Power
538,538,539,2024030404000850,UPPER,50,48,100,214.2,21420.0,Hydro Power
539,539,540,2024030404000849,UPPER,17,48,10,214.2,2142.0,Hydro Power
540,540,541,2024030401001640,PHCL,38,33,680,320.0,217600.0,Hydro Power
541,541,542,2024030401001639,USHEC,26,38,10,369.0,3690.0,Hydro Power
542,542,543,2024030401001638,RNLI,16,48,50,446.0,22300.0,Promoter Shares/debenture
543,543,544,2024030401001637,NRM,53,34,358,373.0,133534.0,Promoter Shares/debenture
544,544,545,2024030401001636,NRM,53,39,642,372.4,239080.8,Promoter Shares/debenture
545,545,546,2024030401001635,GCIL,44,61,85,518.0,44030.0,Promoter Shares/debenture
546,546,547,2024030403000451,NLICL,44,32,200,582.6,116520.0,Life Insurance
547,547,548,2024030403000450,GUFL,8,95,140,624.0,87360.0,Finance
548,548,549,2024030404000848,SSHL,45,45,55,176.0,9680.0,Hydro Power
549,549,550,2024030404000847,SSHL,10,45,30,176.0,5280.0,Hydro Power
550,550,551,2024030401001634,KBL,4,34,160,150.0,24000.0,Promoter Shares/debenture
551,551,552,2024030401001633,KBL,4,59,340,149.9,50966.0,Promoter Shares/debenture
552,552,553,2024030404000846,UMRH,1,35,122,374.0,45628.0,Hydro Power
553,553,554,2024030404000845,UMRH,58,35,500,374.0,187000.0,Hydro Power
554,554,555,2024030404000844,UMRH,61,35,378,374.0,141372.0,Hydro Power
555,555,556,2024030405000384,HRL,26,77,240,648.0,155520.0,Promoter Shares/debenture
556,556,557,2024030405000383,HRL,26,68,500,647.0,323500.0,Promoter Shares/debenture
557,557,558,2024030405000382,HRL,26,59,30,646.9,19407.0,Promoter Shares/debenture
558,558,559,2024030405000381,HRL,26,58,30,646.0,19380.0,Promoter Shares/debenture
559,559,560,2024030404000843,NHPC,26,8,60,166.0,9960.0,Hydro Power
560,560,561,2024030401001632,NICA,62,63,10,434.5,4345.0,Commercial Banks
561,561,562,2024030404000842,SGIC,13,41,110,527.0,57970.0,Promoter Shares/debenture
562,562,563,2024030404000841,SGIC,13,62,440,526.0,231440.0,Promoter Shares/debenture
563,563,564,2024030404000840,SGIC,13,19,190,526.0,99940.0,Promoter Shares/debenture
564,564,565,2024030404000839,SGIC,13,84,260,525.0,136500.0,Promoter Shares/debenture
565,565,566,2024030403000449,GILB,42,8,48,839.0,40272.0,Microfinance
566,566,567,2024030403000448,ALICL,22,32,60,575.0,34500.0,Life Insurance
567,567,568,2024030405000380,NRN,65,50,500,567.0,283500.0,Investment
568,568,569,2024030404000838,KPCL,14,38,10,418.2,4182.0,Hydro Power
569,569,570,2024030403000447,PROFL,14,65,500,325.0,162500.0,Finance
570,570,571,2024030404000837,SHL,57,37,300,457.0,137100.0,Hotels And Tourism
571,571,572,2024030404000836,SHL,57,11,100,455.0,45500.0,Hotels And Tourism
572,572,573,2024030403000446,MNBBL,57,49,10,357.8,3578.0,Development Banks
573,573,574,2024030405000379,NTC,19,81,155,880.0,136400.0,Others
574,574,575,2024030401001631,SNLI,45,39,10,608.0,6080.0,Promoter Shares/debenture
575,575,576,2024030401001630,RFPL,39,6,30,350.5,10515.0,Hydro Power
576,576,577,2024030401001629,MCHL,39,53,500,341.0,170500.0,Promoter Shares/debenture
577,577,578,2024030401001628,PPL,38,17,100,344.0,34400.0,Hydro Power
578,578,579,2024030404000835,SHPC,39,60,30,361.0,10830.0,Hydro Power
579,579,580,2024030401001627,NIMBPO,32,55,200,136.1,27220.0,Promoter Shares/debenture
580,580,581,2024030401001626,CYCL,1,16,20,1279.0,25580.0,Microfinance
581,581,582,2024030401001625,MMKJL,95,53,70,437.0,30590.0,Promoter Shares/debenture
582,582,583,2024030401001624,MMKJL,95,14,10,429.4,4294.0,Promoter Shares/debenture
583,583,584,2024030401001623,MMKJL,95,29,10,429.4,4294.0,Promoter Shares/debenture
584,584,585,2024030401001622,MMKJL,95,52,20,429.0,8580.0,Promoter Shares/debenture
585,585,586,2024030401001621,MMKJL,95,43,390,429.0,167310.0,Promoter Shares/debenture
586,586,587,2024030401001620,CLI,45,58,50,453.0,22650.0,Promoter Shares/debenture
587,587,588,2024030401001619,CLI,57,58,500,453.9,226950.0,Promoter Shares/debenture
588,588,589,2024030401001618,CLI,42,58,140,453.9,63546.0,Promoter Shares/debenture
589,589,590,2024030401001617,CLI,1,58,360,454.0,163440.0,Promoter Shares/debenture
590,590,591,2024030404000834,HDHPC,35,44,40,150.0,6000.0,Hydro Power
591,591,592,2024030405000378,NRIC,40,35,10,790.0,7900.0,Others
592,592,593,2024030404000833,GLH,35,57,100,228.4,22840.0,Hydro Power
593,593,594,2024030401001616,MHCL,8,25,50,527.0,26350.0,Promoter Shares/debenture
594,594,595,2024030401001615,MSHL,28,64,10,627.0,6270.0,Promoter Shares/debenture
595,595,596,2024030403000445,NFS,69,69,100,363.5,36350.0,Finance
596,596,597,2024030403000444,NFS,69,52,1100,363.0,399300.0,Finance
597,597,598,2024030401001614,CYCL,21,61,10,1279.0,12790.0,Microfinance
598,598,599,2024030401001613,CYCL,21,62,10,1279.0,12790.0,Microfinance
599,599,600,2024030401001612,NRM,53,42,10,371.6,3716.0,Promoter Shares/debenture
600,600,601,2024030404000832,HPPL,57,34,130,290.0,37700.0,Hydro Power
601,601,602,2024030404000831,HPPL,57,39,250,289.0,72250.0,Hydro Power
602,602,603,2024030404000830,HPPL,57,39,120,289.0,34680.0,Hydro Power
603,603,604,2024030404000829,SALICO,44,36,10,663.0,6630.0,Promoter Shares/debenture
604,604,605,2024030401001611,MEL,45,74,106,229.5,24327.0,Promoter Shares/debenture
605,605,606,2024030404000828,AKPL,48,44,416,191.4,79622.4,Hydro Power
606,606,607,2024030404000827,AKPL,48,8,284,191.4,54357.6,Hydro Power
607,607,608,2024030404000826,AKPL,48,11,300,191.3,57390.0,Hydro Power
608,608,609,2024030403000443,GRDBL,37,71,10,363.0,3630.0,Development Banks
609,609,610,2024030404000825,HPPL,39,39,500,289.0,144500.0,Hydro Power
610,610,611,2024030404000824,AKJCL,25,71,450,217.0,97650.0,Hydro Power
611,611,612,2024030404000823,AKJCL,57,71,100,220.0,22000.0,Hydro Power
612,612,613,2024030404000822,AKJCL,39,71,400,228.0,91200.0,Hydro Power
613,613,614,2024030404000821,AKJCL,77,71,10,228.8,2288.0,Hydro Power
614,614,615,2024030404000820,AKJCL,17,71,40,229.0,9160.0,Hydro Power
615,615,616,2024030401001610,TPC,88,17,10,559.9,5599.0,Hydro Power
616,616,617,2024030401001609,TPC,88,3,20,559.9,11198.0,Hydro Power
617,617,618,2024030401001608,TPC,88,37,50,559.5,27975.0,Hydro Power
618,618,619,2024030401001607,TPC,88,48,10,558.0,5580.0,Hydro Power
619,619,620,2024030401001606,TPC,88,11,100,558.0,55800.0,Hydro Power
620,620,621,2024030401001605,SBI,42,44,20,291.3,5826.0,Commercial Banks
621,621,622,2024030401001604,SHIVM,32,65,500,508.0,254000.0,Manufacturing And Processing
622,622,623,2024030401001603,SCB,66,8,100,525.0,52500.0,Commercial Banks
623,623,624,2024030401001602,TSHL,18,45,10,496.2,4962.0,Promoter Shares/debenture
624,624,625,2024030401001601,SONA,41,76,152,485.0,73720.0,Promoter Shares/debenture
625,625,626,2024030401001600,SONA,35,76,1000,488.0,488000.0,Promoter Shares/debenture
626,626,627,2024030401001599,SONA,49,76,278,488.0,135664.0,Promoter Shares/debenture
627,627,628,2024030401001598,SONA,16,76,570,490.0,279300.0,Promoter Shares/debenture
628,628,629,2024030403000442,SINDU,57,28,100,329.4,32940.0,Development Banks
629,629,630,2024030401001597,SBI,42,5,10,291.3,2913.0,Commercial Banks
630,630,631,2024030401001596,SBI,58,5,10,291.3,2913.0,Commercial Banks
631,631,632,2024030404000819,JOSHI,38,28,10,362.5,3625.0,Hydro Power
632,632,633,2024030404000818,GLH,55,57,100,228.4,22840.0,Hydro Power
633,633,634,2024030404000817,TRH,58,49,50,778.2,38910.0,Hotels And Tourism
634,634,635,2024030404000816,TRH,58,68,240,778.0,186720.0,Hotels And Tourism
635,635,636,2024030403000441,GBBL,42,29,90,379.0,34110.0,Development Banks
636,636,637,2024030403000440,PROFL,52,65,620,325.0,201500.0,Finance
637,637,638,2024030401001595,SONA,16,58,40,490.0,19600.0,Promoter Shares/debenture
638,638,639,2024030403000439,HLI,50,52,602,402.0,242004.0,Promoter Shares/debenture
639,639,640,2024030403000438,HLI,69,52,390,409.0,159510.0,Promoter Shares/debenture
640,640,641,2024030405000377,STC,10,13,30,5200.0,156000.0,Trading
641,641,642,2024030403000437,GMFBS,25,58,10,873.7,8737.0,Microfinance
642,642,643,2024030404000815,LEC,14,50,10,189.8,1898.0,Hydro Power
643,643,644,2024030401001594,UHEWA,42,34,10,353.0,3530.0,Hydro Power
644,644,645,2024030401001593,KBSH,42,28,10,971.2,9712.0,Promoter Shares/debenture
645,645,646,2024030401001592,TSHL,18,42,10,496.2,4962.0,Promoter Shares/debenture
646,646,647,2024030401001591,SAMAJ,17,49,10,1723.8,17238.0,Promoter Shares/debenture
647,647,648,2024030404000814,UAIL,61,62,10,551.8,5518.0,Promoter Shares/debenture
648,648,649,2024030401001590,NABIL,13,56,890,450.0,400500.0,Commercial Banks
649,649,650,2024030401001589,NABIL,56,56,10,450.0,4500.0,Commercial Banks
650,650,651,2024030401001588,PHCL,65,33,80,320.0,25600.0,Hydro Power
651,651,652,2024030401001587,HDL,14,4,10,1588.0,15880.0,Manufacturing And Processing
652,652,653,2024030401001586,PCBL,57,39,40,195.9,7836.0,Commercial Banks
653,653,654,2024030401001585,PPL,57,49,210,345.0,72450.0,Hydro Power
654,654,655,2024030401001584,PPL,57,26,90,345.0,31050.0,Hydro Power
655,655,656,2024030404000813,TRH,57,68,10,778.0,7780.0,Hotels And Tourism
656,656,657,2024030401001583,HDL,57,45,56,1580.0,88480.0,Manufacturing And Processing
657,657,658,2024030404000812,AHPC,74,28,600,193.0,115800.0,Hydro Power
658,658,659,2024030401001582,NIMB,74,45,10,167.0,1670.0,Promoter Shares/debenture
659,659,660,2024030401001581,SHIVM,33,65,10,508.0,5080.0,Manufacturing And Processing
660,660,661,2024030401001580,SHIVM,33,32,700,507.0,354900.0,Manufacturing And Processing
661,661,662,2024030401001579,SHIVM,33,45,790,504.0,398160.0,Manufacturing And Processing
662,662,663,2024030401001578,NRM,71,39,200,372.4,74480.0,Promoter Shares/debenture
663,663,664,2024030404000811,PPCL,34,19,10,273.3,2733.0,Hydro Power
664,664,665,2024030401001577,MBL,34,34,10,186.1,1861.0,Commercial Banks
665,665,666,2024030401001576,SONA,16,11,500,490.0,245000.0,Promoter Shares/debenture
666,666,667,2024030401001575,SONA,16,44,50,490.0,24500.0,Promoter Shares/debenture
667,667,668,2024030401001574,SONA,16,52,500,490.0,245000.0,Promoter Shares/debenture
668,668,669,2024030401001573,SONA,16,62,100,490.0,49000.0,Promoter Shares/debenture
669,669,670,2024030401001572,SONA,16,14,30,490.0,14700.0,Promoter Shares/debenture
670,670,671,2024030401001571,SONA,16,53,10,489.7,4897.0,Promoter Shares/debenture
671,671,672,2024030401001570,SONA,16,41,200,489.7,97940.0,Promoter Shares/debenture
672,672,673,2024030401001569,SNLI,45,84,10,608.0,6080.0,Promoter Shares/debenture
673,673,674,2024030404000810,HPPL,16,39,1100,289.0,317900.0,Hydro Power
674,674,675,2024030404000809,GHL,28,49,757,158.7,120135.9,Hydro Power
675,675,676,2024030404000808,GHL,38,49,125,158.7,19837.5,Hydro Power
676,676,677,2024030404000807,GHL,58,49,2000,158.7,317400.0,Hydro Power
677,677,678,2024030404000806,GHL,35,49,118,158.7,18726.6,Hydro Power
678,678,679,2024030405000376,HIDCL,56,53,10,175.6,1756.0,Investment
679,679,680,2024030405000375,CIT,43,22,100,2181.0,218100.0,Investment
680,680,681,2024030403000436,GILB,46,58,26,825.0,21450.0,Microfinance
681,681,682,2024030401001568,NICA,20,32,200,433.1,86620.0,Commercial Banks
682,682,683,2024030404000805,GHL,35,28,32,158.7,5078.4,Hydro Power
683,683,684,2024030404000804,GHL,74,28,58,158.7,9204.6,Hydro Power
684,684,685,2024030404000803,AKJCL,58,40,50,232.0,11600.0,Hydro Power
685,685,686,2024030404000802,LEC,14,29,10,189.8,1898.0,Hydro Power
686,686,687,2024030403000435,FMDBL,42,62,10,616.0,6160.0,Microfinance
687,687,688,2024030404000801,NHPC,26,8,400,166.0,66400.0,Hydro Power
688,688,689,2024030401001567,RFPL,7,62,560,350.0,196000.0,Hydro Power
689,689,690,2024030401001566,MAKAR,36,62,10,391.6,3916.0,Promoter Shares/debenture
690,690,691,2024030405000374,NRN,58,7,413,560.0,231280.0,Investment
691,691,692,2024030401001565,SMJC,21,6,1180,401.0,473180.0,Promoter Shares/debenture
692,692,693,2024030401001564,SMJC,21,59,1670,401.0,669670.0,Promoter Shares/debenture
693,693,694,2024030401001563,SMJC,21,48,150,400.0,60000.0,Promoter Shares/debenture
694,694,695,2024030401001562,TSHL,18,14,10,496.0,4960.0,Promoter Shares/debenture
695,695,696,2024030404000800,TRH,50,68,10,778.0,7780.0,Hotels And Tourism
696,696,697,2024030404000799,HDHPC,18,44,2000,150.0,300000.0,Hydro Power
697,697,698,2024030404000798,AKJCL,50,34,100,232.6,23260.0,Hydro Power
698,698,699,2024030403000434,JBBL,25,7,990,306.0,302940.0,Development Banks
699,699,700,2024030403000433,JBBL,25,54,1899,306.0,581094.0,Development Banks
700,700,701,2024030404000797,JOSHI,38,42,100,362.5,36250.0,Hydro Power
701,701,702,2024030401001561,RFPL,65,62,440,350.0,154000.0,Hydro Power
702,702,703,2024030401001560,RFPL,65,41,50,350.0,17500.0,Hydro Power
703,703,704,2024030401001559,RFPL,65,53,2000,350.0,700000.0,Hydro Power
704,704,705,2024030401001558,RFPL,65,62,10,350.0,3500.0,Hydro Power
705,705,706,2024030401001557,TVCL,65,49,170,563.0,95710.0,Promoter Shares/debenture
706,706,707,2024030401001556,MAKAR,36,50,10,391.6,3916.0,Promoter Shares/debenture
707,707,708,2024030401001555,MAKAR,36,52,10,391.0,3910.0,Promoter Shares/debenture
708,708,709,2024030401001554,SONA,57,3,196,489.6,95961.6,Promoter Shares/debenture
709,709,710,2024030401001553,SONA,57,49,10,489.0,4890.0,Promoter Shares/debenture
710,710,711,2024030401001552,SONA,57,6,10,489.0,4890.0,Promoter Shares/debenture
711,711,712,2024030401001551,SONA,57,74,100,489.0,48900.0,Promoter Shares/debenture
712,712,713,2024030401001550,SONA,57,36,500,489.0,244500.0,Promoter Shares/debenture
713,713,714,2024030401001549,SONA,57,35,200,489.0,97800.0,Promoter Shares/debenture
714,714,715,2024030401001548,SONA,57,33,984,489.0,481176.0,Promoter Shares/debenture
715,715,716,2024030401001547,SONA,57,33,16,489.0,7824.0,Promoter Shares/debenture
716,716,717,2024030401001546,SONA,57,47,500,489.0,244500.0,Promoter Shares/debenture
717,717,718,2024030401001545,SONA,57,19,484,489.0,236676.0,Promoter Shares/debenture
718,718,719,2024030401001544,SONA,57,33,1000,488.4,488400.0,Promoter Shares/debenture
719,719,720,2024030401001543,HATHY,57,57,90,890.0,80100.0,Promoter Shares/debenture
720,720,721,2024030404000796,HDHPC,19,44,50,150.0,7500.0,Hydro Power
721,721,722,2024030401001542,BEDC,84,42,10,361.3,3613.0,Promoter Shares/debenture
722,722,723,2024030404000795,PMHPL,34,46,10,254.0,2540.0,Hydro Power
723,723,724,2024030401001541,SAMAJ,16,16,10,1723.8,17238.0,Promoter Shares/debenture
724,724,725,2024030404000794,GHL,74,41,300,158.7,47610.0,Hydro Power
725,725,726,2024030401001540,SMHL,59,76,10,480.0,4800.0,Promoter Shares/debenture
726,726,727,2024030401001539,SMHL,76,19,350,479.8,167930.0,Promoter Shares/debenture
727,727,728,2024030401001538,NABIL,35,36,24,458.3,10999.2,Commercial Banks
728,728,729,2024030401001537,VLUCL,37,32,90,571.0,51390.0,Promoter Shares/debenture
729,729,730,2024030401001536,VLUCL,37,21,10,565.0,5650.0,Promoter Shares/debenture
730,730,731,2024030404000793,SGIC,29,84,740,525.0,388500.0,Promoter Shares/debenture
731,731,732,2024030404000792,SGIC,29,44,60,524.9,31494.0,Promoter Shares/debenture
732,732,733,2024030404000791,SGIC,29,3,200,524.0,104800.0,Promoter Shares/debenture
733,733,734,2024030401001535,SMJC,62,48,900,400.0,360000.0,Promoter Shares/debenture
734,734,735,2024030401001534,SMJC,62,6,1000,400.0,400000.0,Promoter Shares/debenture
735,735,736,2024030401001533,SMJC,62,94,3100,396.0,1227600.0,Promoter Shares/debenture
736,736,737,2024030401001532,PPL,26,26,15,345.0,5175.0,Hydro Power
737,737,738,2024030401001531,USHEC,26,13,10,369.0,3690.0,Hydro Power
738,738,739,2024030404000790,AHPC,26,28,80,193.0,15440.0,Hydro Power
739,739,740,2024030405000373,NRIC,42,50,200,793.0,158600.0,Others
740,740,741,2024030401001530,NRM,53,42,500,371.6,185800.0,Promoter Shares/debenture
741,741,742,2024030403000432,CBBL,42,65,165,841.5,138847.5,Microfinance
742,742,743,2024030401001529,HATHY,57,57,10,890.0,8900.0,Promoter Shares/debenture
743,743,744,2024030404000789,AHPC,57,28,600,193.0,115800.0,Hydro Power
744,744,745,2024030404000788,AKJCL,16,34,100,232.6,23260.0,Hydro Power
745,745,746,2024030401001528,HIDCLP,17,58,101,102.4,10342.4,Promoter Shares/debenture
746,746,747,2024030401001527,HIDCLP,17,44,1000,102.3,102300.0,Promoter Shares/debenture
747,747,748,2024030401001526,HIDCLP,17,55,4899,102.0,499698.0,Promoter Shares/debenture
748,748,749,2024030404000787,KKHC,17,34,10,247.1,2471.0,Hydro Power
749,749,750,2024030404000786,KKHC,17,7,10,247.1,2471.0,Hydro Power
750,750,751,2024030404000785,NLG,16,11,100,750.0,75000.0,Non Life Insurance
751,751,752,2024030403000431,SMB,49,42,50,975.0,48750.0,Microfinance
752,752,753,2024030403000430,EDBL,41,43,10,348.0,3480.0,Development Banks
753,753,754,2024030403000429,KSBBL,32,33,200,357.0,71400.0,Development Banks
754,754,755,2024030401001525,SONA,41,19,1220,485.0,591700.0,Promoter Shares/debenture
755,755,756,2024030401001524,SONA,19,19,200,488.0,97600.0,Promoter Shares/debenture
756,756,757,2024030401001523,SONA,55,19,580,488.0,283040.0,Promoter Shares/debenture
757,757,758,2024030403000428,HLBSL,32,42,100,583.0,58300.0,Promoter Shares/debenture
758,758,759,2024030405000372,STC,10,94,10,5200.0,52000.0,Trading
759,759,760,2024030401001522,KBL,5,34,220,150.0,33000.0,Promoter Shares/debenture
760,760,761,2024030401001521,HDL,5,45,30,1580.0,47400.0,Manufacturing And Processing
761,761,762,2024030401001520,SONA,55,35,10,488.0,4880.0,Promoter Shares/debenture
762,762,763,2024030401001519,KDL,50,47,10,788.1,7881.0,Promoter Shares/debenture
763,763,764,2024030401001518,CKHL,64,43,265,643.0,170395.0,Promoter Shares/debenture
764,764,765,2024030401001517,CKHL,64,10,200,642.0,128400.0,Promoter Shares/debenture
765,765,766,2024030403000427,SINDU,40,42,765,325.3,248854.5,Development Banks
766,766,767,2024030404000784,TRH,62,68,50,778.0,38900.0,Hotels And Tourism
767,767,768,2024030401001516,SRLI,35,7,80,445.2,35616.0,Promoter Shares/debenture
768,768,769,2024030401001515,SRLI,35,7,10,454.1,4541.0,Promoter Shares/debenture
769,769,770,2024030403000426,NUBL,26,62,10,605.0,6050.0,Microfinance
770,770,771,2024030403000425,HLI,69,21,10,409.0,4090.0,Promoter Shares/debenture
771,771,772,2024030403000424,HLI,69,41,900,409.0,368100.0,Promoter Shares/debenture
772,772,773,2024030403000423,HLI,69,45,700,406.9,284830.0,Promoter Shares/debenture
773,773,774,2024030403000422,JBBL,21,54,840,306.0,257040.0,Development Banks
774,774,775,2024030403000421,JBBL,21,48,100,306.0,30600.0,Development Banks
775,775,776,2024030403000420,JBBL,21,4,60,305.0,18300.0,Development Banks
776,776,777,2024030404000783,NHPC,13,8,95,166.0,15770.0,Hydro Power
777,777,778,2024030404000782,NHPC,13,40,855,166.0,141930.0,Hydro Power
778,778,779,2024030404000781,NHPC,13,16,850,166.0,141100.0,Hydro Power
779,779,780,2024030404000780,NHPC,13,44,300,165.9,49770.0,Hydro Power
780,780,781,2024030405000371,HRL,57,26,65,640.0,41600.0,Promoter Shares/debenture
781,781,782,2024030401001514,AHL,19,60,10,455.6,4556.0,Promoter Shares/debenture
782,782,783,2024030401001513,MBJC,35,18,100,321.0,32100.0,Hydro Power
783,783,784,2024030401001512,MHCL,6,45,50,528.0,26400.0,Promoter Shares/debenture
784,784,785,2024030404000779,SHL,6,37,275,457.0,125675.0,Hotels And Tourism
785,785,786,2024030404000778,SHL,6,25,100,457.0,45700.0,Hotels And Tourism
786,786,787,2024030404000777,SHL,6,55,150,457.0,68550.0,Hotels And Tourism
787,787,788,2024030404000776,SHL,6,14,475,456.9,217027.5,Hotels And Tourism
788,788,789,2024030404000775,SGIC,42,84,1065,517.0,550605.0,Promoter Shares/debenture
789,789,790,2024030404000774,BARUN,42,21,590,262.0,154580.0,Hydro Power
790,790,791,2024030401001511,BHPL,69,14,10,521.8,5218.0,Hydro Power
791,791,792,2024030404000773,HDHPC,57,44,973,150.0,145950.0,Hydro Power
792,792,793,2024030404000772,HDHPC,57,49,1640,148.0,242720.0,Hydro Power
793,793,794,2024030401001510,BEDC,57,42,1490,361.3,538337.0,Promoter Shares/debenture
794,794,795,2024030401001509,BEDC,57,57,10,361.0,3610.0,Promoter Shares/debenture
795,795,796,2024030403000419,SINDU,48,65,1650,324.0,534600.0,Development Banks
796,796,797,2024030404000771,GHL,74,56,642,158.7,101885.4,Hydro Power
797,797,798,2024030401001508,MBL,44,34,10,186.1,1861.0,Commercial Banks
798,798,799,2024030403000418,ALICL,17,32,300,575.0,172500.0,Life Insurance
799,799,800,2024030403000417,ALICL,17,62,200,575.0,115000.0,Life Insurance
800,800,801,2024030404000770,NLG,44,58,10,754.0,7540.0,Non Life Insurance
801,801,802,2024030403000416,PFL,57,63,10,373.4,3734.0,Finance
802,802,803,2024030404000769,SPDL,53,67,10,257.2,2572.0,Hydro Power
803,803,804,2024030404000768,SHPC,1,60,500,361.0,180500.0,Hydro Power
804,804,805,2024030401001507,CLI,1,74,60,453.9,27234.0,Promoter Shares/debenture
805,805,806,2024030401001506,PPL,46,26,155,345.0,53475.0,Hydro Power
806,806,807,2024030404000767,AKJCL,45,34,100,232.0,23200.0,Hydro Power
807,807,808,2024030404000766,AKJCL,42,34,300,232.0,69600.0,Hydro Power
808,808,809,2024030404000765,AKJCL,35,34,500,232.0,116000.0,Hydro Power
809,809,810,2024030404000764,AKJCL,41,34,100,232.0,23200.0,Hydro Power
810,810,811,2024030403000415,GBLBS,34,59,10,540.6,5406.0,Microfinance
811,811,812,2024030403000414,USLB,34,57,10,1128.8,11288.0,Microfinance
812,812,813,2024030403000413,USLB,34,25,10,1128.0,11280.0,Microfinance
813,813,814,2024030401001505,SONA,55,4,60,488.0,29280.0,Promoter Shares/debenture
814,814,815,2024030401001504,MKCL,4,90,100,989.0,98900.0,Promoter Shares/debenture
815,815,816,2024030401001503,MKCL,4,33,10,988.0,9880.0,Promoter Shares/debenture
816,816,817,2024030404000763,AHPC,58,28,1500,193.0,289500.0,Hydro Power
817,817,818,2024030404000762,AHPC,33,28,356,193.0,68708.0,Hydro Power
818,818,819,2024030404000761,AHPC,33,28,250,193.8,48450.0,Hydro Power
819,819,820,2024030404000760,AHPC,56,28,30,193.8,5814.0,Hydro Power
820,820,821,2024030405000370,NTC,47,81,10,880.0,8800.0,Others
821,821,822,2024030401001502,MMKJL,29,43,600,429.0,257400.0,Promoter Shares/debenture
822,822,823,2024030404000759,RHPL,62,6,300,289.0,86700.0,Hydro Power
823,823,824,2024030404000758,RHPL,62,42,200,289.0,57800.0,Hydro Power
824,824,825,2024030404000757,AKPL,62,36,225,188.0,42300.0,Hydro Power
825,825,826,2024030404000756,TRH,62,68,100,778.0,77800.0,Hotels And Tourism
826,826,827,2024030401001501,GCIL,21,61,100,518.0,51800.0,Promoter Shares/debenture
827,827,828,2024030401001500,CLI,26,74,440,453.9,199716.0,Promoter Shares/debenture
828,828,829,2024030401001499,CLI,26,57,10,453.9,4539.0,Promoter Shares/debenture
829,829,830,2024030401001498,CLI,26,59,10,453.9,4539.0,Promoter Shares/debenture
830,830,831,2024030401001497,CLI,26,58,10,453.0,4530.0,Promoter Shares/debenture
831,831,832,2024030401001496,CLI,26,58,10,453.0,4530.0,Promoter Shares/debenture
832,832,833,2024030401001495,CLI,26,41,10,452.0,4520.0,Promoter Shares/debenture
833,833,834,2024030401001494,CLI,26,58,10,452.0,4520.0,Promoter Shares/debenture
834,834,835,2024030401001493,CZBIL,26,91,1250,167.4,209250.0,Commercial Banks
835,835,836,2024030401001492,CZBIL,26,16,50,167.4,8370.0,Commercial Banks
836,836,837,2024030401001491,CZBIL,26,34,100,167.0,16700.0,Commercial Banks
837,837,838,2024030403000412,CFCL,26,70,450,345.9,155655.0,Finance
838,838,839,2024030403000411,KSBBL,25,33,200,357.0,71400.0,Development Banks
839,839,840,2024030401001490,SBL,25,50,10,223.6,2236.0,Commercial Banks
840,840,841,2024030401001489,SBL,25,22,10,223.6,2236.0,Commercial Banks
841,841,842,2024030401001488,GCIL,71,61,815,518.0,422170.0,Promoter Shares/debenture
842,842,843,2024030403000410,JBBL,90,4,440,305.0,134200.0,Development Banks
843,843,844,2024030403000409,MFIL,42,26,107,517.0,55319.0,Finance
844,844,845,2024030401001487,LSL,6,14,285,169.0,48165.0,Promoter Shares/debenture
845,845,846,2024030401001486,LSL,6,11,15,168.9,2533.5,Promoter Shares/debenture
846,846,847,2024030404000755,AHPC,56,6,20,193.8,3876.0,Hydro Power
847,847,848,2024030401001485,SHIVM,14,28,40,500.0,20000.0,Manufacturing And Processing
848,848,849,2024030403000408,SADBL,57,16,100,310.0,31000.0,Development Banks
849,849,850,2024030404000754,GLH,57,14,200,228.4,45680.0,Hydro Power
850,850,851,2024030404000753,GLH,57,58,10,225.8,2258.0,Hydro Power
851,851,852,2024030405000369,HRL,57,42,10,640.0,6400.0,Promoter Shares/debenture
852,852,853,2024030405000368,HRL,57,35,10,640.0,6400.0,Promoter Shares/debenture
853,853,854,2024030405000367,HRL,57,21,416,640.0,266240.0,Promoter Shares/debenture
854,854,855,2024030401001484,SNLI,74,38,900,619.9,557910.0,Promoter Shares/debenture
855,855,856,2024030401001483,SNLI,74,11,100,619.0,61900.0,Promoter Shares/debenture
856,856,857,2024030401001482,NABIL,16,36,50,458.3,22915.0,Commercial Banks
857,857,858,2024030404000752,SHPC,44,60,265,361.0,95665.0,Hydro Power
858,858,859,2024030404000751,SHPC,44,45,10,361.0,3610.0,Hydro Power
859,859,860,2024030403000407,PROFL,11,65,50,325.0,16250.0,Finance
860,860,861,2024030401001481,RNLI,43,34,200,446.9,89380.0,Promoter Shares/debenture
861,861,862,2024030401001480,AHL,68,43,10,455.6,4556.0,Promoter Shares/debenture
862,862,863,2024030401001479,MKHC,1,58,70,296.0,20720.0,Promoter Shares/debenture
863,863,864,2024030401001478,VLUCL,19,66,510,554.0,282540.0,Promoter Shares/debenture
864,864,865,2024030401001477,VLUCL,71,66,190,555.0,105450.0,Promoter Shares/debenture
865,865,866,2024030403000406,SHINE,49,34,214,389.0,83246.0,Development Banks
866,866,867,2024030404000750,SPIL,58,35,433,769.0,332977.0,Promoter Shares/debenture
867,867,868,2024030404000749,SPIL,58,45,97,769.0,74593.0,Promoter Shares/debenture
868,868,869,2024030404000748,SPIL,58,35,470,769.0,361430.0,Promoter Shares/debenture
869,869,870,2024030401001476,MHCL,28,45,100,528.0,52800.0,Promoter Shares/debenture
870,870,871,2024030401001475,MHCL,28,35,100,519.1,51910.0,Promoter Shares/debenture
871,871,872,2024030401001474,SONA,55,34,10,488.0,4880.0,Promoter Shares/debenture
872,872,873,2024030401001473,SONA,55,35,20,488.0,9760.0,Promoter Shares/debenture
873,873,874,2024030401001472,SONA,55,19,1320,488.0,644160.0,Promoter Shares/debenture
874,874,875,2024030404000747,SICL,16,55,10,696.6,6966.0,Non Life Insurance
875,875,876,2024030403000405,SINDU,13,65,300,324.0,97200.0,Development Banks
876,876,877,2024030403000404,GILB,21,58,60,825.0,49500.0,Microfinance
877,877,878,2024030403000403,GILB,21,25,10,823.2,8232.0,Microfinance
878,878,879,2024030401001471,PPL,85,26,200,345.0,69000.0,Hydro Power
879,879,880,2024030401001470,GBIME,25,34,10,195.8,1958.0,Promoter Shares/debenture
880,880,881,2024030403000402,SHINE,42,4,100,390.0,39000.0,Development Banks
881,881,882,2024030401001469,BPW,65,22,20,1284.0,25680.0,Promoter Shares/debenture
882,882,883,2024030401001468,HDL,56,45,14,1580.0,22120.0,Manufacturing And Processing
883,883,884,2024030401001467,HDL,56,16,126,1578.9,198941.4,Manufacturing And Processing
884,884,885,2024030401001466,MHCL,56,62,20,519.0,10380.0,Promoter Shares/debenture
885,885,886,2024030401001465,MHCL,56,37,55,519.0,28545.0,Promoter Shares/debenture
886,886,887,2024030401001464,MHCL,56,49,267,519.0,138573.0,Promoter Shares/debenture
887,887,888,2024030404000746,NICL,48,47,80,858.9,68712.0,Non Life Insurance
888,888,889,2024030404000745,NICL,48,49,30,858.0,25740.0,Non Life Insurance
889,889,890,2024030404000744,NICL,48,45,360,855.0,307800.0,Non Life Insurance
890,890,891,2024030404000743,NICL,48,42,10,854.9,8549.0,Non Life Insurance
891,891,892,2024030404000742,NICL,48,46,20,850.0,17000.0,Non Life Insurance
892,892,893,2024030401001463,SCB,48,45,60,520.2,31212.0,Commercial Banks
893,893,894,2024030403000401,CORBL,71,69,10,424.1,4241.0,Development Banks
894,894,895,2024030401001462,RFPL,71,62,990,350.0,346500.0,Hydro Power
895,895,896,2024030401001461,RFPL,71,29,300,350.0,105000.0,Hydro Power
896,896,897,2024030401001460,RFPL,71,58,10,349.0,3490.0,Hydro Power
897,897,898,2024030401001459,RFPL,71,40,10,346.0,3460.0,Hydro Power
898,898,899,2024030401001458,RFPL,71,54,250,344.0,86000.0,Hydro Power
899,899,900,2024030401001457,RFPL,71,65,190,344.0,65360.0,Hydro Power
900,900,901,2024030401001456,RFPL,71,6,10,344.0,3440.0,Hydro Power
901,901,902,2024030401001455,RFPL,71,29,60,344.0,20640.0,Hydro Power
902,902,903,2024030401001454,RFPL,71,7,70,343.0,24010.0,Hydro Power
903,903,904,2024030404000741,RADHI,42,71,520,252.0,131040.0,Hydro Power
904,904,905,2024030404000740,RADHI,25,71,200,253.0,50600.0,Hydro Power
905,905,906,2024030404000739,RADHI,6,71,30,253.1,7593.0,Hydro Power
906,906,907,2024030404000738,NGPL,1,81,300,318.8,95640.0,Hydro Power
907,907,908,2024030405000366,HRL,74,21,550,640.0,352000.0,Promoter Shares/debenture
908,908,909,2024030405000365,HRL,74,8,150,638.0,95700.0,Promoter Shares/debenture
909,909,910,2024030401001453,SMH,84,50,20,700.0,14000.0,Promoter Shares/debenture
910,910,911,2024030401001452,MHCL,17,49,33,519.0,17127.0,Promoter Shares/debenture
911,911,912,2024030401001451,MHCL,17,18,17,519.0,8823.0,Promoter Shares/debenture
912,912,913,2024030404000737,NHPC,53,16,100,166.0,16600.0,Hydro Power
913,913,914,2024030403000400,GMFBS,25,43,500,856.6,428300.0,Microfinance
914,914,915,2024030401001450,GBIME,1,14,50,195.0,9750.0,Promoter Shares/debenture
915,915,916,2024030403000399,MPFL,66,57,200,361.0,72200.0,Finance
916,916,917,2024030405000364,NRN,66,50,190,567.0,107730.0,Investment
917,917,918,2024030405000363,NRN,66,74,50,565.0,28250.0,Investment
918,918,919,2024030405000362,NRN,66,28,200,565.0,113000.0,Investment
919,919,920,2024030405000361,NRN,66,75,1350,565.0,762750.0,Investment
920,920,921,2024030405000360,NRN,66,58,1000,564.0,564000.0,Investment
921,921,922,2024030405000359,NRN,66,34,210,564.0,118440.0,Investment
922,922,923,2024030403000398,PROFL,41,65,500,325.0,162500.0,Finance
923,923,924,2024030404000736,NGPL,1,45,140,318.8,44632.0,Hydro Power
924,924,925,2024030404000735,NGPL,58,45,60,318.8,19128.0,Hydro Power
925,925,926,2024030404000734,SGIC,34,84,500,517.0,258500.0,Promoter Shares/debenture
926,926,927,2024030401001449,TPC,34,11,100,558.0,55800.0,Hydro Power
927,927,928,2024030401001448,TPC,34,32,100,557.9,55790.0,Hydro Power
928,928,929,2024030403000397,GLBSL,34,34,10,915.1,9151.0,Microfinance
929,929,930,2024030403000396,PMLI,35,7,20,520.2,10404.0,Promoter Shares/debenture
930,930,931,2024030401001447,MBJC,35,58,10,321.0,3210.0,Hydro Power
931,931,932,2024030401001446,MBJC,35,10,1000,321.0,321000.0,Hydro Power
932,932,933,2024030401001445,MBJC,35,52,100,320.5,32050.0,Hydro Power
933,933,934,2024030401001444,MBJC,35,10,500,320.5,160250.0,Hydro Power
934,934,935,2024030404000733,API,35,21,100,193.3,19330.0,Hydro Power
935,935,936,2024030404000732,API,35,42,500,193.3,96650.0,Hydro Power
936,936,937,2024030404000731,API,35,49,500,193.3,96650.0,Hydro Power
937,937,938,2024030404000730,API,35,25,1302,193.3,251676.6,Hydro Power
938,938,939,2024030403000395,GUFL,8,25,500,624.0,312000.0,Finance
939,939,940,2024030403000394,NICLBSL,62,62,10,568.0,5680.0,Microfinance
940,940,941,2024030401001443,ULHC,62,11,10,335.0,3350.0,Promoter Shares/debenture
941,941,942,2024030401001442,MEHL,55,21,470,311.0,146170.0,Promoter Shares/debenture
942,942,943,2024030403000393,GUFL,52,25,500,624.0,312000.0,Finance
943,943,944,2024030403000392,SHINE,42,4,18,390.0,7020.0,Development Banks
944,944,945,2024030403000391,SHINE,42,6,12,389.6,4675.2,Development Banks
945,945,946,2024030401001441,GCIL,42,3,74,525.9,38916.6,Promoter Shares/debenture
946,946,947,2024030401001440,GCIL,42,7,112,525.0,58800.0,Promoter Shares/debenture
947,947,948,2024030401001439,GCIL,42,13,150,525.0,78750.0,Promoter Shares/debenture
948,948,949,2024030401001438,GCIL,42,3,100,525.0,52500.0,Promoter Shares/debenture
949,949,950,2024030401001437,GCIL,42,48,100,525.0,52500.0,Promoter Shares/debenture
950,950,951,2024030401001436,GCIL,42,45,394,524.0,206456.0,Promoter Shares/debenture
951,951,952,2024030401001435,GCIL,42,47,10,520.0,5200.0,Promoter Shares/debenture
952,952,953,2024030401001434,SHLB,13,14,10,888.3,8883.0,Microfinance
953,953,954,2024030404000729,AHPC,56,19,150,193.8,29070.0,Hydro Power
954,954,955,2024030404000728,AHPC,56,41,50,193.8,9690.0,Hydro Power
955,955,956,2024030404000727,HPPL,39,39,80,289.0,23120.0,Hydro Power
956,956,957,2024030404000726,HPPL,39,39,1420,289.0,410380.0,Hydro Power
957,957,958,2024030401001433,USHEC,26,38,10,369.0,3690.0,Hydro Power
958,958,959,2024030401001432,SMHL,51,19,60,479.8,28788.0,Promoter Shares/debenture
959,959,960,2024030401001431,SONA,51,19,500,488.0,244000.0,Promoter Shares/debenture
960,960,961,2024030401001430,MHCL,88,18,300,519.0,155700.0,Promoter Shares/debenture
961,961,962,2024030403000390,ALBSL,53,6,10,657.9,6579.0,Microfinance
962,962,963,2024030401001429,SIKLES,95,68,10,491.0,4910.0,Hydro Power
963,963,964,2024030401001428,SIKLES,95,4,10,490.0,4900.0,Hydro Power
964,964,965,2024030405000358,NRN,58,49,83,560.0,46480.0,Investment
965,965,966,2024030405000357,NRN,49,49,1700,561.0,953700.0,Investment
966,966,967,2024030401001427,HATHY,49,51,100,900.0,90000.0,Promoter Shares/debenture
967,967,968,2024030401001426,NWCL,1,1,10,789.4,7894.0,Promoter Shares/debenture
968,968,969,2024030401001425,NWCL,1,35,10,789.0,7890.0,Promoter Shares/debenture
969,969,970,2024030401001424,NWCL,1,65,50,789.0,39450.0,Promoter Shares/debenture
970,970,971,2024030401001423,HDL,59,16,94,1578.9,148416.6,Manufacturing And Processing
971,971,972,2024030403000389,ICFC,45,42,40,501.0,20040.0,Finance
972,972,973,2024030404000725,AKPL,45,36,175,188.0,32900.0,Hydro Power
973,973,974,2024030401001422,NABIL,55,36,50,458.3,22915.0,Commercial Banks
974,974,975,2024030401001421,SANIMA,58,55,150,243.0,36450.0,Commercial Banks
975,975,976,2024030401001420,VLUCL,71,7,10,555.0,5550.0,Promoter Shares/debenture
976,976,977,2024030404000724,AHPC,13,41,250,193.8,48450.0,Hydro Power
977,977,978,2024030404000723,HDHPC,52,49,360,148.0,53280.0,Hydro Power
978,978,979,2024030405000356,NTC,25,81,10,880.0,8800.0,Others
979,979,980,2024030403000388,CBBL,34,65,500,841.5,420750.0,Microfinance
980,980,981,2024030401001419,SHIVM,17,36,458,495.1,226755.8,Manufacturing And Processing
981,981,982,2024030401001418,SHIVM,53,36,42,499.0,20958.0,Manufacturing And Processing
982,982,983,2024030404000722,OHL,89,72,10,757.0,7570.0,Hotels And Tourism
983,983,984,2024030405000355,NIFRA,41,65,180,216.0,38880.0,Investment
984,984,985,2024030405000354,NIFRA,41,7,20,216.0,4320.0,Investment
985,985,986,2024030401001417,HATHY,45,35,20,900.0,18000.0,Promoter Shares/debenture
986,986,987,2024030401001416,HATHY,45,62,328,899.0,294872.0,Promoter Shares/debenture
987,987,988,2024030401001415,HATHY,45,72,94,890.0,83660.0,Promoter Shares/debenture
988,988,989,2024030401001414,SHIVM,45,28,100,500.0,50000.0,Manufacturing And Processing
989,989,990,2024030401001413,SHIVM,34,28,950,500.0,475000.0,Manufacturing And Processing
990,990,991,2024030404000721,AHPC,28,41,50,193.8,9690.0,Hydro Power
991,991,992,2024030405000353,NIFRA,32,7,70,216.0,15120.0,Investment
992,992,993,2024030401001412,SHIVM,29,28,500,500.0,250000.0,Manufacturing And Processing
993,993,994,2024030404000720,AHPC,26,41,150,193.8,29070.0,Hydro Power
994,994,995,2024030404000719,AHPC,26,4,100,193.8,19380.0,Hydro Power
995,995,996,2024030401001411,NICA,20,50,100,433.1,43310.0,Commercial Banks
996,996,997,2024030405000352,HRL,46,22,86,635.0,54610.0,Promoter Shares/debenture
997,997,998,2024030405000351,HRL,26,22,80,636.0,50880.0,Promoter Shares/debenture
998,998,999,2024030401001410,TAMOR,77,50,2000,400.0,800000.0,Promoter Shares/debenture
999,999,1000,2024030404000718,SJCL,58,39,10,281.9,2819.0,Hydro Power
1000,1000,1001,2024030401001409,NABIL,58,36,100,458.3,45830.0,Commercial Banks
1001,1001,1002,2024030401001408,SMJC,52,94,300,396.0,118800.0,Promoter Shares/debenture
1002,1002,1003,2024030401001407,SONA,39,19,200,488.0,97600.0,Promoter Shares/debenture
1003,1003,1004,2024030403000387,NABBC,51,34,10,429.7,4297.0,Development Banks
1004,1004,1005,2024030401001406,BEDC,38,57,10,360.0,3600.0,Promoter Shares/debenture
1005,1005,1006,2024030401001405,SHIVM,44,28,200,500.0,100000.0,Manufacturing And Processing
1006,1006,1007,2024030403000386,SINDU,11,65,500,324.0,162000.0,Development Banks
1007,1007,1008,2024030404000717,JOSHI,86,6,10,369.0,3690.0,Hydro Power
1008,1008,1009,2024030401001404,MEL,86,74,96,226.7,21763.2,Promoter Shares/debenture
1009,1009,1010,2024030401001403,MEL,86,13,10,226.1,2261.0,Promoter Shares/debenture
1010,1010,1011,2024030401001402,SONA,41,34,10,485.0,4850.0,Promoter Shares/debenture
1011,1011,1012,2024030401001401,KBL,55,34,2000,150.0,300000.0,Promoter Shares/debenture
1012,1012,1013,2024030405000350,STC,58,54,10,5207.3,52073.0,Trading
1013,1013,1014,2024030404000716,AKPL,21,36,100,188.0,18800.0,Hydro Power
1014,1014,1015,2024030404000715,BPCL,21,28,80,323.3,25864.0,Hydro Power
1015,1015,1016,2024030404000714,BPCL,21,53,50,323.0,16150.0,Hydro Power
1016,1016,1017,2024030404000713,BPCL,21,35,50,322.0,16100.0,Hydro Power
1017,1017,1018,2024030401001400,RNLI,36,34,140,446.9,62566.0,Promoter Shares/debenture
1018,1018,1019,2024030401001399,RNLI,36,38,10,446.8,4468.0,Promoter Shares/debenture
1019,1019,1020,2024030401001398,PHCL,17,33,110,320.0,35200.0,Hydro Power
1020,1020,1021,2024030401001397,BGWT,38,58,10,587.5,5875.0,Promoter Shares/debenture
1021,1021,1022,2024030401001396,BGWT,38,58,10,587.5,5875.0,Promoter Shares/debenture
1022,1022,1023,2024030403000385,MNBBL,4,43,10,357.0,3570.0,Development Banks
1023,1023,1024,2024030403000384,NLIC,41,47,100,612.0,61200.0,Life Insurance
1024,1024,1025,2024030405000349,NRN,58,34,790,564.0,445560.0,Investment
1025,1025,1026,2024030404000712,HDHPC,57,49,500,148.0,74000.0,Hydro Power
1026,1026,1027,2024030405000348,NRN,58,14,410,564.0,231240.0,Investment
1027,1027,1028,2024030401001395,EBL,58,33,10,524.0,5240.0,Commercial Banks
1028,1028,1029,2024030403000383,FMDBL,26,5,10,604.0,6040.0,Microfinance
1029,1029,1030,2024030401001394,PHCL,16,34,10,322.0,3220.0,Hydro Power
1030,1030,1031,2024030401001393,GCIL,71,46,55,518.0,28490.0,Promoter Shares/debenture
1031,1031,1032,2024030404000711,KKHC,34,41,10,245.0,2450.0,Hydro Power
1032,1032,1033,2024030405000347,CHDC,39,50,159,989.9,157394.1,Investment
1033,1033,1034,2024030403000382,SINDU,52,1,400,323.0,129200.0,Development Banks
1034,1034,1035,2024030401001392,ILI,42,36,100,545.0,54500.0,Promoter Shares/debenture
1035,1035,1036,2024030401001391,ILI,42,53,200,544.0,108800.0,Promoter Shares/debenture
1036,1036,1037,2024030401001390,ILI,42,40,190,540.0,102600.0,Promoter Shares/debenture
1037,1037,1038,2024030401001389,ILI,42,75,10,540.0,5400.0,Promoter Shares/debenture
1038,1038,1039,2024030405000346,HRL,40,8,50,638.0,31900.0,Promoter Shares/debenture
1039,1039,1040,2024030401001388,SGHC,75,71,200,327.0,65400.0,Hydro Power
1040,1040,1041,2024030401001387,SONA,60,19,980,488.0,478240.0,Promoter Shares/debenture
1041,1041,1042,2024030401001386,SONA,60,45,20,488.0,9760.0,Promoter Shares/debenture
1042,1042,1043,2024030401001385,UHEWA,64,64,10,353.0,3530.0,Hydro Power
1043,1043,1044,2024030401001384,NABIL,3,14,9729,458.0,4455882.0,Commercial Banks
1044,1044,1045,2024030405000345,NIFRA,57,34,40,215.0,8600.0,Investment
1045,1045,1046,2024030403000381,ICFC,50,35,260,500.0,130000.0,Finance
1046,1046,1047,2024030404000710,TRH,35,1,100,763.0,76300.0,Hotels And Tourism
1047,1047,1048,2024030401001383,CLI,51,41,10,450.0,4500.0,Promoter Shares/debenture
1048,1048,1049,2024030401001382,CLI,51,3,89,450.0,40050.0,Promoter Shares/debenture
1049,1049,1050,2024030403000380,CBBL,29,65,25,858.0,21450.0,Microfinance
1050,1050,1051,2024030404000709,RADHI,57,56,10,257.0,2570.0,Hydro Power
1051,1051,1052,2024030404000708,RADHI,57,47,10,257.0,2570.0,Hydro Power
1052,1052,1053,2024030404000707,RADHI,57,26,10,256.0,2560.0,Hydro Power
1053,1053,1054,2024030401001381,BHPL,71,14,10,513.0,5130.0,Hydro Power
1054,1054,1055,2024030403000379,PMLI,42,7,10,520.2,5202.0,Promoter Shares/debenture
1055,1055,1056,2024030403000378,SFCL,58,19,10,321.0,3210.0,Finance
1056,1056,1057,2024030404000706,AHPC,53,4,200,193.8,38760.0,Hydro Power
1057,1057,1058,2024030404000705,AHPC,53,4,300,193.8,58140.0,Hydro Power
1058,1058,1059,2024030403000377,HLI,50,74,48,402.0,19296.0,Promoter Shares/debenture
1059,1059,1060,2024030404000704,MEN,14,34,100,627.0,62700.0,Hydro Power
1060,1060,1061,2024030404000703,MEN,34,37,250,629.0,157250.0,Hydro Power
1061,1061,1062,2024030404000702,MEN,34,37,1000,629.0,629000.0,Hydro Power
1062,1062,1063,2024030404000701,MEN,34,37,200,629.0,125800.0,Hydro Power
1063,1063,1064,2024030404000700,MEN,34,57,400,629.0,251600.0,Hydro Power
1064,1064,1065,2024030404000699,MEN,34,34,1000,629.0,629000.0,Hydro Power
1065,1065,1066,2024030404000698,MEN,34,34,150,628.0,94200.0,Hydro Power
1066,1066,1067,2024030404000697,NHDL,57,47,20,433.9,8678.0,Hydro Power
1067,1067,1068,2024030404000696,NHDL,32,47,10,433.9,4339.0,Hydro Power
1068,1068,1069,2024030404000695,CGH,46,35,65,860.0,55900.0,Hotels And Tourism
1069,1069,1070,2024030404000694,CGH,49,35,135,860.0,116100.0,Hotels And Tourism
1070,1070,1071,2024030404000693,UPCL,41,28,200,223.7,44740.0,Hydro Power
1071,1071,1072,2024030404000692,UPCL,41,62,300,223.7,67110.0,Hydro Power
1072,1072,1073,2024030401001380,MEHL,55,41,10,311.0,3110.0,Promoter Shares/debenture
1073,1073,1074,2024030405000344,NIFRA,41,7,60,216.0,12960.0,Investment
1074,1074,1075,2024030405000343,NIFRA,41,52,20,216.0,4320.0,Investment
1075,1075,1076,2024030405000342,NIFRA,41,57,50,216.0,10800.0,Investment
1076,1076,1077,2024030405000341,NIFRA,41,14,870,216.0,187920.0,Investment
1077,1077,1078,2024030404000691,HPPL,39,39,480,289.0,138720.0,Hydro Power
1078,1078,1079,2024030404000690,HPPL,39,68,20,285.6,5712.0,Hydro Power
1079,1079,1080,2024030405000340,NIFRA,57,54,50,215.0,10750.0,Investment
1080,1080,1081,2024030403000376,SFCL,42,19,90,315.0,28350.0,Finance
1081,1081,1082,2024030403000375,SFCL,8,19,10,315.0,3150.0,Finance
1082,1082,1083,2024030404000689,API,36,25,206,193.3,39819.8,Hydro Power
1083,1083,1084,2024030404000688,API,36,58,294,193.3,56830.2,Hydro Power
1084,1084,1085,2024030404000687,MEN,59,34,50,628.0,31400.0,Hydro Power
1085,1085,1086,2024030403000374,SKBBL,84,25,20,837.3,16746.0,Microfinance
1086,1086,1087,2024030401001379,ILI,35,51,10,535.0,5350.0,Promoter Shares/debenture
1087,1087,1088,2024030404000686,HDHPC,88,44,150,150.0,22500.0,Hydro Power
1088,1088,1089,2024030401001378,KBL,62,34,30,150.0,4500.0,Promoter Shares/debenture
1089,1089,1090,2024030401001377,CZBIL,26,34,900,167.0,150300.0,Commercial Banks
1090,1090,1091,2024030401001376,CZBIL,26,13,100,167.0,16700.0,Commercial Banks
1091,1091,1092,2024030403000373,KRBL,85,52,10,371.0,3710.0,Development Banks
1092,1092,1093,2024030401001375,NRM,8,39,10,372.4,3724.0,Promoter Shares/debenture
1093,1093,1094,2024030401001374,NICA,56,63,30,434.5,13035.0,Commercial Banks
1094,1094,1095,2024030403000372,SJLIC,34,34,300,472.2,141660.0,Promoter Shares/debenture
1095,1095,1096,2024030403000371,SJLIC,34,32,50,472.2,23610.0,Promoter Shares/debenture
1096,1096,1097,2024030401001373,KBL,47,34,700,150.0,105000.0,Promoter Shares/debenture
1097,1097,1098,2024030401001372,HDL,41,16,30,1578.9,47367.0,Manufacturing And Processing
1098,1098,1099,2024030401001371,HDL,41,34,20,1578.9,31578.0,Manufacturing And Processing
1099,1099,1100,2024030404000685,GHL,39,56,358,158.7,56814.6,Hydro Power
1100,1100,1101,2024030404000684,GHL,39,42,569,158.7,90300.3,Hydro Power
1101,1101,1102,2024030401001370,SHIVM,18,28,300,500.0,150000.0,Manufacturing And Processing
1102,1102,1103,2024030404000683,AKPL,10,36,200,188.0,37600.0,Hydro Power
1103,1103,1104,2024030404000682,AKPL,56,36,200,190.0,38000.0,Hydro Power
1104,1104,1105,2024030404000681,AKPL,57,36,100,191.0,19100.0,Hydro Power
1105,1105,1106,2024030404000680,API,36,58,500,193.3,96650.0,Hydro Power
1106,1106,1107,2024030401001369,HDL,56,45,10,1578.0,15780.0,Manufacturing And Processing
1107,1107,1108,2024030404000679,AHPC,13,4,200,193.8,38760.0,Hydro Power
1108,1108,1109,2024030401001368,HATHY,16,72,18,890.0,16020.0,Promoter Shares/debenture
1109,1109,1110,2024030401001367,HATHY,16,72,388,890.0,345320.0,Promoter Shares/debenture
1110,1110,1111,2024030401001366,SMJC,57,94,500,396.0,198000.0,Promoter Shares/debenture
1111,1111,1112,2024030401001365,SMJC,7,94,100,397.0,39700.0,Promoter Shares/debenture
1112,1112,1113,2024030403000370,ICFC,50,49,238,500.0,119000.0,Finance
1113,1113,1114,2024030403000369,ICFC,50,34,100,500.0,50000.0,Finance
1114,1114,1115,2024030403000368,ICFC,50,49,200,499.8,99960.0,Finance
1115,1115,1116,2024030403000367,ICFC,50,42,50,499.0,24950.0,Finance
1116,1116,1117,2024030403000366,ICFC,50,26,1500,499.0,748500.0,Finance
1117,1117,1118,2024030401001364,GCIL,71,58,30,518.0,15540.0,Promoter Shares/debenture
1118,1118,1119,2024030405000339,NIFRA,40,14,130,216.0,28080.0,Investment
1119,1119,1120,2024030405000338,NIFRA,40,62,1370,216.0,295920.0,Investment
1120,1120,1121,2024030404000678,UPCL,22,62,90,221.0,19890.0,Hydro Power
1121,1121,1122,2024030404000677,UPCL,45,62,200,221.0,44200.0,Hydro Power
1122,1122,1123,2024030404000676,UPCL,59,62,10,221.0,2210.0,Hydro Power
1123,1123,1124,2024030404000675,UPCL,1,62,10,222.0,2220.0,Hydro Power
1124,1124,1125,2024030404000674,NHPC,14,16,50,166.0,8300.0,Hydro Power
1125,1125,1126,2024030403000365,MMFDB,58,39,10,525.0,5250.0,Microfinance
1126,1126,1127,2024030404000673,API,60,58,50,193.3,9665.0,Hydro Power
1127,1127,1128,2024030405000337,HRL,26,8,20,636.0,12720.0,Promoter Shares/debenture
1128,1128,1129,2024030403000364,HLI,1,45,100,406.9,40690.0,Promoter Shares/debenture
1129,1129,1130,2024030403000363,MDB,58,38,10,395.7,3957.0,Development Banks
1130,1130,1131,2024030401001363,ULHC,18,34,100,332.5,33250.0,Promoter Shares/debenture
1131,1131,1132,2024030401001362,ULHC,5,37,300,335.0,100500.0,Promoter Shares/debenture
1132,1132,1133,2024030403000362,FMDBL,42,5,40,604.2,24168.0,Microfinance
1133,1133,1134,2024030401001361,NBL,45,17,400,226.9,90760.0,Commercial Banks
1134,1134,1135,2024030404000672,API,45,58,500,193.3,96650.0,Hydro Power
1135,1135,1136,2024030401001360,NICA,59,45,100,435.0,43500.0,Commercial Banks
1136,1136,1137,2024030401001359,NRM,59,39,148,372.4,55115.2,Promoter Shares/debenture
1137,1137,1138,2024030401001358,NRM,59,65,52,372.4,19364.8,Promoter Shares/debenture
1138,1138,1139,2024030401001357,SNLI,21,38,935,619.9,579606.5,Promoter Shares/debenture
1139,1139,1140,2024030401001356,SNLI,21,51,120,619.9,74388.0,Promoter Shares/debenture
1140,1140,1141,2024030401001355,SNLI,21,59,100,619.0,61900.0,Promoter Shares/debenture
1141,1141,1142,2024030401001354,SNLI,21,58,105,618.9,64984.5,Promoter Shares/debenture
1142,1142,1143,2024030401001353,SNLI,21,44,10,617.0,6170.0,Promoter Shares/debenture
1143,1143,1144,2024030401001352,SNLI,21,58,10,617.0,6170.0,Promoter Shares/debenture
1144,1144,1145,2024030401001351,SNLI,21,58,129,617.0,79593.0,Promoter Shares/debenture
1145,1145,1146,2024030401001350,SNLI,21,37,10,617.0,6170.0,Promoter Shares/debenture
1146,1146,1147,2024030401001349,SNLI,21,17,10,617.0,6170.0,Promoter Shares/debenture
1147,1147,1148,2024030401001348,SNLI,21,39,40,616.9,24676.0,Promoter Shares/debenture
1148,1148,1149,2024030401001347,SNLI,21,56,100,615.0,61500.0,Promoter Shares/debenture
1149,1149,1150,2024030401001346,SNLI,21,11,100,615.0,61500.0,Promoter Shares/debenture
1150,1150,1151,2024030401001345,SNLI,21,45,331,612.0,202572.0,Promoter Shares/debenture
1151,1151,1152,2024030403000361,CORBL,71,14,10,424.0,4240.0,Development Banks
1152,1152,1153,2024030401001344,MKHC,44,42,100,298.0,29800.0,Promoter Shares/debenture
1153,1153,1154,2024030404000671,HDHPC,53,44,850,150.0,127500.0,Hydro Power
1154,1154,1155,2024030404000670,HDHPC,53,43,150,149.0,22350.0,Hydro Power
1155,1155,1156,2024030404000669,SPDL,53,33,10,252.2,2522.0,Hydro Power
1156,1156,1157,2024030403000360,SADBL,39,44,100,306.0,30600.0,Development Banks
1157,1157,1158,2024030404000668,HPPL,4,68,980,285.6,279888.0,Hydro Power
1158,1158,1159,2024030405000336,NIFRA,57,3,500,215.0,107500.0,Investment
1159,1159,1160,2024030405000335,HRL,35,21,34,640.0,21760.0,Promoter Shares/debenture
1160,1160,1161,2024030405000334,HRL,35,7,10,640.0,6400.0,Promoter Shares/debenture
1161,1161,1162,2024030405000333,HRL,35,69,56,640.0,35840.0,Promoter Shares/debenture
1162,1162,1163,2024030404000667,UMRH,86,39,10,381.0,3810.0,Hydro Power
1163,1163,1164,2024030401001343,SHIVM,49,28,2000,500.0,1000000.0,Manufacturing And Processing
1164,1164,1165,2024030401001342,SHIVM,51,28,100,500.0,50000.0,Manufacturing And Processing
1165,1165,1166,2024030401001341,SHIVM,16,28,200,500.0,100000.0,Manufacturing And Processing
1166,1166,1167,2024030401001340,SHIVM,58,28,300,500.0,150000.0,Manufacturing And Processing
1167,1167,1168,2024030401001339,SHIVM,50,28,300,500.0,150000.0,Manufacturing And Processing
1168,1168,1169,2024030401001338,SHIVM,49,28,2000,500.0,1000000.0,Manufacturing And Processing
1169,1169,1170,2024030401001337,SHIVM,20,28,500,500.0,250000.0,Manufacturing And Processing
1170,1170,1171,2024030401001336,SHIVM,52,28,500,500.0,250000.0,Manufacturing And Processing
1171,1171,1172,2024030401001335,SHIVM,16,28,1000,500.1,500100.0,Manufacturing And Processing
1172,1172,1173,2024030401001334,SHIVM,46,28,170,500.1,85017.0,Manufacturing And Processing
1173,1173,1174,2024030401001333,SHIVM,19,28,10,500.2,5002.0,Manufacturing And Processing
1174,1174,1175,2024030401001332,SHIVM,59,28,340,501.0,170340.0,Manufacturing And Processing
1175,1175,1176,2024030401001331,SHIVM,21,28,200,502.0,100400.0,Manufacturing And Processing
1176,1176,1177,2024030401001330,SHIVM,35,28,290,503.0,145870.0,Manufacturing And Processing
1177,1177,1178,2024030401001329,SMJC,7,59,950,397.0,377150.0,Promoter Shares/debenture
1178,1178,1179,2024030401001328,SMJC,1,59,50,398.0,19900.0,Promoter Shares/debenture
1179,1179,1180,2024030404000666,NGPL,58,17,10,318.8,3188.0,Hydro Power
1180,1180,1181,2024030401001327,KBL,47,32,300,150.0,45000.0,Promoter Shares/debenture
1181,1181,1182,2024030401001326,KBL,54,32,200,150.0,30000.0,Promoter Shares/debenture
1182,1182,1183,2024030404000665,CGH,49,51,10,860.0,8600.0,Hotels And Tourism
1183,1183,1184,2024030404000664,CGH,49,51,20,860.0,17200.0,Hotels And Tourism
1184,1184,1185,2024030403000359,PFL,29,42,10,366.1,3661.0,Finance
1185,1185,1186,2024030404000663,HDHPC,33,43,200,149.0,29800.0,Hydro Power
1186,1186,1187,2024030404000662,GHL,14,42,230,158.7,36501.0,Hydro Power
1187,1187,1188,2024030404000661,GHL,14,54,500,158.7,79350.0,Hydro Power
1188,1188,1189,2024030404000660,GHL,14,21,250,158.7,39675.0,Hydro Power
1189,1189,1190,2024030404000659,GHL,14,45,10,158.7,1587.0,Hydro Power
1190,1190,1191,2024030404000658,GHL,14,57,500,158.7,79350.0,Hydro Power
1191,1191,1192,2024030404000657,GHL,14,6,200,158.7,31740.0,Hydro Power
1192,1192,1193,2024030404000656,GHL,14,36,310,158.7,49197.0,Hydro Power
1193,1193,1194,2024030401001325,SHIVM,58,45,100,504.0,50400.0,Manufacturing And Processing
1194,1194,1195,2024030405000332,NTC,38,35,10,865.0,8650.0,Others
1195,1195,1196,2024030403000358,CBBL,35,65,10,858.0,8580.0,Microfinance
1196,1196,1197,2024030401001324,CITY,5,43,10,601.0,6010.0,Promoter Shares/debenture
1197,1197,1198,2024030404000655,SSHL,10,57,10,173.0,1730.0,Hydro Power
1198,1198,1199,2024030403000357,GILB,25,40,13,823.0,10699.0,Microfinance
1199,1199,1200,2024030403000356,SHINE,49,53,36,389.0,14004.0,Development Banks
1200,1200,1201,2024030404000654,API,44,3,873,193.0,168489.0,Hydro Power
1201,1201,1202,2024030403000355,SAPDBL,44,43,10,260.6,2606.0,Development Banks
1202,1202,1203,2024030404000653,UNHPL,85,58,10,254.5,2545.0,Hydro Power
1203,1203,1204,2024030404000652,UNHPL,85,58,20,254.0,5080.0,Hydro Power
1204,1204,1205,2024030401001323,SPC,64,28,10,622.6,6226.0,Hydro Power
1205,1205,1206,2024030403000354,SFCL,8,19,10,321.0,3210.0,Finance
1206,1206,1207,2024030404000651,CHCL,58,43,13,491.6,6390.8,Hydro Power
1207,1207,1208,2024030404000650,CHCL,58,67,10,491.0,4910.0,Hydro Power
1208,1208,1209,2024030404000649,CHCL,58,34,127,482.0,61214.0,Hydro Power
1209,1209,1210,2024030401001322,JALPA,45,58,11,1001.0,11011.0,Microfinance
1210,1210,1211,2024030403000353,FMDBL,42,58,10,604.2,6042.0,Microfinance
1211,1211,1212,2024030405000331,HRL,38,69,25,640.0,16000.0,Promoter Shares/debenture
1212,1212,1213,2024030404000648,AKPL,38,8,300,191.4,57420.0,Hydro Power
1213,1213,1214,2024030404000647,AKPL,38,48,50,191.0,9550.0,Hydro Power
1214,1214,1215,2024030404000646,AKPL,38,67,650,191.0,124150.0,Hydro Power
1215,1215,1216,2024030403000352,FOWAD,56,51,10,1039.0,10390.0,Microfinance
1216,1216,1217,2024030403000351,MFIL,10,26,190,517.0,98230.0,Finance
1217,1217,1218,2024030403000350,MFIL,10,25,100,517.0,51700.0,Finance
1218,1218,1219,2024030403000349,MFIL,10,33,10,516.9,5169.0,Finance
1219,1219,1220,2024030405000330,NTC,6,42,200,881.0,176200.0,Others
1220,1220,1221,2024030405000329,NRN,4,14,100,564.0,56400.0,Investment
1221,1221,1222,2024030401001321,LSL,77,49,2990,166.0,496340.0,Promoter Shares/debenture
1222,1222,1223,2024030401001320,HATHY,16,51,40,890.0,35600.0,Promoter Shares/debenture
1223,1223,1224,2024030401001319,RFPL,29,29,140,344.0,48160.0,Hydro Power
1224,1224,1225,2024030401001318,RFPL,29,58,50,344.0,17200.0,Hydro Power
1225,1225,1226,2024030401001317,RFPL,29,58,10,344.0,3440.0,Hydro Power
1226,1226,1227,2024030401001316,TSHL,56,42,10,486.5,4865.0,Promoter Shares/debenture
1227,1227,1228,2024030404000645,IGI,42,6,10,559.0,5590.0,Non Life Insurance
1228,1228,1229,2024030401001315,SNLI,74,45,300,612.0,183600.0,Promoter Shares/debenture
1229,1229,1230,2024030401001314,HATHY,40,62,22,899.0,19778.0,Promoter Shares/debenture
1230,1230,1231,2024030404000644,BPCL,58,28,10,323.3,3233.0,Hydro Power
1231,1231,1232,2024030401001313,PPL,58,26,40,345.0,13800.0,Hydro Power
1232,1232,1233,2024030401001312,PPL,58,58,10,340.0,3400.0,Hydro Power
1233,1233,1234,2024030405000328,NRN,39,14,300,564.0,169200.0,Investment
1234,1234,1235,2024030404000643,GHL,35,36,150,158.7,23805.0,Hydro Power
1235,1235,1236,2024030404000642,SGIC,35,84,435,517.0,224895.0,Promoter Shares/debenture
1236,1236,1237,2024030403000348,NFS,59,49,100,363.0,36300.0,Finance
1237,1237,1238,2024030404000641,BPCL,77,28,10,323.3,3233.0,Hydro Power
1238,1238,1239,2024030401001311,TSHL,32,60,10,486.0,4860.0,Promoter Shares/debenture
1239,1239,1240,2024030401001310,MKCL,57,90,80,989.0,79120.0,Promoter Shares/debenture
1240,1240,1241,2024030401001309,MKCL,57,19,20,989.0,19780.0,Promoter Shares/debenture
1241,1241,1242,2024030404000640,LEC,19,75,10,186.1,1861.0,Hydro Power
1242,1242,1243,2024030403000347,GILB,25,58,18,823.0,14814.0,Microfinance
1243,1243,1244,2024030403000346,GILB,25,6,25,823.0,20575.0,Microfinance
1244,1244,1245,2024030401001308,NICA,62,45,25,435.0,10875.0,Commercial Banks
1245,1245,1246,2024030401001307,NICA,62,22,15,434.9,6523.5,Commercial Banks
1246,1246,1247,2024030404000639,SPDL,53,53,10,252.2,2522.0,Hydro Power
1247,1247,1248,2024030404000638,HDHPC,14,44,108,150.0,16200.0,Hydro Power
1248,1248,1249,2024030401001306,SONA,41,68,300,485.0,145500.0,Promoter Shares/debenture
1249,1249,1250,2024030401001305,SHIVM,58,45,50,504.0,25200.0,Manufacturing And Processing
1250,1250,1251,2024030404000637,DHPL,13,38,10,193.8,1938.0,Hydro Power
1251,1251,1252,2024030401001304,AHL,34,34,10,446.7,4467.0,Promoter Shares/debenture
1252,1252,1253,2024030404000636,HDHPC,34,44,100,150.0,15000.0,Hydro Power
1253,1253,1254,2024030404000635,HDHPC,34,20,100,149.0,14900.0,Hydro Power
1254,1254,1255,2024030401001303,MEL,13,58,10,225.0,2250.0,Promoter Shares/debenture
1255,1255,1256,2024030405000327,NIFRA,55,62,100,216.0,21600.0,Investment
1256,1256,1257,2024030403000345,VLBS,28,64,10,603.0,6030.0,Microfinance
1257,1257,1258,2024030401001302,SCB,52,45,25,520.2,13005.0,Commercial Banks
1258,1258,1259,2024030403000344,RLFL,52,32,10,360.0,3600.0,Finance
1259,1259,1260,2024030404000634,PPCL,29,81,10,268.2,2682.0,Hydro Power
1260,1260,1261,2024030401001301,MEL,13,25,10,225.0,2250.0,Promoter Shares/debenture
1261,1261,1262,2024030401001300,PHCL,17,56,500,320.0,160000.0,Hydro Power
1262,1262,1263,2024030404000633,SSHL,10,5,10,173.0,1730.0,Hydro Power
1263,1263,1264,2024030404000632,API,58,3,50,193.0,9650.0,Hydro Power
1264,1264,1265,2024030404000631,API,40,3,77,193.0,14861.0,Hydro Power
1265,1265,1266,2024030403000343,PROFL,58,14,10,319.3,3193.0,Finance
1266,1266,1267,2024030403000342,CFCL,41,70,200,345.9,69180.0,Finance
1267,1267,1268,2024030401001299,SONA,41,67,1100,483.0,531300.0,Promoter Shares/debenture
1268,1268,1269,2024030404000630,SGIC,35,84,65,517.0,33605.0,Promoter Shares/debenture
1269,1269,1270,2024030401001298,MEHL,55,53,500,311.0,155500.0,Promoter Shares/debenture
1270,1270,1271,2024030401001297,MEHL,55,55,10,310.0,3100.0,Promoter Shares/debenture
1271,1271,1272,2024030401001296,MEHL,55,13,10,307.0,3070.0,Promoter Shares/debenture
1272,1272,1273,2024030401001295,MANDU,84,19,120,693.0,83160.0,Promoter Shares/debenture
1273,1273,1274,2024030401001294,MANDU,77,19,80,693.6,55488.0,Promoter Shares/debenture
1274,1274,1275,2024030401001293,KBL,54,32,800,150.0,120000.0,Promoter Shares/debenture
1275,1275,1276,2024030403000341,GBBL,32,45,34,378.0,12852.0,Development Banks
1276,1276,1277,2024030401001292,SHIVM,4,45,200,505.0,101000.0,Manufacturing And Processing
1277,1277,1278,2024030401001291,SHIVM,16,45,60,505.0,30300.0,Manufacturing And Processing
1278,1278,1279,2024030401001290,SHIVM,13,45,100,505.0,50500.0,Manufacturing And Processing
1279,1279,1280,2024030401001289,SHIVM,38,45,100,505.0,50500.0,Manufacturing And Processing
1280,1280,1281,2024030401001288,SHIVM,57,45,200,505.0,101000.0,Manufacturing And Processing
1281,1281,1282,2024030401001287,SHIVM,4,45,100,505.0,50500.0,Manufacturing And Processing
1282,1282,1283,2024030401001286,SHIVM,49,45,200,506.0,101200.0,Manufacturing And Processing
1283,1283,1284,2024030401001285,SHIVM,57,45,100,506.0,50600.0,Manufacturing And Processing
1284,1284,1285,2024030403000340,SHINE,49,53,250,389.0,97250.0,Development Banks
1285,1285,1286,2024030403000339,SHINE,49,33,2000,389.0,778000.0,Development Banks
1286,1286,1287,2024030405000326,NSIF2,32,34,100,9.05,905.0,Mutual Fund
1287,1287,1288,2024030404000629,NGPL,58,21,100,318.8,31880.0,Hydro Power
1288,1288,1289,2024030405000325,NRIC,42,46,100,778.0,77800.0,Others
1289,1289,1290,2024030405000324,NRIC,42,47,10,775.0,7750.0,Others
1290,1290,1291,2024030405000323,NRIC,42,34,50,770.0,38500.0,Others
1291,1291,1292,2024030405000322,NRIC,42,46,10,765.0,7650.0,Others
1292,1292,1293,2024030405000321,NRIC,42,52,100,763.9,76390.0,Others
1293,1293,1294,2024030405000320,NRIC,42,53,90,763.0,68670.0,Others
1294,1294,1295,2024030403000338,ALICL,72,62,300,575.0,172500.0,Life Insurance
1295,1295,1296,2024030401001284,SHIVM,64,65,4000,508.0,2032000.0,Manufacturing And Processing
1296,1296,1297,2024030401001283,SHIVM,64,33,1000,507.0,507000.0,Manufacturing And Processing
1297,1297,1298,2024030401001282,RFPL,56,28,10,343.0,3430.0,Hydro Power
1298,1298,1299,2024030401001281,USHEC,61,38,10,361.8,3618.0,Hydro Power
1299,1299,1300,2024030404000628,UMHL,6,3,900,275.0,247500.0,Hydro Power
1300,1300,1301,2024030404000627,UMHL,6,44,100,275.0,27500.0,Hydro Power
1301,1301,1302,2024030403000337,CORBL,59,35,10,416.1,4161.0,Development Banks
1302,1302,1303,2024030404000626,NGPL,58,17,30,318.8,9564.0,Hydro Power
1303,1303,1304,2024030404000625,NGPL,58,38,800,318.8,255040.0,Hydro Power
1304,1304,1305,2024030405000319,NRN,70,75,100,565.0,56500.0,Investment
1305,1305,1306,2024030405000318,NRN,70,62,200,564.9,112980.0,Investment
1306,1306,1307,2024030404000624,API,40,19,323,193.0,62339.0,Hydro Power
1307,1307,1308,2024030404000623,API,66,19,72,193.0,13896.0,Hydro Power
1308,1308,1309,2024030403000336,ALICL,72,13,100,575.0,57500.0,Life Insurance
1309,1309,1310,2024030404000622,AHPC,33,43,144,193.0,27792.0,Hydro Power
1310,1310,1311,2024030401001280,NBL,35,17,100,227.0,22700.0,Commercial Banks
1311,1311,1312,2024030404000621,MHNL,57,49,10,253.4,2534.0,Hydro Power
1312,1312,1313,2024030404000620,MHNL,57,16,10,253.0,2530.0,Hydro Power
1313,1313,1314,2024030401001279,BHPL,71,14,10,503.0,5030.0,Hydro Power
1314,1314,1315,2024030401001278,PCBL,22,39,500,195.9,97950.0,Commercial Banks
1315,1315,1316,2024030404000619,HPPL,22,39,100,289.0,28900.0,Hydro Power
1316,1316,1317,2024030401001277,CLI,26,3,911,450.0,409950.0,Promoter Shares/debenture
1317,1317,1318,2024030401001276,CLI,26,43,10,445.0,4450.0,Promoter Shares/debenture
1318,1318,1319,2024030401001275,CLI,26,21,79,445.0,35155.0,Promoter Shares/debenture
1319,1319,1320,2024030401001274,MHCL,40,18,200,519.0,103800.0,Promoter Shares/debenture
1320,1320,1321,2024030403000335,JFL,35,44,10,358.0,3580.0,Finance
1321,1321,1322,2024030404000618,NGPL,8,44,363,318.0,115434.0,Hydro Power
1322,1322,1323,2024030404000617,NGPL,34,44,137,318.0,43566.0,Hydro Power
1323,1323,1324,2024030401001273,MSHL,35,64,10,614.8,6148.0,Promoter Shares/debenture
1324,1324,1325,2024030401001272,CLI,1,21,10,445.0,4450.0,Promoter Shares/debenture
1325,1325,1326,2024030401001271,SONA,22,58,10,480.0,4800.0,Promoter Shares/debenture
1326,1326,1327,2024030401001270,SONA,58,67,200,483.0,96600.0,Promoter Shares/debenture
1327,1327,1328,2024030401001269,HDL,55,34,50,1578.9,78945.0,Manufacturing And Processing
1328,1328,1329,2024030401001268,HDL,55,57,50,1578.0,78900.0,Manufacturing And Processing
1329,1329,1330,2024030401001267,HDL,55,42,100,1577.0,157700.0,Manufacturing And Processing
1330,1330,1331,2024030401001266,UHEWA,40,4,10,347.0,3470.0,Hydro Power
1331,1331,1332,2024030401001265,USHL,36,5,10,478.5,4785.0,Promoter Shares/debenture
1332,1332,1333,2024030403000334,MLBL,50,58,60,333.5,20010.0,Development Banks
1333,1333,1334,2024030401001264,CLI,42,21,92,445.0,40940.0,Promoter Shares/debenture
1334,1334,1335,2024030405000317,NIFRA,57,25,1000,215.0,215000.0,Investment
1335,1335,1336,2024030404000616,SHPC,26,47,100,357.0,35700.0,Hydro Power
1336,1336,1337,2024030403000333,ILBS,44,34,15,674.7,10120.5,Microfinance
1337,1337,1338,2024030404000615,UMHL,6,44,400,275.0,110000.0,Hydro Power
1338,1338,1339,2024030404000614,SPDL,53,67,10,252.2,2522.0,Hydro Power
1339,1339,1340,2024030403000332,ALICL,38,62,300,576.8,173040.0,Life Insurance
1340,1340,1341,2024030403000331,SJLIC,38,32,400,472.2,188880.0,Promoter Shares/debenture
1341,1341,1342,2024030403000330,SJLIC,38,43,100,472.0,47200.0,Promoter Shares/debenture
1342,1342,1343,2024030404000613,AHPC,34,4,500,193.8,96900.0,Hydro Power
1343,1343,1344,2024030404000612,AHPC,34,37,500,193.8,96900.0,Hydro Power
1344,1344,1345,2024030401001263,NBL,35,21,900,227.0,204300.0,Commercial Banks
1345,1345,1346,2024030401001262,SNLI,45,58,10,608.0,6080.0,Promoter Shares/debenture
1346,1346,1347,2024030401001261,MHCL,28,18,200,519.0,103800.0,Promoter Shares/debenture
1347,1347,1348,2024030401001260,BHDC,45,58,10,447.0,4470.0,Hydro Power
1348,1348,1349,2024030404000611,SPIL,58,35,10,769.0,7690.0,Promoter Shares/debenture
1349,1349,1350,2024030403000329,SHINE,19,74,50,383.0,19150.0,Development Banks
1350,1350,1351,2024030403000328,SHINE,19,44,69,383.0,26427.0,Development Banks
1351,1351,1352,2024030403000327,GMFIL,13,61,10,353.7,3537.0,Finance
1352,1352,1353,2024030401001259,SONA,13,67,200,483.0,96600.0,Promoter Shares/debenture
1353,1353,1354,2024030401001258,SHIVM,13,65,200,508.0,101600.0,Manufacturing And Processing
1354,1354,1355,2024030401001257,RHGCL,50,29,100,309.1,30910.0,Hydro Power
1355,1355,1356,2024030404000610,GHL,77,53,50,157.0,7850.0,Hydro Power
1356,1356,1357,2024030403000326,NFS,32,25,20,356.4,7128.0,Finance
1357,1357,1358,2024030404000609,CGH,49,37,10,860.0,8600.0,Hotels And Tourism
1358,1358,1359,2024030404000608,CGH,49,48,20,859.0,17180.0,Hotels And Tourism
1359,1359,1360,2024030404000607,NHPC,21,16,4000,166.0,664000.0,Hydro Power
1360,1360,1361,2024030403000325,LBBL,51,59,100,393.2,39320.0,Development Banks
1361,1361,1362,2024030403000324,LBBL,51,65,200,393.0,78600.0,Development Banks
1362,1362,1363,2024030403000323,LBBL,51,49,50,393.0,19650.0,Development Banks
1363,1363,1364,2024030401001256,SMJC,42,59,330,401.0,132330.0,Promoter Shares/debenture
1364,1364,1365,2024030401001255,SMJC,42,42,10,400.0,4000.0,Promoter Shares/debenture
1365,1365,1366,2024030401001254,SMJC,42,35,10,400.0,4000.0,Promoter Shares/debenture
1366,1366,1367,2024030404000606,MEN,14,53,120,627.0,75240.0,Hydro Power
1367,1367,1368,2024030404000605,AHPC,33,59,500,193.0,96500.0,Hydro Power
1368,1368,1369,2024030401001253,MHCL,56,18,10,519.0,5190.0,Promoter Shares/debenture
1369,1369,1370,2024030403000322,SHINE,39,44,90,383.0,34470.0,Development Banks
1370,1370,1371,2024030403000321,SHINE,39,37,410,383.0,157030.0,Development Banks
1371,1371,1372,2024030401001252,CKHL,6,58,10,644.0,6440.0,Promoter Shares/debenture
1372,1372,1373,2024030405000316,NIFRA,58,62,1000,216.0,216000.0,Investment
1373,1373,1374,2024030401001251,PRVU,58,58,170,149.0,25330.0,Commercial Banks
1374,1374,1375,2024030404000604,CHCL,58,34,20,482.0,9640.0,Hydro Power
1375,1375,1376,2024030401001250,MHCL,88,18,11,519.0,5709.0,Promoter Shares/debenture
1376,1376,1377,2024030404000603,API,57,58,100,193.3,19330.0,Hydro Power
1377,1377,1378,2024030404000602,RIDI,42,65,10,198.0,1980.0,Hydro Power
1378,1378,1379,2024030404000601,GHL,25,53,260,157.0,40820.0,Hydro Power
1379,1379,1380,2024030404000600,GHL,41,53,190,157.0,29830.0,Hydro Power
1380,1380,1381,2024030401001249,PRVU,14,34,77,149.5,11511.5,Commercial Banks
1381,1381,1382,2024030401001248,PRVU,14,41,133,149.0,19817.0,Commercial Banks
1382,1382,1383,2024030401001247,ANLB,64,64,10,1950.2,19502.0,Promoter Shares/debenture
1383,1383,1384,2024030401001246,SPC,64,28,10,622.0,6220.0,Hydro Power
1384,1384,1385,2024030401001245,UHEWA,63,64,10,353.0,3530.0,Hydro Power
1385,1385,1386,2024030404000599,NGPL,58,38,200,318.8,63760.0,Hydro Power
1386,1386,1387,2024030403000320,MMFDB,58,39,10,515.0,5150.0,Microfinance
1387,1387,1388,2024030405000315,HRL,5,69,124,640.0,79360.0,Promoter Shares/debenture
1388,1388,1389,2024030404000598,SGIC,32,84,935,517.0,483395.0,Promoter Shares/debenture
1389,1389,1390,2024030403000319,SINDU,59,65,50,324.0,16200.0,Development Banks
1390,1390,1391,2024030405000314,HRL,82,69,795,640.0,508800.0,Promoter Shares/debenture
1391,1391,1392,2024030401001244,SMHL,17,19,290,479.8,139142.0,Promoter Shares/debenture
1392,1392,1393,2024030401001243,SMHL,17,38,10,479.0,4790.0,Promoter Shares/debenture
1393,1393,1394,2024030401001242,SMHL,17,38,80,479.0,38320.0,Promoter Shares/debenture
1394,1394,1395,2024030401001241,SMHL,17,58,100,479.0,47900.0,Promoter Shares/debenture
1395,1395,1396,2024030401001240,SMHL,17,57,1000,478.0,478000.0,Promoter Shares/debenture
1396,1396,1397,2024030401001239,SMHL,17,34,300,476.0,142800.0,Promoter Shares/debenture
1397,1397,1398,2024030401001238,SMHL,17,59,20,476.0,9520.0,Promoter Shares/debenture
1398,1398,1399,2024030401001237,SMHL,17,35,10,475.0,4750.0,Promoter Shares/debenture
1399,1399,1400,2024030401001236,SMHL,17,67,190,475.0,90250.0,Promoter Shares/debenture
1400,1400,1401,2024030401001235,MHCL,49,88,380,499.0,189620.0,Promoter Shares/debenture
1401,1401,1402,2024030401001234,MHCL,35,88,100,500.0,50000.0,Promoter Shares/debenture
1402,1402,1403,2024030401001233,MHCL,32,88,15,500.0,7500.0,Promoter Shares/debenture
1403,1403,1404,2024030405000313,NTC,34,42,50,881.0,44050.0,Others
1404,1404,1405,2024030403000318,EDBL,41,42,10,341.8,3418.0,Development Banks
1405,1405,1406,2024030401001232,NESDO,45,58,10,1551.0,15510.0,Microfinance
1406,1406,1407,2024030404000597,RADHI,42,67,10,252.0,2520.0,Hydro Power
1407,1407,1408,2024030401001231,CKHL,67,58,10,644.0,6440.0,Promoter Shares/debenture
1408,1408,1409,2024030404000596,BARUN,56,21,2000,262.0,524000.0,Hydro Power
1409,1409,1410,2024030403000317,RLFL,36,32,990,360.0,356400.0,Finance
1410,1410,1411,2024030403000316,RLFL,36,45,10,360.0,3600.0,Finance
1411,1411,1412,2024030401001230,NRM,13,65,100,372.4,37240.0,Promoter Shares/debenture
1412,1412,1413,2024030401001229,SONA,59,19,200,489.0,97800.0,Promoter Shares/debenture
1413,1413,1414,2024030401001228,SONA,59,16,10,488.0,4880.0,Promoter Shares/debenture
1414,1414,1415,2024030401001227,SONA,59,7,500,485.0,242500.0,Promoter Shares/debenture
1415,1415,1416,2024030401001226,SONA,59,33,150,484.9,72735.0,Promoter Shares/debenture
1416,1416,1417,2024030401001225,SONA,59,32,140,483.0,67620.0,Promoter Shares/debenture
1417,1417,1418,2024030404000595,AHPC,32,21,392,192.7,75538.4,Hydro Power
1418,1418,1419,2024030404000594,NGPL,34,17,863,318.0,274434.0,Hydro Power
1419,1419,1420,2024030404000593,NGPL,7,17,137,318.0,43566.0,Hydro Power
1420,1420,1421,2024030401001224,MMKJL,29,43,10,429.0,4290.0,Promoter Shares/debenture
1421,1421,1422,2024030403000315,NLICL,44,32,850,580.0,493000.0,Life Insurance
1422,1422,1423,2024030404000592,API,66,1,40,193.0,7720.0,Hydro Power
1423,1423,1424,2024030401001223,EHPL,18,65,10,454.0,4540.0,Hydro Power
1424,1424,1425,2024030404000591,AKJCL,41,55,400,232.0,92800.0,Hydro Power
1425,1425,1426,2024030404000590,AKJCL,36,55,300,232.0,69600.0,Hydro Power
1426,1426,1427,2024030404000589,API,66,37,575,193.0,110975.0,Hydro Power
1427,1427,1428,2024030405000312,HRL,82,37,500,640.0,320000.0,Promoter Shares/debenture
1428,1428,1429,2024030401001222,SONA,19,32,50,483.0,24150.0,Promoter Shares/debenture
1429,1429,1430,2024030404000588,API,66,7,301,193.0,58093.0,Hydro Power
1430,1430,1431,2024030401001221,SBL,39,50,19,219.3,4166.7,Commercial Banks
1431,1431,1432,2024030401001220,SONA,21,32,210,483.0,101430.0,Promoter Shares/debenture
1432,1432,1433,2024030401001219,SONA,32,32,200,483.0,96600.0,Promoter Shares/debenture
1433,1433,1434,2024030401001218,HATHY,17,62,150,899.0,134850.0,Promoter Shares/debenture
1434,1434,1435,2024030401001217,HATHY,17,59,10,893.0,8930.0,Promoter Shares/debenture
1435,1435,1436,2024030401001216,HATHY,17,65,340,892.0,303280.0,Promoter Shares/debenture
1436,1436,1437,2024030401001215,HATHY,17,28,200,891.0,178200.0,Promoter Shares/debenture
1437,1437,1438,2024030401001214,HATHY,17,45,50,891.0,44550.0,Promoter Shares/debenture
1438,1438,1439,2024030405000311,HRL,29,55,719,650.0,467350.0,Promoter Shares/debenture
1439,1439,1440,2024030405000310,HRL,29,89,100,650.0,65000.0,Promoter Shares/debenture
1440,1440,1441,2024030405000309,HRL,29,49,10,650.0,6500.0,Promoter Shares/debenture
1441,1441,1442,2024030405000308,HRL,29,41,525,650.0,341250.0,Promoter Shares/debenture
1442,1442,1443,2024030405000307,HRL,29,48,781,649.0,506869.0,Promoter Shares/debenture
1443,1443,1444,2024030405000306,HRL,29,50,500,648.0,324000.0,Promoter Shares/debenture
1444,1444,1445,2024030405000305,HRL,29,58,10,645.0,6450.0,Promoter Shares/debenture
1445,1445,1446,2024030405000304,HRL,29,41,10,645.0,6450.0,Promoter Shares/debenture
1446,1446,1447,2024030405000303,HRL,29,35,10,645.0,6450.0,Promoter Shares/debenture
1447,1447,1448,2024030405000302,HRL,29,41,20,645.0,12900.0,Promoter Shares/debenture
1448,1448,1449,2024030405000301,HRL,29,38,10,645.0,6450.0,Promoter Shares/debenture
1449,1449,1450,2024030405000300,HRL,29,41,25,645.0,16125.0,Promoter Shares/debenture
1450,1450,1451,2024030405000299,HRL,29,19,10,644.0,6440.0,Promoter Shares/debenture
1451,1451,1452,2024030405000298,HRL,29,26,10,643.0,6430.0,Promoter Shares/debenture
1452,1452,1453,2024030405000297,HRL,29,58,10,643.0,6430.0,Promoter Shares/debenture
1453,1453,1454,2024030405000296,HRL,29,49,20,643.0,12860.0,Promoter Shares/debenture
1454,1454,1455,2024030405000295,HRL,29,16,10,643.0,6430.0,Promoter Shares/debenture
1455,1455,1456,2024030405000294,HRL,29,22,20,643.0,12860.0,Promoter Shares/debenture
1456,1456,1457,2024030405000293,HRL,29,49,200,643.0,128600.0,Promoter Shares/debenture
1457,1457,1458,2024030401001213,DOLTI,57,43,820,384.7,315454.0,Promoter Shares/debenture
1458,1458,1459,2024030401001212,DOLTI,57,22,160,384.6,61536.0,Promoter Shares/debenture
1459,1459,1460,2024030401001211,DOLTI,57,42,10,384.0,3840.0,Promoter Shares/debenture
1460,1460,1461,2024030401001210,LSL,42,49,10,166.0,1660.0,Promoter Shares/debenture
1461,1461,1462,2024030401001209,CYCL,77,62,10,1254.0,12540.0,Microfinance
1462,1462,1463,2024030401001208,HATHY,16,45,72,890.0,64080.0,Promoter Shares/debenture
1463,1463,1464,2024030404000587,GHL,16,36,540,158.7,85698.0,Hydro Power
1464,1464,1465,2024030404000586,GHL,16,39,200,158.7,31740.0,Hydro Power
1465,1465,1466,2024030404000585,GHL,16,28,90,158.7,14283.0,Hydro Power
1466,1466,1467,2024030404000584,GHL,16,34,300,158.7,47610.0,Hydro Power
1467,1467,1468,2024030404000583,GHL,16,53,500,158.5,79250.0,Hydro Power
1468,1468,1469,2024030404000582,GHL,16,57,1000,158.0,158000.0,Hydro Power
1469,1469,1470,2024030404000581,GHL,16,43,10,158.0,1580.0,Hydro Power
1470,1470,1471,2024030404000580,GHL,16,53,360,158.0,56880.0,Hydro Power
1471,1471,1472,2024030404000579,HDHPC,38,44,380,150.0,57000.0,Hydro Power
1472,1472,1473,2024030404000578,BARUN,14,21,1000,262.0,262000.0,Hydro Power
1473,1473,1474,2024030401001207,HATHY,28,45,28,890.0,24920.0,Promoter Shares/debenture
1474,1474,1475,2024030401001206,HATHY,28,72,100,890.0,89000.0,Promoter Shares/debenture
1475,1475,1476,2024030401001205,HATHY,28,65,500,889.9,444950.0,Promoter Shares/debenture
1476,1476,1477,2024030401001204,HATHY,28,38,50,889.8,44490.0,Promoter Shares/debenture
1477,1477,1478,2024030401001203,HATHY,28,19,100,889.0,88900.0,Promoter Shares/debenture
1478,1478,1479,2024030401001202,HATHY,28,1,50,888.0,44400.0,Promoter Shares/debenture
1479,1479,1480,2024030401001201,HATHY,28,1,40,888.0,35520.0,Promoter Shares/debenture
1480,1480,1481,2024030401001200,HATHY,28,45,132,887.0,117084.0,Promoter Shares/debenture
1481,1481,1482,2024030401001199,UHEWA,10,34,10,346.4,3464.0,Hydro Power
1482,1482,1483,2024030404000577,UMRH,61,21,130,374.0,48620.0,Hydro Power
1483,1483,1484,2024030404000576,HDHPC,58,19,20,150.1,3002.0,Hydro Power
1484,1484,1485,2024030404000575,HDHPC,58,5,100,150.1,15010.0,Hydro Power
1485,1485,1486,2024030404000574,HDHPC,58,4,880,150.1,132088.0,Hydro Power
1486,1486,1487,2024030401001198,SHIVM,44,17,500,505.0,252500.0,Manufacturing And Processing
1487,1487,1488,2024030403000314,NABBC,51,34,10,421.3,4213.0,Development Banks
1488,1488,1489,2024030405000292,HRL,82,69,705,640.0,451200.0,Promoter Shares/debenture
1489,1489,1490,2024030401001197,SNLI,42,45,100,612.0,61200.0,Promoter Shares/debenture
1490,1490,1491,2024030403000313,JSLBB,62,62,10,875.1,8751.0,Microfinance
1491,1491,1492,2024030404000573,JOSHI,57,62,10,355.4,3554.0,Hydro Power
1492,1492,1493,2024030401001196,BNHC,49,28,85,480.0,40800.0,Hydro Power
1493,1493,1494,2024030404000572,NGPL,7,22,200,318.0,63600.0,Hydro Power
1494,1494,1495,2024030401001195,SBL,39,22,10,219.3,2193.0,Commercial Banks
1495,1495,1496,2024030403000312,CORBL,59,14,10,416.1,4161.0,Development Banks
1496,1496,1497,2024030403000311,SINDU,14,65,500,324.0,162000.0,Development Banks
1497,1497,1498,2024030401001194,PCBL,14,39,90,195.9,17631.0,Commercial Banks
1498,1498,1499,2024030401001193,PCBL,14,1,360,195.8,70488.0,Commercial Banks
1499,1499,1500,2024030405000291,HRL,53,69,135,640.0,86400.0,Promoter Shares/debenture
1500,1500,1501,2024030405000290,HRL,53,51,20,639.0,12780.0,Promoter Shares/debenture
1501,1501,1502,2024030401001192,PRVU,11,58,67,148.0,9916.0,Commercial Banks
1502,1502,1503,2024030404000571,HDHPC,38,25,120,150.0,18000.0,Hydro Power
1503,1503,1504,2024030404000570,API,66,35,500,193.0,96500.0,Hydro Power
1504,1504,1505,2024030404000569,JOSHI,48,28,1330,360.0,478800.0,Hydro Power
1505,1505,1506,2024030403000310,SJLIC,19,32,500,472.2,236100.0,Promoter Shares/debenture
1506,1506,1507,2024030404000568,SGIC,32,84,165,517.0,85305.0,Promoter Shares/debenture
1507,1507,1508,2024030403000309,SHINE,51,57,204,382.0,77928.0,Development Banks
1508,1508,1509,2024030401001191,RAWA,29,34,10,469.2,4692.0,Promoter Shares/debenture
1509,1509,1510,2024030403000308,GUFL,45,25,30,627.3,18819.0,Finance
1510,1510,1511,2024030401001190,GCIL,59,26,112,510.2,57142.4,Promoter Shares/debenture
1511,1511,1512,2024030401001189,GCIL,42,26,440,517.0,227480.0,Promoter Shares/debenture
1512,1512,1513,2024030401001188,TAMOR,53,33,10,396.0,3960.0,Promoter Shares/debenture
1513,1513,1514,2024030404000567,NGPL,7,33,100,318.0,31800.0,Hydro Power
1514,1514,1515,2024030401001187,TAMOR,88,33,990,397.0,393030.0,Promoter Shares/debenture
1515,1515,1516,2024030401001186,HDL,46,48,20,1575.0,31500.0,Manufacturing And Processing
1516,1516,1517,2024030401001185,SONA,32,70,100,483.0,48300.0,Promoter Shares/debenture
1517,1517,1518,2024030401001184,SONA,37,70,100,483.0,48300.0,Promoter Shares/debenture
1518,1518,1519,2024030403000307,DDBL,35,17,50,754.0,37700.0,Microfinance
1519,1519,1520,2024030403000306,NFS,72,25,700,356.4,249480.0,Finance
1520,1520,1521,2024030404000566,CHCL,11,34,19,482.0,9158.0,Hydro Power
1521,1521,1522,2024030401001183,NIMBPO,34,55,20,136.1,2722.0,Promoter Shares/debenture
1522,1522,1523,2024030401001182,LSL,57,49,2000,166.0,332000.0,Promoter Shares/debenture
1523,1523,1524,2024030404000565,API,66,29,500,193.0,96500.0,Hydro Power
1524,1524,1525,2024030401001181,SRLI,35,42,10,445.2,4452.0,Promoter Shares/debenture
1525,1525,1526,2024030403000305,SJLIC,16,32,50,472.2,23610.0,Promoter Shares/debenture
1526,1526,1527,2024030403000304,SJLIC,16,34,100,472.2,47220.0,Promoter Shares/debenture
1527,1527,1528,2024030403000303,SJLIC,16,19,50,472.0,23600.0,Promoter Shares/debenture
1528,1528,1529,2024030404000564,API,66,14,10,193.0,1930.0,Hydro Power
1529,1529,1530,2024030405000289,NIFRA,48,62,100,216.0,21600.0,Investment
1530,1530,1531,2024030404000563,API,48,58,1000,193.3,193300.0,Hydro Power
1531,1531,1532,2024030403000302,RLFL,35,45,490,360.0,176400.0,Finance
1532,1532,1533,2024030403000301,RLFL,35,21,10,360.0,3600.0,Finance
1533,1533,1534,2024030404000562,SSHL,45,5,10,169.7,1697.0,Hydro Power
1534,1534,1535,2024030401001180,HHL,34,47,202,350.0,70700.0,Hydro Power
1535,1535,1536,2024030403000300,CFCL,52,70,50,345.9,17295.0,Finance
1536,1536,1537,2024030401001179,SCB,52,43,20,520.1,10402.0,Commercial Banks
1537,1537,1538,2024030401001178,KBL,25,32,300,150.0,45000.0,Promoter Shares/debenture
1538,1538,1539,2024030401001177,SONA,71,33,200,484.9,96980.0,Promoter Shares/debenture
1539,1539,1540,2024030401001176,BHPL,71,26,10,493.4,4934.0,Hydro Power
1540,1540,1541,2024030401001175,MHL,17,57,10,387.2,3872.0,Hydro Power
1541,1541,1542,2024030401001174,SONA,57,33,400,484.9,193960.0,Promoter Shares/debenture
1542,1542,1543,2024030404000561,HDHPC,22,25,880,150.0,132000.0,Hydro Power
1543,1543,1544,2024030401001173,MHCL,22,18,100,519.0,51900.0,Promoter Shares/debenture
1544,1544,1545,2024030404000560,API,1,58,356,193.3,68814.8,Hydro Power
1545,1545,1546,2024030404000559,API,1,46,14,193.3,2706.2,Hydro Power
1546,1546,1547,2024030404000558,API,1,34,50,193.3,9665.0,Hydro Power
1547,1547,1548,2024030404000557,API,1,29,80,193.2,15456.0,Hydro Power
1548,1548,1549,2024030404000556,SHPC,10,47,100,357.0,35700.0,Hydro Power
1549,1549,1550,2024030401001172,NABIL,58,48,17,449.4,7639.8,Commercial Banks
1550,1550,1551,2024030404000555,NGPL,7,63,150,318.0,47700.0,Hydro Power
1551,1551,1552,2024030403000299,HLI,47,41,500,409.0,204500.0,Promoter Shares/debenture
1552,1552,1553,2024030404000554,API,66,38,220,193.0,42460.0,Hydro Power
1553,1553,1554,2024030405000288,NRIC,22,35,10,750.0,7500.0,Others
1554,1554,1555,2024030403000298,ALICL,72,62,600,574.0,344400.0,Life Insurance
1555,1555,1556,2024030404000553,GHL,34,53,100,158.0,15800.0,Hydro Power
1556,1556,1557,2024030404000552,GHL,34,6,100,157.9,15790.0,Hydro Power
1557,1557,1558,2024030401001171,UHEWA,10,34,10,346.4,3464.0,Hydro Power
1558,1558,1559,2024030403000297,MNBBL,45,43,10,353.0,3530.0,Development Banks
1559,1559,1560,2024030401001170,TPC,50,47,50,549.0,27450.0,Hydro Power
1560,1560,1561,2024030403000296,HLI,50,29,150,399.0,59850.0,Promoter Shares/debenture
1561,1561,1562,2024030401001169,SGHC,57,41,500,321.3,160650.0,Hydro Power
1562,1562,1563,2024030405000287,NIFRA,25,62,200,216.0,43200.0,Investment
1563,1563,1564,2024030403000295,RLFL,42,22,10,360.0,3600.0,Finance
1564,1564,1565,2024030405000286,HRL,45,69,30,640.0,19200.0,Promoter Shares/debenture
1565,1565,1566,2024030401001168,PRVU,22,58,100,148.0,14800.0,Commercial Banks
1566,1566,1567,2024030403000294,SAPDBL,11,49,50,260.0,13000.0,Development Banks
1567,1567,1568,2024030404000551,AHPC,48,41,100,191.1,19110.0,Hydro Power
1568,1568,1569,2024030401001167,SRLI,35,62,10,445.2,4452.0,Promoter Shares/debenture
1569,1569,1570,2024030401001166,SRLI,35,46,280,445.2,124656.0,Promoter Shares/debenture
1570,1570,1571,2024030401001165,SRLI,35,14,310,444.0,137640.0,Promoter Shares/debenture
1571,1571,1572,2024030401001164,SMJC,7,71,400,397.0,158800.0,Promoter Shares/debenture
1572,1572,1573,2024030401001163,SMJC,7,55,100,397.0,39700.0,Promoter Shares/debenture
1573,1573,1574,2024030401001162,SMJC,7,71,100,397.0,39700.0,Promoter Shares/debenture
1574,1574,1575,2024030401001161,SMJC,7,34,50,396.7,19835.0,Promoter Shares/debenture
1575,1575,1576,2024030401001160,SMJC,7,71,1000,396.3,396300.0,Promoter Shares/debenture
1576,1576,1577,2024030401001159,SMJC,7,17,300,396.0,118800.0,Promoter Shares/debenture
1577,1577,1578,2024030403000293,KRBL,32,86,10,364.2,3642.0,Development Banks
1578,1578,1579,2024030401001158,MANDU,77,58,10,693.6,6936.0,Promoter Shares/debenture
1579,1579,1580,2024030401001157,MANDU,77,57,100,693.0,69300.0,Promoter Shares/debenture
1580,1580,1581,2024030401001156,MANDU,77,49,10,693.0,6930.0,Promoter Shares/debenture
1581,1581,1582,2024030401001155,BHL,58,58,10,344.0,3440.0,Hydro Power
1582,1582,1583,2024030401001154,PRVU,58,58,100,148.0,14800.0,Commercial Banks
1583,1583,1584,2024030401001153,SONA,17,33,250,484.9,121225.0,Promoter Shares/debenture
1584,1584,1585,2024030401001152,TAMOR,88,45,10,397.0,3970.0,Promoter Shares/debenture
1585,1585,1586,2024030401001151,HDL,8,58,19,1570.0,29830.0,Manufacturing And Processing
1586,1586,1587,2024030404000550,SGIC,21,84,50,517.0,25850.0,Promoter Shares/debenture
1587,1587,1588,2024030401001150,SPC,71,28,10,612.0,6120.0,Hydro Power
1588,1588,1589,2024030404000549,HDHPC,22,42,920,150.0,138000.0,Hydro Power
1589,1589,1590,2024030404000548,HDHPC,38,42,580,150.0,87000.0,Hydro Power
1590,1590,1591,2024030401001149,MANDU,49,49,10,680.0,6800.0,Promoter Shares/debenture
1591,1591,1592,2024030403000292,SFCL,8,19,10,321.0,3210.0,Finance
1592,1592,1593,2024030404000547,GHL,41,35,20,157.0,3140.0,Hydro Power
1593,1593,1594,2024030404000546,GHL,41,55,40,157.0,6280.0,Hydro Power
1594,1594,1595,2024030404000545,API,35,29,120,193.2,23184.0,Hydro Power
1595,1595,1596,2024030401001148,SONA,28,19,316,489.0,154524.0,Promoter Shares/debenture
1596,1596,1597,2024030401001147,SONA,28,6,200,489.0,97800.0,Promoter Shares/debenture
1597,1597,1598,2024030401001146,SONA,28,48,100,489.0,48900.0,Promoter Shares/debenture
1598,1598,1599,2024030401001145,SONA,28,56,40,489.0,19560.0,Promoter Shares/debenture
1599,1599,1600,2024030401001144,SONA,28,19,1000,489.0,489000.0,Promoter Shares/debenture
1600,1600,1601,2024030401001143,SONA,28,48,1000,489.0,489000.0,Promoter Shares/debenture
1601,1601,1602,2024030401001142,SONA,28,38,500,489.0,244500.0,Promoter Shares/debenture
1602,1602,1603,2024030401001141,SONA,28,21,20,489.0,9780.0,Promoter Shares/debenture
1603,1603,1604,2024030401001140,SONA,28,37,1000,488.9,488900.0,Promoter Shares/debenture
1604,1604,1605,2024030401001139,SONA,28,29,500,488.5,244250.0,Promoter Shares/debenture
1605,1605,1606,2024030401001138,SONA,28,62,1000,488.5,488500.0,Promoter Shares/debenture
1606,1606,1607,2024030401001137,SONA,28,33,1000,488.5,488500.0,Promoter Shares/debenture
1607,1607,1608,2024030401001136,SONA,28,16,1000,488.0,488000.0,Promoter Shares/debenture
1608,1608,1609,2024030401001135,SONA,28,91,110,488.0,53680.0,Promoter Shares/debenture
1609,1609,1610,2024030401001134,SONA,28,44,530,488.0,258640.0,Promoter Shares/debenture
1610,1610,1611,2024030401001133,SONA,28,11,500,488.0,244000.0,Promoter Shares/debenture
1611,1611,1612,2024030401001132,SONA,28,52,200,488.0,97600.0,Promoter Shares/debenture
1612,1612,1613,2024030401001131,SONA,28,62,934,488.0,455792.0,Promoter Shares/debenture
1613,1613,1614,2024030401001130,SONA,28,19,50,484.0,24200.0,Promoter Shares/debenture
1614,1614,1615,2024030404000544,JOSHI,72,6,10,369.0,3690.0,Hydro Power
1615,1615,1616,2024030401001129,CLI,34,21,100,445.0,44500.0,Promoter Shares/debenture
1616,1616,1617,2024030405000285,HRL,91,69,130,640.0,83200.0,Promoter Shares/debenture
1617,1617,1618,2024030405000284,HRL,91,40,100,640.0,64000.0,Promoter Shares/debenture
1618,1618,1619,2024030404000543,NHPC,43,8,10,166.1,1661.0,Hydro Power
1619,1619,1620,2024030403000291,NFS,58,69,900,356.0,320400.0,Finance
1620,1620,1621,2024030403000290,KRBL,32,52,10,364.0,3640.0,Development Banks
1621,1621,1622,2024030404000542,AKPL,32,67,1350,191.0,257850.0,Hydro Power
1622,1622,1623,2024030404000541,AKPL,32,58,100,191.0,19100.0,Hydro Power
1623,1623,1624,2024030404000540,AKPL,32,36,550,190.0,104500.0,Hydro Power
1624,1624,1625,2024030401001128,SHIVM,76,17,718,515.0,369770.0,Manufacturing And Processing
1625,1625,1626,2024030401001127,SHIVM,76,1,99,515.0,50985.0,Manufacturing And Processing
1626,1626,1627,2024030401001126,SHIVM,76,17,150,515.0,77250.0,Manufacturing And Processing
1627,1627,1628,2024030401001125,SHIVM,76,33,200,510.0,102000.0,Manufacturing And Processing
1628,1628,1629,2024030401001124,SHIVM,76,83,1113,510.0,567630.0,Manufacturing And Processing
1629,1629,1630,2024030401001123,SHIVM,76,65,4720,509.0,2402480.0,Manufacturing And Processing
1630,1630,1631,2024030404000539,NGPL,7,58,170,318.0,54060.0,Hydro Power
1631,1631,1632,2024030401001122,CZBIL,57,13,500,167.0,83500.0,Commercial Banks
1632,1632,1633,2024030404000538,RADHI,42,56,10,252.0,2520.0,Hydro Power
1633,1633,1634,2024030403000289,SHINE,22,37,200,383.0,76600.0,Development Banks
1634,1634,1635,2024030405000283,CHDC,64,22,10,990.0,9900.0,Investment
1635,1635,1636,2024030405000282,CHDC,64,84,10,980.0,9800.0,Investment
1636,1636,1637,2024030405000281,CHDC,64,17,200,980.0,196000.0,Investment
1637,1637,1638,2024030405000280,CHDC,64,19,260,980.0,254800.0,Investment
1638,1638,1639,2024030405000279,CHDC,64,6,20,979.5,19590.0,Investment
1639,1639,1640,2024030404000537,SPDL,43,67,10,247.3,2473.0,Hydro Power
1640,1640,1641,2024030401001121,SMH,49,50,500,688.0,344000.0,Promoter Shares/debenture
1641,1641,1642,2024030404000536,JOSHI,48,37,70,356.0,24920.0,Hydro Power
1642,1642,1643,2024030401001120,PCBL,6,1,90,195.8,17622.0,Commercial Banks
1643,1643,1644,2024030403000288,HLI,55,29,50,399.0,19950.0,Promoter Shares/debenture
1644,1644,1645,2024030404000535,NGPL,7,19,243,318.0,77274.0,Hydro Power
1645,1645,1646,2024030404000534,NGPL,42,19,57,318.0,18126.0,Hydro Power
1646,1646,1647,2024030401001119,HATHY,5,45,18,887.0,15966.0,Promoter Shares/debenture
1647,1647,1648,2024030401001118,NBL,32,6,100,223.0,22300.0,Commercial Banks
1648,1648,1649,2024030401001117,MMKJL,29,58,10,421.0,4210.0,Promoter Shares/debenture
1649,1649,1650,2024030401001116,MMKJL,29,90,10,421.0,4210.0,Promoter Shares/debenture
1650,1650,1651,2024030401001115,GVL,62,37,243,455.0,110565.0,Hydro Power
1651,1651,1652,2024030401001114,GVL,62,48,10,450.0,4500.0,Hydro Power
1652,1652,1653,2024030401001113,GVL,62,52,10,447.9,4479.0,Hydro Power
1653,1653,1654,2024030401001112,GVL,62,74,490,447.0,219030.0,Hydro Power
1654,1654,1655,2024030401001111,GVL,62,7,747,446.9,333834.3,Hydro Power
1655,1655,1656,2024030403000287,LICN,39,40,200,1326.0,265200.0,Life Insurance
1656,1656,1657,2024030404000533,NLG,38,58,10,740.0,7400.0,Non Life Insurance
1657,1657,1658,2024030401001110,SNLI,4,45,220,612.0,134640.0,Promoter Shares/debenture
1658,1658,1659,2024030401001109,SNLI,4,54,10,610.0,6100.0,Promoter Shares/debenture
1659,1659,1660,2024030401001108,SNLI,4,20,10,610.0,6100.0,Promoter Shares/debenture
1660,1660,1661,2024030401001107,SNLI,4,58,10,610.0,6100.0,Promoter Shares/debenture
1661,1661,1662,2024030401001106,SONA,16,19,950,484.0,459800.0,Promoter Shares/debenture
1662,1662,1663,2024030404000532,HDHPC,38,58,20,150.0,3000.0,Hydro Power
1663,1663,1664,2024030404000531,HDHPC,38,19,400,150.0,60000.0,Hydro Power
1664,1664,1665,2024030403000286,SINDU,52,42,1000,325.3,325300.0,Development Banks
1665,1665,1666,2024030401001105,KBL,32,38,275,150.8,41470.0,Promoter Shares/debenture
1666,1666,1667,2024030403000285,ICFC,32,36,60,492.0,29520.0,Finance
1667,1667,1668,2024030401001104,VLUCL,36,43,108,564.9,61009.2,Promoter Shares/debenture
1668,1668,1669,2024030401001103,VLUCL,36,75,28,564.9,15817.2,Promoter Shares/debenture
1669,1669,1670,2024030401001102,NYADI,51,41,70,296.0,20720.0,Hydro Power
1670,1670,1671,2024030401001101,GCIL,42,21,10,517.0,5170.0,Promoter Shares/debenture
1671,1671,1672,2024030401001100,GCIL,42,58,10,517.0,5170.0,Promoter Shares/debenture
1672,1672,1673,2024030401001099,GCIL,42,36,40,517.0,20680.0,Promoter Shares/debenture
1673,1673,1674,2024030404000530,BARUN,14,21,410,262.0,107420.0,Hydro Power
1674,1674,1675,2024030404000529,BARUN,14,48,500,257.0,128500.0,Hydro Power
1675,1675,1676,2024030404000528,BARUN,14,43,90,256.9,23121.0,Hydro Power
1676,1676,1677,2024030403000284,NLIC,38,49,50,600.6,30030.0,Life Insurance
1677,1677,1678,2024030403000283,NLIC,58,49,100,600.6,60060.0,Life Insurance
1678,1678,1679,2024030403000282,NLIC,43,49,250,600.6,150150.0,Life Insurance
1679,1679,1680,2024030401001098,HHL,14,47,634,350.0,221900.0,Hydro Power
1680,1680,1681,2024030401001097,NBL,41,6,300,223.0,66900.0,Commercial Banks
1681,1681,1682,2024030401001096,NBL,26,6,100,223.0,22300.0,Commercial Banks
1682,1682,1683,2024030401001095,NBL,26,6,100,223.0,22300.0,Commercial Banks
1683,1683,1684,2024030401001094,BPW,4,1,10,1259.7,12597.0,Promoter Shares/debenture
1684,1684,1685,2024030405000278,NRN,38,62,100,564.9,56490.0,Investment
1685,1685,1686,2024030405000277,NRN,38,34,100,564.0,56400.0,Investment
1686,1686,1687,2024030401001093,NRM,58,65,510,372.4,189924.0,Promoter Shares/debenture
1687,1687,1688,2024030403000281,NABBC,58,51,10,421.2,4212.0,Development Banks
1688,1688,1689,2024030404000527,RIDI,42,65,10,198.0,1980.0,Hydro Power
1689,1689,1690,2024030401001092,TSHL,22,60,10,477.0,4770.0,Promoter Shares/debenture
1690,1690,1691,2024030404000526,RADHI,19,67,10,248.0,2480.0,Hydro Power
1691,1691,1692,2024030401001091,PHCL,16,55,20,323.0,6460.0,Hydro Power
1692,1692,1693,2024030404000525,GLH,49,71,780,224.0,174720.0,Hydro Power
1693,1693,1694,2024030404000524,NHPC,22,8,10,166.1,1661.0,Hydro Power
1694,1694,1695,2024030404000523,NHPC,41,8,1980,166.1,328878.0,Hydro Power
1695,1695,1696,2024030401001090,UHEWA,10,63,10,346.4,3464.0,Hydro Power
1696,1696,1697,2024030401001089,NRM,39,65,58,372.4,21599.2,Promoter Shares/debenture
1697,1697,1698,2024030401001088,NRM,39,19,100,372.1,37210.0,Promoter Shares/debenture
1698,1698,1699,2024030401001087,NRM,39,34,40,372.1,14884.0,Promoter Shares/debenture
1699,1699,1700,2024030401001086,NRM,39,36,680,372.0,252960.0,Promoter Shares/debenture
1700,1700,1701,2024030401001085,NRM,39,52,20,372.0,7440.0,Promoter Shares/debenture
1701,1701,1702,2024030401001084,NRM,39,19,102,372.0,37944.0,Promoter Shares/debenture
1702,1702,1703,2024030404000522,HURJA,41,50,10,307.0,3070.0,Hydro Power
1703,1703,1704,2024030401001083,RFPL,62,38,10,338.0,3380.0,Hydro Power
1704,1704,1705,2024030401001082,ULHC,45,34,200,331.5,66300.0,Promoter Shares/debenture
1705,1705,1706,2024030401001081,RHGCL,59,16,10,303.9,3039.0,Hydro Power
1706,1706,1707,2024030401001080,MHCL,88,18,11,519.0,5709.0,Promoter Shares/debenture
1707,1707,1708,2024030404000521,UMRH,14,21,10,374.3,3743.0,Hydro Power
1708,1708,1709,2024030403000280,NICLBSL,32,55,10,557.0,5570.0,Microfinance
1709,1709,1710,2024030401001079,SONA,65,62,66,488.0,32208.0,Promoter Shares/debenture
1710,1710,1711,2024030401001078,SONA,65,50,434,488.0,211792.0,Promoter Shares/debenture
1711,1711,1712,2024030401001077,ILI,35,58,10,535.0,5350.0,Promoter Shares/debenture
1712,1712,1713,2024030401001076,PRVU,58,58,133,148.0,19684.0,Commercial Banks
1713,1713,1714,2024030403000279,ALICL,57,62,600,574.0,344400.0,Life Insurance
1714,1714,1715,2024030403000278,ALICL,57,59,200,574.0,114800.0,Life Insurance
1715,1715,1716,2024030401001075,SONA,42,50,566,488.0,276208.0,Promoter Shares/debenture
1716,1716,1717,2024030401001074,SONA,42,26,54,488.0,26352.0,Promoter Shares/debenture
1717,1717,1718,2024030401001073,SONA,42,19,500,487.9,243950.0,Promoter Shares/debenture
1718,1718,1719,2024030401001072,SONA,42,58,100,487.0,48700.0,Promoter Shares/debenture
1719,1719,1720,2024030401001071,SONA,42,67,270,486.0,131220.0,Promoter Shares/debenture
1720,1720,1721,2024030401001070,SONA,42,16,1500,485.9,728850.0,Promoter Shares/debenture
1721,1721,1722,2024030401001069,SONA,42,58,10,485.0,4850.0,Promoter Shares/debenture
1722,1722,1723,2024030401001068,SONA,42,36,1000,485.0,485000.0,Promoter Shares/debenture
1723,1723,1724,2024030401001067,HHL,14,1,166,350.0,58100.0,Hydro Power
1724,1724,1725,2024030401001066,MHCL,56,18,10,519.0,5190.0,Promoter Shares/debenture
1725,1725,1726,2024030401001065,NBL,48,48,10,226.8,2268.0,Commercial Banks
1726,1726,1727,2024030403000277,LBBL,35,49,20,389.0,7780.0,Development Banks
1727,1727,1728,2024030401001064,AHL,34,84,10,446.7,4467.0,Promoter Shares/debenture
1728,1728,1729,2024030404000520,AHPC,43,21,100,192.7,19270.0,Hydro Power
1729,1729,1730,2024030404000519,AHPC,43,44,700,192.0,134400.0,Hydro Power
1730,1730,1731,2024030401001063,SRLI,32,14,100,444.0,44400.0,Promoter Shares/debenture
1731,1731,1732,2024030401001062,ULHC,58,37,100,332.5,33250.0,Promoter Shares/debenture
1732,1732,1733,2024030401001061,ULHC,58,39,10,332.5,3325.0,Promoter Shares/debenture
1733,1733,1734,2024030401001060,ULHC,58,8,500,332.0,166000.0,Promoter Shares/debenture
1734,1734,1735,2024030401001059,HDL,8,22,100,1570.0,157000.0,Manufacturing And Processing
1735,1735,1736,2024030401001058,HDL,8,43,30,1570.0,47100.0,Manufacturing And Processing
1736,1736,1737,2024030403000276,KMCDB,3,42,300,654.8,196440.0,Microfinance
1737,1737,1738,2024030403000275,KMCDB,3,22,20,654.2,13084.0,Microfinance
1738,1738,1739,2024030403000274,KMCDB,3,22,31,654.0,20274.0,Microfinance
1739,1739,1740,2024030403000273,KMCDB,3,57,88,648.59,57075.92,Microfinance
1740,1740,1741,2024030401001057,SHIVM,41,65,280,509.0,142520.0,Manufacturing And Processing
1741,1741,1742,2024030401001056,MHCL,28,18,200,519.0,103800.0,Promoter Shares/debenture
1742,1742,1743,2024030401001055,USHEC,61,38,10,354.8,3548.0,Hydro Power
1743,1743,1744,2024030401001054,MKJC,66,84,500,502.1,251050.0,Hydro Power
1744,1744,1745,2024030401001053,SIKLES,17,68,10,482.0,4820.0,Hydro Power
1745,1745,1746,2024030404000518,AKJCL,36,74,500,232.0,116000.0,Hydro Power
1746,1746,1747,2024030404000517,SPDL,43,29,10,247.3,2473.0,Hydro Power
1747,1747,1748,2024030404000516,NGPL,42,42,390,318.0,124020.0,Hydro Power
1748,1748,1749,2024030404000515,NGPL,42,56,1000,318.0,318000.0,Hydro Power
1749,1749,1750,2024030401001052,NWCL,17,58,10,774.0,7740.0,Promoter Shares/debenture
1750,1750,1751,2024030404000514,PMHPL,34,46,10,249.6,2496.0,Hydro Power
1751,1751,1752,2024030404000513,AKJCL,41,26,500,231.9,115950.0,Hydro Power
1752,1752,1753,2024030404000512,GLH,4,71,220,224.0,49280.0,Hydro Power
1753,1753,1754,2024030401001051,SONA,34,67,1000,485.0,485000.0,Promoter Shares/debenture
1754,1754,1755,2024030401001050,ULBSL,49,43,10,1149.5,11495.0,Microfinance
1755,1755,1756,2024030401001049,CYCL,77,54,56,1229.5,68852.0,Microfinance
1756,1756,1757,2024030401001048,CYCL,77,44,11,1229.5,13524.5,Microfinance
1757,1757,1758,2024030401001047,CYCL,77,56,308,1229.5,378686.0,Microfinance
1758,1758,1759,2024030401001046,CYCL,77,49,53,1229.5,65163.5,Microfinance
1759,1759,1760,2024030401001045,CYCL,77,58,21,1229.0,25809.0,Microfinance
1760,1760,1761,2024030401001044,CYCL,77,34,300,1229.0,368700.0,Microfinance
1761,1761,1762,2024030401001043,CYCL,77,56,10,1229.0,12290.0,Microfinance
1762,1762,1763,2024030401001042,CYCL,77,41,10,1229.0,12290.0,Microfinance
1763,1763,1764,2024030401001041,CYCL,77,57,13,1229.0,15977.0,Microfinance
1764,1764,1765,2024030401001040,CYCL,77,42,20,1228.0,24560.0,Microfinance
1765,1765,1766,2024030401001039,CYCL,77,42,13,1222.0,15886.0,Microfinance
1766,1766,1767,2024030401001038,CYCL,77,6,20,1220.0,24400.0,Microfinance
1767,1767,1768,2024030401001037,CYCL,77,35,25,1220.0,30500.0,Microfinance
1768,1768,1769,2024030401001036,CYCL,77,19,50,1220.0,61000.0,Microfinance
1769,1769,1770,2024030401001035,CYCL,77,35,13,1212.0,15756.0,Microfinance
1770,1770,1771,2024030401001034,VLUCL,71,75,222,564.9,125407.8,Promoter Shares/debenture
1771,1771,1772,2024030401001033,VLUCL,71,45,100,564.9,56490.0,Promoter Shares/debenture
1772,1772,1773,2024030401001032,VLUCL,71,58,40,564.0,22560.0,Promoter Shares/debenture
1773,1773,1774,2024030401001031,VLUCL,71,51,10,561.0,5610.0,Promoter Shares/debenture
1774,1774,1775,2024030401001030,VLUCL,71,62,85,561.0,47685.0,Promoter Shares/debenture
1775,1775,1776,2024030401001029,VLUCL,71,28,43,560.0,24080.0,Promoter Shares/debenture
1776,1776,1777,2024030405000276,NIFRA,57,62,1500,216.0,324000.0,Investment
1777,1777,1778,2024030405000275,NIFRA,57,45,300,215.9,64770.0,Investment
1778,1778,1779,2024030405000274,NIFRA,57,45,200,215.0,43000.0,Investment
1779,1779,1780,2024030404000511,UNHPL,74,58,10,254.5,2545.0,Hydro Power
1780,1780,1781,2024030403000272,PFL,49,42,10,359.0,3590.0,Finance
1781,1781,1782,2024030401001028,SPC,53,32,140,600.5,84070.0,Hydro Power
1782,1782,1783,2024030401001027,SPC,53,39,140,600.0,84000.0,Hydro Power
1783,1783,1784,2024030404000510,PRIN,16,16,490,784.0,384160.0,Non Life Insurance
1784,1784,1785,2024030401001026,SONA,16,90,50,484.0,24200.0,Promoter Shares/debenture
1785,1785,1786,2024030401001025,IHL,3,41,200,362.0,72400.0,Promoter Shares/debenture
1786,1786,1787,2024030401001024,IHL,3,38,10,355.0,3550.0,Promoter Shares/debenture
1787,1787,1788,2024030401001023,IHL,3,57,11,355.0,3905.0,Promoter Shares/debenture
1788,1788,1789,2024030401001022,NRM,35,19,38,372.0,14136.0,Promoter Shares/debenture
1789,1789,1790,2024030405000273,NIFRA,18,45,300,215.0,64500.0,Investment
1790,1790,1791,2024030405000272,NIFRA,18,28,700,215.0,150500.0,Investment
1791,1791,1792,2024030404000509,SGIC,38,84,200,517.0,103400.0,Promoter Shares/debenture
1792,1792,1793,2024030401001021,SMJC,7,17,200,396.0,79200.0,Promoter Shares/debenture
1793,1793,1794,2024030401001020,SMJC,7,55,90,396.0,35640.0,Promoter Shares/debenture
1794,1794,1795,2024030401001019,SMJC,7,21,10,395.0,3950.0,Promoter Shares/debenture
1795,1795,1796,2024030404000508,CGH,38,37,30,860.0,25800.0,Hotels And Tourism
1796,1796,1797,2024030404000507,CGH,38,21,20,860.0,17200.0,Hotels And Tourism
1797,1797,1798,2024030405000271,NIFRA,57,34,30,214.0,6420.0,Investment
1798,1798,1799,2024030404000506,API,66,50,100,193.0,19300.0,Hydro Power
1799,1799,1800,2024030404000505,API,66,14,172,193.0,33196.0,Hydro Power
1800,1800,1801,2024030404000504,API,66,14,10,192.5,1925.0,Hydro Power
1801,1801,1802,2024030401001018,MHCL,32,88,285,500.0,142500.0,Promoter Shares/debenture
1802,1802,1803,2024030401001017,MHCL,77,88,700,500.0,350000.0,Promoter Shares/debenture
1803,1803,1804,2024030401001016,MHCL,16,88,1000,500.0,500000.0,Promoter Shares/debenture
1804,1804,1805,2024030401001015,MHCL,91,88,50,501.0,25050.0,Promoter Shares/debenture
1805,1805,1806,2024030401001014,MHCL,35,88,100,508.0,50800.0,Promoter Shares/debenture
1806,1806,1807,2024030401001013,MHCL,66,88,800,509.0,407200.0,Promoter Shares/debenture
1807,1807,1808,2024030401001012,MHCL,58,88,65,518.0,33670.0,Promoter Shares/debenture
1808,1808,1809,2024030403000271,ALICL,57,62,100,576.8,57680.0,Life Insurance
1809,1809,1810,2024030403000270,ALICL,57,33,4400,575.0,2530000.0,Life Insurance
1810,1810,1811,2024030404000503,GHL,26,55,50,157.0,7850.0,Hydro Power
1811,1811,1812,2024030405000270,NIFRA,44,28,100,215.0,21500.0,Investment
1812,1812,1813,2024030404000502,HURJA,42,39,800,302.9,242320.0,Hydro Power
1813,1813,1814,2024030405000269,NRN,32,49,200,561.0,112200.0,Investment
1814,1814,1815,2024030405000268,NRN,32,34,200,561.0,112200.0,Investment
1815,1815,1816,2024030404000501,HURJA,14,39,200,302.9,60580.0,Hydro Power
1816,1816,1817,2024030401001011,NICA,33,22,385,434.9,167436.5,Commercial Banks
1817,1817,1818,2024030401001010,NICA,33,50,100,434.9,43490.0,Commercial Banks
1818,1818,1819,2024030401001009,NICA,33,42,15,434.9,6523.5,Commercial Banks
1819,1819,1820,2024030404000500,NGPL,42,58,53,318.0,16854.0,Hydro Power
1820,1820,1821,2024030404000499,NGPL,44,58,102,318.0,32436.0,Hydro Power
1821,1821,1822,2024030401001008,VLUCL,7,28,57,560.0,31920.0,Promoter Shares/debenture
1822,1822,1823,2024030401001007,VLUCL,7,58,180,558.9,100602.0,Promoter Shares/debenture
1823,1823,1824,2024030401001006,VLUCL,7,51,13,558.9,7265.7,Promoter Shares/debenture
1824,1824,1825,2024030401001005,SONA,71,50,195,485.0,94575.0,Promoter Shares/debenture
1825,1825,1826,2024030401001004,SONA,71,6,40,485.0,19400.0,Promoter Shares/debenture
1826,1826,1827,2024030401001003,SONA,71,48,100,485.0,48500.0,Promoter Shares/debenture
1827,1827,1828,2024030401001002,SONA,71,58,30,485.0,14550.0,Promoter Shares/debenture
1828,1828,1829,2024030401001001,SONA,71,75,90,484.9,43641.0,Promoter Shares/debenture
1829,1829,1830,2024030401001000,SONA,71,52,100,484.0,48400.0,Promoter Shares/debenture
1830,1830,1831,2024030401000999,SONA,71,67,500,484.0,242000.0,Promoter Shares/debenture
1831,1831,1832,2024030401000998,SONA,71,21,1000,483.5,483500.0,Promoter Shares/debenture
1832,1832,1833,2024030401000997,SONA,71,19,945,483.0,456435.0,Promoter Shares/debenture
1833,1833,1834,2024030405000267,NRIC,74,53,35,763.0,26705.0,Others
1834,1834,1835,2024030405000266,NRIC,74,35,65,762.9,49588.5,Others
1835,1835,1836,2024030405000265,NRIC,74,58,500,760.0,380000.0,Others
1836,1836,1837,2024030404000498,CGH,62,21,20,860.0,17200.0,Hotels And Tourism
1837,1837,1838,2024030401000996,PPL,44,21,390,339.0,132210.0,Hydro Power
1838,1838,1839,2024030404000497,HPPL,42,4,10,290.9,2909.0,Hydro Power
1839,1839,1840,2024030401000995,SNLI,40,48,60,610.0,36600.0,Promoter Shares/debenture
1840,1840,1841,2024030403000269,NFS,35,25,2000,356.4,712800.0,Finance
1841,1841,1842,2024030403000268,SWBBL,35,34,10,707.4,7074.0,Microfinance
1842,1842,1843,2024030401000994,MKHL,59,65,100,377.4,37740.0,Promoter Shares/debenture
1843,1843,1844,2024030401000993,MKHL,59,43,10,377.4,3774.0,Promoter Shares/debenture
1844,1844,1845,2024030401000992,MKHL,59,35,1000,377.0,377000.0,Promoter Shares/debenture
1845,1845,1846,2024030405000264,NIFRA,58,28,200,215.0,43000.0,Investment
1846,1846,1847,2024030405000263,NIFRA,58,52,100,215.0,21500.0,Investment
1847,1847,1848,2024030405000262,NIFRA,58,39,700,214.9,150430.0,Investment
1848,1848,1849,2024030401000991,USHL,36,5,10,469.2,4692.0,Promoter Shares/debenture
1849,1849,1850,2024030401000990,SHIVM,57,83,500,510.0,255000.0,Manufacturing And Processing
1850,1850,1851,2024030401000989,HDL,26,32,17,1565.0,26605.0,Manufacturing And Processing
1851,1851,1852,2024030404000496,API,8,42,110,192.0,21120.0,Hydro Power
1852,1852,1853,2024030404000495,API,4,42,20,192.5,3850.0,Hydro Power
1853,1853,1854,2024030401000988,MANDU,42,49,90,693.0,62370.0,Promoter Shares/debenture
1854,1854,1855,2024030401000987,MANDU,42,21,10,680.1,6801.0,Promoter Shares/debenture
1855,1855,1856,2024030404000494,BPCL,14,25,50,317.0,15850.0,Hydro Power
1856,1856,1857,2024030401000986,HBL,11,17,104,190.5,19812.0,Commercial Banks
1857,1857,1858,2024030401000985,HATHY,42,1,10,888.0,8880.0,Promoter Shares/debenture
1858,1858,1859,2024030401000984,NRM,8,19,10,372.0,3720.0,Promoter Shares/debenture
1859,1859,1860,2024030401000983,TAMOR,10,81,1000,397.0,397000.0,Promoter Shares/debenture
1860,1860,1861,2024030401000982,TAMOR,10,50,1000,397.0,397000.0,Promoter Shares/debenture
1861,1861,1862,2024030401000981,TAMOR,10,47,100,396.0,39600.0,Promoter Shares/debenture
1862,1862,1863,2024030401000980,NICA,20,3,200,432.1,86420.0,Commercial Banks
1863,1863,1864,2024030401000979,HDL,6,70,71,1560.0,110760.0,Manufacturing And Processing
1864,1864,1865,2024030401000978,MANDU,49,35,10,680.0,6800.0,Promoter Shares/debenture
1865,1865,1866,2024030404000493,NGPL,44,47,198,318.0,62964.0,Hydro Power
1866,1866,1867,2024030403000267,HLI,5,34,500,406.0,203000.0,Promoter Shares/debenture
1867,1867,1868,2024030403000266,HLI,5,57,155,401.0,62155.0,Promoter Shares/debenture
1868,1868,1869,2024030405000261,NRN,33,45,500,554.0,277000.0,Investment
1869,1869,1870,2024030404000492,SJCL,4,58,10,276.4,2764.0,Hydro Power
1870,1870,1871,2024030401000977,BHL,29,32,1000,344.0,344000.0,Hydro Power
1871,1871,1872,2024030403000265,ICFC,14,36,140,492.0,68880.0,Finance
1872,1872,1873,2024030403000264,ICFC,14,43,350,491.9,172165.0,Finance
1873,1873,1874,2024030403000263,ICFC,14,38,10,490.0,4900.0,Finance
1874,1874,1875,2024030403000262,GILB,49,50,36,822.0,29592.0,Microfinance
1875,1875,1876,2024030403000261,GILB,49,22,15,821.9,12328.5,Microfinance
1876,1876,1877,2024030404000491,MEN,46,53,380,627.0,238260.0,Hydro Power
1877,1877,1878,2024030404000490,MEN,46,33,10,626.0,6260.0,Hydro Power
1878,1878,1879,2024030405000260,NTC,38,35,10,865.0,8650.0,Others
1879,1879,1880,2024030401000976,NICA,54,42,10,434.9,4349.0,Commercial Banks
1880,1880,1881,2024030404000489,AKJCL,17,38,10,229.0,2290.0,Hydro Power
1881,1881,1882,2024030404000488,API,36,14,100,193.0,19300.0,Hydro Power
1882,1882,1883,2024030404000487,API,36,32,400,192.5,77000.0,Hydro Power
1883,1883,1884,2024030403000260,SINDU,36,42,200,325.3,65060.0,Development Banks
1884,1884,1885,2024030404000486,UPPER,51,36,140,210.0,29400.0,Hydro Power
1885,1885,1886,2024030401000975,NABIL,58,21,50,449.4,22470.0,Commercial Banks
1886,1886,1887,2024030405000259,HRL,56,40,100,640.0,64000.0,Promoter Shares/debenture
1887,1887,1888,2024030401000974,JBLB,56,32,10,1239.3,12393.0,Microfinance
1888,1888,1889,2024030401000973,SONA,41,19,55,483.0,26565.0,Promoter Shares/debenture
1889,1889,1890,2024030401000972,SONA,41,68,145,483.0,70035.0,Promoter Shares/debenture
1890,1890,1891,2024030403000259,VLBS,52,64,10,591.6,5916.0,Microfinance
1891,1891,1892,2024030404000485,AKPL,5,36,200,190.0,38000.0,Hydro Power
1892,1892,1893,2024030404000484,AKPL,49,36,200,190.0,38000.0,Hydro Power
1893,1893,1894,2024030404000483,AKPL,6,36,50,190.1,9505.0,Hydro Power
1894,1894,1895,2024030403000258,DDBL,51,21,36,740.0,26640.0,Microfinance
1895,1895,1896,2024030405000258,NRN,26,34,300,561.0,168300.0,Investment
1896,1896,1897,2024030404000482,UAIL,26,34,10,541.0,5410.0,Promoter Shares/debenture
1897,1897,1898,2024030403000257,NFS,33,25,280,356.4,99792.0,Finance
1898,1898,1899,2024030403000256,NFS,33,70,50,356.4,17820.0,Finance
1899,1899,1900,2024030403000255,NFS,33,34,470,356.3,167461.0,Finance
1900,1900,1901,2024030404000481,NGPL,41,58,600,317.0,190200.0,Hydro Power
1901,1901,1902,2024030401000971,VLUCL,57,51,50,558.9,27945.0,Promoter Shares/debenture
1902,1902,1903,2024030405000257,HRL,26,35,300,640.0,192000.0,Promoter Shares/debenture
1903,1903,1904,2024030405000256,HRL,35,35,70,640.0,44800.0,Promoter Shares/debenture
1904,1904,1905,2024030405000255,HRL,56,35,500,640.0,320000.0,Promoter Shares/debenture
1905,1905,1906,2024030405000254,HRL,74,35,3260,640.0,2086400.0,Promoter Shares/debenture
1906,1906,1907,2024030405000253,HRL,45,35,20,641.0,12820.0,Promoter Shares/debenture
1907,1907,1908,2024030405000252,HRL,54,35,145,641.0,92945.0,Promoter Shares/debenture
1908,1908,1909,2024030401000970,SPC,28,39,10,600.0,6000.0,Hydro Power
1909,1909,1910,2024030401000969,MHCL,54,18,383,519.0,198777.0,Promoter Shares/debenture
1910,1910,1911,2024030401000968,MHCL,54,88,90,518.0,46620.0,Promoter Shares/debenture
1911,1911,1912,2024030401000967,MHCL,54,25,490,517.0,253330.0,Promoter Shares/debenture
1912,1912,1913,2024030403000254,GBBL,59,45,200,378.0,75600.0,Development Banks
1913,1913,1914,2024030401000966,VLUCL,59,51,37,558.9,20679.3,Promoter Shares/debenture
1914,1914,1915,2024030401000965,VLUCL,59,43,163,558.0,90954.0,Promoter Shares/debenture
1915,1915,1916,2024030401000964,SHIVM,76,83,387,510.0,197370.0,Manufacturing And Processing
1916,1916,1917,2024030401000963,SHIVM,76,8,500,510.0,255000.0,Manufacturing And Processing
1917,1917,1918,2024030401000962,SHIVM,76,26,100,510.0,51000.0,Manufacturing And Processing
1918,1918,1919,2024030401000961,SHIVM,76,36,150,510.0,76500.0,Manufacturing And Processing
1919,1919,1920,2024030401000960,SHIVM,76,55,100,510.0,51000.0,Manufacturing And Processing
1920,1920,1921,2024030401000959,SHIVM,76,42,200,509.0,101800.0,Manufacturing And Processing
1921,1921,1922,2024030401000958,SHIVM,76,34,50,509.0,25450.0,Manufacturing And Processing
1922,1922,1923,2024030401000957,SHIVM,76,11,500,509.0,254500.0,Manufacturing And Processing
1923,1923,1924,2024030401000956,SHIVM,76,46,100,509.0,50900.0,Manufacturing And Processing
1924,1924,1925,2024030401000955,SHIVM,76,81,200,509.0,101800.0,Manufacturing And Processing
1925,1925,1926,2024030401000954,SHIVM,76,25,500,508.9,254450.0,Manufacturing And Processing
1926,1926,1927,2024030401000953,SHIVM,76,44,300,508.9,152670.0,Manufacturing And Processing
1927,1927,1928,2024030401000952,SHIVM,76,38,500,508.0,254000.0,Manufacturing And Processing
1928,1928,1929,2024030401000951,SHIVM,76,25,400,508.0,203200.0,Manufacturing And Processing
1929,1929,1930,2024030401000950,SHIVM,76,42,395,507.8,200581.0,Manufacturing And Processing
1930,1930,1931,2024030401000949,SHIVM,76,40,300,506.0,151800.0,Manufacturing And Processing
1931,1931,1932,2024030401000948,SHIVM,76,71,3776,506.0,1910656.0,Manufacturing And Processing
1932,1932,1933,2024030401000947,SHIVM,76,66,642,506.0,324852.0,Manufacturing And Processing
1933,1933,1934,2024030401000946,SHIVM,76,65,900,505.0,454500.0,Manufacturing And Processing
1934,1934,1935,2024030404000480,IGI,74,6,289,550.0,158950.0,Non Life Insurance
1935,1935,1936,2024030404000479,IGI,74,37,500,550.0,275000.0,Non Life Insurance
1936,1936,1937,2024030404000478,IGI,74,33,11,550.0,6050.0,Non Life Insurance
1937,1937,1938,2024030401000945,CITY,32,39,10,592.6,5926.0,Promoter Shares/debenture
1938,1938,1939,2024030401000944,CITY,32,58,10,592.0,5920.0,Promoter Shares/debenture
1939,1939,1940,2024030404000477,UMRH,14,29,30,374.3,11229.0,Hydro Power
1940,1940,1941,2024030401000943,NABIL,42,45,50,440.6,22030.0,Commercial Banks
1941,1941,1942,2024030404000476,NGPL,36,58,400,318.0,127200.0,Hydro Power
1942,1942,1943,2024030401000942,HHL,22,1,834,350.0,291900.0,Hydro Power
1943,1943,1944,2024030401000941,HHL,22,32,146,350.0,51100.0,Hydro Power
1944,1944,1945,2024030401000940,HHL,22,32,20,349.9,6998.0,Hydro Power
1945,1945,1946,2024030404000475,CHCL,11,67,81,482.0,39042.0,Hydro Power
1946,1946,1947,2024030403000253,HLI,8,57,45,401.0,18045.0,Promoter Shares/debenture
1947,1947,1948,2024030403000252,HLI,8,10,1000,400.7,400700.0,Promoter Shares/debenture
1948,1948,1949,2024030403000251,HLI,8,19,40,400.0,16000.0,Promoter Shares/debenture
1949,1949,1950,2024030403000250,HLI,8,35,200,400.0,80000.0,Promoter Shares/debenture
1950,1950,1951,2024030403000249,HLI,8,4,200,400.0,80000.0,Promoter Shares/debenture
1951,1951,1952,2024030403000248,HLI,8,8,500,400.0,200000.0,Promoter Shares/debenture
1952,1952,1953,2024030403000247,HLI,8,42,15,399.0,5985.0,Promoter Shares/debenture
1953,1953,1954,2024030401000939,SHIVM,6,65,500,505.0,252500.0,Manufacturing And Processing
1954,1954,1955,2024030401000938,SHIVM,41,65,3000,505.0,1515000.0,Manufacturing And Processing
1955,1955,1956,2024030404000474,RBCL,55,48,10,14280.0,142800.0,Non Life Insurance
1956,1956,1957,2024030404000473,GHL,35,55,50,157.0,7850.0,Hydro Power
1957,1957,1958,2024030403000246,KRBL,62,52,10,357.1,3571.0,Development Banks
1958,1958,1959,2024030404000472,CHCL,52,67,19,482.0,9158.0,Hydro Power
1959,1959,1960,2024030401000937,HBL,13,17,500,190.5,95250.0,Commercial Banks
1960,1960,1961,2024030405000251,NRN,69,51,1290,560.0,722400.0,Investment
1961,1961,1962,2024030404000471,SHL,86,94,495,449.0,222255.0,Hotels And Tourism
1962,1962,1963,2024030403000245,KRBL,62,86,10,357.1,3571.0,Development Banks
1963,1963,1964,2024030401000936,ULHC,45,57,100,328.9,32890.0,Promoter Shares/debenture
1964,1964,1965,2024030401000935,ULHC,45,34,100,326.0,32600.0,Promoter Shares/debenture
1965,1965,1966,2024030404000470,NGPL,36,84,600,317.0,190200.0,Hydro Power
1966,1966,1967,2024030401000934,MKHL,51,35,2000,377.0,754000.0,Promoter Shares/debenture
1967,1967,1968,2024030404000469,GHL,32,55,100,157.0,15700.0,Hydro Power
1968,1968,1969,2024030401000933,TSHL,22,42,10,477.0,4770.0,Promoter Shares/debenture
1969,1969,1970,2024030401000932,GCIL,42,36,80,517.0,41360.0,Promoter Shares/debenture
1970,1970,1971,2024030401000931,GCIL,42,57,70,517.0,36190.0,Promoter Shares/debenture
1971,1971,1972,2024030401000930,SHIVM,1,65,500,505.0,252500.0,Manufacturing And Processing
1972,1972,1973,2024030403000244,MPFL,49,55,190,354.5,67355.0,Finance
1973,1973,1974,2024030401000929,MHCL,56,25,10,517.0,5170.0,Promoter Shares/debenture
1974,1974,1975,2024030404000468,NHPC,41,47,10,166.1,1661.0,Hydro Power
1975,1975,1976,2024030403000243,CFCL,57,50,320,340.0,108800.0,Finance
1976,1976,1977,2024030404000467,UPCL,59,57,290,221.0,64090.0,Hydro Power
1977,1977,1978,2024030404000466,UPCL,57,57,500,222.0,111000.0,Hydro Power
1978,1978,1979,2024030403000242,FMDBL,57,56,40,592.4,23696.0,Microfinance
1979,1979,1980,2024030401000928,KBSH,72,28,10,952.2,9522.0,Promoter Shares/debenture
1980,1980,1981,2024030404000465,NGPL,38,84,200,317.0,63400.0,Hydro Power
1981,1981,1982,2024030404000464,NGPL,45,84,200,317.0,63400.0,Hydro Power
1982,1982,1983,2024030404000463,NGPL,49,84,100,317.0,31700.0,Hydro Power
1983,1983,1984,2024030404000462,RADHI,19,47,10,248.0,2480.0,Hydro Power
1984,1984,1985,2024030405000250,NIFRA,7,39,300,214.9,64470.0,Investment
1985,1985,1986,2024030404000461,AKPL,38,8,400,191.4,76560.0,Hydro Power
1986,1986,1987,2024030401000927,DOLTI,71,43,10,384.7,3847.0,Promoter Shares/debenture
1987,1987,1988,2024030401000926,DOLTI,71,43,190,384.0,72960.0,Promoter Shares/debenture
1988,1988,1989,2024030405000249,HRL,62,56,50,643.0,32150.0,Promoter Shares/debenture
1989,1989,1990,2024030401000925,NWCL,26,16,10,774.0,7740.0,Promoter Shares/debenture
1990,1990,1991,2024030401000924,NWCL,26,33,200,774.0,154800.0,Promoter Shares/debenture
1991,1991,1992,2024030401000923,VLUCL,44,43,577,558.0,321966.0,Promoter Shares/debenture
1992,1992,1993,2024030401000922,VLUCL,44,58,325,558.0,181350.0,Promoter Shares/debenture
1993,1993,1994,2024030401000921,VLUCL,44,48,500,558.0,279000.0,Promoter Shares/debenture
1994,1994,1995,2024030401000920,VLUCL,44,4,550,558.0,306900.0,Promoter Shares/debenture
1995,1995,1996,2024030401000919,VLUCL,44,47,100,557.8,55780.0,Promoter Shares/debenture
1996,1996,1997,2024030401000918,VLUCL,44,62,498,557.7,277734.6,Promoter Shares/debenture
1997,1997,1998,2024030401000917,VLUCL,44,87,50,557.0,27850.0,Promoter Shares/debenture
1998,1998,1999,2024030401000916,VLUCL,44,58,10,555.0,5550.0,Promoter Shares/debenture
1999,1999,2000,2024030401000915,VLUCL,44,60,90,554.0,49860.0,Promoter Shares/debenture
2000,2000,2001,2024030404000460,NICL,26,33,100,856.0,85600.0,Non Life Insurance
2001,2001,2002,2024030401000914,MHL,25,57,100,379.7,37970.0,Hydro Power
2002,2002,2003,2024030401000913,CKHL,13,14,10,633.0,6330.0,Promoter Shares/debenture
2003,2003,2004,2024030403000241,ALBSL,53,6,10,645.0,6450.0,Microfinance
2004,2004,2005,2024030405000248,HRL,22,56,500,643.0,321500.0,Promoter Shares/debenture
2005,2005,2006,2024030404000459,CHL,11,29,10,309.0,3090.0,Hydro Power
2006,2006,2007,2024030404000458,CHL,11,40,50,303.9,15195.0,Hydro Power
2007,2007,2008,2024030405000247,NTC,11,44,490,881.0,431690.0,Others
2008,2008,2009,2024030403000240,ALICL,58,33,200,575.0,115000.0,Life Insurance
2009,2009,2010,2024030404000457,AKPL,50,8,16,191.4,3062.4,Hydro Power
2010,2010,2011,2024030403000239,ALICL,48,33,50,575.0,28750.0,Life Insurance
2011,2011,2012,2024030403000238,SADBL,39,53,10,306.0,3060.0,Development Banks
2012,2012,2013,2024030403000237,SADBL,39,16,100,306.0,30600.0,Development Banks
2013,2013,2014,2024030404000456,UMRH,46,47,10,367.6,3676.0,Hydro Power
2014,2014,2015,2024030401000912,CLI,57,21,50,445.0,22250.0,Promoter Shares/debenture
2015,2015,2016,2024030401000911,IHL,66,57,489,355.0,173595.0,Promoter Shares/debenture
2016,2016,2017,2024030401000910,IHL,66,5,311,354.0,110094.0,Promoter Shares/debenture
2017,2017,2018,2024030401000909,RHGCL,17,67,10,300.0,3000.0,Hydro Power
2018,2018,2019,2024030401000908,ULHC,34,34,200,325.0,65000.0,Promoter Shares/debenture
2019,2019,2020,2024030404000455,AHPC,21,21,15,192.7,2890.5,Hydro Power
2020,2020,2021,2024030403000236,ALICL,21,33,300,575.0,172500.0,Life Insurance
2021,2021,2022,2024030403000235,CBBL,29,58,10,841.5,8415.0,Microfinance
2022,2022,2023,2024030403000234,CBBL,29,16,200,841.5,168300.0,Microfinance
2023,2023,2024,2024030403000233,CBBL,29,57,15,840.0,12600.0,Microfinance
2024,2024,2025,2024030401000907,NWCL,1,35,10,774.0,7740.0,Promoter Shares/debenture
2025,2025,2026,2024030404000454,AHPC,33,21,600,192.7,115620.0,Hydro Power
2026,2026,2027,2024030404000453,AHPC,33,58,400,192.6,77040.0,Hydro Power
2027,2027,2028,2024030403000232,SHINE,8,37,90,383.0,34470.0,Development Banks
2028,2028,2029,2024030403000231,JBBL,90,54,60,300.1,18006.0,Development Banks
2029,2029,2030,2024030404000452,JOSHI,57,28,20,355.4,7108.0,Hydro Power
2030,2030,2031,2024030404000451,JOSHI,1,28,2000,360.0,720000.0,Hydro Power
2031,2031,2032,2024030404000450,JOSHI,57,28,990,362.6,358974.0,Hydro Power
2032,2032,2033,2024030404000449,JOSHI,41,28,80,365.0,29200.0,Hydro Power
2033,2033,2034,2024030404000448,JOSHI,44,28,50,366.0,18300.0,Hydro Power
2034,2034,2035,2024030401000906,HDL,55,32,10,1565.0,15650.0,Manufacturing And Processing
2035,2035,2036,2024030401000905,HDL,55,16,10,1560.0,15600.0,Manufacturing And Processing
2036,2036,2037,2024030401000904,HDL,55,4,10,1558.0,15580.0,Manufacturing And Processing
2037,2037,2038,2024030401000903,HDL,55,26,78,1558.0,121524.0,Manufacturing And Processing
2038,2038,2039,2024030401000902,HDL,55,58,35,1557.0,54495.0,Manufacturing And Processing
2039,2039,2040,2024030401000901,HDL,55,63,66,1557.0,102762.0,Manufacturing And Processing
2040,2040,2041,2024030401000900,HDL,55,59,40,1556.0,62240.0,Manufacturing And Processing
2041,2041,2042,2024030401000899,HDL,55,58,20,1550.0,31000.0,Manufacturing And Processing
2042,2042,2043,2024030401000898,HDL,55,58,20,1550.0,31000.0,Manufacturing And Processing
2043,2043,2044,2024030401000897,HDL,55,38,11,1550.0,17050.0,Manufacturing And Processing
2044,2044,2045,2024030404000447,RHPL,35,26,200,284.0,56800.0,Hydro Power
2045,2045,2046,2024030404000446,RHPL,35,49,900,284.0,255600.0,Hydro Power
2046,2046,2047,2024030405000246,HRL,47,56,45,643.0,28935.0,Promoter Shares/debenture
2047,2047,2048,2024030405000245,HRL,47,48,55,643.0,35365.0,Promoter Shares/debenture
2048,2048,2049,2024030401000896,NBL,59,21,100,227.0,22700.0,Commercial Banks
2049,2049,2050,2024030401000895,NBL,59,59,1000,226.9,226900.0,Commercial Banks
2050,2050,2051,2024030404000445,SGIC,59,84,185,517.0,95645.0,Promoter Shares/debenture
2051,2051,2052,2024030401000894,ILI,35,45,10,535.0,5350.0,Promoter Shares/debenture
2052,2052,2053,2024030401000893,ADBL,45,46,10,237.4,2374.0,Commercial Banks
2053,2053,2054,2024030404000444,JOSHI,44,62,10,366.0,3660.0,Hydro Power
2054,2054,2055,2024030405000244,HRL,14,48,445,643.0,286135.0,Promoter Shares/debenture
2055,2055,2056,2024030405000243,HRL,14,1,55,643.0,35365.0,Promoter Shares/debenture
2056,2056,2057,2024030401000892,SGHC,10,25,120,321.0,38520.0,Hydro Power
2057,2057,2058,2024030401000891,GBIME,6,49,10,192.4,1924.0,Promoter Shares/debenture
2058,2058,2059,2024030401000890,GBIME,6,7,100,192.4,19240.0,Promoter Shares/debenture
2059,2059,2060,2024030401000889,GBIME,6,22,100,192.4,19240.0,Promoter Shares/debenture
2060,2060,2061,2024030401000888,GBIME,6,11,80,192.0,15360.0,Promoter Shares/debenture
2061,2061,2062,2024030401000887,HATHY,49,7,134,888.9,119112.6,Promoter Shares/debenture
2062,2062,2063,2024030401000886,HATHY,49,19,59,888.0,52392.0,Promoter Shares/debenture
2063,2063,2064,2024030404000443,NGPL,49,71,200,317.0,63400.0,Hydro Power
2064,2064,2065,2024030403000230,KSBBL,49,45,10,358.7,3587.0,Development Banks
2065,2065,2066,2024030403000229,KSBBL,49,34,128,358.0,45824.0,Development Banks
2066,2066,2067,2024030405000242,HRL,38,1,145,643.0,93235.0,Promoter Shares/debenture
2067,2067,2068,2024030405000241,HRL,38,38,20,642.0,12840.0,Promoter Shares/debenture
2068,2068,2069,2024030404000442,GLH,44,40,50,225.0,11250.0,Hydro Power
2069,2069,2070,2024030404000441,GLH,44,29,100,225.0,22500.0,Hydro Power
2070,2070,2071,2024030404000440,GLH,44,42,1400,225.0,315000.0,Hydro Power
2071,2071,2072,2024030404000439,GLH,44,34,50,225.0,11250.0,Hydro Power
2072,2072,2073,2024030401000885,SONA,22,50,1000,480.0,480000.0,Promoter Shares/debenture
2073,2073,2074,2024030401000884,SONA,22,35,1000,480.0,480000.0,Promoter Shares/debenture
2074,2074,2075,2024030401000883,SONA,22,26,200,480.0,96000.0,Promoter Shares/debenture
2075,2075,2076,2024030401000882,SONA,22,34,250,480.0,120000.0,Promoter Shares/debenture
2076,2076,2077,2024030401000881,SONA,22,7,50,479.9,23995.0,Promoter Shares/debenture
2077,2077,2078,2024030401000880,MKCL,57,39,20,980.0,19600.0,Promoter Shares/debenture
2078,2078,2079,2024030401000879,MKCL,29,39,100,980.0,98000.0,Promoter Shares/debenture
2079,2079,2080,2024030405000240,NIFRA,57,22,516,215.0,110940.0,Investment
2080,2080,2081,2024030405000239,NIFRA,57,55,954,214.9,205014.6,Investment
2081,2081,2082,2024030405000238,NIFRA,57,57,200,214.8,42960.0,Investment
2082,2082,2083,2024030405000237,NIFRA,57,38,300,214.7,64410.0,Investment
2083,2083,2084,2024030405000236,NIFRA,57,22,30,213.0,6390.0,Investment
2084,2084,2085,2024030401000878,TVCL,64,19,4960,563.2,2793472.0,Promoter Shares/debenture
2085,2085,2086,2024030401000877,SONA,71,49,10,475.0,4750.0,Promoter Shares/debenture
2086,2086,2087,2024030401000876,USHEC,32,34,10,347.9,3479.0,Hydro Power
2087,2087,2088,2024030404000438,JOSHI,49,6,500,369.0,184500.0,Hydro Power
2088,2088,2089,2024030403000228,SFCL,58,34,10,315.0,3150.0,Finance
2089,2089,2090,2024030401000875,PHCL,40,11,500,319.1,159550.0,Hydro Power
2090,2090,2091,2024030404000437,SHPC,38,58,50,358.0,17900.0,Hydro Power
2091,2091,2092,2024030404000436,SHPC,38,48,250,357.0,89250.0,Hydro Power
2092,2092,2093,2024030404000435,SHPC,38,43,200,356.0,71200.0,Hydro Power
2093,2093,2094,2024030404000434,SHPC,38,43,100,355.0,35500.0,Hydro Power
2094,2094,2095,2024030401000874,RFPL,49,29,200,343.0,68600.0,Hydro Power
2095,2095,2096,2024030405000235,HRL,54,19,10,641.0,6410.0,Promoter Shares/debenture
2096,2096,2097,2024030403000227,JBBL,54,54,90,300.1,27009.0,Development Banks
2097,2097,2098,2024030403000226,JBBL,54,7,10,300.0,3000.0,Development Banks
2098,2098,2099,2024030404000433,SALICO,34,58,140,650.0,91000.0,Promoter Shares/debenture
2099,2099,2100,2024030401000873,PCBL,21,1,50,195.8,9790.0,Commercial Banks
2100,2100,2101,2024030401000872,PCBL,21,19,150,195.7,29355.0,Commercial Banks
2101,2101,2102,2024030401000871,SONA,71,58,10,475.0,4750.0,Promoter Shares/debenture
2102,2102,2103,2024030404000432,HDHPC,58,19,200,150.0,30000.0,Hydro Power
2103,2103,2104,2024030405000234,NTC,58,44,10,881.2,8812.0,Others
2104,2104,2105,2024030404000431,SPIL,39,36,10,726.5,7265.0,Promoter Shares/debenture
2105,2105,2106,2024030401000870,SHIVM,16,65,100,505.0,50500.0,Manufacturing And Processing
2106,2106,2107,2024030401000869,HATHY,57,19,11,888.0,9768.0,Promoter Shares/debenture
2107,2107,2108,2024030401000868,ILI,59,36,290,545.0,158050.0,Promoter Shares/debenture
2108,2108,2109,2024030401000867,ILI,59,25,100,544.0,54400.0,Promoter Shares/debenture
2109,2109,2110,2024030401000866,ILI,59,33,110,535.8,58938.0,Promoter Shares/debenture
2110,2110,2111,2024030401000865,PRVU,45,41,200,149.0,29800.0,Commercial Banks
2111,2111,2112,2024030404000430,MEN,46,49,290,625.0,181250.0,Hydro Power
2112,2112,2113,2024030403000225,KSBBL,46,34,10,358.0,3580.0,Development Banks
2113,2113,2114,2024030403000224,NFS,58,49,100,356.0,35600.0,Finance
2114,2114,2115,2024030401000864,ULHC,72,34,100,325.0,32500.0,Promoter Shares/debenture
2115,2115,2116,2024030404000429,NGPL,35,71,800,317.0,253600.0,Hydro Power
2116,2116,2117,2024030404000428,NGPL,35,58,400,316.0,126400.0,Hydro Power
2117,2117,2118,2024030401000863,BEDC,62,57,10,354.3,3543.0,Promoter Shares/debenture
2118,2118,2119,2024030401000862,SONA,26,34,500,480.0,240000.0,Promoter Shares/debenture
2119,2119,2120,2024030404000427,AKPL,50,44,200,191.4,38280.0,Hydro Power
2120,2120,2121,2024030405000233,HRL,36,41,20,643.0,12860.0,Promoter Shares/debenture
2121,2121,2122,2024030405000232,HRL,36,32,40,643.0,25720.0,Promoter Shares/debenture
2122,2122,2123,2024030405000231,HRL,36,69,435,643.0,279705.0,Promoter Shares/debenture
2123,2123,2124,2024030401000861,GBIME,8,11,100,192.0,19200.0,Promoter Shares/debenture
2124,2124,2125,2024030404000426,NGPL,46,58,100,316.0,31600.0,Hydro Power
2125,2125,2126,2024030403000223,SIFC,1,70,10,370.0,3700.0,Finance
2126,2126,2127,2024030403000222,NLICL,54,34,10,573.0,5730.0,Life Insurance
2127,2127,2128,2024030404000425,HPPL,4,39,10,285.6,2856.0,Hydro Power
2128,2128,2129,2024030401000860,SMJC,71,55,10,396.0,3960.0,Promoter Shares/debenture
2129,2129,2130,2024030401000859,SMJC,71,3,500,396.0,198000.0,Promoter Shares/debenture
2130,2130,2131,2024030401000858,SMJC,71,3,10,396.0,3960.0,Promoter Shares/debenture
2131,2131,2132,2024030401000857,SMJC,71,58,300,395.0,118500.0,Promoter Shares/debenture
2132,2132,2133,2024030401000856,SMJC,71,17,100,395.0,39500.0,Promoter Shares/debenture
2133,2133,2134,2024030401000855,SMJC,71,71,500,394.0,197000.0,Promoter Shares/debenture
2134,2134,2135,2024030401000854,SMJC,71,13,30,394.0,11820.0,Promoter Shares/debenture
2135,2135,2136,2024030401000853,SMJC,71,40,500,390.0,195000.0,Promoter Shares/debenture
2136,2136,2137,2024030401000852,SMJC,71,6,50,390.0,19500.0,Promoter Shares/debenture
2137,2137,2138,2024030405000230,HRL,33,69,150,643.0,96450.0,Promoter Shares/debenture
2138,2138,2139,2024030405000229,NRN,60,51,710,560.0,397600.0,Investment
2139,2139,2140,2024030405000228,NRN,60,59,200,560.0,112000.0,Investment
2140,2140,2141,2024030405000227,NRN,60,45,90,559.0,50310.0,Investment
2141,2141,2142,2024030404000424,API,48,32,100,192.5,19250.0,Hydro Power
2142,2142,2143,2024030403000221,HLBSL,42,34,10,584.0,5840.0,Promoter Shares/debenture
2143,2143,2144,2024030403000220,HLBSL,42,58,110,573.2,63052.0,Promoter Shares/debenture
2144,2144,2145,2024030401000851,NABIL,58,45,500,440.6,220300.0,Commercial Banks
2145,2145,2146,2024030403000219,NFS,58,70,500,355.0,177500.0,Finance
2146,2146,2147,2024030403000218,NFS,58,70,500,355.0,177500.0,Finance
2147,2147,2148,2024030401000850,SONA,81,34,1000,480.0,480000.0,Promoter Shares/debenture
2148,2148,2149,2024030401000849,DORDI,59,10,180,492.0,88560.0,Hydro Power
2149,2149,2150,2024030404000423,UPCL,19,42,1000,224.0,224000.0,Hydro Power
2150,2150,2151,2024030404000422,HPPL,4,11,10,280.0,2800.0,Hydro Power
2151,2151,2152,2024030404000421,JOSHI,44,39,40,366.0,14640.0,Hydro Power
2152,2152,2153,2024030403000217,GUFL,41,39,10,627.3,6273.0,Finance
2153,2153,2154,2024030401000848,MHCL,35,88,100,518.0,51800.0,Promoter Shares/debenture
2154,2154,2155,2024030401000847,KBL,43,1,485,148.7,72119.5,Promoter Shares/debenture
2155,2155,2156,2024030401000846,KBL,43,38,100,148.0,14800.0,Promoter Shares/debenture
2156,2156,2157,2024030401000845,NABIL,33,45,50,440.6,22030.0,Commercial Banks
2157,2157,2158,2024030401000844,PHCL,47,42,750,323.9,242925.0,Hydro Power
2158,2158,2159,2024030401000843,PHCL,47,4,250,319.1,79775.0,Hydro Power
2159,2159,2160,2024030403000216,SHINE,51,33,1596,382.0,609672.0,Development Banks
2160,2160,2161,2024030403000215,SHINE,51,45,200,381.0,76200.0,Development Banks
2161,2161,2162,2024030404000420,PPCL,38,34,10,263.0,2630.0,Hydro Power
2162,2162,2163,2024030401000842,SPHL,48,34,10,466.1,4661.0,Hydro Power
2163,2163,2164,2024030404000419,UPPER,29,36,50,210.0,10500.0,Hydro Power
2164,2164,2165,2024030404000418,GHL,39,53,500,156.0,78000.0,Hydro Power
2165,2165,2166,2024030403000214,CFCL,32,50,500,340.0,170000.0,Finance
2166,2166,2167,2024030403000213,CFCL,7,50,90,340.0,30600.0,Finance
2167,2167,2168,2024030403000212,CFCL,3,50,90,340.5,30645.0,Finance
2168,2168,2169,2024030404000417,AKPL,50,52,200,191.4,38280.0,Hydro Power
2169,2169,2170,2024030404000416,AKPL,50,57,334,191.0,63794.0,Hydro Power
2170,2170,2171,2024030404000415,AKPL,50,37,250,191.0,47750.0,Hydro Power
2171,2171,2172,2024030403000211,KSBBL,45,34,100,358.0,35800.0,Development Banks
2172,2172,2173,2024030401000841,SONA,38,34,200,480.0,96000.0,Promoter Shares/debenture
2173,2173,2174,2024030401000840,KBL,51,38,880,148.0,130240.0,Promoter Shares/debenture
2174,2174,2175,2024030401000839,SNLI,7,48,40,610.0,24400.0,Promoter Shares/debenture
2175,2175,2176,2024030404000414,GHL,39,32,20,156.0,3120.0,Hydro Power
2176,2176,2177,2024030404000413,GHL,39,39,100,156.0,15600.0,Hydro Power
2177,2177,2178,2024030404000412,GHL,39,49,453,156.0,70668.0,Hydro Power
2178,2178,2179,2024030401000838,SAHAS,41,47,100,550.0,55000.0,Hydro Power
2179,2179,2180,2024030401000837,SONA,13,34,50,480.0,24000.0,Promoter Shares/debenture
2180,2180,2181,2024030401000836,ULHC,45,34,200,325.0,65000.0,Promoter Shares/debenture
2181,2181,2182,2024030401000835,MKCL,51,34,70,985.0,68950.0,Promoter Shares/debenture
2182,2182,2183,2024030401000834,NABIL,58,21,300,440.0,132000.0,Commercial Banks
2183,2183,2184,2024030405000226,NIFRA,29,74,64,212.0,13568.0,Investment
2184,2184,2185,2024030405000225,NIFRA,35,74,36,212.1,7635.6,Investment
2185,2185,2186,2024030401000833,SPL,38,3,10,661.6,6616.0,Promoter Shares/debenture
2186,2186,2187,2024030401000832,SPL,38,57,10,661.6,6616.0,Promoter Shares/debenture
2187,2187,2188,2024030405000224,NRIC,22,35,10,750.0,7500.0,Others
2188,2188,2189,2024030401000831,HBL,35,17,100,190.5,19050.0,Commercial Banks
2189,2189,2190,2024030403000210,HLI,35,42,85,399.0,33915.0,Promoter Shares/debenture
2190,2190,2191,2024030403000209,HLI,35,46,50,398.8,19940.0,Promoter Shares/debenture
2191,2191,2192,2024030401000830,SONA,82,68,855,483.0,412965.0,Promoter Shares/debenture
2192,2192,2193,2024030401000829,SONA,82,7,20,483.0,9660.0,Promoter Shares/debenture
2193,2193,2194,2024030401000828,SONA,82,72,2125,480.5,1021062.5,Promoter Shares/debenture
2194,2194,2195,2024030401000827,SONA,13,16,450,480.0,216000.0,Promoter Shares/debenture
2195,2195,2196,2024030401000826,SONA,37,16,50,480.0,24000.0,Promoter Shares/debenture
2196,2196,2197,2024030401000825,SONA,45,72,875,480.5,420437.5,Promoter Shares/debenture
2197,2197,2198,2024030401000824,SONA,45,29,125,480.1,60012.5,Promoter Shares/debenture
2198,2198,2199,2024030404000411,PPCL,38,81,10,263.0,2630.0,Hydro Power
2199,2199,2200,2024030405000223,NRN,42,45,10,559.0,5590.0,Investment
2200,2200,2201,2024030404000410,UPCL,6,41,500,223.0,111500.0,Hydro Power
2201,2201,2202,2024030404000409,MHNL,47,47,10,248.5,2485.0,Hydro Power
2202,2202,2203,2024030405000222,HRL,44,69,415,643.0,266845.0,Promoter Shares/debenture
2203,2203,2204,2024030405000221,HRL,44,39,200,643.0,128600.0,Promoter Shares/debenture
2204,2204,2205,2024030403000208,FMDBL,18,56,10,592.4,5924.0,Microfinance
2205,2205,2206,2024030403000207,MLBBL,61,55,150,800.0,120000.0,Microfinance
2206,2206,2207,2024030401000823,GCIL,57,57,10,517.0,5170.0,Promoter Shares/debenture
2207,2207,2208,2024030401000822,GCIL,57,71,190,516.0,98040.0,Promoter Shares/debenture
2208,2208,2209,2024030401000821,SHIVM,46,58,320,500.1,160032.0,Manufacturing And Processing
2209,2209,2210,2024030404000408,AHPC,51,21,53,192.7,10213.1,Hydro Power
2210,2210,2211,2024030404000407,AHPC,29,21,500,192.8,96400.0,Hydro Power
2211,2211,2212,2024030404000406,HURJA,48,41,190,301.0,57190.0,Hydro Power
2212,2212,2213,2024030401000820,HHL,28,47,100,346.8,34680.0,Hydro Power
2213,2213,2214,2024030404000405,SHL,45,94,140,449.0,62860.0,Hotels And Tourism
2214,2214,2215,2024030404000404,AKPL,45,37,200,191.0,38200.0,Hydro Power
2215,2215,2216,2024030403000206,SJLIC,25,62,315,463.0,145845.0,Promoter Shares/debenture
2216,2216,2217,2024030404000403,GHL,25,49,946,156.0,147576.0,Hydro Power
2217,2217,2218,2024030404000402,GHL,25,52,54,155.0,8370.0,Hydro Power
2218,2218,2219,2024030405000220,HRL,5,34,670,652.0,436840.0,Promoter Shares/debenture
2219,2219,2220,2024030405000219,HRL,5,94,100,650.0,65000.0,Promoter Shares/debenture
2220,2220,2221,2024030405000218,HRL,5,55,30,647.7,19431.0,Promoter Shares/debenture
2221,2221,2222,2024030405000217,HRL,5,38,100,645.0,64500.0,Promoter Shares/debenture
2222,2222,2223,2024030405000216,HRL,5,62,100,643.6,64360.0,Promoter Shares/debenture
2223,2223,2224,2024030401000819,MHCL,35,88,14810,518.0,7671580.0,Promoter Shares/debenture
2224,2224,2225,2024030401000818,MHCL,35,37,100,518.0,51800.0,Promoter Shares/debenture
2225,2225,2226,2024030401000817,MHCL,35,25,90,508.0,45720.0,Promoter Shares/debenture
2226,2226,2227,2024030403000205,NFS,41,70,1000,355.0,355000.0,Finance
2227,2227,2228,2024030401000816,SONA,37,69,150,480.0,72000.0,Promoter Shares/debenture
2228,2228,2229,2024030405000215,ENL,10,37,10,754.8,7548.0,Investment
2229,2229,2230,2024030404000401,UMHL,6,22,100,275.0,27500.0,Hydro Power
2230,2230,2231,2024030401000815,ULHC,34,34,100,326.0,32600.0,Promoter Shares/debenture
2231,2231,2232,2024030405000214,HRL,44,51,20,643.0,12860.0,Promoter Shares/debenture
2232,2232,2233,2024030401000814,MEL,58,33,30,222.3,6669.0,Promoter Shares/debenture
2233,2233,2234,2024030403000204,LBBL,50,8,50,389.0,19450.0,Development Banks
2234,2234,2235,2024030404000400,MEN,59,49,200,625.0,125000.0,Hydro Power
2235,2235,2236,2024030404000399,GLH,1,16,20,221.4,4428.0,Hydro Power
2236,2236,2237,2024030401000813,SONA,56,69,500,480.0,240000.0,Promoter Shares/debenture
2237,2237,2238,2024030404000398,NGPL,66,71,500,313.6,156800.0,Hydro Power
2238,2238,2239,2024030404000397,NGPL,58,71,1000,314.0,314000.0,Hydro Power
2239,2239,2240,2024030403000203,ICFC,35,38,50,490.0,24500.0,Finance
2240,2240,2241,2024030404000396,UMRH,32,47,190,367.6,69844.0,Hydro Power
2241,2241,2242,2024030401000812,SONA,34,69,350,480.0,168000.0,Promoter Shares/debenture
2242,2242,2243,2024030401000811,SONA,34,42,50,480.0,24000.0,Promoter Shares/debenture
2243,2243,2244,2024030401000810,SONA,34,57,100,480.0,48000.0,Promoter Shares/debenture
2244,2244,2245,2024030405000213,HRL,44,49,50,643.0,32150.0,Promoter Shares/debenture
2245,2245,2246,2024030403000202,PMLI,38,7,70,510.0,35700.0,Promoter Shares/debenture
2246,2246,2247,2024030404000395,NGPL,65,49,500,317.0,158500.0,Hydro Power
2247,2247,2248,2024030404000394,CHCL,25,6,100,473.9,47390.0,Hydro Power
2248,2248,2249,2024030403000201,LBBL,34,39,200,390.0,78000.0,Development Banks
2249,2249,2250,2024030401000809,MBL,45,55,50,182.5,9125.0,Commercial Banks
2250,2250,2251,2024030404000393,HPPL,39,39,20,280.0,5600.0,Hydro Power
2251,2251,2252,2024030405000212,CIT,22,34,50,2181.0,109050.0,Investment
2252,2252,2253,2024030401000808,ILI,35,6,10,535.0,5350.0,Promoter Shares/debenture
2253,2253,2254,2024030401000807,HDL,57,58,30,1549.0,46470.0,Manufacturing And Processing
2254,2254,2255,2024030401000806,HDL,57,36,40,1549.0,61960.0,Manufacturing And Processing
2255,2255,2256,2024030404000392,SGIC,7,84,100,517.0,51700.0,Promoter Shares/debenture
2256,2256,2257,2024030401000805,DORDI,77,25,200,501.8,100360.0,Hydro Power
2257,2257,2258,2024030401000804,DORDI,77,77,10,501.0,5010.0,Hydro Power
2258,2258,2259,2024030401000803,DORDI,77,45,100,492.6,49260.0,Hydro Power
2259,2259,2260,2024030401000802,DORDI,77,46,139,492.6,68471.4,Hydro Power
2260,2260,2261,2024030401000801,DORDI,77,42,850,492.0,418200.0,Hydro Power
2261,2261,2262,2024030401000800,PHCL,22,4,50,319.1,15955.0,Hydro Power
2262,2262,2263,2024030405000211,HRL,44,35,20,643.0,12860.0,Promoter Shares/debenture
2263,2263,2264,2024030403000200,GUFL,41,39,10,615.0,6150.0,Finance
2264,2264,2265,2024030401000799,SNLI,59,48,100,610.0,61000.0,Promoter Shares/debenture
2265,2265,2266,2024030401000798,CKHL,6,58,10,644.0,6440.0,Promoter Shares/debenture
2266,2266,2267,2024030403000199,ALICL,59,33,50,575.0,28750.0,Life Insurance
2267,2267,2268,2024030404000391,HDHPC,58,4,120,150.1,18012.0,Hydro Power
2268,2268,2269,2024030404000390,HDHPC,58,44,10,147.5,1475.0,Hydro Power
2269,2269,2270,2024030401000797,BHL,19,64,10,344.0,3440.0,Hydro Power
2270,2270,2271,2024030404000389,GHL,45,49,641,156.0,99996.0,Hydro Power
2271,2271,2272,2024030401000796,HBL,45,17,100,190.5,19050.0,Commercial Banks
2272,2272,2273,2024030401000795,VLUCL,72,60,410,554.0,227140.0,Promoter Shares/debenture
2273,2273,2274,2024030401000794,VLUCL,72,4,50,553.9,27695.0,Promoter Shares/debenture
2274,2274,2275,2024030401000793,VLUCL,72,57,200,553.0,110600.0,Promoter Shares/debenture
2275,2275,2276,2024030401000792,VLUCL,72,45,140,553.0,77420.0,Promoter Shares/debenture
2276,2276,2277,2024030401000791,PRVU,7,41,167,149.0,24883.0,Commercial Banks
2277,2277,2278,2024030401000790,RHGCL,38,49,408,298.0,121584.0,Hydro Power
2278,2278,2279,2024030405000210,NRIC,39,35,935,762.9,713311.5,Others
2279,2279,2280,2024030405000209,NRIC,39,48,40,762.8,30512.0,Others
2280,2280,2281,2024030405000208,NRIC,39,48,25,760.3,19007.5,Others
2281,2281,2282,2024030403000198,SWMF,70,45,335,665.0,222775.0,Microfinance
2282,2282,2283,2024030401000789,MCHL,42,53,10,342.0,3420.0,Promoter Shares/debenture
2283,2283,2284,2024030403000197,MPFL,34,55,10,354.5,3545.0,Finance
2284,2284,2285,2024030401000788,GCIL,52,71,800,516.0,412800.0,Promoter Shares/debenture
2285,2285,2286,2024030401000787,SMJC,84,11,100,388.6,38860.0,Promoter Shares/debenture
2286,2286,2287,2024030403000196,NFS,45,70,10,349.5,3495.0,Finance
2287,2287,2288,2024030401000786,SGHC,25,25,80,321.0,25680.0,Hydro Power
2288,2288,2289,2024030401000785,SGHC,25,59,10,320.0,3200.0,Hydro Power
2289,2289,2290,2024030401000784,SGHC,25,77,10,315.0,3150.0,Hydro Power
2290,2290,2291,2024030401000783,GCIL,62,71,10,516.0,5160.0,Promoter Shares/debenture
2291,2291,2292,2024030404000388,KKHC,40,34,10,242.3,2423.0,Hydro Power
2292,2292,2293,2024030404000387,API,77,14,128,193.0,24704.0,Hydro Power
2293,2293,2294,2024030405000207,HRL,44,29,100,643.0,64300.0,Promoter Shares/debenture
2294,2294,2295,2024030401000782,KBL,58,1,505,148.7,75093.5,Promoter Shares/debenture
2295,2295,2296,2024030401000781,KBL,58,38,995,148.6,147857.0,Promoter Shares/debenture
2296,2296,2297,2024030401000780,MSHL,34,64,10,602.8,6028.0,Promoter Shares/debenture
2297,2297,2298,2024030401000779,PHCL,17,4,200,319.1,63820.0,Hydro Power
2298,2298,2299,2024030405000206,NIFRA,1,22,60,213.0,12780.0,Investment
2299,2299,2300,2024030401000778,HDL,35,22,20,1548.0,30960.0,Manufacturing And Processing
2300,2300,2301,2024030401000777,SHIVM,54,66,158,506.0,79948.0,Manufacturing And Processing
2301,2301,2302,2024030401000776,SHIVM,54,4,42,505.0,21210.0,Manufacturing And Processing
2302,2302,2303,2024030401000775,SNLI,59,54,120,610.0,73200.0,Promoter Shares/debenture
2303,2303,2304,2024030403000195,MFIL,62,34,200,506.9,101380.0,Finance
2304,2304,2305,2024030403000194,MFIL,62,48,100,506.9,50690.0,Finance
2305,2305,2306,2024030403000193,HLI,57,14,47,394.0,18518.0,Promoter Shares/debenture
2306,2306,2307,2024030404000386,NGPL,58,4,800,318.0,254400.0,Hydro Power
2307,2307,2308,2024030401000774,KBL,58,38,20,148.6,2972.0,Promoter Shares/debenture
2308,2308,2309,2024030403000192,PROFL,58,32,10,313.1,3131.0,Finance
2309,2309,2310,2024030401000773,SONA,58,29,175,480.1,84017.5,Promoter Shares/debenture
2310,2310,2311,2024030401000772,SONA,58,56,75,480.0,36000.0,Promoter Shares/debenture
2311,2311,2312,2024030403000191,DDBL,4,21,25,740.0,18500.0,Microfinance
2312,2312,2313,2024030405000205,HRL,44,49,50,643.0,32150.0,Promoter Shares/debenture
2313,2313,2314,2024030404000385,CHCL,25,59,10,473.9,4739.0,Hydro Power
2314,2314,2315,2024030401000771,NRM,48,42,300,371.0,111300.0,Promoter Shares/debenture
2315,2315,2316,2024030401000770,GCIL,26,57,420,517.0,217140.0,Promoter Shares/debenture
2316,2316,2317,2024030401000769,GCIL,26,51,10,517.0,5170.0,Promoter Shares/debenture
2317,2317,2318,2024030401000768,GCIL,26,51,50,517.0,25850.0,Promoter Shares/debenture
2318,2318,2319,2024030401000767,GCIL,26,43,20,517.0,10340.0,Promoter Shares/debenture
2319,2319,2320,2024030401000766,AHL,34,42,50,438.0,21900.0,Promoter Shares/debenture
2320,2320,2321,2024030401000765,MMKJL,29,48,10,421.0,4210.0,Promoter Shares/debenture
2321,2321,2322,2024030403000190,ICFC,50,38,50,490.0,24500.0,Finance
2322,2322,2323,2024030404000384,UNHPL,58,58,10,249.6,2496.0,Hydro Power
2323,2323,2324,2024030404000383,UNHPL,58,58,10,249.6,2496.0,Hydro Power
2324,2324,2325,2024030404000382,UPPER,17,36,10,210.0,2100.0,Hydro Power
2325,2325,2326,2024030404000381,NGPL,72,4,1000,318.0,318000.0,Hydro Power
2326,2326,2327,2024030405000204,HRL,44,49,20,643.0,12860.0,Promoter Shares/debenture
2327,2327,2328,2024030401000764,HDL,35,52,18,1548.0,27864.0,Manufacturing And Processing
2328,2328,2329,2024030405000203,NTC,6,35,10,864.0,8640.0,Others
2329,2329,2330,2024030405000202,NIFRA,35,41,100,212.1,21210.0,Investment
2330,2330,2331,2024030403000189,GBBL,74,14,1000,372.3,372300.0,Development Banks
2331,2331,2332,2024030404000380,IGI,42,33,39,550.0,21450.0,Non Life Insurance
2332,2332,2333,2024030404000379,IGI,42,13,161,539.0,86779.0,Non Life Insurance
2333,2333,2334,2024030403000188,ALICL,16,4,100,576.9,57690.0,Life Insurance
2334,2334,2335,2024030401000763,BEDC,58,26,10,347.4,3474.0,Promoter Shares/debenture
2335,2335,2336,2024030401000762,BEDC,58,45,10,347.4,3474.0,Promoter Shares/debenture
2336,2336,2337,2024030404000378,AKPL,38,37,450,191.0,85950.0,Hydro Power
2337,2337,2338,2024030404000377,AKPL,38,39,100,191.0,19100.0,Hydro Power
2338,2338,2339,2024030404000376,AKPL,38,47,250,191.0,47750.0,Hydro Power
2339,2339,2340,2024030404000375,AKPL,38,44,200,190.0,38000.0,Hydro Power
2340,2340,2341,2024030401000761,DORDI,77,42,130,492.0,63960.0,Hydro Power
2341,2341,2342,2024030401000760,DORDI,77,6,250,492.0,123000.0,Hydro Power
2342,2342,2343,2024030401000759,DORDI,77,49,200,492.0,98400.0,Hydro Power
2343,2343,2344,2024030401000758,DORDI,77,39,910,492.0,447720.0,Hydro Power
2344,2344,2345,2024030401000757,DORDI,77,43,10,490.0,4900.0,Hydro Power
2345,2345,2346,2024030405000201,NIFRA,35,1,14,212.1,2969.4,Investment
2346,2346,2347,2024030405000200,NIFRA,41,1,50,212.2,10610.0,Investment
2347,2347,2348,2024030401000756,NICA,45,35,50,431.0,21550.0,Commercial Banks
2348,2348,2349,2024030401000755,HATHY,35,33,1000,889.0,889000.0,Promoter Shares/debenture
2349,2349,2350,2024030401000754,PRVU,32,34,23,149.5,3438.5,Commercial Banks
2350,2350,2351,2024030401000753,PRVU,32,49,67,149.5,10016.5,Commercial Banks
2351,2351,2352,2024030405000199,HRL,6,62,100,643.6,64360.0,Promoter Shares/debenture
2352,2352,2353,2024030405000198,NTC,6,26,30,864.0,25920.0,Others
2353,2353,2354,2024030404000374,UMHL,42,57,250,278.0,69500.0,Hydro Power
2354,2354,2355,2024030404000373,UMHL,42,22,500,277.4,138700.0,Hydro Power
2355,2355,2356,2024030404000372,UMHL,42,75,50,277.4,13870.0,Hydro Power
2356,2356,2357,2024030404000371,UMHL,42,26,200,277.0,55400.0,Hydro Power
2357,2357,2358,2024030404000370,UMHL,42,45,130,275.0,35750.0,Hydro Power
2358,2358,2359,2024030404000369,UMHL,42,22,100,273.4,27340.0,Hydro Power
2359,2359,2360,2024030404000368,UMHL,42,34,100,273.4,27340.0,Hydro Power
2360,2360,2361,2024030404000367,UMHL,42,57,200,273.4,54680.0,Hydro Power
2361,2361,2362,2024030404000366,UMHL,42,44,200,273.4,54680.0,Hydro Power
2362,2362,2363,2024030404000365,UMHL,42,59,108,273.0,29484.0,Hydro Power
2363,2363,2364,2024030404000364,UMHL,42,51,500,273.0,136500.0,Hydro Power
2364,2364,2365,2024030404000363,UMHL,42,3,1000,272.9,272900.0,Hydro Power
2365,2365,2366,2024030404000362,UMHL,42,19,250,272.9,68225.0,Hydro Power
2366,2366,2367,2024030404000361,UMHL,42,34,500,272.0,136000.0,Hydro Power
2367,2367,2368,2024030403000187,PMLI,42,7,20,510.0,10200.0,Promoter Shares/debenture
2368,2368,2369,2024030401000752,PPL,71,21,10,339.6,3396.0,Hydro Power
2369,2369,2370,2024030401000751,SONA,52,56,35,480.0,16800.0,Promoter Shares/debenture
2370,2370,2371,2024030405000197,HRL,44,58,10,643.0,6430.0,Promoter Shares/debenture
2371,2371,2372,2024030405000196,HRL,44,22,500,643.0,321500.0,Promoter Shares/debenture
2372,2372,2373,2024030405000195,HRL,44,77,1500,642.6,963900.0,Promoter Shares/debenture
2373,2373,2374,2024030405000194,HRL,44,3,200,642.6,128520.0,Promoter Shares/debenture
2374,2374,2375,2024030405000193,HRL,44,20,50,642.6,32130.0,Promoter Shares/debenture
2375,2375,2376,2024030405000192,HRL,44,34,10,642.6,6426.0,Promoter Shares/debenture
2376,2376,2377,2024030405000191,HRL,44,57,50,642.6,32130.0,Promoter Shares/debenture
2377,2377,2378,2024030405000190,HRL,44,26,50,642.6,32130.0,Promoter Shares/debenture
2378,2378,2379,2024030405000189,HRL,44,13,50,642.6,32130.0,Promoter Shares/debenture
2379,2379,2380,2024030405000188,HRL,44,94,500,642.6,321300.0,Promoter Shares/debenture
2380,2380,2381,2024030405000187,HRL,44,41,10,642.5,6425.0,Promoter Shares/debenture
2381,2381,2382,2024030405000186,HRL,44,42,40,642.0,25680.0,Promoter Shares/debenture
2382,2382,2383,2024030405000185,HRL,44,46,20,642.0,12840.0,Promoter Shares/debenture
2383,2383,2384,2024030405000184,HRL,44,49,10,642.0,6420.0,Promoter Shares/debenture
2384,2384,2385,2024030405000183,HRL,44,16,25,642.0,16050.0,Promoter Shares/debenture
2385,2385,2386,2024030405000182,HRL,44,50,1000,642.0,642000.0,Promoter Shares/debenture
2386,2386,2387,2024030405000181,HRL,44,29,100,642.0,64200.0,Promoter Shares/debenture
2387,2387,2388,2024030405000180,HRL,44,71,500,642.0,321000.0,Promoter Shares/debenture
2388,2388,2389,2024030405000179,HRL,44,90,100,642.0,64200.0,Promoter Shares/debenture
2389,2389,2390,2024030405000178,HRL,44,41,400,642.0,256800.0,Promoter Shares/debenture
2390,2390,2391,2024030405000177,HRL,44,86,200,642.0,128400.0,Promoter Shares/debenture
2391,2391,2392,2024030405000176,HRL,44,3,300,642.0,192600.0,Promoter Shares/debenture
2392,2392,2393,2024030405000175,HRL,44,69,1000,641.0,641000.0,Promoter Shares/debenture
2393,2393,2394,2024030405000174,HRL,44,69,2500,641.0,1602500.0,Promoter Shares/debenture
2394,2394,2395,2024030401000750,HATHY,25,19,100,880.0,88000.0,Promoter Shares/debenture
2395,2395,2396,2024030405000173,HRL,74,56,400,640.0,256000.0,Promoter Shares/debenture
2396,2396,2397,2024030401000749,MKHC,5,5,10,301.2,3012.0,Promoter Shares/debenture
2397,2397,2398,2024030404000360,SGIC,32,84,300,517.0,155100.0,Promoter Shares/debenture
2398,2398,2399,2024030401000748,SMH,59,69,10,675.1,6751.0,Promoter Shares/debenture
2399,2399,2400,2024030404000359,SGIC,32,84,500,517.0,258500.0,Promoter Shares/debenture
2400,2400,2401,2024030404000358,SGIC,32,6,200,516.9,103380.0,Promoter Shares/debenture
2401,2401,2402,2024030404000357,GHL,6,37,90,154.0,13860.0,Hydro Power
2402,2402,2403,2024030401000747,CLI,55,21,19,445.0,8455.0,Promoter Shares/debenture
2403,2403,2404,2024030401000746,CLI,45,21,150,445.0,66750.0,Promoter Shares/debenture
2404,2404,2405,2024030404000356,AKPL,50,44,300,190.0,57000.0,Hydro Power
2405,2405,2406,2024030404000355,HPPL,42,39,10,275.0,2750.0,Hydro Power
2406,2406,2407,2024030404000354,AKPL,50,53,200,190.0,38000.0,Hydro Power
2407,2407,2408,2024030401000745,HIDCLP,29,55,101,102.0,10302.0,Promoter Shares/debenture
2408,2408,2409,2024030404000353,PRIN,29,74,500,769.0,384500.0,Non Life Insurance
2409,2409,2410,2024030404000352,PRIN,29,14,50,769.0,38450.0,Non Life Insurance
2410,2410,2411,2024030404000351,PRIN,29,13,20,765.0,15300.0,Non Life Insurance
2411,2411,2412,2024030405000172,HRL,39,69,500,641.0,320500.0,Promoter Shares/debenture
2412,2412,2413,2024030405000171,HRL,39,71,500,641.0,320500.0,Promoter Shares/debenture
2413,2413,2414,2024030401000744,SONA,71,56,2790,480.1,1339479.0,Promoter Shares/debenture
2414,2414,2415,2024030405000170,HRL,74,56,1000,640.0,640000.0,Promoter Shares/debenture
2415,2415,2416,2024030401000743,CITY,35,34,10,592.0,5920.0,Promoter Shares/debenture
2416,2416,2417,2024030403000186,DDBL,35,21,41,740.0,30340.0,Microfinance
2417,2417,2418,2024030404000350,CHL,41,14,100,303.0,30300.0,Hydro Power
2418,2418,2419,2024030401000742,HDL,14,52,120,1548.0,185760.0,Manufacturing And Processing
2419,2419,2420,2024030404000349,UPCL,6,42,550,224.0,123200.0,Hydro Power
2420,2420,2421,2024030404000348,UPCL,6,6,450,223.0,100350.0,Hydro Power
2421,2421,2422,2024030404000347,API,77,40,100,193.0,19300.0,Hydro Power
2422,2422,2423,2024030403000185,SHINE,37,33,404,382.0,154328.0,Development Banks
2423,2423,2424,2024030403000184,JBBL,38,33,20,295.0,5900.0,Development Banks
2424,2424,2425,2024030401000741,NABIL,57,45,300,440.6,132180.0,Commercial Banks
2425,2425,2426,2024030401000740,TVCL,64,44,10,563.2,5632.0,Promoter Shares/debenture
2426,2426,2427,2024030401000739,TVCL,64,66,10,563.2,5632.0,Promoter Shares/debenture
2427,2427,2428,2024030401000738,TVCL,64,38,10,563.2,5632.0,Promoter Shares/debenture
2428,2428,2429,2024030401000737,TVCL,64,45,10,563.2,5632.0,Promoter Shares/debenture
2429,2429,2430,2024030401000736,HBL,49,17,146,190.5,27813.0,Commercial Banks
2430,2430,2431,2024030401000735,NICA,41,6,100,434.8,43480.0,Commercial Banks
2431,2431,2432,2024030404000346,UMRH,48,53,190,367.0,69730.0,Hydro Power
2432,2432,2433,2024030404000345,BARUN,21,43,10,256.9,2569.0,Hydro Power
2433,2433,2434,2024030401000734,BHDC,57,47,10,452.7,4527.0,Hydro Power
2434,2434,2435,2024030401000733,ULHC,34,34,50,326.0,16300.0,Promoter Shares/debenture
2435,2435,2436,2024030401000732,VLUCL,68,42,90,550.0,49500.0,Promoter Shares/debenture
2436,2436,2437,2024030404000344,API,77,58,222,193.0,42846.0,Hydro Power
2437,2437,2438,2024030403000183,RLFL,45,45,10,353.0,3530.0,Finance
2438,2438,2439,2024030401000731,RNLI,84,41,380,447.0,169860.0,Promoter Shares/debenture
2439,2439,2440,2024030401000730,RNLI,84,59,100,439.0,43900.0,Promoter Shares/debenture
2440,2440,2441,2024030401000729,RNLI,84,25,20,439.0,8780.0,Promoter Shares/debenture
2441,2441,2442,2024030401000728,ILI,38,33,10,535.8,5358.0,Promoter Shares/debenture
2442,2442,2443,2024030404000343,HURJA,90,42,20,296.6,5932.0,Hydro Power
2443,2443,2444,2024030404000342,AHPC,51,57,199,192.7,38347.3,Hydro Power
2444,2444,2445,2024030404000341,HEI,34,50,10,569.0,5690.0,Non Life Insurance
2445,2445,2446,2024030404000340,HDHPC,42,44,90,147.5,13275.0,Hydro Power
2446,2446,2447,2024030404000339,HDHPC,42,22,10,147.5,1475.0,Hydro Power
2447,2447,2448,2024030404000338,HDHPC,42,51,500,147.5,73750.0,Hydro Power
2448,2448,2449,2024030404000337,HDHPC,42,58,10,147.0,1470.0,Hydro Power
2449,2449,2450,2024030405000169,HRL,74,4,200,640.0,128000.0,Promoter Shares/debenture
2450,2450,2451,2024030404000336,NGPL,66,25,400,313.6,125440.0,Hydro Power
2451,2451,2452,2024030404000335,NGPL,41,25,1600,314.0,502400.0,Hydro Power
2452,2452,2453,2024030405000168,HRL,74,35,40,640.0,25600.0,Promoter Shares/debenture
2453,2453,2454,2024030401000727,ULHC,14,34,250,326.0,81500.0,Promoter Shares/debenture
2454,2454,2455,2024030401000726,TVCL,16,37,50,563.0,28150.0,Promoter Shares/debenture
2455,2455,2456,2024030403000182,SJLIC,58,62,300,463.0,138900.0,Promoter Shares/debenture
2456,2456,2457,2024030403000181,SJLIC,58,43,200,462.0,92400.0,Promoter Shares/debenture
2457,2457,2458,2024030401000725,ADBL,4,38,10,232.8,2328.0,Commercial Banks
2458,2458,2459,2024030401000724,NABIL,45,45,200,440.6,88120.0,Commercial Banks
2459,2459,2460,2024030401000723,SHIVM,82,66,200,506.0,101200.0,Manufacturing And Processing
2460,2460,2461,2024030401000722,SHIVM,82,52,300,506.0,151800.0,Manufacturing And Processing
2461,2461,2462,2024030401000721,SHIVM,82,53,200,505.0,101000.0,Manufacturing And Processing
2462,2462,2463,2024030401000720,SHIVM,82,57,100,504.0,50400.0,Manufacturing And Processing
2463,2463,2464,2024030401000719,SHIVM,82,19,200,504.0,100800.0,Manufacturing And Processing
2464,2464,2465,2024030401000718,MEHL,59,48,50,312.0,15600.0,Promoter Shares/debenture
2465,2465,2466,2024030401000717,KBL,51,34,100,148.0,14800.0,Promoter Shares/debenture
2466,2466,2467,2024030403000180,HLI,57,44,10,394.0,3940.0,Promoter Shares/debenture
2467,2467,2468,2024030403000179,HLI,57,34,125,394.0,49250.0,Promoter Shares/debenture
2468,2468,2469,2024030403000178,HLI,57,37,50,393.0,19650.0,Promoter Shares/debenture
2469,2469,2470,2024030405000167,NIFRA,41,74,100,212.2,21220.0,Investment
2470,2470,2471,2024030401000716,HHL,7,47,290,346.0,100340.0,Hydro Power
2471,2471,2472,2024030404000334,LEC,26,58,10,182.5,1825.0,Hydro Power
2472,2472,2473,2024030401000715,MHCL,71,25,10,508.0,5080.0,Promoter Shares/debenture
2473,2473,2474,2024030401000714,PHCL,59,4,500,319.1,159550.0,Hydro Power
2474,2474,2475,2024030401000713,PHCL,59,42,500,319.0,159500.0,Hydro Power
2475,2475,2476,2024030405000166,NICFC,16,52,100,8.49,849.0,Mutual Fund
2476,2476,2477,2024030404000333,SHL,81,94,100,449.0,44900.0,Hotels And Tourism
2477,2477,2478,2024030404000332,PPCL,35,81,10,257.9,2579.0,Hydro Power
2478,2478,2479,2024030404000331,API,77,57,100,193.0,19300.0,Hydro Power
2479,2479,2480,2024030401000712,SONA,71,58,10,480.1,4801.0,Promoter Shares/debenture
2480,2480,2481,2024030403000177,KSBBL,46,45,10,351.7,3517.0,Development Banks
2481,2481,2482,2024030404000330,NGPL,41,17,500,314.0,157000.0,Hydro Power
2482,2482,2483,2024030401000711,KBL,45,38,985,148.6,146371.0,Promoter Shares/debenture
2483,2483,2484,2024030401000710,KBL,45,11,15,148.5,2227.5,Promoter Shares/debenture
2484,2484,2485,2024030404000329,BPCL,32,28,10,310.9,3109.0,Hydro Power
2485,2485,2486,2024030404000328,SHL,91,94,200,449.0,89800.0,Hotels And Tourism
2486,2486,2487,2024030404000327,TRH,56,68,200,763.0,152600.0,Hotels And Tourism
2487,2487,2488,2024030401000709,SONA,71,61,200,480.1,96020.0,Promoter Shares/debenture
2488,2488,2489,2024030401000708,GCIL,62,13,40,516.0,20640.0,Promoter Shares/debenture
2489,2489,2490,2024030404000326,NGPL,41,44,100,314.0,31400.0,Hydro Power
2490,2490,2491,2024030404000325,NGPL,41,67,800,313.6,250880.0,Hydro Power
2491,2491,2492,2024030401000707,BNT,7,26,10,16030.0,160300.0,Manufacturing And Processing
2492,2492,2493,2024030404000324,AKPL,58,53,100,190.0,19000.0,Hydro Power
2493,2493,2494,2024030403000176,MLBL,45,34,10,327.0,3270.0,Development Banks
2494,2494,2495,2024030404000323,API,77,3,50,193.0,9650.0,Hydro Power
2495,2495,2496,2024030404000322,API,77,21,200,193.0,38600.0,Hydro Power
2496,2496,2497,2024030404000321,API,77,7,50,193.0,9650.0,Hydro Power
2497,2497,2498,2024030404000320,API,77,8,1000,193.0,193000.0,Hydro Power
2498,2498,2499,2024030404000319,API,77,48,150,192.9,28935.0,Hydro Power
2499,2499,2500,2024030401000706,ILI,85,33,70,535.8,37506.0,Promoter Shares/debenture
2500,2500,2501,2024030404000318,AHPC,51,43,10,192.7,1927.0,Hydro Power
2501,2501,2502,2024030404000317,AHPC,51,48,28,192.0,5376.0,Hydro Power
2502,2502,2503,2024030404000316,AHPC,51,35,10,192.0,1920.0,Hydro Power
2503,2503,2504,2024030401000705,SAHAS,51,22,10,552.8,5528.0,Hydro Power
2504,2504,2505,2024030403000175,NABBC,38,34,10,413.1,4131.0,Development Banks
2505,2505,2506,2024030404000315,NHDL,42,29,10,425.4,4254.0,Hydro Power
2506,2506,2507,2024030401000704,NICA,45,29,25,431.0,10775.0,Commercial Banks
2507,2507,2508,2024030403000174,BFC,29,7,500,338.0,169000.0,Finance
2508,2508,2509,2024030401000703,SONA,16,39,288,480.1,138268.8,Promoter Shares/debenture
2509,2509,2510,2024030401000702,SHIVM,41,19,100,504.0,50400.0,Manufacturing And Processing
2510,2510,2511,2024030404000314,NHPC,41,47,10,163.3,1633.0,Hydro Power
2511,2511,2512,2024030405000165,NRIC,22,35,10,750.0,7500.0,Others
2512,2512,2513,2024030401000701,SMJC,38,6,210,390.0,81900.0,Promoter Shares/debenture
2513,2513,2514,2024030401000700,SMJC,38,6,100,390.0,39000.0,Promoter Shares/debenture
2514,2514,2515,2024030401000699,SMJC,38,6,90,390.0,35100.0,Promoter Shares/debenture
2515,2515,2516,2024030401000698,SMJC,38,6,50,390.0,19500.0,Promoter Shares/debenture
2516,2516,2517,2024030401000697,SMJC,38,6,65,390.0,25350.0,Promoter Shares/debenture
2517,2517,2518,2024030401000696,SMJC,38,6,110,390.0,42900.0,Promoter Shares/debenture
2518,2518,2519,2024030401000695,SMJC,38,6,30,390.0,11700.0,Promoter Shares/debenture
2519,2519,2520,2024030401000694,SMJC,64,6,40,390.0,15600.0,Promoter Shares/debenture
2520,2520,2521,2024030401000693,SMJC,38,6,60,390.0,23400.0,Promoter Shares/debenture
2521,2521,2522,2024030401000692,SMJC,64,6,35,390.0,13650.0,Promoter Shares/debenture
2522,2522,2523,2024030401000691,SMJC,38,6,30,390.0,11700.0,Promoter Shares/debenture
2523,2523,2524,2024030401000690,SMJC,38,6,70,390.0,27300.0,Promoter Shares/debenture
2524,2524,2525,2024030401000689,SMJC,38,6,30,390.0,11700.0,Promoter Shares/debenture
2525,2525,2526,2024030401000688,SMJC,38,6,30,390.0,11700.0,Promoter Shares/debenture
2526,2526,2527,2024030401000687,RHGCL,51,49,290,298.0,86420.0,Hydro Power
2527,2527,2528,2024030401000686,RHGCL,51,16,10,298.0,2980.0,Hydro Power
2528,2528,2529,2024030401000685,NYADI,44,19,10,297.0,2970.0,Hydro Power
2529,2529,2530,2024030401000684,AHL,34,18,10,438.4,4384.0,Promoter Shares/debenture
2530,2530,2531,2024030405000164,HRL,74,21,100,635.0,63500.0,Promoter Shares/debenture
2531,2531,2532,2024030405000163,NIFRA,58,22,10,213.0,2130.0,Investment
2532,2532,2533,2024030404000313,GHL,58,49,100,156.0,15600.0,Hydro Power
2533,2533,2534,2024030401000683,DORDI,77,39,90,492.0,44280.0,Hydro Power
2534,2534,2535,2024030401000682,DORDI,77,77,10,492.0,4920.0,Hydro Power
2535,2535,2536,2024030401000681,DOLTI,71,43,10,384.0,3840.0,Promoter Shares/debenture
2536,2536,2537,2024030404000312,NGPL,58,71,120,311.0,37320.0,Hydro Power
2537,2537,2538,2024030404000311,NGPL,11,71,1000,312.0,312000.0,Hydro Power
2538,2538,2539,2024030404000310,NGPL,35,71,80,313.0,25040.0,Hydro Power
2539,2539,2540,2024030401000680,EHPL,18,65,10,446.0,4460.0,Hydro Power
2540,2540,2541,2024030403000173,GUFL,62,25,90,603.5,54315.0,Finance
2541,2541,2542,2024030404000309,API,14,6,600,190.0,114000.0,Hydro Power
2542,2542,2543,2024030401000679,SMJC,21,48,500,394.0,197000.0,Promoter Shares/debenture
2543,2543,2544,2024030403000172,NFS,34,70,30,349.5,10485.0,Finance
2544,2544,2545,2024030401000678,HATHY,25,19,30,890.0,26700.0,Promoter Shares/debenture
2545,2545,2546,2024030404000308,GHL,35,37,40,155.0,6200.0,Hydro Power
2546,2546,2547,2024030401000677,SONA,16,44,320,480.1,153632.0,Promoter Shares/debenture
2547,2547,2548,2024030401000676,SONA,57,44,180,480.5,86490.0,Promoter Shares/debenture
2548,2548,2549,2024030405000162,NIFRA,35,38,350,212.1,74235.0,Investment
2549,2549,2550,2024030404000307,NGPL,53,67,200,313.6,62720.0,Hydro Power
2550,2550,2551,2024030404000306,NGPL,53,32,100,313.6,31360.0,Hydro Power
2551,2551,2552,2024030401000675,VLUCL,68,49,10,550.0,5500.0,Promoter Shares/debenture
2552,2552,2553,2024030403000171,GMFIL,45,61,10,346.8,3468.0,Finance
2553,2553,2554,2024030403000170,SFCL,13,34,10,308.9,3089.0,Finance
2554,2554,2555,2024030401000674,GCIL,62,44,50,516.0,25800.0,Promoter Shares/debenture
2555,2555,2556,2024030401000673,GCIL,62,25,100,515.0,51500.0,Promoter Shares/debenture
2556,2556,2557,2024030401000672,ILI,41,58,100,534.8,53480.0,Promoter Shares/debenture
2557,2557,2558,2024030405000161,NTC,51,26,70,867.0,60690.0,Others
2558,2558,2559,2024030401000671,MKCL,51,34,20,985.0,19700.0,Promoter Shares/debenture
2559,2559,2560,2024030404000305,SGIC,16,84,300,517.0,155100.0,Promoter Shares/debenture
2560,2560,2561,2024030404000304,UMRH,53,53,10,367.0,3670.0,Hydro Power
2561,2561,2562,2024030404000303,SGIC,46,84,200,517.0,103400.0,Promoter Shares/debenture
2562,2562,2563,2024030404000302,SGIC,46,72,200,517.0,103400.0,Promoter Shares/debenture
2563,2563,2564,2024030404000301,GHL,49,49,480,156.0,74880.0,Hydro Power
2564,2564,2565,2024030404000300,NICL,56,95,400,842.7,337080.0,Non Life Insurance
2565,2565,2566,2024030405000160,STC,10,54,10,5105.2,51052.0,Trading
2566,2566,2567,2024030405000159,HRL,56,21,100,635.0,63500.0,Promoter Shares/debenture
2567,2567,2568,2024030405000158,HRL,36,21,200,638.0,127600.0,Promoter Shares/debenture
2568,2568,2569,2024030401000670,LSL,58,1,50,168.6,8430.0,Promoter Shares/debenture
2569,2569,2570,2024030405000157,NIFRA,45,45,500,214.0,107000.0,Investment
2570,2570,2571,2024030401000669,SCB,58,45,10,520.2,5202.0,Commercial Banks
2571,2571,2572,2024030401000668,BHL,19,64,10,344.0,3440.0,Hydro Power
2572,2572,2573,2024030401000667,MAKAR,77,81,10,384.0,3840.0,Promoter Shares/debenture
2573,2573,2574,2024030401000666,PPL,71,45,100,339.6,33960.0,Hydro Power
2574,2574,2575,2024030401000665,SONA,57,26,100,480.5,48050.0,Promoter Shares/debenture
2575,2575,2576,2024030403000169,SJLIC,57,50,60,457.1,27426.0,Promoter Shares/debenture
2576,2576,2577,2024030403000168,SJLIC,35,50,40,460.0,18400.0,Promoter Shares/debenture
2577,2577,2578,2024030401000664,SONA,57,38,10,480.5,4805.0,Promoter Shares/debenture
2578,2578,2579,2024030404000299,SHPC,47,45,114,354.0,40356.0,Hydro Power
2579,2579,2580,2024030403000167,GUFL,45,25,10,603.5,6035.0,Finance
2580,2580,2581,2024030404000298,API,48,48,800,192.9,154320.0,Hydro Power
2581,2581,2582,2024030404000297,API,48,29,200,192.1,38420.0,Hydro Power
2582,2582,2583,2024030405000156,NTC,51,34,90,867.0,78030.0,Others
2583,2583,2584,2024030405000155,NTC,51,50,40,864.0,34560.0,Others
2584,2584,2585,2024030404000296,UAIL,25,34,10,530.4,5304.0,Promoter Shares/debenture
2585,2585,2586,2024030401000663,MEHL,50,25,300,312.1,93630.0,Promoter Shares/debenture
2586,2586,2587,2024030401000662,MEHL,50,57,200,312.1,62420.0,Promoter Shares/debenture
2587,2587,2588,2024030404000295,AKPL,49,53,200,190.0,38000.0,Hydro Power
2588,2588,2589,2024030404000294,CGH,19,21,10,860.0,8600.0,Hotels And Tourism
2589,2589,2590,2024030401000661,HDL,49,52,77,1548.0,119196.0,Manufacturing And Processing
2590,2590,2591,2024030401000660,NICA,82,34,5000,434.0,2170000.0,Commercial Banks
2591,2591,2592,2024030401000659,HBL,41,17,50,190.5,9525.0,Commercial Banks
2592,2592,2593,2024030401000658,HBL,41,55,50,190.5,9525.0,Commercial Banks
2593,2593,2594,2024030404000293,NGPL,14,34,100,313.0,31300.0,Hydro Power
2594,2594,2595,2024030401000657,HIDCLP,14,55,1000,101.3,101300.0,Promoter Shares/debenture
2595,2595,2596,2024030403000166,HLI,55,34,15,394.0,5910.0,Promoter Shares/debenture
2596,2596,2597,2024030403000165,HLI,55,34,485,391.0,189635.0,Promoter Shares/debenture
2597,2597,2598,2024030403000164,GFCL,42,48,250,438.6,109650.0,Finance
2598,2598,2599,2024030404000292,AKJCL,42,52,10,228.8,2288.0,Hydro Power
2599,2599,2600,2024030401000656,NABIL,58,47,104,440.0,45760.0,Commercial Banks
2600,2600,2601,2024030404000291,SSHL,45,5,10,166.4,1664.0,Hydro Power
2601,2601,2602,2024030401000655,HATHY,34,19,100,890.0,89000.0,Promoter Shares/debenture
2602,2602,2603,2024030401000654,CYCL,88,62,20,1181.3,23626.0,Microfinance
2603,2603,2604,2024030401000653,CYCL,21,62,10,1181.3,11813.0,Microfinance
2604,2604,2605,2024030401000652,CYCL,45,62,20,1190.0,23800.0,Microfinance
2605,2605,2606,2024030403000163,HLI,48,34,15,391.0,5865.0,Promoter Shares/debenture
2606,2606,2607,2024030403000162,HLI,48,74,35,391.0,13685.0,Promoter Shares/debenture
2607,2607,2608,2024030401000651,MEHL,59,35,150,312.0,46800.0,Promoter Shares/debenture
2608,2608,2609,2024030401000650,ILI,16,33,310,535.8,166098.0,Promoter Shares/debenture
2609,2609,2610,2024030401000649,ILI,16,45,100,535.0,53500.0,Promoter Shares/debenture
2610,2610,2611,2024030401000648,ILI,16,36,90,535.0,48150.0,Promoter Shares/debenture
2611,2611,2612,2024030401000647,HHL,7,45,200,345.0,69000.0,Hydro Power
2612,2612,2613,2024030401000646,HHL,7,71,500,343.7,171850.0,Hydro Power
2613,2613,2614,2024030401000645,HHL,7,39,10,343.0,3430.0,Hydro Power
2614,2614,2615,2024030401000644,DORDI,77,77,10,483.0,4830.0,Hydro Power
2615,2615,2616,2024030401000643,DORDI,77,49,175,483.0,84525.0,Hydro Power
2616,2616,2617,2024030401000642,SONA,57,49,10,480.5,4805.0,Promoter Shares/debenture
2617,2617,2618,2024030401000641,SONA,59,67,500,484.0,242000.0,Promoter Shares/debenture
2618,2618,2619,2024030403000161,SWMF,13,45,10,665.0,6650.0,Microfinance
2619,2619,2620,2024030403000160,SWMF,13,50,50,664.9,33245.0,Microfinance
2620,2620,2621,2024030401000640,MKCL,51,22,10,970.5,9705.0,Promoter Shares/debenture
2621,2621,2622,2024030401000639,PPL,21,29,10,339.6,3396.0,Hydro Power
2622,2622,2623,2024030401000638,BEDC,38,57,10,347.4,3474.0,Promoter Shares/debenture
2623,2623,2624,2024030401000637,SHIVM,40,16,50,505.0,25250.0,Manufacturing And Processing
2624,2624,2625,2024030401000636,SHIVM,40,58,450,505.0,227250.0,Manufacturing And Processing
2625,2625,2626,2024030401000635,HDL,38,36,10,1549.0,15490.0,Manufacturing And Processing
2626,2626,2627,2024030401000634,HDL,38,45,10,1549.0,15490.0,Manufacturing And Processing
2627,2627,2628,2024030404000290,TRH,46,68,200,763.0,152600.0,Hotels And Tourism
2628,2628,2629,2024030405000154,NTC,45,35,10,850.0,8500.0,Others
2629,2629,2630,2024030401000633,TVCL,21,91,500,563.0,281500.0,Promoter Shares/debenture
2630,2630,2631,2024030404000289,GHL,57,49,50,156.0,7800.0,Hydro Power
2631,2631,2632,2024030404000288,SPIL,42,35,20,773.0,15460.0,Promoter Shares/debenture
2632,2632,2633,2024030404000287,API,14,33,1400,190.0,266000.0,Hydro Power
2633,2633,2634,2024030404000286,API,59,33,100,190.0,19000.0,Hydro Power
2634,2634,2635,2024030404000285,SHPC,50,47,200,352.0,70400.0,Hydro Power
2635,2635,2636,2024030401000632,EBL,58,17,10,513.8,5138.0,Commercial Banks
2636,2636,2637,2024030401000631,PHCL,19,42,370,313.0,115810.0,Hydro Power
2637,2637,2638,2024030401000630,ULBSL,49,22,10,1127.0,11270.0,Microfinance
2638,2638,2639,2024030405000153,HRL,5,16,195,641.0,124995.0,Promoter Shares/debenture
2639,2639,2640,2024030405000152,HRL,5,21,10,640.2,6402.0,Promoter Shares/debenture
2640,2640,2641,2024030405000151,HRL,5,77,200,640.0,128000.0,Promoter Shares/debenture
2641,2641,2642,2024030405000150,HRL,5,69,95,635.0,60325.0,Promoter Shares/debenture
2642,2642,2643,2024030401000629,VLUCL,71,45,20,553.0,11060.0,Promoter Shares/debenture
2643,2643,2644,2024030401000628,VLUCL,71,55,180,550.0,99000.0,Promoter Shares/debenture
2644,2644,2645,2024030404000284,RIDI,41,49,100,194.8,19480.0,Hydro Power
2645,2645,2646,2024030404000283,UMHL,41,51,500,273.0,136500.0,Hydro Power
2646,2646,2647,2024030404000282,UMHL,41,3,500,272.9,136450.0,Hydro Power
2647,2647,2648,2024030401000627,TAMOR,70,81,10,390.1,3901.0,Promoter Shares/debenture
2648,2648,2649,2024030404000281,UPPER,35,56,136,207.0,28152.0,Hydro Power
2649,2649,2650,2024030401000626,MAKAR,55,11,10,382.0,3820.0,Promoter Shares/debenture
2650,2650,2651,2024030401000625,SHIVM,52,44,500,504.9,252450.0,Manufacturing And Processing
2651,2651,2652,2024030403000159,GILB,16,32,20,806.8,16136.0,Microfinance
2652,2652,2653,2024030401000624,CYCL,71,35,12,1212.0,14544.0,Microfinance
2653,2653,2654,2024030401000623,CYCL,71,4,13,1210.0,15730.0,Microfinance
2654,2654,2655,2024030401000622,CYCL,71,39,30,1206.0,36180.0,Microfinance
2655,2655,2656,2024030401000621,CYCL,71,35,25,1206.0,30150.0,Microfinance
2656,2656,2657,2024030401000620,CYCL,71,25,10,1205.4,12054.0,Microfinance
2657,2657,2658,2024030401000619,CYCL,71,32,90,1205.4,108486.0,Microfinance
2658,2658,2659,2024030401000618,CYCL,71,28,10,1200.0,12000.0,Microfinance
2659,2659,2660,2024030401000617,CYCL,71,21,10,1199.0,11990.0,Microfinance
2660,2660,2661,2024030404000280,GLH,41,39,200,221.0,44200.0,Hydro Power
2661,2661,2662,2024030401000616,SAHAS,51,59,10,542.0,5420.0,Hydro Power
2662,2662,2663,2024030401000615,SAHAS,51,47,35,542.0,18970.0,Hydro Power
2663,2663,2664,2024030405000149,NRN,72,75,550,565.0,310750.0,Investment
2664,2664,2665,2024030401000614,DOLTI,71,71,10,378.5,3785.0,Promoter Shares/debenture
2665,2665,2666,2024030404000279,API,35,48,50,192.9,9645.0,Hydro Power
2666,2666,2667,2024030404000278,API,35,7,450,192.9,86805.0,Hydro Power
2667,2667,2668,2024030405000148,HRL,56,35,215,622.5,133837.5,Promoter Shares/debenture
2668,2668,2669,2024030405000147,HRL,85,35,80,625.0,50000.0,Promoter Shares/debenture
2669,2669,2670,2024030405000146,HRL,35,35,100,630.0,63000.0,Promoter Shares/debenture
2670,2670,2671,2024030405000145,HRL,48,35,500,630.0,315000.0,Promoter Shares/debenture
2671,2671,2672,2024030405000144,HRL,58,35,250,630.0,157500.0,Promoter Shares/debenture
2672,2672,2673,2024030405000143,HRL,74,35,500,630.0,315000.0,Promoter Shares/debenture
2673,2673,2674,2024030405000142,HRL,38,35,105,630.0,66150.0,Promoter Shares/debenture
2674,2674,2675,2024030405000141,HRL,38,35,100,631.0,63100.0,Promoter Shares/debenture
2675,2675,2676,2024030405000140,HRL,19,35,150,631.0,94650.0,Promoter Shares/debenture
2676,2676,2677,2024030405000139,HRL,74,69,110,635.0,69850.0,Promoter Shares/debenture
2677,2677,2678,2024030405000138,HRL,54,69,195,635.0,123825.0,Promoter Shares/debenture
2678,2678,2679,2024030405000137,HRL,46,69,100,638.0,63800.0,Promoter Shares/debenture
2679,2679,2680,2024030403000158,NABBC,52,34,300,413.0,123900.0,Development Banks
2680,2680,2681,2024030405000136,HRL,46,26,100,638.0,63800.0,Promoter Shares/debenture
2681,2681,2682,2024030404000277,MHNL,39,47,10,243.7,2437.0,Hydro Power
2682,2682,2683,2024030401000613,DORDI,77,49,25,483.0,12075.0,Hydro Power
2683,2683,2684,2024030401000612,DORDI,77,55,75,474.0,35550.0,Hydro Power
2684,2684,2685,2024030401000611,MEHL,59,21,200,306.5,61300.0,Promoter Shares/debenture
2685,2685,2686,2024030403000157,SHINE,42,37,300,383.0,114900.0,Development Banks
2686,2686,2687,2024030403000156,PMLI,7,7,10,510.0,5100.0,Promoter Shares/debenture
2687,2687,2688,2024030403000155,GFCL,7,41,100,438.0,43800.0,Finance
2688,2688,2689,2024030401000610,ULHC,14,37,50,326.0,16300.0,Promoter Shares/debenture
2689,2689,2690,2024030401000609,MCHL,42,58,10,335.3,3353.0,Promoter Shares/debenture
2690,2690,2691,2024030401000608,GCIL,38,28,200,516.0,103200.0,Promoter Shares/debenture
2691,2691,2692,2024030404000276,SGIC,38,72,100,517.0,51700.0,Promoter Shares/debenture
2692,2692,2693,2024030405000135,NRIC,58,48,10,762.8,7628.0,Others
2693,2693,2694,2024030404000275,NGPL,58,71,200,311.0,62200.0,Hydro Power
2694,2694,2695,2024030401000607,SONA,16,41,135,480.1,64813.5,Promoter Shares/debenture
2695,2695,2696,2024030401000606,HDL,41,45,30,1549.0,46470.0,Manufacturing And Processing
2696,2696,2697,2024030401000605,KBL,51,41,20,148.0,2960.0,Promoter Shares/debenture
2697,2697,2698,2024030404000274,API,6,7,50,192.9,9645.0,Hydro Power
2698,2698,2699,2024030401000604,SONA,67,67,730,486.0,354780.0,Promoter Shares/debenture
2699,2699,2700,2024030401000603,SONA,67,29,100,486.0,48600.0,Promoter Shares/debenture
2700,2700,2701,2024030401000602,SONA,67,34,10,485.0,4850.0,Promoter Shares/debenture
2701,2701,2702,2024030401000601,SONA,67,34,1160,485.0,562600.0,Promoter Shares/debenture
2702,2702,2703,2024030401000600,SONA,16,29,200,480.1,96020.0,Promoter Shares/debenture
2703,2703,2704,2024030404000273,NGPL,95,71,1000,312.0,312000.0,Hydro Power
2704,2704,2705,2024030401000599,NBL,59,58,4980,223.0,1110540.0,Commercial Banks
2705,2705,2706,2024030404000272,SHL,34,34,100,449.0,44900.0,Hotels And Tourism
2706,2706,2707,2024030401000598,ILI,33,36,10,535.0,5350.0,Promoter Shares/debenture
2707,2707,2708,2024030401000597,ILI,33,58,10,535.0,5350.0,Promoter Shares/debenture
2708,2708,2709,2024030401000596,ILI,33,32,20,534.9,10698.0,Promoter Shares/debenture
2709,2709,2710,2024030401000595,SMJC,38,53,28,390.0,10920.0,Promoter Shares/debenture
2710,2710,2711,2024030401000594,SMJC,38,53,40,390.0,15600.0,Promoter Shares/debenture
2711,2711,2712,2024030401000593,SMJC,38,53,20,390.0,7800.0,Promoter Shares/debenture
2712,2712,2713,2024030401000592,SMJC,38,53,30,390.0,11700.0,Promoter Shares/debenture
2713,2713,2714,2024030401000591,SMJC,38,53,2000,390.0,780000.0,Promoter Shares/debenture
2714,2714,2715,2024030401000590,SMJC,64,53,70,390.0,27300.0,Promoter Shares/debenture
2715,2715,2716,2024030401000589,CLI,45,45,40,445.0,17800.0,Promoter Shares/debenture
2716,2716,2717,2024030403000154,HLI,45,74,15,391.0,5865.0,Promoter Shares/debenture
2717,2717,2718,2024030403000153,LBBL,48,45,20,386.0,7720.0,Development Banks
2718,2718,2719,2024030401000588,SPC,40,6,20,577.7,11554.0,Hydro Power
2719,2719,2720,2024030403000152,BFC,21,58,100,331.8,33180.0,Finance
2720,2720,2721,2024030401000587,SONA,65,34,320,485.0,155200.0,Promoter Shares/debenture
2721,2721,2722,2024030401000586,SONA,65,34,180,484.0,87120.0,Promoter Shares/debenture
2722,2722,2723,2024030401000585,NYADI,52,50,10,294.2,2942.0,Hydro Power
2723,2723,2724,2024030401000584,NYADI,52,28,50,294.0,14700.0,Hydro Power
2724,2724,2725,2024030403000151,SHINE,42,74,500,383.0,191500.0,Development Banks
2725,2725,2726,2024030401000583,PHCL,34,42,30,313.0,9390.0,Hydro Power
2726,2726,2727,2024030404000271,AKPL,41,47,750,191.4,143550.0,Hydro Power
2727,2727,2728,2024030401000582,BNL,41,57,10,23290.6,232906.0,Manufacturing And Processing
2728,2728,2729,2024030404000270,AKPL,41,34,50,191.4,9570.0,Hydro Power
2729,2729,2730,2024030404000269,AKPL,41,7,100,191.4,19140.0,Hydro Power
2730,2730,2731,2024030404000268,AKPL,41,42,100,191.0,19100.0,Hydro Power
2731,2731,2732,2024030401000581,DORDI,77,55,10,474.0,4740.0,Hydro Power
2732,2732,2733,2024030404000267,GHL,45,49,50,156.0,7800.0,Hydro Power
2733,2733,2734,2024030404000266,GHL,35,49,280,156.0,43680.0,Hydro Power
2734,2734,2735,2024030403000150,LBBL,45,45,60,386.0,23160.0,Development Banks
2735,2735,2736,2024030404000265,NGPL,58,84,200,311.0,62200.0,Hydro Power
2736,2736,2737,2024030405000134,HRL,54,19,150,635.0,95250.0,Promoter Shares/debenture
2737,2737,2738,2024030405000133,HRL,56,19,90,635.0,57150.0,Promoter Shares/debenture
2738,2738,2739,2024030404000264,UNHPL,38,58,10,244.8,2448.0,Hydro Power
2739,2739,2740,2024030401000580,MKCL,38,21,100,980.0,98000.0,Promoter Shares/debenture
2740,2740,2741,2024030403000149,NLICL,6,32,150,571.2,85680.0,Life Insurance
2741,2741,2742,2024030401000579,NRM,34,65,10,372.4,3724.0,Promoter Shares/debenture
2742,2742,2743,2024030401000578,NRM,34,4,90,371.0,33390.0,Promoter Shares/debenture
2743,2743,2744,2024030401000577,HBL,42,55,50,190.5,9525.0,Commercial Banks
2744,2744,2745,2024030404000263,SGIC,34,72,200,517.0,103400.0,Promoter Shares/debenture
2745,2745,2746,2024030405000132,NIFRA,29,38,150,212.0,31800.0,Investment
2746,2746,2747,2024030404000262,UMHL,19,19,250,272.0,68000.0,Hydro Power
2747,2747,2748,2024030405000131,HRL,56,58,10,635.0,6350.0,Promoter Shares/debenture
2748,2748,2749,2024030403000148,MERO,18,34,10,528.0,5280.0,Microfinance
2749,2749,2750,2024030405000130,CIT,41,35,30,2142.0,64260.0,Investment
2750,2750,2751,2024030401000576,HATHY,35,7,150,891.0,133650.0,Promoter Shares/debenture
2751,2751,2752,2024030401000575,HATHY,35,65,350,890.0,311500.0,Promoter Shares/debenture
2752,2752,2753,2024030404000261,GHL,21,55,500,157.0,78500.0,Hydro Power
2753,2753,2754,2024030404000260,SSHL,42,5,10,163.2,1632.0,Hydro Power
2754,2754,2755,2024030401000574,BHPL,60,71,10,483.8,4838.0,Hydro Power
2755,2755,2756,2024030404000259,IGI,45,13,100,540.0,54000.0,Non Life Insurance
2756,2756,2757,2024030404000258,IGI,58,13,50,541.0,27050.0,Non Life Insurance
2757,2757,2758,2024030403000147,NICLBSL,32,55,10,546.1,5461.0,Microfinance
2758,2758,2759,2024030403000146,HLI,45,21,80,390.0,31200.0,Promoter Shares/debenture
2759,2759,2760,2024030403000145,HLI,52,21,100,391.0,39100.0,Promoter Shares/debenture
2760,2760,2761,2024030403000144,HLI,48,21,200,391.0,78200.0,Promoter Shares/debenture
2761,2761,2762,2024030403000143,HLI,45,21,100,391.1,39110.0,Promoter Shares/debenture
2762,2762,2763,2024030403000142,HLI,36,21,20,391.1,7822.0,Promoter Shares/debenture
2763,2763,2764,2024030401000573,SONA,16,34,500,480.1,240050.0,Promoter Shares/debenture
2764,2764,2765,2024030404000257,SGIC,8,19,200,526.0,105200.0,Promoter Shares/debenture
2765,2765,2766,2024030405000129,NTC,8,50,10,864.0,8640.0,Others
2766,2766,2767,2024030405000128,NTC,8,33,30,864.0,25920.0,Others
2767,2767,2768,2024030403000141,SHINE,42,16,200,383.0,76600.0,Development Banks
2768,2768,2769,2024030403000140,SHINE,17,16,300,383.0,114900.0,Development Banks
2769,2769,2770,2024030401000572,PHCL,17,42,100,313.0,31300.0,Hydro Power
2770,2770,2771,2024030401000571,MBJC,47,6,20,327.0,6540.0,Hydro Power
2771,2771,2772,2024030401000570,MBJC,47,52,100,321.1,32110.0,Hydro Power
2772,2772,2773,2024030403000139,NFS,35,70,10,349.5,3495.0,Finance
2773,2773,2774,2024030401000569,NICA,58,45,50,435.0,21750.0,Commercial Banks
2774,2774,2775,2024030401000568,RNLI,43,32,10,439.0,4390.0,Promoter Shares/debenture
2775,2775,2776,2024030401000567,RNLI,43,38,10,439.0,4390.0,Promoter Shares/debenture
2776,2776,2777,2024030401000566,RNLI,43,62,55,435.0,23925.0,Promoter Shares/debenture
2777,2777,2778,2024030403000138,GUFL,62,20,10,591.7,5917.0,Finance
2778,2778,2779,2024030401000565,SONA,16,74,340,480.1,163234.0,Promoter Shares/debenture
2779,2779,2780,2024030403000137,SJLIC,42,62,200,463.0,92600.0,Promoter Shares/debenture
2780,2780,2781,2024030401000564,SHIVM,42,58,50,505.0,25250.0,Manufacturing And Processing
2781,2781,2782,2024030404000256,UMRH,32,29,10,360.4,3604.0,Hydro Power
2782,2782,2783,2024030401000563,ILI,3,25,100,534.0,53400.0,Promoter Shares/debenture
2783,2783,2784,2024030401000562,SHIVM,46,54,10,500.1,5001.0,Manufacturing And Processing
2784,2784,2785,2024030404000255,GHL,34,55,100,157.0,15700.0,Hydro Power
2785,2785,2786,2024030404000254,GHL,21,55,160,157.0,25120.0,Hydro Power
2786,2786,2787,2024030404000253,AKPL,50,40,100,191.0,19100.0,Hydro Power
2787,2787,2788,2024030404000252,AKPL,50,57,200,190.0,38000.0,Hydro Power
2788,2788,2789,2024030401000561,IHL,42,34,50,355.3,17765.0,Promoter Shares/debenture
2789,2789,2790,2024030401000560,IHL,42,41,200,355.0,71000.0,Promoter Shares/debenture
2790,2790,2791,2024030401000559,GCIL,61,43,200,517.0,103400.0,Promoter Shares/debenture
2791,2791,2792,2024030401000558,SRLI,45,29,10,436.5,4365.0,Promoter Shares/debenture
2792,2792,2793,2024030401000557,GCIL,45,43,400,517.0,206800.0,Promoter Shares/debenture
2793,2793,2794,2024030401000556,BHL,19,64,10,338.4,3384.0,Hydro Power
2794,2794,2795,2024030401000555,HIDCLP,62,55,1000,101.3,101300.0,Promoter Shares/debenture
2795,2795,2796,2024030404000251,JOSHI,57,41,10,362.6,3626.0,Hydro Power
2796,2796,2797,2024030401000554,SONA,16,44,500,480.1,240050.0,Promoter Shares/debenture
2797,2797,2798,2024030405000127,NRN,72,32,200,561.0,112200.0,Investment
2798,2798,2799,2024030405000126,NRN,72,82,50,559.5,27975.0,Investment
2799,2799,2800,2024030405000125,NRN,72,52,100,559.0,55900.0,Investment
2800,2800,2801,2024030403000136,CFCL,3,43,10,340.5,3405.0,Finance
2801,2801,2802,2024030405000124,HRL,56,56,100,635.0,63500.0,Promoter Shares/debenture
2802,2802,2803,2024030403000135,SIFC,56,56,10,364.1,3641.0,Finance
2803,2803,2804,2024030401000553,NIMB,57,35,10,163.7,1637.0,Promoter Shares/debenture
2804,2804,2805,2024030404000250,UNHPL,38,35,10,244.8,2448.0,Hydro Power
2805,2805,2806,2024030403000134,GILB,21,22,25,807.0,20175.0,Microfinance
2806,2806,2807,2024030403000133,GBBL,74,42,500,372.0,186000.0,Development Banks
2807,2807,2808,2024030404000249,API,53,7,500,193.0,96500.0,Hydro Power
2808,2808,2809,2024030403000132,SJLIC,22,62,65,463.0,30095.0,Promoter Shares/debenture
2809,2809,2810,2024030401000552,MKHC,89,11,10,295.3,2953.0,Promoter Shares/debenture
2810,2810,2811,2024030401000551,MMKJL,44,48,10,413.0,4130.0,Promoter Shares/debenture
2811,2811,2812,2024030404000248,API,53,29,500,193.0,96500.0,Hydro Power
2812,2812,2813,2024030401000550,DORDI,77,77,10,474.0,4740.0,Hydro Power
2813,2813,2814,2024030404000247,UPCL,71,21,500,225.0,112500.0,Hydro Power
2814,2814,2815,2024030403000131,GILB,54,22,50,807.0,40350.0,Microfinance
2815,2815,2816,2024030401000549,GCIL,4,43,300,509.0,152700.0,Promoter Shares/debenture
2816,2816,2817,2024030401000548,SONA,16,58,10,480.1,4801.0,Promoter Shares/debenture
2817,2817,2818,2024030401000547,SMJC,71,58,500,389.0,194500.0,Promoter Shares/debenture
2818,2818,2819,2024030404000246,HURJA,41,41,10,297.0,2970.0,Hydro Power
2819,2819,2820,2024030404000245,NGPL,44,4,110,313.0,34430.0,Hydro Power
2820,2820,2821,2024030404000244,NGPL,44,71,390,308.0,120120.0,Hydro Power
2821,2821,2822,2024030404000243,SGIC,68,19,10,526.0,5260.0,Promoter Shares/debenture
2822,2822,2823,2024030401000546,DOLTI,71,71,10,371.1,3711.0,Promoter Shares/debenture
2823,2823,2824,2024030401000545,HDL,45,22,20,1549.9,30998.0,Manufacturing And Processing
2824,2824,2825,2024030401000544,MKLB,62,71,10,802.0,8020.0,Microfinance
2825,2825,2826,2024030405000123,HRL,56,52,300,635.0,190500.0,Promoter Shares/debenture
2826,2826,2827,2024030401000543,NBL,35,58,10,223.0,2230.0,Commercial Banks
2827,2827,2828,2024030404000242,API,59,29,50,190.0,9500.0,Hydro Power
2828,2828,2829,2024030401000542,RNLI,84,62,10,435.0,4350.0,Promoter Shares/debenture
2829,2829,2830,2024030405000122,HRL,19,34,50,631.0,31550.0,Promoter Shares/debenture
2830,2830,2831,2024030401000541,SONA,16,13,250,480.1,120025.0,Promoter Shares/debenture
2831,2831,2832,2024030401000540,SONA,59,34,20,485.0,9700.0,Promoter Shares/debenture
2832,2832,2833,2024030401000539,SONA,59,48,100,485.0,48500.0,Promoter Shares/debenture
2833,2833,2834,2024030401000538,SONA,59,43,200,484.0,96800.0,Promoter Shares/debenture
2834,2834,2835,2024030401000537,SONA,59,28,200,484.0,96800.0,Promoter Shares/debenture
2835,2835,2836,2024030401000536,SONA,59,67,1000,482.0,482000.0,Promoter Shares/debenture
2836,2836,2837,2024030401000535,SONA,59,19,480,481.0,230880.0,Promoter Shares/debenture
2837,2837,2838,2024030404000241,RHPL,32,49,100,284.0,28400.0,Hydro Power
2838,2838,2839,2024030404000240,MEN,14,34,110,617.0,67870.0,Hydro Power
2839,2839,2840,2024030401000534,ULHC,34,59,40,322.5,12900.0,Promoter Shares/debenture
2840,2840,2841,2024030401000533,ULHC,34,39,10,322.5,3225.0,Promoter Shares/debenture
2841,2841,2842,2024030401000532,SONA,34,19,20,481.0,9620.0,Promoter Shares/debenture
2842,2842,2843,2024030401000531,SONA,34,48,60,481.0,28860.0,Promoter Shares/debenture
2843,2843,2844,2024030404000239,NGPL,62,71,100,308.0,30800.0,Hydro Power
2844,2844,2845,2024030403000130,SJLIC,14,62,100,463.0,46300.0,Promoter Shares/debenture
2845,2845,2846,2024030404000238,UPCL,26,34,500,220.0,110000.0,Hydro Power
2846,2846,2847,2024030401000530,SONA,58,48,40,481.0,19240.0,Promoter Shares/debenture
2847,2847,2848,2024030401000529,SONA,58,48,60,481.0,28860.0,Promoter Shares/debenture
2848,2848,2849,2024030405000121,HRL,38,51,20,630.0,12600.0,Promoter Shares/debenture
2849,2849,2850,2024030404000237,AKPL,41,34,50,188.0,9400.0,Hydro Power
2850,2850,2851,2024030404000236,SPIL,42,36,10,758.8,7588.0,Promoter Shares/debenture
2851,2851,2852,2024030401000528,NRM,72,65,250,372.4,93100.0,Promoter Shares/debenture
2852,2852,2853,2024030401000527,CZBIL,46,55,1000,164.2,164200.0,Commercial Banks
2853,2853,2854,2024030405000120,NIFRA,49,38,50,212.0,10600.0,Investment
2854,2854,2855,2024030401000526,SONA,39,48,200,481.0,96200.0,Promoter Shares/debenture
2855,2855,2856,2024030401000525,NRM,13,19,100,372.3,37230.0,Promoter Shares/debenture
2856,2856,2857,2024030401000524,MKCL,56,16,100,979.0,97900.0,Promoter Shares/debenture
2857,2857,2858,2024030401000523,MHCL,49,69,10,499.0,4990.0,Promoter Shares/debenture
2858,2858,2859,2024030404000235,GHL,21,53,240,157.0,37680.0,Hydro Power
2859,2859,2860,2024030404000234,GHL,57,53,60,157.0,9420.0,Hydro Power
2860,2860,2861,2024030403000129,ICFC,38,43,50,491.9,24595.0,Finance
2861,2861,2862,2024030403000128,ICFC,38,39,50,489.0,24450.0,Finance
2862,2862,2863,2024030401000522,MHCL,49,25,10,499.0,4990.0,Promoter Shares/debenture
2863,2863,2864,2024030401000521,CYCL,45,21,10,1199.0,11990.0,Microfinance
2864,2864,2865,2024030401000520,RAWA,70,18,10,460.0,4600.0,Promoter Shares/debenture
2865,2865,2866,2024030401000519,RAWA,70,34,10,460.0,4600.0,Promoter Shares/debenture
2866,2866,2867,2024030404000233,GHL,41,53,40,158.0,6320.0,Hydro Power
2867,2867,2868,2024030404000232,GHL,41,35,60,157.9,9474.0,Hydro Power
2868,2868,2869,2024030405000119,HRL,38,33,500,630.0,315000.0,Promoter Shares/debenture
2869,2869,2870,2024030401000518,SONA,7,48,50,481.0,24050.0,Promoter Shares/debenture
2870,2870,2871,2024030401000517,HDL,54,35,50,1550.0,77500.0,Manufacturing And Processing
2871,2871,2872,2024030405000118,HRL,38,69,1000,630.0,630000.0,Promoter Shares/debenture
2872,2872,2873,2024030401000516,NICA,57,45,50,435.0,21750.0,Commercial Banks
2873,2873,2874,2024030403000127,ALICL,44,33,1740,577.0,1003980.0,Life Insurance
2874,2874,2875,2024030403000126,ALICL,44,49,200,576.9,115380.0,Life Insurance
2875,2875,2876,2024030403000125,ALICL,44,57,290,576.0,167040.0,Life Insurance
2876,2876,2877,2024030403000124,ALICL,44,44,300,576.0,172800.0,Life Insurance
2877,2877,2878,2024030403000123,ALICL,44,16,300,576.0,172800.0,Life Insurance
2878,2878,2879,2024030403000122,ALICL,44,44,170,576.0,97920.0,Life Insurance
2879,2879,2880,2024030401000515,AHL,66,42,10,429.9,4299.0,Promoter Shares/debenture
2880,2880,2881,2024030403000121,KSBBL,42,45,10,344.9,3449.0,Development Banks
2881,2881,2882,2024030401000514,PPL,32,57,100,333.0,33300.0,Hydro Power
2882,2882,2883,2024030405000117,NRN,77,82,50,559.5,27975.0,Investment
2883,2883,2884,2024030405000116,NRN,77,34,50,559.0,27950.0,Investment
2884,2884,2885,2024030405000115,NRN,77,45,50,559.0,27950.0,Investment
2885,2885,2886,2024030405000114,NRN,77,28,50,558.0,27900.0,Investment
2886,2886,2887,2024030404000231,UMHL,19,48,750,272.0,204000.0,Hydro Power
2887,2887,2888,2024030404000230,UMHL,19,49,1000,271.5,271500.0,Hydro Power
2888,2888,2889,2024030405000113,HRL,38,38,10,630.0,6300.0,Promoter Shares/debenture
2889,2889,2890,2024030401000513,SHIVM,82,66,5000,507.0,2535000.0,Manufacturing And Processing
2890,2890,2891,2024030401000512,CLI,45,32,10,437.9,4379.0,Promoter Shares/debenture
2891,2891,2892,2024030401000511,GCIL,52,43,80,517.0,41360.0,Promoter Shares/debenture
2892,2892,2893,2024030401000510,GCIL,52,52,100,517.0,51700.0,Promoter Shares/debenture
2893,2893,2894,2024030405000112,HRL,38,52,20,630.0,12600.0,Promoter Shares/debenture
2894,2894,2895,2024030404000229,AKJCL,16,52,10,224.4,2244.0,Hydro Power
2895,2895,2896,2024030401000509,MHL,38,32,10,372.3,3723.0,Hydro Power
2896,2896,2897,2024030404000228,NICL,45,86,10,845.0,8450.0,Non Life Insurance
2897,2897,2898,2024030404000227,NICL,57,86,240,845.0,202800.0,Non Life Insurance
2898,2898,2899,2024030404000226,NGPL,22,71,10,308.0,3080.0,Hydro Power
2899,2899,2900,2024030401000508,MEHL,59,34,200,306.0,61200.0,Promoter Shares/debenture
2900,2900,2901,2024030401000507,MEHL,59,44,300,305.0,91500.0,Promoter Shares/debenture
2901,2901,2902,2024030405000111,NRN,74,47,400,550.0,220000.0,Investment
2902,2902,2903,2024030405000110,NRN,33,47,100,555.0,55500.0,Investment
2903,2903,2904,2024030401000506,SONA,16,56,457,479.0,218903.0,Promoter Shares/debenture
2904,2904,2905,2024030404000225,NGPL,46,4,100,313.0,31300.0,Hydro Power
2905,2905,2906,2024030405000109,NIFRA,49,7,150,212.0,31800.0,Investment
2906,2906,2907,2024030401000505,MHCL,49,71,100,499.0,49900.0,Promoter Shares/debenture
2907,2907,2908,2024030401000504,HHL,22,8,200,342.9,68580.0,Hydro Power
2908,2908,2909,2024030405000108,HRL,38,4,20,630.0,12600.0,Promoter Shares/debenture
2909,2909,2910,2024030405000107,HRL,38,51,15,630.0,9450.0,Promoter Shares/debenture
2910,2910,2911,2024030405000106,HRL,38,69,310,630.0,195300.0,Promoter Shares/debenture
2911,2911,2912,2024030401000503,SONA,64,56,100,479.0,47900.0,Promoter Shares/debenture
2912,2912,2913,2024030401000502,SONA,17,56,1000,479.0,479000.0,Promoter Shares/debenture
2913,2913,2914,2024030401000501,SONA,13,56,564,479.0,270156.0,Promoter Shares/debenture
2914,2914,2915,2024030401000500,SONA,48,56,10,480.0,4800.0,Promoter Shares/debenture
2915,2915,2916,2024030401000499,GVL,66,74,10,447.0,4470.0,Hydro Power
2916,2916,2917,2024030401000498,SHIVM,66,25,100,508.0,50800.0,Manufacturing And Processing
2917,2917,2918,2024030404000224,HDHPC,34,44,100,144.7,14470.0,Hydro Power
2918,2918,2919,2024030405000105,CHDC,71,19,10,980.0,9800.0,Investment
2919,2919,2920,2024030401000497,BHL,41,19,10,331.8,3318.0,Hydro Power
2920,2920,2921,2024030401000496,HIDCLP,40,55,1000,101.0,101000.0,Promoter Shares/debenture
2921,2921,2922,2024030403000120,HLI,21,34,10,394.0,3940.0,Promoter Shares/debenture
2922,2922,2923,2024030401000495,HIDCLP,17,55,1000,101.0,101000.0,Promoter Shares/debenture
2923,2923,2924,2024030404000223,HPPL,42,39,10,269.7,2697.0,Hydro Power
2924,2924,2925,2024030401000494,RHGCL,62,6,10,292.3,2923.0,Hydro Power
2925,2925,2926,2024030401000493,RHGCL,62,16,10,292.0,2920.0,Hydro Power
2926,2926,2927,2024030401000492,CKHL,58,52,10,657.0,6570.0,Promoter Shares/debenture
2927,2927,2928,2024030404000222,NGPL,36,4,500,313.0,156500.0,Hydro Power
2928,2928,2929,2024030404000221,NGPL,36,4,500,310.0,155000.0,Hydro Power
2929,2929,2930,2024030404000220,RIDI,42,65,10,191.0,1910.0,Hydro Power
2930,2930,2931,2024030405000104,HRL,42,69,200,630.0,126000.0,Promoter Shares/debenture
2931,2931,2932,2024030401000491,DORDI,86,49,85,465.9,39601.5,Hydro Power
2932,2932,2933,2024030404000219,API,59,58,150,189.7,28455.0,Hydro Power
2933,2933,2934,2024030403000119,MFIL,55,45,1300,497.0,646100.0,Finance
2934,2934,2935,2024030405000103,NIFRA,57,55,946,214.9,203295.4,Investment
2935,2935,2936,2024030405000102,NIFRA,57,49,54,214.0,11556.0,Investment
2936,2936,2937,2024030405000101,NRN,74,44,20,550.0,11000.0,Investment
2937,2937,2938,2024030404000218,KKHC,84,34,10,237.6,2376.0,Hydro Power
2938,2938,2939,2024030404000217,UPCL,7,16,310,221.0,68510.0,Hydro Power
2939,2939,2940,2024030404000216,UPCL,7,42,2000,220.0,440000.0,Hydro Power
2940,2940,2941,2024030401000490,HATHY,45,7,120,891.0,106920.0,Promoter Shares/debenture
2941,2941,2942,2024030404000215,JOSHI,26,21,450,377.0,169650.0,Hydro Power
2942,2942,2943,2024030404000214,JOSHI,26,62,10,376.3,3763.0,Hydro Power
2943,2943,2944,2024030404000213,JOSHI,26,18,631,376.0,237256.0,Hydro Power
2944,2944,2945,2024030404000212,JOSHI,26,18,410,376.0,154160.0,Hydro Power
2945,2945,2946,2024030404000211,JOSHI,26,45,490,370.0,181300.0,Hydro Power
2946,2946,2947,2024030404000210,JOSHI,41,45,10,370.0,3700.0,Hydro Power
2947,2947,2948,2024030404000209,JOSHI,41,19,280,370.0,103600.0,Hydro Power
2948,2948,2949,2024030404000208,CHL,35,14,200,298.0,59600.0,Hydro Power
2949,2949,2950,2024030404000207,API,41,58,50,189.7,9485.0,Hydro Power
2950,2950,2951,2024030404000206,CGH,36,35,90,843.7,75933.0,Hotels And Tourism
2951,2951,2952,2024030404000205,NGPL,48,16,500,310.0,155000.0,Hydro Power
2952,2952,2953,2024030404000204,NGPL,16,4,1000,313.0,313000.0,Hydro Power
2953,2953,2954,2024030401000489,MANDU,10,49,50,680.0,34000.0,Promoter Shares/debenture
2954,2954,2955,2024030401000488,MANDU,10,62,250,680.0,170000.0,Promoter Shares/debenture
2955,2955,2956,2024030405000100,HRL,42,69,100,630.0,63000.0,Promoter Shares/debenture
2956,2956,2957,2024030401000487,SONA,58,48,10,481.0,4810.0,Promoter Shares/debenture
2957,2957,2958,2024030401000486,SONA,64,48,30,481.0,14430.0,Promoter Shares/debenture
2958,2958,2959,2024030401000485,MEL,38,58,10,218.0,2180.0,Promoter Shares/debenture
2959,2959,2960,2024030403000118,SFCL,43,34,10,302.9,3029.0,Finance
2960,2960,2961,2024030405000099,NIFRA,34,22,73,215.0,15695.0,Investment
2961,2961,2962,2024030405000098,NIFRA,34,58,14,215.0,3010.0,Investment
2962,2962,2963,2024030405000097,NIFRA,34,19,13,214.0,2782.0,Investment
2963,2963,2964,2024030403000117,HLBSL,38,34,60,573.2,34392.0,Promoter Shares/debenture
2964,2964,2965,2024030404000203,GLH,38,16,10,217.1,2171.0,Hydro Power
2965,2965,2966,2024030404000202,UMHL,38,48,250,272.0,68000.0,Hydro Power
2966,2966,2967,2024030404000201,UMHL,38,3,350,271.9,95165.0,Hydro Power
2967,2967,2968,2024030401000484,DORDI,55,77,10,465.0,4650.0,Hydro Power
2968,2968,2969,2024030401000483,ILI,40,32,20,534.9,10698.0,Promoter Shares/debenture
2969,2969,2970,2024030404000200,GHL,57,58,90,157.0,14130.0,Hydro Power
2970,2970,2971,2024030404000199,CGH,21,33,10,842.0,8420.0,Hotels And Tourism
2971,2971,2972,2024030403000116,SIFC,56,56,10,357.0,3570.0,Finance
2972,2972,2973,2024030405000096,HRL,36,69,20,630.0,12600.0,Promoter Shares/debenture
2973,2973,2974,2024030401000482,NYADI,44,52,10,294.2,2942.0,Hydro Power
2974,2974,2975,2024030401000481,NYADI,44,18,10,294.0,2940.0,Hydro Power
2975,2975,2976,2024030404000198,TRH,57,68,10,763.0,7630.0,Hotels And Tourism
2976,2976,2977,2024030404000197,NHPC,68,47,10,160.1,1601.0,Hydro Power
2977,2977,2978,2024030401000480,VLUCL,68,47,500,553.9,276950.0,Promoter Shares/debenture
2978,2978,2979,2024030401000479,VLUCL,68,34,50,548.0,27400.0,Promoter Shares/debenture
2979,2979,2980,2024030401000478,SBI,13,34,50,285.6,14280.0,Commercial Banks
2980,2980,2981,2024030401000477,NRM,45,43,90,370.0,33300.0,Promoter Shares/debenture
2981,2981,2982,2024030404000196,AHPC,21,35,10,189.0,1890.0,Hydro Power
2982,2982,2983,2024030401000476,SMH,5,69,10,661.9,6619.0,Promoter Shares/debenture
2983,2983,2984,2024030401000475,USHL,38,36,10,460.0,4600.0,Promoter Shares/debenture
2984,2984,2985,2024030401000474,SONA,64,58,20,481.0,9620.0,Promoter Shares/debenture
2985,2985,2986,2024030405000095,HRL,57,69,500,630.0,315000.0,Promoter Shares/debenture
2986,2986,2987,2024030401000473,MEHL,50,34,300,306.0,91800.0,Promoter Shares/debenture
2987,2987,2988,2024030401000472,HHL,28,8,200,340.0,68000.0,Hydro Power
2988,2988,2989,2024030401000471,SHIVM,42,71,100,509.0,50900.0,Manufacturing And Processing
2989,2989,2990,2024030401000470,MHCL,88,18,49,519.0,25431.0,Promoter Shares/debenture
2990,2990,2991,2024030401000469,MHCL,88,5,60,519.0,31140.0,Promoter Shares/debenture
2991,2991,2992,2024030403000115,SADBL,43,53,10,300.0,3000.0,Development Banks
2992,2992,2993,2024030405000094,HRL,41,69,100,630.0,63000.0,Promoter Shares/debenture
2993,2993,2994,2024030405000093,HRL,85,58,20,625.0,12500.0,Promoter Shares/debenture
2994,2994,2995,2024030405000092,HRL,32,58,30,627.0,18810.0,Promoter Shares/debenture
2995,2995,2996,2024030403000114,ICFC,7,43,200,491.9,98380.0,Finance
2996,2996,2997,2024030401000468,DOLTI,16,71,10,363.9,3639.0,Promoter Shares/debenture
2997,2997,2998,2024030404000195,HDHPC,1,22,10,144.7,1447.0,Hydro Power
2998,2998,2999,2024030401000467,PPL,45,29,10,333.0,3330.0,Hydro Power
2999,2999,3000,2024030405000091,NRIC,57,48,20,761.0,15220.0,Others
3000,3000,3001,2024030404000194,API,41,34,50,189.7,9485.0,Hydro Power
3001,3001,3002,2024030401000466,SONA,53,54,100,485.0,48500.0,Promoter Shares/debenture
3002,3002,3003,2024030404000193,CGH,32,35,10,843.7,8437.0,Hotels And Tourism
3003,3003,3004,2024030401000465,NICA,45,45,100,435.0,43500.0,Commercial Banks
3004,3004,3005,2024030401000464,MKHL,26,58,200,370.0,74000.0,Promoter Shares/debenture
3005,3005,3006,2024030405000090,HRL,4,69,355,630.0,223650.0,Promoter Shares/debenture
3006,3006,3007,2024030401000463,MKCL,45,21,50,980.0,49000.0,Promoter Shares/debenture
3007,3007,3008,2024030404000192,GHL,26,58,90,157.0,14130.0,Hydro Power
3008,3008,3009,2024030404000191,GHL,26,45,10,156.9,1569.0,Hydro Power
3009,3009,3010,2024030401000462,HBL,35,41,25,187.0,4675.0,Commercial Banks
3010,3010,3011,2024030401000461,HBL,35,41,25,187.0,4675.0,Commercial Banks
3011,3011,3012,2024030403000113,SAPDBL,35,55,1000,255.5,255500.0,Development Banks
3012,3012,3013,2024030401000460,SPC,45,6,10,577.7,5777.0,Hydro Power
3013,3013,3014,2024030405000089,HRL,72,69,415,630.0,261450.0,Promoter Shares/debenture
3014,3014,3015,2024030405000088,HRL,72,25,50,630.0,31500.0,Promoter Shares/debenture
3015,3015,3016,2024030405000087,HRL,72,62,35,630.0,22050.0,Promoter Shares/debenture
3016,3016,3017,2024030403000112,GFCL,33,45,170,430.0,73100.0,Finance
3017,3017,3018,2024030401000459,GCIL,42,3,410,527.0,216070.0,Promoter Shares/debenture
3018,3018,3019,2024030401000458,GCIL,42,58,50,527.0,26350.0,Promoter Shares/debenture
3019,3019,3020,2024030401000457,GCIL,42,29,200,517.7,103540.0,Promoter Shares/debenture
3020,3020,3021,2024030401000456,SHIVM,42,71,124,509.0,63116.0,Manufacturing And Processing
3021,3021,3022,2024030401000455,SHIVM,42,58,85,500.8,42568.0,Manufacturing And Processing
3022,3022,3023,2024030401000454,SHIVM,42,57,91,500.0,45500.0,Manufacturing And Processing
3023,3023,3024,2024030403000111,GFCL,42,45,334,429.5,143453.0,Finance
3024,3024,3025,2024030401000453,ULHC,54,47,10,320.0,3200.0,Promoter Shares/debenture
3025,3025,3026,2024030401000452,TVCL,71,32,100,552.4,55240.0,Promoter Shares/debenture
3026,3026,3027,2024030401000451,TVCL,71,38,10,552.4,5524.0,Promoter Shares/debenture
3027,3027,3028,2024030401000450,TVCL,71,44,10,552.4,5524.0,Promoter Shares/debenture
3028,3028,3029,2024030403000110,SJLIC,22,62,10,463.0,4630.0,Promoter Shares/debenture
3029,3029,3030,2024030403000109,SJLIC,51,62,10,465.7,4657.0,Promoter Shares/debenture
3030,3030,3031,2024030403000108,MFIL,38,45,200,497.0,99400.0,Finance
3031,3031,3032,2024030403000107,MFIL,34,45,500,497.0,248500.0,Finance
3032,3032,3033,2024030403000106,MFIL,57,45,500,497.1,248550.0,Finance
3033,3033,3034,2024030401000449,SANIMA,25,45,10,238.6,2386.0,Commercial Banks
3034,3034,3035,2024030405000086,NTC,45,45,30,850.0,25500.0,Others
3035,3035,3036,2024030404000190,UMHL,26,3,650,271.9,176735.0,Hydro Power
3036,3036,3037,2024030404000189,UMHL,26,44,100,270.0,27000.0,Hydro Power
3037,3037,3038,2024030404000188,UMHL,26,48,150,270.0,40500.0,Hydro Power
3038,3038,3039,2024030401000448,GCIL,52,58,620,517.0,320540.0,Promoter Shares/debenture
3039,3039,3040,2024030404000187,UMHL,64,48,350,270.0,94500.0,Hydro Power
3040,3040,3041,2024030404000186,UMHL,64,44,150,268.1,40215.0,Hydro Power
3041,3041,3042,2024030403000105,JBBL,62,54,50,300.1,15005.0,Development Banks
3042,3042,3043,2024030401000447,NIMB,6,55,300,166.0,49800.0,Promoter Shares/debenture
3043,3043,3044,2024030405000085,HRL,35,62,100,630.0,63000.0,Promoter Shares/debenture
3044,3044,3045,2024030401000446,DORDI,77,49,10,465.9,4659.0,Hydro Power
3045,3045,3046,2024030404000185,UMHL,57,44,350,268.1,93835.0,Hydro Power
3046,3046,3047,2024030401000445,PRVU,32,22,10,146.6,1466.0,Commercial Banks
3047,3047,3048,2024030401000444,NICA,13,7,10,438.0,4380.0,Commercial Banks
3048,3048,3049,2024030401000443,NICA,13,33,10,438.0,4380.0,Commercial Banks
3049,3049,3050,2024030401000442,NICA,13,42,30,435.0,13050.0,Commercial Banks
3050,3050,3051,2024030404000184,JOSHI,38,19,220,370.0,81400.0,Hydro Power
3051,3051,3052,2024030401000441,SRLI,45,58,10,436.0,4360.0,Promoter Shares/debenture
3052,3052,3053,2024030404000183,UPCL,59,45,1600,217.0,347200.0,Hydro Power
3053,3053,3054,2024030404000182,UPCL,59,37,200,216.9,43380.0,Hydro Power
3054,3054,3055,2024030401000440,SHIVM,49,57,429,500.0,214500.0,Manufacturing And Processing
3055,3055,3056,2024030401000439,KBL,74,1,10,148.7,1487.0,Promoter Shares/debenture
3056,3056,3057,2024030404000181,MEN,22,34,90,617.2,55548.0,Hydro Power
3057,3057,3058,2024030401000438,MCHL,42,58,10,328.8,3288.0,Promoter Shares/debenture
3058,3058,3059,2024030405000084,NIFRA,4,19,150,214.0,32100.0,Investment
3059,3059,3060,2024030403000104,FOWAD,55,74,82,1019.5,83599.0,Microfinance
3060,3060,3061,2024030404000180,RADHI,13,89,10,243.2,2432.0,Hydro Power
3061,3061,3062,2024030403000103,USLB,34,57,10,1106.7,11067.0,Microfinance
3062,3062,3063,2024030405000083,HRL,28,62,150,630.0,94500.0,Promoter Shares/debenture
3063,3063,3064,2024030401000437,ADBL,41,32,310,228.4,70804.0,Commercial Banks
3064,3064,3065,2024030403000102,ICFC,50,42,50,491.0,24550.0,Finance
3065,3065,3066,2024030401000436,HDL,55,17,200,1527.0,305400.0,Manufacturing And Processing
3066,3066,3067,2024030401000435,ILI,42,32,50,534.9,26745.0,Promoter Shares/debenture
3067,3067,3068,2024030405000082,HRL,29,62,50,630.0,31500.0,Promoter Shares/debenture
3068,3068,3069,2024030401000434,HATHY,25,7,80,891.0,71280.0,Promoter Shares/debenture
3069,3069,3070,2024030401000433,HATHY,25,33,20,891.0,17820.0,Promoter Shares/debenture
3070,3070,3071,2024030404000179,AKPL,41,13,25,188.0,4700.0,Hydro Power
3071,3071,3072,2024030404000178,AKPL,41,47,22,188.0,4136.0,Hydro Power
3072,3072,3073,2024030401000432,PCBL,49,49,100,196.0,19600.0,Commercial Banks
3073,3073,3074,2024030401000431,PCBL,49,14,340,196.0,66640.0,Commercial Banks
3074,3074,3075,2024030401000430,PCBL,49,44,1900,195.9,372210.0,Commercial Banks
3075,3075,3076,2024030404000177,AKPL,34,47,78,188.0,14664.0,Hydro Power
3076,3076,3077,2024030404000176,AKPL,34,11,22,188.0,4136.0,Hydro Power
3077,3077,3078,2024030404000175,NICL,57,29,10,845.0,8450.0,Non Life Insurance
3078,3078,3079,2024030404000174,AKPL,22,11,78,188.0,14664.0,Hydro Power
3079,3079,3080,2024030401000429,GCIL,45,58,380,517.0,196460.0,Promoter Shares/debenture
3080,3080,3081,2024030401000428,GCIL,45,49,20,517.0,10340.0,Promoter Shares/debenture
3081,3081,3082,2024030401000427,GCIL,45,46,100,517.0,51700.0,Promoter Shares/debenture
3082,3082,3083,2024030404000173,RHPL,32,41,100,284.0,28400.0,Hydro Power
3083,3083,3084,2024030404000172,JOSHI,41,18,90,376.0,33840.0,Hydro Power
3084,3084,3085,2024030404000171,JOSHI,41,18,10,370.2,3702.0,Hydro Power
3085,3085,3086,2024030404000170,JOSHI,41,62,10,370.2,3702.0,Hydro Power
3086,3086,3087,2024030401000426,SHIVM,35,57,100,500.0,50000.0,Manufacturing And Processing
3087,3087,3088,2024030405000081,NIBSF2,43,52,100,7.16,716.0,Mutual Fund
3088,3088,3089,2024030405000080,HRL,50,62,100,630.0,63000.0,Promoter Shares/debenture
3089,3089,3090,2024030405000079,HRL,50,77,200,629.0,125800.0,Promoter Shares/debenture
3090,3090,3091,2024030404000169,PMHPL,35,46,10,244.8,2448.0,Hydro Power
3091,3091,3092,2024030404000168,UMHL,57,62,400,268.1,107240.0,Hydro Power
3092,3092,3093,2024030401000425,ADBL,13,32,190,228.4,43396.0,Commercial Banks
3093,3093,3094,2024030401000424,ADBL,13,42,10,228.0,2280.0,Commercial Banks
3094,3094,3095,2024030404000167,SPIL,57,45,10,744.0,7440.0,Promoter Shares/debenture
3095,3095,3096,2024030404000166,SPIL,42,45,90,758.8,68292.0,Promoter Shares/debenture
3096,3096,3097,2024030401000423,PCBL,41,44,100,195.9,19590.0,Commercial Banks
3097,3097,3098,2024030404000165,JOSHI,38,39,80,370.0,29600.0,Hydro Power
3098,3098,3099,2024030404000164,JOSHI,38,45,100,369.0,36900.0,Hydro Power
3099,3099,3100,2024030403000101,SJLIC,44,34,10,465.7,4657.0,Promoter Shares/debenture
3100,3100,3101,2024030404000163,AHPC,58,58,295,186.6,55047.0,Hydro Power
3101,3101,3102,2024030401000422,KBL,7,34,500,148.6,74300.0,Promoter Shares/debenture
3102,3102,3103,2024030401000421,SMJC,71,26,1000,388.6,388600.0,Promoter Shares/debenture
3103,3103,3104,2024030401000420,MKLB,58,62,10,756.5,7565.0,Microfinance
3104,3104,3105,2024030403000100,CBBL,45,44,10,825.0,8250.0,Microfinance
3105,3105,3106,2024030404000162,UPCL,45,45,200,217.0,43400.0,Hydro Power
3106,3106,3107,2024030404000161,CGH,50,40,50,840.0,42000.0,Hotels And Tourism
3107,3107,3108,2024030404000160,RHPL,65,49,1000,284.0,284000.0,Hydro Power
3108,3108,3109,2024030401000419,BHL,19,19,10,325.3,3253.0,Hydro Power
3109,3109,3110,2024030401000418,SMJC,95,43,300,387.0,116100.0,Promoter Shares/debenture
3110,3110,3111,2024030404000159,IGI,35,1,10,550.0,5500.0,Non Life Insurance
3111,3111,3112,2024030405000078,NRIC,81,35,10,760.3,7603.0,Others
3112,3112,3113,2024030401000417,NRM,38,43,980,370.0,362600.0,Promoter Shares/debenture
3113,3113,3114,2024030403000099,GBBL,44,45,110,365.0,40150.0,Development Banks
3114,3114,3115,2024030401000416,MKJC,44,52,10,493.0,4930.0,Hydro Power
3115,3115,3116,2024030405000077,HRL,42,62,80,630.0,50400.0,Promoter Shares/debenture
3116,3116,3117,2024030405000076,HRL,42,21,20,629.0,12580.0,Promoter Shares/debenture
3117,3117,3118,2024030401000415,SHIVM,6,57,200,500.0,100000.0,Manufacturing And Processing
3118,3118,3119,2024030401000414,SHIVM,6,44,300,499.8,149940.0,Manufacturing And Processing
3119,3119,3120,2024030401000413,MKHL,47,58,190,370.0,70300.0,Promoter Shares/debenture
3120,3120,3121,2024030403000098,FOWAD,38,74,50,1019.5,50975.0,Microfinance
3121,3121,3122,2024030403000097,BFC,32,7,100,331.8,33180.0,Finance
3122,3122,3123,2024030401000412,LSL,58,58,62,165.3,10248.6,Promoter Shares/debenture
3123,3123,3124,2024030405000075,HRL,29,62,100,630.0,63000.0,Promoter Shares/debenture
3124,3124,3125,2024030401000411,MKLB,62,71,10,802.0,8020.0,Microfinance
3125,3125,3126,2024030404000158,SHPC,45,62,45,351.0,15795.0,Hydro Power
3126,3126,3127,2024030403000096,FOWAD,55,74,20,1019.5,20390.0,Microfinance
3127,3127,3128,2024030403000095,FOWAD,55,21,380,1019.0,387220.0,Microfinance
3128,3128,3129,2024030404000157,GHL,35,35,200,156.0,31200.0,Hydro Power
3129,3129,3130,2024030401000410,MHCL,58,35,90,498.9,44901.0,Promoter Shares/debenture
3130,3130,3131,2024030401000409,MHCL,35,35,10,499.5,4995.0,Promoter Shares/debenture
3131,3131,3132,2024030405000074,HRL,74,74,90,621.0,55890.0,Promoter Shares/debenture
3132,3132,3133,2024030405000073,HRL,58,74,10,621.1,6211.0,Promoter Shares/debenture
3133,3133,3134,2024030405000072,HRL,17,62,200,630.0,126000.0,Promoter Shares/debenture
3134,3134,3135,2024030401000408,TAMOR,56,81,10,382.5,3825.0,Promoter Shares/debenture
3135,3135,3136,2024030401000407,MBJC,47,29,10,321.1,3211.0,Hydro Power
3136,3136,3137,2024030401000406,MEL,65,43,10,217.3,2173.0,Promoter Shares/debenture
3137,3137,3138,2024030401000405,MEL,65,56,100,217.2,21720.0,Promoter Shares/debenture
3138,3138,3139,2024030401000404,SONA,16,26,86,488.0,41968.0,Promoter Shares/debenture
3139,3139,3140,2024030401000403,SONA,16,21,404,487.0,196748.0,Promoter Shares/debenture
3140,3140,3141,2024030401000402,SONA,16,67,500,487.0,243500.0,Promoter Shares/debenture
3141,3141,3142,2024030401000401,SONA,16,53,10,485.0,4850.0,Promoter Shares/debenture
3142,3142,3143,2024030401000400,SMJC,95,64,30,387.0,11610.0,Promoter Shares/debenture
3143,3143,3144,2024030401000399,SMJC,95,58,500,387.0,193500.0,Promoter Shares/debenture
3144,3144,3145,2024030401000398,SMJC,95,3,10,387.0,3870.0,Promoter Shares/debenture
3145,3145,3146,2024030403000094,SHINE,17,33,700,383.0,268100.0,Development Banks
3146,3146,3147,2024030401000397,RAWA,49,34,10,451.0,4510.0,Promoter Shares/debenture
3147,3147,3148,2024030404000156,RIDI,42,65,10,191.0,1910.0,Hydro Power
3148,3148,3149,2024030405000071,CHDC,72,71,10,962.0,9620.0,Investment
3149,3149,3150,2024030403000093,NLICL,54,26,20,560.0,11200.0,Life Insurance
3150,3150,3151,2024030403000092,SIFC,56,56,10,350.0,3500.0,Finance
3151,3151,3152,2024030405000070,NIFRA,42,62,20,216.0,4320.0,Investment
3152,3152,3153,2024030401000396,GVL,66,66,50,439.2,21960.0,Hydro Power
3153,3153,3154,2024030404000155,CGH,7,40,50,840.0,42000.0,Hotels And Tourism
3154,3154,3155,2024030401000395,MHCL,88,5,140,519.0,72660.0,Promoter Shares/debenture
3155,3155,3156,2024030401000394,MHCL,88,66,10,519.0,5190.0,Promoter Shares/debenture
3156,3156,3157,2024030401000393,RFPL,95,62,200,344.0,68800.0,Hydro Power
3157,3157,3158,2024030404000154,AHPC,41,35,10,186.0,1860.0,Hydro Power
3158,3158,3159,2024030404000153,GHL,35,34,20,156.0,3120.0,Hydro Power
3159,3159,3160,2024030405000069,HRL,72,62,150,630.0,94500.0,Promoter Shares/debenture
3160,3160,3161,2024030401000392,SONA,7,26,860,488.0,419680.0,Promoter Shares/debenture
3161,3161,3162,2024030401000391,SONA,7,71,1140,488.0,556320.0,Promoter Shares/debenture
3162,3162,3163,2024030401000390,HATHY,71,65,100,892.0,89200.0,Promoter Shares/debenture
3163,3163,3164,2024030401000389,RFPL,95,29,300,344.0,103200.0,Hydro Power
3164,3164,3165,2024030401000388,RHGCL,45,6,10,286.6,2866.0,Hydro Power
3165,3165,3166,2024030401000387,SHIVM,21,51,100,499.9,49990.0,Manufacturing And Processing
3166,3166,3167,2024030401000386,SONA,57,71,500,488.0,244000.0,Promoter Shares/debenture
3167,3167,3168,2024030404000152,SHPC,32,62,20,351.0,7020.0,Hydro Power
3168,3168,3169,2024030401000385,SONA,42,34,500,480.0,240000.0,Promoter Shares/debenture
3169,3169,3170,2024030401000384,NMB,34,55,50,181.3,9065.0,Commercial Banks
3170,3170,3171,2024030405000068,NIFRA,42,62,100,216.0,21600.0,Investment
3171,3171,3172,2024030401000383,BNHC,29,43,10,487.0,4870.0,Hydro Power
3172,3172,3173,2024030404000151,BARUN,48,48,100,252.0,25200.0,Hydro Power
3173,3173,3174,2024030401000382,MEL,45,11,10,215.0,2150.0,Promoter Shares/debenture
3174,3174,3175,2024030403000091,SINDU,35,42,500,325.3,162650.0,Development Banks
3175,3175,3176,2024030401000381,SCB,52,47,10,510.0,5100.0,Commercial Banks
3176,3176,3177,2024030401000380,NYADI,44,52,10,288.5,2885.0,Hydro Power
3177,3177,3178,2024030403000090,ALICL,59,72,450,569.0,256050.0,Life Insurance
3178,3178,3179,2024030403000089,ALICL,48,72,50,570.0,28500.0,Life Insurance
3179,3179,3180,2024030401000379,SHIVM,57,57,180,500.0,90000.0,Manufacturing And Processing
3180,3180,3181,2024030401000378,SHIVM,57,41,20,500.0,10000.0,Manufacturing And Processing
3181,3181,3182,2024030404000150,UPCL,34,45,200,217.0,43400.0,Hydro Power
3182,3182,3183,2024030401000377,AHL,34,71,10,429.7,4297.0,Promoter Shares/debenture
3183,3183,3184,2024030401000376,NMB,58,55,950,181.3,172235.0,Commercial Banks
3184,3184,3185,2024030401000375,NMB,58,7,50,181.2,9060.0,Commercial Banks
3185,3185,3186,2024030404000149,SHPC,25,62,435,351.0,152685.0,Hydro Power
3186,3186,3187,2024030401000374,VLUCL,6,4,20,548.0,10960.0,Promoter Shares/debenture
3187,3187,3188,2024030401000373,MHCL,71,25,20,519.0,10380.0,Promoter Shares/debenture
3188,3188,3189,2024030405000067,HRL,29,62,130,630.0,81900.0,Promoter Shares/debenture
3189,3189,3190,2024030405000066,HRL,29,34,20,627.0,12540.0,Promoter Shares/debenture
3190,3190,3191,2024030404000148,AKJCL,34,52,10,220.0,2200.0,Hydro Power
3191,3191,3192,2024030404000147,NGPL,43,33,90,307.5,27675.0,Hydro Power
3192,3192,3193,2024030401000372,SONA,13,25,320,479.0,153280.0,Promoter Shares/debenture
3193,3193,3194,2024030401000371,SONA,4,25,110,480.0,52800.0,Promoter Shares/debenture
3194,3194,3195,2024030401000370,MHCL,45,69,30,509.4,15282.0,Promoter Shares/debenture
3195,3195,3196,2024030401000369,MHCL,45,35,100,509.4,50940.0,Promoter Shares/debenture
3196,3196,3197,2024030404000146,GHL,59,34,30,156.0,4680.0,Hydro Power
3197,3197,3198,2024030404000145,GHL,59,38,70,156.0,10920.0,Hydro Power
3198,3198,3199,2024030405000065,NIFRA,41,62,110,216.0,23760.0,Investment
3199,3199,3200,2024030401000368,GCIL,21,46,900,517.0,465300.0,Promoter Shares/debenture
3200,3200,3201,2024030401000367,GCIL,21,25,100,517.0,51700.0,Promoter Shares/debenture
3201,3201,3202,2024030404000144,SGIC,68,57,200,517.0,103400.0,Promoter Shares/debenture
3202,3202,3203,2024030404000143,SGIC,68,84,500,517.0,258500.0,Promoter Shares/debenture
3203,3203,3204,2024030404000142,GHL,32,38,100,156.0,15600.0,Hydro Power
3204,3204,3205,2024030403000088,ALICL,42,44,330,576.0,190080.0,Life Insurance
3205,3205,3206,2024030403000087,ALICL,42,45,170,576.0,97920.0,Life Insurance
3206,3206,3207,2024030404000141,API,14,34,50,186.0,9300.0,Hydro Power
3207,3207,3208,2024030401000366,SMHL,76,67,10,479.9,4799.0,Promoter Shares/debenture
3208,3208,3209,2024030403000086,LBBL,44,49,50,385.5,19275.0,Development Banks
3209,3209,3210,2024030403000085,RLFL,36,21,10,346.8,3468.0,Finance
3210,3210,3211,2024030405000064,NIFRA,17,62,500,216.0,108000.0,Investment
3211,3211,3212,2024030403000084,RSDC,7,49,100,517.09,51709.0,Microfinance
3212,3212,3213,2024030404000140,SPIL,42,36,10,744.0,7440.0,Promoter Shares/debenture
3213,3213,3214,2024030401000365,MKLB,62,62,10,787.0,7870.0,Microfinance
3214,3214,3215,2024030404000139,GHL,13,38,300,156.0,46800.0,Hydro Power
3215,3215,3216,2024030401000364,SONA,19,71,350,488.0,170800.0,Promoter Shares/debenture
3216,3216,3217,2024030401000363,SONA,19,25,100,488.0,48800.0,Promoter Shares/debenture
3217,3217,3218,2024030401000362,SONA,19,56,50,485.0,24250.0,Promoter Shares/debenture
3218,3218,3219,2024030401000361,MKCL,45,49,30,974.0,29220.0,Promoter Shares/debenture
3219,3219,3220,2024030401000360,SNLI,59,38,10,617.0,6170.0,Promoter Shares/debenture
3220,3220,3221,2024030401000359,SNLI,59,57,10,613.0,6130.0,Promoter Shares/debenture
3221,3221,3222,2024030401000358,SNLI,59,1,10,610.0,6100.0,Promoter Shares/debenture
3222,3222,3223,2024030401000357,SNLI,59,22,10,606.4,6064.0,Promoter Shares/debenture
3223,3223,3224,2024030403000083,SKBBL,49,45,30,820.9,24627.0,Microfinance
3224,3224,3225,2024030403000082,SKBBL,49,44,100,820.0,82000.0,Microfinance
3225,3225,3226,2024030405000063,NRIC,81,48,100,760.3,76030.0,Others
3226,3226,3227,2024030403000081,GBBL,45,45,163,360.0,58680.0,Development Banks
3227,3227,3228,2024030401000356,MHCL,35,35,10,499.5,4995.0,Promoter Shares/debenture
3228,3228,3229,2024030401000355,BHL,38,64,10,319.0,3190.0,Hydro Power
3229,3229,3230,2024030403000080,MPFL,32,34,10,347.6,3476.0,Finance
3230,3230,3231,2024030401000354,SONA,4,49,190,480.0,91200.0,Promoter Shares/debenture
3231,3231,3232,2024030401000353,SONA,42,49,200,480.0,96000.0,Promoter Shares/debenture
3232,3232,3233,2024030405000062,NIFRA,22,19,37,216.9,8025.3,Investment
3233,3233,3234,2024030401000352,SMJC,47,56,10,381.0,3810.0,Promoter Shares/debenture
3234,3234,3235,2024030401000351,HATHY,57,65,50,892.0,44600.0,Promoter Shares/debenture
3235,3235,3236,2024030404000138,RURU,17,36,100,729.3,72930.0,Hydro Power
3236,3236,3237,2024030404000137,RURU,17,5,100,729.0,72900.0,Hydro Power
3237,3237,3238,2024030404000136,UPCL,10,58,200,212.0,42400.0,Hydro Power
3238,3238,3239,2024030401000350,MEHL,28,21,100,300.5,30050.0,Promoter Shares/debenture
3239,3239,3240,2024030401000349,HDL,58,63,20,1557.0,31140.0,Manufacturing And Processing
3240,3240,3241,2024030401000348,HATHY,66,65,10,892.0,8920.0,Promoter Shares/debenture
3241,3241,3242,2024030404000135,UMHL,57,4,50,268.1,13405.0,Hydro Power
3242,3242,3243,2024030404000134,HURJA,38,38,100,292.9,29290.0,Hydro Power
3243,3243,3244,2024030401000347,PHCL,19,11,100,306.9,30690.0,Hydro Power
3244,3244,3245,2024030404000133,CHL,43,14,10,293.0,2930.0,Hydro Power
3245,3245,3246,2024030401000346,SONA,49,49,110,482.0,53020.0,Promoter Shares/debenture
3246,3246,3247,2024030405000061,NRN,32,56,10,548.6,5486.0,Investment
3247,3247,3248,2024030405000060,NRN,32,32,200,548.6,109720.0,Investment
3248,3248,3249,2024030403000079,GRDBL,35,17,20,355.9,7118.0,Development Banks
3249,3249,3250,2024030403000078,GRDBL,16,17,50,355.9,17795.0,Development Banks
3250,3250,3251,2024030401000345,MKHC,80,11,10,289.6,2896.0,Promoter Shares/debenture
3251,3251,3252,2024030405000059,NRN,38,45,50,548.0,27400.0,Investment
3252,3252,3253,2024030401000344,NICA,45,7,50,431.0,21550.0,Commercial Banks
3253,3253,3254,2024030401000343,NICA,45,32,10,430.0,4300.0,Commercial Banks
3254,3254,3255,2024030401000342,RFPL,95,36,300,344.0,103200.0,Hydro Power
3255,3255,3256,2024030401000341,RFPL,49,36,500,344.7,172350.0,Hydro Power
3256,3256,3257,2024030404000132,HURJA,41,33,10,292.9,2929.0,Hydro Power
3257,3257,3258,2024030401000340,SONA,49,17,100,482.0,48200.0,Promoter Shares/debenture
3258,3258,3259,2024030401000339,SONA,49,29,100,481.0,48100.0,Promoter Shares/debenture
3259,3259,3260,2024030401000338,SONA,49,28,90,480.0,43200.0,Promoter Shares/debenture
3260,3260,3261,2024030401000337,ULHC,58,37,10,316.2,3162.0,Promoter Shares/debenture
3261,3261,3262,2024030404000131,JOSHI,22,57,400,369.8,147920.0,Hydro Power
3262,3262,3263,2024030401000336,MCHL,36,58,10,322.4,3224.0,Promoter Shares/debenture
3263,3263,3264,2024030405000058,HRL,1,62,100,630.0,63000.0,Promoter Shares/debenture
3264,3264,3265,2024030405000057,HRL,1,62,400,631.0,252400.0,Promoter Shares/debenture
3265,3265,3266,2024030405000056,HRL,42,62,85,631.9,53711.5,Promoter Shares/debenture
3266,3266,3267,2024030405000055,HRL,49,62,320,635.0,203200.0,Promoter Shares/debenture
3267,3267,3268,2024030404000130,GHL,63,38,100,156.0,15600.0,Hydro Power
3268,3268,3269,2024030401000335,SONA,39,28,100,480.0,48000.0,Promoter Shares/debenture
3269,3269,3270,2024030404000129,NGPL,45,33,910,307.5,279825.0,Hydro Power
3270,3270,3271,2024030404000128,NGPL,45,67,10,307.5,3075.0,Hydro Power
3271,3271,3272,2024030404000127,NGPL,45,34,80,307.0,24560.0,Hydro Power
3272,3272,3273,2024030401000334,CLI,43,49,10,429.4,4294.0,Promoter Shares/debenture
3273,3273,3274,2024030401000333,SNLI,16,22,40,606.4,24256.0,Promoter Shares/debenture
3274,3274,3275,2024030401000332,SNLI,16,8,200,606.0,121200.0,Promoter Shares/debenture
3275,3275,3276,2024030401000331,SNLI,16,49,10,606.0,6060.0,Promoter Shares/debenture
3276,3276,3277,2024030401000330,SNLI,16,11,50,606.0,30300.0,Promoter Shares/debenture
3277,3277,3278,2024030401000329,SHIVM,4,45,50,500.0,25000.0,Manufacturing And Processing
3278,3278,3279,2024030401000328,SONA,68,28,10,480.0,4800.0,Promoter Shares/debenture
3279,3279,3280,2024030401000327,SONA,33,28,800,481.0,384800.0,Promoter Shares/debenture
3280,3280,3281,2024030401000326,CKHL,58,41,10,644.7,6447.0,Promoter Shares/debenture
3281,3281,3282,2024030401000325,CKHL,58,42,20,644.0,12880.0,Promoter Shares/debenture
3282,3282,3283,2024030401000324,CKHL,58,47,100,643.9,64390.0,Promoter Shares/debenture
3283,3283,3284,2024030405000054,HRL,49,58,40,635.0,25400.0,Promoter Shares/debenture
3284,3284,3285,2024030404000126,SHPC,59,62,500,351.0,175500.0,Hydro Power
3285,3285,3286,2024030401000323,NICA,41,7,100,431.0,43100.0,Commercial Banks
3286,3286,3287,2024030401000322,SONA,17,17,100,482.0,48200.0,Promoter Shares/debenture
3287,3287,3288,2024030401000321,SHIVM,17,45,250,500.0,125000.0,Manufacturing And Processing
3288,3288,3289,2024030401000320,SHIVM,17,33,50,500.0,25000.0,Manufacturing And Processing
3289,3289,3290,2024030403000077,CFCL,7,43,10,333.9,3339.0,Finance
3290,3290,3291,2024030405000053,NIFRA,7,62,100,217.0,21700.0,Investment
3291,3291,3292,2024030401000319,DORDI,77,64,500,456.8,228400.0,Hydro Power
3292,3292,3293,2024030401000318,HIDCLP,33,55,1000,100.8,100800.0,Promoter Shares/debenture
3293,3293,3294,2024030404000125,GHL,6,28,10,154.0,1540.0,Hydro Power
3294,3294,3295,2024030401000317,NIMB,6,62,200,166.0,33200.0,Promoter Shares/debenture
3295,3295,3296,2024030403000076,HLI,16,21,500,392.9,196450.0,Promoter Shares/debenture
3296,3296,3297,2024030403000075,SINDU,62,42,500,325.3,162650.0,Development Banks
3297,3297,3298,2024030404000124,UPCL,45,58,400,213.2,85280.0,Hydro Power
3298,3298,3299,2024030405000052,HRL,49,20,50,635.0,31750.0,Promoter Shares/debenture
3299,3299,3300,2024030401000316,MBJC,47,29,10,314.9,3149.0,Hydro Power
3300,3300,3301,2024030405000051,HRL,49,6,50,631.9,31595.0,Promoter Shares/debenture
3301,3301,3302,2024030401000315,NWCL,16,35,10,759.0,7590.0,Promoter Shares/debenture
3302,3302,3303,2024030401000314,EBL,42,46,10,503.8,5038.0,Commercial Banks
3303,3303,3304,2024030401000313,NMB,38,55,822,180.4,148288.8,Commercial Banks
3304,3304,3305,2024030404000123,SHL,34,34,100,449.0,44900.0,Hotels And Tourism
3305,3305,3306,2024030401000312,ULHC,58,39,10,316.2,3162.0,Promoter Shares/debenture
3306,3306,3307,2024030401000311,AVYAN,34,42,10,601.6,6016.0,Microfinance
3307,3307,3308,2024030401000310,CZBIL,48,91,700,164.0,114800.0,Commercial Banks
3308,3308,3309,2024030403000074,FMDBL,53,56,90,581.0,52290.0,Microfinance
3309,3309,3310,2024030405000050,HRL,44,45,400,631.0,252400.0,Promoter Shares/debenture
3310,3310,3311,2024030404000122,UMRH,62,47,10,353.4,3534.0,Hydro Power
3311,3311,3312,2024030404000121,GHL,34,38,400,156.0,62400.0,Hydro Power
3312,3312,3313,2024030401000309,RFPL,71,62,500,344.7,172350.0,Hydro Power
3313,3313,3314,2024030404000120,MEN,22,34,10,617.0,6170.0,Hydro Power
3314,3314,3315,2024030401000308,SPL,72,57,10,648.7,6487.0,Promoter Shares/debenture
3315,3315,3316,2024030401000307,SONA,33,57,200,481.0,96200.0,Promoter Shares/debenture
3316,3316,3317,2024030404000119,SHPC,47,47,200,350.0,70000.0,Hydro Power
3317,3317,3318,2024030404000118,NICL,57,14,50,845.0,42250.0,Non Life Insurance
3318,3318,3319,2024030404000117,NICL,57,14,50,845.0,42250.0,Non Life Insurance
3319,3319,3320,2024030404000116,NICL,42,14,200,859.0,171800.0,Non Life Insurance
3320,3320,3321,2024030403000073,JBBL,35,44,300,294.3,88290.0,Development Banks
3321,3321,3322,2024030403000072,GFCL,35,45,500,430.0,215000.0,Finance
3322,3322,3323,2024030401000306,NYADI,44,52,10,282.9,2829.0,Hydro Power
3323,3323,3324,2024030403000071,SHINE,50,33,300,383.0,114900.0,Development Banks
3324,3324,3325,2024030401000305,LSL,58,55,50,162.1,8105.0,Promoter Shares/debenture
3325,3325,3326,2024030404000115,UPCL,48,45,400,213.2,85280.0,Hydro Power
3326,3326,3327,2024030401000304,SNLI,29,52,36,605.0,21780.0,Promoter Shares/debenture
3327,3327,3328,2024030401000303,TVCL,64,42,10,541.6,5416.0,Promoter Shares/debenture
3328,3328,3329,2024030401000302,TVCL,64,45,10,541.6,5416.0,Promoter Shares/debenture
3329,3329,3330,2024030401000301,CZBIL,11,91,300,164.0,49200.0,Commercial Banks
3330,3330,3331,2024030405000049,HRL,21,26,100,630.0,63000.0,Promoter Shares/debenture
3331,3331,3332,2024030401000300,SONA,33,50,1000,481.0,481000.0,Promoter Shares/debenture
3332,3332,3333,2024030401000299,MKHL,47,43,10,370.0,3700.0,Promoter Shares/debenture
3333,3333,3334,2024030401000298,SNLI,40,34,10,601.0,6010.0,Promoter Shares/debenture
3334,3334,3335,2024030401000297,MHCL,71,25,20,509.0,10180.0,Promoter Shares/debenture
3335,3335,3336,2024030401000296,PCBL,35,14,50,196.0,9800.0,Commercial Banks
3336,3336,3337,2024030405000048,NIFRA,1,34,44,218.0,9592.0,Investment
3337,3337,3338,2024030405000047,NIFRA,1,53,10,218.0,2180.0,Investment
3338,3338,3339,2024030401000295,SAHAS,1,47,65,542.0,35230.0,Hydro Power
3339,3339,3340,2024030401000294,SONA,13,28,116,479.0,55564.0,Promoter Shares/debenture
3340,3340,3341,2024030401000293,SONA,33,28,1244,479.0,595876.0,Promoter Shares/debenture
3341,3341,3342,2024030401000292,SONA,42,28,500,479.4,239700.0,Promoter Shares/debenture
3342,3342,3343,2024030401000291,SONA,42,28,50,480.0,24000.0,Promoter Shares/debenture
3343,3343,3344,2024030401000290,SONA,39,28,90,480.0,43200.0,Promoter Shares/debenture
3344,3344,3345,2024030403000070,HLI,49,42,50,399.0,19950.0,Promoter Shares/debenture
3345,3345,3346,2024030401000289,SONA,57,38,500,481.0,240500.0,Promoter Shares/debenture
3346,3346,3347,2024030401000288,SONA,57,34,500,481.0,240500.0,Promoter Shares/debenture
3347,3347,3348,2024030401000287,SONA,57,48,1000,481.0,481000.0,Promoter Shares/debenture
3348,3348,3349,2024030401000286,MANDU,7,62,50,680.0,34000.0,Promoter Shares/debenture
3349,3349,3350,2024030401000285,NMB,4,55,178,180.4,32111.2,Commercial Banks
3350,3350,3351,2024030401000284,MKCL,39,49,10,974.0,9740.0,Promoter Shares/debenture
3351,3351,3352,2024030404000114,IGI,63,42,50,539.5,26975.0,Non Life Insurance
3352,3352,3353,2024030403000069,GBBL,44,45,500,360.0,180000.0,Development Banks
3353,3353,3354,2024030401000283,DORDI,22,77,10,454.0,4540.0,Hydro Power
3354,3354,3355,2024030401000282,VLUCL,34,4,480,548.0,263040.0,Promoter Shares/debenture
3355,3355,3356,2024030403000068,NFS,10,32,10,342.7,3427.0,Finance
3356,3356,3357,2024030403000067,PROFL,38,32,10,307.0,3070.0,Finance
3357,3357,3358,2024030404000113,GHL,25,34,500,153.0,76500.0,Hydro Power
3358,3358,3359,2024030401000281,MKLB,62,62,10,771.9,7719.0,Microfinance
3359,3359,3360,2024030404000112,NGPL,8,34,20,307.0,6140.0,Hydro Power
3360,3360,3361,2024030404000111,JOSHI,39,39,420,370.0,155400.0,Hydro Power
3361,3361,3362,2024030404000110,JOSHI,39,43,500,369.9,184950.0,Hydro Power
3362,3362,3363,2024030404000109,JOSHI,39,45,80,369.0,29520.0,Hydro Power
3363,3363,3364,2024030401000280,NICA,42,7,50,431.0,21550.0,Commercial Banks
3364,3364,3365,2024030401000279,SMJC,57,19,300,379.7,113910.0,Promoter Shares/debenture
3365,3365,3366,2024030401000278,SMJC,10,19,200,380.0,76000.0,Promoter Shares/debenture
3366,3366,3367,2024030404000108,NICL,53,69,200,859.5,171900.0,Non Life Insurance
3367,3367,3368,2024030405000046,HRL,34,1,10,622.0,6220.0,Promoter Shares/debenture
3368,3368,3369,2024030401000277,SONA,39,19,100,480.0,48000.0,Promoter Shares/debenture
3369,3369,3370,2024030401000276,NRM,45,65,10,365.1,3651.0,Promoter Shares/debenture
3370,3370,3371,2024030401000275,IHL,45,5,500,348.5,174250.0,Promoter Shares/debenture
3371,3371,3372,2024030401000274,SONA,39,39,100,480.0,48000.0,Promoter Shares/debenture
3372,3372,3373,2024030401000273,SONA,39,42,10,480.0,4800.0,Promoter Shares/debenture
3373,3373,3374,2024030404000107,AKPL,25,71,100,184.5,18450.0,Hydro Power
3374,3374,3375,2024030403000066,SWMF,70,74,52,661.0,34372.0,Microfinance
3375,3375,3376,2024030401000272,NRM,11,58,10,358.0,3580.0,Promoter Shares/debenture
3376,3376,3377,2024030404000106,BPCL,7,22,10,304.9,3049.0,Hydro Power
3377,3377,3378,2024030403000065,GBBL,5,45,100,360.0,36000.0,Development Banks
3378,3378,3379,2024030401000271,MHCL,57,71,20,476.0,9520.0,Promoter Shares/debenture
3379,3379,3380,2024030404000105,UPPER,42,17,10,203.8,2038.0,Hydro Power
3380,3380,3381,2024030405000045,HRL,38,45,100,631.0,63100.0,Promoter Shares/debenture
3381,3381,3382,2024030401000270,PRVU,50,55,130,143.8,18694.0,Commercial Banks
3382,3382,3383,2024030404000104,RIDI,42,65,10,188.0,1880.0,Hydro Power
3383,3383,3384,2024030401000269,KBL,56,1,90,145.8,13122.0,Promoter Shares/debenture
3384,3384,3385,2024030401000268,TPC,50,49,10,549.0,5490.0,Hydro Power
3385,3385,3386,2024030403000064,CBBL,6,44,90,825.0,74250.0,Microfinance
3386,3386,3387,2024030401000267,BEDC,49,49,10,340.6,3406.0,Promoter Shares/debenture
3387,3387,3388,2024030401000266,PRVU,34,55,500,143.8,71900.0,Commercial Banks
3388,3388,3389,2024030401000265,HHL,26,28,500,337.0,168500.0,Hydro Power
3389,3389,3390,2024030401000264,PCBL,44,14,10,196.0,1960.0,Commercial Banks
3390,3390,3391,2024030404000103,JOSHI,41,45,10,369.0,3690.0,Hydro Power
3391,3391,3392,2024030401000263,RFPL,95,58,100,344.0,34400.0,Hydro Power
3392,3392,3393,2024030401000262,RFPL,95,29,100,344.0,34400.0,Hydro Power
3393,3393,3394,2024030401000261,SONA,71,26,50,479.4,23970.0,Promoter Shares/debenture
3394,3394,3395,2024030401000260,PRVU,32,55,100,143.8,14380.0,Commercial Banks
3395,3395,3396,2024030401000259,RNLI,10,55,150,430.4,64560.0,Promoter Shares/debenture
3396,3396,3397,2024030401000258,RNLI,10,38,10,430.3,4303.0,Promoter Shares/debenture
3397,3397,3398,2024030405000044,CIT,7,22,50,2100.0,105000.0,Investment
3398,3398,3399,2024030401000257,LSL,14,55,950,162.1,153995.0,Promoter Shares/debenture
3399,3399,3400,2024030401000256,LSL,14,33,50,162.0,8100.0,Promoter Shares/debenture
3400,3400,3401,2024030405000043,NIFRA,42,58,10,215.0,2150.0,Investment
3401,3401,3402,2024030401000255,NICA,44,50,80,423.4,33872.0,Commercial Banks
3402,3402,3403,2024030401000254,GVL,1,66,50,430.6,21530.0,Hydro Power
3403,3403,3404,2024030405000042,HRL,38,26,100,631.0,63100.0,Promoter Shares/debenture
3404,3404,3405,2024030401000253,SONA,33,35,50,479.0,23950.0,Promoter Shares/debenture
3405,3405,3406,2024030404000102,SPIL,57,36,10,729.5,7295.0,Promoter Shares/debenture
3406,3406,3407,2024030401000252,MAKAR,68,39,10,377.4,3774.0,Promoter Shares/debenture
3407,3407,3408,2024030401000251,PRVU,33,55,270,143.8,38826.0,Commercial Banks
3408,3408,3409,2024030403000063,GFCL,33,45,330,430.0,141900.0,Finance
3409,3409,3410,2024030403000062,GFCL,33,45,170,429.0,72930.0,Finance
3410,3410,3411,2024030401000250,SNLI,40,6,10,601.0,6010.0,Promoter Shares/debenture
3411,3411,3412,2024030401000249,SNLI,40,58,10,601.0,6010.0,Promoter Shares/debenture
3412,3412,3413,2024030404000101,SGIC,45,84,50,506.9,25345.0,Promoter Shares/debenture
3413,3413,3414,2024030401000248,SONA,39,37,1000,479.4,479400.0,Promoter Shares/debenture
3414,3414,3415,2024030401000247,SONA,33,19,100,479.0,47900.0,Promoter Shares/debenture
3415,3415,3416,2024030405000041,NRIC,32,58,200,749.0,149800.0,Others
3416,3416,3417,2024030401000246,MEHL,4,58,10,294.7,2947.0,Promoter Shares/debenture
3417,3417,3418,2024030405000040,SMATA,21,44,71,600.7,42649.7,Microfinance
3418,3418,3419,2024030401000245,SONA,33,16,600,479.0,287400.0,Promoter Shares/debenture
3419,3419,3420,2024030401000244,CZBIL,34,55,988,163.0,161044.0,Commercial Banks
3420,3420,3421,2024030403000061,SAPDBL,59,55,10,250.5,2505.0,Development Banks
3421,3421,3422,2024030401000243,HDL,38,41,50,1557.0,77850.0,Manufacturing And Processing
3422,3422,3423,2024030401000242,HDL,38,7,50,1557.0,77850.0,Manufacturing And Processing
3423,3423,3424,2024030401000241,HATHY,41,45,20,876.1,17522.0,Promoter Shares/debenture
3424,3424,3425,2024030401000240,HATHY,41,59,10,876.0,8760.0,Promoter Shares/debenture
3425,3425,3426,2024030404000100,UPCL,47,41,500,213.2,106600.0,Hydro Power
3426,3426,3427,2024030404000099,NHPC,7,47,10,157.0,1570.0,Hydro Power
3427,3427,3428,2024030403000060,GFCL,61,45,100,429.0,42900.0,Finance
3428,3428,3429,2024030401000239,VLUCL,34,57,10,548.0,5480.0,Promoter Shares/debenture
3429,3429,3430,2024030401000238,VLUCL,71,45,300,557.9,167370.0,Promoter Shares/debenture
3430,3430,3431,2024030401000237,SONA,33,58,10,479.0,4790.0,Promoter Shares/debenture
3431,3431,3432,2024030401000236,SONA,33,35,50,479.0,23950.0,Promoter Shares/debenture
3432,3432,3433,2024030401000235,SONA,33,67,946,479.0,453134.0,Promoter Shares/debenture
3433,3433,3434,2024030401000234,SONA,42,67,54,479.0,25866.0,Promoter Shares/debenture
3434,3434,3435,2024030401000233,SONA,42,18,100,479.0,47900.0,Promoter Shares/debenture
3435,3435,3436,2024030401000232,SONA,42,46,1000,479.0,479000.0,Promoter Shares/debenture
3436,3436,3437,2024030401000231,SONA,42,21,346,479.0,165734.0,Promoter Shares/debenture
3437,3437,3438,2024030401000230,SONA,42,21,100,478.0,47800.0,Promoter Shares/debenture
3438,3438,3439,2024030401000229,SONA,42,39,400,477.0,190800.0,Promoter Shares/debenture
3439,3439,3440,2024030401000228,SHIVM,49,54,50,491.0,24550.0,Manufacturing And Processing
3440,3440,3441,2024030401000227,SONA,45,39,100,477.0,47700.0,Promoter Shares/debenture
3441,3441,3442,2024030405000039,CHDC,25,19,200,961.0,192200.0,Investment
3442,3442,3443,2024030401000226,CZBIL,19,55,12,163.0,1956.0,Commercial Banks
3443,3443,3444,2024030401000225,KBL,56,1,910,145.8,132678.0,Promoter Shares/debenture
3444,3444,3445,2024030401000224,KBL,56,3,390,145.8,56862.0,Promoter Shares/debenture
3445,3445,3446,2024030404000098,GHL,25,39,480,153.0,73440.0,Hydro Power
3446,3446,3447,2024030404000097,HDHPC,14,44,100,141.9,14190.0,Hydro Power
3447,3447,3448,2024030405000038,HRL,72,25,20,631.9,12638.0,Promoter Shares/debenture
3448,3448,3449,2024030405000037,HRL,72,86,230,631.0,145130.0,Promoter Shares/debenture
3449,3449,3450,2024030405000036,HRL,72,29,100,631.0,63100.0,Promoter Shares/debenture
3450,3450,3451,2024030405000035,HRL,72,41,70,631.0,44170.0,Promoter Shares/debenture
3451,3451,3452,2024030401000223,VLUCL,34,58,10,548.0,5480.0,Promoter Shares/debenture
3452,3452,3453,2024030405000034,NRIC,32,10,41,749.0,30709.0,Others
3453,3453,3454,2024030401000222,PPL,39,29,10,326.5,3265.0,Hydro Power
3454,3454,3455,2024030401000221,SMHL,72,58,200,472.0,94400.0,Promoter Shares/debenture
3455,3455,3456,2024030401000220,SMHL,72,50,490,472.0,231280.0,Promoter Shares/debenture
3456,3456,3457,2024030404000096,GHL,41,39,20,153.0,3060.0,Hydro Power
3457,3457,3458,2024030404000095,GHL,41,34,10,153.0,1530.0,Hydro Power
3458,3458,3459,2024030401000219,PRVU,16,55,300,143.1,42930.0,Commercial Banks
3459,3459,3460,2024030404000094,MEN,32,49,10,605.1,6051.0,Hydro Power
3460,3460,3461,2024030403000059,ICFC,42,14,10,482.6,4826.0,Finance
3461,3461,3462,2024030404000093,AKJCL,47,52,10,215.7,2157.0,Hydro Power
3462,3462,3463,2024030404000092,JOSHI,26,52,300,363.0,108900.0,Hydro Power
3463,3463,3464,2024030403000058,RSDC,6,49,100,517.09,51709.0,Microfinance
3464,3464,3465,2024030401000218,PHCL,53,11,15,300.9,4513.5,Hydro Power
3465,3465,3466,2024030401000217,SHIVM,57,25,500,500.8,250400.0,Manufacturing And Processing
3466,3466,3467,2024030401000216,SHIVM,57,49,400,500.0,200000.0,Manufacturing And Processing
3467,3467,3468,2024030401000215,SONA,39,21,239,479.0,114481.0,Promoter Shares/debenture
3468,3468,3469,2024030401000214,MHCL,70,25,20,499.5,9990.0,Promoter Shares/debenture
3469,3469,3470,2024030401000213,MHCL,70,69,30,499.5,14985.0,Promoter Shares/debenture
3470,3470,3471,2024030404000091,GHL,34,34,10,153.0,1530.0,Hydro Power
3471,3471,3472,2024030404000090,GHL,34,35,10,153.0,1530.0,Hydro Power
3472,3472,3473,2024030404000089,MEN,32,34,10,605.1,6051.0,Hydro Power
3473,3473,3474,2024030401000212,SMHL,76,50,10,472.0,4720.0,Promoter Shares/debenture
3474,3474,3475,2024030404000088,JOSHI,41,45,10,369.0,3690.0,Hydro Power
3475,3475,3476,2024030404000087,JOSHI,41,62,10,363.5,3635.0,Hydro Power
3476,3476,3477,2024030401000211,SMJC,57,3,10,379.7,3797.0,Promoter Shares/debenture
3477,3477,3478,2024030404000086,PRIN,49,42,100,754.0,75400.0,Non Life Insurance
3478,3478,3479,2024030405000033,HRL,53,41,30,631.0,18930.0,Promoter Shares/debenture
3479,3479,3480,2024030403000057,GFCL,10,45,500,429.0,214500.0,Finance
3480,3480,3481,2024030401000210,NICA,13,50,100,423.4,42340.0,Commercial Banks
3481,3481,3482,2024030401000209,SONA,19,21,900,479.0,431100.0,Promoter Shares/debenture
3482,3482,3483,2024030404000085,RHPL,60,55,500,279.7,139850.0,Hydro Power
3483,3483,3484,2024030401000208,SONA,59,21,14,479.0,6706.0,Promoter Shares/debenture
3484,3484,3485,2024030401000207,MBJC,47,44,10,308.8,3088.0,Hydro Power
3485,3485,3486,2024030405000032,NRIC,25,35,10,735.4,7354.0,Others
3486,3486,3487,2024030401000206,PRVU,57,55,200,143.1,28620.0,Commercial Banks
3487,3487,3488,2024030401000205,MHCL,88,35,100,499.5,49950.0,Promoter Shares/debenture
3488,3488,3489,2024030401000204,HDL,10,26,22,1558.0,34276.0,Manufacturing And Processing
3489,3489,3490,2024030401000203,SONA,14,48,10,473.0,4730.0,Promoter Shares/debenture
3490,3490,3491,2024030401000202,NRM,6,65,10,358.0,3580.0,Promoter Shares/debenture
3491,3491,3492,2024030405000031,NIFRA,4,53,10,214.0,2140.0,Investment
3492,3492,3493,2024030405000030,NIFRA,4,57,40,214.0,8560.0,Investment
3493,3493,3494,2024030401000201,NICA,52,50,20,423.4,8468.0,Commercial Banks
3494,3494,3495,2024030404000084,UMHL,57,55,200,268.1,53620.0,Hydro Power
3495,3495,3496,2024030403000056,SWMF,18,74,10,661.0,6610.0,Microfinance
3496,3496,3497,2024030405000029,NIFRA,6,57,10,214.0,2140.0,Investment
3497,3497,3498,2024030405000028,NIFRA,6,34,40,214.0,8560.0,Investment
3498,3498,3499,2024030401000200,BNHC,5,28,200,478.0,95600.0,Hydro Power
3499,3499,3500,2024030401000199,SONA,14,42,60,473.0,28380.0,Promoter Shares/debenture
3500,3500,3501,2024030401000198,MBL,52,84,10,179.0,1790.0,Commercial Banks
3501,3501,3502,2024030401000197,MBL,52,55,20,179.0,3580.0,Commercial Banks
3502,3502,3503,2024030405000027,NIFRA,58,34,10,214.0,2140.0,Investment
3503,3503,3504,2024030403000055,SJLIC,22,34,10,456.6,4566.0,Promoter Shares/debenture
3504,3504,3505,2024030405000026,NTC,51,34,10,847.6,8476.0,Others
3505,3505,3506,2024030401000196,SPC,45,45,70,588.8,41216.0,Hydro Power
3506,3506,3507,2024030401000195,SPC,45,58,10,588.8,5888.0,Hydro Power
3507,3507,3508,2024030401000194,SONA,36,21,480,479.0,229920.0,Promoter Shares/debenture
3508,3508,3509,2024030401000193,SONA,36,29,100,478.0,47800.0,Promoter Shares/debenture
3509,3509,3510,2024030401000192,SONA,36,52,420,475.0,199500.0,Promoter Shares/debenture
3510,3510,3511,2024030401000191,SGHC,59,34,10,315.0,3150.0,Hydro Power
3511,3511,3512,2024030403000054,GFCL,59,45,200,429.0,85800.0,Finance
3512,3512,3513,2024030404000083,AHPC,32,35,10,183.0,1830.0,Hydro Power
3513,3513,3514,2024030403000053,MLBL,74,42,10,321.1,3211.0,Development Banks
3514,3514,3515,2024030404000082,NGPL,59,67,10,301.5,3015.0,Hydro Power
3515,3515,3516,2024030401000190,PRVU,39,55,500,143.1,71550.0,Commercial Banks
3516,3516,3517,2024030404000081,API,4,53,1000,182.8,182800.0,Hydro Power
3517,3517,3518,2024030403000052,RSDC,6,49,50,517.09,25854.5,Microfinance
3518,3518,3519,2024030404000080,BARUN,41,48,100,247.1,24710.0,Hydro Power
3519,3519,3520,2024030401000189,SONA,58,19,100,472.0,47200.0,Promoter Shares/debenture
3520,3520,3521,2024030404000079,JOSHI,26,58,10,363.0,3630.0,Hydro Power
3521,3521,3522,2024030404000078,JOSHI,26,57,190,363.0,68970.0,Hydro Power
3522,3522,3523,2024030401000188,GCIL,14,46,10,507.6,5076.0,Promoter Shares/debenture
3523,3523,3524,2024030401000187,NYADI,44,52,10,277.4,2774.0,Hydro Power
3524,3524,3525,2024030401000186,NYADI,44,52,10,273.3,2733.0,Hydro Power
3525,3525,3526,2024030405000025,SMATA,21,45,50,600.0,30000.0,Microfinance
3526,3526,3527,2024030401000185,NBL,57,58,10,218.7,2187.0,Commercial Banks
3527,3527,3528,2024030404000077,CHL,43,14,10,287.6,2876.0,Hydro Power
3528,3528,3529,2024030403000051,SWBBL,58,41,55,693.6,38148.0,Microfinance
3529,3529,3530,2024030401000184,SMHL,62,58,75,463.9,34792.5,Promoter Shares/debenture
3530,3530,3531,2024030404000076,SHL,45,34,100,440.6,44060.0,Hotels And Tourism
3531,3531,3532,2024030403000050,ALICL,52,58,236,567.0,133812.0,Life Insurance
3532,3532,3533,2024030405000024,NRN,38,45,50,537.9,26895.0,Investment
3533,3533,3534,2024030401000183,ILI,43,33,462,525.3,242688.6,Promoter Shares/debenture
3534,3534,3535,2024030401000182,BPW,16,34,50,1235.0,61750.0,Promoter Shares/debenture
3535,3535,3536,2024030401000181,BHDC,22,49,10,443.9,4439.0,Hydro Power
3536,3536,3537,2024030401000180,ILI,62,33,38,525.3,19961.4,Promoter Shares/debenture
3537,3537,3538,2024030401000179,GBIME,13,57,100,188.7,18870.0,Promoter Shares/debenture
3538,3538,3539,2024030403000049,GFCL,46,45,30,430.0,12900.0,Finance
3539,3539,3540,2024030401000178,NICA,38,89,500,423.0,211500.0,Commercial Banks
3540,3540,3541,2024030401000177,NICA,38,89,400,423.0,169200.0,Commercial Banks
3541,3541,3542,2024030401000176,RFPL,19,62,2000,338.0,676000.0,Hydro Power
3542,3542,3543,2024030403000048,SHINE,42,4,400,376.0,150400.0,Development Banks
3543,3543,3544,2024030404000075,UMHL,57,34,250,262.9,65725.0,Hydro Power
3544,3544,3545,2024030401000175,SONA,5,19,100,472.0,47200.0,Promoter Shares/debenture
3545,3545,3546,2024030401000174,SONA,71,21,21,479.0,10059.0,Promoter Shares/debenture
3546,3546,3547,2024030401000173,SONA,71,28,579,479.0,277341.0,Promoter Shares/debenture
3547,3547,3548,2024030401000172,MBL,13,55,980,179.0,175420.0,Commercial Banks
3548,3548,3549,2024030401000171,MBL,13,14,20,179.0,3580.0,Commercial Banks
3549,3549,3550,2024030401000170,MHCL,16,62,20,489.8,9796.0,Promoter Shares/debenture
3550,3550,3551,2024030401000169,SHIVM,49,81,10,491.0,4910.0,Manufacturing And Processing
3551,3551,3552,2024030401000168,LSL,14,55,1000,161.3,161300.0,Promoter Shares/debenture
3552,3552,3553,2024030401000167,BNT,17,35,10,16024.0,160240.0,Manufacturing And Processing
3553,3553,3554,2024030401000166,SAHAS,62,1,100,532.0,53200.0,Hydro Power
3554,3554,3555,2024030403000047,CFCL,32,43,10,327.4,3274.0,Finance
3555,3555,3556,2024030401000165,SONA,26,28,160,479.0,76640.0,Promoter Shares/debenture
3556,3556,3557,2024030401000164,RFPL,19,50,1000,340.0,340000.0,Hydro Power
3557,3557,3558,2024030401000163,RFPL,19,7,10,340.0,3400.0,Hydro Power
3558,3558,3559,2024030401000162,MKCL,41,52,10,955.0,9550.0,Promoter Shares/debenture
3559,3559,3560,2024030401000161,MANDU,47,47,10,667.0,6670.0,Promoter Shares/debenture
3560,3560,3561,2024030401000160,NICA,13,89,100,423.0,42300.0,Commercial Banks
3561,3561,3562,2024030401000159,NICA,13,16,900,422.9,380610.0,Commercial Banks
3562,3562,3563,2024030401000158,KBL,48,48,1300,143.0,185900.0,Promoter Shares/debenture
3563,3563,3564,2024030404000074,PRIN,39,42,500,754.6,377300.0,Non Life Insurance
3564,3564,3565,2024030403000046,SADBL,43,14,20,294.7,5894.0,Development Banks
3565,3565,3566,2024030404000073,JOSHI,41,57,10,363.0,3630.0,Hydro Power
3566,3566,3567,2024030404000072,UPCL,26,47,10,209.1,2091.0,Hydro Power
3567,3567,3568,2024030401000157,SONA,57,28,261,479.0,125019.0,Promoter Shares/debenture
3568,3568,3569,2024030401000156,SONA,57,89,239,479.0,114481.0,Promoter Shares/debenture
3569,3569,3570,2024030401000155,MKJC,62,62,43,487.0,20941.0,Hydro Power
3570,3570,3571,2024030404000071,HURJA,38,33,10,287.2,2872.0,Hydro Power
3571,3571,3572,2024030401000154,IHL,42,5,97,341.7,33144.9,Promoter Shares/debenture
3572,3572,3573,2024030403000045,SINDU,35,42,35,325.3,11385.5,Development Banks
3573,3573,3574,2024030403000044,SINDU,35,49,65,325.0,21125.0,Development Banks
3574,3574,3575,2024030403000043,HLI,47,14,1900,392.1,744990.0,Promoter Shares/debenture
3575,3575,3576,2024030404000070,NGPL,74,67,10,295.6,2956.0,Hydro Power
3576,3576,3577,2024030401000153,KDL,42,55,150,772.7,115905.0,Promoter Shares/debenture
3577,3577,3578,2024030403000042,NLICL,49,20,50,561.9,28095.0,Life Insurance
3578,3578,3579,2024030403000041,GFCL,46,48,120,429.7,51564.0,Finance
3579,3579,3580,2024030403000040,GFCL,46,42,650,429.7,279305.0,Finance
3580,3580,3581,2024030404000069,AKPL,49,34,49,180.9,8864.1,Hydro Power
3581,3581,3582,2024030405000023,HRL,32,94,10,619.6,6196.0,Promoter Shares/debenture
3582,3582,3583,2024030405000022,HRL,32,86,260,619.0,160940.0,Promoter Shares/debenture
3583,3583,3584,2024030403000039,FMDBL,8,49,100,581.0,58100.0,Microfinance
3584,3584,3585,2024030401000152,IHL,58,5,13,341.7,4442.1,Promoter Shares/debenture
3585,3585,3586,2024030403000038,ALICL,56,58,100,567.0,56700.0,Life Insurance
3586,3586,3587,2024030403000037,ALICL,56,44,110,567.0,62370.0,Life Insurance
3587,3587,3588,2024030401000151,KBL,34,48,1000,143.0,143000.0,Promoter Shares/debenture
3588,3588,3589,2024030404000068,HURJA,38,41,10,287.2,2872.0,Hydro Power
3589,3589,3590,2024030405000021,HRL,22,86,10,619.0,6190.0,Promoter Shares/debenture
3590,3590,3591,2024030403000036,ALICL,63,44,90,567.0,51030.0,Life Insurance
3591,3591,3592,2024030403000035,ALICL,63,33,10,567.0,5670.0,Life Insurance
3592,3592,3593,2024030401000150,SMHL,76,29,10,463.0,4630.0,Promoter Shares/debenture
3593,3593,3594,2024030403000034,HLI,57,14,100,392.1,39210.0,Promoter Shares/debenture
3594,3594,3595,2024030403000033,SHINE,49,4,100,376.0,37600.0,Development Banks
3595,3595,3596,2024030401000149,PCBL,29,44,10,190.0,1900.0,Commercial Banks
3596,3596,3597,2024030405000020,NIFRA,74,55,100,210.0,21000.0,Investment
3597,3597,3598,2024030405000019,NIFRA,74,34,40,210.0,8400.0,Investment
3598,3598,3599,2024030404000067,UMHL,35,34,450,262.9,118305.0,Hydro Power
3599,3599,3600,2024030404000066,UMHL,35,44,50,262.9,13145.0,Hydro Power
3600,3600,3601,2024030403000032,MNBBL,1,55,1000,350.8,350800.0,Development Banks
3601,3601,3602,2024030404000065,NGPL,74,34,10,295.6,2956.0,Hydro Power
3602,3602,3603,2024030405000018,NRIC,42,10,10,749.0,7490.0,Others
3603,3603,3604,2024030401000148,SONA,71,19,1000,470.0,470000.0,Promoter Shares/debenture
3604,3604,3605,2024030404000064,NICL,56,69,50,842.7,42135.0,Non Life Insurance
3605,3605,3606,2024030404000063,GHL,58,35,10,150.0,1500.0,Hydro Power
3606,3606,3607,2024030404000062,NICL,14,69,500,842.7,421350.0,Non Life Insurance
3607,3607,3608,2024030401000147,BNHC,5,28,10,469.2,4692.0,Hydro Power
3608,3608,3609,2024030401000146,VLUCL,49,4,500,548.0,274000.0,Promoter Shares/debenture
3609,3609,3610,2024030404000061,NHPC,57,47,10,154.0,1540.0,Hydro Power
3610,3610,3611,2024030401000145,MKLB,4,62,249,756.8,188443.2,Microfinance
3611,3611,3612,2024030405000017,NIFRA,53,34,10,210.0,2100.0,Investment
3612,3612,3613,2024030401000144,MBL,48,55,1000,178.1,178100.0,Commercial Banks
3613,3613,3614,2024030401000143,SONA,28,19,100,470.2,47020.0,Promoter Shares/debenture
3614,3614,3615,2024030401000142,SONA,28,26,10,470.2,4702.0,Promoter Shares/debenture
3615,3615,3616,2024030401000141,SONA,28,28,800,470.2,376160.0,Promoter Shares/debenture
3616,3616,3617,2024030401000140,SONA,28,46,10,470.0,4700.0,Promoter Shares/debenture
3617,3617,3618,2024030401000139,SONA,28,34,10,470.0,4700.0,Promoter Shares/debenture
3618,3618,3619,2024030403000031,NICLBSL,43,45,10,536.0,5360.0,Microfinance
3619,3619,3620,2024030403000030,NICLBSL,43,45,10,536.0,5360.0,Microfinance
3620,3620,3621,2024030401000138,KBL,91,48,200,143.0,28600.0,Promoter Shares/debenture
3621,3621,3622,2024030401000137,HDL,7,22,100,1527.9,152790.0,Manufacturing And Processing
3622,3622,3623,2024030401000136,NYADI,44,44,10,272.0,2720.0,Hydro Power
3623,3623,3624,2024030401000135,TVCL,71,42,20,531.0,10620.0,Promoter Shares/debenture
3624,3624,3625,2024030401000134,TVCL,71,74,30,522.2,15666.0,Promoter Shares/debenture
3625,3625,3626,2024030401000133,TVCL,71,74,30,522.2,15666.0,Promoter Shares/debenture
3626,3626,3627,2024030401000132,TVCL,71,58,70,522.0,36540.0,Promoter Shares/debenture
3627,3627,3628,2024030401000131,EHPL,59,65,20,438.0,8760.0,Hydro Power
3628,3628,3629,2024030401000130,EHPL,59,65,20,436.0,8720.0,Hydro Power
3629,3629,3630,2024030401000129,MHCL,36,35,100,470.6,47060.0,Promoter Shares/debenture
3630,3630,3631,2024030401000128,MHCL,33,35,50,470.6,23530.0,Promoter Shares/debenture
3631,3631,3632,2024030401000127,MHCL,59,35,400,471.0,188400.0,Promoter Shares/debenture
3632,3632,3633,2024030401000126,MHCL,88,35,847,471.0,398937.0,Promoter Shares/debenture
3633,3633,3634,2024030401000125,SONA,1,21,10,466.0,4660.0,Promoter Shares/debenture
3634,3634,3635,2024030404000060,JOSHI,34,39,10,356.4,3564.0,Hydro Power
3635,3635,3636,2024030401000124,SONA,39,28,100,470.2,47020.0,Promoter Shares/debenture
3636,3636,3637,2024030401000123,KBL,62,55,500,142.8,71400.0,Promoter Shares/debenture
3637,3637,3638,2024030401000122,SONA,45,28,100,470.2,47020.0,Promoter Shares/debenture
3638,3638,3639,2024030401000121,SRLI,59,45,20,428.0,8560.0,Promoter Shares/debenture
3639,3639,3640,2024030401000120,NIMB,57,7,400,163.6,65440.0,Promoter Shares/debenture
3640,3640,3641,2024030401000119,NIMB,57,54,50,163.5,8175.0,Promoter Shares/debenture
3641,3641,3642,2024030403000029,GFCL,38,42,150,429.7,64455.0,Finance
3642,3642,3643,2024030401000118,GVL,14,42,100,422.2,42220.0,Hydro Power
3643,3643,3644,2024030401000117,GVL,14,45,10,422.0,4220.0,Hydro Power
3644,3644,3645,2024030401000116,GVL,14,34,10,412.0,4120.0,Hydro Power
3645,3645,3646,2024030401000115,BGWT,54,7,10,576.0,5760.0,Promoter Shares/debenture
3646,3646,3647,2024030401000114,BGWT,54,57,200,576.0,115200.0,Promoter Shares/debenture
3647,3647,3648,2024030404000059,JOSHI,41,48,10,363.5,3635.0,Hydro Power
3648,3648,3649,2024030403000028,HLBSL,42,52,15,562.0,8430.0,Promoter Shares/debenture
3649,3649,3650,2024030401000113,NABIL,35,10,50,432.0,21600.0,Commercial Banks
3650,3650,3651,2024030401000112,NWCL,26,35,10,744.7,7447.0,Promoter Shares/debenture
3651,3651,3652,2024030404000058,GLH,17,55,200,212.9,42580.0,Hydro Power
3652,3652,3653,2024030401000111,MHCL,88,35,19153,471.0,9021063.0,Promoter Shares/debenture
3653,3653,3654,2024030401000110,MHCL,69,35,22,480.2,10564.4,Promoter Shares/debenture
3654,3654,3655,2024030401000109,MHCL,17,35,30,480.2,14406.0,Promoter Shares/debenture
3655,3655,3656,2024030401000108,MHCL,58,35,10,480.2,4802.0,Promoter Shares/debenture
3656,3656,3657,2024030401000107,MHCL,19,35,340,480.3,163302.0,Promoter Shares/debenture
3657,3657,3658,2024030401000106,MHCL,32,35,445,485.0,215825.0,Promoter Shares/debenture
3658,3658,3659,2024030404000057,MEN,17,47,10,593.3,5933.0,Hydro Power
3659,3659,3660,2024030404000056,MEN,17,45,10,593.0,5930.0,Hydro Power
3660,3660,3661,2024030401000105,NABIL,33,10,22,432.0,9504.0,Commercial Banks
3661,3661,3662,2024030401000104,NABIL,33,37,410,432.0,177120.0,Commercial Banks
3662,3662,3663,2024030401000103,BNT,19,43,10,15710.0,157100.0,Manufacturing And Processing
3663,3663,3664,2024030404000055,AHPC,55,55,500,179.7,89850.0,Hydro Power
3664,3664,3665,2024030403000027,MNBBL,32,55,870,349.1,303717.0,Development Banks
3665,3665,3666,2024030401000102,PCBL,58,7,100,192.5,19250.0,Commercial Banks
3666,3666,3667,2024030403000026,ALICL,38,33,10,556.8,5568.0,Life Insurance
3667,3667,3668,2024030401000101,CKHL,88,8,10,632.1,6321.0,Promoter Shares/debenture
3668,3668,3669,2024030401000100,CKHL,47,8,60,632.1,37926.0,Promoter Shares/debenture
3669,3669,3670,2024030404000054,SHPC,25,8,555,346.6,192363.0,Hydro Power
3670,3670,3671,2024030403000025,GFCL,59,42,200,429.7,85940.0,Finance
3671,3671,3672,2024030401000099,NABIL,58,37,500,432.0,216000.0,Commercial Banks
3672,3672,3673,2024030404000053,HEI,25,6,50,558.0,27900.0,Non Life Insurance
3673,3673,3674,2024030401000098,GBIME,25,54,100,185.0,18500.0,Promoter Shares/debenture
3674,3674,3675,2024030401000097,GBIME,25,14,30,185.0,5550.0,Promoter Shares/debenture
3675,3675,3676,2024030401000096,GBIME,25,55,1000,185.0,185000.0,Promoter Shares/debenture
3676,3676,3677,2024030401000095,GBIME,25,54,100,183.0,18300.0,Promoter Shares/debenture
3677,3677,3678,2024030401000094,CKHL,47,62,60,632.1,37926.0,Promoter Shares/debenture
3678,3678,3679,2024030401000093,SNLI,58,34,10,594.6,5946.0,Promoter Shares/debenture
3679,3679,3680,2024030401000092,PPL,48,35,10,320.1,3201.0,Hydro Power
3680,3680,3681,2024030401000091,MEL,45,14,10,213.1,2131.0,Promoter Shares/debenture
3681,3681,3682,2024030401000090,SMHL,74,14,100,454.9,45490.0,Promoter Shares/debenture
3682,3682,3683,2024030401000089,MKJC,47,62,40,494.7,19788.0,Hydro Power
3683,3683,3684,2024030401000088,HHL,58,21,10,332.0,3320.0,Hydro Power
3684,3684,3685,2024030401000087,CKHL,47,14,10,632.1,6321.0,Promoter Shares/debenture
3685,3685,3686,2024030401000086,CKHL,47,58,10,632.1,6321.0,Promoter Shares/debenture
3686,3686,3687,2024030401000085,CKHL,47,58,10,632.1,6321.0,Promoter Shares/debenture
3687,3687,3688,2024030401000084,CKHL,47,58,10,632.1,6321.0,Promoter Shares/debenture
3688,3688,3689,2024030401000083,CKHL,47,55,20,632.1,12642.0,Promoter Shares/debenture
3689,3689,3690,2024030401000082,CKHL,47,39,10,632.1,6321.0,Promoter Shares/debenture
3690,3690,3691,2024030401000081,CKHL,47,54,10,632.1,6321.0,Promoter Shares/debenture
3691,3691,3692,2024030401000080,CKHL,58,54,10,632.1,6321.0,Promoter Shares/debenture
3692,3692,3693,2024030401000079,CKHL,58,58,10,632.1,6321.0,Promoter Shares/debenture
3693,3693,3694,2024030401000078,MKCL,39,58,10,950.0,9500.0,Promoter Shares/debenture
3694,3694,3695,2024030401000077,VLUCL,74,39,10,538.0,5380.0,Promoter Shares/debenture
3695,3695,3696,2024030401000076,TVCL,17,58,30,522.2,15666.0,Promoter Shares/debenture
3696,3696,3697,2024030401000075,TVCL,17,45,20,522.2,10444.0,Promoter Shares/debenture
3697,3697,3698,2024030401000074,MMKJL,43,39,10,405.0,4050.0,Promoter Shares/debenture
3698,3698,3699,2024030401000073,SONA,60,58,10,461.0,4610.0,Promoter Shares/debenture
3699,3699,3700,2024030401000072,SONA,60,52,92,461.0,42412.0,Promoter Shares/debenture
3700,3700,3701,2024030401000071,SONA,60,58,10,461.0,4610.0,Promoter Shares/debenture
3701,3701,3702,2024030401000070,SONA,60,51,80,461.0,36880.0,Promoter Shares/debenture
3702,3702,3703,2024030401000069,SONA,60,51,87,461.0,40107.0,Promoter Shares/debenture
3703,3703,3704,2024030401000068,SONA,60,59,200,461.0,92200.0,Promoter Shares/debenture
3704,3704,3705,2024030401000067,SONA,60,17,500,461.0,230500.0,Promoter Shares/debenture
3705,3705,3706,2024030401000066,SONA,60,39,10,461.0,4610.0,Promoter Shares/debenture
3706,3706,3707,2024030401000065,HATHY,57,49,100,859.0,85900.0,Promoter Shares/debenture
3707,3707,3708,2024030401000064,HATHY,57,42,10,859.0,8590.0,Promoter Shares/debenture
3708,3708,3709,2024030401000063,HATHY,57,60,100,859.0,85900.0,Promoter Shares/debenture
3709,3709,3710,2024030401000062,HATHY,57,26,25,859.0,21475.0,Promoter Shares/debenture
3710,3710,3711,2024030401000061,MEHL,38,39,10,289.0,2890.0,Promoter Shares/debenture
3711,3711,3712,2024030401000060,SNLI,58,38,10,594.6,5946.0,Promoter Shares/debenture
3712,3712,3713,2024030401000059,SNLI,58,34,10,594.6,5946.0,Promoter Shares/debenture
3713,3713,3714,2024030401000058,RNLI,38,58,10,422.0,4220.0,Promoter Shares/debenture
3714,3714,3715,2024030401000057,TSHL,45,77,10,467.7,4677.0,Promoter Shares/debenture
3715,3715,3716,2024030401000056,GCIL,29,43,200,497.7,99540.0,Promoter Shares/debenture
3716,3716,3717,2024030401000055,GCIL,29,58,10,497.7,4977.0,Promoter Shares/debenture
3717,3717,3718,2024030401000054,ILI,85,7,10,515.0,5150.0,Promoter Shares/debenture
3718,3718,3719,2024030401000053,ILI,85,45,10,515.0,5150.0,Promoter Shares/debenture
3719,3719,3720,2024030401000052,ILI,85,45,10,515.0,5150.0,Promoter Shares/debenture
3720,3720,3721,2024030401000051,NRM,57,58,10,351.0,3510.0,Promoter Shares/debenture
3721,3721,3722,2024030401000050,NRM,57,58,10,351.0,3510.0,Promoter Shares/debenture
3722,3722,3723,2024030401000049,MEL,45,39,10,213.0,2130.0,Promoter Shares/debenture
3723,3723,3724,2024030401000048,MEL,45,58,10,213.0,2130.0,Promoter Shares/debenture
3724,3724,3725,2024030401000047,MEL,45,35,10,213.0,2130.0,Promoter Shares/debenture
3725,3725,3726,2024030401000046,MEL,45,58,10,213.0,2130.0,Promoter Shares/debenture
3726,3726,3727,2024030401000045,IHL,28,5,90,341.7,30753.0,Promoter Shares/debenture
3727,3727,3728,2024030401000044,IHL,28,58,10,341.7,3417.0,Promoter Shares/debenture
3728,3728,3729,2024030401000043,CITY,10,35,10,581.0,5810.0,Promoter Shares/debenture
3729,3729,3730,2024030401000042,BEDC,62,58,10,334.0,3340.0,Promoter Shares/debenture
3730,3730,3731,2024030401000041,DOLTI,71,35,10,356.8,3568.0,Promoter Shares/debenture
3731,3731,3732,2024030401000040,MKHL,38,35,100,363.0,36300.0,Promoter Shares/debenture
3732,3732,3733,2024030401000039,SMJC,38,29,100,372.3,37230.0,Promoter Shares/debenture
3733,3733,3734,2024030401000038,SMJC,49,29,100,372.3,37230.0,Promoter Shares/debenture
3734,3734,3735,2024030401000037,MHCL,32,69,55,480.2,26411.0,Promoter Shares/debenture
3735,3735,3736,2024030401000036,MKHC,34,45,10,284.0,2840.0,Promoter Shares/debenture
3736,3736,3737,2024030401000035,SMHL,74,60,260,453.0,117780.0,Promoter Shares/debenture
3737,3737,3738,2024030401000034,SMHL,74,65,100,453.0,45300.0,Promoter Shares/debenture
3738,3738,3739,2024030401000033,USHEC,38,38,10,341.1,3411.0,Hydro Power
3739,3739,3740,2024030401000032,SGHC,34,45,10,309.0,3090.0,Hydro Power
3740,3740,3741,2024030401000031,SGHC,34,42,10,309.0,3090.0,Hydro Power
3741,3741,3742,2024030401000030,HHL,58,35,10,328.0,3280.0,Hydro Power
3742,3742,3743,2024030401000029,DORDI,57,25,10,447.9,4479.0,Hydro Power
3743,3743,3744,2024030401000028,RFPL,71,58,100,333.5,33350.0,Hydro Power
3744,3744,3745,2024030401000027,RFPL,71,35,10,333.5,3335.0,Hydro Power
3745,3745,3746,2024030401000026,CYCL,77,32,10,1205.4,12054.0,Microfinance
3746,3746,3747,2024030403000024,HLI,25,14,10,384.5,3845.0,Promoter Shares/debenture
3747,3747,3748,2024030401000025,SPC,25,58,10,577.3,5773.0,Hydro Power
3748,3748,3749,2024030401000024,TPC,38,44,10,538.5,5385.0,Hydro Power
3749,3749,3750,2024030401000023,TPC,38,45,10,538.5,5385.0,Hydro Power
3750,3750,3751,2024030401000022,MKJC,47,89,10,494.7,4947.0,Hydro Power
3751,3751,3752,2024030404000052,CHCL,25,22,10,464.7,4647.0,Hydro Power
3752,3752,3753,2024030404000051,API,57,22,20,179.3,3586.0,Hydro Power
3753,3753,3754,2024030404000050,CGH,41,6,20,827.2,16544.0,Hotels And Tourism
3754,3754,3755,2024030404000049,CGH,57,6,50,827.2,41360.0,Hotels And Tourism
3755,3755,3756,2024030401000021,SRLI,33,45,10,428.0,4280.0,Promoter Shares/debenture
3756,3756,3757,2024030401000020,MKLB,4,34,11,756.0,8316.0,Microfinance
3757,3757,3758,2024030401000019,MKLB,4,42,10,756.0,7560.0,Microfinance
3758,3758,3759,2024030401000018,MKLB,4,42,10,756.0,7560.0,Microfinance
3759,3759,3760,2024030401000017,MKLB,4,42,10,756.0,7560.0,Microfinance
3760,3760,3761,2024030401000016,MKLB,4,62,10,756.0,7560.0,Microfinance
3761,3761,3762,2024030403000023,PMLI,35,44,10,500.0,5000.0,Promoter Shares/debenture
3762,3762,3763,2024030403000022,GMFBS,50,25,10,856.6,8566.0,Microfinance
3763,3763,3764,2024030403000021,GILB,77,22,10,823.2,8232.0,Microfinance
3764,3764,3765,2024030403000020,GILB,32,49,100,823.2,82320.0,Microfinance
3765,3765,3766,2024030401000015,SHIVM,38,84,10,481.4,4814.0,Manufacturing And Processing
3766,3766,3767,2024030401000014,SHIVM,38,51,11,481.4,5295.4,Manufacturing And Processing
3767,3767,3768,2024030401000013,SHIVM,38,35,500,481.4,240700.0,Manufacturing And Processing
3768,3768,3769,2024030404000048,GLH,6,55,200,213.0,42600.0,Hydro Power
3769,3769,3770,2024030404000047,GLH,45,55,100,213.0,21300.0,Hydro Power
3770,3770,3771,2024030404000046,CGH,95,57,100,827.0,82700.0,Hotels And Tourism
3771,3771,3772,2024030404000045,SGIC,38,45,10,497.0,4970.0,Promoter Shares/debenture
3772,3772,3773,2024030405000016,NIFRA,25,58,10,205.9,2059.0,Investment
3773,3773,3774,2024030404000044,HDHPC,38,36,100,139.2,13920.0,Hydro Power
3774,3774,3775,2024030404000043,HDHPC,38,39,100,139.2,13920.0,Hydro Power
3775,3775,3776,2024030404000042,HDHPC,38,55,1000,139.2,139200.0,Hydro Power
3776,3776,3777,2024030404000041,HDHPC,38,55,435,139.2,60552.0,Hydro Power
3777,3777,3778,2024030404000040,HDHPC,57,55,15,139.2,2088.0,Hydro Power
3778,3778,3779,2024030404000039,HDHPC,39,55,50,139.2,6960.0,Hydro Power
3779,3779,3780,2024030404000038,SJCL,45,48,20,271.0,5420.0,Hydro Power
3780,3780,3781,2024030404000037,SJCL,45,48,20,271.0,5420.0,Hydro Power
3781,3781,3782,2024030404000036,RHPL,60,74,40,274.3,10972.0,Hydro Power
3782,3782,3783,2024030404000035,RHPL,60,45,40,274.3,10972.0,Hydro Power
3783,3783,3784,2024030404000034,RHPL,60,45,40,274.3,10972.0,Hydro Power
3784,3784,3785,2024030404000033,RHPL,60,48,50,274.3,13715.0,Hydro Power
3785,3785,3786,2024030401000012,PCBL,17,7,100,192.6,19260.0,Commercial Banks
3786,3786,3787,2024030403000019,MFIL,57,48,23,495.7,11401.1,Finance
3787,3787,3788,2024030404000032,MHNL,72,34,40,239.0,9560.0,Hydro Power
3788,3788,3789,2024030404000031,UPCL,26,48,80,205.0,16400.0,Hydro Power
3789,3789,3790,2024030403000018,MNBBL,13,55,130,350.0,45500.0,Development Banks
3790,3790,3791,2024030404000030,GHL,57,65,50,147.1,7355.0,Hydro Power
3791,3791,3792,2024030404000029,GHL,35,65,50,147.1,7355.0,Hydro Power
3792,3792,3793,2024030404000028,GHL,35,21,50,147.1,7355.0,Hydro Power
3793,3793,3794,2024030404000027,GHL,32,21,50,147.1,7355.0,Hydro Power
3794,3794,3795,2024030404000026,GHL,32,55,450,147.1,66195.0,Hydro Power
3795,3795,3796,2024030404000025,GHL,35,55,50,147.1,7355.0,Hydro Power
3796,3796,3797,2024030404000024,GHL,39,55,500,147.1,73550.0,Hydro Power
3797,3797,3798,2024030404000023,GHL,39,55,500,147.1,73550.0,Hydro Power
3798,3798,3799,2024030403000017,SHINE,46,51,23,369.0,8487.0,Development Banks
3799,3799,3800,2024030403000016,SHINE,46,57,100,369.0,36900.0,Development Banks
3800,3800,3801,2024030403000015,SHINE,46,7,10,369.0,3690.0,Development Banks
3801,3801,3802,2024030404000022,UPPER,11,45,40,199.9,7996.0,Hydro Power
3802,3802,3803,2024030404000021,UPPER,11,45,50,199.9,9995.0,Hydro Power
3803,3803,3804,2024030404000020,UPPER,11,29,50,199.9,9995.0,Hydro Power
3804,3804,3805,2024030403000014,SADBL,43,14,10,294.7,2947.0,Development Banks
3805,3805,3806,2024030404000019,JOSHI,34,42,20,356.4,7128.0,Hydro Power
3806,3806,3807,2024030404000018,JOSHI,34,42,270,356.4,96228.0,Hydro Power
3807,3807,3808,2024030403000013,KSBBL,46,55,500,338.2,169100.0,Development Banks
3808,3808,3809,2024030404000017,PMHPL,49,45,10,240.0,2400.0,Hydro Power
3809,3809,3810,2024030401000011,HDL,48,48,10,1498.0,14980.0,Manufacturing And Processing
3810,3810,3811,2024030403000012,JBBL,74,55,500,288.6,144300.0,Development Banks
3811,3811,3812,2024030403000011,JBBL,57,55,500,288.6,144300.0,Development Banks
3812,3812,3813,2024030403000010,JBBL,57,55,1000,288.6,288600.0,Development Banks
3813,3813,3814,2024030403000009,GBBL,4,55,500,357.9,178950.0,Development Banks
3814,3814,3815,2024030404000016,UMHL,38,58,10,257.8,2578.0,Hydro Power
3815,3815,3816,2024030403000008,SJLIC,38,34,500,447.7,223850.0,Promoter Shares/debenture
3816,3816,3817,2024030404000015,AKPL,57,74,33,177.4,5854.2,Hydro Power
3817,3817,3818,2024030404000014,AKPL,57,74,33,177.4,5854.2,Hydro Power
3818,3818,3819,2024030404000013,AKPL,57,74,33,177.4,5854.2,Hydro Power
3819,3819,3820,2024030404000012,AKPL,57,55,500,177.4,88700.0,Hydro Power
3820,3820,3821,2024030403000007,HLI,25,41,100,384.5,38450.0,Promoter Shares/debenture
3821,3821,3822,2024030403000006,HLI,25,41,100,384.5,38450.0,Promoter Shares/debenture
3822,3822,3823,2024030404000011,API,57,58,10,179.0,1790.0,Hydro Power
3823,3823,3824,2024030403000005,LBBL,46,51,20,378.0,7560.0,Development Banks
3824,3824,3825,2024030403000004,LBBL,46,49,100,378.0,37800.0,Development Banks
3825,3825,3826,2024030404000010,RIDI,41,38,100,184.6,18460.0,Hydro Power
3826,3826,3827,2024030404000009,SHPC,25,51,10,346.6,3466.0,Hydro Power
3827,3827,3828,2024030403000003,ICFC,45,14,10,473.2,4732.0,Finance
3828,3828,3829,2024030401000010,KBL,47,55,500,142.8,71400.0,Promoter Shares/debenture
3829,3829,3830,2024030401000009,KBL,47,48,10,142.8,1428.0,Promoter Shares/debenture
3830,3830,3831,2024030401000008,KBL,47,55,490,142.8,69972.0,Promoter Shares/debenture
3831,3831,3832,2024030401000007,KBL,49,55,500,142.8,71400.0,Promoter Shares/debenture
3832,3832,3833,2024030401000006,KBL,48,55,10,142.8,1428.0,Promoter Shares/debenture
3833,3833,3834,2024030404000008,AHPC,59,55,500,179.7,89850.0,Hydro Power
3834,3834,3835,2024030404000007,AHPC,59,55,500,179.7,89850.0,Hydro Power
3835,3835,3836,2024030404000006,IGI,4,22,22,529.0,11638.0,Non Life Insurance
3836,3836,3837,2024030404000005,IGI,4,42,75,529.0,39675.0,Non Life Insurance
3837,3837,3838,2024030404000004,IGI,4,35,350,529.0,185150.0,Non Life Insurance
3838,3838,3839,2024030404000003,PRIN,39,38,500,750.0,375000.0,Non Life Insurance
3839,3839,3840,2024030403000002,BFC,46,42,500,325.3,162650.0,Finance
3840,3840,3841,2024030403000001,BFC,62,42,500,325.3,162650.0,Finance
3841,3841,3842,2024030401000005,NICA,73,48,200,415.1,83020.0,Commercial Banks
3842,3842,3843,2024030401000004,NICA,73,37,740,415.1,307174.0,Commercial Banks
3843,3843,3844,2024030401000003,NICA,39,37,50,415.1,20755.0,Commercial Banks
3844,3844,3845,2024030405000015,HRL,25,18,20,607.5,12150.0,Promoter Shares/debenture
3845,3845,3846,2024030405000014,HRL,25,55,500,607.5,303750.0,Promoter Shares/debenture
3846,3846,3847,2024030405000013,HRL,25,51,20,607.5,12150.0,Promoter Shares/debenture
3847,3847,3848,2024030405000012,HRL,25,45,10,607.5,6075.0,Promoter Shares/debenture
3848,3848,3849,2024030405000011,HRL,25,39,10,607.5,6075.0,Promoter Shares/debenture
3849,3849,3850,2024030405000010,HRL,25,1,10,607.5,6075.0,Promoter Shares/debenture
3850,3850,3851,2024030405000009,HRL,25,86,10,607.5,6075.0,Promoter Shares/debenture
3851,3851,3852,2024030404000002,NICL,39,69,100,826.2,82620.0,Non Life Insurance
3852,3852,3853,2024030405000008,NIFRA,25,55,1000,205.9,205900.0,Investment
3853,3853,3854,2024030405000007,NIFRA,25,45,54,205.9,11118.6,Investment
3854,3854,3855,2024030405000006,NIFRA,25,55,1000,205.9,205900.0,Investment
3855,3855,3856,2024030405000005,NRN,72,48,150,527.4,79110.0,Investment
3856,3856,3857,2024030405000004,NRN,72,55,150,527.4,79110.0,Investment
3857,3857,3858,2024030405000003,NRIC,25,42,10,735.0,7350.0,Others
3858,3858,3859,2024030404000001,CHCL,25,84,10,464.7,4647.0,Hydro Power
3859,3859,3860,2024030405000002,HIDCL,43,5,102,172.2,17564.4,Investment
3860,3860,3861,2024030405000001,CIT,37,35,15,2093.0,31395.0,Investment
3861,3861,3862,2024030401000002,NABIL,49,37,90,432.4,38916.0,Commercial Banks
3862,3862,3863,2024030401000001,NABIL,49,1,10,432.4,4324.0,Commercial Banks
