,S.N.,Contract No,Stock Symbol,Buyer Broker,Seller Broker,Quantity,Rate,Amount
0,1,2024030403000530,RLFL,25,32,500,367.00,183500.00
1,2,2024030401001872,ILI,22,51,300,539.00,161700.00
2,3,2024030401001871,GCIL,25,34,34,526.00,17884.00
3,4,2024030401001870,GCIL,25,3,456,525.90,239810.40
4,5,2024030401001869,GCIL,25,71,1510,525.00,792750.00
5,6,2024030404001021,TRH,85,57,10,793.50,7935.00
6,7,2024030401001868,PHCL,56,33,490,320.00,156800.00
7,8,2024030401001867,PHCL,56,40,260,319.90,83174.00
8,9,2024030401001866,PHCL,56,55,250,319.90,79975.00
9,10,2024030404001020,AHPC,51,28,500,193.80,96900.00
10,11,2024030403000529,CFCL,51,36,1000,347.00,347000.00
11,12,2024030405000440,NIFRA,74,62,480,217.00,104160.00
12,13,2024030405000439,NIFRA,74,14,1520,216.20,328624.00
13,14,2024030401001865,RFPL,7,53,390,350.00,136500.00
14,15,2024030401001864,MEL,44,49,10,228.00,2280.00
15,16,2024030404001019,NGPL,19,72,150,318.00,47700.00
16,17,2024030404001018,NGPL,46,72,417,318.00,132606.00
17,18,2024030401001863,NICA,43,38,100,435.00,43500.00
18,19,2024030401001862,NICA,43,45,100,435.00,43500.00
19,20,2024030401001861,NICA,43,56,295,435.00,128325.00
20,21,2024030405000438,NIFRA,42,14,100,216.20,21620.00
21,22,2024030404001017,NHPC,33,59,400,166.00,66400.00
22,23,2024030404001016,NHPC,49,59,265,166.00,43990.00
23,24,2024030404001015,NHPC,42,59,797,166.00,132302.00
24,25,2024030401001860,CKHL,26,66,330,643.00,212190.00
25,26,2024030404001014,CGH,58,37,85,876.90,74536.50
26,27,2024030404001013,CGH,58,91,15,874.90,13123.50
27,28,2024030401001859,DLBS,62,62,10,842.50,8425.00
28,29,2024030401001858,MANDU,84,19,500,693.00,346500.00
29,30,2024030401001857,SONA,19,19,255,490.00,124950.00
30,31,2024030401001856,SONA,19,48,105,490.00,51450.00
31,32,2024030401001855,SONA,19,50,60,489.00,29340.00
32,33,2024030401001854,SONA,19,33,580,489.00,283620.00
33,34,2024030404001012,AKPL,21,4,1500,188.00,282000.00
34,35,2024030401001853,MEHL,7,7,10,312.00,3120.00
35,36,2024030404001011,API,47,7,50,193.30,9665.00
36,37,2024030401001852,MBJC,85,19,100,326.00,32600.00
37,38,2024030405000437,NTC,25,81,30,880.00,26400.00
38,39,2024030405000436,NTC,25,7,40,879.00,35160.00
39,40,2024030403000528,BFC,17,33,300,338.40,101520.00
40,41,2024030404001010,GHL,33,70,282,158.70,44753.40
41,42,2024030404001009,GHL,57,70,218,158.70,34596.60
42,43,2024030404001008,MEN,6,34,100,635.00,63500.00
43,44,2024030404001007,NHPC,57,4,1000,166.10,166100.00
44,45,2024030401001851,NICA,58,56,70,432.00,30240.00
45,46,2024030401001850,NICA,20,56,300,432.10,129630.00
46,47,2024030401001849,NICA,38,56,100,433.00,43300.00
47,48,2024030401001848,NICA,49,56,30,433.00,12990.00
48,49,2024030401001847,NMB,13,41,62,184.90,11463.80
49,50,2024030401001846,DOLTI,71,57,100,384.70,38470.00
50,51,2024030401001845,DOLTI,71,43,90,384.70,34623.00
51,52,2024030401001844,MHCL,88,45,20,528.00,10560.00
52,53,2024030401001843,CLI,35,56,602,445.00,267890.00
53,54,2024030401001842,CKHL,26,42,50,643.00,32150.00
54,55,2024030401001841,SIKLES,4,68,10,500.00,5000.00
55,56,2024030404001006,NGPL,4,58,62,318.80,19765.60
56,57,2024030401001840,GCIL,16,76,125,511.00,63875.00
57,58,2024030401001839,GCIL,74,76,50,518.00,25900.00
58,59,2024030401001838,GCIL,44,76,825,520.00,429000.00
59,60,2024030404001005,BARUN,55,48,200,266.00,53200.00
60,61,2024030405000435,NRN,57,58,500,567.00,283500.00
61,62,2024030401001837,NABIL,58,36,276,458.30,126490.80
62,63,2024030401001836,NABIL,58,41,377,458.20,172741.40
63,64,2024030401001835,NABIL,58,45,100,458.00,45800.00
64,65,2024030401001834,MHCL,8,45,10,528.00,5280.00
65,66,2024030403000527,NICLBSL,62,41,10,578.00,5780.00
66,67,2024030405000434,HRL,44,83,1197,622.00,744534.00
67,68,2024030405000433,HRL,34,83,200,622.00,124400.00
68,69,2024030405000432,HRL,57,83,500,622.10,311050.00
69,70,2024030405000431,HRL,56,83,103,622.50,64117.50
70,71,2024030403000526,PROFL,7,65,10,325.00,3250.00
71,72,2024030401001833,SMJC,19,26,1000,399.00,399000.00
72,73,2024030404001004,UNHPL,54,26,500,259.50,129750.00
73,74,2024030404001003,HDHPC,45,44,500,150.00,75000.00
74,75,2024030404001002,GHL,57,41,1282,158.70,203453.40
75,76,2024030404001001,GHL,28,41,68,158.70,10791.60
76,77,2024030401001832,HATHY,71,71,20,892.00,17840.00
77,78,2024030401001831,HATHY,71,58,480,890.00,427200.00
78,79,2024030401001830,CLI,49,56,70,445.00,31150.00
79,80,2024030403000525,ALICL,16,6,50,575.00,28750.00
80,81,2024030403000524,ALICL,16,32,150,575.00,86250.00
81,82,2024030403000523,JFL,1,32,10,365.10,3651.00
82,83,2024030401001829,GCIL,44,59,50,520.00,26000.00
83,84,2024030401001828,DORDI,77,22,20,501.80,10036.00
84,85,2024030401001827,USHEC,13,38,10,376.30,3763.00
85,86,2024030401001826,SONA,55,33,20,489.00,9780.00
86,87,2024030403000522,SFCL,14,29,10,315.00,3150.00
87,88,2024030403000521,SFCL,42,29,10,315.00,3150.00
88,89,2024030404001000,API,47,29,200,193.30,38660.00
89,90,2024030403000520,SMB,13,42,100,976.90,97690.00
90,91,2024030404000999,HPPL,13,64,200,288.00,57600.00
91,92,2024030403000519,HLI,21,67,200,402.00,80400.00
92,93,2024030405000430,NTC,6,7,50,879.00,43950.00
93,94,2024030403000518,ALICL,56,32,500,575.00,287500.00
94,95,2024030401001825,SONA,41,39,10,488.80,4888.00
95,96,2024030401001824,CKHL,26,45,120,643.00,77160.00
96,97,2024030401001823,CKHL,25,45,52,643.00,33436.00
97,98,2024030401001822,CKHL,17,45,70,643.00,45010.00
98,99,2024030401001821,CKHL,58,45,58,643.00,37294.00
99,100,2024030404000998,HPPL,39,64,500,288.00,144000.00
100,101,2024030403000517,SJLIC,44,42,10,481.00,4810.00
101,102,2024030403000516,SJLIC,44,50,20,475.00,9500.00
102,103,2024030401001820,UHEWA,42,39,20,360.00,7200.00
103,104,2024030404000997,SPIL,57,42,173,769.00,133037.00
104,105,2024030401001819,MEL,44,42,10,228.00,2280.00
105,106,2024030401001818,MBJC,47,19,10,326.00,3260.00
106,107,2024030401001817,HDL,47,26,100,1599.00,159900.00
107,108,2024030404000996,PPCL,29,11,10,273.50,2735.00
108,109,2024030403000515,SADBL,22,58,100,310.00,31000.00
109,110,2024030403000514,SADBL,57,58,10,310.00,3100.00
110,111,2024030403000513,FMDBL,62,22,10,616.00,6160.00
111,112,2024030403000512,MPFL,21,16,51,360.00,18360.00
112,113,2024030401001816,BHL,56,25,10,344.00,3440.00
113,114,2024030404000995,RURU,22,36,127,743.00,94361.00
114,115,2024030404000994,UPCL,57,13,300,224.00,67200.00
115,116,2024030404000993,SHEL,51,14,10,212.10,2121.00
116,117,2024030404000992,AKPL,36,4,200,188.00,37600.00
117,118,2024030404000991,AHPC,48,28,300,193.80,58140.00
118,119,2024030401001815,SRLI,35,48,10,445.20,4452.00
119,120,2024030401001814,NRM,53,33,358,375.00,134250.00
120,121,2024030401001813,NRM,53,34,142,373.00,52966.00
121,122,2024030401001812,NICA,49,56,205,435.00,89175.00
122,123,2024030401001811,NICA,49,45,85,435.00,36975.00
123,124,2024030401001810,NICA,49,35,100,434.90,43490.00
124,125,2024030404000990,HURJA,88,37,1000,307.00,307000.00
125,126,2024030401001809,NIMB,44,45,1690,167.00,282230.00
126,127,2024030404000989,SSHL,45,43,715,176.00,125840.00
127,128,2024030401001808,TSHL,22,42,10,506.10,5061.00
128,129,2024030401001807,GCIL,4,71,400,525.00,210000.00
129,130,2024030404000988,HPPL,42,64,50,288.00,14400.00
130,131,2024030405000429,HRL,56,94,182,622.50,113295.00
131,132,2024030405000428,HRL,49,94,10,630.00,6300.00
132,133,2024030405000427,HRL,34,94,100,630.00,63000.00
133,134,2024030405000426,HRL,50,94,100,630.20,63020.00
134,135,2024030405000425,HRL,26,94,50,635.00,31750.00
135,136,2024030405000424,HRL,46,94,114,635.00,72390.00
136,137,2024030405000423,HRL,13,94,20,638.00,12760.00
137,138,2024030405000422,HRL,51,94,25,638.00,15950.00
138,139,2024030405000421,HRL,59,94,500,640.00,320000.00
139,140,2024030405000420,HRL,47,94,300,640.00,192000.00
140,141,2024030405000419,HRL,18,94,500,640.00,320000.00
141,142,2024030405000418,HRL,34,94,230,640.00,147200.00
142,143,2024030405000417,HRL,57,94,469,640.00,300160.00
143,144,2024030405000416,HRL,14,94,400,645.00,258000.00
144,145,2024030404000987,GLH,32,40,100,228.00,22800.00
145,146,2024030401001806,TSHL,22,77,10,506.10,5061.00
146,147,2024030401001805,NWCL,37,19,10,800.00,8000.00
147,148,2024030403000511,KSBBL,34,34,993,364.70,362147.10
148,149,2024030403000510,KSBBL,34,5,161,364.70,58716.70
149,150,2024030403000509,KSBBL,34,49,250,364.70,91175.00
150,151,2024030403000508,KSBBL,34,22,300,364.70,109410.00
151,152,2024030403000507,KSBBL,34,89,1000,364.70,364700.00
152,153,2024030403000506,KSBBL,34,29,50,364.70,18235.00
153,154,2024030403000505,KSBBL,34,84,1000,364.00,364000.00
154,155,2024030403000504,KSBBL,34,28,200,364.00,72800.00
155,156,2024030403000503,KSBBL,34,48,400,358.00,143200.00
156,157,2024030403000502,KSBBL,34,33,1600,357.00,571200.00
157,158,2024030403000501,KSBBL,34,32,1862,356.90,664547.80
158,159,2024030404000986,UPPER,45,34,1000,214.20,214200.00
159,160,2024030404000985,UPPER,39,34,50,214.20,10710.00
160,161,2024030405000415,HRL,14,38,100,645.00,64500.00
161,162,2024030403000500,MFIL,35,55,1400,508.00,711200.00
162,163,2024030403000499,MFIL,42,55,300,517.00,155100.00
163,164,2024030405000414,HRL,14,47,500,645.00,322500.00
164,165,2024030401001804,ANLB,64,71,10,1989.20,19892.00
165,166,2024030401001803,RNLI,58,41,132,455.50,60126.00
166,167,2024030401001802,RNLI,58,22,60,455.50,27330.00
167,168,2024030401001801,RNLI,58,14,170,455.20,77384.00
168,169,2024030401001800,RNLI,58,59,118,455.00,53690.00
169,170,2024030401001799,RNLI,58,43,10,450.00,4500.00
170,171,2024030401001798,RNLI,58,38,10,447.70,4477.00
171,172,2024030401001797,NWCL,71,58,230,789.00,181470.00
172,173,2024030401001796,NWCL,46,58,70,789.40,55258.00
173,174,2024030401001795,PCBL,58,39,100,195.90,19590.00
174,175,2024030403000498,JBBL,21,32,685,304.90,208856.50
175,176,2024030403000497,LICN,11,58,10,1352.50,13525.00
176,177,2024030401001794,PHCL,21,55,60,319.90,19194.00
177,178,2024030401001793,LSL,58,42,200,169.00,33800.00
178,179,2024030401001792,HATHY,44,58,100,890.00,89000.00
179,180,2024030401001791,HATHY,58,58,20,890.00,17800.00
180,181,2024030401001790,HATHY,55,58,100,891.00,89100.00
181,182,2024030401001789,BGWT,70,65,10,599.00,5990.00
182,183,2024030401001788,CLI,58,56,12,445.00,5340.00
183,184,2024030401001787,CLI,58,56,100,445.00,44500.00
184,185,2024030404000984,SPIL,57,35,67,769.00,51523.00
185,186,2024030404000983,SPIL,57,39,10,768.90,7689.00
186,187,2024030404000982,SPIL,57,52,50,765.00,38250.00
187,188,2024030404000981,MEN,10,37,500,629.00,314500.00
188,189,2024030404000980,MEN,10,37,250,629.00,157250.00
189,190,2024030405000413,NIFRA,57,14,100,216.20,21620.00
190,191,2024030401001786,USHL,36,5,10,488.00,4880.00
191,192,2024030404000979,HDHPC,32,44,30,150.00,4500.00
192,193,2024030404000978,NHPC,39,17,100,166.10,16610.00
193,194,2024030401001785,SPL,59,45,10,674.80,6748.00
194,195,2024030405000412,CHDC,71,22,159,990.00,157410.00
195,196,2024030405000411,CHDC,71,50,341,989.90,337555.90
196,197,2024030404000977,BPCL,41,45,100,329.00,32900.00
197,198,2024030404000976,JOSHI,41,71,500,384.40,192200.00
198,199,2024030404000975,JOSHI,41,44,190,384.00,72960.00
199,200,2024030404000974,JOSHI,41,58,90,384.00,34560.00
200,201,2024030404000973,JOSHI,41,62,10,384.00,3840.00
201,202,2024030404000972,JOSHI,41,57,500,383.00,191500.00
202,203,2024030404000971,JOSHI,41,19,100,377.40,37740.00
203,204,2024030404000970,JOSHI,41,59,1000,377.10,377100.00
204,205,2024030404000969,JOSHI,41,7,100,377.10,37710.00
205,206,2024030404000968,JOSHI,41,37,200,377.00,75400.00
206,207,2024030404000967,JOSHI,41,62,10,377.00,3770.00
207,208,2024030404000966,JOSHI,41,26,300,377.00,113100.00
208,209,2024030404000965,JOSHI,41,43,500,376.80,188400.00
209,210,2024030404000964,JOSHI,41,26,106,376.00,39856.00
210,211,2024030403000496,HLI,44,67,300,402.00,120600.00
211,212,2024030403000495,GBLBS,88,43,10,551.40,5514.00
212,213,2024030401001784,KDL,4,28,95,789.00,74955.00
213,214,2024030404000963,IGI,5,6,100,559.00,55900.00
214,215,2024030403000494,NLBBL,51,34,10,525.30,5253.00
215,216,2024030403000493,ALICL,8,32,170,575.00,97750.00
216,217,2024030404000962,SHPC,70,42,36,358.00,12888.00
217,218,2024030404000961,SHPC,29,42,60,358.00,21480.00
218,219,2024030404000960,SHPC,41,42,300,359.00,107700.00
219,220,2024030404000959,SHPC,28,42,605,361.00,218405.00
220,221,2024030401001783,NIMB,13,45,300,167.00,50100.00
221,222,2024030401001782,NICA,21,35,100,434.90,43490.00
222,223,2024030403000492,HLI,7,67,100,402.00,40200.00
223,224,2024030404000958,KPCL,50,38,10,418.20,4182.00
224,225,2024030404000957,KPCL,50,11,10,418.20,4182.00
225,226,2024030404000956,KPCL,50,50,20,418.20,8364.00
226,227,2024030403000491,SHINE,19,4,345,390.00,134550.00
227,228,2024030403000490,SHINE,19,34,36,389.00,14004.00
228,229,2024030401001781,TSHL,22,60,10,505.00,5050.00
229,230,2024030401001780,MEHL,58,43,1500,312.40,468600.00
230,231,2024030404000955,AHPC,65,28,836,193.80,162016.80
231,232,2024030404000954,AHPC,65,28,164,193.00,31652.00
232,233,2024030403000489,HLI,36,67,50,402.00,20100.00
233,234,2024030401001779,HDL,51,26,27,1599.00,43173.00
234,235,2024030404000953,UMHL,39,21,200,275.00,55000.00
235,236,2024030404000952,UMHL,39,3,100,275.00,27500.00
236,237,2024030404000951,UMHL,39,48,200,274.90,54980.00
237,238,2024030401001778,USHEC,26,32,10,369.00,3690.00
238,239,2024030403000488,JBBL,57,32,300,305.00,91500.00
239,240,2024030403000487,JBBL,44,32,20,306.00,6120.00
240,241,2024030403000486,JBBL,25,32,1111,306.00,339966.00
241,242,2024030404000950,UMRH,53,44,260,380.00,98800.00
242,243,2024030401001777,SONA,41,49,245,485.00,118825.00
243,244,2024030401001776,SONA,58,49,913,488.00,445544.00
244,245,2024030401001775,SONA,14,49,222,488.00,108336.00
245,246,2024030401001774,SONA,35,49,180,488.00,87840.00
246,247,2024030401001773,SONA,62,49,400,488.00,195200.00
247,248,2024030401001772,SONA,53,49,200,488.40,97680.00
248,249,2024030401001771,SONA,26,49,500,489.00,244500.00
249,250,2024030401001770,SONA,1,49,940,489.00,459660.00
250,251,2024030404000949,NGPL,49,58,200,318.80,63760.00
251,252,2024030401001769,MEL,44,47,20,229.00,4580.00
252,253,2024030404000948,API,47,44,300,193.30,57990.00
253,254,2024030404000947,PPCL,45,32,10,273.50,2735.00
254,255,2024030404000946,PPCL,45,19,90,273.30,24597.00
255,256,2024030401001768,AHL,66,46,10,463.40,4634.00
256,257,2024030404000945,HPPL,28,64,1500,288.00,432000.00
257,258,2024030401001767,HATHY,35,71,10,892.00,8920.00
258,259,2024030401001766,NABIL,35,41,100,458.20,45820.00
259,260,2024030404000944,NGPL,46,34,20,318.00,6360.00
260,261,2024030404000943,UPCL,29,13,400,224.00,89600.00
261,262,2024030404000942,UPCL,29,33,50,224.00,11200.00
262,263,2024030404000941,UPCL,29,42,50,224.00,11200.00
263,264,2024030404000940,UNHPL,26,26,500,259.50,129750.00
264,265,2024030404000939,SICL,16,42,10,696.60,6966.00
265,266,2024030401001765,PHCL,38,55,100,319.90,31990.00
266,267,2024030403000485,SINDU,21,51,500,331.00,165500.00
267,268,2024030403000484,SINDU,21,84,500,330.10,165050.00
268,269,2024030404000938,RIDI,7,50,400,199.10,79640.00
269,270,2024030403000483,FMDBL,42,22,90,616.00,55440.00
270,271,2024030401001764,HDL,57,70,10,1580.00,15800.00
271,272,2024030405000410,HRL,6,43,90,646.00,58140.00
272,273,2024030405000409,HRL,6,16,900,645.00,580500.00
273,274,2024030405000408,HRL,6,6,10,644.00,6440.00
274,275,2024030401001763,NICA,6,35,100,434.90,43490.00
275,276,2024030404000937,SHPC,6,50,100,364.00,36400.00
276,277,2024030404000936,AHPC,36,28,200,193.00,38600.00
277,278,2024030404000935,AHPC,74,28,500,193.00,96500.00
278,279,2024030403000482,CORBL,71,69,10,432.50,4325.00
279,280,2024030401001762,MBL,41,49,20,186.10,3722.00
280,281,2024030404000934,JOSHI,16,26,1894,376.00,712144.00
281,282,2024030404000933,JOSHI,16,55,36,369.00,13284.00
282,283,2024030404000932,JOSHI,16,6,70,369.00,25830.00
283,284,2024030405000407,NRN,45,89,190,568.00,107920.00
284,285,2024030405000406,NRN,45,39,300,567.90,170370.00
285,286,2024030405000405,NRN,45,89,500,567.00,283500.00
286,287,2024030405000404,NRN,45,50,10,567.00,5670.00
287,288,2024030401001761,UHEWA,63,39,10,360.00,3600.00
288,289,2024030404000931,AKPL,59,4,15,188.00,2820.00
289,290,2024030404000930,API,47,40,1000,193.30,193300.00
290,291,2024030401001760,SHIVM,82,65,1395,510.00,711450.00
291,292,2024030401001759,SHIVM,82,62,270,509.90,137673.00
292,293,2024030401001758,SHIVM,82,6,45,508.00,22860.00
293,294,2024030401001757,SHIVM,82,65,290,508.00,147320.00
294,295,2024030401001756,VLUCL,37,32,200,571.00,114200.00
295,296,2024030401001755,VLUCL,37,47,100,570.00,57000.00
296,297,2024030401001754,SONA,55,43,40,492.00,19680.00
297,298,2024030404000929,GHL,28,34,1000,158.70,158700.00
298,299,2024030401001753,CYCL,42,16,10,1279.00,12790.00
299,300,2024030403000481,NICLBSL,62,62,10,578.00,5780.00
300,301,2024030404000928,DHPL,8,38,10,197.60,1976.00
301,302,2024030401001752,DORDI,77,17,500,501.70,250850.00
302,303,2024030405000403,HRL,57,19,30,640.00,19200.00
303,304,2024030401001751,SPHL,55,19,10,475.40,4754.00
304,305,2024030405000402,HRL,26,6,20,644.00,12880.00
305,306,2024030401001750,SBL,33,50,10,228.00,2280.00
306,307,2024030404000927,DHPL,8,14,10,197.60,1976.00
307,308,2024030405000401,NRN,64,14,580,565.00,327700.00
308,309,2024030401001749,SONA,1,39,10,489.00,4890.00
309,310,2024030404000926,GHL,28,58,50,158.70,7935.00
310,311,2024030403000480,MPFL,62,16,200,361.00,72200.00
311,312,2024030403000479,MPFL,55,16,53,361.00,19133.00
312,313,2024030401001748,MHCL,88,45,20,528.00,10560.00
313,314,2024030405000400,HIDCL,35,41,10,179.10,1791.00
314,315,2024030401001747,NICA,44,45,90,435.00,39150.00
315,316,2024030401001746,NICA,44,63,10,434.50,4345.00
316,317,2024030404000925,MEN,45,11,80,626.00,50080.00
317,318,2024030404000924,MEN,55,11,150,627.00,94050.00
318,319,2024030404000923,MEN,14,11,170,627.00,106590.00
319,320,2024030404000922,UNHPL,45,57,10,259.50,2595.00
320,321,2024030404000921,UNHPL,45,63,10,259.50,2595.00
321,322,2024030404000920,API,47,45,2000,193.30,386600.00
322,323,2024030403000478,ALICL,43,32,20,575.00,11500.00
323,324,2024030403000477,ALICL,43,54,80,574.00,45920.00
324,325,2024030404000919,AKPL,4,4,200,188.00,37600.00
325,326,2024030401001745,HATHY,73,51,400,900.00,360000.00
326,327,2024030401001744,SONA,1,37,50,489.00,24450.00
327,328,2024030401001743,SONA,7,37,950,490.00,465500.00
328,329,2024030401001742,SPC,34,50,100,620.00,62000.00
329,330,2024030404000918,SHPC,28,47,200,361.00,72200.00
330,331,2024030404000917,CGH,62,35,100,860.50,86050.00
331,332,2024030404000916,AHPC,32,42,130,192.70,25051.00
332,333,2024030403000476,GBBL,32,13,127,378.00,48006.00
333,334,2024030403000475,GBBL,42,13,10,379.00,3790.00
334,335,2024030403000474,GBBL,50,13,288,379.40,109267.20
335,336,2024030404000915,UPPER,39,7,50,214.20,10710.00
336,337,2024030401001741,BHDC,50,47,10,461.70,4617.00
337,338,2024030401001740,BHDC,50,75,10,455.00,4550.00
338,339,2024030401001739,SBL,50,50,10,227.00,2270.00
339,340,2024030404000914,HDHPC,22,44,2000,150.00,300000.00
340,341,2024030401001738,CZBIL,85,91,1000,169.90,169900.00
341,342,2024030401001737,PCBL,19,39,150,195.90,29385.00
342,343,2024030404000913,UPCL,71,42,500,224.00,112000.00
343,344,2024030401001736,SPHL,55,49,10,475.40,4754.00
344,345,2024030401001735,SONA,32,71,500,493.00,246500.00
345,346,2024030404000912,AKPL,46,4,750,188.00,141000.00
346,347,2024030401001734,MHCL,28,45,205,528.00,108240.00
347,348,2024030401001733,MHCL,28,25,795,527.00,418965.00
348,349,2024030401001732,NBL,35,59,1015,230.00,233450.00
349,350,2024030401001731,NBL,35,47,485,227.40,110289.00
350,351,2024030401001730,RAWA,29,1,10,478.50,4785.00
351,352,2024030401001729,MLBS,29,16,10,702.70,7027.00
352,353,2024030404000911,NGPL,26,58,85,318.80,27098.00
353,354,2024030401001728,SONA,7,42,50,490.00,24500.00
354,355,2024030403000473,SJLIC,1,34,330,472.20,155826.00
355,356,2024030403000472,SJLIC,34,34,150,472.20,70830.00
356,357,2024030403000471,SJLIC,52,34,20,475.00,9500.00
357,358,2024030403000470,SINDU,57,21,500,329.40,164700.00
358,359,2024030404000910,NHPC,42,44,703,166.00,116698.00
359,360,2024030401001727,MEHL,7,20,200,312.00,62400.00
360,361,2024030401001726,MEHL,7,34,50,312.00,15600.00
361,362,2024030401001725,MEHL,7,17,250,311.00,77750.00
362,363,2024030401001724,IHL,3,3,300,362.00,108600.00
363,364,2024030401001723,IHL,3,3,700,362.40,253680.00
364,365,2024030405000399,HRL,26,3,10,644.00,6440.00
365,366,2024030404000909,HDHPC,19,44,2000,150.00,300000.00
366,367,2024030401001722,NICA,20,3,200,433.10,86620.00
367,368,2024030404000908,HDHPC,14,44,100,150.00,15000.00
368,369,2024030405000398,NIFRA,51,14,280,216.20,60536.00
369,370,2024030405000397,NIFRA,51,65,20,216.00,4320.00
370,371,2024030404000907,HDHPC,48,44,200,150.00,30000.00
371,372,2024030401001721,CKHL,58,43,252,643.00,162036.00
372,373,2024030404000906,AHPC,58,28,70,193.00,13510.00
373,374,2024030405000396,HIDCL,56,44,10,175.60,1756.00
374,375,2024030404000905,JOSHI,45,6,10,369.00,3690.00
375,376,2024030403000469,GFCL,46,41,300,445.00,133500.00
376,377,2024030403000468,GMFBS,25,43,490,873.70,428113.00
377,378,2024030401001720,NBL,4,47,515,227.40,117111.00
378,379,2024030401001719,NBL,4,17,485,226.90,110046.50
379,380,2024030401001718,DORDI,77,72,120,501.00,60120.00
380,381,2024030401001717,DORDI,77,25,200,501.00,100200.00
381,382,2024030401001716,DORDI,77,25,390,501.00,195390.00
382,383,2024030401001715,DORDI,77,17,30,501.00,15030.00
383,384,2024030401001714,DORDI,77,59,200,501.00,100200.00
384,385,2024030401001713,DORDI,77,45,100,501.00,50100.00
385,386,2024030401001712,DORDI,77,49,30,501.00,15030.00
386,387,2024030401001711,DORDI,77,38,1000,500.00,500000.00
387,388,2024030401001710,DORDI,77,53,500,500.00,250000.00
388,389,2024030401001709,DORDI,77,51,10,500.00,5000.00
389,390,2024030401001708,DORDI,77,55,115,500.00,57500.00
390,391,2024030401001707,DORDI,77,1,10,499.00,4990.00
391,392,2024030401001706,DORDI,77,6,100,492.00,49200.00
392,393,2024030401001705,DORDI,77,10,620,492.00,305040.00
393,394,2024030401001704,DORDI,77,85,1000,491.90,491900.00
394,395,2024030403000467,HLI,22,67,100,403.00,40300.00
395,396,2024030403000466,HLI,21,67,200,406.90,81380.00
396,397,2024030405000395,NIFRA,28,65,100,216.00,21600.00
397,398,2024030404000904,AHPC,28,28,50,193.00,9650.00
398,399,2024030401001703,PCBL,35,39,250,195.90,48975.00
399,400,2024030404000903,API,47,50,100,193.30,19330.00
400,401,2024030404000902,API,47,87,300,193.30,57990.00
401,402,2024030401001702,VLUCL,29,32,10,571.00,5710.00
402,403,2024030404000901,SGIC,62,7,110,527.00,57970.00
403,404,2024030404000900,SGIC,62,57,200,527.00,105400.00
404,405,2024030404000899,SGIC,62,41,90,527.00,47430.00
405,406,2024030401001701,RFPL,62,65,1890,350.80,663012.00
406,407,2024030401001700,RFPL,62,84,100,350.80,35080.00
407,408,2024030401001699,RFPL,62,43,50,350.80,17540.00
408,409,2024030401001698,RFPL,62,52,460,350.80,161368.00
409,410,2024030403000465,PROFL,42,65,10,325.00,3250.00
410,411,2024030403000464,GBBL,50,74,512,379.40,194252.80
411,412,2024030401001697,HATHY,57,34,10,890.00,8900.00
412,413,2024030403000463,CBBL,22,65,25,841.50,21037.50
413,414,2024030401001696,MANDU,84,65,4000,693.00,2772000.00
414,415,2024030403000462,PMLI,74,8,80,530.60,42448.00
415,416,2024030403000461,PMLI,74,7,20,520.20,10404.00
416,417,2024030401001695,GCIL,48,71,90,525.00,47250.00
417,418,2024030401001694,GCIL,48,22,10,525.00,5250.00
418,419,2024030401001693,MHCL,88,25,200,527.00,105400.00
419,420,2024030401001692,MBL,41,34,80,186.10,14888.00
420,421,2024030405000394,NIFRA,41,65,100,216.00,21600.00
421,422,2024030401001691,MEHL,59,34,1220,312.00,380640.00
422,423,2024030401001690,MEHL,59,22,50,312.00,15600.00
423,424,2024030401001689,MEHL,59,47,1000,312.00,312000.00
424,425,2024030401001688,MEHL,59,48,150,312.00,46800.00
425,426,2024030401001687,MEHL,59,45,100,311.90,31190.00
426,427,2024030401001686,MEHL,59,7,1400,311.90,436660.00
427,428,2024030401001685,MEHL,59,47,80,311.80,24944.00
428,429,2024030401001684,MEHL,59,37,100,311.00,31100.00
429,430,2024030405000393,HRL,26,58,10,644.00,6440.00
430,431,2024030403000460,NFS,32,58,922,356.40,328600.80
431,432,2024030403000459,NFS,45,58,150,358.00,53700.00
432,433,2024030404000898,NGPL,46,58,563,318.00,179034.00
433,434,2024030404000897,NGPL,32,58,100,318.00,31800.00
434,435,2024030404000896,NGPL,55,58,200,318.00,63600.00
435,436,2024030404000895,NGPL,8,58,137,318.00,43566.00
436,437,2024030404000894,AKPL,58,4,30,188.00,5640.00
437,438,2024030404000893,AKPL,34,4,500,188.00,94000.00
438,439,2024030404000892,AKPL,51,4,200,188.00,37600.00
439,440,2024030404000891,AKPL,49,4,500,188.00,94000.00
440,441,2024030404000890,AKPL,34,4,200,188.00,37600.00
441,442,2024030404000889,AKPL,48,4,500,188.00,94000.00
442,443,2024030404000888,AKPL,57,4,400,188.00,75200.00
443,444,2024030404000887,AKPL,62,4,1625,188.00,305500.00
444,445,2024030401001683,SMJC,32,68,200,396.00,79200.00
445,446,2024030401001682,TAMOR,55,64,10,403.90,4039.00
446,447,2024030401001681,TAMOR,55,88,10,403.90,4039.00
447,448,2024030401001680,SPC,64,50,200,620.00,124000.00
448,449,2024030403000458,MERO,25,6,10,538.50,5385.00
449,450,2024030405000392,BBC,17,19,10,4080.00,40800.00
450,451,2024030401001679,SMHL,17,76,1000,480.00,480000.00
451,452,2024030405000391,HRL,26,57,10,644.00,6440.00
452,453,2024030404000886,PMHPL,34,46,10,254.00,2540.00
453,454,2024030401001678,RNLI,10,34,160,446.90,71504.00
454,455,2024030401001677,CLI,38,58,11,450.00,4950.00
455,456,2024030401001676,BNT,38,55,10,16344.40,163444.00
456,457,2024030401001675,BNT,38,85,20,16344.00,326880.00
457,458,2024030401001674,BNT,38,54,20,16343.00,326860.00
458,459,2024030401001673,BNT,38,3,10,16340.00,163400.00
459,460,2024030401001672,BNT,38,17,10,16299.00,162990.00
460,461,2024030401001671,BNT,38,19,10,16200.00,162000.00
461,462,2024030401001670,BNT,38,28,20,16090.00,321800.00
462,463,2024030404000885,HPPL,39,64,500,288.00,144000.00
463,464,2024030404000884,HPPL,39,64,440,288.00,126720.00
464,465,2024030404000883,HPPL,39,45,60,288.00,17280.00
465,466,2024030401001669,SONA,71,71,150,493.00,73950.00
466,467,2024030403000457,NLIC,72,52,10,624.00,6240.00
467,468,2024030405000390,NRN,72,50,300,567.00,170100.00
468,469,2024030401001668,MKJC,34,49,100,502.10,50210.00
469,470,2024030404000882,UPCL,32,42,900,224.00,201600.00
470,471,2024030404000881,UPCL,32,45,200,223.90,44780.00
471,472,2024030404000880,UPCL,32,85,1000,223.80,223800.00
472,473,2024030404000879,UPCL,32,28,100,223.70,22370.00
473,474,2024030403000456,NADEP,32,51,10,518.00,5180.00
474,475,2024030401001667,MCHL,32,57,150,347.70,52155.00
475,476,2024030401001666,MCHL,32,45,299,347.00,103753.00
476,477,2024030401001665,MCHL,32,53,490,345.00,169050.00
477,478,2024030401001664,SAHAS,41,45,10,558.00,5580.00
478,479,2024030403000455,PROFL,11,65,50,325.00,16250.00
479,480,2024030401001663,SANIMA,62,45,10,244.00,2440.00
480,481,2024030403000454,ALICL,54,4,67,570.00,38190.00
481,482,2024030403000453,ALICL,46,4,200,571.00,114200.00
482,483,2024030404000878,SHPC,28,60,9205,361.00,3323005.00
483,484,2024030404000877,UPCL,35,28,200,223.70,44740.00
484,485,2024030401001662,ULHC,58,26,10,339.10,3391.00
485,486,2024030401001661,ULHC,58,34,90,339.10,30519.00
486,487,2024030405000389,NIFRA,58,65,500,216.00,108000.00
487,488,2024030404000876,NGPL,49,58,100,318.80,31880.00
488,489,2024030404000875,NGPL,52,58,3000,318.80,956400.00
489,490,2024030404000874,NGPL,17,58,100,318.80,31880.00
490,491,2024030404000873,NGPL,56,58,50,318.80,15940.00
491,492,2024030404000872,NGPL,25,58,300,318.80,95640.00
492,493,2024030404000871,NGPL,48,58,500,318.80,159400.00
493,494,2024030404000870,NGPL,26,58,1000,318.80,318800.00
494,495,2024030404000869,NGPL,47,58,1000,318.80,318800.00
495,496,2024030404000868,NGPL,1,58,60,318.80,19128.00
496,497,2024030401001660,DOLTI,8,43,80,384.70,30776.00
497,498,2024030404000867,AKPL,26,44,20,191.40,3828.00
498,499,2024030404000866,AKPL,26,91,10,190.90,1909.00
499,500,2024030401001659,DLBS,62,62,10,826.00,8260.00
500,501,2024030401001658,RFPL,62,52,40,350.80,14032.00
501,502,2024030401001657,RFPL,62,6,10,350.50,3505.00
502,503,2024030403000452,NUBL,62,62,10,617.00,6170.00
503,504,2024030401001656,NIMB,49,13,200,166.90,33380.00
504,505,2024030404000865,AHPC,42,28,500,193.00,96500.00
505,506,2024030401001655,SONA,25,71,500,493.00,246500.00
506,507,2024030401001654,SONA,22,71,990,493.00,488070.00
507,508,2024030401001653,SONA,22,32,500,492.90,246450.00
508,509,2024030401001652,SONA,22,56,500,492.60,246300.00
509,510,2024030401001651,SONA,22,43,10,492.00,4920.00
510,511,2024030404000864,KPCL,48,6,10,418.20,4182.00
511,512,2024030404000863,PRIN,72,34,10,799.00,7990.00
512,513,2024030404000862,SSHL,45,34,220,176.00,38720.00
513,514,2024030404000861,AHPC,32,28,100,193.00,19300.00
514,515,2024030401001650,NWCL,1,32,10,803.10,8031.00
515,516,2024030401001649,MAKAR,36,77,10,391.60,3916.00
516,517,2024030405000388,NRN,32,5,1006,560.00,563360.00
517,518,2024030405000387,NRN,58,5,794,560.00,444640.00
518,519,2024030405000386,NRN,16,5,200,564.00,112800.00
519,520,2024030404000860,API,44,55,27,193.00,5211.00
520,521,2024030404000859,API,39,55,473,193.30,91430.90
521,522,2024030401001648,MEL,13,74,1000,229.50,229500.00
522,523,2024030404000858,NHPC,42,44,855,166.00,141930.00
523,524,2024030404000857,NHPC,42,8,445,166.00,73870.00
524,525,2024030401001647,SPC,28,50,50,620.00,31000.00
525,526,2024030405000385,NTC,58,7,10,879.00,8790.00
526,527,2024030401001646,PHCL,17,33,300,320.00,96000.00
527,528,2024030401001645,HIDCLP,17,51,1000,104.00,104000.00
528,529,2024030401001644,HIDCLP,17,58,1899,102.40,194457.60
529,530,2024030401001643,MHCL,25,25,20,527.00,10540.00
530,531,2024030404000856,HDHPC,85,44,300,150.00,45000.00
531,532,2024030404000855,HDHPC,85,55,100,149.90,14990.00
532,533,2024030401001642,PRVU,22,16,10,151.90,1519.00
533,534,2024030404000854,API,39,56,27,193.30,5219.10
534,535,2024030404000853,API,53,56,100,193.30,19330.00
535,536,2024030404000852,API,44,56,1000,193.30,193300.00
536,537,2024030401001641,IHL,71,57,10,368.50,3685.00
537,538,2024030404000851,UPPER,45,48,190,214.00,40660.00
538,539,2024030404000850,UPPER,50,48,100,214.20,21420.00
539,540,2024030404000849,UPPER,17,48,10,214.20,2142.00
540,541,2024030401001640,PHCL,38,33,680,320.00,217600.00
541,542,2024030401001639,USHEC,26,38,10,369.00,3690.00
542,543,2024030401001638,RNLI,16,48,50,446.00,22300.00
543,544,2024030401001637,NRM,53,34,358,373.00,133534.00
544,545,2024030401001636,NRM,53,39,642,372.40,239080.80
545,546,2024030401001635,GCIL,44,61,85,518.00,44030.00
546,547,2024030403000451,NLICL,44,32,200,582.60,116520.00
547,548,2024030403000450,GUFL,8,95,140,624.00,87360.00
548,549,2024030404000848,SSHL,45,45,55,176.00,9680.00
549,550,2024030404000847,SSHL,10,45,30,176.00,5280.00
550,551,2024030401001634,KBL,4,34,160,150.00,24000.00
551,552,2024030401001633,KBL,4,59,340,149.90,50966.00
552,553,2024030404000846,UMRH,1,35,122,374.00,45628.00
553,554,2024030404000845,UMRH,58,35,500,374.00,187000.00
554,555,2024030404000844,UMRH,61,35,378,374.00,141372.00
555,556,2024030405000384,HRL,26,77,240,648.00,155520.00
556,557,2024030405000383,HRL,26,68,500,647.00,323500.00
557,558,2024030405000382,HRL,26,59,30,646.90,19407.00
558,559,2024030405000381,HRL,26,58,30,646.00,19380.00
559,560,2024030404000843,NHPC,26,8,60,166.00,9960.00
560,561,2024030401001632,NICA,62,63,10,434.50,4345.00
561,562,2024030404000842,SGIC,13,41,110,527.00,57970.00
562,563,2024030404000841,SGIC,13,62,440,526.00,231440.00
563,564,2024030404000840,SGIC,13,19,190,526.00,99940.00
564,565,2024030404000839,SGIC,13,84,260,525.00,136500.00
565,566,2024030403000449,GILB,42,8,48,839.00,40272.00
566,567,2024030403000448,ALICL,22,32,60,575.00,34500.00
567,568,2024030405000380,NRN,65,50,500,567.00,283500.00
568,569,2024030404000838,KPCL,14,38,10,418.20,4182.00
569,570,2024030403000447,PROFL,14,65,500,325.00,162500.00
570,571,2024030404000837,SHL,57,37,300,457.00,137100.00
571,572,2024030404000836,SHL,57,11,100,455.00,45500.00
572,573,2024030403000446,MNBBL,57,49,10,357.80,3578.00
573,574,2024030405000379,NTC,19,81,155,880.00,136400.00
574,575,2024030401001631,SNLI,45,39,10,608.00,6080.00
575,576,2024030401001630,RFPL,39,6,30,350.50,10515.00
576,577,2024030401001629,MCHL,39,53,500,341.00,170500.00
577,578,2024030401001628,PPL,38,17,100,344.00,34400.00
578,579,2024030404000835,SHPC,39,60,30,361.00,10830.00
579,580,2024030401001627,NIMBPO,32,55,200,136.10,27220.00
580,581,2024030401001626,CYCL,1,16,20,1279.00,25580.00
581,582,2024030401001625,MMKJL,95,53,70,437.00,30590.00
582,583,2024030401001624,MMKJL,95,14,10,429.40,4294.00
583,584,2024030401001623,MMKJL,95,29,10,429.40,4294.00
584,585,2024030401001622,MMKJL,95,52,20,429.00,8580.00
585,586,2024030401001621,MMKJL,95,43,390,429.00,167310.00
586,587,2024030401001620,CLI,45,58,50,453.00,22650.00
587,588,2024030401001619,CLI,57,58,500,453.90,226950.00
588,589,2024030401001618,CLI,42,58,140,453.90,63546.00
589,590,2024030401001617,CLI,1,58,360,454.00,163440.00
590,591,2024030404000834,HDHPC,35,44,40,150.00,6000.00
591,592,2024030405000378,NRIC,40,35,10,790.00,7900.00
592,593,2024030404000833,GLH,35,57,100,228.40,22840.00
593,594,2024030401001616,MHCL,8,25,50,527.00,26350.00
594,595,2024030401001615,MSHL,28,64,10,627.00,6270.00
595,596,2024030403000445,NFS,69,69,100,363.50,36350.00
596,597,2024030403000444,NFS,69,52,1100,363.00,399300.00
597,598,2024030401001614,CYCL,21,61,10,1279.00,12790.00
598,599,2024030401001613,CYCL,21,62,10,1279.00,12790.00
599,600,2024030401001612,NRM,53,42,10,371.60,3716.00
600,601,2024030404000832,HPPL,57,34,130,290.00,37700.00
601,602,2024030404000831,HPPL,57,39,250,289.00,72250.00
602,603,2024030404000830,HPPL,57,39,120,289.00,34680.00
603,604,2024030404000829,SALICO,44,36,10,663.00,6630.00
604,605,2024030401001611,MEL,45,74,106,229.50,24327.00
605,606,2024030404000828,AKPL,48,44,416,191.40,79622.40
606,607,2024030404000827,AKPL,48,8,284,191.40,54357.60
607,608,2024030404000826,AKPL,48,11,300,191.30,57390.00
608,609,2024030403000443,GRDBL,37,71,10,363.00,3630.00
609,610,2024030404000825,HPPL,39,39,500,289.00,144500.00
610,611,2024030404000824,AKJCL,25,71,450,217.00,97650.00
611,612,2024030404000823,AKJCL,57,71,100,220.00,22000.00
612,613,2024030404000822,AKJCL,39,71,400,228.00,91200.00
613,614,2024030404000821,AKJCL,77,71,10,228.80,2288.00
614,615,2024030404000820,AKJCL,17,71,40,229.00,9160.00
615,616,2024030401001610,TPC,88,17,10,559.90,5599.00
616,617,2024030401001609,TPC,88,3,20,559.90,11198.00
617,618,2024030401001608,TPC,88,37,50,559.50,27975.00
618,619,2024030401001607,TPC,88,48,10,558.00,5580.00
619,620,2024030401001606,TPC,88,11,100,558.00,55800.00
620,621,2024030401001605,SBI,42,44,20,291.30,5826.00
621,622,2024030401001604,SHIVM,32,65,500,508.00,254000.00
622,623,2024030401001603,SCB,66,8,100,525.00,52500.00
623,624,2024030401001602,TSHL,18,45,10,496.20,4962.00
624,625,2024030401001601,SONA,41,76,152,485.00,73720.00
625,626,2024030401001600,SONA,35,76,1000,488.00,488000.00
626,627,2024030401001599,SONA,49,76,278,488.00,135664.00
627,628,2024030401001598,SONA,16,76,570,490.00,279300.00
628,629,2024030403000442,SINDU,57,28,100,329.40,32940.00
629,630,2024030401001597,SBI,42,5,10,291.30,2913.00
630,631,2024030401001596,SBI,58,5,10,291.30,2913.00
631,632,2024030404000819,JOSHI,38,28,10,362.50,3625.00
632,633,2024030404000818,GLH,55,57,100,228.40,22840.00
633,634,2024030404000817,TRH,58,49,50,778.20,38910.00
634,635,2024030404000816,TRH,58,68,240,778.00,186720.00
635,636,2024030403000441,GBBL,42,29,90,379.00,34110.00
636,637,2024030403000440,PROFL,52,65,620,325.00,201500.00
637,638,2024030401001595,SONA,16,58,40,490.00,19600.00
638,639,2024030403000439,HLI,50,52,602,402.00,242004.00
639,640,2024030403000438,HLI,69,52,390,409.00,159510.00
640,641,2024030405000377,STC,10,13,30,5200.00,156000.00
641,642,2024030403000437,GMFBS,25,58,10,873.70,8737.00
642,643,2024030404000815,LEC,14,50,10,189.80,1898.00
643,644,2024030401001594,UHEWA,42,34,10,353.00,3530.00
644,645,2024030401001593,KBSH,42,28,10,971.20,9712.00
645,646,2024030401001592,TSHL,18,42,10,496.20,4962.00
646,647,2024030401001591,SAMAJ,17,49,10,1723.80,17238.00
647,648,2024030404000814,UAIL,61,62,10,551.80,5518.00
648,649,2024030401001590,NABIL,13,56,890,450.00,400500.00
649,650,2024030401001589,NABIL,56,56,10,450.00,4500.00
650,651,2024030401001588,PHCL,65,33,80,320.00,25600.00
651,652,2024030401001587,HDL,14,4,10,1588.00,15880.00
652,653,2024030401001586,PCBL,57,39,40,195.90,7836.00
653,654,2024030401001585,PPL,57,49,210,345.00,72450.00
654,655,2024030401001584,PPL,57,26,90,345.00,31050.00
655,656,2024030404000813,TRH,57,68,10,778.00,7780.00
656,657,2024030401001583,HDL,57,45,56,1580.00,88480.00
657,658,2024030404000812,AHPC,74,28,600,193.00,115800.00
658,659,2024030401001582,NIMB,74,45,10,167.00,1670.00
659,660,2024030401001581,SHIVM,33,65,10,508.00,5080.00
660,661,2024030401001580,SHIVM,33,32,700,507.00,354900.00
661,662,2024030401001579,SHIVM,33,45,790,504.00,398160.00
662,663,2024030401001578,NRM,71,39,200,372.40,74480.00
663,664,2024030404000811,PPCL,34,19,10,273.30,2733.00
664,665,2024030401001577,MBL,34,34,10,186.10,1861.00
665,666,2024030401001576,SONA,16,11,500,490.00,245000.00
666,667,2024030401001575,SONA,16,44,50,490.00,24500.00
667,668,2024030401001574,SONA,16,52,500,490.00,245000.00
668,669,2024030401001573,SONA,16,62,100,490.00,49000.00
669,670,2024030401001572,SONA,16,14,30,490.00,14700.00
670,671,2024030401001571,SONA,16,53,10,489.70,4897.00
671,672,2024030401001570,SONA,16,41,200,489.70,97940.00
672,673,2024030401001569,SNLI,45,84,10,608.00,6080.00
673,674,2024030404000810,HPPL,16,39,1100,289.00,317900.00
674,675,2024030404000809,GHL,28,49,757,158.70,120135.90
675,676,2024030404000808,GHL,38,49,125,158.70,19837.50
676,677,2024030404000807,GHL,58,49,2000,158.70,317400.00
677,678,2024030404000806,GHL,35,49,118,158.70,18726.60
678,679,2024030405000376,HIDCL,56,53,10,175.60,1756.00
679,680,2024030405000375,CIT,43,22,100,2181.00,218100.00
680,681,2024030403000436,GILB,46,58,26,825.00,21450.00
681,682,2024030401001568,NICA,20,32,200,433.10,86620.00
682,683,2024030404000805,GHL,35,28,32,158.70,5078.40
683,684,2024030404000804,GHL,74,28,58,158.70,9204.60
684,685,2024030404000803,AKJCL,58,40,50,232.00,11600.00
685,686,2024030404000802,LEC,14,29,10,189.80,1898.00
686,687,2024030403000435,FMDBL,42,62,10,616.00,6160.00
687,688,2024030404000801,NHPC,26,8,400,166.00,66400.00
688,689,2024030401001567,RFPL,7,62,560,350.00,196000.00
689,690,2024030401001566,MAKAR,36,62,10,391.60,3916.00
690,691,2024030405000374,NRN,58,7,413,560.00,231280.00
691,692,2024030401001565,SMJC,21,6,1180,401.00,473180.00
692,693,2024030401001564,SMJC,21,59,1670,401.00,669670.00
693,694,2024030401001563,SMJC,21,48,150,400.00,60000.00
694,695,2024030401001562,TSHL,18,14,10,496.00,4960.00
695,696,2024030404000800,TRH,50,68,10,778.00,7780.00
696,697,2024030404000799,HDHPC,18,44,2000,150.00,300000.00
697,698,2024030404000798,AKJCL,50,34,100,232.60,23260.00
698,699,2024030403000434,JBBL,25,7,990,306.00,302940.00
699,700,2024030403000433,JBBL,25,54,1899,306.00,581094.00
700,701,2024030404000797,JOSHI,38,42,100,362.50,36250.00
701,702,2024030401001561,RFPL,65,62,440,350.00,154000.00
702,703,2024030401001560,RFPL,65,41,50,350.00,17500.00
703,704,2024030401001559,RFPL,65,53,2000,350.00,700000.00
704,705,2024030401001558,RFPL,65,62,10,350.00,3500.00
705,706,2024030401001557,TVCL,65,49,170,563.00,95710.00
706,707,2024030401001556,MAKAR,36,50,10,391.60,3916.00
707,708,2024030401001555,MAKAR,36,52,10,391.00,3910.00
708,709,2024030401001554,SONA,57,3,196,489.60,95961.60
709,710,2024030401001553,SONA,57,49,10,489.00,4890.00
710,711,2024030401001552,SONA,57,6,10,489.00,4890.00
711,712,2024030401001551,SONA,57,74,100,489.00,48900.00
712,713,2024030401001550,SONA,57,36,500,489.00,244500.00
713,714,2024030401001549,SONA,57,35,200,489.00,97800.00
714,715,2024030401001548,SONA,57,33,984,489.00,481176.00
715,716,2024030401001547,SONA,57,33,16,489.00,7824.00
716,717,2024030401001546,SONA,57,47,500,489.00,244500.00
717,718,2024030401001545,SONA,57,19,484,489.00,236676.00
718,719,2024030401001544,SONA,57,33,1000,488.40,488400.00
719,720,2024030401001543,HATHY,57,57,90,890.00,80100.00
720,721,2024030404000796,HDHPC,19,44,50,150.00,7500.00
721,722,2024030401001542,BEDC,84,42,10,361.30,3613.00
722,723,2024030404000795,PMHPL,34,46,10,254.00,2540.00
723,724,2024030401001541,SAMAJ,16,16,10,1723.80,17238.00
724,725,2024030404000794,GHL,74,41,300,158.70,47610.00
725,726,2024030401001540,SMHL,59,76,10,480.00,4800.00
726,727,2024030401001539,SMHL,76,19,350,479.80,167930.00
727,728,2024030401001538,NABIL,35,36,24,458.30,10999.20
728,729,2024030401001537,VLUCL,37,32,90,571.00,51390.00
729,730,2024030401001536,VLUCL,37,21,10,565.00,5650.00
730,731,2024030404000793,SGIC,29,84,740,525.00,388500.00
731,732,2024030404000792,SGIC,29,44,60,524.90,31494.00
732,733,2024030404000791,SGIC,29,3,200,524.00,104800.00
733,734,2024030401001535,SMJC,62,48,900,400.00,360000.00
734,735,2024030401001534,SMJC,62,6,1000,400.00,400000.00
735,736,2024030401001533,SMJC,62,94,3100,396.00,1227600.00
736,737,2024030401001532,PPL,26,26,15,345.00,5175.00
737,738,2024030401001531,USHEC,26,13,10,369.00,3690.00
738,739,2024030404000790,AHPC,26,28,80,193.00,15440.00
739,740,2024030405000373,NRIC,42,50,200,793.00,158600.00
740,741,2024030401001530,NRM,53,42,500,371.60,185800.00
741,742,2024030403000432,CBBL,42,65,165,841.50,138847.50
742,743,2024030401001529,HATHY,57,57,10,890.00,8900.00
743,744,2024030404000789,AHPC,57,28,600,193.00,115800.00
744,745,2024030404000788,AKJCL,16,34,100,232.60,23260.00
745,746,2024030401001528,HIDCLP,17,58,101,102.40,10342.40
746,747,2024030401001527,HIDCLP,17,44,1000,102.30,102300.00
747,748,2024030401001526,HIDCLP,17,55,4899,102.00,499698.00
748,749,2024030404000787,KKHC,17,34,10,247.10,2471.00
749,750,2024030404000786,KKHC,17,7,10,247.10,2471.00
750,751,2024030404000785,NLG,16,11,100,750.00,75000.00
751,752,2024030403000431,SMB,49,42,50,975.00,48750.00
752,753,2024030403000430,EDBL,41,43,10,348.00,3480.00
753,754,2024030403000429,KSBBL,32,33,200,357.00,71400.00
754,755,2024030401001525,SONA,41,19,1220,485.00,591700.00
755,756,2024030401001524,SONA,19,19,200,488.00,97600.00
756,757,2024030401001523,SONA,55,19,580,488.00,283040.00
757,758,2024030403000428,HLBSL,32,42,100,583.00,58300.00
758,759,2024030405000372,STC,10,94,10,5200.00,52000.00
759,760,2024030401001522,KBL,5,34,220,150.00,33000.00
760,761,2024030401001521,HDL,5,45,30,1580.00,47400.00
761,762,2024030401001520,SONA,55,35,10,488.00,4880.00
762,763,2024030401001519,KDL,50,47,10,788.10,7881.00
763,764,2024030401001518,CKHL,64,43,265,643.00,170395.00
764,765,2024030401001517,CKHL,64,10,200,642.00,128400.00
765,766,2024030403000427,SINDU,40,42,765,325.30,248854.50
766,767,2024030404000784,TRH,62,68,50,778.00,38900.00
767,768,2024030401001516,SRLI,35,7,80,445.20,35616.00
768,769,2024030401001515,SRLI,35,7,10,454.10,4541.00
769,770,2024030403000426,NUBL,26,62,10,605.00,6050.00
770,771,2024030403000425,HLI,69,21,10,409.00,4090.00
771,772,2024030403000424,HLI,69,41,900,409.00,368100.00
772,773,2024030403000423,HLI,69,45,700,406.90,284830.00
773,774,2024030403000422,JBBL,21,54,840,306.00,257040.00
774,775,2024030403000421,JBBL,21,48,100,306.00,30600.00
775,776,2024030403000420,JBBL,21,4,60,305.00,18300.00
776,777,2024030404000783,NHPC,13,8,95,166.00,15770.00
777,778,2024030404000782,NHPC,13,40,855,166.00,141930.00
778,779,2024030404000781,NHPC,13,16,850,166.00,141100.00
779,780,2024030404000780,NHPC,13,44,300,165.90,49770.00
780,781,2024030405000371,HRL,57,26,65,640.00,41600.00
781,782,2024030401001514,AHL,19,60,10,455.60,4556.00
782,783,2024030401001513,MBJC,35,18,100,321.00,32100.00
783,784,2024030401001512,MHCL,6,45,50,528.00,26400.00
784,785,2024030404000779,SHL,6,37,275,457.00,125675.00
785,786,2024030404000778,SHL,6,25,100,457.00,45700.00
786,787,2024030404000777,SHL,6,55,150,457.00,68550.00
787,788,2024030404000776,SHL,6,14,475,456.90,217027.50
788,789,2024030404000775,SGIC,42,84,1065,517.00,550605.00
789,790,2024030404000774,BARUN,42,21,590,262.00,154580.00
790,791,2024030401001511,BHPL,69,14,10,521.80,5218.00
791,792,2024030404000773,HDHPC,57,44,973,150.00,145950.00
792,793,2024030404000772,HDHPC,57,49,1640,148.00,242720.00
793,794,2024030401001510,BEDC,57,42,1490,361.30,538337.00
794,795,2024030401001509,BEDC,57,57,10,361.00,3610.00
795,796,2024030403000419,SINDU,48,65,1650,324.00,534600.00
796,797,2024030404000771,GHL,74,56,642,158.70,101885.40
797,798,2024030401001508,MBL,44,34,10,186.10,1861.00
798,799,2024030403000418,ALICL,17,32,300,575.00,172500.00
799,800,2024030403000417,ALICL,17,62,200,575.00,115000.00
800,801,2024030404000770,NLG,44,58,10,754.00,7540.00
801,802,2024030403000416,PFL,57,63,10,373.40,3734.00
802,803,2024030404000769,SPDL,53,67,10,257.20,2572.00
803,804,2024030404000768,SHPC,1,60,500,361.00,180500.00
804,805,2024030401001507,CLI,1,74,60,453.90,27234.00
805,806,2024030401001506,PPL,46,26,155,345.00,53475.00
806,807,2024030404000767,AKJCL,45,34,100,232.00,23200.00
807,808,2024030404000766,AKJCL,42,34,300,232.00,69600.00
808,809,2024030404000765,AKJCL,35,34,500,232.00,116000.00
809,810,2024030404000764,AKJCL,41,34,100,232.00,23200.00
810,811,2024030403000415,GBLBS,34,59,10,540.60,5406.00
811,812,2024030403000414,USLB,34,57,10,1128.80,11288.00
812,813,2024030403000413,USLB,34,25,10,1128.00,11280.00
813,814,2024030401001505,SONA,55,4,60,488.00,29280.00
814,815,2024030401001504,MKCL,4,90,100,989.00,98900.00
815,816,2024030401001503,MKCL,4,33,10,988.00,9880.00
816,817,2024030404000763,AHPC,58,28,1500,193.00,289500.00
817,818,2024030404000762,AHPC,33,28,356,193.00,68708.00
818,819,2024030404000761,AHPC,33,28,250,193.80,48450.00
819,820,2024030404000760,AHPC,56,28,30,193.80,5814.00
820,821,2024030405000370,NTC,47,81,10,880.00,8800.00
821,822,2024030401001502,MMKJL,29,43,600,429.00,257400.00
822,823,2024030404000759,RHPL,62,6,300,289.00,86700.00
823,824,2024030404000758,RHPL,62,42,200,289.00,57800.00
824,825,2024030404000757,AKPL,62,36,225,188.00,42300.00
825,826,2024030404000756,TRH,62,68,100,778.00,77800.00
826,827,2024030401001501,GCIL,21,61,100,518.00,51800.00
827,828,2024030401001500,CLI,26,74,440,453.90,199716.00
828,829,2024030401001499,CLI,26,57,10,453.90,4539.00
829,830,2024030401001498,CLI,26,59,10,453.90,4539.00
830,831,2024030401001497,CLI,26,58,10,453.00,4530.00
831,832,2024030401001496,CLI,26,58,10,453.00,4530.00
832,833,2024030401001495,CLI,26,41,10,452.00,4520.00
833,834,2024030401001494,CLI,26,58,10,452.00,4520.00
834,835,2024030401001493,CZBIL,26,91,1250,167.40,209250.00
835,836,2024030401001492,CZBIL,26,16,50,167.40,8370.00
836,837,2024030401001491,CZBIL,26,34,100,167.00,16700.00
837,838,2024030403000412,CFCL,26,70,450,345.90,155655.00
838,839,2024030403000411,KSBBL,25,33,200,357.00,71400.00
839,840,2024030401001490,SBL,25,50,10,223.60,2236.00
840,841,2024030401001489,SBL,25,22,10,223.60,2236.00
841,842,2024030401001488,GCIL,71,61,815,518.00,422170.00
842,843,2024030403000410,JBBL,90,4,440,305.00,134200.00
843,844,2024030403000409,MFIL,42,26,107,517.00,55319.00
844,845,2024030401001487,LSL,6,14,285,169.00,48165.00
845,846,2024030401001486,LSL,6,11,15,168.90,2533.50
846,847,2024030404000755,AHPC,56,6,20,193.80,3876.00
847,848,2024030401001485,SHIVM,14,28,40,500.00,20000.00
848,849,2024030403000408,SADBL,57,16,100,310.00,31000.00
849,850,2024030404000754,GLH,57,14,200,228.40,45680.00
850,851,2024030404000753,GLH,57,58,10,225.80,2258.00
851,852,2024030405000369,HRL,57,42,10,640.00,6400.00
852,853,2024030405000368,HRL,57,35,10,640.00,6400.00
853,854,2024030405000367,HRL,57,21,416,640.00,266240.00
854,855,2024030401001484,SNLI,74,38,900,619.90,557910.00
855,856,2024030401001483,SNLI,74,11,100,619.00,61900.00
856,857,2024030401001482,NABIL,16,36,50,458.30,22915.00
857,858,2024030404000752,SHPC,44,60,265,361.00,95665.00
858,859,2024030404000751,SHPC,44,45,10,361.00,3610.00
859,860,2024030403000407,PROFL,11,65,50,325.00,16250.00
860,861,2024030401001481,RNLI,43,34,200,446.90,89380.00
861,862,2024030401001480,AHL,68,43,10,455.60,4556.00
862,863,2024030401001479,MKHC,1,58,70,296.00,20720.00
863,864,2024030401001478,VLUCL,19,66,510,554.00,282540.00
864,865,2024030401001477,VLUCL,71,66,190,555.00,105450.00
865,866,2024030403000406,SHINE,49,34,214,389.00,83246.00
866,867,2024030404000750,SPIL,58,35,433,769.00,332977.00
867,868,2024030404000749,SPIL,58,45,97,769.00,74593.00
868,869,2024030404000748,SPIL,58,35,470,769.00,361430.00
869,870,2024030401001476,MHCL,28,45,100,528.00,52800.00
870,871,2024030401001475,MHCL,28,35,100,519.10,51910.00
871,872,2024030401001474,SONA,55,34,10,488.00,4880.00
872,873,2024030401001473,SONA,55,35,20,488.00,9760.00
873,874,2024030401001472,SONA,55,19,1320,488.00,644160.00
874,875,2024030404000747,SICL,16,55,10,696.60,6966.00
875,876,2024030403000405,SINDU,13,65,300,324.00,97200.00
876,877,2024030403000404,GILB,21,58,60,825.00,49500.00
877,878,2024030403000403,GILB,21,25,10,823.20,8232.00
878,879,2024030401001471,PPL,85,26,200,345.00,69000.00
879,880,2024030401001470,GBIME,25,34,10,195.80,1958.00
880,881,2024030403000402,SHINE,42,4,100,390.00,39000.00
881,882,2024030401001469,BPW,65,22,20,1284.00,25680.00
882,883,2024030401001468,HDL,56,45,14,1580.00,22120.00
883,884,2024030401001467,HDL,56,16,126,1578.90,198941.40
884,885,2024030401001466,MHCL,56,62,20,519.00,10380.00
885,886,2024030401001465,MHCL,56,37,55,519.00,28545.00
886,887,2024030401001464,MHCL,56,49,267,519.00,138573.00
887,888,2024030404000746,NICL,48,47,80,858.90,68712.00
888,889,2024030404000745,NICL,48,49,30,858.00,25740.00
889,890,2024030404000744,NICL,48,45,360,855.00,307800.00
890,891,2024030404000743,NICL,48,42,10,854.90,8549.00
891,892,2024030404000742,NICL,48,46,20,850.00,17000.00
892,893,2024030401001463,SCB,48,45,60,520.20,31212.00
893,894,2024030403000401,CORBL,71,69,10,424.10,4241.00
894,895,2024030401001462,RFPL,71,62,990,350.00,346500.00
895,896,2024030401001461,RFPL,71,29,300,350.00,105000.00
896,897,2024030401001460,RFPL,71,58,10,349.00,3490.00
897,898,2024030401001459,RFPL,71,40,10,346.00,3460.00
898,899,2024030401001458,RFPL,71,54,250,344.00,86000.00
899,900,2024030401001457,RFPL,71,65,190,344.00,65360.00
900,901,2024030401001456,RFPL,71,6,10,344.00,3440.00
901,902,2024030401001455,RFPL,71,29,60,344.00,20640.00
902,903,2024030401001454,RFPL,71,7,70,343.00,24010.00
903,904,2024030404000741,RADHI,42,71,520,252.00,131040.00
904,905,2024030404000740,RADHI,25,71,200,253.00,50600.00
905,906,2024030404000739,RADHI,6,71,30,253.10,7593.00
906,907,2024030404000738,NGPL,1,81,300,318.80,95640.00
907,908,2024030405000366,HRL,74,21,550,640.00,352000.00
908,909,2024030405000365,HRL,74,8,150,638.00,95700.00
909,910,2024030401001453,SMH,84,50,20,700.00,14000.00
910,911,2024030401001452,MHCL,17,49,33,519.00,17127.00
911,912,2024030401001451,MHCL,17,18,17,519.00,8823.00
912,913,2024030404000737,NHPC,53,16,100,166.00,16600.00
913,914,2024030403000400,GMFBS,25,43,500,856.60,428300.00
914,915,2024030401001450,GBIME,1,14,50,195.00,9750.00
915,916,2024030403000399,MPFL,66,57,200,361.00,72200.00
916,917,2024030405000364,NRN,66,50,190,567.00,107730.00
917,918,2024030405000363,NRN,66,74,50,565.00,28250.00
918,919,2024030405000362,NRN,66,28,200,565.00,113000.00
919,920,2024030405000361,NRN,66,75,1350,565.00,762750.00
920,921,2024030405000360,NRN,66,58,1000,564.00,564000.00
921,922,2024030405000359,NRN,66,34,210,564.00,118440.00
922,923,2024030403000398,PROFL,41,65,500,325.00,162500.00
923,924,2024030404000736,NGPL,1,45,140,318.80,44632.00
924,925,2024030404000735,NGPL,58,45,60,318.80,19128.00
925,926,2024030404000734,SGIC,34,84,500,517.00,258500.00
926,927,2024030401001449,TPC,34,11,100,558.00,55800.00
927,928,2024030401001448,TPC,34,32,100,557.90,55790.00
928,929,2024030403000397,GLBSL,34,34,10,915.10,9151.00
929,930,2024030403000396,PMLI,35,7,20,520.20,10404.00
930,931,2024030401001447,MBJC,35,58,10,321.00,3210.00
931,932,2024030401001446,MBJC,35,10,1000,321.00,321000.00
932,933,2024030401001445,MBJC,35,52,100,320.50,32050.00
933,934,2024030401001444,MBJC,35,10,500,320.50,160250.00
934,935,2024030404000733,API,35,21,100,193.30,19330.00
935,936,2024030404000732,API,35,42,500,193.30,96650.00
936,937,2024030404000731,API,35,49,500,193.30,96650.00
937,938,2024030404000730,API,35,25,1302,193.30,251676.60
938,939,2024030403000395,GUFL,8,25,500,624.00,312000.00
939,940,2024030403000394,NICLBSL,62,62,10,568.00,5680.00
940,941,2024030401001443,ULHC,62,11,10,335.00,3350.00
941,942,2024030401001442,MEHL,55,21,470,311.00,146170.00
942,943,2024030403000393,GUFL,52,25,500,624.00,312000.00
943,944,2024030403000392,SHINE,42,4,18,390.00,7020.00
944,945,2024030403000391,SHINE,42,6,12,389.60,4675.20
945,946,2024030401001441,GCIL,42,3,74,525.90,38916.60
946,947,2024030401001440,GCIL,42,7,112,525.00,58800.00
947,948,2024030401001439,GCIL,42,13,150,525.00,78750.00
948,949,2024030401001438,GCIL,42,3,100,525.00,52500.00
949,950,2024030401001437,GCIL,42,48,100,525.00,52500.00
950,951,2024030401001436,GCIL,42,45,394,524.00,206456.00
951,952,2024030401001435,GCIL,42,47,10,520.00,5200.00
952,953,2024030401001434,SHLB,13,14,10,888.30,8883.00
953,954,2024030404000729,AHPC,56,19,150,193.80,29070.00
954,955,2024030404000728,AHPC,56,41,50,193.80,9690.00
955,956,2024030404000727,HPPL,39,39,80,289.00,23120.00
956,957,2024030404000726,HPPL,39,39,1420,289.00,410380.00
957,958,2024030401001433,USHEC,26,38,10,369.00,3690.00
958,959,2024030401001432,SMHL,51,19,60,479.80,28788.00
959,960,2024030401001431,SONA,51,19,500,488.00,244000.00
960,961,2024030401001430,MHCL,88,18,300,519.00,155700.00
961,962,2024030403000390,ALBSL,53,6,10,657.90,6579.00
962,963,2024030401001429,SIKLES,95,68,10,491.00,4910.00
963,964,2024030401001428,SIKLES,95,4,10,490.00,4900.00
964,965,2024030405000358,NRN,58,49,83,560.00,46480.00
965,966,2024030405000357,NRN,49,49,1700,561.00,953700.00
966,967,2024030401001427,HATHY,49,51,100,900.00,90000.00
967,968,2024030401001426,NWCL,1,1,10,789.40,7894.00
968,969,2024030401001425,NWCL,1,35,10,789.00,7890.00
969,970,2024030401001424,NWCL,1,65,50,789.00,39450.00
970,971,2024030401001423,HDL,59,16,94,1578.90,148416.60
971,972,2024030403000389,ICFC,45,42,40,501.00,20040.00
972,973,2024030404000725,AKPL,45,36,175,188.00,32900.00
973,974,2024030401001422,NABIL,55,36,50,458.30,22915.00
974,975,2024030401001421,SANIMA,58,55,150,243.00,36450.00
975,976,2024030401001420,VLUCL,71,7,10,555.00,5550.00
976,977,2024030404000724,AHPC,13,41,250,193.80,48450.00
977,978,2024030404000723,HDHPC,52,49,360,148.00,53280.00
978,979,2024030405000356,NTC,25,81,10,880.00,8800.00
979,980,2024030403000388,CBBL,34,65,500,841.50,420750.00
980,981,2024030401001419,SHIVM,17,36,458,495.10,226755.80
981,982,2024030401001418,SHIVM,53,36,42,499.00,20958.00
982,983,2024030404000722,OHL,89,72,10,757.00,7570.00
983,984,2024030405000355,NIFRA,41,65,180,216.00,38880.00
984,985,2024030405000354,NIFRA,41,7,20,216.00,4320.00
985,986,2024030401001417,HATHY,45,35,20,900.00,18000.00
986,987,2024030401001416,HATHY,45,62,328,899.00,294872.00
987,988,2024030401001415,HATHY,45,72,94,890.00,83660.00
988,989,2024030401001414,SHIVM,45,28,100,500.00,50000.00
989,990,2024030401001413,SHIVM,34,28,950,500.00,475000.00
990,991,2024030404000721,AHPC,28,41,50,193.80,9690.00
991,992,2024030405000353,NIFRA,32,7,70,216.00,15120.00
992,993,2024030401001412,SHIVM,29,28,500,500.00,250000.00
993,994,2024030404000720,AHPC,26,41,150,193.80,29070.00
994,995,2024030404000719,AHPC,26,4,100,193.80,19380.00
995,996,2024030401001411,NICA,20,50,100,433.10,43310.00
996,997,2024030405000352,HRL,46,22,86,635.00,54610.00
997,998,2024030405000351,HRL,26,22,80,636.00,50880.00
998,999,2024030401001410,TAMOR,77,50,2000,400.00,800000.00
999,1000,2024030404000718,SJCL,58,39,10,281.90,2819.00
1000,1001,2024030401001409,NABIL,58,36,100,458.30,45830.00
1001,1002,2024030401001408,SMJC,52,94,300,396.00,118800.00
1002,1003,2024030401001407,SONA,39,19,200,488.00,97600.00
1003,1004,2024030403000387,NABBC,51,34,10,429.70,4297.00
1004,1005,2024030401001406,BEDC,38,57,10,360.00,3600.00
1005,1006,2024030401001405,SHIVM,44,28,200,500.00,100000.00
1006,1007,2024030403000386,SINDU,11,65,500,324.00,162000.00
1007,1008,2024030404000717,JOSHI,86,6,10,369.00,3690.00
1008,1009,2024030401001404,MEL,86,74,96,226.70,21763.20
1009,1010,2024030401001403,MEL,86,13,10,226.10,2261.00
1010,1011,2024030401001402,SONA,41,34,10,485.00,4850.00
1011,1012,2024030401001401,KBL,55,34,2000,150.00,300000.00
1012,1013,2024030405000350,STC,58,54,10,5207.30,52073.00
1013,1014,2024030404000716,AKPL,21,36,100,188.00,18800.00
1014,1015,2024030404000715,BPCL,21,28,80,323.30,25864.00
1015,1016,2024030404000714,BPCL,21,53,50,323.00,16150.00
1016,1017,2024030404000713,BPCL,21,35,50,322.00,16100.00
1017,1018,2024030401001400,RNLI,36,34,140,446.90,62566.00
1018,1019,2024030401001399,RNLI,36,38,10,446.80,4468.00
1019,1020,2024030401001398,PHCL,17,33,110,320.00,35200.00
1020,1021,2024030401001397,BGWT,38,58,10,587.50,5875.00
1021,1022,2024030401001396,BGWT,38,58,10,587.50,5875.00
1022,1023,2024030403000385,MNBBL,4,43,10,357.00,3570.00
1023,1024,2024030403000384,NLIC,41,47,100,612.00,61200.00
1024,1025,2024030405000349,NRN,58,34,790,564.00,445560.00
1025,1026,2024030404000712,HDHPC,57,49,500,148.00,74000.00
1026,1027,2024030405000348,NRN,58,14,410,564.00,231240.00
1027,1028,2024030401001395,EBL,58,33,10,524.00,5240.00
1028,1029,2024030403000383,FMDBL,26,5,10,604.00,6040.00
1029,1030,2024030401001394,PHCL,16,34,10,322.00,3220.00
1030,1031,2024030401001393,GCIL,71,46,55,518.00,28490.00
1031,1032,2024030404000711,KKHC,34,41,10,245.00,2450.00
1032,1033,2024030405000347,CHDC,39,50,159,989.90,157394.10
1033,1034,2024030403000382,SINDU,52,1,400,323.00,129200.00
1034,1035,2024030401001392,ILI,42,36,100,545.00,54500.00
1035,1036,2024030401001391,ILI,42,53,200,544.00,108800.00
1036,1037,2024030401001390,ILI,42,40,190,540.00,102600.00
1037,1038,2024030401001389,ILI,42,75,10,540.00,5400.00
1038,1039,2024030405000346,HRL,40,8,50,638.00,31900.00
1039,1040,2024030401001388,SGHC,75,71,200,327.00,65400.00
1040,1041,2024030401001387,SONA,60,19,980,488.00,478240.00
1041,1042,2024030401001386,SONA,60,45,20,488.00,9760.00
1042,1043,2024030401001385,UHEWA,64,64,10,353.00,3530.00
1043,1044,2024030401001384,NABIL,3,14,9729,458.00,4455882.00
1044,1045,2024030405000345,NIFRA,57,34,40,215.00,8600.00
1045,1046,2024030403000381,ICFC,50,35,260,500.00,130000.00
1046,1047,2024030404000710,TRH,35,1,100,763.00,76300.00
1047,1048,2024030401001383,CLI,51,41,10,450.00,4500.00
1048,1049,2024030401001382,CLI,51,3,89,450.00,40050.00
1049,1050,2024030403000380,CBBL,29,65,25,858.00,21450.00
1050,1051,2024030404000709,RADHI,57,56,10,257.00,2570.00
1051,1052,2024030404000708,RADHI,57,47,10,257.00,2570.00
1052,1053,2024030404000707,RADHI,57,26,10,256.00,2560.00
1053,1054,2024030401001381,BHPL,71,14,10,513.00,5130.00
1054,1055,2024030403000379,PMLI,42,7,10,520.20,5202.00
1055,1056,2024030403000378,SFCL,58,19,10,321.00,3210.00
1056,1057,2024030404000706,AHPC,53,4,200,193.80,38760.00
1057,1058,2024030404000705,AHPC,53,4,300,193.80,58140.00
1058,1059,2024030403000377,HLI,50,74,48,402.00,19296.00
1059,1060,2024030404000704,MEN,14,34,100,627.00,62700.00
1060,1061,2024030404000703,MEN,34,37,250,629.00,157250.00
1061,1062,2024030404000702,MEN,34,37,1000,629.00,629000.00
1062,1063,2024030404000701,MEN,34,37,200,629.00,125800.00
1063,1064,2024030404000700,MEN,34,57,400,629.00,251600.00
1064,1065,2024030404000699,MEN,34,34,1000,629.00,629000.00
1065,1066,2024030404000698,MEN,34,34,150,628.00,94200.00
1066,1067,2024030404000697,NHDL,57,47,20,433.90,8678.00
1067,1068,2024030404000696,NHDL,32,47,10,433.90,4339.00
1068,1069,2024030404000695,CGH,46,35,65,860.00,55900.00
1069,1070,2024030404000694,CGH,49,35,135,860.00,116100.00
1070,1071,2024030404000693,UPCL,41,28,200,223.70,44740.00
1071,1072,2024030404000692,UPCL,41,62,300,223.70,67110.00
1072,1073,2024030401001380,MEHL,55,41,10,311.00,3110.00
1073,1074,2024030405000344,NIFRA,41,7,60,216.00,12960.00
1074,1075,2024030405000343,NIFRA,41,52,20,216.00,4320.00
1075,1076,2024030405000342,NIFRA,41,57,50,216.00,10800.00
1076,1077,2024030405000341,NIFRA,41,14,870,216.00,187920.00
1077,1078,2024030404000691,HPPL,39,39,480,289.00,138720.00
1078,1079,2024030404000690,HPPL,39,68,20,285.60,5712.00
1079,1080,2024030405000340,NIFRA,57,54,50,215.00,10750.00
1080,1081,2024030403000376,SFCL,42,19,90,315.00,28350.00
1081,1082,2024030403000375,SFCL,8,19,10,315.00,3150.00
1082,1083,2024030404000689,API,36,25,206,193.30,39819.80
1083,1084,2024030404000688,API,36,58,294,193.30,56830.20
1084,1085,2024030404000687,MEN,59,34,50,628.00,31400.00
1085,1086,2024030403000374,SKBBL,84,25,20,837.30,16746.00
1086,1087,2024030401001379,ILI,35,51,10,535.00,5350.00
1087,1088,2024030404000686,HDHPC,88,44,150,150.00,22500.00
1088,1089,2024030401001378,KBL,62,34,30,150.00,4500.00
1089,1090,2024030401001377,CZBIL,26,34,900,167.00,150300.00
1090,1091,2024030401001376,CZBIL,26,13,100,167.00,16700.00
1091,1092,2024030403000373,KRBL,85,52,10,371.00,3710.00
1092,1093,2024030401001375,NRM,8,39,10,372.40,3724.00
1093,1094,2024030401001374,NICA,56,63,30,434.50,13035.00
1094,1095,2024030403000372,SJLIC,34,34,300,472.20,141660.00
1095,1096,2024030403000371,SJLIC,34,32,50,472.20,23610.00
1096,1097,2024030401001373,KBL,47,34,700,150.00,105000.00
1097,1098,2024030401001372,HDL,41,16,30,1578.90,47367.00
1098,1099,2024030401001371,HDL,41,34,20,1578.90,31578.00
1099,1100,2024030404000685,GHL,39,56,358,158.70,56814.60
1100,1101,2024030404000684,GHL,39,42,569,158.70,90300.30
1101,1102,2024030401001370,SHIVM,18,28,300,500.00,150000.00
1102,1103,2024030404000683,AKPL,10,36,200,188.00,37600.00
1103,1104,2024030404000682,AKPL,56,36,200,190.00,38000.00
1104,1105,2024030404000681,AKPL,57,36,100,191.00,19100.00
1105,1106,2024030404000680,API,36,58,500,193.30,96650.00
1106,1107,2024030401001369,HDL,56,45,10,1578.00,15780.00
1107,1108,2024030404000679,AHPC,13,4,200,193.80,38760.00
1108,1109,2024030401001368,HATHY,16,72,18,890.00,16020.00
1109,1110,2024030401001367,HATHY,16,72,388,890.00,345320.00
1110,1111,2024030401001366,SMJC,57,94,500,396.00,198000.00
1111,1112,2024030401001365,SMJC,7,94,100,397.00,39700.00
1112,1113,2024030403000370,ICFC,50,49,238,500.00,119000.00
1113,1114,2024030403000369,ICFC,50,34,100,500.00,50000.00
1114,1115,2024030403000368,ICFC,50,49,200,499.80,99960.00
1115,1116,2024030403000367,ICFC,50,42,50,499.00,24950.00
1116,1117,2024030403000366,ICFC,50,26,1500,499.00,748500.00
1117,1118,2024030401001364,GCIL,71,58,30,518.00,15540.00
1118,1119,2024030405000339,NIFRA,40,14,130,216.00,28080.00
1119,1120,2024030405000338,NIFRA,40,62,1370,216.00,295920.00
1120,1121,2024030404000678,UPCL,22,62,90,221.00,19890.00
1121,1122,2024030404000677,UPCL,45,62,200,221.00,44200.00
1122,1123,2024030404000676,UPCL,59,62,10,221.00,2210.00
1123,1124,2024030404000675,UPCL,1,62,10,222.00,2220.00
1124,1125,2024030404000674,NHPC,14,16,50,166.00,8300.00
1125,1126,2024030403000365,MMFDB,58,39,10,525.00,5250.00
1126,1127,2024030404000673,API,60,58,50,193.30,9665.00
1127,1128,2024030405000337,HRL,26,8,20,636.00,12720.00
1128,1129,2024030403000364,HLI,1,45,100,406.90,40690.00
1129,1130,2024030403000363,MDB,58,38,10,395.70,3957.00
1130,1131,2024030401001363,ULHC,18,34,100,332.50,33250.00
1131,1132,2024030401001362,ULHC,5,37,300,335.00,100500.00
1132,1133,2024030403000362,FMDBL,42,5,40,604.20,24168.00
1133,1134,2024030401001361,NBL,45,17,400,226.90,90760.00
1134,1135,2024030404000672,API,45,58,500,193.30,96650.00
1135,1136,2024030401001360,NICA,59,45,100,435.00,43500.00
1136,1137,2024030401001359,NRM,59,39,148,372.40,55115.20
1137,1138,2024030401001358,NRM,59,65,52,372.40,19364.80
1138,1139,2024030401001357,SNLI,21,38,935,619.90,579606.50
1139,1140,2024030401001356,SNLI,21,51,120,619.90,74388.00
1140,1141,2024030401001355,SNLI,21,59,100,619.00,61900.00
1141,1142,2024030401001354,SNLI,21,58,105,618.90,64984.50
1142,1143,2024030401001353,SNLI,21,44,10,617.00,6170.00
1143,1144,2024030401001352,SNLI,21,58,10,617.00,6170.00
1144,1145,2024030401001351,SNLI,21,58,129,617.00,79593.00
1145,1146,2024030401001350,SNLI,21,37,10,617.00,6170.00
1146,1147,2024030401001349,SNLI,21,17,10,617.00,6170.00
1147,1148,2024030401001348,SNLI,21,39,40,616.90,24676.00
1148,1149,2024030401001347,SNLI,21,56,100,615.00,61500.00
1149,1150,2024030401001346,SNLI,21,11,100,615.00,61500.00
1150,1151,2024030401001345,SNLI,21,45,331,612.00,202572.00
1151,1152,2024030403000361,CORBL,71,14,10,424.00,4240.00
1152,1153,2024030401001344,MKHC,44,42,100,298.00,29800.00
1153,1154,2024030404000671,HDHPC,53,44,850,150.00,127500.00
1154,1155,2024030404000670,HDHPC,53,43,150,149.00,22350.00
1155,1156,2024030404000669,SPDL,53,33,10,252.20,2522.00
1156,1157,2024030403000360,SADBL,39,44,100,306.00,30600.00
1157,1158,2024030404000668,HPPL,4,68,980,285.60,279888.00
1158,1159,2024030405000336,NIFRA,57,3,500,215.00,107500.00
1159,1160,2024030405000335,HRL,35,21,34,640.00,21760.00
1160,1161,2024030405000334,HRL,35,7,10,640.00,6400.00
1161,1162,2024030405000333,HRL,35,69,56,640.00,35840.00
1162,1163,2024030404000667,UMRH,86,39,10,381.00,3810.00
1163,1164,2024030401001343,SHIVM,49,28,2000,500.00,1000000.00
1164,1165,2024030401001342,SHIVM,51,28,100,500.00,50000.00
1165,1166,2024030401001341,SHIVM,16,28,200,500.00,100000.00
1166,1167,2024030401001340,SHIVM,58,28,300,500.00,150000.00
1167,1168,2024030401001339,SHIVM,50,28,300,500.00,150000.00
1168,1169,2024030401001338,SHIVM,49,28,2000,500.00,1000000.00
1169,1170,2024030401001337,SHIVM,20,28,500,500.00,250000.00
1170,1171,2024030401001336,SHIVM,52,28,500,500.00,250000.00
1171,1172,2024030401001335,SHIVM,16,28,1000,500.10,500100.00
1172,1173,2024030401001334,SHIVM,46,28,170,500.10,85017.00
1173,1174,2024030401001333,SHIVM,19,28,10,500.20,5002.00
1174,1175,2024030401001332,SHIVM,59,28,340,501.00,170340.00
1175,1176,2024030401001331,SHIVM,21,28,200,502.00,100400.00
1176,1177,2024030401001330,SHIVM,35,28,290,503.00,145870.00
1177,1178,2024030401001329,SMJC,7,59,950,397.00,377150.00
1178,1179,2024030401001328,SMJC,1,59,50,398.00,19900.00
1179,1180,2024030404000666,NGPL,58,17,10,318.80,3188.00
1180,1181,2024030401001327,KBL,47,32,300,150.00,45000.00
1181,1182,2024030401001326,KBL,54,32,200,150.00,30000.00
1182,1183,2024030404000665,CGH,49,51,10,860.00,8600.00
1183,1184,2024030404000664,CGH,49,51,20,860.00,17200.00
1184,1185,2024030403000359,PFL,29,42,10,366.10,3661.00
1185,1186,2024030404000663,HDHPC,33,43,200,149.00,29800.00
1186,1187,2024030404000662,GHL,14,42,230,158.70,36501.00
1187,1188,2024030404000661,GHL,14,54,500,158.70,79350.00
1188,1189,2024030404000660,GHL,14,21,250,158.70,39675.00
1189,1190,2024030404000659,GHL,14,45,10,158.70,1587.00
1190,1191,2024030404000658,GHL,14,57,500,158.70,79350.00
1191,1192,2024030404000657,GHL,14,6,200,158.70,31740.00
1192,1193,2024030404000656,GHL,14,36,310,158.70,49197.00
1193,1194,2024030401001325,SHIVM,58,45,100,504.00,50400.00
1194,1195,2024030405000332,NTC,38,35,10,865.00,8650.00
1195,1196,2024030403000358,CBBL,35,65,10,858.00,8580.00
1196,1197,2024030401001324,CITY,5,43,10,601.00,6010.00
1197,1198,2024030404000655,SSHL,10,57,10,173.00,1730.00
1198,1199,2024030403000357,GILB,25,40,13,823.00,10699.00
1199,1200,2024030403000356,SHINE,49,53,36,389.00,14004.00
1200,1201,2024030404000654,API,44,3,873,193.00,168489.00
1201,1202,2024030403000355,SAPDBL,44,43,10,260.60,2606.00
1202,1203,2024030404000653,UNHPL,85,58,10,254.50,2545.00
1203,1204,2024030404000652,UNHPL,85,58,20,254.00,5080.00
1204,1205,2024030401001323,SPC,64,28,10,622.60,6226.00
1205,1206,2024030403000354,SFCL,8,19,10,321.00,3210.00
1206,1207,2024030404000651,CHCL,58,43,13,491.60,6390.80
1207,1208,2024030404000650,CHCL,58,67,10,491.00,4910.00
1208,1209,2024030404000649,CHCL,58,34,127,482.00,61214.00
1209,1210,2024030401001322,JALPA,45,58,11,1001.00,11011.00
1210,1211,2024030403000353,FMDBL,42,58,10,604.20,6042.00
1211,1212,2024030405000331,HRL,38,69,25,640.00,16000.00
1212,1213,2024030404000648,AKPL,38,8,300,191.40,57420.00
1213,1214,2024030404000647,AKPL,38,48,50,191.00,9550.00
1214,1215,2024030404000646,AKPL,38,67,650,191.00,124150.00
1215,1216,2024030403000352,FOWAD,56,51,10,1039.00,10390.00
1216,1217,2024030403000351,MFIL,10,26,190,517.00,98230.00
1217,1218,2024030403000350,MFIL,10,25,100,517.00,51700.00
1218,1219,2024030403000349,MFIL,10,33,10,516.90,5169.00
1219,1220,2024030405000330,NTC,6,42,200,881.00,176200.00
1220,1221,2024030405000329,NRN,4,14,100,564.00,56400.00
1221,1222,2024030401001321,LSL,77,49,2990,166.00,496340.00
1222,1223,2024030401001320,HATHY,16,51,40,890.00,35600.00
1223,1224,2024030401001319,RFPL,29,29,140,344.00,48160.00
1224,1225,2024030401001318,RFPL,29,58,50,344.00,17200.00
1225,1226,2024030401001317,RFPL,29,58,10,344.00,3440.00
1226,1227,2024030401001316,TSHL,56,42,10,486.50,4865.00
1227,1228,2024030404000645,IGI,42,6,10,559.00,5590.00
1228,1229,2024030401001315,SNLI,74,45,300,612.00,183600.00
1229,1230,2024030401001314,HATHY,40,62,22,899.00,19778.00
1230,1231,2024030404000644,BPCL,58,28,10,323.30,3233.00
1231,1232,2024030401001313,PPL,58,26,40,345.00,13800.00
1232,1233,2024030401001312,PPL,58,58,10,340.00,3400.00
1233,1234,2024030405000328,NRN,39,14,300,564.00,169200.00
1234,1235,2024030404000643,GHL,35,36,150,158.70,23805.00
1235,1236,2024030404000642,SGIC,35,84,435,517.00,224895.00
1236,1237,2024030403000348,NFS,59,49,100,363.00,36300.00
1237,1238,2024030404000641,BPCL,77,28,10,323.30,3233.00
1238,1239,2024030401001311,TSHL,32,60,10,486.00,4860.00
1239,1240,2024030401001310,MKCL,57,90,80,989.00,79120.00
1240,1241,2024030401001309,MKCL,57,19,20,989.00,19780.00
1241,1242,2024030404000640,LEC,19,75,10,186.10,1861.00
1242,1243,2024030403000347,GILB,25,58,18,823.00,14814.00
1243,1244,2024030403000346,GILB,25,6,25,823.00,20575.00
1244,1245,2024030401001308,NICA,62,45,25,435.00,10875.00
1245,1246,2024030401001307,NICA,62,22,15,434.90,6523.50
1246,1247,2024030404000639,SPDL,53,53,10,252.20,2522.00
1247,1248,2024030404000638,HDHPC,14,44,108,150.00,16200.00
1248,1249,2024030401001306,SONA,41,68,300,485.00,145500.00
1249,1250,2024030401001305,SHIVM,58,45,50,504.00,25200.00
1250,1251,2024030404000637,DHPL,13,38,10,193.80,1938.00
1251,1252,2024030401001304,AHL,34,34,10,446.70,4467.00
1252,1253,2024030404000636,HDHPC,34,44,100,150.00,15000.00
1253,1254,2024030404000635,HDHPC,34,20,100,149.00,14900.00
1254,1255,2024030401001303,MEL,13,58,10,225.00,2250.00
1255,1256,2024030405000327,NIFRA,55,62,100,216.00,21600.00
1256,1257,2024030403000345,VLBS,28,64,10,603.00,6030.00
1257,1258,2024030401001302,SCB,52,45,25,520.20,13005.00
1258,1259,2024030403000344,RLFL,52,32,10,360.00,3600.00
1259,1260,2024030404000634,PPCL,29,81,10,268.20,2682.00
1260,1261,2024030401001301,MEL,13,25,10,225.00,2250.00
1261,1262,2024030401001300,PHCL,17,56,500,320.00,160000.00
1262,1263,2024030404000633,SSHL,10,5,10,173.00,1730.00
1263,1264,2024030404000632,API,58,3,50,193.00,9650.00
1264,1265,2024030404000631,API,40,3,77,193.00,14861.00
1265,1266,2024030403000343,PROFL,58,14,10,319.30,3193.00
1266,1267,2024030403000342,CFCL,41,70,200,345.90,69180.00
1267,1268,2024030401001299,SONA,41,67,1100,483.00,531300.00
1268,1269,2024030404000630,SGIC,35,84,65,517.00,33605.00
1269,1270,2024030401001298,MEHL,55,53,500,311.00,155500.00
1270,1271,2024030401001297,MEHL,55,55,10,310.00,3100.00
1271,1272,2024030401001296,MEHL,55,13,10,307.00,3070.00
1272,1273,2024030401001295,MANDU,84,19,120,693.00,83160.00
1273,1274,2024030401001294,MANDU,77,19,80,693.60,55488.00
1274,1275,2024030401001293,KBL,54,32,800,150.00,120000.00
1275,1276,2024030403000341,GBBL,32,45,34,378.00,12852.00
1276,1277,2024030401001292,SHIVM,4,45,200,505.00,101000.00
1277,1278,2024030401001291,SHIVM,16,45,60,505.00,30300.00
1278,1279,2024030401001290,SHIVM,13,45,100,505.00,50500.00
1279,1280,2024030401001289,SHIVM,38,45,100,505.00,50500.00
1280,1281,2024030401001288,SHIVM,57,45,200,505.00,101000.00
1281,1282,2024030401001287,SHIVM,4,45,100,505.00,50500.00
1282,1283,2024030401001286,SHIVM,49,45,200,506.00,101200.00
1283,1284,2024030401001285,SHIVM,57,45,100,506.00,50600.00
1284,1285,2024030403000340,SHINE,49,53,250,389.00,97250.00
1285,1286,2024030403000339,SHINE,49,33,2000,389.00,778000.00
1286,1287,2024030405000326,NSIF2,32,34,100,9.05,905.00
1287,1288,2024030404000629,NGPL,58,21,100,318.80,31880.00
1288,1289,2024030405000325,NRIC,42,46,100,778.00,77800.00
1289,1290,2024030405000324,NRIC,42,47,10,775.00,7750.00
1290,1291,2024030405000323,NRIC,42,34,50,770.00,38500.00
1291,1292,2024030405000322,NRIC,42,46,10,765.00,7650.00
1292,1293,2024030405000321,NRIC,42,52,100,763.90,76390.00
1293,1294,2024030405000320,NRIC,42,53,90,763.00,68670.00
1294,1295,2024030403000338,ALICL,72,62,300,575.00,172500.00
1295,1296,2024030401001284,SHIVM,64,65,4000,508.00,2032000.00
1296,1297,2024030401001283,SHIVM,64,33,1000,507.00,507000.00
1297,1298,2024030401001282,RFPL,56,28,10,343.00,3430.00
1298,1299,2024030401001281,USHEC,61,38,10,361.80,3618.00
1299,1300,2024030404000628,UMHL,6,3,900,275.00,247500.00
1300,1301,2024030404000627,UMHL,6,44,100,275.00,27500.00
1301,1302,2024030403000337,CORBL,59,35,10,416.10,4161.00
1302,1303,2024030404000626,NGPL,58,17,30,318.80,9564.00
1303,1304,2024030404000625,NGPL,58,38,800,318.80,255040.00
1304,1305,2024030405000319,NRN,70,75,100,565.00,56500.00
1305,1306,2024030405000318,NRN,70,62,200,564.90,112980.00
1306,1307,2024030404000624,API,40,19,323,193.00,62339.00
1307,1308,2024030404000623,API,66,19,72,193.00,13896.00
1308,1309,2024030403000336,ALICL,72,13,100,575.00,57500.00
1309,1310,2024030404000622,AHPC,33,43,144,193.00,27792.00
1310,1311,2024030401001280,NBL,35,17,100,227.00,22700.00
1311,1312,2024030404000621,MHNL,57,49,10,253.40,2534.00
1312,1313,2024030404000620,MHNL,57,16,10,253.00,2530.00
1313,1314,2024030401001279,BHPL,71,14,10,503.00,5030.00
1314,1315,2024030401001278,PCBL,22,39,500,195.90,97950.00
1315,1316,2024030404000619,HPPL,22,39,100,289.00,28900.00
1316,1317,2024030401001277,CLI,26,3,911,450.00,409950.00
1317,1318,2024030401001276,CLI,26,43,10,445.00,4450.00
1318,1319,2024030401001275,CLI,26,21,79,445.00,35155.00
1319,1320,2024030401001274,MHCL,40,18,200,519.00,103800.00
1320,1321,2024030403000335,JFL,35,44,10,358.00,3580.00
1321,1322,2024030404000618,NGPL,8,44,363,318.00,115434.00
1322,1323,2024030404000617,NGPL,34,44,137,318.00,43566.00
1323,1324,2024030401001273,MSHL,35,64,10,614.80,6148.00
1324,1325,2024030401001272,CLI,1,21,10,445.00,4450.00
1325,1326,2024030401001271,SONA,22,58,10,480.00,4800.00
1326,1327,2024030401001270,SONA,58,67,200,483.00,96600.00
1327,1328,2024030401001269,HDL,55,34,50,1578.90,78945.00
1328,1329,2024030401001268,HDL,55,57,50,1578.00,78900.00
1329,1330,2024030401001267,HDL,55,42,100,1577.00,157700.00
1330,1331,2024030401001266,UHEWA,40,4,10,347.00,3470.00
1331,1332,2024030401001265,USHL,36,5,10,478.50,4785.00
1332,1333,2024030403000334,MLBL,50,58,60,333.50,20010.00
1333,1334,2024030401001264,CLI,42,21,92,445.00,40940.00
1334,1335,2024030405000317,NIFRA,57,25,1000,215.00,215000.00
1335,1336,2024030404000616,SHPC,26,47,100,357.00,35700.00
1336,1337,2024030403000333,ILBS,44,34,15,674.70,10120.50
1337,1338,2024030404000615,UMHL,6,44,400,275.00,110000.00
1338,1339,2024030404000614,SPDL,53,67,10,252.20,2522.00
1339,1340,2024030403000332,ALICL,38,62,300,576.80,173040.00
1340,1341,2024030403000331,SJLIC,38,32,400,472.20,188880.00
1341,1342,2024030403000330,SJLIC,38,43,100,472.00,47200.00
1342,1343,2024030404000613,AHPC,34,4,500,193.80,96900.00
1343,1344,2024030404000612,AHPC,34,37,500,193.80,96900.00
1344,1345,2024030401001263,NBL,35,21,900,227.00,204300.00
1345,1346,2024030401001262,SNLI,45,58,10,608.00,6080.00
1346,1347,2024030401001261,MHCL,28,18,200,519.00,103800.00
1347,1348,2024030401001260,BHDC,45,58,10,447.00,4470.00
1348,1349,2024030404000611,SPIL,58,35,10,769.00,7690.00
1349,1350,2024030403000329,SHINE,19,74,50,383.00,19150.00
1350,1351,2024030403000328,SHINE,19,44,69,383.00,26427.00
1351,1352,2024030403000327,GMFIL,13,61,10,353.70,3537.00
1352,1353,2024030401001259,SONA,13,67,200,483.00,96600.00
1353,1354,2024030401001258,SHIVM,13,65,200,508.00,101600.00
1354,1355,2024030401001257,RHGCL,50,29,100,309.10,30910.00
1355,1356,2024030404000610,GHL,77,53,50,157.00,7850.00
1356,1357,2024030403000326,NFS,32,25,20,356.40,7128.00
1357,1358,2024030404000609,CGH,49,37,10,860.00,8600.00
1358,1359,2024030404000608,CGH,49,48,20,859.00,17180.00
1359,1360,2024030404000607,NHPC,21,16,4000,166.00,664000.00
1360,1361,2024030403000325,LBBL,51,59,100,393.20,39320.00
1361,1362,2024030403000324,LBBL,51,65,200,393.00,78600.00
1362,1363,2024030403000323,LBBL,51,49,50,393.00,19650.00
1363,1364,2024030401001256,SMJC,42,59,330,401.00,132330.00
1364,1365,2024030401001255,SMJC,42,42,10,400.00,4000.00
1365,1366,2024030401001254,SMJC,42,35,10,400.00,4000.00
1366,1367,2024030404000606,MEN,14,53,120,627.00,75240.00
1367,1368,2024030404000605,AHPC,33,59,500,193.00,96500.00
1368,1369,2024030401001253,MHCL,56,18,10,519.00,5190.00
1369,1370,2024030403000322,SHINE,39,44,90,383.00,34470.00
1370,1371,2024030403000321,SHINE,39,37,410,383.00,157030.00
1371,1372,2024030401001252,CKHL,6,58,10,644.00,6440.00
1372,1373,2024030405000316,NIFRA,58,62,1000,216.00,216000.00
1373,1374,2024030401001251,PRVU,58,58,170,149.00,25330.00
1374,1375,2024030404000604,CHCL,58,34,20,482.00,9640.00
1375,1376,2024030401001250,MHCL,88,18,11,519.00,5709.00
1376,1377,2024030404000603,API,57,58,100,193.30,19330.00
1377,1378,2024030404000602,RIDI,42,65,10,198.00,1980.00
1378,1379,2024030404000601,GHL,25,53,260,157.00,40820.00
1379,1380,2024030404000600,GHL,41,53,190,157.00,29830.00
1380,1381,2024030401001249,PRVU,14,34,77,149.50,11511.50
1381,1382,2024030401001248,PRVU,14,41,133,149.00,19817.00
1382,1383,2024030401001247,ANLB,64,64,10,1950.20,19502.00
1383,1384,2024030401001246,SPC,64,28,10,622.00,6220.00
1384,1385,2024030401001245,UHEWA,63,64,10,353.00,3530.00
1385,1386,2024030404000599,NGPL,58,38,200,318.80,63760.00
1386,1387,2024030403000320,MMFDB,58,39,10,515.00,5150.00
1387,1388,2024030405000315,HRL,5,69,124,640.00,79360.00
1388,1389,2024030404000598,SGIC,32,84,935,517.00,483395.00
1389,1390,2024030403000319,SINDU,59,65,50,324.00,16200.00
1390,1391,2024030405000314,HRL,82,69,795,640.00,508800.00
1391,1392,2024030401001244,SMHL,17,19,290,479.80,139142.00
1392,1393,2024030401001243,SMHL,17,38,10,479.00,4790.00
1393,1394,2024030401001242,SMHL,17,38,80,479.00,38320.00
1394,1395,2024030401001241,SMHL,17,58,100,479.00,47900.00
1395,1396,2024030401001240,SMHL,17,57,1000,478.00,478000.00
1396,1397,2024030401001239,SMHL,17,34,300,476.00,142800.00
1397,1398,2024030401001238,SMHL,17,59,20,476.00,9520.00
1398,1399,2024030401001237,SMHL,17,35,10,475.00,4750.00
1399,1400,2024030401001236,SMHL,17,67,190,475.00,90250.00
1400,1401,2024030401001235,MHCL,49,88,380,499.00,189620.00
1401,1402,2024030401001234,MHCL,35,88,100,500.00,50000.00
1402,1403,2024030401001233,MHCL,32,88,15,500.00,7500.00
1403,1404,2024030405000313,NTC,34,42,50,881.00,44050.00
1404,1405,2024030403000318,EDBL,41,42,10,341.80,3418.00
1405,1406,2024030401001232,NESDO,45,58,10,1551.00,15510.00
1406,1407,2024030404000597,RADHI,42,67,10,252.00,2520.00
1407,1408,2024030401001231,CKHL,67,58,10,644.00,6440.00
1408,1409,2024030404000596,BARUN,56,21,2000,262.00,524000.00
1409,1410,2024030403000317,RLFL,36,32,990,360.00,356400.00
1410,1411,2024030403000316,RLFL,36,45,10,360.00,3600.00
1411,1412,2024030401001230,NRM,13,65,100,372.40,37240.00
1412,1413,2024030401001229,SONA,59,19,200,489.00,97800.00
1413,1414,2024030401001228,SONA,59,16,10,488.00,4880.00
1414,1415,2024030401001227,SONA,59,7,500,485.00,242500.00
1415,1416,2024030401001226,SONA,59,33,150,484.90,72735.00
1416,1417,2024030401001225,SONA,59,32,140,483.00,67620.00
1417,1418,2024030404000595,AHPC,32,21,392,192.70,75538.40
1418,1419,2024030404000594,NGPL,34,17,863,318.00,274434.00
1419,1420,2024030404000593,NGPL,7,17,137,318.00,43566.00
1420,1421,2024030401001224,MMKJL,29,43,10,429.00,4290.00
1421,1422,2024030403000315,NLICL,44,32,850,580.00,493000.00
1422,1423,2024030404000592,API,66,1,40,193.00,7720.00
1423,1424,2024030401001223,EHPL,18,65,10,454.00,4540.00
1424,1425,2024030404000591,AKJCL,41,55,400,232.00,92800.00
1425,1426,2024030404000590,AKJCL,36,55,300,232.00,69600.00
1426,1427,2024030404000589,API,66,37,575,193.00,110975.00
1427,1428,2024030405000312,HRL,82,37,500,640.00,320000.00
1428,1429,2024030401001222,SONA,19,32,50,483.00,24150.00
1429,1430,2024030404000588,API,66,7,301,193.00,58093.00
1430,1431,2024030401001221,SBL,39,50,19,219.30,4166.70
1431,1432,2024030401001220,SONA,21,32,210,483.00,101430.00
1432,1433,2024030401001219,SONA,32,32,200,483.00,96600.00
1433,1434,2024030401001218,HATHY,17,62,150,899.00,134850.00
1434,1435,2024030401001217,HATHY,17,59,10,893.00,8930.00
1435,1436,2024030401001216,HATHY,17,65,340,892.00,303280.00
1436,1437,2024030401001215,HATHY,17,28,200,891.00,178200.00
1437,1438,2024030401001214,HATHY,17,45,50,891.00,44550.00
1438,1439,2024030405000311,HRL,29,55,719,650.00,467350.00
1439,1440,2024030405000310,HRL,29,89,100,650.00,65000.00
1440,1441,2024030405000309,HRL,29,49,10,650.00,6500.00
1441,1442,2024030405000308,HRL,29,41,525,650.00,341250.00
1442,1443,2024030405000307,HRL,29,48,781,649.00,506869.00
1443,1444,2024030405000306,HRL,29,50,500,648.00,324000.00
1444,1445,2024030405000305,HRL,29,58,10,645.00,6450.00
1445,1446,2024030405000304,HRL,29,41,10,645.00,6450.00
1446,1447,2024030405000303,HRL,29,35,10,645.00,6450.00
1447,1448,2024030405000302,HRL,29,41,20,645.00,12900.00
1448,1449,2024030405000301,HRL,29,38,10,645.00,6450.00
1449,1450,2024030405000300,HRL,29,41,25,645.00,16125.00
1450,1451,2024030405000299,HRL,29,19,10,644.00,6440.00
1451,1452,2024030405000298,HRL,29,26,10,643.00,6430.00
1452,1453,2024030405000297,HRL,29,58,10,643.00,6430.00
1453,1454,2024030405000296,HRL,29,49,20,643.00,12860.00
1454,1455,2024030405000295,HRL,29,16,10,643.00,6430.00
1455,1456,2024030405000294,HRL,29,22,20,643.00,12860.00
1456,1457,2024030405000293,HRL,29,49,200,643.00,128600.00
1457,1458,2024030401001213,DOLTI,57,43,820,384.70,315454.00
1458,1459,2024030401001212,DOLTI,57,22,160,384.60,61536.00
1459,1460,2024030401001211,DOLTI,57,42,10,384.00,3840.00
1460,1461,2024030401001210,LSL,42,49,10,166.00,1660.00
1461,1462,2024030401001209,CYCL,77,62,10,1254.00,12540.00
1462,1463,2024030401001208,HATHY,16,45,72,890.00,64080.00
1463,1464,2024030404000587,GHL,16,36,540,158.70,85698.00
1464,1465,2024030404000586,GHL,16,39,200,158.70,31740.00
1465,1466,2024030404000585,GHL,16,28,90,158.70,14283.00
1466,1467,2024030404000584,GHL,16,34,300,158.70,47610.00
1467,1468,2024030404000583,GHL,16,53,500,158.50,79250.00
1468,1469,2024030404000582,GHL,16,57,1000,158.00,158000.00
1469,1470,2024030404000581,GHL,16,43,10,158.00,1580.00
1470,1471,2024030404000580,GHL,16,53,360,158.00,56880.00
1471,1472,2024030404000579,HDHPC,38,44,380,150.00,57000.00
1472,1473,2024030404000578,BARUN,14,21,1000,262.00,262000.00
1473,1474,2024030401001207,HATHY,28,45,28,890.00,24920.00
1474,1475,2024030401001206,HATHY,28,72,100,890.00,89000.00
1475,1476,2024030401001205,HATHY,28,65,500,889.90,444950.00
1476,1477,2024030401001204,HATHY,28,38,50,889.80,44490.00
1477,1478,2024030401001203,HATHY,28,19,100,889.00,88900.00
1478,1479,2024030401001202,HATHY,28,1,50,888.00,44400.00
1479,1480,2024030401001201,HATHY,28,1,40,888.00,35520.00
1480,1481,2024030401001200,HATHY,28,45,132,887.00,117084.00
1481,1482,2024030401001199,UHEWA,10,34,10,346.40,3464.00
1482,1483,2024030404000577,UMRH,61,21,130,374.00,48620.00
1483,1484,2024030404000576,HDHPC,58,19,20,150.10,3002.00
1484,1485,2024030404000575,HDHPC,58,5,100,150.10,15010.00
1485,1486,2024030404000574,HDHPC,58,4,880,150.10,132088.00
1486,1487,2024030401001198,SHIVM,44,17,500,505.00,252500.00
1487,1488,2024030403000314,NABBC,51,34,10,421.30,4213.00
1488,1489,2024030405000292,HRL,82,69,705,640.00,451200.00
1489,1490,2024030401001197,SNLI,42,45,100,612.00,61200.00
1490,1491,2024030403000313,JSLBB,62,62,10,875.10,8751.00
1491,1492,2024030404000573,JOSHI,57,62,10,355.40,3554.00
1492,1493,2024030401001196,BNHC,49,28,85,480.00,40800.00
1493,1494,2024030404000572,NGPL,7,22,200,318.00,63600.00
1494,1495,2024030401001195,SBL,39,22,10,219.30,2193.00
1495,1496,2024030403000312,CORBL,59,14,10,416.10,4161.00
1496,1497,2024030403000311,SINDU,14,65,500,324.00,162000.00
1497,1498,2024030401001194,PCBL,14,39,90,195.90,17631.00
1498,1499,2024030401001193,PCBL,14,1,360,195.80,70488.00
1499,1500,2024030405000291,HRL,53,69,135,640.00,86400.00
1500,1501,2024030405000290,HRL,53,51,20,639.00,12780.00
1501,1502,2024030401001192,PRVU,11,58,67,148.00,9916.00
1502,1503,2024030404000571,HDHPC,38,25,120,150.00,18000.00
1503,1504,2024030404000570,API,66,35,500,193.00,96500.00
1504,1505,2024030404000569,JOSHI,48,28,1330,360.00,478800.00
1505,1506,2024030403000310,SJLIC,19,32,500,472.20,236100.00
1506,1507,2024030404000568,SGIC,32,84,165,517.00,85305.00
1507,1508,2024030403000309,SHINE,51,57,204,382.00,77928.00
1508,1509,2024030401001191,RAWA,29,34,10,469.20,4692.00
1509,1510,2024030403000308,GUFL,45,25,30,627.30,18819.00
1510,1511,2024030401001190,GCIL,59,26,112,510.20,57142.40
1511,1512,2024030401001189,GCIL,42,26,440,517.00,227480.00
1512,1513,2024030401001188,TAMOR,53,33,10,396.00,3960.00
1513,1514,2024030404000567,NGPL,7,33,100,318.00,31800.00
1514,1515,2024030401001187,TAMOR,88,33,990,397.00,393030.00
1515,1516,2024030401001186,HDL,46,48,20,1575.00,31500.00
1516,1517,2024030401001185,SONA,32,70,100,483.00,48300.00
1517,1518,2024030401001184,SONA,37,70,100,483.00,48300.00
1518,1519,2024030403000307,DDBL,35,17,50,754.00,37700.00
1519,1520,2024030403000306,NFS,72,25,700,356.40,249480.00
1520,1521,2024030404000566,CHCL,11,34,19,482.00,9158.00
1521,1522,2024030401001183,NIMBPO,34,55,20,136.10,2722.00
1522,1523,2024030401001182,LSL,57,49,2000,166.00,332000.00
1523,1524,2024030404000565,API,66,29,500,193.00,96500.00
1524,1525,2024030401001181,SRLI,35,42,10,445.20,4452.00
1525,1526,2024030403000305,SJLIC,16,32,50,472.20,23610.00
1526,1527,2024030403000304,SJLIC,16,34,100,472.20,47220.00
1527,1528,2024030403000303,SJLIC,16,19,50,472.00,23600.00
1528,1529,2024030404000564,API,66,14,10,193.00,1930.00
1529,1530,2024030405000289,NIFRA,48,62,100,216.00,21600.00
1530,1531,2024030404000563,API,48,58,1000,193.30,193300.00
1531,1532,2024030403000302,RLFL,35,45,490,360.00,176400.00
1532,1533,2024030403000301,RLFL,35,21,10,360.00,3600.00
1533,1534,2024030404000562,SSHL,45,5,10,169.70,1697.00
1534,1535,2024030401001180,HHL,34,47,202,350.00,70700.00
1535,1536,2024030403000300,CFCL,52,70,50,345.90,17295.00
1536,1537,2024030401001179,SCB,52,43,20,520.10,10402.00
1537,1538,2024030401001178,KBL,25,32,300,150.00,45000.00
1538,1539,2024030401001177,SONA,71,33,200,484.90,96980.00
1539,1540,2024030401001176,BHPL,71,26,10,493.40,4934.00
1540,1541,2024030401001175,MHL,17,57,10,387.20,3872.00
1541,1542,2024030401001174,SONA,57,33,400,484.90,193960.00
1542,1543,2024030404000561,HDHPC,22,25,880,150.00,132000.00
1543,1544,2024030401001173,MHCL,22,18,100,519.00,51900.00
1544,1545,2024030404000560,API,1,58,356,193.30,68814.80
1545,1546,2024030404000559,API,1,46,14,193.30,2706.20
1546,1547,2024030404000558,API,1,34,50,193.30,9665.00
1547,1548,2024030404000557,API,1,29,80,193.20,15456.00
1548,1549,2024030404000556,SHPC,10,47,100,357.00,35700.00
1549,1550,2024030401001172,NABIL,58,48,17,449.40,7639.80
1550,1551,2024030404000555,NGPL,7,63,150,318.00,47700.00
1551,1552,2024030403000299,HLI,47,41,500,409.00,204500.00
1552,1553,2024030404000554,API,66,38,220,193.00,42460.00
1553,1554,2024030405000288,NRIC,22,35,10,750.00,7500.00
1554,1555,2024030403000298,ALICL,72,62,600,574.00,344400.00
1555,1556,2024030404000553,GHL,34,53,100,158.00,15800.00
1556,1557,2024030404000552,GHL,34,6,100,157.90,15790.00
1557,1558,2024030401001171,UHEWA,10,34,10,346.40,3464.00
1558,1559,2024030403000297,MNBBL,45,43,10,353.00,3530.00
1559,1560,2024030401001170,TPC,50,47,50,549.00,27450.00
1560,1561,2024030403000296,HLI,50,29,150,399.00,59850.00
1561,1562,2024030401001169,SGHC,57,41,500,321.30,160650.00
1562,1563,2024030405000287,NIFRA,25,62,200,216.00,43200.00
1563,1564,2024030403000295,RLFL,42,22,10,360.00,3600.00
1564,1565,2024030405000286,HRL,45,69,30,640.00,19200.00
1565,1566,2024030401001168,PRVU,22,58,100,148.00,14800.00
1566,1567,2024030403000294,SAPDBL,11,49,50,260.00,13000.00
1567,1568,2024030404000551,AHPC,48,41,100,191.10,19110.00
1568,1569,2024030401001167,SRLI,35,62,10,445.20,4452.00
1569,1570,2024030401001166,SRLI,35,46,280,445.20,124656.00
1570,1571,2024030401001165,SRLI,35,14,310,444.00,137640.00
1571,1572,2024030401001164,SMJC,7,71,400,397.00,158800.00
1572,1573,2024030401001163,SMJC,7,55,100,397.00,39700.00
1573,1574,2024030401001162,SMJC,7,71,100,397.00,39700.00
1574,1575,2024030401001161,SMJC,7,34,50,396.70,19835.00
1575,1576,2024030401001160,SMJC,7,71,1000,396.30,396300.00
1576,1577,2024030401001159,SMJC,7,17,300,396.00,118800.00
1577,1578,2024030403000293,KRBL,32,86,10,364.20,3642.00
1578,1579,2024030401001158,MANDU,77,58,10,693.60,6936.00
1579,1580,2024030401001157,MANDU,77,57,100,693.00,69300.00
1580,1581,2024030401001156,MANDU,77,49,10,693.00,6930.00
1581,1582,2024030401001155,BHL,58,58,10,344.00,3440.00
1582,1583,2024030401001154,PRVU,58,58,100,148.00,14800.00
1583,1584,2024030401001153,SONA,17,33,250,484.90,121225.00
1584,1585,2024030401001152,TAMOR,88,45,10,397.00,3970.00
1585,1586,2024030401001151,HDL,8,58,19,1570.00,29830.00
1586,1587,2024030404000550,SGIC,21,84,50,517.00,25850.00
1587,1588,2024030401001150,SPC,71,28,10,612.00,6120.00
1588,1589,2024030404000549,HDHPC,22,42,920,150.00,138000.00
1589,1590,2024030404000548,HDHPC,38,42,580,150.00,87000.00
1590,1591,2024030401001149,MANDU,49,49,10,680.00,6800.00
1591,1592,2024030403000292,SFCL,8,19,10,321.00,3210.00
1592,1593,2024030404000547,GHL,41,35,20,157.00,3140.00
1593,1594,2024030404000546,GHL,41,55,40,157.00,6280.00
1594,1595,2024030404000545,API,35,29,120,193.20,23184.00
1595,1596,2024030401001148,SONA,28,19,316,489.00,154524.00
1596,1597,2024030401001147,SONA,28,6,200,489.00,97800.00
1597,1598,2024030401001146,SONA,28,48,100,489.00,48900.00
1598,1599,2024030401001145,SONA,28,56,40,489.00,19560.00
1599,1600,2024030401001144,SONA,28,19,1000,489.00,489000.00
1600,1601,2024030401001143,SONA,28,48,1000,489.00,489000.00
1601,1602,2024030401001142,SONA,28,38,500,489.00,244500.00
1602,1603,2024030401001141,SONA,28,21,20,489.00,9780.00
1603,1604,2024030401001140,SONA,28,37,1000,488.90,488900.00
1604,1605,2024030401001139,SONA,28,29,500,488.50,244250.00
1605,1606,2024030401001138,SONA,28,62,1000,488.50,488500.00
1606,1607,2024030401001137,SONA,28,33,1000,488.50,488500.00
1607,1608,2024030401001136,SONA,28,16,1000,488.00,488000.00
1608,1609,2024030401001135,SONA,28,91,110,488.00,53680.00
1609,1610,2024030401001134,SONA,28,44,530,488.00,258640.00
1610,1611,2024030401001133,SONA,28,11,500,488.00,244000.00
1611,1612,2024030401001132,SONA,28,52,200,488.00,97600.00
1612,1613,2024030401001131,SONA,28,62,934,488.00,455792.00
1613,1614,2024030401001130,SONA,28,19,50,484.00,24200.00
1614,1615,2024030404000544,JOSHI,72,6,10,369.00,3690.00
1615,1616,2024030401001129,CLI,34,21,100,445.00,44500.00
1616,1617,2024030405000285,HRL,91,69,130,640.00,83200.00
1617,1618,2024030405000284,HRL,91,40,100,640.00,64000.00
1618,1619,2024030404000543,NHPC,43,8,10,166.10,1661.00
1619,1620,2024030403000291,NFS,58,69,900,356.00,320400.00
1620,1621,2024030403000290,KRBL,32,52,10,364.00,3640.00
1621,1622,2024030404000542,AKPL,32,67,1350,191.00,257850.00
1622,1623,2024030404000541,AKPL,32,58,100,191.00,19100.00
1623,1624,2024030404000540,AKPL,32,36,550,190.00,104500.00
1624,1625,2024030401001128,SHIVM,76,17,718,515.00,369770.00
1625,1626,2024030401001127,SHIVM,76,1,99,515.00,50985.00
1626,1627,2024030401001126,SHIVM,76,17,150,515.00,77250.00
1627,1628,2024030401001125,SHIVM,76,33,200,510.00,102000.00
1628,1629,2024030401001124,SHIVM,76,83,1113,510.00,567630.00
1629,1630,2024030401001123,SHIVM,76,65,4720,509.00,2402480.00
1630,1631,2024030404000539,NGPL,7,58,170,318.00,54060.00
1631,1632,2024030401001122,CZBIL,57,13,500,167.00,83500.00
1632,1633,2024030404000538,RADHI,42,56,10,252.00,2520.00
1633,1634,2024030403000289,SHINE,22,37,200,383.00,76600.00
1634,1635,2024030405000283,CHDC,64,22,10,990.00,9900.00
1635,1636,2024030405000282,CHDC,64,84,10,980.00,9800.00
1636,1637,2024030405000281,CHDC,64,17,200,980.00,196000.00
1637,1638,2024030405000280,CHDC,64,19,260,980.00,254800.00
1638,1639,2024030405000279,CHDC,64,6,20,979.50,19590.00
1639,1640,2024030404000537,SPDL,43,67,10,247.30,2473.00
1640,1641,2024030401001121,SMH,49,50,500,688.00,344000.00
1641,1642,2024030404000536,JOSHI,48,37,70,356.00,24920.00
1642,1643,2024030401001120,PCBL,6,1,90,195.80,17622.00
1643,1644,2024030403000288,HLI,55,29,50,399.00,19950.00
1644,1645,2024030404000535,NGPL,7,19,243,318.00,77274.00
1645,1646,2024030404000534,NGPL,42,19,57,318.00,18126.00
1646,1647,2024030401001119,HATHY,5,45,18,887.00,15966.00
1647,1648,2024030401001118,NBL,32,6,100,223.00,22300.00
1648,1649,2024030401001117,MMKJL,29,58,10,421.00,4210.00
1649,1650,2024030401001116,MMKJL,29,90,10,421.00,4210.00
1650,1651,2024030401001115,GVL,62,37,243,455.00,110565.00
1651,1652,2024030401001114,GVL,62,48,10,450.00,4500.00
1652,1653,2024030401001113,GVL,62,52,10,447.90,4479.00
1653,1654,2024030401001112,GVL,62,74,490,447.00,219030.00
1654,1655,2024030401001111,GVL,62,7,747,446.90,333834.30
1655,1656,2024030403000287,LICN,39,40,200,1326.00,265200.00
1656,1657,2024030404000533,NLG,38,58,10,740.00,7400.00
1657,1658,2024030401001110,SNLI,4,45,220,612.00,134640.00
1658,1659,2024030401001109,SNLI,4,54,10,610.00,6100.00
1659,1660,2024030401001108,SNLI,4,20,10,610.00,6100.00
1660,1661,2024030401001107,SNLI,4,58,10,610.00,6100.00
1661,1662,2024030401001106,SONA,16,19,950,484.00,459800.00
1662,1663,2024030404000532,HDHPC,38,58,20,150.00,3000.00
1663,1664,2024030404000531,HDHPC,38,19,400,150.00,60000.00
1664,1665,2024030403000286,SINDU,52,42,1000,325.30,325300.00
1665,1666,2024030401001105,KBL,32,38,275,150.80,41470.00
1666,1667,2024030403000285,ICFC,32,36,60,492.00,29520.00
1667,1668,2024030401001104,VLUCL,36,43,108,564.90,61009.20
1668,1669,2024030401001103,VLUCL,36,75,28,564.90,15817.20
1669,1670,2024030401001102,NYADI,51,41,70,296.00,20720.00
1670,1671,2024030401001101,GCIL,42,21,10,517.00,5170.00
1671,1672,2024030401001100,GCIL,42,58,10,517.00,5170.00
1672,1673,2024030401001099,GCIL,42,36,40,517.00,20680.00
1673,1674,2024030404000530,BARUN,14,21,410,262.00,107420.00
1674,1675,2024030404000529,BARUN,14,48,500,257.00,128500.00
1675,1676,2024030404000528,BARUN,14,43,90,256.90,23121.00
1676,1677,2024030403000284,NLIC,38,49,50,600.60,30030.00
1677,1678,2024030403000283,NLIC,58,49,100,600.60,60060.00
1678,1679,2024030403000282,NLIC,43,49,250,600.60,150150.00
1679,1680,2024030401001098,HHL,14,47,634,350.00,221900.00
1680,1681,2024030401001097,NBL,41,6,300,223.00,66900.00
1681,1682,2024030401001096,NBL,26,6,100,223.00,22300.00
1682,1683,2024030401001095,NBL,26,6,100,223.00,22300.00
1683,1684,2024030401001094,BPW,4,1,10,1259.70,12597.00
1684,1685,2024030405000278,NRN,38,62,100,564.90,56490.00
1685,1686,2024030405000277,NRN,38,34,100,564.00,56400.00
1686,1687,2024030401001093,NRM,58,65,510,372.40,189924.00
1687,1688,2024030403000281,NABBC,58,51,10,421.20,4212.00
1688,1689,2024030404000527,RIDI,42,65,10,198.00,1980.00
1689,1690,2024030401001092,TSHL,22,60,10,477.00,4770.00
1690,1691,2024030404000526,RADHI,19,67,10,248.00,2480.00
1691,1692,2024030401001091,PHCL,16,55,20,323.00,6460.00
1692,1693,2024030404000525,GLH,49,71,780,224.00,174720.00
1693,1694,2024030404000524,NHPC,22,8,10,166.10,1661.00
1694,1695,2024030404000523,NHPC,41,8,1980,166.10,328878.00
1695,1696,2024030401001090,UHEWA,10,63,10,346.40,3464.00
1696,1697,2024030401001089,NRM,39,65,58,372.40,21599.20
1697,1698,2024030401001088,NRM,39,19,100,372.10,37210.00
1698,1699,2024030401001087,NRM,39,34,40,372.10,14884.00
1699,1700,2024030401001086,NRM,39,36,680,372.00,252960.00
1700,1701,2024030401001085,NRM,39,52,20,372.00,7440.00
1701,1702,2024030401001084,NRM,39,19,102,372.00,37944.00
1702,1703,2024030404000522,HURJA,41,50,10,307.00,3070.00
1703,1704,2024030401001083,RFPL,62,38,10,338.00,3380.00
1704,1705,2024030401001082,ULHC,45,34,200,331.50,66300.00
1705,1706,2024030401001081,RHGCL,59,16,10,303.90,3039.00
1706,1707,2024030401001080,MHCL,88,18,11,519.00,5709.00
1707,1708,2024030404000521,UMRH,14,21,10,374.30,3743.00
1708,1709,2024030403000280,NICLBSL,32,55,10,557.00,5570.00
1709,1710,2024030401001079,SONA,65,62,66,488.00,32208.00
1710,1711,2024030401001078,SONA,65,50,434,488.00,211792.00
1711,1712,2024030401001077,ILI,35,58,10,535.00,5350.00
1712,1713,2024030401001076,PRVU,58,58,133,148.00,19684.00
1713,1714,2024030403000279,ALICL,57,62,600,574.00,344400.00
1714,1715,2024030403000278,ALICL,57,59,200,574.00,114800.00
1715,1716,2024030401001075,SONA,42,50,566,488.00,276208.00
1716,1717,2024030401001074,SONA,42,26,54,488.00,26352.00
1717,1718,2024030401001073,SONA,42,19,500,487.90,243950.00
1718,1719,2024030401001072,SONA,42,58,100,487.00,48700.00
1719,1720,2024030401001071,SONA,42,67,270,486.00,131220.00
1720,1721,2024030401001070,SONA,42,16,1500,485.90,728850.00
1721,1722,2024030401001069,SONA,42,58,10,485.00,4850.00
1722,1723,2024030401001068,SONA,42,36,1000,485.00,485000.00
1723,1724,2024030401001067,HHL,14,1,166,350.00,58100.00
1724,1725,2024030401001066,MHCL,56,18,10,519.00,5190.00
1725,1726,2024030401001065,NBL,48,48,10,226.80,2268.00
1726,1727,2024030403000277,LBBL,35,49,20,389.00,7780.00
1727,1728,2024030401001064,AHL,34,84,10,446.70,4467.00
1728,1729,2024030404000520,AHPC,43,21,100,192.70,19270.00
1729,1730,2024030404000519,AHPC,43,44,700,192.00,134400.00
1730,1731,2024030401001063,SRLI,32,14,100,444.00,44400.00
1731,1732,2024030401001062,ULHC,58,37,100,332.50,33250.00
1732,1733,2024030401001061,ULHC,58,39,10,332.50,3325.00
1733,1734,2024030401001060,ULHC,58,8,500,332.00,166000.00
1734,1735,2024030401001059,HDL,8,22,100,1570.00,157000.00
1735,1736,2024030401001058,HDL,8,43,30,1570.00,47100.00
1736,1737,2024030403000276,KMCDB,3,42,300,654.80,196440.00
1737,1738,2024030403000275,KMCDB,3,22,20,654.20,13084.00
1738,1739,2024030403000274,KMCDB,3,22,31,654.00,20274.00
1739,1740,2024030403000273,KMCDB,3,57,88,648.59,57075.92
1740,1741,2024030401001057,SHIVM,41,65,280,509.00,142520.00
1741,1742,2024030401001056,MHCL,28,18,200,519.00,103800.00
1742,1743,2024030401001055,USHEC,61,38,10,354.80,3548.00
1743,1744,2024030401001054,MKJC,66,84,500,502.10,251050.00
1744,1745,2024030401001053,SIKLES,17,68,10,482.00,4820.00
1745,1746,2024030404000518,AKJCL,36,74,500,232.00,116000.00
1746,1747,2024030404000517,SPDL,43,29,10,247.30,2473.00
1747,1748,2024030404000516,NGPL,42,42,390,318.00,124020.00
1748,1749,2024030404000515,NGPL,42,56,1000,318.00,318000.00
1749,1750,2024030401001052,NWCL,17,58,10,774.00,7740.00
1750,1751,2024030404000514,PMHPL,34,46,10,249.60,2496.00
1751,1752,2024030404000513,AKJCL,41,26,500,231.90,115950.00
1752,1753,2024030404000512,GLH,4,71,220,224.00,49280.00
1753,1754,2024030401001051,SONA,34,67,1000,485.00,485000.00
1754,1755,2024030401001050,ULBSL,49,43,10,1149.50,11495.00
1755,1756,2024030401001049,CYCL,77,54,56,1229.50,68852.00
1756,1757,2024030401001048,CYCL,77,44,11,1229.50,13524.50
1757,1758,2024030401001047,CYCL,77,56,308,1229.50,378686.00
1758,1759,2024030401001046,CYCL,77,49,53,1229.50,65163.50
1759,1760,2024030401001045,CYCL,77,58,21,1229.00,25809.00
1760,1761,2024030401001044,CYCL,77,34,300,1229.00,368700.00
1761,1762,2024030401001043,CYCL,77,56,10,1229.00,12290.00
1762,1763,2024030401001042,CYCL,77,41,10,1229.00,12290.00
1763,1764,2024030401001041,CYCL,77,57,13,1229.00,15977.00
1764,1765,2024030401001040,CYCL,77,42,20,1228.00,24560.00
1765,1766,2024030401001039,CYCL,77,42,13,1222.00,15886.00
1766,1767,2024030401001038,CYCL,77,6,20,1220.00,24400.00
1767,1768,2024030401001037,CYCL,77,35,25,1220.00,30500.00
1768,1769,2024030401001036,CYCL,77,19,50,1220.00,61000.00
1769,1770,2024030401001035,CYCL,77,35,13,1212.00,15756.00
1770,1771,2024030401001034,VLUCL,71,75,222,564.90,125407.80
1771,1772,2024030401001033,VLUCL,71,45,100,564.90,56490.00
1772,1773,2024030401001032,VLUCL,71,58,40,564.00,22560.00
1773,1774,2024030401001031,VLUCL,71,51,10,561.00,5610.00
1774,1775,2024030401001030,VLUCL,71,62,85,561.00,47685.00
1775,1776,2024030401001029,VLUCL,71,28,43,560.00,24080.00
1776,1777,2024030405000276,NIFRA,57,62,1500,216.00,324000.00
1777,1778,2024030405000275,NIFRA,57,45,300,215.90,64770.00
1778,1779,2024030405000274,NIFRA,57,45,200,215.00,43000.00
1779,1780,2024030404000511,UNHPL,74,58,10,254.50,2545.00
1780,1781,2024030403000272,PFL,49,42,10,359.00,3590.00
1781,1782,2024030401001028,SPC,53,32,140,600.50,84070.00
1782,1783,2024030401001027,SPC,53,39,140,600.00,84000.00
1783,1784,2024030404000510,PRIN,16,16,490,784.00,384160.00
1784,1785,2024030401001026,SONA,16,90,50,484.00,24200.00
1785,1786,2024030401001025,IHL,3,41,200,362.00,72400.00
1786,1787,2024030401001024,IHL,3,38,10,355.00,3550.00
1787,1788,2024030401001023,IHL,3,57,11,355.00,3905.00
1788,1789,2024030401001022,NRM,35,19,38,372.00,14136.00
1789,1790,2024030405000273,NIFRA,18,45,300,215.00,64500.00
1790,1791,2024030405000272,NIFRA,18,28,700,215.00,150500.00
1791,1792,2024030404000509,SGIC,38,84,200,517.00,103400.00
1792,1793,2024030401001021,SMJC,7,17,200,396.00,79200.00
1793,1794,2024030401001020,SMJC,7,55,90,396.00,35640.00
1794,1795,2024030401001019,SMJC,7,21,10,395.00,3950.00
1795,1796,2024030404000508,CGH,38,37,30,860.00,25800.00
1796,1797,2024030404000507,CGH,38,21,20,860.00,17200.00
1797,1798,2024030405000271,NIFRA,57,34,30,214.00,6420.00
1798,1799,2024030404000506,API,66,50,100,193.00,19300.00
1799,1800,2024030404000505,API,66,14,172,193.00,33196.00
1800,1801,2024030404000504,API,66,14,10,192.50,1925.00
1801,1802,2024030401001018,MHCL,32,88,285,500.00,142500.00
1802,1803,2024030401001017,MHCL,77,88,700,500.00,350000.00
1803,1804,2024030401001016,MHCL,16,88,1000,500.00,500000.00
1804,1805,2024030401001015,MHCL,91,88,50,501.00,25050.00
1805,1806,2024030401001014,MHCL,35,88,100,508.00,50800.00
1806,1807,2024030401001013,MHCL,66,88,800,509.00,407200.00
1807,1808,2024030401001012,MHCL,58,88,65,518.00,33670.00
1808,1809,2024030403000271,ALICL,57,62,100,576.80,57680.00
1809,1810,2024030403000270,ALICL,57,33,4400,575.00,2530000.00
1810,1811,2024030404000503,GHL,26,55,50,157.00,7850.00
1811,1812,2024030405000270,NIFRA,44,28,100,215.00,21500.00
1812,1813,2024030404000502,HURJA,42,39,800,302.90,242320.00
1813,1814,2024030405000269,NRN,32,49,200,561.00,112200.00
1814,1815,2024030405000268,NRN,32,34,200,561.00,112200.00
1815,1816,2024030404000501,HURJA,14,39,200,302.90,60580.00
1816,1817,2024030401001011,NICA,33,22,385,434.90,167436.50
1817,1818,2024030401001010,NICA,33,50,100,434.90,43490.00
1818,1819,2024030401001009,NICA,33,42,15,434.90,6523.50
1819,1820,2024030404000500,NGPL,42,58,53,318.00,16854.00
1820,1821,2024030404000499,NGPL,44,58,102,318.00,32436.00
1821,1822,2024030401001008,VLUCL,7,28,57,560.00,31920.00
1822,1823,2024030401001007,VLUCL,7,58,180,558.90,100602.00
1823,1824,2024030401001006,VLUCL,7,51,13,558.90,7265.70
1824,1825,2024030401001005,SONA,71,50,195,485.00,94575.00
1825,1826,2024030401001004,SONA,71,6,40,485.00,19400.00
1826,1827,2024030401001003,SONA,71,48,100,485.00,48500.00
1827,1828,2024030401001002,SONA,71,58,30,485.00,14550.00
1828,1829,2024030401001001,SONA,71,75,90,484.90,43641.00
1829,1830,2024030401001000,SONA,71,52,100,484.00,48400.00
1830,1831,2024030401000999,SONA,71,67,500,484.00,242000.00
1831,1832,2024030401000998,SONA,71,21,1000,483.50,483500.00
1832,1833,2024030401000997,SONA,71,19,945,483.00,456435.00
1833,1834,2024030405000267,NRIC,74,53,35,763.00,26705.00
1834,1835,2024030405000266,NRIC,74,35,65,762.90,49588.50
1835,1836,2024030405000265,NRIC,74,58,500,760.00,380000.00
1836,1837,2024030404000498,CGH,62,21,20,860.00,17200.00
1837,1838,2024030401000996,PPL,44,21,390,339.00,132210.00
1838,1839,2024030404000497,HPPL,42,4,10,290.90,2909.00
1839,1840,2024030401000995,SNLI,40,48,60,610.00,36600.00
1840,1841,2024030403000269,NFS,35,25,2000,356.40,712800.00
1841,1842,2024030403000268,SWBBL,35,34,10,707.40,7074.00
1842,1843,2024030401000994,MKHL,59,65,100,377.40,37740.00
1843,1844,2024030401000993,MKHL,59,43,10,377.40,3774.00
1844,1845,2024030401000992,MKHL,59,35,1000,377.00,377000.00
1845,1846,2024030405000264,NIFRA,58,28,200,215.00,43000.00
1846,1847,2024030405000263,NIFRA,58,52,100,215.00,21500.00
1847,1848,2024030405000262,NIFRA,58,39,700,214.90,150430.00
1848,1849,2024030401000991,USHL,36,5,10,469.20,4692.00
1849,1850,2024030401000990,SHIVM,57,83,500,510.00,255000.00
1850,1851,2024030401000989,HDL,26,32,17,1565.00,26605.00
1851,1852,2024030404000496,API,8,42,110,192.00,21120.00
1852,1853,2024030404000495,API,4,42,20,192.50,3850.00
1853,1854,2024030401000988,MANDU,42,49,90,693.00,62370.00
1854,1855,2024030401000987,MANDU,42,21,10,680.10,6801.00
1855,1856,2024030404000494,BPCL,14,25,50,317.00,15850.00
1856,1857,2024030401000986,HBL,11,17,104,190.50,19812.00
1857,1858,2024030401000985,HATHY,42,1,10,888.00,8880.00
1858,1859,2024030401000984,NRM,8,19,10,372.00,3720.00
1859,1860,2024030401000983,TAMOR,10,81,1000,397.00,397000.00
1860,1861,2024030401000982,TAMOR,10,50,1000,397.00,397000.00
1861,1862,2024030401000981,TAMOR,10,47,100,396.00,39600.00
1862,1863,2024030401000980,NICA,20,3,200,432.10,86420.00
1863,1864,2024030401000979,HDL,6,70,71,1560.00,110760.00
1864,1865,2024030401000978,MANDU,49,35,10,680.00,6800.00
1865,1866,2024030404000493,NGPL,44,47,198,318.00,62964.00
1866,1867,2024030403000267,HLI,5,34,500,406.00,203000.00
1867,1868,2024030403000266,HLI,5,57,155,401.00,62155.00
1868,1869,2024030405000261,NRN,33,45,500,554.00,277000.00
1869,1870,2024030404000492,SJCL,4,58,10,276.40,2764.00
1870,1871,2024030401000977,BHL,29,32,1000,344.00,344000.00
1871,1872,2024030403000265,ICFC,14,36,140,492.00,68880.00
1872,1873,2024030403000264,ICFC,14,43,350,491.90,172165.00
1873,1874,2024030403000263,ICFC,14,38,10,490.00,4900.00
1874,1875,2024030403000262,GILB,49,50,36,822.00,29592.00
1875,1876,2024030403000261,GILB,49,22,15,821.90,12328.50
1876,1877,2024030404000491,MEN,46,53,380,627.00,238260.00
1877,1878,2024030404000490,MEN,46,33,10,626.00,6260.00
1878,1879,2024030405000260,NTC,38,35,10,865.00,8650.00
1879,1880,2024030401000976,NICA,54,42,10,434.90,4349.00
1880,1881,2024030404000489,AKJCL,17,38,10,229.00,2290.00
1881,1882,2024030404000488,API,36,14,100,193.00,19300.00
1882,1883,2024030404000487,API,36,32,400,192.50,77000.00
1883,1884,2024030403000260,SINDU,36,42,200,325.30,65060.00
1884,1885,2024030404000486,UPPER,51,36,140,210.00,29400.00
1885,1886,2024030401000975,NABIL,58,21,50,449.40,22470.00
1886,1887,2024030405000259,HRL,56,40,100,640.00,64000.00
1887,1888,2024030401000974,JBLB,56,32,10,1239.30,12393.00
1888,1889,2024030401000973,SONA,41,19,55,483.00,26565.00
1889,1890,2024030401000972,SONA,41,68,145,483.00,70035.00
1890,1891,2024030403000259,VLBS,52,64,10,591.60,5916.00
1891,1892,2024030404000485,AKPL,5,36,200,190.00,38000.00
1892,1893,2024030404000484,AKPL,49,36,200,190.00,38000.00
1893,1894,2024030404000483,AKPL,6,36,50,190.10,9505.00
1894,1895,2024030403000258,DDBL,51,21,36,740.00,26640.00
1895,1896,2024030405000258,NRN,26,34,300,561.00,168300.00
1896,1897,2024030404000482,UAIL,26,34,10,541.00,5410.00
1897,1898,2024030403000257,NFS,33,25,280,356.40,99792.00
1898,1899,2024030403000256,NFS,33,70,50,356.40,17820.00
1899,1900,2024030403000255,NFS,33,34,470,356.30,167461.00
1900,1901,2024030404000481,NGPL,41,58,600,317.00,190200.00
1901,1902,2024030401000971,VLUCL,57,51,50,558.90,27945.00
1902,1903,2024030405000257,HRL,26,35,300,640.00,192000.00
1903,1904,2024030405000256,HRL,35,35,70,640.00,44800.00
1904,1905,2024030405000255,HRL,56,35,500,640.00,320000.00
1905,1906,2024030405000254,HRL,74,35,3260,640.00,2086400.00
1906,1907,2024030405000253,HRL,45,35,20,641.00,12820.00
1907,1908,2024030405000252,HRL,54,35,145,641.00,92945.00
1908,1909,2024030401000970,SPC,28,39,10,600.00,6000.00
1909,1910,2024030401000969,MHCL,54,18,383,519.00,198777.00
1910,1911,2024030401000968,MHCL,54,88,90,518.00,46620.00
1911,1912,2024030401000967,MHCL,54,25,490,517.00,253330.00
1912,1913,2024030403000254,GBBL,59,45,200,378.00,75600.00
1913,1914,2024030401000966,VLUCL,59,51,37,558.90,20679.30
1914,1915,2024030401000965,VLUCL,59,43,163,558.00,90954.00
1915,1916,2024030401000964,SHIVM,76,83,387,510.00,197370.00
1916,1917,2024030401000963,SHIVM,76,8,500,510.00,255000.00
1917,1918,2024030401000962,SHIVM,76,26,100,510.00,51000.00
1918,1919,2024030401000961,SHIVM,76,36,150,510.00,76500.00
1919,1920,2024030401000960,SHIVM,76,55,100,510.00,51000.00
1920,1921,2024030401000959,SHIVM,76,42,200,509.00,101800.00
1921,1922,2024030401000958,SHIVM,76,34,50,509.00,25450.00
1922,1923,2024030401000957,SHIVM,76,11,500,509.00,254500.00
1923,1924,2024030401000956,SHIVM,76,46,100,509.00,50900.00
1924,1925,2024030401000955,SHIVM,76,81,200,509.00,101800.00
1925,1926,2024030401000954,SHIVM,76,25,500,508.90,254450.00
1926,1927,2024030401000953,SHIVM,76,44,300,508.90,152670.00
1927,1928,2024030401000952,SHIVM,76,38,500,508.00,254000.00
1928,1929,2024030401000951,SHIVM,76,25,400,508.00,203200.00
1929,1930,2024030401000950,SHIVM,76,42,395,507.80,200581.00
1930,1931,2024030401000949,SHIVM,76,40,300,506.00,151800.00
1931,1932,2024030401000948,SHIVM,76,71,3776,506.00,1910656.00
1932,1933,2024030401000947,SHIVM,76,66,642,506.00,324852.00
1933,1934,2024030401000946,SHIVM,76,65,900,505.00,454500.00
1934,1935,2024030404000480,IGI,74,6,289,550.00,158950.00
1935,1936,2024030404000479,IGI,74,37,500,550.00,275000.00
1936,1937,2024030404000478,IGI,74,33,11,550.00,6050.00
1937,1938,2024030401000945,CITY,32,39,10,592.60,5926.00
1938,1939,2024030401000944,CITY,32,58,10,592.00,5920.00
1939,1940,2024030404000477,UMRH,14,29,30,374.30,11229.00
1940,1941,2024030401000943,NABIL,42,45,50,440.60,22030.00
1941,1942,2024030404000476,NGPL,36,58,400,318.00,127200.00
1942,1943,2024030401000942,HHL,22,1,834,350.00,291900.00
1943,1944,2024030401000941,HHL,22,32,146,350.00,51100.00
1944,1945,2024030401000940,HHL,22,32,20,349.90,6998.00
1945,1946,2024030404000475,CHCL,11,67,81,482.00,39042.00
1946,1947,2024030403000253,HLI,8,57,45,401.00,18045.00
1947,1948,2024030403000252,HLI,8,10,1000,400.70,400700.00
1948,1949,2024030403000251,HLI,8,19,40,400.00,16000.00
1949,1950,2024030403000250,HLI,8,35,200,400.00,80000.00
1950,1951,2024030403000249,HLI,8,4,200,400.00,80000.00
1951,1952,2024030403000248,HLI,8,8,500,400.00,200000.00
1952,1953,2024030403000247,HLI,8,42,15,399.00,5985.00
1953,1954,2024030401000939,SHIVM,6,65,500,505.00,252500.00
1954,1955,2024030401000938,SHIVM,41,65,3000,505.00,1515000.00
1955,1956,2024030404000474,RBCL,55,48,10,14280.00,142800.00
1956,1957,2024030404000473,GHL,35,55,50,157.00,7850.00
1957,1958,2024030403000246,KRBL,62,52,10,357.10,3571.00
1958,1959,2024030404000472,CHCL,52,67,19,482.00,9158.00
1959,1960,2024030401000937,HBL,13,17,500,190.50,95250.00
1960,1961,2024030405000251,NRN,69,51,1290,560.00,722400.00
1961,1962,2024030404000471,SHL,86,94,495,449.00,222255.00
1962,1963,2024030403000245,KRBL,62,86,10,357.10,3571.00
1963,1964,2024030401000936,ULHC,45,57,100,328.90,32890.00
1964,1965,2024030401000935,ULHC,45,34,100,326.00,32600.00
1965,1966,2024030404000470,NGPL,36,84,600,317.00,190200.00
1966,1967,2024030401000934,MKHL,51,35,2000,377.00,754000.00
1967,1968,2024030404000469,GHL,32,55,100,157.00,15700.00
1968,1969,2024030401000933,TSHL,22,42,10,477.00,4770.00
1969,1970,2024030401000932,GCIL,42,36,80,517.00,41360.00
1970,1971,2024030401000931,GCIL,42,57,70,517.00,36190.00
1971,1972,2024030401000930,SHIVM,1,65,500,505.00,252500.00
1972,1973,2024030403000244,MPFL,49,55,190,354.50,67355.00
1973,1974,2024030401000929,MHCL,56,25,10,517.00,5170.00
1974,1975,2024030404000468,NHPC,41,47,10,166.10,1661.00
1975,1976,2024030403000243,CFCL,57,50,320,340.00,108800.00
1976,1977,2024030404000467,UPCL,59,57,290,221.00,64090.00
1977,1978,2024030404000466,UPCL,57,57,500,222.00,111000.00
1978,1979,2024030403000242,FMDBL,57,56,40,592.40,23696.00
1979,1980,2024030401000928,KBSH,72,28,10,952.20,9522.00
1980,1981,2024030404000465,NGPL,38,84,200,317.00,63400.00
1981,1982,2024030404000464,NGPL,45,84,200,317.00,63400.00
1982,1983,2024030404000463,NGPL,49,84,100,317.00,31700.00
1983,1984,2024030404000462,RADHI,19,47,10,248.00,2480.00
1984,1985,2024030405000250,NIFRA,7,39,300,214.90,64470.00
1985,1986,2024030404000461,AKPL,38,8,400,191.40,76560.00
1986,1987,2024030401000927,DOLTI,71,43,10,384.70,3847.00
1987,1988,2024030401000926,DOLTI,71,43,190,384.00,72960.00
1988,1989,2024030405000249,HRL,62,56,50,643.00,32150.00
1989,1990,2024030401000925,NWCL,26,16,10,774.00,7740.00
1990,1991,2024030401000924,NWCL,26,33,200,774.00,154800.00
1991,1992,2024030401000923,VLUCL,44,43,577,558.00,321966.00
1992,1993,2024030401000922,VLUCL,44,58,325,558.00,181350.00
1993,1994,2024030401000921,VLUCL,44,48,500,558.00,279000.00
1994,1995,2024030401000920,VLUCL,44,4,550,558.00,306900.00
1995,1996,2024030401000919,VLUCL,44,47,100,557.80,55780.00
1996,1997,2024030401000918,VLUCL,44,62,498,557.70,277734.60
1997,1998,2024030401000917,VLUCL,44,87,50,557.00,27850.00
1998,1999,2024030401000916,VLUCL,44,58,10,555.00,5550.00
1999,2000,2024030401000915,VLUCL,44,60,90,554.00,49860.00
2000,2001,2024030404000460,NICL,26,33,100,856.00,85600.00
2001,2002,2024030401000914,MHL,25,57,100,379.70,37970.00
2002,2003,2024030401000913,CKHL,13,14,10,633.00,6330.00
2003,2004,2024030403000241,ALBSL,53,6,10,645.00,6450.00
2004,2005,2024030405000248,HRL,22,56,500,643.00,321500.00
2005,2006,2024030404000459,CHL,11,29,10,309.00,3090.00
2006,2007,2024030404000458,CHL,11,40,50,303.90,15195.00
2007,2008,2024030405000247,NTC,11,44,490,881.00,431690.00
2008,2009,2024030403000240,ALICL,58,33,200,575.00,115000.00
2009,2010,2024030404000457,AKPL,50,8,16,191.40,3062.40
2010,2011,2024030403000239,ALICL,48,33,50,575.00,28750.00
2011,2012,2024030403000238,SADBL,39,53,10,306.00,3060.00
2012,2013,2024030403000237,SADBL,39,16,100,306.00,30600.00
2013,2014,2024030404000456,UMRH,46,47,10,367.60,3676.00
2014,2015,2024030401000912,CLI,57,21,50,445.00,22250.00
2015,2016,2024030401000911,IHL,66,57,489,355.00,173595.00
2016,2017,2024030401000910,IHL,66,5,311,354.00,110094.00
2017,2018,2024030401000909,RHGCL,17,67,10,300.00,3000.00
2018,2019,2024030401000908,ULHC,34,34,200,325.00,65000.00
2019,2020,2024030404000455,AHPC,21,21,15,192.70,2890.50
2020,2021,2024030403000236,ALICL,21,33,300,575.00,172500.00
2021,2022,2024030403000235,CBBL,29,58,10,841.50,8415.00
2022,2023,2024030403000234,CBBL,29,16,200,841.50,168300.00
2023,2024,2024030403000233,CBBL,29,57,15,840.00,12600.00
2024,2025,2024030401000907,NWCL,1,35,10,774.00,7740.00
2025,2026,2024030404000454,AHPC,33,21,600,192.70,115620.00
2026,2027,2024030404000453,AHPC,33,58,400,192.60,77040.00
2027,2028,2024030403000232,SHINE,8,37,90,383.00,34470.00
2028,2029,2024030403000231,JBBL,90,54,60,300.10,18006.00
2029,2030,2024030404000452,JOSHI,57,28,20,355.40,7108.00
2030,2031,2024030404000451,JOSHI,1,28,2000,360.00,720000.00
2031,2032,2024030404000450,JOSHI,57,28,990,362.60,358974.00
2032,2033,2024030404000449,JOSHI,41,28,80,365.00,29200.00
2033,2034,2024030404000448,JOSHI,44,28,50,366.00,18300.00
2034,2035,2024030401000906,HDL,55,32,10,1565.00,15650.00
2035,2036,2024030401000905,HDL,55,16,10,1560.00,15600.00
2036,2037,2024030401000904,HDL,55,4,10,1558.00,15580.00
2037,2038,2024030401000903,HDL,55,26,78,1558.00,121524.00
2038,2039,2024030401000902,HDL,55,58,35,1557.00,54495.00
2039,2040,2024030401000901,HDL,55,63,66,1557.00,102762.00
2040,2041,2024030401000900,HDL,55,59,40,1556.00,62240.00
2041,2042,2024030401000899,HDL,55,58,20,1550.00,31000.00
2042,2043,2024030401000898,HDL,55,58,20,1550.00,31000.00
2043,2044,2024030401000897,HDL,55,38,11,1550.00,17050.00
2044,2045,2024030404000447,RHPL,35,26,200,284.00,56800.00
2045,2046,2024030404000446,RHPL,35,49,900,284.00,255600.00
2046,2047,2024030405000246,HRL,47,56,45,643.00,28935.00
2047,2048,2024030405000245,HRL,47,48,55,643.00,35365.00
2048,2049,2024030401000896,NBL,59,21,100,227.00,22700.00
2049,2050,2024030401000895,NBL,59,59,1000,226.90,226900.00
2050,2051,2024030404000445,SGIC,59,84,185,517.00,95645.00
2051,2052,2024030401000894,ILI,35,45,10,535.00,5350.00
2052,2053,2024030401000893,ADBL,45,46,10,237.40,2374.00
2053,2054,2024030404000444,JOSHI,44,62,10,366.00,3660.00
2054,2055,2024030405000244,HRL,14,48,445,643.00,286135.00
2055,2056,2024030405000243,HRL,14,1,55,643.00,35365.00
2056,2057,2024030401000892,SGHC,10,25,120,321.00,38520.00
2057,2058,2024030401000891,GBIME,6,49,10,192.40,1924.00
2058,2059,2024030401000890,GBIME,6,7,100,192.40,19240.00
2059,2060,2024030401000889,GBIME,6,22,100,192.40,19240.00
2060,2061,2024030401000888,GBIME,6,11,80,192.00,15360.00
2061,2062,2024030401000887,HATHY,49,7,134,888.90,119112.60
2062,2063,2024030401000886,HATHY,49,19,59,888.00,52392.00
2063,2064,2024030404000443,NGPL,49,71,200,317.00,63400.00
2064,2065,2024030403000230,KSBBL,49,45,10,358.70,3587.00
2065,2066,2024030403000229,KSBBL,49,34,128,358.00,45824.00
2066,2067,2024030405000242,HRL,38,1,145,643.00,93235.00
2067,2068,2024030405000241,HRL,38,38,20,642.00,12840.00
2068,2069,2024030404000442,GLH,44,40,50,225.00,11250.00
2069,2070,2024030404000441,GLH,44,29,100,225.00,22500.00
2070,2071,2024030404000440,GLH,44,42,1400,225.00,315000.00
2071,2072,2024030404000439,GLH,44,34,50,225.00,11250.00
2072,2073,2024030401000885,SONA,22,50,1000,480.00,480000.00
2073,2074,2024030401000884,SONA,22,35,1000,480.00,480000.00
2074,2075,2024030401000883,SONA,22,26,200,480.00,96000.00
2075,2076,2024030401000882,SONA,22,34,250,480.00,120000.00
2076,2077,2024030401000881,SONA,22,7,50,479.90,23995.00
2077,2078,2024030401000880,MKCL,57,39,20,980.00,19600.00
2078,2079,2024030401000879,MKCL,29,39,100,980.00,98000.00
2079,2080,2024030405000240,NIFRA,57,22,516,215.00,110940.00
2080,2081,2024030405000239,NIFRA,57,55,954,214.90,205014.60
2081,2082,2024030405000238,NIFRA,57,57,200,214.80,42960.00
2082,2083,2024030405000237,NIFRA,57,38,300,214.70,64410.00
2083,2084,2024030405000236,NIFRA,57,22,30,213.00,6390.00
2084,2085,2024030401000878,TVCL,64,19,4960,563.20,2793472.00
2085,2086,2024030401000877,SONA,71,49,10,475.00,4750.00
2086,2087,2024030401000876,USHEC,32,34,10,347.90,3479.00
2087,2088,2024030404000438,JOSHI,49,6,500,369.00,184500.00
2088,2089,2024030403000228,SFCL,58,34,10,315.00,3150.00
2089,2090,2024030401000875,PHCL,40,11,500,319.10,159550.00
2090,2091,2024030404000437,SHPC,38,58,50,358.00,17900.00
2091,2092,2024030404000436,SHPC,38,48,250,357.00,89250.00
2092,2093,2024030404000435,SHPC,38,43,200,356.00,71200.00
2093,2094,2024030404000434,SHPC,38,43,100,355.00,35500.00
2094,2095,2024030401000874,RFPL,49,29,200,343.00,68600.00
2095,2096,2024030405000235,HRL,54,19,10,641.00,6410.00
2096,2097,2024030403000227,JBBL,54,54,90,300.10,27009.00
2097,2098,2024030403000226,JBBL,54,7,10,300.00,3000.00
2098,2099,2024030404000433,SALICO,34,58,140,650.00,91000.00
2099,2100,2024030401000873,PCBL,21,1,50,195.80,9790.00
2100,2101,2024030401000872,PCBL,21,19,150,195.70,29355.00
2101,2102,2024030401000871,SONA,71,58,10,475.00,4750.00
2102,2103,2024030404000432,HDHPC,58,19,200,150.00,30000.00
2103,2104,2024030405000234,NTC,58,44,10,881.20,8812.00
2104,2105,2024030404000431,SPIL,39,36,10,726.50,7265.00
2105,2106,2024030401000870,SHIVM,16,65,100,505.00,50500.00
2106,2107,2024030401000869,HATHY,57,19,11,888.00,9768.00
2107,2108,2024030401000868,ILI,59,36,290,545.00,158050.00
2108,2109,2024030401000867,ILI,59,25,100,544.00,54400.00
2109,2110,2024030401000866,ILI,59,33,110,535.80,58938.00
2110,2111,2024030401000865,PRVU,45,41,200,149.00,29800.00
2111,2112,2024030404000430,MEN,46,49,290,625.00,181250.00
2112,2113,2024030403000225,KSBBL,46,34,10,358.00,3580.00
2113,2114,2024030403000224,NFS,58,49,100,356.00,35600.00
2114,2115,2024030401000864,ULHC,72,34,100,325.00,32500.00
2115,2116,2024030404000429,NGPL,35,71,800,317.00,253600.00
2116,2117,2024030404000428,NGPL,35,58,400,316.00,126400.00
2117,2118,2024030401000863,BEDC,62,57,10,354.30,3543.00
2118,2119,2024030401000862,SONA,26,34,500,480.00,240000.00
2119,2120,2024030404000427,AKPL,50,44,200,191.40,38280.00
2120,2121,2024030405000233,HRL,36,41,20,643.00,12860.00
2121,2122,2024030405000232,HRL,36,32,40,643.00,25720.00
2122,2123,2024030405000231,HRL,36,69,435,643.00,279705.00
2123,2124,2024030401000861,GBIME,8,11,100,192.00,19200.00
2124,2125,2024030404000426,NGPL,46,58,100,316.00,31600.00
2125,2126,2024030403000223,SIFC,1,70,10,370.00,3700.00
2126,2127,2024030403000222,NLICL,54,34,10,573.00,5730.00
2127,2128,2024030404000425,HPPL,4,39,10,285.60,2856.00
2128,2129,2024030401000860,SMJC,71,55,10,396.00,3960.00
2129,2130,2024030401000859,SMJC,71,3,500,396.00,198000.00
2130,2131,2024030401000858,SMJC,71,3,10,396.00,3960.00
2131,2132,2024030401000857,SMJC,71,58,300,395.00,118500.00
2132,2133,2024030401000856,SMJC,71,17,100,395.00,39500.00
2133,2134,2024030401000855,SMJC,71,71,500,394.00,197000.00
2134,2135,2024030401000854,SMJC,71,13,30,394.00,11820.00
2135,2136,2024030401000853,SMJC,71,40,500,390.00,195000.00
2136,2137,2024030401000852,SMJC,71,6,50,390.00,19500.00
2137,2138,2024030405000230,HRL,33,69,150,643.00,96450.00
2138,2139,2024030405000229,NRN,60,51,710,560.00,397600.00
2139,2140,2024030405000228,NRN,60,59,200,560.00,112000.00
2140,2141,2024030405000227,NRN,60,45,90,559.00,50310.00
2141,2142,2024030404000424,API,48,32,100,192.50,19250.00
2142,2143,2024030403000221,HLBSL,42,34,10,584.00,5840.00
2143,2144,2024030403000220,HLBSL,42,58,110,573.20,63052.00
2144,2145,2024030401000851,NABIL,58,45,500,440.60,220300.00
2145,2146,2024030403000219,NFS,58,70,500,355.00,177500.00
2146,2147,2024030403000218,NFS,58,70,500,355.00,177500.00
2147,2148,2024030401000850,SONA,81,34,1000,480.00,480000.00
2148,2149,2024030401000849,DORDI,59,10,180,492.00,88560.00
2149,2150,2024030404000423,UPCL,19,42,1000,224.00,224000.00
2150,2151,2024030404000422,HPPL,4,11,10,280.00,2800.00
2151,2152,2024030404000421,JOSHI,44,39,40,366.00,14640.00
2152,2153,2024030403000217,GUFL,41,39,10,627.30,6273.00
2153,2154,2024030401000848,MHCL,35,88,100,518.00,51800.00
2154,2155,2024030401000847,KBL,43,1,485,148.70,72119.50
2155,2156,2024030401000846,KBL,43,38,100,148.00,14800.00
2156,2157,2024030401000845,NABIL,33,45,50,440.60,22030.00
2157,2158,2024030401000844,PHCL,47,42,750,323.90,242925.00
2158,2159,2024030401000843,PHCL,47,4,250,319.10,79775.00
2159,2160,2024030403000216,SHINE,51,33,1596,382.00,609672.00
2160,2161,2024030403000215,SHINE,51,45,200,381.00,76200.00
2161,2162,2024030404000420,PPCL,38,34,10,263.00,2630.00
2162,2163,2024030401000842,SPHL,48,34,10,466.10,4661.00
2163,2164,2024030404000419,UPPER,29,36,50,210.00,10500.00
2164,2165,2024030404000418,GHL,39,53,500,156.00,78000.00
2165,2166,2024030403000214,CFCL,32,50,500,340.00,170000.00
2166,2167,2024030403000213,CFCL,7,50,90,340.00,30600.00
2167,2168,2024030403000212,CFCL,3,50,90,340.50,30645.00
2168,2169,2024030404000417,AKPL,50,52,200,191.40,38280.00
2169,2170,2024030404000416,AKPL,50,57,334,191.00,63794.00
2170,2171,2024030404000415,AKPL,50,37,250,191.00,47750.00
2171,2172,2024030403000211,KSBBL,45,34,100,358.00,35800.00
2172,2173,2024030401000841,SONA,38,34,200,480.00,96000.00
2173,2174,2024030401000840,KBL,51,38,880,148.00,130240.00
2174,2175,2024030401000839,SNLI,7,48,40,610.00,24400.00
2175,2176,2024030404000414,GHL,39,32,20,156.00,3120.00
2176,2177,2024030404000413,GHL,39,39,100,156.00,15600.00
2177,2178,2024030404000412,GHL,39,49,453,156.00,70668.00
2178,2179,2024030401000838,SAHAS,41,47,100,550.00,55000.00
2179,2180,2024030401000837,SONA,13,34,50,480.00,24000.00
2180,2181,2024030401000836,ULHC,45,34,200,325.00,65000.00
2181,2182,2024030401000835,MKCL,51,34,70,985.00,68950.00
2182,2183,2024030401000834,NABIL,58,21,300,440.00,132000.00
2183,2184,2024030405000226,NIFRA,29,74,64,212.00,13568.00
2184,2185,2024030405000225,NIFRA,35,74,36,212.10,7635.60
2185,2186,2024030401000833,SPL,38,3,10,661.60,6616.00
2186,2187,2024030401000832,SPL,38,57,10,661.60,6616.00
2187,2188,2024030405000224,NRIC,22,35,10,750.00,7500.00
2188,2189,2024030401000831,HBL,35,17,100,190.50,19050.00
2189,2190,2024030403000210,HLI,35,42,85,399.00,33915.00
2190,2191,2024030403000209,HLI,35,46,50,398.80,19940.00
2191,2192,2024030401000830,SONA,82,68,855,483.00,412965.00
2192,2193,2024030401000829,SONA,82,7,20,483.00,9660.00
2193,2194,2024030401000828,SONA,82,72,2125,480.50,1021062.50
2194,2195,2024030401000827,SONA,13,16,450,480.00,216000.00
2195,2196,2024030401000826,SONA,37,16,50,480.00,24000.00
2196,2197,2024030401000825,SONA,45,72,875,480.50,420437.50
2197,2198,2024030401000824,SONA,45,29,125,480.10,60012.50
2198,2199,2024030404000411,PPCL,38,81,10,263.00,2630.00
2199,2200,2024030405000223,NRN,42,45,10,559.00,5590.00
2200,2201,2024030404000410,UPCL,6,41,500,223.00,111500.00
2201,2202,2024030404000409,MHNL,47,47,10,248.50,2485.00
2202,2203,2024030405000222,HRL,44,69,415,643.00,266845.00
2203,2204,2024030405000221,HRL,44,39,200,643.00,128600.00
2204,2205,2024030403000208,FMDBL,18,56,10,592.40,5924.00
2205,2206,2024030403000207,MLBBL,61,55,150,800.00,120000.00
2206,2207,2024030401000823,GCIL,57,57,10,517.00,5170.00
2207,2208,2024030401000822,GCIL,57,71,190,516.00,98040.00
2208,2209,2024030401000821,SHIVM,46,58,320,500.10,160032.00
2209,2210,2024030404000408,AHPC,51,21,53,192.70,10213.10
2210,2211,2024030404000407,AHPC,29,21,500,192.80,96400.00
2211,2212,2024030404000406,HURJA,48,41,190,301.00,57190.00
2212,2213,2024030401000820,HHL,28,47,100,346.80,34680.00
2213,2214,2024030404000405,SHL,45,94,140,449.00,62860.00
2214,2215,2024030404000404,AKPL,45,37,200,191.00,38200.00
2215,2216,2024030403000206,SJLIC,25,62,315,463.00,145845.00
2216,2217,2024030404000403,GHL,25,49,946,156.00,147576.00
2217,2218,2024030404000402,GHL,25,52,54,155.00,8370.00
2218,2219,2024030405000220,HRL,5,34,670,652.00,436840.00
2219,2220,2024030405000219,HRL,5,94,100,650.00,65000.00
2220,2221,2024030405000218,HRL,5,55,30,647.70,19431.00
2221,2222,2024030405000217,HRL,5,38,100,645.00,64500.00
2222,2223,2024030405000216,HRL,5,62,100,643.60,64360.00
2223,2224,2024030401000819,MHCL,35,88,14810,518.00,7671580.00
2224,2225,2024030401000818,MHCL,35,37,100,518.00,51800.00
2225,2226,2024030401000817,MHCL,35,25,90,508.00,45720.00
2226,2227,2024030403000205,NFS,41,70,1000,355.00,355000.00
2227,2228,2024030401000816,SONA,37,69,150,480.00,72000.00
2228,2229,2024030405000215,ENL,10,37,10,754.80,7548.00
2229,2230,2024030404000401,UMHL,6,22,100,275.00,27500.00
2230,2231,2024030401000815,ULHC,34,34,100,326.00,32600.00
2231,2232,2024030405000214,HRL,44,51,20,643.00,12860.00
2232,2233,2024030401000814,MEL,58,33,30,222.30,6669.00
2233,2234,2024030403000204,LBBL,50,8,50,389.00,19450.00
2234,2235,2024030404000400,MEN,59,49,200,625.00,125000.00
2235,2236,2024030404000399,GLH,1,16,20,221.40,4428.00
2236,2237,2024030401000813,SONA,56,69,500,480.00,240000.00
2237,2238,2024030404000398,NGPL,66,71,500,313.60,156800.00
2238,2239,2024030404000397,NGPL,58,71,1000,314.00,314000.00
2239,2240,2024030403000203,ICFC,35,38,50,490.00,24500.00
2240,2241,2024030404000396,UMRH,32,47,190,367.60,69844.00
2241,2242,2024030401000812,SONA,34,69,350,480.00,168000.00
2242,2243,2024030401000811,SONA,34,42,50,480.00,24000.00
2243,2244,2024030401000810,SONA,34,57,100,480.00,48000.00
2244,2245,2024030405000213,HRL,44,49,50,643.00,32150.00
2245,2246,2024030403000202,PMLI,38,7,70,510.00,35700.00
2246,2247,2024030404000395,NGPL,65,49,500,317.00,158500.00
2247,2248,2024030404000394,CHCL,25,6,100,473.90,47390.00
2248,2249,2024030403000201,LBBL,34,39,200,390.00,78000.00
2249,2250,2024030401000809,MBL,45,55,50,182.50,9125.00
2250,2251,2024030404000393,HPPL,39,39,20,280.00,5600.00
2251,2252,2024030405000212,CIT,22,34,50,2181.00,109050.00
2252,2253,2024030401000808,ILI,35,6,10,535.00,5350.00
2253,2254,2024030401000807,HDL,57,58,30,1549.00,46470.00
2254,2255,2024030401000806,HDL,57,36,40,1549.00,61960.00
2255,2256,2024030404000392,SGIC,7,84,100,517.00,51700.00
2256,2257,2024030401000805,DORDI,77,25,200,501.80,100360.00
2257,2258,2024030401000804,DORDI,77,77,10,501.00,5010.00
2258,2259,2024030401000803,DORDI,77,45,100,492.60,49260.00
2259,2260,2024030401000802,DORDI,77,46,139,492.60,68471.40
2260,2261,2024030401000801,DORDI,77,42,850,492.00,418200.00
2261,2262,2024030401000800,PHCL,22,4,50,319.10,15955.00
2262,2263,2024030405000211,HRL,44,35,20,643.00,12860.00
2263,2264,2024030403000200,GUFL,41,39,10,615.00,6150.00
2264,2265,2024030401000799,SNLI,59,48,100,610.00,61000.00
2265,2266,2024030401000798,CKHL,6,58,10,644.00,6440.00
2266,2267,2024030403000199,ALICL,59,33,50,575.00,28750.00
2267,2268,2024030404000391,HDHPC,58,4,120,150.10,18012.00
2268,2269,2024030404000390,HDHPC,58,44,10,147.50,1475.00
2269,2270,2024030401000797,BHL,19,64,10,344.00,3440.00
2270,2271,2024030404000389,GHL,45,49,641,156.00,99996.00
2271,2272,2024030401000796,HBL,45,17,100,190.50,19050.00
2272,2273,2024030401000795,VLUCL,72,60,410,554.00,227140.00
2273,2274,2024030401000794,VLUCL,72,4,50,553.90,27695.00
2274,2275,2024030401000793,VLUCL,72,57,200,553.00,110600.00
2275,2276,2024030401000792,VLUCL,72,45,140,553.00,77420.00
2276,2277,2024030401000791,PRVU,7,41,167,149.00,24883.00
2277,2278,2024030401000790,RHGCL,38,49,408,298.00,121584.00
2278,2279,2024030405000210,NRIC,39,35,935,762.90,713311.50
2279,2280,2024030405000209,NRIC,39,48,40,762.80,30512.00
2280,2281,2024030405000208,NRIC,39,48,25,760.30,19007.50
2281,2282,2024030403000198,SWMF,70,45,335,665.00,222775.00
2282,2283,2024030401000789,MCHL,42,53,10,342.00,3420.00
2283,2284,2024030403000197,MPFL,34,55,10,354.50,3545.00
2284,2285,2024030401000788,GCIL,52,71,800,516.00,412800.00
2285,2286,2024030401000787,SMJC,84,11,100,388.60,38860.00
2286,2287,2024030403000196,NFS,45,70,10,349.50,3495.00
2287,2288,2024030401000786,SGHC,25,25,80,321.00,25680.00
2288,2289,2024030401000785,SGHC,25,59,10,320.00,3200.00
2289,2290,2024030401000784,SGHC,25,77,10,315.00,3150.00
2290,2291,2024030401000783,GCIL,62,71,10,516.00,5160.00
2291,2292,2024030404000388,KKHC,40,34,10,242.30,2423.00
2292,2293,2024030404000387,API,77,14,128,193.00,24704.00
2293,2294,2024030405000207,HRL,44,29,100,643.00,64300.00
2294,2295,2024030401000782,KBL,58,1,505,148.70,75093.50
2295,2296,2024030401000781,KBL,58,38,995,148.60,147857.00
2296,2297,2024030401000780,MSHL,34,64,10,602.80,6028.00
2297,2298,2024030401000779,PHCL,17,4,200,319.10,63820.00
2298,2299,2024030405000206,NIFRA,1,22,60,213.00,12780.00
2299,2300,2024030401000778,HDL,35,22,20,1548.00,30960.00
2300,2301,2024030401000777,SHIVM,54,66,158,506.00,79948.00
2301,2302,2024030401000776,SHIVM,54,4,42,505.00,21210.00
2302,2303,2024030401000775,SNLI,59,54,120,610.00,73200.00
2303,2304,2024030403000195,MFIL,62,34,200,506.90,101380.00
2304,2305,2024030403000194,MFIL,62,48,100,506.90,50690.00
2305,2306,2024030403000193,HLI,57,14,47,394.00,18518.00
2306,2307,2024030404000386,NGPL,58,4,800,318.00,254400.00
2307,2308,2024030401000774,KBL,58,38,20,148.60,2972.00
2308,2309,2024030403000192,PROFL,58,32,10,313.10,3131.00
2309,2310,2024030401000773,SONA,58,29,175,480.10,84017.50
2310,2311,2024030401000772,SONA,58,56,75,480.00,36000.00
2311,2312,2024030403000191,DDBL,4,21,25,740.00,18500.00
2312,2313,2024030405000205,HRL,44,49,50,643.00,32150.00
2313,2314,2024030404000385,CHCL,25,59,10,473.90,4739.00
2314,2315,2024030401000771,NRM,48,42,300,371.00,111300.00
2315,2316,2024030401000770,GCIL,26,57,420,517.00,217140.00
2316,2317,2024030401000769,GCIL,26,51,10,517.00,5170.00
2317,2318,2024030401000768,GCIL,26,51,50,517.00,25850.00
2318,2319,2024030401000767,GCIL,26,43,20,517.00,10340.00
2319,2320,2024030401000766,AHL,34,42,50,438.00,21900.00
2320,2321,2024030401000765,MMKJL,29,48,10,421.00,4210.00
2321,2322,2024030403000190,ICFC,50,38,50,490.00,24500.00
2322,2323,2024030404000384,UNHPL,58,58,10,249.60,2496.00
2323,2324,2024030404000383,UNHPL,58,58,10,249.60,2496.00
2324,2325,2024030404000382,UPPER,17,36,10,210.00,2100.00
2325,2326,2024030404000381,NGPL,72,4,1000,318.00,318000.00
2326,2327,2024030405000204,HRL,44,49,20,643.00,12860.00
2327,2328,2024030401000764,HDL,35,52,18,1548.00,27864.00
2328,2329,2024030405000203,NTC,6,35,10,864.00,8640.00
2329,2330,2024030405000202,NIFRA,35,41,100,212.10,21210.00
2330,2331,2024030403000189,GBBL,74,14,1000,372.30,372300.00
2331,2332,2024030404000380,IGI,42,33,39,550.00,21450.00
2332,2333,2024030404000379,IGI,42,13,161,539.00,86779.00
2333,2334,2024030403000188,ALICL,16,4,100,576.90,57690.00
2334,2335,2024030401000763,BEDC,58,26,10,347.40,3474.00
2335,2336,2024030401000762,BEDC,58,45,10,347.40,3474.00
2336,2337,2024030404000378,AKPL,38,37,450,191.00,85950.00
2337,2338,2024030404000377,AKPL,38,39,100,191.00,19100.00
2338,2339,2024030404000376,AKPL,38,47,250,191.00,47750.00
2339,2340,2024030404000375,AKPL,38,44,200,190.00,38000.00
2340,2341,2024030401000761,DORDI,77,42,130,492.00,63960.00
2341,2342,2024030401000760,DORDI,77,6,250,492.00,123000.00
2342,2343,2024030401000759,DORDI,77,49,200,492.00,98400.00
2343,2344,2024030401000758,DORDI,77,39,910,492.00,447720.00
2344,2345,2024030401000757,DORDI,77,43,10,490.00,4900.00
2345,2346,2024030405000201,NIFRA,35,1,14,212.10,2969.40
2346,2347,2024030405000200,NIFRA,41,1,50,212.20,10610.00
2347,2348,2024030401000756,NICA,45,35,50,431.00,21550.00
2348,2349,2024030401000755,HATHY,35,33,1000,889.00,889000.00
2349,2350,2024030401000754,PRVU,32,34,23,149.50,3438.50
2350,2351,2024030401000753,PRVU,32,49,67,149.50,10016.50
2351,2352,2024030405000199,HRL,6,62,100,643.60,64360.00
2352,2353,2024030405000198,NTC,6,26,30,864.00,25920.00
2353,2354,2024030404000374,UMHL,42,57,250,278.00,69500.00
2354,2355,2024030404000373,UMHL,42,22,500,277.40,138700.00
2355,2356,2024030404000372,UMHL,42,75,50,277.40,13870.00
2356,2357,2024030404000371,UMHL,42,26,200,277.00,55400.00
2357,2358,2024030404000370,UMHL,42,45,130,275.00,35750.00
2358,2359,2024030404000369,UMHL,42,22,100,273.40,27340.00
2359,2360,2024030404000368,UMHL,42,34,100,273.40,27340.00
2360,2361,2024030404000367,UMHL,42,57,200,273.40,54680.00
2361,2362,2024030404000366,UMHL,42,44,200,273.40,54680.00
2362,2363,2024030404000365,UMHL,42,59,108,273.00,29484.00
2363,2364,2024030404000364,UMHL,42,51,500,273.00,136500.00
2364,2365,2024030404000363,UMHL,42,3,1000,272.90,272900.00
2365,2366,2024030404000362,UMHL,42,19,250,272.90,68225.00
2366,2367,2024030404000361,UMHL,42,34,500,272.00,136000.00
2367,2368,2024030403000187,PMLI,42,7,20,510.00,10200.00
2368,2369,2024030401000752,PPL,71,21,10,339.60,3396.00
2369,2370,2024030401000751,SONA,52,56,35,480.00,16800.00
2370,2371,2024030405000197,HRL,44,58,10,643.00,6430.00
2371,2372,2024030405000196,HRL,44,22,500,643.00,321500.00
2372,2373,2024030405000195,HRL,44,77,1500,642.60,963900.00
2373,2374,2024030405000194,HRL,44,3,200,642.60,128520.00
2374,2375,2024030405000193,HRL,44,20,50,642.60,32130.00
2375,2376,2024030405000192,HRL,44,34,10,642.60,6426.00
2376,2377,2024030405000191,HRL,44,57,50,642.60,32130.00
2377,2378,2024030405000190,HRL,44,26,50,642.60,32130.00
2378,2379,2024030405000189,HRL,44,13,50,642.60,32130.00
2379,2380,2024030405000188,HRL,44,94,500,642.60,321300.00
2380,2381,2024030405000187,HRL,44,41,10,642.50,6425.00
2381,2382,2024030405000186,HRL,44,42,40,642.00,25680.00
2382,2383,2024030405000185,HRL,44,46,20,642.00,12840.00
2383,2384,2024030405000184,HRL,44,49,10,642.00,6420.00
2384,2385,2024030405000183,HRL,44,16,25,642.00,16050.00
2385,2386,2024030405000182,HRL,44,50,1000,642.00,642000.00
2386,2387,2024030405000181,HRL,44,29,100,642.00,64200.00
2387,2388,2024030405000180,HRL,44,71,500,642.00,321000.00
2388,2389,2024030405000179,HRL,44,90,100,642.00,64200.00
2389,2390,2024030405000178,HRL,44,41,400,642.00,256800.00
2390,2391,2024030405000177,HRL,44,86,200,642.00,128400.00
2391,2392,2024030405000176,HRL,44,3,300,642.00,192600.00
2392,2393,2024030405000175,HRL,44,69,1000,641.00,641000.00
2393,2394,2024030405000174,HRL,44,69,2500,641.00,1602500.00
2394,2395,2024030401000750,HATHY,25,19,100,880.00,88000.00
2395,2396,2024030405000173,HRL,74,56,400,640.00,256000.00
2396,2397,2024030401000749,MKHC,5,5,10,301.20,3012.00
2397,2398,2024030404000360,SGIC,32,84,300,517.00,155100.00
2398,2399,2024030401000748,SMH,59,69,10,675.10,6751.00
2399,2400,2024030404000359,SGIC,32,84,500,517.00,258500.00
2400,2401,2024030404000358,SGIC,32,6,200,516.90,103380.00
2401,2402,2024030404000357,GHL,6,37,90,154.00,13860.00
2402,2403,2024030401000747,CLI,55,21,19,445.00,8455.00
2403,2404,2024030401000746,CLI,45,21,150,445.00,66750.00
2404,2405,2024030404000356,AKPL,50,44,300,190.00,57000.00
2405,2406,2024030404000355,HPPL,42,39,10,275.00,2750.00
2406,2407,2024030404000354,AKPL,50,53,200,190.00,38000.00
2407,2408,2024030401000745,HIDCLP,29,55,101,102.00,10302.00
2408,2409,2024030404000353,PRIN,29,74,500,769.00,384500.00
2409,2410,2024030404000352,PRIN,29,14,50,769.00,38450.00
2410,2411,2024030404000351,PRIN,29,13,20,765.00,15300.00
2411,2412,2024030405000172,HRL,39,69,500,641.00,320500.00
2412,2413,2024030405000171,HRL,39,71,500,641.00,320500.00
2413,2414,2024030401000744,SONA,71,56,2790,480.10,1339479.00
2414,2415,2024030405000170,HRL,74,56,1000,640.00,640000.00
2415,2416,2024030401000743,CITY,35,34,10,592.00,5920.00
2416,2417,2024030403000186,DDBL,35,21,41,740.00,30340.00
2417,2418,2024030404000350,CHL,41,14,100,303.00,30300.00
2418,2419,2024030401000742,HDL,14,52,120,1548.00,185760.00
2419,2420,2024030404000349,UPCL,6,42,550,224.00,123200.00
2420,2421,2024030404000348,UPCL,6,6,450,223.00,100350.00
2421,2422,2024030404000347,API,77,40,100,193.00,19300.00
2422,2423,2024030403000185,SHINE,37,33,404,382.00,154328.00
2423,2424,2024030403000184,JBBL,38,33,20,295.00,5900.00
2424,2425,2024030401000741,NABIL,57,45,300,440.60,132180.00
2425,2426,2024030401000740,TVCL,64,44,10,563.20,5632.00
2426,2427,2024030401000739,TVCL,64,66,10,563.20,5632.00
2427,2428,2024030401000738,TVCL,64,38,10,563.20,5632.00
2428,2429,2024030401000737,TVCL,64,45,10,563.20,5632.00
2429,2430,2024030401000736,HBL,49,17,146,190.50,27813.00
2430,2431,2024030401000735,NICA,41,6,100,434.80,43480.00
2431,2432,2024030404000346,UMRH,48,53,190,367.00,69730.00
2432,2433,2024030404000345,BARUN,21,43,10,256.90,2569.00
2433,2434,2024030401000734,BHDC,57,47,10,452.70,4527.00
2434,2435,2024030401000733,ULHC,34,34,50,326.00,16300.00
2435,2436,2024030401000732,VLUCL,68,42,90,550.00,49500.00
2436,2437,2024030404000344,API,77,58,222,193.00,42846.00
2437,2438,2024030403000183,RLFL,45,45,10,353.00,3530.00
2438,2439,2024030401000731,RNLI,84,41,380,447.00,169860.00
2439,2440,2024030401000730,RNLI,84,59,100,439.00,43900.00
2440,2441,2024030401000729,RNLI,84,25,20,439.00,8780.00
2441,2442,2024030401000728,ILI,38,33,10,535.80,5358.00
2442,2443,2024030404000343,HURJA,90,42,20,296.60,5932.00
2443,2444,2024030404000342,AHPC,51,57,199,192.70,38347.30
2444,2445,2024030404000341,HEI,34,50,10,569.00,5690.00
2445,2446,2024030404000340,HDHPC,42,44,90,147.50,13275.00
2446,2447,2024030404000339,HDHPC,42,22,10,147.50,1475.00
2447,2448,2024030404000338,HDHPC,42,51,500,147.50,73750.00
2448,2449,2024030404000337,HDHPC,42,58,10,147.00,1470.00
2449,2450,2024030405000169,HRL,74,4,200,640.00,128000.00
2450,2451,2024030404000336,NGPL,66,25,400,313.60,125440.00
2451,2452,2024030404000335,NGPL,41,25,1600,314.00,502400.00
2452,2453,2024030405000168,HRL,74,35,40,640.00,25600.00
2453,2454,2024030401000727,ULHC,14,34,250,326.00,81500.00
2454,2455,2024030401000726,TVCL,16,37,50,563.00,28150.00
2455,2456,2024030403000182,SJLIC,58,62,300,463.00,138900.00
2456,2457,2024030403000181,SJLIC,58,43,200,462.00,92400.00
2457,2458,2024030401000725,ADBL,4,38,10,232.80,2328.00
2458,2459,2024030401000724,NABIL,45,45,200,440.60,88120.00
2459,2460,2024030401000723,SHIVM,82,66,200,506.00,101200.00
2460,2461,2024030401000722,SHIVM,82,52,300,506.00,151800.00
2461,2462,2024030401000721,SHIVM,82,53,200,505.00,101000.00
2462,2463,2024030401000720,SHIVM,82,57,100,504.00,50400.00
2463,2464,2024030401000719,SHIVM,82,19,200,504.00,100800.00
2464,2465,2024030401000718,MEHL,59,48,50,312.00,15600.00
2465,2466,2024030401000717,KBL,51,34,100,148.00,14800.00
2466,2467,2024030403000180,HLI,57,44,10,394.00,3940.00
2467,2468,2024030403000179,HLI,57,34,125,394.00,49250.00
2468,2469,2024030403000178,HLI,57,37,50,393.00,19650.00
2469,2470,2024030405000167,NIFRA,41,74,100,212.20,21220.00
2470,2471,2024030401000716,HHL,7,47,290,346.00,100340.00
2471,2472,2024030404000334,LEC,26,58,10,182.50,1825.00
2472,2473,2024030401000715,MHCL,71,25,10,508.00,5080.00
2473,2474,2024030401000714,PHCL,59,4,500,319.10,159550.00
2474,2475,2024030401000713,PHCL,59,42,500,319.00,159500.00
2475,2476,2024030405000166,NICFC,16,52,100,8.49,849.00
2476,2477,2024030404000333,SHL,81,94,100,449.00,44900.00
2477,2478,2024030404000332,PPCL,35,81,10,257.90,2579.00
2478,2479,2024030404000331,API,77,57,100,193.00,19300.00
2479,2480,2024030401000712,SONA,71,58,10,480.10,4801.00
2480,2481,2024030403000177,KSBBL,46,45,10,351.70,3517.00
2481,2482,2024030404000330,NGPL,41,17,500,314.00,157000.00
2482,2483,2024030401000711,KBL,45,38,985,148.60,146371.00
2483,2484,2024030401000710,KBL,45,11,15,148.50,2227.50
2484,2485,2024030404000329,BPCL,32,28,10,310.90,3109.00
2485,2486,2024030404000328,SHL,91,94,200,449.00,89800.00
2486,2487,2024030404000327,TRH,56,68,200,763.00,152600.00
2487,2488,2024030401000709,SONA,71,61,200,480.10,96020.00
2488,2489,2024030401000708,GCIL,62,13,40,516.00,20640.00
2489,2490,2024030404000326,NGPL,41,44,100,314.00,31400.00
2490,2491,2024030404000325,NGPL,41,67,800,313.60,250880.00
2491,2492,2024030401000707,BNT,7,26,10,16030.00,160300.00
2492,2493,2024030404000324,AKPL,58,53,100,190.00,19000.00
2493,2494,2024030403000176,MLBL,45,34,10,327.00,3270.00
2494,2495,2024030404000323,API,77,3,50,193.00,9650.00
2495,2496,2024030404000322,API,77,21,200,193.00,38600.00
2496,2497,2024030404000321,API,77,7,50,193.00,9650.00
2497,2498,2024030404000320,API,77,8,1000,193.00,193000.00
2498,2499,2024030404000319,API,77,48,150,192.90,28935.00
2499,2500,2024030401000706,ILI,85,33,70,535.80,37506.00
2500,2501,2024030404000318,AHPC,51,43,10,192.70,1927.00
2501,2502,2024030404000317,AHPC,51,48,28,192.00,5376.00
2502,2503,2024030404000316,AHPC,51,35,10,192.00,1920.00
2503,2504,2024030401000705,SAHAS,51,22,10,552.80,5528.00
2504,2505,2024030403000175,NABBC,38,34,10,413.10,4131.00
2505,2506,2024030404000315,NHDL,42,29,10,425.40,4254.00
2506,2507,2024030401000704,NICA,45,29,25,431.00,10775.00
2507,2508,2024030403000174,BFC,29,7,500,338.00,169000.00
2508,2509,2024030401000703,SONA,16,39,288,480.10,138268.80
2509,2510,2024030401000702,SHIVM,41,19,100,504.00,50400.00
2510,2511,2024030404000314,NHPC,41,47,10,163.30,1633.00
2511,2512,2024030405000165,NRIC,22,35,10,750.00,7500.00
2512,2513,2024030401000701,SMJC,38,6,210,390.00,81900.00
2513,2514,2024030401000700,SMJC,38,6,100,390.00,39000.00
2514,2515,2024030401000699,SMJC,38,6,90,390.00,35100.00
2515,2516,2024030401000698,SMJC,38,6,50,390.00,19500.00
2516,2517,2024030401000697,SMJC,38,6,65,390.00,25350.00
2517,2518,2024030401000696,SMJC,38,6,110,390.00,42900.00
2518,2519,2024030401000695,SMJC,38,6,30,390.00,11700.00
2519,2520,2024030401000694,SMJC,64,6,40,390.00,15600.00
2520,2521,2024030401000693,SMJC,38,6,60,390.00,23400.00
2521,2522,2024030401000692,SMJC,64,6,35,390.00,13650.00
2522,2523,2024030401000691,SMJC,38,6,30,390.00,11700.00
2523,2524,2024030401000690,SMJC,38,6,70,390.00,27300.00
2524,2525,2024030401000689,SMJC,38,6,30,390.00,11700.00
2525,2526,2024030401000688,SMJC,38,6,30,390.00,11700.00
2526,2527,2024030401000687,RHGCL,51,49,290,298.00,86420.00
2527,2528,2024030401000686,RHGCL,51,16,10,298.00,2980.00
2528,2529,2024030401000685,NYADI,44,19,10,297.00,2970.00
2529,2530,2024030401000684,AHL,34,18,10,438.40,4384.00
2530,2531,2024030405000164,HRL,74,21,100,635.00,63500.00
2531,2532,2024030405000163,NIFRA,58,22,10,213.00,2130.00
2532,2533,2024030404000313,GHL,58,49,100,156.00,15600.00
2533,2534,2024030401000683,DORDI,77,39,90,492.00,44280.00
2534,2535,2024030401000682,DORDI,77,77,10,492.00,4920.00
2535,2536,2024030401000681,DOLTI,71,43,10,384.00,3840.00
2536,2537,2024030404000312,NGPL,58,71,120,311.00,37320.00
2537,2538,2024030404000311,NGPL,11,71,1000,312.00,312000.00
2538,2539,2024030404000310,NGPL,35,71,80,313.00,25040.00
2539,2540,2024030401000680,EHPL,18,65,10,446.00,4460.00
2540,2541,2024030403000173,GUFL,62,25,90,603.50,54315.00
2541,2542,2024030404000309,API,14,6,600,190.00,114000.00
2542,2543,2024030401000679,SMJC,21,48,500,394.00,197000.00
2543,2544,2024030403000172,NFS,34,70,30,349.50,10485.00
2544,2545,2024030401000678,HATHY,25,19,30,890.00,26700.00
2545,2546,2024030404000308,GHL,35,37,40,155.00,6200.00
2546,2547,2024030401000677,SONA,16,44,320,480.10,153632.00
2547,2548,2024030401000676,SONA,57,44,180,480.50,86490.00
2548,2549,2024030405000162,NIFRA,35,38,350,212.10,74235.00
2549,2550,2024030404000307,NGPL,53,67,200,313.60,62720.00
2550,2551,2024030404000306,NGPL,53,32,100,313.60,31360.00
2551,2552,2024030401000675,VLUCL,68,49,10,550.00,5500.00
2552,2553,2024030403000171,GMFIL,45,61,10,346.80,3468.00
2553,2554,2024030403000170,SFCL,13,34,10,308.90,3089.00
2554,2555,2024030401000674,GCIL,62,44,50,516.00,25800.00
2555,2556,2024030401000673,GCIL,62,25,100,515.00,51500.00
2556,2557,2024030401000672,ILI,41,58,100,534.80,53480.00
2557,2558,2024030405000161,NTC,51,26,70,867.00,60690.00
2558,2559,2024030401000671,MKCL,51,34,20,985.00,19700.00
2559,2560,2024030404000305,SGIC,16,84,300,517.00,155100.00
2560,2561,2024030404000304,UMRH,53,53,10,367.00,3670.00
2561,2562,2024030404000303,SGIC,46,84,200,517.00,103400.00
2562,2563,2024030404000302,SGIC,46,72,200,517.00,103400.00
2563,2564,2024030404000301,GHL,49,49,480,156.00,74880.00
2564,2565,2024030404000300,NICL,56,95,400,842.70,337080.00
2565,2566,2024030405000160,STC,10,54,10,5105.20,51052.00
2566,2567,2024030405000159,HRL,56,21,100,635.00,63500.00
2567,2568,2024030405000158,HRL,36,21,200,638.00,127600.00
2568,2569,2024030401000670,LSL,58,1,50,168.60,8430.00
2569,2570,2024030405000157,NIFRA,45,45,500,214.00,107000.00
2570,2571,2024030401000669,SCB,58,45,10,520.20,5202.00
2571,2572,2024030401000668,BHL,19,64,10,344.00,3440.00
2572,2573,2024030401000667,MAKAR,77,81,10,384.00,3840.00
2573,2574,2024030401000666,PPL,71,45,100,339.60,33960.00
2574,2575,2024030401000665,SONA,57,26,100,480.50,48050.00
2575,2576,2024030403000169,SJLIC,57,50,60,457.10,27426.00
2576,2577,2024030403000168,SJLIC,35,50,40,460.00,18400.00
2577,2578,2024030401000664,SONA,57,38,10,480.50,4805.00
2578,2579,2024030404000299,SHPC,47,45,114,354.00,40356.00
2579,2580,2024030403000167,GUFL,45,25,10,603.50,6035.00
2580,2581,2024030404000298,API,48,48,800,192.90,154320.00
2581,2582,2024030404000297,API,48,29,200,192.10,38420.00
2582,2583,2024030405000156,NTC,51,34,90,867.00,78030.00
2583,2584,2024030405000155,NTC,51,50,40,864.00,34560.00
2584,2585,2024030404000296,UAIL,25,34,10,530.40,5304.00
2585,2586,2024030401000663,MEHL,50,25,300,312.10,93630.00
2586,2587,2024030401000662,MEHL,50,57,200,312.10,62420.00
2587,2588,2024030404000295,AKPL,49,53,200,190.00,38000.00
2588,2589,2024030404000294,CGH,19,21,10,860.00,8600.00
2589,2590,2024030401000661,HDL,49,52,77,1548.00,119196.00
2590,2591,2024030401000660,NICA,82,34,5000,434.00,2170000.00
2591,2592,2024030401000659,HBL,41,17,50,190.50,9525.00
2592,2593,2024030401000658,HBL,41,55,50,190.50,9525.00
2593,2594,2024030404000293,NGPL,14,34,100,313.00,31300.00
2594,2595,2024030401000657,HIDCLP,14,55,1000,101.30,101300.00
2595,2596,2024030403000166,HLI,55,34,15,394.00,5910.00
2596,2597,2024030403000165,HLI,55,34,485,391.00,189635.00
2597,2598,2024030403000164,GFCL,42,48,250,438.60,109650.00
2598,2599,2024030404000292,AKJCL,42,52,10,228.80,2288.00
2599,2600,2024030401000656,NABIL,58,47,104,440.00,45760.00
2600,2601,2024030404000291,SSHL,45,5,10,166.40,1664.00
2601,2602,2024030401000655,HATHY,34,19,100,890.00,89000.00
2602,2603,2024030401000654,CYCL,88,62,20,1181.30,23626.00
2603,2604,2024030401000653,CYCL,21,62,10,1181.30,11813.00
2604,2605,2024030401000652,CYCL,45,62,20,1190.00,23800.00
2605,2606,2024030403000163,HLI,48,34,15,391.00,5865.00
2606,2607,2024030403000162,HLI,48,74,35,391.00,13685.00
2607,2608,2024030401000651,MEHL,59,35,150,312.00,46800.00
2608,2609,2024030401000650,ILI,16,33,310,535.80,166098.00
2609,2610,2024030401000649,ILI,16,45,100,535.00,53500.00
2610,2611,2024030401000648,ILI,16,36,90,535.00,48150.00
2611,2612,2024030401000647,HHL,7,45,200,345.00,69000.00
2612,2613,2024030401000646,HHL,7,71,500,343.70,171850.00
2613,2614,2024030401000645,HHL,7,39,10,343.00,3430.00
2614,2615,2024030401000644,DORDI,77,77,10,483.00,4830.00
2615,2616,2024030401000643,DORDI,77,49,175,483.00,84525.00
2616,2617,2024030401000642,SONA,57,49,10,480.50,4805.00
2617,2618,2024030401000641,SONA,59,67,500,484.00,242000.00
2618,2619,2024030403000161,SWMF,13,45,10,665.00,6650.00
2619,2620,2024030403000160,SWMF,13,50,50,664.90,33245.00
2620,2621,2024030401000640,MKCL,51,22,10,970.50,9705.00
2621,2622,2024030401000639,PPL,21,29,10,339.60,3396.00
2622,2623,2024030401000638,BEDC,38,57,10,347.40,3474.00
2623,2624,2024030401000637,SHIVM,40,16,50,505.00,25250.00
2624,2625,2024030401000636,SHIVM,40,58,450,505.00,227250.00
2625,2626,2024030401000635,HDL,38,36,10,1549.00,15490.00
2626,2627,2024030401000634,HDL,38,45,10,1549.00,15490.00
2627,2628,2024030404000290,TRH,46,68,200,763.00,152600.00
2628,2629,2024030405000154,NTC,45,35,10,850.00,8500.00
2629,2630,2024030401000633,TVCL,21,91,500,563.00,281500.00
2630,2631,2024030404000289,GHL,57,49,50,156.00,7800.00
2631,2632,2024030404000288,SPIL,42,35,20,773.00,15460.00
2632,2633,2024030404000287,API,14,33,1400,190.00,266000.00
2633,2634,2024030404000286,API,59,33,100,190.00,19000.00
2634,2635,2024030404000285,SHPC,50,47,200,352.00,70400.00
2635,2636,2024030401000632,EBL,58,17,10,513.80,5138.00
2636,2637,2024030401000631,PHCL,19,42,370,313.00,115810.00
2637,2638,2024030401000630,ULBSL,49,22,10,1127.00,11270.00
2638,2639,2024030405000153,HRL,5,16,195,641.00,124995.00
2639,2640,2024030405000152,HRL,5,21,10,640.20,6402.00
2640,2641,2024030405000151,HRL,5,77,200,640.00,128000.00
2641,2642,2024030405000150,HRL,5,69,95,635.00,60325.00
2642,2643,2024030401000629,VLUCL,71,45,20,553.00,11060.00
2643,2644,2024030401000628,VLUCL,71,55,180,550.00,99000.00
2644,2645,2024030404000284,RIDI,41,49,100,194.80,19480.00
2645,2646,2024030404000283,UMHL,41,51,500,273.00,136500.00
2646,2647,2024030404000282,UMHL,41,3,500,272.90,136450.00
2647,2648,2024030401000627,TAMOR,70,81,10,390.10,3901.00
2648,2649,2024030404000281,UPPER,35,56,136,207.00,28152.00
2649,2650,2024030401000626,MAKAR,55,11,10,382.00,3820.00
2650,2651,2024030401000625,SHIVM,52,44,500,504.90,252450.00
2651,2652,2024030403000159,GILB,16,32,20,806.80,16136.00
2652,2653,2024030401000624,CYCL,71,35,12,1212.00,14544.00
2653,2654,2024030401000623,CYCL,71,4,13,1210.00,15730.00
2654,2655,2024030401000622,CYCL,71,39,30,1206.00,36180.00
2655,2656,2024030401000621,CYCL,71,35,25,1206.00,30150.00
2656,2657,2024030401000620,CYCL,71,25,10,1205.40,12054.00
2657,2658,2024030401000619,CYCL,71,32,90,1205.40,108486.00
2658,2659,2024030401000618,CYCL,71,28,10,1200.00,12000.00
2659,2660,2024030401000617,CYCL,71,21,10,1199.00,11990.00
2660,2661,2024030404000280,GLH,41,39,200,221.00,44200.00
2661,2662,2024030401000616,SAHAS,51,59,10,542.00,5420.00
2662,2663,2024030401000615,SAHAS,51,47,35,542.00,18970.00
2663,2664,2024030405000149,NRN,72,75,550,565.00,310750.00
2664,2665,2024030401000614,DOLTI,71,71,10,378.50,3785.00
2665,2666,2024030404000279,API,35,48,50,192.90,9645.00
2666,2667,2024030404000278,API,35,7,450,192.90,86805.00
2667,2668,2024030405000148,HRL,56,35,215,622.50,133837.50
2668,2669,2024030405000147,HRL,85,35,80,625.00,50000.00
2669,2670,2024030405000146,HRL,35,35,100,630.00,63000.00
2670,2671,2024030405000145,HRL,48,35,500,630.00,315000.00
2671,2672,2024030405000144,HRL,58,35,250,630.00,157500.00
2672,2673,2024030405000143,HRL,74,35,500,630.00,315000.00
2673,2674,2024030405000142,HRL,38,35,105,630.00,66150.00
2674,2675,2024030405000141,HRL,38,35,100,631.00,63100.00
2675,2676,2024030405000140,HRL,19,35,150,631.00,94650.00
2676,2677,2024030405000139,HRL,74,69,110,635.00,69850.00
2677,2678,2024030405000138,HRL,54,69,195,635.00,123825.00
2678,2679,2024030405000137,HRL,46,69,100,638.00,63800.00
2679,2680,2024030403000158,NABBC,52,34,300,413.00,123900.00
2680,2681,2024030405000136,HRL,46,26,100,638.00,63800.00
2681,2682,2024030404000277,MHNL,39,47,10,243.70,2437.00
2682,2683,2024030401000613,DORDI,77,49,25,483.00,12075.00
2683,2684,2024030401000612,DORDI,77,55,75,474.00,35550.00
2684,2685,2024030401000611,MEHL,59,21,200,306.50,61300.00
2685,2686,2024030403000157,SHINE,42,37,300,383.00,114900.00
2686,2687,2024030403000156,PMLI,7,7,10,510.00,5100.00
2687,2688,2024030403000155,GFCL,7,41,100,438.00,43800.00
2688,2689,2024030401000610,ULHC,14,37,50,326.00,16300.00
2689,2690,2024030401000609,MCHL,42,58,10,335.30,3353.00
2690,2691,2024030401000608,GCIL,38,28,200,516.00,103200.00
2691,2692,2024030404000276,SGIC,38,72,100,517.00,51700.00
2692,2693,2024030405000135,NRIC,58,48,10,762.80,7628.00
2693,2694,2024030404000275,NGPL,58,71,200,311.00,62200.00
2694,2695,2024030401000607,SONA,16,41,135,480.10,64813.50
2695,2696,2024030401000606,HDL,41,45,30,1549.00,46470.00
2696,2697,2024030401000605,KBL,51,41,20,148.00,2960.00
2697,2698,2024030404000274,API,6,7,50,192.90,9645.00
2698,2699,2024030401000604,SONA,67,67,730,486.00,354780.00
2699,2700,2024030401000603,SONA,67,29,100,486.00,48600.00
2700,2701,2024030401000602,SONA,67,34,10,485.00,4850.00
2701,2702,2024030401000601,SONA,67,34,1160,485.00,562600.00
2702,2703,2024030401000600,SONA,16,29,200,480.10,96020.00
2703,2704,2024030404000273,NGPL,95,71,1000,312.00,312000.00
2704,2705,2024030401000599,NBL,59,58,4980,223.00,1110540.00
2705,2706,2024030404000272,SHL,34,34,100,449.00,44900.00
2706,2707,2024030401000598,ILI,33,36,10,535.00,5350.00
2707,2708,2024030401000597,ILI,33,58,10,535.00,5350.00
2708,2709,2024030401000596,ILI,33,32,20,534.90,10698.00
2709,2710,2024030401000595,SMJC,38,53,28,390.00,10920.00
2710,2711,2024030401000594,SMJC,38,53,40,390.00,15600.00
2711,2712,2024030401000593,SMJC,38,53,20,390.00,7800.00
2712,2713,2024030401000592,SMJC,38,53,30,390.00,11700.00
2713,2714,2024030401000591,SMJC,38,53,2000,390.00,780000.00
2714,2715,2024030401000590,SMJC,64,53,70,390.00,27300.00
2715,2716,2024030401000589,CLI,45,45,40,445.00,17800.00
2716,2717,2024030403000154,HLI,45,74,15,391.00,5865.00
2717,2718,2024030403000153,LBBL,48,45,20,386.00,7720.00
2718,2719,2024030401000588,SPC,40,6,20,577.70,11554.00
2719,2720,2024030403000152,BFC,21,58,100,331.80,33180.00
2720,2721,2024030401000587,SONA,65,34,320,485.00,155200.00
2721,2722,2024030401000586,SONA,65,34,180,484.00,87120.00
2722,2723,2024030401000585,NYADI,52,50,10,294.20,2942.00
2723,2724,2024030401000584,NYADI,52,28,50,294.00,14700.00
2724,2725,2024030403000151,SHINE,42,74,500,383.00,191500.00
2725,2726,2024030401000583,PHCL,34,42,30,313.00,9390.00
2726,2727,2024030404000271,AKPL,41,47,750,191.40,143550.00
2727,2728,2024030401000582,BNL,41,57,10,23290.60,232906.00
2728,2729,2024030404000270,AKPL,41,34,50,191.40,9570.00
2729,2730,2024030404000269,AKPL,41,7,100,191.40,19140.00
2730,2731,2024030404000268,AKPL,41,42,100,191.00,19100.00
2731,2732,2024030401000581,DORDI,77,55,10,474.00,4740.00
2732,2733,2024030404000267,GHL,45,49,50,156.00,7800.00
2733,2734,2024030404000266,GHL,35,49,280,156.00,43680.00
2734,2735,2024030403000150,LBBL,45,45,60,386.00,23160.00
2735,2736,2024030404000265,NGPL,58,84,200,311.00,62200.00
2736,2737,2024030405000134,HRL,54,19,150,635.00,95250.00
2737,2738,2024030405000133,HRL,56,19,90,635.00,57150.00
2738,2739,2024030404000264,UNHPL,38,58,10,244.80,2448.00
2739,2740,2024030401000580,MKCL,38,21,100,980.00,98000.00
2740,2741,2024030403000149,NLICL,6,32,150,571.20,85680.00
2741,2742,2024030401000579,NRM,34,65,10,372.40,3724.00
2742,2743,2024030401000578,NRM,34,4,90,371.00,33390.00
2743,2744,2024030401000577,HBL,42,55,50,190.50,9525.00
2744,2745,2024030404000263,SGIC,34,72,200,517.00,103400.00
2745,2746,2024030405000132,NIFRA,29,38,150,212.00,31800.00
2746,2747,2024030404000262,UMHL,19,19,250,272.00,68000.00
2747,2748,2024030405000131,HRL,56,58,10,635.00,6350.00
2748,2749,2024030403000148,MERO,18,34,10,528.00,5280.00
2749,2750,2024030405000130,CIT,41,35,30,2142.00,64260.00
2750,2751,2024030401000576,HATHY,35,7,150,891.00,133650.00
2751,2752,2024030401000575,HATHY,35,65,350,890.00,311500.00
2752,2753,2024030404000261,GHL,21,55,500,157.00,78500.00
2753,2754,2024030404000260,SSHL,42,5,10,163.20,1632.00
2754,2755,2024030401000574,BHPL,60,71,10,483.80,4838.00
2755,2756,2024030404000259,IGI,45,13,100,540.00,54000.00
2756,2757,2024030404000258,IGI,58,13,50,541.00,27050.00
2757,2758,2024030403000147,NICLBSL,32,55,10,546.10,5461.00
2758,2759,2024030403000146,HLI,45,21,80,390.00,31200.00
2759,2760,2024030403000145,HLI,52,21,100,391.00,39100.00
2760,2761,2024030403000144,HLI,48,21,200,391.00,78200.00
2761,2762,2024030403000143,HLI,45,21,100,391.10,39110.00
2762,2763,2024030403000142,HLI,36,21,20,391.10,7822.00
2763,2764,2024030401000573,SONA,16,34,500,480.10,240050.00
2764,2765,2024030404000257,SGIC,8,19,200,526.00,105200.00
2765,2766,2024030405000129,NTC,8,50,10,864.00,8640.00
2766,2767,2024030405000128,NTC,8,33,30,864.00,25920.00
2767,2768,2024030403000141,SHINE,42,16,200,383.00,76600.00
2768,2769,2024030403000140,SHINE,17,16,300,383.00,114900.00
2769,2770,2024030401000572,PHCL,17,42,100,313.00,31300.00
2770,2771,2024030401000571,MBJC,47,6,20,327.00,6540.00
2771,2772,2024030401000570,MBJC,47,52,100,321.10,32110.00
2772,2773,2024030403000139,NFS,35,70,10,349.50,3495.00
2773,2774,2024030401000569,NICA,58,45,50,435.00,21750.00
2774,2775,2024030401000568,RNLI,43,32,10,439.00,4390.00
2775,2776,2024030401000567,RNLI,43,38,10,439.00,4390.00
2776,2777,2024030401000566,RNLI,43,62,55,435.00,23925.00
2777,2778,2024030403000138,GUFL,62,20,10,591.70,5917.00
2778,2779,2024030401000565,SONA,16,74,340,480.10,163234.00
2779,2780,2024030403000137,SJLIC,42,62,200,463.00,92600.00
2780,2781,2024030401000564,SHIVM,42,58,50,505.00,25250.00
2781,2782,2024030404000256,UMRH,32,29,10,360.40,3604.00
2782,2783,2024030401000563,ILI,3,25,100,534.00,53400.00
2783,2784,2024030401000562,SHIVM,46,54,10,500.10,5001.00
2784,2785,2024030404000255,GHL,34,55,100,157.00,15700.00
2785,2786,2024030404000254,GHL,21,55,160,157.00,25120.00
2786,2787,2024030404000253,AKPL,50,40,100,191.00,19100.00
2787,2788,2024030404000252,AKPL,50,57,200,190.00,38000.00
2788,2789,2024030401000561,IHL,42,34,50,355.30,17765.00
2789,2790,2024030401000560,IHL,42,41,200,355.00,71000.00
2790,2791,2024030401000559,GCIL,61,43,200,517.00,103400.00
2791,2792,2024030401000558,SRLI,45,29,10,436.50,4365.00
2792,2793,2024030401000557,GCIL,45,43,400,517.00,206800.00
2793,2794,2024030401000556,BHL,19,64,10,338.40,3384.00
2794,2795,2024030401000555,HIDCLP,62,55,1000,101.30,101300.00
2795,2796,2024030404000251,JOSHI,57,41,10,362.60,3626.00
2796,2797,2024030401000554,SONA,16,44,500,480.10,240050.00
2797,2798,2024030405000127,NRN,72,32,200,561.00,112200.00
2798,2799,2024030405000126,NRN,72,82,50,559.50,27975.00
2799,2800,2024030405000125,NRN,72,52,100,559.00,55900.00
2800,2801,2024030403000136,CFCL,3,43,10,340.50,3405.00
2801,2802,2024030405000124,HRL,56,56,100,635.00,63500.00
2802,2803,2024030403000135,SIFC,56,56,10,364.10,3641.00
2803,2804,2024030401000553,NIMB,57,35,10,163.70,1637.00
2804,2805,2024030404000250,UNHPL,38,35,10,244.80,2448.00
2805,2806,2024030403000134,GILB,21,22,25,807.00,20175.00
2806,2807,2024030403000133,GBBL,74,42,500,372.00,186000.00
2807,2808,2024030404000249,API,53,7,500,193.00,96500.00
2808,2809,2024030403000132,SJLIC,22,62,65,463.00,30095.00
2809,2810,2024030401000552,MKHC,89,11,10,295.30,2953.00
2810,2811,2024030401000551,MMKJL,44,48,10,413.00,4130.00
2811,2812,2024030404000248,API,53,29,500,193.00,96500.00
2812,2813,2024030401000550,DORDI,77,77,10,474.00,4740.00
2813,2814,2024030404000247,UPCL,71,21,500,225.00,112500.00
2814,2815,2024030403000131,GILB,54,22,50,807.00,40350.00
2815,2816,2024030401000549,GCIL,4,43,300,509.00,152700.00
2816,2817,2024030401000548,SONA,16,58,10,480.10,4801.00
2817,2818,2024030401000547,SMJC,71,58,500,389.00,194500.00
2818,2819,2024030404000246,HURJA,41,41,10,297.00,2970.00
2819,2820,2024030404000245,NGPL,44,4,110,313.00,34430.00
2820,2821,2024030404000244,NGPL,44,71,390,308.00,120120.00
2821,2822,2024030404000243,SGIC,68,19,10,526.00,5260.00
2822,2823,2024030401000546,DOLTI,71,71,10,371.10,3711.00
2823,2824,2024030401000545,HDL,45,22,20,1549.90,30998.00
2824,2825,2024030401000544,MKLB,62,71,10,802.00,8020.00
2825,2826,2024030405000123,HRL,56,52,300,635.00,190500.00
2826,2827,2024030401000543,NBL,35,58,10,223.00,2230.00
2827,2828,2024030404000242,API,59,29,50,190.00,9500.00
2828,2829,2024030401000542,RNLI,84,62,10,435.00,4350.00
2829,2830,2024030405000122,HRL,19,34,50,631.00,31550.00
2830,2831,2024030401000541,SONA,16,13,250,480.10,120025.00
2831,2832,2024030401000540,SONA,59,34,20,485.00,9700.00
2832,2833,2024030401000539,SONA,59,48,100,485.00,48500.00
2833,2834,2024030401000538,SONA,59,43,200,484.00,96800.00
2834,2835,2024030401000537,SONA,59,28,200,484.00,96800.00
2835,2836,2024030401000536,SONA,59,67,1000,482.00,482000.00
2836,2837,2024030401000535,SONA,59,19,480,481.00,230880.00
2837,2838,2024030404000241,RHPL,32,49,100,284.00,28400.00
2838,2839,2024030404000240,MEN,14,34,110,617.00,67870.00
2839,2840,2024030401000534,ULHC,34,59,40,322.50,12900.00
2840,2841,2024030401000533,ULHC,34,39,10,322.50,3225.00
2841,2842,2024030401000532,SONA,34,19,20,481.00,9620.00
2842,2843,2024030401000531,SONA,34,48,60,481.00,28860.00
2843,2844,2024030404000239,NGPL,62,71,100,308.00,30800.00
2844,2845,2024030403000130,SJLIC,14,62,100,463.00,46300.00
2845,2846,2024030404000238,UPCL,26,34,500,220.00,110000.00
2846,2847,2024030401000530,SONA,58,48,40,481.00,19240.00
2847,2848,2024030401000529,SONA,58,48,60,481.00,28860.00
2848,2849,2024030405000121,HRL,38,51,20,630.00,12600.00
2849,2850,2024030404000237,AKPL,41,34,50,188.00,9400.00
2850,2851,2024030404000236,SPIL,42,36,10,758.80,7588.00
2851,2852,2024030401000528,NRM,72,65,250,372.40,93100.00
2852,2853,2024030401000527,CZBIL,46,55,1000,164.20,164200.00
2853,2854,2024030405000120,NIFRA,49,38,50,212.00,10600.00
2854,2855,2024030401000526,SONA,39,48,200,481.00,96200.00
2855,2856,2024030401000525,NRM,13,19,100,372.30,37230.00
2856,2857,2024030401000524,MKCL,56,16,100,979.00,97900.00
2857,2858,2024030401000523,MHCL,49,69,10,499.00,4990.00
2858,2859,2024030404000235,GHL,21,53,240,157.00,37680.00
2859,2860,2024030404000234,GHL,57,53,60,157.00,9420.00
2860,2861,2024030403000129,ICFC,38,43,50,491.90,24595.00
2861,2862,2024030403000128,ICFC,38,39,50,489.00,24450.00
2862,2863,2024030401000522,MHCL,49,25,10,499.00,4990.00
2863,2864,2024030401000521,CYCL,45,21,10,1199.00,11990.00
2864,2865,2024030401000520,RAWA,70,18,10,460.00,4600.00
2865,2866,2024030401000519,RAWA,70,34,10,460.00,4600.00
2866,2867,2024030404000233,GHL,41,53,40,158.00,6320.00
2867,2868,2024030404000232,GHL,41,35,60,157.90,9474.00
2868,2869,2024030405000119,HRL,38,33,500,630.00,315000.00
2869,2870,2024030401000518,SONA,7,48,50,481.00,24050.00
2870,2871,2024030401000517,HDL,54,35,50,1550.00,77500.00
2871,2872,2024030405000118,HRL,38,69,1000,630.00,630000.00
2872,2873,2024030401000516,NICA,57,45,50,435.00,21750.00
2873,2874,2024030403000127,ALICL,44,33,1740,577.00,1003980.00
2874,2875,2024030403000126,ALICL,44,49,200,576.90,115380.00
2875,2876,2024030403000125,ALICL,44,57,290,576.00,167040.00
2876,2877,2024030403000124,ALICL,44,44,300,576.00,172800.00
2877,2878,2024030403000123,ALICL,44,16,300,576.00,172800.00
2878,2879,2024030403000122,ALICL,44,44,170,576.00,97920.00
2879,2880,2024030401000515,AHL,66,42,10,429.90,4299.00
2880,2881,2024030403000121,KSBBL,42,45,10,344.90,3449.00
2881,2882,2024030401000514,PPL,32,57,100,333.00,33300.00
2882,2883,2024030405000117,NRN,77,82,50,559.50,27975.00
2883,2884,2024030405000116,NRN,77,34,50,559.00,27950.00
2884,2885,2024030405000115,NRN,77,45,50,559.00,27950.00
2885,2886,2024030405000114,NRN,77,28,50,558.00,27900.00
2886,2887,2024030404000231,UMHL,19,48,750,272.00,204000.00
2887,2888,2024030404000230,UMHL,19,49,1000,271.50,271500.00
2888,2889,2024030405000113,HRL,38,38,10,630.00,6300.00
2889,2890,2024030401000513,SHIVM,82,66,5000,507.00,2535000.00
2890,2891,2024030401000512,CLI,45,32,10,437.90,4379.00
2891,2892,2024030401000511,GCIL,52,43,80,517.00,41360.00
2892,2893,2024030401000510,GCIL,52,52,100,517.00,51700.00
2893,2894,2024030405000112,HRL,38,52,20,630.00,12600.00
2894,2895,2024030404000229,AKJCL,16,52,10,224.40,2244.00
2895,2896,2024030401000509,MHL,38,32,10,372.30,3723.00
2896,2897,2024030404000228,NICL,45,86,10,845.00,8450.00
2897,2898,2024030404000227,NICL,57,86,240,845.00,202800.00
2898,2899,2024030404000226,NGPL,22,71,10,308.00,3080.00
2899,2900,2024030401000508,MEHL,59,34,200,306.00,61200.00
2900,2901,2024030401000507,MEHL,59,44,300,305.00,91500.00
2901,2902,2024030405000111,NRN,74,47,400,550.00,220000.00
2902,2903,2024030405000110,NRN,33,47,100,555.00,55500.00
2903,2904,2024030401000506,SONA,16,56,457,479.00,218903.00
2904,2905,2024030404000225,NGPL,46,4,100,313.00,31300.00
2905,2906,2024030405000109,NIFRA,49,7,150,212.00,31800.00
2906,2907,2024030401000505,MHCL,49,71,100,499.00,49900.00
2907,2908,2024030401000504,HHL,22,8,200,342.90,68580.00
2908,2909,2024030405000108,HRL,38,4,20,630.00,12600.00
2909,2910,2024030405000107,HRL,38,51,15,630.00,9450.00
2910,2911,2024030405000106,HRL,38,69,310,630.00,195300.00
2911,2912,2024030401000503,SONA,64,56,100,479.00,47900.00
2912,2913,2024030401000502,SONA,17,56,1000,479.00,479000.00
2913,2914,2024030401000501,SONA,13,56,564,479.00,270156.00
2914,2915,2024030401000500,SONA,48,56,10,480.00,4800.00
2915,2916,2024030401000499,GVL,66,74,10,447.00,4470.00
2916,2917,2024030401000498,SHIVM,66,25,100,508.00,50800.00
2917,2918,2024030404000224,HDHPC,34,44,100,144.70,14470.00
2918,2919,2024030405000105,CHDC,71,19,10,980.00,9800.00
2919,2920,2024030401000497,BHL,41,19,10,331.80,3318.00
2920,2921,2024030401000496,HIDCLP,40,55,1000,101.00,101000.00
2921,2922,2024030403000120,HLI,21,34,10,394.00,3940.00
2922,2923,2024030401000495,HIDCLP,17,55,1000,101.00,101000.00
2923,2924,2024030404000223,HPPL,42,39,10,269.70,2697.00
2924,2925,2024030401000494,RHGCL,62,6,10,292.30,2923.00
2925,2926,2024030401000493,RHGCL,62,16,10,292.00,2920.00
2926,2927,2024030401000492,CKHL,58,52,10,657.00,6570.00
2927,2928,2024030404000222,NGPL,36,4,500,313.00,156500.00
2928,2929,2024030404000221,NGPL,36,4,500,310.00,155000.00
2929,2930,2024030404000220,RIDI,42,65,10,191.00,1910.00
2930,2931,2024030405000104,HRL,42,69,200,630.00,126000.00
2931,2932,2024030401000491,DORDI,86,49,85,465.90,39601.50
2932,2933,2024030404000219,API,59,58,150,189.70,28455.00
2933,2934,2024030403000119,MFIL,55,45,1300,497.00,646100.00
2934,2935,2024030405000103,NIFRA,57,55,946,214.90,203295.40
2935,2936,2024030405000102,NIFRA,57,49,54,214.00,11556.00
2936,2937,2024030405000101,NRN,74,44,20,550.00,11000.00
2937,2938,2024030404000218,KKHC,84,34,10,237.60,2376.00
2938,2939,2024030404000217,UPCL,7,16,310,221.00,68510.00
2939,2940,2024030404000216,UPCL,7,42,2000,220.00,440000.00
2940,2941,2024030401000490,HATHY,45,7,120,891.00,106920.00
2941,2942,2024030404000215,JOSHI,26,21,450,377.00,169650.00
2942,2943,2024030404000214,JOSHI,26,62,10,376.30,3763.00
2943,2944,2024030404000213,JOSHI,26,18,631,376.00,237256.00
2944,2945,2024030404000212,JOSHI,26,18,410,376.00,154160.00
2945,2946,2024030404000211,JOSHI,26,45,490,370.00,181300.00
2946,2947,2024030404000210,JOSHI,41,45,10,370.00,3700.00
2947,2948,2024030404000209,JOSHI,41,19,280,370.00,103600.00
2948,2949,2024030404000208,CHL,35,14,200,298.00,59600.00
2949,2950,2024030404000207,API,41,58,50,189.70,9485.00
2950,2951,2024030404000206,CGH,36,35,90,843.70,75933.00
2951,2952,2024030404000205,NGPL,48,16,500,310.00,155000.00
2952,2953,2024030404000204,NGPL,16,4,1000,313.00,313000.00
2953,2954,2024030401000489,MANDU,10,49,50,680.00,34000.00
2954,2955,2024030401000488,MANDU,10,62,250,680.00,170000.00
2955,2956,2024030405000100,HRL,42,69,100,630.00,63000.00
2956,2957,2024030401000487,SONA,58,48,10,481.00,4810.00
2957,2958,2024030401000486,SONA,64,48,30,481.00,14430.00
2958,2959,2024030401000485,MEL,38,58,10,218.00,2180.00
2959,2960,2024030403000118,SFCL,43,34,10,302.90,3029.00
2960,2961,2024030405000099,NIFRA,34,22,73,215.00,15695.00
2961,2962,2024030405000098,NIFRA,34,58,14,215.00,3010.00
2962,2963,2024030405000097,NIFRA,34,19,13,214.00,2782.00
2963,2964,2024030403000117,HLBSL,38,34,60,573.20,34392.00
2964,2965,2024030404000203,GLH,38,16,10,217.10,2171.00
2965,2966,2024030404000202,UMHL,38,48,250,272.00,68000.00
2966,2967,2024030404000201,UMHL,38,3,350,271.90,95165.00
2967,2968,2024030401000484,DORDI,55,77,10,465.00,4650.00
2968,2969,2024030401000483,ILI,40,32,20,534.90,10698.00
2969,2970,2024030404000200,GHL,57,58,90,157.00,14130.00
2970,2971,2024030404000199,CGH,21,33,10,842.00,8420.00
2971,2972,2024030403000116,SIFC,56,56,10,357.00,3570.00
2972,2973,2024030405000096,HRL,36,69,20,630.00,12600.00
2973,2974,2024030401000482,NYADI,44,52,10,294.20,2942.00
2974,2975,2024030401000481,NYADI,44,18,10,294.00,2940.00
2975,2976,2024030404000198,TRH,57,68,10,763.00,7630.00
2976,2977,2024030404000197,NHPC,68,47,10,160.10,1601.00
2977,2978,2024030401000480,VLUCL,68,47,500,553.90,276950.00
2978,2979,2024030401000479,VLUCL,68,34,50,548.00,27400.00
2979,2980,2024030401000478,SBI,13,34,50,285.60,14280.00
2980,2981,2024030401000477,NRM,45,43,90,370.00,33300.00
2981,2982,2024030404000196,AHPC,21,35,10,189.00,1890.00
2982,2983,2024030401000476,SMH,5,69,10,661.90,6619.00
2983,2984,2024030401000475,USHL,38,36,10,460.00,4600.00
2984,2985,2024030401000474,SONA,64,58,20,481.00,9620.00
2985,2986,2024030405000095,HRL,57,69,500,630.00,315000.00
2986,2987,2024030401000473,MEHL,50,34,300,306.00,91800.00
2987,2988,2024030401000472,HHL,28,8,200,340.00,68000.00
2988,2989,2024030401000471,SHIVM,42,71,100,509.00,50900.00
2989,2990,2024030401000470,MHCL,88,18,49,519.00,25431.00
2990,2991,2024030401000469,MHCL,88,5,60,519.00,31140.00
2991,2992,2024030403000115,SADBL,43,53,10,300.00,3000.00
2992,2993,2024030405000094,HRL,41,69,100,630.00,63000.00
2993,2994,2024030405000093,HRL,85,58,20,625.00,12500.00
2994,2995,2024030405000092,HRL,32,58,30,627.00,18810.00
2995,2996,2024030403000114,ICFC,7,43,200,491.90,98380.00
2996,2997,2024030401000468,DOLTI,16,71,10,363.90,3639.00
2997,2998,2024030404000195,HDHPC,1,22,10,144.70,1447.00
2998,2999,2024030401000467,PPL,45,29,10,333.00,3330.00
2999,3000,2024030405000091,NRIC,57,48,20,761.00,15220.00
3000,3001,2024030404000194,API,41,34,50,189.70,9485.00
3001,3002,2024030401000466,SONA,53,54,100,485.00,48500.00
3002,3003,2024030404000193,CGH,32,35,10,843.70,8437.00
3003,3004,2024030401000465,NICA,45,45,100,435.00,43500.00
3004,3005,2024030401000464,MKHL,26,58,200,370.00,74000.00
3005,3006,2024030405000090,HRL,4,69,355,630.00,223650.00
3006,3007,2024030401000463,MKCL,45,21,50,980.00,49000.00
3007,3008,2024030404000192,GHL,26,58,90,157.00,14130.00
3008,3009,2024030404000191,GHL,26,45,10,156.90,1569.00
3009,3010,2024030401000462,HBL,35,41,25,187.00,4675.00
3010,3011,2024030401000461,HBL,35,41,25,187.00,4675.00
3011,3012,2024030403000113,SAPDBL,35,55,1000,255.50,255500.00
3012,3013,2024030401000460,SPC,45,6,10,577.70,5777.00
3013,3014,2024030405000089,HRL,72,69,415,630.00,261450.00
3014,3015,2024030405000088,HRL,72,25,50,630.00,31500.00
3015,3016,2024030405000087,HRL,72,62,35,630.00,22050.00
3016,3017,2024030403000112,GFCL,33,45,170,430.00,73100.00
3017,3018,2024030401000459,GCIL,42,3,410,527.00,216070.00
3018,3019,2024030401000458,GCIL,42,58,50,527.00,26350.00
3019,3020,2024030401000457,GCIL,42,29,200,517.70,103540.00
3020,3021,2024030401000456,SHIVM,42,71,124,509.00,63116.00
3021,3022,2024030401000455,SHIVM,42,58,85,500.80,42568.00
3022,3023,2024030401000454,SHIVM,42,57,91,500.00,45500.00
3023,3024,2024030403000111,GFCL,42,45,334,429.50,143453.00
3024,3025,2024030401000453,ULHC,54,47,10,320.00,3200.00
3025,3026,2024030401000452,TVCL,71,32,100,552.40,55240.00
3026,3027,2024030401000451,TVCL,71,38,10,552.40,5524.00
3027,3028,2024030401000450,TVCL,71,44,10,552.40,5524.00
3028,3029,2024030403000110,SJLIC,22,62,10,463.00,4630.00
3029,3030,2024030403000109,SJLIC,51,62,10,465.70,4657.00
3030,3031,2024030403000108,MFIL,38,45,200,497.00,99400.00
3031,3032,2024030403000107,MFIL,34,45,500,497.00,248500.00
3032,3033,2024030403000106,MFIL,57,45,500,497.10,248550.00
3033,3034,2024030401000449,SANIMA,25,45,10,238.60,2386.00
3034,3035,2024030405000086,NTC,45,45,30,850.00,25500.00
3035,3036,2024030404000190,UMHL,26,3,650,271.90,176735.00
3036,3037,2024030404000189,UMHL,26,44,100,270.00,27000.00
3037,3038,2024030404000188,UMHL,26,48,150,270.00,40500.00
3038,3039,2024030401000448,GCIL,52,58,620,517.00,320540.00
3039,3040,2024030404000187,UMHL,64,48,350,270.00,94500.00
3040,3041,2024030404000186,UMHL,64,44,150,268.10,40215.00
3041,3042,2024030403000105,JBBL,62,54,50,300.10,15005.00
3042,3043,2024030401000447,NIMB,6,55,300,166.00,49800.00
3043,3044,2024030405000085,HRL,35,62,100,630.00,63000.00
3044,3045,2024030401000446,DORDI,77,49,10,465.90,4659.00
3045,3046,2024030404000185,UMHL,57,44,350,268.10,93835.00
3046,3047,2024030401000445,PRVU,32,22,10,146.60,1466.00
3047,3048,2024030401000444,NICA,13,7,10,438.00,4380.00
3048,3049,2024030401000443,NICA,13,33,10,438.00,4380.00
3049,3050,2024030401000442,NICA,13,42,30,435.00,13050.00
3050,3051,2024030404000184,JOSHI,38,19,220,370.00,81400.00
3051,3052,2024030401000441,SRLI,45,58,10,436.00,4360.00
3052,3053,2024030404000183,UPCL,59,45,1600,217.00,347200.00
3053,3054,2024030404000182,UPCL,59,37,200,216.90,43380.00
3054,3055,2024030401000440,SHIVM,49,57,429,500.00,214500.00
3055,3056,2024030401000439,KBL,74,1,10,148.70,1487.00
3056,3057,2024030404000181,MEN,22,34,90,617.20,55548.00
3057,3058,2024030401000438,MCHL,42,58,10,328.80,3288.00
3058,3059,2024030405000084,NIFRA,4,19,150,214.00,32100.00
3059,3060,2024030403000104,FOWAD,55,74,82,1019.50,83599.00
3060,3061,2024030404000180,RADHI,13,89,10,243.20,2432.00
3061,3062,2024030403000103,USLB,34,57,10,1106.70,11067.00
3062,3063,2024030405000083,HRL,28,62,150,630.00,94500.00
3063,3064,2024030401000437,ADBL,41,32,310,228.40,70804.00
3064,3065,2024030403000102,ICFC,50,42,50,491.00,24550.00
3065,3066,2024030401000436,HDL,55,17,200,1527.00,305400.00
3066,3067,2024030401000435,ILI,42,32,50,534.90,26745.00
3067,3068,2024030405000082,HRL,29,62,50,630.00,31500.00
3068,3069,2024030401000434,HATHY,25,7,80,891.00,71280.00
3069,3070,2024030401000433,HATHY,25,33,20,891.00,17820.00
3070,3071,2024030404000179,AKPL,41,13,25,188.00,4700.00
3071,3072,2024030404000178,AKPL,41,47,22,188.00,4136.00
3072,3073,2024030401000432,PCBL,49,49,100,196.00,19600.00
3073,3074,2024030401000431,PCBL,49,14,340,196.00,66640.00
3074,3075,2024030401000430,PCBL,49,44,1900,195.90,372210.00
3075,3076,2024030404000177,AKPL,34,47,78,188.00,14664.00
3076,3077,2024030404000176,AKPL,34,11,22,188.00,4136.00
3077,3078,2024030404000175,NICL,57,29,10,845.00,8450.00
3078,3079,2024030404000174,AKPL,22,11,78,188.00,14664.00
3079,3080,2024030401000429,GCIL,45,58,380,517.00,196460.00
3080,3081,2024030401000428,GCIL,45,49,20,517.00,10340.00
3081,3082,2024030401000427,GCIL,45,46,100,517.00,51700.00
3082,3083,2024030404000173,RHPL,32,41,100,284.00,28400.00
3083,3084,2024030404000172,JOSHI,41,18,90,376.00,33840.00
3084,3085,2024030404000171,JOSHI,41,18,10,370.20,3702.00
3085,3086,2024030404000170,JOSHI,41,62,10,370.20,3702.00
3086,3087,2024030401000426,SHIVM,35,57,100,500.00,50000.00
3087,3088,2024030405000081,NIBSF2,43,52,100,7.16,716.00
3088,3089,2024030405000080,HRL,50,62,100,630.00,63000.00
3089,3090,2024030405000079,HRL,50,77,200,629.00,125800.00
3090,3091,2024030404000169,PMHPL,35,46,10,244.80,2448.00
3091,3092,2024030404000168,UMHL,57,62,400,268.10,107240.00
3092,3093,2024030401000425,ADBL,13,32,190,228.40,43396.00
3093,3094,2024030401000424,ADBL,13,42,10,228.00,2280.00
3094,3095,2024030404000167,SPIL,57,45,10,744.00,7440.00
3095,3096,2024030404000166,SPIL,42,45,90,758.80,68292.00
3096,3097,2024030401000423,PCBL,41,44,100,195.90,19590.00
3097,3098,2024030404000165,JOSHI,38,39,80,370.00,29600.00
3098,3099,2024030404000164,JOSHI,38,45,100,369.00,36900.00
3099,3100,2024030403000101,SJLIC,44,34,10,465.70,4657.00
3100,3101,2024030404000163,AHPC,58,58,295,186.60,55047.00
3101,3102,2024030401000422,KBL,7,34,500,148.60,74300.00
3102,3103,2024030401000421,SMJC,71,26,1000,388.60,388600.00
3103,3104,2024030401000420,MKLB,58,62,10,756.50,7565.00
3104,3105,2024030403000100,CBBL,45,44,10,825.00,8250.00
3105,3106,2024030404000162,UPCL,45,45,200,217.00,43400.00
3106,3107,2024030404000161,CGH,50,40,50,840.00,42000.00
3107,3108,2024030404000160,RHPL,65,49,1000,284.00,284000.00
3108,3109,2024030401000419,BHL,19,19,10,325.30,3253.00
3109,3110,2024030401000418,SMJC,95,43,300,387.00,116100.00
3110,3111,2024030404000159,IGI,35,1,10,550.00,5500.00
3111,3112,2024030405000078,NRIC,81,35,10,760.30,7603.00
3112,3113,2024030401000417,NRM,38,43,980,370.00,362600.00
3113,3114,2024030403000099,GBBL,44,45,110,365.00,40150.00
3114,3115,2024030401000416,MKJC,44,52,10,493.00,4930.00
3115,3116,2024030405000077,HRL,42,62,80,630.00,50400.00
3116,3117,2024030405000076,HRL,42,21,20,629.00,12580.00
3117,3118,2024030401000415,SHIVM,6,57,200,500.00,100000.00
3118,3119,2024030401000414,SHIVM,6,44,300,499.80,149940.00
3119,3120,2024030401000413,MKHL,47,58,190,370.00,70300.00
3120,3121,2024030403000098,FOWAD,38,74,50,1019.50,50975.00
3121,3122,2024030403000097,BFC,32,7,100,331.80,33180.00
3122,3123,2024030401000412,LSL,58,58,62,165.30,10248.60
3123,3124,2024030405000075,HRL,29,62,100,630.00,63000.00
3124,3125,2024030401000411,MKLB,62,71,10,802.00,8020.00
3125,3126,2024030404000158,SHPC,45,62,45,351.00,15795.00
3126,3127,2024030403000096,FOWAD,55,74,20,1019.50,20390.00
3127,3128,2024030403000095,FOWAD,55,21,380,1019.00,387220.00
3128,3129,2024030404000157,GHL,35,35,200,156.00,31200.00
3129,3130,2024030401000410,MHCL,58,35,90,498.90,44901.00
3130,3131,2024030401000409,MHCL,35,35,10,499.50,4995.00
3131,3132,2024030405000074,HRL,74,74,90,621.00,55890.00
3132,3133,2024030405000073,HRL,58,74,10,621.10,6211.00
3133,3134,2024030405000072,HRL,17,62,200,630.00,126000.00
3134,3135,2024030401000408,TAMOR,56,81,10,382.50,3825.00
3135,3136,2024030401000407,MBJC,47,29,10,321.10,3211.00
3136,3137,2024030401000406,MEL,65,43,10,217.30,2173.00
3137,3138,2024030401000405,MEL,65,56,100,217.20,21720.00
3138,3139,2024030401000404,SONA,16,26,86,488.00,41968.00
3139,3140,2024030401000403,SONA,16,21,404,487.00,196748.00
3140,3141,2024030401000402,SONA,16,67,500,487.00,243500.00
3141,3142,2024030401000401,SONA,16,53,10,485.00,4850.00
3142,3143,2024030401000400,SMJC,95,64,30,387.00,11610.00
3143,3144,2024030401000399,SMJC,95,58,500,387.00,193500.00
3144,3145,2024030401000398,SMJC,95,3,10,387.00,3870.00
3145,3146,2024030403000094,SHINE,17,33,700,383.00,268100.00
3146,3147,2024030401000397,RAWA,49,34,10,451.00,4510.00
3147,3148,2024030404000156,RIDI,42,65,10,191.00,1910.00
3148,3149,2024030405000071,CHDC,72,71,10,962.00,9620.00
3149,3150,2024030403000093,NLICL,54,26,20,560.00,11200.00
3150,3151,2024030403000092,SIFC,56,56,10,350.00,3500.00
3151,3152,2024030405000070,NIFRA,42,62,20,216.00,4320.00
3152,3153,2024030401000396,GVL,66,66,50,439.20,21960.00
3153,3154,2024030404000155,CGH,7,40,50,840.00,42000.00
3154,3155,2024030401000395,MHCL,88,5,140,519.00,72660.00
3155,3156,2024030401000394,MHCL,88,66,10,519.00,5190.00
3156,3157,2024030401000393,RFPL,95,62,200,344.00,68800.00
3157,3158,2024030404000154,AHPC,41,35,10,186.00,1860.00
3158,3159,2024030404000153,GHL,35,34,20,156.00,3120.00
3159,3160,2024030405000069,HRL,72,62,150,630.00,94500.00
3160,3161,2024030401000392,SONA,7,26,860,488.00,419680.00
3161,3162,2024030401000391,SONA,7,71,1140,488.00,556320.00
3162,3163,2024030401000390,HATHY,71,65,100,892.00,89200.00
3163,3164,2024030401000389,RFPL,95,29,300,344.00,103200.00
3164,3165,2024030401000388,RHGCL,45,6,10,286.60,2866.00
3165,3166,2024030401000387,SHIVM,21,51,100,499.90,49990.00
3166,3167,2024030401000386,SONA,57,71,500,488.00,244000.00
3167,3168,2024030404000152,SHPC,32,62,20,351.00,7020.00
3168,3169,2024030401000385,SONA,42,34,500,480.00,240000.00
3169,3170,2024030401000384,NMB,34,55,50,181.30,9065.00
3170,3171,2024030405000068,NIFRA,42,62,100,216.00,21600.00
3171,3172,2024030401000383,BNHC,29,43,10,487.00,4870.00
3172,3173,2024030404000151,BARUN,48,48,100,252.00,25200.00
3173,3174,2024030401000382,MEL,45,11,10,215.00,2150.00
3174,3175,2024030403000091,SINDU,35,42,500,325.30,162650.00
3175,3176,2024030401000381,SCB,52,47,10,510.00,5100.00
3176,3177,2024030401000380,NYADI,44,52,10,288.50,2885.00
3177,3178,2024030403000090,ALICL,59,72,450,569.00,256050.00
3178,3179,2024030403000089,ALICL,48,72,50,570.00,28500.00
3179,3180,2024030401000379,SHIVM,57,57,180,500.00,90000.00
3180,3181,2024030401000378,SHIVM,57,41,20,500.00,10000.00
3181,3182,2024030404000150,UPCL,34,45,200,217.00,43400.00
3182,3183,2024030401000377,AHL,34,71,10,429.70,4297.00
3183,3184,2024030401000376,NMB,58,55,950,181.30,172235.00
3184,3185,2024030401000375,NMB,58,7,50,181.20,9060.00
3185,3186,2024030404000149,SHPC,25,62,435,351.00,152685.00
3186,3187,2024030401000374,VLUCL,6,4,20,548.00,10960.00
3187,3188,2024030401000373,MHCL,71,25,20,519.00,10380.00
3188,3189,2024030405000067,HRL,29,62,130,630.00,81900.00
3189,3190,2024030405000066,HRL,29,34,20,627.00,12540.00
3190,3191,2024030404000148,AKJCL,34,52,10,220.00,2200.00
3191,3192,2024030404000147,NGPL,43,33,90,307.50,27675.00
3192,3193,2024030401000372,SONA,13,25,320,479.00,153280.00
3193,3194,2024030401000371,SONA,4,25,110,480.00,52800.00
3194,3195,2024030401000370,MHCL,45,69,30,509.40,15282.00
3195,3196,2024030401000369,MHCL,45,35,100,509.40,50940.00
3196,3197,2024030404000146,GHL,59,34,30,156.00,4680.00
3197,3198,2024030404000145,GHL,59,38,70,156.00,10920.00
3198,3199,2024030405000065,NIFRA,41,62,110,216.00,23760.00
3199,3200,2024030401000368,GCIL,21,46,900,517.00,465300.00
3200,3201,2024030401000367,GCIL,21,25,100,517.00,51700.00
3201,3202,2024030404000144,SGIC,68,57,200,517.00,103400.00
3202,3203,2024030404000143,SGIC,68,84,500,517.00,258500.00
3203,3204,2024030404000142,GHL,32,38,100,156.00,15600.00
3204,3205,2024030403000088,ALICL,42,44,330,576.00,190080.00
3205,3206,2024030403000087,ALICL,42,45,170,576.00,97920.00
3206,3207,2024030404000141,API,14,34,50,186.00,9300.00
3207,3208,2024030401000366,SMHL,76,67,10,479.90,4799.00
3208,3209,2024030403000086,LBBL,44,49,50,385.50,19275.00
3209,3210,2024030403000085,RLFL,36,21,10,346.80,3468.00
3210,3211,2024030405000064,NIFRA,17,62,500,216.00,108000.00
3211,3212,2024030403000084,RSDC,7,49,100,517.09,51709.00
3212,3213,2024030404000140,SPIL,42,36,10,744.00,7440.00
3213,3214,2024030401000365,MKLB,62,62,10,787.00,7870.00
3214,3215,2024030404000139,GHL,13,38,300,156.00,46800.00
3215,3216,2024030401000364,SONA,19,71,350,488.00,170800.00
3216,3217,2024030401000363,SONA,19,25,100,488.00,48800.00
3217,3218,2024030401000362,SONA,19,56,50,485.00,24250.00
3218,3219,2024030401000361,MKCL,45,49,30,974.00,29220.00
3219,3220,2024030401000360,SNLI,59,38,10,617.00,6170.00
3220,3221,2024030401000359,SNLI,59,57,10,613.00,6130.00
3221,3222,2024030401000358,SNLI,59,1,10,610.00,6100.00
3222,3223,2024030401000357,SNLI,59,22,10,606.40,6064.00
3223,3224,2024030403000083,SKBBL,49,45,30,820.90,24627.00
3224,3225,2024030403000082,SKBBL,49,44,100,820.00,82000.00
3225,3226,2024030405000063,NRIC,81,48,100,760.30,76030.00
3226,3227,2024030403000081,GBBL,45,45,163,360.00,58680.00
3227,3228,2024030401000356,MHCL,35,35,10,499.50,4995.00
3228,3229,2024030401000355,BHL,38,64,10,319.00,3190.00
3229,3230,2024030403000080,MPFL,32,34,10,347.60,3476.00
3230,3231,2024030401000354,SONA,4,49,190,480.00,91200.00
3231,3232,2024030401000353,SONA,42,49,200,480.00,96000.00
3232,3233,2024030405000062,NIFRA,22,19,37,216.90,8025.30
3233,3234,2024030401000352,SMJC,47,56,10,381.00,3810.00
3234,3235,2024030401000351,HATHY,57,65,50,892.00,44600.00
3235,3236,2024030404000138,RURU,17,36,100,729.30,72930.00
3236,3237,2024030404000137,RURU,17,5,100,729.00,72900.00
3237,3238,2024030404000136,UPCL,10,58,200,212.00,42400.00
3238,3239,2024030401000350,MEHL,28,21,100,300.50,30050.00
3239,3240,2024030401000349,HDL,58,63,20,1557.00,31140.00
3240,3241,2024030401000348,HATHY,66,65,10,892.00,8920.00
3241,3242,2024030404000135,UMHL,57,4,50,268.10,13405.00
3242,3243,2024030404000134,HURJA,38,38,100,292.90,29290.00
3243,3244,2024030401000347,PHCL,19,11,100,306.90,30690.00
3244,3245,2024030404000133,CHL,43,14,10,293.00,2930.00
3245,3246,2024030401000346,SONA,49,49,110,482.00,53020.00
3246,3247,2024030405000061,NRN,32,56,10,548.60,5486.00
3247,3248,2024030405000060,NRN,32,32,200,548.60,109720.00
3248,3249,2024030403000079,GRDBL,35,17,20,355.90,7118.00
3249,3250,2024030403000078,GRDBL,16,17,50,355.90,17795.00
3250,3251,2024030401000345,MKHC,80,11,10,289.60,2896.00
3251,3252,2024030405000059,NRN,38,45,50,548.00,27400.00
3252,3253,2024030401000344,NICA,45,7,50,431.00,21550.00
3253,3254,2024030401000343,NICA,45,32,10,430.00,4300.00
3254,3255,2024030401000342,RFPL,95,36,300,344.00,103200.00
3255,3256,2024030401000341,RFPL,49,36,500,344.70,172350.00
3256,3257,2024030404000132,HURJA,41,33,10,292.90,2929.00
3257,3258,2024030401000340,SONA,49,17,100,482.00,48200.00
3258,3259,2024030401000339,SONA,49,29,100,481.00,48100.00
3259,3260,2024030401000338,SONA,49,28,90,480.00,43200.00
3260,3261,2024030401000337,ULHC,58,37,10,316.20,3162.00
3261,3262,2024030404000131,JOSHI,22,57,400,369.80,147920.00
3262,3263,2024030401000336,MCHL,36,58,10,322.40,3224.00
3263,3264,2024030405000058,HRL,1,62,100,630.00,63000.00
3264,3265,2024030405000057,HRL,1,62,400,631.00,252400.00
3265,3266,2024030405000056,HRL,42,62,85,631.90,53711.50
3266,3267,2024030405000055,HRL,49,62,320,635.00,203200.00
3267,3268,2024030404000130,GHL,63,38,100,156.00,15600.00
3268,3269,2024030401000335,SONA,39,28,100,480.00,48000.00
3269,3270,2024030404000129,NGPL,45,33,910,307.50,279825.00
3270,3271,2024030404000128,NGPL,45,67,10,307.50,3075.00
3271,3272,2024030404000127,NGPL,45,34,80,307.00,24560.00
3272,3273,2024030401000334,CLI,43,49,10,429.40,4294.00
3273,3274,2024030401000333,SNLI,16,22,40,606.40,24256.00
3274,3275,2024030401000332,SNLI,16,8,200,606.00,121200.00
3275,3276,2024030401000331,SNLI,16,49,10,606.00,6060.00
3276,3277,2024030401000330,SNLI,16,11,50,606.00,30300.00
3277,3278,2024030401000329,SHIVM,4,45,50,500.00,25000.00
3278,3279,2024030401000328,SONA,68,28,10,480.00,4800.00
3279,3280,2024030401000327,SONA,33,28,800,481.00,384800.00
3280,3281,2024030401000326,CKHL,58,41,10,644.70,6447.00
3281,3282,2024030401000325,CKHL,58,42,20,644.00,12880.00
3282,3283,2024030401000324,CKHL,58,47,100,643.90,64390.00
3283,3284,2024030405000054,HRL,49,58,40,635.00,25400.00
3284,3285,2024030404000126,SHPC,59,62,500,351.00,175500.00
3285,3286,2024030401000323,NICA,41,7,100,431.00,43100.00
3286,3287,2024030401000322,SONA,17,17,100,482.00,48200.00
3287,3288,2024030401000321,SHIVM,17,45,250,500.00,125000.00
3288,3289,2024030401000320,SHIVM,17,33,50,500.00,25000.00
3289,3290,2024030403000077,CFCL,7,43,10,333.90,3339.00
3290,3291,2024030405000053,NIFRA,7,62,100,217.00,21700.00
3291,3292,2024030401000319,DORDI,77,64,500,456.80,228400.00
3292,3293,2024030401000318,HIDCLP,33,55,1000,100.80,100800.00
3293,3294,2024030404000125,GHL,6,28,10,154.00,1540.00
3294,3295,2024030401000317,NIMB,6,62,200,166.00,33200.00
3295,3296,2024030403000076,HLI,16,21,500,392.90,196450.00
3296,3297,2024030403000075,SINDU,62,42,500,325.30,162650.00
3297,3298,2024030404000124,UPCL,45,58,400,213.20,85280.00
3298,3299,2024030405000052,HRL,49,20,50,635.00,31750.00
3299,3300,2024030401000316,MBJC,47,29,10,314.90,3149.00
3300,3301,2024030405000051,HRL,49,6,50,631.90,31595.00
3301,3302,2024030401000315,NWCL,16,35,10,759.00,7590.00
3302,3303,2024030401000314,EBL,42,46,10,503.80,5038.00
3303,3304,2024030401000313,NMB,38,55,822,180.40,148288.80
3304,3305,2024030404000123,SHL,34,34,100,449.00,44900.00
3305,3306,2024030401000312,ULHC,58,39,10,316.20,3162.00
3306,3307,2024030401000311,AVYAN,34,42,10,601.60,6016.00
3307,3308,2024030401000310,CZBIL,48,91,700,164.00,114800.00
3308,3309,2024030403000074,FMDBL,53,56,90,581.00,52290.00
3309,3310,2024030405000050,HRL,44,45,400,631.00,252400.00
3310,3311,2024030404000122,UMRH,62,47,10,353.40,3534.00
3311,3312,2024030404000121,GHL,34,38,400,156.00,62400.00
3312,3313,2024030401000309,RFPL,71,62,500,344.70,172350.00
3313,3314,2024030404000120,MEN,22,34,10,617.00,6170.00
3314,3315,2024030401000308,SPL,72,57,10,648.70,6487.00
3315,3316,2024030401000307,SONA,33,57,200,481.00,96200.00
3316,3317,2024030404000119,SHPC,47,47,200,350.00,70000.00
3317,3318,2024030404000118,NICL,57,14,50,845.00,42250.00
3318,3319,2024030404000117,NICL,57,14,50,845.00,42250.00
3319,3320,2024030404000116,NICL,42,14,200,859.00,171800.00
3320,3321,2024030403000073,JBBL,35,44,300,294.30,88290.00
3321,3322,2024030403000072,GFCL,35,45,500,430.00,215000.00
3322,3323,2024030401000306,NYADI,44,52,10,282.90,2829.00
3323,3324,2024030403000071,SHINE,50,33,300,383.00,114900.00
3324,3325,2024030401000305,LSL,58,55,50,162.10,8105.00
3325,3326,2024030404000115,UPCL,48,45,400,213.20,85280.00
3326,3327,2024030401000304,SNLI,29,52,36,605.00,21780.00
3327,3328,2024030401000303,TVCL,64,42,10,541.60,5416.00
3328,3329,2024030401000302,TVCL,64,45,10,541.60,5416.00
3329,3330,2024030401000301,CZBIL,11,91,300,164.00,49200.00
3330,3331,2024030405000049,HRL,21,26,100,630.00,63000.00
3331,3332,2024030401000300,SONA,33,50,1000,481.00,481000.00
3332,3333,2024030401000299,MKHL,47,43,10,370.00,3700.00
3333,3334,2024030401000298,SNLI,40,34,10,601.00,6010.00
3334,3335,2024030401000297,MHCL,71,25,20,509.00,10180.00
3335,3336,2024030401000296,PCBL,35,14,50,196.00,9800.00
3336,3337,2024030405000048,NIFRA,1,34,44,218.00,9592.00
3337,3338,2024030405000047,NIFRA,1,53,10,218.00,2180.00
3338,3339,2024030401000295,SAHAS,1,47,65,542.00,35230.00
3339,3340,2024030401000294,SONA,13,28,116,479.00,55564.00
3340,3341,2024030401000293,SONA,33,28,1244,479.00,595876.00
3341,3342,2024030401000292,SONA,42,28,500,479.40,239700.00
3342,3343,2024030401000291,SONA,42,28,50,480.00,24000.00
3343,3344,2024030401000290,SONA,39,28,90,480.00,43200.00
3344,3345,2024030403000070,HLI,49,42,50,399.00,19950.00
3345,3346,2024030401000289,SONA,57,38,500,481.00,240500.00
3346,3347,2024030401000288,SONA,57,34,500,481.00,240500.00
3347,3348,2024030401000287,SONA,57,48,1000,481.00,481000.00
3348,3349,2024030401000286,MANDU,7,62,50,680.00,34000.00
3349,3350,2024030401000285,NMB,4,55,178,180.40,32111.20
3350,3351,2024030401000284,MKCL,39,49,10,974.00,9740.00
3351,3352,2024030404000114,IGI,63,42,50,539.50,26975.00
3352,3353,2024030403000069,GBBL,44,45,500,360.00,180000.00
3353,3354,2024030401000283,DORDI,22,77,10,454.00,4540.00
3354,3355,2024030401000282,VLUCL,34,4,480,548.00,263040.00
3355,3356,2024030403000068,NFS,10,32,10,342.70,3427.00
3356,3357,2024030403000067,PROFL,38,32,10,307.00,3070.00
3357,3358,2024030404000113,GHL,25,34,500,153.00,76500.00
3358,3359,2024030401000281,MKLB,62,62,10,771.90,7719.00
3359,3360,2024030404000112,NGPL,8,34,20,307.00,6140.00
3360,3361,2024030404000111,JOSHI,39,39,420,370.00,155400.00
3361,3362,2024030404000110,JOSHI,39,43,500,369.90,184950.00
3362,3363,2024030404000109,JOSHI,39,45,80,369.00,29520.00
3363,3364,2024030401000280,NICA,42,7,50,431.00,21550.00
3364,3365,2024030401000279,SMJC,57,19,300,379.70,113910.00
3365,3366,2024030401000278,SMJC,10,19,200,380.00,76000.00
3366,3367,2024030404000108,NICL,53,69,200,859.50,171900.00
3367,3368,2024030405000046,HRL,34,1,10,622.00,6220.00
3368,3369,2024030401000277,SONA,39,19,100,480.00,48000.00
3369,3370,2024030401000276,NRM,45,65,10,365.10,3651.00
3370,3371,2024030401000275,IHL,45,5,500,348.50,174250.00
3371,3372,2024030401000274,SONA,39,39,100,480.00,48000.00
3372,3373,2024030401000273,SONA,39,42,10,480.00,4800.00
3373,3374,2024030404000107,AKPL,25,71,100,184.50,18450.00
3374,3375,2024030403000066,SWMF,70,74,52,661.00,34372.00
3375,3376,2024030401000272,NRM,11,58,10,358.00,3580.00
3376,3377,2024030404000106,BPCL,7,22,10,304.90,3049.00
3377,3378,2024030403000065,GBBL,5,45,100,360.00,36000.00
3378,3379,2024030401000271,MHCL,57,71,20,476.00,9520.00
3379,3380,2024030404000105,UPPER,42,17,10,203.80,2038.00
3380,3381,2024030405000045,HRL,38,45,100,631.00,63100.00
3381,3382,2024030401000270,PRVU,50,55,130,143.80,18694.00
3382,3383,2024030404000104,RIDI,42,65,10,188.00,1880.00
3383,3384,2024030401000269,KBL,56,1,90,145.80,13122.00
3384,3385,2024030401000268,TPC,50,49,10,549.00,5490.00
3385,3386,2024030403000064,CBBL,6,44,90,825.00,74250.00
3386,3387,2024030401000267,BEDC,49,49,10,340.60,3406.00
3387,3388,2024030401000266,PRVU,34,55,500,143.80,71900.00
3388,3389,2024030401000265,HHL,26,28,500,337.00,168500.00
3389,3390,2024030401000264,PCBL,44,14,10,196.00,1960.00
3390,3391,2024030404000103,JOSHI,41,45,10,369.00,3690.00
3391,3392,2024030401000263,RFPL,95,58,100,344.00,34400.00
3392,3393,2024030401000262,RFPL,95,29,100,344.00,34400.00
3393,3394,2024030401000261,SONA,71,26,50,479.40,23970.00
3394,3395,2024030401000260,PRVU,32,55,100,143.80,14380.00
3395,3396,2024030401000259,RNLI,10,55,150,430.40,64560.00
3396,3397,2024030401000258,RNLI,10,38,10,430.30,4303.00
3397,3398,2024030405000044,CIT,7,22,50,2100.00,105000.00
3398,3399,2024030401000257,LSL,14,55,950,162.10,153995.00
3399,3400,2024030401000256,LSL,14,33,50,162.00,8100.00
3400,3401,2024030405000043,NIFRA,42,58,10,215.00,2150.00
3401,3402,2024030401000255,NICA,44,50,80,423.40,33872.00
3402,3403,2024030401000254,GVL,1,66,50,430.60,21530.00
3403,3404,2024030405000042,HRL,38,26,100,631.00,63100.00
3404,3405,2024030401000253,SONA,33,35,50,479.00,23950.00
3405,3406,2024030404000102,SPIL,57,36,10,729.50,7295.00
3406,3407,2024030401000252,MAKAR,68,39,10,377.40,3774.00
3407,3408,2024030401000251,PRVU,33,55,270,143.80,38826.00
3408,3409,2024030403000063,GFCL,33,45,330,430.00,141900.00
3409,3410,2024030403000062,GFCL,33,45,170,429.00,72930.00
3410,3411,2024030401000250,SNLI,40,6,10,601.00,6010.00
3411,3412,2024030401000249,SNLI,40,58,10,601.00,6010.00
3412,3413,2024030404000101,SGIC,45,84,50,506.90,25345.00
3413,3414,2024030401000248,SONA,39,37,1000,479.40,479400.00
3414,3415,2024030401000247,SONA,33,19,100,479.00,47900.00
3415,3416,2024030405000041,NRIC,32,58,200,749.00,149800.00
3416,3417,2024030401000246,MEHL,4,58,10,294.70,2947.00
3417,3418,2024030405000040,SMATA,21,44,71,600.70,42649.70
3418,3419,2024030401000245,SONA,33,16,600,479.00,287400.00
3419,3420,2024030401000244,CZBIL,34,55,988,163.00,161044.00
3420,3421,2024030403000061,SAPDBL,59,55,10,250.50,2505.00
3421,3422,2024030401000243,HDL,38,41,50,1557.00,77850.00
3422,3423,2024030401000242,HDL,38,7,50,1557.00,77850.00
3423,3424,2024030401000241,HATHY,41,45,20,876.10,17522.00
3424,3425,2024030401000240,HATHY,41,59,10,876.00,8760.00
3425,3426,2024030404000100,UPCL,47,41,500,213.20,106600.00
3426,3427,2024030404000099,NHPC,7,47,10,157.00,1570.00
3427,3428,2024030403000060,GFCL,61,45,100,429.00,42900.00
3428,3429,2024030401000239,VLUCL,34,57,10,548.00,5480.00
3429,3430,2024030401000238,VLUCL,71,45,300,557.90,167370.00
3430,3431,2024030401000237,SONA,33,58,10,479.00,4790.00
3431,3432,2024030401000236,SONA,33,35,50,479.00,23950.00
3432,3433,2024030401000235,SONA,33,67,946,479.00,453134.00
3433,3434,2024030401000234,SONA,42,67,54,479.00,25866.00
3434,3435,2024030401000233,SONA,42,18,100,479.00,47900.00
3435,3436,2024030401000232,SONA,42,46,1000,479.00,479000.00
3436,3437,2024030401000231,SONA,42,21,346,479.00,165734.00
3437,3438,2024030401000230,SONA,42,21,100,478.00,47800.00
3438,3439,2024030401000229,SONA,42,39,400,477.00,190800.00
3439,3440,2024030401000228,SHIVM,49,54,50,491.00,24550.00
3440,3441,2024030401000227,SONA,45,39,100,477.00,47700.00
3441,3442,2024030405000039,CHDC,25,19,200,961.00,192200.00
3442,3443,2024030401000226,CZBIL,19,55,12,163.00,1956.00
3443,3444,2024030401000225,KBL,56,1,910,145.80,132678.00
3444,3445,2024030401000224,KBL,56,3,390,145.80,56862.00
3445,3446,2024030404000098,GHL,25,39,480,153.00,73440.00
3446,3447,2024030404000097,HDHPC,14,44,100,141.90,14190.00
3447,3448,2024030405000038,HRL,72,25,20,631.90,12638.00
3448,3449,2024030405000037,HRL,72,86,230,631.00,145130.00
3449,3450,2024030405000036,HRL,72,29,100,631.00,63100.00
3450,3451,2024030405000035,HRL,72,41,70,631.00,44170.00
3451,3452,2024030401000223,VLUCL,34,58,10,548.00,5480.00
3452,3453,2024030405000034,NRIC,32,10,41,749.00,30709.00
3453,3454,2024030401000222,PPL,39,29,10,326.50,3265.00
3454,3455,2024030401000221,SMHL,72,58,200,472.00,94400.00
3455,3456,2024030401000220,SMHL,72,50,490,472.00,231280.00
3456,3457,2024030404000096,GHL,41,39,20,153.00,3060.00
3457,3458,2024030404000095,GHL,41,34,10,153.00,1530.00
3458,3459,2024030401000219,PRVU,16,55,300,143.10,42930.00
3459,3460,2024030404000094,MEN,32,49,10,605.10,6051.00
3460,3461,2024030403000059,ICFC,42,14,10,482.60,4826.00
3461,3462,2024030404000093,AKJCL,47,52,10,215.70,2157.00
3462,3463,2024030404000092,JOSHI,26,52,300,363.00,108900.00
3463,3464,2024030403000058,RSDC,6,49,100,517.09,51709.00
3464,3465,2024030401000218,PHCL,53,11,15,300.90,4513.50
3465,3466,2024030401000217,SHIVM,57,25,500,500.80,250400.00
3466,3467,2024030401000216,SHIVM,57,49,400,500.00,200000.00
3467,3468,2024030401000215,SONA,39,21,239,479.00,114481.00
3468,3469,2024030401000214,MHCL,70,25,20,499.50,9990.00
3469,3470,2024030401000213,MHCL,70,69,30,499.50,14985.00
3470,3471,2024030404000091,GHL,34,34,10,153.00,1530.00
3471,3472,2024030404000090,GHL,34,35,10,153.00,1530.00
3472,3473,2024030404000089,MEN,32,34,10,605.10,6051.00
3473,3474,2024030401000212,SMHL,76,50,10,472.00,4720.00
3474,3475,2024030404000088,JOSHI,41,45,10,369.00,3690.00
3475,3476,2024030404000087,JOSHI,41,62,10,363.50,3635.00
3476,3477,2024030401000211,SMJC,57,3,10,379.70,3797.00
3477,3478,2024030404000086,PRIN,49,42,100,754.00,75400.00
3478,3479,2024030405000033,HRL,53,41,30,631.00,18930.00
3479,3480,2024030403000057,GFCL,10,45,500,429.00,214500.00
3480,3481,2024030401000210,NICA,13,50,100,423.40,42340.00
3481,3482,2024030401000209,SONA,19,21,900,479.00,431100.00
3482,3483,2024030404000085,RHPL,60,55,500,279.70,139850.00
3483,3484,2024030401000208,SONA,59,21,14,479.00,6706.00
3484,3485,2024030401000207,MBJC,47,44,10,308.80,3088.00
3485,3486,2024030405000032,NRIC,25,35,10,735.40,7354.00
3486,3487,2024030401000206,PRVU,57,55,200,143.10,28620.00
3487,3488,2024030401000205,MHCL,88,35,100,499.50,49950.00
3488,3489,2024030401000204,HDL,10,26,22,1558.00,34276.00
3489,3490,2024030401000203,SONA,14,48,10,473.00,4730.00
3490,3491,2024030401000202,NRM,6,65,10,358.00,3580.00
3491,3492,2024030405000031,NIFRA,4,53,10,214.00,2140.00
3492,3493,2024030405000030,NIFRA,4,57,40,214.00,8560.00
3493,3494,2024030401000201,NICA,52,50,20,423.40,8468.00
3494,3495,2024030404000084,UMHL,57,55,200,268.10,53620.00
3495,3496,2024030403000056,SWMF,18,74,10,661.00,6610.00
3496,3497,2024030405000029,NIFRA,6,57,10,214.00,2140.00
3497,3498,2024030405000028,NIFRA,6,34,40,214.00,8560.00
3498,3499,2024030401000200,BNHC,5,28,200,478.00,95600.00
3499,3500,2024030401000199,SONA,14,42,60,473.00,28380.00
3500,3501,2024030401000198,MBL,52,84,10,179.00,1790.00
3501,3502,2024030401000197,MBL,52,55,20,179.00,3580.00
3502,3503,2024030405000027,NIFRA,58,34,10,214.00,2140.00
3503,3504,2024030403000055,SJLIC,22,34,10,456.60,4566.00
3504,3505,2024030405000026,NTC,51,34,10,847.60,8476.00
3505,3506,2024030401000196,SPC,45,45,70,588.80,41216.00
3506,3507,2024030401000195,SPC,45,58,10,588.80,5888.00
3507,3508,2024030401000194,SONA,36,21,480,479.00,229920.00
3508,3509,2024030401000193,SONA,36,29,100,478.00,47800.00
3509,3510,2024030401000192,SONA,36,52,420,475.00,199500.00
3510,3511,2024030401000191,SGHC,59,34,10,315.00,3150.00
3511,3512,2024030403000054,GFCL,59,45,200,429.00,85800.00
3512,3513,2024030404000083,AHPC,32,35,10,183.00,1830.00
3513,3514,2024030403000053,MLBL,74,42,10,321.10,3211.00
3514,3515,2024030404000082,NGPL,59,67,10,301.50,3015.00
3515,3516,2024030401000190,PRVU,39,55,500,143.10,71550.00
3516,3517,2024030404000081,API,4,53,1000,182.80,182800.00
3517,3518,2024030403000052,RSDC,6,49,50,517.09,25854.50
3518,3519,2024030404000080,BARUN,41,48,100,247.10,24710.00
3519,3520,2024030401000189,SONA,58,19,100,472.00,47200.00
3520,3521,2024030404000079,JOSHI,26,58,10,363.00,3630.00
3521,3522,2024030404000078,JOSHI,26,57,190,363.00,68970.00
3522,3523,2024030401000188,GCIL,14,46,10,507.60,5076.00
3523,3524,2024030401000187,NYADI,44,52,10,277.40,2774.00
3524,3525,2024030401000186,NYADI,44,52,10,273.30,2733.00
3525,3526,2024030405000025,SMATA,21,45,50,600.00,30000.00
3526,3527,2024030401000185,NBL,57,58,10,218.70,2187.00
3527,3528,2024030404000077,CHL,43,14,10,287.60,2876.00
3528,3529,2024030403000051,SWBBL,58,41,55,693.60,38148.00
3529,3530,2024030401000184,SMHL,62,58,75,463.90,34792.50
3530,3531,2024030404000076,SHL,45,34,100,440.60,44060.00
3531,3532,2024030403000050,ALICL,52,58,236,567.00,133812.00
3532,3533,2024030405000024,NRN,38,45,50,537.90,26895.00
3533,3534,2024030401000183,ILI,43,33,462,525.30,242688.60
3534,3535,2024030401000182,BPW,16,34,50,1235.00,61750.00
3535,3536,2024030401000181,BHDC,22,49,10,443.90,4439.00
3536,3537,2024030401000180,ILI,62,33,38,525.30,19961.40
3537,3538,2024030401000179,GBIME,13,57,100,188.70,18870.00
3538,3539,2024030403000049,GFCL,46,45,30,430.00,12900.00
3539,3540,2024030401000178,NICA,38,89,500,423.00,211500.00
3540,3541,2024030401000177,NICA,38,89,400,423.00,169200.00
3541,3542,2024030401000176,RFPL,19,62,2000,338.00,676000.00
3542,3543,2024030403000048,SHINE,42,4,400,376.00,150400.00
3543,3544,2024030404000075,UMHL,57,34,250,262.90,65725.00
3544,3545,2024030401000175,SONA,5,19,100,472.00,47200.00
3545,3546,2024030401000174,SONA,71,21,21,479.00,10059.00
3546,3547,2024030401000173,SONA,71,28,579,479.00,277341.00
3547,3548,2024030401000172,MBL,13,55,980,179.00,175420.00
3548,3549,2024030401000171,MBL,13,14,20,179.00,3580.00
3549,3550,2024030401000170,MHCL,16,62,20,489.80,9796.00
3550,3551,2024030401000169,SHIVM,49,81,10,491.00,4910.00
3551,3552,2024030401000168,LSL,14,55,1000,161.30,161300.00
3552,3553,2024030401000167,BNT,17,35,10,16024.00,160240.00
3553,3554,2024030401000166,SAHAS,62,1,100,532.00,53200.00
3554,3555,2024030403000047,CFCL,32,43,10,327.40,3274.00
3555,3556,2024030401000165,SONA,26,28,160,479.00,76640.00
3556,3557,2024030401000164,RFPL,19,50,1000,340.00,340000.00
3557,3558,2024030401000163,RFPL,19,7,10,340.00,3400.00
3558,3559,2024030401000162,MKCL,41,52,10,955.00,9550.00
3559,3560,2024030401000161,MANDU,47,47,10,667.00,6670.00
3560,3561,2024030401000160,NICA,13,89,100,423.00,42300.00
3561,3562,2024030401000159,NICA,13,16,900,422.90,380610.00
3562,3563,2024030401000158,KBL,48,48,1300,143.00,185900.00
3563,3564,2024030404000074,PRIN,39,42,500,754.60,377300.00
3564,3565,2024030403000046,SADBL,43,14,20,294.70,5894.00
3565,3566,2024030404000073,JOSHI,41,57,10,363.00,3630.00
3566,3567,2024030404000072,UPCL,26,47,10,209.10,2091.00
3567,3568,2024030401000157,SONA,57,28,261,479.00,125019.00
3568,3569,2024030401000156,SONA,57,89,239,479.00,114481.00
3569,3570,2024030401000155,MKJC,62,62,43,487.00,20941.00
3570,3571,2024030404000071,HURJA,38,33,10,287.20,2872.00
3571,3572,2024030401000154,IHL,42,5,97,341.70,33144.90
3572,3573,2024030403000045,SINDU,35,42,35,325.30,11385.50
3573,3574,2024030403000044,SINDU,35,49,65,325.00,21125.00
3574,3575,2024030403000043,HLI,47,14,1900,392.10,744990.00
3575,3576,2024030404000070,NGPL,74,67,10,295.60,2956.00
3576,3577,2024030401000153,KDL,42,55,150,772.70,115905.00
3577,3578,2024030403000042,NLICL,49,20,50,561.90,28095.00
3578,3579,2024030403000041,GFCL,46,48,120,429.70,51564.00
3579,3580,2024030403000040,GFCL,46,42,650,429.70,279305.00
3580,3581,2024030404000069,AKPL,49,34,49,180.90,8864.10
3581,3582,2024030405000023,HRL,32,94,10,619.60,6196.00
3582,3583,2024030405000022,HRL,32,86,260,619.00,160940.00
3583,3584,2024030403000039,FMDBL,8,49,100,581.00,58100.00
3584,3585,2024030401000152,IHL,58,5,13,341.70,4442.10
3585,3586,2024030403000038,ALICL,56,58,100,567.00,56700.00
3586,3587,2024030403000037,ALICL,56,44,110,567.00,62370.00
3587,3588,2024030401000151,KBL,34,48,1000,143.00,143000.00
3588,3589,2024030404000068,HURJA,38,41,10,287.20,2872.00
3589,3590,2024030405000021,HRL,22,86,10,619.00,6190.00
3590,3591,2024030403000036,ALICL,63,44,90,567.00,51030.00
3591,3592,2024030403000035,ALICL,63,33,10,567.00,5670.00
3592,3593,2024030401000150,SMHL,76,29,10,463.00,4630.00
3593,3594,2024030403000034,HLI,57,14,100,392.10,39210.00
3594,3595,2024030403000033,SHINE,49,4,100,376.00,37600.00
3595,3596,2024030401000149,PCBL,29,44,10,190.00,1900.00
3596,3597,2024030405000020,NIFRA,74,55,100,210.00,21000.00
3597,3598,2024030405000019,NIFRA,74,34,40,210.00,8400.00
3598,3599,2024030404000067,UMHL,35,34,450,262.90,118305.00
3599,3600,2024030404000066,UMHL,35,44,50,262.90,13145.00
3600,3601,2024030403000032,MNBBL,1,55,1000,350.80,350800.00
3601,3602,2024030404000065,NGPL,74,34,10,295.60,2956.00
3602,3603,2024030405000018,NRIC,42,10,10,749.00,7490.00
3603,3604,2024030401000148,SONA,71,19,1000,470.00,470000.00
3604,3605,2024030404000064,NICL,56,69,50,842.70,42135.00
3605,3606,2024030404000063,GHL,58,35,10,150.00,1500.00
3606,3607,2024030404000062,NICL,14,69,500,842.70,421350.00
3607,3608,2024030401000147,BNHC,5,28,10,469.20,4692.00
3608,3609,2024030401000146,VLUCL,49,4,500,548.00,274000.00
3609,3610,2024030404000061,NHPC,57,47,10,154.00,1540.00
3610,3611,2024030401000145,MKLB,4,62,249,756.80,188443.20
3611,3612,2024030405000017,NIFRA,53,34,10,210.00,2100.00
3612,3613,2024030401000144,MBL,48,55,1000,178.10,178100.00
3613,3614,2024030401000143,SONA,28,19,100,470.20,47020.00
3614,3615,2024030401000142,SONA,28,26,10,470.20,4702.00
3615,3616,2024030401000141,SONA,28,28,800,470.20,376160.00
3616,3617,2024030401000140,SONA,28,46,10,470.00,4700.00
3617,3618,2024030401000139,SONA,28,34,10,470.00,4700.00
3618,3619,2024030403000031,NICLBSL,43,45,10,536.00,5360.00
3619,3620,2024030403000030,NICLBSL,43,45,10,536.00,5360.00
3620,3621,2024030401000138,KBL,91,48,200,143.00,28600.00
3621,3622,2024030401000137,HDL,7,22,100,1527.90,152790.00
3622,3623,2024030401000136,NYADI,44,44,10,272.00,2720.00
3623,3624,2024030401000135,TVCL,71,42,20,531.00,10620.00
3624,3625,2024030401000134,TVCL,71,74,30,522.20,15666.00
3625,3626,2024030401000133,TVCL,71,74,30,522.20,15666.00
3626,3627,2024030401000132,TVCL,71,58,70,522.00,36540.00
3627,3628,2024030401000131,EHPL,59,65,20,438.00,8760.00
3628,3629,2024030401000130,EHPL,59,65,20,436.00,8720.00
3629,3630,2024030401000129,MHCL,36,35,100,470.60,47060.00
3630,3631,2024030401000128,MHCL,33,35,50,470.60,23530.00
3631,3632,2024030401000127,MHCL,59,35,400,471.00,188400.00
3632,3633,2024030401000126,MHCL,88,35,847,471.00,398937.00
3633,3634,2024030401000125,SONA,1,21,10,466.00,4660.00
3634,3635,2024030404000060,JOSHI,34,39,10,356.40,3564.00
3635,3636,2024030401000124,SONA,39,28,100,470.20,47020.00
3636,3637,2024030401000123,KBL,62,55,500,142.80,71400.00
3637,3638,2024030401000122,SONA,45,28,100,470.20,47020.00
3638,3639,2024030401000121,SRLI,59,45,20,428.00,8560.00
3639,3640,2024030401000120,NIMB,57,7,400,163.60,65440.00
3640,3641,2024030401000119,NIMB,57,54,50,163.50,8175.00
3641,3642,2024030403000029,GFCL,38,42,150,429.70,64455.00
3642,3643,2024030401000118,GVL,14,42,100,422.20,42220.00
3643,3644,2024030401000117,GVL,14,45,10,422.00,4220.00
3644,3645,2024030401000116,GVL,14,34,10,412.00,4120.00
3645,3646,2024030401000115,BGWT,54,7,10,576.00,5760.00
3646,3647,2024030401000114,BGWT,54,57,200,576.00,115200.00
3647,3648,2024030404000059,JOSHI,41,48,10,363.50,3635.00
3648,3649,2024030403000028,HLBSL,42,52,15,562.00,8430.00
3649,3650,2024030401000113,NABIL,35,10,50,432.00,21600.00
3650,3651,2024030401000112,NWCL,26,35,10,744.70,7447.00
3651,3652,2024030404000058,GLH,17,55,200,212.90,42580.00
3652,3653,2024030401000111,MHCL,88,35,19153,471.00,9021063.00
3653,3654,2024030401000110,MHCL,69,35,22,480.20,10564.40
3654,3655,2024030401000109,MHCL,17,35,30,480.20,14406.00
3655,3656,2024030401000108,MHCL,58,35,10,480.20,4802.00
3656,3657,2024030401000107,MHCL,19,35,340,480.30,163302.00
3657,3658,2024030401000106,MHCL,32,35,445,485.00,215825.00
3658,3659,2024030404000057,MEN,17,47,10,593.30,5933.00
3659,3660,2024030404000056,MEN,17,45,10,593.00,5930.00
3660,3661,2024030401000105,NABIL,33,10,22,432.00,9504.00
3661,3662,2024030401000104,NABIL,33,37,410,432.00,177120.00
3662,3663,2024030401000103,BNT,19,43,10,15710.00,157100.00
3663,3664,2024030404000055,AHPC,55,55,500,179.70,89850.00
3664,3665,2024030403000027,MNBBL,32,55,870,349.10,303717.00
3665,3666,2024030401000102,PCBL,58,7,100,192.50,19250.00
3666,3667,2024030403000026,ALICL,38,33,10,556.80,5568.00
3667,3668,2024030401000101,CKHL,88,8,10,632.10,6321.00
3668,3669,2024030401000100,CKHL,47,8,60,632.10,37926.00
3669,3670,2024030404000054,SHPC,25,8,555,346.60,192363.00
3670,3671,2024030403000025,GFCL,59,42,200,429.70,85940.00
3671,3672,2024030401000099,NABIL,58,37,500,432.00,216000.00
3672,3673,2024030404000053,HEI,25,6,50,558.00,27900.00
3673,3674,2024030401000098,GBIME,25,54,100,185.00,18500.00
3674,3675,2024030401000097,GBIME,25,14,30,185.00,5550.00
3675,3676,2024030401000096,GBIME,25,55,1000,185.00,185000.00
3676,3677,2024030401000095,GBIME,25,54,100,183.00,18300.00
3677,3678,2024030401000094,CKHL,47,62,60,632.10,37926.00
3678,3679,2024030401000093,SNLI,58,34,10,594.60,5946.00
3679,3680,2024030401000092,PPL,48,35,10,320.10,3201.00
3680,3681,2024030401000091,MEL,45,14,10,213.10,2131.00
3681,3682,2024030401000090,SMHL,74,14,100,454.90,45490.00
3682,3683,2024030401000089,MKJC,47,62,40,494.70,19788.00
3683,3684,2024030401000088,HHL,58,21,10,332.00,3320.00
3684,3685,2024030401000087,CKHL,47,14,10,632.10,6321.00
3685,3686,2024030401000086,CKHL,47,58,10,632.10,6321.00
3686,3687,2024030401000085,CKHL,47,58,10,632.10,6321.00
3687,3688,2024030401000084,CKHL,47,58,10,632.10,6321.00
3688,3689,2024030401000083,CKHL,47,55,20,632.10,12642.00
3689,3690,2024030401000082,CKHL,47,39,10,632.10,6321.00
3690,3691,2024030401000081,CKHL,47,54,10,632.10,6321.00
3691,3692,2024030401000080,CKHL,58,54,10,632.10,6321.00
3692,3693,2024030401000079,CKHL,58,58,10,632.10,6321.00
3693,3694,2024030401000078,MKCL,39,58,10,950.00,9500.00
3694,3695,2024030401000077,VLUCL,74,39,10,538.00,5380.00
3695,3696,2024030401000076,TVCL,17,58,30,522.20,15666.00
3696,3697,2024030401000075,TVCL,17,45,20,522.20,10444.00
3697,3698,2024030401000074,MMKJL,43,39,10,405.00,4050.00
3698,3699,2024030401000073,SONA,60,58,10,461.00,4610.00
3699,3700,2024030401000072,SONA,60,52,92,461.00,42412.00
3700,3701,2024030401000071,SONA,60,58,10,461.00,4610.00
3701,3702,2024030401000070,SONA,60,51,80,461.00,36880.00
3702,3703,2024030401000069,SONA,60,51,87,461.00,40107.00
3703,3704,2024030401000068,SONA,60,59,200,461.00,92200.00
3704,3705,2024030401000067,SONA,60,17,500,461.00,230500.00
3705,3706,2024030401000066,SONA,60,39,10,461.00,4610.00
3706,3707,2024030401000065,HATHY,57,49,100,859.00,85900.00
3707,3708,2024030401000064,HATHY,57,42,10,859.00,8590.00
3708,3709,2024030401000063,HATHY,57,60,100,859.00,85900.00
3709,3710,2024030401000062,HATHY,57,26,25,859.00,21475.00
3710,3711,2024030401000061,MEHL,38,39,10,289.00,2890.00
3711,3712,2024030401000060,SNLI,58,38,10,594.60,5946.00
3712,3713,2024030401000059,SNLI,58,34,10,594.60,5946.00
3713,3714,2024030401000058,RNLI,38,58,10,422.00,4220.00
3714,3715,2024030401000057,TSHL,45,77,10,467.70,4677.00
3715,3716,2024030401000056,GCIL,29,43,200,497.70,99540.00
3716,3717,2024030401000055,GCIL,29,58,10,497.70,4977.00
3717,3718,2024030401000054,ILI,85,7,10,515.00,5150.00
3718,3719,2024030401000053,ILI,85,45,10,515.00,5150.00
3719,3720,2024030401000052,ILI,85,45,10,515.00,5150.00
3720,3721,2024030401000051,NRM,57,58,10,351.00,3510.00
3721,3722,2024030401000050,NRM,57,58,10,351.00,3510.00
3722,3723,2024030401000049,MEL,45,39,10,213.00,2130.00
3723,3724,2024030401000048,MEL,45,58,10,213.00,2130.00
3724,3725,2024030401000047,MEL,45,35,10,213.00,2130.00
3725,3726,2024030401000046,MEL,45,58,10,213.00,2130.00
3726,3727,2024030401000045,IHL,28,5,90,341.70,30753.00
3727,3728,2024030401000044,IHL,28,58,10,341.70,3417.00
3728,3729,2024030401000043,CITY,10,35,10,581.00,5810.00
3729,3730,2024030401000042,BEDC,62,58,10,334.00,3340.00
3730,3731,2024030401000041,DOLTI,71,35,10,356.80,3568.00
3731,3732,2024030401000040,MKHL,38,35,100,363.00,36300.00
3732,3733,2024030401000039,SMJC,38,29,100,372.30,37230.00
3733,3734,2024030401000038,SMJC,49,29,100,372.30,37230.00
3734,3735,2024030401000037,MHCL,32,69,55,480.20,26411.00
3735,3736,2024030401000036,MKHC,34,45,10,284.00,2840.00
3736,3737,2024030401000035,SMHL,74,60,260,453.00,117780.00
3737,3738,2024030401000034,SMHL,74,65,100,453.00,45300.00
3738,3739,2024030401000033,USHEC,38,38,10,341.10,3411.00
3739,3740,2024030401000032,SGHC,34,45,10,309.00,3090.00
3740,3741,2024030401000031,SGHC,34,42,10,309.00,3090.00
3741,3742,2024030401000030,HHL,58,35,10,328.00,3280.00
3742,3743,2024030401000029,DORDI,57,25,10,447.90,4479.00
3743,3744,2024030401000028,RFPL,71,58,100,333.50,33350.00
3744,3745,2024030401000027,RFPL,71,35,10,333.50,3335.00
3745,3746,2024030401000026,CYCL,77,32,10,1205.40,12054.00
3746,3747,2024030403000024,HLI,25,14,10,384.50,3845.00
3747,3748,2024030401000025,SPC,25,58,10,577.30,5773.00
3748,3749,2024030401000024,TPC,38,44,10,538.50,5385.00
3749,3750,2024030401000023,TPC,38,45,10,538.50,5385.00
3750,3751,2024030401000022,MKJC,47,89,10,494.70,4947.00
3751,3752,2024030404000052,CHCL,25,22,10,464.70,4647.00
3752,3753,2024030404000051,API,57,22,20,179.30,3586.00
3753,3754,2024030404000050,CGH,41,6,20,827.20,16544.00
3754,3755,2024030404000049,CGH,57,6,50,827.20,41360.00
3755,3756,2024030401000021,SRLI,33,45,10,428.00,4280.00
3756,3757,2024030401000020,MKLB,4,34,11,756.00,8316.00
3757,3758,2024030401000019,MKLB,4,42,10,756.00,7560.00
3758,3759,2024030401000018,MKLB,4,42,10,756.00,7560.00
3759,3760,2024030401000017,MKLB,4,42,10,756.00,7560.00
3760,3761,2024030401000016,MKLB,4,62,10,756.00,7560.00
3761,3762,2024030403000023,PMLI,35,44,10,500.00,5000.00
3762,3763,2024030403000022,GMFBS,50,25,10,856.60,8566.00
3763,3764,2024030403000021,GILB,77,22,10,823.20,8232.00
3764,3765,2024030403000020,GILB,32,49,100,823.20,82320.00
3765,3766,2024030401000015,SHIVM,38,84,10,481.40,4814.00
3766,3767,2024030401000014,SHIVM,38,51,11,481.40,5295.40
3767,3768,2024030401000013,SHIVM,38,35,500,481.40,240700.00
3768,3769,2024030404000048,GLH,6,55,200,213.00,42600.00
3769,3770,2024030404000047,GLH,45,55,100,213.00,21300.00
3770,3771,2024030404000046,CGH,95,57,100,827.00,82700.00
3771,3772,2024030404000045,SGIC,38,45,10,497.00,4970.00
3772,3773,2024030405000016,NIFRA,25,58,10,205.90,2059.00
3773,3774,2024030404000044,HDHPC,38,36,100,139.20,13920.00
3774,3775,2024030404000043,HDHPC,38,39,100,139.20,13920.00
3775,3776,2024030404000042,HDHPC,38,55,1000,139.20,139200.00
3776,3777,2024030404000041,HDHPC,38,55,435,139.20,60552.00
3777,3778,2024030404000040,HDHPC,57,55,15,139.20,2088.00
3778,3779,2024030404000039,HDHPC,39,55,50,139.20,6960.00
3779,3780,2024030404000038,SJCL,45,48,20,271.00,5420.00
3780,3781,2024030404000037,SJCL,45,48,20,271.00,5420.00
3781,3782,2024030404000036,RHPL,60,74,40,274.30,10972.00
3782,3783,2024030404000035,RHPL,60,45,40,274.30,10972.00
3783,3784,2024030404000034,RHPL,60,45,40,274.30,10972.00
3784,3785,2024030404000033,RHPL,60,48,50,274.30,13715.00
3785,3786,2024030401000012,PCBL,17,7,100,192.60,19260.00
3786,3787,2024030403000019,MFIL,57,48,23,495.70,11401.10
3787,3788,2024030404000032,MHNL,72,34,40,239.00,9560.00
3788,3789,2024030404000031,UPCL,26,48,80,205.00,16400.00
3789,3790,2024030403000018,MNBBL,13,55,130,350.00,45500.00
3790,3791,2024030404000030,GHL,57,65,50,147.10,7355.00
3791,3792,2024030404000029,GHL,35,65,50,147.10,7355.00
3792,3793,2024030404000028,GHL,35,21,50,147.10,7355.00
3793,3794,2024030404000027,GHL,32,21,50,147.10,7355.00
3794,3795,2024030404000026,GHL,32,55,450,147.10,66195.00
3795,3796,2024030404000025,GHL,35,55,50,147.10,7355.00
3796,3797,2024030404000024,GHL,39,55,500,147.10,73550.00
3797,3798,2024030404000023,GHL,39,55,500,147.10,73550.00
3798,3799,2024030403000017,SHINE,46,51,23,369.00,8487.00
3799,3800,2024030403000016,SHINE,46,57,100,369.00,36900.00
3800,3801,2024030403000015,SHINE,46,7,10,369.00,3690.00
3801,3802,2024030404000022,UPPER,11,45,40,199.90,7996.00
3802,3803,2024030404000021,UPPER,11,45,50,199.90,9995.00
3803,3804,2024030404000020,UPPER,11,29,50,199.90,9995.00
3804,3805,2024030403000014,SADBL,43,14,10,294.70,2947.00
3805,3806,2024030404000019,JOSHI,34,42,20,356.40,7128.00
3806,3807,2024030404000018,JOSHI,34,42,270,356.40,96228.00
3807,3808,2024030403000013,KSBBL,46,55,500,338.20,169100.00
3808,3809,2024030404000017,PMHPL,49,45,10,240.00,2400.00
3809,3810,2024030401000011,HDL,48,48,10,1498.00,14980.00
3810,3811,2024030403000012,JBBL,74,55,500,288.60,144300.00
3811,3812,2024030403000011,JBBL,57,55,500,288.60,144300.00
3812,3813,2024030403000010,JBBL,57,55,1000,288.60,288600.00
3813,3814,2024030403000009,GBBL,4,55,500,357.90,178950.00
3814,3815,2024030404000016,UMHL,38,58,10,257.80,2578.00
3815,3816,2024030403000008,SJLIC,38,34,500,447.70,223850.00
3816,3817,2024030404000015,AKPL,57,74,33,177.40,5854.20
3817,3818,2024030404000014,AKPL,57,74,33,177.40,5854.20
3818,3819,2024030404000013,AKPL,57,74,33,177.40,5854.20
3819,3820,2024030404000012,AKPL,57,55,500,177.40,88700.00
3820,3821,2024030403000007,HLI,25,41,100,384.50,38450.00
3821,3822,2024030403000006,HLI,25,41,100,384.50,38450.00
3822,3823,2024030404000011,API,57,58,10,179.00,1790.00
3823,3824,2024030403000005,LBBL,46,51,20,378.00,7560.00
3824,3825,2024030403000004,LBBL,46,49,100,378.00,37800.00
3825,3826,2024030404000010,RIDI,41,38,100,184.60,18460.00
3826,3827,2024030404000009,SHPC,25,51,10,346.60,3466.00
3827,3828,2024030403000003,ICFC,45,14,10,473.20,4732.00
3828,3829,2024030401000010,KBL,47,55,500,142.80,71400.00
3829,3830,2024030401000009,KBL,47,48,10,142.80,1428.00
3830,3831,2024030401000008,KBL,47,55,490,142.80,69972.00
3831,3832,2024030401000007,KBL,49,55,500,142.80,71400.00
3832,3833,2024030401000006,KBL,48,55,10,142.80,1428.00
3833,3834,2024030404000008,AHPC,59,55,500,179.70,89850.00
3834,3835,2024030404000007,AHPC,59,55,500,179.70,89850.00
3835,3836,2024030404000006,IGI,4,22,22,529.00,11638.00
3836,3837,2024030404000005,IGI,4,42,75,529.00,39675.00
3837,3838,2024030404000004,IGI,4,35,350,529.00,185150.00
3838,3839,2024030404000003,PRIN,39,38,500,750.00,375000.00
3839,3840,2024030403000002,BFC,46,42,500,325.30,162650.00
3840,3841,2024030403000001,BFC,62,42,500,325.30,162650.00
3841,3842,2024030401000005,NICA,73,48,200,415.10,83020.00
3842,3843,2024030401000004,NICA,73,37,740,415.10,307174.00
3843,3844,2024030401000003,NICA,39,37,50,415.10,20755.00
3844,3845,2024030405000015,HRL,25,18,20,607.50,12150.00
3845,3846,2024030405000014,HRL,25,55,500,607.50,303750.00
3846,3847,2024030405000013,HRL,25,51,20,607.50,12150.00
3847,3848,2024030405000012,HRL,25,45,10,607.50,6075.00
3848,3849,2024030405000011,HRL,25,39,10,607.50,6075.00
3849,3850,2024030405000010,HRL,25,1,10,607.50,6075.00
3850,3851,2024030405000009,HRL,25,86,10,607.50,6075.00
3851,3852,2024030404000002,NICL,39,69,100,826.20,82620.00
3852,3853,2024030405000008,NIFRA,25,55,1000,205.90,205900.00
3853,3854,2024030405000007,NIFRA,25,45,54,205.90,11118.60
3854,3855,2024030405000006,NIFRA,25,55,1000,205.90,205900.00
3855,3856,2024030405000005,NRN,72,48,150,527.40,79110.00
3856,3857,2024030405000004,NRN,72,55,150,527.40,79110.00
3857,3858,2024030405000003,NRIC,25,42,10,735.00,7350.00
3858,3859,2024030404000001,CHCL,25,84,10,464.70,4647.00
3859,3860,2024030405000002,HIDCL,43,5,102,172.20,17564.40
3860,3861,2024030405000001,CIT,37,35,15,2093.00,31395.00
3861,3862,2024030401000002,NABIL,49,37,90,432.40,38916.00
3862,3863,2024030401000001,NABIL,49,1,10,432.40,4324.00
