,S.N.,Contract No,Stock Symbol,Buyer Broker,Seller Broker,Quantity,Rate,Amount
0,1,2023051003002519,GUFL,14,33,10,480.00,4800.00
1,2,2023051001008348,NIMB,17,20,10,180.30,1803.00
2,3,2023051004003802,AHPC,32,58,20,277.00,5540.00
3,4,2023051001008347,DORDI,32,26,10,269.90,2699.00
4,5,2023051004003801,PPCL,46,46,10,325.00,3250.00
5,6,2023051001008346,EHPL,49,29,10,340.70,3407.00
6,7,2023051004003800,JOSHI,16,26,96,258.00,24768.00
7,8,2023051004003799,JOSHI,16,50,440,257.00,113080.00
8,9,2023051004003798,JOSHI,16,49,64,256.00,16384.00
9,10,2023051001008345,SMJC,34,29,10,245.50,2455.00
10,11,2023051001008344,MHCL,56,4,10,218.00,2180.00
11,12,2023051001008343,KBL,8,57,10,164.80,1648.00
12,13,2023051003002518,VLBS,39,3,18,565.50,10179.00
13,14,2023051005001431,NRIC,3,1,20,673.00,13460.00
14,15,2023051005001430,NRIC,3,33,65,673.00,43745.00
15,16,2023051004003797,AHPC,25,29,50,276.00,13800.00
16,17,2023051004003796,HPPL,16,37,177,271.00,47967.00
17,18,2023051003002517,LBBL,4,1,100,335.30,33530.00
18,19,2023051005001429,NTC,5,48,10,794.00,7940.00
19,20,2023051003002516,SFCL,45,57,10,263.00,2630.00
20,21,2023051005001428,HIDCL,59,8,124,178.00,22072.00
21,22,2023051005001427,HIDCL,59,25,26,177.90,4625.40
22,23,2023051001008342,NABIL,34,28,201,590.00,118590.00
23,24,2023051004003795,NHDL,34,58,10,367.30,3673.00
24,25,2023051004003794,OHL,34,28,10,572.10,5721.00
25,26,2023051004003793,OHL,34,16,100,572.00,57200.00
26,27,2023051001008341,HIDCLP,22,36,40,98.00,3920.00
27,28,2023051001008340,SPC,50,34,10,410.00,4100.00
28,29,2023051003002515,NUBL,44,54,63,530.00,33390.00
29,30,2023051003002514,NUBL,51,54,200,530.10,106020.00
30,31,2023051001008339,PCBL,56,39,10,194.00,1940.00
31,32,2023051001008338,KBL,56,57,100,164.80,16480.00
32,33,2023051003002513,CBBL,26,45,20,787.00,15740.00
33,34,2023051003002512,CBBL,26,41,10,786.00,7860.00
34,35,2023051004003792,HDHPC,58,35,1000,163.60,163600.00
35,36,2023051001008337,KDL,3,58,10,717.00,7170.00
36,37,2023051001008336,SMHL,47,21,70,389.00,27230.00
37,38,2023051003002511,GUFL,39,33,10,480.00,4800.00
38,39,2023051003002510,LICN,41,28,10,1270.00,12700.00
39,40,2023051001008335,NESDO,28,14,10,2017.00,20170.00
40,41,2023051003002509,PROFL,28,6,10,290.00,2900.00
41,42,2023051003002508,PROFL,28,50,70,286.00,20020.00
42,43,2023051003002507,KSBBL,33,52,10,299.50,2995.00
43,44,2023051001008334,SMHL,36,21,90,389.00,35010.00
44,45,2023051001008333,PHCL,58,53,60,310.00,18600.00
45,46,2023051001008332,BHPL,17,28,100,471.00,47100.00
46,47,2023051001008331,BHPL,17,13,30,449.80,13494.00
47,48,2023051001008330,BHPL,17,48,50,445.00,22250.00
48,49,2023051001008329,BHPL,17,32,10,445.00,4450.00
49,50,2023051001008328,BHPL,17,17,10,445.00,4450.00
50,51,2023051001008327,BHPL,17,17,20,444.00,8880.00
51,52,2023051001008326,BHPL,17,17,10,443.20,4432.00
52,53,2023051001008325,BHPL,17,17,10,443.00,4430.00
53,54,2023051004003791,UMHL,50,48,990,223.00,220770.00
54,55,2023051004003790,UMHL,58,48,10,223.00,2230.00
55,56,2023051004003789,HPPL,48,39,10,275.00,2750.00
56,57,2023051001008324,MAKAR,38,16,10,253.00,2530.00
57,58,2023051001008323,MAKAR,38,16,10,253.00,2530.00
58,59,2023051001008322,MAKAR,38,58,10,253.00,2530.00
59,60,2023051001008321,MAKAR,38,58,10,253.00,2530.00
60,61,2023051001008320,MAKAR,38,49,10,252.00,2520.00
61,62,2023051001008319,MAKAR,38,58,10,252.00,2520.00
62,63,2023051001008318,MAKAR,38,13,10,252.00,2520.00
63,64,2023051001008317,MAKAR,38,52,10,252.00,2520.00
64,65,2023051001008316,MAKAR,38,41,10,250.00,2500.00
65,66,2023051001008315,MAKAR,38,45,10,250.00,2500.00
66,67,2023051001008314,MAKAR,38,4,10,250.00,2500.00
67,68,2023051001008313,MAKAR,38,45,10,250.00,2500.00
68,69,2023051001008312,MAKAR,38,57,10,250.00,2500.00
69,70,2023051001008311,MAKAR,38,58,10,250.00,2500.00
70,71,2023051001008310,MAKAR,38,58,10,250.00,2500.00
71,72,2023051001008309,MAKAR,38,38,10,250.00,2500.00
72,73,2023051001008308,MAKAR,38,48,10,250.00,2500.00
73,74,2023051001008307,MAKAR,38,45,10,250.00,2500.00
74,75,2023051001008306,MAKAR,38,45,10,250.00,2500.00
75,76,2023051001008305,MAKAR,38,57,10,250.00,2500.00
76,77,2023051001008304,MAKAR,38,45,10,250.00,2500.00
77,78,2023051001008303,MAKAR,38,48,10,250.00,2500.00
78,79,2023051001008302,MAKAR,38,13,10,250.00,2500.00
79,80,2023051001008301,MAKAR,38,48,10,250.00,2500.00
80,81,2023051001008300,MAKAR,38,36,10,250.00,2500.00
81,82,2023051001008299,MAKAR,38,8,10,250.00,2500.00
82,83,2023051001008298,MAKAR,38,35,10,250.00,2500.00
83,84,2023051001008297,MAKAR,38,41,10,250.00,2500.00
84,85,2023051001008296,MAKAR,38,56,10,250.00,2500.00
85,86,2023051001008295,MAKAR,38,34,10,250.00,2500.00
86,87,2023051001008294,MAKAR,38,39,10,250.00,2500.00
87,88,2023051001008293,MAKAR,38,48,10,250.00,2500.00
88,89,2023051001008292,MAKAR,38,58,10,250.00,2500.00
89,90,2023051001008291,MAKAR,38,57,10,250.00,2500.00
90,91,2023051001008290,MAKAR,38,58,10,250.00,2500.00
91,92,2023051001008289,MAKAR,38,34,10,249.40,2494.00
92,93,2023051001008288,MAKAR,38,42,10,249.30,2493.00
93,94,2023051001008287,MAKAR,38,38,10,249.00,2490.00
94,95,2023051001008286,MAKAR,38,22,10,249.00,2490.00
95,96,2023051001008285,MAKAR,38,36,10,249.00,2490.00
96,97,2023051004003788,SHEL,38,14,10,286.90,2869.00
97,98,2023051003002506,MLBL,46,58,20,300.00,6000.00
98,99,2023051001008284,SPC,29,34,10,410.00,4100.00
99,100,2023051004003787,NLG,55,45,10,601.00,6010.00
100,101,2023051001008283,MAKAR,43,42,10,247.90,2479.00
101,102,2023051003002505,CBBL,51,7,10,785.00,7850.00
102,103,2023051001008282,SGHC,25,3,200,297.00,59400.00
103,104,2023051001008281,SGHC,25,3,190,297.00,56430.00
104,105,2023051001008280,PHCL,58,19,500,310.00,155000.00
105,106,2023051003002504,MPFL,38,58,50,295.70,14785.00
106,107,2023051003002503,MPFL,57,58,200,299.90,59980.00
107,108,2023051003002502,MPFL,41,58,25,300.00,7500.00
108,109,2023051003002501,MPFL,32,58,100,300.10,30010.00
109,110,2023051003002500,MPFL,59,58,50,300.20,15010.00
110,111,2023051003002499,MPFL,59,58,20,300.20,6004.00
111,112,2023051003002498,SJLIC,3,33,72,414.10,29815.20
112,113,2023051001008279,MKHC,51,34,450,243.00,109350.00
113,114,2023051001008278,MKHC,32,34,20,243.00,4860.00
114,115,2023051001008277,MKHC,38,34,30,243.10,7293.00
115,116,2023051004003786,AKJCL,34,26,160,206.80,33088.00
116,117,2023051004003785,AKJCL,34,50,230,205.00,47150.00
117,118,2023051001008276,SPL,20,45,10,520.00,5200.00
118,119,2023051001008275,SPL,20,13,10,517.00,5170.00
119,120,2023051004003784,HDHPC,38,14,50,164.00,8200.00
120,121,2023051001008274,NBL,51,38,815,247.20,201468.00
121,122,2023051001008273,NBL,28,38,175,247.30,43277.50
122,123,2023051001008272,NBL,52,38,10,247.50,2475.00
123,124,2023051001008271,BHL,38,34,10,299.00,2990.00
124,125,2023051005001426,NRN,32,53,10,440.00,4400.00
125,126,2023051003002497,JBBL,13,34,10,255.00,2550.00
126,127,2023051001008270,SBL,5,38,20,247.00,4940.00
127,128,2023051001008269,NESDO,59,14,10,2017.00,20170.00
128,129,2023051001008268,NABIL,40,28,10,590.00,5900.00
129,130,2023051003002496,ICFC,28,44,20,404.00,8080.00
130,131,2023051001008267,EBL,33,46,10,530.00,5300.00
131,132,2023051003002495,JBBL,35,34,50,255.00,12750.00
132,133,2023051003002494,JBBL,7,34,19,255.00,4845.00
133,134,2023051003002493,JBBL,17,34,30,255.00,7650.00
134,135,2023051003002492,JBBL,38,34,10,255.00,2550.00
135,136,2023051003002491,JBBL,49,34,100,256.00,25600.00
136,137,2023051003002490,JBBL,41,34,100,256.00,25600.00
137,138,2023051003002489,JBBL,33,34,10,256.00,2560.00
138,139,2023051003002488,JBBL,36,34,496,256.00,126976.00
139,140,2023051005001425,NIFRA,6,17,26,206.50,5369.00
140,141,2023051003002487,MLBL,44,14,190,296.90,56411.00
141,142,2023051003002486,MLBL,34,14,10,298.00,2980.00
142,143,2023051004003783,PPCL,49,38,60,324.00,19440.00
143,144,2023051001008266,SMJC,32,49,10,249.50,2495.00
144,145,2023051001008265,SMJC,32,21,10,249.50,2495.00
145,146,2023051001008264,SMJC,32,35,40,249.00,9960.00
146,147,2023051001008263,SMJC,32,58,20,248.00,4960.00
147,148,2023051001008262,SMJC,32,41,10,248.00,2480.00
148,149,2023051001008261,SMJC,32,58,10,248.00,2480.00
149,150,2023051004003782,UNHPL,42,26,10,204.00,2040.00
150,151,2023051004003781,HURJA,44,11,10,254.80,2548.00
151,152,2023051005001424,HIDCL,7,25,100,177.90,17790.00
152,153,2023051005001423,HIDCL,14,25,374,177.90,66534.60
153,154,2023051001008260,SMHL,47,25,10,387.00,3870.00
154,155,2023051001008259,SMHL,47,22,10,387.00,3870.00
155,156,2023051001008258,SMHL,47,47,10,385.00,3850.00
156,157,2023051001008257,SMHL,47,4,30,385.00,11550.00
157,158,2023051003002485,GBLBS,45,28,80,435.00,34800.00
158,159,2023051004003780,BPCL,6,34,100,314.00,31400.00
159,160,2023051004003779,SHL,34,58,200,262.00,52400.00
160,161,2023051004003778,GLH,58,57,550,260.00,143000.00
161,162,2023051003002484,LBBL,4,6,101,335.30,33865.30
162,163,2023051003002483,LBBL,4,6,199,335.30,66724.70
163,164,2023051005001422,NIFRA,6,51,64,206.50,13216.00
164,165,2023051001008256,SGHC,25,35,10,295.00,2950.00
165,166,2023051004003777,AKJCL,19,50,10,205.00,2050.00
166,167,2023051004003776,HDHPC,58,5,500,163.60,81800.00
167,168,2023051004003775,API,38,54,33,230.80,7616.40
168,169,2023051004003774,GLH,32,44,10,262.00,2620.00
169,170,2023051003002482,BFC,8,57,10,301.00,3010.00
170,171,2023051001008255,SHIVM,48,37,250,402.00,100500.00
171,172,2023051001008254,SHIVM,22,37,250,402.00,100500.00
172,173,2023051001008253,SHIVM,38,37,100,402.10,40210.00
173,174,2023051001008252,HHL,47,48,40,254.90,10196.00
174,175,2023051003002481,NABBC,36,45,70,370.40,25928.00
175,176,2023051003002480,NABBC,58,45,20,372.00,7440.00
176,177,2023051003002479,NICLBSL,34,37,10,540.00,5400.00
177,178,2023051003002478,NICLBSL,34,38,10,534.00,5340.00
178,179,2023051001008251,HDL,14,26,20,1896.00,37920.00
179,180,2023051001008250,BHPL,38,17,10,442.30,4423.00
180,181,2023051004003773,CHCL,50,4,59,470.00,27730.00
181,182,2023051004003772,CHCL,50,18,100,470.00,47000.00
182,183,2023051004003771,CHCL,50,50,40,469.70,18788.00
183,184,2023051004003770,CHCL,50,33,15,469.30,7039.50
184,185,2023051004003769,CHCL,50,42,50,469.00,23450.00
185,186,2023051004003768,CHCL,50,8,166,468.80,77820.80
186,187,2023051004003767,CHCL,50,33,170,468.70,79679.00
187,188,2023051001008249,GVL,55,58,10,402.00,4020.00
188,189,2023051001008248,GVL,55,54,10,402.00,4020.00
189,190,2023051001008247,GVL,55,54,10,402.00,4020.00
190,191,2023051001008246,GVL,55,33,400,402.00,160800.00
191,192,2023051001008245,GVL,55,40,10,401.50,4015.00
192,193,2023051001008244,GVL,55,52,10,401.00,4010.00
193,194,2023051001008243,MKHC,43,35,10,244.00,2440.00
194,195,2023051001008242,MKHC,43,42,10,243.20,2432.00
195,196,2023051001008241,USHEC,42,8,10,285.20,2852.00
196,197,2023051001008240,SIKLES,8,25,10,399.00,3990.00
197,198,2023051001008239,SIKLES,8,13,10,398.80,3988.00
198,199,2023051001008238,SIKLES,8,13,10,398.70,3987.00
199,200,2023051001008237,SIKLES,8,32,10,397.00,3970.00
200,201,2023051001008236,SIKLES,8,32,10,397.00,3970.00
201,202,2023051003002477,NUBL,49,38,20,531.00,10620.00
202,203,2023051001008235,SMHL,3,52,10,380.10,3801.00
203,204,2023051003002476,SKBBL,59,16,50,823.00,41150.00
204,205,2023051003002475,SFCL,45,38,70,261.00,18270.00
205,206,2023051001008234,TAMOR,48,49,10,270.00,2700.00
206,207,2023051005001421,NRN,53,53,10,440.00,4400.00
207,208,2023051001008233,UHEWA,17,22,10,373.00,3730.00
208,209,2023051001008232,UHEWA,17,32,10,372.00,3720.00
209,210,2023051001008231,UHEWA,17,57,10,372.00,3720.00
210,211,2023051001008230,ULBSL,54,38,20,1275.00,25500.00
211,212,2023051001008229,ULBSL,57,38,30,1275.00,38250.00
212,213,2023051001008228,ULBSL,33,38,10,1275.00,12750.00
213,214,2023051001008227,ULBSL,56,38,30,1276.00,38280.00
214,215,2023051001008226,SMJC,1,32,600,246.00,147600.00
215,216,2023051004003766,LEC,7,19,90,246.90,22221.00
216,217,2023051004003765,LEC,7,19,10,245.00,2450.00
217,218,2023051004003764,OHL,39,17,10,570.00,5700.00
218,219,2023051001008225,MHCL,38,36,10,215.60,2156.00
219,220,2023051004003763,AHPC,32,29,100,276.00,27600.00
220,221,2023051004003762,AHPC,32,29,50,276.50,13825.00
221,222,2023051004003761,BARUN,56,13,76,233.30,17730.80
222,223,2023051004003760,BARUN,49,13,214,233.30,49926.20
223,224,2023051003002474,SABSL,49,35,10,587.50,5875.00
224,225,2023051001008224,EBL,35,53,95,528.00,50160.00
225,226,2023051004003759,JOSHI,4,50,95,255.00,24225.00
226,227,2023051004003758,JOSHI,50,50,145,255.00,36975.00
227,228,2023051001008223,BHDC,3,42,10,387.10,3871.00
228,229,2023051003002473,SJLIC,47,44,10,415.00,4150.00
229,230,2023051003002472,CFCL,41,34,100,288.80,28880.00
230,231,2023051004003757,NICL,29,38,50,522.10,26105.00
231,232,2023051001008222,SMJC,16,45,10,248.00,2480.00
232,233,2023051001008221,NABIL,56,28,20,590.00,11800.00
233,234,2023051001008220,MKLB,42,41,10,648.00,6480.00
234,235,2023051001008219,MKLB,42,39,10,635.40,6354.00
235,236,2023051004003756,NGPL,58,35,15,236.00,3540.00
236,237,2023051004003755,UPCL,14,25,135,222.00,29970.00
237,238,2023051004003754,UPCL,49,25,225,222.00,49950.00
238,239,2023051004003753,UPCL,58,25,40,222.00,8880.00
239,240,2023051004003752,UPCL,38,25,800,222.00,177600.00
240,241,2023051004003751,UPCL,39,25,50,222.10,11105.00
241,242,2023051004003750,UPCL,38,25,30,222.10,6663.00
242,243,2023051004003749,LEC,37,19,10,245.00,2450.00
243,244,2023051001008218,TAMOR,48,14,10,270.00,2700.00
244,245,2023051003002471,GFCL,14,29,10,428.90,4289.00
245,246,2023051004003748,NGPL,54,8,10,237.00,2370.00
246,247,2023051003002470,MLBL,42,58,10,300.00,3000.00
247,248,2023051003002469,MLBL,42,25,10,298.00,2980.00
248,249,2023051001008217,NABIL,42,28,200,590.00,118000.00
249,250,2023051001008216,NESDO,28,14,10,2017.00,20170.00
250,251,2023051003002468,SADBL,50,26,19,273.90,5204.10
251,252,2023051003002467,SADBL,50,26,41,273.90,11229.90
252,253,2023051004003747,BPCL,6,40,40,314.00,12560.00
253,254,2023051005001420,NTC,43,43,50,793.00,39650.00
254,255,2023051001008215,NABIL,44,28,20,590.00,11800.00
255,256,2023051004003746,GHL,41,57,10,218.00,2180.00
256,257,2023051001008214,PCBL,17,39,60,194.00,11640.00
257,258,2023051001008213,PCBL,17,52,50,193.90,9695.00
258,259,2023051003002466,RLFL,17,33,50,284.90,14245.00
259,260,2023051003002465,GBBL,50,34,55,349.00,19195.00
260,261,2023051004003745,GHL,7,57,10,218.00,2180.00
261,262,2023051001008212,SANIMA,21,4,65,242.00,15730.00
262,263,2023051004003744,NICL,29,49,50,522.10,26105.00
263,264,2023051003002464,PFL,45,35,29,346.00,10034.00
264,265,2023051003002463,PFL,45,19,22,345.00,7590.00
265,266,2023051003002462,PFL,45,13,30,343.90,10317.00
266,267,2023051003002461,PFL,45,22,20,343.90,6878.00
267,268,2023051003002460,PFL,45,22,19,343.80,6532.20
268,269,2023051003002459,PFL,45,35,30,343.00,10290.00
269,270,2023051001008211,PHCL,58,41,10,310.00,3100.00
270,271,2023051004003743,HEI,33,49,10,432.90,4329.00
271,272,2023051005001419,NIFRA,6,17,10,206.50,2065.00
272,273,2023051005001418,NIFRA,42,17,50,206.50,10325.00
273,274,2023051005001417,NIFRA,21,17,52,206.50,10738.00
274,275,2023051005001416,NIFRA,46,17,188,206.50,38822.00
275,276,2023051005001415,NIFRA,59,17,200,206.60,41320.00
276,277,2023051004003742,RHPL,16,19,100,276.90,27690.00
277,278,2023051004003741,RHPL,16,6,10,276.90,2769.00
278,279,2023051004003740,RHPL,16,26,40,276.00,11040.00
279,280,2023051004003739,RHPL,16,36,390,276.00,107640.00
280,281,2023051001008210,MHCL,44,26,10,218.00,2180.00
281,282,2023051004003738,SHEL,45,14,125,286.90,35862.50
282,283,2023051004003737,SHEL,45,28,15,282.50,4237.50
283,284,2023051004003736,SHEL,45,33,10,282.00,2820.00
284,285,2023051004003735,SHEL,45,52,10,281.30,2813.00
285,286,2023051004003734,SHEL,45,58,10,281.30,2813.00
286,287,2023051004003733,SHEL,45,49,10,280.00,2800.00
287,288,2023051004003732,SHEL,45,45,70,279.00,19530.00
288,289,2023051003002458,CBBL,57,38,12,784.00,9408.00
289,290,2023051001008209,AVYAN,38,45,10,575.00,5750.00
290,291,2023051001008208,RHGCL,32,8,10,253.00,2530.00
291,292,2023051003002457,EDBL,56,29,96,278.10,26697.60
292,293,2023051003002456,EDBL,58,29,34,278.30,9462.20
293,294,2023051001008207,AHL,26,36,10,351.90,3519.00
294,295,2023051001008206,AHL,26,34,10,350.30,3503.00
295,296,2023051001008205,AHL,26,45,50,350.00,17500.00
296,297,2023051001008204,AHL,26,58,10,350.00,3500.00
297,298,2023051001008203,AHL,26,21,10,350.00,3500.00
298,299,2023051001008202,AHL,26,34,10,349.80,3498.00
299,300,2023051001008201,SMJC,1,42,40,246.00,9840.00
300,301,2023051001008200,SMJC,21,42,10,246.10,2461.00
301,302,2023051003002455,BFC,34,57,70,301.00,21070.00
302,303,2023051005001414,CHDC,58,52,10,726.00,7260.00
303,304,2023051001008199,ULBSL,19,58,10,1290.00,12900.00
304,305,2023051004003731,MEN,4,57,10,742.00,7420.00
305,306,2023051004003730,NHDL,50,58,10,367.30,3673.00
306,307,2023051004003729,UNHPL,13,56,190,203.20,38608.00
307,308,2023051004003728,UNHPL,51,56,130,203.20,26416.00
308,309,2023051004003727,UNHPL,39,56,20,203.30,4066.00
309,310,2023051004003726,SGIC,10,5,10,439.00,4390.00
310,311,2023051004003725,SGIC,10,41,10,437.00,4370.00
311,312,2023051004003724,SGIC,10,51,10,437.00,4370.00
312,313,2023051004003723,SHPC,41,49,323,329.80,106525.40
313,314,2023051004003722,SHPC,41,26,67,329.00,22043.00
314,315,2023051004003721,SHPC,41,52,110,329.00,36190.00
315,316,2023051003002454,GBBL,36,34,45,349.00,15705.00
316,317,2023051003002453,GBBL,36,13,10,349.00,3490.00
317,318,2023051001008198,HBL,38,44,950,217.00,206150.00
318,319,2023051003002452,SHINE,55,17,100,319.00,31900.00
319,320,2023051004003720,HDHPC,49,14,145,164.00,23780.00
320,321,2023051004003719,MHNL,6,34,150,265.00,39750.00
321,322,2023051004003718,TRH,42,42,10,515.00,5150.00
322,323,2023051005001413,NRIC,3,33,200,673.00,134600.00
323,324,2023051001008197,CZBIL,6,36,10,170.00,1700.00
324,325,2023051003002451,NICLBSL,34,38,10,534.00,5340.00
325,326,2023051003002450,NICLBSL,34,56,10,534.00,5340.00
326,327,2023051003002449,SJLIC,14,33,66,414.20,27337.20
327,328,2023051004003717,SPIL,57,50,14,577.80,8089.20
328,329,2023051004003716,SPIL,57,53,90,577.00,51930.00
329,330,2023051004003715,SPIL,57,25,30,576.80,17304.00
330,331,2023051004003714,SPIL,57,41,12,576.50,6918.00
331,332,2023051004003713,SPIL,57,7,50,576.50,28825.00
332,333,2023051001008196,RHGCL,38,8,10,253.00,2530.00
333,334,2023051001008195,MBL,58,43,10,229.00,2290.00
334,335,2023051001008194,NABIL,42,28,10,590.00,5900.00
335,336,2023051001008193,EHPL,42,29,10,354.00,3540.00
336,337,2023051001008192,HDL,13,26,10,1896.00,18960.00
337,338,2023051001008191,BHPL,38,17,10,442.30,4423.00
338,339,2023051005001412,HIDCL,14,51,66,177.90,11741.40
339,340,2023051004003712,CHCL,25,49,80,468.00,37440.00
340,341,2023051004003711,SHPC,40,36,60,326.20,19572.00
341,342,2023051001008190,SAHAS,36,34,10,492.00,4920.00
342,343,2023051004003710,RIDI,34,26,40,276.90,11076.00
343,344,2023051004003709,RIDI,34,14,100,275.00,27500.00
344,345,2023051004003708,RIDI,34,16,55,273.00,15015.00
345,346,2023051004003707,MHNL,6,29,690,265.00,182850.00
346,347,2023051004003706,CHCL,1,49,10,468.00,4680.00
347,348,2023051003002448,MNBBL,14,38,368,381.00,140208.00
348,349,2023051003002447,MNBBL,34,38,100,381.00,38100.00
349,350,2023051003002446,MNBBL,56,38,30,381.00,11430.00
350,351,2023051003002445,MNBBL,55,38,100,381.10,38110.00
351,352,2023051003002444,MNBBL,1,38,480,381.20,182976.00
352,353,2023051003002443,MNBBL,13,38,20,381.20,7624.00
353,354,2023051003002442,MNBBL,49,38,52,381.30,19827.60
354,355,2023051003002441,MNBBL,26,38,50,381.30,19065.00
355,356,2023051003002440,MNBBL,14,38,40,381.30,15252.00
356,357,2023051003002439,MNBBL,16,38,25,382.00,9550.00
357,358,2023051003002438,MNBBL,49,38,73,382.00,27886.00
358,359,2023051003002437,MNBBL,14,38,22,383.00,8426.00
359,360,2023051003002436,MNBBL,36,38,10,383.00,3830.00
360,361,2023051003002435,PLI,42,42,10,403.20,4032.00
361,362,2023051003002434,ILBS,42,42,174,575.00,100050.00
362,363,2023051004003705,SICL,8,35,11,709.10,7800.10
363,364,2023051004003704,LEC,37,19,10,246.90,2469.00
364,365,2023051001008189,MKHC,5,41,10,243.20,2432.00
365,366,2023051001008188,SAHAS,7,34,10,490.00,4900.00
366,367,2023051001008187,HBL,53,44,50,217.00,10850.00
367,368,2023051004003703,CHCL,50,49,10,468.00,4680.00
368,369,2023051003002433,ICFC,38,17,190,402.00,76380.00
369,370,2023051001008186,MAKAR,26,49,10,246.20,2462.00
370,371,2023051001008185,PHCL,58,52,10,310.00,3100.00
371,372,2023051001008184,MAKAR,26,46,150,246.20,36930.00
372,373,2023051003002432,JBBL,36,58,121,256.00,30976.00
373,374,2023051005001411,NRN,41,54,10,436.00,4360.00
374,375,2023051003002431,NLICL,35,10,60,572.00,34320.00
375,376,2023051001008183,KLBS,6,58,10,870.00,8700.00
376,377,2023051001008182,NABIL,19,28,10,590.00,5900.00
377,378,2023051005001410,NRIC,45,33,10,673.00,6730.00
378,379,2023051004003702,GHL,25,57,250,218.00,54500.00
379,380,2023051004003701,GHL,38,57,200,218.00,43600.00
380,381,2023051001008181,SPC,54,11,10,405.00,4050.00
381,382,2023051001008180,SPC,54,1,10,404.00,4040.00
382,383,2023051003002430,SLBSL,38,7,20,776.80,15536.00
383,384,2023051003002429,SLBSL,11,7,10,776.80,7768.00
384,385,2023051003002428,GUFL,6,7,90,474.50,42705.00
385,386,2023051003002427,GUFL,42,7,10,475.00,4750.00
386,387,2023051001008179,USHEC,42,39,10,289.00,2890.00
387,388,2023051001008178,USHEC,42,10,10,288.00,2880.00
388,389,2023051001008177,USHEC,42,54,10,288.00,2880.00
389,390,2023051004003700,SHPC,41,52,90,329.00,29610.00
390,391,2023051004003699,SHPC,41,5,100,329.00,32900.00
391,392,2023051004003698,SHPC,41,44,200,328.90,65780.00
392,393,2023051004003697,SHPC,41,13,110,328.00,36080.00
393,394,2023051001008176,RFPL,18,57,10,250.00,2500.00
394,395,2023051001008175,RFPL,18,38,10,250.00,2500.00
395,396,2023051001008174,RFPL,18,35,10,247.00,2470.00
396,397,2023051001008173,RFPL,18,21,10,246.00,2460.00
397,398,2023051003002426,RMDC,34,34,10,679.00,6790.00
398,399,2023051003002425,RMDC,34,58,10,678.00,6780.00
399,400,2023051004003696,SSHL,58,4,340,194.00,65960.00
400,401,2023051004003695,SSHL,16,4,460,194.10,89286.00
401,402,2023051004003694,LEC,7,19,10,246.90,2469.00
402,403,2023051001008172,NICA,4,7,50,709.00,35450.00
403,404,2023051004003693,RIDI,42,16,27,273.00,7371.00
404,405,2023051004003692,RADHI,35,50,18,237.60,4276.80
405,406,2023051004003691,RADHI,35,56,100,237.00,23700.00
406,407,2023051004003690,RADHI,35,29,62,235.90,14625.80
407,408,2023051003002424,MFIL,45,33,25,423.00,10575.00
408,409,2023051004003689,SHL,25,58,200,262.00,52400.00
409,410,2023051004003688,HDHPC,33,14,90,164.00,14760.00
410,411,2023051004003687,HDHPC,33,49,100,164.00,16400.00
411,412,2023051004003686,HDHPC,33,45,100,164.00,16400.00
412,413,2023051004003685,HDHPC,33,32,200,164.00,32800.00
413,414,2023051004003684,HDHPC,33,53,400,164.00,65600.00
414,415,2023051004003683,HDHPC,33,34,110,164.00,18040.00
415,416,2023051001008171,NABIL,14,28,50,590.00,29500.00
416,417,2023051004003682,GLH,58,57,1000,260.00,260000.00
417,418,2023051001008170,MHCL,22,52,10,215.50,2155.00
418,419,2023051003002423,KSBBL,39,25,50,293.50,14675.00
419,420,2023051003002422,KSBBL,43,25,50,299.40,14970.00
420,421,2023051001008169,JBLB,17,58,10,1397.00,13970.00
421,422,2023051005001409,NRN,34,53,10,440.00,4400.00
422,423,2023051001008168,MKHC,5,6,10,243.20,2432.00
423,424,2023051001008167,MHCL,22,1,10,215.50,2155.00
424,425,2023051001008166,MKJC,39,13,10,389.70,3897.00
425,426,2023051001008165,MKJC,39,13,10,389.60,3896.00
426,427,2023051001008164,MKJC,39,19,10,388.00,3880.00
427,428,2023051001008163,MKJC,39,21,10,387.00,3870.00
428,429,2023051001008162,MKJC,39,57,10,385.00,3850.00
429,430,2023051001008161,GBIME,57,40,100,183.20,18320.00
430,431,2023051003002421,SINDU,45,58,16,236.10,3777.60
431,432,2023051001008160,SANIMA,17,4,240,242.00,58080.00
432,433,2023051003002420,NMBMF,33,33,10,488.70,4887.00
433,434,2023051005001408,NRIC,17,33,25,673.00,16825.00
434,435,2023051004003681,HDHPC,6,34,210,164.00,34440.00
435,436,2023051001008159,MKLB,42,41,10,635.40,6354.00
436,437,2023051003002419,CFCL,13,58,20,289.00,5780.00
437,438,2023051003002418,RMDC,41,48,50,669.00,33450.00
438,439,2023051003002417,RMDC,54,48,10,669.00,6690.00
439,440,2023051003002416,RMDC,36,48,100,669.00,66900.00
440,441,2023051003002415,RMDC,14,48,15,669.10,10036.50
441,442,2023051005001407,NRN,53,53,10,440.00,4400.00
442,443,2023051003002414,NLIC,6,6,281,658.00,184898.00
443,444,2023051003002413,NLIC,6,42,200,658.00,131600.00
444,445,2023051003002412,NLIC,6,5,200,658.00,131600.00
445,446,2023051003002411,NLIC,6,44,200,657.50,131500.00
446,447,2023051003002410,NLIC,6,57,30,657.40,19722.00
447,448,2023051003002409,NLIC,6,45,50,656.50,32825.00
448,449,2023051001008158,RFPL,35,6,10,245.60,2456.00
449,450,2023051004003680,AKPL,49,44,136,360.00,48960.00
450,451,2023051001008157,SMHL,3,58,10,380.10,3801.00
451,452,2023051001008156,MKHC,5,34,80,243.20,19456.00
452,453,2023051003002408,GFCL,58,4,41,423.00,17343.00
453,454,2023051003002407,GFCL,22,4,50,423.00,21150.00
454,455,2023051003002406,RMDC,6,39,40,674.00,26960.00
455,456,2023051003002405,RMDC,6,42,10,673.00,6730.00
456,457,2023051001008155,MHCL,44,58,10,218.00,2180.00
457,458,2023051001008154,MHCL,44,34,10,217.90,2179.00
458,459,2023051001008153,MHCL,44,56,10,217.00,2170.00
459,460,2023051001008152,MHCL,44,22,10,216.00,2160.00
460,461,2023051004003679,JOSHI,50,5,120,255.00,30600.00
461,462,2023051004003678,JOSHI,22,5,20,255.00,5100.00
462,463,2023051004003677,JOSHI,39,5,100,255.10,25510.00
463,464,2023051004003676,JOSHI,58,5,200,255.50,51100.00
464,465,2023051004003675,JOSHI,52,5,50,255.50,12775.00
465,466,2023051001008151,BHL,34,34,20,299.00,5980.00
466,467,2023051004003674,HPPL,16,37,500,271.00,135500.00
467,468,2023051004003673,RIDI,45,16,254,273.00,69342.00
468,469,2023051004003672,SICL,32,41,12,710.00,8520.00
469,470,2023051001008150,NIMB,17,13,55,180.30,9916.50
470,471,2023051001008149,SHIVM,17,37,10,403.00,4030.00
471,472,2023051001008148,SHIVM,17,19,990,403.00,398970.00
472,473,2023051004003671,API,57,54,10,230.80,2308.00
473,474,2023051001008147,PPL,32,58,10,260.00,2600.00
474,475,2023051003002404,NICLBSL,32,56,90,534.00,48060.00
475,476,2023051004003670,NLG,44,25,33,594.00,19602.00
476,477,2023051004003669,NLG,36,25,60,595.00,35700.00
477,478,2023051003002403,CBBL,51,59,80,782.40,62592.00
478,479,2023051003002402,NSLB,3,57,10,561.00,5610.00
479,480,2023051004003668,KKHC,41,45,60,215.00,12900.00
480,481,2023051004003667,JOSHI,34,49,40,256.00,10240.00
481,482,2023051003002401,ICFC,34,17,10,402.00,4020.00
482,483,2023051003002400,GUFL,39,57,10,476.00,4760.00
483,484,2023051001008146,MLBS,18,42,10,724.00,7240.00
484,485,2023051003002399,SKBBL,17,16,40,823.00,32920.00
485,486,2023051003002398,SKBBL,17,52,10,823.00,8230.00
486,487,2023051001008145,NABIL,57,28,25,590.00,14750.00
487,488,2023051003002397,LBBL,4,50,200,335.30,67060.00
488,489,2023051004003666,PRIN,38,57,10,450.00,4500.00
489,490,2023051001008144,MAKAR,38,21,10,248.20,2482.00
490,491,2023051001008143,MAKAR,38,42,10,248.00,2480.00
491,492,2023051001008142,NYADI,7,21,190,280.00,53200.00
492,493,2023051001008141,NYADI,7,11,10,280.00,2800.00
493,494,2023051001008140,PHCL,58,35,10,310.00,3100.00
494,495,2023051004003665,RBCL,18,48,20,12615.10,252302.00
495,496,2023051004003664,AKJCL,25,50,100,204.00,20400.00
496,497,2023051004003663,AKJCL,19,50,500,204.10,102050.00
497,498,2023051001008139,BHPL,38,22,10,441.00,4410.00
498,499,2023051001008138,UHEWA,58,13,30,370.00,11100.00
499,500,2023051003002396,PROFL,26,50,130,286.00,37180.00
500,501,2023051001008137,NABIL,32,33,100,589.90,58990.00
501,502,2023051001008136,NICA,4,4,188,709.00,133292.00
502,503,2023051001008135,NICA,56,4,12,709.10,8509.20
503,504,2023051005001406,SLCF,42,19,6900,7.60,52440.00
504,505,2023051005001405,NRIC,42,22,10,674.00,6740.00
505,506,2023051001008134,TAMOR,48,58,34,270.00,9180.00
506,507,2023051001008133,TAMOR,58,58,20,270.00,5400.00
507,508,2023051001008132,TAMOR,45,58,50,270.00,13500.00
508,509,2023051001008131,TAMOR,57,58,20,270.10,5402.00
509,510,2023051001008130,TAMOR,47,58,20,270.50,5410.00
510,511,2023051001008129,MAKAR,26,58,10,246.20,2462.00
511,512,2023051004003662,GLH,58,57,960,260.00,249600.00
512,513,2023051004003661,GLH,26,57,40,260.10,10404.00
513,514,2023051004003660,AHPC,32,58,20,277.00,5540.00
514,515,2023051001008128,GVL,8,26,20,401.50,8030.00
515,516,2023051001008127,NIMB,41,13,30,180.30,5409.00
516,517,2023051001008126,MBJC,53,5,20,280.00,5600.00
517,518,2023051004003659,RIDI,34,32,280,272.20,76216.00
518,519,2023051001008125,EBL,44,44,1000,530.00,530000.00
519,520,2023051003002395,BFC,5,57,10,301.00,3010.00
520,521,2023051001008124,RHGCL,19,35,100,251.20,25120.00
521,522,2023051004003658,RIDI,34,16,10,273.00,2730.00
522,523,2023051004003657,RIDI,34,16,115,272.50,31337.50
523,524,2023051001008123,NABIL,14,33,10,589.90,5899.00
524,525,2023051005001404,CHDC,51,8,10,727.00,7270.00
525,526,2023051005001403,NTC,47,7,20,793.00,15860.00
526,527,2023051003002394,KRBL,42,52,30,254.00,7620.00
527,528,2023051001008122,GVL,58,13,290,399.00,115710.00
528,529,2023051004003656,BARUN,6,13,10,233.50,2335.00
529,530,2023051001008121,SHIVM,25,19,10,403.00,4030.00
530,531,2023051004003655,API,49,11,300,230.00,69000.00
531,532,2023051004003654,NHPC,58,5,80,204.00,16320.00
532,533,2023051001008120,NBL,28,33,325,247.30,80372.50
533,534,2023051001008119,NBL,33,33,15,247.30,3709.50
534,535,2023051001008118,NBL,45,33,20,247.30,4946.00
535,536,2023051001008117,NBL,43,33,40,247.40,9896.00
536,537,2023051004003653,NGPL,53,51,67,236.00,15812.00
537,538,2023051004003652,NGPL,55,51,13,236.00,3068.00
538,539,2023051003002393,MLBL,58,56,440,296.80,130592.00
539,540,2023051003002392,FMDBL,13,43,70,506.40,35448.00
540,541,2023051003002391,FMDBL,6,43,30,506.40,15192.00
541,542,2023051003002390,FMDBL,16,43,100,507.00,50700.00
542,543,2023051001008116,SHIVM,38,1,100,402.10,40210.00
543,544,2023051001008115,KBL,39,11,10,164.40,1644.00
544,545,2023051001008114,KBL,45,11,14,164.40,2301.60
545,546,2023051001008113,AHL,26,41,10,347.00,3470.00
546,547,2023051001008112,AHL,26,45,10,346.00,3460.00
547,548,2023051001008111,AHL,26,34,20,346.00,6920.00
548,549,2023051001008110,AHL,26,33,10,346.00,3460.00
549,550,2023051001008109,AHL,26,35,10,346.00,3460.00
550,551,2023051001008108,AHL,26,6,10,345.10,3451.00
551,552,2023051001008107,AHL,26,35,10,345.00,3450.00
552,553,2023051004003651,RIDI,34,21,154,272.20,41918.80
553,554,2023051001008106,AVYAN,28,42,10,570.10,5701.00
554,555,2023051001008105,ADBL,32,45,33,230.00,7590.00
555,556,2023051001008104,ADBL,38,45,30,230.00,6900.00
556,557,2023051001008103,ADBL,42,45,155,230.00,35650.00
557,558,2023051001008102,ADBL,17,45,10,230.00,2300.00
558,559,2023051001008101,ADBL,59,45,100,230.00,23000.00
559,560,2023051001008100,ADBL,4,45,22,231.00,5082.00
560,561,2023051001008099,ADBL,56,45,30,231.00,6930.00
561,562,2023051004003650,CHL,14,42,10,274.00,2740.00
562,563,2023051004003649,GHL,35,14,100,219.00,21900.00
563,564,2023051004003648,TRH,58,32,200,511.00,102200.00
564,565,2023051001008098,CZBIL,43,36,75,170.00,12750.00
565,566,2023051001008097,SHIVM,38,33,500,402.10,201050.00
566,567,2023051001008096,AVYAN,28,52,10,570.10,5701.00
567,568,2023051004003647,RADHI,48,57,26,235.00,6110.00
568,569,2023051001008095,NICA,56,57,48,709.10,34036.80
569,570,2023051001008094,NICA,7,57,52,709.10,36873.20
570,571,2023051005001402,NRIC,42,22,50,674.00,33700.00
571,572,2023051003002389,ICFC,42,44,200,404.00,80800.00
572,573,2023051001008093,DORDI,49,45,20,266.10,5322.00
573,574,2023051001008092,LBL,14,34,500,181.10,90550.00
574,575,2023051004003646,BARUN,6,4,80,233.50,18680.00
575,576,2023051003002388,LBBL,4,6,365,335.30,122384.50
576,577,2023051003002387,LBBL,4,6,135,335.30,45265.50
577,578,2023051004003645,TRH,58,48,855,511.00,436905.00
578,579,2023051004003644,TRH,49,48,15,511.20,7668.00
579,580,2023051004003643,SHEL,33,45,30,279.00,8370.00
580,581,2023051004003642,KKHC,47,57,60,213.50,12810.00
581,582,2023051001008091,SAHAS,7,17,20,490.00,9800.00
582,583,2023051005001401,NIFRA,59,34,268,206.60,55368.80
583,584,2023051005001400,NIFRA,42,34,200,206.70,41340.00
584,585,2023051001008090,SAHAS,7,22,10,490.00,4900.00
585,586,2023051004003641,RADHI,28,57,20,235.00,4700.00
586,587,2023051004003640,RADHI,28,25,30,235.00,7050.00
587,588,2023051001008089,BHDC,22,36,10,387.10,3871.00
588,589,2023051001008088,MHCL,22,56,10,215.50,2155.00
589,590,2023051001008087,RULB,34,21,10,635.10,6351.00
590,591,2023051001008086,NABIL,28,33,10,589.90,5899.00
591,592,2023051005001399,SLCF,42,34,100,7.55,755.00
592,593,2023051001008085,NMB,14,44,89,235.00,20915.00
593,594,2023051004003639,API,49,14,87,230.00,20010.00
594,595,2023051004003638,API,21,14,200,230.10,46020.00
595,596,2023051004003637,API,33,14,162,230.10,37276.20
596,597,2023051004003636,API,32,14,10,230.20,2302.00
597,598,2023051004003635,API,45,14,1000,230.20,230200.00
598,599,2023051004003634,API,58,14,21,230.30,4836.30
599,600,2023051004003633,API,59,14,20,230.30,4606.00
600,601,2023051004003632,API,45,14,100,230.30,23030.00
601,602,2023051004003631,API,53,14,150,230.50,34575.00
602,603,2023051003002386,SJLIC,57,33,100,415.00,41500.00
603,604,2023051001008084,SMJC,32,38,10,248.00,2480.00
604,605,2023051001008083,SMJC,32,16,10,247.50,2475.00
605,606,2023051005001398,CIT,41,37,50,2012.00,100600.00
606,607,2023051004003630,UIC,34,47,10,429.80,4298.00
607,608,2023051004003629,UIC,34,54,10,425.00,4250.00
608,609,2023051004003628,UIC,34,17,71,424.00,30104.00
609,610,2023051001008082,SMJC,1,58,10,246.00,2460.00
610,611,2023051001008081,TAMOR,47,58,10,270.50,2705.00
611,612,2023051001008080,SHIVM,38,51,50,402.10,20105.00
612,613,2023051001008079,NABIL,32,33,100,589.90,58990.00
613,614,2023051003002385,SADBL,1,56,48,270.00,12960.00
614,615,2023051003002384,SADBL,42,56,30,270.10,8103.00
615,616,2023051004003627,NGPL,55,44,28,236.00,6608.00
616,617,2023051003002383,PLI,17,56,10,406.00,4060.00
617,618,2023051003002382,PLI,17,26,10,405.00,4050.00
618,619,2023051003002381,MFIL,38,58,228,421.00,95988.00
619,620,2023051003002380,MFIL,4,58,22,421.10,9264.20
620,621,2023051004003626,HDHPC,16,34,150,164.00,24600.00
621,622,2023051004003625,NHPC,6,5,50,204.00,10200.00
622,623,2023051001008078,SCB,6,26,100,529.00,52900.00
623,624,2023051004003624,RIDI,44,16,10,272.50,2725.00
624,625,2023051004003623,RIDI,44,1,10,272.30,2723.00
625,626,2023051003002379,NMBMF,35,33,10,480.10,4801.00
626,627,2023051004003622,HDHPC,57,34,30,164.00,4920.00
627,628,2023051004003621,HDHPC,57,45,90,164.00,14760.00
628,629,2023051001008077,BHPL,38,17,20,442.20,8844.00
629,630,2023051003002378,GUFL,58,3,10,475.00,4750.00
630,631,2023051003002377,GUFL,14,3,10,475.00,4750.00
631,632,2023051001008076,JALPA,48,34,15,1589.00,23835.00
632,633,2023051001008075,SAHAS,7,58,10,490.00,4900.00
633,634,2023051004003620,SPIL,57,53,10,577.00,5770.00
634,635,2023051004003619,SPIL,57,41,100,576.90,57690.00
635,636,2023051004003618,SPIL,57,57,10,576.90,5769.00
636,637,2023051001008074,NICA,26,11,50,709.30,35465.00
637,638,2023051001008073,NABIL,45,33,10,589.90,5899.00
638,639,2023051005001397,CHDC,58,34,10,726.00,7260.00
639,640,2023051001008072,KBL,45,54,405,164.40,66582.00
640,641,2023051003002376,KRBL,32,52,10,254.00,2540.00
641,642,2023051003002375,NICLBSL,32,56,50,534.00,26700.00
642,643,2023051003002374,NICLBSL,38,56,50,535.10,26755.00
643,644,2023051004003617,OHL,57,17,10,570.00,5700.00
644,645,2023051001008071,JALPA,57,53,22,1590.00,34980.00
645,646,2023051001008070,SMJC,32,21,10,247.00,2470.00
646,647,2023051001008069,SMJC,32,19,10,247.00,2470.00
647,648,2023051001008068,SMJC,32,58,16,247.00,3952.00
648,649,2023051001008067,SAHAS,7,35,50,490.00,24500.00
649,650,2023051004003616,CHCL,43,28,10,465.00,4650.00
650,651,2023051003002373,ICFC,29,17,417,402.00,167634.00
651,652,2023051001008066,MKLB,14,11,10,623.00,6230.00
652,653,2023051001008065,MKLB,14,48,10,623.00,6230.00
653,654,2023051001008064,EHPL,32,29,50,354.00,17700.00
654,655,2023051001008063,TAMOR,47,49,160,270.50,43280.00
655,656,2023051001008062,TAMOR,47,5,830,271.00,224930.00
656,657,2023051001008061,SHIVM,38,7,50,402.10,20105.00
657,658,2023051001008060,HDL,13,38,13,1885.50,24511.50
658,659,2023051001008059,NIMB,51,13,1000,180.30,180300.00
659,660,2023051001008058,NIMB,32,13,200,180.40,36080.00
660,661,2023051001008057,NIMB,34,13,10,180.50,1805.00
661,662,2023051001008056,NIMB,1,13,40,180.50,7220.00
662,663,2023051001008055,NIMB,41,13,65,180.50,11732.50
663,664,2023051001008054,NIMB,52,13,30,180.60,5418.00
664,665,2023051001008053,NIMB,17,13,25,180.70,4517.50
665,666,2023051001008052,NIMB,53,13,20,180.70,3614.00
666,667,2023051001008051,NIMB,6,13,25,180.70,4517.50
667,668,2023051003002372,EDBL,58,25,29,278.30,8070.70
668,669,2023051005001396,SEF,41,46,2000,7.90,15800.00
669,670,2023051001008050,AVYAN,28,36,10,570.10,5701.00
670,671,2023051004003615,UMHL,57,6,256,224.90,57574.40
671,672,2023051004003614,UMHL,57,13,330,224.00,73920.00
672,673,2023051003002371,NLICL,42,33,10,573.00,5730.00
673,674,2023051005001395,CHDC,58,17,20,726.00,14520.00
674,675,2023051005001394,CHDC,50,17,30,726.00,21780.00
675,676,2023051004003613,UIC,34,17,20,424.00,8480.00
676,677,2023051004003612,AKPL,57,21,175,359.10,62842.50
677,678,2023051001008049,DORDI,49,13,10,266.10,2661.00
678,679,2023051003002370,PLI,53,58,115,405.00,46575.00
679,680,2023051001008048,HDL,42,38,11,1885.50,20740.50
680,681,2023051001008047,SMJC,1,52,10,246.00,2460.00
681,682,2023051003002369,SHINE,49,58,12,318.00,3816.00
682,683,2023051001008046,SMHL,3,58,10,380.10,3801.00
683,684,2023051004003611,SHL,25,16,200,263.00,52600.00
684,685,2023051001008045,SHIVM,38,6,200,402.00,80400.00
685,686,2023051001008044,SMHL,3,42,10,380.10,3801.00
686,687,2023051001008043,NABIL,13,33,15,589.90,8848.50
687,688,2023051004003610,NHPC,49,5,150,204.00,30600.00
688,689,2023051005001393,HIDCL,4,25,709,178.00,126202.00
689,690,2023051001008042,USHEC,26,46,10,284.10,2841.00
690,691,2023051005001392,NTC,10,54,20,795.00,15900.00
691,692,2023051001008041,ADBL,34,39,60,232.50,13950.00
692,693,2023051004003609,RADHI,44,58,33,234.80,7748.40
693,694,2023051004003608,API,53,6,100,230.50,23050.00
694,695,2023051003002368,ICFC,29,25,79,402.00,31758.00
695,696,2023051003002367,ICFC,55,25,40,402.10,16084.00
696,697,2023051003002366,ICFC,38,25,150,402.20,60330.00
697,698,2023051003002365,ICFC,14,25,200,402.50,80500.00
698,699,2023051003002364,ICFC,25,25,50,402.60,20130.00
699,700,2023051003002363,ICFC,55,25,50,403.00,20150.00
700,701,2023051003002362,ICFC,48,25,211,403.00,85033.00
701,702,2023051001008040,LBL,34,43,14,184.00,2576.00
702,703,2023051003002361,SWBBL,58,43,10,707.00,7070.00
703,704,2023051004003607,JOSHI,42,49,500,256.00,128000.00
704,705,2023051004003606,JOSHI,11,49,100,256.10,25610.00
705,706,2023051004003605,SSHL,16,58,10,194.10,1941.00
706,707,2023051001008039,KBL,7,54,300,164.50,49350.00
707,708,2023051003002360,FOWAD,42,55,10,1186.10,11861.00
708,709,2023051001008038,DORDI,49,35,10,266.10,2661.00
709,710,2023051004003604,AKJCL,52,50,10,205.00,2050.00
710,711,2023051004003603,AKJCL,32,50,20,205.00,4100.00
711,712,2023051004003602,AKJCL,51,50,230,205.00,47150.00
712,713,2023051003002359,SHINE,49,32,389,318.00,123702.00
713,714,2023051003002358,SHINE,46,32,10,318.10,3181.00
714,715,2023051001008037,RHGCL,22,38,50,251.00,12550.00
715,716,2023051001008036,RHGCL,58,38,50,251.30,12565.00
716,717,2023051005001391,NRN,41,55,475,436.00,207100.00
717,718,2023051001008035,ADLB,36,26,36,1301.00,46836.00
718,719,2023051003002357,GUFL,49,17,200,475.00,95000.00
719,720,2023051003002356,GUFL,6,17,185,475.00,87875.00
720,721,2023051001008034,MAKAR,36,52,10,248.00,2480.00
721,722,2023051003002355,SJLIC,35,33,32,415.00,13280.00
722,723,2023051001008033,NABIL,50,33,351,589.90,207054.90
723,724,2023051001008032,AHL,26,1,10,345.00,3450.00
724,725,2023051001008031,AHL,26,48,10,345.00,3450.00
725,726,2023051001008030,GVL,55,13,50,400.00,20000.00
726,727,2023051001008029,SAHAS,7,41,10,490.00,4900.00
727,728,2023051001008028,NICA,17,57,100,709.50,70950.00
728,729,2023051003002354,MLBL,34,56,10,299.00,2990.00
729,730,2023051005001390,NTC,58,48,50,793.00,39650.00
730,731,2023051001008027,MHCL,14,58,10,216.00,2160.00
731,732,2023051001008026,MHCL,14,21,10,216.00,2160.00
732,733,2023051004003601,RIDI,34,14,441,272.20,120040.20
733,734,2023051004003600,RIDI,38,14,190,272.20,51718.00
734,735,2023051001008025,EHPL,32,13,10,354.30,3543.00
735,736,2023051001008024,EHPL,32,13,10,354.20,3542.00
736,737,2023051001008023,EHPL,32,13,10,354.10,3541.00
737,738,2023051001008022,EHPL,32,38,10,354.00,3540.00
738,739,2023051001008021,EHPL,32,13,10,353.70,3537.00
739,740,2023051004003599,RIDI,42,16,10,272.50,2725.00
740,741,2023051003002353,GUFL,6,42,315,475.00,149625.00
741,742,2023051003002352,GUFL,25,42,14,475.10,6651.40
742,743,2023051003002351,GUFL,58,42,50,475.10,23755.00
743,744,2023051003002350,GUFL,6,42,100,475.10,47510.00
744,745,2023051003002349,GUFL,19,42,21,475.20,9979.20
745,746,2023051003002348,GRDBL,41,28,55,239.30,13161.50
746,747,2023051003002347,SFCL,41,38,30,261.00,7830.00
747,748,2023051001008020,MBL,43,45,72,231.90,16696.80
748,749,2023051001008019,NABIL,42,28,100,590.00,59000.00
749,750,2023051004003598,SJCL,16,49,2440,269.00,656360.00
750,751,2023051004003597,SJCL,16,26,100,268.00,26800.00
751,752,2023051004003596,SJCL,16,57,150,268.00,40200.00
752,753,2023051004003595,NHPC,35,5,200,204.00,40800.00
753,754,2023051004003594,HDHPC,58,45,10,164.00,1640.00
754,755,2023051003002346,FOWAD,28,55,10,1190.00,11900.00
755,756,2023051004003593,UMHL,58,13,20,224.00,4480.00
756,757,2023051001008018,PRVU,38,40,50,165.30,8265.00
757,758,2023051001008017,PRVU,59,40,11,165.40,1819.40
758,759,2023051001008016,PRVU,55,40,200,166.00,33200.00
759,760,2023051001008015,MBJC,28,45,42,276.00,11592.00
760,761,2023051001008014,CZBIL,14,14,189,170.10,32148.90
761,762,2023051003002345,NLIC,35,42,95,656.10,62329.50
762,763,2023051003002344,NLIC,47,42,25,656.20,16405.00
763,764,2023051001008013,NABIL,37,28,20,590.00,11800.00
764,765,2023051001008012,ADLB,36,32,30,1301.00,39030.00
765,766,2023051004003592,RADHI,44,14,22,234.80,5165.60
766,767,2023051001008011,SHIVM,18,19,900,403.00,362700.00
767,768,2023051004003591,CHCL,50,28,10,467.80,4678.00
768,769,2023051001008010,HHL,28,34,10,255.00,2550.00
769,770,2023051001008009,BHL,34,46,10,299.50,2995.00
770,771,2023051001008008,BHL,34,34,10,294.00,2940.00
771,772,2023051001008007,BHL,34,38,143,293.90,42027.70
772,773,2023051001008006,NMB,14,32,1000,235.00,235000.00
773,774,2023051001008005,NMB,14,58,30,235.00,7050.00
774,775,2023051001008004,NMB,14,44,11,235.00,2585.00
775,776,2023051001008003,NMB,14,16,1000,234.50,234500.00
776,777,2023051001008002,NMB,14,25,50,234.00,11700.00
777,778,2023051001008001,NMB,14,11,643,234.00,150462.00
778,779,2023051001008000,NMB,14,16,478,234.00,111852.00
779,780,2023051003002343,SIFC,35,34,300,305.90,91770.00
780,781,2023051005001389,NICSF,39,16,200,7.82,1564.00
781,782,2023051001007999,SPC,54,52,10,403.10,4031.00
782,783,2023051001007998,SMH,49,32,10,550.00,5500.00
783,784,2023051001007997,SMH,49,42,100,550.00,55000.00
784,785,2023051001007996,SMH,49,21,10,550.00,5500.00
785,786,2023051001007995,SMH,49,56,50,549.90,27495.00
786,787,2023051001007994,SMH,49,42,100,549.90,54990.00
787,788,2023051005001388,NRN,41,36,10,436.00,4360.00
788,789,2023051005001387,NRN,49,36,10,436.00,4360.00
789,790,2023051001007993,RHGCL,58,38,160,251.30,40208.00
790,791,2023051001007992,RHGCL,49,38,20,251.30,5026.00
791,792,2023051001007991,RHGCL,26,38,20,251.40,5028.00
792,793,2023051001007990,RHGCL,19,38,100,251.50,25150.00
793,794,2023051003002342,GBBL,34,13,114,349.00,39786.00
794,795,2023051005001386,KEF,47,43,300,8.00,2400.00
795,796,2023051001007989,KBL,53,54,45,164.50,7402.50
796,797,2023051001007988,NABIL,50,45,114,589.90,67248.60
797,798,2023051004003590,UNHPL,39,16,200,203.30,40660.00
798,799,2023051003002341,GBBL,38,13,30,349.00,10470.00
799,800,2023051001007987,PPL,42,49,10,260.00,2600.00
800,801,2023051005001385,HIDCL,4,22,335,178.00,59630.00
801,802,2023051003002340,CLBSL,1,34,10,560.90,5609.00
802,803,2023051003002339,SJLIC,35,44,357,415.00,148155.00
803,804,2023051003002338,SJLIC,35,11,511,414.90,212013.90
804,805,2023051003002337,MLBL,58,25,31,296.80,9200.80
805,806,2023051003002336,MLBL,57,25,30,297.00,8910.00
806,807,2023051003002335,MLBL,38,25,30,297.50,8925.00
807,808,2023051001007986,SAHAS,7,52,10,490.00,4900.00
808,809,2023051001007985,SIKLES,3,59,90,392.30,35307.00
809,810,2023051001007984,SIKLES,57,59,100,393.00,39300.00
810,811,2023051001007983,SIKLES,6,59,100,393.00,39300.00
811,812,2023051001007982,SIKLES,57,59,140,393.10,55034.00
812,813,2023051001007981,MHCL,22,36,10,215.50,2155.00
813,814,2023051001007980,NABIL,17,45,200,589.90,117980.00
814,815,2023051003002334,GBBL,42,13,370,349.00,129130.00
815,816,2023051001007979,RFPL,35,49,10,245.60,2456.00
816,817,2023051001007978,MAKAR,54,35,10,248.00,2480.00
817,818,2023051003002333,NMFBS,42,58,10,1150.00,11500.00
818,819,2023051004003589,RIDI,38,21,10,272.20,2722.00
819,820,2023051004003588,RIDI,16,21,347,272.50,94557.50
820,821,2023051004003587,RIDI,57,21,10,272.60,2726.00
821,822,2023051001007977,JBLB,52,42,11,1400.00,15400.00
822,823,2023051003002332,JFL,45,49,960,350.00,336000.00
823,824,2023051003002331,JFL,45,58,40,348.00,13920.00
824,825,2023051004003586,SGIC,4,51,10,436.00,4360.00
825,826,2023051001007976,BHL,34,38,27,293.90,7935.30
826,827,2023051001007975,BHL,34,52,10,293.80,2938.00
827,828,2023051001007974,BHL,34,34,20,290.70,5814.00
828,829,2023051001007973,BHL,34,33,213,290.50,61876.50
829,830,2023051001007972,BHL,34,38,10,289.60,2896.00
830,831,2023051001007971,BHL,34,52,10,289.00,2890.00
831,832,2023051001007970,BHL,34,34,10,289.00,2890.00
832,833,2023051003002330,RLFL,53,54,30,281.50,8445.00
833,834,2023051001007969,NBL,44,29,95,247.50,23512.50
834,835,2023051001007968,NBL,44,21,55,247.50,13612.50
835,836,2023051005001384,CHDC,50,28,10,726.00,7260.00
836,837,2023051004003585,GHL,22,14,253,218.00,55154.00
837,838,2023051001007967,MHCL,22,52,10,215.50,2155.00
838,839,2023051004003584,HDHPC,49,36,10,164.00,1640.00
839,840,2023051004003583,HDHPC,19,36,100,164.00,16400.00
840,841,2023051004003582,HDHPC,22,36,20,164.00,3280.00
841,842,2023051004003581,HDHPC,17,36,400,164.00,65600.00
842,843,2023051004003580,HDHPC,57,36,200,164.00,32800.00
843,844,2023051003002329,KMCDB,41,1,10,580.00,5800.00
844,845,2023051001007966,GBIME,57,42,19,183.20,3480.80
845,846,2023051001007965,GBIME,47,26,100,184.00,18400.00
846,847,2023051001007964,TAMOR,47,49,10,270.50,2705.00
847,848,2023051003002328,LICN,6,28,185,1270.00,234950.00
848,849,2023051003002327,LICN,6,36,375,1270.00,476250.00
849,850,2023051003002326,LICN,6,28,80,1269.00,101520.00
850,851,2023051003002325,LICN,6,39,20,1269.00,25380.00
851,852,2023051004003579,AKPL,20,21,13,360.00,4680.00
852,853,2023051004003578,NGPL,17,22,10,237.90,2379.00
853,854,2023051001007963,SCB,21,51,50,529.00,26450.00
854,855,2023051001007962,SCB,21,38,23,529.00,12167.00
855,856,2023051003002324,SDLBSL,21,26,50,628.00,31400.00
856,857,2023051004003577,NIL,59,59,100,725.00,72500.00
857,858,2023051005001383,NMBHF1,36,45,1248,9.81,12242.88
858,859,2023051001007961,SMJC,32,58,10,247.00,2470.00
859,860,2023051003002323,CORBL,35,11,75,283.00,21225.00
860,861,2023051003002322,CORBL,42,39,10,282.10,2821.00
861,862,2023051001007960,NICA,53,57,100,709.50,70950.00
862,863,2023051001007959,MHCL,49,52,10,215.60,2156.00
863,864,2023051001007958,SPL,19,47,10,512.00,5120.00
864,865,2023051003002321,LBBL,4,34,100,335.30,33530.00
865,866,2023051004003576,API,57,54,10,230.80,2308.00
866,867,2023051001007957,MHCL,49,36,10,215.60,2156.00
867,868,2023051001007956,JALPA,48,42,20,1589.00,31780.00
868,869,2023051001007955,SBL,41,26,68,246.00,16728.00
869,870,2023051001007954,SBL,41,26,17,246.00,4182.00
870,871,2023051004003575,SPIL,8,57,12,576.90,6922.80
871,872,2023051003002320,CBBL,6,41,20,785.00,15700.00
872,873,2023051003002319,MFIL,4,32,40,424.00,16960.00
873,874,2023051001007953,MHCL,49,47,10,215.60,2156.00
874,875,2023051001007952,KBL,34,54,50,164.50,8225.00
875,876,2023051001007951,KBL,45,54,100,164.50,16450.00
876,877,2023051001007950,BHDC,22,58,10,387.00,3870.00
877,878,2023051001007949,MAKAR,54,25,90,248.00,22320.00
878,879,2023051001007948,MAKAR,41,25,10,248.20,2482.00
879,880,2023051001007947,MAKAR,41,52,10,248.20,2482.00
880,881,2023051004003574,UPPER,58,36,10,409.00,4090.00
881,882,2023051001007946,KDL,55,45,92,706.00,64952.00
882,883,2023051001007945,KDL,26,45,20,706.10,14122.00
883,884,2023051001007944,KDL,14,45,100,706.30,70630.00
884,885,2023051003002318,SJLIC,14,44,25,414.20,10355.00
885,886,2023051005001382,HIDCL,4,22,200,178.00,35600.00
886,887,2023051001007943,TAMOR,19,5,170,271.00,46070.00
887,888,2023051001007942,NABIL,42,45,800,589.90,471920.00
888,889,2023051001007941,SMH,28,13,10,549.80,5498.00
889,890,2023051001007940,SMH,28,13,10,549.70,5497.00
890,891,2023051001007939,SMH,28,13,10,549.60,5496.00
891,892,2023051001007938,SMH,28,57,10,549.00,5490.00
892,893,2023051001007937,SMH,28,13,10,548.80,5488.00
893,894,2023051001007936,SMH,28,13,10,548.70,5487.00
894,895,2023051001007935,SMH,28,13,10,548.60,5486.00
895,896,2023051001007934,SMH,28,35,10,548.50,5485.00
896,897,2023051001007933,SMH,28,38,20,548.50,10970.00
897,898,2023051001007932,BHDC,35,50,190,387.00,73530.00
898,899,2023051001007931,AHL,19,16,10,343.00,3430.00
899,900,2023051001007930,SHIVM,34,33,1000,402.10,402100.00
900,901,2023051003002317,SINDU,22,57,289,237.00,68493.00
901,902,2023051003002316,CORBL,6,45,54,283.00,15282.00
902,903,2023051004003573,AKPL,6,21,10,360.00,3600.00
903,904,2023051003002315,GUFL,19,1,79,475.20,37540.80
904,905,2023051003002314,GUFL,34,1,11,476.00,5236.00
905,906,2023051004003572,SGIC,4,11,130,436.00,56680.00
906,907,2023051001007929,NESDO,28,14,10,2017.00,20170.00
907,908,2023051001007928,SHIVM,34,19,100,403.00,40300.00
908,909,2023051004003571,CHCL,16,45,500,468.00,234000.00
909,910,2023051004003570,CHCL,16,49,100,468.00,46800.00
910,911,2023051004003569,CHCL,16,49,30,468.00,14040.00
911,912,2023051004003568,CHCL,16,32,100,467.90,46790.00
912,913,2023051001007927,MHCL,49,36,10,215.60,2156.00
913,914,2023051001007926,MAKAR,58,16,10,248.50,2485.00
914,915,2023051004003567,AKPL,7,21,102,360.00,36720.00
915,916,2023051001007925,MKHC,38,35,10,243.10,2431.00
916,917,2023051001007924,PBD88,36,58,10,877.20,8772.00
917,918,2023051003002313,LBBL,4,32,20,335.30,6706.00
918,919,2023051003002312,SINDU,22,11,11,237.00,2607.00
919,920,2023051001007923,SMJC,1,58,10,246.00,2460.00
920,921,2023051004003566,UPCL,34,19,10,223.90,2239.00
921,922,2023051004003565,UPCL,34,33,20,223.00,4460.00
922,923,2023051004003564,NLG,44,49,100,594.00,59400.00
923,924,2023051004003563,LEC,32,26,10,247.00,2470.00
924,925,2023051004003562,LEC,32,57,30,245.00,7350.00
925,926,2023051004003561,LEC,32,55,20,245.00,4900.00
926,927,2023051004003560,LEC,32,34,200,244.00,48800.00
927,928,2023051004003559,LEC,32,49,40,244.00,9760.00
928,929,2023051001007922,KDL,50,45,170,707.00,120190.00
929,930,2023051001007921,KDL,55,45,50,707.00,35350.00
930,931,2023051001007920,KDL,35,45,10,707.00,7070.00
931,932,2023051001007919,KDL,16,45,10,707.00,7070.00
932,933,2023051001007918,KDL,18,45,100,708.00,70800.00
933,934,2023051001007917,KDL,14,45,20,708.00,14160.00
934,935,2023051001007916,KDL,41,45,20,708.00,14160.00
935,936,2023051001007915,KDL,1,45,20,708.00,14160.00
936,937,2023051001007914,KDL,21,45,30,708.10,21243.00
937,938,2023051001007913,KDL,19,45,100,708.20,70820.00
938,939,2023051003002311,SJLIC,38,33,100,414.30,41430.00
939,940,2023051003002310,SJLIC,52,33,50,414.30,20715.00
940,941,2023051001007912,SHIVM,25,58,10,402.90,4029.00
941,942,2023051003002309,GMFIL,45,13,100,297.00,29700.00
942,943,2023051003002308,GMFIL,45,13,205,297.00,60885.00
943,944,2023051001007911,CZBIL,56,36,120,169.60,20352.00
944,945,2023051004003558,TRH,58,42,10,511.00,5110.00
945,946,2023051001007910,MBL,43,17,25,231.00,5775.00
946,947,2023051001007909,EBL,35,46,100,528.00,52800.00
947,948,2023051001007908,SPL,38,13,10,518.00,5180.00
948,949,2023051001007907,MAKAR,38,58,10,249.00,2490.00
949,950,2023051001007906,MAKAR,38,35,10,248.90,2489.00
950,951,2023051001007905,MAKAR,38,44,10,248.90,2489.00
951,952,2023051001007904,MHCL,53,42,10,215.60,2156.00
952,953,2023051001007903,SBL,17,38,97,247.00,23959.00
953,954,2023051005001381,RMF1,6,58,400,7.45,2980.00
954,955,2023051001007902,USHEC,26,45,20,284.10,5682.00
955,956,2023051001007901,MAKAR,47,58,10,248.50,2485.00
956,957,2023051003002307,JFL,39,58,10,348.00,3480.00
957,958,2023051001007900,SMJC,1,49,10,246.00,2460.00
958,959,2023051004003557,API,25,58,26,230.30,5987.80
959,960,2023051001007899,MAKAR,5,16,10,248.50,2485.00
960,961,2023051001007898,NMB,56,26,25,233.10,5827.50
961,962,2023051001007897,NESDO,42,43,10,2007.00,20070.00
962,963,2023051001007896,SMHL,21,47,10,387.00,3870.00
963,964,2023051001007895,MKHC,39,48,30,244.00,7320.00
964,965,2023051001007894,MKHC,39,34,10,244.00,2440.00
965,966,2023051001007893,MKHC,39,35,10,244.00,2440.00
966,967,2023051001007892,MKHC,39,58,10,244.00,2440.00
967,968,2023051001007891,MKHC,39,14,10,244.00,2440.00
968,969,2023051001007890,MKHC,39,49,10,243.90,2439.00
969,970,2023051001007889,TAMOR,19,22,10,271.00,2710.00
970,971,2023051005001380,NTC,54,54,10,795.00,7950.00
971,972,2023051001007888,MKHC,38,21,10,243.10,2431.00
972,973,2023051005001379,HIDCL,17,49,43,178.30,7666.90
973,974,2023051001007887,KBL,49,57,100,164.80,16480.00
974,975,2023051001007886,PRVU,45,11,236,166.00,39176.00
975,976,2023051001007885,PRVU,45,10,10,166.00,1660.00
976,977,2023051001007884,PRVU,45,22,45,166.00,7470.00
977,978,2023051003002306,SABSL,41,57,80,577.00,46160.00
978,979,2023051004003556,NGPL,55,29,59,236.00,13924.00
979,980,2023051004003555,NGPL,17,29,142,236.00,33512.00
980,981,2023051004003554,SSHL,32,32,100,195.00,19500.00
981,982,2023051001007883,SMH,49,58,10,543.00,5430.00
982,983,2023051004003553,API,25,39,100,230.30,23030.00
983,984,2023051003002305,KSBBL,43,43,200,299.40,59880.00
984,985,2023051005001378,NIFRA,59,56,32,206.60,6611.20
985,986,2023051005001377,NIFRA,57,56,118,206.80,24402.40
986,987,2023051005001376,NIFRA,59,56,50,207.00,10350.00
987,988,2023051004003552,API,57,54,10,230.80,2308.00
988,989,2023051005001375,NRIC,47,1,10,674.90,6749.00
989,990,2023051001007882,TAMOR,19,36,10,271.00,2710.00
990,991,2023051005001374,SBCF,39,16,100,7.47,747.00
991,992,2023051001007881,SMJC,1,58,10,246.00,2460.00
992,993,2023051004003551,UMHL,58,43,20,224.00,4480.00
993,994,2023051004003550,UMHL,57,43,540,224.10,121014.00
994,995,2023051004003549,UMHL,42,43,100,224.70,22470.00
995,996,2023051001007880,PPL,42,58,10,259.00,2590.00
996,997,2023051001007879,RHGCL,26,35,10,251.40,2514.00
997,998,2023051003002304,RSDC,34,42,10,479.00,4790.00
998,999,2023051001007878,RFPL,35,46,10,245.60,2456.00
999,1000,2023051003002303,MNBBL,11,57,174,383.00,66642.00
1000,1001,2023051001007877,SMJC,1,55,10,246.00,2460.00
1001,1002,2023051003002302,SHINE,49,38,68,318.00,21624.00
1002,1003,2023051001007876,HBL,38,57,990,217.00,214830.00
1003,1004,2023051001007875,PRVU,21,22,50,166.00,8300.00
1004,1005,2023051001007874,PRVU,21,16,150,166.00,24900.00
1005,1006,2023051004003548,SJCL,6,57,50,268.00,13400.00
1006,1007,2023051001007873,MAKAR,5,14,10,248.50,2485.00
1007,1008,2023051005001373,HIDCL,42,33,110,178.50,19635.00
1008,1009,2023051001007872,KDL,50,45,200,710.00,142000.00
1009,1010,2023051001007871,KDL,45,45,100,710.00,71000.00
1010,1011,2023051001007870,KDL,19,45,50,710.00,35500.00
1011,1012,2023051001007869,KDL,44,45,10,710.00,7100.00
1012,1013,2023051001007868,KDL,34,45,20,710.50,14210.00
1013,1014,2023051004003547,HDHPC,13,5,100,164.80,16480.00
1014,1015,2023051001007867,SBL,17,38,50,247.00,12350.00
1015,1016,2023051003002301,JBBL,36,58,11,256.00,2816.00
1016,1017,2023051003002300,SJLIC,38,33,100,414.40,41440.00
1017,1018,2023051001007866,MBL,43,34,200,231.00,46200.00
1018,1019,2023051001007865,MBL,43,38,400,231.00,92400.00
1019,1020,2023051001007864,MBL,43,51,100,231.00,23100.00
1020,1021,2023051001007863,MBL,43,3,274,230.90,63266.60
1021,1022,2023051001007862,MBL,43,39,500,230.70,115350.00
1022,1023,2023051001007861,MAKAR,5,58,10,248.50,2485.00
1023,1024,2023051004003546,LEC,37,49,10,244.00,2440.00
1024,1025,2023051004003545,GHL,39,37,20,219.00,4380.00
1025,1026,2023051001007860,NABIL,56,45,50,589.90,29495.00
1026,1027,2023051001007859,HDL,58,53,100,1885.10,188510.00
1027,1028,2023051001007858,ADBL,59,39,100,232.50,23250.00
1028,1029,2023051004003544,API,25,39,40,230.30,9212.00
1029,1030,2023051004003543,API,57,39,10,230.40,2304.00
1030,1031,2023051004003542,API,44,39,250,230.50,57625.00
1031,1032,2023051004003541,SSHL,16,34,85,194.10,16498.50
1032,1033,2023051001007857,KBL,7,57,800,164.80,131840.00
1033,1034,2023051001007856,PHCL,58,42,10,310.00,3100.00
1034,1035,2023051004003540,HDHPC,49,32,500,164.90,82450.00
1035,1036,2023051001007855,SMJC,34,36,10,245.50,2455.00
1036,1037,2023051001007854,SHIVM,48,50,215,402.00,86430.00
1037,1038,2023051001007853,KDL,38,45,70,711.10,49777.00
1038,1039,2023051001007852,KDL,5,45,20,712.00,14240.00
1039,1040,2023051001007851,KDL,32,45,10,712.00,7120.00
1040,1041,2023051001007850,KDL,48,45,20,712.00,14240.00
1041,1042,2023051001007849,KDL,17,45,20,714.00,14280.00
1042,1043,2023051001007848,KDL,56,45,10,715.00,7150.00
1043,1044,2023051001007847,MAKAR,5,32,10,248.50,2485.00
1044,1045,2023051001007846,NBL,43,21,100,247.50,24750.00
1045,1046,2023051001007845,NBL,28,21,100,247.50,24750.00
1046,1047,2023051001007844,NBL,45,21,50,247.50,12375.00
1047,1048,2023051001007843,NBL,54,21,70,247.50,17325.00
1048,1049,2023051001007842,NBL,10,21,50,247.50,12375.00
1049,1050,2023051001007841,NBL,49,21,375,247.50,92812.50
1050,1051,2023051001007840,NBL,25,21,50,247.60,12380.00
1051,1052,2023051001007839,SHIVM,18,50,70,402.00,28140.00
1052,1053,2023051001007838,SHIVM,18,43,200,402.00,80400.00
1053,1054,2023051001007837,SHIVM,18,5,500,402.00,201000.00
1054,1055,2023051001007836,SHIVM,18,57,100,402.00,40200.00
1055,1056,2023051001007835,SHIVM,18,11,130,402.00,52260.00
1056,1057,2023051001007834,NICA,7,44,39,709.10,27654.90
1057,1058,2023051001007833,NABIL,58,45,85,589.90,50141.50
1058,1059,2023051001007832,SAHAS,7,58,10,490.00,4900.00
1059,1060,2023051003002299,JBBL,13,1,10,258.00,2580.00
1060,1061,2023051003002298,GRDBL,41,1,11,239.30,2632.30
1061,1062,2023051003002297,GBLBS,45,39,20,435.00,8700.00
1062,1063,2023051004003539,HURJA,41,14,21,250.10,5252.10
1063,1064,2023051004003538,HURJA,58,14,100,250.20,25020.00
1064,1065,2023051004003537,HURJA,49,14,124,250.20,31024.80
1065,1066,2023051003002296,RMDC,14,35,450,669.10,301095.00
1066,1067,2023051004003536,AHPC,50,29,100,275.00,27500.00
1067,1068,2023051004003535,AHPC,19,29,100,277.00,27700.00
1068,1069,2023051001007831,GVL,55,45,80,401.00,32080.00
1069,1070,2023051001007830,HDL,7,33,50,1885.30,94265.00
1070,1071,2023051001007829,MHL,21,35,10,321.30,3213.00
1071,1072,2023051003002295,SINDU,14,57,100,240.10,24010.00
1072,1073,2023051004003534,BPCL,6,36,40,312.40,12496.00
1073,1074,2023051004003533,MEN,4,7,100,742.00,74200.00
1074,1075,2023051001007828,SANIMA,19,38,20,242.90,4858.00
1075,1076,2023051004003532,UPPER,58,56,27,409.00,11043.00
1076,1077,2023051004003531,UPPER,34,56,300,409.00,122700.00
1077,1078,2023051004003530,UPPER,13,56,73,409.00,29857.00
1078,1079,2023051003002294,SHINE,49,17,20,319.00,6380.00
1079,1080,2023051001007827,NMB,7,16,22,234.00,5148.00
1080,1081,2023051004003529,HDHPC,48,32,460,164.90,75854.00
1081,1082,2023051004003528,HDHPC,48,58,500,164.90,82450.00
1082,1083,2023051004003527,HDHPC,48,22,200,164.80,32960.00
1083,1084,2023051004003526,HDHPC,48,25,40,164.80,6592.00
1084,1085,2023051004003525,API,26,52,1,230.00,230.00
1085,1086,2023051001007826,SBI,34,49,10,326.00,3260.00
1086,1087,2023051001007825,RHGCL,21,36,10,251.50,2515.00
1087,1088,2023051003002293,GUFL,34,3,50,476.00,23800.00
1088,1089,2023051001007824,LBL,57,34,50,181.00,9050.00
1089,1090,2023051001007823,LBL,17,34,200,181.30,36260.00
1090,1091,2023051001007822,LBL,28,34,250,181.50,45375.00
1091,1092,2023051001007821,MAKAR,5,41,10,248.50,2485.00
1092,1093,2023051001007820,MHL,39,41,10,321.20,3212.00
1093,1094,2023051001007819,SHIVM,44,11,150,402.00,60300.00
1094,1095,2023051001007818,HIDCLP,29,16,89,98.00,8722.00
1095,1096,2023051005001372,HIDCL,17,57,177,178.30,31559.10
1096,1097,2023051001007817,SANIMA,22,4,41,243.00,9963.00
1097,1098,2023051003002292,GBBL,45,44,18,350.00,6300.00
1098,1099,2023051001007816,SIKLES,57,58,10,392.20,3922.00
1099,1100,2023051004003524,KPCL,42,3,10,366.00,3660.00
1100,1101,2023051005001371,NRIC,17,38,75,673.00,50475.00
1101,1102,2023051003002291,EDBL,42,14,100,279.00,27900.00
1102,1103,2023051001007815,NABIL,21,45,24,589.90,14157.60
1103,1104,2023051004003523,NICL,25,13,100,523.00,52300.00
1104,1105,2023051004003522,NICL,45,13,85,523.00,44455.00
1105,1106,2023051004003521,NICL,29,13,100,523.00,52300.00
1106,1107,2023051003002290,GBLBS,42,39,80,435.90,34872.00
1107,1108,2023051001007814,KBL,21,57,300,164.80,49440.00
1108,1109,2023051003002289,RSDC,3,21,10,470.60,4706.00
1109,1110,2023051004003520,UMHL,58,6,44,224.90,9895.60
1110,1111,2023051001007813,RHGCL,44,35,30,251.60,7548.00
1111,1112,2023051001007812,RHGCL,19,35,60,251.60,15096.00
1112,1113,2023051001007811,NYADI,42,35,10,277.00,2770.00
1113,1114,2023051001007810,ADLB,36,38,10,1301.00,13010.00
1114,1115,2023051001007809,MHCL,53,52,10,215.60,2156.00
1115,1116,2023051003002288,SKBBL,57,58,20,822.00,16440.00
1116,1117,2023051003002287,NICLBSL,42,37,10,540.00,5400.00
1117,1118,2023051003002286,SHINE,36,17,50,319.00,15950.00
1118,1119,2023051004003519,HDHPC,14,55,600,164.00,98400.00
1119,1120,2023051004003518,NGPL,17,26,100,236.00,23600.00
1120,1121,2023051004003517,LEC,37,25,90,241.90,21771.00
1121,1122,2023051001007808,MAKAR,5,48,10,248.50,2485.00
1122,1123,2023051001007807,SANIMA,19,51,100,242.90,24290.00
1123,1124,2023051004003516,UMHL,42,6,100,224.90,22490.00
1124,1125,2023051001007806,PHCL,58,36,10,310.00,3100.00
1125,1126,2023051001007805,NABIL,49,57,10,589.00,5890.00
1126,1127,2023051001007804,NABIL,42,57,90,589.00,53010.00
1127,1128,2023051001007803,NABIL,58,57,20,589.00,11780.00
1128,1129,2023051001007802,GBIME,38,26,39,184.00,7176.00
1129,1130,2023051001007801,GBIME,38,57,50,184.00,9200.00
1130,1131,2023051001007800,GBIME,38,22,11,184.00,2024.00
1131,1132,2023051004003515,SGIC,4,49,110,436.00,47960.00
1132,1133,2023051003002285,SINDU,32,57,200,240.20,48040.00
1133,1134,2023051005001370,STC,36,7,25,3680.00,92000.00
1134,1135,2023051005001369,STC,50,7,30,3680.10,110403.00
1135,1136,2023051003002284,NMFBS,50,22,25,1152.00,28800.00
1136,1137,2023051001007799,NICA,7,38,20,709.10,14182.00
1137,1138,2023051001007798,NABIL,6,45,100,589.90,58990.00
1138,1139,2023051001007797,SHIVM,48,11,720,402.00,289440.00
1139,1140,2023051001007796,SHIVM,48,33,50,402.00,20100.00
1140,1141,2023051001007795,SHIVM,48,33,230,402.00,92460.00
1141,1142,2023051003002283,ALICL,25,35,150,540.00,81000.00
1142,1143,2023051001007794,NESDO,51,17,15,2018.00,30270.00
1143,1144,2023051001007793,HBL,34,57,10,217.00,2170.00
1144,1145,2023051001007792,HBL,34,43,50,217.00,10850.00
1145,1146,2023051001007791,KDL,19,45,20,715.90,14318.00
1146,1147,2023051004003514,SSHL,16,57,130,194.10,25233.00
1147,1148,2023051005001368,NRIC,48,38,20,673.00,13460.00
1148,1149,2023051004003513,NIL,58,34,10,722.00,7220.00
1149,1150,2023051005001367,HIDCL,34,57,76,178.30,13550.80
1150,1151,2023051001007790,PHCL,58,46,10,310.00,3100.00
1151,1152,2023051004003512,HDHPC,51,25,10,164.80,1648.00
1152,1153,2023051001007789,SHIVM,32,19,169,401.00,67769.00
1153,1154,2023051001007788,SHIVM,4,19,20,401.00,8020.00
1154,1155,2023051001007787,SHIVM,19,19,801,401.00,321201.00
1155,1156,2023051001007786,SHIVM,25,19,10,401.80,4018.00
1156,1157,2023051004003511,HDHPC,14,45,200,164.00,32800.00
1157,1158,2023051001007785,TAMOR,19,21,10,271.00,2710.00
1158,1159,2023051004003510,RIDI,16,21,140,272.50,38150.00
1159,1160,2023051004003509,RIDI,10,21,40,272.60,10904.00
1160,1161,2023051001007784,SCB,25,11,14,528.80,7403.20
1161,1162,2023051004003508,UPCL,38,8,10,222.10,2221.00
1162,1163,2023051005001366,NTC,58,54,50,795.00,39750.00
1163,1164,2023051003002282,CBBL,28,49,125,783.00,97875.00
1164,1165,2023051003002281,CBBL,28,6,115,783.00,90045.00
1165,1166,2023051001007783,TAMOR,7,28,10,270.60,2706.00
1166,1167,2023051003002280,SJLIC,45,33,270,414.50,111915.00
1167,1168,2023051003002279,SJLIC,38,33,10,414.50,4145.00
1168,1169,2023051001007782,MBL,43,34,556,230.70,128269.20
1169,1170,2023051001007781,MKHC,32,36,10,243.00,2430.00
1170,1171,2023051004003507,SGIC,58,48,20,435.00,8700.00
1171,1172,2023051004003506,AHPC,50,48,146,275.00,40150.00
1172,1173,2023051003002278,CFCL,4,11,119,290.00,34510.00
1173,1174,2023051001007780,SMHL,21,21,10,385.00,3850.00
1174,1175,2023051001007779,SMHL,21,44,10,385.00,3850.00
1175,1176,2023051001007778,SMHL,21,26,10,385.00,3850.00
1176,1177,2023051001007777,SMHL,21,38,10,385.00,3850.00
1177,1178,2023051001007776,TAMOR,7,42,10,270.60,2706.00
1178,1179,2023051001007775,BHL,52,35,10,285.00,2850.00
1179,1180,2023051001007774,PPL,6,28,10,257.10,2571.00
1180,1181,2023051001007773,MHCL,41,47,10,217.00,2170.00
1181,1182,2023051001007772,MHCL,41,37,495,216.00,106920.00
1182,1183,2023051001007771,SCB,21,26,17,528.50,8984.50
1183,1184,2023051005001365,CIT,41,41,187,2011.00,376057.00
1184,1185,2023051005001364,NIFRA,57,10,45,206.80,9306.00
1185,1186,2023051005001363,NIFRA,42,10,19,207.00,3933.00
1186,1187,2023051005001362,NIFRA,42,36,67,207.00,13869.00
1187,1188,2023051001007770,KDL,56,45,50,716.00,35800.00
1188,1189,2023051001007769,SMJC,1,49,10,245.10,2451.00
1189,1190,2023051004003505,HDHPC,20,59,780,165.00,128700.00
1190,1191,2023051004003504,HDHPC,20,33,20,164.90,3298.00
1191,1192,2023051004003503,HDHPC,20,42,200,164.90,32980.00
1192,1193,2023051005001361,NIFRA,42,17,300,207.00,62100.00
1193,1194,2023051001007768,PRVU,35,16,150,166.00,24900.00
1194,1195,2023051001007767,SMJC,1,4,10,245.10,2451.00
1195,1196,2023051001007766,MHCL,32,37,15,216.00,3240.00
1196,1197,2023051001007765,SBI,59,58,680,322.30,219164.00
1197,1198,2023051001007764,SBI,34,58,10,322.50,3225.00
1198,1199,2023051001007763,SBI,3,58,310,323.00,100130.00
1199,1200,2023051001007762,PHCL,58,22,10,310.00,3100.00
1200,1201,2023051005001360,NICSF,39,56,100,7.82,782.00
1201,1202,2023051004003502,OHL,13,47,20,566.00,11320.00
1202,1203,2023051004003501,SPIL,57,57,14,576.90,8076.60
1203,1204,2023051004003500,SPIL,57,5,63,576.50,36319.50
1204,1205,2023051004003499,SPIL,57,49,123,576.00,70848.00
1205,1206,2023051001007761,USHEC,5,34,10,284.20,2842.00
1206,1207,2023051001007760,SMJC,32,58,10,247.00,2470.00
1207,1208,2023051001007759,SMJC,32,35,10,246.00,2460.00
1208,1209,2023051001007758,SMJC,32,52,10,245.50,2455.00
1209,1210,2023051001007757,SHIVM,49,33,250,402.00,100500.00
1210,1211,2023051001007756,SHIVM,49,55,50,401.90,20095.00
1211,1212,2023051005001359,HIDCL,14,26,60,177.90,10674.00
1212,1213,2023051003002277,GMFIL,45,13,250,298.00,74500.00
1213,1214,2023051004003498,BARUN,22,4,20,234.10,4682.00
1214,1215,2023051003002276,CBBL,53,43,25,782.30,19557.50
1215,1216,2023051001007755,MHL,39,36,10,321.20,3212.00
1216,1217,2023051001007754,MBJC,16,49,10,281.00,2810.00
1217,1218,2023051001007753,MBJC,16,53,10,281.00,2810.00
1218,1219,2023051001007752,MBJC,16,8,10,281.00,2810.00
1219,1220,2023051001007751,MBJC,16,53,30,281.00,8430.00
1220,1221,2023051001007750,MBJC,16,21,10,281.00,2810.00
1221,1222,2023051001007749,MBJC,16,51,10,280.50,2805.00
1222,1223,2023051001007748,MBJC,16,41,10,280.00,2800.00
1223,1224,2023051001007747,MBJC,16,58,10,280.00,2800.00
1224,1225,2023051001007746,MBJC,16,21,10,280.00,2800.00
1225,1226,2023051001007745,MBJC,16,21,10,280.00,2800.00
1226,1227,2023051001007744,MBJC,16,49,10,279.00,2790.00
1227,1228,2023051004003497,SHL,42,16,100,263.50,26350.00
1228,1229,2023051004003496,SHL,42,45,100,263.00,26300.00
1229,1230,2023051001007743,HDL,58,50,250,1885.10,471275.00
1230,1231,2023051001007742,LBL,28,34,250,181.50,45375.00
1231,1232,2023051001007741,LBL,6,34,250,181.70,45425.00
1232,1233,2023051001007740,LBL,38,34,500,181.90,90950.00
1233,1234,2023051001007739,USHEC,5,49,10,284.20,2842.00
1234,1235,2023051003002275,GBBL,57,44,183,350.00,64050.00
1235,1236,2023051001007738,MAKAR,5,42,10,248.50,2485.00
1236,1237,2023051001007737,MBL,43,42,10,230.70,2307.00
1237,1238,2023051001007736,MBL,43,8,70,230.70,16149.00
1238,1239,2023051001007735,MBL,43,14,805,230.50,185552.50
1239,1240,2023051001007734,MBL,43,34,300,230.40,69120.00
1240,1241,2023051001007733,MBL,43,25,50,230.30,11515.00
1241,1242,2023051001007732,MBL,43,45,20,230.20,4604.00
1242,1243,2023051001007731,GVL,55,52,10,401.00,4010.00
1243,1244,2023051004003495,NIL,58,34,10,722.00,7220.00
1244,1245,2023051001007730,SRBL,38,16,100,179.00,17900.00
1245,1246,2023051004003494,GHL,39,21,30,219.00,6570.00
1246,1247,2023051004003493,AKPL,58,7,86,359.00,30874.00
1247,1248,2023051004003492,AKPL,53,7,16,359.00,5744.00
1248,1249,2023051004003491,RIDI,43,16,100,273.20,27320.00
1249,1250,2023051004003490,RIDI,35,16,365,273.20,99718.00
1250,1251,2023051001007729,MKHC,32,35,10,243.00,2430.00
1251,1252,2023051004003489,RADHI,35,25,10,235.00,2350.00
1252,1253,2023051004003488,RADHI,58,25,40,235.20,9408.00
1253,1254,2023051004003487,RADHI,33,25,10,236.00,2360.00
1254,1255,2023051004003486,RADHI,10,25,10,236.10,2361.00
1255,1256,2023051003002274,CFCL,4,41,10,290.00,2900.00
1256,1257,2023051005001358,HIDCL,7,7,340,177.90,60486.00
1257,1258,2023051004003485,AHPC,50,56,15,275.00,4125.00
1258,1259,2023051004003484,AHPC,36,56,300,275.00,82500.00
1259,1260,2023051004003483,AHPC,45,56,100,275.00,27500.00
1260,1261,2023051004003482,AHPC,32,56,100,275.00,27500.00
1261,1262,2023051004003481,AHPC,41,56,100,275.00,27500.00
1262,1263,2023051004003480,AHPC,55,56,300,275.10,82530.00
1263,1264,2023051004003479,AHPC,54,56,1000,275.10,275100.00
1264,1265,2023051004003478,AHPC,44,56,1000,275.50,275500.00
1265,1266,2023051004003477,AHPC,58,56,1000,275.60,275600.00
1266,1267,2023051004003476,AHPC,26,56,200,275.70,55140.00
1267,1268,2023051001007728,JBLB,42,42,10,1400.00,14000.00
1268,1269,2023051005001357,NRIC,34,38,10,673.00,6730.00
1269,1270,2023051001007727,PHCL,58,52,10,310.00,3100.00
1270,1271,2023051005001356,ENL,34,38,200,618.00,123600.00
1271,1272,2023051005001355,ENL,34,10,10,617.00,6170.00
1272,1273,2023051005001354,ENL,34,38,200,617.00,123400.00
1273,1274,2023051005001353,ENL,34,38,1000,616.00,616000.00
1274,1275,2023051001007726,RHGCL,19,38,40,251.60,10064.00
1275,1276,2023051001007725,BHDC,35,46,10,387.00,3870.00
1276,1277,2023051003002273,LBBL,4,26,250,336.00,84000.00
1277,1278,2023051003002272,LBBL,4,33,26,335.50,8723.00
1278,1279,2023051004003475,TRH,58,13,20,511.00,10220.00
1279,1280,2023051004003474,TRH,25,13,80,511.10,40888.00
1280,1281,2023051003002271,CFCL,4,41,69,290.00,20010.00
1281,1282,2023051003002270,CFCL,41,41,25,290.00,7250.00
1282,1283,2023051003002269,CFCL,42,41,16,290.00,4640.00
1283,1284,2023051003002268,LBBL,4,57,30,335.20,10056.00
1284,1285,2023051001007724,SBL,17,38,1000,246.10,246100.00
1285,1286,2023051003002267,SKBBL,11,58,50,822.00,41100.00
1286,1287,2023051001007723,KBL,35,54,36,164.50,5922.00
1287,1288,2023051001007722,KBL,58,54,237,164.50,38986.50
1288,1289,2023051001007721,RHGCL,55,21,100,252.00,25200.00
1289,1290,2023051001007720,MAKAR,5,49,10,248.50,2485.00
1290,1291,2023051001007719,NABIL,42,28,12,590.00,7080.00
1291,1292,2023051001007718,PHCL,58,28,10,310.00,3100.00
1292,1293,2023051004003473,HPPL,34,19,10,275.00,2750.00
1293,1294,2023051003002266,SJLIC,35,44,625,415.00,259375.00
1294,1295,2023051003002265,SJLIC,35,33,365,414.80,151402.00
1295,1296,2023051003002264,SJLIC,35,45,10,414.70,4147.00
1296,1297,2023051004003472,HPPL,16,7,179,271.00,48509.00
1297,1298,2023051004003471,HDHPC,28,58,200,164.90,32980.00
1298,1299,2023051001007717,ADBL,42,48,200,232.00,46400.00
1299,1300,2023051003002263,NMFBS,40,22,10,1152.00,11520.00
1300,1301,2023051004003470,AHPC,38,56,100,276.00,27600.00
1301,1302,2023051004003469,AHPC,56,56,73,276.00,20148.00
1302,1303,2023051004003468,AHPC,48,56,12,276.10,3313.20
1303,1304,2023051004003467,AHPC,32,56,200,276.20,55240.00
1304,1305,2023051004003466,AHPC,25,56,100,276.30,27630.00
1305,1306,2023051004003465,AHPC,55,56,100,276.30,27630.00
1306,1307,2023051001007716,SAHAS,7,17,250,490.00,122500.00
1307,1308,2023051001007715,SAHAS,45,17,50,491.00,24550.00
1308,1309,2023051001007714,SAHAS,13,17,100,491.00,49100.00
1309,1310,2023051001007713,SAHAS,39,17,50,493.10,24655.00
1310,1311,2023051001007712,SAHAS,36,17,50,493.20,24660.00
1311,1312,2023051003002262,RSDC,35,21,11,471.00,5181.00
1312,1313,2023051001007711,MHCL,14,37,400,216.00,86400.00
1313,1314,2023051001007710,MHCL,42,37,40,216.00,8640.00
1314,1315,2023051001007709,MHCL,42,37,50,216.30,10815.00
1315,1316,2023051001007708,NICA,7,44,29,709.10,20563.90
1316,1317,2023051001007707,PHCL,58,35,10,310.00,3100.00
1317,1318,2023051005001352,NTC,58,48,50,793.00,39650.00
1318,1319,2023051001007706,KBL,58,32,63,164.50,10363.50
1319,1320,2023051001007705,EBL,44,57,125,529.00,66125.00
1320,1321,2023051001007704,EBL,44,45,10,529.00,5290.00
1321,1322,2023051004003464,CHCL,50,49,10,468.00,4680.00
1322,1323,2023051001007703,SMHL,58,45,30,380.00,11400.00
1323,1324,2023051003002261,GBLBS,42,39,10,435.90,4359.00
1324,1325,2023051001007702,SMH,49,13,10,548.50,5485.00
1325,1326,2023051001007701,SMH,49,13,10,548.40,5484.00
1326,1327,2023051001007700,SMH,49,13,10,548.30,5483.00
1327,1328,2023051001007699,SMH,49,13,10,548.20,5482.00
1328,1329,2023051001007698,SMH,49,35,10,548.00,5480.00
1329,1330,2023051001007697,SMH,49,49,10,548.00,5480.00
1330,1331,2023051001007696,UHEWA,58,33,10,370.00,3700.00
1331,1332,2023051003002260,CFCL,58,58,428,290.10,124162.80
1332,1333,2023051001007695,GBIME,17,22,79,184.00,14536.00
1333,1334,2023051001007694,GBIME,17,41,24,184.00,4416.00
1334,1335,2023051001007693,GBIME,17,7,10,184.00,1840.00
1335,1336,2023051001007692,GBIME,17,19,77,184.00,14168.00
1336,1337,2023051001007691,GBIME,17,19,80,183.50,14680.00
1337,1338,2023051001007690,GBIME,17,38,51,183.50,9358.50
1338,1339,2023051001007689,GBIME,17,11,179,183.50,32846.50
1339,1340,2023051003002259,SJLIC,42,17,9,406.70,3660.30
1340,1341,2023051001007688,KBL,43,38,20,164.50,3290.00
1341,1342,2023051004003463,HDHPC,28,25,800,164.90,131920.00
1342,1343,2023051004003462,HDHPC,51,25,200,164.90,32980.00
1343,1344,2023051001007687,MHCL,42,49,10,216.30,2163.00
1344,1345,2023051001007686,KBL,45,57,42,164.80,6921.60
1345,1346,2023051003002258,SAPDBL,48,39,31,227.00,7037.00
1346,1347,2023051004003461,GHL,34,21,20,219.00,4380.00
1347,1348,2023051003002257,RSDC,34,42,10,479.00,4790.00
1348,1349,2023051003002256,RSDC,34,58,10,475.00,4750.00
1349,1350,2023051003002255,RSDC,34,44,35,474.00,16590.00
1350,1351,2023051001007685,HBL,57,26,96,216.90,20822.40
1351,1352,2023051004003460,SPIL,8,7,27,573.00,15471.00
1352,1353,2023051001007684,GBIME,55,1,11,183.20,2015.20
1353,1354,2023051005001351,GIBF1,49,58,120,7.95,954.00
1354,1355,2023051004003459,SICL,34,17,11,713.00,7843.00
1355,1356,2023051001007683,NBL,26,29,50,248.00,12400.00
1356,1357,2023051001007682,HHL,51,41,10,254.00,2540.00
1357,1358,2023051001007681,MKHC,32,34,10,243.00,2430.00
1358,1359,2023051003002254,CLBSL,34,17,12,538.10,6457.20
1359,1360,2023051003002253,CLBSL,34,17,23,539.10,12399.30
1360,1361,2023051003002252,CLBSL,22,17,20,539.20,10784.00
1361,1362,2023051001007680,SMJC,58,43,680,245.00,166600.00
1362,1363,2023051004003458,KKHC,40,57,50,213.50,10675.00
1363,1364,2023051004003457,HDHPC,35,59,100,165.00,16500.00
1364,1365,2023051001007679,AVYAN,38,45,10,575.00,5750.00
1365,1366,2023051003002251,MNBBL,11,6,67,383.00,25661.00
1366,1367,2023051003002250,MNBBL,11,58,200,383.00,76600.00
1367,1368,2023051003002249,MNBBL,11,39,59,383.00,22597.00
1368,1369,2023051003002248,CBBL,19,42,10,782.40,7824.00
1369,1370,2023051004003456,SPDL,34,46,10,271.90,2719.00
1370,1371,2023051005001350,HIDCL,34,33,124,178.00,22072.00
1371,1372,2023051004003455,NGPL,17,21,109,236.00,25724.00
1372,1373,2023051001007678,HIDCLP,22,16,40,98.00,3920.00
1373,1374,2023051001007677,HIDCLP,25,16,100,98.00,9800.00
1374,1375,2023051001007676,HIDCLP,32,16,100,98.00,9800.00
1375,1376,2023051001007675,HIDCLP,33,16,100,98.00,9800.00
1376,1377,2023051001007674,HIDCLP,45,16,100,98.00,9800.00
1377,1378,2023051001007673,HIDCLP,32,16,200,98.00,19600.00
1378,1379,2023051001007672,HIDCLP,26,16,100,98.00,9800.00
1379,1380,2023051001007671,HIDCLP,26,16,100,98.00,9800.00
1380,1381,2023051001007670,HIDCLP,58,16,60,98.00,5880.00
1381,1382,2023051001007669,HIDCLP,59,16,11,98.10,1079.10
1382,1383,2023051004003454,HDHPC,59,13,10,164.90,1649.00
1383,1384,2023051001007668,CZBIL,49,36,110,170.00,18700.00
1384,1385,2023051004003453,HDHPC,59,55,40,164.90,6596.00
1385,1386,2023051001007667,SMJC,40,57,10,246.00,2460.00
1386,1387,2023051003002247,NMFBS,14,38,10,1150.10,11501.00
1387,1388,2023051001007666,MHCL,42,16,100,216.30,21630.00
1388,1389,2023051003002246,PLI,58,56,100,403.00,40300.00
1389,1390,2023051001007665,GVL,55,35,10,401.00,4010.00
1390,1391,2023051003002245,KSBBL,43,43,100,299.40,29940.00
1391,1392,2023051003002244,KSBBL,43,4,500,299.40,149700.00
1392,1393,2023051003002243,KSBBL,43,26,25,299.00,7475.00
1393,1394,2023051003002242,KSBBL,43,43,500,298.00,149000.00
1394,1395,2023051003002241,KSBBL,43,25,100,298.00,29800.00
1395,1396,2023051003002240,KSBBL,43,47,100,296.00,29600.00
1396,1397,2023051003002239,KSBBL,43,34,230,295.00,67850.00
1397,1398,2023051003002238,KSBBL,43,25,100,295.00,29500.00
1398,1399,2023051005001349,NIFRA,42,43,100,207.00,20700.00
1399,1400,2023051005001348,NIFRA,42,58,200,207.00,41400.00
1400,1401,2023051005001347,NIFRA,42,57,64,207.00,13248.00
1401,1402,2023051005001346,NIFRA,42,58,16,207.00,3312.00
1402,1403,2023051005001345,NIFRA,42,22,100,206.90,20690.00
1403,1404,2023051005001344,NIFRA,42,46,34,206.90,7034.60
1404,1405,2023051001007664,JBLB,42,49,60,1397.00,83820.00
1405,1406,2023051001007663,JBLB,45,49,19,1397.00,26543.00
1406,1407,2023051003002237,PFL,45,38,711,343.00,243873.00
1407,1408,2023051003002236,SDLBSL,17,38,3,629.90,1889.70
1408,1409,2023051005001343,CHDC,50,22,10,726.00,7260.00
1409,1410,2023051005001342,CHDC,34,22,190,726.00,137940.00
1410,1411,2023051004003452,CHCL,34,28,10,466.00,4660.00
1411,1412,2023051004003451,CHCL,50,28,10,467.50,4675.00
1412,1413,2023051005001341,NTC,45,54,10,795.00,7950.00
1413,1414,2023051003002235,MNBBL,45,39,100,383.00,38300.00
1414,1415,2023051001007662,PCBL,58,39,16,194.00,3104.00
1415,1416,2023051001007661,PCBL,58,7,10,194.00,1940.00
1416,1417,2023051004003450,HURJA,11,56,20,254.90,5098.00
1417,1418,2023051001007660,MBJC,28,28,10,276.00,2760.00
1418,1419,2023051003002234,SJLIC,38,58,90,414.50,37305.00
1419,1420,2023051003002233,SMFDB,34,57,10,827.00,8270.00
1420,1421,2023051003002232,SMFDB,34,50,12,818.00,9816.00
1421,1422,2023051003002231,SMFDB,34,16,30,815.00,24450.00
1422,1423,2023051001007659,SCB,36,11,72,528.80,38073.60
1423,1424,2023051001007658,SCB,36,49,28,528.80,14806.40
1424,1425,2023051003002230,NLIC,6,48,10,656.00,6560.00
1425,1426,2023051003002229,LBBL,4,14,56,335.00,18760.00
1426,1427,2023051003002228,LBBL,4,50,50,335.00,16750.00
1427,1428,2023051003002227,LBBL,4,58,117,335.00,39195.00
1428,1429,2023051003002226,LBBL,4,57,46,335.00,15410.00
1429,1430,2023051001007657,SMJC,58,49,10,245.00,2450.00
1430,1431,2023051004003449,HDHPC,45,59,41,165.00,6765.00
1431,1432,2023051004003448,HDHPC,45,4,59,165.00,9735.00
1432,1433,2023051001007656,PCBL,56,7,10,194.00,1940.00
1433,1434,2023051001007655,GVL,55,33,100,402.00,40200.00
1434,1435,2023051001007654,RFPL,35,4,10,245.60,2456.00
1435,1436,2023051001007653,TAMOR,7,41,10,270.60,2706.00
1436,1437,2023051004003447,NGPL,17,37,15,236.00,3540.00
1437,1438,2023051001007652,GVL,55,33,400,401.00,160400.00
1438,1439,2023051005001340,HIDCL,4,33,100,178.00,17800.00
1439,1440,2023051005001339,HIDCL,47,33,276,178.00,49128.00
1440,1441,2023051001007651,SAHAS,39,36,10,493.10,4931.00
1441,1442,2023051005001338,NRIC,6,34,12,673.40,8080.80
1442,1443,2023051001007650,GBIME,59,57,50,183.10,9155.00
1443,1444,2023051001007649,AVYAN,43,38,30,570.00,17100.00
1444,1445,2023051001007648,AVYAN,28,38,50,570.10,28505.00
1445,1446,2023051001007647,PRVU,58,16,200,166.00,33200.00
1446,1447,2023051001007646,EBL,35,11,67,528.00,35376.00
1447,1448,2023051001007645,EBL,19,11,10,528.00,5280.00
1448,1449,2023051001007644,EBL,58,11,29,528.00,15312.00
1449,1450,2023051001007643,PRVU,4,46,330,166.00,54780.00
1450,1451,2023051004003446,DHPL,38,25,50,203.90,10195.00
1451,1452,2023051004003445,SPIL,57,49,77,576.00,44352.00
1452,1453,2023051004003444,SPIL,57,45,23,576.00,13248.00
1453,1454,2023051001007642,GVL,55,33,100,401.00,40100.00
1454,1455,2023051001007641,BHDC,35,50,100,390.00,39000.00
1455,1456,2023051001007640,BHDC,50,50,70,390.10,27307.00
1456,1457,2023051003002225,SADBL,1,41,32,270.00,8640.00
1457,1458,2023051003002224,SADBL,44,41,14,270.00,3780.00
1458,1459,2023051003002223,SADBL,44,41,54,270.00,14580.00
1459,1460,2023051001007639,MHCL,42,22,10,216.30,2163.00
1460,1461,2023051001007638,GBIME,59,48,46,183.10,8422.60
1461,1462,2023051001007637,GBIME,22,48,54,183.20,9892.80
1462,1463,2023051001007636,PRVU,6,54,450,166.90,75105.00
1463,1464,2023051001007635,PRVU,6,19,40,166.90,6676.00
1464,1465,2023051001007634,PRVU,6,20,10,166.50,1665.00
1465,1466,2023051003002222,SADBL,45,26,200,273.90,54780.00
1466,1467,2023051001007633,AHL,19,16,10,343.00,3430.00
1467,1468,2023051001007632,HDL,57,33,50,1885.30,94265.00
1468,1469,2023051003002221,MNBBL,42,39,13,383.00,4979.00
1469,1470,2023051001007631,SANIMA,38,4,209,243.00,50787.00
1470,1471,2023051001007630,SANIMA,38,25,41,242.00,9922.00
1471,1472,2023051005001337,HIDCL,47,35,108,178.00,19224.00
1472,1473,2023051005001336,HIDCL,47,54,16,178.00,2848.00
1473,1474,2023051004003443,HDHPC,57,4,41,165.00,6765.00
1474,1475,2023051004003442,HDHPC,57,54,200,165.00,33000.00
1475,1476,2023051004003441,HDHPC,57,54,300,165.00,49500.00
1476,1477,2023051004003440,HDHPC,57,6,27,165.00,4455.00
1477,1478,2023051004003439,HDHPC,57,58,32,165.00,5280.00
1478,1479,2023051003002220,MFIL,4,17,500,424.30,212150.00
1479,1480,2023051001007629,HDL,58,38,10,1885.50,18855.00
1480,1481,2023051005001335,GIBF1,49,26,100,7.87,787.00
1481,1482,2023051001007628,NABIL,49,3,290,589.90,171071.00
1482,1483,2023051001007627,MHL,13,42,100,322.00,32200.00
1483,1484,2023051004003438,RADHI,34,57,39,237.00,9243.00
1484,1485,2023051001007626,MBL,43,14,20,230.00,4600.00
1485,1486,2023051001007625,MBL,43,11,169,230.00,38870.00
1486,1487,2023051003002219,SKBBL,11,36,250,822.00,205500.00
1487,1488,2023051001007624,SMJC,58,35,10,245.00,2450.00
1488,1489,2023051001007623,NABIL,43,41,25,589.10,14727.50
1489,1490,2023051004003437,HDHPC,59,58,1000,164.90,164900.00
1490,1491,2023051004003436,HDHPC,59,55,100,164.80,16480.00
1491,1492,2023051004003435,HDHPC,59,57,200,164.80,32960.00
1492,1493,2023051004003434,HDHPC,59,45,150,164.80,24720.00
1493,1494,2023051004003433,AKJCL,51,49,70,205.00,14350.00
1494,1495,2023051004003432,AKJCL,21,49,250,205.00,51250.00
1495,1496,2023051004003431,AKJCL,52,49,180,205.00,36900.00
1496,1497,2023051004003430,AKJCL,19,49,500,205.10,102550.00
1497,1498,2023051001007622,GVL,55,57,10,401.00,4010.00
1498,1499,2023051003002218,EDBL,38,19,35,280.00,9800.00
1499,1500,2023051001007621,NIMB,43,43,945,180.70,170761.50
1500,1501,2023051001007620,SMJC,38,4,10,245.10,2451.00
1501,1502,2023051001007619,NICA,7,25,150,709.10,106365.00
1502,1503,2023051001007618,SHIVM,19,45,30,401.00,12030.00
1503,1504,2023051001007617,SHIVM,19,53,100,401.00,40100.00
1504,1505,2023051001007616,HBL,57,44,1000,216.90,216900.00
1505,1506,2023051001007615,HBL,57,57,886,216.80,192084.80
1506,1507,2023051004003429,SICL,34,17,10,713.00,7130.00
1507,1508,2023051001007614,KBL,58,57,10,164.80,1648.00
1508,1509,2023051004003428,SGIC,58,48,10,435.00,4350.00
1509,1510,2023051001007613,KDL,4,34,10,719.90,7199.00
1510,1511,2023051001007612,SMJC,38,41,10,245.10,2451.00
1511,1512,2023051001007611,CZBIL,35,45,30,170.70,5121.00
1512,1513,2023051004003427,AKPL,51,29,270,360.00,97200.00
1513,1514,2023051001007610,TAMOR,7,50,10,270.60,2706.00
1514,1515,2023051003002217,SHINE,39,22,16,318.10,5089.60
1515,1516,2023051001007609,NABIL,43,57,18,589.10,10603.80
1516,1517,2023051001007608,NABIL,58,57,30,589.10,17673.00
1517,1518,2023051001007607,NABIL,32,57,10,589.10,5891.00
1518,1519,2023051001007606,NABIL,14,57,11,589.20,6481.20
1519,1520,2023051001007605,NABIL,5,57,50,589.30,29465.00
1520,1521,2023051001007604,NABIL,41,57,20,589.50,11790.00
1521,1522,2023051001007603,NABIL,59,57,11,589.60,6485.60
1522,1523,2023051001007602,NABIL,10,57,50,589.60,29480.00
1523,1524,2023051001007601,GBIME,59,26,200,183.10,36620.00
1524,1525,2023051003002216,LBBL,4,57,900,335.00,301500.00
1525,1526,2023051003002215,LBBL,4,43,100,334.90,33490.00
1526,1527,2023051001007600,GBIME,16,11,20,183.50,3670.00
1527,1528,2023051003002214,KLBSL,42,38,14,570.00,7980.00
1528,1529,2023051003002213,KLBSL,42,51,16,566.00,9056.00
1529,1530,2023051001007599,MAKAR,5,49,10,248.50,2485.00
1530,1531,2023051004003426,HDHPC,57,45,100,164.80,16480.00
1531,1532,2023051004003425,KKHC,40,41,50,213.50,10675.00
1532,1533,2023051001007598,MAKAR,5,28,10,248.50,2485.00
1533,1534,2023051004003424,CHCL,49,48,276,464.00,128064.00
1534,1535,2023051004003423,CHCL,16,48,200,464.10,92820.00
1535,1536,2023051004003422,CHCL,16,48,24,466.00,11184.00
1536,1537,2023051004003421,RHPL,16,4,30,275.00,8250.00
1537,1538,2023051004003420,RHPL,16,45,1000,275.00,275000.00
1538,1539,2023051004003419,RHPL,16,50,1675,274.50,459787.50
1539,1540,2023051003002212,ALICL,42,35,110,540.00,59400.00
1540,1541,2023051003002211,ALICL,47,35,40,540.00,21600.00
1541,1542,2023051003002210,ICFC,48,38,157,403.00,63271.00
1542,1543,2023051004003418,NIL,6,49,473,721.70,341364.10
1543,1544,2023051004003417,NIL,16,49,27,722.00,19494.00
1544,1545,2023051001007597,BHDC,42,50,500,391.00,195500.00
1545,1546,2023051005001334,SFEF,25,17,100,7.82,782.00
1546,1547,2023051003002209,KRBL,13,56,100,250.00,25000.00
1547,1548,2023051003002208,KRBL,13,45,100,250.00,25000.00
1548,1549,2023051005001333,NIFRA,47,46,10,206.90,2069.00
1549,1550,2023051001007596,NABIL,49,3,500,589.90,294950.00
1550,1551,2023051003002207,MLBSL,43,33,90,1800.00,162000.00
1551,1552,2023051003002206,JSLBB,44,25,35,891.00,31185.00
1552,1553,2023051001007595,NESDO,28,17,10,2018.00,20180.00
1553,1554,2023051001007594,NESDO,28,46,20,2006.00,40120.00
1554,1555,2023051001007593,SMH,49,42,100,547.80,54780.00
1555,1556,2023051001007592,SMH,49,17,20,547.00,10940.00
1556,1557,2023051001007591,SMH,49,48,50,547.00,27350.00
1557,1558,2023051001007590,SMH,49,45,10,547.00,5470.00
1558,1559,2023051003002205,GBBL,6,49,900,349.10,314190.00
1559,1560,2023051001007589,NIMB,58,43,42,181.00,7602.00
1560,1561,2023051001007588,NIMB,56,43,13,181.10,2354.30
1561,1562,2023051001007587,HDL,7,11,31,1885.40,58447.40
1562,1563,2023051004003416,UMRH,1,22,150,455.00,68250.00
1563,1564,2023051001007586,HDL,11,11,20,1885.40,37708.00
1564,1565,2023051001007585,AHL,49,46,10,345.00,3450.00
1565,1566,2023051001007584,MKHC,38,4,10,243.10,2431.00
1566,1567,2023051003002204,GBBL,42,49,130,349.00,45370.00
1567,1568,2023051003002203,GBBL,42,49,20,349.00,6980.00
1568,1569,2023051003002202,GBBL,49,49,23,349.00,8027.00
1569,1570,2023051003002201,GBBL,29,49,10,349.00,3490.00
1570,1571,2023051003002200,GBBL,29,49,20,349.00,6980.00
1571,1572,2023051003002199,GBBL,49,49,187,349.00,65263.00
1572,1573,2023051004003415,SPIL,57,1,95,575.00,54625.00
1573,1574,2023051003002198,DDBL,56,4,33,622.00,20526.00
1574,1575,2023051003002197,GBBL,49,29,104,349.00,36296.00
1575,1576,2023051001007583,NABIL,58,28,23,590.00,13570.00
1576,1577,2023051001007582,SMHL,58,35,10,380.00,3800.00
1577,1578,2023051004003414,RIDI,35,21,121,273.20,33057.20
1578,1579,2023051001007581,SHIVM,19,29,30,401.00,12030.00
1579,1580,2023051001007580,TAMOR,7,17,10,270.60,2706.00
1580,1581,2023051001007579,NABIL,40,28,15,590.00,8850.00
1581,1582,2023051004003413,CHCL,50,49,10,468.00,4680.00
1582,1583,2023051003002196,USLB,44,58,10,693.00,6930.00
1583,1584,2023051001007578,MKHC,38,11,10,243.10,2431.00
1584,1585,2023051001007577,CZBIL,22,45,10,170.70,1707.00
1585,1586,2023051001007576,SMJC,19,32,290,246.00,71340.00
1586,1587,2023051001007575,PHCL,58,19,130,310.00,40300.00
1587,1588,2023051001007574,PHCL,39,19,370,310.10,114737.00
1588,1589,2023051001007573,NESDO,55,46,20,2006.00,40120.00
1589,1590,2023051001007572,NBL,6,29,60,248.00,14880.00
1590,1591,2023051001007571,KDL,19,25,40,716.10,28644.00
1591,1592,2023051001007570,HBL,38,33,240,216.30,51912.00
1592,1593,2023051004003412,HDHPC,35,45,240,164.80,39552.00
1593,1594,2023051004003411,HDHPC,35,57,100,164.70,16470.00
1594,1595,2023051004003410,HDHPC,35,5,100,164.70,16470.00
1595,1596,2023051004003409,HDHPC,35,58,10,164.70,1647.00
1596,1597,2023051004003408,HDHPC,35,34,50,164.50,8225.00
1597,1598,2023051001007569,JBLB,52,46,20,1398.00,27960.00
1598,1599,2023051001007568,HDL,5,38,50,1885.50,94275.00
1599,1600,2023051004003407,NGPL,17,43,500,236.00,118000.00
1600,1601,2023051001007567,MAKAR,41,46,10,249.00,2490.00
1601,1602,2023051001007566,SMHL,58,58,10,380.00,3800.00
1602,1603,2023051001007565,AVYAN,34,38,30,573.00,17190.00
1603,1604,2023051001007564,AVYAN,19,38,10,573.00,5730.00
1604,1605,2023051004003406,UNHPL,57,17,10,205.50,2055.00
1605,1606,2023051003002195,GBBL,49,58,65,349.00,22685.00
1606,1607,2023051004003405,HDHPC,58,34,150,164.50,24675.00
1607,1608,2023051004003404,RIDI,35,16,154,274.00,42196.00
1608,1609,2023051004003403,AIL,18,57,10,400.00,4000.00
1609,1610,2023051004003402,AIL,18,57,10,400.00,4000.00
1610,1611,2023051004003401,AIL,18,57,10,400.00,4000.00
1611,1612,2023051004003400,AIL,18,43,379,400.00,151600.00
1612,1613,2023051001007563,GVL,55,28,10,401.00,4010.00
1613,1614,2023051001007562,PCBL,34,34,611,194.50,118839.50
1614,1615,2023051001007561,PCBL,34,1,632,194.40,122860.80
1615,1616,2023051001007560,PCBL,34,54,490,194.40,95256.00
1616,1617,2023051001007559,PCBL,34,54,600,194.30,116580.00
1617,1618,2023051001007558,PCBL,34,48,100,194.00,19400.00
1618,1619,2023051001007557,PCBL,34,45,50,194.00,9700.00
1619,1620,2023051001007556,PCBL,34,49,69,194.00,13386.00
1620,1621,2023051001007555,MHCL,42,36,10,216.30,2163.00
1621,1622,2023051005001332,NIFRA,46,22,64,206.50,13216.00
1622,1623,2023051001007554,NABIL,48,28,10,590.00,5900.00
1623,1624,2023051001007553,HBL,38,19,88,216.30,19034.40
1624,1625,2023051001007552,PRVU,47,19,10,166.90,1669.00
1625,1626,2023051003002194,CBBL,19,6,20,783.00,15660.00
1626,1627,2023051001007551,NABIL,22,28,10,590.00,5900.00
1627,1628,2023051005001331,NTC,45,54,100,795.00,79500.00
1628,1629,2023051003002193,RSDC,35,41,20,471.00,9420.00
1629,1630,2023051001007550,MAKAR,41,49,10,249.00,2490.00
1630,1631,2023051001007549,MAKAR,41,25,30,249.00,7470.00
1631,1632,2023051003002192,GRDBL,49,1,10,243.00,2430.00
1632,1633,2023051003002191,MLBL,57,49,20,297.00,5940.00
1633,1634,2023051004003399,SHL,34,19,100,262.10,26210.00
1634,1635,2023051003002190,SINDU,22,11,10,243.50,2435.00
1635,1636,2023051001007548,SMH,49,29,10,546.00,5460.00
1636,1637,2023051001007547,SMH,49,58,10,546.00,5460.00
1637,1638,2023051001007546,SMH,49,45,10,546.00,5460.00
1638,1639,2023051001007545,SMH,49,13,10,545.80,5458.00
1639,1640,2023051001007544,SMH,49,13,10,545.70,5457.00
1640,1641,2023051001007543,SMH,49,13,10,545.60,5456.00
1641,1642,2023051001007542,SMH,49,13,10,545.50,5455.00
1642,1643,2023051001007541,SMH,49,13,10,545.40,5454.00
1643,1644,2023051001007540,SMH,49,48,100,545.00,54500.00
1644,1645,2023051001007539,SMH,49,21,10,545.00,5450.00
1645,1646,2023051001007538,SMH,49,13,10,544.90,5449.00
1646,1647,2023051001007537,SMH,49,13,10,544.80,5448.00
1647,1648,2023051001007536,SMH,49,13,10,544.70,5447.00
1648,1649,2023051001007535,SMH,49,13,10,544.60,5446.00
1649,1650,2023051001007534,SMH,49,13,10,544.50,5445.00
1650,1651,2023051004003398,API,57,52,10,231.00,2310.00
1651,1652,2023051004003397,AHPC,8,44,28,278.00,7784.00
1652,1653,2023051001007533,MKHC,38,21,10,243.10,2431.00
1653,1654,2023051004003396,SJCL,16,45,950,267.00,253650.00
1654,1655,2023051004003395,SJCL,16,50,135,266.50,35977.50
1655,1656,2023051001007532,GVL,55,52,10,401.00,4010.00
1656,1657,2023051001007531,DORDI,32,47,80,266.00,21280.00
1657,1658,2023051003002189,NUBL,44,42,20,530.00,10600.00
1658,1659,2023051001007530,SMJC,51,32,50,246.00,12300.00
1659,1660,2023051001007529,SMJC,25,32,100,246.00,24600.00
1660,1661,2023051001007528,SMJC,42,32,40,246.00,9840.00
1661,1662,2023051001007527,SMJC,25,32,180,246.00,44280.00
1662,1663,2023051001007526,SMJC,38,32,10,246.20,2462.00
1663,1664,2023051001007525,SMJC,1,32,30,246.20,7386.00
1664,1665,2023051001007524,SRBL,35,16,50,179.00,8950.00
1665,1666,2023051004003394,HDHPC,57,58,490,164.70,80703.00
1666,1667,2023051004003393,HDHPC,57,17,10,164.70,1647.00
1667,1668,2023051004003392,SGIC,10,58,10,436.00,4360.00
1668,1669,2023051001007523,MAKAR,50,25,170,249.00,42330.00
1669,1670,2023051003002188,SJLIC,25,44,18,415.00,7470.00
1670,1671,2023051003002187,SJLIC,25,49,63,415.00,26145.00
1671,1672,2023051003002186,SJLIC,25,51,19,415.00,7885.00
1672,1673,2023051001007522,HDL,19,11,18,1890.00,34020.00
1673,1674,2023051001007521,SMJC,33,21,315,246.50,77647.50
1674,1675,2023051004003391,BPCL,34,13,87,314.00,27318.00
1675,1676,2023051004003390,SGIC,58,45,10,435.00,4350.00
1676,1677,2023051001007520,MBL,58,5,10,229.00,2290.00
1677,1678,2023051001007519,TAMOR,7,41,10,270.60,2706.00
1678,1679,2023051005001330,CIT,42,38,25,2010.20,50255.00
1679,1680,2023051001007518,MAKAR,50,45,10,249.00,2490.00
1680,1681,2023051001007517,RHGCL,21,38,50,251.50,12575.00
1681,1682,2023051001007516,MAKAR,50,55,10,249.00,2490.00
1682,1683,2023051001007515,MAKAR,50,58,10,249.00,2490.00
1683,1684,2023051004003389,API,55,52,50,231.00,11550.00
1684,1685,2023051001007514,SMJC,33,17,10,246.50,2465.00
1685,1686,2023051003002185,SADBL,44,35,446,270.00,120420.00
1686,1687,2023051003002184,SADBL,41,35,41,270.00,11070.00
1687,1688,2023051003002183,SADBL,49,35,200,270.00,54000.00
1688,1689,2023051003002182,SADBL,6,35,100,270.00,27000.00
1689,1690,2023051003002181,SADBL,44,35,10,270.00,2700.00
1690,1691,2023051003002180,SADBL,32,35,100,270.10,27010.00
1691,1692,2023051003002179,SADBL,32,35,100,270.10,27010.00
1692,1693,2023051003002178,SADBL,22,35,400,270.30,108120.00
1693,1694,2023051003002177,SADBL,42,35,10,270.40,2704.00
1694,1695,2023051003002176,SADBL,43,35,50,270.40,13520.00
1695,1696,2023051001007513,NABIL,1,28,100,590.00,59000.00
1696,1697,2023051004003388,SGIC,58,35,10,435.00,4350.00
1697,1698,2023051005001329,NIFRA,46,11,10,206.50,2065.00
1698,1699,2023051001007512,PRVU,4,20,80,165.50,13240.00
1699,1700,2023051001007511,NBL,33,29,85,248.00,21080.00
1700,1701,2023051005001328,NTC,58,54,10,795.00,7950.00
1701,1702,2023051005001327,NTC,47,54,20,795.00,15900.00
1702,1703,2023051005001326,NTC,26,54,20,795.00,15900.00
1703,1704,2023051004003387,NIL,16,41,11,722.00,7942.00
1704,1705,2023051001007510,TAMOR,7,21,10,270.60,2706.00
1705,1706,2023051001007509,GBIME,59,16,500,183.10,91550.00
1706,1707,2023051001007508,MAKAR,43,34,10,249.40,2494.00
1707,1708,2023051003002175,CBBL,57,6,20,783.00,15660.00
1708,1709,2023051003002174,CBBL,36,6,10,783.00,7830.00
1709,1710,2023051003002173,CBBL,35,6,15,783.10,11746.50
1710,1711,2023051001007507,NBL,38,29,30,248.00,7440.00
1711,1712,2023051001007506,RHGCL,21,21,40,251.50,10060.00
1712,1713,2023051001007505,RHGCL,25,21,10,251.60,2516.00
1713,1714,2023051001007504,RHGCL,19,21,100,251.80,25180.00
1714,1715,2023051003002172,MNBBL,55,32,300,382.00,114600.00
1715,1716,2023051004003386,JOSHI,34,39,10,255.60,2556.00
1716,1717,2023051001007503,DLBS,11,35,10,681.10,6811.00
1717,1718,2023051001007502,MAKAR,41,57,10,249.20,2492.00
1718,1719,2023051003002171,NUBL,44,34,30,530.00,15900.00
1719,1720,2023051003002170,PROFL,58,7,100,286.00,28600.00
1720,1721,2023051001007501,MBJC,28,35,10,276.00,2760.00
1721,1722,2023051001007500,MKHC,49,21,10,243.90,2439.00
1722,1723,2023051004003385,CGH,32,56,15,1010.00,15150.00
1723,1724,2023051001007499,MHCL,40,49,10,216.40,2164.00
1724,1725,2023051001007498,JBLB,17,35,2,1400.00,2800.00
1725,1726,2023051004003384,HDHPC,14,52,100,164.00,16400.00
1726,1727,2023051003002169,JBBL,36,45,372,256.00,95232.00
1727,1728,2023051003002168,JBBL,14,45,28,256.00,7168.00
1728,1729,2023051003002167,GBBL,53,49,100,349.10,34910.00
1729,1730,2023051001007497,NICA,58,28,18,710.00,12780.00
1730,1731,2023051004003383,CGH,47,56,200,1010.00,202000.00
1731,1732,2023051004003382,CGH,35,56,10,1010.00,10100.00
1732,1733,2023051004003381,CGH,43,56,35,1010.20,35357.00
1733,1734,2023051004003380,CGH,6,56,30,1010.30,30309.00
1734,1735,2023051004003379,CGH,50,56,10,1015.00,10150.00
1735,1736,2023051003002166,MNBBL,56,41,10,381.00,3810.00
1736,1737,2023051003002165,MNBBL,14,41,16,381.20,6099.20
1737,1738,2023051001007496,SHIVM,19,48,1000,401.00,401000.00
1738,1739,2023051004003378,RADHI,28,57,15,237.00,3555.00
1739,1740,2023051003002164,MLBSL,6,33,10,1805.00,18050.00
1740,1741,2023051004003377,SHL,50,38,100,262.30,26230.00
1741,1742,2023051004003376,JOSHI,42,50,10,257.00,2570.00
1742,1743,2023051003002163,PFL,40,51,50,337.10,16855.00
1743,1744,2023051004003375,AIL,19,43,200,400.00,80000.00
1744,1745,2023051004003374,UMHL,41,21,326,225.00,73350.00
1745,1746,2023051001007495,MAKAR,41,14,10,249.20,2492.00
1746,1747,2023051004003373,HDHPC,14,52,100,164.00,16400.00
1747,1748,2023051004003372,HDHPC,14,33,100,164.00,16400.00
1748,1749,2023051004003371,HDHPC,14,57,25,164.00,4100.00
1749,1750,2023051004003370,HDHPC,14,35,300,164.00,49200.00
1750,1751,2023051004003369,HDHPC,14,52,1050,164.00,172200.00
1751,1752,2023051004003368,HDHPC,14,22,100,164.00,16400.00
1752,1753,2023051004003367,HDHPC,14,58,10,164.00,1640.00
1753,1754,2023051004003366,HDHPC,14,22,100,164.00,16400.00
1754,1755,2023051004003365,HDHPC,14,50,200,164.00,32800.00
1755,1756,2023051004003364,HDHPC,14,48,107,164.00,17548.00
1756,1757,2023051001007494,SMJC,33,52,10,246.50,2465.00
1757,1758,2023051001007493,NABIL,20,20,158,589.50,93141.00
1758,1759,2023051001007492,MHCL,42,32,10,216.30,2163.00
1759,1760,2023051001007491,NABIL,42,28,200,590.00,118000.00
1760,1761,2023051001007490,TAMOR,7,21,10,270.60,2706.00
1761,1762,2023051004003363,UPCL,34,49,10,224.00,2240.00
1762,1763,2023051004003362,UPCL,34,41,10,223.00,2230.00
1763,1764,2023051001007489,MHCL,42,58,10,216.30,2163.00
1764,1765,2023051001007488,PRVU,47,20,10,165.50,1655.00
1765,1766,2023051001007487,RULB,58,58,10,640.00,6400.00
1766,1767,2023051001007486,RULB,58,53,10,640.00,6400.00
1767,1768,2023051001007485,EHPL,49,58,10,340.30,3403.00
1768,1769,2023051001007484,SMJC,38,58,10,246.60,2466.00
1769,1770,2023051003002162,JBBL,14,21,12,256.00,3072.00
1770,1771,2023051001007483,TAMOR,7,49,10,270.60,2706.00
1771,1772,2023051001007482,AHL,49,45,50,345.00,17250.00
1772,1773,2023051001007481,SANIMA,48,48,100,241.10,24110.00
1773,1774,2023051001007480,SANIMA,6,48,100,241.50,24150.00
1774,1775,2023051001007479,SANIMA,41,48,200,242.00,48400.00
1775,1776,2023051001007478,SANIMA,32,48,100,242.00,24200.00
1776,1777,2023051001007477,MAKAR,41,58,10,249.20,2492.00
1777,1778,2023051005001325,NRIC,57,1,20,674.90,13498.00
1778,1779,2023051001007476,TAMOR,7,57,10,270.60,2706.00
1779,1780,2023051004003361,CHCL,16,49,50,466.00,23300.00
1780,1781,2023051004003360,CHCL,16,38,26,465.80,12110.80
1781,1782,2023051001007475,SPL,38,38,10,515.00,5150.00
1782,1783,2023051003002161,LBBL,38,57,54,335.00,18090.00
1783,1784,2023051001007474,SPL,38,49,10,515.00,5150.00
1784,1785,2023051003002160,LBBL,38,50,200,335.00,67000.00
1785,1786,2023051003002159,LBBL,38,7,100,335.00,33500.00
1786,1787,2023051003002158,LBBL,38,34,200,335.00,67000.00
1787,1788,2023051003002157,LBBL,38,16,100,335.00,33500.00
1788,1789,2023051003002156,LBBL,38,39,25,335.00,8375.00
1789,1790,2023051003002155,LBBL,38,41,31,334.90,10381.90
1790,1791,2023051003002154,LBBL,38,1,10,334.90,3349.00
1791,1792,2023051003002153,LBBL,38,45,250,334.00,83500.00
1792,1793,2023051003002152,LBBL,38,16,20,334.00,6680.00
1793,1794,2023051003002151,LBBL,38,1,10,334.00,3340.00
1794,1795,2023051001007473,AHL,49,35,10,345.00,3450.00
1795,1796,2023051003002150,GBLBS,34,39,10,435.90,4359.00
1796,1797,2023051004003359,SSHL,16,21,40,194.10,7764.00
1797,1798,2023051004003358,SSHL,39,21,110,194.10,21351.00
1798,1799,2023051001007472,MHCL,40,57,10,216.40,2164.00
1799,1800,2023051001007471,KBL,43,21,52,164.50,8554.00
1800,1801,2023051003002149,NLIC,6,34,300,657.00,197100.00
1801,1802,2023051003002148,NLIC,6,25,28,657.00,18396.00
1802,1803,2023051003002147,NLIC,6,13,89,657.00,58473.00
1803,1804,2023051001007470,RFPL,35,35,10,245.60,2456.00
1804,1805,2023051003002146,MNBBL,33,32,100,382.00,38200.00
1805,1806,2023051001007469,NIMB,1,13,100,181.50,18150.00
1806,1807,2023051005001324,HIDCL,47,38,100,178.00,17800.00
1807,1808,2023051001007468,SBLD2082,58,39,15,970.00,14550.00
1808,1809,2023051001007467,AVYAN,19,38,50,573.00,28650.00
1809,1810,2023051001007466,AVYAN,28,38,50,573.10,28655.00
1810,1811,2023051001007465,NABIL,49,28,500,590.00,295000.00
1811,1812,2023051001007464,NICA,38,28,69,710.00,48990.00
1812,1813,2023051003002145,DDBL,37,28,26,622.10,16174.60
1813,1814,2023051005001323,CIT,6,41,28,2011.20,56313.60
1814,1815,2023051005001322,CIT,28,41,50,2011.30,100565.00
1815,1816,2023051005001321,CIT,49,41,15,2012.00,30180.00
1816,1817,2023051005001320,CIT,22,41,20,2012.00,40240.00
1817,1818,2023051003002144,DDBL,37,26,22,622.10,13686.20
1818,1819,2023051001007463,GBIME,16,48,96,183.00,17568.00
1819,1820,2023051001007462,GBIME,28,48,404,183.00,73932.00
1820,1821,2023051001007461,SMJC,38,49,10,246.60,2466.00
1821,1822,2023051001007460,MAKAR,41,49,10,249.00,2490.00
1822,1823,2023051004003357,RHPL,37,11,80,273.40,21872.00
1823,1824,2023051004003356,RHPL,21,11,20,273.50,5470.00
1824,1825,2023051001007459,SHIVM,19,4,239,401.00,95839.00
1825,1826,2023051001007458,SHIVM,44,4,100,401.00,40100.00
1826,1827,2023051001007457,SHIVM,58,4,50,401.10,20055.00
1827,1828,2023051001007456,SHIVM,35,4,50,401.30,20065.00
1828,1829,2023051001007455,SHIVM,13,4,50,401.50,20075.00
1829,1830,2023051001007454,SHIVM,25,4,11,401.90,4420.90
1830,1831,2023051001007453,JBLB,5,43,15,1400.00,21000.00
1831,1832,2023051001007452,JBLB,5,58,20,1400.00,28000.00
1832,1833,2023051001007451,JBLB,5,58,65,1400.00,91000.00
1833,1834,2023051001007450,RHGCL,19,58,10,252.00,2520.00
1834,1835,2023051005001319,SLCF,42,56,200,7.50,1500.00
1835,1836,2023051004003355,HDHPC,29,48,93,164.00,15252.00
1836,1837,2023051004003354,HDHPC,29,53,62,164.00,10168.00
1837,1838,2023051004003353,HDHPC,29,5,100,163.90,16390.00
1838,1839,2023051004003352,HDHPC,29,29,500,163.90,81950.00
1839,1840,2023051004003351,HDHPC,29,54,45,163.90,7375.50
1840,1841,2023051001007449,GBIME,28,21,10,183.00,1830.00
1841,1842,2023051003002143,NLIC,6,3,30,656.00,19680.00
1842,1843,2023051003002142,SFCL,42,13,400,261.00,104400.00
1843,1844,2023051001007448,GBIME,58,11,30,183.50,5505.00
1844,1845,2023051004003350,RIDI,35,46,30,274.00,8220.00
1845,1846,2023051001007447,SBI,38,48,167,322.20,53807.40
1846,1847,2023051001007446,SBI,21,48,300,323.00,96900.00
1847,1848,2023051001007445,SBI,49,48,33,323.10,10662.30
1848,1849,2023051001007444,JBLB,17,35,5,1400.00,7000.00
1849,1850,2023051003002141,SHINE,49,8,541,318.00,172038.00
1850,1851,2023051004003349,UPPER,58,5,400,410.00,164000.00
1851,1852,2023051004003348,UPPER,58,57,100,410.00,41000.00
1852,1853,2023051004003347,UPPER,58,37,363,410.00,148830.00
1853,1854,2023051004003346,UPPER,58,57,400,410.00,164000.00
1854,1855,2023051004003345,UPPER,58,44,15,409.50,6142.50
1855,1856,2023051004003344,UPPER,58,13,15,409.40,6141.00
1856,1857,2023051004003343,HDHPC,19,54,10,163.90,1639.00
1857,1858,2023051001007443,MHCL,58,42,10,216.40,2164.00
1858,1859,2023051001007442,MBJC,25,34,10,278.00,2780.00
1859,1860,2023051001007441,MBJC,25,45,10,278.00,2780.00
1860,1861,2023051001007440,PCBL,38,49,31,194.00,6014.00
1861,1862,2023051001007439,PCBL,38,57,677,194.00,131338.00
1862,1863,2023051001007438,PCBL,38,39,242,194.00,46948.00
1863,1864,2023051001007437,PCBL,38,52,50,193.90,9695.00
1864,1865,2023051001007436,AHL,49,42,10,345.00,3450.00
1865,1866,2023051001007435,KBL,46,21,24,164.60,3950.40
1866,1867,2023051001007434,MAKAR,38,49,10,249.00,2490.00
1867,1868,2023051001007433,NABIL,14,28,22,590.00,12980.00
1868,1869,2023051001007432,SAHAS,39,57,10,493.10,4931.00
1869,1870,2023051003002140,SHINE,49,32,10,318.00,3180.00
1870,1871,2023051001007431,HHL,58,8,10,249.10,2491.00
1871,1872,2023051001007430,MHCL,58,21,10,216.40,2164.00
1872,1873,2023051003002139,SLBSL,4,56,13,777.00,10101.00
1873,1874,2023051004003342,CHCL,16,38,31,465.80,14439.80
1874,1875,2023051004003341,CHCL,16,49,50,465.00,23250.00
1875,1876,2023051004003340,CHCL,16,45,100,465.00,46500.00
1876,1877,2023051004003339,CHCL,16,19,69,464.50,32050.50
1877,1878,2023051001007429,HDL,59,11,15,1890.00,28350.00
1878,1879,2023051001007428,NICA,36,28,20,710.00,14200.00
1879,1880,2023051001007427,GVL,55,35,10,401.00,4010.00
1880,1881,2023051003002138,ICFC,48,45,132,403.00,53196.00
1881,1882,2023051003002137,ICFC,53,45,48,403.20,19353.60
1882,1883,2023051004003338,RIDI,35,21,200,274.00,54800.00
1883,1884,2023051004003337,API,46,14,50,230.60,11530.00
1884,1885,2023051003002136,LBBL,38,57,1000,333.00,333000.00
1885,1886,2023051003002135,LBBL,38,19,21,333.00,6993.00
1886,1887,2023051003002134,LBBL,38,35,100,333.00,33300.00
1887,1888,2023051003002133,LBBL,38,22,100,333.00,33300.00
1888,1889,2023051003002132,LBBL,38,25,90,333.00,29970.00
1889,1890,2023051003002131,LBBL,38,32,100,333.00,33300.00
1890,1891,2023051003002130,LBBL,38,45,203,332.50,67497.50
1891,1892,2023051003002129,LBBL,38,10,50,332.50,16625.00
1892,1893,2023051001007426,SHIVM,44,38,225,401.90,90427.50
1893,1894,2023051004003336,JOSHI,8,39,10,255.70,2557.00
1894,1895,2023051004003335,AKPL,58,29,482,360.00,173520.00
1895,1896,2023051001007425,UHEWA,58,35,10,370.00,3700.00
1896,1897,2023051001007424,UHEWA,58,8,10,370.00,3700.00
1897,1898,2023051004003334,HDHPC,49,54,45,163.90,7375.50
1898,1899,2023051001007423,MAKAR,38,58,10,249.00,2490.00
1899,1900,2023051001007422,NBL,45,50,25,248.00,6200.00
1900,1901,2023051004003333,UMRH,1,34,20,455.00,9100.00
1901,1902,2023051005001318,NRIC,34,45,26,675.00,17550.00
1902,1903,2023051001007421,HBL,20,20,70,216.80,15176.00
1903,1904,2023051003002128,ICFC,53,38,52,403.20,20966.40
1904,1905,2023051004003332,NIL,16,34,22,722.00,15884.00
1905,1906,2023051003002127,CLBSL,55,43,10,545.00,5450.00
1906,1907,2023051004003331,UMHL,41,35,124,224.20,27800.80
1907,1908,2023051001007420,SMHL,58,28,10,380.00,3800.00
1908,1909,2023051004003330,RIDI,35,58,200,274.00,54800.00
1909,1910,2023051004003329,RIDI,35,38,100,274.00,27400.00
1910,1911,2023051004003328,RIDI,35,58,90,274.00,24660.00
1911,1912,2023051001007419,TAMOR,47,8,10,270.50,2705.00
1912,1913,2023051001007418,SCB,36,51,10,528.00,5280.00
1913,1914,2023051003002126,MNBBL,32,39,15,383.00,5745.00
1914,1915,2023051004003327,UPPER,13,58,695,409.00,284255.00
1915,1916,2023051001007417,SPL,19,52,10,512.00,5120.00
1916,1917,2023051003002125,SHINE,4,13,1000,319.00,319000.00
1917,1918,2023051003002124,SHINE,35,13,281,319.00,89639.00
1918,1919,2023051001007416,NIMB,32,54,10,181.90,1819.00
1919,1920,2023051001007415,NESDO,28,17,10,2018.00,20180.00
1920,1921,2023051001007414,NESDO,28,28,11,2015.00,22165.00
1921,1922,2023051003002123,MNBBL,26,39,200,383.00,76600.00
1922,1923,2023051004003326,CHCL,35,19,31,464.50,14399.50
1923,1924,2023051001007413,NBL,49,6,202,247.50,49995.00
1924,1925,2023051001007412,NBL,43,6,50,247.60,12380.00
1925,1926,2023051001007411,NBL,57,6,25,247.80,6195.00
1926,1927,2023051004003325,NGPL,17,58,134,236.00,31624.00
1927,1928,2023051004003324,NGPL,13,58,66,236.00,15576.00
1928,1929,2023051001007410,SCB,28,51,210,528.00,110880.00
1929,1930,2023051005001317,NIFRA,59,58,48,207.00,9936.00
1930,1931,2023051005001316,NIFRA,59,41,248,207.00,51336.00
1931,1932,2023051001007409,CZBIL,49,48,890,170.00,151300.00
1932,1933,2023051003002122,SHINE,4,8,25,319.10,7977.50
1933,1934,2023051004003323,HDHPC,45,54,100,163.90,16390.00
1934,1935,2023051004003322,LEC,7,25,10,241.90,2419.00
1935,1936,2023051004003321,LEC,7,19,50,241.80,12090.00
1936,1937,2023051001007408,MAKAR,38,6,10,249.00,2490.00
1937,1938,2023051001007407,AHL,49,19,10,345.00,3450.00
1938,1939,2023051001007406,AHL,49,58,10,345.00,3450.00
1939,1940,2023051001007405,AHL,49,44,10,345.00,3450.00
1940,1941,2023051003002121,CFCL,58,3,26,290.10,7542.60
1941,1942,2023051005001315,SFMF,14,56,100,9.76,976.00
1942,1943,2023051001007404,SMJC,33,32,10,246.50,2465.00
1943,1944,2023051001007403,NIMB,32,35,18,181.50,3267.00
1944,1945,2023051003002120,KMCDB,35,45,50,570.00,28500.00
1945,1946,2023051004003320,RIDI,35,46,14,273.20,3824.80
1946,1947,2023051005001314,NIFRA,46,56,54,206.50,11151.00
1947,1948,2023051003002119,SINDU,21,42,50,244.00,12200.00
1948,1949,2023051005001313,HIDCL,32,50,10,178.60,1786.00
1949,1950,2023051004003319,NHPC,57,5,10,204.00,2040.00
1950,1951,2023051001007402,SRBL,32,16,20,179.90,3598.00
1951,1952,2023051004003318,AKJCL,48,19,175,207.00,36225.00
1952,1953,2023051004003317,AKJCL,48,48,10,207.00,2070.00
1953,1954,2023051004003316,AKJCL,48,39,100,206.90,20690.00
1954,1955,2023051003002118,RLFL,53,58,20,281.50,5630.00
1955,1956,2023051003002117,SJLIC,58,11,44,415.00,18260.00
1956,1957,2023051003002116,SJLIC,49,11,27,415.00,11205.00
1957,1958,2023051003002115,SJLIC,13,11,12,415.00,4980.00
1958,1959,2023051003002114,SJLIC,7,11,17,415.00,7055.00
1959,1960,2023051003002113,PLI,53,35,10,404.00,4040.00
1960,1961,2023051003002112,PLI,44,35,40,404.00,16160.00
1961,1962,2023051001007401,KDL,19,52,10,716.10,7161.00
1962,1963,2023051004003315,CGH,6,42,20,1010.30,20206.00
1963,1964,2023051004003314,CGH,42,42,30,1011.00,30330.00
1964,1965,2023051001007400,NESDO,8,46,50,2007.00,100350.00
1965,1966,2023051003002111,PLI,41,17,10,404.90,4049.00
1966,1967,2023051004003313,JOSHI,58,50,50,257.00,12850.00
1967,1968,2023051001007399,TAMOR,47,58,10,270.50,2705.00
1968,1969,2023051001007398,SMJC,33,48,40,246.50,9860.00
1969,1970,2023051001007397,PRVU,4,36,90,165.30,14877.00
1970,1971,2023051001007396,SMHL,58,32,4570,380.00,1736600.00
1971,1972,2023051001007395,SMHL,21,32,40,380.00,15200.00
1972,1973,2023051001007394,SMHL,21,32,200,380.10,76020.00
1973,1974,2023051001007393,SMHL,3,32,10,380.10,3801.00
1974,1975,2023051001007392,SMHL,3,32,20,380.20,7604.00
1975,1976,2023051001007391,SMHL,18,32,80,380.30,30424.00
1976,1977,2023051001007390,SMHL,38,32,80,380.50,30440.00
1977,1978,2023051001007389,TAMOR,47,58,10,270.50,2705.00
1978,1979,2023051005001312,NRIC,11,45,280,675.00,189000.00
1979,1980,2023051003002110,CFCL,58,6,85,290.10,24658.50
1980,1981,2023051001007388,SHIVM,25,33,10,402.00,4020.00
1981,1982,2023051004003312,RIDI,58,58,10,274.00,2740.00
1982,1983,2023051003002109,LBBL,38,49,242,332.00,80344.00
1983,1984,2023051003002108,LBBL,38,35,100,332.00,33200.00
1984,1985,2023051003002107,LBBL,38,35,64,332.00,21248.00
1985,1986,2023051001007387,MAKAR,38,48,10,249.00,2490.00
1986,1987,2023051001007386,GVL,55,58,10,401.00,4010.00
1987,1988,2023051001007385,TAMOR,47,49,10,270.50,2705.00
1988,1989,2023051003002106,NLIC,6,13,371,657.00,243747.00
1989,1990,2023051003002105,NLIC,6,58,100,657.00,65700.00
1990,1991,2023051003002104,NLIC,6,48,10,657.00,6570.00
1991,1992,2023051003002103,NLIC,6,55,19,657.00,12483.00
1992,1993,2023051001007384,UHEWA,6,7,10,368.00,3680.00
1993,1994,2023051005001311,NRIC,1,57,20,678.50,13570.00
1994,1995,2023051001007383,NABIL,38,28,25,590.00,14750.00
1995,1996,2023051001007382,GBIME,28,34,86,183.00,15738.00
1996,1997,2023051001007381,GBIME,49,34,17,183.00,3111.00
1997,1998,2023051001007380,GBIME,43,34,75,183.00,13725.00
1998,1999,2023051001007379,GBIME,52,34,60,183.00,10980.00
1999,2000,2023051001007378,GBIME,38,34,20,183.00,3660.00
2000,2001,2023051001007377,GBIME,49,34,55,183.00,10065.00
2001,2002,2023051001007376,GBIME,17,34,298,183.00,54534.00
2002,2003,2023051001007375,MAKAR,38,49,10,249.00,2490.00
2003,2004,2023051001007374,PPL,6,59,20,257.10,5142.00
2004,2005,2023051001007373,PPL,42,59,80,257.20,20576.00
2005,2006,2023051001007372,PPL,14,59,50,257.20,12860.00
2006,2007,2023051001007371,PPL,56,59,10,257.30,2573.00
2007,2008,2023051001007370,PPL,14,59,20,257.40,5148.00
2008,2009,2023051003002102,SADBL,44,28,15,270.50,4057.50
2009,2010,2023051001007369,PRVU,45,36,100,166.00,16600.00
2010,2011,2023051003002101,CBBL,6,58,30,784.00,23520.00
2011,2012,2023051003002100,CBBL,41,58,30,784.00,23520.00
2012,2013,2023051004003311,GHL,22,6,247,217.30,53673.10
2013,2014,2023051001007368,MAKAR,38,45,10,249.00,2490.00
2014,2015,2023051005001310,NIFRA,47,41,10,207.00,2070.00
2015,2016,2023051001007367,MAKAR,38,49,10,249.00,2490.00
2016,2017,2023051003002099,JBBL,14,3,22,256.00,5632.00
2017,2018,2023051004003310,NHDL,42,36,12,360.10,4321.20
2018,2019,2023051001007366,NESDO,28,28,10,2015.00,20150.00
2019,2020,2023051001007365,NABIL,26,41,4,590.00,2360.00
2020,2021,2023051001007364,PRVU,50,36,104,166.00,17264.00
2021,2022,2023051004003309,AKPL,29,29,176,360.10,63377.60
2022,2023,2023051001007363,NESDO,58,46,20,2007.10,40142.00
2023,2024,2023051001007362,NESDO,25,46,10,2007.10,20071.00
2024,2025,2023051001007361,SMJC,33,35,10,246.50,2465.00
2025,2026,2023051001007360,MHCL,58,51,15,216.40,3246.00
2026,2027,2023051003002098,MLBL,58,39,33,297.00,9801.00
2027,2028,2023051004003308,JOSHI,8,39,10,255.70,2557.00
2028,2029,2023051001007359,SMJC,1,56,10,246.20,2462.00
2029,2030,2023051003002097,MFIL,4,29,130,423.80,55094.00
2030,2031,2023051003002096,MFIL,4,29,150,423.50,63525.00
2031,2032,2023051003002095,MFIL,4,50,80,423.40,33872.00
2032,2033,2023051003002094,MFIL,4,33,100,423.00,42300.00
2033,2034,2023051001007358,LBL,38,43,56,184.00,10304.00
2034,2035,2023051001007357,LBL,38,45,50,184.00,9200.00
2035,2036,2023051001007356,LBL,38,21,750,183.80,137850.00
2036,2037,2023051001007355,LBL,38,36,50,183.40,9170.00
2037,2038,2023051001007354,LBL,38,21,94,183.40,17239.60
2038,2039,2023051001007353,SANIMA,4,8,166,241.00,40006.00
2039,2040,2023051001007352,SANIMA,52,8,91,241.00,21931.00
2040,2041,2023051005001309,KEF,47,49,100,7.91,791.00
2041,2042,2023051001007351,MAKAR,38,58,10,249.00,2490.00
2042,2043,2023051003002093,SHINE,4,13,1475,319.10,470672.50
2043,2044,2023051003002092,SHINE,28,13,615,319.20,196308.00
2044,2045,2023051003002091,SHINE,42,13,25,320.00,8000.00
2045,2046,2023051001007350,PHCL,58,35,10,310.00,3100.00
2046,2047,2023051001007349,HBL,51,44,890,216.40,192596.00
2047,2048,2023051001007348,TAMOR,29,57,10,270.50,2705.00
2048,2049,2023051004003307,NGPL,13,36,14,236.00,3304.00
2049,2050,2023051001007347,SBL,5,29,15,247.50,3712.50
2050,2051,2023051001007346,NICA,39,28,100,710.00,71000.00
2051,2052,2023051001007345,JALPA,48,58,115,1581.00,181815.00
2052,2053,2023051001007344,SMJC,1,32,10,246.20,2462.00
2053,2054,2023051001007343,AVYAN,47,38,20,575.00,11500.00
2054,2055,2023051001007342,MKHC,38,35,10,243.10,2431.00
2055,2056,2023051003002090,RMDC,14,39,35,669.10,23418.50
2056,2057,2023051004003306,KKHC,34,36,16,213.60,3417.60
2057,2058,2023051001007341,TAMOR,34,58,10,271.00,2710.00
2058,2059,2023051001007340,NICA,36,28,100,710.00,71000.00
2059,2060,2023051001007339,NABIL,42,28,176,590.00,103840.00
2060,2061,2023051001007338,PPL,14,49,10,257.40,2574.00
2061,2062,2023051005001308,SAGF,19,6,100,7.88,788.00
2062,2063,2023051003002089,NLBBL,41,36,71,551.00,39121.00
2063,2064,2023051003002088,NLBBL,45,36,10,551.10,5511.00
2064,2065,2023051004003305,HDHPC,14,53,138,164.00,22632.00
2065,2066,2023051004003304,HDHPC,14,36,815,164.00,133660.00
2066,2067,2023051004003303,HDHPC,14,5,500,163.90,81950.00
2067,2068,2023051004003302,HDHPC,14,29,700,163.90,114730.00
2068,2069,2023051004003301,HDHPC,14,47,100,163.90,16390.00
2069,2070,2023051004003300,HDHPC,14,39,100,163.90,16390.00
2070,2071,2023051004003299,HDHPC,14,41,250,163.40,40850.00
2071,2072,2023051004003298,HDHPC,14,49,397,163.40,64869.80
2072,2073,2023051004003297,PMHPL,26,56,10,225.90,2259.00
2073,2074,2023051003002087,JFL,38,6,428,343.00,146804.00
2074,2075,2023051003002086,JFL,36,6,22,345.00,7590.00
2075,2076,2023051003002085,JFL,38,6,50,345.00,17250.00
2076,2077,2023051001007337,NIMB,58,26,268,181.00,48508.00
2077,2078,2023051001007336,NIMB,13,26,139,181.00,25159.00
2078,2079,2023051001007335,NIMB,19,26,50,181.00,9050.00
2079,2080,2023051001007334,NIMB,57,26,200,181.10,36220.00
2080,2081,2023051003002084,PLI,44,58,10,404.00,4040.00
2081,2082,2023051001007333,MHCL,42,49,10,216.30,2163.00
2082,2083,2023051001007332,KDL,19,1,10,716.10,7161.00
2083,2084,2023051004003296,API,57,52,10,231.00,2310.00
2084,2085,2023051005001307,NRIC,34,57,20,678.50,13570.00
2085,2086,2023051003002083,NFS,42,55,35,268.00,9380.00
2086,2087,2023051003002082,NFS,42,7,50,266.00,13300.00
2087,2088,2023051001007331,MBJC,28,11,10,276.00,2760.00
2088,2089,2023051004003295,PMHPL,26,26,10,225.90,2259.00
2089,2090,2023051004003294,HPPL,16,36,10,271.00,2710.00
2090,2091,2023051001007330,NABIL,48,28,10,590.00,5900.00
2091,2092,2023051001007329,NESDO,25,46,10,2008.00,20080.00
2092,2093,2023051004003293,UPPER,13,38,50,409.00,20450.00
2093,2094,2023051003002081,CFCL,58,45,480,290.10,139248.00
2094,2095,2023051003002080,CFCL,22,45,20,290.20,5804.00
2095,2096,2023051001007328,NABIL,57,28,50,590.00,29500.00
2096,2097,2023051005001306,NBF3,39,43,1000,7.23,7230.00
2097,2098,2023051005001305,NBF3,39,43,500,7.23,3615.00
2098,2099,2023051003002079,NMFBS,26,22,20,1152.00,23040.00
2099,2100,2023051001007327,SANIMA,35,8,102,241.10,24592.20
2100,2101,2023051001007326,MHCL,42,19,10,216.30,2163.00
2101,2102,2023051005001304,NRIC,47,35,10,674.00,6740.00
2102,2103,2023051001007325,JALPA,38,58,100,1581.00,158100.00
2103,2104,2023051001007324,SBI,5,22,15,327.60,4914.00
2104,2105,2023051001007323,UHEWA,7,49,12,368.00,4416.00
2105,2106,2023051001007322,HBL,49,57,40,217.00,8680.00
2106,2107,2023051001007321,NABIL,35,28,40,590.00,23600.00
2107,2108,2023051001007320,MAKAR,38,58,10,249.00,2490.00
2108,2109,2023051004003292,DHPL,1,36,10,200.10,2001.00
2109,2110,2023051003002078,MLBL,5,39,60,297.10,17826.00
2110,2111,2023051004003291,NHPC,55,11,118,202.20,23859.60
2111,2112,2023051005001303,KEF,47,56,150,7.91,1186.50
2112,2113,2023051005001302,NBF2,21,56,200,8.25,1650.00
2113,2114,2023051004003290,HDHPC,14,49,481,163.40,78595.40
2114,2115,2023051004003289,SSHL,45,38,100,195.00,19500.00
2115,2116,2023051003002077,MNBBL,1,39,50,383.00,19150.00
2116,2117,2023051001007319,MBJC,28,58,10,276.00,2760.00
2117,2118,2023051001007318,NICA,48,28,50,710.00,35500.00
2118,2119,2023051004003288,AKPL,29,36,24,360.10,8642.40
2119,2120,2023051005001301,NIFRA,46,10,100,206.50,20650.00
2120,2121,2023051001007317,MHCL,34,51,10,216.40,2164.00
2121,2122,2023051004003287,HDHPC,16,49,122,163.40,19934.80
2122,2123,2023051004003286,HDHPC,16,58,10,163.00,1630.00
2123,2124,2023051004003285,HDHPC,16,52,18,163.00,2934.00
2124,2125,2023051001007316,KDL,19,19,10,716.10,7161.00
2125,2126,2023051001007315,NABIL,14,28,100,590.00,59000.00
2126,2127,2023051004003284,NGPL,29,22,250,236.10,59025.00
2127,2128,2023051001007314,KDL,19,38,10,716.10,7161.00
2128,2129,2023051003002076,ALICL,57,17,300,541.00,162300.00
2129,2130,2023051004003283,UPPER,13,28,50,409.00,20450.00
2130,2131,2023051005001300,NRIC,57,35,10,674.00,6740.00
2131,2132,2023051005001299,NRIC,45,35,10,674.00,6740.00
2132,2133,2023051001007313,SPC,49,11,10,403.00,4030.00
2133,2134,2023051005001298,CMF1,35,36,4400,7.30,32120.00
2134,2135,2023051005001297,CMF1,6,36,600,7.40,4440.00
2135,2136,2023051005001296,HIDCL,7,49,56,177.90,9962.40
2136,2137,2023051005001295,HIDCL,33,49,30,178.40,5352.00
2137,2138,2023051001007312,MHCL,34,32,10,216.40,2164.00
2138,2139,2023051001007311,JALPA,38,58,100,1581.00,158100.00
2139,2140,2023051001007310,JALPA,13,58,10,1581.10,15811.00
2140,2141,2023051001007309,JALPA,43,58,10,1581.20,15812.00
2141,2142,2023051001007308,JALPA,13,58,10,1581.20,15812.00
2142,2143,2023051001007307,JALPA,13,58,10,1581.30,15813.00
2143,2144,2023051001007306,JALPA,1,58,10,1583.00,15830.00
2144,2145,2023051004003282,RIDI,35,16,56,274.00,15344.00
2145,2146,2023051004003281,RHPL,21,50,25,274.50,6862.50
2146,2147,2023051001007305,NBL,41,6,10,248.00,2480.00
2147,2148,2023051004003280,RIDI,35,16,170,274.00,46580.00
2148,2149,2023051003002075,MSLB,29,58,30,673.00,20190.00
2149,2150,2023051001007304,NICA,42,28,20,710.00,14200.00
2150,2151,2023051004003279,API,58,14,100,230.90,23090.00
2151,2152,2023051005001294,KEF,45,56,700,7.92,5544.00
2152,2153,2023051001007303,SRBL,57,16,200,180.00,36000.00
2153,2154,2023051001007302,SMJC,32,51,30,246.10,7383.00
2154,2155,2023051005001293,HIDCL,33,49,20,178.40,3568.00
2155,2156,2023051005001292,HIDCL,33,59,50,178.40,8920.00
2156,2157,2023051001007301,NABIL,8,28,60,590.00,35400.00
2157,2158,2023051001007300,NABIL,8,28,100,590.00,59000.00
2158,2159,2023051001007299,NABIL,17,28,50,590.00,29500.00
2159,2160,2023051001007298,NABIL,28,28,24,590.00,14160.00
2160,2161,2023051001007297,NABIL,56,28,126,591.00,74466.00
2161,2162,2023051005001291,NBF3,39,55,100,7.23,723.00
2162,2163,2023051005001290,NIFRA,47,41,10,207.00,2070.00
2163,2164,2023051001007296,NIBLGF,10,6,100,7.93,793.00
2164,2165,2023051001007295,SMHL,47,58,10,385.00,3850.00
2165,2166,2023051001007294,SMHL,47,49,10,385.00,3850.00
2166,2167,2023051001007293,SMHL,47,51,10,384.00,3840.00
2167,2168,2023051001007292,SMHL,47,58,10,383.90,3839.00
2168,2169,2023051001007291,SMHL,47,58,10,383.50,3835.00
2169,2170,2023051001007290,MAKAR,38,58,10,249.00,2490.00
2170,2171,2023051004003278,NHPC,55,58,337,202.20,68141.40
2171,2172,2023051004003277,NHPC,38,58,63,203.00,12789.00
2172,2173,2023051003002074,ALICL,42,17,630,540.00,340200.00
2173,2174,2023051003002073,ALICL,56,17,30,540.00,16200.00
2174,2175,2023051003002072,ALICL,34,17,100,540.10,54010.00
2175,2176,2023051003002071,ALICL,26,17,100,540.10,54010.00
2176,2177,2023051003002070,ALICL,26,17,50,541.00,27050.00
2177,2178,2023051003002069,ALICL,11,17,30,541.00,16230.00
2178,2179,2023051003002068,ALICL,25,17,50,541.00,27050.00
2179,2180,2023051003002067,ALICL,47,17,10,541.00,5410.00
2180,2181,2023051004003276,RIDI,16,28,13,272.50,3542.50
2181,2182,2023051001007289,SHIVM,44,48,51,401.00,20451.00
2182,2183,2023051003002066,MDB,33,3,26,360.00,9360.00
2183,2184,2023051003002065,MNBBL,42,8,20,382.00,7640.00
2184,2185,2023051003002064,MNBBL,13,8,434,382.00,165788.00
2185,2186,2023051001007288,MHCL,34,10,10,216.40,2164.00
2186,2187,2023051001007287,TAMOR,34,52,40,271.00,10840.00
2187,2188,2023051001007286,SBLD2082,58,47,10,970.00,9700.00
2188,2189,2023051004003275,API,25,52,60,231.00,13860.00
2189,2190,2023051004003274,API,25,28,140,231.00,32340.00
2190,2191,2023051004003273,CGH,35,56,190,1010.00,191900.00
2191,2192,2023051004003272,CGH,17,56,20,1010.00,20200.00
2192,2193,2023051004003271,CGH,14,56,20,1010.00,20200.00
2193,2194,2023051004003270,CGH,39,56,20,1012.00,20240.00
2194,2195,2023051004003269,CGH,58,56,10,1014.50,10145.00
2195,2196,2023051001007285,TAMOR,32,41,10,271.00,2710.00
2196,2197,2023051001007284,TAMOR,32,51,30,271.00,8130.00
2197,2198,2023051004003268,API,57,28,10,231.00,2310.00
2198,2199,2023051001007283,NBL,11,6,500,248.00,124000.00
2199,2200,2023051001007282,EHPL,20,10,10,340.00,3400.00
2200,2201,2023051005001289,NIFRA,46,28,64,206.50,13216.00
2201,2202,2023051004003267,RIDI,58,16,50,272.50,13625.00
2202,2203,2023051004003266,RIDI,36,16,10,273.00,2730.00
2203,2204,2023051001007281,NABIL,56,28,74,591.00,43734.00
2204,2205,2023051001007280,NABIL,26,28,200,591.00,118200.00
2205,2206,2023051001007279,NABIL,51,28,10,591.00,5910.00
2206,2207,2023051004003265,HDHPC,14,11,31,162.50,5037.50
2207,2208,2023051001007278,SPHL,32,17,10,375.00,3750.00
2208,2209,2023051004003264,PMHPL,13,26,100,221.50,22150.00
2209,2210,2023051003002063,SJLIC,7,33,14,415.00,5810.00
2210,2211,2023051004003263,HEI,55,11,40,430.00,17200.00
2211,2212,2023051004003262,UMHL,28,35,1000,224.20,224200.00
2212,2213,2023051001007277,PRVU,45,36,100,166.00,16600.00
2213,2214,2023051001007276,PRVU,17,36,24,166.00,3984.00
2214,2215,2023051001007275,HDL,58,57,30,1885.10,56553.00
2215,2216,2023051001007274,HDL,58,57,55,1885.20,103686.00
2216,2217,2023051001007273,HDL,49,57,10,1885.30,18853.00
2217,2218,2023051001007272,HDL,45,57,10,1885.30,18853.00
2218,2219,2023051004003261,API,58,28,300,231.00,69300.00
2219,2220,2023051003002062,SLBSL,4,57,30,777.00,23310.00
2220,2221,2023051003002061,SLBSL,34,57,20,777.10,15542.00
2221,2222,2023051001007271,GVL,55,21,10,400.00,4000.00
2222,2223,2023051001007270,GVL,55,26,20,400.00,8000.00
2223,2224,2023051001007269,GVL,55,58,10,400.00,4000.00
2224,2225,2023051001007268,SHIVM,13,48,100,401.00,40100.00
2225,2226,2023051004003260,HDHPC,58,8,512,162.00,82944.00
2226,2227,2023051004003259,HDHPC,59,8,88,162.40,14291.20
2227,2228,2023051003002060,RSDC,19,41,18,475.00,8550.00
2228,2229,2023051003002059,RSDC,19,22,32,474.00,15168.00
2229,2230,2023051004003258,HDHPC,59,33,300,162.40,48720.00
2230,2231,2023051004003257,HDHPC,59,11,112,162.30,18177.60
2231,2232,2023051001007267,TAMOR,32,4,10,271.00,2710.00
2232,2233,2023051003002058,MNBBL,13,28,28,382.00,10696.00
2233,2234,2023051001007266,GBIME,17,3,202,183.00,36966.00
2234,2235,2023051001007265,GBIME,6,3,30,183.00,5490.00
2235,2236,2023051001007264,GBIME,58,3,164,183.00,30012.00
2236,2237,2023051001007263,GBIME,6,3,104,183.00,19032.00
2237,2238,2023051004003256,RIDI,26,46,15,273.00,4095.00
2238,2239,2023051005001288,NRIC,3,42,500,675.00,337500.00
2239,2240,2023051005001287,NRIC,41,42,130,675.00,87750.00
2240,2241,2023051003002057,MNBBL,13,11,538,382.00,205516.00
2241,2242,2023051003002056,MNBBL,57,11,10,382.00,3820.00
2242,2243,2023051004003255,BPCL,34,21,10,315.00,3150.00
2243,2244,2023051001007262,NBL,38,6,213,248.00,52824.00
2244,2245,2023051001007261,NBL,38,6,580,248.00,143840.00
2245,2246,2023051001007260,NBL,38,1,207,247.90,51315.30
2246,2247,2023051005001286,NBF3,39,56,400,7.23,2892.00
2247,2248,2023051005001285,NBF3,39,56,100,7.23,723.00
2248,2249,2023051003002055,PLI,17,56,50,403.50,20175.00
2249,2250,2023051003002054,MFIL,4,33,200,423.00,84600.00
2250,2251,2023051003002053,MFIL,4,35,50,422.00,21100.00
2251,2252,2023051001007259,AVYAN,19,34,10,573.00,5730.00
2252,2253,2023051004003254,NGPL,29,36,691,236.10,163145.10
2253,2254,2023051004003253,NGPL,42,36,105,237.00,24885.00
2254,2255,2023051004003252,HDHPC,42,11,58,162.30,9413.40
2255,2256,2023051005001284,NICFC,39,59,100,7.82,782.00
2256,2257,2023051005001283,NICFC,39,26,100,7.82,782.00
2257,2258,2023051001007258,NBL,17,6,100,248.00,24800.00
2258,2259,2023051003002052,SADBL,41,8,100,270.40,27040.00
2259,2260,2023051001007257,PHCL,58,49,10,310.00,3100.00
2260,2261,2023051004003251,RIDI,26,16,85,273.00,23205.00
2261,2262,2023051004003250,RIDI,21,16,100,273.00,27300.00
2262,2263,2023051004003249,RIDI,22,16,15,273.00,4095.00
2263,2264,2023051005001282,CHDC,34,17,10,726.00,7260.00
2264,2265,2023051001007256,NYADI,7,13,90,281.90,25371.00
2265,2266,2023051001007255,NYADI,7,58,10,281.50,2815.00
2266,2267,2023051001007254,NYADI,7,58,10,281.40,2814.00
2267,2268,2023051001007253,PRVU,36,19,100,166.50,16650.00
2268,2269,2023051004003248,GLH,19,16,40,261.00,10440.00
2269,2270,2023051005001281,MMF1,34,56,100,7.12,712.00
2270,2271,2023051001007252,MBL,43,28,28,228.60,6400.80
2271,2272,2023051001007251,PPL,14,49,10,257.40,2574.00
2272,2273,2023051001007250,SMJC,32,49,10,246.10,2461.00
2273,2274,2023051001007249,UHEWA,58,42,10,368.50,3685.00
2274,2275,2023051001007248,UHEWA,58,35,10,368.50,3685.00
2275,2276,2023051004003247,CGH,25,56,10,1015.00,10150.00
2276,2277,2023051004003246,CGH,41,56,20,1015.00,20300.00
2277,2278,2023051004003245,CGH,26,56,10,1015.00,10150.00
2278,2279,2023051004003244,CGH,57,56,20,1015.00,20300.00
2279,2280,2023051004003243,CGH,46,56,20,1016.00,20320.00
2280,2281,2023051004003242,CGH,35,56,15,1016.10,15241.50
2281,2282,2023051004003241,CGH,33,56,10,1018.00,10180.00
2282,2283,2023051004003240,CGH,5,56,40,1020.00,40800.00
2283,2284,2023051005001280,MMF1,58,55,100,7.10,710.00
2284,2285,2023051003002051,NUBL,11,42,130,531.00,69030.00
2285,2286,2023051001007247,NIMB,48,35,10,181.50,1815.00
2286,2287,2023051003002050,RLFL,53,58,50,281.50,14075.00
2287,2288,2023051003002049,RLFL,53,58,200,281.50,56300.00
2288,2289,2023051003002048,RLFL,26,58,100,281.60,28160.00
2289,2290,2023051001007246,AHL,45,58,10,344.10,3441.00
2290,2291,2023051001007245,MAKAR,38,56,10,249.00,2490.00
2291,2292,2023051001007244,SIKLES,38,14,10,392.10,3921.00
2292,2293,2023051004003239,JOSHI,42,49,972,257.00,249804.00
2293,2294,2023051001007243,MHCL,38,22,20,216.50,4330.00
2294,2295,2023051001007242,NBL,1,6,50,248.00,12400.00
2295,2296,2023051001007241,JALPA,1,17,10,1584.00,15840.00
2296,2297,2023051003002047,RLFL,39,33,419,282.00,118158.00
2297,2298,2023051004003238,RIDI,52,16,10,274.00,2740.00
2298,2299,2023051004003237,RIDI,22,16,10,274.00,2740.00
2299,2300,2023051004003236,RIDI,22,16,10,274.20,2742.00
2300,2301,2023051005001279,NICFC,39,56,200,7.81,1562.00
2301,2302,2023051003002046,GUFL,17,17,10,480.00,4800.00
2302,2303,2023051004003235,AKPL,55,59,10,361.00,3610.00
2303,2304,2023051004003234,AKPL,55,26,100,361.00,36100.00
2304,2305,2023051004003233,AKPL,55,21,190,361.00,68590.00
2305,2306,2023051004003232,UPPER,16,13,120,409.40,49128.00
2306,2307,2023051001007240,TAMOR,32,38,10,271.00,2710.00
2307,2308,2023051003002045,MNBBL,14,39,10,383.00,3830.00
2308,2309,2023051001007239,BHPL,56,43,10,437.00,4370.00
2309,2310,2023051001007238,PCBL,54,39,100,194.00,19400.00
2310,2311,2023051003002044,NLICL,44,10,30,574.80,17244.00
2311,2312,2023051003002043,NLICL,44,7,20,574.00,11480.00
2312,2313,2023051003002042,SADBL,59,8,50,270.90,13545.00
2313,2314,2023051001007237,MAKAR,38,49,10,249.00,2490.00
2314,2315,2023051004003231,HDHPC,32,11,80,162.30,12984.00
2315,2316,2023051004003230,HDHPC,32,36,220,162.30,35706.00
2316,2317,2023051004003229,API,46,44,50,230.90,11545.00
2317,2318,2023051001007236,SGHC,21,35,10,299.10,2991.00
2318,2319,2023051003002041,MFIL,38,1,266,421.00,111986.00
2319,2320,2023051001007235,NICA,41,28,30,710.00,21300.00
2320,2321,2023051004003228,NHPC,57,5,10,204.00,2040.00
2321,2322,2023051001007234,MAKAR,38,58,10,249.00,2490.00
2322,2323,2023051001007233,SCB,34,51,45,529.00,23805.00
2323,2324,2023051001007232,PHCL,58,49,10,310.00,3100.00
2324,2325,2023051001007231,NIMB,19,35,23,181.50,4174.50
2325,2326,2023051005001278,KEF,38,56,150,7.95,1192.50
2326,2327,2023051001007230,NIMB,19,25,300,181.50,54450.00
2327,2328,2023051003002040,SHINE,4,43,54,321.00,17334.00
2328,2329,2023051004003227,RIDI,36,16,20,275.00,5500.00
2329,2330,2023051004003226,RIDI,51,16,14,275.00,3850.00
2330,2331,2023051003002039,SADBL,22,8,200,271.10,54220.00
2331,2332,2023051001007229,RULB,58,35,10,635.20,6352.00
2332,2333,2023051003002038,MMFDB,41,32,519,566.00,293754.00
2333,2334,2023051003002037,MMFDB,6,32,500,566.10,283050.00
2334,2335,2023051003002036,SWMF,35,42,120,555.00,66600.00
2335,2336,2023051003002035,SWMF,49,42,10,555.00,5550.00
2336,2337,2023051004003225,BARUN,14,11,60,235.00,14100.00
2337,2338,2023051004003224,BARUN,14,49,40,235.00,9400.00
2338,2339,2023051003002034,SHINE,4,28,500,321.00,160500.00
2339,2340,2023051003002033,SHINE,4,55,400,321.00,128400.00
2340,2341,2023051003002032,SHINE,4,32,100,320.90,32090.00
2341,2342,2023051003002031,SHINE,4,22,100,320.00,32000.00
2342,2343,2023051003002030,SHINE,4,3,15,320.00,4800.00
2343,2344,2023051003002029,SHINE,4,38,100,320.00,32000.00
2344,2345,2023051003002028,SHINE,4,45,231,320.00,73920.00
2345,2346,2023051004003223,HDHPC,58,57,40,162.20,6488.00
2346,2347,2023051001007228,PRVU,4,13,1500,166.60,249900.00
2347,2348,2023051004003222,OHL,58,42,18,564.90,10168.20
2348,2349,2023051003002027,FMDBL,35,38,15,510.00,7650.00
2349,2350,2023051003002026,FMDBL,58,38,10,510.00,5100.00
2350,2351,2023051001007227,SMJC,32,52,40,246.10,9844.00
2351,2352,2023051004003221,API,58,58,255,230.50,58777.50
2352,2353,2023051004003220,API,58,17,98,230.50,22589.00
2353,2354,2023051001007226,SGHC,21,3,10,299.10,2991.00
2354,2355,2023051001007225,SGHC,21,57,10,299.00,2990.00
2355,2356,2023051001007224,SRBL,32,16,10,180.00,1800.00
2356,2357,2023051001007223,NICA,18,55,200,709.90,141980.00
2357,2358,2023051001007222,SMHL,18,58,10,380.30,3803.00
2358,2359,2023051001007221,MBJC,28,49,10,276.00,2760.00
2359,2360,2023051001007220,SMJC,32,35,10,246.10,2461.00
2360,2361,2023051001007219,SAHAS,39,51,10,493.10,4931.00
2361,2362,2023051003002025,SADBL,22,58,200,271.10,54220.00
2362,2363,2023051003002024,LBBL,4,35,149,331.00,49319.00
2363,2364,2023051003002023,LBBL,4,16,50,331.00,16550.00
2364,2365,2023051003002022,LBBL,4,38,33,331.00,10923.00
2365,2366,2023051003002021,LBBL,4,16,50,331.00,16550.00
2366,2367,2023051003002020,LBBL,4,1,177,330.00,58410.00
2367,2368,2023051003002019,LBBL,4,13,300,330.00,99000.00
2368,2369,2023051001007218,EBL,58,41,71,528.00,37488.00
2369,2370,2023051001007217,PPL,14,49,10,257.40,2574.00
2370,2371,2023051001007216,NESDO,28,42,10,2019.00,20190.00
2371,2372,2023051001007215,SMH,49,38,100,543.00,54300.00
2372,2373,2023051001007214,SMH,49,13,10,542.90,5429.00
2373,2374,2023051001007213,SMH,49,13,10,542.80,5428.00
2374,2375,2023051001007212,SMH,49,49,10,542.00,5420.00
2375,2376,2023051001007211,SMH,49,34,10,541.00,5410.00
2376,2377,2023051001007210,SMH,49,35,10,540.00,5400.00
2377,2378,2023051001007209,SMH,49,49,10,540.00,5400.00
2378,2379,2023051001007208,SMH,49,44,10,540.00,5400.00
2379,2380,2023051001007207,SMH,49,1,10,539.90,5399.00
2380,2381,2023051001007206,SRBL,32,57,10,179.00,1790.00
2381,2382,2023051004003219,SGIC,58,11,60,435.00,26100.00
2382,2383,2023051001007205,HHL,47,58,105,250.00,26250.00
2383,2384,2023051001007204,SHIVM,52,48,300,401.00,120300.00
2384,2385,2023051004003218,OHL,13,39,20,564.00,11280.00
2385,2386,2023051001007203,GBIME,6,58,15,183.00,2745.00
2386,2387,2023051004003217,HDHPC,58,28,130,162.00,21060.00
2387,2388,2023051001007202,MKHC,38,41,10,243.10,2431.00
2388,2389,2023051001007201,KDL,19,28,10,716.10,7161.00
2389,2390,2023051001007200,HBL,38,48,313,216.30,67701.90
2390,2391,2023051001007199,PPL,7,52,10,258.00,2580.00
2391,2392,2023051001007198,SCB,34,52,55,528.00,29040.00
2392,2393,2023051001007197,MAKAR,38,54,10,249.00,2490.00
2393,2394,2023051005001277,HIDCL,19,59,100,178.40,17840.00
2394,2395,2023051003002018,NMFBS,59,58,13,1153.00,14989.00
2395,2396,2023051004003216,NIL,58,54,136,722.00,98192.00
2396,2397,2023051001007196,NABIL,42,28,80,591.00,47280.00
2397,2398,2023051004003215,UPCL,38,25,100,222.00,22200.00
2398,2399,2023051004003214,SJCL,14,50,1200,265.00,318000.00
2399,2400,2023051004003213,SJCL,4,50,600,265.00,159000.00
2400,2401,2023051004003212,SJCL,4,50,600,265.00,159000.00
2401,2402,2023051004003211,SJCL,41,50,1000,265.00,265000.00
2402,2403,2023051004003210,SJCL,54,50,200,265.10,53020.00
2403,2404,2023051004003209,SJCL,58,50,115,265.10,30486.50
2404,2405,2023051004003208,SJCL,49,50,50,265.20,13260.00
2405,2406,2023051004003207,SJCL,3,50,50,265.30,13265.00
2406,2407,2023051004003206,SJCL,5,50,340,265.40,90236.00
2407,2408,2023051004003205,SJCL,13,50,50,265.50,13275.00
2408,2409,2023051004003204,SJCL,21,50,220,265.50,58410.00
2409,2410,2023051004003203,HDHPC,58,28,30,162.00,4860.00
2410,2411,2023051001007195,SGHC,21,3,10,298.90,2989.00
2411,2412,2023051001007194,SGHC,21,3,10,298.70,2987.00
2412,2413,2023051001007193,SGHC,21,22,10,298.00,2980.00
2413,2414,2023051001007192,SGHC,21,6,10,298.00,2980.00
2414,2415,2023051001007191,SGHC,21,16,10,295.00,2950.00
2415,2416,2023051001007190,SGHC,21,10,10,294.00,2940.00
2416,2417,2023051001007189,SGHC,21,58,10,294.00,2940.00
2417,2418,2023051003002017,NLIC,4,55,14,657.00,9198.00
2418,2419,2023051003002016,NLIC,4,39,11,657.00,7227.00
2419,2420,2023051003002015,PFL,40,58,318,337.10,107197.80
2420,2421,2023051003002014,PFL,42,58,80,337.10,26968.00
2421,2422,2023051001007188,GBIME,49,11,10,183.50,1835.00
2422,2423,2023051001007187,NESDO,58,46,30,2009.00,60270.00
2423,2424,2023051001007186,NESDO,51,46,10,2009.00,20090.00
2424,2425,2023051001007185,HHL,43,11,10,249.50,2495.00
2425,2426,2023051001007184,AHL,49,43,10,344.00,3440.00
2426,2427,2023051001007183,SBL,41,42,10,246.00,2460.00
2427,2428,2023051001007182,TAMOR,49,21,260,273.50,71110.00
2428,2429,2023051001007181,NIMBPO,55,17,253,166.00,41998.00
2429,2430,2023051001007180,NIMBPO,7,17,30,167.00,5010.00
2430,2431,2023051001007179,MAKAR,38,42,10,249.00,2490.00
2431,2432,2023051004003202,AKPL,58,21,268,360.00,96480.00
2432,2433,2023051004003201,AKPL,58,3,150,360.00,54000.00
2433,2434,2023051004003200,AKPL,58,17,100,360.00,36000.00
2434,2435,2023051004003199,HPPL,45,37,100,271.60,27160.00
2435,2436,2023051001007178,PRVU,4,55,567,167.00,94689.00
2436,2437,2023051001007177,PRVU,4,57,517,166.90,86287.30
2437,2438,2023051001007176,PRVU,4,10,237,166.70,39507.90
2438,2439,2023051001007175,PRVU,4,10,179,166.70,29839.30
2439,2440,2023051001007174,HDL,59,42,10,1896.90,18969.00
2440,2441,2023051001007173,MHCL,34,49,10,216.40,2164.00
2441,2442,2023051001007172,KBL,57,57,200,165.00,33000.00
2442,2443,2023051001007171,NMB,43,5,100,235.00,23500.00
2443,2444,2023051001007170,NABIL,45,28,22,590.00,12980.00
2444,2445,2023051001007169,NABIL,58,28,150,590.00,88500.00
2445,2446,2023051001007168,NABIL,42,28,736,590.00,434240.00
2446,2447,2023051001007167,NIMB,32,54,10,181.90,1819.00
2447,2448,2023051001007166,HBL,17,57,74,217.00,16058.00
2448,2449,2023051001007165,HBL,17,17,26,217.00,5642.00
2449,2450,2023051001007164,HDL,58,53,10,1885.20,18852.00
2450,2451,2023051001007163,SCB,21,40,10,527.60,5276.00
2451,2452,2023051001007162,NABIL,42,22,64,590.00,37760.00
2452,2453,2023051001007161,NABIL,8,22,300,590.00,177000.00
2453,2454,2023051004003198,SJCL,13,45,50,267.00,13350.00
2454,2455,2023051004003197,CGH,54,55,10,1022.00,10220.00
2455,2456,2023051004003196,BPCL,34,39,60,314.20,18852.00
2456,2457,2023051004003195,HDHPC,41,28,90,162.00,14580.00
2457,2458,2023051001007160,PHCL,58,40,10,310.00,3100.00
2458,2459,2023051001007159,SGHC,21,58,10,294.00,2940.00
2459,2460,2023051001007158,SGHC,21,34,10,293.70,2937.00
2460,2461,2023051001007157,SGHC,21,21,10,290.00,2900.00
2461,2462,2023051001007156,NIMB,57,34,200,181.00,36200.00
2462,2463,2023051001007155,PHCL,58,38,10,310.00,3100.00
2463,2464,2023051004003194,UPCL,42,41,40,223.00,8920.00
2464,2465,2023051004003193,UPCL,42,26,50,223.00,11150.00
2465,2466,2023051003002013,ICFC,46,38,100,404.00,40400.00
2466,2467,2023051001007154,NIMB,32,34,41,181.50,7441.50
2467,2468,2023051005001276,NMB50,21,33,500,9.30,4650.00
2468,2469,2023051001007153,SHIVM,42,48,49,401.00,19649.00
2469,2470,2023051001007152,MAKAR,38,42,10,249.00,2490.00
2470,2471,2023051001007151,KDL,19,6,10,716.10,7161.00
2471,2472,2023051001007150,ADBL,46,45,100,233.00,23300.00
2472,2473,2023051004003192,API,33,17,272,230.50,62696.00
2473,2474,2023051004003191,BPCL,34,25,25,314.00,7850.00
2474,2475,2023051001007149,PCBL,4,39,1558,194.00,302252.00
2475,2476,2023051001007148,PCBL,4,58,1442,193.90,279603.80
2476,2477,2023051001007147,EBL,17,40,10,527.30,5273.00
2477,2478,2023051001007146,MHCL,34,52,30,216.40,6492.00
2478,2479,2023051001007145,TAMOR,49,57,10,273.50,2735.00
2479,2480,2023051001007144,NMB,17,45,159,235.50,37444.50
2480,2481,2023051004003190,PMHPL,26,52,10,226.00,2260.00
2481,2482,2023051004003189,SPIL,8,25,50,573.00,28650.00
2482,2483,2023051004003188,SPIL,8,17,40,572.30,22892.00
2483,2484,2023051003002012,ALICL,56,35,10,540.00,5400.00
2484,2485,2023051003002011,ALICL,14,35,10,540.00,5400.00
2485,2486,2023051003002010,ALICL,57,35,10,540.00,5400.00
2486,2487,2023051003002009,ALICL,42,35,90,540.00,48600.00
2487,2488,2023051003002008,ALICL,45,35,40,540.00,21600.00
2488,2489,2023051003002007,ALICL,46,35,20,540.00,10800.00
2489,2490,2023051003002006,ALICL,42,35,25,540.00,13500.00
2490,2491,2023051003002005,ALICL,43,35,15,540.00,8100.00
2491,2492,2023051003002004,ALICL,45,35,60,540.30,32418.00
2492,2493,2023051003002003,ALICL,43,35,20,540.40,10808.00
2493,2494,2023051001007143,GVL,55,11,10,398.00,3980.00
2494,2495,2023051001007142,TAMOR,49,56,230,273.00,62790.00
2495,2496,2023051001007141,PHCL,58,35,10,310.00,3100.00
2496,2497,2023051003002002,NUBL,44,25,80,530.00,42400.00
2497,2498,2023051001007140,HDL,58,53,175,1885.20,329910.00
2498,2499,2023051001007139,HDL,38,53,45,1885.30,84838.50
2499,2500,2023051001007138,HDL,17,53,50,1885.50,94275.00
2500,2501,2023051001007137,HDL,45,53,10,1886.00,18860.00
2501,2502,2023051001007136,HDL,39,53,10,1890.00,18900.00
2502,2503,2023051001007135,HDL,52,53,10,1892.00,18920.00
2503,2504,2023051004003187,UMHL,33,35,50,224.20,11210.00
2504,2505,2023051001007134,TAMOR,49,56,500,273.00,136500.00
2505,2506,2023051003002001,ALBSL,55,57,10,678.00,6780.00
2506,2507,2023051001007133,MAKAR,38,54,10,249.00,2490.00
2507,2508,2023051005001275,HIDCL,7,59,59,178.00,10502.00
2508,2509,2023051001007132,PBLD87,14,49,22,795.00,17490.00
2509,2510,2023051001007131,MAKAR,38,49,10,249.00,2490.00
2510,2511,2023051001007130,JALPA,1,59,10,1584.00,15840.00
2511,2512,2023051004003186,HDHPC,41,45,110,162.00,17820.00
2512,2513,2023051004003185,HDHPC,45,45,20,162.00,3240.00
2513,2514,2023051004003184,HDHPC,49,45,70,162.00,11340.00
2514,2515,2023051003002000,PLI,58,52,10,403.00,4030.00
2515,2516,2023051004003183,MHNL,59,16,10,265.50,2655.00
2516,2517,2023051001007129,NABIL,46,28,50,592.00,29600.00
2517,2518,2023051001007128,SMJC,38,58,10,246.20,2462.00
2518,2519,2023051003001999,SJLIC,39,36,10,415.10,4151.00
2519,2520,2023051001007127,RULB,34,8,10,635.10,6351.00
2520,2521,2023051003001998,PLI,42,11,10,403.50,4035.00
2521,2522,2023051003001997,PLI,42,56,50,403.50,20175.00
2522,2523,2023051001007126,MAKAR,38,16,10,249.00,2490.00
2523,2524,2023051001007125,MAKAR,38,17,10,249.00,2490.00
2524,2525,2023051001007124,PCBL,47,58,10,193.90,1939.00
2525,2526,2023051001007123,NICA,41,25,10,709.20,7092.00
2526,2527,2023051004003182,RBCL,59,36,10,12845.00,128450.00
2527,2528,2023051004003181,HPPL,16,52,134,271.00,36314.00
2528,2529,2023051001007122,SMHL,38,58,10,383.30,3833.00
2529,2530,2023051003001996,RLFL,39,5,81,282.00,22842.00
2530,2531,2023051003001995,RLFL,36,5,19,282.10,5359.90
2531,2532,2023051001007121,GBIME,42,11,27,183.50,4954.50
2532,2533,2023051001007120,DORDI,49,35,10,267.00,2670.00
2533,2534,2023051004003180,PMHPL,26,26,10,224.40,2244.00
2534,2535,2023051004003179,PMHPL,26,35,35,220.00,7700.00
2535,2536,2023051001007119,MAKAR,38,17,10,249.00,2490.00
2536,2537,2023051004003178,RURU,42,56,10,728.00,7280.00
2537,2538,2023051001007118,MAKAR,38,49,10,249.00,2490.00
2538,2539,2023051004003177,HPPL,28,45,10,271.50,2715.00
2539,2540,2023051004003176,HPPL,28,52,285,271.50,77377.50
2540,2541,2023051001007117,GBIME,58,11,22,183.50,4037.00
2541,2542,2023051001007116,MAKAR,38,16,10,249.00,2490.00
2542,2543,2023051004003175,RADHI,35,8,1332,236.00,314352.00
2543,2544,2023051005001274,HIDCL,22,59,100,178.00,17800.00
2544,2545,2023051004003174,NGPL,29,21,423,236.10,99870.30
2545,2546,2023051001007115,SPL,58,38,10,515.00,5150.00
2546,2547,2023051004003173,UPPER,13,42,132,409.00,53988.00
2547,2548,2023051004003172,UPPER,4,42,178,409.00,72802.00
2548,2549,2023051004003171,UPPER,44,42,190,409.10,77729.00
2549,2550,2023051001007114,RFPL,35,38,10,246.10,2461.00
2550,2551,2023051001007113,PRVU,17,13,1500,166.00,249000.00
2551,2552,2023051001007112,EBL,33,41,100,528.00,52800.00
2552,2553,2023051001007111,SCB,1,42,45,527.50,23737.50
2553,2554,2023051001007110,JALPA,41,58,10,1585.00,15850.00
2554,2555,2023051001007109,JALPA,33,58,30,1585.00,47550.00
2555,2556,2023051001007108,JALPA,14,58,10,1585.00,15850.00
2556,2557,2023051001007107,JALPA,13,58,10,1585.10,15851.00
2557,2558,2023051001007106,JALPA,41,58,10,1585.20,15852.00
2558,2559,2023051001007105,JALPA,41,58,10,1585.50,15855.00
2559,2560,2023051001007104,JALPA,42,58,20,1586.00,31720.00
2560,2561,2023051001007103,JALPA,19,58,10,1588.00,15880.00
2561,2562,2023051001007102,NABIL,35,28,10,590.00,5900.00
2562,2563,2023051005001273,HIDCL,7,56,104,177.90,18501.60
2563,2564,2023051001007101,HHL,28,11,10,249.00,2490.00
2564,2565,2023051001007100,SANIMA,52,35,1180,241.00,284380.00
2565,2566,2023051001007099,SANIMA,49,35,125,241.10,30137.50
2566,2567,2023051001007098,SANIMA,21,35,556,241.10,134051.60
2567,2568,2023051004003170,NIL,58,25,10,722.00,7220.00
2568,2569,2023051003001994,SADBL,13,35,500,272.20,136100.00
2569,2570,2023051003001993,SADBL,21,35,15,272.20,4083.00
2570,2571,2023051003001992,SADBL,42,35,20,272.30,5446.00
2571,2572,2023051001007097,NABIL,14,28,10,590.00,5900.00
2572,2573,2023051001007096,SMJC,38,7,10,246.20,2462.00
2573,2574,2023051005001272,CIT,34,41,14,2015.00,28210.00
2574,2575,2023051001007095,NABIL,41,28,100,590.00,59000.00
2575,2576,2023051001007094,NABIL,32,28,100,590.00,59000.00
2576,2577,2023051001007093,NABIL,35,28,25,590.00,14750.00
2577,2578,2023051001007092,NABIL,49,28,10,590.00,5900.00
2578,2579,2023051001007091,NABIL,39,28,10,590.00,5900.00
2579,2580,2023051001007090,NABIL,54,28,100,590.00,59000.00
2580,2581,2023051001007089,NABIL,41,28,50,590.00,29500.00
2581,2582,2023051001007088,NABIL,16,28,50,590.00,29500.00
2582,2583,2023051001007087,NABIL,38,28,50,590.00,29500.00
2583,2584,2023051001007086,NABIL,45,28,150,590.00,88500.00
2584,2585,2023051001007085,NABIL,6,28,20,590.00,11800.00
2585,2586,2023051001007084,NABIL,6,28,50,590.00,29500.00
2586,2587,2023051001007083,NABIL,11,28,100,590.00,59000.00
2587,2588,2023051001007082,NABIL,22,28,10,590.00,5900.00
2588,2589,2023051001007081,NABIL,26,28,76,590.00,44840.00
2589,2590,2023051001007080,NABIL,18,28,19,590.00,11210.00
2590,2591,2023051001007079,NABIL,59,28,40,590.00,23600.00
2591,2592,2023051001007078,NABIL,6,28,200,590.00,118000.00
2592,2593,2023051001007077,NABIL,41,28,250,590.00,147500.00
2593,2594,2023051001007076,NABIL,42,28,12,590.00,7080.00
2594,2595,2023051001007075,NABIL,41,28,10,590.00,5900.00
2595,2596,2023051001007074,NABIL,42,28,14,590.00,8260.00
2596,2597,2023051001007073,NABIL,42,28,338,590.00,199420.00
2597,2598,2023051001007072,NABIL,45,28,200,590.00,118000.00
2598,2599,2023051001007071,NABIL,29,28,50,590.00,29500.00
2599,2600,2023051001007070,NABIL,35,28,100,590.00,59000.00
2600,2601,2023051001007069,NABIL,38,28,300,590.00,177000.00
2601,2602,2023051001007068,NABIL,45,28,100,590.00,59000.00
2602,2603,2023051001007067,NABIL,7,28,100,590.00,59000.00
2603,2604,2023051001007066,NABIL,7,28,20,590.00,11800.00
2604,2605,2023051001007065,NABIL,11,28,500,590.00,295000.00
2605,2606,2023051001007064,NABIL,32,28,150,590.00,88500.00
2606,2607,2023051001007063,NABIL,41,28,50,590.00,29500.00
2607,2608,2023051001007062,NABIL,58,28,120,590.00,70800.00
2608,2609,2023051001007061,NABIL,47,28,50,590.00,29500.00
2609,2610,2023051001007060,NABIL,38,28,20,590.00,11800.00
2610,2611,2023051001007059,NABIL,41,28,10,590.00,5900.00
2611,2612,2023051001007058,NABIL,21,28,10,590.00,5900.00
2612,2613,2023051001007057,NABIL,34,28,200,590.00,118000.00
2613,2614,2023051001007056,NABIL,49,28,10,590.00,5900.00
2614,2615,2023051001007055,NABIL,35,28,50,590.00,29500.00
2615,2616,2023051001007054,NABIL,21,28,34,590.00,20060.00
2616,2617,2023051001007053,NABIL,58,28,55,590.00,32450.00
2617,2618,2023051001007052,NABIL,41,28,20,590.00,11800.00
2618,2619,2023051001007051,NABIL,41,28,50,590.00,29500.00
2619,2620,2023051001007050,NABIL,58,28,170,590.00,100300.00
2620,2621,2023051001007049,NABIL,54,28,14,590.00,8260.00
2621,2622,2023051001007048,NABIL,6,28,20,590.00,11800.00
2622,2623,2023051001007047,NABIL,42,28,10,590.00,5900.00
2623,2624,2023051001007046,NABIL,58,28,20,590.00,11800.00
2624,2625,2023051001007045,NABIL,22,28,20,590.00,11800.00
2625,2626,2023051001007044,NABIL,36,28,10,590.00,5900.00
2626,2627,2023051001007043,NABIL,41,28,100,590.00,59000.00
2627,2628,2023051001007042,NABIL,28,28,500,590.00,295000.00
2628,2629,2023051001007041,NABIL,45,28,50,590.00,29500.00
2629,2630,2023051001007040,NABIL,17,28,50,590.00,29500.00
2630,2631,2023051001007039,NABIL,58,28,25,590.00,14750.00
2631,2632,2023051001007038,NABIL,14,28,30,590.00,17700.00
2632,2633,2023051001007037,NABIL,25,28,100,590.00,59000.00
2633,2634,2023051001007036,NABIL,35,28,50,590.00,29500.00
2634,2635,2023051001007035,NABIL,25,28,300,590.00,177000.00
2635,2636,2023051001007034,NABIL,55,28,100,590.00,59000.00
2636,2637,2023051001007033,NABIL,7,28,10,590.00,5900.00
2637,2638,2023051001007032,NABIL,1,28,250,590.00,147500.00
2638,2639,2023051001007031,NABIL,49,28,30,590.00,17700.00
2639,2640,2023051001007030,NABIL,14,28,20,590.00,11800.00
2640,2641,2023051001007029,NABIL,29,28,21,590.00,12390.00
2641,2642,2023051001007028,NABIL,38,28,15,590.00,8850.00
2642,2643,2023051001007027,NABIL,22,28,10,590.00,5900.00
2643,2644,2023051001007026,NABIL,21,28,26,590.00,15340.00
2644,2645,2023051001007025,NABIL,49,28,35,590.00,20650.00
2645,2646,2023051001007024,NABIL,22,28,10,590.00,5900.00
2646,2647,2023051001007023,NABIL,26,28,10,590.00,5900.00
2647,2648,2023051001007022,NABIL,4,28,100,590.00,59000.00
2648,2649,2023051001007021,NABIL,52,28,100,590.00,59000.00
2649,2650,2023051001007020,NABIL,4,28,100,590.00,59000.00
2650,2651,2023051001007019,NABIL,49,28,80,590.00,47200.00
2651,2652,2023051001007018,NABIL,7,28,10,590.00,5900.00
2652,2653,2023051001007017,NABIL,55,28,25,590.00,14750.00
2653,2654,2023051001007016,NABIL,48,28,25,590.00,14750.00
2654,2655,2023051001007015,NABIL,42,28,30,590.00,17700.00
2655,2656,2023051001007014,NABIL,57,28,45,590.10,26554.50
2656,2657,2023051001007013,NABIL,38,28,200,590.10,118020.00
2657,2658,2023051001007012,NABIL,5,28,200,590.10,118020.00
2658,2659,2023051001007011,NABIL,48,28,20,590.50,11810.00
2659,2660,2023051001007010,NABIL,14,28,100,591.00,59100.00
2660,2661,2023051001007009,NABIL,3,28,200,591.00,118200.00
2661,2662,2023051001007008,NABIL,38,28,100,591.00,59100.00
2662,2663,2023051001007007,NABIL,34,28,151,591.00,89241.00
2663,2664,2023051001007006,NABIL,34,28,130,591.00,76830.00
2664,2665,2023051001007005,NABIL,11,28,100,591.00,59100.00
2665,2666,2023051001007004,NABIL,25,28,300,591.00,177300.00
2666,2667,2023051001007003,NABIL,42,28,200,591.00,118200.00
2667,2668,2023051001007002,NABIL,38,28,34,591.10,20097.40
2668,2669,2023051001007001,JBLB,45,58,15,1400.00,21000.00
2669,2670,2023051003001991,ALICL,44,58,10,540.40,5404.00
2670,2671,2023051003001990,SLBBL,34,49,10,556.00,5560.00
2671,2672,2023051001007000,KDL,41,58,10,716.00,7160.00
2672,2673,2023051004003169,SGIC,10,58,10,438.00,4380.00
2673,2674,2023051001006999,MAKAR,38,52,10,249.00,2490.00
2674,2675,2023051003001989,PLI,58,11,60,403.00,24180.00
2675,2676,2023051001006998,NABIL,7,28,50,592.00,29600.00
2676,2677,2023051001006997,NMB,17,49,281,235.90,66287.90
2677,2678,2023051001006996,KDL,41,38,10,716.00,7160.00
2678,2679,2023051003001988,SHINE,35,13,100,319.00,31900.00
2679,2680,2023051003001987,SHINE,35,28,108,319.00,34452.00
2680,2681,2023051003001986,SHINE,35,36,15,319.00,4785.00
2681,2682,2023051003001985,SHINE,35,28,500,319.00,159500.00
2682,2683,2023051003001984,SHINE,35,57,480,318.90,153072.00
2683,2684,2023051003001983,SHINE,35,3,16,318.80,5100.80
2684,2685,2023051001006995,NBL,1,6,50,248.00,12400.00
2685,2686,2023051001006994,NYADI,7,54,10,281.00,2810.00
2686,2687,2023051001006993,NYADI,7,1,60,281.00,16860.00
2687,2688,2023051003001982,GBBL,49,41,70,349.00,24430.00
2688,2689,2023051001006992,PRVU,17,33,136,166.00,22576.00
2689,2690,2023051001006991,PRVU,17,29,340,166.00,56440.00
2690,2691,2023051001006990,NBL,49,42,23,247.50,5692.50
2691,2692,2023051001006989,NBL,45,42,32,247.50,7920.00
2692,2693,2023051001006988,SANIMA,21,35,444,241.10,107048.40
2693,2694,2023051001006987,SANIMA,47,35,105,241.10,25315.50
2694,2695,2023051001006986,SANIMA,48,35,31,241.70,7492.70
2695,2696,2023051001006985,SANIMA,44,35,150,241.80,36270.00
2696,2697,2023051001006984,SANIMA,41,35,110,242.00,26620.00
2697,2698,2023051001006983,SANIMA,44,35,150,242.00,36300.00
2698,2699,2023051001006982,SANIMA,41,35,200,242.00,48400.00
2699,2700,2023051001006981,SANIMA,45,35,800,242.00,193600.00
2700,2701,2023051001006980,SANIMA,45,35,10,242.00,2420.00
2701,2702,2023051001006979,NBL,45,25,18,247.50,4455.00
2702,2703,2023051003001981,SIFC,34,55,10,306.00,3060.00
2703,2704,2023051004003168,UPCL,38,56,50,222.00,11100.00
2704,2705,2023051001006978,MAKAR,38,7,10,249.00,2490.00
2705,2706,2023051001006977,TAMOR,49,56,270,273.50,73845.00
2706,2707,2023051001006976,PRVU,17,29,660,166.00,109560.00
2707,2708,2023051001006975,PRVU,17,1,157,166.00,26062.00
2708,2709,2023051001006974,PRVU,17,54,221,166.00,36686.00
2709,2710,2023051001006973,PRVU,17,52,962,166.00,159692.00
2710,2711,2023051005001271,NRIC,47,52,10,679.00,6790.00
2711,2712,2023051004003167,RADHI,35,8,200,236.20,47240.00
2712,2713,2023051001006972,GBIME,43,11,100,183.50,18350.00
2713,2714,2023051005001270,MMF1,49,56,250,7.12,1780.00
2714,2715,2023051001006971,SANIMA,40,38,50,243.00,12150.00
2715,2716,2023051001006970,SANIMA,40,42,110,243.00,26730.00
2716,2717,2023051001006969,SANIMA,40,39,30,243.00,7290.00
2717,2718,2023051001006968,GVL,56,38,10,397.00,3970.00
2718,2719,2023051004003166,KKHC,34,7,25,213.60,5340.00
2719,2720,2023051001006967,MHCL,34,49,10,216.40,2164.00
2720,2721,2023051004003165,CHCL,17,45,400,465.00,186000.00
2721,2722,2023051004003164,API,43,17,70,230.50,16135.00
2722,2723,2023051001006966,MAKAR,38,42,10,249.00,2490.00
2723,2724,2023051001006965,PPL,14,52,10,257.40,2574.00
2724,2725,2023051005001269,CIT,34,48,11,2011.30,22124.30
2725,2726,2023051005001268,CIT,53,48,10,2011.30,20113.00
2726,2727,2023051001006964,NABIL,25,28,10,592.00,5920.00
2727,2728,2023051001006963,NABIL,44,28,10,592.00,5920.00
2728,2729,2023051001006962,NABIL,7,28,15,592.00,8880.00
2729,2730,2023051001006961,NABIL,32,28,70,592.00,41440.00
2730,2731,2023051001006960,NABIL,8,28,100,592.00,59200.00
2731,2732,2023051001006959,NABIL,42,28,800,592.00,473600.00
2732,2733,2023051001006958,NABIL,14,28,20,592.00,11840.00
2733,2734,2023051001006957,NABIL,1,28,10,592.00,5920.00
2734,2735,2023051001006956,NABIL,8,28,50,592.00,29600.00
2735,2736,2023051001006955,NABIL,16,28,20,592.00,11840.00
2736,2737,2023051001006954,NABIL,45,28,28,592.00,16576.00
2737,2738,2023051001006953,NABIL,6,28,82,592.00,48544.00
2738,2739,2023051001006952,NABIL,42,28,300,592.00,177600.00
2739,2740,2023051001006951,NABIL,42,28,17,592.00,10064.00
2740,2741,2023051001006950,NABIL,7,28,50,592.00,29600.00
2741,2742,2023051001006949,NABIL,41,28,50,592.00,29600.00
2742,2743,2023051001006948,NABIL,42,28,200,592.00,118400.00
2743,2744,2023051001006947,NABIL,50,28,22,592.00,13024.00
2744,2745,2023051001006946,NABIL,25,28,15,592.00,8880.00
2745,2746,2023051001006945,NABIL,25,28,200,592.00,118400.00
2746,2747,2023051001006944,NABIL,48,28,15,592.00,8880.00
2747,2748,2023051001006943,NABIL,49,28,200,592.00,118400.00
2748,2749,2023051001006942,NABIL,45,28,500,592.00,296000.00
2749,2750,2023051001006941,NABIL,21,28,10,592.10,5921.00
2750,2751,2023051001006940,NABIL,57,28,50,592.10,29605.00
2751,2752,2023051001006939,NABIL,4,28,139,592.20,82315.80
2752,2753,2023051001006938,NABIL,57,28,50,592.50,29625.00
2753,2754,2023051001006937,NABIL,42,28,20,592.50,11850.00
2754,2755,2023051001006936,NABIL,39,28,200,592.50,118500.00
2755,2756,2023051001006935,NABIL,26,28,125,592.50,74062.50
2756,2757,2023051001006934,NABIL,55,28,50,592.50,29625.00
2757,2758,2023051001006933,NABIL,21,28,80,592.50,47400.00
2758,2759,2023051001006932,NABIL,41,28,11,592.50,6517.50
2759,2760,2023051001006931,NABIL,41,28,29,592.60,17185.40
2760,2761,2023051004003163,SICL,58,45,10,707.30,7073.00
2761,2762,2023051001006930,MAKAR,38,17,10,249.00,2490.00
2762,2763,2023051004003162,NICL,32,26,10,527.90,5279.00
2763,2764,2023051001006929,SHIVM,48,56,100,401.00,40100.00
2764,2765,2023051001006928,SHIVM,48,44,700,401.00,280700.00
2765,2766,2023051001006927,SHIVM,48,57,199,401.00,79799.00
2766,2767,2023051004003161,RADHI,55,8,210,236.30,49623.00
2767,2768,2023051004003160,UMRH,1,42,10,455.00,4550.00
2768,2769,2023051001006926,KDL,41,49,10,716.00,7160.00
2769,2770,2023051003001980,PLI,58,56,140,403.00,56420.00
2770,2771,2023051003001979,GRDBL,39,28,10,245.00,2450.00
2771,2772,2023051001006925,ULBSL,42,58,10,1290.00,12900.00
2772,2773,2023051005001267,NRIC,41,25,18,675.00,12150.00
2773,2774,2023051001006924,PRVU,43,52,100,166.00,16600.00
2774,2775,2023051001006923,NABIL,14,28,15,593.00,8895.00
2775,2776,2023051001006922,NABIL,49,28,25,593.00,14825.00
2776,2777,2023051001006921,MAKAR,38,17,10,249.00,2490.00
2777,2778,2023051001006920,SMJC,32,57,10,246.10,2461.00
2778,2779,2023051001006919,NICA,7,38,190,709.10,134729.00
2779,2780,2023051001006918,KBL,47,57,10,165.00,1650.00
2780,2781,2023051004003159,SHL,46,19,400,264.90,105960.00
2781,2782,2023051001006917,PHCL,58,39,10,310.00,3100.00
2782,2783,2023051003001978,SKBBL,38,38,350,820.00,287000.00
2783,2784,2023051005001266,HIDCL,39,59,80,178.00,14240.00
2784,2785,2023051005001265,HIDCL,7,59,100,178.00,17800.00
2785,2786,2023051005001264,HIDCL,46,59,71,178.00,12638.00
2786,2787,2023051005001263,HIDCL,32,59,100,178.00,17800.00
2787,2788,2023051005001262,HIDCL,43,59,10,178.00,1780.00
2788,2789,2023051005001261,HIDCL,17,59,1000,178.00,178000.00
2789,2790,2023051005001260,HIDCL,36,59,10,178.00,1780.00
2790,2791,2023051005001259,HIDCL,26,59,470,178.00,83660.00
2791,2792,2023051001006916,NIMB,19,13,1100,181.00,199100.00
2792,2793,2023051001006915,NIMB,19,34,60,181.00,10860.00
2793,2794,2023051001006914,PCBL,17,42,91,193.10,17572.10
2794,2795,2023051001006913,MHL,49,42,50,322.10,16105.00
2795,2796,2023051001006912,MHL,36,42,50,322.20,16110.00
2796,2797,2023051001006911,TAMOR,49,7,100,273.50,27350.00
2797,2798,2023051001006910,TAMOR,49,49,10,273.00,2730.00
2798,2799,2023051001006909,TAMOR,49,58,10,273.00,2730.00
2799,2800,2023051001006908,TAMOR,49,35,10,273.00,2730.00
2800,2801,2023051001006907,TAMOR,49,13,10,273.00,2730.00
2801,2802,2023051001006906,TAMOR,49,8,10,273.00,2730.00
2802,2803,2023051001006905,TAMOR,49,4,10,272.00,2720.00
2803,2804,2023051001006904,TAMOR,49,8,10,272.00,2720.00
2804,2805,2023051001006903,TAMOR,49,47,30,272.00,8160.00
2805,2806,2023051001006902,TAMOR,32,47,10,271.00,2710.00
2806,2807,2023051001006901,NABIL,8,28,200,593.00,118600.00
2807,2808,2023051001006900,NABIL,8,28,300,593.00,177900.00
2808,2809,2023051001006899,NABIL,48,28,25,593.00,14825.00
2809,2810,2023051001006898,NABIL,42,28,50,593.00,29650.00
2810,2811,2023051001006897,NABIL,13,28,100,593.00,59300.00
2811,2812,2023051001006896,NABIL,8,28,20,593.00,11860.00
2812,2813,2023051001006895,NABIL,28,28,10,593.00,5930.00
2813,2814,2023051001006894,NABIL,14,28,10,593.00,5930.00
2814,2815,2023051001006893,NABIL,41,28,10,593.00,5930.00
2815,2816,2023051001006892,NABIL,42,28,318,593.50,188733.00
2816,2817,2023051001006891,NABIL,52,28,40,593.60,23744.00
2817,2818,2023051001006890,NABIL,57,28,10,594.00,5940.00
2818,2819,2023051001006889,PCBL,43,39,100,194.00,19400.00
2819,2820,2023051004003158,DHPL,26,7,15,200.00,3000.00
2820,2821,2023051003001977,CORBL,34,39,10,282.00,2820.00
2821,2822,2023051001006888,HIDCLP,48,28,50,98.60,4930.00
2822,2823,2023051001006887,KDL,41,56,10,716.00,7160.00
2823,2824,2023051001006886,MAKAR,38,54,10,249.00,2490.00
2824,2825,2023051001006885,PHCL,58,54,10,310.00,3100.00
2825,2826,2023051001006884,PHCL,58,36,10,310.00,3100.00
2826,2827,2023051001006883,PHCL,58,48,10,310.00,3100.00
2827,2828,2023051001006882,PHCL,58,42,10,310.00,3100.00
2828,2829,2023051001006881,PHCL,58,41,10,309.00,3090.00
2829,2830,2023051001006880,SMJC,25,17,10,246.00,2460.00
2830,2831,2023051003001976,MNBBL,57,45,20,382.00,7640.00
2831,2832,2023051004003157,PMHPL,26,35,10,220.00,2200.00
2832,2833,2023051003001975,SINDU,38,11,50,244.20,12210.00
2833,2834,2023051005001258,NIFRA,51,41,100,207.00,20700.00
2834,2835,2023051003001974,GILB,58,11,20,750.00,15000.00
2835,2836,2023051001006879,EBL,58,11,22,529.00,11638.00
2836,2837,2023051004003156,SHL,46,45,100,264.50,26450.00
2837,2838,2023051003001973,NFS,57,53,10,265.60,2656.00
2838,2839,2023051005001257,NIFRA,19,41,50,207.00,10350.00
2839,2840,2023051003001972,ALICL,44,35,140,540.40,75656.00
2840,2841,2023051001006878,PPL,14,58,10,257.40,2574.00
2841,2842,2023051005001256,NTC,58,35,10,799.40,7994.00
2842,2843,2023051001006877,DLBS,35,8,10,686.00,6860.00
2843,2844,2023051001006876,SMJC,25,49,10,246.00,2460.00
2844,2845,2023051004003155,DHPL,26,7,10,200.00,2000.00
2845,2846,2023051001006875,MAKAR,38,52,10,249.00,2490.00
2846,2847,2023051004003154,BPCL,34,21,100,314.00,31400.00
2847,2848,2023051001006874,NBL,11,6,500,248.00,124000.00
2848,2849,2023051001006873,NABIL,49,28,44,595.00,26180.00
2849,2850,2023051004003153,HDHPC,49,25,100,162.00,16200.00
2850,2851,2023051001006872,HBL,17,17,50,217.00,10850.00
2851,2852,2023051001006871,MHCL,40,54,10,217.00,2170.00
2852,2853,2023051001006870,MHCL,40,4,10,217.00,2170.00
2853,2854,2023051001006869,MHCL,40,38,10,217.00,2170.00
2854,2855,2023051001006868,MHCL,40,35,10,217.00,2170.00
2855,2856,2023051001006867,MHCL,40,48,20,217.00,4340.00
2856,2857,2023051001006866,MHCL,40,58,10,217.00,2170.00
2857,2858,2023051001006865,RHGCL,19,19,10,251.80,2518.00
2858,2859,2023051005001255,HIDCL,7,45,50,178.10,8905.00
2859,2860,2023051005001254,HIDCL,7,58,156,178.10,27783.60
2860,2861,2023051003001971,NLIC,3,39,60,656.70,39402.00
2861,2862,2023051001006864,SGHC,34,57,10,289.10,2891.00
2862,2863,2023051001006863,SMJC,32,17,10,246.00,2460.00
2863,2864,2023051004003152,UPPER,44,45,310,409.10,126821.00
2864,2865,2023051004003151,UPPER,45,45,100,409.10,40910.00
2865,2866,2023051001006862,JALPA,36,53,10,1590.00,15900.00
2866,2867,2023051001006861,MAKAR,38,42,10,249.00,2490.00
2867,2868,2023051004003150,NGPL,29,17,295,236.10,69649.50
2868,2869,2023051004003149,NGPL,48,17,58,236.50,13717.00
2869,2870,2023051004003148,NGPL,26,17,120,236.60,28392.00
2870,2871,2023051004003147,NGPL,48,17,11,236.70,2603.70
2871,2872,2023051004003146,NGPL,49,17,16,236.70,3787.20
2872,2873,2023051004003145,RADHI,25,8,14,236.30,3308.20
2873,2874,2023051004003144,RADHI,35,8,200,236.30,47260.00
2874,2875,2023051004003143,BARUN,6,49,45,235.00,10575.00
2875,2876,2023051001006860,SPL,20,52,10,513.00,5130.00
2876,2877,2023051005001253,NRIC,47,52,10,679.00,6790.00
2877,2878,2023051001006859,GBIME,42,11,50,183.50,9175.00
2878,2879,2023051001006858,HBL,38,44,100,216.30,21630.00
2879,2880,2023051001006857,HBL,40,44,80,216.30,17304.00
2880,2881,2023051001006856,HBL,25,44,200,216.50,43300.00
2881,2882,2023051001006855,HBL,51,44,20,216.50,4330.00
2882,2883,2023051001006854,HBL,22,44,20,216.60,4332.00
2883,2884,2023051001006853,HBL,42,44,980,216.70,212366.00
2884,2885,2023051004003142,API,17,17,50,230.50,11525.00
2885,2886,2023051004003141,SGIC,10,13,10,437.00,4370.00
2886,2887,2023051003001970,MERO,50,58,43,515.00,22145.00
2887,2888,2023051003001969,MERO,50,22,16,515.00,8240.00
2888,2889,2023051003001968,MERO,50,17,13,515.00,6695.00
2889,2890,2023051001006852,MAKAR,38,22,30,249.00,7470.00
2890,2891,2023051004003140,UMHL,33,39,50,224.20,11210.00
2891,2892,2023051001006851,NIMB,43,34,34,181.00,6154.00
2892,2893,2023051001006850,NIMB,43,35,30,181.00,5430.00
2893,2894,2023051001006849,NIMB,43,49,36,181.00,6516.00
2894,2895,2023051005001252,NICSF,45,36,1000,7.81,7810.00
2895,2896,2023051004003139,UPCL,38,16,50,222.00,11100.00
2896,2897,2023051004003138,UPCL,26,16,50,222.00,11100.00
2897,2898,2023051004003137,UPCL,21,16,500,222.00,111000.00
2898,2899,2023051001006848,SMJC,32,17,10,246.00,2460.00
2899,2900,2023051004003136,PRIN,55,54,40,450.00,18000.00
2900,2901,2023051001006847,BHL,52,51,10,285.00,2850.00
2901,2902,2023051001006846,NIMB,43,7,50,180.70,9035.00
2902,2903,2023051001006845,TAMOR,32,4,10,271.00,2710.00
2903,2904,2023051001006844,SMJC,32,4,10,246.00,2460.00
2904,2905,2023051001006843,NYADI,42,58,10,277.00,2770.00
2905,2906,2023051001006842,HBL,19,17,100,217.00,21700.00
2906,2907,2023051003001967,NLIC,3,38,57,656.70,37431.90
2907,2908,2023051001006841,GBIME,58,11,40,183.50,7340.00
2908,2909,2023051001006840,GBIME,58,16,10,183.50,1835.00
2909,2910,2023051003001966,ICFC,45,17,83,405.00,33615.00
2910,2911,2023051001006839,EBL,21,11,200,529.00,105800.00
2911,2912,2023051001006838,KBL,43,22,20,164.50,3290.00
2912,2913,2023051001006837,SPHL,32,42,10,373.80,3738.00
2913,2914,2023051001006836,KBL,45,38,81,164.40,13316.40
2914,2915,2023051001006835,KBL,41,38,100,164.40,16440.00
2915,2916,2023051004003135,NHPC,33,47,10,202.00,2020.00
2916,2917,2023051001006834,MAKAR,38,42,10,249.00,2490.00
2917,2918,2023051001006833,NICA,7,58,20,709.10,14182.00
2918,2919,2023051003001965,SWBBL,44,17,95,701.40,66633.00
2919,2920,2023051003001964,SWBBL,38,17,100,701.60,70160.00
2920,2921,2023051003001963,NUBL,58,14,10,531.00,5310.00
2921,2922,2023051004003134,BARUN,57,49,20,235.00,4700.00
2922,2923,2023051003001962,PLI,58,11,10,403.00,4030.00
2923,2924,2023051004003133,SICL,45,39,20,707.30,14146.00
2924,2925,2023051003001961,CORBL,28,42,304,282.40,85849.60
2925,2926,2023051003001960,CORBL,4,42,50,282.50,14125.00
2926,2927,2023051003001959,CORBL,13,42,100,283.00,28300.00
2927,2928,2023051003001958,CORBL,41,42,20,283.00,5660.00
2928,2929,2023051003001957,CORBL,39,42,11,283.00,3113.00
2929,2930,2023051003001956,CORBL,39,42,15,284.00,4260.00
2930,2931,2023051004003132,MHNL,49,59,460,263.60,121256.00
2931,2932,2023051004003131,MHNL,17,59,40,264.00,10560.00
2932,2933,2023051004003130,DHPL,43,7,25,201.00,5025.00
2933,2934,2023051005001251,HIDCL,26,59,30,178.00,5340.00
2934,2935,2023051005001250,HIDCL,42,59,100,178.00,17800.00
2935,2936,2023051005001249,HIDCL,54,59,100,178.00,17800.00
2936,2937,2023051005001248,HIDCL,49,59,11,178.00,1958.00
2937,2938,2023051005001247,HIDCL,42,59,259,178.00,46102.00
2938,2939,2023051004003129,SICL,6,17,550,707.20,388960.00
2939,2940,2023051004003128,SICL,34,17,30,707.20,21216.00
2940,2941,2023051004003127,SICL,52,17,22,707.20,15558.40
2941,2942,2023051004003126,RADHI,5,8,1000,236.40,236400.00
2942,2943,2023051004003125,HDHPC,49,57,20,162.00,3240.00
2943,2944,2023051004003124,HDHPC,35,57,30,162.10,4863.00
2944,2945,2023051003001955,NLIC,3,42,70,656.70,45969.00
2945,2946,2023051001006832,HDL,56,42,10,1897.00,18970.00
2946,2947,2023051001006831,MAKAR,38,46,10,249.00,2490.00
2947,2948,2023051001006830,EHPL,32,29,10,353.70,3537.00
2948,2949,2023051004003123,API,38,17,10,230.50,2305.00
2949,2950,2023051005001246,NIFRA,39,13,54,206.20,11134.80
2950,2951,2023051001006829,JALPA,58,45,10,1588.00,15880.00
2951,2952,2023051001006828,CZBIL,43,48,100,170.00,17000.00
2952,2953,2023051004003122,SGIC,36,46,10,434.00,4340.00
2953,2954,2023051003001954,RMDC,58,48,16,669.20,10707.20
2954,2955,2023051003001953,RMDC,49,48,50,669.20,33460.00
2955,2956,2023051001006827,GBIME,42,16,100,183.50,18350.00
2956,2957,2023051001006826,PHCL,39,44,10,308.30,3083.00
2957,2958,2023051001006825,NICA,52,58,20,709.20,14184.00
2958,2959,2023051004003121,SPIL,10,17,10,572.30,5723.00
2959,2960,2023051004003120,NGPL,49,34,84,236.70,19882.80
2960,2961,2023051001006824,SHIVM,56,42,30,400.10,12003.00
2961,2962,2023051005001245,NRIC,41,44,52,675.00,35100.00
2962,2963,2023051004003119,RADHI,8,8,125,236.50,29562.50
2963,2964,2023051001006823,MAKAR,38,52,10,249.00,2490.00
2964,2965,2023051001006822,NABIL,49,45,13,594.00,7722.00
2965,2966,2023051001006821,NABIL,58,45,30,594.00,17820.00
2966,2967,2023051001006820,SMJC,32,39,10,246.00,2460.00
2967,2968,2023051001006819,SMJC,32,34,10,246.00,2460.00
2968,2969,2023051001006818,KBL,6,38,100,164.50,16450.00
2969,2970,2023051001006817,NICA,6,58,1000,709.20,709200.00
2970,2971,2023051001006816,NICA,36,58,50,709.30,35465.00
2971,2972,2023051001006815,MBJC,58,58,10,275.00,2750.00
2972,2973,2023051001006814,NMB,14,26,38,236.00,8968.00
2973,2974,2023051001006813,NMB,14,32,100,236.00,23600.00
2974,2975,2023051001006812,PHCL,39,28,10,308.30,3083.00
2975,2976,2023051003001952,MERO,19,38,100,512.00,51200.00
2976,2977,2023051003001951,MERO,41,38,379,512.00,194048.00
2977,2978,2023051003001950,MERO,58,38,10,513.00,5130.00
2978,2979,2023051004003118,KKHC,43,57,40,214.10,8564.00
2979,2980,2023051001006811,MAKAR,38,49,10,249.00,2490.00
2980,2981,2023051001006810,GBIME,42,16,390,183.50,71565.00
2981,2982,2023051004003117,SICL,8,39,10,707.30,7073.00
2982,2983,2023051004003116,RADHI,45,8,50,237.00,11850.00
2983,2984,2023051004003115,GLH,19,34,10,261.00,2610.00
2984,2985,2023051001006809,MHL,36,41,10,322.40,3224.00
2985,2986,2023051001006808,PHCL,39,38,10,308.30,3083.00
2986,2987,2023051004003114,NHPC,33,35,22,202.00,4444.00
2987,2988,2023051004003113,NHPC,49,35,18,202.00,3636.00
2988,2989,2023051003001949,PFL,47,58,54,337.00,18198.00
2989,2990,2023051003001948,PFL,49,58,26,337.00,8762.00
2990,2991,2023051001006807,PRVU,47,52,10,166.00,1660.00
2991,2992,2023051004003112,TRH,58,6,110,511.00,56210.00
2992,2993,2023051004003111,TRH,25,6,90,511.10,45999.00
2993,2994,2023051004003110,TRH,55,6,100,511.20,51120.00
2994,2995,2023051004003109,TRH,13,6,100,512.00,51200.00
2995,2996,2023051004003108,TRH,39,6,100,512.10,51210.00
2996,2997,2023051001006806,SGHC,34,19,10,289.10,2891.00
2997,2998,2023051005001244,LUK,49,56,200,8.15,1630.00
2998,2999,2023051001006805,PCBL,17,42,22,193.10,4248.20
2999,3000,2023051001006804,SANIMA,47,58,44,242.00,10648.00
3000,3001,2023051001006803,SANIMA,59,58,50,242.00,12100.00
3001,3002,2023051001006802,SANIMA,57,58,132,242.00,31944.00
3002,3003,2023051001006801,SANIMA,13,58,500,242.00,121000.00
3003,3004,2023051001006800,SANIMA,28,58,370,242.60,89762.00
3004,3005,2023051003001947,EDBL,56,14,619,280.00,173320.00
3005,3006,2023051004003107,HDHPC,49,33,10,162.00,1620.00
3006,3007,2023051001006799,KBL,14,38,205,164.50,33722.50
3007,3008,2023051001006798,KBL,45,38,154,164.50,25333.00
3008,3009,2023051001006797,KBL,53,38,100,164.70,16470.00
3009,3010,2023051004003106,DHPL,43,7,25,201.00,5025.00
3010,3011,2023051004003105,DHPL,58,7,25,201.00,5025.00
3011,3012,2023051005001243,NRIC,41,48,33,675.00,22275.00
3012,3013,2023051003001946,PLI,58,34,149,403.00,60047.00
3013,3014,2023051003001945,PLI,33,34,65,403.50,26227.50
3014,3015,2023051001006796,SPL,22,41,10,513.00,5130.00
3015,3016,2023051003001944,BFC,49,57,100,298.00,29800.00
3016,3017,2023051001006795,MAKAR,38,52,10,249.00,2490.00
3017,3018,2023051004003104,BPCL,34,1,193,314.00,60602.00
3018,3019,2023051004003103,BPCL,34,32,50,313.00,15650.00
3019,3020,2023051004003102,RADHI,45,47,30,237.00,7110.00
3020,3021,2023051001006794,SHIVM,56,50,70,400.10,28007.00
3021,3022,2023051001006793,SHIVM,3,50,10,400.10,4001.00
3022,3023,2023051005001242,SIGS2,34,51,100,8.00,800.00
3023,3024,2023051001006792,MBJC,58,17,10,275.00,2750.00
3024,3025,2023051004003101,GHL,55,58,45,217.00,9765.00
3025,3026,2023051001006791,NBL,58,8,113,248.40,28069.20
3026,3027,2023051003001943,RLFL,36,33,301,282.10,84912.10
3027,3028,2023051003001942,RLFL,48,33,19,282.30,5363.70
3028,3029,2023051001006790,MHCL,34,45,10,216.40,2164.00
3029,3030,2023051003001941,NLIC,6,45,107,656.00,70192.00
3030,3031,2023051003001940,NLIC,6,3,15,656.00,9840.00
3031,3032,2023051004003100,NLG,36,45,100,595.00,59500.00
3032,3033,2023051003001939,GRDBL,49,42,690,243.00,167670.00
3033,3034,2023051003001938,GRDBL,49,42,10,244.00,2440.00
3034,3035,2023051001006789,PCBL,17,38,40,193.00,7720.00
3035,3036,2023051005001241,HIDCL,42,22,16,178.00,2848.00
3036,3037,2023051003001937,JBBL,14,39,60,256.00,15360.00
3037,3038,2023051005001240,NIFRA,42,41,132,207.00,27324.00
3038,3039,2023051005001239,NIFRA,42,58,54,207.00,11178.00
3039,3040,2023051005001238,NIFRA,42,29,54,207.00,11178.00
3040,3041,2023051001006788,NABIL,58,48,170,594.00,100980.00
3041,3042,2023051001006787,NABIL,49,48,20,594.00,11880.00
3042,3043,2023051001006786,NABIL,54,48,10,594.50,5945.00
3043,3044,2023051001006785,RFPL,35,35,60,246.10,14766.00
3044,3045,2023051001006784,RFPL,35,35,10,246.30,2463.00
3045,3046,2023051001006783,NABIL,35,28,21,595.00,12495.00
3046,3047,2023051004003099,GHL,38,58,20,218.00,4360.00
3047,3048,2023051001006782,SAHAS,39,14,10,493.10,4931.00
3048,3049,2023051001006781,AVYAN,19,41,10,573.00,5730.00
3049,3050,2023051004003098,SHPC,40,39,40,325.10,13004.00
3050,3051,2023051005001237,HIDCL,42,7,10,178.00,1780.00
3051,3052,2023051001006780,PHCL,39,4,10,308.30,3083.00
3052,3053,2023051004003097,SGIC,10,16,10,436.00,4360.00
3053,3054,2023051004003096,SGIC,10,54,10,435.00,4350.00
3054,3055,2023051004003095,SGIC,10,36,10,435.00,4350.00
3055,3056,2023051004003094,SGIC,10,22,20,435.00,8700.00
3056,3057,2023051003001936,NABBC,45,6,40,375.00,15000.00
3057,3058,2023051004003093,SSHL,58,34,688,194.00,133472.00
3058,3059,2023051004003092,SSHL,17,34,25,194.00,4850.00
3059,3060,2023051004003091,SSHL,39,34,50,194.10,9705.00
3060,3061,2023051004003090,SSHL,42,34,100,195.00,19500.00
3061,3062,2023051004003089,SSHL,47,34,137,195.00,26715.00
3062,3063,2023051004003088,UNHPL,57,26,50,205.50,10275.00
3063,3064,2023051004003087,UNHPL,57,56,40,205.50,8220.00
3064,3065,2023051004003086,NHPC,49,47,10,202.00,2020.00
3065,3066,2023051004003085,NHPC,54,47,10,202.00,2020.00
3066,3067,2023051001006779,NYADI,42,17,10,277.00,2770.00
3067,3068,2023051004003084,RADHI,45,17,300,237.00,71100.00
3068,3069,2023051004003083,RADHI,45,58,120,237.00,28440.00
3069,3070,2023051003001935,SHINE,49,16,127,318.00,40386.00
3070,3071,2023051003001934,SHINE,49,41,25,318.00,7950.00
3071,3072,2023051001006778,EHPL,49,29,10,340.10,3401.00
3072,3073,2023051003001933,SJLIC,42,44,30,416.00,12480.00
3073,3074,2023051004003082,SPIL,8,16,21,570.50,11980.50
3074,3075,2023051001006777,NICA,6,28,100,710.00,71000.00
3075,3076,2023051001006776,NICA,46,28,64,710.00,45440.00
3076,3077,2023051001006775,NICA,6,28,100,710.00,71000.00
3077,3078,2023051001006774,NICA,49,28,140,710.00,99400.00
3078,3079,2023051001006773,NICA,34,28,20,710.00,14200.00
3079,3080,2023051001006772,NICA,13,28,35,710.00,24850.00
3080,3081,2023051001006771,NICA,45,28,10,710.00,7100.00
3081,3082,2023051001006770,NICA,49,28,10,710.00,7100.00
3082,3083,2023051001006769,NICA,37,28,50,710.00,35500.00
3083,3084,2023051001006768,NICA,34,28,50,710.00,35500.00
3084,3085,2023051001006767,NICA,58,28,10,710.10,7101.00
3085,3086,2023051001006766,NICA,25,28,46,710.10,32664.60
3086,3087,2023051001006765,NICA,17,28,200,710.20,142040.00
3087,3088,2023051001006764,NICA,42,28,690,711.00,490590.00
3088,3089,2023051001006763,KBL,55,38,60,165.00,9900.00
3089,3090,2023051001006762,TAMOR,32,34,10,271.00,2710.00
3090,3091,2023051001006761,PRVU,26,8,1788,165.00,295020.00
3091,3092,2023051003001932,CBBL,34,59,10,787.00,7870.00
3092,3093,2023051004003081,RIDI,51,52,134,275.00,36850.00
3093,3094,2023051001006760,MHCL,34,49,10,216.40,2164.00
3094,3095,2023051005001236,KEF,45,56,100,7.92,792.00
3095,3096,2023051001006759,SAHAS,41,14,40,493.30,19732.00
3096,3097,2023051001006758,PCBL,17,38,100,193.00,19300.00
3097,3098,2023051001006757,PCBL,55,38,22,193.10,4248.20
3098,3099,2023051004003080,API,52,44,50,230.90,11545.00
3099,3100,2023051001006756,MAKAR,34,49,10,249.10,2491.00
3100,3101,2023051004003079,SPIL,35,29,22,570.00,12540.00
3101,3102,2023051004003078,AKPL,6,21,10,361.00,3610.00
3102,3103,2023051003001931,NLIC,17,17,1,655.00,655.00
3103,3104,2023051001006755,MAKAR,34,13,10,249.10,2491.00
3104,3105,2023051001006754,PRVU,6,52,10,166.00,1660.00
3105,3106,2023051001006753,SHIVM,3,37,90,400.10,36009.00
3106,3107,2023051001006752,SHIVM,34,37,10,400.10,4001.00
3107,3108,2023051001006751,SANIMA,28,7,22,242.60,5337.20
3108,3109,2023051001006750,ADBL,35,22,5,231.00,1155.00
3109,3110,2023051001006749,NBL,5,45,200,247.00,49400.00
3110,3111,2023051004003077,UPPER,5,44,135,409.50,55282.50
3111,3112,2023051001006748,MAKAR,34,41,10,249.10,2491.00
3112,3113,2023051003001930,CFCL,58,56,50,290.10,14505.00
3113,3114,2023051001006747,PPL,14,4,10,257.40,2574.00
3114,3115,2023051004003076,AKJCL,49,45,40,206.00,8240.00
3115,3116,2023051001006746,HDL,39,53,40,1890.00,75600.00
3116,3117,2023051001006745,HDL,43,53,15,1890.00,28350.00
3117,3118,2023051001006744,HDL,58,53,10,1890.00,18900.00
3118,3119,2023051001006743,HDL,7,53,35,1891.00,66185.00
3119,3120,2023051001006742,RULB,34,51,10,635.10,6351.00
3120,3121,2023051001006741,MHL,36,49,10,322.40,3224.00
3121,3122,2023051003001929,SKBBL,41,42,48,816.00,39168.00
3122,3123,2023051003001928,SKBBL,38,42,62,816.10,50598.20
3123,3124,2023051003001927,SHINE,33,39,50,317.90,15895.00
3124,3125,2023051001006740,AVYAN,19,19,10,573.00,5730.00
3125,3126,2023051001006739,EHPL,53,55,10,343.20,3432.00
3126,3127,2023051004003075,SGIC,36,45,10,434.00,4340.00
3127,3128,2023051003001926,CFCL,6,41,10,292.90,2929.00
3128,3129,2023051001006738,MAKAR,34,42,10,249.10,2491.00
3129,3130,2023051004003074,HDHPC,59,36,280,162.30,45444.00
3130,3131,2023051001006737,SMJC,1,38,10,245.60,2456.00
3131,3132,2023051004003073,DHPL,49,11,10,203.90,2039.00
3132,3133,2023051004003072,DHPL,49,34,10,203.90,2039.00
3133,3134,2023051001006736,NABIL,42,58,47,593.50,27894.50
3134,3135,2023051005001235,NRN,40,33,40,436.00,17440.00
3135,3136,2023051004003071,UNHPL,34,56,10,205.50,2055.00
3136,3137,2023051001006735,TAMOR,32,28,10,271.00,2710.00
3137,3138,2023051001006734,NABIL,57,28,20,594.00,11880.00
3138,3139,2023051004003070,CHCL,49,58,98,464.00,45472.00
3139,3140,2023051001006733,SHIVM,35,37,100,400.20,40020.00
3140,3141,2023051001006732,MAKAR,34,35,10,249.10,2491.00
3141,3142,2023051003001925,NMFBS,40,22,10,1153.00,11530.00
3142,3143,2023051001006731,PRVU,26,8,200,165.00,33000.00
3143,3144,2023051005001234,HIDCL,54,58,100,178.10,17810.00
3144,3145,2023051005001233,HIDCL,48,58,19,178.10,3383.90
3145,3146,2023051005001232,HIDCL,44,58,165,178.10,29386.50
3146,3147,2023051001006730,GBIME,6,38,17,183.00,3111.00
3147,3148,2023051001006729,GBIME,36,38,183,183.00,33489.00
3148,3149,2023051001006728,GBIME,28,38,17,183.10,3112.70
3149,3150,2023051004003069,HDHPC,59,33,180,162.30,29214.00
3150,3151,2023051004003068,TRH,25,54,10,513.00,5130.00
3151,3152,2023051004003067,HDHPC,59,7,40,162.30,6492.00
3152,3153,2023051003001924,MNBBL,57,56,10,382.00,3820.00
3153,3154,2023051001006727,TAMOR,32,45,10,271.00,2710.00
3154,3155,2023051004003066,SPDL,41,46,100,270.00,27000.00
3155,3156,2023051004003065,SPIL,35,29,354,570.00,201780.00
3156,3157,2023051001006726,SMH,4,58,10,537.30,5373.00
3157,3158,2023051001006725,MAKAR,34,49,10,249.10,2491.00
3158,3159,2023051001006724,SGHC,34,28,10,289.10,2891.00
3159,3160,2023051004003064,SPDL,19,44,246,270.00,66420.00
3160,3161,2023051001006723,PRVU,56,8,45,165.00,7425.00
3161,3162,2023051001006722,PRVU,55,8,100,165.00,16500.00
3162,3163,2023051001006721,PRVU,35,8,100,165.00,16500.00
3163,3164,2023051001006720,PRVU,38,8,250,165.00,41250.00
3164,3165,2023051001006719,PRVU,14,8,41,165.00,6765.00
3165,3166,2023051001006718,PRVU,48,8,150,165.00,24750.00
3166,3167,2023051001006717,PRVU,13,8,500,165.00,82500.00
3167,3168,2023051001006716,PRVU,17,8,43,165.00,7095.00
3168,3169,2023051004003063,SPIL,35,41,80,570.00,45600.00
3169,3170,2023051001006715,SAHAS,41,38,10,493.30,4933.00
3170,3171,2023051001006714,NABIL,47,28,50,594.00,29700.00
3171,3172,2023051001006713,EHPL,53,29,10,343.60,3436.00
3172,3173,2023051001006712,ADBL,49,52,10,231.00,2310.00
3173,3174,2023051001006711,NABIL,45,28,20,594.00,11880.00
3174,3175,2023051001006710,NABIL,45,28,2000,594.00,1188000.00
3175,3176,2023051001006709,NABIL,47,28,30,594.00,17820.00
3176,3177,2023051001006708,NABIL,49,28,50,594.00,29700.00
3177,3178,2023051001006707,NABIL,32,28,32,594.00,19008.00
3178,3179,2023051001006706,NABIL,42,28,30,594.00,17820.00
3179,3180,2023051001006705,NABIL,58,28,45,594.10,26734.50
3180,3181,2023051001006704,NABIL,17,28,1000,594.10,594100.00
3181,3182,2023051001006703,NABIL,43,28,50,594.10,29705.00
3182,3183,2023051001006702,NABIL,58,28,10,594.20,5942.00
3183,3184,2023051001006701,NABIL,40,28,40,594.20,23768.00
3184,3185,2023051001006700,NABIL,41,28,41,594.50,24374.50
3185,3186,2023051001006699,NABIL,39,28,44,594.50,26158.00
3186,3187,2023051001006698,NABIL,19,28,27,595.00,16065.00
3187,3188,2023051001006697,NABIL,7,28,10,595.10,5951.00
3188,3189,2023051004003062,UPCL,55,45,145,222.00,32190.00
3189,3190,2023051001006696,MKHC,58,51,10,243.00,2430.00
3190,3191,2023051003001923,MNBBL,57,56,60,382.00,22920.00
3191,3192,2023051003001922,MNBBL,34,56,30,382.10,11463.00
3192,3193,2023051003001921,MNBBL,33,56,100,382.50,38250.00
3193,3194,2023051003001920,ILBS,17,17,1,580.00,580.00
3194,3195,2023051001006695,RHGCL,25,39,10,251.60,2516.00
3195,3196,2023051004003061,GHL,38,47,10,218.00,2180.00
3196,3197,2023051005001231,NRIC,47,57,10,679.50,6795.00
3197,3198,2023051001006694,GBIME,41,38,50,183.20,9160.00
3198,3199,2023051001006693,MBJC,57,13,10,275.00,2750.00
3199,3200,2023051001006692,EBL,35,11,10,530.00,5300.00
3200,3201,2023051001006691,NABIL,42,28,58,596.00,34568.00
3201,3202,2023051001006690,NABIL,42,50,110,596.00,65560.00
3202,3203,2023051001006689,SHLB,22,28,10,1095.00,10950.00
3203,3204,2023051001006688,NICA,49,58,10,712.00,7120.00
3204,3205,2023051001006687,MAKAR,34,58,10,249.10,2491.00
3205,3206,2023051001006686,MHCL,34,58,10,216.40,2164.00
3206,3207,2023051001006685,PRVU,58,8,422,165.10,69672.20
3207,3208,2023051001006684,NBL,5,58,15,247.00,3705.00
3208,3209,2023051001006683,NBL,8,58,40,247.00,9880.00
3209,3210,2023051004003060,CHCL,26,58,20,464.10,9282.00
3210,3211,2023051001006682,NBL,33,58,243,247.00,60021.00
3211,3212,2023051001006681,NBL,45,58,1000,247.10,247100.00
3212,3213,2023051001006680,NBL,34,58,182,247.10,44972.20
3213,3214,2023051001006679,NBL,49,58,20,247.50,4950.00
3214,3215,2023051001006678,TAMOR,32,39,10,271.00,2710.00
3215,3216,2023051001006677,PHCL,39,38,10,308.30,3083.00
3216,3217,2023051001006676,MHCL,34,41,10,216.40,2164.00
3217,3218,2023051001006675,GVL,56,11,10,397.00,3970.00
3218,3219,2023051005001230,NIFRA,39,39,97,206.20,20001.40
3219,3220,2023051001006674,GBIME,58,38,100,183.20,18320.00
3220,3221,2023051004003059,HDHPC,49,36,300,162.00,48600.00
3221,3222,2023051004003058,HDHPC,45,36,45,162.00,7290.00
3222,3223,2023051004003057,HDHPC,16,36,500,162.10,81050.00
3223,3224,2023051004003056,HDHPC,58,36,200,162.20,32440.00
3224,3225,2023051004003055,HDHPC,49,33,15,162.30,2434.50
3225,3226,2023051001006673,SAHAS,39,14,190,493.40,93746.00
3226,3227,2023051004003054,SSHL,47,7,120,195.00,23400.00
3227,3228,2023051004003053,SSHL,1,7,430,195.10,83893.00
3228,3229,2023051001006672,MHCL,34,49,10,216.40,2164.00
3229,3230,2023051003001919,ALICL,45,36,90,540.30,48627.00
3230,3231,2023051004003052,HPPL,41,52,571,271.50,155026.50
3231,3232,2023051004003051,HPPL,59,52,44,272.00,11968.00
3232,3233,2023051001006671,NICA,49,25,10,712.00,7120.00
3233,3234,2023051001006670,SANIMA,28,38,58,242.60,14070.80
3234,3235,2023051001006669,SANIMA,41,38,32,243.00,7776.00
3235,3236,2023051005001229,NIFRA,39,50,14,206.20,2886.80
3236,3237,2023051001006668,MAKAR,34,58,10,249.10,2491.00
3237,3238,2023051001006667,KBL,46,8,12,165.70,1988.40
3238,3239,2023051003001918,MNBBL,19,26,199,382.50,76117.50
3239,3240,2023051003001917,MNBBL,4,26,10,382.60,3826.00
3240,3241,2023051004003050,BARUN,53,49,20,235.00,4700.00
3241,3242,2023051001006666,PCBL,45,38,25,193.20,4830.00
3242,3243,2023051001006665,PCBL,28,38,30,193.20,5796.00
3243,3244,2023051001006664,PCBL,4,38,823,193.20,159003.60
3244,3245,2023051005001228,HIDCL,49,7,50,178.10,8905.00
3245,3246,2023051001006663,BHL,52,58,10,285.00,2850.00
3246,3247,2023051004003049,API,33,41,38,230.10,8743.80
3247,3248,2023051001006662,PHCL,39,57,10,308.30,3083.00
3248,3249,2023051004003048,SPIL,59,16,80,570.50,45640.00
3249,3250,2023051005001227,NIFRA,39,50,14,206.20,2886.80
3250,3251,2023051001006661,JALPA,19,53,10,1590.00,15900.00
3251,3252,2023051001006660,JALPA,49,53,10,1590.00,15900.00
3252,3253,2023051001006659,JALPA,58,53,10,1590.00,15900.00
3253,3254,2023051001006658,MAKAR,34,58,10,249.10,2491.00
3254,3255,2023051005001226,NRN,46,33,10,436.00,4360.00
3255,3256,2023051005001225,NRIC,41,6,178,675.00,120150.00
3256,3257,2023051001006657,PRVU,58,39,82,165.10,13538.20
3257,3258,2023051003001916,NICLBSL,55,35,120,540.00,64800.00
3258,3259,2023051003001915,NICLBSL,55,54,10,540.00,5400.00
3259,3260,2023051003001914,NICLBSL,55,16,10,540.00,5400.00
3260,3261,2023051001006656,MBJC,57,58,10,275.00,2750.00
3261,3262,2023051004003047,NICL,53,1,100,528.00,52800.00
3262,3263,2023051005001224,NIFRA,19,54,15,207.00,3105.00
3263,3264,2023051004003046,SICL,5,17,200,707.30,141460.00
3264,3265,2023051001006655,ADBL,52,22,13,230.00,2990.00
3265,3266,2023051004003045,RADHI,17,58,80,237.00,18960.00
3266,3267,2023051004003044,RADHI,17,45,200,237.00,47400.00
3267,3268,2023051004003043,RADHI,17,38,20,237.00,4740.00
3268,3269,2023051001006654,HHL,58,17,10,247.10,2471.00
3269,3270,2023051001006653,PRVU,39,39,20,165.10,3302.00
3270,3271,2023051001006652,MAKAR,34,48,10,249.10,2491.00
3271,3272,2023051004003042,UPCL,55,58,50,222.00,11100.00
3272,3273,2023051003001913,SINDU,37,42,100,244.10,24410.00
3273,3274,2023051001006651,JALPA,58,19,10,1590.50,15905.00
3274,3275,2023051005001223,NIFRA,39,50,14,206.20,2886.80
3275,3276,2023051001006650,GBIME,7,38,50,183.20,9160.00
3276,3277,2023051003001912,SWMF,17,17,1,555.00,555.00
3277,3278,2023051004003041,UPPER,5,39,15,409.50,6142.50
3278,3279,2023051003001911,NFS,40,53,50,265.50,13275.00
3279,3280,2023051003001910,SJLIC,7,44,69,415.00,28635.00
3280,3281,2023051003001909,SJLIC,42,44,11,415.00,4565.00
3281,3282,2023051003001908,SJLIC,57,44,50,415.00,20750.00
3282,3283,2023051003001907,SJLIC,52,44,100,415.00,41500.00
3283,3284,2023051003001906,SJLIC,35,44,298,415.00,123670.00
3284,3285,2023051003001905,SJLIC,34,44,10,415.10,4151.00
3285,3286,2023051003001904,SJLIC,39,44,10,415.10,4151.00
3286,3287,2023051003001903,SJLIC,41,44,12,415.20,4982.40
3287,3288,2023051003001902,SJLIC,35,44,440,415.50,182820.00
3288,3289,2023051001006649,MAKAR,38,49,10,249.00,2490.00
3289,3290,2023051001006648,GBIME,56,38,383,183.20,70165.60
3290,3291,2023051001006647,GBIME,7,19,73,184.00,13432.00
3291,3292,2023051001006646,GBIME,7,39,200,184.00,36800.00
3292,3293,2023051001006645,EHPL,32,52,10,353.00,3530.00
3293,3294,2023051003001901,KSBBL,43,44,350,295.00,103250.00
3294,3295,2023051003001900,KSBBL,43,53,100,294.90,29490.00
3295,3296,2023051001006644,GBIME,56,39,87,183.20,15938.40
3296,3297,2023051001006643,GBIME,36,39,13,183.40,2384.20
3297,3298,2023051005001222,NIFRA,48,50,14,206.90,2896.60
3298,3299,2023051005001221,CIT,57,48,20,2015.00,40300.00
3299,3300,2023051005001220,CIT,33,48,29,2015.00,58435.00
3300,3301,2023051004003040,SHL,49,49,111,264.00,29304.00
3301,3302,2023051001006642,SMJC,40,58,10,246.00,2460.00
3302,3303,2023051001006641,SMJC,40,58,10,246.00,2460.00
3303,3304,2023051005001219,NTC,17,38,40,794.20,31768.00
3304,3305,2023051001006640,MAKAR,52,42,10,249.10,2491.00
3305,3306,2023051001006639,MBJC,53,16,10,276.00,2760.00
3306,3307,2023051003001899,SABSL,49,34,10,576.00,5760.00
3307,3308,2023051001006638,BNHC,57,28,120,353.10,42372.00
3308,3309,2023051004003039,SSHL,47,17,100,195.00,19500.00
3309,3310,2023051001006637,MAKAR,52,34,10,249.10,2491.00
3310,3311,2023051001006636,NIMB,19,8,517,180.60,93370.20
3311,3312,2023051001006635,NIMB,57,8,315,180.60,56889.00
3312,3313,2023051005001218,CMF2,10,56,100,7.77,777.00
3313,3314,2023051004003038,RADHI,21,38,10,237.00,2370.00
3314,3315,2023051001006634,MAKAR,52,35,10,249.10,2491.00
3315,3316,2023051001006633,MHL,20,38,10,322.50,3225.00
3316,3317,2023051004003037,HDHPC,51,33,13,162.30,2109.90
3317,3318,2023051001006632,PHCL,39,32,10,308.30,3083.00
3318,3319,2023051004003036,OHL,11,39,10,565.00,5650.00
3319,3320,2023051003001898,NLIC,22,3,50,656.00,32800.00
3320,3321,2023051001006631,NMB,14,32,400,236.00,94400.00
3321,3322,2023051001006630,NMB,14,34,100,235.90,23590.00
3322,3323,2023051001006629,NMB,14,45,100,235.00,23500.00
3323,3324,2023051001006628,NMB,14,34,72,235.00,16920.00
3324,3325,2023051001006627,NMB,14,59,10,234.50,2345.00
3325,3326,2023051003001897,CORBL,39,42,10,284.00,2840.00
3326,3327,2023051003001896,CORBL,26,42,100,285.00,28500.00
3327,3328,2023051003001895,CORBL,46,42,40,285.00,11400.00
3328,3329,2023051003001894,CORBL,39,42,15,285.00,4275.00
3329,3330,2023051003001893,CORBL,39,42,10,286.00,2860.00
3330,3331,2023051003001892,CORBL,58,42,10,287.00,2870.00
3331,3332,2023051003001891,CORBL,53,42,12,287.00,3444.00
3332,3333,2023051003001890,CORBL,57,42,103,287.20,29581.60
3333,3334,2023051001006626,PCBL,41,56,38,194.00,7372.00
3334,3335,2023051001006625,TAMOR,32,38,10,271.00,2710.00
3335,3336,2023051001006624,SMJC,33,49,10,245.50,2455.00
3336,3337,2023051005001217,NIFRA,48,52,54,206.90,11172.60
3337,3338,2023051001006623,NIMB,57,41,72,180.60,13003.20
3338,3339,2023051004003035,GHL,13,47,50,218.00,10900.00
3339,3340,2023051004003034,GHL,13,47,100,218.00,21800.00
3340,3341,2023051001006622,PHCL,39,44,10,308.30,3083.00
3341,3342,2023051001006621,DORDI,22,17,10,266.00,2660.00
3342,3343,2023051004003033,SSHL,45,58,50,196.00,9800.00
3343,3344,2023051001006620,DORDI,22,58,10,266.00,2660.00
3344,3345,2023051001006619,PHCL,39,39,10,308.30,3083.00
3345,3346,2023051001006618,SBL,5,8,20,247.70,4954.00
3346,3347,2023051001006617,MHCL,34,17,10,216.40,2164.00
3347,3348,2023051005001216,NTC,47,38,10,794.20,7942.00
3348,3349,2023051001006616,MHCL,34,49,10,216.40,2164.00
3349,3350,2023051003001889,CORBL,47,45,100,288.00,28800.00
3350,3351,2023051004003032,TRH,25,34,135,516.00,69660.00
3351,3352,2023051001006615,NMB,14,57,970,234.00,226980.00
3352,3353,2023051001006614,SBI,49,58,200,321.30,64260.00
3353,3354,2023051001006613,SBI,45,58,500,321.40,160700.00
3354,3355,2023051001006612,SBI,40,58,100,322.10,32210.00
3355,3356,2023051003001888,SHINE,16,17,85,317.80,27013.00
3356,3357,2023051003001887,CORBL,6,45,130,288.10,37453.00
3357,3358,2023051001006611,SAHAS,39,38,10,493.40,4934.00
3358,3359,2023051001006610,NBL,58,59,25,247.90,6197.50
3359,3360,2023051003001886,SHINE,28,36,110,318.00,34980.00
3360,3361,2023051001006609,MHCL,34,49,10,216.40,2164.00
3361,3362,2023051001006608,KDL,41,45,10,716.00,7160.00
3362,3363,2023051001006607,MKHC,58,44,10,243.00,2430.00
3363,3364,2023051003001885,PLI,42,51,50,403.60,20180.00
3364,3365,2023051001006606,MAKAR,52,7,10,249.10,2491.00
3365,3366,2023051001006605,PHCL,39,43,10,308.30,3083.00
3366,3367,2023051003001884,MNBBL,48,39,17,383.00,6511.00
3367,3368,2023051003001883,SKBBL,38,35,50,816.10,40805.00
3368,3369,2023051004003031,HDHPC,58,33,10,162.00,1620.00
3369,3370,2023051005001215,NTC,53,39,30,790.00,23700.00
3370,3371,2023051003001882,MNBBL,13,39,10,383.00,3830.00
3371,3372,2023051005001214,NIFRA,39,48,10,206.20,2062.00
3372,3373,2023051005001213,NTC,47,38,10,794.20,7942.00
3373,3374,2023051001006604,SMHL,38,56,10,383.30,3833.00
3374,3375,2023051001006603,MAKAR,52,52,10,249.10,2491.00
3375,3376,2023051004003030,GHL,58,47,88,218.50,19228.00
3376,3377,2023051004003029,GHL,35,47,10,218.60,2186.00
3377,3378,2023051001006602,SGHC,34,35,10,289.10,2891.00
3378,3379,2023051003001881,NLIC,42,3,35,656.00,22960.00
3379,3380,2023051003001880,MNBBL,49,39,20,383.00,7660.00
3380,3381,2023051004003028,PPCL,49,26,150,324.00,48600.00
3381,3382,2023051001006601,MHCL,34,8,10,216.40,2164.00
3382,3383,2023051001006600,SMHL,38,38,10,383.30,3833.00
3383,3384,2023051001006599,SMHL,38,48,10,383.30,3833.00
3384,3385,2023051001006598,SRBL,33,59,25,178.30,4457.50
3385,3386,2023051001006597,SMJC,54,58,10,246.00,2460.00
3386,3387,2023051001006596,SMJC,54,58,40,246.00,9840.00
3387,3388,2023051004003027,API,49,11,412,230.00,94760.00
3388,3389,2023051001006595,SBL,17,48,10,245.20,2452.00
3389,3390,2023051001006594,NICA,16,1,135,713.00,96255.00
3390,3391,2023051001006593,SBI,49,34,100,322.00,32200.00
3391,3392,2023051001006592,SBI,17,34,300,322.00,96600.00
3392,3393,2023051003001879,NLICL,58,50,35,570.20,19957.00
3393,3394,2023051001006591,NMB,14,39,30,234.00,7020.00
3394,3395,2023051003001878,FMDBL,16,58,290,506.00,146740.00
3395,3396,2023051003001877,MFIL,4,17,100,420.70,42070.00
3396,3397,2023051001006590,PCBL,4,4,137,193.20,26468.40
3397,3398,2023051001006589,GVL,55,38,10,396.20,3962.00
3398,3399,2023051001006588,JALPA,4,58,40,1591.00,63640.00
3399,3400,2023051004003026,HDHPC,58,33,50,162.00,8100.00
3400,3401,2023051001006587,HDL,13,37,10,1898.00,18980.00
3401,3402,2023051005001212,NIFRA,39,7,40,206.20,8248.00
3402,3403,2023051001006586,NMB,51,32,2000,233.00,466000.00
3403,3404,2023051004003025,PPCL,49,33,10,324.00,3240.00
3404,3405,2023051001006585,KDL,13,21,10,716.00,7160.00
3405,3406,2023051001006584,HDL,6,53,40,1895.00,75800.00
3406,3407,2023051001006583,HDL,7,53,10,1896.00,18960.00
3407,3408,2023051004003024,UPPER,5,48,10,409.50,4095.00
3408,3409,2023051003001876,FMDBL,16,6,62,506.00,31372.00
3409,3410,2023051003001875,FMDBL,57,6,50,507.00,25350.00
3410,3411,2023051003001874,FMDBL,54,6,46,507.50,23345.00
3411,3412,2023051001006582,MAKAR,52,58,10,249.10,2491.00
3412,3413,2023051001006581,PRVU,17,59,27,165.00,4455.00
3413,3414,2023051001006580,PRVU,50,59,23,165.00,3795.00
3414,3415,2023051001006579,MAKAR,52,42,10,249.10,2491.00
3415,3416,2023051003001873,MNBBL,33,39,100,383.00,38300.00
3416,3417,2023051003001872,MNBBL,26,39,500,383.00,191500.00
3417,3418,2023051003001871,MNBBL,16,39,37,383.00,14171.00
3418,3419,2023051003001870,MNBBL,17,39,301,383.00,115283.00
3419,3420,2023051001006578,NMB,51,32,123,233.00,28659.00
3420,3421,2023051001006577,NMB,55,32,100,233.00,23300.00
3421,3422,2023051001006576,NMB,58,32,10,233.00,2330.00
3422,3423,2023051001006575,NMB,26,32,200,233.10,46620.00
3423,3424,2023051001006574,NMB,43,32,567,234.00,132678.00
3424,3425,2023051001006573,NMB,14,32,1000,234.00,234000.00
3425,3426,2023051001006572,SAHAS,34,14,240,494.00,118560.00
3426,3427,2023051001006571,KDL,6,58,10,720.00,7200.00
3427,3428,2023051004003023,AKPL,53,57,484,359.00,173756.00
3428,3429,2023051001006570,MAKAR,52,35,10,249.10,2491.00
3429,3430,2023051001006569,SANIMA,38,38,410,243.10,99671.00
3430,3431,2023051001006568,SANIMA,38,4,590,243.00,143370.00
3431,3432,2023051001006567,HHL,58,7,10,247.00,2470.00
3432,3433,2023051001006566,SRBL,22,57,10,179.00,1790.00
3433,3434,2023051001006565,SRBL,21,57,177,179.00,31683.00
3434,3435,2023051001006564,SRBL,22,57,500,179.10,89550.00
3435,3436,2023051001006563,SRBL,11,57,100,179.20,17920.00
3436,3437,2023051001006562,SRBL,16,57,200,179.30,35860.00
3437,3438,2023051004003022,API,49,29,99,230.00,22770.00
3438,3439,2023051001006561,MKHC,58,41,100,243.00,24300.00
3439,3440,2023051001006560,MHL,39,42,50,323.00,16150.00
3440,3441,2023051003001869,RSDC,53,41,53,475.00,25175.00
3441,3442,2023051003001868,RSDC,53,56,228,475.00,108300.00
3442,3443,2023051003001867,RSDC,53,22,20,474.00,9480.00
3443,3444,2023051005001211,NIFRA,47,32,10,206.90,2069.00
3444,3445,2023051001006559,NABIL,19,6,73,595.00,43435.00
3445,3446,2023051003001866,NLIC,42,48,65,656.00,42640.00
3446,3447,2023051004003021,NHPC,58,5,15,203.00,3045.00
3447,3448,2023051001006558,HHL,50,58,30,250.00,7500.00
3448,3449,2023051001006557,HHL,47,58,500,251.00,125500.00
3449,3450,2023051001006556,HHL,58,58,100,251.10,25110.00
3450,3451,2023051001006555,HHL,58,58,15,251.20,3768.00
3451,3452,2023051001006554,HHL,47,58,250,253.10,63275.00
3452,3453,2023051001006553,MAKAR,52,7,10,249.10,2491.00
3453,3454,2023051001006552,TAMOR,32,17,10,271.00,2710.00
3454,3455,2023051001006551,NCCD86,58,14,20,890.00,17800.00
3455,3456,2023051001006550,NMB,58,59,15,234.50,3517.50
3456,3457,2023051001006549,BHPL,56,17,10,437.00,4370.00
3457,3458,2023051001006548,NIMB,57,39,117,180.60,21130.20
3458,3459,2023051004003020,SHL,58,19,100,264.90,26490.00
3459,3460,2023051001006547,SAHAS,34,52,10,494.00,4940.00
3460,3461,2023051001006546,BHPL,56,17,10,437.00,4370.00
3461,3462,2023051001006545,KDL,6,43,10,720.00,7200.00
3462,3463,2023051001006544,NICA,6,1,100,713.00,71300.00
3463,3464,2023051001006543,HEIP,34,6,23,245.50,5646.50
3464,3465,2023051001006542,HEIP,20,6,20,246.30,4926.00
3465,3466,2023051001006541,HEIP,20,6,10,246.40,2464.00
3466,3467,2023051003001865,MFIL,4,45,200,420.70,84140.00
3467,3468,2023051001006540,MBL,34,39,295,228.00,67260.00
3468,3469,2023051001006539,MBL,28,39,200,228.20,45640.00
3469,3470,2023051001006538,MBL,43,39,466,228.30,106387.80
3470,3471,2023051001006537,MAKAR,52,8,10,249.10,2491.00
3471,3472,2023051001006536,KDL,6,37,10,720.00,7200.00
3472,3473,2023051001006535,SCB,17,51,35,529.00,18515.00
3473,3474,2023051003001864,SWBBL,58,33,27,702.00,18954.00
3474,3475,2023051003001863,SWBBL,38,33,13,702.00,9126.00
3475,3476,2023051001006534,NICA,42,52,10,711.00,7110.00
3476,3477,2023051001006533,RFPL,18,58,280,247.00,69160.00
3477,3478,2023051004003019,UMHL,57,48,10,224.10,2241.00
3478,3479,2023051003001862,FMDBL,46,58,10,508.00,5080.00
3479,3480,2023051003001861,ICFC,45,17,157,405.00,63585.00
3480,3481,2023051003001860,ICFC,46,17,100,405.00,40500.00
3481,3482,2023051003001859,ICFC,46,17,100,405.00,40500.00
3482,3483,2023051003001858,ICFC,46,17,100,405.00,40500.00
3483,3484,2023051003001857,ICFC,45,17,43,405.10,17419.30
3484,3485,2023051001006532,RHGCL,45,7,10,253.00,2530.00
3485,3486,2023051003001856,MLBSL,52,6,25,1805.00,45125.00
3486,3487,2023051001006531,SPL,22,34,10,513.00,5130.00
3487,3488,2023051005001210,NIFRA,47,32,10,206.10,2061.00
3488,3489,2023051001006530,SBI,17,58,200,322.00,64400.00
3489,3490,2023051001006529,SBI,13,58,20,322.00,6440.00
3490,3491,2023051001006528,SBI,1,58,22,323.00,7106.00
3491,3492,2023051001006527,SBI,45,58,100,323.00,32300.00
3492,3493,2023051001006526,SBI,17,58,558,323.00,180234.00
3493,3494,2023051003001855,CORBL,6,6,50,288.10,14405.00
3494,3495,2023051003001854,MFIL,4,6,98,420.70,41228.60
3495,3496,2023051003001853,MFIL,4,6,142,421.00,59782.00
3496,3497,2023051003001852,GBLBS,45,56,15,433.00,6495.00
3497,3498,2023051005001209,NTC,53,54,190,790.00,150100.00
3498,3499,2023051004003018,JOSHI,26,26,100,258.00,25800.00
3499,3500,2023051001006525,TAMOR,32,49,10,271.00,2710.00
3500,3501,2023051003001851,NLIC,19,48,10,656.00,6560.00
3501,3502,2023051001006524,MAKAR,52,58,10,249.10,2491.00
3502,3503,2023051003001850,MNBBL,26,8,100,383.10,38310.00
3503,3504,2023051001006523,MHCL,34,49,10,216.40,2164.00
3504,3505,2023051003001849,SKBBL,38,42,162,816.10,132208.20
3505,3506,2023051004003017,AKPL,38,58,63,358.00,22554.00
3506,3507,2023051004003016,AKPL,26,58,100,358.00,35800.00
3507,3508,2023051004003015,AKPL,17,58,37,358.20,13253.40
3508,3509,2023051001006522,NBL,34,58,18,247.10,4447.80
3509,3510,2023051001006521,NBL,1,58,300,247.20,74160.00
3510,3511,2023051001006520,NBL,45,58,1000,247.30,247300.00
3511,3512,2023051001006519,NBL,22,58,1500,247.40,371100.00
3512,3513,2023051001006518,NBL,58,58,150,247.50,37125.00
3513,3514,2023051001006517,NBL,16,58,100,247.50,24750.00
3514,3515,2023051001006516,NBL,38,58,120,247.50,29700.00
3515,3516,2023051001006515,NBL,47,58,50,247.50,12375.00
3516,3517,2023051001006514,NBL,34,58,100,247.50,24750.00
3517,3518,2023051001006513,NBL,38,58,50,247.50,12375.00
3518,3519,2023051001006512,NBL,55,58,50,247.50,12375.00
3519,3520,2023051001006511,NBL,1,58,350,247.50,86625.00
3520,3521,2023051001006510,NBL,40,58,100,247.50,24750.00
3521,3522,2023051001006509,NBL,22,58,100,247.50,24750.00
3522,3523,2023051001006508,NBL,47,58,520,247.70,128804.00
3523,3524,2023051001006507,NBL,16,58,100,247.70,24770.00
3524,3525,2023051001006506,NBL,3,58,12,247.80,2973.60
3525,3526,2023051001006505,NBL,16,58,100,247.80,24780.00
3526,3527,2023051001006504,NBL,16,58,120,247.90,29748.00
3527,3528,2023051001006503,NBL,17,58,200,247.90,49580.00
3528,3529,2023051001006502,NBL,34,58,200,247.90,49580.00
3529,3530,2023051004003014,CHL,47,10,15,272.00,4080.00
3530,3531,2023051001006501,BHPL,56,17,100,442.00,44200.00
3531,3532,2023051001006500,BHPL,56,17,40,442.00,17680.00
3532,3533,2023051001006499,BHPL,56,10,10,440.00,4400.00
3533,3534,2023051001006498,BHPL,56,38,10,438.00,4380.00
3534,3535,2023051001006497,ADBL,52,48,87,230.00,20010.00
3535,3536,2023051001006496,ADBL,39,48,79,230.10,18177.90
3536,3537,2023051005001208,HIDCL,42,38,115,178.00,20470.00
3537,3538,2023051004003013,GLH,46,16,30,261.00,7830.00
3538,3539,2023051001006495,SHIVM,34,16,20,400.10,8002.00
3539,3540,2023051001006494,SHIVM,22,16,380,400.10,152038.00
3540,3541,2023051001006493,HDL,59,16,10,1897.50,18975.00
3541,3542,2023051003001848,FOWAD,6,14,100,1200.00,120000.00
3542,3543,2023051005001207,NIFRA,57,39,58,206.10,11953.80
3543,3544,2023051005001206,NTC,5,54,20,790.00,15800.00
3544,3545,2023051005001205,NTC,45,54,30,790.00,23700.00
3545,3546,2023051005001204,NTC,58,54,45,790.00,35550.00
3546,3547,2023051005001203,NTC,34,54,10,791.00,7910.00
3547,3548,2023051005001202,NTC,49,54,25,791.10,19777.50
3548,3549,2023051005001201,NTC,42,54,10,791.20,7912.00
3549,3550,2023051001006492,NABIL,50,6,32,595.00,19040.00
3550,3551,2023051005001200,ENL,38,7,10,610.40,6104.00
3551,3552,2023051001006491,MAKAR,21,7,10,249.40,2494.00
3552,3553,2023051001006490,RFPL,49,58,990,247.10,244629.00
3553,3554,2023051001006489,RFPL,42,58,90,247.30,22257.00
3554,3555,2023051001006488,RFPL,18,58,40,247.40,9896.00
3555,3556,2023051004003012,KKHC,43,44,10,214.10,2141.00
3556,3557,2023051004003011,KKHC,3,44,10,214.10,2141.00
3557,3558,2023051001006487,HHL,47,41,10,253.10,2531.00
3558,3559,2023051001006486,HBL,40,39,40,216.30,8652.00
3559,3560,2023051001006485,HBL,34,39,200,216.30,43260.00
3560,3561,2023051001006484,HBL,25,39,100,216.30,21630.00
3561,3562,2023051001006483,HBL,38,39,100,216.50,21650.00
3562,3563,2023051001006482,HBL,1,39,300,216.50,64950.00
3563,3564,2023051001006481,HBL,51,39,500,216.50,108250.00
3564,3565,2023051001006480,HBL,34,39,200,216.60,43320.00
3565,3566,2023051001006479,HBL,22,39,67,216.60,14512.20
3566,3567,2023051001006478,MAKAR,21,35,10,249.40,2494.00
3567,3568,2023051001006477,SBI,17,58,442,323.00,142766.00
3568,3569,2023051001006476,SBI,7,58,100,323.00,32300.00
3569,3570,2023051001006475,SBI,7,58,30,323.40,9702.00
3570,3571,2023051001006474,SBI,44,58,200,323.50,64700.00
3571,3572,2023051001006473,SBI,42,58,200,323.50,64700.00
3572,3573,2023051001006472,SBI,44,58,10,324.00,3240.00
3573,3574,2023051001006471,SBI,26,58,18,324.00,5832.00
3574,3575,2023051004003010,AKPL,17,57,63,358.20,22566.60
3575,3576,2023051004003009,AKPL,34,57,35,358.50,12547.50
3576,3577,2023051003001847,FMDBL,54,58,154,507.50,78155.00
3577,3578,2023051003001846,MFIL,4,6,500,421.00,210500.00
3578,3579,2023051003001845,NLIC,38,57,50,655.50,32775.00
3579,3580,2023051005001199,CMF1,6,36,1400,7.40,10360.00
3580,3581,2023051005001198,CMF1,34,36,3000,7.40,22200.00
3581,3582,2023051005001197,CMF1,58,36,600,7.41,4446.00
3582,3583,2023051001006470,PPL,56,58,10,257.30,2573.00
3583,3584,2023051001006469,KBL,47,8,10,165.70,1657.00
3584,3585,2023051003001844,GRDBL,39,35,10,246.00,2460.00
3585,3586,2023051004003008,AKPL,42,57,716,359.00,257044.00
3586,3587,2023051004003007,SPDL,19,39,50,270.00,13500.00
3587,3588,2023051004003006,NICL,32,1,10,528.00,5280.00
3588,3589,2023051001006468,TAMOR,32,34,10,271.00,2710.00
3589,3590,2023051003001843,DDBL,34,59,22,625.00,13750.00
3590,3591,2023051003001842,DDBL,34,16,22,625.00,13750.00
3591,3592,2023051001006467,NICA,25,58,25,710.10,17752.50
3592,3593,2023051001006466,NICA,3,58,200,710.50,142100.00
3593,3594,2023051001006465,NICA,42,58,50,710.50,35525.00
3594,3595,2023051001006464,NICA,17,58,100,710.60,71060.00
3595,3596,2023051001006463,NIMB,57,44,96,180.60,17337.60
3596,3597,2023051001006462,NIMB,54,44,74,180.60,13364.40
3597,3598,2023051001006461,MKHC,58,58,10,243.00,2430.00
3598,3599,2023051001006460,TAMOR,32,38,10,271.00,2710.00
3599,3600,2023051005001196,NBF2,21,55,100,8.41,841.00
3600,3601,2023051004003005,SHL,34,58,100,262.10,26210.00
3601,3602,2023051001006459,NABIL,49,6,15,595.00,8925.00
3602,3603,2023051001006458,EBL,39,38,70,527.10,36897.00
3603,3604,2023051004003004,SPIL,59,16,10,570.50,5705.00
3604,3605,2023051001006457,SMJC,34,49,30,245.50,7365.00
3605,3606,2023051005001195,NIFRA,57,7,10,206.10,2061.00
3606,3607,2023051003001841,SLBBL,57,39,100,550.00,55000.00
3607,3608,2023051001006456,PHCL,39,7,10,308.30,3083.00
3608,3609,2023051003001840,LBBL,4,8,236,328.30,77478.80
3609,3610,2023051001006455,ADBL,57,48,100,231.00,23100.00
3610,3611,2023051004003003,NICL,32,6,520,525.00,273000.00
3611,3612,2023051005001194,NIFRA,57,17,50,206.10,10305.00
3612,3613,2023051001006454,ADBL,39,48,61,230.10,14036.10
3613,3614,2023051001006453,ADBL,49,48,162,230.10,37276.20
3614,3615,2023051003001839,NABBC,44,45,100,375.00,37500.00
3615,3616,2023051001006452,GBIME,39,18,33,184.00,6072.00
3616,3617,2023051001006451,GBIME,39,48,67,183.50,12294.50
3617,3618,2023051001006450,PPL,56,35,10,257.30,2573.00
3618,3619,2023051001006449,EHPL,45,42,250,343.80,85950.00
3619,3620,2023051001006448,NIMB,59,13,10,181.00,1810.00
3620,3621,2023051003001838,KSBBL,58,6,190,293.00,55670.00
3621,3622,2023051003001837,KSBBL,1,6,10,294.00,2940.00
3622,3623,2023051001006447,SMHL,38,38,10,383.30,3833.00
3623,3624,2023051003001836,EDBL,56,56,31,277.80,8611.80
3624,3625,2023051001006446,NABIL,39,28,10,594.50,5945.00
3625,3626,2023051001006445,MBJC,57,57,10,275.00,2750.00
3626,3627,2023051004003002,UPPER,5,38,50,409.50,20475.00
3627,3628,2023051004003001,AIL,16,58,130,397.00,51610.00
3628,3629,2023051004003000,AIL,22,58,10,397.00,3970.00
3629,3630,2023051004002999,AIL,14,58,100,398.00,39800.00
3630,3631,2023051004002998,AIL,57,58,15,398.00,5970.00
3631,3632,2023051004002997,AIL,26,58,25,398.00,9950.00
3632,3633,2023051004002996,AIL,18,58,50,398.00,19900.00
3633,3634,2023051004002995,AIL,54,58,20,398.00,7960.00
3634,3635,2023051004002994,AIL,43,58,50,398.10,19905.00
3635,3636,2023051004002993,AIL,16,58,250,399.00,99750.00
3636,3637,2023051004002992,AIL,48,58,50,399.00,19950.00
3637,3638,2023051001006444,AVYAN,28,56,10,573.10,5731.00
3638,3639,2023051003001835,NLICL,6,50,30,570.10,17103.00
3639,3640,2023051003001834,NLICL,14,50,20,570.60,11412.00
3640,3641,2023051005001193,HIDCL,42,50,394,178.00,70132.00
3641,3642,2023051005001192,HIDCL,14,50,106,178.10,18878.60
3642,3643,2023051003001833,FMDBL,11,58,26,508.50,13221.00
3643,3644,2023051001006443,HBL,38,6,50,216.80,10840.00
3644,3645,2023051005001191,NIFRA,57,41,746,206.10,153750.60
3645,3646,2023051001006442,KDL,6,44,10,720.00,7200.00
3646,3647,2023051001006441,KDL,6,25,50,720.00,36000.00
3647,3648,2023051005001190,NSIF2,29,39,100,7.99,799.00
3648,3649,2023051001006440,MAKAR,21,49,10,249.40,2494.00
3649,3650,2023051004002991,HPPL,41,48,519,271.50,140908.50
3650,3651,2023051004002990,HPPL,10,48,39,272.00,10608.00
3651,3652,2023051004002989,HPPL,34,48,30,272.00,8160.00
3652,3653,2023051004002988,HPPL,45,48,25,273.00,6825.00
3653,3654,2023051001006439,NIMB,17,13,500,181.00,90500.00
3654,3655,2023051001006438,MHCL,34,49,10,216.40,2164.00
3655,3656,2023051001006437,PPL,4,7,10,257.40,2574.00
3656,3657,2023051004002987,SGIC,33,58,10,433.50,4335.00
3657,3658,2023051005001189,NIFRA,57,39,95,206.10,19579.50
3658,3659,2023051001006436,NICA,16,56,15,711.00,10665.00
3659,3660,2023051003001832,FMDBL,11,58,174,508.50,88479.00
3660,3661,2023051003001831,FMDBL,48,58,90,509.00,45810.00
3661,3662,2023051003001830,FMDBL,13,58,200,509.10,101820.00
3662,3663,2023051003001829,FMDBL,40,58,36,509.10,18327.60
3663,3664,2023051003001828,LBBL,39,8,90,328.40,29556.00
3664,3665,2023051004002986,AHPC,56,16,87,276.00,24012.00
3665,3666,2023051004002985,AHPC,32,16,500,276.10,138050.00
3666,3667,2023051001006435,RHGCL,55,38,10,255.00,2550.00
3667,3668,2023051001006434,RHGCL,55,39,10,255.00,2550.00
3668,3669,2023051001006433,NBL,41,58,116,248.00,28768.00
3669,3670,2023051001006432,SAHAS,34,35,10,494.00,4940.00
3670,3671,2023051003001827,MMFDB,41,32,81,566.00,45846.00
3671,3672,2023051003001826,MMFDB,10,32,20,566.00,11320.00
3672,3673,2023051003001825,MMFDB,6,32,389,568.00,220952.00
3673,3674,2023051003001824,MMFDB,57,32,10,570.00,5700.00
3674,3675,2023051001006431,KDL,6,35,10,720.00,7200.00
3675,3676,2023051004002984,OHL,45,45,125,570.00,71250.00
3676,3677,2023051001006430,ADBL,49,11,138,230.10,31753.80
3677,3678,2023051001006429,PPL,14,39,10,258.00,2580.00
3678,3679,2023051001006428,PPL,14,46,10,258.00,2580.00
3679,3680,2023051001006427,NBL,57,58,100,248.00,24800.00
3680,3681,2023051001006426,MAKAR,21,56,10,249.40,2494.00
3681,3682,2023051004002983,SSHL,47,1,143,195.00,27885.00
3682,3683,2023051003001823,NADEP,25,35,10,508.70,5087.00
3683,3684,2023051003001822,NLIC,38,58,26,655.50,17043.00
3684,3685,2023051005001188,HIDCL,58,59,100,178.40,17840.00
3685,3686,2023051001006425,SPHL,32,42,10,369.50,3695.00
3686,3687,2023051001006424,PBLD87,19,45,40,795.00,31800.00
3687,3688,2023051001006423,PHCL,39,38,10,308.30,3083.00
3688,3689,2023051005001187,NEF,25,29,1100,8.67,9537.00
3689,3690,2023051004002982,UNHPL,18,47,160,202.60,32416.00
3690,3691,2023051004002981,AKJCL,49,34,10,205.60,2056.00
3691,3692,2023051001006422,GBIME,36,44,21,183.40,3851.40
3692,3693,2023051001006421,SHIVM,45,57,19,401.00,7619.00
3693,3694,2023051001006420,SHIVM,45,56,21,400.50,8410.50
3694,3695,2023051001006419,RFPL,18,35,10,247.40,2474.00
3695,3696,2023051001006418,NIMB,54,28,61,180.60,11016.60
3696,3697,2023051001006417,SMHL,38,42,10,383.30,3833.00
3697,3698,2023051004002980,PMHPL,51,1,100,219.00,21900.00
3698,3699,2023051001006416,NABIL,52,6,30,595.00,17850.00
3699,3700,2023051001006415,NABIL,52,39,120,595.00,71400.00
3700,3701,2023051004002979,SGIC,33,44,10,433.50,4335.00
3701,3702,2023051001006414,MBJC,34,6,10,275.10,2751.00
3702,3703,2023051005001186,NIFRA,6,39,100,206.20,20620.00
3703,3704,2023051001006413,EHPL,45,16,10,343.80,3438.00
3704,3705,2023051004002978,JOSHI,22,49,296,259.00,76664.00
3705,3706,2023051005001185,NEF,25,39,200,8.67,1734.00
3706,3707,2023051001006412,HBL,49,6,50,216.80,10840.00
3707,3708,2023051001006411,PRVU,41,52,163,166.00,27058.00
3708,3709,2023051001006410,ADBL,49,45,80,230.10,18408.00
3709,3710,2023051001006409,TAMOR,42,38,10,271.10,2711.00
3710,3711,2023051001006408,NBL,43,58,50,248.00,12400.00
3711,3712,2023051005001184,HIDCL,58,59,200,178.40,35680.00
3712,3713,2023051001006407,BHL,52,58,10,284.00,2840.00
3713,3714,2023051005001183,HIDCL,14,40,394,178.10,70171.40
3714,3715,2023051005001182,HIDCL,54,40,50,178.20,8910.00
3715,3716,2023051005001181,HIDCL,13,40,126,178.20,22453.20
3716,3717,2023051005001180,HIDCL,42,40,30,178.30,5349.00
3717,3718,2023051001006406,MAKAR,21,49,10,249.40,2494.00
3718,3719,2023051003001821,SJLIC,35,11,60,415.50,24930.00
3719,3720,2023051001006405,JALPA,4,45,20,1591.00,31820.00
3720,3721,2023051001006404,JALPA,45,45,10,1591.00,15910.00
3721,3722,2023051004002977,SHEL,45,35,10,276.20,2762.00
3722,3723,2023051001006403,NBL,16,58,700,248.00,173600.00
3723,3724,2023051001006402,TAMOR,49,47,170,272.00,46240.00
3724,3725,2023051004002976,UNHPL,34,47,10,202.80,2028.00
3725,3726,2023051004002975,UNHPL,17,47,300,202.80,60840.00
3726,3727,2023051001006401,PHCL,39,36,10,308.30,3083.00
3727,3728,2023051003001820,LBBL,39,8,10,328.40,3284.00
3728,3729,2023051003001819,LBBL,1,8,90,328.50,29565.00
3729,3730,2023051005001179,SAGF,19,35,100,7.88,788.00
3730,3731,2023051001006400,NBL,58,58,50,248.00,12400.00
3731,3732,2023051004002974,JOSHI,22,57,90,259.00,23310.00
3732,3733,2023051001006399,EBL,39,38,98,527.10,51655.80
3733,3734,2023051001006398,TAMOR,49,49,10,272.00,2720.00
3734,3735,2023051004002973,SPDL,19,58,20,270.00,5400.00
3735,3736,2023051004002972,GLH,46,58,10,261.00,2610.00
3736,3737,2023051001006397,MHCL,22,56,10,216.50,2165.00
3737,3738,2023051003001818,NLIC,42,48,33,656.00,21648.00
3738,3739,2023051003001817,NLIC,46,48,50,656.00,32800.00
3739,3740,2023051003001816,NLIC,4,48,291,656.00,190896.00
3740,3741,2023051003001815,MNBBL,26,17,150,383.10,57465.00
3741,3742,2023051003001814,MNBBL,32,17,100,383.20,38320.00
3742,3743,2023051001006396,BHDC,50,49,10,390.10,3901.00
3743,3744,2023051004002971,AKPL,34,58,25,358.50,8962.50
3744,3745,2023051005001178,HIDCL,35,59,50,178.40,8920.00
3745,3746,2023051001006395,TAMOR,49,58,10,272.00,2720.00
3746,3747,2023051003001813,MLBL,58,38,195,296.60,57837.00
3747,3748,2023051001006394,SANIMA,28,50,50,242.50,12125.00
3748,3749,2023051003001812,USLB,44,56,36,693.00,24948.00
3749,3750,2023051001006393,TAMOR,49,51,10,272.00,2720.00
3750,3751,2023051001006392,SMHL,38,39,30,383.30,11499.00
3751,3752,2023051001006391,SMJC,14,36,10,245.50,2455.00
3752,3753,2023051001006390,SHIVM,22,42,500,400.10,200050.00
3753,3754,2023051001006389,NIMB,29,13,50,181.00,9050.00
3754,3755,2023051001006388,TAMOR,49,45,10,272.00,2720.00
3755,3756,2023051003001811,NADEP,7,35,10,495.10,4951.00
3756,3757,2023051003001810,PLI,42,35,10,403.60,4036.00
3757,3758,2023051001006387,NBL,16,58,100,248.00,24800.00
3758,3759,2023051005001177,NBF3,29,39,500,7.20,3600.00
3759,3760,2023051001006386,MKHC,58,56,10,243.00,2430.00
3760,3761,2023051003001809,SINDU,32,11,200,244.20,48840.00
3761,3762,2023051001006385,MHL,20,35,10,322.50,3225.00
3762,3763,2023051001006384,HHL,47,57,10,255.00,2550.00
3763,3764,2023051001006383,HHL,47,35,10,254.00,2540.00
3764,3765,2023051004002970,AKJCL,52,16,310,205.00,63550.00
3765,3766,2023051004002969,UPPER,5,57,90,409.50,36855.00
3766,3767,2023051004002968,UPPER,40,57,10,409.70,4097.00
3767,3768,2023051001006382,TAMOR,49,56,10,272.00,2720.00
3768,3769,2023051001006381,MAKAR,21,22,20,249.90,4998.00
3769,3770,2023051001006380,MAKAR,21,46,200,249.40,49880.00
3770,3771,2023051001006379,TPC,45,58,10,380.00,3800.00
3771,3772,2023051005001176,CIT,33,41,57,2015.00,114855.00
3772,3773,2023051005001175,CIT,4,41,33,2015.10,66498.30
3773,3774,2023051005001174,CIT,33,41,10,2016.00,20160.00
3774,3775,2023051005001173,NRIC,42,45,32,680.00,21760.00
3775,3776,2023051001006378,NABIL,11,53,50,595.00,29750.00
3776,3777,2023051003001808,MFIL,4,56,38,421.00,15998.00
3777,3778,2023051001006377,RFPL,42,36,10,247.30,2473.00
3778,3779,2023051001006376,ADLB,45,42,10,1300.00,13000.00
3779,3780,2023051001006375,NMB,17,32,500,235.00,117500.00
3780,3781,2023051001006374,MBJC,34,56,10,275.10,2751.00
3781,3782,2023051004002967,UNHPL,56,47,30,203.00,6090.00
3782,3783,2023051001006373,PHCL,58,45,160,308.20,49312.00
3783,3784,2023051003001807,BFC,34,48,10,299.00,2990.00
3784,3785,2023051004002966,SSHL,47,45,500,195.00,97500.00
3785,3786,2023051004002965,SSHL,42,45,50,195.00,9750.00
3786,3787,2023051001006372,KBL,14,8,170,164.80,28016.00
3787,3788,2023051001006371,KBL,21,8,360,164.80,59328.00
3788,3789,2023051004002964,AIL,58,43,10,400.00,4000.00
3789,3790,2023051004002963,AIL,17,43,11,400.00,4400.00
3790,3791,2023051004002962,AKJCL,18,16,200,205.10,41020.00
3791,3792,2023051004002961,NLG,39,44,17,596.00,10132.00
3792,3793,2023051003001806,GBBL,41,44,50,350.00,17500.00
3793,3794,2023051003001805,GBBL,54,44,100,350.00,35000.00
3794,3795,2023051003001804,GBBL,36,44,10,350.00,3500.00
3795,3796,2023051003001803,GBBL,20,44,100,350.00,35000.00
3796,3797,2023051003001802,GBBL,57,44,30,350.00,10500.00
3797,3798,2023051003001801,GBBL,57,44,20,350.00,7000.00
3798,3799,2023051003001800,GBBL,36,44,52,350.00,18200.00
3799,3800,2023051001006370,ADBL,49,56,20,230.10,4602.00
3800,3801,2023051004002960,UNHPL,56,47,70,203.00,14210.00
3801,3802,2023051004002959,UNHPL,34,47,30,203.00,6090.00
3802,3803,2023051004002958,UNHPL,33,47,100,203.10,20310.00
3803,3804,2023051004002957,UNHPL,46,47,100,203.20,20320.00
3804,3805,2023051001006369,GBIME,36,49,30,183.40,5502.00
3805,3806,2023051003001799,NLIC,4,35,90,656.00,59040.00
3806,3807,2023051001006368,PHCL,58,35,10,308.20,3082.00
3807,3808,2023051001006367,SRBL,25,58,280,180.00,50400.00
3808,3809,2023051001006366,MKHC,58,36,10,243.00,2430.00
3809,3810,2023051001006365,SMH,4,51,10,537.30,5373.00
3810,3811,2023051001006364,PHCL,58,34,10,308.20,3082.00
3811,3812,2023051001006363,TAMOR,49,8,10,272.00,2720.00
3812,3813,2023051001006362,TAMOR,49,52,10,272.00,2720.00
3813,3814,2023051001006361,TAMOR,49,5,170,272.00,46240.00
3814,3815,2023051004002956,SPDL,19,39,100,270.00,27000.00
3815,3816,2023051003001798,PLI,41,17,10,404.00,4040.00
3816,3817,2023051001006360,MHCL,34,41,10,216.40,2164.00
3817,3818,2023051004002955,SPIL,35,34,200,570.00,114000.00
3818,3819,2023051003001797,NUBL,44,38,10,530.00,5300.00
3819,3820,2023051004002954,UNHPL,45,47,100,203.40,20340.00
3820,3821,2023051004002953,UNHPL,17,47,70,203.50,14245.00
3821,3822,2023051004002952,UPPER,40,56,40,409.70,16388.00
3822,3823,2023051003001796,NADEP,25,54,10,505.00,5050.00
3823,3824,2023051003001795,PLI,41,38,10,404.00,4040.00
3824,3825,2023051004002951,SICL,6,17,450,707.20,318240.00
3825,3826,2023051004002950,SICL,10,17,50,707.50,35375.00
3826,3827,2023051003001794,GRDBL,58,6,20,246.90,4938.00
3827,3828,2023051003001793,MNBBL,59,26,28,385.00,10780.00
3828,3829,2023051003001792,MNBBL,59,51,72,384.90,27712.80
3829,3830,2023051001006359,PHCL,58,3,543,308.20,167352.60
3830,3831,2023051004002949,RIDI,51,14,52,275.00,14300.00
3831,3832,2023051004002948,RIDI,40,14,500,275.00,137500.00
3832,3833,2023051004002947,RIDI,20,14,100,275.00,27500.00
3833,3834,2023051004002946,RIDI,57,14,30,275.00,8250.00
3834,3835,2023051004002945,RIDI,41,14,81,275.00,22275.00
3835,3836,2023051004002944,RIDI,48,14,58,275.10,15955.80
3836,3837,2023051004002943,RIDI,56,14,59,275.10,16230.90
3837,3838,2023051004002942,HDHPC,25,33,100,162.00,16200.00
3838,3839,2023051004002941,HDHPC,58,33,14,162.00,2268.00
3839,3840,2023051004002940,HDHPC,11,33,20,162.00,3240.00
3840,3841,2023051004002939,HDHPC,58,33,20,162.00,3240.00
3841,3842,2023051004002938,HDHPC,42,33,86,162.00,13932.00
3842,3843,2023051001006358,MHCL,34,34,10,216.40,2164.00
3843,3844,2023051003001791,GBBL,36,49,10,350.00,3500.00
3844,3845,2023051001006357,TAMOR,32,49,10,271.00,2710.00
3845,3846,2023051004002937,SICL,14,17,50,708.00,35400.00
3846,3847,2023051001006356,MAKAR,21,58,10,249.40,2494.00
3847,3848,2023051004002936,SJCL,21,58,40,265.50,10620.00
3848,3849,2023051003001790,NMBMF,42,35,10,480.00,4800.00
3849,3850,2023051001006355,GBIME,1,18,55,184.00,10120.00
3850,3851,2023051004002935,SPDL,19,32,84,270.00,22680.00
3851,3852,2023051003001789,SHINE,41,36,200,318.00,63600.00
3852,3853,2023051003001788,SHINE,57,36,50,318.00,15900.00
3853,3854,2023051003001787,SHINE,25,36,39,318.10,12405.90
3854,3855,2023051004002934,NGPL,1,22,150,236.70,35505.00
3855,3856,2023051004002933,NLG,39,11,77,596.00,45892.00
3856,3857,2023051003001786,MLBSL,38,57,10,1805.00,18050.00
3857,3858,2023051001006354,KDL,19,1,50,716.10,35805.00
3858,3859,2023051001006353,MKHC,58,57,10,243.00,2430.00
3859,3860,2023051001006352,PHCL,58,38,10,308.20,3082.00
3860,3861,2023051001006351,SHIVM,22,34,120,400.10,48012.00
3861,3862,2023051001006350,SHIVM,14,34,20,400.10,8002.00
3862,3863,2023051004002932,HEI,50,53,683,430.00,293690.00
3863,3864,2023051004002931,CGH,54,3,40,1022.00,40880.00
3864,3865,2023051004002930,CGH,41,3,20,1024.00,20480.00
3865,3866,2023051004002929,CGH,49,3,10,1024.10,10241.00
3866,3867,2023051004002928,CGH,43,3,10,1025.00,10250.00
3867,3868,2023051003001785,GBBL,36,49,10,350.00,3500.00
3868,3869,2023051004002927,GLH,46,35,10,261.00,2610.00
3869,3870,2023051001006349,SBI,26,58,32,324.00,10368.00
3870,3871,2023051001006348,SBI,44,58,500,324.00,162000.00
3871,3872,2023051001006347,SBI,7,58,100,324.00,32400.00
3872,3873,2023051001006346,SBI,34,58,15,324.00,4860.00
3873,3874,2023051001006345,SBI,28,58,200,324.00,64800.00
3874,3875,2023051001006344,SBI,13,58,30,324.20,9726.00
3875,3876,2023051001006343,SBI,34,58,123,325.00,39975.00
3876,3877,2023051001006342,NICA,49,56,25,711.00,17775.00
3877,3878,2023051001006341,KDL,33,25,60,721.00,43260.00
3878,3879,2023051001006340,KDL,33,58,10,721.00,7210.00
3879,3880,2023051001006339,KDL,33,16,10,721.00,7210.00
3880,3881,2023051001006338,KDL,33,4,10,720.00,7200.00
3881,3882,2023051001006337,KDL,33,25,10,717.00,7170.00
3882,3883,2023051001006336,NABIL,42,53,15,595.00,8925.00
3883,3884,2023051001006335,SMJC,14,38,10,245.50,2455.00
3884,3885,2023051001006334,GBIME,35,48,20,183.50,3670.00
3885,3886,2023051001006333,GBIME,41,48,113,183.50,20735.50
3886,3887,2023051001006332,NBL,58,58,20,248.00,4960.00
3887,3888,2023051001006331,SMH,4,35,10,537.30,5373.00
3888,3889,2023051004002926,UPPER,16,45,90,410.00,36900.00
3889,3890,2023051001006330,SRBL,58,58,60,180.00,10800.00
3890,3891,2023051001006329,SRBL,58,58,30,180.00,5400.00
3891,3892,2023051001006328,SRBL,53,58,38,180.00,6840.00
3892,3893,2023051001006327,SRBL,35,58,99,180.10,17829.90
3893,3894,2023051001006326,TAMOR,32,28,20,271.00,5420.00
3894,3895,2023051001006325,TAMOR,58,28,980,271.10,265678.00
3895,3896,2023051001006324,MKHC,38,39,10,243.10,2431.00
3896,3897,2023051001006323,NABIL,57,53,60,595.00,35700.00
3897,3898,2023051001006322,NABIL,6,53,182,595.00,108290.00
3898,3899,2023051001006321,NABIL,48,53,30,595.00,17850.00
3899,3900,2023051001006320,NABIL,58,53,26,595.00,15470.00
3900,3901,2023051001006319,NABIL,42,53,45,595.00,26775.00
3901,3902,2023051003001784,JSLBB,44,25,10,900.00,9000.00
3902,3903,2023051003001783,SHINE,25,36,50,318.10,15905.00
3903,3904,2023051003001782,SHINE,35,36,250,318.20,79550.00
3904,3905,2023051001006318,AHL,49,19,10,343.50,3435.00
3905,3906,2023051001006317,AHL,49,38,10,343.50,3435.00
3906,3907,2023051003001781,FOWAD,6,48,73,1186.00,86578.00
3907,3908,2023051004002925,API,49,32,20,230.00,4600.00
3908,3909,2023051001006316,NICA,49,52,20,711.00,14220.00
3909,3910,2023051004002924,TRH,7,48,100,517.00,51700.00
3910,3911,2023051001006315,SHIVM,44,32,15,400.20,6003.00
3911,3912,2023051003001780,NLIC,4,56,44,656.00,28864.00
3912,3913,2023051001006314,PHCL,58,45,10,308.20,3082.00
3913,3914,2023051004002923,HEI,50,59,50,430.00,21500.00
3914,3915,2023051004002922,SGIC,33,58,10,433.50,4335.00
3915,3916,2023051005001172,CHDC,34,5,10,726.00,7260.00
3916,3917,2023051004002921,HDHPC,38,33,300,162.10,48630.00
3917,3918,2023051001006313,SGHC,34,7,10,289.10,2891.00
3918,3919,2023051003001779,PLI,41,22,10,404.00,4040.00
3919,3920,2023051001006312,SHIVM,44,45,10,400.20,4002.00
3920,3921,2023051001006311,NBL,58,58,25,248.00,6200.00
3921,3922,2023051001006310,NBL,49,58,20,248.00,4960.00
3922,3923,2023051001006309,NBL,44,58,500,248.00,124000.00
3923,3924,2023051001006308,NBL,17,58,100,248.00,24800.00
3924,3925,2023051001006307,NBL,18,58,100,248.00,24800.00
3925,3926,2023051001006306,NBL,39,58,50,248.00,12400.00
3926,3927,2023051001006305,NBL,22,58,500,248.00,124000.00
3927,3928,2023051001006304,NBL,41,58,100,248.00,24800.00
3928,3929,2023051001006303,NBL,26,58,10,248.00,2480.00
3929,3930,2023051001006302,NBL,57,58,100,248.00,24800.00
3930,3931,2023051001006301,NBL,39,58,50,248.10,12405.00
3931,3932,2023051001006300,NBL,16,58,450,248.10,111645.00
3932,3933,2023051001006299,GBIME,41,52,13,183.50,2385.50
3933,3934,2023051001006298,MAKAR,21,58,10,249.40,2494.00
3934,3935,2023051001006297,KBL,26,56,100,165.00,16500.00
3935,3936,2023051001006296,TAMOR,58,38,10,271.10,2711.00
3936,3937,2023051001006295,SMJC,14,49,30,245.50,7365.00
3937,3938,2023051001006294,NBL,10,13,9,245.00,2205.00
3938,3939,2023051005001171,NRIC,41,58,12,675.00,8100.00
3939,3940,2023051003001778,USLB,44,14,54,693.00,37422.00
3940,3941,2023051004002920,HDHPC,56,33,200,162.20,32440.00
3941,3942,2023051001006293,KDL,19,10,150,716.10,107415.00
3942,3943,2023051003001777,JSLBB,44,42,40,900.00,36000.00
3943,3944,2023051001006292,SHIVM,44,45,225,400.20,90045.00
3944,3945,2023051001006291,SHIVM,45,45,50,400.20,20010.00
3945,3946,2023051001006290,SHIVM,19,45,125,400.20,50025.00
3946,3947,2023051001006289,SHIVM,17,45,100,400.30,40030.00
3947,3948,2023051001006288,SMJC,14,38,10,245.50,2455.00
3948,3949,2023051001006287,SMHL,38,26,10,383.30,3833.00
3949,3950,2023051004002919,API,49,34,267,230.00,61410.00
3950,3951,2023051004002918,API,1,34,69,230.00,15870.00
3951,3952,2023051004002917,API,7,34,80,230.00,18400.00
3952,3953,2023051004002916,API,19,34,500,230.00,115000.00
3953,3954,2023051004002915,API,16,34,500,230.10,115050.00
3954,3955,2023051004002914,API,42,34,84,230.20,19336.80
3955,3956,2023051004002913,HDHPC,42,11,47,162.50,7637.50
3956,3957,2023051003001776,GBBL,36,17,128,350.00,44800.00
3957,3958,2023051003001775,GBBL,28,17,90,350.10,31509.00
3958,3959,2023051001006286,NABIL,42,22,24,595.00,14280.00
3959,3960,2023051004002912,API,42,48,50,230.20,11510.00
3960,3961,2023051001006285,HDL,45,11,10,1898.50,18985.00
3961,3962,2023051003001774,ICFC,45,35,57,405.10,23090.70
3962,3963,2023051001006284,MHCL,43,49,30,216.50,6495.00
3963,3964,2023051001006283,SMH,4,58,10,537.30,5373.00
3964,3965,2023051004002911,HDHPC,57,33,330,162.30,53559.00
3965,3966,2023051004002910,HDHPC,59,33,150,162.30,24345.00
3966,3967,2023051001006282,MAKAR,21,32,10,249.40,2494.00
3967,3968,2023051001006281,USHEC,5,17,60,284.20,17052.00
3968,3969,2023051001006280,USHEC,13,17,100,284.50,28450.00
3969,3970,2023051001006279,USHEC,50,17,50,284.60,14230.00
3970,3971,2023051001006278,USHEC,5,17,50,284.60,14230.00
3971,3972,2023051001006277,USHEC,41,17,200,284.70,56940.00
3972,3973,2023051001006276,USHEC,17,17,20,285.00,5700.00
3973,3974,2023051001006275,USHEC,42,17,20,285.00,5700.00
3974,3975,2023051005001170,NRIC,41,56,48,675.00,32400.00
3975,3976,2023051004002909,SICL,48,17,50,708.00,35400.00
3976,3977,2023051004002908,SICL,14,17,10,708.00,7080.00
3977,3978,2023051004002907,SICL,34,17,17,709.00,12053.00
3978,3979,2023051001006274,SHIVM,22,34,500,400.40,200200.00
3979,3980,2023051001006273,GVL,59,8,10,397.00,3970.00
3980,3981,2023051001006272,NIMB,22,13,10,181.00,1810.00
3981,3982,2023051001006271,PRVU,44,44,8,162.70,1301.60
3982,3983,2023051003001773,RLFL,26,14,100,282.30,28230.00
3983,3984,2023051001006270,SGHC,34,38,10,289.10,2891.00
3984,3985,2023051004002906,AHPC,59,44,421,278.00,117038.00
3985,3986,2023051001006269,GBIME,41,57,50,183.50,9175.00
3986,3987,2023051004002905,SHL,34,19,116,263.00,30508.00
3987,3988,2023051001006268,MAKAR,21,58,10,249.40,2494.00
3988,3989,2023051001006267,PHCL,58,7,10,308.20,3082.00
3989,3990,2023051001006266,AVYAN,28,44,10,575.00,5750.00
3990,3991,2023051001006265,AVYAN,28,54,10,575.00,5750.00
3991,3992,2023051005001169,HIDCL,19,50,10,178.60,1786.00
3992,3993,2023051004002904,AKJCL,34,16,10,205.50,2055.00
3993,3994,2023051004002903,AKJCL,13,16,480,205.50,98640.00
3994,3995,2023051001006264,MAKAR,21,49,10,249.40,2494.00
3995,3996,2023051001006263,NIMB,54,13,15,180.60,2709.00
3996,3997,2023051001006262,NIMB,58,13,10,180.60,1806.00
3997,3998,2023051001006261,NIMB,26,13,61,180.60,11016.60
3998,3999,2023051001006260,NIMB,21,13,428,180.80,77382.40
3999,4000,2023051004002902,RIDI,56,58,11,275.10,3026.10
4000,4001,2023051001006259,BHL,52,38,10,284.00,2840.00
4001,4002,2023051004002901,SHL,14,19,100,263.10,26310.00
4002,4003,2023051001006258,SHIVM,35,56,124,400.50,49662.00
4003,4004,2023051001006257,PHCL,58,8,10,308.20,3082.00
4004,4005,2023051001006256,SBL,16,14,200,246.00,49200.00
4005,4006,2023051001006255,MAKAR,21,58,10,249.40,2494.00
4006,4007,2023051003001772,SWBBL,38,29,12,702.00,8424.00
4007,4008,2023051003001771,SWBBL,3,29,10,702.00,7020.00
4008,4009,2023051003001770,SWBBL,49,29,50,702.00,35100.00
4009,4010,2023051003001769,SWBBL,45,29,43,702.10,30190.30
4010,4011,2023051003001768,SWBBL,6,29,50,703.00,35150.00
4011,4012,2023051003001767,SWBBL,6,29,100,703.00,70300.00
4012,4013,2023051005001168,NBF3,17,43,300,7.25,2175.00
4013,4014,2023051005001167,NBF3,32,43,350,7.25,2537.50
4014,4015,2023051003001766,SLBBL,41,39,25,551.00,13775.00
4015,4016,2023051004002900,AHPC,59,48,248,278.00,68944.00
4016,4017,2023051001006254,NIMB,21,35,102,180.80,18441.60
4017,4018,2023051001006253,MAKAR,21,59,10,249.40,2494.00
4018,4019,2023051001006252,SGHC,34,18,10,289.10,2891.00
4019,4020,2023051004002899,RIDI,56,58,30,275.10,8253.00
4020,4021,2023051004002898,RIDI,46,58,20,275.10,5502.00
4021,4022,2023051004002897,HDHPC,58,11,16,162.50,2600.00
4022,4023,2023051004002896,AHPC,59,32,11,278.00,3058.00
4023,4024,2023051001006251,JALPA,21,11,10,1595.00,15950.00
4024,4025,2023051001006250,PPL,4,7,10,257.40,2574.00
4025,4026,2023051003001765,SJLIC,41,44,70,416.00,29120.00
4026,4027,2023051005001166,NTC,57,58,50,790.00,39500.00
4027,4028,2023051005001165,NTC,44,58,100,790.00,79000.00
4028,4029,2023051005001164,NTC,32,58,20,790.00,15800.00
4029,4030,2023051005001163,NTC,58,58,25,790.00,19750.00
4030,4031,2023051005001162,NTC,58,58,35,790.00,27650.00
4031,4032,2023051005001161,NTC,57,58,50,790.00,39500.00
4032,4033,2023051005001160,NTC,1,58,30,790.00,23700.00
4033,4034,2023051005001159,NTC,28,58,10,790.00,7900.00
4034,4035,2023051005001158,NTC,58,58,10,790.00,7900.00
4035,4036,2023051005001157,NTC,50,58,50,790.00,39500.00
4036,4037,2023051005001156,NTC,58,58,10,790.00,7900.00
4037,4038,2023051005001155,NTC,49,58,50,790.00,39500.00
4038,4039,2023051005001154,NTC,46,58,20,790.00,15800.00
4039,4040,2023051005001153,NTC,45,58,10,790.00,7900.00
4040,4041,2023051005001152,NTC,33,58,30,790.00,23700.00
4041,4042,2023051005001151,NTC,36,58,80,790.00,63200.00
4042,4043,2023051005001150,NTC,25,58,10,790.00,7900.00
4043,4044,2023051005001149,NTC,50,58,20,790.00,15800.00
4044,4045,2023051005001148,NTC,41,58,20,790.00,15800.00
4045,4046,2023051005001147,NTC,19,58,100,790.00,79000.00
4046,4047,2023051005001146,NTC,57,58,67,790.00,52930.00
4047,4048,2023051005001145,NTC,58,58,10,790.00,7900.00
4048,4049,2023051005001144,NTC,33,58,50,790.00,39500.00
4049,4050,2023051005001143,NTC,45,58,20,790.10,15802.00
4050,4051,2023051005001142,NTC,38,58,10,790.20,7902.00
4051,4052,2023051005001141,NTC,42,58,12,790.20,9482.40
4052,4053,2023051005001140,NTC,43,58,20,790.20,15804.00
4053,4054,2023051005001139,NTC,41,58,20,790.30,15806.00
4054,4055,2023051005001138,NTC,6,58,500,790.40,395200.00
4055,4056,2023051005001137,NTC,58,58,10,790.50,7905.00
4056,4057,2023051005001136,NTC,46,58,10,791.00,7910.00
4057,4058,2023051005001135,NTC,58,58,30,791.00,23730.00
4058,4059,2023051005001134,NTC,51,58,20,792.00,15840.00
4059,4060,2023051005001133,NTC,58,58,24,792.00,19008.00
4060,4061,2023051005001132,NTC,6,58,50,792.00,39600.00
4061,4062,2023051005001131,NTC,7,58,10,792.10,7921.00
4062,4063,2023051005001130,NTC,11,58,45,792.50,35662.50
4063,4064,2023051005001129,NTC,52,58,50,792.50,39625.00
4064,4065,2023051005001128,NTC,58,58,10,793.00,7930.00
4065,4066,2023051005001127,NTC,42,58,50,793.00,39650.00
4066,4067,2023051005001126,NTC,38,58,1000,793.00,793000.00
4067,4068,2023051005001125,NTC,35,58,122,793.00,96746.00
4068,4069,2023051005001124,NTC,56,58,100,793.00,79300.00
4069,4070,2023051005001123,NTC,6,58,500,793.50,396750.00
4070,4071,2023051005001122,NTC,38,58,50,793.50,39675.00
4071,4072,2023051005001121,NTC,39,58,50,793.60,39680.00
4072,4073,2023051005001120,NTC,45,58,10,794.00,7940.00
4073,4074,2023051005001119,NTC,53,58,27,794.00,21438.00
4074,4075,2023051004002895,HDHPC,38,11,206,163.00,33578.00
4075,4076,2023051001006249,GBIME,1,39,40,183.60,7344.00
4076,4077,2023051004002894,UPCL,14,45,925,223.00,206275.00
4077,4078,2023051001006248,MAKAR,21,32,10,249.40,2494.00
4078,4079,2023051003001764,MNBBL,41,51,36,384.00,13824.00
4079,4080,2023051004002893,HDHPC,58,35,70,163.50,11445.00
4080,4081,2023051004002892,API,42,56,51,230.20,11740.20
4081,4082,2023051004002891,SICL,41,17,26,709.00,18434.00
4082,4083,2023051001006247,SHIVM,53,56,15,400.50,6007.50
4083,4084,2023051005001118,NRN,46,18,10,436.00,4360.00
4084,4085,2023051004002890,API,22,28,50,231.00,11550.00
4085,4086,2023051003001763,JBBL,14,32,10,256.00,2560.00
4086,4087,2023051004002889,CHL,5,32,41,270.00,11070.00
4087,4088,2023051001006246,KDL,55,50,10,716.20,7162.00
4088,4089,2023051003001762,MNBBL,41,51,164,384.00,62976.00
4089,4090,2023051003001761,MNBBL,52,51,10,384.00,3840.00
4090,4091,2023051003001760,MNBBL,40,51,30,384.50,11535.00
4091,4092,2023051001006245,MAKAR,21,45,10,249.40,2494.00
4092,4093,2023051001006244,MAKAR,21,59,10,249.40,2494.00
4093,4094,2023051004002888,JOSHI,39,5,10,259.80,2598.00
4094,4095,2023051001006243,JBLB,45,45,30,1397.00,41910.00
4095,4096,2023051005001117,HIDCL,32,50,10,178.60,1786.00
4096,4097,2023051003001759,SJLIC,41,38,9,410.10,3690.90
4097,4098,2023051003001758,SLBBL,41,39,370,551.00,203870.00
4098,4099,2023051003001757,SLBBL,41,39,10,553.00,5530.00
4099,4100,2023051001006242,KDL,50,25,40,717.00,28680.00
4100,4101,2023051001006241,KDL,50,25,50,717.00,35850.00
4101,4102,2023051004002887,PPCL,14,46,30,325.00,9750.00
4102,4103,2023051004002886,PPCL,14,6,70,325.00,22750.00
4103,4104,2023051001006240,MAKAR,21,58,10,249.40,2494.00
4104,4105,2023051001006239,MAKAR,21,49,10,249.40,2494.00
4105,4106,2023051004002885,API,47,39,10,230.50,2305.00
4106,4107,2023051003001756,GLBSL,17,26,13,691.00,8983.00
4107,4108,2023051001006238,PRVU,44,44,4,162.70,650.80
4108,4109,2023051001006237,PRVU,36,52,263,166.00,43658.00
4109,4110,2023051005001116,NIFRA,32,32,10,206.90,2069.00
4110,4111,2023051001006236,SPL,38,58,10,515.00,5150.00
4111,4112,2023051003001755,GBBL,28,41,71,350.10,24857.10
4112,4113,2023051003001754,GBBL,44,41,268,350.10,93826.80
4113,4114,2023051001006235,JBLB,43,58,675,1400.00,945000.00
4114,4115,2023051004002884,CHCL,49,29,150,464.00,69600.00
4115,4116,2023051004002883,RADHI,59,16,50,236.50,11825.00
4116,4117,2023051001006234,TPC,58,21,10,381.00,3810.00
4117,4118,2023051003001753,MNBBL,42,51,22,384.90,8467.80
4118,4119,2023051003001752,CBBL,59,19,100,783.00,78300.00
4119,4120,2023051003001751,FOWAD,6,42,155,1186.00,183830.00
4120,4121,2023051003001750,FOWAD,54,42,10,1189.00,11890.00
4121,4122,2023051003001749,FOWAD,50,42,25,1189.00,29725.00
4122,4123,2023051003001748,FOWAD,58,42,10,1200.00,12000.00
4123,4124,2023051003001747,SHINE,35,57,500,318.20,159100.00
4124,4125,2023051001006233,SHIVM,53,16,10,400.50,4005.00
4125,4126,2023051001006232,SHIVM,13,16,100,400.50,40050.00
4126,4127,2023051001006231,NICA,56,58,500,712.00,356000.00
4127,4128,2023051001006230,SPC,6,34,500,402.10,201050.00
4128,4129,2023051001006229,SPC,1,34,120,402.40,48288.00
4129,4130,2023051001006228,SPC,45,34,20,403.00,8060.00
4130,4131,2023051001006227,TAMOR,57,5,330,272.00,89760.00
4131,4132,2023051001006226,HHL,58,13,10,254.00,2540.00
4132,4133,2023051001006225,PRVU,52,52,15,166.00,2490.00
4133,4134,2023051004002882,HDHPC,59,18,100,162.30,16230.00
4134,4135,2023051004002881,CHL,5,45,159,270.00,42930.00
4135,4136,2023051004002880,CHL,59,45,50,270.00,13500.00
4136,4137,2023051004002879,CHL,45,45,35,270.00,9450.00
4137,4138,2023051004002878,CHL,45,45,35,270.00,9450.00
4138,4139,2023051004002877,CHL,21,45,30,270.10,8103.00
4139,4140,2023051004002876,UMHL,28,35,85,226.00,19210.00
4140,4141,2023051004002875,SPIL,49,50,500,570.10,285050.00
4141,4142,2023051003001746,PLI,17,41,157,404.00,63428.00
4142,4143,2023051001006224,NBL,5,8,100,248.40,24840.00
4143,4144,2023051001006223,TAMOR,57,47,50,272.00,13600.00
4144,4145,2023051004002874,AHPC,52,42,100,278.10,27810.00
4145,4146,2023051004002873,UPCL,17,41,323,222.10,71738.30
4146,4147,2023051004002872,UPCL,47,41,500,222.10,111050.00
4147,4148,2023051004002871,UPCL,41,41,177,222.20,39329.40
4148,4149,2023051001006222,SPL,38,35,10,515.00,5150.00
4149,4150,2023051001006221,GBIME,41,57,34,183.50,6239.00
4150,4151,2023051001006220,SHIVM,6,56,300,400.90,120270.00
4151,4152,2023051003001745,NLIC,4,35,22,656.00,14432.00
4152,4153,2023051001006219,MAKAR,21,11,10,249.40,2494.00
4153,4154,2023051001006218,ADBL,34,48,50,231.00,11550.00
4154,4155,2023051001006217,ADBL,22,48,35,231.00,8085.00
4155,4156,2023051001006216,ADBL,49,48,100,231.00,23100.00
4156,4157,2023051001006215,ADBL,57,48,50,231.00,11550.00
4157,4158,2023051001006214,ADBL,4,48,95,231.00,21945.00
4158,4159,2023051001006213,ADBL,16,48,404,231.20,93404.80
4159,4160,2023051001006212,SANIMA,56,4,410,243.00,99630.00
4160,4161,2023051001006211,MAKAR,21,49,10,249.40,2494.00
4161,4162,2023051001006210,EBL,29,38,150,526.50,78975.00
4162,4163,2023051001006209,EBL,7,38,50,527.00,26350.00
4163,4164,2023051001006208,EBL,48,38,100,527.90,52790.00
4164,4165,2023051001006207,EBL,29,38,200,528.00,105600.00
4165,4166,2023051001006206,AHL,49,42,22,344.50,7579.00
4166,4167,2023051004002870,HDHPC,59,3,250,162.30,40575.00
4167,4168,2023051001006205,MAKAR,21,58,10,249.40,2494.00
4168,4169,2023051001006204,TAMOR,57,42,10,272.00,2720.00
4169,4170,2023051001006203,SRBL,35,56,101,180.10,18190.10
4170,4171,2023051001006202,SPHL,42,11,10,362.30,3623.00
4171,4172,2023051001006201,NBL,16,5,50,248.10,12405.00
4172,4173,2023051001006200,HDL,5,58,10,1895.00,18950.00
4173,4174,2023051004002869,GHL,32,18,1000,219.00,219000.00
4174,4175,2023051004002868,GHL,6,18,10,219.00,2190.00
4175,4176,2023051004002867,GHL,38,18,1300,219.00,284700.00
4176,4177,2023051004002866,GHL,14,18,30,219.20,6576.00
4177,4178,2023051004002865,GHL,14,18,30,219.20,6576.00
4178,4179,2023051004002864,GHL,25,18,40,219.20,8768.00
4179,4180,2023051004002863,GHL,45,18,40,219.20,8768.00
4180,4181,2023051001006199,EBL,13,35,135,530.00,71550.00
4181,4182,2023051001006198,SMHL,38,35,10,383.30,3833.00
4182,4183,2023051004002862,NHPC,34,44,365,202.00,73730.00
4183,4184,2023051004002861,NHPC,46,44,35,202.00,7070.00
4184,4185,2023051001006197,MAKAR,21,35,10,249.40,2494.00
4185,4186,2023051001006196,JALPA,43,11,10,1592.00,15920.00
4186,4187,2023051001006195,SAHAS,34,43,280,494.00,138320.00
4187,4188,2023051001006194,MAKAR,21,45,10,249.40,2494.00
4188,4189,2023051001006193,EBL,13,39,15,530.00,7950.00
4189,4190,2023051001006192,EBL,35,39,20,530.20,10604.00
4190,4191,2023051003001744,SFCL,28,57,31,263.00,8153.00
4191,4192,2023051001006191,PCBL,28,4,10,194.30,1943.00
4192,4193,2023051005001115,NRIC,41,35,16,675.00,10800.00
4193,4194,2023051001006190,MBJC,3,35,10,275.10,2751.00
4194,4195,2023051005001114,NIFRA,57,52,287,206.10,59150.70
4195,4196,2023051001006189,PCBL,4,48,1040,193.20,200928.00
4196,4197,2023051004002860,API,58,28,500,231.00,115500.00
4197,4198,2023051003001743,CFCL,58,56,231,290.10,67013.10
4198,4199,2023051004002859,SICL,22,17,65,709.00,46085.00
4199,4200,2023051001006188,TAMOR,57,58,10,272.00,2720.00
4200,4201,2023051001006187,SMJC,1,47,40,245.20,9808.00
4201,4202,2023051001006186,NMB,17,32,1000,235.00,235000.00
4202,4203,2023051003001742,MFIL,4,44,70,421.00,29470.00
4203,4204,2023051003001741,RLFL,46,54,20,283.00,5660.00
4204,4205,2023051004002858,RIDI,46,47,380,275.10,104538.00
4205,4206,2023051003001740,NLIC,4,51,20,656.00,13120.00
4206,4207,2023051003001739,NLIC,20,51,10,656.00,6560.00
4207,4208,2023051001006185,AHL,49,58,10,344.50,3445.00
4208,4209,2023051004002857,SJCL,21,34,20,265.50,5310.00
4209,4210,2023051001006184,RFPL,18,11,10,247.20,2472.00
4210,4211,2023051001006183,MHCL,14,35,10,217.00,2170.00
4211,4212,2023051001006182,MHCL,14,45,400,217.00,86800.00
4212,4213,2023051001006181,MHCL,14,42,10,217.00,2170.00
4213,4214,2023051001006180,MHCL,14,38,10,217.00,2170.00
4214,4215,2023051001006179,MHCL,14,21,10,217.00,2170.00
4215,4216,2023051001006178,MHCL,14,45,20,217.00,4340.00
4216,4217,2023051001006177,MHCL,14,58,10,217.00,2170.00
4217,4218,2023051001006176,MHCL,14,58,10,217.00,2170.00
4218,4219,2023051001006175,MHCL,14,38,10,217.00,2170.00
4219,4220,2023051003001738,GBLBS,38,39,15,435.00,6525.00
4220,4221,2023051003001737,GBLBS,14,39,30,435.00,13050.00
4221,4222,2023051001006174,NBL,17,8,30,248.40,7452.00
4222,4223,2023051004002856,KKHC,14,45,17,215.30,3660.10
4223,4224,2023051004002855,RIDI,34,46,11,276.90,3045.90
4224,4225,2023051001006173,MAKAR,21,1,10,249.40,2494.00
4225,4226,2023051005001113,NRIC,41,57,13,675.00,8775.00
4226,4227,2023051004002854,RADHI,59,34,13,236.50,3074.50
4227,4228,2023051003001736,NLICL,43,50,500,570.70,285350.00
4228,4229,2023051001006172,EBL,35,39,700,530.20,371140.00
4229,4230,2023051001006171,SBI,34,39,377,325.00,122525.00
4230,4231,2023051001006170,SBI,38,39,13,325.00,4225.00
4231,4232,2023051001006169,SBI,21,39,70,325.00,22750.00
4232,4233,2023051001006168,SBI,34,39,234,325.10,76073.40
4233,4234,2023051001006167,SBI,34,58,205,325.10,66645.50
4234,4235,2023051004002853,JOSHI,16,39,10,257.20,2572.00
4235,4236,2023051001006166,SMHL,38,58,10,383.30,3833.00
4236,4237,2023051001006165,SANIMA,17,7,235,243.50,57222.50
4237,4238,2023051005001112,HIDCL,13,54,76,178.20,13543.20
4238,4239,2023051005001111,HIDCL,20,54,82,178.20,14612.40
4239,4240,2023051001006164,SPL,22,42,10,513.00,5130.00
4240,4241,2023051003001735,ICFC,46,32,100,406.00,40600.00
4241,4242,2023051003001734,ICFC,43,32,10,406.60,4066.00
4242,4243,2023051003001733,MFIL,13,35,50,422.00,21100.00
4243,4244,2023051001006163,EBL,35,43,50,530.20,26510.00
4244,4245,2023051001006162,SAHAS,34,32,100,494.00,49400.00
4245,4246,2023051001006161,EBL,35,49,30,530.20,15906.00
4246,4247,2023051001006160,BNT,44,17,10,11677.00,116770.00
4247,4248,2023051001006159,PRVU,44,44,1,162.00,162.00
4248,4249,2023051003001732,PLI,17,1,10,404.00,4040.00
4249,4250,2023051001006158,RULB,34,44,10,635.10,6351.00
4250,4251,2023051001006157,MHCL,43,35,30,216.50,6495.00
4251,4252,2023051001006156,NMB,17,32,850,235.50,200175.00
4252,4253,2023051004002852,SSHL,55,45,200,195.00,39000.00
4253,4254,2023051004002851,SSHL,16,45,250,195.00,48750.00
4254,4255,2023051001006155,MKHC,38,11,10,243.10,2431.00
4255,4256,2023051001006154,MHCL,43,6,10,216.50,2165.00
4256,4257,2023051004002850,AHPC,32,37,15,279.90,4198.50
4257,4258,2023051003001731,PLI,17,43,300,404.00,121200.00
4258,4259,2023051004002849,NICL,42,6,35,525.00,18375.00
4259,4260,2023051004002848,HDHPC,39,35,11,163.50,1798.50
4260,4261,2023051001006153,MAKAR,21,1,10,249.40,2494.00
4261,4262,2023051001006152,ADBL,16,14,85,231.20,19652.00
4262,4263,2023051005001110,NIFRA,51,28,54,206.20,11134.80
4263,4264,2023051004002847,RIDI,41,47,60,275.20,16512.00
4264,4265,2023051004002846,RIDI,17,47,100,275.20,27520.00
4265,4266,2023051001006151,MAKAR,21,37,10,249.40,2494.00
4266,4267,2023051001006150,HDL,57,53,24,1890.00,45360.00
4267,4268,2023051001006149,HDL,52,53,10,1890.00,18900.00
4268,4269,2023051001006148,HDL,58,53,20,1890.00,37800.00
4269,4270,2023051001006147,HDL,46,53,10,1890.00,18900.00
4270,4271,2023051001006146,HDL,5,53,20,1890.00,37800.00
4271,4272,2023051001006145,HDL,52,53,16,1891.00,30256.00
4272,4273,2023051003001730,BFC,42,32,118,300.00,35400.00
4273,4274,2023051003001729,SDLBSL,21,20,19,629.90,11968.10
4274,4275,2023051003001728,SDLBSL,21,49,11,629.90,6928.90
4275,4276,2023051001006144,PHCL,58,42,10,308.20,3082.00
4276,4277,2023051004002845,HDHPC,18,57,130,163.00,21190.00
4277,4278,2023051004002844,HDHPC,45,57,10,163.20,1632.00
4278,4279,2023051003001727,GBBL,44,35,23,350.10,8052.30
4279,4280,2023051001006143,AVYAN,28,37,70,575.00,40250.00
4280,4281,2023051003001726,CORBL,6,39,10,288.10,2881.00
4281,4282,2023051001006142,NMB,17,56,12,235.50,2826.00
4282,4283,2023051001006141,EHPL,28,34,10,347.00,3470.00
4283,4284,2023051001006140,PRVU,22,54,13,165.00,2145.00
4284,4285,2023051001006139,MAKAR,21,58,10,249.40,2494.00
4285,4286,2023051001006138,NESDO,58,50,20,2022.90,40458.00
4286,4287,2023051004002843,UIC,6,47,100,422.00,42200.00
4287,4288,2023051001006137,SHIVM,58,57,120,401.00,48120.00
4288,4289,2023051001006136,JBLB,45,58,35,1400.00,49000.00
4289,4290,2023051005001109,NTC,58,38,10,794.20,7942.00
4290,4291,2023051004002842,AKPL,22,57,120,359.00,43080.00
4291,4292,2023051004002841,AKPL,19,57,150,359.10,53865.00
4292,4293,2023051004002840,AKPL,56,57,100,359.10,35910.00
4293,4294,2023051004002839,AKPL,58,57,1000,359.10,359100.00
4294,4295,2023051004002838,AKPL,51,57,100,359.20,35920.00
4295,4296,2023051004002837,AKPL,14,57,200,359.20,71840.00
4296,4297,2023051004002836,AKPL,58,57,20,360.00,7200.00
4297,4298,2023051004002835,AKPL,33,57,1000,360.00,360000.00
4298,4299,2023051004002834,AKPL,42,57,770,360.00,277200.00
4299,4300,2023051004002833,AKPL,5,57,30,360.10,10803.00
4300,4301,2023051004002832,AKPL,47,57,300,360.10,108030.00
4301,4302,2023051004002831,AKPL,47,57,10,360.20,3602.00
4302,4303,2023051001006135,SRBL,53,14,62,180.00,11160.00
4303,4304,2023051001006134,SRBL,22,14,10,180.10,1801.00
4304,4305,2023051001006133,SRBL,16,14,23,180.50,4151.50
4305,4306,2023051001006132,SRBL,58,14,30,180.50,5415.00
4306,4307,2023051001006131,SRBL,34,14,250,180.60,45150.00
4307,4308,2023051001006130,PRVU,22,57,47,165.00,7755.00
4308,4309,2023051001006129,PRVU,5,57,159,165.00,26235.00
4309,4310,2023051001006128,PRVU,57,57,187,165.20,30892.40
4310,4311,2023051001006127,PRVU,4,57,107,165.30,17687.10
4311,4312,2023051001006126,MAKAR,21,47,10,249.40,2494.00
4312,4313,2023051005001108,NRIC,41,39,300,675.00,202500.00
4313,4314,2023051005001107,NRIC,44,39,15,675.00,10125.00
4314,4315,2023051005001106,NRIC,52,39,10,677.00,6770.00
4315,4316,2023051005001105,NRIC,38,39,500,677.00,338500.00
4316,4317,2023051005001104,NRIC,28,39,90,677.20,60948.00
4317,4318,2023051005001103,NRIC,33,39,85,678.00,57630.00
4318,4319,2023051001006125,PCBL,14,56,50,193.50,9675.00
4319,4320,2023051001006124,PCBL,20,56,44,194.00,8536.00
4320,4321,2023051003001725,CBBL,34,25,13,783.00,10179.00
4321,4322,2023051003001724,CBBL,21,25,30,783.00,23490.00
4322,4323,2023051001006123,MHCL,43,4,10,216.50,2165.00
4323,4324,2023051003001723,ALICL,14,17,10,541.00,5410.00
4324,4325,2023051003001722,ALICL,45,17,1000,541.00,541000.00
4325,4326,2023051003001721,ALICL,52,17,200,541.00,108200.00
4326,4327,2023051003001720,ALICL,34,17,100,541.10,54110.00
4327,4328,2023051003001719,ALICL,32,17,100,542.00,54200.00
4328,4329,2023051003001718,MLBL,58,14,34,296.30,10074.20
4329,4330,2023051003001717,MLBL,43,14,40,296.40,11856.00
4330,4331,2023051003001716,MLBL,38,14,100,296.50,29650.00
4331,4332,2023051004002830,RHPL,52,36,10,276.00,2760.00
4332,4333,2023051001006122,MAKAR,21,56,10,249.40,2494.00
4333,4334,2023051004002829,SGIC,43,50,10,433.40,4334.00
4334,4335,2023051004002828,NHPC,46,47,265,202.00,53530.00
4335,4336,2023051004002827,NHPC,3,47,75,202.00,15150.00
4336,4337,2023051001006121,MBLPO,38,49,83532,110.00,9188520.00
4337,4338,2023051004002826,SHL,25,49,300,265.00,79500.00
4338,4339,2023051003001715,SHINE,35,52,300,318.20,95460.00
4339,4340,2023051001006120,PRVU,47,52,10,166.00,1660.00
4340,4341,2023051003001714,ALICL,17,17,75,545.00,40875.00
4341,4342,2023051003001713,ALICL,34,17,50,545.00,27250.00
4342,4343,2023051003001712,ALICL,26,17,10,545.00,5450.00
4343,4344,2023051003001711,ALICL,35,17,22,545.00,11990.00
4344,4345,2023051001006119,HDL,52,53,74,1891.00,139934.00
4345,4346,2023051001006118,HDL,57,53,10,1893.00,18930.00
4346,4347,2023051001006117,HDL,58,53,16,1893.10,30289.60
4347,4348,2023051005001102,NIFRA,51,33,20,206.20,4124.00
4348,4349,2023051005001101,NIFRA,42,33,30,206.30,6189.00
4349,4350,2023051001006116,MBJC,35,14,10,276.00,2760.00
4350,4351,2023051004002825,UPCL,41,49,323,222.20,71770.60
4351,4352,2023051004002824,UPCL,5,49,100,222.30,22230.00
4352,4353,2023051004002823,UPCL,14,49,77,222.30,17117.10
4353,4354,2023051004002822,UPCL,17,49,500,222.40,111200.00
4354,4355,2023051001006115,BHDC,50,42,10,390.10,3901.00
4355,4356,2023051001006114,PRVU,44,44,1,162.00,162.00
4356,4357,2023051005001100,HIDCL,20,14,18,178.20,3207.60
4357,4358,2023051005001099,HIDCL,52,14,50,178.50,8925.00
4358,4359,2023051005001098,NIFRA,54,52,50,206.90,10345.00
4359,4360,2023051004002821,SHL,49,10,500,264.90,132450.00
4360,4361,2023051001006113,SIKLES,34,39,60,391.00,23460.00
4361,4362,2023051001006112,SIKLES,54,39,40,392.00,15680.00
4362,4363,2023051005001097,RMF1,6,58,100,7.45,745.00
4363,4364,2023051004002820,NHPC,46,47,50,203.00,10150.00
4364,4365,2023051001006111,SANIMA,56,4,500,243.00,121500.00
4365,4366,2023051001006110,GBIME,41,43,20,183.50,3670.00
4366,4367,2023051003001710,ALICL,40,17,43,545.10,23439.30
4367,4368,2023051003001709,ALICL,21,17,92,545.10,50149.20
4368,4369,2023051003001708,ALICL,58,17,15,545.50,8182.50
4369,4370,2023051003001707,ALICL,47,17,10,546.00,5460.00
4370,4371,2023051001006109,NABIL,22,56,15,595.00,8925.00
4371,4372,2023051005001096,NRIC,6,45,10,680.00,6800.00
4372,4373,2023051003001706,SJLIC,54,44,100,416.00,41600.00
4373,4374,2023051003001705,SJLIC,41,44,150,416.10,62415.00
4374,4375,2023051001006108,HBL,22,14,44,216.60,9530.40
4375,4376,2023051005001095,NRN,58,53,10,440.00,4400.00
4376,4377,2023051003001704,MLBL,28,39,25,298.00,7450.00
4377,4378,2023051003001703,MLBL,25,39,180,298.00,53640.00
4378,4379,2023051004002819,UIC,32,47,82,425.00,34850.00
4379,4380,2023051004002818,SGIC,45,52,10,433.40,4334.00
4380,4381,2023051003001702,GBBL,44,49,20,350.10,7002.00
4381,4382,2023051005001094,CIT,33,41,60,2016.00,120960.00
4382,4383,2023051001006107,AHL,49,47,90,344.50,31005.00
4383,4384,2023051001006106,SMJC,14,58,40,247.00,9880.00
4384,4385,2023051001006105,NBL,38,58,300,248.50,74550.00
4385,4386,2023051001006104,NBL,1,58,570,248.50,141645.00
4386,4387,2023051001006103,NBL,21,58,100,248.50,24850.00
4387,4388,2023051003001701,CBBL,41,28,10,785.00,7850.00
4388,4389,2023051001006102,SPL,22,3,10,513.00,5130.00
4389,4390,2023051003001700,SWMF,49,22,40,555.00,22200.00
4390,4391,2023051001006101,GBIME,41,14,348,183.50,63858.00
4391,4392,2023051001006100,ADBL,16,17,11,231.20,2543.20
4392,4393,2023051004002817,SGIC,45,50,10,433.40,4334.00
4393,4394,2023051001006099,SIKLES,54,35,10,392.00,3920.00
4394,4395,2023051004002816,NGPL,59,26,37,237.00,8769.00
4395,4396,2023051004002815,NGPL,59,17,118,237.00,27966.00
4396,4397,2023051005001093,NIFRA,42,52,278,206.90,57518.20
4397,4398,2023051004002814,UPCL,17,1,420,222.60,93492.00
4398,4399,2023051004002813,UPCL,25,1,180,222.60,40068.00
4399,4400,2023051004002812,UPCL,52,1,300,223.00,66900.00
4400,4401,2023051001006098,KBL,47,54,10,165.80,1658.00
4401,4402,2023051001006097,MAKAR,21,58,10,249.40,2494.00
4402,4403,2023051004002811,SICL,6,17,500,707.30,353650.00
4403,4404,2023051004002810,SICL,47,17,100,707.40,70740.00
4404,4405,2023051004002809,SICL,51,17,50,707.40,35370.00
4405,4406,2023051004002808,SICL,58,17,100,708.00,70800.00
4406,4407,2023051004002807,SICL,7,17,10,708.00,7080.00
4407,4408,2023051004002806,SICL,13,17,20,708.10,14162.00
4408,4409,2023051004002805,SICL,57,17,40,708.10,28324.00
4409,4410,2023051004002804,SICL,6,17,10,708.20,7082.00
4410,4411,2023051004002803,HDHPC,58,25,60,163.50,9810.00
4411,4412,2023051001006096,SMH,4,3,10,537.30,5373.00
4412,4413,2023051001006095,ADBL,6,14,100,232.00,23200.00
4413,4414,2023051001006094,ADBL,58,14,20,232.00,4640.00
4414,4415,2023051001006093,ADBL,51,14,10,232.00,2320.00
4415,4416,2023051001006092,ADBL,45,14,109,232.00,25288.00
4416,4417,2023051001006091,ADBL,29,14,235,232.30,54590.50
4417,4418,2023051001006090,ADBL,29,14,58,232.40,13479.20
4418,4419,2023051001006089,AVYAN,42,37,20,575.00,11500.00
4419,4420,2023051001006088,AVYAN,28,37,10,575.10,5751.00
4420,4421,2023051001006087,RHGCL,44,39,10,253.00,2530.00
4421,4422,2023051001006086,SBI,34,39,1561,325.10,507481.10
4422,4423,2023051001006085,SBI,52,39,10,325.10,3251.00
4423,4424,2023051001006084,SBI,7,39,10,325.20,3252.00
4424,4425,2023051001006083,SBI,49,39,37,325.30,12036.10
4425,4426,2023051001006082,SBI,38,39,20,325.50,6510.00
4426,4427,2023051001006081,EBL,28,38,30,531.00,15930.00
4427,4428,2023051003001699,NLIC,20,22,40,656.00,26240.00
4428,4429,2023051003001698,NLIC,39,22,10,656.10,6561.00
4429,4430,2023051005001092,NRIC,33,25,15,678.00,10170.00
4430,4431,2023051003001697,PLI,17,44,10,404.00,4040.00
4431,4432,2023051001006080,PRVU,4,48,1110,165.30,183483.00
4432,4433,2023051001006079,PRVU,38,48,890,165.40,147206.00
4433,4434,2023051001006078,MAKAR,59,38,10,249.50,2495.00
4434,4435,2023051001006077,SPL,22,35,10,513.00,5130.00
4435,4436,2023051001006076,AVYAN,28,43,80,575.10,46008.00
4436,4437,2023051004002802,SHL,45,49,3692,265.00,978380.00
4437,4438,2023051004002801,SHL,45,35,308,265.00,81620.00
4438,4439,2023051004002800,SICL,42,17,40,710.00,28400.00
4439,4440,2023051001006075,PPL,4,3,10,257.40,2574.00
4440,4441,2023051005001091,HIDCL,44,50,100,178.60,17860.00
4441,4442,2023051005001090,HIDCL,39,50,100,178.80,17880.00
4442,4443,2023051001006074,SBL,17,58,100,247.00,24700.00
4443,4444,2023051001006073,SMH,49,42,10,537.20,5372.00
4444,4445,2023051004002799,AHPC,32,41,15,279.90,4198.50
4445,4446,2023051001006072,MAKAR,59,37,10,249.50,2495.00
4446,4447,2023051001006071,GVL,58,56,10,396.00,3960.00
4447,4448,2023051001006070,PRVU,44,19,1,162.70,162.70
4448,4449,2023051001006069,KBL,45,34,46,164.50,7567.00
4449,4450,2023051001006068,KBL,55,34,44,164.50,7238.00
4450,4451,2023051005001089,HIDCL,41,50,20,179.00,3580.00
4451,4452,2023051005001088,HIDCL,41,50,15,179.00,2685.00
4452,4453,2023051005001087,HIDCL,49,50,30,179.10,5373.00
4453,4454,2023051004002798,HDHPC,42,57,100,163.90,16390.00
4454,4455,2023051004002797,RIDI,56,16,200,276.00,55200.00
4455,4456,2023051004002796,RIDI,50,16,80,276.00,22080.00
4456,4457,2023051004002795,RIDI,5,16,500,276.00,138000.00
4457,4458,2023051004002794,API,57,58,10,232.70,2327.00
4458,4459,2023051001006067,SHIVM,53,57,30,401.00,12030.00
4459,4460,2023051001006066,SHIVM,42,57,280,401.00,112280.00
4460,4461,2023051001006065,SIKLES,59,39,100,395.00,39500.00
4461,4462,2023051001006064,SIKLES,3,39,100,397.00,39700.00
4462,4463,2023051001006063,SIKLES,6,39,50,397.00,19850.00
4463,4464,2023051001006062,SIKLES,13,39,50,398.00,19900.00
4464,4465,2023051001006061,SMJC,58,32,10,245.00,2450.00
4465,4466,2023051001006060,NABIL,52,6,50,595.00,29750.00
4466,4467,2023051003001696,KSBBL,43,34,500,296.00,148000.00
4467,4468,2023051003001695,KSBBL,43,45,180,295.80,53244.00
4468,4469,2023051001006059,GBIME,52,18,50,184.00,9200.00
4469,4470,2023051003001694,RSDC,13,22,20,473.00,9460.00
4470,4471,2023051001006058,TAMOR,58,47,10,271.10,2711.00
4471,4472,2023051005001086,NIFRA,58,52,100,206.90,20690.00
4472,4473,2023051001006057,MKHC,38,3,10,243.10,2431.00
4473,4474,2023051001006056,SHIVM,42,17,70,401.00,28070.00
4474,4475,2023051001006055,SHIVM,1,17,130,401.00,52130.00
4475,4476,2023051001006054,SHIVM,49,17,50,401.00,20050.00
4476,4477,2023051005001085,HIDCL,49,19,20,179.10,3582.00
4477,4478,2023051005001084,NTC,49,58,45,795.00,35775.00
4478,4479,2023051001006053,SMJC,19,47,10,245.10,2451.00
4479,4480,2023051001006052,SIKLES,13,49,10,398.00,3980.00
4480,4481,2023051004002793,RHPL,34,58,10,273.30,2733.00
4481,4482,2023051003001693,CBBL,49,45,40,784.00,31360.00
4482,4483,2023051003001692,SADBL,32,26,59,275.00,16225.00
4483,4484,2023051004002792,UPPER,16,22,10,410.00,4100.00
4484,4485,2023051001006051,HBL,28,44,1990,216.70,431233.00
4485,4486,2023051001006050,TAMOR,34,35,10,272.00,2720.00
4486,4487,2023051001006049,DORDI,32,32,10,267.00,2670.00
4487,4488,2023051001006048,TAMOR,34,39,10,272.00,2720.00
4488,4489,2023051005001083,KDBY,29,45,100,8.16,816.00
4489,4490,2023051001006047,MBJC,7,14,60,276.00,16560.00
4490,4491,2023051001006046,SMJC,14,49,10,247.00,2470.00
4491,4492,2023051001006045,MBJC,7,3,10,276.00,2760.00
4492,4493,2023051001006044,MAKAR,21,47,10,249.40,2494.00
4493,4494,2023051001006043,KBL,47,34,10,165.50,1655.00
4494,4495,2023051004002791,HDHPC,49,57,40,163.90,6556.00
4495,4496,2023051001006042,EBL,16,22,10,531.90,5319.00
4496,4497,2023051003001691,MNBBL,34,26,203,385.00,78155.00
4497,4498,2023051003001690,MNBBL,34,28,90,385.00,34650.00
4498,4499,2023051003001689,MNBBL,34,41,12,385.00,4620.00
4499,4500,2023051003001688,MNBBL,49,8,78,384.90,30022.20
4500,4501,2023051003001687,RSDC,13,22,10,470.70,4707.00
4501,4502,2023051003001686,RSDC,11,22,50,470.80,23540.00
4502,4503,2023051003001685,RSDC,42,22,98,471.00,46158.00
4503,4504,2023051003001684,RSDC,51,22,100,471.00,47100.00
4504,4505,2023051003001683,RSDC,54,22,10,472.00,4720.00
4505,4506,2023051003001682,RSDC,52,22,50,472.00,23600.00
4506,4507,2023051003001681,RSDC,4,22,10,472.50,4725.00
4507,4508,2023051001006041,NABIL,6,6,150,595.00,89250.00
4508,4509,2023051001006040,KDL,6,52,10,725.00,7250.00
4509,4510,2023051004002790,NHDL,42,18,10,360.10,3601.00
4510,4511,2023051001006039,NABIL,54,39,10,596.00,5960.00
4511,4512,2023051001006038,MKHC,38,45,10,243.10,2431.00
4512,4513,2023051004002789,SHL,45,1,201,265.00,53265.00
4513,4514,2023051004002788,SHL,45,17,799,264.90,211655.10
4514,4515,2023051001006037,EBL,28,7,10,531.00,5310.00
4515,4516,2023051003001680,NSLB,11,58,30,550.00,16500.00
4516,4517,2023051001006036,GVL,58,3,10,396.00,3960.00
4517,4518,2023051001006035,NABIL,6,3,50,595.00,29750.00
4518,4519,2023051001006034,KDL,55,35,10,716.20,7162.00
4519,4520,2023051003001679,CBBL,21,57,10,783.00,7830.00
4520,4521,2023051001006033,ADBL,29,57,10,232.40,2324.00
4521,4522,2023051005001082,NTC,14,58,85,795.00,67575.00
4522,4523,2023051005001081,NTC,58,58,50,795.00,39750.00
4523,4524,2023051005001080,NTC,39,58,10,795.00,7950.00
4524,4525,2023051005001079,NTC,25,58,15,795.00,11925.00
4525,4526,2023051005001078,NTC,58,58,16,795.00,12720.00
4526,4527,2023051005001077,NTC,47,58,10,795.50,7955.00
4527,4528,2023051003001678,NLIC,5,50,11,656.00,7216.00
4528,4529,2023051003001677,NLIC,43,50,100,656.00,65600.00
4529,4530,2023051003001676,NLIC,59,50,50,656.00,32800.00
4530,4531,2023051003001675,NLIC,45,50,443,656.10,290652.30
4531,4532,2023051001006032,HDL,45,56,15,1893.30,28399.50
4532,4533,2023051004002787,NHDL,18,21,10,369.00,3690.00
4533,4534,2023051004002786,SICL,49,39,10,710.00,7100.00
4534,4535,2023051004002785,API,39,59,10,232.50,2325.00
4535,4536,2023051004002784,RHPL,34,58,20,273.30,5466.00
4536,4537,2023051004002783,RHPL,49,58,50,273.40,13670.00
4537,4538,2023051001006031,PRVU,38,52,50,166.00,8300.00
4538,4539,2023051003001674,NLIC,45,22,27,656.10,17714.70
4539,4540,2023051001006030,HBL,28,42,10,216.70,2167.00
4540,4541,2023051001006029,GBIME,14,18,10,184.00,1840.00
4541,4542,2023051004002782,HDHPC,6,57,100,163.90,16390.00
4542,4543,2023051004002781,HDHPC,6,17,100,163.50,16350.00
4543,4544,2023051004002780,SHPC,6,33,100,325.20,32520.00
4544,4545,2023051004002779,SHPC,40,33,175,325.30,56927.50
4545,4546,2023051001006028,KDL,50,25,300,720.00,216000.00
4546,4547,2023051001006027,SAHAS,34,39,200,494.00,98800.00
4547,4548,2023051001006026,GBIME,38,18,272,184.00,50048.00
4548,4549,2023051001006025,TAMOR,16,45,10,273.00,2730.00
4549,4550,2023051001006024,PCBL,16,4,15,194.30,2914.50
4550,4551,2023051001006023,TAMOR,34,8,10,272.00,2720.00
4551,4552,2023051001006022,KBL,41,8,100,164.60,16460.00
4552,4553,2023051001006021,KBL,41,8,120,164.60,19752.00
4553,4554,2023051001006020,KBL,35,8,100,164.60,16460.00
4554,4555,2023051001006019,DORDI,32,3,10,267.00,2670.00
4555,4556,2023051001006018,NMB,43,58,1400,236.40,330960.00
4556,4557,2023051003001673,GBBL,44,40,31,350.10,10853.10
4557,4558,2023051001006017,MAKAR,59,58,10,250.00,2500.00
4558,4559,2023051001006016,NABIL,42,49,23,595.00,13685.00
4559,4560,2023051001006015,NABIL,20,49,11,595.00,6545.00
4560,4561,2023051004002778,HDHPC,19,17,100,163.50,16350.00
4561,4562,2023051004002777,RADHI,42,45,112,237.00,26544.00
4562,4563,2023051004002776,RADHI,42,32,25,237.00,5925.00
4563,4564,2023051004002775,RADHI,42,7,20,237.00,4740.00
4564,4565,2023051004002774,HURJA,34,6,10,255.00,2550.00
4565,4566,2023051004002773,HURJA,34,16,20,252.00,5040.00
4566,4567,2023051001006014,MAKAR,59,37,10,250.00,2500.00
4567,4568,2023051001006013,SMH,49,45,10,537.20,5372.00
4568,4569,2023051004002772,GHL,46,21,50,220.00,11000.00
4569,4570,2023051004002771,NHDL,57,21,10,368.00,3680.00
4570,4571,2023051001006012,ADLB,45,58,10,1300.00,13000.00
4571,4572,2023051001006011,AHL,45,58,10,343.70,3437.00
4572,4573,2023051004002770,HPPL,45,21,35,276.00,9660.00
4573,4574,2023051001006010,SHIVM,45,33,380,402.00,152760.00
4574,4575,2023051001006009,SMJC,10,35,20,245.10,4902.00
4575,4576,2023051004002769,UMRH,1,41,10,455.00,4550.00
4576,4577,2023051001006008,HDL,57,39,20,1894.00,37880.00
4577,4578,2023051001006007,HDL,34,39,10,1894.00,18940.00
4578,4579,2023051001006006,HDL,28,39,10,1894.00,18940.00
4579,4580,2023051001006005,JBLB,43,35,10,1405.00,14050.00
4580,4581,2023051005001076,CHDC,34,47,200,730.00,146000.00
4581,4582,2023051003001672,PLI,42,38,10,403.60,4036.00
4582,4583,2023051004002768,HURJA,34,14,1355,250.10,338885.50
4583,4584,2023051003001671,PLI,42,38,10,403.60,4036.00
4584,4585,2023051001006004,SMHL,38,52,10,383.30,3833.00
4585,4586,2023051001006003,PRVU,44,44,1,162.70,162.70
4586,4587,2023051001006002,MAKAR,59,56,10,250.00,2500.00
4587,4588,2023051004002767,CHL,21,16,70,270.10,18907.00
4588,4589,2023051004002766,GLH,26,6,10,260.10,2601.00
4589,4590,2023051001006001,NMB,17,28,76,235.50,17898.00
4590,4591,2023051003001670,PLI,42,38,10,403.60,4036.00
4591,4592,2023051001006000,SPC,50,34,11,402.10,4423.10
4592,4593,2023051001005999,SPC,29,34,600,402.20,241320.00
4593,4594,2023051001005998,SPC,46,34,10,403.80,4038.00
4594,4595,2023051001005997,SPC,17,34,10,403.80,4038.00
4595,4596,2023051001005996,SPC,21,34,10,404.80,4048.00
4596,4597,2023051001005995,SPC,13,34,10,404.90,4049.00
4597,4598,2023051001005994,SPC,37,34,50,405.00,20250.00
4598,4599,2023051001005993,PRVU,6,52,368,166.00,61088.00
4599,4600,2023051001005992,PRVU,6,43,44,166.00,7304.00
4600,4601,2023051001005991,PRVU,6,54,38,166.00,6308.00
4601,4602,2023051001005990,PRVU,6,1,550,166.00,91300.00
4602,4603,2023051001005989,PRVU,38,28,110,165.40,18194.00
4603,4604,2023051003001669,ALBSL,58,40,10,675.00,6750.00
4604,4605,2023051003001668,PLI,42,58,40,404.00,16160.00
4605,4606,2023051001005988,GBIME,38,58,737,183.90,135534.30
4606,4607,2023051001005987,EBL,13,38,210,530.00,111300.00
4607,4608,2023051001005986,EBL,11,38,50,530.00,26500.00
4608,4609,2023051001005985,EBL,45,38,90,530.10,47709.00
4609,4610,2023051001005984,EBL,45,38,150,530.20,79530.00
4610,4611,2023051003001667,PLI,42,38,10,404.00,4040.00
4611,4612,2023051001005983,SANIMA,56,42,90,243.00,21870.00
4612,4613,2023051001005982,SANIMA,45,42,10,243.00,2430.00
4613,4614,2023051005001075,NIFRA,51,58,54,206.20,11134.80
4614,4615,2023051001005981,MKHC,38,4,10,243.10,2431.00
4615,4616,2023051001005980,SPL,22,34,10,513.00,5130.00
4616,4617,2023051001005979,TAMOR,34,57,10,272.00,2720.00
4617,4618,2023051005001074,NIFRA,16,52,20,206.90,4138.00
4618,4619,2023051001005978,SHIVM,43,33,50,402.00,20100.00
4619,4620,2023051001005977,GBIME,38,49,400,183.80,73520.00
4620,4621,2023051001005976,KDL,50,25,70,725.00,50750.00
4621,4622,2023051001005975,ADBL,29,38,82,232.40,19056.80
4622,4623,2023051001005974,ADBL,57,38,18,232.40,4183.20
4623,4624,2023051001005973,KBL,47,54,10,165.80,1658.00
4624,4625,2023051003001666,KLBSL,16,51,10,566.00,5660.00
4625,4626,2023051001005972,SMJC,38,35,10,245.10,2451.00
4626,4627,2023051001005971,SHIVM,6,33,25,402.00,10050.00
4627,4628,2023051004002765,HPPL,45,5,50,275.00,13750.00
4628,4629,2023051004002764,HPPL,45,41,70,275.00,19250.00
4629,4630,2023051004002763,SHL,17,17,300,264.90,79470.00
4630,4631,2023051003001665,EDBL,51,14,500,277.50,138750.00
4631,4632,2023051001005970,MAKAR,59,34,10,250.00,2500.00
4632,4633,2023051003001664,GBBL,44,49,10,350.10,3501.00
4633,4634,2023051003001663,LBBL,1,39,10,329.00,3290.00
4634,4635,2023051005001073,NRN,58,58,10,435.00,4350.00
4635,4636,2023051004002762,RIDI,57,46,30,276.50,8295.00
4636,4637,2023051001005969,MAKAR,49,19,90,250.00,22500.00
4637,4638,2023051001005968,MAKAR,35,19,10,250.00,2500.00
4638,4639,2023051001005967,SHIVM,6,33,25,402.00,10050.00
4639,4640,2023051004002761,HURJA,45,14,200,250.10,50020.00
4640,4641,2023051001005966,TAMOR,34,37,10,272.00,2720.00
4641,4642,2023051001005965,KBL,14,8,25,165.00,4125.00
4642,4643,2023051001005964,PCBL,21,4,38,194.30,7383.40
4643,4644,2023051001005963,SANIMA,17,8,200,243.90,48780.00
4644,4645,2023051001005962,KDL,50,34,10,725.00,7250.00
4645,4646,2023051001005961,KDL,50,25,50,725.00,36250.00
4646,4647,2023051001005960,KDL,50,58,10,725.00,7250.00
4647,4648,2023051001005959,KDL,50,49,50,724.90,36245.00
4648,4649,2023051001005958,KDL,50,34,10,724.00,7240.00
4649,4650,2023051001005957,SHIVM,6,33,15,402.00,6030.00
4650,4651,2023051004002760,BPCL,34,36,320,314.20,100544.00
4651,4652,2023051004002759,BPCL,52,36,50,315.00,15750.00
4652,4653,2023051004002758,BPCL,28,36,25,315.00,7875.00
4653,4654,2023051004002757,BPCL,21,36,100,315.00,31500.00
4654,4655,2023051004002756,BPCL,49,36,959,315.00,302085.00
4655,4656,2023051003001662,NLIC,45,10,30,656.10,19683.00
4656,4657,2023051001005956,SMJC,38,35,10,245.10,2451.00
4657,4658,2023051001005955,MHCL,42,58,10,217.00,2170.00
4658,4659,2023051001005954,MHCL,42,44,10,217.00,2170.00
4659,4660,2023051003001661,SJLIC,51,44,90,417.00,37530.00
4660,4661,2023051001005953,SHIVM,6,33,15,402.00,6030.00
4661,4662,2023051004002755,SHEL,33,45,10,277.00,2770.00
4662,4663,2023051003001660,PLI,45,58,85,405.00,34425.00
4663,4664,2023051001005952,MAKAR,35,34,10,250.00,2500.00
4664,4665,2023051005001072,NRIC,57,41,15,681.00,10215.00
4665,4666,2023051003001659,GBBL,44,49,10,350.10,3501.00
4666,4667,2023051001005951,TAMOR,34,55,10,272.00,2720.00
4667,4668,2023051001005950,GBIME,38,39,13,183.60,2386.80
4668,4669,2023051004002754,SPIL,28,51,20,570.20,11404.00
4669,4670,2023051001005949,MAKAR,35,37,10,250.00,2500.00
4670,4671,2023051001005948,SHIVM,6,58,10,402.00,4020.00
4671,4672,2023051001005947,KDL,50,25,200,720.00,144000.00
4672,4673,2023051004002753,SSHL,16,14,250,195.00,48750.00
4673,4674,2023051004002752,SSHL,38,14,100,195.40,19540.00
4674,4675,2023051004002751,SSHL,33,14,100,195.40,19540.00
4675,4676,2023051004002750,SSHL,45,14,50,195.50,9775.00
4676,4677,2023051001005946,KBL,42,8,75,165.00,12375.00
4677,4678,2023051001005945,MAKAR,35,1,10,250.00,2500.00
4678,4679,2023051003001658,FMDBL,40,52,14,509.10,7127.40
4679,4680,2023051001005944,GBIME,38,52,78,183.60,14320.80
4680,4681,2023051003001657,NLBBL,41,34,35,551.00,19285.00
4681,4682,2023051003001656,NLBBL,19,34,15,551.10,8266.50
4682,4683,2023051001005943,SHIVM,6,58,38,402.00,15276.00
4683,4684,2023051003001655,GBBL,44,46,22,350.10,7702.20
4684,4685,2023051004002749,NHDL,49,21,35,369.00,12915.00
4685,4686,2023051001005942,SMJC,38,36,10,245.10,2451.00
4686,4687,2023051001005941,KBL,6,8,500,165.00,82500.00
4687,4688,2023051001005940,PHCL,58,49,10,309.00,3090.00
4688,4689,2023051004002748,NHDL,49,28,15,369.00,5535.00
4689,4690,2023051004002747,NGPL,57,58,25,238.00,5950.00
4690,4691,2023051003001654,RLFL,36,48,23,282.20,6490.60
4691,4692,2023051001005939,SMJC,38,8,10,245.10,2451.00
4692,4693,2023051004002746,API,57,59,10,232.50,2325.00
4693,4694,2023051004002745,HURJA,41,14,1000,250.20,250200.00
4694,4695,2023051001005938,NMB,17,58,10,234.00,2340.00
4695,4696,2023051004002744,HEI,50,45,25,430.00,10750.00
4696,4697,2023051001005937,MBJC,7,36,10,276.00,2760.00
4697,4698,2023051005001071,NTC,21,57,27,795.00,21465.00
4698,4699,2023051005001070,NTC,34,57,15,796.10,11941.50
4699,4700,2023051005001069,NTC,47,57,10,796.50,7965.00
4700,4701,2023051005001068,NTC,8,57,30,798.00,23940.00
4701,4702,2023051001005936,SPL,22,49,10,513.00,5130.00
4702,4703,2023051001005935,NIMB,47,13,10,181.00,1810.00
4703,4704,2023051001005934,MHL,36,49,10,322.00,3220.00
4704,4705,2023051001005933,BNHC,13,28,60,353.90,21234.00
4705,4706,2023051004002743,SHL,46,1,100,265.00,26500.00
4706,4707,2023051001005932,ADBL,45,57,66,233.00,15378.00
4707,4708,2023051003001653,CBBL,38,6,100,784.00,78400.00
4708,4709,2023051003001652,CBBL,59,6,50,784.10,39205.00
4709,4710,2023051003001651,CBBL,41,6,100,784.10,78410.00
4710,4711,2023051003001650,CBBL,41,6,50,786.00,39300.00
4711,4712,2023051003001649,CBBL,1,6,20,786.00,15720.00
4712,4713,2023051001005931,KLBS,4,16,10,860.10,8601.00
4713,4714,2023051001005930,MBJC,7,49,10,276.00,2760.00
4714,4715,2023051005001067,CIT,33,33,30,2016.00,60480.00
4715,4716,2023051001005929,HDL,58,55,100,1894.10,189410.00
4716,4717,2023051004002742,NHPC,44,42,200,202.60,40520.00
4717,4718,2023051001005928,BHL,52,36,10,284.00,2840.00
4718,4719,2023051001005927,MHCL,34,57,10,216.40,2164.00
4719,4720,2023051001005926,GVL,55,13,20,402.00,8040.00
4720,4721,2023051004002741,AKJCL,13,39,20,205.50,4110.00
4721,4722,2023051004002740,KKHC,14,58,33,215.30,7104.90
4722,4723,2023051004002739,KKHC,40,58,70,215.30,15071.00
4723,4724,2023051001005925,MAKAR,35,58,10,250.00,2500.00
4724,4725,2023051004002738,RHPL,35,36,100,276.00,27600.00
4725,4726,2023051004002737,UMHL,28,45,200,226.00,45200.00
4726,4727,2023051001005924,NIMB,26,52,39,180.60,7043.40
4727,4728,2023051003001648,MLBSL,43,56,21,1800.00,37800.00
4728,4729,2023051001005923,SAHAS,34,43,10,494.00,4940.00
4729,4730,2023051001005922,SAHAS,34,32,100,494.00,49400.00
4730,4731,2023051001005921,SPC,14,34,10,413.00,4130.00
4731,4732,2023051004002736,HURJA,34,14,1500,251.00,376500.00
4732,4733,2023051004002735,NGPL,57,58,175,238.00,41650.00
4733,4734,2023051004002734,HDHPC,19,45,100,163.50,16350.00
4734,4735,2023051003001647,JBBL,14,8,368,256.00,94208.00
4735,4736,2023051003001646,JBBL,35,8,500,256.00,128000.00
4736,4737,2023051001005920,KBL,56,17,11,165.90,1824.90
4737,4738,2023051001005919,MHCL,34,49,30,216.40,6492.00
4738,4739,2023051001005918,GVL,55,32,10,402.00,4020.00
4739,4740,2023051003001645,GMFIL,45,37,45,298.00,13410.00
4740,4741,2023051001005917,GBIME,41,45,22,183.50,4037.00
4741,4742,2023051001005916,SANIMA,46,8,10,243.90,2439.00
4742,4743,2023051001005915,PHCL,13,43,10,309.10,3091.00
4743,4744,2023051003001644,GLBSL,17,58,13,691.00,8983.00
4744,4745,2023051001005914,HDL,58,32,12,1894.20,22730.40
4745,4746,2023051001005913,MAKAR,35,8,10,250.00,2500.00
4746,4747,2023051004002733,CHCL,49,56,98,464.00,45472.00
4747,4748,2023051004002732,HDHPC,7,17,100,163.50,16350.00
4748,4749,2023051001005912,EBL,35,53,700,531.00,371700.00
4749,4750,2023051001005911,KDL,13,49,10,716.00,7160.00
4750,4751,2023051004002731,SHPC,43,5,200,326.00,65200.00
4751,4752,2023051001005910,SBI,49,17,57,325.30,18542.10
4752,4753,2023051003001643,RMDC,46,26,10,680.00,6800.00
4753,4754,2023051001005909,NBL,13,58,500,249.00,124500.00
4754,4755,2023051004002730,LEC,7,44,170,237.20,40324.00
4755,4756,2023051004002729,LEC,26,44,140,239.20,33488.00
4756,4757,2023051004002728,LEC,21,44,60,240.00,14400.00
4757,4758,2023051004002727,LEC,41,44,100,240.10,24010.00
4758,4759,2023051004002726,LEC,37,44,50,240.20,12010.00
4759,4760,2023051004002725,LEC,34,44,10,240.20,2402.00
4760,4761,2023051004002724,LEC,58,44,100,240.30,24030.00
4761,4762,2023051004002723,LEC,37,44,100,240.30,24030.00
4762,4763,2023051004002722,LEC,37,44,20,240.30,4806.00
4763,4764,2023051004002721,LEC,47,44,200,240.40,48080.00
4764,4765,2023051004002720,LEC,45,44,50,240.40,12020.00
4765,4766,2023051001005908,KBL,38,21,137,165.00,22605.00
4766,4767,2023051001005907,KBL,38,42,19,165.00,3135.00
4767,4768,2023051001005906,KBL,38,17,631,165.00,104115.00
4768,4769,2023051001005905,MHL,18,42,496,322.00,159712.00
4769,4770,2023051001005904,MHL,3,42,100,323.60,32360.00
4770,4771,2023051001005903,MHL,37,42,90,324.00,29160.00
4771,4772,2023051001005902,MHL,22,42,123,324.10,39864.30
4772,4773,2023051001005901,MHL,38,42,100,324.20,32420.00
4773,4774,2023051001005900,AVYAN,28,8,10,575.10,5751.00
4774,4775,2023051004002719,HURJA,47,14,20,251.00,5020.00
4775,4776,2023051004002718,HURJA,35,14,100,251.00,25100.00
4776,4777,2023051004002717,HURJA,43,14,100,251.00,25100.00
4777,4778,2023051001005899,NIMB,6,4,90,180.80,16272.00
4778,4779,2023051004002716,UMHL,28,39,10,226.00,2260.00
4779,4780,2023051003001642,NUBL,46,38,10,532.00,5320.00
4780,4781,2023051004002715,AIL,13,56,10,400.10,4001.00
4781,4782,2023051003001641,JBBL,43,8,135,256.10,34573.50
4782,4783,2023051003001640,JBBL,48,8,10,256.10,2561.00
4783,4784,2023051003001639,JBBL,45,8,100,256.10,25610.00
4784,4785,2023051001005898,PRVU,47,1,10,166.00,1660.00
4785,4786,2023051001005897,NIMB,46,4,10,180.80,1808.00
4786,4787,2023051001005896,SMJC,14,17,40,249.00,9960.00
4787,4788,2023051001005895,PPL,4,38,10,260.00,2600.00
4788,4789,2023051001005894,SBID83,11,6,50,946.00,47300.00
4789,4790,2023051001005893,SBID83,39,6,100,947.00,94700.00
4790,4791,2023051005001066,NTC,11,4,10,799.70,7997.00
4791,4792,2023051003001638,JBBL,38,8,100,256.30,25630.00
4792,4793,2023051003001637,SHINE,35,41,100,318.20,31820.00
4793,4794,2023051001005892,MHCL,34,34,130,216.40,28132.00
4794,4795,2023051001005891,MBJC,58,45,40,280.00,11200.00
4795,4796,2023051004002714,AKPL,58,29,40,361.00,14440.00
4796,4797,2023051004002713,CHL,5,16,130,270.50,35165.00
4797,4798,2023051001005890,MBL,17,57,1000,229.00,229000.00
4798,4799,2023051004002712,HDHPC,42,58,14,162.00,2268.00
4799,4800,2023051004002711,HDHPC,59,58,200,162.10,32420.00
4800,4801,2023051004002710,HDHPC,47,58,100,162.20,16220.00
4801,4802,2023051004002709,HDHPC,57,58,100,163.00,16300.00
4802,4803,2023051004002708,HDHPC,19,58,86,163.00,14018.00
4803,4804,2023051001005889,MKHC,58,14,10,243.00,2430.00
4804,4805,2023051004002707,NHPC,22,57,1000,203.90,203900.00
4805,4806,2023051004002706,NHPC,14,57,20,204.00,4080.00
4806,4807,2023051004002705,NHPC,19,57,1000,204.00,204000.00
4807,4808,2023051004002704,NHPC,42,57,750,204.00,153000.00
4808,4809,2023051004002703,NHPC,14,57,100,204.00,20400.00
4809,4810,2023051001005888,MAKAR,35,57,10,250.00,2500.00
4810,4811,2023051003001636,JBBL,45,8,82,257.00,21074.00
4811,4812,2023051003001635,JBBL,22,8,145,257.00,37265.00
4812,4813,2023051001005887,MHCL,34,45,10,216.40,2164.00
4813,4814,2023051001005886,PHCL,35,53,140,310.10,43414.00
4814,4815,2023051003001634,PLI,45,17,20,405.00,8100.00
4815,4816,2023051001005885,MAKAR,35,21,10,250.00,2500.00
4816,4817,2023051004002702,UMHL,28,42,305,226.00,68930.00
4817,4818,2023051001005884,MHCL,34,39,10,216.40,2164.00
4818,4819,2023051001005883,NICA,46,58,10,712.00,7120.00
4819,4820,2023051001005882,MAKAR,35,37,10,250.00,2500.00
4820,4821,2023051001005881,EBL,32,41,100,531.10,53110.00
4821,4822,2023051003001633,JBBL,58,8,40,258.00,10320.00
4822,4823,2023051003001632,JBBL,50,8,20,258.00,5160.00
4823,4824,2023051003001631,NUBL,34,38,38,531.00,20178.00
4824,4825,2023051001005880,GBIME,58,52,146,183.60,26805.60
4825,4826,2023051001005879,PCBL,20,42,68,194.00,13192.00
4826,4827,2023051001005878,MAKAR,35,35,10,250.00,2500.00
4827,4828,2023051003001630,SHINE,35,58,50,318.20,15910.00
4828,4829,2023051001005877,GVL,55,58,40,402.00,16080.00
4829,4830,2023051001005876,SMJC,25,38,10,245.50,2455.00
4830,4831,2023051001005875,MAKAR,35,56,10,250.00,2500.00
4831,4832,2023051001005874,DORDI,42,58,10,270.00,2700.00
4832,4833,2023051001005873,DORDI,42,22,10,270.00,2700.00
4833,4834,2023051001005872,DORDI,42,16,10,270.00,2700.00
4834,4835,2023051001005871,DORDI,42,58,10,269.50,2695.00
4835,4836,2023051003001629,MFIL,13,51,50,422.00,21100.00
4836,4837,2023051001005870,PRVU,4,50,283,165.30,46779.90
4837,4838,2023051001005869,PRVU,48,50,22,165.40,3638.80
4838,4839,2023051001005868,KDL,13,58,10,716.00,7160.00
4839,4840,2023051001005867,KBL,46,17,10,165.00,1650.00
4840,4841,2023051003001628,RLFL,36,56,157,282.20,44305.40
4841,4842,2023051001005866,KDL,13,43,10,716.00,7160.00
4842,4843,2023051004002701,UMRH,1,13,10,455.00,4550.00
4843,4844,2023051003001627,FMDBL,48,6,10,509.00,5090.00
4844,4845,2023051004002700,BPCL,49,58,10,315.00,3150.00
4845,4846,2023051001005865,BHDC,50,43,10,390.10,3901.00
4846,4847,2023051001005864,KDL,50,50,100,725.00,72500.00
4847,4848,2023051004002699,CHL,5,16,170,270.50,45985.00
4848,4849,2023051004002698,CHL,45,16,30,270.60,8118.00
4849,4850,2023051005001065,NRIC,57,35,35,681.00,23835.00
4850,4851,2023051005001064,NRIC,16,35,35,681.00,23835.00
4851,4852,2023051003001626,NLBBL,13,17,93,551.00,51243.00
4852,4853,2023051003001625,NLBBL,37,17,50,551.00,27550.00
4853,4854,2023051001005863,GBIME,46,52,10,183.60,1836.00
4854,4855,2023051001005862,GVL,55,34,20,402.00,8040.00
4855,4856,2023051001005861,NICA,25,48,19,710.10,13491.90
4856,4857,2023051001005860,NICA,49,48,50,710.80,35540.00
4857,4858,2023051004002697,UPPER,17,41,80,409.60,32768.00
4858,4859,2023051001005859,HDL,58,55,23,1894.20,43566.60
4859,4860,2023051001005858,HDL,41,55,10,1895.00,18950.00
4860,4861,2023051001005857,HDL,49,55,47,1895.00,89065.00
4861,4862,2023051001005856,HDL,58,55,20,1895.10,37902.00
4862,4863,2023051001005855,HDL,53,55,20,1896.00,37920.00
4863,4864,2023051001005854,HDL,6,55,24,1896.00,45504.00
4864,4865,2023051001005853,HDL,56,55,10,1896.10,18961.00
4865,4866,2023051001005852,HDL,41,55,50,1896.20,94810.00
4866,4867,2023051001005851,CZBIL,46,48,10,170.90,1709.00
4867,4868,2023051001005850,MAKAR,35,52,10,250.00,2500.00
4868,4869,2023051004002696,SHL,45,1,585,265.00,155025.00
4869,4870,2023051004002695,SHL,45,52,100,265.00,26500.00
4870,4871,2023051004002694,SHL,45,45,105,265.00,27825.00
4871,4872,2023051004002693,SHL,45,48,100,265.00,26500.00
4872,4873,2023051004002692,SHL,45,6,110,265.00,29150.00
4873,4874,2023051001005849,MAKAR,35,57,10,250.00,2500.00
4874,4875,2023051004002691,HURJA,46,14,20,251.10,5022.00
4875,4876,2023051004002690,HDHPC,19,33,14,163.00,2282.00
4876,4877,2023051001005848,NMB,17,56,45,234.00,10530.00
4877,4878,2023051001005847,NMB,19,56,30,234.10,7023.00
4878,4879,2023051003001624,GBBL,44,49,20,350.10,7002.00
4879,4880,2023051001005846,SHIVM,47,58,50,402.00,20100.00
4880,4881,2023051001005845,HHL,47,58,10,253.10,2531.00
4881,4882,2023051001005844,SBL,54,14,30,246.00,7380.00
4882,4883,2023051001005843,SBL,42,14,10,246.00,2460.00
4883,4884,2023051001005842,SBL,42,14,100,246.00,24600.00
4884,4885,2023051001005841,NIMB,28,54,34,180.70,6143.80
4885,4886,2023051004002689,CHCL,46,8,10,468.80,4688.00
4886,4887,2023051001005840,TAMOR,34,6,10,272.00,2720.00
4887,4888,2023051004002688,UPPER,17,21,18,409.60,7372.80
4888,4889,2023051004002687,UPPER,20,21,16,409.60,6553.60
4889,4890,2023051001005839,MHL,22,42,77,324.10,24955.70
4890,4891,2023051001005838,MHL,58,42,123,324.30,39888.90
4891,4892,2023051005001063,NRIC,25,35,20,681.10,13622.00
4892,4893,2023051003001623,SHINE,35,26,200,318.20,63640.00
4893,4894,2023051003001622,MPFL,1,49,50,306.00,15300.00
4894,4895,2023051005001062,NIFRA,57,57,54,206.10,11129.40
4895,4896,2023051001005837,SMJC,25,42,10,245.50,2455.00
4896,4897,2023051005001061,NRIC,38,35,10,681.10,6811.00
4897,4898,2023051001005836,PHCL,58,14,400,311.00,124400.00
4898,4899,2023051001005835,GVL,55,39,10,402.00,4020.00
4899,4900,2023051003001621,CBBL,46,25,10,789.00,7890.00
4900,4901,2023051005001060,NIFRA,57,56,54,206.10,11129.40
4901,4902,2023051003001620,NLIC,44,8,22,658.00,14476.00
4902,4903,2023051003001619,MLBL,26,38,100,299.00,29900.00
4903,4904,2023051004002686,HURJA,53,14,650,251.10,163215.00
4904,4905,2023051001005834,MAKAR,35,49,10,250.00,2500.00
4905,4906,2023051003001618,GMFIL,14,25,50,299.00,14950.00
4906,4907,2023051004002685,SJCL,21,6,20,265.50,5310.00
4907,4908,2023051004002684,SJCL,49,6,20,265.60,5312.00
4908,4909,2023051004002683,UMHL,28,42,300,226.00,67800.00
4909,4910,2023051001005833,ULBSL,51,14,10,1290.00,12900.00
4910,4911,2023051004002682,HDHPC,58,33,100,163.00,16300.00
4911,4912,2023051004002681,HDHPC,21,33,25,163.00,4075.00
4912,4913,2023051004002680,HDHPC,35,33,11,163.00,1793.00
4913,4914,2023051004002679,HURJA,58,14,35,251.10,8788.50
4914,4915,2023051001005832,SMJC,25,39,10,245.50,2455.00
4915,4916,2023051001005831,TAMOR,34,35,10,272.00,2720.00
4916,4917,2023051004002678,HDHPC,19,57,100,163.90,16390.00
4917,4918,2023051003001617,MNBBL,16,58,14,384.90,5388.60
4918,4919,2023051001005830,SMJC,25,43,10,245.50,2455.00
4919,4920,2023051003001616,GBLBS,10,36,50,436.00,21800.00
4920,4921,2023051003001615,GBLBS,50,36,10,438.00,4380.00
4921,4922,2023051003001614,GBBL,44,3,13,350.10,4551.30
4922,4923,2023051001005829,NABIL,20,28,30,595.00,17850.00
4923,4924,2023051001005828,NABIL,16,28,100,595.00,59500.00
4924,4925,2023051001005827,NABIL,1,28,110,595.00,65450.00
4925,4926,2023051001005826,NABIL,45,28,500,595.00,297500.00
4926,4927,2023051001005825,NABIL,55,28,20,595.00,11900.00
4927,4928,2023051001005824,NABIL,10,28,20,595.00,11900.00
4928,4929,2023051001005823,NABIL,43,28,500,595.10,297550.00
4929,4930,2023051001005822,NABIL,45,28,500,595.10,297550.00
4930,4931,2023051001005821,NABIL,28,28,100,595.10,59510.00
4931,4932,2023051001005820,NABIL,58,28,300,595.20,178560.00
4932,4933,2023051001005819,NABIL,58,28,20,595.30,11906.00
4933,4934,2023051001005818,NABIL,43,28,500,595.50,297750.00
4934,4935,2023051001005817,GBBD85,6,1,25,805.00,20125.00
4935,4936,2023051001005816,BNHC,57,35,10,353.10,3531.00
4936,4937,2023051001005815,HBL,22,8,89,216.60,19277.40
4937,4938,2023051001005814,RHGCL,16,42,10,255.00,2550.00
4938,4939,2023051001005813,MAKAR,35,37,10,250.00,2500.00
4939,4940,2023051001005812,KBL,40,17,56,165.00,9240.00
4940,4941,2023051001005811,RHGCL,16,43,10,255.00,2550.00
4941,4942,2023051004002677,HDHPC,21,57,20,163.90,3278.00
4942,4943,2023051004002676,HDHPC,35,58,90,163.00,14670.00
4943,4944,2023051001005810,MBJC,58,14,270,280.00,75600.00
4944,4945,2023051001005809,GVL,55,39,290,403.00,116870.00
4945,4946,2023051001005808,GVL,45,39,390,403.10,157209.00
4946,4947,2023051003001613,GILB,26,44,1,740.00,740.00
4947,4948,2023051001005807,MAKAR,35,35,10,250.00,2500.00
4948,4949,2023051004002675,SHL,22,6,100,265.00,26500.00
4949,4950,2023051001005806,EBL,32,34,100,531.10,53110.00
4950,4951,2023051004002674,NHPC,51,22,110,205.00,22550.00
4951,4952,2023051001005805,MHCL,26,58,10,216.50,2165.00
4952,4953,2023051001005804,MHCL,42,35,20,216.30,4326.00
4953,4954,2023051003001612,NADEP,57,35,10,500.00,5000.00
4954,4955,2023051001005803,KBL,40,45,44,165.00,7260.00
4955,4956,2023051001005802,KBL,41,45,35,165.00,5775.00
4956,4957,2023051001005801,MHCL,42,43,10,216.30,2163.00
4957,4958,2023051004002673,HDHPC,59,33,500,163.10,81550.00
4958,4959,2023051004002672,AKPL,58,55,100,361.00,36100.00
4959,4960,2023051001005800,GBIME,56,52,180,183.60,33048.00
4960,4961,2023051001005799,GBIME,34,52,86,183.70,15798.20
4961,4962,2023051001005798,MBJC,58,11,10,280.00,2800.00
4962,4963,2023051003001611,SHINE,35,26,100,318.20,31820.00
4963,4964,2023051003001610,MLBL,26,38,100,299.00,29900.00
4964,4965,2023051001005797,MAKAR,35,49,10,250.00,2500.00
4965,4966,2023051003001609,JBBL,50,55,10,258.00,2580.00
4966,4967,2023051003001608,LBBL,1,57,160,329.00,52640.00
4967,4968,2023051001005796,MAKAR,35,43,10,250.00,2500.00
4968,4969,2023051004002671,NICL,32,47,10,531.00,5310.00
4969,4970,2023051001005795,HBL,28,8,100,216.70,21670.00
4970,4971,2023051001005794,HBL,38,8,200,216.70,43340.00
4971,4972,2023051003001607,DDBL,42,16,18,625.00,11250.00
4972,4973,2023051001005793,NICA,8,58,10,712.00,7120.00
4973,4974,2023051001005792,NICA,58,58,27,712.00,19224.00
4974,4975,2023051001005791,NICA,21,58,35,712.00,24920.00
4975,4976,2023051001005790,NICA,11,58,85,712.00,60520.00
4976,4977,2023051001005789,GVL,45,43,10,403.10,4031.00
4977,4978,2023051004002670,HDHPC,39,36,185,164.00,30340.00
4978,4979,2023051004002669,HDHPC,39,57,200,164.00,32800.00
4979,4980,2023051004002668,HDHPC,39,53,115,164.00,18860.00
4980,4981,2023051004002667,PMHPL,42,34,10,218.10,2181.00
4981,4982,2023051003001606,SAPDBL,47,48,481,228.00,109668.00
4982,4983,2023051001005788,DORDI,32,43,10,267.00,2670.00
4983,4984,2023051004002666,KKHC,40,44,10,215.30,2153.00
4984,4985,2023051001005787,HBL,6,8,50,216.80,10840.00
4985,4986,2023051001005786,HBL,28,8,500,216.80,108400.00
4986,4987,2023051001005785,CZBIL,51,57,1500,169.50,254250.00
4987,4988,2023051001005784,SPC,14,34,100,410.00,41000.00
4988,4989,2023051004002665,UPPER,20,21,34,409.60,13926.40
4989,4990,2023051004002664,SHEL,51,14,100,277.20,27720.00
4990,4991,2023051004002663,SHEL,38,14,30,277.30,8319.00
4991,4992,2023051004002662,HDHPC,45,53,85,164.00,13940.00
4992,4993,2023051004002661,HDHPC,45,33,165,164.00,27060.00
4993,4994,2023051001005783,TAMOR,34,58,10,272.00,2720.00
4994,4995,2023051001005782,SMJC,25,32,10,245.50,2455.00
4995,4996,2023051001005781,BHL,52,43,10,284.00,2840.00
4996,4997,2023051001005780,EBL,16,40,200,531.90,106380.00
4997,4998,2023051001005779,NABIL,34,4,65,597.00,38805.00
4998,4999,2023051004002660,PMHPL,11,35,15,220.00,3300.00
4999,5000,2023051003001605,NLBBL,47,17,500,553.00,276500.00
5000,5001,2023051004002659,OHL,39,34,10,572.20,5722.00
5001,5002,2023051005001059,NIFRA,57,39,46,206.10,9480.60
5002,5003,2023051005001058,NIFRA,42,39,18,206.10,3709.80
5003,5004,2023051001005778,MHL,58,42,185,325.00,60125.00
5004,5005,2023051001005777,MHL,45,42,100,325.00,32500.00
5005,5006,2023051001005776,MHL,13,42,90,326.60,29394.00
5006,5007,2023051001005775,MHL,38,42,20,327.00,6540.00
5007,5008,2023051001005774,MHL,39,42,40,327.00,13080.00
5008,5009,2023051001005773,MHL,22,42,20,327.10,6542.00
5009,5010,2023051001005772,MHL,20,42,20,327.30,6546.00
5010,5011,2023051001005771,SHIVM,6,37,82,401.20,32898.40
5011,5012,2023051001005770,SHIVM,45,37,20,401.50,8030.00
5012,5013,2023051001005769,SHIVM,41,37,20,402.00,8040.00
5013,5014,2023051001005768,SHIVM,4,37,28,402.00,11256.00
5014,5015,2023051005001057,NRIC,42,58,10,681.20,6812.00
5015,5016,2023051001005767,NIMB,58,13,20,181.00,3620.00
5016,5017,2023051003001604,NADEP,58,35,10,508.90,5089.00
5017,5018,2023051004002658,NICL,32,47,44,531.00,23364.00
5018,5019,2023051004002657,UPPER,48,42,10,410.00,4100.00
5019,5020,2023051005001056,NTC,34,4,20,796.10,15922.00
5020,5021,2023051001005766,SHIVM,4,16,40,402.00,16080.00
5021,5022,2023051001005765,SHIVM,34,16,60,402.10,24126.00
5022,5023,2023051004002656,HDHPC,55,33,15,164.00,2460.00
5023,5024,2023051001005764,SHIVM,6,16,30,403.00,12090.00
5024,5025,2023051001005763,HBL,29,44,110,218.00,23980.00
5025,5026,2023051004002655,AHPC,34,21,64,280.00,17920.00
5026,5027,2023051003001603,NMBMF,11,35,240,489.60,117504.00
5027,5028,2023051001005762,MBJC,58,13,10,280.00,2800.00
5028,5029,2023051004002654,NICL,32,33,50,530.00,26500.00
5029,5030,2023051004002653,NICL,32,42,300,529.30,158790.00
5030,5031,2023051004002652,NICL,32,47,10,529.30,5293.00
5031,5032,2023051004002651,NICL,32,14,111,529.00,58719.00
5032,5033,2023051004002650,NICL,32,53,100,529.00,52900.00
5033,5034,2023051004002649,NICL,32,33,20,529.00,10580.00
5034,5035,2023051001005761,HBL,4,8,200,217.00,43400.00
5035,5036,2023051001005760,HBL,4,8,15,217.00,3255.00
5036,5037,2023051001005759,HBL,42,8,50,217.00,10850.00
5037,5038,2023051001005758,GVL,45,33,500,403.10,201550.00
5038,5039,2023051001005757,SMHL,53,21,10,389.70,3897.00
5039,5040,2023051001005756,SMHL,53,49,10,389.70,3897.00
5040,5041,2023051001005755,SMHL,53,19,10,389.60,3896.00
5041,5042,2023051001005754,SMHL,53,19,10,389.60,3896.00
5042,5043,2023051001005753,SMHL,53,35,10,389.50,3895.00
5043,5044,2023051001005752,SMHL,53,49,10,389.50,3895.00
5044,5045,2023051001005751,SMHL,53,19,10,389.40,3894.00
5045,5046,2023051001005750,SMHL,53,19,10,389.40,3894.00
5046,5047,2023051001005749,SMHL,53,14,30,389.10,11673.00
5047,5048,2023051001005748,SCB,44,44,50,530.00,26500.00
5048,5049,2023051001005747,HBL,34,8,200,217.10,43420.00
5049,5050,2023051001005746,GVL,45,26,30,403.10,12093.00
5050,5051,2023051001005745,SHIVM,6,16,30,403.00,12090.00
5051,5052,2023051001005744,GBIME,34,49,100,183.80,18380.00
5052,5053,2023051004002648,NIL,38,25,1200,724.00,868800.00
5053,5054,2023051004002647,NIL,38,33,26,724.00,18824.00
5054,5055,2023051001005743,PPL,4,59,152,260.00,39520.00
5055,5056,2023051001005742,PPL,35,59,48,260.00,12480.00
5056,5057,2023051001005741,MAKAR,35,49,10,250.00,2500.00
5057,5058,2023051004002646,SHL,45,6,790,265.00,209350.00
5058,5059,2023051004002645,SHL,45,42,210,265.00,55650.00
5059,5060,2023051004002644,NICL,32,48,160,528.90,84624.00
5060,5061,2023051004002643,NICL,32,34,200,528.80,105760.00
5061,5062,2023051004002642,NICL,32,39,500,528.10,264050.00
5062,5063,2023051004002641,NICL,32,34,44,525.00,23100.00
5063,5064,2023051004002640,NICL,32,32,30,525.00,15750.00
5064,5065,2023051004002639,NICL,32,49,125,525.00,65625.00
5065,5066,2023051004002638,NICL,32,16,206,524.90,108129.40
5066,5067,2023051004002637,NICL,32,34,100,524.90,52490.00
5067,5068,2023051001005740,MBJC,58,7,10,280.00,2800.00
5068,5069,2023051001005739,NIMB,28,48,18,180.70,3252.60
5069,5070,2023051001005738,NIMB,42,48,11,180.80,1988.80
5070,5071,2023051001005737,SMJC,35,32,100,247.00,24700.00
5071,5072,2023051001005736,SMJC,25,32,50,247.00,12350.00
5072,5073,2023051001005735,MAKAR,41,11,10,250.10,2501.00
5073,5074,2023051001005734,SHIVM,6,16,40,403.00,16120.00
5074,5075,2023051004002636,TRH,34,42,19,517.00,9823.00
5075,5076,2023051001005733,MHCL,42,39,10,216.30,2163.00
5076,5077,2023051001005732,SMHL,56,21,50,389.00,19450.00
5077,5078,2023051001005731,SMHL,56,28,10,389.00,3890.00
5078,5079,2023051001005730,SMHL,56,58,10,389.00,3890.00
5079,5080,2023051001005729,SMHL,56,20,360,389.00,140040.00
5080,5081,2023051001005728,SMHL,56,1,10,389.00,3890.00
5081,5082,2023051001005727,SMHL,56,22,10,387.00,3870.00
5082,5083,2023051001005726,SMHL,56,49,10,386.00,3860.00
5083,5084,2023051001005725,MKHC,58,51,10,243.00,2430.00
5084,5085,2023051001005724,MKHC,58,58,10,243.00,2430.00
5085,5086,2023051005001055,KEF,34,43,1900,8.00,15200.00
5086,5087,2023051005001054,KEF,34,56,900,8.00,7200.00
5087,5088,2023051005001053,KEF,34,58,100,8.00,800.00
5088,5089,2023051001005723,MHCL,42,45,10,216.30,2163.00
5089,5090,2023051001005722,HBL,42,8,600,217.20,130320.00
5090,5091,2023051001005721,SAHAS,41,13,10,493.30,4933.00
5091,5092,2023051001005720,PHCL,58,49,10,314.00,3140.00
5092,5093,2023051001005719,PHCL,58,59,10,314.00,3140.00
5093,5094,2023051001005718,PHCL,58,14,10,313.00,3130.00
5094,5095,2023051001005717,PHCL,58,38,10,312.40,3124.00
5095,5096,2023051001005716,PHCL,58,35,10,312.00,3120.00
5096,5097,2023051001005715,PHCL,58,46,10,312.00,3120.00
5097,5098,2023051001005714,PHCL,58,19,10,312.00,3120.00
5098,5099,2023051001005713,PHCL,58,55,10,312.00,3120.00
5099,5100,2023051001005712,PHCL,58,32,10,312.00,3120.00
5100,5101,2023051001005711,PHCL,58,44,10,312.00,3120.00
5101,5102,2023051001005710,PHCL,58,42,10,311.80,3118.00
5102,5103,2023051001005709,PHCL,58,42,10,311.40,3114.00
5103,5104,2023051001005708,PHCL,58,35,10,311.10,3111.00
5104,5105,2023051001005707,PHCL,58,45,10,311.10,3111.00
5105,5106,2023051001005706,PHCL,58,28,10,311.00,3110.00
5106,5107,2023051003001602,BFC,42,52,752,300.00,225600.00
5107,5108,2023051003001601,BFC,22,52,48,300.00,14400.00
5108,5109,2023051003001600,NADEP,25,35,10,508.80,5088.00
5109,5110,2023051001005705,MAKAR,41,49,10,250.10,2501.00
5110,5111,2023051003001599,KSBBL,43,43,464,295.00,136880.00
5111,5112,2023051001005704,SCB,44,8,411,530.00,217830.00
5112,5113,2023051001005703,MBJC,58,13,10,280.00,2800.00
5113,5114,2023051001005702,HBL,45,8,50,218.00,10900.00
5114,5115,2023051001005701,SPHL,42,39,10,362.30,3623.00
5115,5116,2023051001005700,KDL,50,34,100,725.00,72500.00
5116,5117,2023051001005699,TAMOR,16,52,10,273.00,2730.00
5117,5118,2023051001005698,MBJC,58,22,10,280.00,2800.00
5118,5119,2023051001005697,ADBL,58,53,10,233.90,2339.00
5119,5120,2023051001005696,SHIVM,6,16,40,403.00,16120.00
5120,5121,2023051001005695,SHIVM,6,34,10,403.00,4030.00
5121,5122,2023051001005694,MAKAR,41,54,10,250.10,2501.00
5122,5123,2023051004002635,SGIC,26,48,20,433.40,8668.00
5123,5124,2023051004002634,PMHPL,11,35,15,219.00,3285.00
5124,5125,2023051004002633,AHPC,37,16,20,281.00,5620.00
5125,5126,2023051001005693,KDL,25,43,20,730.00,14600.00
5126,5127,2023051001005692,KDL,25,43,10,730.00,7300.00
5127,5128,2023051001005691,SPC,37,34,50,405.00,20250.00
5128,5129,2023051001005690,SPC,57,34,300,405.00,121500.00
5129,5130,2023051001005689,SPC,34,34,1000,405.00,405000.00
5130,5131,2023051001005688,SPC,50,34,30,405.00,12150.00
5131,5132,2023051001005687,SPC,36,34,20,406.00,8120.00
5132,5133,2023051001005686,SPC,14,34,100,406.30,40630.00
5133,5134,2023051001005685,MAKAR,41,52,10,250.10,2501.00
5134,5135,2023051001005684,MAKAR,41,13,10,250.10,2501.00
5135,5136,2023051001005683,SMJC,38,32,10,247.20,2472.00
5136,5137,2023051001005682,SMJC,59,32,10,247.30,2473.00
5137,5138,2023051003001598,KLBSL,48,51,10,566.00,5660.00
5138,5139,2023051004002632,TRH,34,34,150,517.00,77550.00
5139,5140,2023051001005681,SHIVM,22,34,50,403.00,20150.00
5140,5141,2023051001005680,KDL,25,55,30,730.00,21900.00
5141,5142,2023051001005679,KDL,25,55,60,730.00,43800.00
5142,5143,2023051001005678,KDL,25,55,10,730.00,7300.00
5143,5144,2023051004002631,AHPC,34,37,24,280.00,6720.00
5144,5145,2023051001005677,EBL,35,53,100,531.00,53100.00
5145,5146,2023051001005676,EBL,35,53,800,531.00,424800.00
5146,5147,2023051001005675,PRVU,54,50,50,165.90,8295.00
5147,5148,2023051004002630,BARUN,58,3,105,238.00,24990.00
5148,5149,2023051004002629,BARUN,58,3,74,238.00,17612.00
5149,5150,2023051005001052,NRIC,57,16,10,683.00,6830.00
5150,5151,2023051001005674,SPC,21,34,10,406.50,4065.00
5151,5152,2023051001005673,SPC,6,34,580,406.60,235828.00
5152,5153,2023051001005672,SPC,13,34,10,406.70,4067.00
5153,5154,2023051001005671,SPC,45,34,100,407.00,40700.00
5154,5155,2023051003001597,CBBL,54,34,10,790.00,7900.00
5155,5156,2023051001005670,SMH,45,52,10,537.30,5373.00
5156,5157,2023051001005669,HBL,1,8,50,217.30,10865.00
5157,5158,2023051004002628,SPIL,10,28,27,570.20,15395.40
5158,5159,2023051001005668,SMHL,53,49,10,389.00,3890.00
5159,5160,2023051001005667,SMHL,53,52,10,388.60,3886.00
5160,5161,2023051001005666,SMHL,53,45,10,388.60,3886.00
5161,5162,2023051001005665,SMHL,53,58,10,388.00,3880.00
5162,5163,2023051001005664,SMHL,53,58,10,388.00,3880.00
5163,5164,2023051001005663,SMHL,53,41,10,387.00,3870.00
5164,5165,2023051001005662,SMHL,53,46,10,387.00,3870.00
5165,5166,2023051001005661,SMHL,53,58,10,387.00,3870.00
5166,5167,2023051001005660,SMHL,53,56,10,385.00,3850.00
5167,5168,2023051001005659,SMHL,53,51,10,385.00,3850.00
5168,5169,2023051001005658,SMHL,53,58,10,385.00,3850.00
5169,5170,2023051001005657,SMHL,53,45,10,385.00,3850.00
5170,5171,2023051003001596,MNBBL,19,41,118,385.00,45430.00
5171,5172,2023051003001595,SJLIC,48,48,9,409.80,3688.20
5172,5173,2023051004002627,TRH,34,21,11,517.00,5687.00
5173,5174,2023051001005656,SMJC,59,32,190,247.30,46987.00
5174,5175,2023051001005655,SMJC,14,32,20,247.40,4948.00
5175,5176,2023051001005654,SMJC,45,32,90,247.50,22275.00
5176,5177,2023051001005653,MAKAR,41,42,10,250.10,2501.00
5177,5178,2023051003001594,MNBBL,19,26,32,385.00,12320.00
5178,5179,2023051001005652,MAKAR,41,56,10,250.10,2501.00
5179,5180,2023051001005651,KDL,25,34,20,730.00,14600.00
5180,5181,2023051003001593,JFL,45,45,10,350.00,3500.00
5181,5182,2023051001005650,HBL,22,8,200,217.50,43500.00
5182,5183,2023051001005649,BNHC,42,28,201,355.00,71355.00
5183,5184,2023051001005648,MBJC,58,52,20,280.00,5600.00
5184,5185,2023051001005647,SMHL,18,48,10,383.40,3834.00
5185,5186,2023051001005646,NIMB,49,13,100,181.00,18100.00
5186,5187,2023051001005645,KDL,25,43,20,730.00,14600.00
5187,5188,2023051001005644,MHCL,42,42,10,216.30,2163.00
5188,5189,2023051001005643,MAKAR,41,49,10,250.10,2501.00
5189,5190,2023051003001592,PROFL,22,17,10,285.10,2851.00
5190,5191,2023051001005642,GVL,45,48,50,403.10,20155.00
5191,5192,2023051001005641,MBJC,48,52,190,280.10,53219.00
5192,5193,2023051004002626,TRH,34,21,30,517.00,15510.00
5193,5194,2023051001005640,HBL,47,8,78,217.70,16980.60
5194,5195,2023051004002625,NIL,16,49,27,721.30,19475.10
5195,5196,2023051004002624,NIL,43,49,25,721.40,18035.00
5196,5197,2023051004002623,NIL,48,49,100,721.50,72150.00
5197,5198,2023051003001591,NLIC,44,6,128,658.00,84224.00
5198,5199,2023051003001590,NLIC,45,6,72,658.00,47376.00
5199,5200,2023051001005639,SMJC,32,57,10,248.00,2480.00
5200,5201,2023051001005638,MAKAR,41,21,10,250.10,2501.00
5201,5202,2023051003001589,MFIL,54,49,30,423.00,12690.00
5202,5203,2023051001005637,HHL,58,19,10,255.00,2550.00
5203,5204,2023051001005636,UHEWA,26,46,10,376.00,3760.00
5204,5205,2023051004002622,NHPC,45,44,200,206.70,41340.00
5205,5206,2023051004002621,NHPC,45,58,40,206.50,8260.00
5206,5207,2023051004002620,AKPL,6,39,10,363.00,3630.00
5207,5208,2023051001005635,NABIL,34,51,10,597.00,5970.00
5208,5209,2023051004002619,RADHI,59,41,11,236.50,2601.50
5209,5210,2023051004002618,AHPC,34,46,10,280.00,2800.00
5210,5211,2023051001005634,KDL,25,34,10,730.00,7300.00
5211,5212,2023051001005633,KDL,25,42,20,730.00,14600.00
5212,5213,2023051001005632,MAKAR,41,42,10,250.10,2501.00
5213,5214,2023051003001588,NLIC,29,19,80,658.00,52640.00
5214,5215,2023051001005631,PCBL,8,45,749,194.00,145306.00
5215,5216,2023051001005630,MAKAR,35,49,10,250.00,2500.00
5216,5217,2023051001005629,MHCL,42,42,10,216.30,2163.00
5217,5218,2023051001005628,MAKAR,35,21,10,250.00,2500.00
5218,5219,2023051001005627,MAKAR,35,11,10,250.00,2500.00
5219,5220,2023051001005626,BNT,19,55,10,11650.00,116500.00
5220,5221,2023051003001587,ILBS,37,43,10,580.00,5800.00
5221,5222,2023051001005625,PCBL,47,45,10,194.00,1940.00
5222,5223,2023051001005624,PCBL,56,45,10,194.00,1940.00
5223,5224,2023051004002617,UMHL,28,42,200,226.00,45200.00
5224,5225,2023051003001586,CBBL,29,33,60,790.00,47400.00
5225,5226,2023051001005623,MHL,39,41,10,327.60,3276.00
5226,5227,2023051001005622,TAMOR,16,33,10,273.00,2730.00
5227,5228,2023051001005621,SMJC,42,32,40,248.00,9920.00
5228,5229,2023051001005620,SMJC,29,32,70,248.00,17360.00
5229,5230,2023051001005619,SMJC,58,32,30,248.50,7455.00
5230,5231,2023051003001585,ICFC,43,51,15,406.60,6099.00
5231,5232,2023051001005618,MAKAR,36,49,10,250.10,2501.00
5232,5233,2023051004002616,BPCL,49,50,31,315.00,9765.00
5233,5234,2023051004002615,UPCL,34,55,10,225.00,2250.00
5234,5235,2023051001005617,GBIME,36,18,75,184.00,13800.00
5235,5236,2023051001005616,GBIME,36,48,425,184.00,78200.00
5236,5237,2023051001005615,SMJC,58,36,10,248.50,2485.00
5237,5238,2023051001005614,EBL,16,57,10,532.00,5320.00
5238,5239,2023051001005613,MBJC,48,50,10,280.10,2801.00
5239,5240,2023051003001584,NSLB,14,34,50,550.00,27500.00
5240,5241,2023051003001583,NSLB,32,34,50,550.10,27505.00
5241,5242,2023051001005612,NESDO,6,58,10,2025.00,20250.00
5242,5243,2023051001005611,MBJC,58,14,10,280.00,2800.00
5243,5244,2023051001005610,GBIME,20,48,75,184.00,13800.00
5244,5245,2023051003001582,GLBSL,21,7,13,690.90,8981.70
5245,5246,2023051003001581,BFC,49,52,100,301.00,30100.00
5246,5247,2023051004002614,HDHPC,16,33,20,164.00,3280.00
5247,5248,2023051001005609,KDL,25,42,80,730.00,58400.00
5248,5249,2023051001005608,KDL,25,52,10,728.30,7283.00
5249,5250,2023051001005607,KDL,25,49,30,728.00,21840.00
5250,5251,2023051001005606,KDL,25,58,10,728.00,7280.00
5251,5252,2023051001005605,KDL,25,58,10,727.00,7270.00
5252,5253,2023051001005604,KDL,25,19,10,727.00,7270.00
5253,5254,2023051001005603,KDL,25,59,10,727.00,7270.00
5254,5255,2023051001005602,KDL,25,42,10,726.30,7263.00
5255,5256,2023051001005601,KDL,25,50,10,726.00,7260.00
5256,5257,2023051001005600,KDL,25,34,10,726.00,7260.00
5257,5258,2023051001005599,KDL,25,56,10,725.20,7252.00
5258,5259,2023051001005598,TAMOR,16,58,10,273.00,2730.00
5259,5260,2023051001005597,LBLD88,49,1,22,761.50,16753.00
5260,5261,2023051001005596,LBLD88,13,1,25,762.00,19050.00
5261,5262,2023051001005595,LBLD88,45,1,27,762.10,20576.70
5262,5263,2023051001005594,LBLD88,45,1,26,762.10,19814.60
5263,5264,2023051004002613,AHPC,51,16,100,281.00,28100.00
5264,5265,2023051001005593,NICA,16,58,20,713.00,14260.00
5265,5266,2023051001005592,NIMB,50,13,79,181.00,14299.00
5266,5267,2023051001005591,TAMOR,16,52,10,273.00,2730.00
5267,5268,2023051004002612,RADHI,59,58,11,236.50,2601.50
5268,5269,2023051001005590,KBL,49,17,292,165.30,48267.60
5269,5270,2023051004002611,UIC,34,47,10,430.00,4300.00
5270,5271,2023051001005589,MBL,43,50,34,228.10,7755.40
5271,5272,2023051004002610,SGIC,26,48,20,433.40,8668.00
5272,5273,2023051001005588,TAMOR,16,51,10,273.00,2730.00
5273,5274,2023051001005587,MAKAR,35,49,10,250.00,2500.00
5274,5275,2023051003001580,BFC,22,52,100,301.00,30100.00
5275,5276,2023051001005586,SCB,8,8,89,532.00,47348.00
5276,5277,2023051004002609,HDHPC,42,33,50,164.00,8200.00
5277,5278,2023051004002608,HDHPC,42,56,50,164.00,8200.00
5278,5279,2023051001005585,SHIVM,34,34,40,403.00,16120.00
5279,5280,2023051003001579,NUBL,44,16,119,530.00,63070.00
5280,5281,2023051001005584,GBIME,14,8,20,184.00,3680.00
5281,5282,2023051005001051,HIDCL,6,35,25,180.00,4500.00
5282,5283,2023051001005583,USHEC,41,41,100,290.00,29000.00
5283,5284,2023051001005582,USHEC,41,51,10,290.00,2900.00
5284,5285,2023051001005581,USHEC,41,29,10,289.00,2890.00
5285,5286,2023051001005580,MBJC,58,58,10,280.00,2800.00
5286,5287,2023051001005579,KDL,50,26,10,725.00,7250.00
5287,5288,2023051001005578,KDL,50,57,10,725.00,7250.00
5288,5289,2023051001005577,KDL,50,35,10,725.00,7250.00
5289,5290,2023051001005576,KDL,50,29,10,725.00,7250.00
5290,5291,2023051001005575,KDL,50,34,10,725.00,7250.00
5291,5292,2023051001005574,KDL,50,3,10,725.00,7250.00
5292,5293,2023051001005573,KDL,50,21,10,725.00,7250.00
5293,5294,2023051001005572,KDL,50,43,10,724.00,7240.00
5294,5295,2023051001005571,KDL,50,49,10,724.00,7240.00
5295,5296,2023051001005570,KDL,50,6,10,724.00,7240.00
5296,5297,2023051001005569,KDL,50,7,10,724.00,7240.00
5297,5298,2023051001005568,KDL,50,35,10,723.00,7230.00
5298,5299,2023051001005567,KDL,50,35,10,723.00,7230.00
5299,5300,2023051001005566,KDL,50,49,10,723.00,7230.00
5300,5301,2023051001005565,KDL,50,58,10,723.00,7230.00
5301,5302,2023051001005564,KDL,50,38,10,721.10,7211.00
5302,5303,2023051001005563,KDL,50,49,10,721.00,7210.00
5303,5304,2023051001005562,KDL,50,58,10,720.00,7200.00
5304,5305,2023051001005561,KDL,50,19,10,720.00,7200.00
5305,5306,2023051001005560,KDL,50,45,10,720.00,7200.00
5306,5307,2023051001005559,KDL,50,38,10,720.00,7200.00
5307,5308,2023051001005558,KDL,50,35,10,720.00,7200.00
5308,5309,2023051001005557,PCBL,39,56,78,193.40,15085.20
5309,5310,2023051001005556,TAMOR,16,43,30,273.00,8190.00
5310,5311,2023051003001578,PLI,45,48,10,405.00,4050.00
5311,5312,2023051004002607,SICL,34,17,10,714.90,7149.00
5312,5313,2023051005001050,HIDCL,32,52,10,179.80,1798.00
5313,5314,2023051001005555,PPL,35,33,10,260.00,2600.00
5314,5315,2023051004002606,SHL,34,49,1000,265.00,265000.00
5315,5316,2023051003001577,SKBBL,34,58,20,820.00,16400.00
5316,5317,2023051003001576,NMFBS,57,6,20,1164.00,23280.00
5317,5318,2023051003001575,NMFBS,57,25,10,1162.90,11629.00
5318,5319,2023051001005554,SCB,8,25,11,532.00,5852.00
5319,5320,2023051001005553,SANIMA,17,50,500,243.00,121500.00
5320,5321,2023051001005552,SANIMA,38,50,100,243.00,24300.00
5321,5322,2023051005001049,HIDCL,29,35,63,180.00,11340.00
5322,5323,2023051005001048,HIDCL,29,45,37,179.90,6656.30
5323,5324,2023051001005551,NABIL,45,45,1107,598.00,661986.00
5324,5325,2023051001005550,NABIL,45,6,393,598.00,235014.00
5325,5326,2023051004002605,JOSHI,45,39,10,254.80,2548.00
5326,5327,2023051004002604,JOSHI,6,39,90,257.70,23193.00
5327,5328,2023051004002603,AHPC,45,16,17,281.00,4777.00
5328,5329,2023051001005549,PRVU,47,1,10,166.00,1660.00
5329,5330,2023051001005548,KDL,6,42,10,720.00,7200.00
5330,5331,2023051001005547,KDL,6,38,10,720.00,7200.00
5331,5332,2023051001005546,KDL,6,44,10,720.00,7200.00
5332,5333,2023051001005545,KDL,6,58,10,720.00,7200.00
5333,5334,2023051001005544,KDL,6,48,51,720.00,36720.00
5334,5335,2023051001005543,TAMOR,16,39,10,273.00,2730.00
5335,5336,2023051001005542,GBIME,34,47,11,183.70,2020.70
5336,5337,2023051001005541,SAHAS,41,14,30,493.30,14799.00
5337,5338,2023051003001574,MLBL,42,38,181,299.00,54119.00
5338,5339,2023051003001573,MLBL,42,45,19,299.00,5681.00
5339,5340,2023051004002602,JOSHI,6,39,10,257.70,2577.00
5340,5341,2023051001005540,CZBIL,51,48,726,169.50,123057.00
5341,5342,2023051001005539,CZBIL,28,48,100,169.60,16960.00
5342,5343,2023051001005538,CZBIL,19,48,50,169.70,8485.00
5343,5344,2023051001005537,CZBIL,5,48,24,170.00,4080.00
5344,5345,2023051001005536,CZBIL,40,48,100,170.00,17000.00
5345,5346,2023051001005535,PHCL,13,41,10,310.10,3101.00
5346,5347,2023051003001572,KSBBL,6,43,36,295.00,10620.00
5347,5348,2023051003001571,KSBBL,6,41,150,295.00,44250.00
5348,5349,2023051001005534,HBL,7,6,30,219.00,6570.00
5349,5350,2023051001005533,HBL,7,1,70,219.00,15330.00
5350,5351,2023051003001570,SAPDBL,47,41,19,228.00,4332.00
5351,5352,2023051004002601,HDHPC,48,56,50,164.00,8200.00
5352,5353,2023051004002600,AKJCL,48,53,200,207.20,41440.00
5353,5354,2023051004002599,OHL,34,34,1000,571.10,571100.00
5354,5355,2023051001005532,MAKAR,59,49,10,250.50,2505.00
5355,5356,2023051001005531,MAKAR,59,37,10,250.50,2505.00
5356,5357,2023051004002598,AKPL,25,29,180,361.10,64998.00
5357,5358,2023051001005530,SHIVM,47,16,100,403.00,40300.00
5358,5359,2023051001005529,SHIVM,22,33,106,404.00,42824.00
5359,5360,2023051001005528,SHIVM,22,44,81,404.00,32724.00
5360,5361,2023051001005527,SHIVM,22,44,86,403.90,34735.40
5361,5362,2023051001005526,SHIVM,22,8,227,403.50,91594.50
5362,5363,2023051004002597,SICL,52,17,250,710.00,177500.00
5363,5364,2023051004002596,SICL,32,17,100,710.30,71030.00
5364,5365,2023051004002595,SICL,26,17,10,710.40,7104.00
5365,5366,2023051004002594,SICL,25,17,300,712.00,213600.00
5366,5367,2023051001005525,AVYAN,47,16,10,575.00,5750.00
5367,5368,2023051003001569,CBBL,48,33,40,790.00,31600.00
5368,5369,2023051003001568,CBBL,48,41,90,790.00,71100.00
5369,5370,2023051003001567,CBBL,48,58,20,790.00,15800.00
5370,5371,2023051001005524,KDL,25,48,100,720.00,72000.00
5371,5372,2023051001005523,MAKAR,59,48,10,250.50,2505.00
5372,5373,2023051004002593,JOSHI,26,18,100,260.00,26000.00
5373,5374,2023051004002592,JOSHI,43,18,450,260.00,117000.00
5374,5375,2023051004002591,JOSHI,49,18,15,260.00,3900.00
5375,5376,2023051004002590,JOSHI,38,18,250,260.10,65025.00
5376,5377,2023051004002589,JOSHI,39,18,100,260.20,26020.00
5377,5378,2023051004002588,JOSHI,57,18,80,260.30,20824.00
5378,5379,2023051001005522,SAHAS,41,14,150,493.30,73995.00
5379,5380,2023051003001566,NLIC,7,39,36,658.90,23720.40
5380,5381,2023051004002587,TRH,34,49,280,517.00,144760.00
5381,5382,2023051004002586,HDHPC,56,49,204,164.00,33456.00
5382,5383,2023051004002585,HDHPC,56,13,100,163.90,16390.00
5383,5384,2023051004002584,AHPC,44,39,500,280.00,140000.00
5384,5385,2023051003001565,SADBL,50,41,50,275.00,13750.00
5385,5386,2023051005001047,HIDCL,51,45,200,179.90,35980.00
5386,5387,2023051003001564,ALICL,41,17,500,545.10,272550.00
5387,5388,2023051003001563,ALICL,6,17,50,546.00,27300.00
5388,5389,2023051003001562,ALICL,29,17,500,546.00,273000.00
5389,5390,2023051001005521,KBL,41,32,65,165.00,10725.00
5390,5391,2023051001005520,JBLB,16,42,14,1400.00,19600.00
5391,5392,2023051004002583,CHCL,49,49,240,464.00,111360.00
5392,5393,2023051001005519,MAKAR,59,49,10,250.50,2505.00
5393,5394,2023051004002582,AHPC,32,55,199,280.00,55720.00
5394,5395,2023051004002581,SHL,25,49,100,265.00,26500.00
5395,5396,2023051001005518,SHIVM,44,34,41,403.00,16523.00
5396,5397,2023051001005517,SHIVM,22,34,99,403.00,39897.00
5397,5398,2023051003001561,SADBL,51,41,67,277.00,18559.00
5398,5399,2023051001005516,GBIME,34,57,66,183.70,12124.20
5399,5400,2023051001005515,SCB,44,11,800,530.00,424000.00
5400,5401,2023051001005514,SCB,45,11,300,530.10,159030.00
5401,5402,2023051003001560,MFIL,28,49,10,423.00,4230.00
5402,5403,2023051001005513,TAMOR,16,58,10,273.00,2730.00
5403,5404,2023051001005512,MHCL,43,52,10,216.40,2164.00
5404,5405,2023051001005511,GVL,45,41,10,403.10,4031.00
5405,5406,2023051003001559,JBBL,50,34,10,258.00,2580.00
5406,5407,2023051001005510,TAMOR,5,58,10,273.30,2733.00
5407,5408,2023051001005509,GBIME,28,56,93,183.50,17065.50
5408,5409,2023051001005508,GBIME,48,56,37,183.50,6789.50
5409,5410,2023051005001046,NTC,34,38,90,796.10,71649.00
5410,5411,2023051001005507,SMHL,38,35,10,384.00,3840.00
5411,5412,2023051001005506,SMHL,38,34,10,384.00,3840.00
5412,5413,2023051001005505,SHIVM,16,8,1203,403.50,485410.50
5413,5414,2023051001005504,SBI,49,58,100,327.90,32790.00
5414,5415,2023051001005503,SCB,17,7,139,531.00,73809.00
5415,5416,2023051001005502,EHPL,32,29,10,353.70,3537.00
5416,5417,2023051001005501,EHPL,32,35,10,353.00,3530.00
5417,5418,2023051001005500,SANIMA,14,4,10,244.00,2440.00
5418,5419,2023051001005499,SANIMA,28,4,490,244.00,119560.00
5419,5420,2023051003001558,NUBL,44,49,50,530.00,26500.00
5420,5421,2023051004002580,AKJCL,40,37,10,207.90,2079.00
5421,5422,2023051005001045,NIFRA,32,55,10,207.00,2070.00
5422,5423,2023051001005498,MAKAR,59,49,10,250.50,2505.00
5423,5424,2023051001005497,RHGCL,16,22,10,255.00,2550.00
5424,5425,2023051001005496,PRVU,41,56,137,165.30,22646.10
5425,5426,2023051001005495,BHPL,16,17,10,434.40,4344.00
5426,5427,2023051001005494,SHIVM,16,8,60,403.50,24210.00
5427,5428,2023051003001557,NUBL,37,38,100,531.00,53100.00
5428,5429,2023051001005493,NABIL,58,6,18,598.00,10764.00
5429,5430,2023051001005492,BHL,21,38,10,289.00,2890.00
5430,5431,2023051001005491,MKHC,34,57,10,244.00,2440.00
5431,5432,2023051003001556,JSLBB,55,55,100,908.00,90800.00
5432,5433,2023051004002579,NICL,56,49,15,525.00,7875.00
5433,5434,2023051001005490,MAKAR,59,56,10,250.50,2505.00
5434,5435,2023051001005489,NABIL,39,6,199,598.00,119002.00
5435,5436,2023051004002578,HDHPC,1,49,75,164.00,12300.00
5436,5437,2023051005001044,CIT,6,41,72,2016.00,145152.00
5437,5438,2023051004002577,HDHPC,42,49,57,164.00,9348.00
5438,5439,2023051004002576,API,58,55,38,230.00,8740.00
5439,5440,2023051004002575,API,58,58,30,230.00,6900.00
5440,5441,2023051004002574,SHL,49,49,400,265.00,106000.00
5441,5442,2023051004002573,HDHPC,44,34,232,163.90,38024.80
5442,5443,2023051003001555,MNBBL,57,26,268,385.00,103180.00
5443,5444,2023051003001554,MNBBL,57,6,132,385.00,50820.00
5444,5445,2023051004002572,API,59,58,500,230.00,115000.00
5445,5446,2023051005001043,CIT,55,41,20,2016.00,40320.00
5446,5447,2023051003001553,NUBL,45,38,100,531.00,53100.00
5447,5448,2023051003001552,MNBBL,25,6,25,385.00,9625.00
5448,5449,2023051001005488,NBL,49,58,100,249.00,24900.00
5449,5450,2023051001005487,NBL,40,58,15,249.20,3738.00
5450,5451,2023051001005486,NBL,35,58,33,249.50,8233.50
5451,5452,2023051001005485,KBL,10,17,11,165.30,1818.30
5452,5453,2023051005001042,NIFRA,38,32,12,206.00,2472.00
5453,5454,2023051004002571,HDHPC,46,49,20,164.00,3280.00
5454,5455,2023051004002570,SJCL,47,34,40,267.00,10680.00
5455,5456,2023051004002569,SJCL,47,16,20,267.00,5340.00
5456,5457,2023051004002568,SHL,45,8,476,265.00,126140.00
5457,5458,2023051004002567,SHL,45,49,200,265.00,53000.00
5458,5459,2023051004002566,SHL,45,42,1032,265.00,273480.00
5459,5460,2023051004002565,SHL,45,48,210,265.00,55650.00
5460,5461,2023051004002564,SHL,45,32,1157,265.00,306605.00
5461,5462,2023051004002563,SHL,45,32,100,265.00,26500.00
5462,5463,2023051004002562,SHL,45,16,500,265.00,132500.00
5463,5464,2023051004002561,SHL,45,17,1000,264.90,264900.00
5464,5465,2023051004002560,SHL,45,36,200,264.80,52960.00
5465,5466,2023051004002559,SHL,45,39,500,264.80,132400.00
5466,5467,2023051004002558,SHL,45,10,425,264.80,112540.00
5467,5468,2023051004002557,SHL,45,6,100,264.70,26470.00
5468,5469,2023051004002556,SHL,45,43,100,264.70,26470.00
5469,5470,2023051001005484,MAKAR,53,49,10,251.00,2510.00
5470,5471,2023051001005483,SHIVM,49,8,500,403.50,201750.00
5471,5472,2023051004002555,API,22,58,20,230.00,4600.00
5472,5473,2023051004002554,HDHPC,42,49,40,164.00,6560.00
5473,5474,2023051004002553,HDHPC,42,52,20,164.00,3280.00
5474,5475,2023051003001551,JSLBB,55,39,100,907.90,90790.00
5475,5476,2023051001005482,SAHAS,41,4,10,493.30,4933.00
5476,5477,2023051003001550,SLBBL,57,17,22,556.00,12232.00
5477,5478,2023051001005481,GVL,45,49,10,403.10,4031.00
5478,5479,2023051001005480,JALPA,53,42,16,1591.00,25456.00
5479,5480,2023051001005479,JALPA,44,42,10,1591.00,15910.00
5480,5481,2023051001005478,NABIL,6,6,390,598.00,233220.00
5481,5482,2023051001005477,NABIL,6,45,10,598.00,5980.00
5482,5483,2023051001005476,MAKAR,59,49,10,252.00,2520.00
5483,5484,2023051001005475,GBIME,45,8,181,184.00,33304.00
5484,5485,2023051001005474,GBIME,45,19,19,184.00,3496.00
5485,5486,2023051001005473,NIMB,10,13,11,181.50,1996.50
5486,5487,2023051001005472,SHIVM,3,8,10,403.50,4035.00
5487,5488,2023051004002552,SHPC,D01,49,578,329.80,190624.40
5488,5489,2023051004002551,SHPC,D01,38,500,329.70,164850.00
5489,5490,2023051004002550,SHPC,D01,25,557,329.00,183253.00
5490,5491,2023051004002549,SHPC,D01,39,500,329.00,164500.00
5491,5492,2023051004002548,SHPC,D01,44,100,329.00,32900.00
5492,5493,2023051004002547,SHPC,D01,44,100,329.00,32900.00
5493,5494,2023051004002546,SHPC,D01,52,140,329.00,46060.00
5494,5495,2023051004002545,SHPC,D01,29,379,328.90,124653.10
5495,5496,2023051004002544,SHPC,D01,51,96,328.80,31564.80
5496,5497,2023051004002543,SHPC,D01,57,50,327.90,16395.00
5497,5498,2023051001005471,MAKAR,59,7,10,252.00,2520.00
5498,5499,2023051003001549,SADBL,51,26,33,277.00,9141.00
5499,5500,2023051003001548,NLICL,29,45,200,570.60,114120.00
5500,5501,2023051003001547,NLICL,44,45,17,570.70,9701.90
5501,5502,2023051003001546,NLICL,48,45,79,570.70,45085.30
5502,5503,2023051003001545,NUBL,44,25,12,530.00,6360.00
5503,5504,2023051003001544,NUBL,44,5,200,530.00,106000.00
5504,5505,2023051003001543,NUBL,44,14,100,530.00,53000.00
5505,5506,2023051003001542,NFS,33,44,500,266.10,133050.00
5506,5507,2023051004002542,SHL,49,45,100,264.50,26450.00
5507,5508,2023051001005470,RHGCL,16,44,100,260.10,26010.00
5508,5509,2023051001005469,RHGCL,16,57,10,260.10,2601.00
5509,5510,2023051001005468,RHGCL,16,22,10,260.00,2600.00
5510,5511,2023051001005467,RHGCL,16,57,10,259.00,2590.00
5511,5512,2023051001005466,RHGCL,16,19,10,259.00,2590.00
5512,5513,2023051001005465,RHGCL,16,58,10,258.00,2580.00
5513,5514,2023051001005464,RHGCL,16,45,10,258.00,2580.00
5514,5515,2023051001005463,RHGCL,16,21,10,258.00,2580.00
5515,5516,2023051001005462,PCBL,56,54,10,194.40,1944.00
5516,5517,2023051001005461,BHPL,44,17,10,442.00,4420.00
5517,5518,2023051004002541,HDHPC,21,52,100,164.00,16400.00
5518,5519,2023051005001041,NIFRA,32,55,10,207.90,2079.00
5519,5520,2023051003001541,RLFL,53,32,1000,285.00,285000.00
5520,5521,2023051001005460,LBL,38,21,906,183.40,166160.40
5521,5522,2023051001005459,LBL,38,34,500,183.00,91500.00
5522,5523,2023051001005458,LBL,38,45,30,182.00,5460.00
5523,5524,2023051001005457,LBL,38,50,64,182.00,11648.00
5524,5525,2023051001005456,AHL,45,58,10,345.10,3451.00
5525,5526,2023051001005455,TAMOR,5,36,10,273.40,2734.00
5526,5527,2023051003001540,JFL,45,6,490,349.00,171010.00
5527,5528,2023051004002540,AHPC,32,41,100,280.00,28000.00
5528,5529,2023051001005454,MAKAR,59,45,10,252.00,2520.00
5529,5530,2023051001005453,MAKAR,59,51,10,252.00,2520.00
5530,5531,2023051001005452,MAKAR,59,4,10,252.00,2520.00
5531,5532,2023051001005451,MAKAR,59,44,10,252.00,2520.00
5532,5533,2023051001005450,MAKAR,59,38,10,252.00,2520.00
5533,5534,2023051001005449,MAKAR,59,25,10,252.00,2520.00
5534,5535,2023051001005448,MAKAR,59,13,10,252.00,2520.00
5535,5536,2023051001005447,MAKAR,59,41,10,252.00,2520.00
5536,5537,2023051001005446,KBL,38,35,12,165.00,1980.00
5537,5538,2023051001005445,NYADI,7,13,500,282.00,141000.00
5538,5539,2023051001005444,NBL,10,51,11,249.90,2748.90
5539,5540,2023051004002539,HDHPC,45,52,60,164.00,9840.00
5540,5541,2023051003001539,NUBL,54,16,13,530.00,6890.00
5541,5542,2023051003001538,PLI,45,34,10,405.00,4050.00
5542,5543,2023051001005443,HDL,6,48,50,1901.00,95050.00
5543,5544,2023051001005442,HDL,6,33,10,1900.00,19000.00
5544,5545,2023051001005441,HDL,6,53,40,1900.00,76000.00
5545,5546,2023051001005440,NABIL,54,10,20,598.00,11960.00
5546,5547,2023051001005439,MHCL,42,39,10,216.30,2163.00
5547,5548,2023051001005438,NIMB,50,32,14,181.00,2534.00
5548,5549,2023051001005437,NIMB,58,32,44,181.00,7964.00
5549,5550,2023051001005436,GBIME,8,19,400,184.00,73600.00
5550,5551,2023051004002538,API,56,58,500,230.00,115000.00
5551,5552,2023051003001537,MFIL,4,34,80,422.00,33760.00
5552,5553,2023051003001536,MFIL,49,34,200,422.00,84400.00
5553,5554,2023051003001535,NADEP,38,38,12,507.00,6084.00
5554,5555,2023051001005435,SANIMA,28,4,10,244.00,2440.00
5555,5556,2023051001005434,PCBL,25,39,397,194.00,77018.00
5556,5557,2023051001005433,PCBL,25,5,53,194.00,10282.00
5557,5558,2023051001005432,BHPL,38,17,10,434.20,4342.00
5558,5559,2023051003001534,MNBBL,14,6,25,385.00,9625.00
5559,5560,2023051001005431,TAMOR,5,42,10,273.30,2733.00
5560,5561,2023051001005430,TAMOR,5,8,10,273.20,2732.00
5561,5562,2023051001005429,TAMOR,5,28,10,273.10,2731.00
5562,5563,2023051001005428,TAMOR,5,42,10,273.10,2731.00
5563,5564,2023051001005427,TAMOR,5,34,10,273.00,2730.00
5564,5565,2023051001005426,TAMOR,5,16,10,272.00,2720.00
5565,5566,2023051004002537,HDHPC,42,52,20,164.00,3280.00
5566,5567,2023051005001040,CHDC,34,47,100,731.30,73130.00
5567,5568,2023051005001039,CHDC,34,47,100,731.30,73130.00
5568,5569,2023051005001038,CHDC,34,41,100,731.00,73100.00
5569,5570,2023051005001037,CHDC,34,17,100,730.00,73000.00
5570,5571,2023051005001036,CHDC,34,32,90,730.00,65700.00
5571,5572,2023051005001035,CHDC,34,39,10,730.00,7300.00
5572,5573,2023051005001034,CHDC,34,17,40,729.90,29196.00
5573,5574,2023051005001033,CHDC,34,5,10,729.90,7299.00
5574,5575,2023051004002536,JOSHI,39,57,10,263.00,2630.00
5575,5576,2023051001005425,JBLB,10,51,10,1405.00,14050.00
5576,5577,2023051001005424,PPL,45,38,10,261.00,2610.00
5577,5578,2023051001005423,MAKAR,53,39,10,251.00,2510.00
5578,5579,2023051001005422,BHPL,28,17,10,462.00,4620.00
5579,5580,2023051005001032,NTC,49,57,25,798.90,19972.50
5580,5581,2023051001005421,MAKAR,53,45,10,251.00,2510.00
5581,5582,2023051001005420,MAKAR,53,4,10,251.00,2510.00
5582,5583,2023051001005419,MAKAR,53,38,10,251.00,2510.00
5583,5584,2023051001005418,MAKAR,53,38,10,251.00,2510.00
5584,5585,2023051001005417,MAKAR,53,59,10,251.00,2510.00
5585,5586,2023051001005416,MAKAR,53,35,10,251.00,2510.00
5586,5587,2023051001005415,KBL,38,1,147,165.00,24255.00
5587,5588,2023051001005414,KBL,38,22,90,165.00,14850.00
5588,5589,2023051001005413,KBL,38,17,3000,165.00,495000.00
5589,5590,2023051001005412,KBL,38,11,100,165.00,16500.00
5590,5591,2023051001005411,KBL,38,20,151,164.90,24899.90
5591,5592,2023051001005410,NABIL,49,10,13,598.00,7774.00
5592,5593,2023051001005409,SPL,22,41,20,515.00,10300.00
5593,5594,2023051001005408,SPL,22,42,10,515.00,5150.00
5594,5595,2023051001005407,USHEC,41,35,10,289.80,2898.00
5595,5596,2023051001005406,USHEC,41,49,100,289.80,28980.00
5596,5597,2023051001005405,GBIME,56,19,10,184.00,1840.00
5597,5598,2023051004002535,HDHPC,44,33,118,163.90,19340.20
5598,5599,2023051004002534,HDHPC,44,56,50,163.80,8190.00
5599,5600,2023051005001031,NTC,34,4,25,796.10,19902.50
5600,5601,2023051004002533,API,59,58,200,230.00,46000.00
5601,5602,2023051001005404,BHPL,28,45,10,453.70,4537.00
5602,5603,2023051001005403,BHPL,28,6,40,444.70,17788.00
5603,5604,2023051001005402,BHPL,28,58,10,444.70,4447.00
5604,5605,2023051001005401,BHPL,28,57,10,444.00,4440.00
5605,5606,2023051001005400,BHPL,28,44,10,444.00,4440.00
5606,5607,2023051001005399,USHEC,41,22,10,289.00,2890.00
5607,5608,2023051001005398,USHEC,41,45,10,289.00,2890.00
5608,5609,2023051001005397,USHEC,41,58,10,289.00,2890.00
5609,5610,2023051001005396,USHEC,41,56,30,288.00,8640.00
5610,5611,2023051001005395,USHEC,41,49,10,288.00,2880.00
5611,5612,2023051001005394,EBL,45,53,900,530.10,477090.00
5612,5613,2023051001005393,GVL,55,38,10,403.00,4030.00
5613,5614,2023051004002532,JOSHI,57,44,920,260.30,239476.00
5614,5615,2023051004002531,JOSHI,8,44,40,261.00,10440.00
5615,5616,2023051003001533,JBBL,6,26,100,259.50,25950.00
5616,5617,2023051003001532,JBBL,6,13,200,259.00,51800.00
5617,5618,2023051004002530,LEC,45,56,10,240.40,2404.00
5618,5619,2023051001005392,PPL,35,51,10,260.00,2600.00
5619,5620,2023051003001531,GBBL,50,8,238,350.20,83347.60
5620,5621,2023051003001530,CBBL,59,58,100,785.00,78500.00
5621,5622,2023051001005391,RHGCL,6,42,10,257.00,2570.00
5622,5623,2023051001005390,RHGCL,6,26,10,256.50,2565.00
5623,5624,2023051001005389,RHGCL,6,58,10,256.50,2565.00
5624,5625,2023051001005388,RHGCL,6,7,10,256.00,2560.00
5625,5626,2023051001005387,RHGCL,6,36,50,256.00,12800.00
5626,5627,2023051001005386,RHGCL,6,42,10,255.30,2553.00
5627,5628,2023051001005385,MHCL,43,17,10,216.50,2165.00
5628,5629,2023051003001529,EDBL,53,22,189,279.00,52731.00
5629,5630,2023051001005384,PRVU,38,38,4,162.70,650.80
5630,5631,2023051001005383,MBJC,3,14,200,280.10,56020.00
5631,5632,2023051005001030,CIT,34,41,18,2016.00,36288.00
5632,5633,2023051005001029,NIFRA,32,55,10,208.50,2085.00
5633,5634,2023051004002529,SGIC,32,56,10,434.00,4340.00
5634,5635,2023051004002528,UMHL,51,42,80,226.70,18136.00
5635,5636,2023051004002527,UMHL,51,29,20,226.50,4530.00
5636,5637,2023051005001028,NIFRA,26,35,2,208.00,416.00
5637,5638,2023051005001027,NIFRA,32,35,20,208.00,4160.00
5638,5639,2023051001005382,KDL,25,48,15,720.00,10800.00
5639,5640,2023051001005381,PCBL,58,5,20,194.00,3880.00
5640,5641,2023051001005380,TAMOR,29,58,10,270.50,2705.00
5641,5642,2023051001005379,PRVU,16,1,10,166.00,1660.00
5642,5643,2023051003001528,GBBL,42,8,25,350.20,8755.00
5643,5644,2023051001005378,MAKAR,35,11,10,250.00,2500.00
5644,5645,2023051004002526,UPPER,3,37,25,413.00,10325.00
5645,5646,2023051001005377,HDL,25,45,53,1900.00,100700.00
5646,5647,2023051001005376,HDL,25,41,10,1900.00,19000.00
5647,5648,2023051001005375,HDL,25,49,37,1900.00,70300.00
5648,5649,2023051001005374,NYADI,7,49,10,281.00,2810.00
5649,5650,2023051001005373,SAHAS,41,35,10,497.00,4970.00
5650,5651,2023051001005372,SAHAS,41,45,10,497.00,4970.00
5651,5652,2023051001005371,SAHAS,41,38,540,497.00,268380.00
5652,5653,2023051001005370,SAHAS,41,58,100,497.00,49700.00
5653,5654,2023051001005369,SAHAS,41,45,10,497.00,4970.00
5654,5655,2023051001005368,SAHAS,41,14,140,497.00,69580.00
5655,5656,2023051001005367,PCBL,42,5,343,194.00,66542.00
5656,5657,2023051001005366,PCBL,42,39,13,194.00,2522.00
5657,5658,2023051001005365,TAMOR,29,58,10,270.50,2705.00
5658,5659,2023051001005364,SIKLES,13,56,10,398.00,3980.00
5659,5660,2023051003001527,ICFC,46,49,90,407.00,36630.00
5660,5661,2023051003001526,ICFC,46,41,10,407.00,4070.00
5661,5662,2023051004002525,TRH,14,49,50,517.00,25850.00
5662,5663,2023051003001525,SJLIC,42,38,9,410.00,3690.00
5663,5664,2023051001005363,JALPA,38,34,30,1599.00,47970.00
5664,5665,2023051001005362,RHGCL,49,29,10,253.10,2531.00
5665,5666,2023051004002524,API,59,58,24,230.00,5520.00
5666,5667,2023051003001524,SHINE,25,57,91,318.10,28947.10
5667,5668,2023051004002523,MEN,58,56,10,742.00,7420.00
5668,5669,2023051003001523,JFL,28,6,10,349.00,3490.00
5669,5670,2023051001005361,GBIME,58,19,40,184.00,7360.00
5670,5671,2023051004002522,NGPL,34,49,30,237.00,7110.00
5671,5672,2023051004002521,NGPL,26,49,100,237.00,23700.00
5672,5673,2023051004002520,NGPL,58,49,20,237.00,4740.00
5673,5674,2023051003001522,SABSL,49,42,10,601.50,6015.00
5674,5675,2023051004002519,RADHI,45,22,19,238.00,4522.00
5675,5676,2023051001005360,EBL,45,43,10,530.10,5301.00
5676,5677,2023051004002518,HDHPC,57,33,132,163.90,21634.80
5677,5678,2023051004002517,HDHPC,57,45,18,163.90,2950.20
5678,5679,2023051003001521,GBBL,50,8,50,350.20,17510.00
5679,5680,2023051004002516,API,33,58,10,230.00,2300.00
5680,5681,2023051001005359,GBIME,55,19,20,184.00,3680.00
5681,5682,2023051004002515,BARUN,28,56,470,239.70,112659.00
5682,5683,2023051004002514,BARUN,28,54,160,239.70,38352.00
5683,5684,2023051004002513,BARUN,28,34,500,239.50,119750.00
5684,5685,2023051004002512,BARUN,28,6,100,238.50,23850.00
5685,5686,2023051004002511,BARUN,28,36,70,238.50,16695.00
5686,5687,2023051004002510,GHL,45,34,10,219.20,2192.00
5687,5688,2023051001005358,BHL,21,38,10,293.90,2939.00
5688,5689,2023051004002509,API,38,58,400,230.00,92000.00
5689,5690,2023051004002508,API,38,58,100,230.00,23000.00
5690,5691,2023051004002507,API,29,58,250,230.10,57525.00
5691,5692,2023051004002506,API,57,58,50,230.60,11530.00
5692,5693,2023051001005357,AHL,49,58,10,345.00,3450.00
5693,5694,2023051001005356,AHL,49,58,10,345.00,3450.00
5694,5695,2023051001005355,BHPL,7,39,10,435.00,4350.00
5695,5696,2023051004002505,UPPER,4,25,70,409.00,28630.00
5696,5697,2023051001005354,NBL,58,11,11,249.70,2746.70
5697,5698,2023051003001520,ICFC,46,41,40,407.00,16280.00
5698,5699,2023051003001519,CLBSL,58,14,60,550.00,33000.00
5699,5700,2023051004002504,NHDL,57,38,35,371.00,12985.00
5700,5701,2023051004002503,NHDL,57,49,10,367.00,3670.00
5701,5702,2023051005001026,NIFRA,58,35,32,208.00,6656.00
5702,5703,2023051005001025,NIFRA,58,17,54,208.00,11232.00
5703,5704,2023051005001024,NIFRA,58,56,100,208.00,20800.00
5704,5705,2023051005001023,NIFRA,58,34,54,208.00,11232.00
5705,5706,2023051005001022,NIFRA,58,42,10,208.00,2080.00
5706,5707,2023051005001021,NIFRA,58,51,20,208.00,4160.00
5707,5708,2023051003001518,ALICL,41,17,200,550.00,110000.00
5708,5709,2023051003001517,ALICL,41,45,110,549.90,60489.00
5709,5710,2023051003001516,ALICL,41,45,100,549.00,54900.00
5710,5711,2023051003001515,ALICL,41,17,170,549.00,93330.00
5711,5712,2023051001005353,HHL,47,35,10,253.10,2531.00
5712,5713,2023051005001020,NTC,58,57,15,798.90,11983.50
5713,5714,2023051001005352,GBIME,42,19,60,184.00,11040.00
5714,5715,2023051001005351,HDL,58,7,10,1896.00,18960.00
5715,5716,2023051004002502,RADHI,56,22,10,238.00,2380.00
5716,5717,2023051001005350,SAHAS,52,29,10,496.90,4969.00
5717,5718,2023051003001514,ICFC,46,41,100,407.00,40700.00
5718,5719,2023051005001019,HIDCL,32,45,10,179.90,1799.00
5719,5720,2023051004002501,CHCL,52,52,10,468.80,4688.00
5720,5721,2023051001005349,HIDCLP,41,28,10,98.90,989.00
5721,5722,2023051004002500,NGPL,45,58,16,238.00,3808.00
5722,5723,2023051003001513,SWBBL,52,1,17,701.10,11918.70
5723,5724,2023051001005348,GBIME,48,8,91,183.50,16698.50
5724,5725,2023051005001018,HIDCL,13,41,298,178.60,53222.80
5725,5726,2023051005001017,HIDCL,42,41,50,178.70,8935.00
5726,5727,2023051001005347,MAKAR,35,11,10,250.00,2500.00
5727,5728,2023051004002499,TRH,19,57,160,515.00,82400.00
5728,5729,2023051003001512,ICFC,46,42,30,406.80,12204.00
5729,5730,2023051003001511,SFCL,58,13,107,263.20,28162.40
5730,5731,2023051001005346,ULBSL,17,58,10,1295.00,12950.00
5731,5732,2023051003001510,CBBL,56,58,47,783.20,36810.40
5732,5733,2023051003001509,CBBL,44,58,10,785.00,7850.00
5733,5734,2023051003001508,CBBL,25,58,33,785.00,25905.00
5734,5735,2023051003001507,CBBL,55,58,30,788.00,23640.00
5735,5736,2023051003001506,CBBL,38,58,10,788.00,7880.00
5736,5737,2023051001005345,SAHAS,34,51,10,493.20,4932.00
5737,5738,2023051001005344,GBIME,42,19,27,184.00,4968.00
5738,5739,2023051001005343,SPHL,33,58,10,368.30,3683.00
5739,5740,2023051001005342,USHEC,45,56,10,288.00,2880.00
5740,5741,2023051001005341,NABIL,7,10,10,598.00,5980.00
5741,5742,2023051001005340,TAMOR,29,1,10,270.50,2705.00
5742,5743,2023051001005339,RULB,13,34,10,630.00,6300.00
5743,5744,2023051004002498,SICL,7,17,10,715.00,7150.00
5744,5745,2023051001005338,PPL,49,36,10,260.10,2601.00
5745,5746,2023051003001505,MNBBL,58,6,15,385.00,5775.00
5746,5747,2023051001005337,AHL,49,49,10,344.00,3440.00
5747,5748,2023051001005336,NYADI,7,13,10,277.00,2770.00
5748,5749,2023051001005335,NBL,28,51,20,249.90,4998.00
5749,5750,2023051001005334,SHIVM,4,8,232,402.00,93264.00
5750,5751,2023051001005333,SHIVM,19,8,100,402.00,40200.00
5751,5752,2023051001005332,SHIVM,56,8,100,402.00,40200.00
5752,5753,2023051001005331,SHIVM,38,8,200,402.00,80400.00
5753,5754,2023051001005330,KDL,13,58,10,715.00,7150.00
5754,5755,2023051001005329,KBL,49,20,300,164.90,49470.00
5755,5756,2023051001005328,SMJC,29,1,10,248.00,2480.00
5756,5757,2023051004002497,API,57,45,10,232.90,2329.00
5757,5758,2023051004002496,API,1,47,99,230.50,22819.50
5758,5759,2023051001005327,SANIMA,37,4,100,244.00,24400.00
5759,5760,2023051004002495,NGPL,34,58,20,238.10,4762.00
5760,5761,2023051004002494,NGPL,58,58,14,238.20,3334.80
5761,5762,2023051004002493,NGPL,35,58,210,238.50,50085.00
5762,5763,2023051001005326,SHIVM,38,8,300,402.00,120600.00
5763,5764,2023051001005325,SHIVM,45,8,10,402.00,4020.00
5764,5765,2023051001005324,SHIVM,59,8,50,402.00,20100.00
5765,5766,2023051001005323,SHIVM,35,8,50,402.00,20100.00
5766,5767,2023051001005322,SHIVM,48,8,250,402.10,100525.00
5767,5768,2023051001005321,SHIVM,34,8,200,402.50,80500.00
5768,5769,2023051001005320,SHIVM,42,8,100,402.60,40260.00
5769,5770,2023051001005319,SHIVM,5,8,40,403.00,16120.00
5770,5771,2023051004002492,HDHPC,44,45,46,163.90,7539.40
5771,5772,2023051004002491,AKJCL,40,42,50,207.90,10395.00
5772,5773,2023051001005318,NBL,10,51,11,249.90,2748.90
5773,5774,2023051004002490,UPPER,58,37,10,413.00,4130.00
5774,5775,2023051004002489,UPPER,58,32,45,412.50,18562.50
5775,5776,2023051004002488,UPPER,58,16,40,411.00,16440.00
5776,5777,2023051001005317,SMHL,3,1,10,381.90,3819.00
5777,5778,2023051001005316,PHCL,58,13,10,311.00,3110.00
5778,5779,2023051001005315,PHCL,58,58,10,311.00,3110.00
5779,5780,2023051001005314,PHCL,58,47,10,311.00,3110.00
5780,5781,2023051001005313,PHCL,58,17,10,311.00,3110.00
5781,5782,2023051001005312,PHCL,58,38,10,311.00,3110.00
5782,5783,2023051004002487,TRH,19,57,40,515.00,20600.00
5783,5784,2023051004002486,TRH,19,40,250,515.00,128750.00
5784,5785,2023051004002485,TRH,19,35,200,514.00,102800.00
5785,5786,2023051004002484,TRH,19,42,90,514.00,46260.00
5786,5787,2023051004002483,TRH,19,53,10,513.90,5139.00
5787,5788,2023051001005311,PCBL,29,39,25,194.00,4850.00
5788,5789,2023051001005310,MAKAR,35,11,10,250.00,2500.00
5789,5790,2023051003001504,SLBBL,57,57,178,555.00,98790.00
5790,5791,2023051001005309,SAHAS,52,41,10,496.00,4960.00
5791,5792,2023051003001503,GBBL,46,8,50,350.50,17525.00
5792,5793,2023051001005308,KBL,47,20,740,164.90,122026.00
5793,5794,2023051001005307,KBL,47,37,260,164.80,42848.00
5794,5795,2023051001005306,NYADI,58,1,10,275.00,2750.00
5795,5796,2023051001005305,KBL,54,37,25,164.80,4120.00
5796,5797,2023051004002482,RHPL,58,43,10,276.00,2760.00
5797,5798,2023051004002481,RHPL,58,16,40,275.50,11020.00
5798,5799,2023051004002480,AKJCL,40,55,49,207.80,10182.20
5799,5800,2023051003001502,PFL,56,54,10,342.60,3426.00
5800,5801,2023051003001501,NABBC,45,49,50,377.00,18850.00
5801,5802,2023051001005304,SCB,17,38,61,531.00,32391.00
5802,5803,2023051004002479,AKJCL,49,55,171,207.80,35533.80
5803,5804,2023051001005303,MAKAR,35,11,10,250.00,2500.00
5804,5805,2023051001005302,SANIMA,49,4,1890,244.00,461160.00
5805,5806,2023051004002478,AKPL,42,58,80,360.00,28800.00
5806,5807,2023051004002477,AKPL,5,58,1000,360.00,360000.00
5807,5808,2023051004002476,AKPL,58,58,10,360.00,3600.00
5808,5809,2023051004002475,AKPL,39,58,10,360.00,3600.00
5809,5810,2023051004002474,AKPL,25,58,100,360.10,36010.00
5810,5811,2023051003001500,CORBL,58,57,15,289.90,4348.50
5811,5812,2023051001005301,NMB,43,48,1000,236.00,236000.00
5812,5813,2023051001005300,KBL,58,37,100,164.80,16480.00
5813,5814,2023051003001499,NLIC,29,17,10,658.00,6580.00
5814,5815,2023051001005299,EBL,44,39,27,530.00,14310.00
5815,5816,2023051004002473,RHPL,34,45,10,273.10,2731.00
5816,5817,2023051004002472,RHPL,34,45,40,273.10,10924.00
5817,5818,2023051001005298,AHL,49,38,10,343.50,3435.00
5818,5819,2023051001005297,MKHC,58,58,10,242.70,2427.00
5819,5820,2023051001005296,SMJC,29,13,10,248.00,2480.00
5820,5821,2023051004002471,HDHPC,44,33,114,163.90,18684.60
5821,5822,2023051004002470,HDHPC,44,49,40,163.90,6556.00
5822,5823,2023051004002469,PRIN,42,47,111,452.80,50260.80
5823,5824,2023051004002468,PRIN,42,14,50,452.80,22640.00
5824,5825,2023051005001016,NRIC,16,52,15,681.00,10215.00
5825,5826,2023051005001015,NRIC,36,52,270,681.00,183870.00
5826,5827,2023051005001014,NRIC,29,52,50,682.00,34100.00
5827,5828,2023051001005295,KBL,58,37,15,164.80,2472.00
5828,5829,2023051001005294,KBL,32,37,500,164.80,82400.00
5829,5830,2023051004002467,AHPC,32,37,196,281.00,55076.00
5830,5831,2023051004002466,AHPC,32,57,32,281.00,8992.00
5831,5832,2023051004002465,AHPC,32,58,35,281.00,9835.00
5832,5833,2023051004002464,AHPC,32,4,87,281.00,24447.00
5833,5834,2023051001005293,SAHAS,34,35,10,493.20,4932.00
5834,5835,2023051001005292,SMHL,3,52,10,382.00,3820.00
5835,5836,2023051003001498,SABSL,49,7,11,589.80,6487.80
5836,5837,2023051003001497,SABSL,49,42,20,589.80,11796.00
5837,5838,2023051001005291,MAKAR,42,59,10,251.00,2510.00
5838,5839,2023051001005290,MAKAR,42,58,10,251.00,2510.00
5839,5840,2023051001005289,NESDO,28,46,10,2026.70,20267.00
5840,5841,2023051003001496,SJLIC,42,45,9,409.70,3687.30
5841,5842,2023051001005288,KDL,45,48,50,720.00,36000.00
5842,5843,2023051004002463,JOSHI,13,44,500,261.00,130500.00
5843,5844,2023051004002462,JOSHI,57,44,1000,261.10,261100.00
5844,5845,2023051004002461,JOSHI,8,44,20,261.20,5224.00
5845,5846,2023051004002460,JOSHI,8,44,20,261.30,5226.00
5846,5847,2023051004002459,UPPER,4,48,205,409.00,83845.00
5847,5848,2023051004002458,NGPL,55,58,10,239.00,2390.00
5848,5849,2023051001005287,KBL,53,37,10,164.80,1648.00
5849,5850,2023051004002457,NGPL,42,58,10,239.00,2390.00
5850,5851,2023051003001495,GBBL,29,42,10,354.00,3540.00
5851,5852,2023051001005286,SMH,45,39,10,537.10,5371.00
5852,5853,2023051004002456,UMHL,58,39,195,226.40,44148.00
5853,5854,2023051004002455,BPCL,42,16,10,316.00,3160.00
5854,5855,2023051001005285,EBL,44,39,23,530.00,12190.00
5855,5856,2023051001005284,EBL,45,39,20,531.00,10620.00
5856,5857,2023051001005283,NESDO,25,34,10,2016.00,20160.00
5857,5858,2023051001005282,HDL,52,49,20,1900.00,38000.00
5858,5859,2023051001005281,NIMB,49,13,24,181.50,4356.00
5859,5860,2023051004002454,AHPC,32,11,14,280.00,3920.00
5860,5861,2023051003001494,SAPDBL,35,41,10,228.00,2280.00
5861,5862,2023051001005280,SHIVM,5,25,10,403.00,4030.00
5862,5863,2023051003001493,LBBL,35,39,103,330.00,33990.00
5863,5864,2023051001005279,SANIMA,49,17,51,244.00,12444.00
5864,5865,2023051004002453,RIDI,34,16,200,277.00,55400.00
5865,5866,2023051001005278,GBIME,42,48,440,183.90,80916.00
5866,5867,2023051001005277,SMJC,45,48,10,248.00,2480.00
5867,5868,2023051001005276,PBLD87,19,50,10,795.00,7950.00
5868,5869,2023051003001492,SWBBL,42,29,20,712.00,14240.00
5869,5870,2023051004002452,RIDI,5,16,500,277.00,138500.00
5870,5871,2023051004002451,RIDI,16,16,220,277.00,60940.00
5871,5872,2023051004002450,RIDI,57,16,130,277.10,36023.00
5872,5873,2023051004002449,RIDI,33,16,60,277.10,16626.00
5873,5874,2023051001005275,LBL,42,50,154,182.00,28028.00
5874,5875,2023051003001491,PROFL,37,58,370,293.60,108632.00
5875,5876,2023051001005274,SMJC,45,46,10,248.00,2480.00
5876,5877,2023051001005273,SMJC,45,16,10,248.00,2480.00
5877,5878,2023051004002448,NICL,4,49,60,525.00,31500.00
5878,5879,2023051004002447,NICL,4,34,140,524.90,73486.00
5879,5880,2023051004002446,GHL,1,58,40,222.90,8916.00
5880,5881,2023051004002445,GHL,1,46,10,222.80,2228.00
5881,5882,2023051001005272,KBL,21,37,50,164.80,8240.00
5882,5883,2023051001005271,MBJC,58,54,10,280.00,2800.00
5883,5884,2023051004002444,CHCL,32,52,10,468.80,4688.00
5884,5885,2023051001005270,KBL,1,37,40,164.80,6592.00
5885,5886,2023051001005269,KBL,1,55,460,164.80,75808.00
5886,5887,2023051004002443,HDHPC,42,45,40,163.50,6540.00
5887,5888,2023051004002442,NHDL,57,49,10,367.00,3670.00
5888,5889,2023051005001013,NIFRA,34,58,27,208.00,5616.00
5889,5890,2023051005001012,NIFRA,34,34,21,208.00,4368.00
5890,5891,2023051005001011,NIFRA,34,58,12,208.00,2496.00
5891,5892,2023051004002441,CGH,26,41,10,1030.00,10300.00
5892,5893,2023051001005268,EBL,44,44,900,532.90,479610.00
5893,5894,2023051001005267,EBL,44,50,30,532.80,15984.00
5894,5895,2023051004002440,HDHPC,50,45,60,163.50,9810.00
5895,5896,2023051001005266,HDL,43,49,25,1900.00,47500.00
5896,5897,2023051005001010,CIT,55,41,20,2016.00,40320.00
5897,5898,2023051003001490,PLI,11,56,90,406.00,36540.00
5898,5899,2023051003001489,PLI,39,56,30,406.00,12180.00
5899,5900,2023051005001009,NIFRA,42,13,40,205.80,8232.00
5900,5901,2023051005001008,NIFRA,32,13,10,207.00,2070.00
5901,5902,2023051004002439,AKJCL,5,57,200,207.20,41440.00
5902,5903,2023051005001007,NTC,49,57,17,798.90,13581.30
5903,5904,2023051005001006,NTC,49,39,23,798.80,18372.40
5904,5905,2023051004002438,HURJA,52,49,75,253.00,18975.00
5905,5906,2023051001005265,MAKAR,35,17,10,250.00,2500.00
5906,5907,2023051001005264,MAKAR,35,45,10,250.00,2500.00
5907,5908,2023051001005263,MAKAR,35,35,10,250.00,2500.00
5908,5909,2023051004002437,UPPER,4,45,32,409.00,13088.00
5909,5910,2023051004002436,UPPER,48,45,40,409.00,16360.00
5910,5911,2023051003001488,PROFL,37,49,60,293.60,17616.00
5911,5912,2023051003001487,NLIC,29,49,10,658.00,6580.00
5912,5913,2023051004002435,API,1,49,25,230.50,5762.50
5913,5914,2023051004002434,API,26,49,25,230.60,5765.00
5914,5915,2023051004002433,NGPL,57,58,20,239.00,4780.00
5915,5916,2023051001005262,NMB,43,38,45,236.00,10620.00
5916,5917,2023051001005261,NMB,43,32,1000,236.00,236000.00
5917,5918,2023051001005260,NMB,43,32,200,236.00,47200.00
5918,5919,2023051001005259,NMB,43,42,100,236.00,23600.00
5919,5920,2023051001005258,NMB,43,38,50,236.00,11800.00
5920,5921,2023051001005257,NMB,43,13,200,236.00,47200.00
5921,5922,2023051001005256,NMB,43,28,74,236.00,17464.00
5922,5923,2023051001005255,NMB,43,54,100,235.90,23590.00
5923,5924,2023051001005254,NMB,43,32,264,235.90,62277.60
5924,5925,2023051001005253,BHPL,17,47,140,438.00,61320.00
5925,5926,2023051001005252,UHEWA,59,35,10,375.30,3753.00
5926,5927,2023051003001486,GBBL,46,42,12,354.00,4248.00
5927,5928,2023051003001485,GBBL,46,8,100,351.00,35100.00
5928,5929,2023051001005251,RFPL,18,35,10,247.00,2470.00
5929,5930,2023051005001005,CIT,56,41,10,2016.00,20160.00
5930,5931,2023051003001484,SAPDBL,35,41,71,228.00,16188.00
5931,5932,2023051003001483,FMDBL,42,55,12,511.00,6132.00
5932,5933,2023051003001482,FMDBL,42,45,10,511.00,5110.00
5933,5934,2023051001005250,KBL,38,55,50,164.80,8240.00
5934,5935,2023051001005249,CZBIL,10,57,11,170.80,1878.80
5935,5936,2023051003001481,MERO,41,7,121,512.00,61952.00
5936,5937,2023051004002432,NICL,55,34,60,524.90,31494.00
5937,5938,2023051004002431,NICL,55,14,80,524.90,41992.00
5938,5939,2023051004002430,NICL,55,58,10,522.00,5220.00
5939,5940,2023051001005248,SMJC,45,58,10,247.50,2475.00
5940,5941,2023051001005247,HDL,57,16,10,1895.00,18950.00
5941,5942,2023051003001480,CBBL,38,51,10,788.00,7880.00
5942,5943,2023051003001479,CORBL,47,45,90,290.00,26100.00
5943,5944,2023051001005246,BHDC,35,53,10,400.00,4000.00
5944,5945,2023051001005245,BHDC,35,54,10,397.00,3970.00
5945,5946,2023051001005244,BHL,21,34,10,289.00,2890.00
5946,5947,2023051005001004,CIT,34,38,10,2016.00,20160.00
5947,5948,2023051001005243,MHCL,42,19,10,216.30,2163.00
5948,5949,2023051005001003,NIFRA,32,58,10,208.00,2080.00
5949,5950,2023051001005242,BHDC,35,45,10,395.90,3959.00
5950,5951,2023051001005241,BHDC,35,45,10,395.00,3950.00
5951,5952,2023051001005240,BHDC,35,49,10,395.00,3950.00
5952,5953,2023051001005239,BHDC,35,17,10,394.00,3940.00
5953,5954,2023051001005238,BHDC,35,51,10,394.00,3940.00
5954,5955,2023051001005237,BHDC,35,21,10,393.00,3930.00
5955,5956,2023051001005236,BHDC,35,58,10,392.00,3920.00
5956,5957,2023051001005235,BHDC,35,49,10,392.00,3920.00
5957,5958,2023051004002429,UMHL,41,29,50,224.00,11200.00
5958,5959,2023051004002428,HDHPC,34,49,60,163.90,9834.00
5959,5960,2023051001005234,BHL,21,34,10,288.00,2880.00
5960,5961,2023051005001002,CIT,34,38,32,2016.00,64512.00
5961,5962,2023051005001001,CIT,49,38,80,2016.00,161280.00
5962,5963,2023051001005233,KBL,52,55,90,164.80,14832.00
5963,5964,2023051005001000,LUK,21,14,100,8.30,830.00
5964,5965,2023051003001478,SHINE,45,57,93,318.00,29574.00
5965,5966,2023051005000999,NIFRA,42,19,64,205.80,13171.20
5966,5967,2023051005000998,NIFRA,32,58,18,208.00,3744.00
5967,5968,2023051005000997,NIFRA,32,36,24,207.50,4980.00
5968,5969,2023051005000996,NIFRA,32,43,24,207.00,4968.00
5969,5970,2023051005000995,NIFRA,32,16,34,206.50,7021.00
5970,5971,2023051004002427,AKJCL,49,45,70,207.00,14490.00
5971,5972,2023051001005232,KDL,25,48,64,720.00,46080.00
5972,5973,2023051001005231,KDL,25,25,10,720.00,7200.00
5973,5974,2023051001005230,KDL,25,17,10,720.00,7200.00
5974,5975,2023051003001477,PLI,39,35,10,406.00,4060.00
5975,5976,2023051001005229,MHCL,43,58,10,216.10,2161.00
5976,5977,2023051005000994,HIDCL,17,35,42,180.00,7560.00
5977,5978,2023051001005228,SMHL,3,38,10,382.00,3820.00
5978,5979,2023051003001476,GBBL,3,8,10,351.00,3510.00
5979,5980,2023051003001475,GBBL,4,8,10,351.00,3510.00
5980,5981,2023051003001474,GBBL,42,8,50,351.00,17550.00
5981,5982,2023051001005227,TAMOR,49,49,10,270.40,2704.00
5982,5983,2023051001005226,KBL,52,17,10,164.70,1647.00
5983,5984,2023051004002426,RHPL,28,14,300,274.00,82200.00
5984,5985,2023051001005225,RHGCL,49,16,10,255.00,2550.00
5985,5986,2023051001005224,MAKAR,53,19,10,249.50,2495.00
5986,5987,2023051005000993,KDBY,34,58,100,8.32,832.00
5987,5988,2023051005000992,KDBY,34,59,100,8.32,832.00
5988,5989,2023051005000991,KDBY,34,29,5000,8.32,41600.00
5989,5990,2023051005000990,KDBY,34,41,100,8.20,820.00
5990,5991,2023051005000989,KDBY,34,7,100,8.16,816.00
5991,5992,2023051005000988,KDBY,34,35,200,8.16,1632.00
5992,5993,2023051005000987,KDBY,34,48,100,8.16,816.00
5993,5994,2023051005000986,KDBY,34,17,200,8.16,1632.00
5994,5995,2023051005000985,KDBY,34,58,100,8.14,814.00
5995,5996,2023051001005223,ADLB,45,49,12,1300.00,15600.00
5996,5997,2023051001005222,MBJC,58,16,10,280.00,2800.00
5997,5998,2023051001005221,RHGCL,49,46,10,255.00,2550.00
5998,5999,2023051001005220,KBL,14,17,990,164.70,163053.00
5999,6000,2023051001005219,KBL,14,35,10,164.70,1647.00
6000,6001,2023051005000984,NTC,28,39,10,798.80,7988.00
6001,6002,2023051001005218,PRVU,57,1,10,166.00,1660.00
6002,6003,2023051001005217,SMHL,38,35,10,381.80,3818.00
6003,6004,2023051001005216,CZBIL,51,57,40,170.00,6800.00
6004,6005,2023051001005215,CZBIL,44,57,275,170.00,46750.00
6005,6006,2023051001005214,SAHAS,34,13,10,493.20,4932.00
6006,6007,2023051001005213,TAMOR,49,49,10,270.40,2704.00
6007,6008,2023051001005212,SMHL,38,19,10,381.80,3818.00
6008,6009,2023051001005211,SBI,52,39,50,328.00,16400.00
6009,6010,2023051004002425,AKJCL,25,45,330,207.00,68310.00
6010,6011,2023051004002424,AKJCL,25,22,470,207.00,97290.00
6011,6012,2023051001005210,BHL,21,41,10,285.00,2850.00
6012,6013,2023051001005209,GVL,55,26,15,403.00,6045.00
6013,6014,2023051001005208,SHLB,42,19,10,1097.60,10976.00
6014,6015,2023051003001473,ALICL,59,17,80,549.00,43920.00
6015,6016,2023051003001472,MNBBL,46,6,15,385.00,5775.00
6016,6017,2023051001005207,SANIMA,28,49,390,245.00,95550.00
6017,6018,2023051001005206,AHL,19,49,10,343.00,3430.00
6018,6019,2023051001005205,NABIL,7,34,10,597.80,5978.00
6019,6020,2023051001005204,HBL,10,1,36,219.00,7884.00
6020,6021,2023051001005203,PCBL,46,39,962,194.00,186628.00
6021,6022,2023051001005202,PCBL,46,57,38,193.90,7368.20
6022,6023,2023051004002423,UNHPL,19,42,150,206.90,31035.00
6023,6024,2023051001005201,SRBL,25,55,940,180.50,169670.00
6024,6025,2023051004002422,UPPER,33,42,16,408.50,6536.00
6025,6026,2023051004002421,UPPER,49,42,10,409.00,4090.00
6026,6027,2023051001005200,BHL,52,19,10,284.00,2840.00
6027,6028,2023051003001471,ALICL,59,17,100,549.00,54900.00
6028,6029,2023051001005199,SBL,49,42,5000,247.00,1235000.00
6029,6030,2023051001005198,SBL,49,22,200,246.00,49200.00
6030,6031,2023051001005197,SBL,49,49,111,246.00,27306.00
6031,6032,2023051003001470,NMBMF,11,44,22,499.30,10984.60
6032,6033,2023051003001469,NMBMF,11,57,154,499.00,76846.00
6033,6034,2023051003001468,NMBMF,11,38,24,497.00,11928.00
6034,6035,2023051003001467,MNBBL,52,6,50,385.00,19250.00
6035,6036,2023051004002420,SJCL,5,45,40,265.40,10616.00
6036,6037,2023051005000983,LUK,21,14,455,8.30,3776.50
6037,6038,2023051005000982,LUK,21,34,100,8.30,830.00
6038,6039,2023051003001466,NLICL,48,17,21,570.70,11984.70
6039,6040,2023051001005196,NMB,17,32,500,235.90,117950.00
6040,6041,2023051003001465,PFL,45,34,116,342.00,39672.00
6041,6042,2023051003001464,SHINE,4,57,900,318.00,286200.00
6042,6043,2023051003001463,SHINE,4,26,100,317.90,31790.00
6043,6044,2023051003001462,PLI,39,19,10,406.00,4060.00
6044,6045,2023051001005195,PHCL,58,41,10,310.00,3100.00
6045,6046,2023051001005194,GVL,36,26,10,403.00,4030.00
6046,6047,2023051004002419,JOSHI,39,19,100,262.90,26290.00
6047,6048,2023051001005193,TAMOR,49,38,10,270.40,2704.00
6048,6049,2023051003001461,GBBL,52,42,50,354.00,17700.00
6049,6050,2023051004002418,GLH,43,16,10,264.00,2640.00
6050,6051,2023051003001460,GFCL,58,42,10,430.00,4300.00
6051,6052,2023051004002417,RHPL,41,45,30,275.00,8250.00
6052,6053,2023051001005192,KDL,25,1,10,720.00,7200.00
6053,6054,2023051001005191,GVL,36,35,10,403.00,4030.00
6054,6055,2023051001005190,GVL,36,58,10,403.00,4030.00
6055,6056,2023051001005189,SMJC,38,58,10,247.20,2472.00
6056,6057,2023051004002416,SJCL,17,49,560,269.00,150640.00
6057,6058,2023051004002415,SJCL,17,38,20,268.90,5378.00
6058,6059,2023051004002414,SJCL,17,56,380,268.90,102182.00
6059,6060,2023051004002413,SJCL,17,58,40,268.00,10720.00
6060,6061,2023051001005188,GBIME,48,40,10,183.50,1835.00
6061,6062,2023051004002412,HDHPC,11,45,100,163.00,16300.00
6062,6063,2023051005000981,HIDCL,36,35,692,180.00,124560.00
6063,6064,2023051005000980,HIDCL,36,54,177,180.00,31860.00
6064,6065,2023051005000979,HIDCL,36,50,131,179.90,23566.90
6065,6066,2023051001005187,PRVU,47,10,10,165.90,1659.00
6066,6067,2023051001005186,TAMOR,29,7,10,270.30,2703.00
6067,6068,2023051003001459,GFCL,58,19,10,425.00,4250.00
6068,6069,2023051001005185,HBL,29,45,91,218.00,19838.00
6069,6070,2023051001005184,HBL,29,58,18,218.00,3924.00
6070,6071,2023051001005183,HBL,29,48,100,218.00,21800.00
6071,6072,2023051001005182,EBL,52,57,30,533.00,15990.00
6072,6073,2023051001005181,USHEC,42,19,10,285.00,2850.00
6073,6074,2023051001005180,KDL,25,38,10,720.00,7200.00
6074,6075,2023051005000978,CHDC,34,5,10,729.00,7290.00
6075,6076,2023051005000977,CHDC,34,47,90,729.00,65610.00
6076,6077,2023051005000976,CHDC,34,42,10,729.00,7290.00
6077,6078,2023051005000975,CHDC,34,5,10,728.00,7280.00
6078,6079,2023051004002411,NGPL,21,25,10,239.00,2390.00
6079,6080,2023051001005179,AHL,19,42,10,343.00,3430.00
6080,6081,2023051005000974,NIFRA,42,45,54,205.80,11113.20
6081,6082,2023051001005178,GVL,36,28,20,403.00,8060.00
6082,6083,2023051001005177,SIKLES,13,49,10,398.00,3980.00
6083,6084,2023051001005176,JBLB,38,6,10,1403.00,14030.00
6084,6085,2023051003001458,SKBBL,57,45,12,821.00,9852.00
6085,6086,2023051003001457,SKBBL,57,6,18,821.00,14778.00
6086,6087,2023051001005175,RULB,54,19,10,630.00,6300.00
6087,6088,2023051004002410,SHPC,34,49,10,326.00,3260.00
6088,6089,2023051004002409,SHPC,52,49,50,328.00,16400.00
6089,6090,2023051001005174,SPC,50,38,10,406.60,4066.00
6090,6091,2023051001005173,SPC,53,38,50,407.00,20350.00
6091,6092,2023051001005172,SPC,21,38,40,408.00,16320.00
6092,6093,2023051004002408,SHPC,52,44,50,328.00,16400.00
6093,6094,2023051004002407,BARUN,58,51,50,238.00,11900.00
6094,6095,2023051005000973,NRN,6,18,10,434.10,4341.00
6095,6096,2023051001005171,NABIL,43,28,1800,596.00,1072800.00
6096,6097,2023051001005170,MBJC,58,47,10,280.00,2800.00
6097,6098,2023051001005169,MBJC,58,3,20,280.00,5600.00
6098,6099,2023051001005168,MBJC,58,58,10,280.00,2800.00
6099,6100,2023051001005167,MBJC,58,42,10,280.00,2800.00
6100,6101,2023051001005166,MBJC,58,49,10,280.00,2800.00
6101,6102,2023051001005165,MBJC,58,38,50,280.00,14000.00
6102,6103,2023051001005164,MBJC,58,58,10,279.40,2794.00
6103,6104,2023051001005163,MBJC,58,20,500,279.00,139500.00
6104,6105,2023051001005162,MBJC,58,56,10,279.00,2790.00
6105,6106,2023051004002406,TRH,14,42,215,513.00,110295.00
6106,6107,2023051001005161,MAKAR,53,58,10,249.30,2493.00
6107,6108,2023051005000972,CHDC,34,45,10,723.00,7230.00
6108,6109,2023051001005160,RFPL,18,19,10,247.00,2470.00
6109,6110,2023051003001456,GILB,25,16,10,755.00,7550.00
6110,6111,2023051001005159,SMHL,38,38,10,381.80,3818.00
6111,6112,2023051003001455,RMDC,36,34,100,669.00,66900.00
6112,6113,2023051003001454,RMDC,5,34,200,669.00,133800.00
6113,6114,2023051003001453,RMDC,47,34,200,671.00,134200.00
6114,6115,2023051003001452,RMDC,47,34,500,672.00,336000.00
6115,6116,2023051003001451,RMDC,16,34,308,675.00,207900.00
6116,6117,2023051005000971,NIFRA,32,16,10,206.50,2065.00
6117,6118,2023051001005158,GBIME,48,17,29,183.50,5321.50
6118,6119,2023051001005157,KDL,25,42,31,719.80,22313.80
6119,6120,2023051004002405,AHPC,32,4,13,281.00,3653.00
6120,6121,2023051004002404,AHPC,32,37,437,280.80,122709.60
6121,6122,2023051001005156,AHL,49,42,10,342.50,3425.00
6122,6123,2023051004002403,HDHPC,14,58,200,162.00,32400.00
6123,6124,2023051001005155,SHIVM,22,38,15,402.90,6043.50
6124,6125,2023051001005154,SHIVM,11,38,10,403.00,4030.00
6125,6126,2023051004002402,HURJA,52,49,50,253.00,12650.00
6126,6127,2023051003001450,NICLBSL,6,49,40,531.00,21240.00
6127,6128,2023051001005153,MHCL,43,36,10,216.10,2161.00
6128,6129,2023051004002401,AKJCL,46,22,30,207.00,6210.00
6129,6130,2023051004002400,AKJCL,46,22,500,207.00,103500.00
6130,6131,2023051004002399,AKJCL,46,22,25,207.00,5175.00
6131,6132,2023051004002398,AKJCL,46,22,45,207.00,9315.00
6132,6133,2023051001005152,JBLB,17,34,10,1399.00,13990.00
6133,6134,2023051005000970,NIFRA,42,19,64,205.80,13171.20
6134,6135,2023051001005151,EBL,45,8,180,531.00,95580.00
6135,6136,2023051001005150,BHL,29,45,10,283.50,2835.00
6136,6137,2023051003001449,SWBBL,10,17,20,702.00,14040.00
6137,6138,2023051001005149,MHL,33,35,10,330.00,3300.00
6138,6139,2023051001005148,MHL,33,42,10,330.00,3300.00
6139,6140,2023051001005147,MHL,33,45,10,330.00,3300.00
6140,6141,2023051001005146,PRVU,41,56,15,165.10,2476.50
6141,6142,2023051001005145,GBIME,48,33,33,183.50,6055.50
6142,6143,2023051001005144,AHL,45,38,10,342.10,3421.00
6143,6144,2023051001005143,MLBS,33,41,15,715.00,10725.00
6144,6145,2023051003001448,GMFBS,42,7,10,668.00,6680.00
6145,6146,2023051003001447,SJLIC,16,16,9,409.80,3688.20
6146,6147,2023051003001446,NUBL,54,16,10,530.00,5300.00
6147,6148,2023051001005142,ADBL,57,38,32,232.40,7436.80
6148,6149,2023051001005141,ADBL,11,38,108,232.50,25110.00
6149,6150,2023051001005140,ADBL,58,38,10,232.50,2325.00
6150,6151,2023051001005139,SPHL,32,48,10,361.10,3611.00
6151,6152,2023051001005138,NIMB,48,13,65,181.50,11797.50
6152,6153,2023051001005137,BHL,45,59,10,287.00,2870.00
6153,6154,2023051001005136,BHL,45,49,10,287.00,2870.00
6154,6155,2023051001005135,BHL,45,34,10,287.00,2870.00
6155,6156,2023051001005134,MBJC,58,51,10,279.00,2790.00
6156,6157,2023051001005133,MBJC,58,11,10,278.00,2780.00
6157,6158,2023051005000969,NIFRA,32,16,10,206.50,2065.00
6158,6159,2023051001005132,MKHC,21,36,10,242.40,2424.00
6159,6160,2023051001005131,KDL,25,42,20,719.80,14396.00
6160,6161,2023051001005130,BHL,34,58,10,285.00,2850.00
6161,6162,2023051001005129,BHL,34,6,20,284.00,5680.00
6162,6163,2023051004002397,HDHPC,14,49,288,162.00,46656.00
6163,6164,2023051004002396,HDHPC,35,49,18,162.00,2916.00
6164,6165,2023051004002395,HDHPC,19,49,100,162.00,16200.00
6165,6166,2023051004002394,HDHPC,21,49,100,162.00,16200.00
6166,6167,2023051004002393,HDHPC,21,49,100,163.00,16300.00
6167,6168,2023051004002392,HDHPC,17,49,24,163.00,3912.00
6168,6169,2023051004002391,HDHPC,19,49,100,163.00,16300.00
6169,6170,2023051004002390,HDHPC,59,49,70,163.20,11424.00
6170,6171,2023051004002389,HDHPC,19,49,200,163.50,32700.00
6171,6172,2023051001005128,SHIVM,38,44,14,403.90,5654.60
6172,6173,2023051001005127,AHL,49,41,10,342.00,3420.00
6173,6174,2023051001005126,MAKAR,1,32,10,249.20,2492.00
6174,6175,2023051003001445,JBBL,50,55,44,258.00,11352.00
6175,6176,2023051001005125,MBJC,57,58,10,275.00,2750.00
6176,6177,2023051001005124,MHCL,43,49,10,216.10,2161.00
6177,6178,2023051001005123,GVL,55,13,30,407.00,12210.00
6178,6179,2023051004002388,API,57,45,10,232.90,2329.00
6179,6180,2023051001005122,GBIME,17,45,13,183.50,2385.50
6180,6181,2023051001005121,GBIME,54,45,50,183.50,9175.00
6181,6182,2023051001005120,GBIME,32,45,50,183.50,9175.00
6182,6183,2023051001005119,GBIME,8,45,87,183.50,15964.50
6183,6184,2023051004002387,PPCL,14,6,10,325.00,3250.00
6184,6185,2023051005000968,NSIF2,29,7,100,7.99,799.00
6185,6186,2023051004002386,SHEL,45,47,10,276.20,2762.00
6186,6187,2023051001005118,GBIME,8,40,10,183.50,1835.00
6187,6188,2023051001005117,NABIL,49,28,200,596.00,119200.00
6188,6189,2023051001005116,NABIL,49,17,210,596.00,125160.00
6189,6190,2023051001005115,NABIL,49,6,84,595.00,49980.00
6190,6191,2023051005000967,SFEF,25,57,100,7.82,782.00
6191,6192,2023051004002385,HEI,50,52,200,430.00,86000.00
6192,6193,2023051001005114,PHCL,58,25,10,310.00,3100.00
6193,6194,2023051003001444,JFL,45,21,46,350.00,16100.00
6194,6195,2023051004002384,UPCL,14,49,423,222.00,93906.00
6195,6196,2023051004002383,UPCL,51,49,177,222.00,39294.00
6196,6197,2023051004002382,UPCL,29,49,400,222.20,88880.00
6197,6198,2023051003001443,MNBBL,42,6,38,385.00,14630.00
6198,6199,2023051003001442,MNBBL,42,26,62,385.00,23870.00
6199,6200,2023051005000966,NIFRA,38,47,15,206.00,3090.00
6200,6201,2023051005000965,NIFRA,42,47,49,206.10,10098.90
6201,6202,2023051001005113,SMJC,36,19,10,247.10,2471.00
6202,6203,2023051001005112,NMB,14,32,136,235.90,32082.40
6203,6204,2023051004002381,SHL,49,57,112,264.60,29635.20
6204,6205,2023051005000964,NTC,38,39,12,798.80,9585.60
6205,6206,2023051001005111,GBIME,21,48,400,183.90,73560.00
6206,6207,2023051001005110,LBL,58,54,100,181.30,18130.00
6207,6208,2023051004002380,UPCL,29,49,100,222.20,22220.00
6208,6209,2023051004002379,UPCL,16,49,500,222.30,111150.00
6209,6210,2023051004002378,UPCL,38,49,400,222.50,89000.00
6210,6211,2023051001005109,SMJC,22,21,10,247.20,2472.00
6211,6212,2023051001005108,TAMOR,40,21,10,273.00,2730.00
6212,6213,2023051005000963,NBF3,32,32,100,7.25,725.00
6213,6214,2023051001005107,MAKAR,1,58,10,249.20,2492.00
6214,6215,2023051001005106,NICA,39,58,34,713.00,24242.00
6215,6216,2023051005000962,NIFRA,58,43,20,207.00,4140.00
6216,6217,2023051005000961,NIFRA,53,43,26,207.00,5382.00
6217,6218,2023051005000960,HIDCL,58,50,12,179.90,2158.80
6218,6219,2023051001005105,MBJC,57,47,10,275.00,2750.00
6219,6220,2023051004002377,UPCL,38,49,600,222.50,133500.00
6220,6221,2023051004002376,UPCL,52,49,55,222.50,12237.50
6221,6222,2023051004002375,UPCL,40,49,25,222.60,5565.00
6222,6223,2023051004002374,UPCL,17,49,320,223.00,71360.00
6223,6224,2023051004002373,HDHPC,56,25,60,164.00,9840.00
6224,6225,2023051004002372,HDHPC,8,25,50,164.00,8200.00
6225,6226,2023051004002371,HDHPC,48,25,810,164.00,132840.00
6226,6227,2023051005000959,NICSF,45,57,100,7.81,781.00
6227,6228,2023051005000958,NRN,14,32,10,442.00,4420.00
6228,6229,2023051005000957,NRN,14,36,10,442.00,4420.00
6229,6230,2023051005000956,NRN,14,38,280,442.00,123760.00
6230,6231,2023051005000955,NRN,14,49,10,441.00,4410.00
6231,6232,2023051005000954,NRN,14,56,10,440.00,4400.00
6232,6233,2023051005000953,NRN,14,35,10,440.00,4400.00
6233,6234,2023051003001441,PFL,45,34,50,342.00,17100.00
6234,6235,2023051003001440,PFL,45,46,78,342.00,26676.00
6235,6236,2023051003001439,PFL,45,36,350,342.00,119700.00
6236,6237,2023051001005104,MKHC,7,13,100,245.00,24500.00
6237,6238,2023051001005103,GBIME,56,48,10,183.90,1839.00
6238,6239,2023051001005102,MAKAR,1,19,10,249.20,2492.00
6239,6240,2023051004002370,UPCL,17,49,100,223.00,22300.00
6240,6241,2023051004002369,UPCL,43,49,500,223.00,111500.00
6241,6242,2023051004002368,UPCL,32,49,300,223.10,66930.00
6242,6243,2023051004002367,UPCL,48,49,100,224.00,22400.00
6243,6244,2023051001005101,HDL,35,7,200,1895.00,379000.00
6244,6245,2023051001005100,HDL,41,7,24,1895.10,45482.40
6245,6246,2023051001005099,PCBL,38,57,22,193.90,4265.80
6246,6247,2023051001005098,MHCL,43,58,10,216.10,2161.00
6247,6248,2023051004002366,GLH,16,47,10,259.10,2591.00
6248,6249,2023051001005097,NABIL,42,17,10,594.00,5940.00
6249,6250,2023051001005096,HDL,58,53,100,1899.00,189900.00
6250,6251,2023051004002365,SHEL,45,16,10,276.20,2762.00
6251,6252,2023051003001438,GUFL,22,6,85,482.00,40970.00
6252,6253,2023051001005095,KDL,26,39,10,714.30,7143.00
6253,6254,2023051001005094,KDL,36,39,460,715.10,328946.00
6254,6255,2023051001005093,KDL,42,39,10,715.20,7152.00
6255,6256,2023051001005092,KDL,32,39,20,716.00,14320.00
6256,6257,2023051005000952,HIDCL,46,50,57,179.90,10254.30
6257,6258,2023051005000951,HIDCL,46,59,43,179.80,7731.40
6258,6259,2023051003001437,GBBL,26,10,1,353.00,353.00
6259,6260,2023051001005091,SPHL,32,44,10,390.40,3904.00
6260,6261,2023051001005090,SHIVM,38,29,10,403.50,4035.00
6261,6262,2023051003001436,NMFBS,56,19,10,1162.00,11620.00
6262,6263,2023051003001435,SJLIC,13,47,16,418.00,6688.00
6263,6264,2023051001005089,RHGCL,52,6,10,254.00,2540.00
6264,6265,2023051005000950,NIFRA,32,36,10,207.50,2075.00
6265,6266,2023051001005088,MKHC,57,38,10,244.00,2440.00
6266,6267,2023051001005087,KDL,25,42,40,719.80,28792.00
6267,6268,2023051001005086,KDL,25,43,10,719.70,7197.00
6268,6269,2023051005000949,NICFC,49,7,100,7.67,767.00
6269,6270,2023051001005085,MKHC,21,16,10,242.40,2424.00
6270,6271,2023051003001434,SAPDBL,46,39,10,228.40,2284.00
6271,6272,2023051004002364,CHCL,45,22,70,465.00,32550.00
6272,6273,2023051004002363,CHCL,45,50,400,465.00,186000.00
6273,6274,2023051004002362,HDHPC,48,56,400,164.00,65600.00
6274,6275,2023051001005084,HDL,16,6,50,1898.90,94945.00
6275,6276,2023051003001433,MNBBL,16,45,11,384.90,4233.90
6276,6277,2023051001005083,NABIL,42,17,45,594.00,26730.00
6277,6278,2023051001005082,NABIL,43,1,52,594.00,30888.00
6278,6279,2023051003001432,MLBL,42,39,1000,298.00,298000.00
6279,6280,2023051004002361,AHPC,32,37,38,280.90,10674.20
6280,6281,2023051001005081,GVL,55,16,10,402.00,4020.00
6281,6282,2023051001005080,MHCL,35,8,10,217.00,2170.00
6282,6283,2023051003001431,NUBL,42,17,20,529.00,10580.00
6283,6284,2023051003001430,SADBL,42,26,10,277.00,2770.00
6284,6285,2023051004002360,AHPC,32,47,40,280.90,11236.00
6285,6286,2023051004002359,AHPC,32,48,22,280.80,6177.60
6286,6287,2023051001005079,TAMOR,19,58,10,273.00,2730.00
6287,6288,2023051001005078,NMB,39,32,50,235.90,11795.00
6288,6289,2023051001005077,SGHC,25,57,10,299.60,2996.00
6289,6290,2023051001005076,SGHC,25,35,10,295.00,2950.00
6290,6291,2023051001005075,SGHC,25,13,10,295.00,2950.00
6291,6292,2023051001005074,SGHC,25,19,10,295.00,2950.00
6292,6293,2023051001005073,SGHC,25,35,50,295.00,14750.00
6293,6294,2023051001005072,SGHC,25,58,10,290.00,2900.00
6294,6295,2023051001005071,PPL,21,55,10,261.10,2611.00
6295,6296,2023051001005070,PPL,21,26,88,261.10,22976.80
6296,6297,2023051001005069,KBL,47,35,10,164.70,1647.00
6297,6298,2023051001005068,PRVU,42,10,200,165.90,33180.00
6298,6299,2023051005000948,NIFRA,53,14,300,207.00,62100.00
6299,6300,2023051001005067,ULBSL,58,21,10,1295.00,12950.00
6300,6301,2023051004002358,DHPL,49,46,10,208.00,2080.00
6301,6302,2023051004002357,DHPL,49,11,10,206.00,2060.00
6302,6303,2023051003001429,JBBL,28,55,456,258.00,117648.00
6303,6304,2023051003001428,JBBL,28,41,222,258.00,57276.00
6304,6305,2023051003001427,JBBL,28,32,22,258.00,5676.00
6305,6306,2023051001005066,SRBL,38,55,55,180.50,9927.50
6306,6307,2023051001005065,SMJC,22,49,10,247.20,2472.00
6307,6308,2023051001005064,NBL,35,28,10,249.50,2495.00
6308,6309,2023051001005063,MAKAR,1,8,10,249.20,2492.00
6309,6310,2023051001005062,SPHL,32,42,10,382.80,3828.00
6310,6311,2023051003001426,SFCL,6,13,100,263.20,26320.00
6311,6312,2023051004002356,API,1,45,376,230.50,86668.00
6312,6313,2023051001005061,GBIME,21,48,50,183.90,9195.00
6313,6314,2023051004002355,RHPL,6,43,30,276.00,8280.00
6314,6315,2023051005000947,KDBY,29,7,100,8.00,800.00
6315,6316,2023051001005060,USHEC,42,58,10,285.00,2850.00
6316,6317,2023051005000946,HIDCL,52,59,57,179.80,10248.60
6317,6318,2023051004002354,HDHPC,48,45,490,164.00,80360.00
6318,6319,2023051004002353,HDHPC,22,45,20,164.00,3280.00
6319,6320,2023051004002352,HDHPC,28,45,90,164.00,14760.00
6320,6321,2023051001005059,SPHL,32,42,10,382.80,3828.00
6321,6322,2023051001005058,SPHL,32,11,10,371.30,3713.00
6322,6323,2023051001005057,SPHL,32,42,10,371.30,3713.00
6323,6324,2023051001005056,NABIL,43,1,10,594.80,5948.00
6324,6325,2023051001005055,PPL,35,49,10,260.00,2600.00
6325,6326,2023051003001425,JFL,45,34,189,350.00,66150.00
6326,6327,2023051003001424,JFL,45,44,100,350.00,35000.00
6327,6328,2023051003001423,JFL,45,21,50,350.00,17500.00
6328,6329,2023051003001422,JFL,45,50,315,349.00,109935.00
6329,6330,2023051004002351,UPPER,33,49,96,408.50,39216.00
6330,6331,2023051001005054,MAKAR,1,49,10,249.20,2492.00
6331,6332,2023051001005053,SANIMA,42,39,17,245.80,4178.60
6332,6333,2023051001005052,SANIMA,42,14,43,245.80,10569.40
6333,6334,2023051001005051,NBL,10,51,11,249.90,2748.90
6334,6335,2023051003001421,ALICL,45,17,100,549.00,54900.00
6335,6336,2023051001005050,SCB,17,34,200,531.00,106200.00
6336,6337,2023051003001420,SHINE,45,25,69,317.10,21879.90
6337,6338,2023051001005049,RHGCL,44,16,10,253.00,2530.00
6338,6339,2023051001005048,KBL,55,1,56,164.50,9212.00
6339,6340,2023051001005047,KBL,42,1,64,164.50,10528.00
6340,6341,2023051001005046,NMB,39,32,50,235.90,11795.00
6341,6342,2023051001005045,MAKAR,52,45,10,249.10,2491.00
6342,6343,2023051003001419,NMBMF,11,44,10,489.60,4896.00
6343,6344,2023051001005044,NICA,11,14,15,712.00,10680.00
6344,6345,2023051001005043,NICA,5,14,35,712.00,24920.00
6345,6346,2023051001005042,NBL,35,28,10,249.50,2495.00
6346,6347,2023051004002350,NLG,44,34,1000,603.00,603000.00
6347,6348,2023051004002349,NICL,46,35,148,521.00,77108.00
6348,6349,2023051001005041,MBJC,45,41,10,275.00,2750.00
6349,6350,2023051001005040,NBL,35,29,102,249.50,25449.00
6350,6351,2023051001005039,NBL,35,43,45,249.40,11223.00
6351,6352,2023051001005038,SMJC,32,21,10,251.90,2519.00
6352,6353,2023051005000945,GIBF1,41,7,100,7.72,772.00
6353,6354,2023051001005037,NMB,14,11,11,234.00,2574.00
6354,6355,2023051001005036,RHGCL,44,58,10,253.00,2530.00
6355,6356,2023051004002348,DHPL,49,42,50,205.00,10250.00
6356,6357,2023051001005035,MHCL,35,4,10,217.00,2170.00
6357,6358,2023051004002347,AKPL,51,39,1000,363.00,363000.00
6358,6359,2023051003001418,NFS,57,55,200,268.00,53600.00
6359,6360,2023051004002346,NIL,14,49,100,725.00,72500.00
6360,6361,2023051001005034,SAHAS,39,6,10,493.10,4931.00
6361,6362,2023051004002345,AHPC,32,21,100,280.00,28000.00
6362,6363,2023051004002344,AHPC,32,41,74,280.00,20720.00
6363,6364,2023051004002343,AHPC,32,47,162,280.00,45360.00
6364,6365,2023051004002342,AHPC,32,57,100,280.00,28000.00
6365,6366,2023051003001417,ICFC,49,47,10,406.60,4066.00
6366,6367,2023051003001416,SWMF,43,59,10,561.00,5610.00
6367,6368,2023051005000944,NIFRA,32,36,10,207.50,2075.00
6368,6369,2023051001005033,NESDO,28,46,10,2026.70,20267.00
6369,6370,2023051003001415,GBBL,6,8,82,351.00,28782.00
6370,6371,2023051004002341,DHPL,49,52,61,204.00,12444.00
6371,6372,2023051003001414,MNBBL,16,26,25,385.00,9625.00
6372,6373,2023051003001413,NFS,21,55,20,268.00,5360.00
6373,6374,2023051001005032,GBIME,8,40,20,183.50,3670.00
6374,6375,2023051003001412,SFCL,42,13,100,263.20,26320.00
6375,6376,2023051004002340,MHNL,59,29,10,266.00,2660.00
6376,6377,2023051004002339,AKPL,55,39,150,363.00,54450.00
6377,6378,2023051005000943,NRN,6,36,10,434.10,4341.00
6378,6379,2023051001005031,HDL,42,6,50,1898.90,94945.00
6379,6380,2023051004002338,MHNL,47,57,200,263.20,52640.00
6380,6381,2023051004002337,CHL,48,19,100,274.00,27400.00
6381,6382,2023051001005030,NESDO,28,7,10,2017.00,20170.00
6382,6383,2023051004002336,NLG,35,45,60,593.10,35586.00
6383,6384,2023051001005029,RFPL,18,45,10,250.40,2504.00
6384,6385,2023051001005028,RFPL,18,17,10,250.40,2504.00
6385,6386,2023051001005027,SMJC,49,34,10,250.00,2500.00
6386,6387,2023051003001411,MDB,26,59,70,363.10,25417.00
6387,6388,2023051003001410,BFC,22,58,200,302.00,60400.00
6388,6389,2023051003001409,BFC,22,52,83,302.00,25066.00
6389,6390,2023051003001408,PLI,52,57,50,407.00,20350.00
6390,6391,2023051004002335,AIL,19,16,10,400.50,4005.00
6391,6392,2023051001005026,SMHL,18,6,10,381.50,3815.00
6392,6393,2023051003001407,ALICL,43,17,50,549.00,27450.00
6393,6394,2023051004002334,AIL,13,58,10,400.10,4001.00
6394,6395,2023051005000942,NIFRA,53,36,64,207.00,13248.00
6395,6396,2023051003001406,MNBBL,4,26,13,385.00,5005.00
6396,6397,2023051004002333,SHEL,7,39,40,280.00,11200.00
6397,6398,2023051003001405,FMDBL,42,6,270,509.00,137430.00
6398,6399,2023051001005025,MAKAR,4,45,10,250.00,2500.00
6399,6400,2023051001005024,MAKAR,4,58,10,250.00,2500.00
6400,6401,2023051004002332,NICL,47,35,52,521.00,27092.00
6401,6402,2023051004002331,NICL,47,26,20,521.00,10420.00
6402,6403,2023051004002330,NICL,47,57,28,521.00,14588.00
6403,6404,2023051004002329,NIL,50,22,25,725.00,18125.00
6404,6405,2023051001005023,GBIME,8,40,20,183.50,3670.00
6405,6406,2023051001005022,SPC,21,32,10,408.00,4080.00
6406,6407,2023051004002328,HDHPC,49,56,50,164.60,8230.00
6407,6408,2023051005000941,NIBSF2,6,35,100,7.20,720.00
6408,6409,2023051004002327,AHPC,32,58,270,279.90,75573.00
6409,6410,2023051003001404,KLBSL,56,36,30,574.00,17220.00
6410,6411,2023051001005021,SMJC,36,16,10,247.10,2471.00
6411,6412,2023051001005020,SMJC,32,21,10,251.90,2519.00
6412,6413,2023051001005019,SMJC,32,58,10,251.00,2510.00
6413,6414,2023051001005018,SANIMA,28,1,110,245.00,26950.00
6414,6415,2023051001005017,MAKAR,52,13,10,249.10,2491.00
6415,6416,2023051005000940,HIDCL,52,36,29,179.80,5214.20
6416,6417,2023051004002326,SICL,34,1,50,714.00,35700.00
6417,6418,2023051001005016,MBL,28,54,361,231.00,83391.00
6418,6419,2023051001005015,MBL,28,44,100,230.90,23090.00
6419,6420,2023051001005014,MBL,28,55,700,230.40,161280.00
6420,6421,2023051001005013,MBL,28,55,500,230.40,115200.00
6421,6422,2023051001005012,MBL,28,55,1000,230.40,230400.00
6422,6423,2023051001005011,MBL,28,58,339,230.30,78071.70
6423,6424,2023051001005010,MAKAR,52,52,10,249.10,2491.00
6424,6425,2023051003001403,GRDBL,39,1,10,247.90,2479.00
6425,6426,2023051001005009,GVL,58,13,10,407.00,4070.00
6426,6427,2023051001005008,GVL,58,56,10,406.00,4060.00
6427,6428,2023051001005007,GVL,58,45,10,405.00,4050.00
6428,6429,2023051001005006,GVL,58,17,10,405.00,4050.00
6429,6430,2023051001005005,GVL,58,34,10,405.00,4050.00
6430,6431,2023051001005004,GVL,58,35,10,405.00,4050.00
6431,6432,2023051001005003,GVL,58,57,10,403.90,4039.00
6432,6433,2023051001005002,GVL,58,32,10,403.90,4039.00
6433,6434,2023051001005001,GVL,58,34,20,402.00,8040.00
6434,6435,2023051001005000,SMJC,40,16,10,248.00,2480.00
6435,6436,2023051004002325,NGPL,1,58,100,238.00,23800.00
6436,6437,2023051003001402,ICFC,14,43,85,406.70,34569.50
6437,6438,2023051001004999,JALPA,6,41,30,1600.00,48000.00
6438,6439,2023051001004998,MAKAR,52,45,10,249.10,2491.00
6439,6440,2023051001004997,MBL,28,58,1061,230.30,244348.30
6440,6441,2023051001004996,MBL,28,56,100,230.20,23020.00
6441,6442,2023051001004995,MBL,28,14,300,230.10,69030.00
6442,6443,2023051001004994,MBL,28,7,100,230.00,23000.00
6443,6444,2023051001004993,MBL,28,58,300,230.00,69000.00
6444,6445,2023051001004992,MBL,28,14,20,230.00,4600.00
6445,6446,2023051001004991,MBL,28,44,100,229.90,22990.00
6446,6447,2023051001004990,MBL,28,5,19,229.80,4366.20
6447,6448,2023051004002324,OHL,3,34,775,571.00,442525.00
6448,6449,2023051003001401,GBBL,59,8,18,351.50,6327.00
6449,6450,2023051001004989,MHCL,40,4,10,216.30,2163.00
6450,6451,2023051003001400,FMDBL,57,6,100,509.00,50900.00
6451,6452,2023051004002323,NHPC,57,48,10,208.00,2080.00
6452,6453,2023051004002322,NICL,17,57,100,521.00,52100.00
6453,6454,2023051004002321,HEI,50,29,40,430.00,17200.00
6454,6455,2023051004002320,SJCL,5,28,20,265.40,5308.00
6455,6456,2023051001004988,NBL,40,7,15,249.20,3738.00
6456,6457,2023051001004987,NBL,43,7,30,249.30,7479.00
6457,6458,2023051001004986,PRVU,5,1,41,165.00,6765.00
6458,6459,2023051001004985,PRVU,43,1,100,165.00,16500.00
6459,6460,2023051001004984,PRVU,19,1,59,165.00,9735.00
6460,6461,2023051003001399,GRDBL,48,57,195,245.00,47775.00
6461,6462,2023051003001398,GRDBL,48,6,305,245.00,74725.00
6462,6463,2023051004002319,RIDI,33,51,40,277.10,11084.00
6463,6464,2023051001004983,BNHC,42,13,10,355.00,3550.00
6464,6465,2023051001004982,BNHC,42,26,20,355.00,7100.00
6465,6466,2023051001004981,BNHC,42,26,50,355.00,17750.00
6466,6467,2023051005000939,HIDCL,52,58,1100,179.80,197780.00
6467,6468,2023051005000938,HIDCL,52,13,98,179.70,17610.60
6468,6469,2023051003001397,MERO,11,7,50,516.00,25800.00
6469,6470,2023051004002318,AHPC,32,58,200,279.90,55980.00
6470,6471,2023051003001396,NFS,21,55,30,268.00,8040.00
6471,6472,2023051003001395,EDBL,58,22,150,279.00,41850.00
6472,6473,2023051003001394,EDBL,13,22,200,279.10,55820.00
6473,6474,2023051004002317,NICL,17,57,100,521.00,52100.00
6474,6475,2023051001004980,PHCL,58,34,10,310.00,3100.00
6475,6476,2023051001004979,PHCL,58,58,10,310.00,3100.00
6476,6477,2023051001004978,PHCL,58,55,10,310.00,3100.00
6477,6478,2023051001004977,PHCL,58,38,10,310.00,3100.00
6478,6479,2023051001004976,PHCL,58,51,10,310.00,3100.00
6479,6480,2023051001004975,PHCL,58,55,10,310.00,3100.00
6480,6481,2023051001004974,PHCL,58,55,10,310.00,3100.00
6481,6482,2023051001004973,PHCL,58,32,10,310.00,3100.00
6482,6483,2023051001004972,SAHAS,5,58,10,495.00,4950.00
6483,6484,2023051001004971,SAHAS,5,35,10,495.00,4950.00
6484,6485,2023051001004970,SAHAS,5,57,10,495.00,4950.00
6485,6486,2023051001004969,SAHAS,5,57,10,495.00,4950.00
6486,6487,2023051005000937,HIDCL,32,13,10,179.70,1797.00
6487,6488,2023051003001393,ILBS,37,34,27,580.00,15660.00
6488,6489,2023051003001392,ILBS,37,58,13,575.00,7475.00
6489,6490,2023051003001391,NFS,57,55,100,268.00,26800.00
6490,6491,2023051001004968,EBL,44,39,75,530.00,39750.00
6491,6492,2023051003001390,SHINE,48,57,207,318.00,65826.00
6492,6493,2023051003001389,SHINE,48,42,10,318.00,3180.00
6493,6494,2023051003001388,SHINE,48,53,183,318.00,58194.00
6494,6495,2023051001004967,MLBS,5,41,15,715.00,10725.00
6495,6496,2023051001004966,RHGCL,51,35,10,255.00,2550.00
6496,6497,2023051001004965,CZBIL,10,58,10,171.00,1710.00
6497,6498,2023051001004964,CZBIL,10,51,33,170.80,5636.40
6498,6499,2023051001004963,NABIL,49,1,10,595.00,5950.00
6499,6500,2023051001004962,PCBL,38,52,75,193.90,14542.50
6500,6501,2023051001004961,USHEC,42,11,10,285.00,2850.00
6501,6502,2023051005000936,HIDCL,32,49,21,179.00,3759.00
6502,6503,2023051001004960,SMJC,25,19,10,250.90,2509.00
6503,6504,2023051001004959,SMJC,25,6,100,250.90,25090.00
6504,6505,2023051001004958,SMJC,25,45,10,250.90,2509.00
6505,6506,2023051001004957,SMJC,25,28,10,250.90,2509.00
6506,6507,2023051001004956,SMJC,25,21,10,250.50,2505.00
6507,6508,2023051001004955,SMJC,25,58,10,250.00,2500.00
6508,6509,2023051001004954,SMJC,25,53,20,250.00,5000.00
6509,6510,2023051001004953,SMJC,25,45,10,250.00,2500.00
6510,6511,2023051005000935,CHDC,34,55,10,725.00,7250.00
6511,6512,2023051005000934,CHDC,34,35,10,723.00,7230.00
6512,6513,2023051001004952,MKHC,56,7,10,242.50,2425.00
6513,6514,2023051001004951,KBL,7,1,200,164.60,32920.00
6514,6515,2023051004002316,HDHPC,51,56,50,164.60,8230.00
6515,6516,2023051001004950,KBL,35,1,50,164.60,8230.00
6516,6517,2023051004002315,UPPER,25,41,50,412.00,20600.00
6517,6518,2023051001004949,SAHAS,34,35,10,493.00,4930.00
6518,6519,2023051001004948,NIMB,45,13,10,181.50,1815.00
6519,6520,2023051001004947,KDL,36,26,10,715.10,7151.00
6520,6521,2023051001004946,SPC,35,34,10,413.00,4130.00
6521,6522,2023051004002314,UPCL,13,14,500,224.90,112450.00
6522,6523,2023051004002313,SSHL,33,14,500,195.40,97700.00
6523,6524,2023051003001387,FOWAD,42,55,10,1200.00,12000.00
6524,6525,2023051001004945,TAMOR,13,58,10,273.00,2730.00
6525,6526,2023051001004944,TAMOR,13,49,10,273.00,2730.00
6526,6527,2023051001004943,TAMOR,13,54,20,273.00,5460.00
6527,6528,2023051001004942,TAMOR,13,58,10,273.00,2730.00
6528,6529,2023051001004941,TAMOR,13,49,10,273.00,2730.00
6529,6530,2023051001004940,TAMOR,13,58,10,273.00,2730.00
6530,6531,2023051001004939,TAMOR,13,50,10,273.00,2730.00
6531,6532,2023051001004938,TAMOR,13,40,10,273.00,2730.00
6532,6533,2023051001004937,TAMOR,13,57,10,273.00,2730.00
6533,6534,2023051001004936,TAMOR,13,1,10,272.00,2720.00
6534,6535,2023051001004935,SBI,33,58,1000,326.00,326000.00
6535,6536,2023051004002312,API,48,25,10,232.00,2320.00
6536,6537,2023051004002311,API,57,25,33,232.00,7656.00
6537,6538,2023051003001386,SWBBL,52,17,100,705.00,70500.00
6538,6539,2023051003001385,SWBBL,44,17,300,705.00,211500.00
6539,6540,2023051003001384,SWBBL,16,17,100,705.10,70510.00
6540,6541,2023051003001383,SWBBL,58,17,10,706.00,7060.00
6541,6542,2023051003001382,SWBBL,55,17,10,707.00,7070.00
6542,6543,2023051001004934,SMHL,56,49,10,381.30,3813.00
6543,6544,2023051001004933,AHL,19,45,10,342.00,3420.00
6544,6545,2023051005000933,NRIC,3,6,100,683.00,68300.00
6545,6546,2023051001004932,MBL,42,3,130,228.80,29744.00
6546,6547,2023051004002310,UPPER,43,46,30,412.00,12360.00
6547,6548,2023051004002309,UPPER,43,10,40,412.00,16480.00
6548,6549,2023051004002308,UPPER,43,50,30,411.90,12357.00
6549,6550,2023051001004931,TAMOR,57,21,10,270.20,2702.00
6550,6551,2023051001004930,KBL,42,6,36,164.50,5922.00
6551,6552,2023051001004929,KBL,25,6,20,164.60,3292.00
6552,6553,2023051001004928,KBL,39,6,35,164.60,5761.00
6553,6554,2023051001004927,KBL,22,6,10,164.60,1646.00
6554,6555,2023051005000932,HIDCL,52,59,100,178.90,17890.00
6555,6556,2023051004002307,SHEL,17,39,50,280.00,14000.00
6556,6557,2023051004002306,TRH,51,42,285,513.00,146205.00
6557,6558,2023051004002305,TRH,51,29,15,512.90,7693.50
6558,6559,2023051001004926,MAKAR,43,16,10,249.20,2492.00
6559,6560,2023051001004925,SHIVM,49,29,40,403.50,16140.00
6560,6561,2023051001004924,SHIVM,49,8,60,403.50,24210.00
6561,6562,2023051001004923,NMB,14,38,25,234.00,5850.00
6562,6563,2023051004002304,NHPC,57,39,350,205.00,71750.00
6563,6564,2023051003001381,NICLBSL,55,19,10,540.00,5400.00
6564,6565,2023051003001380,NICLBSL,55,47,50,540.00,27000.00
6565,6566,2023051003001379,NICLBSL,55,37,20,539.00,10780.00
6566,6567,2023051003001378,NICLBSL,55,6,10,534.00,5340.00
6567,6568,2023051004002303,HDHPC,28,40,50,164.00,8200.00
6568,6569,2023051001004922,MAKAR,43,16,10,249.20,2492.00
6569,6570,2023051001004921,MKHC,56,42,10,242.50,2425.00
6570,6571,2023051001004920,MHCL,40,58,10,216.30,2163.00
6571,6572,2023051001004919,RHGCL,13,38,10,252.00,2520.00
6572,6573,2023051005000931,NRIC,3,16,48,681.00,32688.00
6573,6574,2023051004002302,UPPER,47,44,10,409.00,4090.00
6574,6575,2023051004002301,UPPER,48,44,50,410.00,20500.00
6575,6576,2023051003001377,NMFBS,11,19,10,1162.00,11620.00
6576,6577,2023051003001376,NMFBS,11,7,40,1162.00,46480.00
6577,6578,2023051005000930,CIT,33,42,14,2015.00,28210.00
6578,6579,2023051004002300,RIDI,44,58,14,277.50,3885.00
6579,6580,2023051001004918,PHCL,34,49,10,308.00,3080.00
6580,6581,2023051001004917,HDL,58,38,10,1893.40,18934.00
6581,6582,2023051001004916,NICA,5,39,15,712.00,10680.00
6582,6583,2023051001004915,NICA,34,39,121,712.10,86164.10
6583,6584,2023051001004914,NICA,38,39,50,712.50,35625.00
6584,6585,2023051001004913,SPC,35,58,10,412.90,4129.00
6585,6586,2023051001004912,GBIME,8,6,106,183.50,19451.00
6586,6587,2023051001004911,MAKAR,52,16,10,249.10,2491.00
6587,6588,2023051003001375,MERO,26,7,50,512.00,25600.00
6588,6589,2023051001004910,GBIME,8,1,257,183.50,47159.50
6589,6590,2023051004002299,JOSHI,39,41,100,262.90,26290.00
6590,6591,2023051004002298,SHEL,58,39,10,280.00,2800.00
6591,6592,2023051001004909,HHL,51,58,10,255.00,2550.00
6592,6593,2023051001004908,KDL,36,49,10,715.10,7151.00
6593,6594,2023051001004907,NABIL,7,39,87,595.00,51765.00
6594,6595,2023051005000929,CIT,13,42,10,2017.00,20170.00
6595,6596,2023051001004906,MHCL,45,21,10,216.90,2169.00
6596,6597,2023051004002297,SGIC,39,19,10,435.00,4350.00
6597,6598,2023051004002296,HDHPC,28,44,160,164.00,26240.00
6598,6599,2023051004002295,SICL,25,1,60,714.00,42840.00
6599,6600,2023051004002294,CHL,48,56,20,274.50,5490.00
6600,6601,2023051004002293,CHL,48,34,15,274.00,4110.00
6601,6602,2023051004002292,RIDI,44,58,26,277.50,7215.00
6602,6603,2023051001004905,MHCL,45,52,10,216.90,2169.00
6603,6604,2023051001004904,MHCL,45,59,10,216.90,2169.00
6604,6605,2023051001004903,MBJC,35,13,10,276.00,2760.00
6605,6606,2023051001004902,NABIL,43,17,448,594.00,266112.00
6606,6607,2023051001004901,NABIL,58,17,200,594.10,118820.00
6607,6608,2023051001004900,NABIL,49,17,100,594.10,59410.00
6608,6609,2023051001004899,NABIL,42,17,20,594.20,11884.00
6609,6610,2023051001004898,NABIL,45,17,22,594.20,13072.40
6610,6611,2023051001004897,NABIL,21,17,20,594.50,11890.00
6611,6612,2023051001004896,NABIL,13,17,40,594.80,23792.00
6612,6613,2023051003001374,SHINE,13,53,100,318.00,31800.00
6613,6614,2023051001004895,SANIMA,28,14,500,245.80,122900.00
6614,6615,2023051003001373,CORBL,45,45,17,290.00,4930.00
6615,6616,2023051001004894,PPL,35,28,10,260.00,2600.00
6616,6617,2023051001004893,SMJC,49,41,10,250.00,2500.00
6617,6618,2023051001004892,SMJC,49,35,10,250.00,2500.00
6618,6619,2023051001004891,SMJC,49,21,10,250.00,2500.00
6619,6620,2023051001004890,SMJC,49,55,10,250.00,2500.00
6620,6621,2023051001004889,SMJC,49,38,10,250.00,2500.00
6621,6622,2023051001004888,KBL,6,55,10,164.80,1648.00
6622,6623,2023051001004887,SPC,19,35,10,411.90,4119.00
6623,6624,2023051005000928,NRIC,28,16,92,680.00,62560.00
6624,6625,2023051005000927,NRIC,28,45,16,680.00,10880.00
6625,6626,2023051005000926,NRIC,28,45,1500,680.00,1020000.00
6626,6627,2023051005000925,NRIC,28,6,48,680.00,32640.00
6627,6628,2023051005000924,NRIC,28,44,65,679.00,44135.00
6628,6629,2023051003001372,MNBBL,33,26,50,385.00,19250.00
6629,6630,2023051004002291,HDHPC,25,44,140,164.00,22960.00
6630,6631,2023051001004886,MAKAR,4,58,10,250.00,2500.00
6631,6632,2023051004002290,HDHPC,57,39,500,164.20,82100.00
6632,6633,2023051001004885,TAMOR,57,49,10,270.20,2702.00
6633,6634,2023051004002289,HDHPC,25,25,60,164.00,9840.00
6634,6635,2023051004002288,HDHPC,58,25,440,164.00,72160.00
6635,6636,2023051004002287,CHL,45,34,17,274.00,4658.00
6636,6637,2023051001004884,NICA,42,58,15,713.00,10695.00
6637,6638,2023051001004883,NABIL,57,39,20,595.00,11900.00
6638,6639,2023051001004882,SHIVM,49,8,30,403.50,12105.00
6639,6640,2023051001004881,PHCL,19,25,10,310.00,3100.00
6640,6641,2023051001004880,PHCL,19,56,10,309.30,3093.00
6641,6642,2023051001004879,PHCL,19,49,10,309.00,3090.00
6642,6643,2023051001004878,PHCL,19,1,10,309.00,3090.00
6643,6644,2023051001004877,PHCL,19,25,10,309.00,3090.00
6644,6645,2023051001004876,PHCL,19,49,10,309.00,3090.00
6645,6646,2023051001004875,PHCL,19,17,10,309.00,3090.00
6646,6647,2023051001004874,PHCL,19,35,10,309.00,3090.00
6647,6648,2023051001004873,PHCL,19,56,10,308.60,3086.00
6648,6649,2023051001004872,PHCL,19,26,10,308.00,3080.00
6649,6650,2023051001004871,PHCL,19,35,10,308.00,3080.00
6650,6651,2023051001004870,PHCL,19,41,10,308.00,3080.00
6651,6652,2023051001004869,SMHL,56,21,10,381.30,3813.00
6652,6653,2023051001004868,PHCL,58,58,10,307.00,3070.00
6653,6654,2023051001004867,NIMB,10,13,11,181.50,1996.50
6654,6655,2023051001004866,PCBL,38,39,103,193.90,19971.70
6655,6656,2023051001004865,PRVU,22,42,10,165.10,1651.00
6656,6657,2023051001004864,NABIL,58,39,170,595.00,101150.00
6657,6658,2023051004002286,HDHPC,58,52,50,164.00,8200.00
6658,6659,2023051004002285,HDHPC,58,45,10,164.00,1640.00
6659,6660,2023051004002284,HURJA,51,6,85,255.00,21675.00
6660,6661,2023051004002283,HURJA,51,35,15,254.00,3810.00
6661,6662,2023051001004863,MAKAR,26,8,50,250.00,12500.00
6662,6663,2023051001004862,MAKAR,42,8,350,250.00,87500.00
6663,6664,2023051001004861,MAKAR,29,8,100,250.10,25010.00
6664,6665,2023051001004860,MAKAR,1,8,90,250.10,22509.00
6665,6666,2023051001004859,SMHL,56,45,10,381.30,3813.00
6666,6667,2023051001004858,SMH,28,13,30,546.00,16380.00
6667,6668,2023051001004857,SMH,28,13,10,545.90,5459.00
6668,6669,2023051001004856,SMH,28,13,10,545.80,5458.00
6669,6670,2023051001004855,SMH,28,13,10,545.70,5457.00
6670,6671,2023051001004854,SMH,28,35,10,543.90,5439.00
6671,6672,2023051001004853,SMH,28,58,10,543.90,5439.00
6672,6673,2023051001004852,SMH,28,13,100,542.60,54260.00
6673,6674,2023051001004851,SMH,28,41,10,542.60,5426.00
6674,6675,2023051001004850,SMH,28,57,10,542.60,5426.00
6675,6676,2023051001004849,SMH,28,13,100,542.40,54240.00
6676,6677,2023051004002282,AKPL,32,39,100,363.00,36300.00
6677,6678,2023051001004848,SMJC,40,38,10,248.00,2480.00
6678,6679,2023051005000923,NIFRA,32,36,10,207.50,2075.00
6679,6680,2023051001004847,AHL,45,21,10,341.00,3410.00
6680,6681,2023051001004846,TAMOR,57,11,10,270.20,2702.00
6681,6682,2023051001004845,NABIL,49,39,1242,595.00,738990.00
6682,6683,2023051001004844,RFPL,18,22,10,250.00,2500.00
6683,6684,2023051001004843,GVL,55,19,10,402.00,4020.00
6684,6685,2023051001004842,GVL,55,38,90,402.00,36180.00
6685,6686,2023051001004841,NABIL,21,39,50,595.00,29750.00
6686,6687,2023051001004840,NABIL,26,39,300,595.00,178500.00
6687,6688,2023051001004839,NABIL,41,39,12,595.00,7140.00
6688,6689,2023051005000922,NRIC,7,44,80,679.00,54320.00
6689,6690,2023051004002281,RADHI,7,22,69,238.00,16422.00
6690,6691,2023051004002280,RADHI,7,39,31,238.00,7378.00
6691,6692,2023051001004838,PPL,35,58,10,260.00,2600.00
6692,6693,2023051004002279,NHPC,57,41,100,207.00,20700.00
6693,6694,2023051004002278,NHPC,57,45,190,207.00,39330.00
6694,6695,2023051001004837,PCBL,38,39,1000,193.90,193900.00
6695,6696,2023051001004836,PCBL,19,51,60,193.80,11628.00
6696,6697,2023051001004835,NICA,13,58,100,713.00,71300.00
6697,6698,2023051003001371,GUFL,11,6,105,482.00,50610.00
6698,6699,2023051001004834,JBLB,58,45,10,1405.00,14050.00
6699,6700,2023051004002277,UPCL,14,17,500,224.90,112450.00
6700,6701,2023051001004833,JALPA,35,41,10,1600.00,16000.00
6701,6702,2023051001004832,TAMOR,6,6,10,273.00,2730.00
6702,6703,2023051001004831,TAMOR,6,26,10,273.00,2730.00
6703,6704,2023051001004830,TAMOR,6,51,10,272.90,2729.00
6704,6705,2023051001004829,TAMOR,6,58,10,272.90,2729.00
6705,6706,2023051001004828,TAMOR,6,38,10,272.00,2720.00
6706,6707,2023051001004827,TAMOR,6,22,10,272.00,2720.00
6707,6708,2023051001004826,TAMOR,6,58,10,272.00,2720.00
6708,6709,2023051001004825,TAMOR,6,58,10,272.00,2720.00
6709,6710,2023051001004824,TAMOR,6,58,10,272.00,2720.00
6710,6711,2023051001004823,TAMOR,6,44,10,271.90,2719.00
6711,6712,2023051001004822,TAMOR,6,49,10,271.00,2710.00
6712,6713,2023051001004821,TAMOR,6,38,10,271.00,2710.00
6713,6714,2023051001004820,ADBL,11,42,37,232.30,8595.10
6714,6715,2023051001004819,LBL,34,50,150,182.00,27300.00
6715,6716,2023051001004818,SPC,35,58,10,411.90,4119.00
6716,6717,2023051001004817,GVL,55,58,10,400.00,4000.00
6717,6718,2023051001004816,SIKLES,6,59,500,400.00,200000.00
6718,6719,2023051001004815,SMH,28,13,100,542.00,54200.00
6719,6720,2023051001004814,SMH,28,13,10,541.90,5419.00
6720,6721,2023051001004813,SMH,28,13,10,541.80,5418.00
6721,6722,2023051001004812,SMH,28,13,10,541.70,5417.00
6722,6723,2023051001004811,SMH,28,13,10,541.60,5416.00
6723,6724,2023051001004810,SMH,28,13,10,541.40,5414.00
6724,6725,2023051001004809,SMH,28,13,10,541.30,5413.00
6725,6726,2023051001004808,SMH,28,13,10,541.20,5412.00
6726,6727,2023051001004807,SMH,28,45,10,541.00,5410.00
6727,6728,2023051001004806,SMH,28,38,10,541.00,5410.00
6728,6729,2023051001004805,SMH,28,13,10,540.40,5404.00
6729,6730,2023051001004804,SMHL,56,6,10,381.30,3813.00
6730,6731,2023051005000921,NIFRA,53,45,54,207.00,11178.00
6731,6732,2023051004002276,JOSHI,51,41,100,262.90,26290.00
6732,6733,2023051004002275,HDHPC,4,45,100,164.00,16400.00
6733,6734,2023051004002274,HDHPC,4,46,659,164.00,108076.00
6734,6735,2023051003001370,MNBBL,42,26,25,385.00,9625.00
6735,6736,2023051003001369,MERO,32,7,50,512.00,25600.00
6736,6737,2023051004002273,RIDI,19,16,100,277.10,27710.00
6737,6738,2023051001004803,MBJC,45,13,240,276.00,66240.00
6738,6739,2023051001004802,MBJC,45,55,10,276.00,2760.00
6739,6740,2023051001004801,JALPA,45,41,20,1600.00,32000.00
6740,6741,2023051001004800,PPL,35,28,32,260.00,8320.00
6741,6742,2023051001004799,PPL,33,28,80,260.10,20808.00
6742,6743,2023051004002272,PRIN,42,57,10,450.00,4500.00
6743,6744,2023051004002271,PRIN,42,26,14,450.00,6300.00
6744,6745,2023051004002270,PRIN,42,29,14,450.00,6300.00
6745,6746,2023051001004798,EBL,44,51,516,530.00,273480.00
6746,6747,2023051001004797,NABIL,47,17,420,596.00,250320.00
6747,6748,2023051001004796,NABIL,28,17,20,596.00,11920.00
6748,6749,2023051001004795,SANIMA,11,14,392,245.80,96353.60
6749,6750,2023051001004794,SANIMA,11,43,108,245.80,26546.40
6750,6751,2023051003001368,SJLIC,42,38,9,410.00,3690.00
6751,6752,2023051001004793,EBL,33,51,14,530.00,7420.00
6752,6753,2023051001004792,EBL,33,6,185,530.00,98050.00
6753,6754,2023051001004791,EBL,33,6,56,530.00,29680.00
6754,6755,2023051001004790,EBL,33,7,50,530.00,26500.00
6755,6756,2023051001004789,EBL,33,49,30,530.00,15900.00
6756,6757,2023051001004788,EBL,33,49,53,530.00,28090.00
6757,6758,2023051001004787,EBL,33,53,112,529.00,59248.00
6758,6759,2023051001004786,CZBIL,44,6,25,170.00,4250.00
6759,6760,2023051001004785,TAMOR,59,38,10,271.00,2710.00
6760,6761,2023051001004784,TAMOR,59,34,10,271.00,2710.00
6761,6762,2023051001004783,GVL,55,4,10,400.00,4000.00
6762,6763,2023051001004782,MBL,42,34,20,228.80,4576.00
6763,6764,2023051001004781,KDL,26,58,10,718.00,7180.00
6764,6765,2023051001004780,KDL,26,58,10,718.00,7180.00
6765,6766,2023051001004779,KDL,26,4,20,718.00,14360.00
6766,6767,2023051001004778,KDL,26,5,10,718.00,7180.00
6767,6768,2023051001004777,TAMOR,49,58,10,270.20,2702.00
6768,6769,2023051004002269,NHPC,57,58,550,206.90,113795.00
6769,6770,2023051004002268,NHPC,57,14,100,206.90,20690.00
6770,6771,2023051003001367,GUFL,39,6,10,482.00,4820.00
6771,6772,2023051001004776,SANIMA,45,43,100,245.80,24580.00
6772,6773,2023051004002267,HPPL,34,41,20,275.00,5500.00
6773,6774,2023051001004775,RFPL,18,11,10,247.00,2470.00
6774,6775,2023051004002266,HDHPC,16,46,249,164.00,40836.00
6775,6776,2023051004002265,HDHPC,53,46,10,164.00,1640.00
6776,6777,2023051005000920,NRIC,14,44,10,679.00,6790.00
6777,6778,2023051001004774,NICA,49,58,10,713.00,7130.00
6778,6779,2023051001004773,MHL,39,47,10,329.00,3290.00
6779,6780,2023051001004772,MHL,39,32,10,328.00,3280.00
6780,6781,2023051003001366,FMDBL,29,6,15,509.00,7635.00
6781,6782,2023051005000919,CIT,55,42,10,2019.00,20190.00
6782,6783,2023051003001365,DDBL,32,1,12,621.00,7452.00
6783,6784,2023051004002264,NHPC,57,44,200,206.70,41340.00
6784,6785,2023051003001364,ACLBSL,41,16,12,546.50,6558.00
6785,6786,2023051001004771,SPC,35,34,20,413.00,8260.00
6786,6787,2023051001004770,MKHC,42,34,10,245.00,2450.00
6787,6788,2023051001004769,MKHC,42,13,10,245.00,2450.00
6788,6789,2023051001004768,MKHC,42,58,10,245.00,2450.00
6789,6790,2023051001004767,MKHC,42,57,10,245.00,2450.00
6790,6791,2023051001004766,MKHC,42,29,10,245.00,2450.00
6791,6792,2023051001004765,MKHC,42,4,10,245.00,2450.00
6792,6793,2023051001004764,MKHC,42,49,10,245.00,2450.00
6793,6794,2023051001004763,MKHC,42,6,10,245.00,2450.00
6794,6795,2023051001004762,SANIMA,17,34,100,245.70,24570.00
6795,6796,2023051001004761,SANIMA,17,19,20,245.70,4914.00
6796,6797,2023051001004760,MAKAR,1,21,10,250.10,2501.00
6797,6798,2023051003001363,EDBL,55,39,50,281.00,14050.00
6798,6799,2023051001004759,ADLB,45,58,15,1295.00,19425.00
6799,6800,2023051004002263,HDHPC,35,46,33,164.00,5412.00
6800,6801,2023051001004758,SCB,44,21,10,530.00,5300.00
6801,6802,2023051001004757,SCB,44,26,50,530.00,26500.00
6802,6803,2023051001004756,SCB,44,54,500,530.00,265000.00
6803,6804,2023051001004755,SCB,44,10,30,530.00,15900.00
6804,6805,2023051001004754,SCB,44,50,30,530.00,15900.00
6805,6806,2023051001004753,MAKAR,43,58,10,250.10,2501.00
6806,6807,2023051001004752,GVL,55,13,100,400.00,40000.00
6807,6808,2023051001004751,GVL,55,47,10,400.00,4000.00
6808,6809,2023051001004750,GVL,55,57,10,400.00,4000.00
6809,6810,2023051001004749,GVL,55,16,115,400.00,46000.00
6810,6811,2023051003001362,SJLIC,13,1,100,418.00,41800.00
6811,6812,2023051003001361,SJLIC,13,1,100,418.00,41800.00
6812,6813,2023051003001360,SJLIC,13,1,100,418.00,41800.00
6813,6814,2023051003001359,SJLIC,13,38,372,418.00,155496.00
6814,6815,2023051001004748,GBIME,42,48,100,183.90,18390.00
6815,6816,2023051001004747,NIBLGF,10,58,100,7.93,793.00
6816,6817,2023051001004746,RFPL,18,58,10,247.00,2470.00
6817,6818,2023051001004745,JALPA,17,41,10,1600.00,16000.00
6818,6819,2023051004002262,API,48,58,3,232.00,696.00
6819,6820,2023051001004744,NMB,17,58,19,235.00,4465.00
6820,6821,2023051001004743,NMB,17,38,16,235.00,3760.00
6821,6822,2023051001004742,NMB,17,13,100,235.00,23500.00
6822,6823,2023051001004741,NMB,17,16,33,235.00,7755.00
6823,6824,2023051001004740,AVYAN,47,8,10,575.00,5750.00
6824,6825,2023051001004739,AVYAN,47,35,10,573.00,5730.00
6825,6826,2023051001004738,NIMB,28,28,1940,180.70,350558.00
6826,6827,2023051005000918,NIFRA,53,35,12,207.00,2484.00
6827,6828,2023051004002261,HDHPC,4,38,75,164.00,12300.00
6828,6829,2023051004002260,HDHPC,4,32,100,164.00,16400.00
6829,6830,2023051004002259,HDHPC,4,4,152,164.00,24928.00
6830,6831,2023051004002258,HDHPC,4,52,25,164.00,4100.00
6831,6832,2023051004002257,HDHPC,4,25,500,164.00,82000.00
6832,6833,2023051004002256,HDHPC,4,38,124,164.00,20336.00
6833,6834,2023051001004737,NIMB,6,28,50,180.70,9035.00
6834,6835,2023051001004736,NIMB,8,28,10,181.00,1810.00
6835,6836,2023051001004735,NICA,44,58,136,713.00,96968.00
6836,6837,2023051001004734,EBL,33,53,188,529.00,99452.00
6837,6838,2023051001004733,EBL,33,14,13,528.80,6874.40
6838,6839,2023051001004732,EBL,33,53,200,528.80,105760.00
6839,6840,2023051001004731,EBL,33,34,99,528.60,52331.40
6840,6841,2023051004002255,BPCL,42,39,11,316.00,3476.00
6841,6842,2023051001004730,NBL,1,49,105,249.00,26145.00
6842,6843,2023051001004729,NBL,1,17,125,249.00,31125.00
6843,6844,2023051001004728,KBL,42,55,10,164.80,1648.00
6844,6845,2023051001004727,NIMB,43,39,18,182.00,3276.00
6845,6846,2023051001004726,NIMB,43,42,30,182.00,5460.00
6846,6847,2023051001004725,NIMB,43,45,51,182.00,9282.00
6847,6848,2023051001004724,NIMB,43,1,10,182.00,1820.00
6848,6849,2023051005000917,NTC,38,57,7,794.00,5558.00
6849,6850,2023051004002254,CHCL,58,50,129,465.00,59985.00
6850,6851,2023051004002253,CHCL,58,52,20,464.90,9298.00
6851,6852,2023051004002252,AHPC,32,58,500,279.90,139950.00
6852,6853,2023051005000916,NIFRA,53,35,42,207.00,8694.00
6853,6854,2023051005000915,NIFRA,53,35,54,207.00,11178.00
6854,6855,2023051001004723,TAMOR,49,49,10,270.20,2702.00
6855,6856,2023051003001358,GRDBL,39,6,10,245.00,2450.00
6856,6857,2023051004002251,UPPER,8,17,190,411.90,78261.00
6857,6858,2023051001004722,EBL,44,8,70,528.00,36960.00
6858,6859,2023051001004721,MLBS,41,47,10,705.00,7050.00
6859,6860,2023051001004720,SMHL,56,4,10,381.30,3813.00
6860,6861,2023051004002250,HDHPC,14,38,76,164.00,12464.00
6861,6862,2023051004002249,HDHPC,14,57,200,164.00,32800.00
6862,6863,2023051004002248,HDHPC,14,43,1000,164.00,164000.00
6863,6864,2023051004002247,HDHPC,14,59,200,163.90,32780.00
6864,6865,2023051004002246,HDHPC,14,25,1000,163.90,163900.00
6865,6866,2023051004002245,HDHPC,14,46,500,163.50,81750.00
6866,6867,2023051004002244,HDHPC,14,49,24,163.40,3921.60
6867,6868,2023051005000914,MMF1,10,38,500,7.15,3575.00
6868,6869,2023051005000913,MMF1,10,34,100,7.15,715.00
6869,6870,2023051003001357,RLFL,26,32,90,284.00,25560.00
6870,6871,2023051004002243,JOSHI,48,53,200,262.90,52580.00
6871,6872,2023051004002242,SHEL,25,21,10,278.00,2780.00
6872,6873,2023051001004719,SHIVM,32,8,10,403.50,4035.00
6873,6874,2023051004002241,AKPL,57,14,200,362.00,72400.00
6874,6875,2023051003001356,MNBBL,45,26,20,385.00,7700.00
6875,6876,2023051001004718,MHCL,45,58,10,216.00,2160.00
6876,6877,2023051005000912,NIFRA,53,38,62,207.00,12834.00
6877,6878,2023051005000911,NIFRA,53,38,54,207.00,11178.00
6878,6879,2023051005000910,NIFRA,53,35,54,207.00,11178.00
6879,6880,2023051005000909,NIFRA,53,57,44,207.00,9108.00
6880,6881,2023051005000908,NIFRA,53,51,30,207.00,6210.00
6881,6882,2023051005000907,NIFRA,53,52,236,207.00,48852.00
6882,6883,2023051005000906,NIFRA,53,49,10,206.50,2065.00
6883,6884,2023051005000905,NIFRA,53,57,10,206.00,2060.00
6884,6885,2023051001004717,NICA,1,58,115,713.00,81995.00
6885,6886,2023051004002240,API,43,58,15,233.00,3495.00
6886,6887,2023051001004716,EBL,58,8,18,528.00,9504.00
6887,6888,2023051001004715,EBL,49,8,12,528.00,6336.00
6888,6889,2023051003001355,SWBBL,52,57,10,715.00,7150.00
6889,6890,2023051001004714,SANIMA,38,43,292,245.80,71773.60
6890,6891,2023051001004713,SANIMA,38,55,58,245.80,14256.40
6891,6892,2023051001004712,SANIMA,38,37,50,245.80,12290.00
6892,6893,2023051001004711,SANIMA,38,34,100,245.70,24570.00
6893,6894,2023051001004710,SMJC,32,49,10,247.00,2470.00
6894,6895,2023051001004709,SCB,44,56,40,529.00,21160.00
6895,6896,2023051001004708,SCB,44,39,77,529.00,40733.00
6896,6897,2023051005000904,NRIC,7,44,50,679.00,33950.00
6897,6898,2023051003001354,RMDC,16,34,20,689.90,13798.00
6898,6899,2023051003001353,MNBBL,58,26,94,385.00,36190.00
6899,6900,2023051005000903,NICFC,49,55,100,7.67,767.00
6900,6901,2023051005000902,CIT,29,42,66,2019.00,133254.00
6901,6902,2023051005000901,CIT,29,19,10,2018.80,20188.00
6902,6903,2023051001004707,JALPA,28,41,10,1600.00,16000.00
6903,6904,2023051001004706,NABIL,34,6,16,597.00,9552.00
6904,6905,2023051004002239,PMHPL,6,43,10,217.00,2170.00
6905,6906,2023051004002238,GLH,43,43,120,264.10,31692.00
6906,6907,2023051004002237,GLH,43,35,10,263.30,2633.00
6907,6908,2023051004002236,GLH,43,56,10,263.30,2633.00
6908,6909,2023051004002235,GLH,43,25,10,263.00,2630.00
6909,6910,2023051004002234,GLH,43,58,10,263.00,2630.00
6910,6911,2023051004002233,GLH,43,42,10,263.00,2630.00
6911,6912,2023051004002232,GLH,43,13,10,260.00,2600.00
6912,6913,2023051001004705,NICA,42,58,428,713.00,305164.00
6913,6914,2023051001004704,PHCL,13,58,10,306.10,3061.00
6914,6915,2023051004002231,AKPL,57,29,100,361.90,36190.00
6915,6916,2023051001004703,NIMB,8,55,437,181.00,79097.00
6916,6917,2023051001004702,NIMB,17,55,10,181.10,1811.00
6917,6918,2023051001004701,MHCL,45,49,10,216.00,2160.00
6918,6919,2023051001004700,SMJC,32,47,10,247.00,2470.00
6919,6920,2023051005000900,ENL,39,34,202,616.00,124432.00
6920,6921,2023051005000899,ENL,39,4,10,615.00,6150.00
6921,6922,2023051003001352,MFIL,54,45,65,422.00,27430.00
6922,6923,2023051001004699,DORDI,7,13,10,274.50,2745.00
6923,6924,2023051001004698,DORDI,7,17,10,274.50,2745.00
6924,6925,2023051001004697,DORDI,7,4,10,273.30,2733.00
6925,6926,2023051001004696,DORDI,7,58,10,273.00,2730.00
6926,6927,2023051001004695,DORDI,7,17,180,272.90,49122.00
6927,6928,2023051001004694,DORDI,7,13,10,272.90,2729.00
6928,6929,2023051001004693,DORDI,7,34,10,271.00,2710.00
6929,6930,2023051001004692,DORDI,7,17,10,270.40,2704.00
6930,6931,2023051001004691,DORDI,7,45,10,270.30,2703.00
6931,6932,2023051001004690,DORDI,7,32,10,270.00,2700.00
6932,6933,2023051001004689,NBL,26,17,50,249.00,12450.00
6933,6934,2023051004002230,RURU,1,1,3,725.00,2175.00
6934,6935,2023051001004688,HBL,38,44,1000,217.90,217900.00
6935,6936,2023051003001351,NADEP,25,35,10,506.90,5069.00
6936,6937,2023051001004687,HDL,41,38,18,1892.10,34057.80
6937,6938,2023051004002229,SSHL,17,57,250,197.90,49475.00
6938,6939,2023051003001350,RSDC,6,5,20,475.00,9500.00
6939,6940,2023051004002228,AHPC,32,58,250,279.90,69975.00
6940,6941,2023051004002227,AHPC,32,55,200,279.90,55980.00
6941,6942,2023051004002226,AHPC,32,21,50,279.00,13950.00
6942,6943,2023051003001349,GBBL,59,34,10,352.00,3520.00
6943,6944,2023051001004686,KBL,1,55,20,164.80,3296.00
6944,6945,2023051003001348,PLI,52,35,10,407.00,4070.00
6945,6946,2023051001004685,NABIL,34,35,54,597.00,32238.00
6946,6947,2023051001004684,NABIL,34,41,30,597.00,17910.00
6947,6948,2023051001004683,KBL,45,55,200,164.80,32960.00
6948,6949,2023051003001347,MERO,25,40,15,510.00,7650.00
6949,6950,2023051001004682,SANIMA,17,41,378,245.70,92874.60
6950,6951,2023051003001346,BFC,53,52,100,302.00,30200.00
6951,6952,2023051003001345,BFC,53,48,100,302.00,30200.00
6952,6953,2023051004002225,PMHPL,38,35,35,219.00,7665.00
6953,6954,2023051004002224,PMHPL,38,49,15,218.00,3270.00
6954,6955,2023051001004681,GVL,16,16,40,400.00,16000.00
6955,6956,2023051003001344,SADBL,58,41,40,277.70,11108.00
6956,6957,2023051003001343,GBBL,59,41,32,352.00,11264.00
6957,6958,2023051003001342,GBBL,4,41,68,352.00,23936.00
6958,6959,2023051003001341,GBBL,11,41,100,352.00,35200.00
6959,6960,2023051003001340,SHINE,14,53,30,318.00,9540.00
6960,6961,2023051004002223,NICL,6,10,200,520.00,104000.00
6961,6962,2023051004002222,NICL,6,52,222,520.00,115440.00
6962,6963,2023051004002221,NICL,6,14,500,519.70,259850.00
6963,6964,2023051004002220,NICL,6,14,433,519.50,224943.50
6964,6965,2023051003001339,JFL,29,50,74,349.00,25826.00
6965,6966,2023051003001338,JFL,29,56,126,349.00,43974.00
6966,6967,2023051003001337,NLIC,58,17,50,659.00,32950.00
6967,6968,2023051003001336,CBBL,26,21,54,783.00,42282.00
6968,6969,2023051001004680,EBL,29,14,26,528.00,13728.00
6969,6970,2023051001004679,KBL,42,55,160,164.80,26368.00
6970,6971,2023051004002219,HDHPC,4,49,170,163.40,27778.00
6971,6972,2023051003001335,NLBBL,47,40,200,557.90,111580.00
6972,6973,2023051001004678,MAKAR,43,39,10,250.10,2501.00
6973,6974,2023051004002218,AKJCL,28,22,420,207.00,86940.00
6974,6975,2023051001004677,MAKAR,43,59,10,250.10,2501.00
6975,6976,2023051001004676,KDL,36,17,10,715.10,7151.00
6976,6977,2023051004002217,HDHPC,19,45,25,163.00,4075.00
6977,6978,2023051003001334,GUFL,32,50,50,480.00,24000.00
6978,6979,2023051003001333,GUFL,32,42,26,480.00,12480.00
6979,6980,2023051003001332,GUFL,32,38,20,480.00,9600.00
6980,6981,2023051003001331,GUFL,32,38,270,479.50,129465.00
6981,6982,2023051003001330,GUFL,32,49,80,479.00,38320.00
6982,6983,2023051005000898,CIT,29,25,72,2018.00,145296.00
6983,6984,2023051005000897,CIT,29,25,12,2016.00,24192.00
6984,6985,2023051005000896,CIT,29,58,50,2016.00,100800.00
6985,6986,2023051005000895,CIT,29,38,117,2015.00,235755.00
6986,6987,2023051005000894,CIT,29,35,20,2014.00,40280.00
6987,6988,2023051001004675,SANIMA,44,41,122,245.70,29975.40
6988,6989,2023051001004674,SPC,35,58,10,418.00,4180.00
6989,6990,2023051003001329,MMFDB,21,32,22,570.00,12540.00
6990,6991,2023051005000893,KDBY,29,55,100,8.00,800.00
6991,6992,2023051003001328,CBBL,1,21,10,783.00,7830.00
6992,6993,2023051001004673,TAMOR,57,38,10,271.00,2710.00
6993,6994,2023051001004672,TAMOR,57,26,10,271.00,2710.00
6994,6995,2023051001004671,TAMOR,57,17,10,271.00,2710.00
6995,6996,2023051001004670,TAMOR,57,58,10,271.00,2710.00
6996,6997,2023051004002216,SHL,25,36,500,264.00,132000.00
6997,6998,2023051004002215,SHL,25,28,1000,263.90,263900.00
6998,6999,2023051003001327,ICFC,49,41,50,406.60,20330.00
6999,7000,2023051005000892,NIFRA,34,38,190,205.60,39064.00
7000,7001,2023051003001326,CBBL,10,21,200,783.00,156600.00
7001,7002,2023051001004669,MBL,57,5,11,229.90,2528.90
7002,7003,2023051004002214,NIL,57,49,10,729.00,7290.00
7003,7004,2023051001004668,SANIMA,44,49,918,245.50,225369.00
7004,7005,2023051001004667,SANIMA,44,6,100,245.50,24550.00
7005,7006,2023051001004666,NICA,42,58,142,713.00,101246.00
7006,7007,2023051004002213,TRH,14,28,10,512.80,5128.00
7007,7008,2023051004002212,API,16,58,30,233.00,6990.00
7008,7009,2023051004002211,API,16,59,20,233.00,4660.00
7009,7010,2023051001004665,SMH,28,13,900,540.00,486000.00
7010,7011,2023051001004664,NABIL,21,41,70,597.00,41790.00
7011,7012,2023051001004663,BHDC,17,35,10,390.00,3900.00
7012,7013,2023051001004662,GVL,55,11,10,397.00,3970.00
7013,7014,2023051005000891,NIFRA,34,35,54,205.60,11102.40
7014,7015,2023051003001325,CBBL,42,21,25,783.00,19575.00
7015,7016,2023051005000890,CMF2,10,28,4750,7.83,37192.50
7016,7017,2023051001004661,MKHC,22,42,10,245.00,2450.00
7017,7018,2023051001004660,MKHC,22,45,10,244.90,2449.00
7018,7019,2023051001004659,MKHC,22,58,10,244.90,2449.00
7019,7020,2023051001004658,SHIVM,32,8,100,403.50,40350.00
7020,7021,2023051001004657,SMJC,32,38,10,250.00,2500.00
7021,7022,2023051001004656,HDL,52,35,10,1891.00,18910.00
7022,7023,2023051001004655,MBJC,45,54,10,275.00,2750.00
7023,7024,2023051001004654,PPL,34,26,12,261.10,3133.20
7024,7025,2023051001004653,BNHC,26,57,10,353.00,3530.00
7025,7026,2023051001004652,NABIL,47,13,8,597.00,4776.00
7026,7027,2023051001004651,NABIL,47,59,11,597.00,6567.00
7027,7028,2023051001004650,SGHC,21,35,30,295.00,8850.00
7028,7029,2023051001004649,SGHC,21,58,10,294.00,2940.00
7029,7030,2023051001004648,SGHC,21,49,10,293.70,2937.00
7030,7031,2023051001004647,SGHC,21,58,10,290.00,2900.00
7031,7032,2023051001004646,SGHC,21,25,10,290.00,2900.00
7032,7033,2023051001004645,SGHC,21,56,10,290.00,2900.00
7033,7034,2023051001004644,SGHC,21,49,10,289.50,2895.00
7034,7035,2023051001004643,SGHC,21,6,10,288.50,2885.00
7035,7036,2023051004002210,UNHPL,13,58,80,205.00,16400.00
7036,7037,2023051003001324,NLIC,59,38,50,656.00,32800.00
7037,7038,2023051001004642,SAHAS,34,58,10,492.00,4920.00
7038,7039,2023051001004641,TPC,32,17,10,378.00,3780.00
7039,7040,2023051003001323,NLICL,43,20,407,575.00,234025.00
7040,7041,2023051003001322,NLICL,43,26,133,575.00,76475.00
7041,7042,2023051003001321,NLICL,43,4,1111,575.00,638825.00
7042,7043,2023051003001320,NLICL,43,33,190,575.00,109250.00
7043,7044,2023051003001319,NLICL,43,18,100,574.00,57400.00
7044,7045,2023051003001318,NLICL,43,44,59,573.00,33807.00
7045,7046,2023051001004640,NIMBPO,28,28,1970,166.60,328202.00
7046,7047,2023051003001317,GFCL,58,42,10,430.00,4300.00
7047,7048,2023051001004639,SMHL,56,58,10,383.00,3830.00
7048,7049,2023051001004638,SMHL,56,55,10,382.00,3820.00
7049,7050,2023051001004637,SMHL,56,21,10,382.00,3820.00
7050,7051,2023051001004636,MKHC,10,58,10,243.00,2430.00
7051,7052,2023051001004635,EBL,29,45,439,528.00,231792.00
7052,7053,2023051001004634,EBL,29,44,28,527.90,14781.20
7053,7054,2023051001004633,RFPL,18,38,10,250.00,2500.00
7054,7055,2023051001004632,RFPL,18,41,10,250.00,2500.00
7055,7056,2023051001004631,RFPL,18,41,300,250.00,75000.00
7056,7057,2023051001004630,RFPL,18,38,15,249.90,3748.50
7057,7058,2023051001004629,RFPL,18,56,10,249.80,2498.00
7058,7059,2023051001004628,HBL,34,44,862,217.10,187140.20
7059,7060,2023051003001316,SADBL,58,41,100,277.70,27770.00
7060,7061,2023051003001315,SADBL,58,42,100,277.70,27770.00
7061,7062,2023051005000889,RMF1,19,57,500,7.43,3715.00
7062,7063,2023051003001314,ALICL,32,22,100,548.00,54800.00
7063,7064,2023051003001313,ALICL,32,17,300,547.90,164370.00
7064,7065,2023051004002209,SHL,19,6,488,263.00,128344.00
7065,7066,2023051004002208,HDHPC,19,34,75,163.00,12225.00
7066,7067,2023051004002207,UMHL,58,48,55,225.00,12375.00
7067,7068,2023051001004627,PRVU,42,10,100,165.90,16590.00
7068,7069,2023051001004626,TPC,17,14,10,393.00,3930.00
7069,7070,2023051001004625,NICA,20,58,20,713.00,14260.00
7070,7071,2023051003001312,SADBL,44,43,20,277.60,5552.00
7071,7072,2023051001004624,MAKAR,1,17,10,250.00,2500.00
7072,7073,2023051001004623,NIBLGF,21,49,100,8.00,800.00
7073,7074,2023051001004622,NABIL,26,59,39,597.00,23283.00
7074,7075,2023051001004621,NABIL,26,57,11,597.00,6567.00
7075,7076,2023051001004620,SMH,28,35,10,540.00,5400.00
7076,7077,2023051001004619,SMH,28,19,10,540.00,5400.00
7077,7078,2023051001004618,SMH,28,48,60,540.00,32400.00
7078,7079,2023051001004617,EBL,32,44,100,527.90,52790.00
7079,7080,2023051004002206,HEI,20,29,10,430.00,4300.00
7080,7081,2023051004002205,SHL,25,6,420,263.00,110460.00
7081,7082,2023051004002204,SHL,25,39,100,263.00,26300.00
7082,7083,2023051004002203,SHL,25,34,200,262.90,52580.00
7083,7084,2023051004002202,SHL,25,34,180,262.80,47304.00
7084,7085,2023051004002201,SHL,25,45,100,262.50,26250.00
7085,7086,2023051004002200,API,57,44,200,232.90,46580.00
7086,7087,2023051004002199,API,57,44,200,232.90,46580.00
7087,7088,2023051001004616,PPL,33,52,10,260.00,2600.00
7088,7089,2023051001004615,PPL,33,22,10,260.00,2600.00
7089,7090,2023051003001311,GFCL,58,38,15,425.00,6375.00
7090,7091,2023051001004614,NIMB,10,49,33,181.90,6002.70
7091,7092,2023051001004613,DORDI,49,42,10,268.00,2680.00
7092,7093,2023051003001310,JFL,29,40,300,348.90,104670.00
7093,7094,2023051001004612,KBL,1,20,50,164.90,8245.00
7094,7095,2023051001004611,NBL,52,59,73,249.00,18177.00
7095,7096,2023051001004610,NYADI,7,49,10,280.50,2805.00
7096,7097,2023051001004609,NYADI,7,58,10,280.50,2805.00
7097,7098,2023051001004608,PRVU,36,10,50,165.90,8295.00
7098,7099,2023051005000888,NIBSF2,21,58,124,7.34,910.16
7099,7100,2023051003001309,ICFC,13,45,12,406.00,4872.00
7100,7101,2023051003001308,MNBBL,56,26,11,385.00,4235.00
7101,7102,2023051001004607,BHL,58,36,10,283.00,2830.00
7102,7103,2023051001004606,SMJC,32,38,10,247.00,2470.00
7103,7104,2023051001004605,NBL,58,59,40,249.00,9960.00
7104,7105,2023051001004604,KBL,58,20,424,164.90,69917.60
7105,7106,2023051001004603,SIKLES,52,59,70,400.00,28000.00
7106,7107,2023051001004602,NIMB,8,47,19,181.00,3439.00
7107,7108,2023051003001307,NADEP,7,36,200,500.00,100000.00
7108,7109,2023051001004601,SMHL,38,35,10,381.20,3812.00
7109,7110,2023051004002198,TRH,34,56,10,508.00,5080.00
7110,7111,2023051004002197,OHL,19,34,225,571.00,128475.00
7111,7112,2023051004002196,OHL,19,47,100,571.00,57100.00
7112,7113,2023051004002195,OHL,19,38,90,571.00,51390.00
7113,7114,2023051004002194,OHL,19,45,40,570.00,22800.00
7114,7115,2023051001004600,SMH,45,6,10,536.10,5361.00
7115,7116,2023051001004599,EBL,28,44,862,527.90,455049.80
7116,7117,2023051001004598,EBL,28,8,138,526.20,72615.60
7117,7118,2023051001004597,PCBL,56,45,10,193.80,1938.00
7118,7119,2023051003001306,KRBL,13,39,300,250.00,75000.00
7119,7120,2023051001004596,EBL,32,8,150,526.20,78930.00
7120,7121,2023051001004595,SBI,13,17,111,328.00,36408.00
7121,7122,2023051001004594,RFPL,35,36,10,246.30,2463.00
7122,7123,2023051001004593,KDL,36,11,10,715.10,7151.00
7123,7124,2023051003001305,ALICL,57,41,100,547.00,54700.00
7124,7125,2023051003001304,ALICL,57,49,100,546.90,54690.00
7125,7126,2023051003001303,NADEP,14,36,100,500.00,50000.00
7126,7127,2023051001004592,PRVU,36,53,20,165.80,3316.00
7127,7128,2023051004002193,UPPER,58,17,10,411.90,4119.00
7128,7129,2023051004002192,API,57,14,50,232.00,11600.00
7129,7130,2023051004002191,API,57,58,300,232.00,69600.00
7130,7131,2023051004002190,API,57,59,97,232.00,22504.00
7131,7132,2023051004002189,API,57,22,100,232.00,23200.00
7132,7133,2023051004002188,API,57,52,300,232.00,69600.00
7133,7134,2023051004002187,API,57,51,35,232.00,8120.00
7134,7135,2023051004002186,API,57,58,20,232.00,4640.00
7135,7136,2023051004002185,SPDL,47,4,10,274.90,2749.00
7136,7137,2023051004002184,UPPER,47,35,40,409.00,16360.00
7137,7138,2023051001004591,NIMB,8,21,34,181.00,6154.00
7138,7139,2023051003001302,ICFC,13,45,50,406.00,20300.00
7139,7140,2023051005000887,NIFRA,34,58,54,205.60,11102.40
7140,7141,2023051001004590,HBL,52,44,138,217.10,29959.80
7141,7142,2023051003001301,SHINE,35,53,140,318.00,44520.00
7142,7143,2023051001004589,HDL,25,25,10,1900.00,19000.00
7143,7144,2023051001004588,HDL,25,18,50,1900.00,95000.00
7144,7145,2023051001004587,HDL,25,58,84,1900.00,159600.00
7145,7146,2023051004002183,SGIC,10,36,10,432.10,4321.00
7146,7147,2023051001004586,SMJC,32,51,10,250.90,2509.00
7147,7148,2023051001004585,SMJC,32,13,10,250.50,2505.00
7148,7149,2023051001004584,SMJC,32,52,10,250.20,2502.00
7149,7150,2023051001004583,MHCL,53,47,10,215.50,2155.00
7150,7151,2023051001004582,SBL,17,49,80,246.00,19680.00
7151,7152,2023051001004581,SBL,17,28,420,246.00,103320.00
7152,7153,2023051001004580,KBL,25,52,30,164.80,4944.00
7153,7154,2023051001004579,MAKAR,59,44,10,251.00,2510.00
7154,7155,2023051001004578,MAKAR,59,41,10,251.00,2510.00
7155,7156,2023051001004577,NMBD87/88,33,3,15,776.00,11640.00
7156,7157,2023051001004576,SIKLES,52,36,10,399.00,3990.00
7157,7158,2023051001004575,NABIL,49,57,500,597.00,298500.00
7158,7159,2023051001004574,HDL,25,58,60,1900.00,114000.00
7159,7160,2023051001004573,HDL,25,34,90,1900.00,171000.00
7160,7161,2023051001004572,ULBSL,33,49,10,1275.00,12750.00
7161,7162,2023051001004571,PCBL,22,44,59,192.70,11369.30
7162,7163,2023051001004570,PCBL,54,44,12,193.00,2316.00
7163,7164,2023051003001300,MNBBL,56,45,89,384.50,34220.50
7164,7165,2023051001004569,PRVU,19,10,11,165.00,1815.00
7165,7166,2023051005000886,NIFRA,47,49,8,205.80,1646.40
7166,7167,2023051005000885,NIFRA,47,35,64,205.80,13171.20
7167,7168,2023051004002182,SSHL,49,1,100,197.00,19700.00
7168,7169,2023051003001299,JBBL,53,32,278,258.00,71724.00
7169,7170,2023051003001298,JBBL,53,43,222,258.00,57276.00
7170,7171,2023051001004568,NBL,34,59,10,249.00,2490.00
7171,7172,2023051003001297,MNBBL,5,45,40,384.50,15380.00
7172,7173,2023051001004567,SMJC,45,32,100,250.00,25000.00
7173,7174,2023051004002181,BPCL,34,39,855,316.00,270180.00
7174,7175,2023051004002180,BPCL,34,34,100,315.90,31590.00
7175,7176,2023051004002179,BPCL,34,16,45,315.80,14211.00
7176,7177,2023051001004566,LBL,32,50,100,182.00,18200.00
7177,7178,2023051001004565,NMBD87/88,33,3,10,776.00,7760.00
7178,7179,2023051003001296,SJLIC,35,38,190,418.00,79420.00
7179,7180,2023051003001295,SJLIC,35,4,50,417.90,20895.00
7180,7181,2023051003001294,SJLIC,35,32,10,417.00,4170.00
7181,7182,2023051003001293,NUBL,42,39,50,529.00,26450.00
7182,7183,2023051001004564,SANIMA,17,49,262,245.00,64190.00
7183,7184,2023051001004563,NIMBPO,6,28,10,169.90,1699.00
7184,7185,2023051005000884,NIFRA,47,52,164,205.80,33751.20
7185,7186,2023051001004562,HDL,25,34,66,1900.00,125400.00
7186,7187,2023051001004561,HDL,25,58,10,1899.00,18990.00
7187,7188,2023051001004560,HDL,25,34,10,1899.00,18990.00
7188,7189,2023051001004559,HDL,25,10,14,1897.00,26558.00
7189,7190,2023051001004558,LBL,32,50,100,182.00,18200.00
7190,7191,2023051005000883,NIFRA,42,52,10,205.80,2058.00
7191,7192,2023051001004557,SMJC,45,26,10,250.00,2500.00
7192,7193,2023051001004556,SMJC,45,6,10,250.00,2500.00
7193,7194,2023051001004555,SMJC,45,4,10,250.00,2500.00
7194,7195,2023051001004554,SMJC,45,35,10,250.00,2500.00
7195,7196,2023051001004553,SMJC,45,40,10,250.00,2500.00
7196,7197,2023051001004552,SMJC,45,58,10,250.00,2500.00
7197,7198,2023051001004551,SMJC,45,35,30,250.00,7500.00
7198,7199,2023051001004550,SMJC,45,13,10,250.00,2500.00
7199,7200,2023051001004549,SMJC,45,39,10,250.00,2500.00
7200,7201,2023051001004548,SMJC,45,49,30,250.00,7500.00
7201,7202,2023051001004547,SMJC,45,44,10,250.00,2500.00
7202,7203,2023051001004546,SMJC,45,58,10,250.00,2500.00
7203,7204,2023051001004545,SMJC,45,25,10,250.00,2500.00
7204,7205,2023051001004544,SMJC,45,58,10,250.00,2500.00
7205,7206,2023051001004543,SMJC,45,58,10,250.00,2500.00
7206,7207,2023051001004542,SMJC,45,58,10,250.00,2500.00
7207,7208,2023051001004541,SMJC,45,58,10,250.00,2500.00
7208,7209,2023051001004540,SMJC,45,14,10,250.00,2500.00
7209,7210,2023051001004539,SMJC,45,47,10,249.90,2499.00
7210,7211,2023051001004538,SMJC,45,49,10,249.90,2499.00
7211,7212,2023051001004537,SMJC,45,58,10,249.90,2499.00
7212,7213,2023051001004536,SMJC,45,35,10,249.90,2499.00
7213,7214,2023051001004535,SMJC,45,52,10,249.90,2499.00
7214,7215,2023051001004534,SMJC,45,48,10,249.90,2499.00
7215,7216,2023051001004533,SMJC,45,39,10,249.90,2499.00
7216,7217,2023051001004532,SMJC,45,1,10,249.00,2490.00
7217,7218,2023051001004531,SMJC,45,58,10,249.00,2490.00
7218,7219,2023051001004530,SMJC,45,58,10,249.00,2490.00
7219,7220,2023051001004529,SMJC,45,22,10,249.00,2490.00
7220,7221,2023051001004528,SMJC,45,45,10,248.30,2483.00
7221,7222,2023051001004527,SMJC,45,51,10,248.30,2483.00
7222,7223,2023051001004526,SMJC,45,41,10,248.10,2481.00
7223,7224,2023051001004525,SMJC,45,56,10,248.10,2481.00
7224,7225,2023051001004524,SMJC,45,34,10,248.00,2480.00
7225,7226,2023051001004523,SMJC,45,34,10,248.00,2480.00
7226,7227,2023051001004522,SMJC,45,55,10,248.00,2480.00
7227,7228,2023051005000882,NBF3,32,4,550,7.25,3987.50
7228,7229,2023051001004521,BHPL,58,21,10,435.00,4350.00
7229,7230,2023051001004520,NYADI,7,49,10,280.00,2800.00
7230,7231,2023051001004519,NYADI,7,34,20,280.00,5600.00
7231,7232,2023051001004518,SPL,19,35,10,512.00,5120.00
7232,7233,2023051001004517,RFPL,35,36,10,246.30,2463.00
7233,7234,2023051004002178,DHPL,49,52,39,204.00,7956.00
7234,7235,2023051004002177,DHPL,49,48,11,203.00,2233.00
7235,7236,2023051001004516,NIMB,6,34,65,181.00,11765.00
7236,7237,2023051001004515,TAMOR,45,58,10,270.00,2700.00
7237,7238,2023051001004514,NIMB,26,1,1,176.60,176.60
7238,7239,2023051003001292,CBBL,50,34,20,781.00,15620.00
7239,7240,2023051001004513,TAMOR,45,49,10,270.00,2700.00
7240,7241,2023051004002176,SPDL,47,56,10,272.00,2720.00
7241,7242,2023051001004512,NABIL,41,58,20,595.00,11900.00
7242,7243,2023051004002175,API,57,34,100,231.80,23180.00
7243,7244,2023051004002174,API,57,44,100,231.80,23180.00
7244,7245,2023051001004511,MAKAR,1,57,10,250.00,2500.00
7245,7246,2023051001004510,HHL,47,43,10,252.00,2520.00
7246,7247,2023051005000881,SLCF,21,38,100,7.40,740.00
7247,7248,2023051005000880,SLCF,21,29,100,7.40,740.00
7248,7249,2023051003001291,DDBL,32,17,11,625.00,6875.00
7249,7250,2023051004002173,SPDL,47,47,250,271.30,67825.00
7250,7251,2023051004002172,GLH,58,21,10,259.00,2590.00
7251,7252,2023051001004509,SANIMA,17,42,12,245.00,2940.00
7252,7253,2023051001004508,SANIMA,17,58,27,245.00,6615.00
7253,7254,2023051001004507,SANIMA,17,19,20,245.00,4900.00
7254,7255,2023051001004506,SANIMA,17,58,265,245.00,64925.00
7255,7256,2023051001004505,TAMOR,45,38,10,270.00,2700.00
7256,7257,2023051001004504,TAMOR,45,58,10,270.00,2700.00
7257,7258,2023051001004503,TAMOR,45,49,10,270.00,2700.00
7258,7259,2023051005000879,NIFRA,43,52,46,205.80,9466.80
7259,7260,2023051003001290,CBBL,44,21,31,783.00,24273.00
7260,7261,2023051003001289,CBBL,44,36,324,783.00,253692.00
7261,7262,2023051003001288,ALICL,35,17,78,545.00,42510.00
7262,7263,2023051005000878,NICSF,45,34,1000,7.81,7810.00
7263,7264,2023051003001287,RMDC,34,58,10,690.00,6900.00
7264,7265,2023051003001286,RMDC,34,25,100,689.50,68950.00
7265,7266,2023051003001285,DDBL,32,26,30,624.50,18735.00
7266,7267,2023051001004502,EBL,32,8,12,527.80,6333.60
7267,7268,2023051004002171,SPDL,47,11,33,271.00,8943.00
7268,7269,2023051001004501,HBL,52,47,12,217.10,2605.20
7269,7270,2023051003001284,NADEP,7,36,100,500.00,50000.00
7270,7271,2023051003001283,SHINE,58,53,25,318.00,7950.00
7271,7272,2023051003001282,NSLB,41,34,100,555.70,55570.00
7272,7273,2023051003001281,NSLB,7,34,20,555.70,11114.00
7273,7274,2023051003001280,NSLB,32,34,50,555.80,27790.00
7274,7275,2023051005000877,NTC,49,57,10,798.90,7989.00
7275,7276,2023051001004500,NBL,21,13,100,248.50,24850.00
7276,7277,2023051001004499,NICA,32,58,200,713.00,142600.00
7277,7278,2023051004002170,SPDL,47,4,12,270.00,3240.00
7278,7279,2023051001004498,SHIVM,32,8,150,403.50,60525.00
7279,7280,2023051001004497,MAKAR,1,49,10,250.00,2500.00
7280,7281,2023051001004496,MAKAR,1,49,10,250.00,2500.00
7281,7282,2023051001004495,MAKAR,1,34,10,250.00,2500.00
7282,7283,2023051001004494,MAKAR,1,44,10,250.00,2500.00
7283,7284,2023051001004493,MAKAR,1,34,10,250.00,2500.00
7284,7285,2023051001004492,MAKAR,1,58,30,250.00,7500.00
7285,7286,2023051005000876,NIFRA,43,49,54,205.80,11113.20
7286,7287,2023051004002169,SHPC,46,29,11,327.90,3606.90
7287,7288,2023051004002168,SHPC,46,58,11,326.00,3586.00
7288,7289,2023051004002167,GLH,43,21,10,258.80,2588.00
7289,7290,2023051005000875,NIFRA,8,6,4,201.60,806.40
7290,7291,2023051001004491,GVL,58,28,2000,396.00,792000.00
7291,7292,2023051004002166,NHPC,57,49,500,206.00,103000.00
7292,7293,2023051004002165,NHPC,57,16,22,206.00,4532.00
7293,7294,2023051001004490,MKHC,7,45,10,242.10,2421.00
7294,7295,2023051001004489,SGHC,21,49,10,288.00,2880.00
7295,7296,2023051004002164,SICL,52,17,50,715.00,35750.00
7296,7297,2023051001004488,SMJC,32,32,10,246.00,2460.00
7297,7298,2023051005000874,NIFRA,8,6,8,201.60,1612.80
7298,7299,2023051001004487,PHCL,58,35,10,306.00,3060.00
7299,7300,2023051003001279,CBBL,25,25,50,781.00,39050.00
7300,7301,2023051003001278,NUBL,49,39,10,529.00,5290.00
7301,7302,2023051004002163,AHPC,32,29,200,278.00,55600.00
7302,7303,2023051004002162,AHPC,32,29,200,278.00,55600.00
7303,7304,2023051001004486,RHGCL,26,49,10,251.40,2514.00
7304,7305,2023051005000873,NRIC,55,44,178,679.00,120862.00
7305,7306,2023051005000872,NRIC,55,56,50,678.00,33900.00
7306,7307,2023051005000871,NRIC,55,36,14,678.00,9492.00
7307,7308,2023051005000870,NRIC,55,58,58,678.00,39324.00
7308,7309,2023051001004485,MAKAR,52,59,10,249.10,2491.00
7309,7310,2023051004002161,SPDL,42,4,10,270.00,2700.00
7310,7311,2023051003001277,NADEP,14,36,100,500.00,50000.00
7311,7312,2023051004002160,UPCL,56,18,500,223.50,111750.00
7312,7313,2023051004002159,UPCL,56,17,400,223.40,89360.00
7313,7314,2023051001004484,MAKAR,52,57,10,249.10,2491.00
7314,7315,2023051001004483,PPL,6,58,10,257.10,2571.00
7315,7316,2023051004002158,PRIN,38,35,47,450.00,21150.00
7316,7317,2023051001004482,NESDO,28,50,10,2028.00,20280.00
7317,7318,2023051001004481,AVYAN,19,35,10,569.00,5690.00
7318,7319,2023051001004480,EBL,32,22,100,527.80,52780.00
7319,7320,2023051001004479,EBL,32,43,38,527.80,20056.40
7320,7321,2023051003001276,GUFL,34,49,10,478.00,4780.00
7321,7322,2023051001004478,EBL,46,43,12,527.80,6333.60
7322,7323,2023051001004477,SANIMA,42,58,50,245.00,12250.00
7323,7324,2023051001004476,NICA,34,58,20,712.10,14242.00
7324,7325,2023051001004475,MAKAR,52,58,10,249.10,2491.00
7325,7326,2023051004002157,UPCL,37,41,100,223.00,22300.00
7326,7327,2023051001004474,SMJC,32,38,10,247.00,2470.00
7327,7328,2023051001004473,SMJC,32,49,10,246.00,2460.00
7328,7329,2023051005000869,HIDCL,58,22,30,178.80,5364.00
7329,7330,2023051001004472,MAKAR,52,59,10,249.10,2491.00
7330,7331,2023051001004471,NESDO,43,49,10,2009.60,20096.00
7331,7332,2023051001004470,PHCL,26,58,10,307.00,3070.00
7332,7333,2023051001004469,PHCL,26,56,10,307.00,3070.00
7333,7334,2023051004002156,SSHL,13,1,26,198.00,5148.00
7334,7335,2023051001004468,SGHC,21,44,10,288.00,2880.00
7335,7336,2023051001004467,SBL,49,28,10,246.00,2460.00
7336,7337,2023051003001275,GUFL,34,49,135,478.00,64530.00
7337,7338,2023051003001274,GUFL,34,52,10,477.90,4779.00
7338,7339,2023051004002155,CHL,48,34,33,274.00,9042.00
7339,7340,2023051001004466,NABIL,25,32,14,596.00,8344.00
7340,7341,2023051001004465,TAMOR,49,38,10,270.00,2700.00
7341,7342,2023051004002154,API,22,52,10,230.00,2300.00
7342,7343,2023051003001273,SJLIC,49,32,20,417.00,8340.00
7343,7344,2023051001004464,EBL,22,8,100,526.10,52610.00
7344,7345,2023051001004463,MKHC,53,35,10,242.10,2421.00
7345,7346,2023051001004462,CZBIL,42,51,76,170.80,12980.80
7346,7347,2023051001004461,PCBL,49,45,10,193.80,1938.00
7347,7348,2023051001004460,MAKAR,13,26,10,249.20,2492.00
7348,7349,2023051004002153,SPIL,36,5,37,576.50,21330.50
7349,7350,2023051004002152,SPIL,36,53,500,575.00,287500.00
7350,7351,2023051004002151,SPIL,36,58,123,575.00,70725.00
7351,7352,2023051004002150,SPIL,36,53,340,574.90,195466.00
7352,7353,2023051003001272,NUBL,49,39,10,529.00,5290.00
7353,7354,2023051004002149,HDHPC,17,42,116,162.00,18792.00
7354,7355,2023051004002148,HDHPC,34,42,400,162.00,64800.00
7355,7356,2023051004002147,HDHPC,40,42,484,162.00,78408.00
7356,7357,2023051004002146,HDHPC,59,42,600,162.10,97260.00
7357,7358,2023051003001271,ICFC,32,45,900,406.00,365400.00
7358,7359,2023051003001270,GILB,26,55,4,734.80,2939.20
7359,7360,2023051004002145,AHPC,32,4,260,277.90,72254.00
7360,7361,2023051003001269,CBBL,57,34,30,781.00,23430.00
7361,7362,2023051001004459,NICA,34,48,159,712.10,113223.90
7362,7363,2023051001004458,RHGCL,26,58,10,251.40,2514.00
7363,7364,2023051001004457,MHL,39,49,10,327.00,3270.00
7364,7365,2023051003001268,NSLB,49,49,10,566.00,5660.00
7365,7366,2023051004002144,UPPER,58,16,40,411.00,16440.00
7366,7367,2023051001004456,SCB,32,57,39,528.00,20592.00
7367,7368,2023051001004455,SCB,32,32,100,528.00,52800.00
7368,7369,2023051003001267,NLIC,49,17,20,659.00,13180.00
7369,7370,2023051003001266,RMDC,16,22,10,679.00,6790.00
7370,7371,2023051003001265,RMDC,16,26,50,678.30,33915.00
7371,7372,2023051003001264,RMDC,16,57,100,678.00,67800.00
7372,7373,2023051003001263,RMDC,16,44,100,677.90,67790.00
7373,7374,2023051004002143,CHCL,25,50,171,465.00,79515.00
7374,7375,2023051004002142,CHCL,25,4,100,465.00,46500.00
7375,7376,2023051004002141,CHCL,25,43,29,465.00,13485.00
7376,7377,2023051001004454,UHEWA,7,35,10,368.00,3680.00
7377,7378,2023051001004453,NABIL,41,22,10,595.00,5950.00
7378,7379,2023051001004452,NICA,49,58,10,713.00,7130.00
7379,7380,2023051004002140,RIDI,16,41,50,277.00,13850.00
7380,7381,2023051004002139,RIDI,16,58,90,277.00,24930.00
7381,7382,2023051005000868,NIFRA,47,49,30,205.70,6171.00
7382,7383,2023051003001262,NLICL,7,44,10,573.00,5730.00
7383,7384,2023051001004451,NICA,49,58,37,713.00,26381.00
7384,7385,2023051001004450,SMH,28,57,10,536.00,5360.00
7385,7386,2023051003001261,JBBL,49,16,10,258.00,2580.00
7386,7387,2023051003001260,MLBL,22,38,100,299.90,29990.00
7387,7388,2023051001004449,MKHC,57,11,10,243.00,2430.00
7388,7389,2023051003001259,NADEP,48,36,100,500.00,50000.00
7389,7390,2023051001004448,SANIMA,17,1,30,244.90,7347.00
7390,7391,2023051001004447,SANIMA,17,40,255,244.90,62449.50
7391,7392,2023051001004446,SANIMA,17,43,80,244.80,19584.00
7392,7393,2023051001004445,SANIMA,17,51,49,244.80,11995.20
7393,7394,2023051004002138,AKJCL,52,49,95,206.00,19570.00
7394,7395,2023051001004444,UHEWA,7,42,10,368.00,3680.00
7395,7396,2023051001004443,MAKAR,13,59,10,249.20,2492.00
7396,7397,2023051003001258,ICFC,49,45,10,406.00,4060.00
7397,7398,2023051003001257,RMDC,16,58,40,677.00,27080.00
7398,7399,2023051003001256,RMDC,16,44,90,676.90,60921.00
7399,7400,2023051003001255,LBBL,35,17,100,330.00,33000.00
7400,7401,2023051003001254,LBBL,35,13,20,330.00,6600.00
7401,7402,2023051003001253,LBBL,35,16,55,330.00,18150.00
7402,7403,2023051003001252,LBBL,35,29,110,330.00,36300.00
7403,7404,2023051004002137,SHEL,7,21,10,277.00,2770.00
7404,7405,2023051003001251,NADEP,7,36,100,500.00,50000.00
7405,7406,2023051001004442,KDL,19,16,10,715.00,7150.00
7406,7407,2023051003001250,SHINE,44,53,655,318.00,208290.00
7407,7408,2023051003001249,SHINE,44,57,150,317.90,47685.00
7408,7409,2023051003001248,SHINE,44,34,70,317.50,22225.00
7409,7410,2023051001004441,SIKLES,13,35,10,398.00,3980.00
7410,7411,2023051004002136,HPPL,41,5,100,271.50,27150.00
7411,7412,2023051001004440,SHIVM,32,8,150,403.50,60525.00
7412,7413,2023051004002135,SSHL,13,56,20,198.00,3960.00
7413,7414,2023051001004439,SAHAS,34,11,10,492.00,4920.00
7414,7415,2023051001004438,MHCL,35,7,10,216.00,2160.00
7415,7416,2023051003001247,RMDC,16,58,20,676.00,13520.00
7416,7417,2023051003001246,RMDC,16,44,82,676.00,55432.00
7417,7418,2023051001004437,SPC,19,58,10,418.00,4180.00
7418,7419,2023051003001245,NUBL,55,25,38,526.00,19988.00
7419,7420,2023051001004436,PCBL,1,39,212,193.00,40916.00
7420,7421,2023051001004435,NICA,45,58,20,713.00,14260.00
7421,7422,2023051001004434,PHCL,45,11,10,306.10,3061.00
7422,7423,2023051003001244,SJLIC,42,49,9,407.00,3663.00
7423,7424,2023051003001243,MNBBL,44,6,300,385.00,115500.00
7424,7425,2023051003001242,MNBBL,44,6,300,385.00,115500.00
7425,7426,2023051003001241,MNBBL,44,28,90,385.00,34650.00
7426,7427,2023051003001240,MNBBL,44,10,28,385.00,10780.00
7427,7428,2023051001004433,NMB,14,58,123,234.00,28782.00
7428,7429,2023051001004432,NMB,14,55,7205,234.00,1685970.00
7429,7430,2023051001004431,SAHAS,45,32,10,493.00,4930.00
7430,7431,2023051003001239,JBBL,22,54,50,257.00,12850.00
7431,7432,2023051003001238,JBBL,22,39,305,257.00,78385.00
7432,7433,2023051004002134,HDHPC,14,6,173,163.00,28199.00
7433,7434,2023051004002133,HDHPC,14,43,200,163.00,32600.00
7434,7435,2023051004002132,HDHPC,14,45,90,163.00,14670.00
7435,7436,2023051004002131,HDHPC,14,29,1000,163.00,163000.00
7436,7437,2023051004002130,HDHPC,14,51,200,163.00,32600.00
7437,7438,2023051004002129,HDHPC,14,13,750,163.00,122250.00
7438,7439,2023051004002128,HDHPC,14,50,20,163.00,3260.00
7439,7440,2023051004002127,HDHPC,14,29,567,163.00,92421.00
7440,7441,2023051004002126,SPDL,42,59,45,270.00,12150.00
7441,7442,2023051001004430,MHCL,45,34,10,215.00,2150.00
7442,7443,2023051003001237,GBBL,57,42,10,354.00,3540.00
7443,7444,2023051004002125,GLH,57,49,10,258.50,2585.00
7444,7445,2023051001004429,SMJC,58,58,10,245.00,2450.00
7445,7446,2023051004002124,AHPC,32,43,20,276.00,5520.00
7446,7447,2023051001004428,BNT,44,55,30,11667.80,350034.00
7447,7448,2023051001004427,MLBS,33,38,10,702.00,7020.00
7448,7449,2023051004002123,CGH,49,10,10,1035.00,10350.00
7449,7450,2023051001004426,GVL,59,16,720,400.00,288000.00
7450,7451,2023051001004425,GVL,59,17,10,400.00,4000.00
7451,7452,2023051001004424,GVL,59,58,10,400.00,4000.00
7452,7453,2023051001004423,GVL,59,55,80,399.90,31992.00
7453,7454,2023051001004422,GVL,59,58,10,399.00,3990.00
7454,7455,2023051001004421,GVL,59,49,10,399.00,3990.00
7455,7456,2023051001004420,GVL,59,55,160,399.00,63840.00
7456,7457,2023051001004419,MAKAR,52,11,10,249.10,2491.00
7457,7458,2023051004002122,HDHPC,45,29,27,163.00,4401.00
7458,7459,2023051004002121,HDHPC,45,50,34,163.00,5542.00
7459,7460,2023051004002120,HDHPC,40,6,16,162.00,2592.00
7460,7461,2023051004002119,HDHPC,11,6,34,162.90,5538.60
7461,7462,2023051001004418,HHL,47,38,10,252.00,2520.00
7462,7463,2023051001004417,SAHAS,45,56,10,493.00,4930.00
7463,7464,2023051004002118,NHPC,19,5,88,205.00,18040.00
7464,7465,2023051001004416,TAMOR,53,49,10,269.00,2690.00
7465,7466,2023051001004415,KBL,42,52,50,164.80,8240.00
7466,7467,2023051001004414,MAKAR,52,58,10,249.10,2491.00
7467,7468,2023051001004413,HDL,38,7,100,1890.00,189000.00
7468,7469,2023051001004412,HDL,28,7,20,1890.00,37800.00
7469,7470,2023051001004411,HDL,38,7,10,1890.00,18900.00
7470,7471,2023051001004410,HDL,52,7,10,1890.00,18900.00
7471,7472,2023051001004409,HDL,1,7,10,1890.00,18900.00
7472,7473,2023051001004408,HDL,33,7,250,1890.00,472500.00
7473,7474,2023051001004407,HDL,41,7,44,1890.00,83160.00
7474,7475,2023051001004406,HDL,58,7,52,1890.00,98280.00
7475,7476,2023051001004405,PHCL,45,41,10,306.10,3061.00
7476,7477,2023051001004404,SRBL,22,16,62,180.00,11160.00
7477,7478,2023051001004403,MAKAR,52,43,10,249.10,2491.00
7478,7479,2023051004002117,HDHPC,11,49,16,162.90,2606.40
7479,7480,2023051001004402,NIMB,8,43,76,180.20,13695.20
7480,7481,2023051001004401,NIMB,35,43,1000,180.30,180300.00
7481,7482,2023051001004400,NIMB,6,43,50,180.30,9015.00
7482,7483,2023051001004399,HDL,22,7,50,1890.10,94505.00
7483,7484,2023051001004398,HDL,54,7,10,1890.10,18901.00
7484,7485,2023051004002116,AKPL,25,50,50,359.20,17960.00
7485,7486,2023051004002115,JOSHI,49,45,20,260.00,5200.00
7486,7487,2023051003001236,SHINE,26,34,30,317.50,9525.00
7487,7488,2023051001004397,MAKAR,52,21,10,249.10,2491.00
7488,7489,2023051004002114,AKPL,42,45,100,360.00,36000.00
7489,7490,2023051004002113,NHPC,26,5,75,205.10,15382.50
7490,7491,2023051001004396,HHL,47,43,10,252.00,2520.00
7491,7492,2023051003001235,NLIC,41,17,22,659.00,14498.00
7492,7493,2023051003001234,MLBSL,43,57,54,1800.00,97200.00
7493,7494,2023051001004395,SBL,42,44,98,246.00,24108.00
7494,7495,2023051004002112,CHCL,49,35,29,464.00,13456.00
7495,7496,2023051001004394,BNT,44,43,10,11667.80,116678.00
7496,7497,2023051001004393,NIMB,21,34,435,181.00,78735.00
7497,7498,2023051004002111,API,57,47,10,231.80,2318.00
7498,7499,2023051001004392,HDL,49,7,30,1891.00,56730.00
7499,7500,2023051001004391,HDL,25,7,75,1891.00,141825.00
7500,7501,2023051004002110,GHL,54,32,80,219.00,17520.00
7501,7502,2023051004002109,GHL,54,21,134,219.00,29346.00
7502,7503,2023051004002108,GHL,54,58,41,219.00,8979.00
7503,7504,2023051001004390,SCB,32,32,100,528.00,52800.00
7504,7505,2023051003001233,NLIC,7,48,10,659.00,6590.00
7505,7506,2023051003001232,PLI,52,49,10,407.00,4070.00
7506,7507,2023051004002107,AKJCL,10,49,500,206.00,103000.00
7507,7508,2023051003001231,LICN,6,28,200,1268.50,253700.00
7508,7509,2023051003001230,LICN,6,28,100,1268.00,126800.00
7509,7510,2023051003001229,LICN,6,22,40,1267.00,50680.00
7510,7511,2023051001004389,SAHAS,34,45,10,492.00,4920.00
7511,7512,2023051001004388,GBIME,36,49,147,183.00,26901.00
7512,7513,2023051001004387,GBIME,45,49,36,183.10,6591.60
7513,7514,2023051004002106,CHCL,21,35,30,464.00,13920.00
7514,7515,2023051004002105,CHL,45,34,35,274.00,9590.00
7515,7516,2023051005000867,CIT,13,43,10,2010.00,20100.00
7516,7517,2023051001004386,MKHC,7,3,10,243.00,2430.00
7517,7518,2023051004002104,HDHPC,11,58,416,162.10,67433.60
7518,7519,2023051001004385,RULB,55,11,43,642.00,27606.00
7519,7520,2023051001004384,RULB,55,49,10,640.00,6400.00
7520,7521,2023051004002103,SHEL,43,42,10,276.00,2760.00
7521,7522,2023051004002102,SPIL,49,53,486,574.90,279401.40
7522,7523,2023051004002101,SPIL,49,49,14,574.50,8043.00
7523,7524,2023051001004383,NYADI,50,45,10,275.00,2750.00
7524,7525,2023051004002100,AKJCL,13,49,100,206.00,20600.00
7525,7526,2023051004002099,NHPC,55,16,78,206.00,16068.00
7526,7527,2023051004002098,NHPC,55,34,72,206.00,14832.00
7527,7528,2023051003001228,RSDC,56,56,1,475.00,475.00
7528,7529,2023051003001227,CBBL,48,34,100,781.00,78100.00
7529,7530,2023051003001226,NLIC,41,57,50,658.90,32945.00
7530,7531,2023051001004382,SAHAS,34,45,10,492.00,4920.00
7531,7532,2023051004002097,HDHPC,11,57,10,162.00,1620.00
7532,7533,2023051001004381,SCB,44,36,657,527.00,346239.00
7533,7534,2023051004002096,API,34,51,31,229.30,7108.30
7534,7535,2023051001004380,HDL,52,7,200,1892.00,378400.00
7535,7536,2023051001004379,HDL,50,7,25,1892.00,47300.00
7536,7537,2023051001004378,HDL,35,7,30,1892.00,56760.00
7537,7538,2023051001004377,NMB,17,55,1000,234.00,234000.00
7538,7539,2023051001004376,SGHC,21,21,10,288.00,2880.00
7539,7540,2023051004002095,HDHPC,58,32,50,162.00,8100.00
7540,7541,2023051001004375,MBJC,49,45,10,274.00,2740.00
7541,7542,2023051003001225,KSBBL,43,32,200,293.70,58740.00
7542,7543,2023051003001224,KSBBL,43,35,290,293.70,85173.00
7543,7544,2023051003001223,KSBBL,43,49,28,293.60,8220.80
7544,7545,2023051001004374,NICA,34,17,150,712.90,106935.00
7545,7546,2023051001004373,ADBL,11,51,235,232.10,54543.50
7546,7547,2023051001004372,MAKAR,33,49,10,250.00,2500.00
7547,7548,2023051001004371,MAKAR,33,33,10,250.00,2500.00
7548,7549,2023051001004370,MAKAR,33,58,10,250.00,2500.00
7549,7550,2023051001004369,MAKAR,33,25,10,250.00,2500.00
7550,7551,2023051001004368,MAKAR,33,45,10,250.00,2500.00
7551,7552,2023051001004367,MAKAR,33,45,10,250.00,2500.00
7552,7553,2023051001004366,MAKAR,33,58,10,250.00,2500.00
7553,7554,2023051001004365,MAKAR,33,29,10,250.00,2500.00
7554,7555,2023051001004364,MAKAR,33,35,10,250.00,2500.00
7555,7556,2023051001004363,MAKAR,33,29,10,250.00,2500.00
7556,7557,2023051001004362,CZBIL,42,33,110,169.80,18678.00
7557,7558,2023051001004361,GVL,55,45,10,395.00,3950.00
7558,7559,2023051001004360,GBIME,58,22,60,183.70,11022.00
7559,7560,2023051001004359,HDL,28,7,50,1892.20,94610.00
7560,7561,2023051003001222,JFL,45,34,100,348.00,34800.00
7561,7562,2023051001004358,MAKAR,52,26,10,249.10,2491.00
7562,7563,2023051005000866,CMF2,43,10,125,7.68,960.00
7563,7564,2023051001004357,NIBLGF,21,38,100,7.90,790.00
7564,7565,2023051001004356,SMHL,56,6,10,382.10,3821.00
7565,7566,2023051001004355,NMBD87/88,58,3,25,776.00,19400.00
7566,7567,2023051005000865,KDBY,29,6,100,8.00,800.00
7567,7568,2023051004002094,SSHL,13,35,154,197.00,30338.00
7568,7569,2023051004002093,HDHPC,38,32,450,162.00,72900.00
7569,7570,2023051004002092,HDHPC,38,45,10,162.00,1620.00
7570,7571,2023051004002091,HDHPC,38,14,100,162.00,16200.00
7571,7572,2023051004002090,HDHPC,38,14,240,162.00,38880.00
7572,7573,2023051004002089,HDHPC,38,45,200,162.00,32400.00
7573,7574,2023051001004354,GVL,59,55,340,399.00,135660.00
7574,7575,2023051001004353,GVL,59,13,20,398.90,7978.00
7575,7576,2023051001004352,GVL,59,49,10,398.00,3980.00
7576,7577,2023051001004351,GVL,59,40,400,398.00,159200.00
7577,7578,2023051001004350,GVL,59,49,10,398.00,3980.00
7578,7579,2023051001004349,GVL,59,22,10,398.00,3980.00
7579,7580,2023051001004348,GVL,59,13,20,397.90,7958.00
7580,7581,2023051001004347,GVL,59,34,10,397.00,3970.00
7581,7582,2023051001004346,GVL,59,14,10,397.00,3970.00
7582,7583,2023051001004345,GVL,59,35,10,397.00,3970.00
7583,7584,2023051001004344,GVL,59,41,160,397.00,63520.00
7584,7585,2023051001004343,HDL,25,7,21,1893.00,39753.00
7585,7586,2023051001004342,HDL,33,7,50,1893.00,94650.00
7586,7587,2023051001004341,HDL,57,7,10,1893.00,18930.00
7587,7588,2023051003001221,CBBL,36,34,61,781.00,47641.00
7588,7589,2023051001004340,MBJC,49,49,10,274.00,2740.00
7589,7590,2023051003001220,FOWAD,42,55,10,1200.00,12000.00
7590,7591,2023051001004339,TAMOR,34,59,10,268.60,2686.00
7591,7592,2023051003001219,GBBL,25,1,232,353.00,81896.00
7592,7593,2023051001004338,BHL,45,49,10,282.60,2826.00
7593,7594,2023051005000864,HIDCL,48,59,300,178.90,53670.00
7594,7595,2023051005000863,HIDCL,48,58,16,178.90,2862.40
7595,7596,2023051005000862,HIDCL,48,59,50,178.90,8945.00
7596,7597,2023051001004337,SAHAS,43,6,10,492.10,4921.00
7597,7598,2023051001004336,KBL,16,52,20,164.80,3296.00
7598,7599,2023051001004335,SMJC,58,58,10,245.00,2450.00
7599,7600,2023051004002088,SICL,49,17,200,711.00,142200.00
7600,7601,2023051001004334,MHCL,45,48,10,215.00,2150.00
7601,7602,2023051005000861,NIFRA,47,36,10,205.50,2055.00
7602,7603,2023051004002087,SICL,38,17,400,712.00,284800.00
7603,7604,2023051001004333,SBL,5,44,25,246.00,6150.00
7604,7605,2023051001004332,NABIL,58,32,71,596.00,42316.00
7605,7606,2023051001004331,SMHL,56,45,10,382.10,3821.00
7606,7607,2023051001004330,PPL,21,19,30,256.30,7689.00
7607,7608,2023051003001218,PLI,52,32,110,407.00,44770.00
7608,7609,2023051003001217,RLFL,55,32,100,284.00,28400.00
7609,7610,2023051001004329,RFPL,35,41,10,246.10,2461.00
7610,7611,2023051003001216,SHINE,49,28,500,317.00,158500.00
7611,7612,2023051003001215,SHINE,49,46,22,317.00,6974.00
7612,7613,2023051003001214,SHINE,49,33,172,317.00,54524.00
7613,7614,2023051004002086,UPPER,58,58,40,410.00,16400.00
7614,7615,2023051004002085,UPPER,58,45,20,410.00,8200.00
7615,7616,2023051003001213,PLI,57,32,10,407.00,4070.00
7616,7617,2023051003001212,PLI,57,21,10,405.00,4050.00
7617,7618,2023051004002084,RHPL,41,6,20,275.00,5500.00
7618,7619,2023051001004328,SCB,17,36,293,527.00,154411.00
7619,7620,2023051001004327,SCB,17,1,697,527.00,367319.00
7620,7621,2023051001004326,SCB,17,41,10,526.00,5260.00
7621,7622,2023051003001211,SADBL,44,43,10,276.40,2764.00
7622,7623,2023051001004325,MHCL,53,35,10,215.00,2150.00
7623,7624,2023051001004324,MHCL,53,32,10,215.00,2150.00
7624,7625,2023051004002083,HDHPC,19,45,100,162.00,16200.00
7625,7626,2023051004002082,GLH,57,36,10,258.50,2585.00
7626,7627,2023051004002081,HDHPC,6,45,200,162.00,32400.00
7627,7628,2023051001004323,SANIMA,49,33,40,244.00,9760.00
7628,7629,2023051001004322,PHCL,45,3,10,306.10,3061.00
7629,7630,2023051001004321,NABIL,21,32,15,596.00,8940.00
7630,7631,2023051001004320,SMH,28,45,10,536.00,5360.00
7631,7632,2023051001004319,SMJC,16,38,10,245.10,2451.00
7632,7633,2023051001004318,EHPL,32,34,10,353.90,3539.00
7633,7634,2023051001004317,EHPL,32,42,10,349.80,3498.00
7634,7635,2023051001004316,EHPL,32,47,10,347.90,3479.00
7635,7636,2023051001004315,EHPL,32,14,10,347.90,3479.00
7636,7637,2023051001004314,EHPL,32,58,10,347.90,3479.00
7637,7638,2023051001004313,EHPL,32,21,10,344.00,3440.00
7638,7639,2023051003001210,PLI,42,6,10,403.60,4036.00
7639,7640,2023051001004312,SPC,35,50,10,415.00,4150.00
7640,7641,2023051001004311,NABIL,7,42,76,595.00,45220.00
7641,7642,2023051001004310,NABIL,7,58,51,595.00,30345.00
7642,7643,2023051001004309,NABIL,7,6,300,595.00,178500.00
7643,7644,2023051001004308,NABIL,7,28,2000,595.00,1190000.00
7644,7645,2023051001004307,NABIL,7,45,33,595.00,19635.00
7645,7646,2023051001004306,NABIL,7,58,20,595.00,11900.00
7646,7647,2023051001004305,NABIL,7,39,200,595.00,119000.00
7647,7648,2023051001004304,NABIL,7,25,3701,595.00,2202095.00
7648,7649,2023051003001209,RLFL,55,32,108,284.00,30672.00
7649,7650,2023051003001208,RLFL,55,42,100,283.50,28350.00
7650,7651,2023051003001207,RLFL,55,5,135,283.00,38205.00
7651,7652,2023051003001206,RLFL,55,58,57,283.00,16131.00
7652,7653,2023051003001205,NICLBSL,26,7,31,533.50,16538.50
7653,7654,2023051001004303,AVYAN,29,41,10,568.10,5681.00
7654,7655,2023051004002080,SHEL,43,59,10,276.00,2760.00
7655,7656,2023051005000860,NIFRA,34,6,54,205.40,11091.60
7656,7657,2023051004002079,CHCL,7,35,10,464.00,4640.00
7657,7658,2023051001004302,NABIL,17,25,100,595.00,59500.00
7658,7659,2023051003001204,NLIC,41,5,28,658.80,18446.40
7659,7660,2023051001004301,NESDO,28,13,10,2028.00,20280.00
7660,7661,2023051001004300,HDL,7,53,50,1896.00,94800.00
7661,7662,2023051001004299,TAMOR,14,45,10,270.00,2700.00
7662,7663,2023051001004298,TAMOR,14,49,50,270.00,13500.00
7663,7664,2023051001004297,TAMOR,14,49,10,269.00,2690.00
7664,7665,2023051005000859,SLCF,58,45,100,7.31,731.00
7665,7666,2023051001004296,BHDC,38,42,10,384.50,3845.00
7666,7667,2023051001004295,MBJC,49,6,10,274.00,2740.00
7667,7668,2023051004002078,SPDL,16,59,100,270.00,27000.00
7668,7669,2023051005000858,NIFRA,34,59,54,205.40,11091.60
7669,7670,2023051003001203,SWBBL,58,17,20,705.00,14100.00
7670,7671,2023051004002077,HDHPC,4,38,30,161.90,4857.00
7671,7672,2023051004002076,HDHPC,4,13,50,161.90,8095.00
7672,7673,2023051001004294,NIMB,21,22,65,181.00,11765.00
7673,7674,2023051003001202,GRDBL,41,33,24,239.30,5743.20
7674,7675,2023051001004293,MBJC,52,52,180,278.70,50166.00
7675,7676,2023051001004292,MBJC,52,17,10,278.00,2780.00
7676,7677,2023051001004291,MBJC,52,21,10,278.00,2780.00
7677,7678,2023051005000857,HIDCL,45,34,316,178.80,56500.80
7678,7679,2023051004002075,RHPL,41,58,70,275.00,19250.00
7679,7680,2023051004002074,RHPL,41,34,180,275.00,49500.00
7680,7681,2023051001004290,PRVU,1,7,432,164.20,70934.40
7681,7682,2023051001004289,PRVU,7,7,287,164.30,47154.10
7682,7683,2023051001004288,PRVU,36,7,20,164.40,3288.00
7683,7684,2023051001004287,PRVU,26,7,240,164.40,39456.00
7684,7685,2023051001004286,PRVU,19,7,100,164.50,16450.00
7685,7686,2023051001004285,PRVU,25,7,100,164.50,16450.00
7686,7687,2023051001004284,PRVU,6,7,100,164.50,16450.00
7687,7688,2023051001004283,PRVU,42,7,110,164.50,18095.00
7688,7689,2023051001004282,PRVU,51,7,100,164.60,16460.00
7689,7690,2023051001004281,PRVU,40,7,400,164.60,65840.00
7690,7691,2023051001004280,PRVU,52,7,100,164.60,16460.00
7691,7692,2023051004002073,CHCL,42,52,20,463.90,9278.00
7692,7693,2023051003001201,BFC,42,49,50,300.00,15000.00
7693,7694,2023051003001200,BFC,42,57,100,300.00,30000.00
7694,7695,2023051004002072,HDHPC,38,42,50,161.90,8095.00
7695,7696,2023051003001199,EDBL,58,39,50,281.00,14050.00
7696,7697,2023051001004279,GVL,55,13,10,395.00,3950.00
7697,7698,2023051001004278,MKHC,7,52,10,243.00,2430.00
7698,7699,2023051001004277,TAMOR,19,47,10,268.50,2685.00
7699,7700,2023051001004276,PRVU,58,7,500,164.70,82350.00
7700,7701,2023051001004275,RHGCL,26,36,10,251.40,2514.00
7701,7702,2023051001004274,PHCL,58,50,10,306.00,3060.00
7702,7703,2023051005000856,NTC,58,57,15,798.90,11983.50
7703,7704,2023051001004273,SANIMA,49,45,19,244.00,4636.00
7704,7705,2023051004002071,SHL,34,45,100,262.00,26200.00
7705,7706,2023051001004272,MKHC,7,47,10,243.00,2430.00
7706,7707,2023051004002070,API,34,44,150,230.00,34500.00
7707,7708,2023051004002069,API,34,34,50,230.00,11500.00
7708,7709,2023051004002068,API,34,53,10,230.00,2300.00
7709,7710,2023051004002067,API,34,59,20,230.00,4600.00
7710,7711,2023051001004271,PRVU,7,7,1000,164.70,164700.00
7711,7712,2023051005000855,CHDC,34,59,10,722.00,7220.00
7712,7713,2023051001004270,SMHL,56,13,10,385.00,3850.00
7713,7714,2023051001004269,SMHL,56,35,10,385.00,3850.00
7714,7715,2023051001004268,SMHL,56,42,10,385.00,3850.00
7715,7716,2023051001004267,SMHL,56,58,10,385.00,3850.00
7716,7717,2023051001004266,SMHL,56,58,10,385.00,3850.00
7717,7718,2023051001004265,SMHL,56,58,30,385.00,11550.00
7718,7719,2023051001004264,SMHL,56,58,10,385.00,3850.00
7719,7720,2023051001004263,SMHL,56,58,10,385.00,3850.00
7720,7721,2023051001004262,SMHL,56,58,10,385.00,3850.00
7721,7722,2023051001004261,SMHL,56,22,10,385.00,3850.00
7722,7723,2023051001004260,SMHL,56,58,10,385.00,3850.00
7723,7724,2023051001004259,SMHL,56,22,10,385.00,3850.00
7724,7725,2023051001004258,SMHL,56,38,10,385.00,3850.00
7725,7726,2023051001004257,SMHL,56,38,10,384.10,3841.00
7726,7727,2023051001004256,SMHL,56,38,10,384.00,3840.00
7727,7728,2023051004002066,HDHPC,38,42,500,161.90,80950.00
7728,7729,2023051001004255,SBL,17,49,485,245.00,118825.00
7729,7730,2023051001004254,MBJC,49,50,10,274.00,2740.00
7730,7731,2023051001004253,RFPL,35,36,10,246.10,2461.00
7731,7732,2023051005000854,NRIC,42,58,10,678.00,6780.00
7732,7733,2023051001004252,EHPL,45,47,10,343.80,3438.00
7733,7734,2023051001004251,HDL,57,53,15,1895.00,28425.00
7734,7735,2023051001004250,CZBIL,47,33,15,169.80,2547.00
7735,7736,2023051004002065,SSHL,38,45,200,196.50,39300.00
7736,7737,2023051004002064,SSHL,38,35,100,196.00,19600.00
7737,7738,2023051004002063,NHPC,19,14,412,205.00,84460.00
7738,7739,2023051003001198,GRDBL,4,33,15,240.10,3601.50
7739,7740,2023051001004249,NICA,42,17,50,712.90,35645.00
7740,7741,2023051001004248,SMJC,16,14,10,245.10,2451.00
7741,7742,2023051001004247,PRVU,6,7,200,165.00,33000.00
7742,7743,2023051001004246,PRVU,58,7,109,165.00,17985.00
7743,7744,2023051001004245,PRVU,6,7,248,165.00,40920.00
7744,7745,2023051001004244,PRVU,34,7,50,165.00,8250.00
7745,7746,2023051001004243,PRVU,53,7,16,165.00,2640.00
7746,7747,2023051001004242,PRVU,45,7,50,165.00,8250.00
7747,7748,2023051001004241,PRVU,36,7,500,165.00,82500.00
7748,7749,2023051001004240,PRVU,51,7,20,165.00,3300.00
7749,7750,2023051001004239,PRVU,29,7,95,165.00,15675.00
7750,7751,2023051001004238,NESDO,43,58,10,2008.00,20080.00
7751,7752,2023051005000853,CHDC,34,50,10,722.00,7220.00
7752,7753,2023051001004237,MBJC,49,36,10,274.00,2740.00
7753,7754,2023051004002062,HDHPC,41,42,40,161.90,6476.00
7754,7755,2023051001004236,NABIL,49,33,258,594.00,153252.00
7755,7756,2023051003001197,MNBBL,57,10,10,385.00,3850.00
7756,7757,2023051003001196,SJLIC,39,25,10,415.10,4151.00
7757,7758,2023051003001195,SWBBL,38,17,78,705.00,54990.00
7758,7759,2023051004002061,UMRH,5,37,174,459.00,79866.00
7759,7760,2023051004002060,UMRH,5,34,40,459.00,18360.00
7760,7761,2023051004002059,UMRH,5,22,10,459.00,4590.00
7761,7762,2023051001004235,SMJC,16,56,10,245.10,2451.00
7762,7763,2023051004002058,UMHL,57,29,450,224.00,100800.00
7763,7764,2023051001004234,NABIL,45,33,100,594.00,59400.00
7764,7765,2023051003001194,GRDBL,45,33,12,243.10,2917.20
7765,7766,2023051001004233,BHL,45,50,10,282.60,2826.00
7766,7767,2023051001004232,SBL,17,7,460,245.00,112700.00
7767,7768,2023051005000852,HIDCL,56,34,50,178.80,8940.00
7768,7769,2023051001004231,TAMOR,35,45,10,269.00,2690.00
7769,7770,2023051001004230,MHCL,53,21,10,215.00,2150.00
7770,7771,2023051004002057,GLH,57,25,10,258.50,2585.00
7771,7772,2023051001004229,SAHAS,43,14,10,492.10,4921.00
7772,7773,2023051004002056,HDHPC,6,33,40,161.80,6472.00
7773,7774,2023051001004228,MBJC,49,45,10,274.00,2740.00
7774,7775,2023051001004227,MAKAR,13,38,10,249.10,2491.00
7775,7776,2023051001004226,SPC,19,21,10,415.00,4150.00
7776,7777,2023051001004225,MHCL,53,58,10,214.80,2148.00
7777,7778,2023051004002055,CHL,48,6,67,272.90,18284.30
7778,7779,2023051003001193,MLBL,22,38,300,299.90,89970.00
7779,7780,2023051001004224,NABIL,45,33,10,594.00,5940.00
7780,7781,2023051001004223,MAKAR,13,21,10,249.10,2491.00
7781,7782,2023051004002054,SICL,52,17,250,712.00,178000.00
7782,7783,2023051001004222,HDL,21,53,15,1895.00,28425.00
7783,7784,2023051001004221,HDL,5,53,30,1895.00,56850.00
7784,7785,2023051001004220,RFPL,35,14,10,246.10,2461.00
7785,7786,2023051001004219,NABIL,13,33,50,594.00,29700.00
7786,7787,2023051001004218,NABIL,42,33,62,594.00,36828.00
7787,7788,2023051005000851,NIFRA,47,44,30,206.00,6180.00
7788,7789,2023051005000850,NIFRA,47,44,66,206.00,13596.00
7789,7790,2023051001004217,LBL,35,55,8,178.40,1427.20
7790,7791,2023051003001192,CORBL,6,58,10,287.30,2873.00
7791,7792,2023051001004216,BHDC,42,43,200,391.00,78200.00
7792,7793,2023051001004215,USHEC,42,58,10,288.00,2880.00
7793,7794,2023051001004214,NABIL,45,25,10,595.00,5950.00
7794,7795,2023051003001191,ALICL,17,17,40,545.00,21800.00
7795,7796,2023051005000849,NIFRA,44,44,84,206.00,17304.00
7796,7797,2023051001004213,MBJC,49,14,10,274.00,2740.00
7797,7798,2023051001004212,MAKAR,13,26,10,249.10,2491.00
7798,7799,2023051004002053,RADHI,47,58,200,236.00,47200.00
7799,7800,2023051004002052,RADHI,47,7,26,236.00,6136.00
7800,7801,2023051004002051,RADHI,47,58,50,236.00,11800.00
7801,7802,2023051001004211,PRVU,57,53,100,165.80,16580.00
7802,7803,2023051003001190,MLBL,49,38,22,299.90,6597.80
7803,7804,2023051001004210,PCBL,29,39,160,193.00,30880.00
7804,7805,2023051001004209,PCBL,29,41,40,192.90,7716.00
7805,7806,2023051001004208,GVL,55,14,10,395.00,3950.00
7806,7807,2023051001004207,BHDC,42,34,10,387.00,3870.00
7807,7808,2023051001004206,SMHL,56,57,10,382.00,3820.00
7808,7809,2023051001004205,SMHL,56,42,10,382.00,3820.00
7809,7810,2023051001004204,SMHL,56,1,10,382.00,3820.00
7810,7811,2023051001004203,SMHL,56,21,10,382.00,3820.00
7811,7812,2023051001004202,SMHL,56,32,10,381.90,3819.00
7812,7813,2023051003001189,NLICL,56,45,100,570.00,57000.00
7813,7814,2023051001004201,EBL,41,3,45,527.00,23715.00
7814,7815,2023051004002050,SICL,41,17,50,712.00,35600.00
7815,7816,2023051004002049,HDHPC,41,5,200,161.70,32340.00
7816,7817,2023051001004200,MBJC,57,49,10,275.00,2750.00
7817,7818,2023051001004199,MBJC,57,50,10,275.00,2750.00
7818,7819,2023051001004198,SPHL,33,42,10,364.10,3641.00
7819,7820,2023051004002048,SSHL,33,37,10,195.00,1950.00
7820,7821,2023051001004197,AHL,49,14,10,339.50,3395.00
7821,7822,2023051004002047,SSHL,33,37,400,195.00,78000.00
7822,7823,2023051004002046,KPCL,5,36,39,365.00,14235.00
7823,7824,2023051004002045,UPPER,48,58,48,408.00,19584.00
7824,7825,2023051001004196,PHCL,58,41,10,306.00,3060.00
7825,7826,2023051003001188,EDBL,41,59,96,281.00,26976.00
7826,7827,2023051001004195,NABIL,43,25,622,595.00,370090.00
7827,7828,2023051001004194,NABIL,43,1,878,594.50,521971.00
7828,7829,2023051003001187,SWBBL,38,28,22,705.00,15510.00
7829,7830,2023051001004193,SMHL,3,6,10,381.00,3810.00
7830,7831,2023051001004192,SBL,1,7,30,245.90,7377.00
7831,7832,2023051001004191,SMJC,50,26,10,246.00,2460.00
7832,7833,2023051001004190,KDL,42,58,10,714.10,7141.00
7833,7834,2023051001004189,SMJC,16,42,35,245.10,8578.50
7834,7835,2023051003001186,CBBL,36,41,89,781.00,69509.00
7835,7836,2023051003001185,CBBL,13,41,11,781.00,8591.00
7836,7837,2023051003001184,GUFL,14,52,40,477.00,19080.00
7837,7838,2023051003001183,GUFL,14,52,60,477.00,28620.00
7838,7839,2023051004002044,HDHPC,16,57,10,161.50,1615.00
7839,7840,2023051004002043,HDHPC,16,22,100,161.50,16150.00
7840,7841,2023051004002042,HDHPC,16,48,441,161.50,71221.50
7841,7842,2023051004002041,UPPER,41,45,100,410.00,41000.00
7842,7843,2023051001004188,TAMOR,35,47,10,269.00,2690.00
7843,7844,2023051001004187,MHCL,45,36,10,214.60,2146.00
7844,7845,2023051004002040,HDHPC,38,48,1000,161.50,161500.00
7845,7846,2023051004002039,SHL,25,34,120,262.70,31524.00
7846,7847,2023051004002038,SHL,25,34,190,262.60,49894.00
7847,7848,2023051004002037,SHL,25,6,105,262.50,27562.50
7848,7849,2023051001004186,NCCD86,56,7,30,886.00,26580.00
7849,7850,2023051001004185,MKLB,41,47,10,611.00,6110.00
7850,7851,2023051003001182,NICLBSL,45,59,10,534.00,5340.00
7851,7852,2023051004002036,UIC,32,58,105,425.00,44625.00
7852,7853,2023051004002035,UIC,32,32,250,425.00,106250.00
7853,7854,2023051004002034,UIC,32,49,63,424.00,26712.00
7854,7855,2023051005000848,HIDCL,58,34,34,178.80,6079.20
7855,7856,2023051005000847,HIDCL,58,59,16,178.70,2859.20
7856,7857,2023051001004184,NABIL,58,1,30,594.50,17835.00
7857,7858,2023051001004183,MBJC,49,21,10,274.00,2740.00
7858,7859,2023051001004182,CZBIL,46,33,75,169.80,12735.00
7859,7860,2023051001004181,MBJC,49,47,10,274.00,2740.00
7860,7861,2023051003001181,NLIC,17,45,215,658.00,141470.00
7861,7862,2023051003001180,NLIC,17,25,10,658.00,6580.00
7862,7863,2023051003001179,NLIC,17,58,100,658.00,65800.00
7863,7864,2023051003001178,NLIC,17,22,20,658.00,13160.00
7864,7865,2023051003001177,NLIC,17,32,190,658.00,125020.00
7865,7866,2023051004002033,UMHL,11,36,100,223.00,22300.00
7866,7867,2023051004002032,HDHPC,11,48,419,161.50,67668.50
7867,7868,2023051001004180,SMH,28,35,10,536.00,5360.00
7868,7869,2023051004002031,PMHPL,38,35,10,219.00,2190.00
7869,7870,2023051001004179,SBL,17,38,55,245.00,13475.00
7870,7871,2023051001004178,BHDC,38,59,10,384.50,3845.00
7871,7872,2023051003001176,LICN,22,22,10,1267.00,12670.00
7872,7873,2023051001004177,SMJC,1,49,10,245.00,2450.00
7873,7874,2023051001004176,SMJC,1,44,10,245.00,2450.00
7874,7875,2023051001004175,SMJC,1,21,10,245.00,2450.00
7875,7876,2023051004002030,HDHPC,56,48,15,161.50,2422.50
7876,7877,2023051004002029,RIDI,22,58,200,277.00,55400.00
7877,7878,2023051004002028,RADHI,44,45,1500,235.00,352500.00
7878,7879,2023051004002027,RADHI,44,58,33,235.00,7755.00
7879,7880,2023051001004174,PBLD87,19,3,50,795.00,39750.00
7880,7881,2023051001004173,MAKAR,38,34,10,249.00,2490.00
7881,7882,2023051001004172,SCB,7,41,10,526.00,5260.00
7882,7883,2023051001004171,RFPL,35,14,10,246.10,2461.00
7883,7884,2023051005000846,HIDCL,42,59,84,178.70,15010.80
7884,7885,2023051005000845,CHDC,34,4,10,722.00,7220.00
7885,7886,2023051001004170,MKHC,7,34,30,244.00,7320.00
7886,7887,2023051001004169,MKHC,7,40,10,244.00,2440.00
7887,7888,2023051004002026,UPPER,43,45,40,410.00,16400.00
7888,7889,2023051004002025,UPPER,43,58,10,410.00,4100.00
7889,7890,2023051004002024,UPPER,43,34,150,410.00,61500.00
7890,7891,2023051003001175,CBBL,57,36,60,783.00,46980.00
7891,7892,2023051005000844,NIFRA,19,21,43,205.30,8827.90
7892,7893,2023051004002023,SICL,34,38,100,710.00,71000.00
7893,7894,2023051001004168,AHL,45,35,10,338.80,3388.00
7894,7895,2023051005000843,NTC,34,34,50,792.10,39605.00
7895,7896,2023051001004167,MAKAR,38,34,10,249.00,2490.00
7896,7897,2023051001004166,MBL,28,44,84,230.00,19320.00
7897,7898,2023051001004165,MBL,28,38,10,230.00,2300.00
7898,7899,2023051001004164,MBL,28,41,100,229.90,22990.00
7899,7900,2023051001004163,MBL,28,49,706,229.00,161674.00
7900,7901,2023051001004162,MBL,28,44,100,229.00,22900.00
7901,7902,2023051003001174,PLI,33,14,10,403.50,4035.00
7902,7903,2023051001004161,BHL,32,1,10,283.00,2830.00
7903,7904,2023051003001173,ALBSL,51,55,16,675.00,10800.00
7904,7905,2023051003001172,ALBSL,51,55,10,675.00,6750.00
7905,7906,2023051003001171,ALBSL,51,14,24,675.00,16200.00
7906,7907,2023051003001170,ALBSL,51,58,30,675.00,20250.00
7907,7908,2023051004002022,CHL,49,6,23,272.90,6276.70
7908,7909,2023051001004160,SHIVM,37,8,1585,402.00,637170.00
7909,7910,2023051001004159,MKHC,7,21,10,243.00,2430.00
7910,7911,2023051004002021,UPPER,48,33,34,408.00,13872.00
7911,7912,2023051004002020,UPPER,17,33,16,408.00,6528.00
7912,7913,2023051004002019,HDHPC,57,48,152,161.50,24548.00
7913,7914,2023051005000842,NRN,6,14,10,433.40,4334.00
7914,7915,2023051001004158,CZBIL,42,48,44,168.60,7418.40
7915,7916,2023051003001169,EDBL,56,44,500,280.00,140000.00
7916,7917,2023051001004157,NIMB,6,38,170,181.00,30770.00
7917,7918,2023051003001168,LBBL,35,29,190,330.00,62700.00
7918,7919,2023051003001167,LBBL,35,16,50,330.00,16500.00
7919,7920,2023051003001166,LBBL,35,58,10,330.00,3300.00
7920,7921,2023051003001165,LBBL,35,16,50,330.00,16500.00
7921,7922,2023051003001164,SJLIC,51,32,50,417.00,20850.00
7922,7923,2023051001004156,MAKAR,43,14,10,249.10,2491.00
7923,7924,2023051001004155,MKHC,43,14,10,242.10,2421.00
7924,7925,2023051001004154,MHCL,43,36,10,214.60,2146.00
7925,7926,2023051001004153,SMHL,3,34,10,381.00,3810.00
7926,7927,2023051004002018,SSHL,49,37,590,195.00,115050.00
7927,7928,2023051004002017,SSHL,49,32,410,195.00,79950.00
7928,7929,2023051001004152,UHEWA,7,58,10,368.00,3680.00
7929,7930,2023051001004151,HDL,5,53,50,1895.00,94750.00
7930,7931,2023051001004150,HDL,7,53,50,1896.00,94800.00
7931,7932,2023051001004149,SANIMA,44,40,245,244.90,60000.50
7932,7933,2023051005000841,NIFRA,44,44,100,206.00,20600.00
7933,7934,2023051003001163,PLI,57,17,10,407.90,4079.00
7934,7935,2023051003001162,PLI,57,21,10,405.00,4050.00
7935,7936,2023051003001161,PLI,57,59,10,405.00,4050.00
7936,7937,2023051004002016,NGPL,25,29,61,236.00,14396.00
7937,7938,2023051001004148,KDL,19,58,10,715.90,7159.00
7938,7939,2023051001004147,KDL,19,43,10,715.80,7158.00
7939,7940,2023051004002015,API,57,59,10,230.00,2300.00
7940,7941,2023051003001160,ALBSL,51,43,16,668.00,10688.00
7941,7942,2023051004002014,CHL,59,56,11,272.90,3001.90
7942,7943,2023051001004146,RHGCL,26,34,10,251.40,2514.00
7943,7944,2023051001004145,TAMOR,49,54,10,270.00,2700.00
7944,7945,2023051001004144,MAKAR,43,14,10,249.10,2491.00
7945,7946,2023051001004143,SMHL,3,16,10,381.00,3810.00
7946,7947,2023051001004142,SGHC,39,49,30,288.50,8655.00
7947,7948,2023051001004141,MHCL,43,36,10,214.60,2146.00
7948,7949,2023051003001159,LLBS,58,6,10,682.00,6820.00
7949,7950,2023051003001158,MERO,8,33,50,510.50,25525.00
7950,7951,2023051004002013,GLH,43,14,10,258.40,2584.00
7951,7952,2023051001004140,HDL,5,44,20,1895.00,37900.00
7952,7953,2023051001004139,PRVU,29,33,105,165.00,17325.00
7953,7954,2023051001004138,PRVU,4,33,41,165.00,6765.00
7954,7955,2023051004002012,NHDL,57,38,31,360.00,11160.00
7955,7956,2023051004002011,NHDL,34,38,85,360.70,30659.50
7956,7957,2023051004002010,NHDL,43,38,50,361.00,18050.00
7957,7958,2023051004002009,NHDL,57,38,100,361.00,36100.00
7958,7959,2023051004002008,NHDL,47,38,100,361.10,36110.00
7959,7960,2023051001004137,HBL,43,34,10,217.80,2178.00
7960,7961,2023051005000840,HIDCL,35,40,990,178.10,176319.00
7961,7962,2023051004002007,HDHPC,41,48,30,161.50,4845.00
7962,7963,2023051003001157,NMFBS,50,7,25,1162.00,29050.00
7963,7964,2023051001004136,PCBL,22,37,85,192.70,16379.50
7964,7965,2023051001004135,TAMOR,35,21,10,269.00,2690.00
7965,7966,2023051004002006,HDHPC,42,48,2476,161.50,399874.00
7966,7967,2023051001004134,NBL,48,59,10,249.00,2490.00
7967,7968,2023051004002005,NICL,6,16,194,519.00,100686.00
7968,7969,2023051004002004,NICL,6,14,206,519.00,106914.00
7969,7970,2023051004002003,NICL,6,53,100,518.00,51800.00
7970,7971,2023051003001156,NADEP,54,36,100,500.00,50000.00
7971,7972,2023051001004133,BNHC,14,26,100,354.50,35450.00
7972,7973,2023051005000839,ENL,38,14,10,610.40,6104.00
7973,7974,2023051004002002,SSHL,49,32,490,195.00,95550.00
7974,7975,2023051004002001,SSHL,49,35,100,195.00,19500.00
7975,7976,2023051004002000,SSHL,49,44,410,195.00,79950.00
7976,7977,2023051005000838,NSIF2,29,6,100,7.99,799.00
7977,7978,2023051001004132,SMJC,16,21,10,244.10,2441.00
7978,7979,2023051001004131,HBL,38,44,800,217.70,174160.00
7979,7980,2023051005000837,CHDC,34,34,10,722.00,7220.00
7980,7981,2023051003001155,LLBS,58,49,300,671.00,201300.00
7981,7982,2023051003001154,MFIL,54,58,25,420.00,10500.00
7982,7983,2023051001004130,NICA,7,58,20,710.90,14218.00
7983,7984,2023051001004129,UNL,19,44,10,24480.00,244800.00
7984,7985,2023051001004128,MAKAR,38,58,10,249.00,2490.00
7985,7986,2023051001004127,SMJC,16,35,10,244.10,2441.00
7986,7987,2023051001004126,SPHL,42,21,10,357.00,3570.00
7987,7988,2023051004001999,AKJCL,57,49,10,206.00,2060.00
7988,7989,2023051001004125,JBLB,21,35,10,1405.00,14050.00
7989,7990,2023051001004124,JBLB,21,44,25,1404.90,35122.50
7990,7991,2023051004001998,SSHL,55,44,1000,195.00,195000.00
7991,7992,2023051004001997,GHL,25,34,10,218.00,2180.00
7992,7993,2023051001004123,SHIVM,43,33,1960,403.00,789880.00
7993,7994,2023051004001996,AIL,19,14,10,399.40,3994.00
7994,7995,2023051005000836,NIFRA,42,47,54,205.40,11091.60
7995,7996,2023051001004122,HBL,34,44,200,217.70,43540.00
7996,7997,2023051001004121,HBL,34,1,300,217.00,65100.00
7997,7998,2023051001004120,HBL,34,44,500,217.00,108500.00
7998,7999,2023051001004119,HBL,21,44,500,217.00,108500.00
7999,8000,2023051001004118,MAKAR,38,58,10,249.00,2490.00
8000,8001,2023051004001995,JOSHI,43,42,20,259.00,5180.00
8001,8002,2023051004001994,JOSHI,43,49,280,259.00,72520.00
8002,8003,2023051003001153,NLICL,22,44,24,573.00,13752.00
8003,8004,2023051003001152,NLICL,22,45,16,570.00,9120.00
8004,8005,2023051001004117,GBIME,36,17,170,183.00,31110.00
8005,8006,2023051001004116,GBIME,49,17,10,183.00,1830.00
8006,8007,2023051005000835,NICGF,4,51,100,9.20,920.00
8007,8008,2023051001004115,NIMB,22,38,30,181.00,5430.00
8008,8009,2023051001004114,SBL,6,7,500,245.90,122950.00
8009,8010,2023051001004113,SPC,21,58,10,410.00,4100.00
8010,8011,2023051003001151,SLBBL,28,17,20,555.00,11100.00
8011,8012,2023051003001150,MLBSL,43,52,10,1800.00,18000.00
8012,8013,2023051005000834,NIFRA,42,21,54,205.40,11091.60
8013,8014,2023051005000833,NIFRA,58,44,250,206.00,51500.00
8014,8015,2023051001004112,PCBL,1,33,235,192.60,45261.00
8015,8016,2023051001004111,GVL,55,7,70,395.00,27650.00
8016,8017,2023051001004110,NICA,8,1,50,710.90,35545.00
8017,8018,2023051004001993,NHDL,6,38,75,361.20,27090.00
8018,8019,2023051004001992,NHDL,48,38,10,361.20,3612.00
8019,8020,2023051004001991,NHDL,42,38,30,361.20,10836.00
8020,8021,2023051001004109,SMJC,16,47,10,244.10,2441.00
8021,8022,2023051001004108,MHCL,22,36,10,214.50,2145.00
8022,8023,2023051001004107,NMB,26,55,1,229.40,229.40
8023,8024,2023051001004106,EBL,49,3,10,527.00,5270.00
8024,8025,2023051004001990,UPPER,28,18,140,409.00,57260.00
8025,8026,2023051004001989,UPPER,28,13,25,409.00,10225.00
8026,8027,2023051003001149,PROFL,37,13,500,293.60,146800.00
8027,8028,2023051003001148,PROFL,37,35,53,293.50,15555.50
8028,8029,2023051003001147,PROFL,37,1,200,293.00,58600.00
8029,8030,2023051003001146,PROFL,37,56,47,292.00,13724.00
8030,8031,2023051003001145,PROFL,37,59,70,292.00,20440.00
8031,8032,2023051003001144,PROFL,37,46,200,291.90,58380.00
8032,8033,2023051003001143,NLICL,40,45,50,570.00,28500.00
8033,8034,2023051004001988,HDHPC,57,48,180,161.50,29070.00
8034,8035,2023051004001987,RADHI,34,58,10,235.00,2350.00
8035,8036,2023051001004105,SANIMA,17,45,300,244.00,73200.00
8036,8037,2023051001004104,SANIMA,17,58,46,244.00,11224.00
8037,8038,2023051001004103,SANIMA,17,38,450,244.00,109800.00
8038,8039,2023051001004102,TAMOR,14,58,10,270.00,2700.00
8039,8040,2023051001004101,TAMOR,14,58,10,270.00,2700.00
8040,8041,2023051001004100,TAMOR,14,52,10,270.00,2700.00
8041,8042,2023051001004099,TAMOR,14,34,10,270.00,2700.00
8042,8043,2023051001004098,TAMOR,14,58,10,270.00,2700.00
8043,8044,2023051001004097,TAMOR,14,35,20,270.00,5400.00
8044,8045,2023051004001986,SHEL,43,47,10,276.00,2760.00
8045,8046,2023051003001142,NLICL,50,45,24,570.00,13680.00
8046,8047,2023051001004096,SMH,28,59,10,533.00,5330.00
8047,8048,2023051004001985,HDHPC,11,25,81,161.20,13057.20
8048,8049,2023051001004095,MBL,28,34,500,228.50,114250.00
8049,8050,2023051001004094,MAKAR,43,21,10,249.10,2491.00
8050,8051,2023051005000832,NRIC,34,58,22,678.00,14916.00
8051,8052,2023051001004093,ADBL,57,53,18,233.90,4210.20
8052,8053,2023051001004092,MAKAR,43,45,10,249.10,2491.00
8053,8054,2023051001004091,MBJC,57,47,10,273.30,2733.00
8054,8055,2023051001004090,MHCL,53,36,10,214.60,2146.00
8055,8056,2023051001004089,SHIVM,43,56,100,403.00,40300.00
8056,8057,2023051001004088,SHIVM,43,35,100,403.00,40300.00
8057,8058,2023051001004087,SHIVM,43,4,40,402.70,16108.00
8058,8059,2023051004001984,HURJA,55,35,20,254.00,5080.00
8059,8060,2023051004001983,NGPL,55,29,38,236.00,8968.00
8060,8061,2023051004001982,NGPL,55,58,428,236.00,101008.00
8061,8062,2023051004001981,SSHL,33,37,590,194.00,114460.00
8062,8063,2023051003001141,SJLIC,39,58,30,415.10,12453.00
8063,8064,2023051004001980,HDHPC,19,25,100,161.20,16120.00
8064,8065,2023051004001979,HDHPC,58,25,19,161.20,3062.80
8065,8066,2023051003001140,ALBSL,1,1,5,649.00,3245.00
8066,8067,2023051005000831,NTC,58,57,10,798.90,7989.00
8067,8068,2023051005000830,NTC,58,56,10,797.00,7970.00
8068,8069,2023051005000829,NTC,58,58,30,795.00,23850.00
8069,8070,2023051003001139,CBBL,28,58,200,780.00,156000.00
8070,8071,2023051001004086,SHIVM,37,1,10,402.00,4020.00
8071,8072,2023051004001978,RHPL,34,14,50,273.10,13655.00
8072,8073,2023051003001138,FMDBL,33,6,30,509.00,15270.00
8073,8074,2023051001004085,USHEC,42,43,10,285.00,2850.00
8074,8075,2023051001004084,SHIVM,37,4,300,402.00,120600.00
8075,8076,2023051001004083,SHIVM,37,21,10,402.00,4020.00
8076,8077,2023051001004082,SHIVM,37,8,95,402.00,38190.00
8077,8078,2023051001004081,PCBL,45,37,100,192.70,19270.00
8078,8079,2023051001004080,PCBL,20,37,15,192.80,2892.00
8079,8080,2023051003001137,MNBBL,50,10,17,385.00,6545.00
8080,8081,2023051001004079,MHCL,43,36,10,215.20,2152.00
8081,8082,2023051001004078,NIMB,8,33,34,180.20,6126.80
8082,8083,2023051001004077,NIMB,34,33,138,180.20,24867.60
8083,8084,2023051004001977,SSHL,49,37,410,194.00,79540.00
8084,8085,2023051004001976,SSHL,49,44,590,194.00,114460.00
8085,8086,2023051001004076,NABIL,49,1,20,594.50,11890.00
8086,8087,2023051004001975,UPPER,45,38,9,399.90,3599.10
8087,8088,2023051003001136,SINDU,37,57,100,244.10,24410.00
8088,8089,2023051001004075,SMH,28,58,10,533.00,5330.00
8089,8090,2023051004001974,MEN,4,54,10,740.00,7400.00
8090,8091,2023051005000828,NTC,34,25,40,794.90,31796.00
8091,8092,2023051005000827,NTC,34,5,10,794.00,7940.00
8092,8093,2023051001004074,GBIME,22,17,89,182.80,16269.20
8093,8094,2023051001004073,GBIME,58,17,12,183.00,2196.00
8094,8095,2023051001004072,SBL,34,7,10,245.90,2459.00
8095,8096,2023051003001135,SADBL,39,41,200,271.00,54200.00
8096,8097,2023051001004071,BNT,21,40,15,11667.80,175017.00
8097,8098,2023051004001973,RURU,47,49,10,738.50,7385.00
8098,8099,2023051001004070,MHCL,43,35,10,215.00,2150.00
8099,8100,2023051003001134,CBBL,44,58,94,780.00,73320.00
8100,8101,2023051004001972,SJCL,49,14,40,265.20,10608.00
8101,8102,2023051001004069,JBLB,21,25,15,1400.00,21000.00
8102,8103,2023051003001133,GBLBS,36,56,12,438.00,5256.00
8103,8104,2023051001004068,BHL,32,43,10,282.50,2825.00
8104,8105,2023051001004067,SAHAS,43,42,10,492.10,4921.00
8105,8106,2023051001004066,PHCL,58,8,10,306.00,3060.00
8106,8107,2023051005000826,HIDCL,49,59,20,178.90,3578.00
8107,8108,2023051003001132,CBBL,57,58,10,780.00,7800.00
8108,8109,2023051005000825,CHDC,34,17,10,726.00,7260.00
8109,8110,2023051005000824,CHDC,34,58,10,726.00,7260.00
8110,8111,2023051005000823,CHDC,34,59,10,725.00,7250.00
8111,8112,2023051003001131,SHINE,44,33,28,317.00,8876.00
8112,8113,2023051003001130,SHINE,44,57,206,317.00,65302.00
8113,8114,2023051001004065,MBJC,57,43,10,273.30,2733.00
8114,8115,2023051001004064,CZBIL,25,48,300,168.60,50580.00
8115,8116,2023051001004063,HHL,58,49,10,252.10,2521.00
8116,8117,2023051004001971,HDHPC,26,25,100,161.40,16140.00
8117,8118,2023051001004062,EBL,50,3,25,527.00,13175.00
8118,8119,2023051001004061,EBL,49,3,20,527.00,10540.00
8119,8120,2023051003001129,MDB,7,59,30,363.10,10893.00
8120,8121,2023051004001970,NGPL,43,33,15,235.20,3528.00
8121,8122,2023051005000822,SAEF,58,43,3450,10.34,35673.00
8122,8123,2023051003001128,MNBBL,26,26,100,384.00,38400.00
8123,8124,2023051003001127,GMFIL,39,50,500,294.00,147000.00
8124,8125,2023051003001126,MNBBL,44,10,192,385.00,73920.00
8125,8126,2023051001004060,PHCL,58,51,10,306.00,3060.00
8126,8127,2023051003001125,CBBL,57,41,30,779.90,23397.00
8127,8128,2023051004001969,HDHPC,44,48,287,161.50,46350.50
8128,8129,2023051004001968,HDHPC,44,33,100,161.50,16150.00
8129,8130,2023051004001967,HDHPC,44,57,15,161.50,2422.50
8130,8131,2023051004001966,HDHPC,44,45,598,161.50,96577.00
8131,8132,2023051001004059,MKHC,5,35,10,243.00,2430.00
8132,8133,2023051001004058,NICA,59,58,100,711.00,71100.00
8133,8134,2023051001004057,MHCL,53,36,10,214.60,2146.00
8134,8135,2023051001004056,KLBS,47,35,10,860.00,8600.00
8135,8136,2023051004001965,CHCL,58,42,90,460.10,41409.00
8136,8137,2023051001004055,NIMB,26,55,2,176.60,353.20
8137,8138,2023051001004054,SCB,17,3,205,525.00,107625.00
8138,8139,2023051003001124,NLICL,29,45,100,570.00,57000.00
8139,8140,2023051003001123,NLICL,10,45,100,570.00,57000.00
8140,8141,2023051003001122,NLICL,7,45,50,570.00,28500.00
8141,8142,2023051003001121,NLICL,58,45,20,570.00,11400.00
8142,8143,2023051003001120,NLICL,22,45,40,572.00,22880.00
8143,8144,2023051003001119,NLICL,19,45,10,572.00,5720.00
8144,8145,2023051003001118,NLICL,58,45,90,572.00,51480.00
8145,8146,2023051003001117,NLICL,43,45,500,572.00,286000.00
8146,8147,2023051003001116,CBBL,28,41,70,779.90,54593.00
8147,8148,2023051004001964,SSHL,11,37,150,193.00,28950.00
8148,8149,2023051004001963,UPPER,17,42,24,408.00,9792.00
8149,8150,2023051004001962,UPPER,44,42,10,408.00,4080.00
8150,8151,2023051004001961,UPPER,51,42,50,408.00,20400.00
8151,8152,2023051004001960,UPPER,51,42,10,408.00,4080.00
8152,8153,2023051004001959,UPPER,11,42,40,408.00,16320.00
8153,8154,2023051004001958,UPPER,52,42,66,408.00,26928.00
8154,8155,2023051001004053,PPL,21,43,10,256.00,2560.00
8155,8156,2023051001004052,SANIMA,44,58,60,243.00,14580.00
8156,8157,2023051001004051,EHPL,45,58,10,343.30,3433.00
8157,8158,2023051004001957,SSHL,25,37,100,193.00,19300.00
8158,8159,2023051001004050,CZBIL,25,42,18,168.50,3033.00
8159,8160,2023051001004049,NBL,35,59,83,249.00,20667.00
8160,8161,2023051001004048,SMJC,32,21,210,248.00,52080.00
8161,8162,2023051004001956,UMHL,14,14,1825,223.00,406975.00
8162,8163,2023051003001115,PLI,33,46,10,403.50,4035.00
8163,8164,2023051001004047,NBL,56,59,28,249.00,6972.00
8164,8165,2023051004001955,HDHPC,14,45,100,161.50,16150.00
8165,8166,2023051001004046,RHGCL,25,43,10,251.50,2515.00
8166,8167,2023051001004045,PPL,59,57,10,259.00,2590.00
8167,8168,2023051001004044,PPL,59,34,10,259.00,2590.00
8168,8169,2023051005000821,NIFRA,46,21,54,205.20,11080.80
8169,8170,2023051003001114,ALICL,20,17,2790,540.00,1506600.00
8170,8171,2023051003001113,ALICL,13,17,30,540.00,16200.00
8171,8172,2023051003001112,ALICL,43,17,10,540.00,5400.00
8172,8173,2023051003001111,ALICL,57,17,50,540.00,27000.00
8173,8174,2023051003001110,ALICL,57,17,45,540.00,24300.00
8174,8175,2023051003001109,ALICL,25,17,100,540.00,54000.00
8175,8176,2023051003001108,ALICL,57,17,10,540.00,5400.00
8176,8177,2023051003001107,ALICL,45,17,200,540.00,108000.00
8177,8178,2023051003001106,ALICL,35,17,100,540.00,54000.00
8178,8179,2023051003001105,ALICL,34,17,25,540.00,13500.00
8179,8180,2023051003001104,ALICL,33,17,70,540.00,37800.00
8180,8181,2023051003001103,ALICL,5,17,100,540.00,54000.00
8181,8182,2023051003001102,ALICL,58,17,44,540.10,23764.40
8182,8183,2023051003001101,ALICL,14,17,10,541.00,5410.00
8183,8184,2023051003001100,ALICL,49,17,100,541.00,54100.00
8184,8185,2023051003001099,ALICL,38,17,100,541.00,54100.00
8185,8186,2023051003001098,ALICL,54,17,20,542.00,10840.00
8186,8187,2023051003001097,ALICL,21,17,50,543.00,27150.00
8187,8188,2023051003001096,ALICL,38,17,28,543.00,15204.00
8188,8189,2023051001004043,BNT,44,14,13,11660.00,151580.00
8189,8190,2023051001004042,PRVU,55,53,21,165.80,3481.80
8190,8191,2023051001004041,SMJC,32,34,10,248.00,2480.00
8191,8192,2023051003001095,MNBBL,57,10,48,385.00,18480.00
8192,8193,2023051001004040,SMH,47,48,40,540.00,21600.00
8193,8194,2023051001004039,SMH,47,13,10,539.90,5399.00
8194,8195,2023051001004038,SMH,47,13,10,539.80,5398.00
8195,8196,2023051001004037,SMH,47,13,10,539.70,5397.00
8196,8197,2023051001004036,SMH,47,29,10,537.70,5377.00
8197,8198,2023051001004035,SMH,47,52,10,537.70,5377.00
8198,8199,2023051001004034,SMH,47,49,10,537.50,5375.00
8199,8200,2023051001004033,SMH,47,48,40,535.00,21400.00
8200,8201,2023051001004032,SMH,47,32,10,535.00,5350.00
8201,8202,2023051001004031,SMH,47,49,10,535.00,5350.00
8202,8203,2023051001004030,SMH,47,49,10,535.00,5350.00
8203,8204,2023051001004029,SMH,47,45,10,535.00,5350.00
8204,8205,2023051001004028,SMH,47,29,1000,534.90,534900.00
8205,8206,2023051001004027,SMH,47,56,10,533.00,5330.00
8206,8207,2023051001004026,SMH,47,58,10,532.90,5329.00
8207,8208,2023051004001954,SGIC,10,43,10,431.60,4316.00
8208,8209,2023051001004025,RFPL,35,34,10,246.10,2461.00
8209,8210,2023051001004024,GBIME,58,48,38,183.00,6954.00
8210,8211,2023051001004023,UNLB,44,29,10,1494.00,14940.00
8211,8212,2023051001004022,UNLB,13,29,10,1495.10,14951.00
8212,8213,2023051004001953,SSHL,58,37,100,193.00,19300.00
8213,8214,2023051004001952,SSHL,45,37,200,193.00,38600.00
8214,8215,2023051004001951,SSHL,49,37,40,193.00,7720.00
8215,8216,2023051004001950,SSHL,59,37,30,193.10,5793.00
8216,8217,2023051004001949,SSHL,59,37,25,193.10,4827.50
8217,8218,2023051004001948,SSHL,59,37,25,193.20,4830.00
8218,8219,2023051004001947,SSHL,58,37,100,193.20,19320.00
8219,8220,2023051004001946,SSHL,21,37,100,193.20,19320.00
8220,8221,2023051004001945,SSHL,59,37,30,193.30,5799.00
8221,8222,2023051004001944,SSHL,14,37,50,193.30,9665.00
8222,8223,2023051004001943,SSHL,45,37,50,193.60,9680.00
8223,8224,2023051001004021,MHCL,43,21,10,215.20,2152.00
8224,8225,2023051004001942,RURU,47,57,10,724.20,7242.00
8225,8226,2023051001004020,SMJC,32,29,4400,248.00,1091200.00
8226,8227,2023051001004019,SMJC,32,40,10,248.00,2480.00
8227,8228,2023051001004018,SMJC,32,51,10,248.00,2480.00
8228,8229,2023051001004017,SMJC,32,56,10,248.00,2480.00
8229,8230,2023051001004016,SMJC,32,58,10,248.00,2480.00
8230,8231,2023051001004015,SMJC,32,49,10,248.00,2480.00
8231,8232,2023051001004014,SMJC,32,16,10,248.00,2480.00
8232,8233,2023051001004013,SMJC,32,21,10,248.00,2480.00
8233,8234,2023051001004012,SMJC,32,34,10,248.00,2480.00
8234,8235,2023051001004011,SMJC,32,34,10,248.00,2480.00
8235,8236,2023051001004010,SMJC,32,45,10,248.00,2480.00
8236,8237,2023051001004009,SMJC,32,44,10,247.90,2479.00
8237,8238,2023051001004008,SMJC,32,35,10,247.00,2470.00
8238,8239,2023051001004007,SMJC,32,49,10,247.00,2470.00
8239,8240,2023051001004006,SMJC,32,52,10,247.00,2470.00
8240,8241,2023051001004005,SMJC,32,58,10,246.00,2460.00
8241,8242,2023051001004004,SMJC,32,38,400,246.00,98400.00
8242,8243,2023051001004003,SMJC,32,43,10,245.00,2450.00
8243,8244,2023051001004002,SMJC,32,6,10,245.00,2450.00
8244,8245,2023051001004001,SMJC,32,6,10,245.00,2450.00
8245,8246,2023051003001094,CBBL,57,28,20,777.00,15540.00
8246,8247,2023051004001941,BPCL,34,14,16,314.00,5024.00
8247,8248,2023051001004000,PPL,21,34,10,256.00,2560.00
8248,8249,2023051004001940,SHL,25,17,147,262.40,38572.80
8249,8250,2023051004001939,SHL,25,21,105,262.40,27552.00
8250,8251,2023051003001093,SHINE,43,45,90,315.20,28368.00
8251,8252,2023051001003999,KDL,43,21,10,714.00,7140.00
8252,8253,2023051003001092,PLI,33,58,10,403.50,4035.00
8253,8254,2023051004001938,SPDL,14,14,1000,268.00,268000.00
8254,8255,2023051001003998,SANIMA,17,4,202,242.50,48985.00
8255,8256,2023051001003997,SANIMA,17,17,33,242.40,7999.20
8256,8257,2023051001003996,PHCL,58,34,10,306.00,3060.00
8257,8258,2023051003001091,NLICL,34,44,107,573.00,61311.00
8258,8259,2023051004001937,SSHL,35,44,80,194.00,15520.00
8259,8260,2023051001003995,NICA,8,17,250,710.90,177725.00
8260,8261,2023051001003994,GBIME,22,17,475,182.80,86830.00
8261,8262,2023051001003993,RFPL,18,44,10,249.00,2490.00
8262,8263,2023051001003992,TAMOR,5,47,10,269.00,2690.00
8263,8264,2023051001003991,SCB,44,1,203,527.00,106981.00
8264,8265,2023051001003990,SCB,44,48,15,526.00,7890.00
8265,8266,2023051001003989,SCB,44,45,100,526.00,52600.00
8266,8267,2023051001003988,SCB,44,29,17,526.00,8942.00
8267,8268,2023051001003987,SCB,44,45,100,525.60,52560.00
8268,8269,2023051001003986,SCB,44,26,75,525.60,39420.00
8269,8270,2023051001003985,SCB,44,49,200,525.50,105100.00
8270,8271,2023051001003984,HHL,58,34,10,252.10,2521.00
8271,8272,2023051004001936,HDHPC,26,45,50,161.50,8075.00
8272,8273,2023051003001090,MERO,46,33,10,510.50,5105.00
8273,8274,2023051005000820,HIDCL,42,58,91,178.00,16198.00
8274,8275,2023051001003983,MAKAR,43,34,10,249.10,2491.00
8275,8276,2023051004001935,UNHPL,54,58,20,205.00,4100.00
8276,8277,2023051001003982,GBIME,53,48,20,183.00,3660.00
8277,8278,2023051005000819,ENL,38,58,10,610.40,6104.00
8278,8279,2023051001003981,MHCL,43,58,10,214.90,2149.00
8279,8280,2023051001003980,BNHC,26,34,10,353.00,3530.00
8280,8281,2023051003001089,CBBL,44,28,25,777.00,19425.00
8281,8282,2023051004001934,HDHPC,19,45,100,161.50,16150.00
8282,8283,2023051001003979,GBIME,38,48,12,183.00,2196.00
8283,8284,2023051001003978,GBIME,42,48,10,183.00,1830.00
8284,8285,2023051001003977,NICA,7,17,50,710.90,35545.00
8285,8286,2023051001003976,SANIMA,14,14,2000,242.30,484600.00
8286,8287,2023051001003975,TAMOR,49,43,10,268.30,2683.00
8287,8288,2023051001003974,SMHL,3,17,10,380.50,3805.00
8288,8289,2023051004001933,CGH,50,18,100,1022.00,102200.00
8289,8290,2023051004001932,CGH,50,37,10,1022.00,10220.00
8290,8291,2023051001003973,SANIMA,14,14,2000,242.30,484600.00
8291,8292,2023051003001088,GBBL,6,49,12,351.00,4212.00
8292,8293,2023051001003972,MHCL,53,36,10,214.60,2146.00
8293,8294,2023051001003971,SANIMA,14,14,2000,242.30,484600.00
8294,8295,2023051003001087,NUBL,21,22,100,527.00,52700.00
8295,8296,2023051003001086,MFIL,35,46,8,410.70,3285.60
8296,8297,2023051001003970,SBL,17,7,643,245.90,158113.70
8297,8298,2023051004001931,JOSHI,39,49,10,259.00,2590.00
8298,8299,2023051001003969,SANIMA,7,17,50,242.40,12120.00
8299,8300,2023051003001085,MNBBL,13,41,10,384.00,3840.00
8300,8301,2023051003001084,MNBBL,22,41,50,384.10,19205.00
8301,8302,2023051004001930,CHL,14,6,10,272.00,2720.00
8302,8303,2023051004001929,AHPC,34,28,250,275.00,68750.00
8303,8304,2023051001003968,MAKAR,18,29,10,250.00,2500.00
8304,8305,2023051001003967,MAKAR,18,58,10,250.00,2500.00
8305,8306,2023051001003966,MAKAR,18,58,10,250.00,2500.00
8306,8307,2023051001003965,MAKAR,18,38,10,250.00,2500.00
8307,8308,2023051004001928,AKJCL,52,34,10,205.00,2050.00
8308,8309,2023051004001927,PPCL,43,56,20,324.00,6480.00
8309,8310,2023051001003964,EBL,58,44,10,527.90,5279.00
8310,8311,2023051004001926,SHEL,43,58,10,276.00,2760.00
8311,8312,2023051004001925,SGIC,10,43,10,431.60,4316.00
8312,8313,2023051001003963,TAMOR,49,7,10,268.20,2682.00
8313,8314,2023051001003962,MBJC,57,49,10,273.30,2733.00
8314,8315,2023051004001924,HDHPC,57,53,200,161.40,32280.00
8315,8316,2023051004001923,HDHPC,57,49,265,161.40,42771.00
8316,8317,2023051004001922,NHDL,42,38,160,361.20,57792.00
8317,8318,2023051004001921,NHDL,26,38,10,361.30,3613.00
8318,8319,2023051004001920,NHDL,14,38,50,361.30,18065.00
8319,8320,2023051004001919,NHDL,58,38,10,362.50,3625.00
8320,8321,2023051004001918,NHDL,58,38,10,368.40,3684.00
8321,8322,2023051004001917,NHDL,57,38,10,368.40,3684.00
8322,8323,2023051004001916,HDHPC,29,49,200,161.40,32280.00
8323,8324,2023051001003961,SMJC,42,47,10,243.20,2432.00
8324,8325,2023051001003960,NABIL,11,1,50,594.50,29725.00
8325,8326,2023051001003959,NABIL,11,41,100,594.00,59400.00
8326,8327,2023051004001915,AHPC,34,28,500,275.00,137500.00
8327,8328,2023051001003958,NBL,14,14,420,248.90,104538.00
8328,8329,2023051003001083,GBBL,58,49,14,353.00,4942.00
8329,8330,2023051004001914,UPPER,52,54,34,408.00,13872.00
8330,8331,2023051001003957,HDL,57,43,10,1893.00,18930.00
8331,8332,2023051004001913,AHPC,34,28,470,275.00,129250.00
8332,8333,2023051004001912,AHPC,29,28,30,275.00,8250.00
8333,8334,2023051001003956,SMJC,42,58,10,243.20,2432.00
8334,8335,2023051005000818,HIDCL,42,59,500,178.00,89000.00
8335,8336,2023051001003955,SGHC,45,43,10,288.10,2881.00
8336,8337,2023051004001911,AHPC,29,28,20,275.00,5500.00
8337,8338,2023051004001910,AHPC,39,28,100,275.00,27500.00
8338,8339,2023051004001909,AHPC,56,28,380,275.00,104500.00
8339,8340,2023051001003954,PCBL,47,41,10,192.90,1929.00
8340,8341,2023051001003953,GVL,55,58,10,395.00,3950.00
8341,8342,2023051001003952,NIMB,34,38,10,180.20,1802.00
8342,8343,2023051003001082,CBBL,34,28,200,777.00,155400.00
8343,8344,2023051003001081,CBBL,5,28,170,777.00,132090.00
8344,8345,2023051003001080,CBBL,49,28,500,777.10,388550.00
8345,8346,2023051003001079,CBBL,58,28,10,777.10,7771.00
8346,8347,2023051003001078,CBBL,36,28,50,778.00,38900.00
8347,8348,2023051003001077,CBBL,22,28,11,778.00,8558.00
8348,8349,2023051003001076,CBBL,51,28,10,779.00,7790.00
8349,8350,2023051001003951,SIKLES,13,42,10,398.00,3980.00
8350,8351,2023051004001908,AHPC,56,28,109,275.00,29975.00
8351,8352,2023051004001907,AHPC,44,28,15,275.10,4126.50
8352,8353,2023051004001906,AHPC,54,28,1000,275.50,275500.00
8353,8354,2023051004001905,AHPC,58,28,1000,275.60,275600.00
8354,8355,2023051004001904,AHPC,44,28,500,276.00,138000.00
8355,8356,2023051004001903,AHPC,32,28,16,276.00,4416.00
8356,8357,2023051001003950,MAKAR,38,43,10,249.00,2490.00
8357,8358,2023051001003949,TAMOR,49,49,10,268.20,2682.00
8358,8359,2023051001003948,CZBIL,55,42,182,168.50,30667.00
8359,8360,2023051001003947,CZBIL,55,48,318,168.50,53583.00
8360,8361,2023051001003946,HDL,32,53,50,1892.30,94615.00
8361,8362,2023051004001902,SJCL,49,3,10,265.20,2652.00
8362,8363,2023051003001075,NLIC,58,32,10,658.00,6580.00
8363,8364,2023051001003945,MAKAR,38,58,10,249.00,2490.00
8364,8365,2023051001003944,JALPA,33,58,15,1585.30,23779.50
8365,8366,2023051004001901,CGH,5,45,10,1020.00,10200.00
8366,8367,2023051004001900,RIDI,41,59,64,275.00,17600.00
8367,8368,2023051001003943,ADBL,11,5,100,233.00,23300.00
8368,8369,2023051001003942,ADBL,11,21,410,233.00,95530.00
8369,8370,2023051001003941,ADBL,11,44,87,233.00,20271.00
8370,8371,2023051003001074,JFL,14,14,1000,346.00,346000.00
8371,8372,2023051004001899,CHL,49,26,10,268.60,2686.00
8372,8373,2023051001003940,SMHL,38,43,10,380.40,3804.00
8373,8374,2023051005000817,NRIC,58,58,10,678.00,6780.00
8374,8375,2023051001003939,NIMB,34,43,61,180.20,10992.20
8375,8376,2023051004001898,SGIC,45,3,10,432.00,4320.00
8376,8377,2023051001003938,SMJC,42,49,10,243.20,2432.00
8377,8378,2023051003001073,SJLIC,42,49,9,406.70,3660.30
8378,8379,2023051005000816,NRIC,42,42,11,672.10,7393.10
8379,8380,2023051005000815,NTC,42,5,10,794.00,7940.00
8380,8381,2023051004001897,UPPER,34,14,40,408.10,16324.00
8381,8382,2023051001003937,JALPA,33,38,10,1585.30,15853.00
8382,8383,2023051001003936,JALPA,38,38,10,1586.00,15860.00
8383,8384,2023051001003935,JALPA,49,38,10,1588.00,15880.00
8384,8385,2023051001003934,PHCL,39,3,10,305.70,3057.00
8385,8386,2023051001003933,SAHAS,43,42,10,492.10,4921.00
8386,8387,2023051001003932,PHCL,58,49,10,306.00,3060.00
8387,8388,2023051004001896,RHPL,34,3,40,273.10,10924.00
8388,8389,2023051001003931,SMH,4,49,10,530.50,5305.00
8389,8390,2023051005000814,NTC,38,58,10,794.00,7940.00
8390,8391,2023051001003930,PRVU,38,38,1,162.00,162.00
8391,8392,2023051003001072,SHINE,43,7,532,315.20,167686.40
8392,8393,2023051003001071,SHINE,49,7,100,315.30,31530.00
8393,8394,2023051003001070,GUFL,14,14,1000,476.00,476000.00
8394,8395,2023051001003929,NESDO,5,58,10,2028.00,20280.00
8395,8396,2023051001003928,NESDO,5,43,10,2025.00,20250.00
8396,8397,2023051001003927,NESDO,5,55,10,2024.00,20240.00
8397,8398,2023051004001895,SPIL,36,58,1000,575.00,575000.00
8398,8399,2023051005000813,NIFRA,22,42,10,205.10,2051.00
8399,8400,2023051004001894,HDHPC,16,49,35,161.40,5649.00
8400,8401,2023051003001069,GUFL,14,14,1000,476.00,476000.00
8401,8402,2023051001003926,MAKAR,38,21,10,249.00,2490.00
8402,8403,2023051001003925,SMJC,22,7,10,243.50,2435.00
8403,8404,2023051001003924,BHL,34,45,140,282.10,39494.00
8404,8405,2023051001003923,PHCL,39,3,10,305.70,3057.00
8405,8406,2023051003001068,GBBL,26,42,29,353.00,10237.00
8406,8407,2023051001003922,NYADI,7,49,10,275.00,2750.00
8407,8408,2023051001003921,NYADI,7,58,10,273.60,2736.00
8408,8409,2023051001003920,NYADI,7,58,10,273.00,2730.00
8409,8410,2023051001003919,NYADI,7,49,10,271.00,2710.00
8410,8411,2023051004001893,HDHPC,58,49,30,161.40,4842.00
8411,8412,2023051001003918,NABIL,58,22,429,593.00,254397.00
8412,8413,2023051001003917,KLBS,4,7,10,858.10,8581.00
8413,8414,2023051001003916,MHCL,53,43,10,214.60,2146.00
8414,8415,2023051001003915,MHCL,53,47,10,214.60,2146.00
8415,8416,2023051001003914,SPL,38,16,10,512.10,5121.00
8416,8417,2023051001003913,TAMOR,5,16,10,269.00,2690.00
8417,8418,2023051001003912,KDL,48,14,10,712.00,7120.00
8418,8419,2023051004001892,SPIL,36,58,377,575.00,216775.00
8419,8420,2023051001003911,TAMOR,49,45,10,268.20,2682.00
8420,8421,2023051005000812,SFEF,25,58,100,7.82,782.00
8421,8422,2023051003001067,SHINE,14,45,10,315.90,3159.00
8422,8423,2023051003001066,SLBBL,20,26,40,550.00,22000.00
8423,8424,2023051001003910,KDL,48,43,10,712.00,7120.00
8424,8425,2023051001003909,SHLB,28,21,10,1097.60,10976.00
8425,8426,2023051005000811,CMF2,10,10,125,7.71,963.75
8426,8427,2023051003001065,SKBBL,34,16,18,820.00,14760.00
8427,8428,2023051001003908,MBL,4,5,10,228.40,2284.00
8428,8429,2023051003001064,GBBL,14,14,1310,353.10,462561.00
8429,8430,2023051004001891,MEN,4,3,10,740.00,7400.00
8430,8431,2023051001003907,TAMOR,49,55,40,268.20,10728.00
8431,8432,2023051004001890,UPCL,33,34,100,222.10,22210.00
8432,8433,2023051001003906,SGHC,45,38,10,288.10,2881.00
8433,8434,2023051001003905,NMB,17,55,40,234.00,9360.00
8434,8435,2023051001003904,KBL,48,20,335,164.90,55241.50
8435,8436,2023051001003903,KBL,48,34,165,164.90,27208.50
8436,8437,2023051001003902,MAKAR,38,43,10,249.00,2490.00
8437,8438,2023051003001063,ICFC,42,49,38,403.00,15314.00
8438,8439,2023051001003901,SCB,17,54,200,525.00,105000.00
8439,8440,2023051004001889,NGPL,43,28,42,235.20,9878.40
8440,8441,2023051004001888,NGPL,25,28,100,235.20,23520.00
8441,8442,2023051004001887,NGPL,48,28,400,235.30,94120.00
8442,8443,2023051004001886,NGPL,49,28,25,235.40,5885.00
8443,8444,2023051004001885,NGPL,14,28,50,235.40,11770.00
8444,8445,2023051004001884,NGPL,48,28,340,235.40,80036.00
8445,8446,2023051004001883,NGPL,52,28,43,235.50,10126.50
8446,8447,2023051001003900,AHL,49,17,10,340.00,3400.00
8447,8448,2023051001003899,MKHC,43,49,10,242.10,2421.00
8448,8449,2023051001003898,MHCL,7,49,10,215.10,2151.00
8449,8450,2023051001003897,PPL,56,38,10,255.80,2558.00
8450,8451,2023051001003896,MAKAR,38,36,10,249.00,2490.00
8451,8452,2023051004001882,LEC,37,3,30,240.30,7209.00
8452,8453,2023051001003895,ULBSL,45,58,10,1300.00,13000.00
8453,8454,2023051001003894,UHEWA,26,51,10,369.00,3690.00
8454,8455,2023051001003893,DORDI,7,40,170,270.00,45900.00
8455,8456,2023051003001062,ILBS,26,7,16,572.00,9152.00
8456,8457,2023051001003892,SMHL,59,21,10,381.00,3810.00
8457,8458,2023051003001061,GRDBL,39,35,12,245.00,2940.00
8458,8459,2023051004001881,HDHPC,17,49,50,161.40,8070.00
8459,8460,2023051001003891,MBJC,42,33,10,273.30,2733.00
8460,8461,2023051001003890,TAMOR,49,56,10,268.20,2682.00
8461,8462,2023051001003889,SANIMA,17,43,38,242.00,9196.00
8462,8463,2023051004001880,RIDI,45,58,15,277.00,4155.00
8463,8464,2023051001003888,SMJC,42,55,30,243.20,7296.00
8464,8465,2023051001003887,NABIL,50,57,25,594.00,14850.00
8465,8466,2023051001003886,MBL,4,5,50,228.40,11420.00
8466,8467,2023051001003885,PRVU,4,53,100,165.00,16500.00
8467,8468,2023051001003884,PHCL,39,56,10,305.70,3057.00
8468,8469,2023051001003883,SBI,22,17,10,327.50,3275.00
8469,8470,2023051001003882,NIBLGF,58,58,100,7.86,786.00
8470,8471,2023051001003881,CZBIL,5,7,16,168.20,2691.20
8471,8472,2023051001003880,CZBIL,20,7,100,168.20,16820.00
8472,8473,2023051001003879,SIKLES,13,41,10,398.00,3980.00
8473,8474,2023051001003878,SBI,4,17,22,327.50,7205.00
8474,8475,2023051003001060,NABBC,8,17,30,370.10,11103.00
8475,8476,2023051001003877,SMHL,38,59,10,380.40,3804.00
8476,8477,2023051001003876,MBL,4,58,20,228.40,4568.00
8477,8478,2023051001003875,SBL,17,20,20,245.00,4900.00
8478,8479,2023051001003874,NIMB,34,45,106,180.20,19101.20
8479,8480,2023051001003873,NIMB,52,45,70,180.20,12614.00
8480,8481,2023051001003872,NIMB,16,45,24,180.30,4327.20
8481,8482,2023051001003871,MBJC,42,56,10,273.30,2733.00
8482,8483,2023051001003870,JBLB,19,38,7,1370.00,9590.00
8483,8484,2023051005000810,HIDCL,42,40,115,178.00,20470.00
8484,8485,2023051005000809,HIDCL,22,40,28,178.00,4984.00
8485,8486,2023051005000808,HIDCL,41,40,10,178.00,1780.00
8486,8487,2023051005000807,HIDCL,25,40,300,178.00,53400.00
8487,8488,2023051001003869,EHPL,45,56,10,343.30,3433.00
8488,8489,2023051001003868,JBLB,45,34,60,1397.00,83820.00
8489,8490,2023051001003867,PRVU,45,17,97,165.10,16014.70
8490,8491,2023051003001059,MLBSL,43,58,26,1800.00,46800.00
8491,8492,2023051001003866,TAMOR,5,55,10,269.00,2690.00
8492,8493,2023051001003865,TAMOR,5,6,10,269.00,2690.00
8493,8494,2023051001003864,TAMOR,5,58,10,269.00,2690.00
8494,8495,2023051001003863,TAMOR,5,58,10,269.00,2690.00
8495,8496,2023051001003862,DORDI,7,58,10,270.00,2700.00
8496,8497,2023051004001879,RADHI,55,58,120,234.00,28080.00
8497,8498,2023051001003861,MHCL,7,55,30,215.10,6453.00
8498,8499,2023051001003860,CZBIL,1,7,500,168.30,84150.00
8499,8500,2023051001003859,KDL,48,14,10,712.00,7120.00
8500,8501,2023051001003858,MBL,4,28,10,228.40,2284.00
8501,8502,2023051001003857,PHCL,39,38,10,305.70,3057.00
8502,8503,2023051001003856,KBL,47,34,10,164.90,1649.00
8503,8504,2023051001003855,KDL,5,34,100,713.00,71300.00
8504,8505,2023051004001878,HDHPC,42,49,20,161.40,3228.00
8505,8506,2023051001003854,SAHAS,43,56,10,492.10,4921.00
8506,8507,2023051001003853,SMHL,38,49,10,380.40,3804.00
8507,8508,2023051001003852,JBLB,43,34,50,1397.10,69855.00
8508,8509,2023051001003851,PHCL,39,56,10,305.70,3057.00
8509,8510,2023051001003850,SMJC,29,29,100,243.30,24330.00
8510,8511,2023051001003849,SMJC,57,29,50,244.00,12200.00
8511,8512,2023051001003848,SMJC,49,29,10,244.00,2440.00
8512,8513,2023051003001058,PLI,58,49,10,403.00,4030.00
8513,8514,2023051001003847,NIMB,16,7,176,180.30,31732.80
8514,8515,2023051001003846,NIMB,19,7,130,180.40,23452.00
8515,8516,2023051001003845,GVL,55,56,10,395.00,3950.00
8516,8517,2023051001003844,MAKAR,41,55,10,249.00,2490.00
8517,8518,2023051001003843,SMH,4,25,50,530.50,26525.00
8518,8519,2023051001003842,PHCL,26,52,10,305.80,3058.00
8519,8520,2023051004001877,GHL,55,58,22,219.00,4818.00
8520,8521,2023051003001057,MLBL,38,22,70,296.20,20734.00
8521,8522,2023051001003841,NIMB,19,10,70,180.40,12628.00
8522,8523,2023051001003840,NIMB,22,10,60,180.40,10824.00
8523,8524,2023051005000806,HIDCL,22,33,92,178.10,16385.20
8524,8525,2023051005000805,HIDCL,34,33,41,178.10,7302.10
8525,8526,2023051001003839,SMJC,57,57,10,244.30,2443.00
8526,8527,2023051001003838,ADBL,35,44,13,233.00,3029.00
8527,8528,2023051001003837,TAMOR,21,56,10,268.30,2683.00
8528,8529,2023051004001876,UMHL,57,28,850,222.10,188785.00
8529,8530,2023051004001875,UMHL,21,28,100,222.20,22220.00
8530,8531,2023051004001874,UMHL,51,28,50,223.00,11150.00
8531,8532,2023051001003836,RFPL,35,56,10,246.10,2461.00
8532,8533,2023051003001056,RLFL,5,5,100,280.00,28000.00
8533,8534,2023051003001055,RLFL,44,5,30,280.00,8400.00
8534,8535,2023051001003835,AHL,33,58,10,342.00,3420.00
8535,8536,2023051001003834,AHL,33,38,10,341.00,3410.00
8536,8537,2023051001003833,KBL,59,58,23,164.30,3778.90
8537,8538,2023051001003832,KBL,13,58,27,164.30,4436.10
8538,8539,2023051004001873,SPIL,36,41,100,575.00,57500.00
8539,8540,2023051004001872,SPIL,36,58,500,575.00,287500.00
8540,8541,2023051003001054,NLICL,34,38,100,573.00,57300.00
8541,8542,2023051004001871,AKPL,22,14,10,359.00,3590.00
8542,8543,2023051001003831,RFPL,35,49,10,246.10,2461.00
8543,8544,2023051001003830,PRVU,4,26,359,165.00,59235.00
8544,8545,2023051001003829,PRVU,33,26,273,165.00,45045.00
8545,8546,2023051001003828,PRVU,4,26,500,165.10,82550.00
8546,8547,2023051001003827,PRVU,45,26,238,165.10,39293.80
8547,8548,2023051001003826,NIBLGF,34,35,300,7.98,2394.00
8548,8549,2023051001003825,BHL,34,56,10,282.10,2821.00
8549,8550,2023051001003824,CZBIL,25,48,22,168.50,3707.00
8550,8551,2023051004001870,CHL,47,16,10,273.00,2730.00
8551,8552,2023051004001869,UPPER,34,50,48,408.10,19588.80
8552,8553,2023051001003823,NBL,17,47,24,248.00,5952.00
8553,8554,2023051001003822,MAKAR,41,35,10,249.00,2490.00
8554,8555,2023051001003821,SBL,36,7,500,245.00,122500.00
8555,8556,2023051001003820,SBL,17,7,500,245.00,122500.00
8556,8557,2023051001003819,SBL,49,7,37,245.00,9065.00
8557,8558,2023051001003818,MAKAR,34,58,10,249.10,2491.00
8558,8559,2023051004001868,SPDL,41,59,20,270.00,5400.00
8559,8560,2023051005000804,NIFRA,22,49,54,205.10,11075.40
8560,8561,2023051001003817,CZBIL,45,48,50,168.50,8425.00
8561,8562,2023051001003816,CZBIL,41,48,100,168.50,16850.00
8562,8563,2023051001003815,CZBIL,13,48,1000,168.50,168500.00
8563,8564,2023051001003814,CZBIL,6,48,10,168.50,1685.00
8564,8565,2023051001003813,CZBIL,6,48,500,168.50,84250.00
8565,8566,2023051001003812,HDL,45,36,20,1892.00,37840.00
8566,8567,2023051001003811,AVYAN,13,56,10,568.10,5681.00
8567,8568,2023051001003810,SPL,20,38,10,512.20,5122.00
8568,8569,2023051001003809,NBL,49,59,50,249.00,12450.00
8569,8570,2023051001003808,PCBL,52,45,26,192.70,5010.20
8570,8571,2023051001003807,PCBL,7,45,20,192.80,3856.00
8571,8572,2023051001003806,PCBL,16,45,10,192.80,1928.00
8572,8573,2023051001003805,GVL,55,49,10,395.00,3950.00
8573,8574,2023051004001867,GHL,47,58,31,219.00,6789.00
8574,8575,2023051004001866,AHPC,55,29,69,276.10,19050.90
8575,8576,2023051001003804,NMB,17,43,460,233.90,107594.00
8576,8577,2023051003001053,PLI,58,49,10,403.00,4030.00
8577,8578,2023051001003803,KBL,47,34,10,164.90,1649.00
8578,8579,2023051001003802,SHIVM,4,8,55,402.00,22110.00
8579,8580,2023051004001865,NGPL,22,58,68,236.00,16048.00
8580,8581,2023051004001864,NGPL,52,58,27,236.00,6372.00
8581,8582,2023051001003801,PHCL,39,58,10,305.70,3057.00
8582,8583,2023051003001052,MFIL,50,49,100,419.00,41900.00
8583,8584,2023051001003800,ADLB,58,43,30,1290.00,38700.00
8584,8585,2023051005000803,HIDCL,34,34,10,178.10,1781.00
8585,8586,2023051003001051,CORBL,57,35,25,287.20,7180.00
8586,8587,2023051003001050,USLB,44,38,10,693.00,6930.00
8587,8588,2023051001003799,PHCL,39,57,10,305.70,3057.00
8588,8589,2023051001003798,USHEC,42,56,10,285.00,2850.00
8589,8590,2023051001003797,AHL,45,58,10,340.10,3401.00
8590,8591,2023051001003796,MBJC,57,55,10,274.00,2740.00
8591,8592,2023051001003795,NBL,17,17,46,248.00,11408.00
8592,8593,2023051001003794,NBL,38,17,40,248.00,9920.00
8593,8594,2023051001003793,NBL,29,17,200,248.00,49600.00
8594,8595,2023051001003792,NBL,58,17,60,248.00,14880.00
8595,8596,2023051001003791,NBL,33,17,10,248.00,2480.00
8596,8597,2023051001003790,NBL,38,17,50,248.00,12400.00
8597,8598,2023051001003789,NBL,1,17,200,248.00,49600.00
8598,8599,2023051001003788,NBL,42,17,200,248.00,49600.00
8599,8600,2023051001003787,NBL,25,17,10,248.00,2480.00
8600,8601,2023051001003786,NBL,34,17,184,248.00,45632.00
8601,8602,2023051003001049,JSLBB,58,48,50,891.50,44575.00
8602,8603,2023051003001048,JSLBB,58,39,100,891.50,89150.00
8603,8604,2023051003001047,JSLBB,58,17,10,891.00,8910.00
8604,8605,2023051001003785,TAMOR,49,56,10,268.20,2682.00
8605,8606,2023051004001863,AHPC,44,29,131,276.10,36169.10
8606,8607,2023051004001862,HDHPC,33,45,30,161.50,4845.00
8607,8608,2023051004001861,HDHPC,33,49,370,161.40,59718.00
8608,8609,2023051004001860,AKPL,33,53,80,359.90,28792.00
8609,8610,2023051005000802,NIFRA,22,49,21,205.10,4307.10
8610,8611,2023051005000801,NIFRA,43,49,33,205.10,6768.30
8611,8612,2023051001003784,SIKLES,13,56,10,398.00,3980.00
8612,8613,2023051003001046,BFC,58,48,10,298.00,2980.00
8613,8614,2023051001003783,DORDI,7,49,20,270.00,5400.00
8614,8615,2023051001003782,NMB,58,43,20,233.90,4678.00
8615,8616,2023051001003781,SMJC,57,45,10,244.30,2443.00
8616,8617,2023051004001859,CHL,25,56,50,269.00,13450.00
8617,8618,2023051001003780,PPL,56,56,10,255.80,2558.00
8618,8619,2023051001003779,NABIL,36,44,50,593.00,29650.00
8619,8620,2023051001003778,PRVU,14,17,10,165.90,1659.00
8620,8621,2023051001003777,SMJC,57,47,10,244.30,2443.00
8621,8622,2023051001003776,MAKAR,41,56,10,249.00,2490.00
8622,8623,2023051001003775,NABIL,41,17,14,592.50,8295.00
8623,8624,2023051001003774,NABIL,22,17,11,592.50,6517.50
8624,8625,2023051001003773,NABIL,56,17,50,592.50,29625.00
8625,8626,2023051001003772,NABIL,54,17,25,592.60,14815.00
8626,8627,2023051003001045,RMDC,57,44,18,676.00,12168.00
8627,8628,2023051001003771,KDL,33,25,50,713.00,35650.00
8628,8629,2023051001003770,AVYAN,13,4,10,568.10,5681.00
8629,8630,2023051003001044,NICLBSL,39,56,10,538.50,5385.00
8630,8631,2023051004001858,API,33,44,728,228.10,166056.80
8631,8632,2023051004001857,API,53,44,55,228.20,12551.00
8632,8633,2023051001003769,JALPA,55,56,10,1600.00,16000.00
8633,8634,2023051005000800,CHDC,34,45,10,720.00,7200.00
8634,8635,2023051003001043,CBBL,43,58,16,780.00,12480.00
8635,8636,2023051001003768,NYADI,58,16,10,269.00,2690.00
8636,8637,2023051001003767,HBL,34,35,38,217.00,8246.00
8637,8638,2023051001003766,PHCL,39,45,10,305.70,3057.00
8638,8639,2023051001003765,CZBIL,1,48,656,168.60,110601.60
8639,8640,2023051003001042,CLBSL,35,55,8,532.00,4256.00
8640,8641,2023051001003764,USHEC,42,14,10,285.00,2850.00
8641,8642,2023051004001856,HDHPC,33,49,100,161.40,16140.00
8642,8643,2023051004001855,API,38,44,13,229.00,2977.00
8643,8644,2023051001003763,HHL,47,35,10,255.00,2550.00
8644,8645,2023051001003762,SMJC,57,54,10,244.30,2443.00
8645,8646,2023051004001854,NHPC,50,14,556,205.00,113980.00
8646,8647,2023051004001853,NHPC,50,44,200,205.00,41000.00
8647,8648,2023051004001852,NHPC,50,52,59,204.50,12065.50
8648,8649,2023051003001041,NFS,52,50,50,267.00,13350.00
8649,8650,2023051003001040,KSBBL,22,45,110,293.60,32296.00
8650,8651,2023051003001039,NLBBL,19,17,10,548.10,5481.00
8651,8652,2023051001003761,HHL,47,41,100,255.00,25500.00
8652,8653,2023051001003760,HHL,47,58,10,255.00,2550.00
8653,8654,2023051001003759,HHL,47,38,10,255.00,2550.00
8654,8655,2023051001003758,TAMOR,22,56,10,268.30,2683.00
8655,8656,2023051003001038,CORBL,57,58,22,287.20,6318.40
8656,8657,2023051003001037,CORBL,57,58,100,287.20,28720.00
8657,8658,2023051003001036,CORBL,49,58,431,287.20,123783.20
8658,8659,2023051001003757,TAMOR,7,42,10,268.30,2683.00
8659,8660,2023051001003756,NABIL,54,44,75,592.60,44445.00
8660,8661,2023051004001851,HDHPC,34,58,145,161.00,23345.00
8661,8662,2023051001003755,HDL,57,17,15,1893.00,28395.00
8662,8663,2023051001003754,SMJC,57,56,10,244.30,2443.00
8663,8664,2023051001003753,PRVU,45,35,12,165.10,1981.20
8664,8665,2023051001003752,TAMOR,7,19,10,268.30,2683.00
8665,8666,2023051001003751,LBL,56,50,11,182.00,2002.00
8666,8667,2023051001003750,HBL,34,44,1000,217.00,217000.00
8667,8668,2023051001003749,SMHL,36,45,10,380.30,3803.00
8668,8669,2023051005000799,NIFRA,43,28,20,205.10,4102.00
8669,8670,2023051001003748,UNLB,13,29,10,1510.90,15109.00
8670,8671,2023051001003747,UNLB,21,29,10,1511.00,15110.00
8671,8672,2023051001003746,UNLB,13,29,10,1511.20,15112.00
8672,8673,2023051003001035,SWMF,45,33,16,555.00,8880.00
8673,8674,2023051004001850,SPIL,50,56,27,573.00,15471.00
8674,8675,2023051001003745,CZBIL,6,7,40,169.00,6760.00
8675,8676,2023051001003744,KDL,17,16,10,713.00,7130.00
8676,8677,2023051001003743,SMJC,32,35,10,244.30,2443.00
8677,8678,2023051003001034,CBBL,57,58,40,780.00,31200.00
8678,8679,2023051004001849,SHEL,43,56,10,276.00,2760.00
8679,8680,2023051003001033,CBBL,57,58,130,780.00,101400.00
8680,8681,2023051001003742,NABIL,32,44,20,593.00,11860.00
8681,8682,2023051001003741,SAHAS,34,38,10,492.00,4920.00
8682,8683,2023051001003740,PRVU,38,17,10,165.90,1659.00
8683,8684,2023051001003739,MAKAR,41,58,10,249.00,2490.00
8684,8685,2023051004001848,HDHPC,34,44,70,161.00,11270.00
8685,8686,2023051004001847,HDHPC,45,44,200,161.00,32200.00
8686,8687,2023051001003738,NICA,53,58,500,711.00,355500.00
8687,8688,2023051001003737,MHCL,7,58,10,215.10,2151.00
8688,8689,2023051001003736,SMH,29,52,10,530.40,5304.00
8689,8690,2023051004001846,OHL,25,38,10,571.00,5710.00
8690,8691,2023051004001845,HDHPC,46,44,230,161.30,37099.00
8691,8692,2023051001003735,PHCL,39,56,10,305.70,3057.00
8692,8693,2023051003001032,GBLBS,58,33,15,435.00,6525.00
8693,8694,2023051001003734,ADBL,45,55,81,232.00,18792.00
8694,8695,2023051004001844,RIDI,45,49,10,276.00,2760.00
8695,8696,2023051001003733,NIMB,45,7,10,181.00,1810.00
8696,8697,2023051004001843,GLH,47,21,10,259.00,2590.00
8697,8698,2023051001003732,DORDI,7,45,790,270.00,213300.00
8698,8699,2023051001003731,DORDI,7,49,10,269.90,2699.00
8699,8700,2023051001003730,MAKAR,54,8,100,250.00,25000.00
8700,8701,2023051001003729,MAKAR,47,8,450,250.00,112500.00
8701,8702,2023051001003728,MAKAR,25,8,115,250.10,28761.50
8702,8703,2023051001003727,USHEC,42,49,10,285.00,2850.00
8703,8704,2023051003001031,SWMF,49,33,11,555.00,6105.00
8704,8705,2023051004001842,AHPC,44,22,369,276.10,101880.90
8705,8706,2023051004001841,AHPC,26,22,10,276.10,2761.00
8706,8707,2023051004001840,AHPC,48,22,13,276.10,3589.30
8707,8708,2023051001003726,SMJC,5,32,200,244.50,48900.00
8708,8709,2023051003001030,KSBBL,22,48,390,293.60,114504.00
8709,8710,2023051001003725,NIMB,13,7,25,181.00,4525.00
8710,8711,2023051005000798,NIFRA,42,52,256,207.00,52992.00
8711,8712,2023051005000797,NIFRA,42,46,486,207.00,100602.00
8712,8713,2023051005000796,NIFRA,42,46,34,207.00,7038.00
8713,8714,2023051005000795,NIFRA,42,55,52,206.50,10738.00
8714,8715,2023051005000794,NIFRA,42,21,54,206.00,11124.00
8715,8716,2023051005000793,NIFRA,42,58,64,206.00,13184.00
8716,8717,2023051005000792,NIFRA,42,22,54,206.00,11124.00
8717,8718,2023051004001839,GLH,44,38,10,258.30,2583.00
8718,8719,2023051001003724,MAKAR,25,17,10,250.10,2501.00
8719,8720,2023051003001029,RMDC,45,25,50,675.00,33750.00
8720,8721,2023051001003723,SMJC,5,29,30,245.00,7350.00
8721,8722,2023051001003722,MAKAR,25,10,15,250.10,3751.50
8722,8723,2023051001003721,MAKAR,58,10,25,250.10,6252.50
8723,8724,2023051001003720,MAKAR,58,10,100,250.20,25020.00
8724,8725,2023051001003719,MAKAR,21,10,10,250.30,2503.00
8725,8726,2023051001003718,PHCL,26,58,10,306.00,3060.00
8726,8727,2023051003001028,CBBL,58,58,10,780.00,7800.00
8727,8728,2023051003001027,CBBL,58,58,10,780.00,7800.00
8728,8729,2023051003001026,GILB,7,45,20,749.70,14994.00
8729,8730,2023051001003717,SMHL,36,44,10,380.30,3803.00
8730,8731,2023051001003716,PHCL,26,56,10,306.00,3060.00
8731,8732,2023051004001838,HDHPC,46,17,20,161.30,3226.00
8732,8733,2023051001003715,SIKLES,48,49,10,398.10,3981.00
8733,8734,2023051001003714,NESDO,28,58,10,2030.00,20300.00
8734,8735,2023051005000791,NIFRA,43,58,12,205.10,2461.20
8735,8736,2023051005000790,NIFRA,22,58,42,205.20,8618.40
8736,8737,2023051004001837,HDHPC,34,17,80,161.30,12904.00
8737,8738,2023051005000789,LEMF,48,38,6626,8.20,54333.20
8738,8739,2023051005000788,LEMF,48,36,5374,8.20,44066.80
8739,8740,2023051001003713,KBL,13,34,23,164.30,3778.90
8740,8741,2023051001003712,KBL,52,34,10,164.30,1643.00
8741,8742,2023051003001025,ICFC,42,43,11,403.00,4433.00
8742,8743,2023051001003711,DORDI,45,49,10,265.30,2653.00
8743,8744,2023051003001024,NADEP,48,36,90,500.00,45000.00
8744,8745,2023051003001023,NICLBSL,45,58,10,534.00,5340.00
8745,8746,2023051001003710,MBJC,57,34,10,275.00,2750.00
8746,8747,2023051001003709,MBJC,57,58,10,275.00,2750.00
8747,8748,2023051001003708,MBJC,57,36,10,275.00,2750.00
8748,8749,2023051001003707,MBJC,57,34,30,275.00,8250.00
8749,8750,2023051003001022,SKBBL,38,35,81,820.00,66420.00
8750,8751,2023051003001021,SKBBL,38,6,50,820.00,41000.00
8751,8752,2023051003001020,SKBBL,38,7,10,820.00,8200.00
8752,8753,2023051003001019,SKBBL,38,16,500,819.00,409500.00
8753,8754,2023051003001018,SKBBL,38,53,25,819.00,20475.00
8754,8755,2023051003001017,SKBBL,38,59,20,819.00,16380.00
8755,8756,2023051003001016,SKBBL,38,6,40,818.90,32756.00
8756,8757,2023051001003706,SGHC,45,38,10,288.10,2881.00
8757,8758,2023051001003705,SMJC,5,52,10,245.00,2450.00
8758,8759,2023051001003704,NESDO,45,58,10,2005.00,20050.00
8759,8760,2023051003001015,SDLBSL,35,55,5,609.60,3048.00
8760,8761,2023051004001836,NIL,21,48,10,725.00,7250.00
8761,8762,2023051004001835,MHNL,35,11,40,264.00,10560.00
8762,8763,2023051001003703,EBL,48,57,121,527.00,63767.00
8763,8764,2023051001003702,MHL,58,56,10,327.10,3271.00
8764,8765,2023051001003701,MHL,58,58,10,327.10,3271.00
8765,8766,2023051001003700,MAKAR,21,35,10,250.30,2503.00
8766,8767,2023051001003699,USHEC,26,34,10,287.00,2870.00
8767,8768,2023051001003698,HDL,53,10,36,1897.00,68292.00
8768,8769,2023051001003697,HDL,53,49,14,1896.00,26544.00
8769,8770,2023051001003696,KDL,17,58,10,713.00,7130.00
8770,8771,2023051001003695,JBLB,45,55,17,1397.00,23749.00
8771,8772,2023051004001834,UMHL,58,29,50,224.50,11225.00
8772,8773,2023051001003694,NABIL,8,28,10,592.70,5927.00
8773,8774,2023051001003693,NABIL,49,28,490,592.70,290423.00
8774,8775,2023051001003692,HDL,49,49,10,1896.00,18960.00
8775,8776,2023051004001833,GLH,44,58,10,258.30,2583.00
8776,8777,2023051001003691,LBL,34,50,421,182.00,76622.00
8777,8778,2023051001003690,NABIL,57,44,20,593.00,11860.00
8778,8779,2023051001003689,MAKAR,21,46,10,250.30,2503.00
8779,8780,2023051001003688,TAMOR,7,49,10,268.30,2683.00
8780,8781,2023051001003687,HHL,58,56,10,250.10,2501.00
8781,8782,2023051001003686,GBIME,41,57,1137,183.00,208071.00
8782,8783,2023051001003685,TAMOR,7,48,10,268.30,2683.00
8783,8784,2023051001003684,TAMOR,7,52,10,268.30,2683.00
8784,8785,2023051001003683,SMJC,5,58,10,245.00,2450.00
8785,8786,2023051001003682,NBL,13,59,20,249.00,4980.00
8786,8787,2023051001003681,BHL,35,49,10,282.20,2822.00
8787,8788,2023051001003680,KDL,17,16,10,713.00,7130.00
8788,8789,2023051001003679,SMH,29,48,10,530.40,5304.00
8789,8790,2023051004001832,CHCL,17,58,41,465.00,19065.00
8790,8791,2023051001003678,PRVU,45,35,20,165.50,3310.00
8791,8792,2023051001003677,HDL,53,11,60,1896.00,113760.00
8792,8793,2023051001003676,DORDI,7,45,210,270.00,56700.00
8793,8794,2023051001003675,DORDI,7,19,10,270.00,2700.00
8794,8795,2023051001003674,DORDI,7,11,10,270.00,2700.00
8795,8796,2023051001003673,DORDI,7,4,300,270.00,81000.00
8796,8797,2023051001003672,DORDI,7,8,10,270.00,2700.00
8797,8798,2023051001003671,DORDI,7,38,100,269.90,26990.00
8798,8799,2023051001003670,DORDI,7,54,10,268.00,2680.00
8799,8800,2023051001003669,DORDI,7,17,200,268.00,53600.00
8800,8801,2023051001003668,DORDI,7,45,90,267.00,24030.00
8801,8802,2023051001003667,DORDI,7,44,10,267.00,2670.00
8802,8803,2023051001003666,DORDI,7,34,10,267.00,2670.00
8803,8804,2023051001003665,DORDI,7,34,10,266.00,2660.00
8804,8805,2023051001003664,SMHL,36,46,10,380.30,3803.00
8805,8806,2023051001003663,NABIL,49,34,10,592.70,5927.00
8806,8807,2023051003001014,SJLIC,35,41,444,415.00,184260.00
8807,8808,2023051003001013,PLI,58,58,10,403.00,4030.00
8808,8809,2023051003001012,MLBL,35,22,100,297.00,29700.00
8809,8810,2023051003001011,MLBL,46,22,16,297.00,4752.00
8810,8811,2023051001003662,RHGCL,25,49,10,251.50,2515.00
8811,8812,2023051001003661,NESDO,28,43,10,2032.00,20320.00
8812,8813,2023051003001010,GUFL,6,3,90,475.00,42750.00
8813,8814,2023051001003660,PHCL,26,58,10,306.00,3060.00
8814,8815,2023051003001009,MNBBL,13,37,88,384.00,33792.00
8815,8816,2023051003001008,MNBBL,48,37,73,384.00,28032.00
8816,8817,2023051003001007,MNBBL,45,37,26,384.00,9984.00
8817,8818,2023051003001006,MNBBL,43,37,20,384.00,7680.00
8818,8819,2023051003001005,MNBBL,48,37,10,384.60,3846.00
8819,8820,2023051005000787,SFEF,25,45,100,7.82,782.00
8820,8821,2023051001003659,PHCL,26,46,10,306.00,3060.00
8821,8822,2023051005000786,NIFRA,22,58,54,205.20,11080.80
8822,8823,2023051004001831,RADHI,55,5,260,234.00,60840.00
8823,8824,2023051003001004,NICLBSL,45,58,10,534.00,5340.00
8824,8825,2023051003001003,SWBBL,58,34,10,719.00,7190.00
8825,8826,2023051001003658,KDL,5,48,10,713.00,7130.00
8826,8827,2023051003001002,NADEP,48,36,30,500.00,15000.00
8827,8828,2023051001003657,SBL,49,4,15,245.00,3675.00
8828,8829,2023051001003656,NESDO,45,59,10,2005.00,20050.00
8829,8830,2023051001003655,MAKAR,21,58,10,250.30,2503.00
8830,8831,2023051005000785,SAGF,40,45,100,7.86,786.00
8831,8832,2023051001003654,MHCL,7,16,10,215.10,2151.00
8832,8833,2023051004001830,SHL,25,38,200,262.00,52400.00
8833,8834,2023051004001829,RADHI,57,5,200,234.00,46800.00
8834,8835,2023051003001001,NLICL,34,44,500,573.00,286500.00
8835,8836,2023051001003653,MKLB,41,45,30,611.00,18330.00
8836,8837,2023051001003652,TAMOR,7,29,10,268.30,2683.00
8837,8838,2023051003001000,ILBS,39,58,16,572.00,9152.00
8838,8839,2023051004001828,SHPC,41,48,10,325.00,3250.00
8839,8840,2023051003000999,RSDC,6,5,201,475.00,95475.00
8840,8841,2023051001003651,MAKAR,21,42,10,250.30,2503.00
8841,8842,2023051001003650,LBL,34,50,79,181.00,14299.00
8842,8843,2023051001003649,UHEWA,26,46,10,369.00,3690.00
8843,8844,2023051004001827,HDHPC,58,49,10,161.40,1614.00
8844,8845,2023051003000998,SWBBL,58,32,10,703.00,7030.00
8845,8846,2023051001003648,PPL,48,34,10,256.00,2560.00
8846,8847,2023051001003647,SAHAS,34,17,10,492.00,4920.00
8847,8848,2023051001003646,SAHAS,34,45,10,492.00,4920.00
8848,8849,2023051001003645,NABIL,57,44,10,593.00,5930.00
8849,8850,2023051001003644,SAHAS,43,49,10,490.10,4901.00
8850,8851,2023051004001826,KPCL,5,17,111,365.00,40515.00
8851,8852,2023051005000784,NICFC,49,45,100,7.67,767.00
8852,8853,2023051001003643,SMJC,38,46,10,245.10,2451.00
8853,8854,2023051001003642,NMB,40,43,10,233.90,2339.00
8854,8855,2023051003000997,NLICL,34,44,293,573.00,167889.00
8855,8856,2023051001003641,MAKAR,21,35,10,250.30,2503.00
8856,8857,2023051003000996,MNBBL,1,10,205,385.00,78925.00
8857,8858,2023051001003640,SMHL,36,1,10,380.30,3803.00
8858,8859,2023051001003639,SANIMA,17,49,90,241.50,21735.00
8859,8860,2023051001003638,SANIMA,16,49,10,241.60,2416.00
8860,8861,2023051001003637,KDL,5,16,10,713.00,7130.00
8861,8862,2023051001003636,NABIL,49,6,20,593.00,11860.00
8862,8863,2023051001003635,GVL,55,35,10,395.00,3950.00
8863,8864,2023051001003634,JBLB,25,35,16,1396.50,22344.00
8864,8865,2023051001003633,GVL,55,13,20,395.00,7900.00
8865,8866,2023051001003632,SMJC,38,29,10,245.10,2451.00
8866,8867,2023051001003631,TAMOR,7,48,10,268.30,2683.00
8867,8868,2023051004001825,GLH,44,49,10,258.30,2583.00
8868,8869,2023051001003630,RULB,22,49,10,630.00,6300.00
8869,8870,2023051003000995,MNBBL,1,58,10,385.00,3850.00
8870,8871,2023051003000994,SADBL,44,43,11,270.00,2970.00
8871,8872,2023051004001824,NGPL,52,42,23,236.00,5428.00
8872,8873,2023051001003629,NABIL,49,6,474,593.00,281082.00
8873,8874,2023051001003628,NABIL,25,6,26,593.00,15418.00
8874,8875,2023051003000993,MNBBL,1,10,35,385.00,13475.00
8875,8876,2023051003000992,MNBBL,48,10,100,385.00,38500.00
8876,8877,2023051003000991,MNBBL,7,10,50,385.00,19250.00
8877,8878,2023051003000990,MNBBL,58,10,51,385.00,19635.00
8878,8879,2023051003000989,MNBBL,13,10,100,385.00,38500.00
8879,8880,2023051003000988,MNBBL,44,10,164,385.00,63140.00
8880,8881,2023051001003627,MKHC,5,49,30,243.00,7290.00
8881,8882,2023051004001823,RIDI,41,45,49,275.00,13475.00
8882,8883,2023051001003626,KDL,5,46,10,713.00,7130.00
8883,8884,2023051001003625,NCCD86,58,45,10,903.20,9032.00
8884,8885,2023051001003624,NCCD86,51,45,40,905.00,36200.00
8885,8886,2023051001003623,SAHAS,42,26,10,491.00,4910.00
8886,8887,2023051001003622,MAKAR,21,51,10,250.30,2503.00
8887,8888,2023051001003621,LBL,42,50,380,181.00,68780.00
8888,8889,2023051001003620,LBL,41,50,50,181.00,9050.00
8889,8890,2023051001003619,LBL,13,50,80,181.00,14480.00
8890,8891,2023051001003618,EBL,45,57,50,528.00,26400.00
8891,8892,2023051005000783,NIFRA,22,55,54,205.20,11080.80
8892,8893,2023051003000987,RSDC,6,7,124,474.00,58776.00
8893,8894,2023051001003617,HDL,53,34,20,1899.00,37980.00
8894,8895,2023051001003616,HDL,53,53,30,1896.00,56880.00
8895,8896,2023051003000986,MFIL,43,44,470,417.00,195990.00
8896,8897,2023051004001822,SHL,7,58,1835,261.00,478935.00
8897,8898,2023051004001821,SHL,34,58,500,261.10,130550.00
8898,8899,2023051004001820,SHL,19,58,900,261.10,234990.00
8899,8900,2023051004001819,SHL,19,58,100,261.20,26120.00
8900,8901,2023051004001818,BPCL,34,29,10,314.00,3140.00
8901,8902,2023051004001817,HDHPC,58,49,300,161.40,48420.00
8902,8903,2023051001003615,SANIMA,7,4,12,242.50,2910.00
8903,8904,2023051003000985,SFCL,57,36,125,263.10,32887.50
8904,8905,2023051001003614,MAKAR,21,52,10,250.30,2503.00
8905,8906,2023051001003613,RFPL,49,49,10,246.00,2460.00
8906,8907,2023051004001816,AKJCL,58,49,20,206.00,4120.00
8907,8908,2023051004001815,NHPC,50,37,150,204.00,30600.00
8908,8909,2023051004001814,NHPC,50,6,90,204.00,18360.00
8909,8910,2023051005000782,NSIF2,29,45,100,7.99,799.00
8910,8911,2023051001003612,MAKAR,21,48,10,250.30,2503.00
8911,8912,2023051001003611,PRVU,45,38,32,165.50,5296.00
8912,8913,2023051001003610,MAKAR,21,57,10,250.30,2503.00
8913,8914,2023051001003609,RHGCL,25,46,10,251.50,2515.00
8914,8915,2023051001003608,SMJC,19,32,100,245.50,24550.00
8915,8916,2023051001003607,TAMOR,59,47,10,268.10,2681.00
8916,8917,2023051001003606,GBBD85,6,35,15,805.00,12075.00
8917,8918,2023051004001813,SPDL,34,59,35,270.00,9450.00
8918,8919,2023051001003605,SRBL,21,17,323,179.00,57817.00
8919,8920,2023051001003604,SRBL,28,17,500,179.00,89500.00
8920,8921,2023051001003603,LBL,35,50,275,181.50,49912.50
8921,8922,2023051001003602,LBL,57,50,26,181.50,4719.00
8922,8923,2023051003000984,PLI,58,17,30,407.00,12210.00
8923,8924,2023051001003601,CZBIL,51,7,20,169.00,3380.00
8924,8925,2023051004001812,SHL,19,48,100,261.20,26120.00
8925,8926,2023051004001811,SHL,14,48,100,261.30,26130.00
8926,8927,2023051001003600,HDL,57,58,10,1893.00,18930.00
8927,8928,2023051003000983,PLI,58,34,10,407.00,4070.00
8928,8929,2023051001003599,NYADI,58,49,10,269.00,2690.00
8929,8930,2023051001003598,MHCL,7,46,10,215.10,2151.00
8930,8931,2023051001003597,MAKAR,21,19,10,250.30,2503.00
8931,8932,2023051004001810,AKJCL,26,49,10,206.00,2060.00
8932,8933,2023051004001809,AKJCL,38,49,35,206.00,7210.00
8933,8934,2023051004001808,AKJCL,1,49,30,206.00,6180.00
8934,8935,2023051003000982,ICFC,45,45,28,406.00,11368.00
8935,8936,2023051001003596,HDL,33,39,41,1893.00,77613.00
8936,8937,2023051001003595,GVL,55,49,300,395.00,118500.00
8937,8938,2023051001003594,TAMOR,59,47,10,268.10,2681.00
8938,8939,2023051004001807,API,38,29,27,229.00,6183.00
8939,8940,2023051004001806,API,43,29,100,229.10,22910.00
8940,8941,2023051001003593,AHL,45,21,10,340.10,3401.00
8941,8942,2023051001003592,HBL,21,34,30,217.80,6534.00
8942,8943,2023051004001805,HDHPC,50,49,200,161.40,32280.00
8943,8944,2023051001003591,TAMOR,59,49,10,268.10,2681.00
8944,8945,2023051001003590,AHL,45,46,10,340.10,3401.00
8945,8946,2023051001003589,GVL,55,49,10,395.00,3950.00
8946,8947,2023051005000781,NTC,42,54,37,790.00,29230.00
8947,8948,2023051005000780,NTC,38,54,40,790.00,31600.00
8948,8949,2023051005000779,NTC,58,54,43,790.00,33970.00
8949,8950,2023051003000981,GUFL,49,6,200,475.00,95000.00
8950,8951,2023051003000980,GUFL,38,6,100,475.00,47500.00
8951,8952,2023051003000979,GUFL,6,6,30,475.00,14250.00
8952,8953,2023051001003588,MAKAR,21,29,10,250.30,2503.00
8953,8954,2023051001003587,HDL,51,10,10,1894.00,18940.00
8954,8955,2023051001003586,HDL,49,10,18,1894.00,34092.00
8955,8956,2023051003000978,PLI,58,57,10,407.00,4070.00
8956,8957,2023051004001804,SHPC,41,11,490,325.00,159250.00
8957,8958,2023051004001803,SHPC,19,11,10,327.00,3270.00
8958,8959,2023051001003585,GBIME,40,17,25,183.70,4592.50
8959,8960,2023051003000977,MFIL,45,44,200,417.00,83400.00
8960,8961,2023051003000976,MFIL,55,44,140,417.10,58394.00
8961,8962,2023051003000975,MFIL,4,44,200,417.20,83440.00
8962,8963,2023051001003584,SPC,47,38,10,413.00,4130.00
8963,8964,2023051001003583,SANIMA,52,4,400,242.50,97000.00
8964,8965,2023051004001802,CHCL,17,22,74,465.00,34410.00
8965,8966,2023051004001801,CHCL,17,58,250,465.00,116250.00
8966,8967,2023051004001800,CHCL,17,4,33,465.00,15345.00
8967,8968,2023051004001799,CHCL,17,32,1075,465.00,499875.00
8968,8969,2023051004001798,CHCL,17,43,40,465.00,18600.00
8969,8970,2023051004001797,CHCL,17,43,32,465.00,14880.00
8970,8971,2023051004001796,CHCL,17,1,440,465.00,204600.00
8971,8972,2023051004001795,CHCL,17,50,350,465.00,162750.00
8972,8973,2023051004001794,CHCL,17,55,100,464.00,46400.00
8973,8974,2023051004001793,CHCL,17,50,400,464.00,185600.00
8974,8975,2023051004001792,CHCL,17,52,20,463.80,9276.00
8975,8976,2023051004001791,CHCL,17,17,145,463.00,67135.00
8976,8977,2023051005000778,NRIC,42,56,85,672.10,57128.50
8977,8978,2023051005000777,NRIC,32,56,15,673.00,10095.00
8978,8979,2023051001003582,SMHL,36,16,10,380.30,3803.00
8979,8980,2023051003000974,NUBL,42,57,35,524.50,18357.50
8980,8981,2023051003000973,SKBBL,34,16,60,818.00,49080.00
8981,8982,2023051001003581,SPL,38,35,10,512.20,5122.00
8982,8983,2023051001003580,LBL,19,50,50,182.50,9125.00
8983,8984,2023051001003579,LBL,58,50,50,182.50,9125.00
8984,8985,2023051001003578,LBL,34,50,10,182.50,1825.00
8985,8986,2023051001003577,PPL,48,46,10,256.00,2560.00
8986,8987,2023051001003576,USHEC,42,58,10,285.00,2850.00
8987,8988,2023051004001790,RIDI,41,16,20,275.00,5500.00
8988,8989,2023051001003575,PHCL,26,4,10,306.00,3060.00
8989,8990,2023051001003574,EBL,33,57,19,528.00,10032.00
8990,8991,2023051004001789,RADHI,58,5,30,234.00,7020.00
8991,8992,2023051004001788,RADHI,14,5,10,234.00,2340.00
8992,8993,2023051001003573,GVL,55,36,10,395.00,3950.00
8993,8994,2023051001003572,GVL,55,53,10,394.00,3940.00
8994,8995,2023051003000972,NUBL,52,57,10,524.60,5246.00
8995,8996,2023051003000971,NUBL,52,57,13,524.60,6819.80
8996,8997,2023051003000970,NUBL,40,57,50,524.60,26230.00
8997,8998,2023051001003571,NMB,17,53,150,233.00,34950.00
8998,8999,2023051001003570,SRBL,28,17,500,180.00,90000.00
8999,9000,2023051001003569,MHCL,25,46,10,216.00,2160.00
9000,9001,2023051004001787,HDHPC,38,49,20,161.40,3228.00
9001,9002,2023051004001786,JOSHI,50,11,500,255.00,127500.00
9002,9003,2023051004001785,DHPL,58,56,25,201.00,5025.00
9003,9004,2023051001003568,SHIVM,7,57,152,401.00,60952.00
9004,9005,2023051003000969,NUBL,25,57,50,524.70,26235.00
9005,9006,2023051004001784,AHPC,46,6,20,278.00,5560.00
9006,9007,2023051004001783,CHCL,56,17,16,463.00,7408.00
9007,9008,2023051004001782,CHCL,56,36,15,462.00,6930.00
9008,9009,2023051001003567,MAKAR,21,46,10,250.30,2503.00
9009,9010,2023051001003566,SCB,49,51,20,525.60,10512.00
9010,9011,2023051001003565,CZBIL,58,7,21,169.00,3549.00
9011,9012,2023051004001781,SICL,45,17,18,707.00,12726.00
9012,9013,2023051004001780,SICL,29,17,250,707.00,176750.00
9013,9014,2023051004001779,SICL,6,17,500,707.10,353550.00
9014,9015,2023051004001778,SICL,50,17,50,707.10,35355.00
9015,9016,2023051004001777,SICL,56,17,40,707.20,28288.00
9016,9017,2023051004001776,SICL,45,17,48,708.00,33984.00
9017,9018,2023051004001775,SICL,26,17,33,708.00,23364.00
9018,9019,2023051004001774,SICL,57,17,61,708.00,43188.00
9019,9020,2023051003000968,MFIL,55,29,360,417.10,150156.00
9020,9021,2023051003000967,MFIL,42,29,100,417.20,41720.00
9021,9022,2023051003000966,MFIL,50,29,40,417.20,16688.00
9022,9023,2023051004001773,NGPL,32,42,200,236.00,47200.00
9023,9024,2023051003000965,NADEP,49,36,325,500.00,162500.00
9024,9025,2023051003000964,SHINE,52,57,230,317.00,72910.00
9025,9026,2023051003000963,SHINE,52,45,20,317.00,6340.00
9026,9027,2023051003000962,MNBBL,44,11,796,385.00,306460.00
9027,9028,2023051003000961,MNBBL,36,11,150,385.50,57825.00
9028,9029,2023051003000960,MNBBL,52,11,54,385.50,20817.00
9029,9030,2023051001003564,SHIVM,7,8,1000,401.50,401500.00
9030,9031,2023051003000959,MNBBL,34,56,15,385.90,5788.50
9031,9032,2023051001003563,AVYAN,58,45,10,568.20,5682.00
9032,9033,2023051003000958,NUBL,57,57,10,525.00,5250.00
9033,9034,2023051003000957,NUBL,41,57,28,525.00,14700.00
9034,9035,2023051004001772,SICL,57,17,39,708.00,27612.00
9035,9036,2023051003000956,ICFC,45,57,50,405.90,20295.00
9036,9037,2023051001003562,MKHC,7,57,10,242.10,2421.00
9037,9038,2023051003000955,ICFC,51,43,15,403.00,6045.00
9038,9039,2023051003000954,ICFC,34,43,380,403.00,153140.00
9039,9040,2023051001003561,SHIVM,7,56,20,401.00,8020.00
9040,9041,2023051001003560,SBL,49,17,448,245.00,109760.00
9041,9042,2023051003000953,CBBL,33,58,10,780.00,7800.00
9042,9043,2023051003000952,SKBBL,11,16,40,818.00,32720.00
9043,9044,2023051003000951,SKBBL,11,6,20,816.90,16338.00
9044,9045,2023051003000950,SKBBL,11,34,46,815.00,37490.00
9045,9046,2023051001003559,JALPA,35,38,10,1588.00,15880.00
9046,9047,2023051005000776,LEMF,48,50,1000,8.05,8050.00
9047,9048,2023051003000949,NMFBS,52,7,20,1163.00,23260.00
9048,9049,2023051001003558,CZBIL,49,7,200,169.00,33800.00
9049,9050,2023051001003557,NMB,40,43,10,233.90,2339.00
9050,9051,2023051005000775,NTC,58,58,17,790.00,13430.00
9051,9052,2023051005000774,NTC,47,58,200,790.00,158000.00
9052,9053,2023051005000773,NTC,47,58,183,790.00,144570.00
9053,9054,2023051003000948,NMFBS,35,58,45,1155.00,51975.00
9054,9055,2023051003000947,NMFBS,16,58,20,1155.10,23102.00
9055,9056,2023051003000946,NMFBS,29,58,14,1156.00,16184.00
9056,9057,2023051004001771,NLG,34,49,35,592.00,20720.00
9057,9058,2023051004001770,UPPER,42,58,30,408.20,12246.00
9058,9059,2023051004001769,UPPER,44,58,200,408.20,81640.00
9059,9060,2023051003000945,CBBL,49,58,480,780.00,374400.00
9060,9061,2023051003000944,CBBL,49,58,20,780.00,15600.00
9061,9062,2023051004001768,HDHPC,17,49,95,161.40,15333.00
9062,9063,2023051004001767,AKJCL,1,56,20,206.00,4120.00
9063,9064,2023051004001766,HDHPC,35,49,1000,161.40,161400.00
9064,9065,2023051001003556,BHPL,17,43,60,434.00,26040.00
9065,9066,2023051001003555,BHPL,17,43,200,435.00,87000.00
9066,9067,2023051001003554,BHPL,17,43,90,436.00,39240.00
9067,9068,2023051001003553,SHIVM,7,8,500,401.00,200500.00
9068,9069,2023051001003552,SHIVM,7,18,150,401.00,60150.00
9069,9070,2023051001003551,SHIVM,7,34,178,401.00,71378.00
9070,9071,2023051005000772,CHDC,34,45,10,720.00,7200.00
9071,9072,2023051001003550,SPC,6,34,420,406.20,170604.00
9072,9073,2023051001003549,SPC,51,34,500,406.30,203150.00
9073,9074,2023051001003548,SPC,21,34,50,407.00,20350.00
9074,9075,2023051001003547,SPC,43,34,30,407.20,12216.00
9075,9076,2023051003000943,SWBBL,34,17,15,690.90,10363.50
9076,9077,2023051003000942,SWBBL,22,17,100,690.90,69090.00
9077,9078,2023051003000941,SWBBL,21,17,28,690.90,19345.20
9078,9079,2023051003000940,SWBBL,28,17,15,691.00,10365.00
9079,9080,2023051003000939,SWBBL,58,17,19,691.00,13129.00
9080,9081,2023051003000938,SWBBL,6,17,100,691.00,69100.00
9081,9082,2023051003000937,SWBBL,59,17,20,691.10,13822.00
9082,9083,2023051003000936,SWBBL,44,17,100,692.00,69200.00
9083,9084,2023051003000935,SWBBL,34,17,100,695.00,69500.00
9084,9085,2023051003000934,SWBBL,45,17,10,695.00,6950.00
9085,9086,2023051003000933,SWBBL,26,17,20,696.00,13920.00
9086,9087,2023051003000932,SWBBL,49,17,500,696.00,348000.00
9087,9088,2023051003000931,SWBBL,59,17,15,697.10,10456.50
9088,9089,2023051003000930,SWBBL,5,17,10,698.00,6980.00
9089,9090,2023051003000929,SWBBL,43,17,15,698.00,10470.00
9090,9091,2023051003000928,SWBBL,16,17,43,700.00,30100.00
9091,9092,2023051003000927,SWBBL,6,17,100,700.00,70000.00
9092,9093,2023051003000926,SWBBL,41,17,10,700.00,7000.00
9093,9094,2023051003000925,SWBBL,3,17,50,700.00,35000.00
9094,9095,2023051003000924,SWBBL,35,17,20,700.00,14000.00
9095,9096,2023051003000923,SWBBL,59,17,30,702.30,21069.00
9096,9097,2023051003000922,SWBBL,55,17,200,702.50,140500.00
9097,9098,2023051003000921,SWBBL,41,17,20,703.00,14060.00
9098,9099,2023051003000920,SWBBL,56,17,10,703.00,7030.00
9099,9100,2023051003000919,SWBBL,58,17,500,703.00,351500.00
9100,9101,2023051003000918,SWBBL,4,17,100,703.00,70300.00
9101,9102,2023051003000917,SWBBL,59,17,20,703.10,14062.00
9102,9103,2023051003000916,SWBBL,52,17,20,703.10,14062.00
9103,9104,2023051003000915,SWBBL,45,17,30,703.20,21096.00
9104,9105,2023051003000914,SWBBL,52,17,25,704.00,17600.00
9105,9106,2023051003000913,SWBBL,45,17,20,704.10,14082.00
9106,9107,2023051003000912,SWBBL,49,17,25,705.00,17625.00
9107,9108,2023051003000911,SWBBL,58,17,10,705.00,7050.00
9108,9109,2023051003000910,SWBBL,53,17,51,705.00,35955.00
9109,9110,2023051003000909,SWBBL,29,17,17,705.20,11988.40
9110,9111,2023051003000908,SWBBL,58,17,20,705.30,14106.00
9111,9112,2023051001003546,SMJC,5,32,150,245.00,36750.00
9112,9113,2023051001003545,SMJC,6,32,100,245.00,24500.00
9113,9114,2023051001003544,SMJC,46,32,50,245.00,12250.00
9114,9115,2023051001003543,SMJC,34,32,50,245.20,12260.00
9115,9116,2023051001003542,SMJC,42,32,1970,245.30,483241.00
9116,9117,2023051001003541,SMJC,29,32,100,245.40,24540.00
9117,9118,2023051001003540,SMJC,45,32,70,245.60,17192.00
9118,9119,2023051001003539,SMJC,57,32,10,246.00,2460.00
9119,9120,2023051003000907,JBBL,6,5,200,256.00,51200.00
9120,9121,2023051001003538,CZBIL,36,7,500,168.60,84300.00
9121,9122,2023051004001765,HDHPC,25,25,180,161.00,28980.00
9122,9123,2023051001003537,CZBIL,52,7,100,168.60,16860.00
9123,9124,2023051001003536,CZBIL,1,7,810,168.60,136566.00
9124,9125,2023051001003535,CZBIL,45,7,200,168.70,33740.00
9125,9126,2023051001003534,CZBIL,25,7,101,168.80,17048.80
9126,9127,2023051001003533,CZBIL,43,7,100,168.80,16880.00
9127,9128,2023051003000906,MNBBL,34,22,25,385.90,9647.50
9128,9129,2023051001003532,SPC,43,34,270,407.20,109944.00
9129,9130,2023051001003531,SPC,51,34,10,407.40,4074.00
9130,9131,2023051001003530,SPC,21,34,10,407.40,4074.00
9131,9132,2023051001003529,SPC,21,34,40,407.50,16300.00
9132,9133,2023051001003528,SPC,21,34,10,407.50,4075.00
9133,9134,2023051001003527,SPC,29,34,160,407.70,65232.00
9134,9135,2023051001003526,GBIME,41,1,245,183.00,44835.00
9135,9136,2023051001003525,MAKAR,21,35,10,250.30,2503.00
9136,9137,2023051001003524,SBL,17,49,44,246.00,10824.00
9137,9138,2023051005000771,GIBF1,41,45,100,7.72,772.00
9138,9139,2023051005000770,NTC,47,17,17,790.00,13430.00
9139,9140,2023051005000769,NTC,43,17,10,790.00,7900.00
9140,9141,2023051005000768,NTC,17,17,110,790.00,86900.00
9141,9142,2023051005000767,NTC,17,17,123,790.00,97170.00
9142,9143,2023051005000766,NTC,57,17,50,790.10,39505.00
9143,9144,2023051005000765,NTC,45,17,30,790.20,23706.00
9144,9145,2023051001003523,SMH,29,40,10,530.20,5302.00
9145,9146,2023051004001764,NGPL,42,42,100,236.00,23600.00
9146,9147,2023051001003522,SPC,29,34,740,407.70,301698.00
9147,9148,2023051001003521,SPC,57,34,20,407.70,8154.00
9148,9149,2023051001003520,SPC,35,34,10,409.00,4090.00
9149,9150,2023051001003519,SPC,21,34,50,409.20,20460.00
9150,9151,2023051001003518,SPC,58,34,80,410.10,32808.00
9151,9152,2023051004001763,AKPL,6,53,10,359.90,3599.00
9152,9153,2023051001003517,HDL,33,53,100,1893.00,189300.00
9153,9154,2023051001003516,HDL,34,53,100,1893.00,189300.00
9154,9155,2023051003000905,MFIL,38,44,100,418.00,41800.00
9155,9156,2023051003000904,MFIL,45,44,25,418.00,10450.00
9156,9157,2023051003000903,MFIL,49,44,50,418.00,20900.00
9157,9158,2023051004001762,RIDI,41,58,50,275.00,13750.00
9158,9159,2023051001003515,RHGCL,26,43,130,251.40,32682.00
9159,9160,2023051001003514,RHGCL,21,43,90,251.50,22635.00
9160,9161,2023051001003513,RHGCL,22,43,30,252.00,7560.00
9161,9162,2023051004001761,SHEL,43,45,10,276.00,2760.00
9162,9163,2023051001003512,PHCL,26,49,10,306.00,3060.00
9163,9164,2023051001003511,NABIL,25,56,11,593.00,6523.00
9164,9165,2023051004001760,SGIC,39,45,20,432.00,8640.00
9165,9166,2023051001003510,DORDI,49,35,10,265.20,2652.00
9166,9167,2023051004001759,UPCL,51,49,73,222.00,16206.00
9167,9168,2023051004001758,UPCL,49,49,27,222.00,5994.00
9168,9169,2023051003000902,NUBL,41,53,12,525.00,6300.00
9169,9170,2023051004001757,HDHPC,57,49,50,161.40,8070.00
9170,9171,2023051005000764,NEF,25,29,500,8.67,4335.00
9171,9172,2023051005000763,NRIC,54,56,50,672.20,33610.00
9172,9173,2023051001003509,MAKAR,54,8,20,251.00,5020.00
9173,9174,2023051001003508,TAMOR,17,35,20,270.00,5400.00
9174,9175,2023051001003507,TAMOR,17,58,10,270.00,2700.00
9175,9176,2023051001003506,TAMOR,17,11,10,270.00,2700.00
9176,9177,2023051001003505,TAMOR,17,38,10,269.90,2699.00
9177,9178,2023051005000762,NRIC,54,25,16,672.20,10755.20
9178,9179,2023051001003504,GVL,55,13,40,395.00,15800.00
9179,9180,2023051001003503,NIMB,22,17,140,180.40,25256.00
9180,9181,2023051001003502,RFPL,18,49,10,245.50,2455.00
9181,9182,2023051003000901,BFC,53,48,50,299.00,14950.00
9182,9183,2023051001003501,ADBL,45,56,10,232.00,2320.00
9183,9184,2023051001003500,KBL,52,17,35,164.30,5750.50
9184,9185,2023051001003499,KBL,59,17,68,164.30,11172.40
9185,9186,2023051001003498,MBJC,16,34,10,275.00,2750.00
9186,9187,2023051004001756,PPCL,14,6,20,325.00,6500.00
9187,9188,2023051004001755,HDHPC,25,57,20,161.00,3220.00
9188,9189,2023051004001754,HDHPC,25,38,100,161.00,16100.00
9189,9190,2023051003000900,NUBL,41,34,20,525.00,10500.00
9190,9191,2023051004001753,NGPL,48,17,60,235.40,14124.00
9191,9192,2023051001003497,NABIL,25,7,13,593.00,7709.00
9192,9193,2023051001003496,MHCL,7,57,10,215.10,2151.00
9193,9194,2023051004001752,RADHI,37,37,4,234.00,936.00
9194,9195,2023051001003495,SANIMA,17,4,386,243.00,93798.00
9195,9196,2023051005000761,HIDCL,32,59,10,178.90,1789.00
9196,9197,2023051001003494,NABIL,58,17,8,593.00,4744.00
9197,9198,2023051001003493,NABIL,38,17,10,593.00,5930.00
9198,9199,2023051001003492,NABIL,58,17,84,593.00,49812.00
9199,9200,2023051001003491,NABIL,58,17,12,593.00,7116.00
9200,9201,2023051001003490,NABIL,47,17,50,593.00,29650.00
9201,9202,2023051001003489,NABIL,55,17,16,593.00,9488.00
9202,9203,2023051001003488,NABIL,42,17,20,593.00,11860.00
9203,9204,2023051001003487,SMJC,58,38,10,246.20,2462.00
9204,9205,2023051005000760,HIDCL,34,10,25,178.10,4452.50
9205,9206,2023051001003486,HDL,51,42,24,1896.00,45504.00
9206,9207,2023051001003485,NIBLGF,58,45,100,7.86,786.00
9207,9208,2023051001003484,SANIMA,17,25,114,243.00,27702.00
9208,9209,2023051001003483,MHCL,45,49,10,215.30,2153.00
9209,9210,2023051004001751,SPIL,34,57,144,565.60,81446.40
9210,9211,2023051004001750,SPIL,22,57,20,565.80,11316.00
9211,9212,2023051004001749,SPIL,41,57,36,575.00,20700.00
9212,9213,2023051004001748,BARUN,5,34,390,235.00,91650.00
9213,9214,2023051003000899,KSBBL,22,48,10,293.60,2936.00
9214,9215,2023051001003482,KBL,22,34,200,164.90,32980.00
9215,9216,2023051004001747,SHL,25,49,115,262.50,30187.50
9216,9217,2023051004001746,SHL,25,17,200,262.50,52500.00
9217,9218,2023051004001745,SHL,25,17,100,262.40,26240.00
9218,9219,2023051004001744,SHL,25,58,100,262.30,26230.00
9219,9220,2023051004001743,BARUN,49,34,100,235.00,23500.00
9220,9221,2023051003000898,NLIC,26,1,3,641.20,1923.60
9221,9222,2023051005000759,HIDCL,34,38,124,178.10,22084.40
9222,9223,2023051004001742,SPIL,41,7,27,571.20,15422.40
9223,9224,2023051004001741,SPIL,41,42,12,570.00,6840.00
9224,9225,2023051004001740,SPIL,41,53,25,569.00,14225.00
9225,9226,2023051005000758,NIFRA,58,55,12,206.50,2478.00
9226,9227,2023051001003481,MAKAR,54,58,10,251.00,2510.00
9227,9228,2023051003000897,MLBL,49,17,94,298.00,28012.00
9228,9229,2023051001003480,NMB,28,55,300,234.00,70200.00
9229,9230,2023051005000757,NEF,25,59,3200,8.66,27712.00
9230,9231,2023051005000756,HIDCL,38,59,100,178.90,17890.00
9231,9232,2023051005000755,ENL,38,49,10,610.40,6104.00
9232,9233,2023051005000754,NIBSF2,29,58,100,7.27,727.00
9233,9234,2023051001003479,RHGCL,22,56,10,252.00,2520.00
9234,9235,2023051005000753,NRIC,54,58,31,672.20,20838.20
9235,9236,2023051001003478,KBL,59,17,105,164.30,17251.50
9236,9237,2023051003000896,MERO,45,39,10,518.50,5185.00
9237,9238,2023051005000752,NTC,32,58,10,794.00,7940.00
9238,9239,2023051001003477,MKHC,7,57,10,242.10,2421.00
9239,9240,2023051001003476,KBL,48,17,2000,164.50,329000.00
9240,9241,2023051001003475,KBL,22,17,113,164.60,18599.80
9241,9242,2023051001003474,KBL,14,17,100,164.70,16470.00
9242,9243,2023051003000895,BFC,53,45,100,299.00,29900.00
9243,9244,2023051003000894,BFC,53,48,50,299.00,14950.00
9244,9245,2023051005000751,NIFRA,34,35,11,206.50,2271.50
9245,9246,2023051001003473,NMB,40,55,10,234.00,2340.00
9246,9247,2023051001003472,HBL,38,17,148,217.90,32249.20
9247,9248,2023051001003471,PCBL,38,39,10,193.00,1930.00
9248,9249,2023051004001739,BARUN,45,34,10,235.00,2350.00
9249,9250,2023051003000893,MERO,46,39,10,518.50,5185.00
9250,9251,2023051001003470,MAKAR,54,34,10,251.00,2510.00
9251,9252,2023051001003469,MAKAR,54,7,10,251.00,2510.00
9252,9253,2023051003000892,FMDBL,34,6,10,509.00,5090.00
9253,9254,2023051001003468,NIMB,16,50,1000,181.20,181200.00
9254,9255,2023051001003467,SBL,17,22,156,245.00,38220.00
9255,9256,2023051001003466,TAMOR,5,52,10,269.00,2690.00
9256,9257,2023051004001738,NGPL,51,42,200,236.00,47200.00
9257,9258,2023051003000891,NADEP,49,43,150,500.00,75000.00
9258,9259,2023051003000890,SJLIC,34,41,11,416.00,4576.00
9259,9260,2023051001003465,DORDI,49,21,10,265.20,2652.00
9260,9261,2023051003000889,SABSL,34,42,12,583.10,6997.20
9261,9262,2023051003000888,SABSL,34,42,10,583.10,5831.00
9262,9263,2023051003000887,SABSL,35,42,10,583.10,5831.00
9263,9264,2023051003000886,SABSL,37,42,50,584.50,29225.00
9264,9265,2023051001003464,MAKAR,21,10,10,250.30,2503.00
9265,9266,2023051005000750,KDBY,29,45,100,8.00,800.00
9266,9267,2023051001003463,BNHC,14,44,10,348.10,3481.00
9267,9268,2023051001003462,GVL,55,56,10,395.00,3950.00
9268,9269,2023051001003461,GVL,55,7,140,395.00,55300.00
9269,9270,2023051003000885,NLICL,34,44,1000,573.00,573000.00
9270,9271,2023051001003460,MAKAR,21,14,10,250.30,2503.00
9271,9272,2023051001003459,SIKLES,13,17,10,398.00,3980.00
9272,9273,2023051001003458,MBJC,42,58,10,273.30,2733.00
9273,9274,2023051004001737,HDHPC,38,38,175,161.00,28175.00
9274,9275,2023051003000884,BFC,38,48,30,299.00,8970.00
9275,9276,2023051001003457,SAHAS,5,17,10,489.20,4892.00
9276,9277,2023051001003456,SANIMA,53,25,286,243.00,69498.00
9277,9278,2023051001003455,SANIMA,53,4,1500,243.00,364500.00
9278,9279,2023051001003454,SANIMA,53,34,13,243.00,3159.00
9279,9280,2023051001003453,SANIMA,53,39,51,243.00,12393.00
9280,9281,2023051001003452,SANIMA,53,39,50,242.90,12145.00
9281,9282,2023051001003451,SANIMA,53,39,100,242.90,24290.00
9282,9283,2023051001003450,TAMOR,59,17,40,268.10,10724.00
9283,9284,2023051001003449,BNHC,26,34,10,350.00,3500.00
9284,9285,2023051003000883,NADEP,49,17,25,500.00,12500.00
9285,9286,2023051004001736,PPCL,49,34,10,322.00,3220.00
9286,9287,2023051004001735,BPCL,34,21,26,314.00,8164.00
9287,9288,2023051001003448,NICA,21,58,10,710.00,7100.00
9288,9289,2023051001003447,NICA,17,58,20,710.00,14200.00
9289,9290,2023051001003446,NICA,58,58,125,710.00,88750.00
9290,9291,2023051001003445,NICA,6,58,100,710.00,71000.00
9291,9292,2023051001003444,NICA,58,58,10,710.00,7100.00
9292,9293,2023051001003443,NICA,26,58,10,710.00,7100.00
9293,9294,2023051001003442,NICA,35,58,30,710.00,21300.00
9294,9295,2023051001003441,NICA,28,58,50,710.00,35500.00
9295,9296,2023051001003440,NICA,7,58,10,710.00,7100.00
9296,9297,2023051001003439,NICA,14,58,75,710.00,53250.00
9297,9298,2023051001003438,NICA,42,58,55,710.00,39050.00
9298,9299,2023051001003437,NICA,7,58,29,710.10,20592.90
9299,9300,2023051001003436,NICA,28,58,200,710.60,142120.00
9300,9301,2023051001003435,NICA,52,58,10,710.70,7107.00
9301,9302,2023051001003434,NICA,13,58,100,711.00,71100.00
9302,9303,2023051001003433,NICA,34,58,35,711.00,24885.00
9303,9304,2023051001003432,NICA,38,58,15,711.00,10665.00
9304,9305,2023051001003431,NICA,21,58,87,711.00,61857.00
9305,9306,2023051001003430,RHGCL,22,58,10,252.00,2520.00
9306,9307,2023051001003429,PRVU,34,1,10,166.00,1660.00
9307,9308,2023051001003428,NIMB,1,50,100,181.00,18100.00
9308,9309,2023051001003427,NIMB,28,50,146,181.00,26426.00
9309,9310,2023051001003426,NIMB,51,50,30,181.50,5445.00
9310,9311,2023051003000882,SJLIC,57,41,45,416.00,18720.00
9311,9312,2023051001003425,PCBL,34,39,100,193.00,19300.00
9312,9313,2023051001003424,MLBS,36,17,10,701.30,7013.00
9313,9314,2023051001003423,HHL,58,58,10,250.10,2501.00
9314,9315,2023051001003422,SMJC,57,16,10,246.00,2460.00
9315,9316,2023051003000881,NMFBS,29,34,11,1156.00,12716.00
9316,9317,2023051001003421,PHCL,39,49,10,305.70,3057.00
9317,9318,2023051001003420,PHCL,39,58,10,305.70,3057.00
9318,9319,2023051003000880,GBBL,53,42,650,355.00,230750.00
9319,9320,2023051003000879,GBBL,53,40,20,355.00,7100.00
9320,9321,2023051003000878,GBBL,53,42,13,355.00,4615.00
9321,9322,2023051003000877,GBBL,53,25,200,355.00,71000.00
9322,9323,2023051003000876,GBBL,53,54,91,355.00,32305.00
9323,9324,2023051003000875,GBBL,53,17,26,355.00,9230.00
9324,9325,2023051004001734,CHCL,58,17,10,460.00,4600.00
9325,9326,2023051004001733,UPCL,55,18,500,222.50,111250.00
9326,9327,2023051001003419,GBIME,57,6,10,182.70,1827.00
9327,9328,2023051001003418,TAMOR,59,4,10,268.10,2681.00
9328,9329,2023051004001732,CHCL,58,17,91,460.00,41860.00
9329,9330,2023051004001731,CHCL,52,17,50,460.00,23000.00
9330,9331,2023051001003417,SCB,17,37,55,525.00,28875.00
9331,9332,2023051001003416,ADBL,45,38,50,232.00,11600.00
9332,9333,2023051001003415,MBJC,57,17,10,274.00,2740.00
9333,9334,2023051001003414,NMB,40,55,10,234.00,2340.00
9334,9335,2023051003000874,SADBL,38,49,20,272.50,5450.00
9335,9336,2023051003000873,SADBL,22,49,10,272.50,2725.00
9336,9337,2023051003000872,SADBL,52,49,50,272.50,13625.00
9337,9338,2023051003000871,SADBL,14,49,20,272.50,5450.00
9338,9339,2023051003000870,SADBL,1,49,1000,272.50,272500.00
9339,9340,2023051003000869,SADBL,43,49,40,272.50,10900.00
9340,9341,2023051003000868,SADBL,42,49,100,272.60,27260.00
9341,9342,2023051001003413,MHCL,45,47,10,215.30,2153.00
9342,9343,2023051001003412,DLBS,58,45,10,698.90,6989.00
9343,9344,2023051001003411,EBL,48,44,879,527.00,463233.00
9344,9345,2023051001003410,GVL,6,17,10,390.00,3900.00
9345,9346,2023051001003409,HHL,58,35,10,250.10,2501.00
9346,9347,2023051001003408,RHGCL,42,19,10,253.00,2530.00
9347,9348,2023051001003407,AHL,45,17,10,340.10,3401.00
9348,9349,2023051001003406,MAKAR,21,47,10,250.30,2503.00
9349,9350,2023051001003405,MHCL,45,45,10,215.30,2153.00
9350,9351,2023051001003404,GVL,55,7,380,395.00,150100.00
9351,9352,2023051001003403,NABIL,50,54,52,593.00,30836.00
9352,9353,2023051001003402,NABIL,21,54,10,593.50,5935.00
9353,9354,2023051001003401,NABIL,13,54,36,594.00,21384.00
9354,9355,2023051001003400,SPL,38,16,10,512.20,5122.00
9355,9356,2023051003000867,SADBL,52,49,50,273.00,13650.00
9356,9357,2023051003000866,SADBL,32,49,100,273.30,27330.00
9357,9358,2023051003000865,SADBL,32,49,100,273.30,27330.00
9358,9359,2023051003000864,SADBL,17,49,200,273.50,54700.00
9359,9360,2023051001003399,MKJC,14,34,10,383.10,3831.00
9360,9361,2023051001003398,PPL,48,57,10,256.00,2560.00
9361,9362,2023051001003397,TAMOR,59,38,10,268.10,2681.00
9362,9363,2023051001003396,NIMB,28,39,68,181.00,12308.00
9363,9364,2023051001003395,NIMB,28,45,100,181.00,18100.00
9364,9365,2023051001003394,NIMB,28,58,186,181.00,33666.00
9365,9366,2023051001003393,MAKAR,21,38,10,250.30,2503.00
9366,9367,2023051003000863,DDBL,21,26,123,620.00,76260.00
9367,9368,2023051001003392,GVL,55,58,10,395.00,3950.00
9368,9369,2023051001003391,GVL,55,51,10,395.00,3950.00
9369,9370,2023051001003390,PHCL,39,57,10,305.70,3057.00
9370,9371,2023051001003389,SBL,41,22,70,245.00,17150.00
9371,9372,2023051001003388,SBL,41,41,130,245.00,31850.00
9372,9373,2023051001003387,RFPL,18,58,10,245.50,2455.00
9373,9374,2023051001003386,SHIVM,8,34,322,401.00,129122.00
9374,9375,2023051001003385,SHIVM,8,49,178,401.00,71378.00
9375,9376,2023051005000749,NIFRA,34,35,10,206.50,2065.00
9376,9377,2023051001003384,MHCL,45,57,10,215.30,2153.00
9377,9378,2023051003000862,BFC,38,48,20,299.00,5980.00
9378,9379,2023051003000861,NLIC,37,37,1,654.00,654.00
9379,9380,2023051001003383,JALPA,53,49,20,1587.00,31740.00
9380,9381,2023051001003382,SBL,45,41,60,245.00,14700.00
9381,9382,2023051005000748,HIDCL,34,59,10,178.90,1789.00
9382,9383,2023051005000747,NTC,17,58,507,790.00,400530.00
9383,9384,2023051005000746,NTC,17,58,630,790.00,497700.00
9384,9385,2023051005000745,NTC,17,58,630,790.00,497700.00
9385,9386,2023051005000744,NTC,54,58,33,790.00,26070.00
9386,9387,2023051005000743,NTC,55,58,200,790.10,158020.00
9387,9388,2023051001003381,NABIL,45,25,153,595.00,91035.00
9388,9389,2023051004001730,SPIL,57,58,17,568.50,9664.50
9389,9390,2023051004001729,SPIL,57,1,33,568.00,18744.00
9390,9391,2023051001003380,HBL,34,44,515,217.00,111755.00
9391,9392,2023051004001728,JOSHI,39,49,10,259.00,2590.00
9392,9393,2023051005000742,HIDCL,46,10,75,178.10,13357.50
9393,9394,2023051001003379,PRVU,37,37,1,165.00,165.00
9394,9395,2023051001003378,NABIL,45,25,50,595.00,29750.00
9395,9396,2023051005000741,NIFRA,43,28,11,205.10,2256.10
9396,9397,2023051003000860,SLBBL,34,34,10,554.00,5540.00
9397,9398,2023051001003377,TAMOR,59,59,10,268.10,2681.00
9398,9399,2023051001003376,KDL,5,55,10,713.00,7130.00
9399,9400,2023051005000740,NTC,34,58,10,794.00,7940.00
9400,9401,2023051004001727,RADHI,37,48,4,234.00,936.00
9401,9402,2023051005000739,NIFRA,43,58,24,205.10,4922.40
9402,9403,2023051001003375,SANIMA,47,49,53,241.10,12778.30
9403,9404,2023051004001726,JOSHI,50,44,250,255.00,63750.00
9404,9405,2023051004001725,BPCL,34,38,173,314.00,54322.00
9405,9406,2023051005000738,NTC,34,17,98,790.00,77420.00
9406,9407,2023051005000737,NTC,41,17,200,790.10,158020.00
9407,9408,2023051005000736,NTC,7,17,20,790.20,15804.00
9408,9409,2023051005000735,NTC,39,17,25,790.20,19755.00
9409,9410,2023051005000734,NTC,35,17,50,790.20,39510.00
9410,9411,2023051003000859,PLI,58,19,10,403.00,4030.00
9411,9412,2023051001003374,NICA,21,19,55,711.00,39105.00
9412,9413,2023051001003373,AHL,49,17,10,340.00,3400.00
9413,9414,2023051001003372,KDL,5,35,10,713.00,7130.00
9414,9415,2023051004001724,NHPC,57,6,10,204.00,2040.00
9415,9416,2023051004001723,AHPC,43,6,12,278.00,3336.00
9416,9417,2023051001003371,SMJC,45,59,10,245.60,2456.00
9417,9418,2023051001003370,NBL,34,54,20,248.00,4960.00
9418,9419,2023051001003369,NABIL,14,25,100,595.00,59500.00
9419,9420,2023051004001722,UMHL,22,48,10,225.00,2250.00
9420,9421,2023051001003368,HBL,17,44,478,217.00,103726.00
9421,9422,2023051001003367,HBL,22,44,113,217.00,24521.00
9422,9423,2023051001003366,HBL,34,44,27,217.00,5859.00
9423,9424,2023051001003365,HBL,58,44,100,217.00,21700.00
9424,9425,2023051001003364,HBL,1,44,35,217.10,7598.50
9425,9426,2023051001003363,HBL,19,44,20,217.50,4350.00
9426,9427,2023051001003362,HBL,35,44,15,217.50,3262.50
9427,9428,2023051003000858,ICFC,14,38,100,403.10,40310.00
9428,9429,2023051001003361,KDL,5,35,10,713.00,7130.00
9429,9430,2023051001003360,SAHAS,43,54,10,490.00,4900.00
9430,9431,2023051001003359,SAHAS,43,58,10,490.00,4900.00
9431,9432,2023051001003358,SAHAS,43,36,10,490.00,4900.00
9432,9433,2023051001003357,MAKAR,21,36,10,250.30,2503.00
9433,9434,2023051001003356,SHIVM,48,49,30,401.00,12030.00
9434,9435,2023051001003355,SMJC,57,35,10,246.00,2460.00
9435,9436,2023051001003354,BHDC,4,58,70,386.50,27055.00
9436,9437,2023051003000857,CBBL,5,57,17,777.00,13209.00
9437,9438,2023051003000856,CBBL,35,57,64,777.10,49734.40
9438,9439,2023051003000855,CBBL,25,57,30,778.00,23340.00
9439,9440,2023051001003353,DLBS,32,35,19,687.00,13053.00
9440,9441,2023051001003352,MAKAR,21,35,10,250.30,2503.00
9441,9442,2023051001003351,GVL,55,52,10,395.00,3950.00
9442,9443,2023051001003350,GVL,55,32,10,393.00,3930.00
9443,9444,2023051001003349,GVL,55,4,10,391.90,3919.00
9444,9445,2023051001003348,GVL,55,25,10,391.00,3910.00
9445,9446,2023051001003347,GVL,55,21,10,391.00,3910.00
9446,9447,2023051001003346,GVL,55,38,10,390.80,3908.00
9447,9448,2023051004001721,NHPC,49,53,83,200.00,16600.00
9448,9449,2023051001003345,NICA,21,6,58,711.00,41238.00
9449,9450,2023051001003344,NICA,35,6,50,711.00,35550.00
9450,9451,2023051001003343,NICA,5,6,200,711.00,142200.00
9451,9452,2023051001003342,NICA,17,6,50,711.00,35550.00
9452,9453,2023051001003341,NICA,42,6,45,711.10,31999.50
9453,9454,2023051001003340,NICA,58,6,30,712.00,21360.00
9454,9455,2023051001003339,MAKAR,21,59,10,250.30,2503.00
9455,9456,2023051001003338,SBL,29,41,35,245.00,8575.00
9456,9457,2023051001003337,EHPL,58,58,10,347.00,3470.00
9457,9458,2023051001003336,NABIL,13,39,25,594.00,14850.00
9458,9459,2023051001003335,KDL,5,35,10,713.00,7130.00
9459,9460,2023051004001720,SSHL,59,49,20,193.30,3866.00
9460,9461,2023051004001719,SSHL,59,49,30,193.40,5802.00
9461,9462,2023051004001718,SSHL,59,49,25,193.50,4837.50
9462,9463,2023051005000733,NIFRA,13,35,38,205.00,7790.00
9463,9464,2023051005000732,NIFRA,46,35,16,205.00,3280.00
9464,9465,2023051004001717,HDHPC,42,38,100,161.00,16100.00
9465,9466,2023051004001716,HDHPC,29,38,137,161.00,22057.00
9466,9467,2023051004001715,HDHPC,4,38,195,161.00,31395.00
9467,9468,2023051001003334,SHIVM,21,49,182,401.00,72982.00
9468,9469,2023051001003333,SHIVM,21,8,818,400.50,327609.00
9469,9470,2023051001003332,SHIVM,48,8,120,400.50,48060.00
9470,9471,2023051005000731,SBCF,38,36,100,7.33,733.00
9471,9472,2023051001003331,MAKAR,21,59,10,250.30,2503.00
9472,9473,2023051004001714,NHPC,49,53,17,200.00,3400.00
9473,9474,2023051004001713,SSHL,28,49,200,193.90,38780.00
9474,9475,2023051004001712,SSHL,29,49,100,194.00,19400.00
9475,9476,2023051004001711,SSHL,16,49,500,194.00,97000.00
9476,9477,2023051004001710,SSHL,58,49,100,194.00,19400.00
9477,9478,2023051004001709,SSHL,59,49,25,194.10,4852.50
9478,9479,2023051001003330,MHCL,45,17,30,215.30,6459.00
9479,9480,2023051004001708,HDHPC,4,45,10,161.00,1610.00
9480,9481,2023051001003329,MAKAR,21,8,10,250.30,2503.00
9481,9482,2023051001003328,NESDO,28,41,10,2040.00,20400.00
9482,9483,2023051005000730,NIFRA,36,58,20,205.10,4102.00
9483,9484,2023051003000854,CBBL,32,58,10,780.00,7800.00
9484,9485,2023051005000729,NIFRA,34,35,10,206.50,2065.00
9485,9486,2023051001003327,JBLB,58,58,4,1395.00,5580.00
9486,9487,2023051004001707,SSHL,36,44,50,195.00,9750.00
9487,9488,2023051001003326,SANIMA,47,6,42,241.10,10126.20
9488,9489,2023051001003325,SANIMA,16,6,751,241.10,181066.10
9489,9490,2023051001003324,SANIMA,45,6,18,241.20,4341.60
9490,9491,2023051001003323,JALPA,37,58,16,1586.00,25376.00
9491,9492,2023051001003322,GBIME,59,1,27,183.00,4941.00
9492,9493,2023051001003321,GBIME,34,1,10,183.00,1830.00
9493,9494,2023051001003320,GBIME,19,1,18,183.00,3294.00
9494,9495,2023051005000728,NIFRA,36,7,54,205.10,11075.40
9495,9496,2023051001003319,KDL,5,49,10,713.00,7130.00
9496,9497,2023051001003318,SMJC,57,38,10,246.00,2460.00
9497,9498,2023051001003317,MAKAR,21,8,10,250.30,2503.00
9498,9499,2023051003000853,CFCL,42,14,84,290.00,24360.00
9499,9500,2023051003000852,CFCL,43,14,25,290.00,7250.00
9500,9501,2023051003000851,CFCL,34,14,50,290.00,14500.00
9501,9502,2023051003000850,CFCL,7,14,100,290.10,29010.00
9502,9503,2023051003000849,CFCL,34,14,10,290.50,2905.00
9503,9504,2023051001003316,SAHAS,43,58,10,489.10,4891.00
9504,9505,2023051001003315,MHCL,45,58,10,215.30,2153.00
9505,9506,2023051001003314,JALPA,13,58,10,1586.10,15861.00
9506,9507,2023051005000727,NIBSF2,7,29,150,7.16,1074.00
9507,9508,2023051004001706,UPPER,38,58,50,408.30,20415.00
9508,9509,2023051001003313,GBIME,42,6,538,183.70,98830.60
9509,9510,2023051001003312,CZBIL,1,48,190,168.60,32034.00
9510,9511,2023051001003311,KDL,5,4,10,713.00,7130.00
9511,9512,2023051004001705,SGIC,58,37,10,431.50,4315.00
9512,9513,2023051005000726,SLCF,58,38,400,7.31,2924.00
9513,9514,2023051001003310,HDL,58,38,10,1895.00,18950.00
9514,9515,2023051004001704,NHPC,48,53,10,200.00,2000.00
9515,9516,2023051004001703,NHPC,41,53,20,200.00,4000.00
9516,9517,2023051004001702,NHPC,56,53,200,200.00,40000.00
9517,9518,2023051004001701,NHPC,58,53,100,200.00,20000.00
9518,9519,2023051004001700,NHPC,52,53,100,200.00,20000.00
9519,9520,2023051004001699,NHPC,21,53,21,200.00,4200.00
9520,9521,2023051004001698,NHPC,34,53,100,200.00,20000.00
9521,9522,2023051004001697,NHPC,35,53,255,200.00,51000.00
9522,9523,2023051004001696,NHPC,49,53,52,200.00,10400.00
9523,9524,2023051004001695,NHPC,57,53,300,200.00,60000.00
9524,9525,2023051004001694,NHPC,38,53,50,200.90,10045.00
9525,9526,2023051004001693,NHPC,25,53,20,200.90,4018.00
9526,9527,2023051004001692,NHPC,58,53,70,201.00,14070.00
9527,9528,2023051004001691,NHPC,57,53,500,201.00,100500.00
9528,9529,2023051004001690,NHPC,33,53,95,201.00,19095.00
9529,9530,2023051004001689,NHPC,58,53,100,201.00,20100.00
9530,9531,2023051001003309,DORDI,49,4,10,265.20,2652.00
9531,9532,2023051005000725,NIFRA,36,45,28,205.10,5742.80
9532,9533,2023051005000724,NIFRA,54,45,36,205.20,7387.20
9533,9534,2023051004001688,HDHPC,57,49,500,161.40,80700.00
9534,9535,2023051001003308,TAMOR,49,38,10,268.00,2680.00
9535,9536,2023051001003307,PRVU,28,1,500,166.00,83000.00
9536,9537,2023051001003306,MAKAR,21,29,10,250.30,2503.00
9537,9538,2023051001003305,GBIME,28,6,10,183.70,1837.00
9538,9539,2023051005000723,NIFRA,54,37,64,205.20,13132.80
9539,9540,2023051003000848,NUBL,1,53,15,525.00,7875.00
9540,9541,2023051001003304,SMJC,57,26,10,246.10,2461.00
9541,9542,2023051003000847,SWMF,19,33,25,555.00,13875.00
9542,9543,2023051001003303,JALPA,13,58,10,1586.30,15863.00
9543,9544,2023051001003302,NBL,34,13,46,248.00,11408.00
9544,9545,2023051001003301,NBL,16,13,100,248.20,24820.00
9545,9546,2023051001003300,NBL,36,13,20,248.50,4970.00
9546,9547,2023051001003299,NBL,16,13,100,248.50,24850.00
9547,9548,2023051001003298,NBL,28,28,1833,248.60,455683.80
9548,9549,2023051003000846,JFL,58,51,1,342.10,342.10
9549,9550,2023051001003297,PCBL,28,39,18,193.00,3474.00
9550,9551,2023051001003296,PCBL,28,57,120,193.00,23160.00
9551,9552,2023051001003295,PCBL,28,34,362,193.00,69866.00
9552,9553,2023051001003294,MBJC,57,37,10,274.00,2740.00
9553,9554,2023051004001687,AHPC,44,32,500,277.00,138500.00
9554,9555,2023051004001686,AHPC,58,32,100,277.00,27700.00
9555,9556,2023051005000722,NIFRA,34,22,10,206.00,2060.00
9556,9557,2023051001003293,HDL,49,53,10,1893.00,18930.00
9557,9558,2023051001003292,AHL,49,41,10,340.00,3400.00
9558,9559,2023051001003291,AHL,49,58,10,340.00,3400.00
9559,9560,2023051001003290,AHL,49,58,10,340.00,3400.00
9560,9561,2023051001003289,JALPA,13,58,10,1586.50,15865.00
9561,9562,2023051005000721,NTC,41,57,200,790.10,158020.00
9562,9563,2023051001003288,PHCL,44,38,10,305.60,3056.00
9563,9564,2023051001003287,MAKAR,21,10,10,250.30,2503.00
9564,9565,2023051001003286,HDL,45,53,100,1894.00,189400.00
9565,9566,2023051004001685,GLH,7,37,10,258.30,2583.00
9566,9567,2023051001003285,SBL,57,41,10,245.00,2450.00
9567,9568,2023051001003284,UHEWA,26,49,10,369.00,3690.00
9568,9569,2023051004001684,API,38,44,1460,229.00,334340.00
9569,9570,2023051004001683,API,22,44,100,229.00,22900.00
9570,9571,2023051004001682,API,32,44,250,229.00,57250.00
9571,9572,2023051004001681,API,16,44,100,229.00,22900.00
9572,9573,2023051004001680,API,46,44,20,229.10,4582.00
9573,9574,2023051001003283,TAMOR,49,14,10,268.00,2680.00
9574,9575,2023051005000720,HIDCL,34,59,10,178.90,1789.00
9575,9576,2023051001003282,NMB,28,32,200,232.50,46500.00
9576,9577,2023051003000845,CBBL,1,58,300,780.00,234000.00
9577,9578,2023051004001679,HDHPC,58,49,20,161.40,3228.00
9578,9579,2023051003000844,MNBBL,8,22,15,385.90,5788.50
9579,9580,2023051004001678,SSHL,1,44,30,195.00,5850.00
9580,9581,2023051004001677,SSHL,26,44,10,195.00,1950.00
9581,9582,2023051004001676,NHPC,37,53,932,201.10,187425.20
9582,9583,2023051004001675,NHPC,11,53,68,202.00,13736.00
9583,9584,2023051001003281,JALPA,13,58,10,1586.60,15866.00
9584,9585,2023051001003280,SHIVM,17,8,50,400.50,20025.00
9585,9586,2023051001003279,NESDO,28,41,10,2039.00,20390.00
9586,9587,2023051001003278,SPHL,42,14,10,354.00,3540.00
9587,9588,2023051001003277,BHPL,17,49,10,436.00,4360.00
9588,9589,2023051005000719,RMF1,45,38,200,7.41,1482.00
9589,9590,2023051001003276,PHCL,44,58,10,305.60,3056.00
9590,9591,2023051003000843,SHINE,58,48,50,317.00,15850.00
9591,9592,2023051003000842,SHINE,58,48,105,317.00,33285.00
9592,9593,2023051003000841,ALBSL,43,7,16,662.00,10592.00
9593,9594,2023051001003275,MAKAR,21,47,10,250.30,2503.00
9594,9595,2023051003000840,GBBL,50,57,100,354.00,35400.00
9595,9596,2023051003000839,GBBL,50,58,200,354.00,70800.00
9596,9597,2023051003000838,GBBL,50,34,100,354.00,35400.00
9597,9598,2023051003000837,GBBL,50,41,133,353.00,46949.00
9598,9599,2023051001003274,PHCL,44,48,10,305.60,3056.00
9599,9600,2023051004001674,NHPC,11,53,132,202.00,26664.00
9600,9601,2023051004001673,NHPC,28,53,53,202.00,10706.00
9601,9602,2023051004001672,NHPC,55,53,20,202.00,4040.00
9602,9603,2023051004001671,NHPC,6,53,140,202.00,28280.00
9603,9604,2023051004001670,NHPC,22,53,500,202.10,101050.00
9604,9605,2023051004001669,NHPC,14,53,50,202.10,10105.00
9605,9606,2023051004001668,NHPC,26,53,10,202.10,2021.00
9606,9607,2023051004001667,NHPC,19,53,35,202.90,7101.50
9607,9608,2023051004001666,NHPC,58,53,510,202.90,103479.00
9608,9609,2023051004001665,NHPC,58,53,50,203.00,10150.00
9609,9610,2023051001003273,KBL,28,34,500,164.90,82450.00
9610,9611,2023051001003272,NESDO,28,41,100,2001.00,200100.00
9611,9612,2023051001003271,NESDO,28,41,10,2004.00,20040.00
9612,9613,2023051001003270,NESDO,28,41,10,2005.00,20050.00
9613,9614,2023051001003269,NESDO,28,41,10,2006.00,20060.00
9614,9615,2023051001003268,NESDO,58,41,10,2020.00,20200.00
9615,9616,2023051001003267,NESDO,45,41,50,2025.00,101250.00
9616,9617,2023051001003266,NESDO,57,41,10,2029.00,20290.00
9617,9618,2023051001003265,SMH,45,26,10,530.10,5301.00
9618,9619,2023051004001664,SHL,25,34,105,262.30,27541.50
9619,9620,2023051001003264,TAMOR,49,49,10,268.00,2680.00
9620,9621,2023051005000718,RMF1,45,52,4620,7.41,34234.20
9621,9622,2023051001003263,SAHAS,43,44,10,489.10,4891.00
9622,9623,2023051003000836,CBBL,42,58,170,780.00,132600.00
9623,9624,2023051003000835,CBBL,42,58,430,780.00,335400.00
9624,9625,2023051001003262,JALPA,13,58,10,1587.40,15874.00
9625,9626,2023051004001663,RHPL,26,59,10,273.20,2732.00
9626,9627,2023051001003261,KDL,5,38,10,713.00,7130.00
9627,9628,2023051001003260,SMJC,57,57,10,246.00,2460.00
9628,9629,2023051001003259,GBIME,28,16,490,183.70,90013.00
9629,9630,2023051004001662,HDHPC,41,49,100,161.40,16140.00
9630,9631,2023051001003258,PRVU,45,1,51,165.50,8440.50
9631,9632,2023051004001661,UPCL,40,11,50,222.00,11100.00
9632,9633,2023051004001660,UPCL,40,18,25,222.00,5550.00
9633,9634,2023051003000834,CBBL,42,58,70,780.00,54600.00
9634,9635,2023051003000833,CBBL,42,58,80,780.00,62400.00
9635,9636,2023051003000832,CBBL,42,44,100,779.90,77990.00
9636,9637,2023051003000831,CBBL,42,25,100,779.90,77990.00
9637,9638,2023051003000830,CBBL,42,51,50,779.80,38990.00
9638,9639,2023051001003257,MBJC,53,48,10,274.00,2740.00
9639,9640,2023051004001659,HDHPC,11,49,30,161.40,4842.00
9640,9641,2023051005000717,HIDCL,46,47,100,178.10,17810.00
9641,9642,2023051001003256,TAMOR,49,45,10,268.00,2680.00
9642,9643,2023051004001658,SICL,38,57,141,709.00,99969.00
9643,9644,2023051004001657,SICL,5,57,100,709.00,70900.00
9644,9645,2023051004001656,OHL,49,57,30,561.00,16830.00
9645,9646,2023051001003255,SCB,50,57,47,525.50,24698.50
9646,9647,2023051003000829,SIFC,32,38,15,296.30,4444.50
9647,9648,2023051001003254,CZBIL,28,48,500,168.60,84300.00
9648,9649,2023051001003253,TAMOR,49,58,10,268.00,2680.00
9649,9650,2023051001003252,MHCL,45,58,10,215.30,2153.00
9650,9651,2023051001003251,TAMOR,49,11,10,268.00,2680.00
9651,9652,2023051001003250,MAKAR,53,58,10,254.00,2540.00
9652,9653,2023051001003249,ULBSL,19,41,10,1300.00,13000.00
9653,9654,2023051003000828,FMDBL,22,58,10,510.00,5100.00
9654,9655,2023051005000716,NBF3,51,38,200,7.18,1436.00
9655,9656,2023051003000827,MPFL,45,58,100,300.00,30000.00
9656,9657,2023051004001655,NICL,25,14,100,516.00,51600.00
9657,9658,2023051004001654,NICL,42,14,100,516.30,51630.00
9658,9659,2023051004001653,NICL,6,14,500,516.50,258250.00
9659,9660,2023051001003248,SMHL,21,58,11,380.30,4183.30
9660,9661,2023051005000715,NICSF,45,52,1075,7.81,8395.75
9661,9662,2023051005000714,NICSF,10,52,3975,7.81,31044.75
9662,9663,2023051001003247,EBL,28,44,11,527.00,5797.00
9663,9664,2023051001003246,SPHL,33,42,20,375.30,7506.00
9664,9665,2023051003000826,ICFC,21,38,10,404.00,4040.00
9665,9666,2023051001003245,PRVU,39,1,50,165.50,8275.00
9666,9667,2023051001003244,SPL,38,58,10,512.20,5122.00
9667,9668,2023051004001652,SHL,14,10,100,261.20,26120.00
9668,9669,2023051001003243,USHEC,5,58,30,284.50,8535.00
9669,9670,2023051001003242,CZBIL,45,48,100,168.60,16860.00
9670,9671,2023051001003241,CZBIL,1,48,500,168.60,84300.00
9671,9672,2023051001003240,CZBIL,28,48,200,168.60,33720.00
9672,9673,2023051001003239,CZBIL,25,48,300,168.70,50610.00
9673,9674,2023051001003238,CZBIL,45,48,100,168.70,16870.00
9674,9675,2023051001003237,CZBIL,54,48,100,168.70,16870.00
9675,9676,2023051005000713,RMF1,29,52,380,7.50,2850.00
9676,9677,2023051005000712,HIDCL,42,40,50,179.00,8950.00
9677,9678,2023051001003236,PCBL,56,34,10,193.00,1930.00
9678,9679,2023051001003235,MHCL,45,35,10,215.30,2153.00
9679,9680,2023051001003234,HBL,52,44,215,218.00,46870.00
9680,9681,2023051003000825,PLI,17,45,10,408.00,4080.00
9681,9682,2023051003000824,MFIL,54,48,200,419.00,83800.00
9682,9683,2023051001003233,SMHL,21,58,10,380.30,3803.00
9683,9684,2023051001003232,MAKAR,53,42,10,254.00,2540.00
9684,9685,2023051005000711,CHDC,39,17,10,725.00,7250.00
9685,9686,2023051005000710,CHDC,39,7,10,725.00,7250.00
9686,9687,2023051005000709,CHDC,39,49,870,724.00,629880.00
9687,9688,2023051005000708,CHDC,39,44,10,722.00,7220.00
9688,9689,2023051004001651,JOSHI,26,44,10,255.00,2550.00
9689,9690,2023051004001650,JOSHI,50,44,460,255.00,117300.00
9690,9691,2023051001003231,MAKAR,53,59,10,254.00,2540.00
9691,9692,2023051001003230,MAKAR,53,49,10,254.00,2540.00
9692,9693,2023051001003229,MAKAR,53,45,10,254.00,2540.00
9693,9694,2023051001003228,MAKAR,53,53,200,254.00,50800.00
9694,9695,2023051001003227,MAKAR,53,49,10,254.00,2540.00
9695,9696,2023051001003226,MAKAR,53,35,10,254.00,2540.00
9696,9697,2023051001003225,MAKAR,53,42,10,254.00,2540.00
9697,9698,2023051001003224,MAKAR,53,58,10,254.00,2540.00
9698,9699,2023051001003223,MAKAR,53,58,10,254.00,2540.00
9699,9700,2023051001003222,MAKAR,53,55,10,254.00,2540.00
9700,9701,2023051001003221,MAKAR,53,58,10,254.00,2540.00
9701,9702,2023051001003220,MAKAR,53,25,10,254.00,2540.00
9702,9703,2023051001003219,MAKAR,53,46,10,254.00,2540.00
9703,9704,2023051001003218,MAKAR,53,46,10,254.00,2540.00
9704,9705,2023051001003217,MAKAR,53,44,10,253.90,2539.00
9705,9706,2023051001003216,MAKAR,53,44,10,253.80,2538.00
9706,9707,2023051001003215,MAKAR,53,58,10,253.20,2532.00
9707,9708,2023051001003214,MAKAR,53,54,10,253.00,2530.00
9708,9709,2023051001003213,MAKAR,53,11,10,253.00,2530.00
9709,9710,2023051001003212,SMJC,49,35,10,246.00,2460.00
9710,9711,2023051001003211,GVL,55,50,10,390.00,3900.00
9711,9712,2023051001003210,MHCL,45,34,10,216.00,2160.00
9712,9713,2023051001003209,MHCL,45,22,10,216.00,2160.00
9713,9714,2023051001003208,MHCL,45,45,10,216.00,2160.00
9714,9715,2023051001003207,SANIMA,33,1,100,241.20,24120.00
9715,9716,2023051001003206,HDL,38,53,10,1895.00,18950.00
9716,9717,2023051005000707,MMF1,54,38,200,7.06,1412.00
9717,9718,2023051004001649,UPCL,22,18,10,222.00,2220.00
9718,9719,2023051004001648,SJCL,3,26,10,265.10,2651.00
9719,9720,2023051005000706,NTC,17,45,400,789.00,315600.00
9720,9721,2023051005000705,NTC,48,45,100,789.00,78900.00
9721,9722,2023051001003205,RHGCL,42,58,10,253.00,2530.00
9722,9723,2023051001003204,SMJC,49,41,20,246.00,4920.00
9723,9724,2023051003000823,PLI,33,57,120,404.00,48480.00
9724,9725,2023051003000822,MFIL,49,44,100,420.00,42000.00
9725,9726,2023051003000821,MFIL,38,44,100,420.00,42000.00
9726,9727,2023051003000820,MFIL,34,44,300,420.00,126000.00
9727,9728,2023051003000819,MFIL,4,44,500,420.10,210050.00
9728,9729,2023051003000818,MFIL,51,44,72,420.20,30254.40
9729,9730,2023051003000817,MFIL,50,44,40,420.20,16808.00
9730,9731,2023051003000816,PLI,17,50,10,406.00,4060.00
9731,9732,2023051003000815,PLI,17,35,10,406.00,4060.00
9732,9733,2023051003000814,PLI,17,45,10,405.00,4050.00
9733,9734,2023051005000704,CIT,45,38,20,2008.00,40160.00
9734,9735,2023051001003203,SANIMA,33,38,100,241.20,24120.00
9735,9736,2023051001003202,SMJC,57,42,10,247.00,2470.00
9736,9737,2023051001003201,SMJC,57,17,10,247.00,2470.00
9737,9738,2023051001003200,MAKAR,53,56,10,253.00,2530.00
9738,9739,2023051001003199,MAKAR,53,6,10,252.00,2520.00
9739,9740,2023051001003198,MAKAR,53,42,10,252.00,2520.00
9740,9741,2023051001003197,MAKAR,53,58,10,252.00,2520.00
9741,9742,2023051001003196,MAKAR,53,49,10,252.00,2520.00
9742,9743,2023051001003195,MAKAR,53,49,10,252.00,2520.00
9743,9744,2023051001003194,MAKAR,53,17,10,252.00,2520.00
9744,9745,2023051001003193,MAKAR,53,42,10,252.00,2520.00
9745,9746,2023051001003192,MAKAR,53,32,10,252.00,2520.00
9746,9747,2023051001003191,MAKAR,53,58,10,251.00,2510.00
9747,9748,2023051001003190,PHCL,58,38,12,305.30,3663.60
9748,9749,2023051001003189,PHCL,26,38,40,305.40,12216.00
9749,9750,2023051001003188,PHCL,25,38,30,305.40,9162.00
9750,9751,2023051004001647,SGIC,58,26,10,431.50,4315.00
9751,9752,2023051001003187,HDL,38,53,138,1895.00,261510.00
9752,9753,2023051001003186,HDL,43,53,12,1895.00,22740.00
9753,9754,2023051001003185,SPHL,33,49,10,375.00,3750.00
9754,9755,2023051001003184,SPHL,33,42,10,374.30,3743.00
9755,9756,2023051001003183,SPHL,33,42,10,372.00,3720.00
9756,9757,2023051001003182,SPHL,33,14,10,368.10,3681.00
9757,9758,2023051001003181,SCB,41,26,23,524.00,12052.00
9758,9759,2023051005000703,NIFRA,36,17,54,205.10,11075.40
9759,9760,2023051001003180,NMB,56,48,235,231.60,54426.00
9760,9761,2023051001003179,NMB,49,48,10,232.00,2320.00
9761,9762,2023051001003178,NMB,58,48,30,232.00,6960.00
9762,9763,2023051001003177,NMB,14,48,715,232.00,165880.00
9763,9764,2023051005000702,NTC,32,17,20,790.00,15800.00
9764,9765,2023051005000701,NTC,47,17,1677,790.00,1324830.00
9765,9766,2023051004001646,UPPER,38,58,40,408.30,16332.00
9766,9767,2023051001003176,SMH,42,45,10,530.00,5300.00
9767,9768,2023051001003175,RFPL,18,58,10,245.50,2455.00
9768,9769,2023051001003174,HHL,22,13,100,254.10,25410.00
9769,9770,2023051001003173,HHL,22,56,10,254.10,2541.00
9770,9771,2023051001003172,SMJC,49,58,10,246.00,2460.00
9771,9772,2023051001003171,SMJC,49,58,30,246.00,7380.00
9772,9773,2023051001003170,SMJC,49,35,10,246.00,2460.00
9773,9774,2023051001003169,USHEC,5,58,20,284.50,5690.00
9774,9775,2023051003000813,CBBL,58,35,67,779.50,52226.50
9775,9776,2023051001003168,SMH,42,55,10,530.00,5300.00
9776,9777,2023051001003167,EBL,19,44,10,527.00,5270.00
9777,9778,2023051001003166,EBL,29,44,100,527.00,52700.00
9778,9779,2023051004001645,RHPL,26,26,10,273.20,2732.00
9779,9780,2023051003000812,MNBBL,52,58,30,385.50,11565.00
9780,9781,2023051001003165,MKLB,42,57,100,611.00,61100.00
9781,9782,2023051001003164,GVL,55,42,10,390.00,3900.00
9782,9783,2023051001003163,NABIL,19,39,15,594.00,8910.00
9783,9784,2023051001003162,NYADI,58,26,10,269.00,2690.00
9784,9785,2023051005000700,NIFRA,36,17,54,205.10,11075.40
9785,9786,2023051005000699,SBCF,38,58,100,7.33,733.00
9786,9787,2023051001003161,PHCL,25,55,10,305.40,3054.00
9787,9788,2023051001003160,NABIL,32,25,264,595.00,157080.00
9788,9789,2023051001003159,NABIL,32,28,236,595.00,140420.00
9789,9790,2023051001003158,AHL,50,49,10,339.10,3391.00
9790,9791,2023051001003157,NABIL,43,28,30,595.00,17850.00
9791,9792,2023051001003156,RULB,4,34,10,636.00,6360.00
9792,9793,2023051005000698,NRN,22,26,10,433.00,4330.00
9793,9794,2023051001003155,RFPL,18,6,10,245.50,2455.00
9794,9795,2023051005000697,NTC,47,17,200,790.00,158000.00
9795,9796,2023051005000696,NTC,32,17,100,790.10,79010.00
9796,9797,2023051001003154,SPHL,42,21,10,367.00,3670.00
9797,9798,2023051001003153,MAKAR,21,10,10,250.30,2503.00
9798,9799,2023051004001644,HDHPC,4,25,115,161.00,18515.00
9799,9800,2023051004001643,HDHPC,16,25,500,161.00,80500.00
9800,9801,2023051004001642,HDHPC,59,25,885,161.00,142485.00
9801,9802,2023051003000811,CORBL,49,58,10,287.20,2872.00
9802,9803,2023051003000810,NLIC,4,26,33,654.20,21588.60
9803,9804,2023051001003152,NYADI,58,55,10,269.00,2690.00
9804,9805,2023051005000695,NTC,47,17,50,790.00,39500.00
9805,9806,2023051001003151,NMB,28,28,517,232.20,120047.40
9806,9807,2023051004001641,SPIL,17,1,17,568.00,9656.00
9807,9808,2023051003000809,NICLBSL,45,26,10,534.00,5340.00
9808,9809,2023051005000694,RMF1,45,58,100,7.41,741.00
9809,9810,2023051005000693,NIFRA,36,58,10,205.10,2051.00
9810,9811,2023051005000692,NTC,47,17,200,790.00,158000.00
9811,9812,2023051001003150,PRVU,48,1,153,165.50,25321.50
9812,9813,2023051001003149,PRVU,48,55,1847,165.50,305678.50
9813,9814,2023051001003148,RHGCL,42,6,10,253.00,2530.00
9814,9815,2023051001003147,MAKAR,35,49,10,251.00,2510.00
9815,9816,2023051004001640,BPCL,42,36,30,316.00,9480.00
9816,9817,2023051003000808,CBBL,5,14,13,777.00,10101.00
9817,9818,2023051003000807,GUFL,14,49,10,479.00,4790.00
9818,9819,2023051003000806,CBBL,49,35,33,779.50,25723.50
9819,9820,2023051003000805,CBBL,49,16,27,778.50,21019.50
9820,9821,2023051003000804,CBBL,49,58,30,778.00,23340.00
9821,9822,2023051003000803,CBBL,49,34,10,778.00,7780.00
9822,9823,2023051004001639,KKHC,38,26,10,213.30,2133.00
9823,9824,2023051005000691,NIFRA,34,22,10,206.00,2060.00
9824,9825,2023051001003146,GBIME,58,16,10,183.70,1837.00
9825,9826,2023051005000690,NTC,47,17,200,790.00,158000.00
9826,9827,2023051004001638,MEN,44,41,500,745.00,372500.00
9827,9828,2023051004001637,AKPL,20,26,15,357.10,5356.50
9828,9829,2023051005000689,NTC,47,17,673,790.00,531670.00
9829,9830,2023051005000688,NTC,58,17,100,790.00,79000.00
9830,9831,2023051005000687,NTC,58,17,20,790.00,15800.00
9831,9832,2023051005000686,NTC,50,17,20,790.00,15800.00
9832,9833,2023051005000685,NTC,47,17,500,790.00,395000.00
9833,9834,2023051005000684,NTC,34,17,1000,790.10,790100.00
9834,9835,2023051005000683,NTC,45,17,13,790.30,10273.90
9835,9836,2023051005000682,NTC,38,17,15,792.00,11880.00
9836,9837,2023051004001636,GHL,51,58,11,219.00,2409.00
9837,9838,2023051001003145,MKJC,58,58,10,384.00,3840.00
9838,9839,2023051004001635,KKHC,38,45,30,213.30,6399.00
9839,9840,2023051004001634,KKHC,26,45,10,214.00,2140.00
9840,9841,2023051004001633,KKHC,14,45,50,214.00,10700.00
9841,9842,2023051004001632,KKHC,49,45,10,214.00,2140.00
9842,9843,2023051003000802,NMBMF,42,49,17,480.00,8160.00
9843,9844,2023051005000681,NTC,34,17,10,794.00,7940.00
9844,9845,2023051001003144,HIDCLP,8,22,10,97.90,979.00
9845,9846,2023051004001631,JOSHI,39,44,10,258.00,2580.00
9846,9847,2023051005000680,CHDC,44,58,10,719.00,7190.00
9847,9848,2023051004001630,AHPC,58,32,300,277.00,83100.00
9848,9849,2023051001003143,LBL,58,48,21,182.50,3832.50
9849,9850,2023051004001629,HDHPC,59,25,115,161.00,18515.00
9850,9851,2023051004001628,HDHPC,34,25,885,161.10,142573.50
9851,9852,2023051001003142,SMJC,45,35,10,245.60,2456.00
9852,9853,2023051001003141,GVL,55,58,10,390.00,3900.00
9853,9854,2023051005000679,NIBSF2,7,39,100,7.16,716.00
9854,9855,2023051005000678,SAGF,40,38,1000,7.86,7860.00
9855,9856,2023051001003140,MKHC,42,57,10,243.00,2430.00
9856,9857,2023051001003139,MAKAR,35,35,10,251.00,2510.00
9857,9858,2023051001003138,MAKAR,35,45,10,251.00,2510.00
9858,9859,2023051001003137,JALPA,55,38,20,1590.00,31800.00
9859,9860,2023051004001627,UPPER,3,58,30,408.50,12255.00
9860,9861,2023051004001626,UPPER,43,58,10,408.50,4085.00
9861,9862,2023051004001625,UPPER,51,58,10,408.50,4085.00
9862,9863,2023051001003136,MHCL,7,58,10,215.10,2151.00
9863,9864,2023051001003135,SHIVM,39,57,100,400.00,40000.00
9864,9865,2023051001003134,SHIVM,59,57,300,400.00,120000.00
9865,9866,2023051001003133,SHIVM,42,57,10,400.00,4000.00
9866,9867,2023051001003132,SHIVM,54,57,40,400.00,16000.00
9867,9868,2023051001003131,SHIVM,6,57,50,400.00,20000.00
9868,9869,2023051001003130,SHIVM,14,57,20,400.10,8002.00
9869,9870,2023051001003129,SMHL,21,35,10,380.30,3803.00
9870,9871,2023051001003128,MAKAR,35,38,10,251.00,2510.00
9871,9872,2023051003000801,NLIC,28,28,800,654.50,523600.00
9872,9873,2023051004001624,SHL,14,17,100,262.40,26240.00
9873,9874,2023051001003127,ADBL,57,44,10,233.00,2330.00
9874,9875,2023051001003126,NABIL,22,28,10,595.00,5950.00
9875,9876,2023051001003125,SPHL,35,58,10,360.80,3608.00
9876,9877,2023051001003124,NMB,14,32,10,232.00,2320.00
9877,9878,2023051005000677,NIFRA,36,39,54,205.10,11075.40
9878,9879,2023051001003123,NABIL,33,28,65,595.00,38675.00
9879,9880,2023051001003122,JALPA,39,38,10,1590.10,15901.00
9880,9881,2023051005000676,NRIC,57,44,35,679.00,23765.00
9881,9882,2023051001003121,MAKAR,35,58,10,251.00,2510.00
9882,9883,2023051001003120,NMB,14,32,17,232.00,3944.00
9883,9884,2023051004001623,HDHPC,58,45,10,161.50,1615.00
9884,9885,2023051001003119,MBJC,53,39,10,274.00,2740.00
9885,9886,2023051001003118,SMJC,57,35,10,246.00,2460.00
9886,9887,2023051001003117,SANIMA,29,39,100,242.00,24200.00
9887,9888,2023051004001622,API,26,49,22,230.00,5060.00
9888,9889,2023051004001621,API,26,44,27,230.00,6210.00
9889,9890,2023051001003116,NIMB,21,58,250,181.00,45250.00
9890,9891,2023051004001620,GLH,7,39,10,258.30,2583.00
9891,9892,2023051001003115,PHCL,25,48,10,305.40,3054.00
9892,9893,2023051004001619,SGIC,58,58,10,431.50,4315.00
9893,9894,2023051003000800,NADEP,25,16,10,501.10,5011.00
9894,9895,2023051001003114,EHPL,45,35,10,343.00,3430.00
9895,9896,2023051001003113,MAKAR,21,38,10,250.30,2503.00
9896,9897,2023051005000675,NIFRA,36,32,10,205.10,2051.00
9897,9898,2023051005000674,NIFRA,36,28,10,205.10,2051.00
9898,9899,2023051001003112,AVYAN,13,41,10,568.10,5681.00
9899,9900,2023051005000673,NIFRA,36,34,10,205.10,2051.00
9900,9901,2023051005000672,NIFRA,36,32,44,205.10,9024.40
9901,9902,2023051001003111,PRVU,34,55,150,165.50,24825.00
9902,9903,2023051001003110,EHPL,28,48,10,343.10,3431.00
9903,9904,2023051001003109,HIDCLP,8,33,468,97.90,45817.20
9904,9905,2023051001003108,HIDCLP,34,33,32,97.90,3132.80
9905,9906,2023051001003107,TAMOR,49,34,10,268.00,2680.00
9906,9907,2023051001003106,SAHAS,43,6,10,490.00,4900.00
9907,9908,2023051001003105,SAHAS,43,22,10,490.00,4900.00
9908,9909,2023051001003104,SAHAS,43,25,10,490.00,4900.00
9909,9910,2023051001003103,SAHAS,43,58,10,490.00,4900.00
9910,9911,2023051001003102,SAHAS,43,29,10,490.00,4900.00
9911,9912,2023051001003101,SAHAS,43,45,10,490.00,4900.00
9912,9913,2023051004001618,SHL,34,17,200,262.00,52400.00
9913,9914,2023051001003100,SMJC,50,42,10,246.00,2460.00
9914,9915,2023051001003099,SHIVM,17,8,12,400.50,4806.00
9915,9916,2023051003000799,PLI,33,58,10,404.00,4040.00
9916,9917,2023051004001617,SPIL,17,7,27,568.00,15336.00
9917,9918,2023051004001616,SPIL,17,49,423,568.00,240264.00
9918,9919,2023051004001615,SPIL,17,33,33,567.90,18740.70
9919,9920,2023051001003098,MAKAR,21,49,10,250.30,2503.00
9920,9921,2023051004001614,SSHL,42,57,20,196.50,3930.00
9921,9922,2023051001003097,MAKAR,21,35,10,250.30,2503.00
9922,9923,2023051004001613,NHPC,19,35,200,204.00,40800.00
9923,9924,2023051003000798,MNBBL,54,22,60,385.90,23154.00
9924,9925,2023051003000797,MNBBL,54,16,440,385.90,169796.00
9925,9926,2023051004001612,HDHPC,42,45,50,161.50,8075.00
9926,9927,2023051001003096,NIMB,21,58,250,181.00,45250.00
9927,9928,2023051001003095,PRVU,59,55,1400,165.50,231700.00
9928,9929,2023051001003094,NABIL,50,44,23,593.00,13639.00
9929,9930,2023051001003093,SCB,45,1,50,523.50,26175.00
9930,9931,2023051001003092,NBL,56,17,1000,248.60,248600.00
9931,9932,2023051001003091,SAHAS,54,50,10,488.50,4885.00
9932,9933,2023051001003090,MBJC,18,6,10,274.00,2740.00
9933,9934,2023051001003089,MAKAR,21,34,10,250.30,2503.00
9934,9935,2023051004001611,UPPER,3,13,25,409.00,10225.00
9935,9936,2023051001003088,MAKAR,21,58,10,250.30,2503.00
9936,9937,2023051003000796,DDBL,50,26,25,620.00,15500.00
9937,9938,2023051001003087,BHL,34,45,10,282.10,2821.00
9938,9939,2023051001003086,SMJC,45,46,10,245.40,2454.00
9939,9940,2023051001003085,MBJC,18,21,10,274.00,2740.00
9940,9941,2023051004001610,AKJCL,13,22,35,207.00,7245.00
9941,9942,2023051001003084,NIMB,21,14,128,180.50,23104.00
9942,9943,2023051005000671,HIDCL,32,59,10,179.40,1794.00
9943,9944,2023051003000795,NLIC,56,38,20,655.00,13100.00
9944,9945,2023051004001609,CHCL,56,48,74,462.00,34188.00
9945,9946,2023051004001608,BPCL,42,7,10,316.00,3160.00
9946,9947,2023051004001607,SGIC,39,36,20,435.00,8700.00
9947,9948,2023051004001606,SGIC,39,7,20,434.00,8680.00
9948,9949,2023051001003083,PHCL,58,49,10,305.30,3053.00
9949,9950,2023051003000794,NLICL,11,44,100,573.00,57300.00
9950,9951,2023051003000793,MFIL,4,44,500,421.00,210500.00
9951,9952,2023051001003082,MHCL,7,45,10,215.10,2151.00
9952,9953,2023051001003081,SMH,42,38,10,530.00,5300.00
9953,9954,2023051001003080,SMJC,42,46,10,245.30,2453.00
9954,9955,2023051001003079,MHCL,45,8,10,215.00,2150.00
9955,9956,2023051001003078,MHCL,45,35,10,215.00,2150.00
9956,9957,2023051001003077,PRVU,14,55,900,165.50,148950.00
9957,9958,2023051001003076,HBL,57,44,12,218.00,2616.00
9958,9959,2023051004001605,AKPL,6,53,10,359.90,3599.00
9959,9960,2023051003000792,SKBBL,38,16,500,814.00,407000.00
9960,9961,2023051001003075,PHCL,33,38,179,308.00,55132.00
9961,9962,2023051001003074,MAKAR,25,59,10,250.20,2502.00
9962,9963,2023051005000670,NTC,35,17,10,790.00,7900.00
9963,9964,2023051005000669,NTC,57,17,25,790.00,19750.00
9964,9965,2023051005000668,NTC,17,17,2000,790.00,1580000.00
9965,9966,2023051005000667,NTC,35,17,100,790.00,79000.00
9966,9967,2023051005000666,NTC,19,17,20,790.00,15800.00
9967,9968,2023051005000665,NTC,41,17,10,790.00,7900.00
9968,9969,2023051005000664,NTC,45,17,15,790.00,11850.00
9969,9970,2023051005000663,NTC,4,17,50,790.00,39500.00
9970,9971,2023051005000662,NTC,55,17,62,790.00,48980.00
9971,9972,2023051005000661,NTC,57,17,50,790.00,39500.00
9972,9973,2023051005000660,NTC,58,17,63,790.00,49770.00
9973,9974,2023051005000659,NTC,39,17,20,790.00,15800.00
9974,9975,2023051005000658,NTC,25,17,20,790.10,15802.00
9975,9976,2023051005000657,NTC,6,17,500,790.10,395050.00
9976,9977,2023051005000656,NTC,17,17,100,790.20,79020.00
9977,9978,2023051005000655,NTC,58,17,25,790.30,19757.50
9978,9979,2023051005000654,NTC,38,17,300,791.00,237300.00
9979,9980,2023051005000653,NTC,33,17,100,791.00,79100.00
9980,9981,2023051001003073,SMJC,32,34,10,247.00,2470.00
9981,9982,2023051001003072,SMJC,32,46,10,246.00,2460.00
9982,9983,2023051001003071,NIMB,21,32,187,180.30,33716.10
9983,9984,2023051001003070,BHPL,17,38,10,436.00,4360.00
9984,9985,2023051005000652,HIDCL,46,4,300,178.10,53430.00
9985,9986,2023051001003069,KDL,55,49,10,712.10,7121.00
9986,9987,2023051001003068,NYADI,58,16,10,269.00,2690.00
9987,9988,2023051003000791,CBBL,58,57,21,777.00,16317.00
9988,9989,2023051001003067,JALPA,13,38,10,1590.20,15902.00
9989,9990,2023051001003066,NABIL,5,7,100,594.00,59400.00
9990,9991,2023051001003065,NESDO,28,58,10,2041.00,20410.00
9991,9992,2023051001003064,PRVU,55,55,281,165.50,46505.50
9992,9993,2023051001003063,PHCL,39,38,500,308.00,154000.00
9993,9994,2023051001003062,SMJC,42,52,10,245.30,2453.00
9994,9995,2023051005000651,KDBY,52,17,800,8.16,6528.00
9995,9996,2023051003000790,NLICL,14,44,73,573.00,41829.00
9996,9997,2023051001003061,PCBL,1,32,190,192.60,36594.00
9997,9998,2023051003000789,PLI,57,58,10,406.00,4060.00
9998,9999,2023051003000788,PLI,57,53,10,405.00,4050.00
9999,10000,2023051003000787,PLI,57,58,10,405.00,4050.00
10000,10001,2023051003000786,PLI,57,49,10,405.00,4050.00
10001,10002,2023051003000785,PLI,57,36,10,404.00,4040.00
10002,10003,2023051003000784,PLI,57,57,10,404.00,4040.00
10003,10004,2023051004001604,NHPC,56,35,300,204.00,61200.00
10004,10005,2023051001003060,PCBL,56,32,10,192.60,1926.00
10005,10006,2023051001003059,TAMOR,49,59,10,268.00,2680.00
10006,10007,2023051003000783,SJLIC,57,59,15,416.00,6240.00
10007,10008,2023051005000650,NIFRA,7,22,15,206.00,3090.00
10008,10009,2023051001003058,NESDO,28,59,10,2030.00,20300.00
10009,10010,2023051001003057,MAKAR,56,35,10,251.00,2510.00
10010,10011,2023051004001603,HDHPC,32,59,290,160.00,46400.00
10011,10012,2023051004001602,HDHPC,45,59,10,160.00,1600.00
10012,10013,2023051004001601,HDHPC,41,59,200,160.20,32040.00
10013,10014,2023051004001600,HDHPC,48,59,500,160.30,80150.00
10014,10015,2023051004001599,HDHPC,57,59,500,160.50,80250.00
10015,10016,2023051004001598,HDHPC,59,59,500,160.60,80300.00
10016,10017,2023051004001597,UPPER,51,33,40,408.50,16340.00
10017,10018,2023051001003056,KDL,55,42,10,715.00,7150.00
10018,10019,2023051001003055,KDL,55,57,10,715.00,7150.00
10019,10020,2023051001003054,KDL,55,14,10,715.00,7150.00
10020,10021,2023051001003053,KDL,55,17,10,715.00,7150.00
10021,10022,2023051001003052,KDL,55,58,10,715.00,7150.00
10022,10023,2023051001003051,NICA,28,28,4033,710.60,2865849.80
10023,10024,2023051001003050,NICA,11,28,200,711.00,142200.00
10024,10025,2023051001003049,NICA,18,43,200,711.00,142200.00
10025,10026,2023051001003048,NICA,18,55,180,711.00,127980.00
10026,10027,2023051003000782,CBBL,48,57,50,777.00,38850.00
10027,10028,2023051003000781,RMDC,16,14,420,669.00,280980.00
10028,10029,2023051001003047,BHDC,58,49,10,384.00,3840.00
10029,10030,2023051004001596,GLH,7,46,10,258.30,2583.00
10030,10031,2023051001003046,MAKAR,25,35,10,250.20,2502.00
10031,10032,2023051001003045,KDL,55,13,10,715.00,7150.00
10032,10033,2023051001003044,KDL,55,49,180,715.00,128700.00
10033,10034,2023051001003043,JALPA,13,38,10,1590.40,15904.00
10034,10035,2023051004001595,HDHPC,58,45,62,161.50,10013.00
10035,10036,2023051004001594,HDHPC,58,45,10,161.40,1614.00
10036,10037,2023051004001593,HDHPC,58,33,510,161.30,82263.00
10037,10038,2023051004001592,HDHPC,58,57,278,161.20,44813.60
10038,10039,2023051001003042,PCBL,54,32,21,192.60,4044.60
10039,10040,2023051001003041,SMJC,34,35,10,245.20,2452.00
10040,10041,2023051003000780,NLICL,14,7,127,573.00,72771.00
10041,10042,2023051005000649,HIDCL,46,26,85,178.10,15138.50
10042,10043,2023051005000648,HIDCL,14,26,500,178.20,89100.00
10043,10044,2023051005000647,HIDCL,42,26,50,178.20,8910.00
10044,10045,2023051005000646,HIDCL,32,26,15,178.30,2674.50
10045,10046,2023051001003040,GBIME,19,21,79,183.00,14457.00
10046,10047,2023051004001591,BPCL,42,13,100,316.00,31600.00
10047,10048,2023051001003039,KDL,46,42,10,712.30,7123.00
10048,10049,2023051001003038,TAMOR,49,10,10,268.00,2680.00
10049,10050,2023051001003037,SMJC,34,46,10,245.20,2452.00
10050,10051,2023051004001590,HDHPC,58,26,10,161.00,1610.00
10051,10052,2023051001003036,GVL,55,49,10,390.00,3900.00
10052,10053,2023051003000779,SWMF,45,38,10,554.00,5540.00
10053,10054,2023051001003035,PHCL,26,35,10,305.10,3051.00
10054,10055,2023051005000645,MMF1,29,17,1000,7.05,7050.00
10055,10056,2023051001003034,NIBLGF,10,45,100,7.90,790.00
10056,10057,2023051004001589,AKJCL,13,47,465,207.00,96255.00
10057,10058,2023051004001588,AKJCL,13,8,15,207.00,3105.00
10058,10059,2023051004001587,AKJCL,13,22,185,207.00,38295.00
10059,10060,2023051005000644,HIDCL,25,10,249,179.50,44695.50
10060,10061,2023051005000643,HIDCL,25,52,418,179.50,75031.00
10061,10062,2023051005000642,HIDCL,25,7,333,179.40,59740.20
10062,10063,2023051001003033,SHIVM,17,8,92,400.50,36846.00
10063,10064,2023051004001586,HDHPC,35,26,50,161.00,8050.00
10064,10065,2023051003000778,LBBL,32,34,20,329.00,6580.00
10065,10066,2023051003000777,LBBL,32,16,50,329.00,16450.00
10066,10067,2023051003000776,LBBL,32,34,10,329.00,3290.00
10067,10068,2023051003000775,CBBL,49,57,40,777.00,31080.00
10068,10069,2023051004001585,BPCL,42,13,500,316.00,158000.00
10069,10070,2023051001003032,PHCL,26,58,10,305.10,3051.00
10070,10071,2023051003000774,LBBL,4,54,170,326.00,55420.00
10071,10072,2023051001003031,SMHL,21,41,10,380.10,3801.00
10072,10073,2023051005000641,NIFRA,32,22,10,206.00,2060.00
10073,10074,2023051001003030,HBL,52,1,94,219.00,20586.00
10074,10075,2023051001003029,GBIME,43,33,200,182.80,36560.00
10075,10076,2023051001003028,SBL,29,41,50,245.00,12250.00
10076,10077,2023051001003027,SHIVM,36,8,18,400.50,7209.00
10077,10078,2023051001003026,PCBL,19,32,500,192.60,96300.00
10078,10079,2023051004001584,TRH,19,28,10,505.20,5052.00
10079,10080,2023051003000773,DDBL,39,26,20,620.00,12400.00
10080,10081,2023051001003025,TAMOR,47,58,190,269.00,51110.00
10081,10082,2023051001003024,KDL,55,35,10,712.10,7121.00
10082,10083,2023051005000640,HIDCL,32,7,10,179.40,1794.00
10083,10084,2023051001003023,TAMOR,49,58,10,268.00,2680.00
10084,10085,2023051003000772,LBBL,32,34,300,329.00,98700.00
10085,10086,2023051001003022,PCBL,6,32,65,192.60,12519.00
10086,10087,2023051004001583,AKPL,57,17,15,357.00,5355.00
10087,10088,2023051004001582,AKPL,57,17,85,357.00,30345.00
10088,10089,2023051001003021,MHCL,22,38,10,215.00,2150.00
10089,10090,2023051001003020,MHCL,22,21,10,215.00,2150.00
10090,10091,2023051001003019,MHCL,22,49,20,215.00,4300.00
10091,10092,2023051004001581,GLH,7,46,10,258.30,2583.00
10092,10093,2023051001003018,EBL,44,39,10,527.00,5270.00
10093,10094,2023051001003017,SHIVM,3,8,890,400.50,356445.00
10094,10095,2023051003000771,KMCDB,53,42,1,564.50,564.50
10095,10096,2023051001003016,ADBL,45,34,1000,232.00,232000.00
10096,10097,2023051005000639,KDBY,52,56,100,8.10,810.00
10097,10098,2023051005000638,KDBY,52,42,100,8.00,800.00
10098,10099,2023051004001580,LEC,37,25,20,240.40,4808.00
10099,10100,2023051001003015,MKHC,7,58,10,242.10,2421.00
10100,10101,2023051005000637,NIFRA,46,21,54,205.00,11070.00
10101,10102,2023051001003014,SHIVM,25,8,100,400.00,40000.00
10102,10103,2023051001003013,SHIVM,58,8,200,400.00,80000.00
10103,10104,2023051001003012,SHIVM,47,8,100,400.00,40000.00
10104,10105,2023051001003011,SHIVM,41,8,500,400.50,200250.00
10105,10106,2023051003000770,GBBL,34,58,10,353.00,3530.00
10106,10107,2023051004001579,BPCL,42,34,150,316.00,47400.00
10107,10108,2023051003000769,SJLIC,36,59,11,416.00,4576.00
10108,10109,2023051003000768,LBBL,1,34,200,329.00,65800.00
10109,10110,2023051001003010,KDL,55,58,10,714.00,7140.00
10110,10111,2023051001003009,KDL,55,38,10,714.00,7140.00
10111,10112,2023051001003008,MHCL,22,58,10,214.60,2146.00
10112,10113,2023051004001578,NICL,38,14,960,519.00,498240.00
10113,10114,2023051004001577,NICL,38,14,210,519.00,108990.00
10114,10115,2023051003000767,DDBL,34,26,20,620.00,12400.00
10115,10116,2023051001003007,GBIME,7,33,300,182.80,54840.00
10116,10117,2023051001003006,SBL,28,28,27,244.90,6612.30
10117,10118,2023051004001576,UMHL,57,48,450,225.00,101250.00
10118,10119,2023051004001575,UMHL,57,45,60,225.00,13500.00
10119,10120,2023051005000636,NTC,34,17,20,794.90,15898.00
10120,10121,2023051001003005,PHCL,58,4,10,305.00,3050.00
10121,10122,2023051003000766,GUFL,6,59,180,475.00,85500.00
10122,10123,2023051005000635,NIFRA,53,21,54,204.80,11059.20
10123,10124,2023051004001574,HDHPC,22,26,25,161.00,4025.00
10124,10125,2023051001003004,SBL,28,28,1700,244.90,416330.00
10125,10126,2023051001003003,SMJC,19,34,20,247.00,4940.00
10126,10127,2023051001003002,GBIME,57,1,81,182.70,14798.70
10127,10128,2023051001003001,RFPL,18,46,10,245.50,2455.00
10128,10129,2023051001003000,PHCL,58,4,10,305.00,3050.00
10129,10130,2023051003000765,PROFL,38,59,20,290.00,5800.00
10130,10131,2023051004001573,AHPC,58,58,40,276.00,11040.00
10131,10132,2023051001002999,NIMB,54,58,82,180.10,14768.20
10132,10133,2023051001002998,MBJC,18,34,10,274.00,2740.00
10133,10134,2023051001002997,SHIVM,8,8,900,400.00,360000.00
10134,10135,2023051001002996,SHIVM,49,8,50,400.00,20000.00
10135,10136,2023051001002995,SHIVM,3,8,100,400.50,40050.00
10136,10137,2023051001002994,SMJC,50,55,10,246.00,2460.00
10137,10138,2023051001002993,SMJC,50,14,10,246.00,2460.00
10138,10139,2023051005000634,NSIF2,10,14,100,8.00,800.00
10139,10140,2023051005000633,NSIF2,10,6,100,8.00,800.00
10140,10141,2023051005000632,NSIF2,10,58,100,8.00,800.00
10141,10142,2023051001002992,SHIVM,3,8,389,400.50,155794.50
10142,10143,2023051003000764,PLI,40,14,10,403.00,4030.00
10143,10144,2023051001002991,MAKAR,47,45,10,250.00,2500.00
10144,10145,2023051003000763,MLBL,3,58,100,300.00,30000.00
10145,10146,2023051001002990,SANIMA,19,39,10,243.00,2430.00
10146,10147,2023051004001572,AKPL,57,49,150,360.00,54000.00
10147,10148,2023051004001571,AKPL,57,48,800,360.00,288000.00
10148,10149,2023051004001570,AKPL,57,49,15,360.00,5400.00
10149,10150,2023051004001569,AKPL,57,13,50,360.00,18000.00
10150,10151,2023051004001568,AKPL,57,34,200,359.20,71840.00
10151,10152,2023051004001567,AKPL,57,34,100,359.10,35910.00
10152,10153,2023051004001566,AKPL,57,19,150,359.00,53850.00
10153,10154,2023051004001565,AKPL,57,44,200,359.00,71800.00
10154,10155,2023051004001564,AKPL,57,44,97,358.90,34813.30
10155,10156,2023051001002989,SHIVM,42,8,100,400.50,40050.00
10156,10157,2023051004001563,HDHPC,17,26,400,161.00,64400.00
10157,10158,2023051001002988,TAMOR,5,58,10,269.00,2690.00
10158,10159,2023051001002987,NIMB,34,58,20,180.20,3604.00
10159,10160,2023051001002986,NIMB,52,58,100,180.20,18020.00
10160,10161,2023051001002985,NIMB,26,58,10,180.20,1802.00
10161,10162,2023051001002984,NIMB,52,58,35,180.20,6307.00
10162,10163,2023051004001562,SPIL,19,49,10,568.00,5680.00
10163,10164,2023051001002983,SMJC,34,35,10,245.20,2452.00
10164,10165,2023051004001561,RHPL,42,16,20,273.90,5478.00
10165,10166,2023051001002982,PHCL,58,34,10,305.00,3050.00
10166,10167,2023051001002981,PHCL,58,58,10,305.00,3050.00
10167,10168,2023051001002980,PHCL,58,49,10,305.00,3050.00
10168,10169,2023051001002979,PHCL,58,21,10,305.00,3050.00
10169,10170,2023051001002978,PHCL,58,14,10,305.00,3050.00
10170,10171,2023051001002977,PHCL,58,32,10,305.00,3050.00
10171,10172,2023051001002976,PHCL,58,59,10,305.00,3050.00
10172,10173,2023051001002975,PHCL,58,13,10,305.00,3050.00
10173,10174,2023051004001560,SHL,42,17,100,262.40,26240.00
10174,10175,2023051001002974,MKHC,7,41,10,242.10,2421.00
10175,10176,2023051004001559,AKJCL,26,8,20,206.90,4138.00
10176,10177,2023051003000762,NLIC,21,26,500,660.00,330000.00
10177,10178,2023051003000761,NLIC,21,17,114,659.90,75228.60
10178,10179,2023051003000760,NLIC,21,7,17,659.00,11203.00
10179,10180,2023051001002973,CZBIL,17,33,100,169.00,16900.00
10180,10181,2023051001002972,TAMOR,49,45,10,268.00,2680.00
10181,10182,2023051001002971,MAKAR,47,49,10,250.00,2500.00
10182,10183,2023051001002970,GBIME,57,29,28,182.70,5115.60
10183,10184,2023051001002969,NIMB,58,32,13,180.30,2343.90
10184,10185,2023051001002968,UHEWA,26,35,10,370.50,3705.00
10185,10186,2023051001002967,SMHL,21,58,10,380.10,3801.00
10186,10187,2023051005000631,NIFRA,32,21,10,206.00,2060.00
10187,10188,2023051001002966,RHGCL,21,49,10,251.50,2515.00
10188,10189,2023051001002965,NABIL,5,35,50,593.90,29695.00
10189,10190,2023051001002964,SMHL,21,35,10,380.10,3801.00
10190,10191,2023051003000759,ALICL,57,17,455,543.00,247065.00
10191,10192,2023051003000758,ALICL,34,17,500,543.00,271500.00
10192,10193,2023051003000757,ALICL,45,17,200,543.10,108620.00
10193,10194,2023051003000756,ALICL,34,17,50,544.00,27200.00
10194,10195,2023051003000755,ALICL,5,17,295,544.00,160480.00
10195,10196,2023051003000754,LICN,28,28,300,1248.50,374550.00
10196,10197,2023051003000753,LICN,28,28,360,1248.50,449460.00
10197,10198,2023051003000752,RLFL,36,56,500,283.00,141500.00
10198,10199,2023051005000630,HIDCL,45,40,95,179.00,17005.00
10199,10200,2023051004001558,CHCL,56,7,200,460.00,92000.00
10200,10201,2023051004001557,CHCL,14,7,39,460.10,17943.90
10201,10202,2023051004001556,CHCL,22,7,14,461.00,6454.00
10202,10203,2023051001002963,NMB,19,48,10,233.90,2339.00
10203,10204,2023051001002962,SHIVM,45,8,500,400.50,200250.00
10204,10205,2023051001002961,AHL,10,49,10,340.00,3400.00
10205,10206,2023051001002960,AHL,10,1,10,340.00,3400.00
10206,10207,2023051001002959,KDL,55,41,10,712.00,7120.00
10207,10208,2023051001002958,PHCL,58,21,10,304.00,3040.00
10208,10209,2023051001002957,USHEC,5,6,10,285.00,2850.00
10209,10210,2023051004001555,SGIC,48,25,20,431.00,8620.00
10210,10211,2023051001002956,MAKAR,47,58,10,250.00,2500.00
10211,10212,2023051001002955,TAMOR,5,59,10,269.00,2690.00
10212,10213,2023051001002954,TAMOR,29,58,10,268.10,2681.00
10213,10214,2023051003000751,FMDBL,10,58,10,510.00,5100.00
10214,10215,2023051004001554,NGPL,19,42,15,236.00,3540.00
10215,10216,2023051004001553,HDHPC,54,26,25,161.00,4025.00
10216,10217,2023051004001552,HDHPC,54,48,100,160.90,16090.00
10217,10218,2023051004001551,HDHPC,54,58,25,160.50,4012.50
10218,10219,2023051004001550,UPPER,17,35,15,409.50,6142.50
10219,10220,2023051003000750,CBBL,40,29,10,777.70,7777.00
10220,10221,2023051001002953,NABIL,22,6,200,593.10,118620.00
10221,10222,2023051001002952,MHCL,22,42,10,214.40,2144.00
10222,10223,2023051001002951,SPHL,54,58,10,361.20,3612.00
10223,10224,2023051001002950,GBIME,57,18,78,182.60,14242.80
10224,10225,2023051001002949,JALPA,19,38,30,1594.50,47835.00
10225,10226,2023051001002948,KBL,19,17,10,165.00,1650.00
10226,10227,2023051001002947,TAMOR,29,35,10,268.10,2681.00
10227,10228,2023051001002946,JALPA,16,38,50,1594.50,79725.00
10228,10229,2023051001002945,JALPA,49,38,10,1595.00,15950.00
10229,10230,2023051003000749,NLIC,17,7,112,659.00,73808.00
10230,10231,2023051003000748,NLIC,17,58,17,658.00,11186.00
10231,10232,2023051003000747,ACLBSL,53,57,100,555.00,55500.00
10232,10233,2023051001002944,SBI,21,32,30,325.00,9750.00
10233,10234,2023051001002943,SBI,17,32,50,325.00,16250.00
10234,10235,2023051001002942,SBI,49,32,1000,325.00,325000.00
10235,10236,2023051001002941,SBI,11,32,20,325.00,6500.00
10236,10237,2023051001002940,SBI,28,32,100,325.00,32500.00
10237,10238,2023051001002939,SBI,28,32,100,325.00,32500.00
10238,10239,2023051005000629,HIDCL,19,40,18,179.00,3222.00
10239,10240,2023051004001549,NLG,29,49,15,592.00,8880.00
10240,10241,2023051003000746,NICLBSL,45,41,10,534.00,5340.00
10241,10242,2023051001002938,SHIVM,36,8,11,400.50,4405.50
10242,10243,2023051003000745,GUFL,6,41,180,475.00,85500.00
10243,10244,2023051001002937,NYADI,44,42,10,268.30,2683.00
10244,10245,2023051001002936,GBIME,54,57,232,182.40,42316.80
10245,10246,2023051001002935,SBL,42,41,15,245.00,3675.00
10246,10247,2023051003000744,NUBL,52,57,19,524.50,9965.50
10247,10248,2023051001002934,NICA,7,58,332,710.10,235753.20
10248,10249,2023051001002933,NICA,25,58,20,710.10,14202.00
10249,10250,2023051001002932,NICA,43,58,50,710.10,35505.00
10250,10251,2023051001002931,NICA,7,58,80,710.10,56808.00
10251,10252,2023051003000743,SHINE,1,48,20,317.00,6340.00
10252,10253,2023051005000628,NIFRA,53,49,50,204.80,10240.00
10253,10254,2023051005000627,NTC,58,17,20,794.90,15898.00
10254,10255,2023051001002930,GBIME,19,18,18,182.60,3286.80
10255,10256,2023051001002929,KBL,48,17,272,165.00,44880.00
10256,10257,2023051001002928,KBL,48,17,228,165.00,37620.00
10257,10258,2023051001002927,AHL,49,49,10,339.00,3390.00
10258,10259,2023051004001548,HDHPC,35,48,100,160.90,16090.00
10259,10260,2023051001002926,MHCL,22,41,10,214.40,2144.00
10260,10261,2023051001002925,NICA,38,58,10,712.00,7120.00
10261,10262,2023051001002924,MAKAR,47,53,10,250.00,2500.00
10262,10263,2023051004001547,CGH,35,5,5,1000.00,5000.00
10263,10264,2023051004001546,BPCL,42,35,78,316.00,24648.00
10264,10265,2023051004001545,BPCL,42,26,50,316.00,15800.00
10265,10266,2023051004001544,BPCL,42,1,53,316.00,16748.00
10266,10267,2023051004001543,BPCL,42,38,27,316.00,8532.00
10267,10268,2023051001002923,NABIL,17,7,50,593.10,29655.00
10268,10269,2023051001002922,EBL,19,39,19,528.70,10045.30
10269,10270,2023051003000742,NLICL,28,7,83,573.00,47559.00
10270,10271,2023051001002921,SANIMA,16,51,249,241.10,60033.90
10271,10272,2023051001002920,SANIMA,28,51,25,241.20,6030.00
10272,10273,2023051001002919,SANIMA,37,51,75,241.20,18090.00
10273,10274,2023051001002918,SANIMA,34,51,11,241.50,2656.50
10274,10275,2023051003000741,ICFC,34,41,120,403.00,48360.00
10275,10276,2023051003000740,ICFC,22,41,30,403.00,12090.00
10276,10277,2023051001002917,NBL,8,59,100,249.00,24900.00
10277,10278,2023051001002916,MBJC,18,35,10,274.00,2740.00
10278,10279,2023051001002915,MAKAR,47,32,10,250.00,2500.00
10279,10280,2023051001002914,JBLB,43,54,15,1395.10,20926.50
10280,10281,2023051001002913,MAKAR,47,49,10,250.00,2500.00
10281,10282,2023051004001542,SSHL,16,57,10,196.70,1967.00
10282,10283,2023051001002912,JBLB,57,58,10,1396.40,13964.00
10283,10284,2023051001002911,GBBD85,58,35,25,805.10,20127.50
10284,10285,2023051001002910,KBL,47,17,200,165.00,33000.00
10285,10286,2023051001002909,SHIVM,48,8,1965,400.00,786000.00
10286,10287,2023051004001541,UPPER,47,44,50,409.00,20450.00
10287,10288,2023051004001540,UPPER,48,44,200,409.00,81800.00
10288,10289,2023051004001539,UPPER,16,44,490,409.00,200410.00
10289,10290,2023051001002908,SCB,D01,42,1000,524.00,524000.00
10290,10291,2023051001002907,SCB,14,42,500,524.00,262000.00
10291,10292,2023051001002906,SHIVM,48,8,35,400.00,14000.00
10292,10293,2023051001002905,SHIVM,42,8,100,400.00,40000.00
10293,10294,2023051001002904,SHIVM,8,8,865,400.00,346000.00
10294,10295,2023051001002903,SGHC,21,49,10,288.00,2880.00
10295,10296,2023051003000739,GUFL,34,41,20,475.50,9510.00
10296,10297,2023051004001538,HDHPC,42,26,15,161.00,2415.00
10297,10298,2023051001002902,SHIVM,8,8,135,400.00,54000.00
10298,10299,2023051001002901,NBL,54,59,1000,249.00,249000.00
10299,10300,2023051001002900,DORDI,49,58,10,265.10,2651.00
10300,10301,2023051005000626,CHDC,44,49,10,720.00,7200.00
10301,10302,2023051005000625,CHDC,44,17,200,719.90,143980.00
10302,10303,2023051005000624,CHDC,44,17,100,719.60,71960.00
10303,10304,2023051001002899,RFPL,18,49,10,245.50,2455.00
10304,10305,2023051001002898,TAMOR,5,16,10,269.00,2690.00
10305,10306,2023051001002897,TAMOR,5,21,10,269.00,2690.00
10306,10307,2023051005000623,NIFRA,32,48,10,206.00,2060.00
10307,10308,2023051001002896,GBIME,5,18,104,182.60,18990.40
10308,10309,2023051001002895,GBIME,5,4,128,182.60,23372.80
10309,10310,2023051004001537,MHNL,17,33,895,263.00,235385.00
10310,10311,2023051004001536,MHNL,56,33,70,263.00,18410.00
10311,10312,2023051004001535,MHNL,58,33,10,263.10,2631.00
10312,10313,2023051004001534,MHNL,48,33,25,263.10,6577.50
10313,10314,2023051004001533,SHL,42,17,100,262.40,26240.00
10314,10315,2023051001002894,DLBS,26,44,10,700.00,7000.00
10315,10316,2023051001002893,DLBS,26,49,10,698.80,6988.00
10316,10317,2023051001002892,DLBS,26,36,10,695.00,6950.00
10317,10318,2023051003000738,ALICL,5,34,105,544.00,57120.00
10318,10319,2023051003000737,ALICL,45,34,60,545.00,32700.00
10319,10320,2023051003000736,ALICL,14,34,110,545.00,59950.00
10320,10321,2023051003000735,ALICL,56,34,15,545.00,8175.00
10321,10322,2023051003000734,ALICL,26,34,10,545.00,5450.00
10322,10323,2023051005000622,NIFRA,53,56,44,204.70,9006.80
10323,10324,2023051005000621,NIFRA,58,56,10,205.00,2050.00
10324,10325,2023051001002891,NBL,58,59,200,249.00,49800.00
10325,10326,2023051001002890,MAKAR,47,57,10,250.00,2500.00
10326,10327,2023051001002889,TAMOR,29,28,10,268.10,2681.00
10327,10328,2023051001002888,BHDC,58,58,10,383.60,3836.00
10328,10329,2023051005000620,CIT,22,7,20,2007.00,40140.00
10329,10330,2023051005000619,CIT,49,7,10,2008.00,20080.00
10330,10331,2023051004001532,HDHPC,57,26,475,161.00,76475.00
10331,10332,2023051004001531,HDHPC,57,29,25,161.00,4025.00
10332,10333,2023051001002887,SCB,3,22,100,525.00,52500.00
10333,10334,2023051001002886,GBIME,48,29,100,182.50,18250.00
10334,10335,2023051001002885,SPC,58,49,10,409.10,4091.00
10335,10336,2023051001002884,HDL,58,58,50,1895.00,94750.00
10336,10337,2023051003000733,VLBS,39,58,20,570.00,11400.00
10337,10338,2023051003000732,PLI,40,35,10,403.00,4030.00
10338,10339,2023051001002883,MHCL,22,28,10,214.40,2144.00
10339,10340,2023051004001530,HDHPC,57,29,25,161.00,4025.00
10340,10341,2023051001002882,SHIVM,8,8,800,400.00,320000.00
10341,10342,2023051001002881,TAMOR,29,51,10,268.10,2681.00
10342,10343,2023051004001529,HDHPC,45,42,1190,160.00,190400.00
10343,10344,2023051004001528,HDHPC,42,42,100,160.00,16000.00
10344,10345,2023051004001527,HDHPC,52,42,200,160.00,32000.00
10345,10346,2023051004001526,HDHPC,26,42,120,160.00,19200.00
10346,10347,2023051004001525,HDHPC,17,42,10,160.10,1601.00
10347,10348,2023051001002880,SHIVM,47,8,65,400.00,26000.00
10348,10349,2023051001002879,SHIVM,47,42,135,400.00,54000.00
10349,10350,2023051001002878,PHCL,26,51,10,303.50,3035.00
10350,10351,2023051001002877,SHIVM,22,42,15,400.00,6000.00
10351,10352,2023051001002876,SHIVM,22,8,35,400.00,14000.00
10352,10353,2023051001002875,RULB,55,21,10,647.00,6470.00
10353,10354,2023051004001524,AHPC,44,28,21,275.10,5777.10
10354,10355,2023051004001523,AHPC,18,28,19,275.10,5226.90
10355,10356,2023051004001522,AHPC,55,28,100,275.20,27520.00
10356,10357,2023051004001521,AHPC,46,28,20,275.20,5504.00
10357,10358,2023051001002874,MBJC,45,14,60,275.00,16500.00
10358,10359,2023051001002873,PHCL,26,56,10,303.50,3035.00
10359,10360,2023051004001520,HDHPC,52,49,800,160.90,128720.00
10360,10361,2023051004001519,HDHPC,26,42,180,160.00,28800.00
10361,10362,2023051001002872,PHCL,26,6,10,303.50,3035.00
10362,10363,2023051003000731,NUBL,39,57,33,525.00,17325.00
10363,10364,2023051001002871,SAHAS,54,49,10,488.50,4885.00
10364,10365,2023051001002870,SHIVM,34,8,965,400.00,386000.00
10365,10366,2023051001002869,SHIVM,34,8,125,400.00,50000.00
10366,10367,2023051001002868,NBL,34,17,28,248.90,6969.20
10367,10368,2023051005000618,CMF2,10,28,250,7.83,1957.50
10368,10369,2023051005000617,CMF2,10,14,1725,7.83,13506.75
10369,10370,2023051001002867,MKHC,7,35,10,242.10,2421.00
10370,10371,2023051005000616,NIFRA,32,6,10,205.90,2059.00
10371,10372,2023051001002866,USHEC,29,35,10,285.00,2850.00
10372,10373,2023051004001518,SJCL,3,33,120,265.10,31812.00
10373,10374,2023051004001517,SJCL,43,33,100,265.10,26510.00
10374,10375,2023051004001516,SJCL,19,33,500,266.00,133000.00
10375,10376,2023051004001515,SJCL,35,33,100,266.10,26610.00
10376,10377,2023051004001514,SJCL,20,33,80,266.10,21288.00
10377,10378,2023051001002865,GVL,28,56,10,388.10,3881.00
10378,10379,2023051004001513,CGH,49,10,10,1020.00,10200.00
10379,10380,2023051005000615,NMBHF1,29,14,4900,9.81,48069.00
10380,10381,2023051004001512,SHPC,58,43,106,324.90,34439.40
10381,10382,2023051001002864,DORDI,49,6,10,265.10,2651.00
10382,10383,2023051001002863,SCB,44,42,500,525.00,262500.00
10383,10384,2023051001002862,SCB,43,42,360,525.00,189000.00
10384,10385,2023051001002861,SCB,49,42,125,525.00,65625.00
10385,10386,2023051001002860,SCB,49,42,1000,525.00,525000.00
10386,10387,2023051001002859,SCB,D01,42,273,525.00,143325.00
10387,10388,2023051003000730,PLI,33,25,10,402.00,4020.00
10388,10389,2023051004001511,UPPER,16,35,10,409.00,4090.00
10389,10390,2023051004001510,UPPER,14,35,10,409.10,4091.00
10390,10391,2023051001002858,MBJC,45,56,10,275.00,2750.00
10391,10392,2023051001002857,NABIL,50,58,25,593.00,14825.00
10392,10393,2023051001002856,PHCL,26,34,10,303.50,3035.00
10393,10394,2023051005000614,NTC,43,17,20,794.90,15898.00
10394,10395,2023051001002855,NABIL,56,58,25,592.50,14812.50
10395,10396,2023051001002854,NABIL,21,58,50,592.50,29625.00
10396,10397,2023051001002853,NABIL,35,58,15,592.50,8887.50
10397,10398,2023051001002852,NABIL,51,58,10,592.50,5925.00
10398,10399,2023051003000729,ILBS,25,29,10,574.00,5740.00
10399,10400,2023051003000728,ALBSL,38,57,111,661.00,73371.00
10400,10401,2023051005000613,NRIC,58,45,15,680.00,10200.00
10401,10402,2023051001002851,SMJC,34,35,10,245.20,2452.00
10402,10403,2023051001002850,HDL,6,34,20,1899.00,37980.00
10403,10404,2023051001002849,MBJC,26,14,10,276.00,2760.00
10404,10405,2023051001002848,MBJC,5,14,59,276.00,16284.00
10405,10406,2023051005000612,NRIC,58,21,60,677.00,40620.00
10406,10407,2023051005000611,NRIC,58,50,60,675.00,40500.00
10407,10408,2023051001002847,SPHL,54,56,10,361.20,3612.00
10408,10409,2023051005000610,CIT,41,38,15,2015.00,30225.00
10409,10410,2023051001002846,AHL,38,6,10,338.60,3386.00
10410,10411,2023051003000727,FOWAD,55,55,10,1185.00,11850.00
10411,10412,2023051001002845,MBJC,5,42,10,276.00,2760.00
10412,10413,2023051001002844,PRVU,45,42,50,165.10,8255.00
10413,10414,2023051001002843,SMJC,34,21,10,245.20,2452.00
10414,10415,2023051001002842,MKHC,7,47,10,242.10,2421.00
10415,10416,2023051001002841,KDL,38,38,10,711.10,7111.00
10416,10417,2023051001002840,TAMOR,29,56,10,268.10,2681.00
10417,10418,2023051001002839,AHL,38,45,10,338.60,3386.00
10418,10419,2023051003000726,FOWAD,52,55,10,1189.00,11890.00
10419,10420,2023051001002838,NABIL,58,58,65,593.00,38545.00
10420,10421,2023051001002837,SANIMA,52,51,140,242.00,33880.00
10421,10422,2023051001002836,MAKAR,47,55,10,250.00,2500.00
10422,10423,2023051001002835,MBJC,5,38,10,276.00,2760.00
10423,10424,2023051001002834,MAKAR,47,45,10,250.00,2500.00
10424,10425,2023051004001509,SPDL,34,22,15,268.00,4020.00
10425,10426,2023051004001508,SGIC,48,35,10,431.00,4310.00
10426,10427,2023051003000725,GBBL,58,58,24,353.90,8493.60
10427,10428,2023051005000609,NMBHF1,25,14,5000,9.81,49050.00
10428,10429,2023051001002833,NABIL,22,58,10,593.00,5930.00
10429,10430,2023051001002832,CZBIL,1,3,275,168.70,46392.50
10430,10431,2023051001002831,CZBIL,45,3,100,168.70,16870.00
10431,10432,2023051005000608,CIT,49,38,225,2008.00,451800.00
10432,10433,2023051004001507,NICL,38,5,100,519.00,51900.00
10433,10434,2023051004001506,NICL,38,44,100,519.00,51900.00
10434,10435,2023051004001505,NICL,38,17,90,519.00,46710.00
10435,10436,2023051004001504,NICL,38,44,40,518.00,20720.00
10436,10437,2023051004001503,API,1,14,50,229.10,11455.00
10437,10438,2023051001002830,NIMBPO,16,11,29,166.60,4831.40
10438,10439,2023051001002829,NIMBPO,16,11,2000,167.00,334000.00
10439,10440,2023051001002828,NIMBPO,4,11,100,167.00,16700.00
10440,10441,2023051001002827,NIMBPO,25,11,500,168.00,84000.00
10441,10442,2023051001002826,TAMOR,54,45,10,268.10,2681.00
10442,10443,2023051003000724,SKBBL,11,16,100,814.90,81490.00
10443,10444,2023051003000723,MNBBL,52,25,66,385.50,25443.00
10444,10445,2023051001002825,TAMOR,5,7,10,270.00,2700.00
10445,10446,2023051001002824,MAKAR,44,49,10,252.00,2520.00
10446,10447,2023051001002823,SBL,21,49,30,245.00,7350.00
10447,10448,2023051001002822,SBL,11,49,80,245.00,19600.00
10448,10449,2023051001002821,SBL,6,49,1000,245.10,245100.00
10449,10450,2023051001002820,SBL,16,49,194,245.10,47549.40
10450,10451,2023051001002819,SBL,16,49,200,245.20,49040.00
10451,10452,2023051001002818,SBL,43,49,50,245.20,12260.00
10452,10453,2023051001002817,SBL,41,49,100,245.90,24590.00
10453,10454,2023051001002816,BHL,42,34,990,287.00,284130.00
10454,10455,2023051001002815,BHL,42,56,10,287.00,2870.00
10455,10456,2023051003000722,MFIL,51,47,50,421.00,21050.00
10456,10457,2023051001002814,NESDO,4,17,10,2064.90,20649.00
10457,10458,2023051001002813,SMH,29,49,10,527.20,5272.00
10458,10459,2023051001002812,MHCL,22,3,10,214.40,2144.00
10459,10460,2023051005000607,NTC,39,32,20,790.00,15800.00
10460,10461,2023051001002811,KBL,50,17,362,165.00,59730.00
10461,10462,2023051001002810,KBL,50,17,138,165.00,22770.00
10462,10463,2023051005000606,HIDCL,1,40,50,179.00,8950.00
10463,10464,2023051004001502,RADHI,22,58,11,235.00,2585.00
10464,10465,2023051005000605,NTC,58,32,10,790.00,7900.00
10465,10466,2023051001002809,USHEC,5,21,10,284.50,2845.00
10466,10467,2023051001002808,MKHC,7,45,10,242.10,2421.00
10467,10468,2023051001002807,SHIVM,38,8,10,400.00,4000.00
10468,10469,2023051001002806,NABIL,45,7,28,593.10,16606.80
10469,10470,2023051001002805,NABIL,28,7,320,593.10,189792.00
10470,10471,2023051001002804,NABIL,58,7,10,594.00,5940.00
10471,10472,2023051001002803,SHIVM,58,8,20,400.00,8000.00
10472,10473,2023051004001501,NIL,16,26,50,721.30,36065.00
10473,10474,2023051001002802,MAKAR,44,45,10,251.50,2515.00
10474,10475,2023051001002801,GBIME,5,35,68,182.30,12396.40
10475,10476,2023051001002800,SMJC,34,45,10,245.20,2452.00
10476,10477,2023051001002799,HBL,38,41,1000,219.90,219900.00
10477,10478,2023051001002798,HBL,38,18,100,219.90,21990.00
10478,10479,2023051001002797,HBL,38,41,19,219.70,4174.30
10479,10480,2023051001002796,HBL,38,18,90,219.50,19755.00
10480,10481,2023051001002795,SMJC,34,35,10,245.20,2452.00
10481,10482,2023051001002794,PHCL,26,42,10,303.50,3035.00
10482,10483,2023051004001500,UPCL,16,18,10,222.00,2220.00
10483,10484,2023051001002793,MHCL,22,41,10,214.40,2144.00
10484,10485,2023051001002792,NBL,4,17,1000,248.90,248900.00
10485,10486,2023051004001499,SPDL,26,51,33,267.90,8840.70
10486,10487,2023051001002791,MAKAR,44,34,10,251.50,2515.00
10487,10488,2023051001002790,MAKAR,44,14,10,251.50,2515.00
10488,10489,2023051001002789,CZBIL,38,3,94,169.00,15886.00
10489,10490,2023051001002788,CZBIL,51,3,30,169.00,5070.00
10490,10491,2023051001002787,PHCL,26,25,10,303.50,3035.00
10491,10492,2023051004001498,HDHPC,29,49,500,160.00,80000.00
10492,10493,2023051004001497,HDHPC,26,49,50,160.00,8000.00
10493,10494,2023051004001496,HDHPC,42,49,70,160.00,11200.00
10494,10495,2023051004001495,NGPL,25,42,100,236.00,23600.00
10495,10496,2023051001002786,NABIL,28,28,23,593.10,13641.30
10496,10497,2023051001002785,NABIL,1,28,20,594.00,11880.00
10497,10498,2023051001002784,PHCL,26,49,10,303.50,3035.00
10498,10499,2023051001002783,KBL,4,17,862,165.00,142230.00
10499,10500,2023051001002782,KBL,4,34,96,165.00,15840.00
10500,10501,2023051001002781,KBL,4,29,42,164.90,6925.80
10501,10502,2023051001002780,SHIVM,45,8,10,400.00,4000.00
10502,10503,2023051001002779,MAKAR,44,7,10,251.00,2510.00
10503,10504,2023051003000721,NLIC,56,48,160,655.00,104800.00
10504,10505,2023051003000720,NLIC,56,42,40,655.00,26200.00
10505,10506,2023051001002778,NICA,7,25,20,710.10,14202.00
10506,10507,2023051001002777,NICA,49,25,20,710.10,14202.00
10507,10508,2023051004001494,UPPER,16,44,500,409.00,204500.00
10508,10509,2023051001002776,MAKAR,44,58,10,251.00,2510.00
10509,10510,2023051001002775,GVL,28,59,10,388.10,3881.00
10510,10511,2023051001002774,PHCL,26,29,10,303.50,3035.00
10511,10512,2023051001002773,SHIVM,14,8,10,400.00,4000.00
10512,10513,2023051003000719,PFL,45,57,21,336.00,7056.00
10513,10514,2023051003000718,PFL,45,57,58,337.00,19546.00
10514,10515,2023051004001493,SHL,25,17,200,262.30,52460.00
10515,10516,2023051001002772,MAKAR,44,58,10,251.00,2510.00
10516,10517,2023051004001492,BPCL,50,36,30,315.90,9477.00
10517,10518,2023051005000604,PSF,58,49,500,8.20,4100.00
10518,10519,2023051004001491,NHDL,42,18,10,361.20,3612.00
10519,10520,2023051001002771,MAKAR,44,58,10,251.00,2510.00
10520,10521,2023051001002770,TAMOR,5,29,10,270.00,2700.00
10521,10522,2023051001002769,UHEWA,21,47,10,372.00,3720.00
10522,10523,2023051001002768,UHEWA,21,6,10,372.00,3720.00
10523,10524,2023051001002767,UHEWA,21,43,10,371.00,3710.00
10524,10525,2023051001002766,UHEWA,21,45,10,371.00,3710.00
10525,10526,2023051001002765,UHEWA,21,38,10,367.00,3670.00
10526,10527,2023051001002764,UHEWA,21,45,10,367.00,3670.00
10527,10528,2023051005000603,NTC,14,58,15,790.00,11850.00
10528,10529,2023051005000602,NTC,4,58,339,790.00,267810.00
10529,10530,2023051005000601,NTC,44,58,500,790.20,395100.00
10530,10531,2023051005000600,NTC,28,58,450,790.20,355590.00
10531,10532,2023051005000599,NTC,43,58,57,790.30,45047.10
10532,10533,2023051005000598,NTC,21,58,20,790.30,15806.00
10533,10534,2023051005000597,NTC,58,58,30,790.30,23709.00
10534,10535,2023051005000596,NTC,33,58,50,791.00,39550.00
10535,10536,2023051001002763,NABIL,45,33,47,593.00,27871.00
10536,10537,2023051001002762,UHEWA,26,6,10,366.00,3660.00
10537,10538,2023051004001490,CHCL,14,52,140,460.10,64414.00
10538,10539,2023051003000717,ALICL,58,17,19,546.00,10374.00
10539,10540,2023051001002761,MAKAR,44,58,10,251.00,2510.00
10540,10541,2023051004001489,BPCL,50,22,61,315.00,19215.00
10541,10542,2023051001002760,SMJC,34,38,10,245.20,2452.00
10542,10543,2023051001002759,SGHC,3,7,10,285.10,2851.00
10543,10544,2023051001002758,SMJC,34,6,10,245.20,2452.00
10544,10545,2023051001002757,RULB,55,36,10,642.80,6428.00
10545,10546,2023051001002756,RULB,55,28,10,642.00,6420.00
10546,10547,2023051001002755,RULB,55,49,10,640.00,6400.00
10547,10548,2023051001002754,RULB,55,7,10,640.00,6400.00
10548,10549,2023051001002753,RULB,55,11,10,639.50,6395.00
10549,10550,2023051001002752,RULB,55,35,15,639.00,9585.00
10550,10551,2023051001002751,SHIVM,22,8,65,400.00,26000.00
10551,10552,2023051004001488,UPPER,42,35,13,409.50,5323.50
10552,10553,2023051003000716,FOWAD,52,58,30,1189.00,35670.00
10553,10554,2023051004001487,JOSHI,50,38,90,255.00,22950.00
10554,10555,2023051004001486,JOSHI,5,38,500,255.00,127500.00
10555,10556,2023051004001485,JOSHI,50,38,10,255.10,2551.00
10556,10557,2023051001002750,MAKAR,44,29,10,251.00,2510.00
10557,10558,2023051001002749,MAKAR,44,41,10,251.00,2510.00
10558,10559,2023051001002748,MAKAR,44,21,10,251.00,2510.00
10559,10560,2023051004001484,UPCL,58,18,50,222.00,11100.00
10560,10561,2023051001002747,SANIMA,42,39,39,243.00,9477.00
10561,10562,2023051001002746,SANIMA,42,10,11,242.90,2671.90
10562,10563,2023051001002745,MAKAR,47,57,10,250.00,2500.00
10563,10564,2023051001002744,SBI,56,36,21,326.00,6846.00
10564,10565,2023051001002743,SIKLES,13,6,10,398.00,3980.00
10565,10566,2023051001002742,KDL,38,3,10,711.10,7111.00
10566,10567,2023051001002741,GVL,58,35,10,390.00,3900.00
10567,10568,2023051001002740,SMHL,21,19,10,380.10,3801.00
10568,10569,2023051001002739,NIMB,4,58,46,181.00,8326.00
10569,10570,2023051004001483,BPCL,50,22,307,315.00,96705.00
10570,10571,2023051004001482,BPCL,50,49,193,313.00,60409.00
10571,10572,2023051004001481,SICL,44,17,1000,710.00,710000.00
10572,10573,2023051004001480,SICL,49,17,38,710.00,26980.00
10573,10574,2023051004001479,SICL,56,17,12,710.00,8520.00
10574,10575,2023051004001478,SICL,26,17,10,710.00,7100.00
10575,10576,2023051004001477,SICL,52,17,43,710.00,30530.00
10576,10577,2023051001002738,ADBL,58,34,20,232.00,4640.00
10577,10578,2023051001002737,SGHC,3,58,10,285.10,2851.00
10578,10579,2023051001002736,MBJC,5,57,10,276.00,2760.00
10579,10580,2023051004001476,NLG,47,49,100,592.00,59200.00
10580,10581,2023051001002735,PHCL,26,6,10,303.50,3035.00
10581,10582,2023051004001475,UPCL,46,18,20,222.00,4440.00
10582,10583,2023051005000595,MMF1,29,52,900,7.05,6345.00
10583,10584,2023051005000594,MMF1,8,52,2000,7.06,14120.00
10584,10585,2023051005000593,MMF1,51,52,400,7.07,2828.00
10585,10586,2023051001002734,SBI,56,36,30,326.00,9780.00
10586,10587,2023051003000715,NICLBSL,58,16,10,535.00,5350.00
10587,10588,2023051003000714,SJLIC,19,4,11,416.90,4585.90
10588,10589,2023051004001474,SGIC,48,58,10,431.00,4310.00
10589,10590,2023051001002733,RHGCL,49,49,10,251.30,2513.00
10590,10591,2023051001002732,NYADI,34,6,10,269.00,2690.00
10591,10592,2023051005000592,CIT,49,44,200,2008.00,401600.00
10592,10593,2023051003000713,EDBL,42,57,30,275.60,8268.00
10593,10594,2023051003000712,EDBL,48,57,10,278.00,2780.00
10594,10595,2023051004001473,SHL,25,17,200,262.20,52440.00
10595,10596,2023051003000711,MDB,26,4,100,360.00,36000.00
10596,10597,2023051004001472,AKPL,57,45,15,357.00,5355.00
10597,10598,2023051005000591,CIT,49,44,65,2008.00,130520.00
10598,10599,2023051005000590,CIT,5,44,100,2008.10,200810.00
10599,10600,2023051005000589,CIT,51,44,20,2008.10,40162.00
10600,10601,2023051005000588,CIT,56,44,15,2010.00,30150.00
10601,10602,2023051001002731,TAMOR,54,29,10,268.10,2681.00
10602,10603,2023051004001471,HDHPC,42,48,130,160.00,20800.00
10603,10604,2023051001002730,NABIL,57,58,10,593.00,5930.00
10604,10605,2023051001002729,NABIL,41,58,30,593.00,17790.00
10605,10606,2023051001002728,NABIL,48,58,25,593.00,14825.00
10606,10607,2023051001002727,MAKAR,47,38,10,250.00,2500.00
10607,10608,2023051003000710,SJLIC,35,44,258,415.00,107070.00
10608,10609,2023051003000709,SJLIC,21,44,250,415.10,103775.00
10609,10610,2023051003000708,SJLIC,4,44,1000,415.20,415200.00
10610,10611,2023051001002726,SHIVM,45,8,500,400.00,200000.00
10611,10612,2023051001002725,SMJC,34,57,10,245.20,2452.00
10612,10613,2023051001002724,SAHAS,48,38,10,490.00,4900.00
10613,10614,2023051001002723,SBL,43,49,500,246.00,123000.00
10614,10615,2023051001002722,SBL,4,49,75,246.00,18450.00
10615,10616,2023051001002721,SBL,3,49,20,246.00,4920.00
10616,10617,2023051001002720,SBL,22,49,19,246.00,4674.00
10617,10618,2023051001002719,SBL,42,49,12,246.00,2952.00
10618,10619,2023051001002718,NABIL,58,4,5,593.00,2965.00
10619,10620,2023051001002717,NABIL,38,4,40,593.00,23720.00
10620,10621,2023051001002716,NABIL,45,4,10,593.00,5930.00
10621,10622,2023051001002715,NABIL,42,4,10,593.00,5930.00
10622,10623,2023051004001470,UPCL,57,18,85,222.00,18870.00
10623,10624,2023051001002714,SGHC,3,53,10,285.10,2851.00
10624,10625,2023051001002713,SPC,58,29,10,409.10,4091.00
10625,10626,2023051003000707,SJLIC,58,4,20,416.90,8338.00
10626,10627,2023051004001469,HDHPC,26,48,280,160.00,44800.00
10627,10628,2023051003000706,RSDC,45,22,10,472.00,4720.00
10628,10629,2023051001002712,KBL,50,29,500,164.90,82450.00
10629,10630,2023051001002711,BHL,16,38,10,286.90,2869.00
10630,10631,2023051001002710,NIMBPO,6,17,117,172.00,20124.00
10631,10632,2023051004001468,HDHPC,26,17,20,160.00,3200.00
10632,10633,2023051004001467,CGH,26,34,20,1020.00,20400.00
10633,10634,2023051001002709,PHCL,35,53,10,303.40,3034.00
10634,10635,2023051003000705,ALICL,19,17,50,545.00,27250.00
10635,10636,2023051003000704,ALICL,45,17,50,545.10,27255.00
10636,10637,2023051001002708,SMJC,34,29,10,245.20,2452.00
10637,10638,2023051001002707,NBL,49,17,50,248.90,12445.00
10638,10639,2023051001002706,SHIVM,49,8,10,400.00,4000.00
10639,10640,2023051001002705,SHIVM,47,8,250,400.00,100000.00
10640,10641,2023051001002704,HDL,25,58,25,1891.00,47275.00
10641,10642,2023051001002703,HDL,59,58,25,1891.00,47275.00
10642,10643,2023051001002702,GBIME,42,29,34,183.00,6222.00
10643,10644,2023051001002701,SIKLES,13,29,10,398.00,3980.00
10644,10645,2023051001002700,KBL,57,29,200,164.90,32980.00
10645,10646,2023051001002699,NMB,14,57,258,232.00,59856.00
10646,10647,2023051001002698,NMB,58,57,14,232.00,3248.00
10647,10648,2023051001002697,MKHC,5,21,10,243.00,2430.00
10648,10649,2023051001002696,EHPL,45,21,10,343.00,3430.00
10649,10650,2023051005000587,NIFRA,32,35,10,206.50,2065.00
10650,10651,2023051003000703,GBBL,58,56,13,353.90,4600.70
10651,10652,2023051005000586,NIFRA,32,21,10,206.00,2060.00
10652,10653,2023051001002695,NBL,16,17,500,248.50,124250.00
10653,10654,2023051001002694,MBJC,42,7,10,277.00,2770.00
10654,10655,2023051001002693,MBJC,42,25,10,277.00,2770.00
10655,10656,2023051001002692,MAKAR,47,36,10,250.00,2500.00
10656,10657,2023051001002691,PCBL,34,32,200,193.00,38600.00
10657,10658,2023051004001466,SPIL,26,18,11,564.10,6205.10
10658,10659,2023051001002690,HDL,26,55,10,1893.00,18930.00
10659,10660,2023051001002689,HDL,17,55,20,1893.00,37860.00
10660,10661,2023051003000702,NUBL,42,58,375,525.00,196875.00
10661,10662,2023051001002688,TAMOR,5,58,10,270.00,2700.00
10662,10663,2023051001002687,TAMOR,5,21,10,270.00,2700.00
10663,10664,2023051001002686,TAMOR,5,58,10,270.00,2700.00
10664,10665,2023051001002685,TAMOR,5,40,10,270.00,2700.00
10665,10666,2023051001002684,TAMOR,5,34,10,270.00,2700.00
10666,10667,2023051001002683,TAMOR,5,34,10,270.00,2700.00
10667,10668,2023051001002682,TAMOR,5,34,40,270.00,10800.00
10668,10669,2023051001002681,TAMOR,5,58,10,270.00,2700.00
10669,10670,2023051001002680,TAMOR,5,14,10,270.00,2700.00
10670,10671,2023051001002679,TAMOR,5,49,10,270.00,2700.00
10671,10672,2023051001002678,TAMOR,5,58,10,270.00,2700.00
10672,10673,2023051001002677,TAMOR,5,17,10,270.00,2700.00
10673,10674,2023051001002676,TAMOR,5,58,10,270.00,2700.00
10674,10675,2023051004001465,HDHPC,40,22,25,160.00,4000.00
10675,10676,2023051001002675,KBL,38,29,50,164.90,8245.00
10676,10677,2023051005000585,MMF1,8,52,1000,7.10,7100.00
10677,10678,2023051005000584,MMF1,38,52,500,7.10,3550.00
10678,10679,2023051005000583,MMF1,22,52,200,7.11,1422.00
10679,10680,2023051004001464,RIDI,41,16,47,275.00,12925.00
10680,10681,2023051001002674,NABIL,45,13,21,594.00,12474.00
10681,10682,2023051001002673,NABIL,45,46,20,594.00,11880.00
10682,10683,2023051001002672,NABIL,45,28,109,594.00,64746.00
10683,10684,2023051001002671,DORDI,32,49,10,265.00,2650.00
10684,10685,2023051003000701,NUBL,39,58,31,525.00,16275.00
10685,10686,2023051003000700,JBBL,49,34,30,257.00,7710.00
10686,10687,2023051001002670,MHL,18,34,10,326.00,3260.00
10687,10688,2023051001002669,TAMOR,5,58,10,269.00,2690.00
10688,10689,2023051001002668,TAMOR,5,21,10,269.00,2690.00
10689,10690,2023051001002667,MBJC,5,45,10,276.00,2760.00
10690,10691,2023051001002666,PHCL,35,29,10,303.40,3034.00
10691,10692,2023051004001463,NHPC,58,14,100,202.90,20290.00
10692,10693,2023051003000699,PLI,33,7,10,402.00,4020.00
10693,10694,2023051001002665,SHIVM,47,8,250,400.00,100000.00
10694,10695,2023051004001462,UPPER,42,28,57,409.50,23341.50
10695,10696,2023051001002664,SHIVM,49,8,250,400.00,100000.00
10696,10697,2023051001002663,SRBL,39,16,100,178.20,17820.00
10697,10698,2023051003000698,RMDC,57,44,15,669.00,10035.00
10698,10699,2023051001002662,MHCL,58,49,10,215.00,2150.00
10699,10700,2023051001002661,MHCL,58,42,30,215.00,6450.00
10700,10701,2023051001002660,MHCL,58,14,10,215.00,2150.00
10701,10702,2023051001002659,MHCL,58,34,30,215.00,6450.00
10702,10703,2023051001002658,MHCL,58,35,10,215.00,2150.00
10703,10704,2023051001002657,MHCL,58,32,10,215.00,2150.00
10704,10705,2023051001002656,GBIME,6,34,17,182.20,3097.40
10705,10706,2023051001002655,GBIME,1,34,350,182.30,63805.00
10706,10707,2023051001002654,GBIME,58,29,38,183.00,6954.00
10707,10708,2023051001002653,USHEC,5,14,70,284.50,19915.00
10708,10709,2023051001002652,USHEC,50,14,80,285.00,22800.00
10709,10710,2023051001002651,GVL,58,38,10,390.00,3900.00
10710,10711,2023051001002650,SBL,42,18,51,246.00,12546.00
10711,10712,2023051001002649,PHCL,26,53,10,303.50,3035.00
10712,10713,2023051005000582,NIFRA,26,29,54,204.50,11043.00
10713,10714,2023051005000581,NIFRA,36,7,54,205.00,11070.00
10714,10715,2023051005000580,NIFRA,36,21,54,205.00,11070.00
10715,10716,2023051005000579,NIFRA,36,35,60,205.00,12300.00
10716,10717,2023051005000578,NIFRA,36,21,64,205.00,13120.00
10717,10718,2023051005000577,NIFRA,36,54,54,205.00,11070.00
10718,10719,2023051004001461,SHL,29,17,200,262.00,52400.00
10719,10720,2023051001002648,PHCL,26,21,10,303.50,3035.00
10720,10721,2023051001002647,KBL,22,16,100,164.40,16440.00
10721,10722,2023051004001460,UPPER,14,35,20,409.60,8192.00
10722,10723,2023051001002646,USHEC,50,38,10,285.00,2850.00
10723,10724,2023051001002645,SHIVM,21,8,500,400.00,200000.00
10724,10725,2023051001002644,RFPL,18,19,10,245.50,2455.00
10725,10726,2023051001002643,SGHC,3,38,10,285.10,2851.00
10726,10727,2023051003000697,CFCL,50,19,1,284.20,284.20
10727,10728,2023051004001459,HDHPC,32,22,36,159.00,5724.00
10728,10729,2023051004001458,HDHPC,6,22,739,159.00,117501.00
10729,10730,2023051004001457,HDHPC,48,22,100,159.10,15910.00
10730,10731,2023051004001456,HDHPC,32,22,125,159.10,19887.50
10731,10732,2023051001002642,USHEC,50,53,10,285.00,2850.00
10732,10733,2023051001002641,NICA,42,14,45,710.00,31950.00
10733,10734,2023051001002640,NICA,52,14,65,710.00,46150.00
10734,10735,2023051001002639,NICA,38,14,190,710.00,134900.00
10735,10736,2023051003000696,MNBBL,52,26,100,385.50,38550.00
10736,10737,2023051004001455,AKPL,56,44,56,358.90,20098.40
10737,10738,2023051004001454,CHL,14,46,10,274.00,2740.00
10738,10739,2023051003000695,JBBL,43,34,103,257.00,26471.00
10739,10740,2023051003000694,JBBL,43,58,60,257.00,15420.00
10740,10741,2023051003000693,JBBL,43,43,45,257.00,11565.00
10741,10742,2023051003000692,JBBL,43,58,12,257.00,3084.00
10742,10743,2023051001002638,UHEWA,26,59,10,366.00,3660.00
10743,10744,2023051001002637,GVL,58,21,10,390.00,3900.00
10744,10745,2023051001002636,ADBL,11,6,23,231.10,5315.30
10745,10746,2023051003000691,PFL,38,57,100,339.00,33900.00
10746,10747,2023051003000690,PFL,22,57,25,339.00,8475.00
10747,10748,2023051004001453,CHCL,58,50,150,465.00,69750.00
10748,10749,2023051004001452,CHCL,58,7,30,464.00,13920.00
10749,10750,2023051001002635,BHPL,17,21,10,436.00,4360.00
10750,10751,2023051001002634,TAMOR,49,13,10,268.00,2680.00
10751,10752,2023051001002633,NBL,34,1,135,248.80,33588.00
10752,10753,2023051001002632,MAKAR,58,7,10,251.00,2510.00
10753,10754,2023051004001451,AIL,45,10,10,405.00,4050.00
10754,10755,2023051001002631,SMHL,21,53,10,380.10,3801.00
10755,10756,2023051005000576,NRIC,14,58,14,675.00,9450.00
10756,10757,2023051004001450,NICL,45,44,10,518.00,5180.00
10757,10758,2023051001002630,AVYAN,44,35,10,567.70,5677.00
10758,10759,2023051005000575,NRN,44,58,10,432.20,4322.00
10759,10760,2023051001002629,HDL,45,53,100,1894.00,189400.00
10760,10761,2023051005000574,NRIC,49,44,50,674.90,33745.00
10761,10762,2023051001002628,TAMOR,49,59,10,268.00,2680.00
10762,10763,2023051004001449,SGIC,48,41,10,431.00,4310.00
10763,10764,2023051001002627,MBJC,5,13,10,276.00,2760.00
10764,10765,2023051001002626,SMHL,21,38,10,380.10,3801.00
10765,10766,2023051005000573,NIFRA,32,58,10,205.00,2050.00
10766,10767,2023051001002625,MAKAR,47,35,10,250.00,2500.00
10767,10768,2023051004001448,SGIC,48,53,10,431.00,4310.00
10768,10769,2023051001002624,SHIVM,43,8,990,400.00,396000.00
10769,10770,2023051005000572,NTC,4,17,661,790.00,522190.00
10770,10771,2023051005000571,NTC,1,17,25,790.00,19750.00
10771,10772,2023051005000570,NTC,33,17,50,790.00,39500.00
10772,10773,2023051005000569,NTC,35,17,20,790.00,15800.00
10773,10774,2023051005000568,NTC,38,17,10,790.00,7900.00
10774,10775,2023051005000567,NTC,57,17,100,790.00,79000.00
10775,10776,2023051005000566,NTC,6,17,1000,790.00,790000.00
10776,10777,2023051005000565,NTC,41,17,10,790.00,7900.00
10777,10778,2023051005000564,NTC,49,17,20,790.00,15800.00
10778,10779,2023051005000563,NTC,32,17,10,790.00,7900.00
10779,10780,2023051005000562,NTC,21,17,12,790.00,9480.00
10780,10781,2023051005000561,NTC,51,17,10,790.00,7900.00
10781,10782,2023051005000560,NTC,57,17,20,790.00,15800.00
10782,10783,2023051005000559,NTC,48,17,50,790.00,39500.00
10783,10784,2023051005000558,NTC,34,17,10,790.00,7900.00
10784,10785,2023051005000557,NTC,22,17,10,790.00,7900.00
10785,10786,2023051005000556,NTC,58,17,50,790.00,39500.00
10786,10787,2023051005000555,NTC,34,17,200,790.00,158000.00
10787,10788,2023051005000554,NTC,49,17,37,790.00,29230.00
10788,10789,2023051005000553,NTC,58,17,50,790.00,39500.00
10789,10790,2023051005000552,NTC,51,17,20,790.00,15800.00
10790,10791,2023051005000551,NTC,21,17,10,790.00,7900.00
10791,10792,2023051005000550,NTC,34,17,100,790.00,79000.00
10792,10793,2023051005000549,NTC,53,17,100,790.00,79000.00
10793,10794,2023051005000548,NTC,53,17,100,790.00,79000.00
10794,10795,2023051005000547,NTC,57,17,10,790.00,7900.00
10795,10796,2023051005000546,NTC,59,17,60,790.00,47400.00
10796,10797,2023051005000545,NTC,5,17,30,790.10,23703.00
10797,10798,2023051005000544,NTC,44,17,30,791.00,23730.00
10798,10799,2023051005000543,NTC,57,17,10,791.00,7910.00
10799,10800,2023051005000542,NTC,17,17,175,791.00,138425.00
10800,10801,2023051001002623,SHIVM,35,8,10,400.00,4000.00
10801,10802,2023051005000541,NTC,17,17,325,791.00,257075.00
10802,10803,2023051005000540,NTC,54,17,35,791.10,27688.50
10803,10804,2023051005000539,NTC,6,17,500,791.20,395600.00
10804,10805,2023051005000538,NTC,17,17,500,791.30,395650.00
10805,10806,2023051005000537,NTC,13,17,140,791.30,110782.00
10806,10807,2023051005000536,NTC,34,17,100,791.40,79140.00
10807,10808,2023051005000535,NTC,17,17,400,791.50,316600.00
10808,10809,2023051004001447,LEC,37,58,10,241.00,2410.00
10809,10810,2023051001002622,RHGCL,49,19,10,251.30,2513.00
10810,10811,2023051001002621,HIDCLP,59,58,19,97.70,1856.30
10811,10812,2023051004001446,AHPC,55,1,40,276.30,11052.00
10812,10813,2023051001002620,BHPL,58,17,10,436.10,4361.00
10813,10814,2023051001002619,SMJC,32,21,10,246.00,2460.00
10814,10815,2023051005000534,NTC,17,17,100,791.50,79150.00
10815,10816,2023051005000533,NTC,32,17,100,791.60,79160.00
10816,10817,2023051005000532,NTC,34,17,12,791.80,9501.60
10817,10818,2023051005000531,NTC,49,17,10,791.90,7919.00
10818,10819,2023051005000530,NTC,58,17,10,792.00,7920.00
10819,10820,2023051005000529,NTC,48,17,50,792.00,39600.00
10820,10821,2023051005000528,NTC,5,17,30,792.00,23760.00
10821,10822,2023051005000527,NTC,58,17,40,792.00,31680.00
10822,10823,2023051005000526,NTC,45,17,40,792.00,31680.00
10823,10824,2023051005000525,NTC,56,17,55,792.10,43565.50
10824,10825,2023051005000524,NTC,58,17,50,792.20,39610.00
10825,10826,2023051005000523,NTC,51,17,10,793.00,7930.00
10826,10827,2023051003000689,NLIC,56,10,90,653.00,58770.00
10827,10828,2023051001002618,RULB,16,45,40,639.40,25576.00
10828,10829,2023051004001445,HPPL,41,14,300,277.00,83100.00
10829,10830,2023051004001444,SHPC,37,29,10,327.90,3279.00
10830,10831,2023051001002617,BHPL,17,48,100,444.80,44480.00
10831,10832,2023051001002616,NICA,49,34,90,711.00,63990.00
10832,10833,2023051001002615,SANIMA,49,4,500,242.80,121400.00
10833,10834,2023051001002614,SANIMA,49,40,290,242.70,70383.00
10834,10835,2023051001002613,NIMB,35,58,28,181.00,5068.00
10835,10836,2023051001002612,BHDC,58,21,10,384.00,3840.00
10836,10837,2023051001002611,NBL,58,1,10,248.80,2488.00
10837,10838,2023051005000522,NIFRA,36,21,54,204.40,11037.60
10838,10839,2023051001002610,RHGCL,49,59,10,251.30,2513.00
10839,10840,2023051001002609,HBL,57,6,24,218.00,5232.00
10840,10841,2023051004001443,SHPC,19,49,93,325.00,30225.00
10841,10842,2023051001002608,NIMB,58,58,20,181.00,3620.00
10842,10843,2023051005000521,NTC,41,17,180,794.00,142920.00
10843,10844,2023051003000688,EDBL,48,57,190,278.00,52820.00
10844,10845,2023051003000687,EDBL,38,57,10,280.00,2800.00
10845,10846,2023051005000520,NIFRA,36,19,54,204.40,11037.60
10846,10847,2023051005000519,NIFRA,36,25,44,204.40,8993.60
10847,10848,2023051001002607,SHIVM,22,8,235,400.00,94000.00
10848,10849,2023051004001442,AHPC,55,35,259,276.00,71484.00
10849,10850,2023051001002606,NIMBPO,6,16,20,173.00,3460.00
10850,10851,2023051003000686,SJLIC,34,44,21,417.00,8757.00
10851,10852,2023051003000685,CLBSL,17,28,370,542.80,200836.00
10852,10853,2023051001002605,TAMOR,49,49,10,268.00,2680.00
10853,10854,2023051001002604,BHDC,58,19,10,384.00,3840.00
10854,10855,2023051003000684,ACLBSL,33,57,50,556.00,27800.00
10855,10856,2023051003000683,ACLBSL,56,57,20,560.00,11200.00
10856,10857,2023051001002603,ADBL,46,6,37,232.00,8584.00
10857,10858,2023051001002602,PHCL,26,13,10,303.50,3035.00
10858,10859,2023051001002601,MHCL,42,7,10,214.30,2143.00
10859,10860,2023051001002600,MHCL,42,53,10,214.30,2143.00
10860,10861,2023051001002599,MAKAR,47,58,10,250.00,2500.00
10861,10862,2023051001002598,NICA,22,34,140,711.00,99540.00
10862,10863,2023051003000682,SWBBL,7,38,11,705.00,7755.00
10863,10864,2023051003000681,SWBBL,1,38,15,705.00,10575.00
10864,10865,2023051005000518,NRIC,56,44,50,674.90,33745.00
10865,10866,2023051001002597,TPC,17,49,95,377.90,35900.50
10866,10867,2023051004001441,GLH,7,7,10,260.00,2600.00
10867,10868,2023051004001440,GLH,7,34,10,260.00,2600.00
10868,10869,2023051004001439,GLH,7,21,10,259.00,2590.00
10869,10870,2023051001002596,AHL,50,45,10,338.60,3386.00
10870,10871,2023051001002595,SANIMA,45,40,10,242.70,2427.00
10871,10872,2023051001002594,SHIVM,42,8,265,400.00,106000.00
10872,10873,2023051004001438,RHPL,34,45,100,273.10,27310.00
10873,10874,2023051001002593,TAMOR,49,44,10,268.00,2680.00
10874,10875,2023051001002592,BHL,16,38,40,286.90,11476.00
10875,10876,2023051003000680,EDBL,41,57,50,280.00,14000.00
10876,10877,2023051003000679,EDBL,6,57,10,281.00,2810.00
10877,10878,2023051001002591,UNLB,11,48,100,1515.00,151500.00
10878,10879,2023051001002590,MHCL,42,59,10,214.30,2143.00
10879,10880,2023051004001437,SHPC,52,49,140,325.00,45500.00
10880,10881,2023051001002589,JBLB,45,35,19,1396.00,26524.00
10881,10882,2023051001002588,SAHAS,5,49,10,488.20,4882.00
10882,10883,2023051001002587,SMJC,34,19,10,245.20,2452.00
10883,10884,2023051001002586,KDL,38,34,10,710.60,7106.00
10884,10885,2023051001002585,MAKAR,47,35,10,250.00,2500.00
10885,10886,2023051001002584,MAKAR,47,55,10,250.00,2500.00
10886,10887,2023051001002583,SCB,D01,58,17,525.00,8925.00
10887,10888,2023051001002582,NIMBPO,6,6,500,172.00,86000.00
10888,10889,2023051001002581,NIMBPO,6,55,654,172.00,112488.00
10889,10890,2023051001002580,NIMBPO,6,6,500,171.00,85500.00
10890,10891,2023051005000517,NTC,38,17,20,794.00,15880.00
10891,10892,2023051001002579,MAKAR,47,55,10,250.00,2500.00
10892,10893,2023051001002578,SHIVM,51,8,13,400.00,5200.00
10893,10894,2023051001002577,JALPA,58,49,50,1602.00,80100.00
10894,10895,2023051003000678,GBBL,58,22,100,353.90,35390.00
10895,10896,2023051001002576,SMJC,34,29,10,245.20,2452.00
10896,10897,2023051003000677,NLIC,52,10,30,653.00,19590.00
10897,10898,2023051001002575,MAKAR,47,32,20,250.00,5000.00
10898,10899,2023051001002574,MAKAR,47,7,10,250.00,2500.00
10899,10900,2023051001002573,SMJC,34,49,10,245.20,2452.00
10900,10901,2023051004001436,BPCL,58,49,302,313.00,94526.00
10901,10902,2023051004001435,BPCL,58,16,50,312.90,15645.00
10902,10903,2023051005000516,NIFRA,32,25,10,204.50,2045.00
10903,10904,2023051001002572,BHDC,5,21,10,385.00,3850.00
10904,10905,2023051001002571,BHDC,5,42,10,385.00,3850.00
10905,10906,2023051004001434,AHPC,58,35,14,276.00,3864.00
10906,10907,2023051001002570,MBJC,5,59,10,276.00,2760.00
10907,10908,2023051001002569,SHIVM,26,8,10,400.00,4000.00
10908,10909,2023051003000676,GBBL,58,57,32,353.90,11324.80
10909,10910,2023051001002568,PHCL,26,29,10,303.50,3035.00
10910,10911,2023051005000515,NICSF,58,58,100,7.80,780.00
10911,10912,2023051001002567,MBJC,5,49,10,276.00,2760.00
10912,10913,2023051004001433,SHL,29,36,100,260.10,26010.00
10913,10914,2023051004001432,SHL,14,36,100,260.10,26010.00
10914,10915,2023051001002566,AVYAN,47,58,10,570.00,5700.00
10915,10916,2023051001002565,EBL,49,53,100,528.80,52880.00
10916,10917,2023051004001431,LEC,19,25,40,242.00,9680.00
10917,10918,2023051004001430,LEC,37,25,10,242.00,2420.00
10918,10919,2023051004001429,LEC,37,25,10,243.00,2430.00
10919,10920,2023051005000514,HIDCL,56,40,50,179.00,8950.00
10920,10921,2023051003000675,CBBL,22,44,19,776.00,14744.00
10921,10922,2023051001002564,MKHC,7,29,10,242.10,2421.00
10922,10923,2023051004001428,NGPL,17,49,46,236.00,10856.00
10923,10924,2023051004001427,NGPL,17,41,839,236.00,198004.00
10924,10925,2023051003000674,FOWAD,58,55,100,1190.00,119000.00
10925,10926,2023051003000673,FOWAD,4,55,80,1190.00,95200.00
10926,10927,2023051003000672,FOWAD,29,55,10,1190.00,11900.00
10927,10928,2023051003000671,FOWAD,58,55,25,1190.00,29750.00
10928,10929,2023051003000670,FOWAD,55,55,70,1191.00,83370.00
10929,10930,2023051003000669,FOWAD,19,55,20,1195.00,23900.00
10930,10931,2023051003000668,FOWAD,29,55,25,1195.00,29875.00
10931,10932,2023051003000667,FOWAD,34,55,40,1196.00,47840.00
10932,10933,2023051003000666,FOWAD,42,55,20,1196.00,23920.00
10933,10934,2023051004001426,SGIC,48,7,10,431.00,4310.00
10934,10935,2023051001002563,MAKAR,47,38,10,250.00,2500.00
10935,10936,2023051005000513,NIFRA,22,49,14,204.30,2860.20
10936,10937,2023051001002562,SHIVM,43,8,45,400.00,18000.00
10937,10938,2023051001002561,TAMOR,49,49,10,268.00,2680.00
10938,10939,2023051001002560,SMJC,34,19,10,245.20,2452.00
10939,10940,2023051004001425,HDHPC,6,58,131,159.00,20829.00
10940,10941,2023051004001424,HDHPC,45,58,500,159.10,79550.00
10941,10942,2023051004001423,HDHPC,58,58,100,159.20,15920.00
10942,10943,2023051004001422,HDHPC,58,58,10,159.20,1592.00
10943,10944,2023051004001421,HDHPC,5,58,193,159.90,30860.70
10944,10945,2023051001002559,MAKAR,47,49,10,250.00,2500.00
10945,10946,2023051003000665,NUBL,42,21,259,525.00,135975.00
10946,10947,2023051001002558,RULB,34,58,10,627.10,6271.00
10947,10948,2023051004001420,CHCL,13,50,315,462.00,145530.00
10948,10949,2023051004001419,CHCL,46,50,15,462.00,6930.00
10949,10950,2023051004001418,UPCL,6,45,200,223.00,44600.00
10950,10951,2023051001002557,SIKLES,7,58,10,400.00,4000.00
10951,10952,2023051001002556,SIKLES,7,19,10,400.00,4000.00
10952,10953,2023051001002555,SIKLES,7,42,10,400.00,4000.00
10953,10954,2023051004001417,HDHPC,42,49,200,161.00,32200.00
10954,10955,2023051001002554,HDL,57,14,25,1893.00,47325.00
10955,10956,2023051004001416,HDHPC,5,58,202,159.90,32299.80
10956,10957,2023051004001415,HDHPC,58,58,100,160.00,16000.00
10957,10958,2023051004001414,HDHPC,22,58,50,160.00,8000.00
10958,10959,2023051004001413,HDHPC,48,58,100,160.00,16000.00
10959,10960,2023051004001412,HDHPC,58,58,20,160.00,3200.00
10960,10961,2023051004001411,HDHPC,58,58,28,160.00,4480.00
10961,10962,2023051004001410,SHPC,58,56,50,324.90,16245.00
10962,10963,2023051004001409,SHPC,58,45,100,324.00,32400.00
10963,10964,2023051005000512,NIFRA,22,21,54,204.30,11032.20
10964,10965,2023051001002553,BHDC,54,35,10,383.40,3834.00
10965,10966,2023051004001408,SPIL,49,29,12,565.00,6780.00
10966,10967,2023051001002552,HBL,45,18,10,219.50,2195.00
10967,10968,2023051003000664,SHINE,47,7,100,317.10,31710.00
10968,10969,2023051001002551,SBI,5,36,170,326.00,55420.00
10969,10970,2023051001002550,MAKAR,47,49,10,250.00,2500.00
10970,10971,2023051005000511,NIFRA,22,58,13,204.30,2655.90
10971,10972,2023051005000510,NIFRA,42,58,41,204.30,8376.30
10972,10973,2023051001002549,PRVU,28,28,131,165.10,21628.10
10973,10974,2023051001002548,MBJC,5,19,10,276.00,2760.00
10974,10975,2023051004001407,NGPL,17,36,162,235.10,38086.20
10975,10976,2023051001002547,PHCL,20,42,10,304.00,3040.00
10976,10977,2023051001002546,PHCL,20,21,10,304.00,3040.00
10977,10978,2023051001002545,PHCL,20,41,10,304.00,3040.00
10978,10979,2023051001002544,PHCL,20,58,10,304.00,3040.00
10979,10980,2023051001002543,PHCL,20,21,10,304.00,3040.00
10980,10981,2023051003000663,NLICL,25,44,40,570.00,22800.00
10981,10982,2023051001002542,BHL,16,19,10,286.00,2860.00
10982,10983,2023051001002541,AVYAN,47,58,10,570.00,5700.00
10983,10984,2023051004001406,UPCL,34,17,100,223.40,22340.00
10984,10985,2023051004001405,BPCL,46,7,10,312.00,3120.00
10985,10986,2023051001002540,NABIL,49,48,10,594.00,5940.00
10986,10987,2023051001002539,GBIME,44,19,112,184.00,20608.00
10987,10988,2023051001002538,SCB,D01,45,300,525.00,157500.00
10988,10989,2023051001002537,PCBL,17,32,50,193.00,9650.00
10989,10990,2023051001002536,CZBIL,58,48,10,170.90,1709.00
10990,10991,2023051001002535,BHDC,4,19,10,383.30,3833.00
10991,10992,2023051001002534,MBJC,5,7,10,276.00,2760.00
10992,10993,2023051003000662,CLBSL,45,28,10,542.80,5428.00
10993,10994,2023051003000661,NLBBL,54,19,1,539.00,539.00
10994,10995,2023051001002533,NBL,34,17,150,248.00,37200.00
10995,10996,2023051001002532,NBL,5,17,30,248.00,7440.00
10996,10997,2023051001002531,NBL,42,17,100,248.00,24800.00
10997,10998,2023051001002530,NBL,16,17,200,248.00,49600.00
10998,10999,2023051001002529,NBL,46,17,30,248.00,7440.00
10999,11000,2023051001002528,NBL,52,17,100,248.00,24800.00
11000,11001,2023051001002527,NBL,22,17,20,248.00,4960.00
11001,11002,2023051001002526,NBL,41,17,35,248.00,8680.00
11002,11003,2023051001002525,NBL,16,17,200,248.10,49620.00
11003,11004,2023051001002524,NBL,19,17,20,248.10,4962.00
11004,11005,2023051001002523,NBL,56,17,1000,248.20,248200.00
11005,11006,2023051001002522,NBL,16,17,100,248.50,24850.00
11006,11007,2023051001002521,NBL,7,17,15,248.60,3729.00
11007,11008,2023051005000509,NMBHF1,28,28,416,9.82,4085.12
11008,11009,2023051001002520,PRVU,33,58,10,165.00,1650.00
11009,11010,2023051004001404,NGPL,8,36,38,235.20,8937.60
11010,11011,2023051001002519,NYADI,34,21,10,269.00,2690.00
11011,11012,2023051001002518,NIMB,34,58,10,181.00,1810.00
11012,11013,2023051001002517,ADLB,35,48,10,1290.00,12900.00
11013,11014,2023051001002516,JBLB,43,6,10,1395.10,13951.00
11014,11015,2023051003000660,CBBL,1,44,65,775.20,50388.00
11015,11016,2023051003000659,CBBL,34,44,35,775.20,27132.00
11016,11017,2023051003000658,CBBL,45,44,100,775.20,77520.00
11017,11018,2023051003000657,CBBL,58,44,10,775.50,7755.00
11018,11019,2023051003000656,CBBL,58,44,19,776.00,14744.00
11019,11020,2023051004001403,SPIL,49,44,20,565.00,11300.00
11020,11021,2023051004001402,HDHPC,45,49,1000,161.00,161000.00
11021,11022,2023051001002515,GBIME,44,16,88,183.00,16104.00
11022,11023,2023051003000655,CLBSL,19,28,70,542.80,37996.00
11023,11024,2023051004001401,RIDI,41,44,13,275.00,3575.00
11024,11025,2023051001002514,RULB,16,51,10,638.00,6380.00
11025,11026,2023051001002513,NIMB,28,28,104,180.60,18782.40
11026,11027,2023051003000654,NLICL,58,44,56,570.00,31920.00
11027,11028,2023051005000508,NTC,58,17,20,794.00,15880.00
11028,11029,2023051001002512,PHCL,26,19,10,303.50,3035.00
11029,11030,2023051004001400,RHPL,44,44,10,273.20,2732.00
11030,11031,2023051001002511,PCBL,6,42,115,192.60,22149.00
11031,11032,2023051003000653,CBBL,56,16,50,778.50,38925.00
11032,11033,2023051003000652,SHINE,28,44,275,314.10,86377.50
11033,11034,2023051003000651,SHINE,41,44,50,315.00,15750.00
11034,11035,2023051003000650,SHINE,17,44,1000,315.00,315000.00
11035,11036,2023051003000649,SHINE,29,44,100,315.00,31500.00
11036,11037,2023051003000648,SHINE,28,44,475,315.00,149625.00
11037,11038,2023051003000647,SHINE,42,44,100,315.00,31500.00
11038,11039,2023051003000646,SHINE,38,44,260,315.00,81900.00
11039,11040,2023051003000645,SHINE,46,44,100,315.00,31500.00
11040,11041,2023051003000644,SHINE,13,44,100,315.00,31500.00
11041,11042,2023051003000643,SHINE,41,44,100,315.00,31500.00
11042,11043,2023051003000642,SHINE,17,44,500,315.00,157500.00
11043,11044,2023051003000641,SHINE,58,44,100,316.00,31600.00
11044,11045,2023051003000640,SHINE,13,44,100,316.00,31600.00
11045,11046,2023051003000639,SHINE,22,44,100,316.10,31610.00
11046,11047,2023051003000638,SHINE,35,44,40,317.00,12680.00
11047,11048,2023051003000637,SHINE,49,44,100,317.00,31700.00
11048,11049,2023051004001399,MEN,17,5,10,735.00,7350.00
11049,11050,2023051001002510,SMJC,34,6,10,245.20,2452.00
11050,11051,2023051005000507,NRIC,55,44,15,670.00,10050.00
11051,11052,2023051005000506,NRIC,1,44,80,670.00,53600.00
11052,11053,2023051005000505,NRIC,44,44,100,670.20,67020.00
11053,11054,2023051005000504,NRIC,42,44,20,671.00,13420.00
11054,11055,2023051005000503,NRIC,49,44,10,671.00,6710.00
11055,11056,2023051005000502,NRIC,42,44,185,671.30,124190.50
11056,11057,2023051005000501,NRIC,43,44,110,671.40,73854.00
11057,11058,2023051005000500,NRIC,40,44,40,671.50,26860.00
11058,11059,2023051001002509,RHGCL,49,29,10,251.30,2513.00
11059,11060,2023051001002508,MAKAR,47,26,10,250.00,2500.00
11060,11061,2023051004001398,UPPER,26,58,20,410.00,8200.00
11061,11062,2023051003000636,MFIL,38,52,250,421.50,105375.00
11062,11063,2023051004001397,NGPL,46,41,100,236.00,23600.00
11063,11064,2023051003000635,NLICL,52,44,37,570.00,21090.00
11064,11065,2023051001002507,TAMOR,56,56,10,269.00,2690.00
11065,11066,2023051001002506,TAMOR,56,13,10,269.00,2690.00
11066,11067,2023051005000499,NEF,28,28,1207,8.63,10416.41
11067,11068,2023051001002505,SPL,19,19,10,512.00,5120.00
11068,11069,2023051001002504,SHIVM,42,8,75,400.00,30000.00
11069,11070,2023051001002503,EBL,13,44,50,524.30,26215.00
11070,11071,2023051001002502,EBL,17,44,1000,524.50,524500.00
11071,11072,2023051001002501,EBL,13,44,50,525.00,26250.00
11072,11073,2023051001002500,EBL,45,44,50,525.00,26250.00
11073,11074,2023051001002499,EBL,17,44,743,525.00,390075.00
11074,11075,2023051001002498,TAMOR,49,26,210,268.00,56280.00
11075,11076,2023051001002497,SHIVM,46,8,30,400.00,12000.00
11076,11077,2023051001002496,PCBL,6,6,720,192.60,138672.00
11077,11078,2023051001002495,PCBL,48,6,100,192.60,19260.00
11078,11079,2023051001002494,PCBL,48,6,100,192.60,19260.00
11079,11080,2023051001002493,PCBL,48,6,100,192.60,19260.00
11080,11081,2023051001002492,PCBL,1,6,133,192.60,25615.80
11081,11082,2023051004001396,NHPC,58,42,890,202.90,180581.00
11082,11083,2023051001002491,RULB,16,58,10,635.00,6350.00
11083,11084,2023051001002490,SPL,19,19,10,512.00,5120.00
11084,11085,2023051001002489,TAMOR,56,21,10,268.50,2685.00
11085,11086,2023051003000634,NUBL,6,21,20,525.00,10500.00
11086,11087,2023051001002488,MKHC,7,19,10,242.10,2421.00
11087,11088,2023051005000498,HIDCL,28,28,66,178.30,11767.80
11088,11089,2023051004001395,AHPC,41,35,100,276.00,27600.00
11089,11090,2023051004001394,AHPC,21,35,100,276.00,27600.00
11090,11091,2023051001002487,TAMOR,49,58,10,268.00,2680.00
11091,11092,2023051003000633,GBBL,58,34,155,353.90,54854.50
11092,11093,2023051003000632,GBBL,58,17,50,352.00,17600.00
11093,11094,2023051003000631,GBBL,58,21,32,352.00,11264.00
11094,11095,2023051003000630,GBBL,58,57,72,352.00,25344.00
11095,11096,2023051003000629,GBBL,58,45,196,352.00,68992.00
11096,11097,2023051003000628,GBBL,58,39,238,352.00,83776.00
11097,11098,2023051004001393,AKPL,17,44,63,358.90,22610.70
11098,11099,2023051004001392,AKPL,17,53,37,358.90,13279.30
11099,11100,2023051001002486,HDL,45,34,50,1899.00,94950.00
11100,11101,2023051001002485,SMJC,34,49,10,245.20,2452.00
11101,11102,2023051005000497,NRIC,36,36,5,672.00,3360.00
11102,11103,2023051004001391,HDHPC,13,33,100,161.30,16130.00
11103,11104,2023051001002484,TAMOR,49,35,10,268.00,2680.00
11104,11105,2023051003000627,NUBL,6,21,100,525.00,52500.00
11105,11106,2023051001002483,JBLB,43,34,17,1395.10,23716.70
11106,11107,2023051001002482,MAKAR,6,58,10,251.00,2510.00
11107,11108,2023051001002481,SPL,19,19,10,512.00,5120.00
11108,11109,2023051001002480,MHCL,42,41,10,214.30,2143.00
11109,11110,2023051001002479,SBI,17,36,200,326.00,65200.00
11110,11111,2023051001002478,MHCL,42,49,10,214.30,2143.00
11111,11112,2023051001002477,RULB,16,47,10,634.50,6345.00
11112,11113,2023051003000626,NLICL,44,26,10,571.00,5710.00
11113,11114,2023051001002476,PPL,42,52,10,260.00,2600.00
11114,11115,2023051005000496,NTC,13,58,50,795.00,39750.00
11115,11116,2023051001002475,MAKAR,6,58,10,251.00,2510.00
11116,11117,2023051001002474,TAMOR,26,49,10,268.00,2680.00
11117,11118,2023051004001390,AKPL,6,53,10,358.90,3589.00
11118,11119,2023051001002473,DORDI,32,19,10,265.00,2650.00
11119,11120,2023051001002472,MHCL,42,35,10,214.30,2143.00
11120,11121,2023051001002471,SMHL,59,35,10,381.00,3810.00
11121,11122,2023051001002470,MAKAR,6,58,10,251.00,2510.00
11122,11123,2023051001002469,MAKAR,6,26,10,251.00,2510.00
11123,11124,2023051001002468,MAKAR,6,35,10,251.00,2510.00
11124,11125,2023051004001389,UPPER,42,19,30,409.50,12285.00
11125,11126,2023051004001388,UPPER,14,19,20,409.60,8192.00
11126,11127,2023051001002467,MHCL,42,13,10,214.30,2143.00
11127,11128,2023051001002466,KDL,34,29,10,710.50,7105.00
11128,11129,2023051001002465,NABIL,58,48,40,594.00,23760.00
11129,11130,2023051001002464,NABIL,58,7,41,594.00,24354.00
11130,11131,2023051003000625,LBBL,58,34,100,329.00,32900.00
11131,11132,2023051001002463,SMJC,34,14,10,245.20,2452.00
11132,11133,2023051001002462,TAMOR,5,49,10,268.10,2681.00
11133,11134,2023051001002461,GVL,58,29,10,390.00,3900.00
11134,11135,2023051003000624,NMBMF,58,35,10,483.00,4830.00
11135,11136,2023051001002460,SHIVM,49,8,200,400.00,80000.00
11136,11137,2023051001002459,SHIVM,38,8,100,400.00,40000.00
11137,11138,2023051003000623,GMFBS,42,7,10,666.50,6665.00
11138,11139,2023051001002458,NABIL,13,7,31,594.00,18414.00
11139,11140,2023051001002457,PHCL,35,35,10,303.40,3034.00
11140,11141,2023051004001387,SPIL,49,28,10,565.00,5650.00
11141,11142,2023051004001386,CGH,59,45,10,1023.00,10230.00
11142,11143,2023051005000495,NIFRA,32,58,10,205.00,2050.00
11143,11144,2023051001002456,PHCL,35,14,10,303.40,3034.00
11144,11145,2023051001002455,SMJC,34,49,10,245.20,2452.00
11145,11146,2023051001002454,DLBS,42,36,10,695.00,6950.00
11146,11147,2023051001002453,NICA,38,34,100,711.00,71100.00
11147,11148,2023051001002452,SHIVM,50,8,20,400.00,8000.00
11148,11149,2023051001002451,NIMB,35,32,72,180.30,12981.60
11149,11150,2023051001002450,GBIME,58,16,12,183.00,2196.00
11150,11151,2023051001002449,EBL,17,28,40,525.00,21000.00
11151,11152,2023051001002448,RFPL,18,28,10,245.50,2455.00
11152,11153,2023051005000494,NIFRA,42,48,64,204.30,13075.20
11153,11154,2023051003000622,JBBL,43,5,500,256.10,128050.00
11154,11155,2023051004001385,NHPC,4,42,50,203.00,10150.00
11155,11156,2023051001002447,AVYAN,48,29,10,567.80,5678.00
11156,11157,2023051001002446,GBIME,35,29,113,183.00,20679.00
11157,11158,2023051003000621,CLBSL,1,28,50,542.80,27140.00
11158,11159,2023051001002445,MAKAR,47,58,10,250.00,2500.00
11159,11160,2023051001002444,SHIVM,43,8,454,400.00,181600.00
11160,11161,2023051001002443,SHIVM,26,8,50,400.00,20000.00
11161,11162,2023051001002442,SHIVM,34,8,30,400.00,12000.00
11162,11163,2023051003000620,DDBL,21,26,10,620.00,6200.00
11163,11164,2023051001002441,BHPL,58,17,10,436.10,4361.00
11164,11165,2023051003000619,NLIC,16,10,116,653.00,75748.00
11165,11166,2023051005000493,NIFRA,42,36,50,204.30,10215.00
11166,11167,2023051001002440,BHPL,17,13,10,445.70,4457.00
11167,11168,2023051001002439,BHPL,17,58,10,444.00,4440.00
11168,11169,2023051001002438,BHPL,17,39,100,443.00,44300.00
11169,11170,2023051001002437,TAMOR,5,49,10,268.10,2681.00
11170,11171,2023051001002436,PHCL,25,13,10,303.50,3035.00
11171,11172,2023051004001384,SGIC,48,7,10,431.00,4310.00
11172,11173,2023051001002435,NABIL,57,7,10,594.00,5940.00
11173,11174,2023051001002434,SAHAS,5,45,10,488.20,4882.00
11174,11175,2023051003000618,PLI,33,26,10,402.00,4020.00
11175,11176,2023051001002433,MHCL,42,49,10,214.30,2143.00
11176,11177,2023051005000492,NIFRA,42,58,10,205.00,2050.00
11177,11178,2023051004001383,NHPC,51,42,60,203.00,12180.00
11178,11179,2023051004001382,UPCL,38,39,80,223.00,17840.00
11179,11180,2023051003000617,ICFC,41,8,50,403.30,20165.00
11180,11181,2023051004001381,AKPL,49,1,200,356.00,71200.00
11181,11182,2023051001002432,KDL,34,49,10,710.50,7105.00
11182,11183,2023051005000491,NTC,34,58,100,795.00,79500.00
11183,11184,2023051001002431,KDL,34,29,10,710.50,7105.00
11184,11185,2023051001002430,SMJC,34,49,10,245.20,2452.00
11185,11186,2023051001002429,TAMOR,5,58,10,268.10,2681.00
11186,11187,2023051001002428,MAKAR,47,18,10,250.00,2500.00
11187,11188,2023051001002427,MAKAR,47,58,10,250.00,2500.00
11188,11189,2023051003000616,NICLBSL,55,28,475,534.00,253650.00
11189,11190,2023051003000615,GBBL,42,39,130,352.00,45760.00
11190,11191,2023051004001380,SHL,36,47,200,262.50,52500.00
11191,11192,2023051004001379,SHL,36,47,500,262.50,131250.00
11192,11193,2023051004001378,SHL,36,34,210,262.40,55104.00
11193,11194,2023051004001377,SHL,36,34,100,262.30,26230.00
11194,11195,2023051004001376,SHL,36,35,900,262.00,235800.00
11195,11196,2023051004001375,NGPL,26,41,10,236.00,2360.00
11196,11197,2023051004001374,HURJA,13,49,10,250.00,2500.00
11197,11198,2023051004001373,HURJA,21,49,10,250.00,2500.00
11198,11199,2023051004001372,API,59,10,52,228.00,11856.00
11199,11200,2023051004001371,API,25,10,20,228.00,4560.00
11200,11201,2023051004001370,API,58,10,20,228.00,4560.00
11201,11202,2023051004001369,API,44,10,93,228.00,21204.00
11202,11203,2023051004001368,API,35,10,1000,228.00,228000.00
11203,11204,2023051004001367,API,58,10,50,228.00,11400.00
11204,11205,2023051004001366,API,28,10,10,228.10,2281.00
11205,11206,2023051004001365,API,25,10,100,228.10,22810.00
11206,11207,2023051004001364,API,22,10,10,229.00,2290.00
11207,11208,2023051004001363,API,7,10,20,229.00,4580.00
11208,11209,2023051004001362,API,5,10,100,229.00,22900.00
11209,11210,2023051004001361,API,5,10,180,229.00,41220.00
11210,11211,2023051001002426,MKHC,7,13,10,242.10,2421.00
11211,11212,2023051001002425,SMJC,34,58,10,245.20,2452.00
11212,11213,2023051001002424,USHEC,5,21,10,285.00,2850.00
11213,11214,2023051001002423,TAMOR,5,26,10,268.10,2681.00
11214,11215,2023051003000614,NLIC,28,59,100,654.00,65400.00
11215,11216,2023051003000613,NLIC,28,7,10,654.00,6540.00
11216,11217,2023051003000612,PLI,33,17,40,402.00,16080.00
11217,11218,2023051003000611,PLI,43,17,160,402.00,64320.00
11218,11219,2023051003000610,MLBSL,43,28,12,1800.00,21600.00
11219,11220,2023051001002422,MAKAR,47,18,10,250.00,2500.00
11220,11221,2023051001002421,SMHL,21,29,10,380.10,3801.00
11221,11222,2023051001002420,DORDI,32,35,10,265.00,2650.00
11222,11223,2023051004001360,SHPC,38,48,20,322.20,6444.00
11223,11224,2023051003000609,SKBBL,4,26,120,808.00,96960.00
11224,11225,2023051004001359,SSHL,45,1,200,197.00,39400.00
11225,11226,2023051001002419,JALPA,49,38,50,1610.00,80500.00
11226,11227,2023051001002418,TAMOR,5,49,10,268.10,2681.00
11227,11228,2023051001002417,MAKAR,47,58,10,250.00,2500.00
11228,11229,2023051001002416,SGHC,7,21,10,290.00,2900.00
11229,11230,2023051004001358,HDHPC,41,33,100,161.00,16100.00
11230,11231,2023051004001357,HDHPC,34,33,1290,161.00,207690.00
11231,11232,2023051001002415,KDL,34,16,10,710.50,7105.00
11232,11233,2023051001002414,NIMB,52,32,10,180.30,1803.00
11233,11234,2023051003000608,DDBL,6,16,100,619.00,61900.00
11234,11235,2023051001002413,NICA,17,34,30,711.00,21330.00
11235,11236,2023051001002412,MHCL,42,49,10,214.30,2143.00
11236,11237,2023051001002411,SMH,42,29,10,527.00,5270.00
11237,11238,2023051001002410,MAKAR,47,58,10,250.00,2500.00
11238,11239,2023051001002409,MAKAR,47,16,10,250.00,2500.00
11239,11240,2023051001002408,PHCL,25,48,10,303.50,3035.00
11240,11241,2023051004001356,MEN,34,58,10,734.00,7340.00
11241,11242,2023051001002407,JALPA,34,38,10,1615.00,16150.00
11242,11243,2023051003000607,CBBL,58,16,10,778.50,7785.00
11243,11244,2023051004001355,RADHI,38,48,100,234.00,23400.00
11244,11245,2023051001002406,MAKAR,47,58,10,250.00,2500.00
11245,11246,2023051001002405,MHCL,42,49,10,214.30,2143.00
11246,11247,2023051001002404,SBL,53,38,16,247.00,3952.00
11247,11248,2023051001002403,SIKLES,7,29,10,399.00,3990.00
11248,11249,2023051005000490,NIFRA,42,7,45,204.30,9193.50
11249,11250,2023051005000489,NTC,57,58,15,795.00,11925.00
11250,11251,2023051001002402,SPC,21,57,10,410.00,4100.00
11251,11252,2023051001002401,MHCL,42,42,10,214.30,2143.00
11252,11253,2023051001002400,MHCL,34,35,10,214.20,2142.00
11253,11254,2023051001002399,MAKAR,47,13,10,250.00,2500.00
11254,11255,2023051001002398,SPL,7,29,10,512.10,5121.00
11255,11256,2023051001002397,SMJC,34,38,10,245.20,2452.00
11256,11257,2023051001002396,GBIME,6,6,100,182.20,18220.00
11257,11258,2023051001002395,GBIME,58,6,50,182.30,9115.00
11258,11259,2023051001002394,SMHL,21,29,10,380.10,3801.00
11259,11260,2023051001002393,TAMOR,26,49,10,268.00,2680.00
11260,11261,2023051001002392,EBL,17,44,217,525.00,113925.00
11261,11262,2023051001002391,EBL,56,44,100,525.00,52500.00
11262,11263,2023051001002390,EBL,54,44,100,525.00,52500.00
11263,11264,2023051001002389,EBL,4,44,100,525.00,52500.00
11264,11265,2023051001002388,EBL,41,44,300,525.00,157500.00
11265,11266,2023051001002387,EBL,13,44,30,525.00,15750.00
11266,11267,2023051001002386,EBL,28,44,100,525.00,52500.00
11267,11268,2023051001002385,EBL,34,44,750,525.00,393750.00
11268,11269,2023051001002384,EBL,36,44,100,525.00,52500.00
11269,11270,2023051001002383,EBL,58,44,10,525.00,5250.00
11270,11271,2023051001002382,EBL,55,44,25,525.00,13125.00
11271,11272,2023051001002381,EBL,6,44,100,525.00,52500.00
11272,11273,2023051001002380,EBL,34,44,100,525.10,52510.00
11273,11274,2023051001002379,EBL,14,44,500,525.10,262550.00
11274,11275,2023051001002378,EBL,51,44,50,525.10,26255.00
11275,11276,2023051001002377,EBL,41,44,100,525.20,52520.00
11276,11277,2023051001002376,EBL,8,44,300,525.50,157650.00
11277,11278,2023051001002375,EBL,49,44,18,526.00,9468.00
11278,11279,2023051004001354,RIDI,4,16,453,277.00,125481.00
11279,11280,2023051001002374,PPL,42,38,10,255.20,2552.00
11280,11281,2023051001002373,TAMOR,26,17,10,268.00,2680.00
11281,11282,2023051004001353,SGIC,48,58,10,431.00,4310.00
11282,11283,2023051001002372,PPL,39,29,10,256.00,2560.00
11283,11284,2023051004001352,HDHPC,16,49,35,161.80,5663.00
11284,11285,2023051001002371,PRVU,33,22,55,165.00,9075.00
11285,11286,2023051001002370,PRVU,33,57,119,165.00,19635.00
11286,11287,2023051001002369,PHCL,25,17,10,303.50,3035.00
11287,11288,2023051001002368,RFPL,18,42,1500,250.50,375750.00
11288,11289,2023051001002367,RFPL,18,45,10,250.00,2500.00
11289,11290,2023051001002366,RFPL,18,17,10,250.00,2500.00
11290,11291,2023051001002365,RFPL,18,25,10,250.00,2500.00
11291,11292,2023051001002364,RFPL,18,53,10,250.00,2500.00
11292,11293,2023051001002363,RFPL,18,8,10,250.00,2500.00
11293,11294,2023051004001351,API,5,45,25,229.00,5725.00
11294,11295,2023051004001350,HDHPC,5,58,75,159.90,11992.50
11295,11296,2023051004001349,HDHPC,1,58,100,160.00,16000.00
11296,11297,2023051004001348,HDHPC,41,58,500,160.00,80000.00
11297,11298,2023051004001347,HDHPC,33,58,205,160.00,32800.00
11298,11299,2023051004001346,HDHPC,58,58,20,160.10,3202.00
11299,11300,2023051004001345,HDHPC,17,58,100,160.10,16010.00
11300,11301,2023051001002362,SMJC,34,49,10,245.20,2452.00
11301,11302,2023051001002361,MAKAR,47,45,10,250.00,2500.00
11302,11303,2023051001002360,PHCL,25,29,10,303.50,3035.00
11303,11304,2023051001002359,NABIL,58,7,10,594.00,5940.00
11304,11305,2023051001002358,PRVU,5,57,100,165.00,16500.00
11305,11306,2023051001002357,SHLB,42,7,10,1120.00,11200.00
11306,11307,2023051001002356,KDL,34,38,10,710.50,7105.00
11307,11308,2023051001002355,MAKAR,47,7,10,250.00,2500.00
11308,11309,2023051001002354,NIMBPO,6,55,346,172.00,59512.00
11309,11310,2023051001002353,NIMBPO,6,16,554,171.00,94734.00
11310,11311,2023051003000606,GRDBL,39,5,10,248.00,2480.00
11311,11312,2023051001002352,MHCL,52,49,10,214.30,2143.00
11312,11313,2023051001002351,GVL,58,21,10,390.00,3900.00
11313,11314,2023051003000605,PLI,57,58,10,404.00,4040.00
11314,11315,2023051001002350,PRVU,58,57,19,165.00,3135.00
11315,11316,2023051001002349,PHCL,26,17,10,304.00,3040.00
11316,11317,2023051001002348,MAKAR,47,49,10,250.00,2500.00
11317,11318,2023051001002347,SPL,38,56,10,512.20,5122.00
11318,11319,2023051001002346,MAKAR,47,45,10,250.00,2500.00
11319,11320,2023051001002345,TAMOR,26,21,10,268.00,2680.00
11320,11321,2023051001002344,TAMOR,26,45,10,268.00,2680.00
11321,11322,2023051001002343,ANLB,22,16,10,623.00,6230.00
11322,11323,2023051004001344,RHPL,44,39,40,273.20,10928.00
11323,11324,2023051001002342,SIKLES,7,56,10,399.00,3990.00
11324,11325,2023051001002341,MAKAR,47,58,10,250.00,2500.00
11325,11326,2023051001002340,JALPA,34,58,40,1615.00,64600.00
11326,11327,2023051005000488,NIFRA,41,7,19,204.50,3885.50
11327,11328,2023051004001343,NLG,17,49,50,592.00,29600.00
11328,11329,2023051001002339,PCBL,1,7,327,192.60,62980.20
11329,11330,2023051001002338,PCBL,36,7,50,192.70,9635.00
11330,11331,2023051001002337,PCBL,26,7,10,192.70,1927.00
11331,11332,2023051001002336,PCBL,43,7,35,192.70,6744.50
11332,11333,2023051001002335,PHCL,26,45,10,304.00,3040.00
11333,11334,2023051004001342,UPCL,38,44,16,223.00,3568.00
11334,11335,2023051003000604,CBBL,54,16,13,778.50,10120.50
11335,11336,2023051003000603,CBBL,54,34,16,778.00,12448.00
11336,11337,2023051001002334,MBJC,42,21,10,277.00,2770.00
11337,11338,2023051001002333,MBJC,42,35,10,277.00,2770.00
11338,11339,2023051001002332,MBJC,5,57,266,276.00,73416.00
11339,11340,2023051001002331,MAKAR,47,45,10,250.00,2500.00
11340,11341,2023051001002330,SGHC,7,56,10,290.00,2900.00
11341,11342,2023051004001341,RHPL,44,39,40,273.20,10928.00
11342,11343,2023051001002329,MAKAR,47,43,10,250.00,2500.00
11343,11344,2023051004001340,SHEL,47,7,250,281.50,70375.00
11344,11345,2023051001002328,PPL,39,1,10,256.00,2560.00
11345,11346,2023051004001339,HDHPC,49,49,710,161.80,114878.00
11346,11347,2023051004001338,HDHPC,49,46,400,161.00,64400.00
11347,11348,2023051001002327,KDL,34,49,10,710.50,7105.00
11348,11349,2023051003000602,GBBL,42,39,132,352.00,46464.00
11349,11350,2023051003000601,GBBL,42,40,20,352.00,7040.00
11350,11351,2023051003000600,GBBL,42,26,948,352.00,333696.00
11351,11352,2023051003000599,GBBL,42,52,900,351.90,316710.00
11352,11353,2023051001002326,RHGCL,38,55,10,252.90,2529.00
11353,11354,2023051005000487,NIFRA,41,58,67,205.00,13735.00
11354,11355,2023051005000486,NIFRA,41,21,33,205.00,6765.00
11355,11356,2023051001002325,MAKAR,47,58,10,250.00,2500.00
11356,11357,2023051001002324,SGHC,7,47,10,289.00,2890.00
11357,11358,2023051001002323,SGHC,7,50,10,288.20,2882.00
11358,11359,2023051001002322,SGHC,7,48,10,288.20,2882.00
11359,11360,2023051003000598,MNBBL,1,16,60,385.90,23154.00
11360,11361,2023051001002321,EBL,49,26,17,526.00,8942.00
11361,11362,2023051001002320,MHCL,52,45,10,214.30,2143.00
11362,11363,2023051001002319,KDL,34,49,100,715.00,71500.00
11363,11364,2023051001002318,MAKAR,47,45,10,250.00,2500.00
11364,11365,2023051004001337,AKPL,7,1,100,356.00,35600.00
11365,11366,2023051001002317,SPL,45,45,60,520.00,31200.00
11366,11367,2023051001002316,SPL,45,34,10,520.00,5200.00
11367,11368,2023051001002315,SPL,45,17,10,520.00,5200.00
11368,11369,2023051001002314,SPL,45,38,10,520.00,5200.00
11369,11370,2023051001002313,SPL,45,59,10,515.00,5150.00
11370,11371,2023051004001336,HDHPC,34,46,100,161.00,16100.00
11371,11372,2023051001002312,MBL,25,47,27,227.00,6129.00
11372,11373,2023051001002311,MBL,28,47,10,227.10,2271.00
11373,11374,2023051003000597,SHINE,52,7,24,318.00,7632.00
11374,11375,2023051001002310,PBLD84,19,26,25,918.00,22950.00
11375,11376,2023051001002309,BHPL,17,39,10,437.00,4370.00
11376,11377,2023051001002308,BHPL,58,39,10,437.10,4371.00
11377,11378,2023051004001335,SHL,29,35,100,262.00,26200.00
11378,11379,2023051001002307,MAKAR,47,45,10,250.00,2500.00
11379,11380,2023051005000485,CHDC,39,56,10,715.00,7150.00
11380,11381,2023051004001334,HDHPC,33,58,1360,160.00,217600.00
11381,11382,2023051004001333,HDHPC,55,58,100,160.10,16010.00
11382,11383,2023051004001332,HDHPC,1,58,20,160.20,3204.00
11383,11384,2023051004001331,HDHPC,14,58,20,160.20,3204.00
11384,11385,2023051004001330,HDHPC,5,58,500,160.90,80450.00
11385,11386,2023051001002306,MAKAR,47,7,10,250.00,2500.00
11386,11387,2023051004001329,GLH,7,25,10,258.30,2583.00
11387,11388,2023051001002305,HDL,33,55,40,1895.00,75800.00
11388,11389,2023051003000596,NMFBS,52,42,20,1145.10,22902.00
11389,11390,2023051001002304,RFPL,26,21,10,245.60,2456.00
11390,11391,2023051003000595,MNBBL,44,1,300,385.00,115500.00
11391,11392,2023051001002303,MAKAR,47,52,10,250.00,2500.00
11392,11393,2023051001002302,PRVU,58,57,199,165.00,32835.00
11393,11394,2023051001002301,NABIL,58,7,20,594.00,11880.00
11394,11395,2023051001002300,BHL,16,22,10,285.50,2855.00
11395,11396,2023051005000484,NIFRA,21,21,10,205.00,2050.00
11396,11397,2023051001002299,SMH,42,6,10,527.00,5270.00
11397,11398,2023051001002298,MAKAR,47,41,10,250.00,2500.00
11398,11399,2023051001002297,NABIL,41,6,50,592.50,29625.00
11399,11400,2023051001002296,NABIL,57,6,48,592.50,28440.00
11400,11401,2023051003000594,NUBL,52,45,10,524.50,5245.00
11401,11402,2023051004001328,UPCL,19,44,200,223.00,44600.00
11402,11403,2023051001002295,KDL,34,49,10,710.50,7105.00
11403,11404,2023051001002294,AHL,50,52,10,340.00,3400.00
11404,11405,2023051001002293,AHL,50,46,10,340.00,3400.00
11405,11406,2023051001002292,SCB,26,57,10,525.70,5257.00
11406,11407,2023051001002291,SBL,42,58,73,246.00,17958.00
11407,11408,2023051001002290,KBL,59,21,27,164.30,4436.10
11408,11409,2023051001002289,PHCL,26,49,10,304.00,3040.00
11409,11410,2023051001002288,GBIME,59,29,28,183.00,5124.00
11410,11411,2023051005000483,RMF1,45,35,100,7.40,740.00
11411,11412,2023051004001327,HDHPC,46,49,460,161.80,74428.00
11412,11413,2023051004001326,HDHPC,46,14,200,160.90,32180.00
11413,11414,2023051004001325,HDHPC,46,14,100,160.90,16090.00
11414,11415,2023051004001324,HDHPC,46,59,150,160.80,24120.00
11415,11416,2023051004001323,HDHPC,46,17,90,160.70,14463.00
11416,11417,2023051001002287,GBIME,59,29,20,183.00,3660.00
11417,11418,2023051001002286,GBIME,42,29,500,183.00,91500.00
11418,11419,2023051001002285,GBIME,41,29,100,183.00,18300.00
11419,11420,2023051001002284,GBIME,41,29,73,183.00,13359.00
11420,11421,2023051001002283,NIMB,53,32,18,180.30,3245.40
11421,11422,2023051001002282,PHCL,26,34,10,304.00,3040.00
11422,11423,2023051003000593,PLI,57,8,10,403.00,4030.00
11423,11424,2023051003000592,PLI,57,22,10,403.00,4030.00
11424,11425,2023051004001322,RIDI,21,58,50,277.50,13875.00
11425,11426,2023051004001321,RIDI,21,19,150,277.20,41580.00
11426,11427,2023051003000591,NUBL,52,42,17,524.50,8916.50
11427,11428,2023051001002281,MAKAR,47,35,10,250.00,2500.00
11428,11429,2023051001002280,MAKAR,47,58,10,250.00,2500.00
11429,11430,2023051001002279,MAKAR,47,45,10,250.00,2500.00
11430,11431,2023051001002278,MAKAR,47,58,10,250.00,2500.00
11431,11432,2023051001002277,MAKAR,47,58,10,250.00,2500.00
11432,11433,2023051001002276,MAKAR,47,42,10,249.70,2497.00
11433,11434,2023051001002275,MAKAR,47,34,10,249.40,2494.00
11434,11435,2023051001002274,MAKAR,47,34,10,249.40,2494.00
11435,11436,2023051001002273,MAKAR,47,34,10,249.40,2494.00
11436,11437,2023051003000590,NICLBSL,55,28,10,534.00,5340.00
11437,11438,2023051004001320,AHPC,34,1,500,276.30,138150.00
11438,11439,2023051004001319,API,42,44,100,230.00,23000.00
11439,11440,2023051004001318,HDHPC,32,17,10,160.70,1607.00
11440,11441,2023051001002272,DORDI,49,21,10,266.00,2660.00
11441,11442,2023051001002271,MBJC,5,48,10,276.00,2760.00
11442,11443,2023051001002270,GVL,58,7,10,390.00,3900.00
11443,11444,2023051004001317,AKJCL,34,22,315,207.00,65205.00
11444,11445,2023051004001316,AKJCL,34,13,150,207.00,31050.00
11445,11446,2023051004001315,AKJCL,34,18,10,207.00,2070.00
11446,11447,2023051004001314,AKJCL,34,21,490,207.00,101430.00
11447,11448,2023051004001313,AKJCL,34,8,35,206.50,7227.50
11448,11449,2023051004001312,NGPL,35,41,66,236.00,15576.00
11449,11450,2023051004001311,NGPL,35,42,26,236.00,6136.00
11450,11451,2023051004001310,NGPL,35,48,37,235.50,8713.50
11451,11452,2023051004001309,NGPL,35,19,71,235.20,16699.20
11452,11453,2023051001002269,MKHC,22,52,10,242.00,2420.00
11453,11454,2023051001002268,SMJC,34,3,10,245.20,2452.00
11454,11455,2023051001002267,SMHL,3,44,10,381.00,3810.00
11455,11456,2023051005000482,HIDCL,57,40,84,179.00,15036.00
11456,11457,2023051005000481,HIDCL,46,40,200,179.00,35800.00
11457,11458,2023051003000589,SWBBL,7,44,12,705.00,8460.00
11458,11459,2023051003000588,NICLBSL,55,28,310,534.00,165540.00
11459,11460,2023051001002266,SMJC,34,58,10,245.20,2452.00
11460,11461,2023051001002265,TPC,17,58,10,377.90,3779.00
11461,11462,2023051001002264,TAMOR,7,47,10,267.20,2672.00
11462,11463,2023051001002263,MBJC,5,55,10,276.00,2760.00
11463,11464,2023051001002262,MAKAR,21,49,10,249.30,2493.00
11464,11465,2023051001002261,GBIME,46,19,28,184.00,5152.00
11465,11466,2023051001002260,PHCL,26,21,10,304.00,3040.00
11466,11467,2023051001002259,SAHAS,5,58,10,488.10,4881.00
11467,11468,2023051001002258,AHL,58,58,10,338.20,3382.00
11468,11469,2023051005000480,NIFRA,32,21,11,205.00,2255.00
11469,11470,2023051001002257,TAMOR,7,58,10,267.20,2672.00
11470,11471,2023051001002256,SMJC,34,47,10,245.20,2452.00
11471,11472,2023051001002255,MKHC,22,21,10,242.00,2420.00
11472,11473,2023051005000479,NIFRA,42,55,54,204.00,11016.00
11473,11474,2023051001002254,MKHC,58,58,20,241.50,4830.00
11474,11475,2023051003000587,LLBS,36,36,84,671.00,56364.00
11475,11476,2023051001002253,PHCL,26,58,10,304.00,3040.00
11476,11477,2023051003000586,NUBL,43,44,15,524.60,7869.00
11477,11478,2023051001002252,MHCL,52,14,10,214.30,2143.00
11478,11479,2023051003000585,MLBSL,43,16,24,1800.00,43200.00
11479,11480,2023051003000584,MLBSL,28,16,10,1800.10,18001.00
11480,11481,2023051001002251,MAKAR,21,45,10,249.30,2493.00
11481,11482,2023051005000478,SAGF,40,21,100,7.86,786.00
11482,11483,2023051001002250,MAKAR,21,35,10,249.30,2493.00
11483,11484,2023051001002249,MKHC,53,58,10,241.50,2415.00
11484,11485,2023051001002248,SMJC,34,58,10,245.20,2452.00
11485,11486,2023051001002247,NYADI,34,58,10,268.40,2684.00
11486,11487,2023051001002246,EBL,49,44,1000,526.00,526000.00
11487,11488,2023051001002245,SHIVM,58,49,30,401.00,12030.00
11488,11489,2023051001002244,HHL,47,47,10,250.00,2500.00
11489,11490,2023051004001308,HDHPC,17,59,50,160.80,8040.00
11490,11491,2023051001002243,JALPA,8,58,20,1608.00,32160.00
11491,11492,2023051005000477,NRIC,49,58,28,674.00,18872.00
11492,11493,2023051003000583,MFIL,14,45,50,422.00,21100.00
11493,11494,2023051003000582,MFIL,17,45,75,422.00,31650.00
11494,11495,2023051005000476,NRIC,22,58,20,674.00,13480.00
11495,11496,2023051001002242,PHCL,25,58,10,303.50,3035.00
11496,11497,2023051001002241,EBL,49,39,1000,527.00,527000.00
11497,11498,2023051001002240,RHGCL,49,50,10,251.30,2513.00
11498,11499,2023051004001307,NHDL,57,38,10,371.00,3710.00
11499,11500,2023051001002239,AVYAN,47,58,10,575.00,5750.00
11500,11501,2023051005000475,NIFRA,42,58,30,204.00,6120.00
11501,11502,2023051005000474,NIFRA,22,58,10,204.10,2041.00
11502,11503,2023051005000473,NIFRA,29,58,14,204.10,2857.40
11503,11504,2023051003000581,SFCL,57,34,150,262.00,39300.00
11504,11505,2023051003000580,SFCL,57,59,115,261.00,30015.00
11505,11506,2023051003000579,SFCL,57,19,100,261.00,26100.00
11506,11507,2023051003000578,SFCL,57,56,10,260.00,2600.00
11507,11508,2023051001002238,MAKAR,21,3,10,249.30,2493.00
11508,11509,2023051005000472,NTC,32,17,10,798.00,7980.00
11509,11510,2023051004001306,GHL,45,21,100,219.00,21900.00
11510,11511,2023051004001305,UPCL,57,28,640,222.00,142080.00
11511,11512,2023051004001304,UPCL,58,28,50,222.50,11125.00
11512,11513,2023051003000577,NICLBSL,26,58,10,533.50,5335.00
11513,11514,2023051004001303,RIDI,4,49,325,277.00,90025.00
11514,11515,2023051001002237,HDL,33,49,12,1900.00,22800.00
11515,11516,2023051003000576,CBBL,58,34,11,778.00,8558.00
11516,11517,2023051005000471,CIT,25,6,15,2008.00,30120.00
11517,11518,2023051001002236,MHCL,7,49,10,215.00,2150.00
11518,11519,2023051001002235,USHEC,5,58,10,284.20,2842.00
11519,11520,2023051001002234,SHIVM,49,44,500,400.00,200000.00
11520,11521,2023051005000470,NIFRA,29,48,54,204.10,11021.40
11521,11522,2023051001002233,RFPL,6,47,10,245.60,2456.00
11522,11523,2023051003000575,NLICL,55,26,40,571.00,22840.00
11523,11524,2023051003000574,NLICL,57,26,20,571.00,11420.00
11524,11525,2023051001002232,SHIVM,8,49,500,401.00,200500.00
11525,11526,2023051001002231,MHL,33,21,10,324.50,3245.00
11526,11527,2023051001002230,BHL,16,8,10,285.00,2850.00
11527,11528,2023051004001302,KKHC,34,57,50,217.00,10850.00
11528,11529,2023051001002229,NIMB,52,52,65,180.20,11713.00
11529,11530,2023051004001301,MEN,34,58,10,734.00,7340.00
11530,11531,2023051004001300,NHDL,57,11,12,370.00,4440.00
11531,11532,2023051001002228,SBI,17,36,1000,326.00,326000.00
11532,11533,2023051001002227,RFPL,6,50,10,245.60,2456.00
11533,11534,2023051001002226,NBL,58,17,15,249.00,3735.00
11534,11535,2023051003000573,EDBL,46,34,17,281.00,4777.00
11535,11536,2023051003000572,NUBL,42,38,200,524.70,104940.00
11536,11537,2023051001002225,MAKAR,21,51,10,249.30,2493.00
11537,11538,2023051001002224,MBJC,5,58,10,276.00,2760.00
11538,11539,2023051001002223,SBI,17,36,1365,326.00,444990.00
11539,11540,2023051001002222,SBI,17,44,135,325.50,43942.50
11540,11541,2023051003000571,PLI,57,21,10,402.00,4020.00
11541,11542,2023051001002221,MHL,33,50,10,324.50,3245.00
11542,11543,2023051004001299,HDHPC,33,11,10,160.00,1600.00
11543,11544,2023051004001298,HDHPC,33,19,50,160.00,8000.00
11544,11545,2023051004001297,HDHPC,33,58,365,160.00,58400.00
11545,11546,2023051004001296,HDHPC,33,1,10,160.00,1600.00
11546,11547,2023051001002220,BHL,16,21,10,283.00,2830.00
11547,11548,2023051001002219,MAKAR,21,32,10,249.30,2493.00
11548,11549,2023051001002218,USHEC,26,34,10,285.00,2850.00
11549,11550,2023051001002217,GVL,58,58,10,390.00,3900.00
11550,11551,2023051003000570,SHINE,58,7,50,317.10,15855.00
11551,11552,2023051003000569,SHINE,14,7,100,317.10,31710.00
11552,11553,2023051003000568,SHINE,16,7,100,317.10,31710.00
11553,11554,2023051003000567,SHINE,49,7,250,317.10,79275.00
11554,11555,2023051001002216,HHL,47,59,10,250.00,2500.00
11555,11556,2023051004001295,SJCL,20,49,20,266.10,5322.00
11556,11557,2023051005000469,HIDCL,32,10,10,179.50,1795.00
11557,11558,2023051001002215,TAMOR,21,45,10,267.00,2670.00
11558,11559,2023051001002214,UHEWA,38,48,10,365.00,3650.00
11559,11560,2023051001002213,TAMOR,21,17,10,267.00,2670.00
11560,11561,2023051004001294,SGIC,48,10,10,431.00,4310.00
11561,11562,2023051004001293,SGIC,17,10,10,432.40,4324.00
11562,11563,2023051004001292,SGIC,26,10,30,433.00,12990.00
11563,11564,2023051004001291,SGIC,36,10,50,433.00,21650.00
11564,11565,2023051003000566,NICLBSL,55,28,43,534.00,22962.00
11565,11566,2023051003000565,NICLBSL,46,28,20,534.00,10680.00
11566,11567,2023051003000564,NICLBSL,17,28,30,534.00,16020.00
11567,11568,2023051003000563,NICLBSL,16,28,85,534.00,45390.00
11568,11569,2023051001002212,MAKAR,21,49,10,249.30,2493.00
11569,11570,2023051001002211,PPL,38,32,10,255.10,2551.00
11570,11571,2023051001002210,PHCL,19,50,10,304.00,3040.00
11571,11572,2023051001002209,JALPA,22,36,28,1602.00,44856.00
11572,11573,2023051001002208,JALPA,34,36,100,1602.10,160210.00
11573,11574,2023051001002207,JALPA,34,36,20,1602.10,32042.00
11574,11575,2023051001002206,JALPA,58,36,32,1602.20,51270.40
11575,11576,2023051001002205,JALPA,26,36,10,1602.20,16022.00
11576,11577,2023051001002204,JALPA,21,36,25,1602.20,40055.00
11577,11578,2023051001002203,JALPA,42,36,100,1603.00,160300.00
11578,11579,2023051001002202,JALPA,49,36,10,1605.00,16050.00
11579,11580,2023051004001290,HDHPC,17,1,20,160.00,3200.00
11580,11581,2023051001002201,TAMOR,21,17,10,267.00,2670.00
11581,11582,2023051001002200,AHL,50,51,10,340.00,3400.00
11582,11583,2023051001002199,SMJC,57,17,10,245.10,2451.00
11583,11584,2023051004001289,SGIC,44,48,10,433.20,4332.00
11584,11585,2023051001002198,EHPL,58,29,10,341.30,3413.00
11585,11586,2023051001002197,SMJC,57,57,10,245.10,2451.00
11586,11587,2023051001002196,TAMOR,21,52,10,267.00,2670.00
11587,11588,2023051001002195,JBLB,43,38,17,1395.10,23716.70
11588,11589,2023051003000562,MNBBL,44,42,1240,385.00,477400.00
11589,11590,2023051003000561,MNBBL,41,42,100,385.00,38500.00
11590,11591,2023051003000560,MNBBL,16,42,12,385.00,4620.00
11591,11592,2023051003000559,MNBBL,45,42,500,385.00,192500.00
11592,11593,2023051003000558,MNBBL,16,42,15,385.00,5775.00
11593,11594,2023051003000557,MNBBL,1,42,25,385.00,9625.00
11594,11595,2023051003000556,MNBBL,34,42,13,385.10,5006.30
11595,11596,2023051003000555,MNBBL,57,42,10,385.10,3851.00
11596,11597,2023051003000554,MNBBL,58,42,85,385.10,32733.50
11597,11598,2023051004001288,HPPL,5,7,21,279.00,5859.00
11598,11599,2023051004001287,HPPL,5,39,100,275.00,27500.00
11599,11600,2023051004001286,HPPL,5,42,29,275.00,7975.00
11600,11601,2023051001002194,SCB,17,19,50,525.10,26255.00
11601,11602,2023051003000553,SWMF,50,33,68,555.00,37740.00
11602,11603,2023051003000552,SWMF,50,38,57,555.00,31635.00
11603,11604,2023051001002193,TAMOR,21,17,10,267.00,2670.00
11604,11605,2023051005000468,NIFRA,34,35,520,205.00,106600.00
11605,11606,2023051001002192,RHGCL,49,42,10,252.00,2520.00
11606,11607,2023051001002191,MAKAR,21,58,10,249.30,2493.00
11607,11608,2023051004001285,RHPL,26,49,50,274.00,13700.00
11608,11609,2023051003000551,ICFC,41,6,77,406.00,31262.00
11609,11610,2023051001002190,SMJC,38,17,10,245.10,2451.00
11610,11611,2023051001002189,SAHAS,5,22,10,488.10,4881.00
11611,11612,2023051004001284,HDHPC,1,1,400,160.00,64000.00
11612,11613,2023051001002188,JALPA,28,58,10,1608.00,16080.00
11613,11614,2023051001002187,SHIVM,47,49,50,401.00,20050.00
11614,11615,2023051001002186,MHL,33,50,10,324.50,3245.00
11615,11616,2023051004001283,UNHPL,58,1,10,207.00,2070.00
11616,11617,2023051001002185,SBI,11,7,27,325.00,8775.00
11617,11618,2023051001002184,MKHC,22,17,10,241.10,2411.00
11618,11619,2023051001002183,AVYAN,47,42,10,570.00,5700.00
11619,11620,2023051004001282,RURU,49,34,12,710.00,8520.00
11620,11621,2023051001002182,SCB,17,28,500,525.10,262550.00
11621,11622,2023051004001281,LEC,37,25,10,244.00,2440.00
11622,11623,2023051003000550,ALICL,19,17,150,545.00,81750.00
11623,11624,2023051003000549,ALICL,57,17,100,545.00,54500.00
11624,11625,2023051003000548,ALICL,57,17,500,545.10,272550.00
11625,11626,2023051003000547,ALICL,14,17,100,545.10,54510.00
11626,11627,2023051003000546,ALICL,44,17,150,545.20,81780.00
11627,11628,2023051001002181,SMJC,38,56,10,245.10,2451.00
11628,11629,2023051001002180,MAKAR,21,17,10,249.30,2493.00
11629,11630,2023051004001280,HDHPC,54,1,100,160.00,16000.00
11630,11631,2023051001002179,KDL,26,35,10,710.10,7101.00
11631,11632,2023051004001279,AKJCL,46,34,100,205.00,20500.00
11632,11633,2023051004001278,AKJCL,46,6,486,205.00,99630.00
11633,11634,2023051005000467,NRIC,34,58,50,675.00,33750.00
11634,11635,2023051001002178,PHCL,19,48,10,304.00,3040.00
11635,11636,2023051004001277,HDHPC,58,1,10,160.00,1600.00
11636,11637,2023051003000545,SWBBL,13,16,100,710.00,71000.00
11637,11638,2023051003000544,SWBBL,38,16,100,710.00,71000.00
11638,11639,2023051003000543,SWBBL,6,16,16,710.00,11360.00
11639,11640,2023051003000542,SWBBL,33,16,90,710.10,63909.00
11640,11641,2023051001002177,PRVU,49,57,500,165.00,82500.00
11641,11642,2023051001002176,DORDI,32,8,120,265.00,31800.00
11642,11643,2023051003000541,NUBL,13,21,34,525.00,17850.00
11643,11644,2023051001002175,GBIME,41,35,566,183.00,103578.00
11644,11645,2023051001002174,GBIME,59,19,10,184.00,1840.00
11645,11646,2023051001002173,HBL,57,6,10,218.00,2180.00
11646,11647,2023051001002172,EBL,16,44,25,526.00,13150.00
11647,11648,2023051001002171,EBL,28,44,50,526.00,26300.00
11648,11649,2023051001002170,EBL,6,44,267,526.00,140442.00
11649,11650,2023051001002169,EBL,8,44,300,526.10,157830.00
11650,11651,2023051001002168,EBL,36,44,31,526.10,16309.10
11651,11652,2023051001002167,EBL,58,44,35,527.00,18445.00
11652,11653,2023051003000540,FOWAD,58,14,40,1196.00,47840.00
11653,11654,2023051004001276,HDHPC,5,49,30,159.90,4797.00
11654,11655,2023051001002166,MHCL,7,56,10,215.00,2150.00
11655,11656,2023051001002165,MAKAR,21,49,10,249.30,2493.00
11656,11657,2023051004001275,HDHPC,18,49,95,159.90,15190.50
11657,11658,2023051004001274,HDHPC,42,49,875,159.90,139912.50
11658,11659,2023051004001273,HDHPC,42,26,325,159.90,51967.50
11659,11660,2023051004001272,SGIC,39,6,10,435.00,4350.00
11660,11661,2023051001002164,BHPL,58,48,10,437.10,4371.00
11661,11662,2023051001002163,NABIL,57,54,29,592.50,17182.50
11662,11663,2023051001002162,NABIL,26,54,10,593.00,5930.00
11663,11664,2023051001002161,NABIL,49,54,10,593.00,5930.00
11664,11665,2023051001002160,MHCL,7,45,10,215.00,2150.00
11665,11666,2023051005000466,NIFRA,32,35,20,206.00,4120.00
11666,11667,2023051003000539,CLBSL,29,14,20,542.80,10856.00
11667,11668,2023051003000538,CLBSL,39,14,50,543.00,27150.00
11668,11669,2023051004001271,AHPC,29,35,20,277.00,5540.00
11669,11670,2023051001002159,HDL,33,6,10,1900.00,19000.00
11670,11671,2023051005000465,CIT,56,6,70,2008.00,140560.00
11671,11672,2023051001002158,MAKAR,21,49,10,249.30,2493.00
11672,11673,2023051004001270,NICL,38,41,500,516.20,258100.00
11673,11674,2023051003000537,ALBSL,19,7,16,662.00,10592.00
11674,11675,2023051004001269,UPPER,1,58,13,410.00,5330.00
11675,11676,2023051001002157,MAKAR,21,8,10,249.30,2493.00
11676,11677,2023051004001268,SHPC,34,35,250,322.00,80500.00
11677,11678,2023051004001267,SHPC,44,35,300,322.10,96630.00
11678,11679,2023051001002156,MAKAR,21,45,10,249.30,2493.00
11679,11680,2023051005000464,NRIC,49,52,10,674.00,6740.00
11680,11681,2023051001002155,SMJC,38,8,10,245.10,2451.00
11681,11682,2023051001002154,SCB,17,17,450,525.10,236295.00
11682,11683,2023051001002153,PCBL,58,6,10,192.90,1929.00
11683,11684,2023051001002152,TAMOR,7,58,10,266.70,2667.00
11684,11685,2023051005000463,CIT,56,14,30,2008.00,60240.00
11685,11686,2023051001002151,MAKAR,13,34,10,249.40,2494.00
11686,11687,2023051001002150,SBI,47,44,100,325.50,32550.00
11687,11688,2023051003000536,NUBL,50,21,266,525.00,139650.00
11688,11689,2023051003000535,NUBL,50,26,234,525.00,122850.00
11689,11690,2023051001002149,PHCL,19,8,10,304.00,3040.00
11690,11691,2023051001002148,HDL,33,56,50,1900.00,95000.00
11691,11692,2023051001002147,HDL,33,49,11,1900.00,20900.00
11692,11693,2023051001002146,HDL,33,34,12,1900.00,22800.00
11693,11694,2023051001002145,HDL,33,25,45,1900.00,85500.00
11694,11695,2023051001002144,HDL,33,57,100,1900.00,190000.00
11695,11696,2023051001002143,HDL,33,35,10,1900.00,19000.00
11696,11697,2023051001002142,MAKAR,13,49,10,249.40,2494.00
11697,11698,2023051001002141,PCBL,25,6,17,192.90,3279.30
11698,11699,2023051001002140,PCBL,25,52,83,192.90,16010.70
11699,11700,2023051001002139,MAKAR,13,58,10,249.40,2494.00
11700,11701,2023051001002138,KBL,59,34,10,165.00,1650.00
11701,11702,2023051001002137,KBL,59,57,82,165.00,13530.00
11702,11703,2023051001002136,KBL,59,7,25,165.00,4125.00
11703,11704,2023051001002135,KBL,59,33,118,165.00,19470.00
11704,11705,2023051001002134,KBL,59,57,2000,165.00,330000.00
11705,11706,2023051001002133,KBL,59,17,265,165.00,43725.00
11706,11707,2023051001002132,MHCL,7,34,10,215.00,2150.00
11707,11708,2023051001002131,SMJC,38,1,10,245.10,2451.00
11708,11709,2023051004001266,SGIC,39,53,10,435.00,4350.00
11709,11710,2023051004001265,SGIC,39,25,10,435.00,4350.00
11710,11711,2023051004001264,RIDI,4,34,200,277.00,55400.00
11711,11712,2023051004001263,RIDI,4,58,22,276.90,6091.80
11712,11713,2023051004001262,CHCL,14,42,119,460.10,54751.90
11713,11714,2023051004001261,CHCL,14,35,202,460.10,92940.20
11714,11715,2023051004001260,CHCL,28,35,20,460.30,9206.00
11715,11716,2023051004001259,CHCL,16,35,110,461.00,50710.00
11716,11717,2023051005000462,HIDCL,58,58,50,179.00,8950.00
11717,11718,2023051001002130,KDL,26,6,10,710.10,7101.00
11718,11719,2023051001002129,MHCL,7,58,10,215.00,2150.00
11719,11720,2023051003000534,PLI,57,49,10,402.00,4020.00
11720,11721,2023051001002128,SHIVM,57,49,30,401.00,12030.00
11721,11722,2023051001002127,SHIVM,57,54,30,400.00,12000.00
11722,11723,2023051001002126,GBIME,41,19,11,183.00,2013.00
11723,11724,2023051004001258,API,5,14,18,229.00,4122.00
11724,11725,2023051001002125,UHEWA,38,11,10,365.00,3650.00
11725,11726,2023051001002124,MAKAR,13,34,10,249.40,2494.00
11726,11727,2023051001002123,MBJC,5,34,10,276.00,2760.00
11727,11728,2023051004001257,HDHPC,38,26,100,159.90,15990.00
11728,11729,2023051001002122,SMHL,6,44,1100,381.00,419100.00
11729,11730,2023051001002121,PPL,38,6,10,255.10,2551.00
11730,11731,2023051003000533,NUBL,11,26,100,525.00,52500.00
11731,11732,2023051005000461,NIFRA,32,35,10,206.50,2065.00
11732,11733,2023051001002120,MAKAR,13,34,10,249.40,2494.00
11733,11734,2023051004001256,AKJCL,59,6,14,205.00,2870.00
11734,11735,2023051004001255,API,5,35,777,229.00,177933.00
11735,11736,2023051004001254,API,52,35,50,229.40,11470.00
11736,11737,2023051001002119,TAMOR,47,45,10,267.00,2670.00
11737,11738,2023051001002118,TAMOR,47,7,10,267.00,2670.00
11738,11739,2023051001002117,TAMOR,47,32,10,267.00,2670.00
11739,11740,2023051001002116,SCB,D01,59,410,525.00,215250.00
11740,11741,2023051003000532,LBBL,49,34,150,329.00,49350.00
11741,11742,2023051001002115,SMJC,34,8,10,245.00,2450.00
11742,11743,2023051001002114,KBL,4,16,230,164.30,37789.00
11743,11744,2023051001002113,KBL,41,16,50,164.30,8215.00
11744,11745,2023051001002112,KBL,20,16,100,164.30,16430.00
11745,11746,2023051001002111,KBL,34,16,100,164.50,16450.00
11746,11747,2023051005000460,NIFRA,29,49,32,204.10,6531.20
11747,11748,2023051001002110,MHCL,7,8,10,215.00,2150.00
11748,11749,2023051004001253,NICL,49,10,150,517.00,77550.00
11749,11750,2023051001002109,MKHC,53,58,10,241.10,2411.00
11750,11751,2023051001002108,SMHL,21,44,400,381.00,152400.00
11751,11752,2023051001002107,SHIVM,38,54,10,400.00,4000.00
11752,11753,2023051001002106,SCB,D01,59,500,525.00,262500.00
11753,11754,2023051001002105,PPL,38,52,10,255.10,2551.00
11754,11755,2023051001002104,SMH,42,58,10,527.00,5270.00
11755,11756,2023051001002103,USHEC,5,16,10,284.20,2842.00
11756,11757,2023051001002102,MAKAR,21,49,10,249.30,2493.00
11757,11758,2023051004001252,AHPC,44,35,457,277.30,126726.10
11758,11759,2023051004001251,HDHPC,55,59,200,159.90,31980.00
11759,11760,2023051003000531,SKBBL,21,34,200,815.00,163000.00
11760,11761,2023051001002101,NIMB,26,56,1,176.50,176.50
11761,11762,2023051001002100,KDL,38,34,10,710.20,7102.00
11762,11763,2023051003000530,LLBS,16,5,20,680.00,13600.00
11763,11764,2023051001002099,MHCL,7,55,10,215.00,2150.00
11764,11765,2023051001002098,MHCL,7,58,10,215.00,2150.00
11765,11766,2023051005000459,KEF,29,35,100,7.90,790.00
11766,11767,2023051001002097,TAMOR,46,42,10,267.00,2670.00
11767,11768,2023051005000458,NIFRA,42,49,22,205.00,4510.00
11768,11769,2023051001002096,GVL,58,45,10,390.00,3900.00
11769,11770,2023051001002095,GBIME,59,19,14,184.00,2576.00
11770,11771,2023051005000457,CHDC,17,47,10,719.90,7199.00
11771,11772,2023051005000456,CHDC,17,47,10,719.90,7199.00
11772,11773,2023051005000455,CHDC,17,47,10,719.90,7199.00
11773,11774,2023051004001250,UPPER,57,58,10,410.00,4100.00
11774,11775,2023051004001249,TRH,45,19,150,505.00,75750.00
11775,11776,2023051004001248,TRH,36,19,150,505.10,75765.00
11776,11777,2023051004001247,TRH,56,19,100,507.00,50700.00
11777,11778,2023051005000454,SFEF,25,43,100,7.77,777.00
11778,11779,2023051001002094,SHIVM,45,35,44,400.00,17600.00
11779,11780,2023051001002093,SHIVM,49,35,60,400.00,24000.00
11780,11781,2023051004001246,NGPL,49,48,10,235.50,2355.00
11781,11782,2023051001002092,NCCD86,58,45,10,921.60,9216.00
11782,11783,2023051001002091,MAKAR,21,56,10,249.30,2493.00
11783,11784,2023051005000453,NTC,45,17,10,791.50,7915.00
11784,11785,2023051004001245,HDHPC,40,49,30,159.80,4794.00
11785,11786,2023051001002090,MAKAR,21,49,10,249.30,2493.00
11786,11787,2023051001002089,SCB,D01,17,500,525.00,262500.00
11787,11788,2023051001002088,MHCL,7,45,10,215.00,2150.00
11788,11789,2023051004001244,RIDI,41,58,76,275.00,20900.00
11789,11790,2023051004001243,RIDI,58,58,24,275.00,6600.00
11790,11791,2023051004001242,SHL,14,47,500,262.00,131000.00
11791,11792,2023051004001241,SHL,14,47,100,262.00,26200.00
11792,11793,2023051004001240,SHL,14,47,200,262.00,52400.00
11793,11794,2023051004001239,SHL,14,35,1000,261.50,261500.00
11794,11795,2023051001002087,KBL,38,17,200,165.00,33000.00
11795,11796,2023051001002086,TAMOR,58,39,10,266.60,2666.00
11796,11797,2023051001002085,MAKAR,21,45,10,249.30,2493.00
11797,11798,2023051001002084,PHCL,19,8,10,304.00,3040.00
11798,11799,2023051005000452,CIT,52,38,100,2010.00,201000.00
11799,11800,2023051005000451,CIT,55,38,13,2010.10,26131.30
11800,11801,2023051005000450,CIT,36,38,10,2011.10,20111.00
11801,11802,2023051005000449,SAGF,40,43,100,7.86,786.00
11802,11803,2023051001002083,NABIL,49,7,16,594.00,9504.00
11803,11804,2023051005000448,NIFRA,32,35,10,206.50,2065.00
11804,11805,2023051001002082,SMJC,34,39,10,245.00,2450.00
11805,11806,2023051001002081,SMJC,34,48,10,245.00,2450.00
11806,11807,2023051004001238,API,56,44,300,230.00,69000.00
11807,11808,2023051004001237,API,14,44,500,230.00,115000.00
11808,11809,2023051004001236,API,58,44,60,230.00,13800.00
11809,11810,2023051004001235,API,42,44,1500,230.00,345000.00
11810,11811,2023051004001234,API,57,44,250,230.00,57500.00
11811,11812,2023051004001233,API,25,44,50,230.00,11500.00
11812,11813,2023051004001232,API,22,44,80,230.00,18400.00
11813,11814,2023051004001231,API,38,44,1024,230.00,235520.00
11814,11815,2023051004001230,API,34,44,109,231.00,25179.00
11815,11816,2023051003000529,CBBL,7,52,16,778.00,12448.00
11816,11817,2023051004001229,CHCL,16,13,90,461.00,41490.00
11817,11818,2023051004001228,CHCL,26,13,10,462.00,4620.00
11818,11819,2023051001002080,HDL,33,55,24,1895.00,45480.00
11819,11820,2023051001002079,HDL,58,55,41,1898.00,77818.00
11820,11821,2023051001002078,HDL,57,55,25,1899.00,47475.00
11821,11822,2023051001002077,TAMOR,58,16,10,266.60,2666.00
11822,11823,2023051001002076,MAKAR,21,26,10,249.30,2493.00
11823,11824,2023051001002075,NIBLGF,58,43,100,7.82,782.00
11824,11825,2023051001002074,SMH,42,39,10,527.00,5270.00
11825,11826,2023051004001227,JOSHI,48,48,334,254.00,84836.00
11826,11827,2023051004001226,JOSHI,41,48,25,254.00,6350.00
11827,11828,2023051004001225,JOSHI,58,48,10,254.00,2540.00
11828,11829,2023051004001224,JOSHI,22,48,90,254.00,22860.00
11829,11830,2023051004001223,JOSHI,5,48,500,254.10,127050.00
11830,11831,2023051004001222,JOSHI,26,48,10,254.20,2542.00
11831,11832,2023051004001221,JOSHI,49,48,31,254.20,7880.20
11832,11833,2023051004001220,HDHPC,14,17,20,159.30,3186.00
11833,11834,2023051004001219,NHDL,42,38,250,365.00,91250.00
11834,11835,2023051001002073,PHCL,19,39,10,304.00,3040.00
11835,11836,2023051001002072,NCCD86,58,45,10,940.40,9404.00
11836,11837,2023051001002071,SHIVM,36,8,250,400.00,100000.00
11837,11838,2023051003000528,NICLBSL,48,49,10,535.00,5350.00
11838,11839,2023051001002070,SMJC,32,45,10,248.00,2480.00
11839,11840,2023051001002069,SMJC,32,26,10,246.00,2460.00
11840,11841,2023051004001218,SICL,42,17,117,710.00,83070.00
11841,11842,2023051004001217,SICL,52,17,26,710.00,18460.00
11842,11843,2023051004001216,SICL,52,17,50,710.10,35505.00
11843,11844,2023051004001215,SICL,26,17,10,710.20,7102.00
11844,11845,2023051004001214,SICL,21,17,97,710.30,68899.10
11845,11846,2023051004001213,SSHL,17,44,500,197.90,98950.00
11846,11847,2023051005000447,NBF3,7,6,100,7.11,711.00
11847,11848,2023051001002068,TAMOR,58,45,10,266.60,2666.00
11848,11849,2023051005000446,NIFRA,6,6,60,206.00,12360.00
11849,11850,2023051005000445,NIFRA,6,58,24,206.00,4944.00
11850,11851,2023051001002067,DORDI,32,58,10,265.00,2650.00
11851,11852,2023051004001212,UPCL,17,44,165,223.00,36795.00
11852,11853,2023051004001211,RIDI,21,21,14,276.00,3864.00
11853,11854,2023051004001210,RIDI,21,45,33,276.00,9108.00
11854,11855,2023051001002066,NYADI,52,48,10,270.00,2700.00
11855,11856,2023051003000527,FMDBL,35,28,13,505.00,6565.00
11856,11857,2023051001002065,TAMOR,58,44,281,266.60,74914.60
11857,11858,2023051001002064,TAMOR,42,44,10,266.70,2667.00
11858,11859,2023051001002063,TAMOR,21,44,50,266.70,13335.00
11859,11860,2023051001002062,SBL,42,1,16,246.00,3936.00
11860,11861,2023051001002061,TAMOR,47,55,10,267.00,2670.00
11861,11862,2023051001002060,RFPL,57,39,10,246.00,2460.00
11862,11863,2023051005000444,ENL,38,49,10,610.40,6104.00
11863,11864,2023051001002059,SRBL,21,34,10,179.20,1792.00
11864,11865,2023051001002058,SMJC,34,58,10,245.00,2450.00
11865,11866,2023051004001209,SSHL,45,58,150,195.00,29250.00
11866,11867,2023051004001208,SSHL,49,58,200,195.00,39000.00
11867,11868,2023051004001207,SSHL,39,58,50,195.00,9750.00
11868,11869,2023051004001206,SSHL,55,58,100,195.10,19510.00
11869,11870,2023051004001205,SSHL,49,58,200,196.00,39200.00
11870,11871,2023051001002057,SMHL,21,25,10,380.00,3800.00
11871,11872,2023051004001204,MHNL,56,49,30,263.00,7890.00
11872,11873,2023051001002056,HHL,47,39,10,250.00,2500.00
11873,11874,2023051003000526,SJLIC,3,21,19,414.10,7867.90
11874,11875,2023051003000525,SJLIC,55,21,10,415.00,4150.00
11875,11876,2023051003000524,SJLIC,48,21,21,415.00,8715.00
11876,11877,2023051001002055,MAKAR,21,39,10,249.30,2493.00
11877,11878,2023051001002054,NYADI,52,35,10,270.00,2700.00
11878,11879,2023051001002053,NYADI,52,21,10,270.00,2700.00
11879,11880,2023051001002052,MHCL,7,42,20,215.00,4300.00
11880,11881,2023051001002051,PHCL,19,42,10,304.00,3040.00
11881,11882,2023051001002050,MAKAR,21,39,10,249.30,2493.00
11882,11883,2023051004001203,AKPL,21,53,183,358.90,65678.70
11883,11884,2023051004001202,AKPL,21,50,107,358.60,38370.20
11884,11885,2023051004001201,AKPL,21,34,100,358.00,35800.00
11885,11886,2023051004001200,AKPL,21,51,30,358.00,10740.00
11886,11887,2023051004001199,AKPL,21,34,80,358.00,28640.00
11887,11888,2023051001002049,SHIVM,7,35,100,400.00,40000.00
11888,11889,2023051001002048,ADBL,4,50,92,231.00,21252.00
11889,11890,2023051001002047,ADBL,58,50,30,231.20,6936.00
11890,11891,2023051001002046,PHCL,19,48,10,304.00,3040.00
11891,11892,2023051001002045,NICA,57,58,22,712.00,15664.00
11892,11893,2023051001002044,MAKAR,21,39,10,249.30,2493.00
11893,11894,2023051004001198,HDHPC,43,49,10,159.80,1598.00
11894,11895,2023051001002043,HBL,52,58,88,218.00,19184.00
11895,11896,2023051001002042,GBIME,38,19,10,184.00,1840.00
11896,11897,2023051001002041,GBIME,38,55,15,184.00,2760.00
11897,11898,2023051001002040,MAKAR,21,39,10,249.30,2493.00
11898,11899,2023051004001197,SPDL,33,44,105,266.00,27930.00
11899,11900,2023051003000523,NUBL,6,26,31,525.00,16275.00
11900,11901,2023051005000443,NTC,32,17,10,794.90,7949.00
11901,11902,2023051001002039,EBL,36,28,19,526.10,9995.90
11902,11903,2023051003000522,CBBL,42,33,20,775.50,15510.00
11903,11904,2023051004001196,SPDL,58,44,50,266.00,13300.00
11904,11905,2023051001002038,SHIVM,34,35,1000,400.00,400000.00
11905,11906,2023051005000442,NRIC,42,58,100,675.00,67500.00
11906,11907,2023051001002037,ADBL,41,53,19,233.90,4444.10
11907,11908,2023051001002036,MAKAR,21,39,10,249.30,2493.00
11908,11909,2023051003000521,ALICL,17,17,500,545.10,272550.00
11909,11910,2023051004001195,SHEL,43,57,10,276.00,2760.00
11910,11911,2023051001002035,SMH,29,38,10,532.00,5320.00
11911,11912,2023051001002034,SMH,29,58,10,531.00,5310.00
11912,11913,2023051004001194,HDHPC,38,49,100,159.80,15980.00
11913,11914,2023051001002033,MKHC,58,54,10,242.00,2420.00
11914,11915,2023051001002032,MKHC,58,13,10,242.00,2420.00
11915,11916,2023051001002031,GBIME,41,44,370,183.00,67710.00
11916,11917,2023051001002030,MAKAR,21,39,10,249.30,2493.00
11917,11918,2023051001002029,EBL,6,39,233,526.00,122558.00
11918,11919,2023051001002028,EBL,47,39,53,526.00,27878.00
11919,11920,2023051001002027,EBL,22,39,200,526.10,105220.00
11920,11921,2023051001002026,EBL,41,39,14,526.10,7365.40
11921,11922,2023051001002025,MBJC,5,41,100,276.00,27600.00
11922,11923,2023051001002024,CZBIL,58,58,20,171.00,3420.00
11923,11924,2023051004001193,RADHI,8,57,290,235.00,68150.00
11924,11925,2023051001002023,KBL,53,17,10,165.00,1650.00
11925,11926,2023051001002022,JBLB,6,35,10,1397.50,13975.00
11926,11927,2023051001002021,MAKAR,21,39,10,249.30,2493.00
11927,11928,2023051005000441,NTC,13,17,10,791.30,7913.00
11928,11929,2023051005000440,NTC,41,17,10,792.00,7920.00
11929,11930,2023051005000439,NTC,45,17,50,792.00,39600.00
11930,11931,2023051001002020,SHIVM,43,35,1090,400.00,436000.00
11931,11932,2023051001002019,SHIVM,41,35,50,400.00,20000.00
11932,11933,2023051001002018,SHIVM,49,35,60,400.00,24000.00
11933,11934,2023051001002017,SHIVM,52,35,90,400.00,36000.00
11934,11935,2023051001002016,SHIVM,22,35,10,400.00,4000.00
11935,11936,2023051004001192,HDHPC,57,49,556,159.80,88848.80
11936,11937,2023051004001191,HDHPC,57,45,264,159.30,42055.20
11937,11938,2023051004001190,HDHPC,57,25,180,159.20,28656.00
11938,11939,2023051001002015,GBIME,51,44,630,183.00,115290.00
11939,11940,2023051001002014,GBIME,51,22,20,183.00,3660.00
11940,11941,2023051001002013,MAKAR,21,39,10,249.30,2493.00
11941,11942,2023051005000438,HIDCL,36,10,30,179.50,5385.00
11942,11943,2023051001002012,MHCL,7,49,10,215.00,2150.00
11943,11944,2023051001002011,SBI,41,44,15,325.50,4882.50
11944,11945,2023051004001189,SPDL,29,44,50,266.80,13340.00
11945,11946,2023051001002010,MAKAR,21,39,10,249.30,2493.00
11946,11947,2023051001002009,SMJC,39,55,10,246.00,2460.00
11947,11948,2023051001002008,SMHL,59,44,40,381.00,15240.00
11948,11949,2023051001002007,SMHL,38,44,50,381.00,19050.00
11949,11950,2023051001002006,SMHL,3,44,400,381.10,152440.00
11950,11951,2023051003000520,DDBL,1,26,50,620.00,31000.00
11951,11952,2023051001002005,MAKAR,41,39,10,249.50,2495.00
11952,11953,2023051001002004,UHEWA,21,21,10,368.00,3680.00
11953,11954,2023051001002003,UHEWA,21,38,311,368.00,114448.00
11954,11955,2023051001002002,UHEWA,21,45,10,366.00,3660.00
11955,11956,2023051001002001,PCBL,41,52,17,192.90,3279.30
11956,11957,2023051004001188,GLH,7,49,10,258.30,2583.00
11957,11958,2023051001002000,MHCL,7,55,10,215.00,2150.00
11958,11959,2023051001001999,MAKAR,41,39,10,249.50,2495.00
11959,11960,2023051004001187,HDHPC,6,19,380,159.00,60420.00
11960,11961,2023051001001998,MAKAR,41,39,10,249.50,2495.00
11961,11962,2023051001001997,MAKAR,41,38,10,249.50,2495.00
11962,11963,2023051001001996,SMJC,39,35,10,246.00,2460.00
11963,11964,2023051003000519,PLI,57,45,10,402.00,4020.00
11964,11965,2023051001001995,SAHAS,5,57,10,488.10,4881.00
11965,11966,2023051001001994,SPC,21,21,10,410.00,4100.00
11966,11967,2023051001001993,MAKAR,41,39,10,249.50,2495.00
11967,11968,2023051001001992,SANIMA,52,7,803,241.00,193523.00
11968,11969,2023051001001991,SANIMA,47,7,200,241.00,48200.00
11969,11970,2023051001001990,SANIMA,38,7,553,241.00,133273.00
11970,11971,2023051001001989,MAKAR,41,56,10,249.50,2495.00
11971,11972,2023051003000518,ILBS,52,49,10,574.00,5740.00
11972,11973,2023051001001988,GBIME,41,52,15,183.00,2745.00
11973,11974,2023051005000437,NIFRA,32,58,10,206.00,2060.00
11974,11975,2023051004001186,HDHPC,38,19,30,159.00,4770.00
11975,11976,2023051004001185,HDHPC,38,19,70,159.00,11130.00
11976,11977,2023051001001987,AVYAN,44,51,10,567.70,5677.00
11977,11978,2023051001001986,SANIMA,26,39,10,241.50,2415.00
11978,11979,2023051003000517,GFCL,47,38,235,425.00,99875.00
11979,11980,2023051001001985,SMJC,34,58,10,245.00,2450.00
11980,11981,2023051005000436,HIDCL,36,10,100,179.50,17950.00
11981,11982,2023051005000435,HIDCL,36,40,300,179.00,53700.00
11982,11983,2023051004001184,API,34,41,211,231.00,48741.00
11983,11984,2023051004001183,API,34,7,80,231.00,18480.00
11984,11985,2023051005000434,NIFRA,58,44,1612,204.00,328848.00
11985,11986,2023051005000433,NIFRA,1,44,50,204.00,10200.00
11986,11987,2023051005000432,NIFRA,44,44,100,204.00,20400.00
11987,11988,2023051005000431,NIFRA,32,44,16,204.00,3264.00
11988,11989,2023051005000430,NIFRA,42,44,100,204.00,20400.00
11989,11990,2023051005000429,NIFRA,48,44,146,204.00,29784.00
11990,11991,2023051005000428,NIFRA,42,44,13,204.00,2652.00
11991,11992,2023051005000427,NIFRA,14,44,500,204.10,102050.00
11992,11993,2023051005000426,NIFRA,16,44,200,204.20,40840.00
11993,11994,2023051005000425,NIFRA,52,44,136,204.20,27771.20
11994,11995,2023051005000424,NIFRA,22,44,36,204.30,7354.80
11995,11996,2023051005000423,NIFRA,42,44,10,204.50,2045.00
11996,11997,2023051005000422,NIFRA,41,44,40,204.50,8180.00
11997,11998,2023051005000421,NIFRA,22,44,56,204.50,11452.00
11998,11999,2023051001001984,KDL,21,49,20,715.00,14300.00
11999,12000,2023051001001983,KDL,21,6,10,715.00,7150.00
12000,12001,2023051001001982,KDL,21,34,10,715.00,7150.00
12001,12002,2023051001001981,KDL,21,58,10,715.00,7150.00
12002,12003,2023051001001980,KDL,21,47,10,715.00,7150.00
12003,12004,2023051001001979,KDL,21,44,10,714.90,7149.00
12004,12005,2023051001001978,KDL,21,44,10,714.80,7148.00
12005,12006,2023051001001977,KDL,21,6,10,712.00,7120.00
12006,12007,2023051001001976,KDL,21,43,10,710.00,7100.00
12007,12008,2023051005000420,HIDCL,36,40,200,179.00,35800.00
12008,12009,2023051003000516,MPFL,38,58,400,300.00,120000.00
12009,12010,2023051003000515,MPFL,42,58,500,300.00,150000.00
12010,12011,2023051001001975,MHCL,7,16,10,215.00,2150.00
12011,12012,2023051003000514,CBBL,8,35,22,777.00,17094.00
12012,12013,2023051001001974,RHGCL,22,32,10,251.00,2510.00
12013,12014,2023051001001973,KDL,42,37,30,708.20,21246.00
12014,12015,2023051001001972,KDL,55,37,10,708.30,7083.00
12015,12016,2023051001001971,PRVU,49,57,50,165.00,8250.00
12016,12017,2023051001001970,SCB,44,57,48,525.70,25233.60
12017,12018,2023051003000513,NUBL,16,26,13,525.00,6825.00
12018,12019,2023051001001969,MHCL,7,58,10,215.00,2150.00
12019,12020,2023051003000512,NICLBSL,48,57,10,535.00,5350.00
12020,12021,2023051001001968,KDL,38,25,10,708.40,7084.00
12021,12022,2023051001001967,MAKAR,41,49,10,249.50,2495.00
12022,12023,2023051001001966,HHL,47,32,10,250.00,2500.00
12023,12024,2023051001001965,EBL,47,44,47,526.00,24722.00
12024,12025,2023051003000511,NLIC,8,7,20,651.00,13020.00
12025,12026,2023051001001964,SPC,21,34,100,414.00,41400.00
12026,12027,2023051003000510,NLIC,8,7,13,651.00,8463.00
12027,12028,2023051003000509,CBBL,53,35,10,777.00,7770.00
12028,12029,2023051003000508,SABSL,48,57,14,595.00,8330.00
12029,12030,2023051003000507,DDBL,41,26,16,620.00,9920.00
12030,12031,2023051004001182,SHEL,43,36,10,276.00,2760.00
12031,12032,2023051001001963,MAKAR,41,45,10,249.50,2495.00
12032,12033,2023051004001181,AKPL,10,44,196,355.40,69658.40
12033,12034,2023051001001962,NIMB,54,39,205,180.10,36920.50
12034,12035,2023051004001180,DHPL,35,22,10,200.00,2000.00
12035,12036,2023051004001179,NICL,42,14,89,517.00,46013.00
12036,12037,2023051003000506,LBBL,58,34,100,329.00,32900.00
12037,12038,2023051005000419,NIFRA,32,58,10,206.00,2060.00
12038,12039,2023051001001961,MAKAR,41,36,10,249.50,2495.00
12039,12040,2023051001001960,MAKAR,41,21,10,249.50,2495.00
12040,12041,2023051001001959,SMJC,34,58,10,245.00,2450.00
12041,12042,2023051001001958,MHCL,7,49,10,215.00,2150.00
12042,12043,2023051004001178,RIDI,58,7,10,275.00,2750.00
12043,12044,2023051004001177,CHCL,39,7,10,464.00,4640.00
12044,12045,2023051003000505,SJLIC,42,36,9,410.00,3690.00
12045,12046,2023051001001957,KDL,7,45,10,708.50,7085.00
12046,12047,2023051003000504,SJLIC,19,58,10,418.00,4180.00
12047,12048,2023051001001956,SCB,50,7,115,525.00,60375.00
12048,12049,2023051001001955,AVYAN,48,44,10,567.80,5678.00
12049,12050,2023051001001954,NABIL,45,7,200,594.00,118800.00
12050,12051,2023051001001953,MBJC,58,58,10,277.00,2770.00
12051,12052,2023051004001176,RIDI,58,7,16,275.00,4400.00
12052,12053,2023051003000503,NUBL,43,34,15,524.60,7869.00
12053,12054,2023051005000418,HIDCL,14,40,500,179.00,89500.00
12054,12055,2023051001001952,MHCL,7,25,10,215.00,2150.00
12055,12056,2023051001001951,MHCL,7,8,10,215.00,2150.00
12056,12057,2023051001001950,MHCL,7,42,10,214.90,2149.00
12057,12058,2023051001001949,MHCL,7,49,10,214.60,2146.00
12058,12059,2023051001001948,PHCL,19,7,10,304.00,3040.00
12059,12060,2023051001001947,PHCL,19,21,10,304.00,3040.00
12060,12061,2023051001001946,PHCL,19,48,10,303.50,3035.00
12061,12062,2023051001001945,MKLB,42,57,10,611.00,6110.00
12062,12063,2023051001001944,RULB,4,51,10,625.00,6250.00
12063,12064,2023051005000417,NIBSF2,25,8,100,7.14,714.00
12064,12065,2023051003000502,CBBL,29,35,68,777.00,52836.00
12065,12066,2023051003000501,CBBL,29,44,100,777.00,77700.00
12066,12067,2023051003000500,CBBL,29,4,82,777.00,63714.00
12067,12068,2023051004001175,CHCL,58,58,10,462.00,4620.00
12068,12069,2023051001001943,NABIL,44,7,50,594.00,29700.00
12069,12070,2023051001001942,SPL,7,6,10,512.10,5121.00
12070,12071,2023051001001941,PRVU,41,57,13,165.00,2145.00
12071,12072,2023051005000416,NIFRA,22,36,44,204.50,8998.00
12072,12073,2023051005000415,NIFRA,51,36,10,204.60,2046.00
12073,12074,2023051001001940,NIMB,54,34,17,180.10,3061.70
12074,12075,2023051001001939,NIMB,52,34,48,180.10,8644.80
12075,12076,2023051001001938,KDL,21,25,20,709.00,14180.00
12076,12077,2023051004001174,GLH,7,36,10,258.30,2583.00
12077,12078,2023051001001937,MAKAR,21,49,10,249.30,2493.00
12078,12079,2023051001001936,SMH,42,6,10,527.00,5270.00
12079,12080,2023051001001935,PHCL,35,55,10,303.40,3034.00
12080,12081,2023051001001934,SMJC,34,38,10,245.00,2450.00
12081,12082,2023051004001173,AHPC,44,47,30,277.30,8319.00
12082,12083,2023051001001933,SANIMA,34,10,149,242.90,36192.10
12083,12084,2023051001001932,SANIMA,34,39,33,242.90,8015.70
12084,12085,2023051003000499,NUBL,41,26,17,525.00,8925.00
12085,12086,2023051001001931,TAMOR,21,56,10,266.70,2667.00
12086,12087,2023051004001172,SHEL,25,21,10,277.00,2770.00
12087,12088,2023051001001930,NIBLGF,10,46,100,7.95,795.00
12088,12089,2023051003000498,KSBBL,6,34,314,288.00,90432.00
12089,12090,2023051003000497,KSBBL,56,34,40,288.10,11524.00
12090,12091,2023051004001171,AHPC,44,36,513,277.30,142254.90
12091,12092,2023051001001929,TAMOR,21,38,10,266.70,2667.00
12092,12093,2023051005000414,NIFRA,32,58,10,206.00,2060.00
12093,12094,2023051001001928,KBL,39,16,300,164.40,49320.00
12094,12095,2023051001001927,KBL,59,16,300,164.40,49320.00
12095,12096,2023051001001926,KBL,58,16,90,164.50,14805.00
12096,12097,2023051001001925,KBL,49,16,10,164.50,1645.00
12097,12098,2023051001001924,KBL,59,16,500,164.50,82250.00
12098,12099,2023051001001923,KBL,59,16,180,164.50,29610.00
12099,12100,2023051001001922,KBL,1,16,400,164.60,65840.00
12100,12101,2023051001001921,KBL,51,16,198,164.60,32590.80
12101,12102,2023051001001920,KBL,57,16,133,164.70,21905.10
12102,12103,2023051004001170,SSHL,26,1,10,196.00,1960.00
12103,12104,2023051001001919,MHCL,34,55,10,214.20,2142.00
12104,12105,2023051001001918,SHIVM,44,16,200,401.00,80200.00
12105,12106,2023051001001917,NABIL,34,7,10,594.00,5940.00
12106,12107,2023051001001916,SMJC,34,58,10,245.00,2450.00
12107,12108,2023051004001169,KPCL,17,55,40,363.00,14520.00
12108,12109,2023051004001168,KPCL,17,34,410,363.00,148830.00
12109,12110,2023051004001167,KPCL,17,6,35,362.90,12701.50
12110,12111,2023051001001915,KBL,44,17,215,165.00,35475.00
12111,12112,2023051001001914,PHCL,35,52,10,303.40,3034.00
12112,12113,2023051004001166,UMHL,57,39,500,225.00,112500.00
12113,12114,2023051004001165,UMHL,57,38,500,225.00,112500.00
12114,12115,2023051001001913,MAKAR,21,56,10,249.30,2493.00
12115,12116,2023051004001164,NHPC,48,44,189,202.10,38196.90
12116,12117,2023051004001163,NHPC,26,44,300,202.20,60660.00
12117,12118,2023051001001912,MAKAR,21,49,10,249.30,2493.00
12118,12119,2023051005000413,NRIC,41,58,23,675.00,15525.00
12119,12120,2023051001001911,SMHL,38,58,10,381.00,3810.00
12120,12121,2023051001001910,MAKAR,21,55,10,249.30,2493.00
12121,12122,2023051001001909,SMJC,34,8,10,245.00,2450.00
12122,12123,2023051001001908,MBL,39,1,9,223.50,2011.50
12123,12124,2023051003000496,NLIC,34,49,10,652.00,6520.00
12124,12125,2023051003000495,NLIC,34,22,11,652.00,7172.00
12125,12126,2023051001001907,SIKLES,13,50,30,398.00,11940.00
12126,12127,2023051005000412,NIFRA,18,21,54,205.00,11070.00
12127,12128,2023051005000411,NIFRA,18,21,64,205.00,13120.00
12128,12129,2023051005000410,NIFRA,18,21,54,205.00,11070.00
12129,12130,2023051005000409,NIFRA,18,33,410,205.00,84050.00
12130,12131,2023051001001906,KDL,21,46,10,709.00,7090.00
12131,12132,2023051001001905,MAKAR,21,28,30,249.30,7479.00
12132,12133,2023051004001162,LEC,37,25,10,245.00,2450.00
12133,12134,2023051001001904,MAKAR,21,39,10,249.30,2493.00
12134,12135,2023051001001903,NABIL,41,7,12,594.00,7128.00
12135,12136,2023051004001161,HDHPC,45,25,20,158.90,3178.00
12136,12137,2023051001001902,MHL,18,57,10,324.00,3240.00
12137,12138,2023051001001901,RHGCL,49,38,10,251.00,2510.00
12138,12139,2023051001001900,SBL,42,44,48,246.00,11808.00
12139,12140,2023051001001899,SBL,41,44,20,246.00,4920.00
12140,12141,2023051001001898,SBL,6,44,232,246.10,57095.20
12141,12142,2023051001001897,SBL,52,44,200,246.20,49240.00
12142,12143,2023051001001896,MHCL,1,49,10,214.30,2143.00
12143,12144,2023051001001895,ADBL,54,54,20,232.00,4640.00
12144,12145,2023051001001894,ADBL,54,45,18,232.00,4176.00
12145,12146,2023051001001893,SBI,49,36,968,326.00,315568.00
12146,12147,2023051001001892,SHIVM,43,41,136,400.00,54400.00
12147,12148,2023051001001891,NIMB,53,34,102,180.20,18380.40
12148,12149,2023051001001890,PRVU,53,7,230,164.00,37720.00
12149,12150,2023051001001889,RHGCL,49,45,10,251.00,2510.00
12150,12151,2023051005000408,NTC,32,17,10,794.90,7949.00
12151,12152,2023051001001888,SMJC,34,34,10,245.00,2450.00
12152,12153,2023051001001887,JBLB,18,53,15,1396.00,20940.00
12153,12154,2023051001001886,JBLB,44,53,30,1396.00,41880.00
12154,12155,2023051001001885,JBLB,21,53,20,1396.00,27920.00
12155,12156,2023051004001160,NICL,42,10,101,517.00,52217.00
12156,12157,2023051004001159,NICL,38,10,399,517.10,206322.90
12157,12158,2023051003000494,SWBBL,6,49,64,710.00,45440.00
12158,12159,2023051003000493,SWBBL,22,49,50,710.00,35500.00
12159,12160,2023051003000492,SWBBL,41,49,12,710.00,8520.00
12160,12161,2023051003000491,SWBBL,22,49,20,710.00,14200.00
12161,12162,2023051003000490,SWBBL,58,49,132,710.00,93720.00
12162,12163,2023051003000489,SWBBL,53,49,100,710.10,71010.00
12163,12164,2023051003000488,SWBBL,59,49,14,710.20,9942.80
12164,12165,2023051003000487,SWBBL,42,49,10,711.00,7110.00
12165,12166,2023051003000486,SWBBL,38,49,100,711.00,71100.00
12166,12167,2023051003000485,SWBBL,38,49,60,711.10,42666.00
12167,12168,2023051003000484,SWBBL,33,49,100,711.20,71120.00
12168,12169,2023051004001158,HDHPC,16,57,100,158.50,15850.00
12169,12170,2023051001001884,PRVU,14,7,18,164.20,2955.60
12170,12171,2023051001001883,SANIMA,34,4,475,242.00,114950.00
12171,12172,2023051001001882,MHL,57,10,10,324.00,3240.00
12172,12173,2023051001001881,HDL,16,48,19,1898.00,36062.00
12173,12174,2023051001001880,HDL,16,34,81,1898.00,153738.00
12174,12175,2023051004001157,SPDL,29,22,30,268.00,8040.00
12175,12176,2023051001001879,MBJC,5,48,10,276.00,2760.00
12176,12177,2023051004001156,HDHPC,14,17,20,158.60,3172.00
12177,12178,2023051001001878,MAKAR,21,49,10,249.30,2493.00
12178,12179,2023051001001877,GBD80/81,43,22,140,990.00,138600.00
12179,12180,2023051001001876,GVL,45,7,10,391.00,3910.00
12180,12181,2023051001001875,GVL,45,22,10,391.00,3910.00
12181,12182,2023051005000407,NIFRA,21,33,50,205.00,10250.00
12182,12183,2023051004001155,GLH,43,10,10,258.20,2582.00
12183,12184,2023051003000483,NLIC,8,7,33,651.00,21483.00
12184,12185,2023051003000482,MLBL,1,42,55,296.00,16280.00
12185,12186,2023051003000481,NLBBL,52,14,30,550.00,16500.00
12186,12187,2023051004001154,HDHPC,58,19,17,159.00,2703.00
12187,12188,2023051001001874,SRBL,5,58,50,178.10,8905.00
12188,12189,2023051003000480,MNBBL,58,50,71,385.10,27342.10
12189,12190,2023051004001153,HDHPC,57,19,1363,159.00,216717.00
12190,12191,2023051004001152,HDHPC,57,19,637,159.00,101283.00
12191,12192,2023051001001873,SGHC,21,22,10,294.00,2940.00
12192,12193,2023051001001872,SGHC,21,21,10,287.00,2870.00
12193,12194,2023051004001151,HDHPC,45,19,50,159.00,7950.00
12194,12195,2023051003000479,GMFBS,18,7,10,666.60,6666.00
12195,12196,2023051004001150,SHEL,43,34,25,276.00,6900.00
12196,12197,2023051004001149,SHEL,38,34,15,276.00,4140.00
12197,12198,2023051001001871,NIMB,53,7,26,180.20,4685.20
12198,12199,2023051001001870,SCB,49,17,1000,524.00,524000.00
12199,12200,2023051001001869,SMHL,38,21,10,381.00,3810.00
12200,12201,2023051001001868,SMJC,34,42,10,245.00,2450.00
12201,12202,2023051001001867,BHL,34,48,10,282.00,2820.00
12202,12203,2023051003000478,CBBL,16,4,50,777.00,38850.00
12203,12204,2023051001001866,SHIVM,43,8,130,400.00,52000.00
12204,12205,2023051001001865,RFPL,57,21,10,246.00,2460.00
12205,12206,2023051003000477,LLBS,36,5,16,671.00,10736.00
12206,12207,2023051001001864,SBI,49,14,32,326.00,10432.00
12207,12208,2023051001001863,SANIMA,45,4,25,242.00,6050.00
12208,12209,2023051001001862,SHIVM,43,8,1000,400.00,400000.00
12209,12210,2023051004001148,HDHPC,16,19,53,159.00,8427.00
12210,12211,2023051004001147,HDHPC,16,59,47,158.90,7468.30
12211,12212,2023051004001146,SPIL,50,45,135,565.00,76275.00
12212,12213,2023051003000476,PLI,57,45,10,402.00,4020.00
12213,12214,2023051003000475,RMDC,42,44,30,666.00,19980.00
12214,12215,2023051004001145,UPPER,44,22,48,409.20,19641.60
12215,12216,2023051004001144,JOSHI,49,41,369,254.20,93799.80
12216,12217,2023051004001143,JOSHI,49,41,64,254.30,16275.20
12217,12218,2023051004001142,JOSHI,45,41,67,255.00,17085.00
12218,12219,2023051001001861,HDL,16,34,100,1898.00,189800.00
12219,12220,2023051001001860,SMJC,34,29,10,245.00,2450.00
12220,12221,2023051001001859,SHIVM,43,8,870,400.00,348000.00
12221,12222,2023051001001858,SHIVM,43,8,130,400.00,52000.00
12222,12223,2023051001001857,GBIME,14,49,14,182.40,2553.60
12223,12224,2023051001001856,MAKAR,21,58,10,249.70,2497.00
12224,12225,2023051004001141,HDHPC,58,59,10,158.90,1589.00
12225,12226,2023051001001855,MAKAR,21,49,10,249.30,2493.00
12226,12227,2023051004001140,HDHPC,45,59,50,158.90,7945.00
12227,12228,2023051001001854,NIMB,53,13,35,180.20,6307.00
12228,12229,2023051001001853,TAMOR,21,28,110,266.70,29337.00
12229,12230,2023051001001852,MAKAR,21,45,10,249.30,2493.00
12230,12231,2023051001001851,TAMOR,21,38,10,266.70,2667.00
12231,12232,2023051001001850,SHIVM,43,49,844,399.90,337515.60
12232,12233,2023051001001849,SGHC,38,45,10,285.00,2850.00
12233,12234,2023051001001848,SMJC,49,49,10,244.50,2445.00
12234,12235,2023051001001847,SMJC,7,29,30,245.00,7350.00
12235,12236,2023051004001139,SPDL,29,22,50,268.00,13400.00
12236,12237,2023051001001846,GBIME,55,52,89,183.00,16287.00
12237,12238,2023051001001845,GBIME,55,16,199,183.00,36417.00
12238,12239,2023051001001844,MAKAR,21,56,10,249.30,2493.00
12239,12240,2023051001001843,SPC,21,22,10,407.60,4076.00
12240,12241,2023051004001138,HDHPC,42,59,90,158.90,14301.00
12241,12242,2023051001001842,SMJC,49,50,10,244.50,2445.00
12242,12243,2023051005000406,NTC,40,17,20,791.50,15830.00
12243,12244,2023051001001841,TAMOR,21,45,10,269.00,2690.00
12244,12245,2023051001001840,TAMOR,21,13,10,269.00,2690.00
12245,12246,2023051001001839,TAMOR,21,42,10,269.00,2690.00
12246,12247,2023051004001137,NLG,17,25,950,592.00,562400.00
12247,12248,2023051004001136,NLG,44,25,100,592.10,59210.00
12248,12249,2023051004001135,NLG,29,25,50,592.20,29610.00
12249,12250,2023051004001134,NLG,25,25,100,592.30,59230.00
12250,12251,2023051004001133,API,38,34,1056,230.00,242880.00
12251,12252,2023051004001132,API,32,34,100,230.00,23000.00
12252,12253,2023051004001131,API,34,34,200,230.10,46020.00
12253,12254,2023051004001130,API,51,34,20,230.20,4604.00
12254,12255,2023051001001838,SAHAS,5,49,10,488.10,4881.00
12255,12256,2023051003000474,NUBL,57,26,12,525.00,6300.00
12256,12257,2023051005000405,NIFRA,7,7,4,201.20,804.80
12257,12258,2023051003000473,CBBL,14,4,10,777.00,7770.00
12258,12259,2023051001001837,MBL,44,49,2250,228.00,513000.00
12259,12260,2023051001001836,MBL,28,49,44,228.10,10036.40
12260,12261,2023051004001129,SJCL,41,3,20,268.80,5376.00
12261,12262,2023051001001835,PHCL,1,38,10,303.50,3035.00
12262,12263,2023051003000472,FMDBL,35,43,16,505.00,8080.00
12263,12264,2023051001001834,NIMB,53,32,829,180.20,149385.80
12264,12265,2023051004001128,HDHPC,5,17,90,158.40,14256.00
12265,12266,2023051004001127,HDHPC,22,17,110,158.50,17435.00
12266,12267,2023051001001833,NABIL,44,28,100,593.90,59390.00
12267,12268,2023051001001832,SIKLES,13,22,10,398.00,3980.00
12268,12269,2023051001001831,MAKAR,21,49,10,249.30,2493.00
12269,12270,2023051001001830,RBCLPO,39,28,10,10245.90,102459.00
12270,12271,2023051001001829,BNHC,34,58,10,348.00,3480.00
12271,12272,2023051004001126,HDHPC,22,57,90,158.50,14265.00
12272,12273,2023051001001828,PRVU,14,57,500,165.00,82500.00
12273,12274,2023051003000471,NLIC,8,50,16,651.00,10416.00
12274,12275,2023051003000470,NLIC,52,50,17,651.00,11067.00
12275,12276,2023051001001827,JBLB,26,41,9,1380.00,12420.00
12276,12277,2023051004001125,KKHC,34,22,150,217.10,32565.00
12277,12278,2023051004001124,RIDI,28,45,26,276.00,7176.00
12278,12279,2023051004001123,RIDI,35,45,10,276.00,2760.00
12279,12280,2023051004001122,MHNL,47,58,100,264.00,26400.00
12280,12281,2023051001001826,SMHL,38,55,10,381.00,3810.00
12281,12282,2023051001001825,MKHC,53,35,10,241.10,2411.00
12282,12283,2023051001001824,BHPL,17,16,70,437.00,30590.00
12283,12284,2023051001001823,BHPL,17,16,120,438.30,52596.00
12284,12285,2023051001001822,BHPL,58,16,10,438.50,4385.00
12285,12286,2023051001001821,MAKAR,21,34,10,249.30,2493.00
12286,12287,2023051001001820,SHIVM,49,49,11,399.90,4398.90
12287,12288,2023051003000469,NLBBL,45,14,10,550.00,5500.00
12288,12289,2023051001001819,MAKAR,21,56,10,249.30,2493.00
12289,12290,2023051001001818,AVYAN,13,13,10,568.00,5680.00
12290,12291,2023051003000468,CBBL,58,4,78,777.00,60606.00
12291,12292,2023051001001817,KDL,21,29,20,709.00,14180.00
12292,12293,2023051004001121,SPIL,17,49,100,564.00,56400.00
12293,12294,2023051001001816,PRVU,49,57,500,165.00,82500.00
12294,12295,2023051004001120,HDHPC,5,48,100,158.40,15840.00
12295,12296,2023051001001815,TAMOR,5,56,10,266.50,2665.00
12296,12297,2023051003000467,ICFC,22,41,30,403.00,12090.00
12297,12298,2023051001001814,NABIL,16,28,200,593.90,118780.00
12298,12299,2023051003000466,ALICL,25,17,50,547.00,27350.00
12299,12300,2023051003000465,ALICL,50,17,50,547.00,27350.00
12300,12301,2023051003000464,ALICL,43,17,25,547.10,13677.50
12301,12302,2023051001001813,MBL,28,54,9956,228.10,2270963.60
12302,12303,2023051001001812,MBL,32,54,44,228.10,10036.40
12303,12304,2023051005000404,NIFRA,29,7,39,204.50,7975.50
12304,12305,2023051001001811,KBL,56,17,10,165.00,1650.00
12305,12306,2023051001001810,MAKAR,21,52,10,249.30,2493.00
12306,12307,2023051001001809,MKHC,57,43,10,242.00,2420.00
12307,12308,2023051004001119,SPDL,46,22,40,268.00,10720.00
12308,12309,2023051004001118,SHL,28,49,500,260.00,130000.00
12309,12310,2023051001001808,SHIVM,58,8,10,400.00,4000.00
12310,12311,2023051001001807,NIBLGF,58,19,200,7.80,1560.00
12311,12312,2023051003000463,ALICL,54,17,200,547.20,109440.00
12312,12313,2023051004001117,NICL,38,57,101,519.00,52419.00
12313,12314,2023051001001806,EHPL,17,55,10,347.90,3479.00
12314,12315,2023051004001116,AKJCL,59,34,10,204.20,2042.00
12315,12316,2023051001001805,MHCL,36,35,10,214.30,2143.00
12316,12317,2023051003000462,SKBBL,38,49,50,807.60,40380.00
12317,12318,2023051001001804,MAKAR,21,49,10,249.30,2493.00
12318,12319,2023051001001803,SIKLES,13,22,10,398.00,3980.00
12319,12320,2023051001001802,SAHAS,39,21,10,488.00,4880.00
12320,12321,2023051001001801,SAHAS,39,45,35,488.00,17080.00
12321,12322,2023051005000403,CIT,25,42,100,2011.20,201120.00
12322,12323,2023051001001800,BHL,34,50,10,282.00,2820.00
12323,12324,2023051005000402,NRIC,49,58,159,675.00,107325.00
12324,12325,2023051001001799,SHIVM,6,8,10,400.00,4000.00
12325,12326,2023051001001798,CZBIL,1,49,307,168.60,51760.20
12326,12327,2023051001001797,CZBIL,48,49,500,168.70,84350.00
12327,12328,2023051001001796,CZBIL,56,49,100,168.70,16870.00
12328,12329,2023051001001795,CZBIL,26,49,50,169.00,8450.00
12329,12330,2023051001001794,CZBIL,34,49,40,169.00,6760.00
12330,12331,2023051001001793,CZBIL,34,49,40,169.00,6760.00
12331,12332,2023051001001792,CZBIL,57,49,10,169.00,1690.00
12332,12333,2023051001001791,CZBIL,34,49,40,169.00,6760.00
12333,12334,2023051001001790,CZBIL,34,49,40,169.00,6760.00
12334,12335,2023051001001789,CZBIL,34,49,40,169.00,6760.00
12335,12336,2023051001001788,CZBIL,35,49,25,169.00,4225.00
12336,12337,2023051001001787,JBLB,21,28,20,1396.00,27920.00
12337,12338,2023051001001786,MAKAR,41,56,10,249.70,2497.00
12338,12339,2023051004001115,SPIL,17,39,12,564.00,6768.00
12339,12340,2023051001001785,MAKAR,58,45,10,249.70,2497.00
12340,12341,2023051003000461,MNBBL,16,32,200,386.00,77200.00
12341,12342,2023051001001784,SHIVM,43,8,1000,400.00,400000.00
12342,12343,2023051004001114,AHPC,52,36,100,277.30,27730.00
12343,12344,2023051003000460,GBBL,57,26,24,352.00,8448.00
12344,12345,2023051001001783,SHIVM,43,8,850,400.00,340000.00
12345,12346,2023051001001782,SHIVM,43,44,150,399.00,59850.00
12346,12347,2023051001001781,NABIL,58,57,38,593.00,22534.00
12347,12348,2023051001001780,SHIVM,43,44,500,399.00,199500.00
12348,12349,2023051001001779,SHIVM,34,44,340,399.20,135728.00
12349,12350,2023051001001778,SHIVM,26,44,10,399.20,3992.00
12350,12351,2023051001001777,SAHAS,5,22,10,487.40,4874.00
12351,12352,2023051001001776,MAKAR,34,58,10,249.70,2497.00
12352,12353,2023051005000401,NTC,58,58,20,793.00,15860.00
12353,12354,2023051001001775,MAKAR,34,35,10,249.70,2497.00
12354,12355,2023051005000400,NIFRA,7,7,8,201.20,1609.60
12355,12356,2023051001001774,PPL,28,28,100,254.80,25480.00
12356,12357,2023051001001773,PPL,44,28,10,254.80,2548.00
12357,12358,2023051001001772,PPL,58,28,15,254.90,3823.50
12358,12359,2023051001001771,PPL,48,28,10,254.90,2549.00
12359,12360,2023051001001770,PPL,41,28,33,255.00,8415.00
12360,12361,2023051001001769,PPL,6,28,50,255.00,12750.00
12361,12362,2023051001001768,PPL,48,28,50,255.00,12750.00
12362,12363,2023051001001767,PPL,54,28,10,255.10,2551.00
12363,12364,2023051001001766,PPL,56,28,30,255.20,7656.00
12364,12365,2023051001001765,PPL,34,28,90,255.30,22977.00
12365,12366,2023051001001764,KDL,21,4,13,712.00,9256.00
12366,12367,2023051001001763,PCBL,1,47,40,192.60,7704.00
12367,12368,2023051004001113,SHEL,38,39,10,276.00,2760.00
12368,12369,2023051001001762,GBIME,6,48,400,182.50,73000.00
12369,12370,2023051004001112,HDHPC,20,57,10,158.50,1585.00
12370,12371,2023051004001111,HDHPC,48,57,200,158.50,31700.00
12371,12372,2023051005000399,NIFRA,29,49,10,204.50,2045.00
12372,12373,2023051001001761,TAMOR,5,29,40,266.50,10660.00
12373,12374,2023051001001760,NYADI,44,36,10,268.30,2683.00
12374,12375,2023051004001110,API,38,34,66,231.00,15246.00
12375,12376,2023051003000459,RMDC,34,44,10,676.90,6769.00
12376,12377,2023051001001759,PHCL,13,39,10,305.00,3050.00
12377,12378,2023051005000398,NRN,6,18,10,430.60,4306.00
12378,12379,2023051001001758,SGHC,45,58,10,284.10,2841.00
12379,12380,2023051003000458,USLB,58,10,14,700.00,9800.00
12380,12381,2023051003000457,NICLBSL,35,43,70,535.00,37450.00
12381,12382,2023051001001757,KDL,21,33,10,710.00,7100.00
12382,12383,2023051004001109,UPCL,17,21,35,223.00,7805.00
12383,12384,2023051004001108,UPCL,55,21,10,223.00,2230.00
12384,12385,2023051001001756,SAHAS,5,58,10,487.40,4874.00
12385,12386,2023051004001107,RHPL,42,42,10,276.00,2760.00
12386,12387,2023051003000456,NLBBL,45,17,290,550.00,159500.00
12387,12388,2023051003000455,NLBBL,13,17,100,550.00,55000.00
12388,12389,2023051003000454,NLBBL,47,17,10,552.00,5520.00
12389,12390,2023051005000397,NIFRA,29,39,54,204.50,11043.00
12390,12391,2023051004001106,HEI,49,35,20,435.40,8708.00
12391,12392,2023051001001755,RFPL,57,22,10,246.00,2460.00
12392,12393,2023051001001754,PHCL,13,58,10,305.00,3050.00
12393,12394,2023051004001105,API,38,44,1934,231.00,446754.00
12394,12395,2023051004001104,API,32,44,66,231.00,15246.00
12395,12396,2023051003000453,ICFC,22,14,10,403.00,4030.00
12396,12397,2023051001001753,USHEC,50,38,10,284.20,2842.00
12397,12398,2023051005000396,NIFRA,29,58,64,204.50,13088.00
12398,12399,2023051004001103,NLG,5,34,100,593.00,59300.00
12399,12400,2023051001001752,EHPL,17,45,10,347.90,3479.00
12400,12401,2023051001001751,MBJC,5,39,10,276.00,2760.00
12401,12402,2023051001001750,RFPL,57,49,10,246.00,2460.00
12402,12403,2023051001001749,TAMOR,21,38,10,266.40,2664.00
12403,12404,2023051003000452,NICLBSL,35,58,10,535.00,5350.00
12404,12405,2023051001001748,PCBL,36,6,1000,192.70,192700.00
12405,12406,2023051001001747,PCBL,57,6,135,192.70,26014.50
12406,12407,2023051001001746,PCBL,47,6,470,192.80,90616.00
12407,12408,2023051001001745,TAMOR,22,45,10,268.70,2687.00
12408,12409,2023051004001102,GLH,43,39,10,258.20,2582.00
12409,12410,2023051003000451,KSBBL,36,34,116,290.90,33744.40
12410,12411,2023051001001744,GVL,58,58,10,390.00,3900.00
12411,12412,2023051001001743,PCBL,44,32,100,193.00,19300.00
12412,12413,2023051005000395,NIFRA,29,33,300,205.00,61500.00
12413,12414,2023051001001742,MAKAR,34,49,10,249.70,2497.00
12414,12415,2023051004001101,HEI,49,35,20,435.40,8708.00
12415,12416,2023051005000394,KDBY,29,26,600,8.16,4896.00
12416,12417,2023051001001741,PHCL,13,22,10,305.00,3050.00
12417,12418,2023051001001740,TAMOR,22,56,10,268.70,2687.00
12418,12419,2023051001001739,AVYAN,26,39,10,568.00,5680.00
12419,12420,2023051004001100,GLH,43,58,10,258.20,2582.00
12420,12421,2023051001001738,MHCL,36,1,10,214.30,2143.00
12421,12422,2023051001001737,HDL,36,34,19,1898.00,36062.00
12422,12423,2023051001001736,PPL,34,58,10,256.80,2568.00
12423,12424,2023051004001099,AKPL,6,34,10,358.00,3580.00
12424,12425,2023051001001735,MHCL,36,56,10,214.30,2143.00
12425,12426,2023051004001098,AKPL,10,39,99,355.40,35184.60
12426,12427,2023051004001097,UIC,34,45,490,420.30,205947.00
12427,12428,2023051004001096,UIC,46,45,20,420.40,8408.00
12428,12429,2023051001001734,MAKAR,34,42,10,249.70,2497.00
12429,12430,2023051001001733,KDL,21,29,20,712.00,14240.00
12430,12431,2023051001001732,KDL,21,49,10,712.00,7120.00
12431,12432,2023051001001731,KDL,21,29,10,712.00,7120.00
12432,12433,2023051001001730,KDL,21,49,10,712.00,7120.00
12433,12434,2023051001001729,MAKAR,34,56,10,249.70,2497.00
12434,12435,2023051001001728,PHCL,13,22,10,305.00,3050.00
12435,12436,2023051001001727,GBIME,45,48,20,182.50,3650.00
12436,12437,2023051001001726,NMB,14,32,925,232.00,214600.00
12437,12438,2023051004001095,HEI,49,35,10,435.40,4354.00
12438,12439,2023051001001725,SHIVM,34,8,1660,400.00,664000.00
12439,12440,2023051005000393,NIFRA,42,33,80,205.00,16400.00
12440,12441,2023051004001094,API,26,34,10,231.10,2311.00
12441,12442,2023051004001093,API,51,34,220,231.10,50842.00
12442,12443,2023051003000450,NLIC,46,22,10,652.00,6520.00
12443,12444,2023051001001724,GVL,58,28,10,390.00,3900.00
12444,12445,2023051001001723,SMJC,34,32,380,248.00,94240.00
12445,12446,2023051001001722,SMJC,34,49,10,248.00,2480.00
12446,12447,2023051001001721,SHIVM,58,8,340,400.00,136000.00
12447,12448,2023051001001720,SHIVM,58,34,60,400.00,24000.00
12448,12449,2023051004001092,SHPC,46,45,10,321.30,3213.00
12449,12450,2023051001001719,SMHL,38,55,10,381.00,3810.00
12450,12451,2023051001001718,MBJC,5,59,295,276.00,81420.00
12451,12452,2023051003000449,KRBL,49,49,110,247.00,27170.00
12452,12453,2023051003000448,KRBL,58,49,100,247.00,24700.00
12453,12454,2023051001001717,MBJC,5,54,10,276.00,2760.00
12454,12455,2023051001001716,JBLB,29,53,25,1397.90,34947.50
12455,12456,2023051001001715,MKJC,14,35,10,383.10,3831.00
12456,12457,2023051001001714,HDL,16,34,200,1898.00,379600.00
12457,12458,2023051001001713,JALPA,22,28,10,1602.00,16020.00
12458,12459,2023051003000447,KRBL,26,49,200,248.00,49600.00
12459,12460,2023051001001712,PHCL,13,56,10,305.00,3050.00
12460,12461,2023051001001711,MAKAR,34,56,10,249.70,2497.00
12461,12462,2023051001001710,MBJC,5,36,10,276.00,2760.00
12462,12463,2023051005000392,NIFRA,32,33,10,205.00,2050.00
12463,12464,2023051001001709,SMJC,34,46,10,248.00,2480.00
12464,12465,2023051001001708,SMJC,34,58,10,248.00,2480.00
12465,12466,2023051001001707,SMJC,34,35,10,248.00,2480.00
12466,12467,2023051001001706,SMJC,34,22,10,248.00,2480.00
12467,12468,2023051001001705,SMJC,34,56,10,248.00,2480.00
12468,12469,2023051001001704,SMJC,34,49,10,248.00,2480.00
12469,12470,2023051001001703,SMJC,34,58,10,247.00,2470.00
12470,12471,2023051001001702,SMJC,34,58,10,247.00,2470.00
12471,12472,2023051001001701,SMJC,34,42,10,247.00,2470.00
12472,12473,2023051001001700,SMJC,34,35,10,247.00,2470.00
12473,12474,2023051001001699,SMJC,34,49,10,246.00,2460.00
12474,12475,2023051004001091,SPDL,45,34,38,272.30,10347.40
12475,12476,2023051005000391,NTC,19,17,10,793.00,7930.00
12476,12477,2023051003000446,KRBL,55,49,50,250.00,12500.00
12477,12478,2023051003000445,KRBL,32,49,40,250.10,10004.00
12478,12479,2023051001001698,MAKAR,41,56,10,250.00,2500.00
12479,12480,2023051001001697,MAKAR,41,46,10,250.00,2500.00
12480,12481,2023051001001696,MAKAR,41,13,10,250.00,2500.00
12481,12482,2023051001001695,TAMOR,22,42,10,268.70,2687.00
12482,12483,2023051003000444,DDBL,35,26,100,620.00,62000.00
12483,12484,2023051004001090,HDHPC,45,59,93,158.50,14740.50
12484,12485,2023051004001089,SHPC,28,45,40,321.20,12848.00
12485,12486,2023051004001088,SHPC,14,45,200,321.20,64240.00
12486,12487,2023051004001087,SHPC,35,45,30,323.00,9690.00
12487,12488,2023051004001086,SHPC,34,45,15,323.40,4851.00
12488,12489,2023051004001085,SHPC,41,45,415,324.00,134460.00
12489,12490,2023051004001084,HDHPC,58,59,10,158.50,1585.00
12490,12491,2023051005000390,NIFRA,22,22,54,204.30,11032.20
12491,12492,2023051001001694,GVL,58,49,10,390.00,3900.00
12492,12493,2023051001001693,PRVU,53,49,105,164.00,17220.00
12493,12494,2023051001001692,PRVU,57,49,25,164.00,4100.00
12494,12495,2023051001001691,PRVU,21,49,12,164.00,1968.00
12495,12496,2023051001001690,PRVU,6,49,300,164.00,49200.00
12496,12497,2023051001001689,PRVU,53,49,50,164.00,8200.00
12497,12498,2023051001001688,PRVU,41,49,300,164.00,49200.00
12498,12499,2023051001001687,PRVU,17,49,100,164.00,16400.00
12499,12500,2023051001001686,PRVU,1,49,500,164.00,82000.00
12500,12501,2023051001001685,PRVU,16,49,500,164.00,82000.00
12501,12502,2023051001001684,PRVU,42,49,10,164.00,1640.00
12502,12503,2023051001001683,PRVU,1,49,500,164.10,82050.00
12503,12504,2023051001001682,PRVU,14,49,500,164.20,82100.00
12504,12505,2023051001001681,PRVU,16,49,100,164.20,16420.00
12505,12506,2023051001001680,PRVU,43,49,100,164.20,16420.00
12506,12507,2023051001001679,PRVU,59,49,228,164.20,37437.60
12507,12508,2023051001001678,PRVU,41,49,100,164.30,16430.00
12508,12509,2023051001001677,PRVU,8,49,200,164.30,32860.00
12509,12510,2023051001001676,PRVU,51,49,145,164.40,23838.00
12510,12511,2023051001001675,NICA,42,58,350,712.00,249200.00
12511,12512,2023051001001674,SPL,7,47,10,512.10,5121.00
12512,12513,2023051001001673,EBL,47,44,400,526.00,210400.00
12513,12514,2023051001001672,EBL,16,44,100,526.10,52610.00
12514,12515,2023051001001671,SAHAS,39,52,10,487.30,4873.00
12515,12516,2023051001001670,BHL,34,38,10,282.00,2820.00
12516,12517,2023051003000443,NUBL,22,21,10,525.00,5250.00
12517,12518,2023051003000442,NUBL,37,21,50,525.00,26250.00
12518,12519,2023051003000441,NUBL,34,21,34,525.00,17850.00
12519,12520,2023051003000440,NUBL,4,21,10,526.00,5260.00
12520,12521,2023051001001669,SRBL,33,49,553,178.40,98655.20
12521,12522,2023051001001668,SRBL,22,49,300,178.50,53550.00
12522,12523,2023051004001083,HDHPC,54,34,25,158.60,3965.00
12523,12524,2023051004001082,KKHC,34,22,300,217.10,65130.00
12524,12525,2023051004001081,SSHL,51,1,50,196.00,9800.00
12525,12526,2023051004001080,SSHL,10,1,20,196.00,3920.00
12526,12527,2023051004001079,SSHL,10,1,350,196.00,68600.00
12527,12528,2023051004001078,SSHL,45,1,100,196.00,19600.00
12528,12529,2023051001001667,SMH,42,42,10,527.00,5270.00
12529,12530,2023051003000439,MNBBL,58,1,24,385.10,9242.40
12530,12531,2023051003000438,MNBBL,44,1,76,385.10,29267.60
12531,12532,2023051001001666,MBJC,5,7,10,276.00,2760.00
12532,12533,2023051001001665,PCBL,58,32,70,193.00,13510.00
12533,12534,2023051004001077,HURJA,26,56,1000,252.00,252000.00
12534,12535,2023051005000389,HIDCL,32,54,10,180.00,1800.00
12535,12536,2023051003000437,MLBL,49,37,33,296.00,9768.00
12536,12537,2023051003000436,MLBL,55,37,27,296.00,7992.00
12537,12538,2023051004001076,NHDL,42,38,150,365.00,54750.00
12538,12539,2023051001001664,SMJC,42,59,10,244.10,2441.00
12539,12540,2023051005000388,NIFRA,22,26,10,204.30,2043.00
12540,12541,2023051003000435,NUBL,34,49,16,525.00,8400.00
12541,12542,2023051003000434,NUBL,17,49,484,525.00,254100.00
12542,12543,2023051004001075,SGIC,44,7,10,433.20,4332.00
12543,12544,2023051003000433,NLIC,25,42,10,655.00,6550.00
12544,12545,2023051003000432,NLIC,25,50,20,654.00,13080.00
12545,12546,2023051001001663,NICA,38,49,440,710.00,312400.00
12546,12547,2023051001001662,NICA,11,49,200,711.00,142200.00
12547,12548,2023051001001661,NICA,58,49,20,711.00,14220.00
12548,12549,2023051001001660,NICA,58,49,20,711.00,14220.00
12549,12550,2023051001001659,NICA,34,49,70,711.00,49770.00
12550,12551,2023051001001658,NICA,58,49,50,711.00,35550.00
12551,12552,2023051005000387,NIFRA,32,33,10,205.00,2050.00
12552,12553,2023051001001657,SMJC,7,25,10,245.00,2450.00
12553,12554,2023051001001656,SHIVM,43,34,800,400.00,320000.00
12554,12555,2023051004001074,SGIC,39,49,10,435.00,4350.00
12555,12556,2023051001001655,MKHC,22,21,10,242.00,2420.00
12556,12557,2023051001001654,MKHC,22,34,10,242.00,2420.00
12557,12558,2023051001001653,MKHC,22,21,10,242.00,2420.00
12558,12559,2023051001001652,MKHC,22,35,10,242.00,2420.00
12559,12560,2023051001001651,MBJC,5,22,10,276.00,2760.00
12560,12561,2023051001001650,SAHAS,39,7,10,487.30,4873.00
12561,12562,2023051001001649,SHIVM,43,34,1000,400.00,400000.00
12562,12563,2023051005000386,HIDCL,44,49,35,177.70,6219.50
12563,12564,2023051005000385,HIDCL,4,49,11,177.90,1956.90
12564,12565,2023051005000384,HIDCL,44,49,60,178.00,10680.00
12565,12566,2023051001001648,PRVU,51,52,180,164.40,29592.00
12566,12567,2023051001001647,MAKAR,34,56,10,249.70,2497.00
12567,12568,2023051001001646,MAKAR,34,52,10,249.70,2497.00
12568,12569,2023051001001645,CZBIL,35,42,25,169.00,4225.00
12569,12570,2023051001001644,CZBIL,16,42,160,169.00,27040.00
12570,12571,2023051001001643,SHLB,45,58,10,1110.00,11100.00
12571,12572,2023051001001642,MAKAR,34,49,10,249.70,2497.00
12572,12573,2023051001001641,NABIL,58,45,15,593.00,8895.00
12573,12574,2023051001001640,NABIL,49,45,10,593.00,5930.00
12574,12575,2023051003000431,KSBBL,56,34,30,291.00,8730.00
12575,12576,2023051001001639,JALPA,22,38,10,1602.00,16020.00
12576,12577,2023051004001073,SPIL,49,49,1,565.00,565.00
12577,12578,2023051004001072,SPIL,49,55,74,565.00,41810.00
12578,12579,2023051001001638,RFPL,57,22,10,246.00,2460.00
12579,12580,2023051001001637,DORDI,32,56,10,265.00,2650.00
12580,12581,2023051001001636,BHDC,3,34,30,382.30,11469.00
12581,12582,2023051001001635,BHDC,13,34,10,382.30,3823.00
12582,12583,2023051001001634,BHDC,13,34,10,382.40,3824.00
12583,12584,2023051001001633,BHDC,26,34,30,382.50,11475.00
12584,12585,2023051001001632,BHDC,47,34,50,388.10,19405.00
12585,12586,2023051003000430,MPFL,38,57,25,300.10,7502.50
12586,12587,2023051004001071,RADHI,45,57,20,233.10,4662.00
12587,12588,2023051005000383,CIT,25,49,495,2012.00,995940.00
12588,12589,2023051001001631,KBL,51,55,155,164.60,25513.00
12589,12590,2023051001001630,MAKAR,34,25,10,249.70,2497.00
12590,12591,2023051001001629,PCBL,47,26,10,192.80,1928.00
12591,12592,2023051001001628,MBJC,5,38,10,276.00,2760.00
12592,12593,2023051001001627,SAHAS,39,52,10,487.40,4874.00
12593,12594,2023051003000429,PLI,57,21,10,404.00,4040.00
12594,12595,2023051003000428,PLI,57,19,10,403.00,4030.00
12595,12596,2023051005000382,GIBF1,41,58,100,7.72,772.00
12596,12597,2023051003000427,GRDBL,49,35,341,239.20,81567.20
12597,12598,2023051003000426,GRDBL,17,35,500,239.50,119750.00
12598,12599,2023051003000425,GRDBL,39,35,11,239.60,2635.60
12599,12600,2023051003000424,GRDBL,39,35,23,239.70,5513.10
12600,12601,2023051003000423,GRDBL,39,35,15,239.80,3597.00
12601,12602,2023051003000422,GRDBL,39,35,10,239.90,2399.00
12602,12603,2023051003000421,GRDBL,28,35,100,240.00,24000.00
12603,12604,2023051001001626,SBI,59,36,100,327.00,32700.00
12604,12605,2023051001001625,SBI,36,36,12,328.00,3936.00
12605,12606,2023051001001624,PRVU,51,7,175,164.40,28770.00
12606,12607,2023051001001623,PRVU,36,7,73,164.40,12001.20
12607,12608,2023051003000420,CFCL,34,51,40,290.00,11600.00
12608,12609,2023051001001622,SHIVM,52,34,30,400.00,12000.00
12609,12610,2023051003000419,NICLBSL,55,32,200,540.00,108000.00
12610,12611,2023051003000418,NICLBSL,55,49,30,540.00,16200.00
12611,12612,2023051003000417,NICLBSL,55,10,36,540.00,19440.00
12612,12613,2023051003000416,NICLBSL,55,7,31,539.00,16709.00
12613,12614,2023051001001621,PHCL,13,22,10,305.00,3050.00
12614,12615,2023051001001620,TAMOR,26,16,10,268.70,2687.00
12615,12616,2023051003000415,MPFL,58,57,475,303.00,143925.00
12616,12617,2023051001001619,SANIMA,34,51,500,242.00,121000.00
12617,12618,2023051001001618,SMJC,7,7,10,245.00,2450.00
12618,12619,2023051004001070,RADHI,6,57,280,234.10,65548.00
12619,12620,2023051001001617,SRBL,17,49,1000,179.00,179000.00
12620,12621,2023051001001616,SRBL,33,49,280,179.10,50148.00
12621,12622,2023051001001615,BHL,34,56,10,282.00,2820.00
12622,12623,2023051004001069,HDHPC,58,34,19,158.60,3013.40
12623,12624,2023051005000381,CIT,33,49,100,2012.00,201200.00
12624,12625,2023051005000380,NTC,49,17,10,793.00,7930.00
12625,12626,2023051001001614,AVYAN,26,38,10,568.00,5680.00
12626,12627,2023051004001068,UPPER,56,58,100,410.00,41000.00
12627,12628,2023051001001613,SMJC,58,4,10,245.00,2450.00
12628,12629,2023051003000414,SJLIC,22,35,9,413.20,3718.80
12629,12630,2023051001001612,MAKAR,34,56,10,249.70,2497.00
12630,12631,2023051001001611,MAKAR,55,58,10,250.00,2500.00
12631,12632,2023051001001610,MAKAR,55,58,10,250.00,2500.00
12632,12633,2023051001001609,NIMB,52,7,26,180.10,4682.60
12633,12634,2023051004001067,SHPC,41,34,85,324.00,27540.00
12634,12635,2023051004001066,SHPC,58,34,15,324.80,4872.00
12635,12636,2023051004001065,UPCL,55,21,3625,223.00,808375.00
12636,12637,2023051001001608,GBIME,36,43,39,182.50,7117.50
12637,12638,2023051003000413,MLBSL,43,49,47,1800.00,84600.00
12638,12639,2023051003000412,CBBL,56,4,50,777.00,38850.00
12639,12640,2023051001001607,NICA,22,49,200,712.00,142400.00
12640,12641,2023051004001064,SGIC,44,22,20,433.20,8664.00
12641,12642,2023051003000411,MDB,33,38,10,360.00,3600.00
12642,12643,2023051004001063,SJCL,41,33,100,268.80,26880.00
12643,12644,2023051004001062,UNHPL,18,49,550,203.00,111650.00
12644,12645,2023051004001061,UNHPL,18,48,40,203.00,8120.00
12645,12646,2023051001001606,CZBIL,16,26,10,169.00,1690.00
12646,12647,2023051004001060,HDHPC,33,35,800,158.60,126880.00
12647,12648,2023051001001605,MAKAR,34,35,10,249.70,2497.00
12648,12649,2023051004001059,UPCL,55,34,365,223.00,81395.00
12649,12650,2023051005000379,NRN,49,22,10,433.00,4330.00
12650,12651,2023051003000410,CFCL,34,51,50,290.00,14500.00
12651,12652,2023051001001604,NESDO,28,17,10,2107.00,21070.00
12652,12653,2023051001001603,SHIVM,34,49,910,398.20,362362.00
12653,12654,2023051001001602,SHIVM,38,49,25,398.50,9962.50
12654,12655,2023051001001601,SHIVM,45,49,30,398.60,11958.00
12655,12656,2023051001001600,SHIVM,26,49,10,399.00,3990.00
12656,12657,2023051001001599,SHIVM,39,49,25,399.00,9975.00
12657,12658,2023051001001598,MBJC,5,52,10,276.00,2760.00
12658,12659,2023051001001597,PHCL,13,51,10,305.00,3050.00
12659,12660,2023051005000378,NIFRA,4,22,50,204.30,10215.00
12660,12661,2023051003000409,NICLBSL,35,22,20,535.00,10700.00
12661,12662,2023051005000377,NRIC,57,58,50,675.00,33750.00
12662,12663,2023051003000408,WNLB,55,41,10,785.00,7850.00
12663,12664,2023051001001596,JALPA,28,58,10,1627.00,16270.00
12664,12665,2023051005000376,HIDCL,20,49,10,179.00,1790.00
12665,12666,2023051001001595,BNHC,34,34,10,348.00,3480.00
12666,12667,2023051004001058,LEC,34,22,10,240.20,2402.00
12667,12668,2023051003000407,LBBL,17,34,100,329.00,32900.00
12668,12669,2023051001001594,DORDI,32,38,100,265.00,26500.00
12669,12670,2023051001001593,SHLB,35,50,10,1110.00,11100.00
12670,12671,2023051001001592,UNL,8,59,10,24000.00,240000.00
12671,12672,2023051001001591,LBL,58,40,200,184.00,36800.00
12672,12673,2023051001001590,PRVU,36,7,27,164.40,4438.80
12673,12674,2023051004001057,SJCL,41,36,40,268.80,10752.00
12674,12675,2023051001001589,PCBL,58,7,50,193.90,9695.00
12675,12676,2023051004001056,HDHPC,54,19,200,159.00,31800.00
12676,12677,2023051001001588,SRBL,33,26,10,179.10,1791.00
12677,12678,2023051004001055,HDHPC,49,19,100,159.00,15900.00
12678,12679,2023051004001054,HDHPC,58,19,10,159.00,1590.00
12679,12680,2023051004001053,HDHPC,58,45,10,159.30,1593.00
12680,12681,2023051001001587,PCBL,44,6,300,193.00,57900.00
12681,12682,2023051001001586,MHL,13,49,10,323.50,3235.00
12682,12683,2023051001001585,SMHL,38,34,30,384.00,11520.00
12683,12684,2023051001001584,SHIVM,39,49,50,399.00,19950.00
12684,12685,2023051005000375,NIFRA,52,58,64,204.20,13068.80
12685,12686,2023051004001052,UPPER,38,58,10,410.00,4100.00
12686,12687,2023051004001051,UPPER,35,58,25,410.00,10250.00
12687,12688,2023051004001050,UPPER,49,58,20,410.00,8200.00
12688,12689,2023051004001049,UPPER,42,58,88,411.00,36168.00
12689,12690,2023051004001048,UPPER,52,58,203,411.00,83433.00
12690,12691,2023051001001583,MAKAR,34,54,10,249.70,2497.00
12691,12692,2023051001001582,MBJC,5,22,10,276.00,2760.00
12692,12693,2023051004001047,HDHPC,33,45,10,159.30,1593.00
12693,12694,2023051001001581,CZBIL,16,38,30,169.00,5070.00
12694,12695,2023051001001580,CZBIL,44,38,20,169.00,3380.00
12695,12696,2023051001001579,CZBIL,1,38,200,169.00,33800.00
12696,12697,2023051001001578,CZBIL,14,38,15,169.00,2535.00
12697,12698,2023051001001577,CZBIL,32,38,100,169.00,16900.00
12698,12699,2023051001001576,CZBIL,4,38,100,169.00,16900.00
12699,12700,2023051001001575,CZBIL,1,38,400,169.10,67640.00
12700,12701,2023051001001574,CZBIL,38,38,100,169.20,16920.00
12701,12702,2023051001001573,CZBIL,4,38,25,169.60,4240.00
12702,12703,2023051001001572,CZBIL,35,38,10,169.60,1696.00
12703,12704,2023051004001046,RHPL,44,36,70,273.20,19124.00
12704,12705,2023051001001571,MBJC,8,14,480,276.10,132528.00
12705,12706,2023051001001570,SGHC,48,49,10,285.00,2850.00
12706,12707,2023051001001569,TAMOR,1,4,10,269.00,2690.00
12707,12708,2023051001001568,SMJC,34,54,10,244.00,2440.00
12708,12709,2023051003000406,CBBL,29,4,50,777.00,38850.00
12709,12710,2023051005000374,HIDCL,37,10,20,178.00,3560.00
12710,12711,2023051005000373,HIDCL,22,10,200,178.00,35600.00
12711,12712,2023051005000372,HIDCL,34,10,50,178.00,8900.00
12712,12713,2023051004001045,SSHL,45,20,40,196.00,7840.00
12713,12714,2023051004001044,SSHL,26,20,10,196.10,1961.00
12714,12715,2023051004001043,SSHL,45,20,50,196.10,9805.00
12715,12716,2023051001001567,MHL,42,35,10,323.00,3230.00
12716,12717,2023051004001042,KKHC,34,39,300,217.10,65130.00
12717,12718,2023051001001566,DORDI,7,49,10,264.10,2641.00
12718,12719,2023051004001041,RIDI,57,34,800,277.00,221600.00
12719,12720,2023051005000371,NIFRA,34,42,10,204.20,2042.00
12720,12721,2023051003000405,NUBL,19,58,50,525.10,26255.00
12721,12722,2023051005000370,NIFRA,58,33,30,205.00,6150.00
12722,12723,2023051001001565,PHCL,13,21,10,305.00,3050.00
12723,12724,2023051001001564,PHCL,13,22,10,305.00,3050.00
12724,12725,2023051001001563,PHCL,13,45,10,304.00,3040.00
12725,12726,2023051003000404,CBBL,35,35,100,776.00,77600.00
12726,12727,2023051001001562,SMHL,38,35,10,384.00,3840.00
12727,12728,2023051001001561,PPL,29,21,10,262.00,2620.00
12728,12729,2023051001001560,GBIME,58,43,20,182.50,3650.00
12729,12730,2023051001001559,GBIME,58,43,125,182.50,22812.50
12730,12731,2023051001001558,GBIME,57,43,187,182.50,34127.50
12731,12732,2023051001001557,GBIME,38,43,270,182.50,49275.00
12732,12733,2023051001001556,GBIME,26,43,159,182.50,29017.50
12733,12734,2023051004001040,RHPL,44,49,50,273.20,13660.00
12734,12735,2023051001001555,BHDC,26,49,10,388.20,3882.00
12735,12736,2023051001001554,USHEC,38,22,10,284.20,2842.00
12736,12737,2023051004001039,API,25,49,88,231.50,20372.00
12737,12738,2023051001001553,KDL,21,51,10,709.00,7090.00
12738,12739,2023051001001552,MAKAR,34,56,10,249.70,2497.00
12739,12740,2023051004001038,BARUN,4,14,420,230.40,96768.00
12740,12741,2023051004001037,BARUN,49,14,100,230.50,23050.00
12741,12742,2023051004001036,BARUN,35,14,1500,232.10,348150.00
12742,12743,2023051004001035,BARUN,40,14,50,232.20,11610.00
12743,12744,2023051004001034,BARUN,35,14,560,233.00,130480.00
12744,12745,2023051004001033,BARUN,35,14,390,233.00,90870.00
12745,12746,2023051004001032,BARUN,58,14,50,233.30,11665.00
12746,12747,2023051004001031,BARUN,26,14,100,234.00,23400.00
12747,12748,2023051004001030,BARUN,50,14,120,234.00,28080.00
12748,12749,2023051004001029,BARUN,33,14,10,234.20,2342.00
12749,12750,2023051004001028,BARUN,55,14,700,235.00,164500.00
12750,12751,2023051001001551,SBL,52,14,200,246.20,49240.00
12751,12752,2023051001001550,SBL,26,14,10,246.50,2465.00
12752,12753,2023051005000369,NTC,25,17,44,790.00,34760.00
12753,12754,2023051005000368,NTC,35,17,30,790.00,23700.00
12754,12755,2023051005000367,NTC,58,17,50,790.00,39500.00
12755,12756,2023051005000366,NTC,1,17,200,790.00,158000.00
12756,12757,2023051005000365,NTC,49,17,30,790.00,23700.00
12757,12758,2023051005000364,NTC,49,17,10,790.00,7900.00
12758,12759,2023051005000363,NTC,58,17,140,790.00,110600.00
12759,12760,2023051005000362,NTC,49,17,150,790.00,118500.00
12760,12761,2023051005000361,NTC,34,17,50,790.00,39500.00
12761,12762,2023051005000360,NTC,45,17,10,790.00,7900.00
12762,12763,2023051005000359,NTC,57,17,20,790.00,15800.00
12763,12764,2023051005000358,NTC,58,17,50,790.00,39500.00
12764,12765,2023051005000357,NTC,58,17,10,790.00,7900.00
12765,12766,2023051005000356,NTC,26,17,20,790.00,15800.00
12766,12767,2023051005000355,NTC,45,17,10,790.00,7900.00
12767,12768,2023051005000354,NTC,11,17,50,790.00,39500.00
12768,12769,2023051005000353,NTC,45,17,10,790.00,7900.00
12769,12770,2023051005000352,NTC,4,17,20,790.00,15800.00
12770,12771,2023051005000351,NTC,14,17,50,790.00,39500.00
12771,12772,2023051005000350,NTC,14,17,10,790.00,7900.00
12772,12773,2023051005000349,NTC,33,17,100,791.00,79100.00
12773,12774,2023051005000348,NTC,58,17,50,791.00,39550.00
12774,12775,2023051005000347,NTC,47,17,300,791.00,237300.00
12775,12776,2023051005000346,NTC,6,17,10,791.10,7911.00
12776,12777,2023051005000345,NTC,41,17,15,792.00,11880.00
12777,12778,2023051005000344,NTC,38,17,30,792.00,23760.00
12778,12779,2023051005000343,NTC,6,17,244,792.00,193248.00
12779,12780,2023051005000342,NTC,57,17,30,792.10,23763.00
12780,12781,2023051001001549,MAKAR,34,52,10,249.70,2497.00
12781,12782,2023051001001548,NBL,10,1,3,244.10,732.30
12782,12783,2023051001001547,JALPA,13,53,10,1600.00,16000.00
12783,12784,2023051004001027,HPPL,58,42,100,275.00,27500.00
12784,12785,2023051004001026,AHPC,55,32,400,278.00,111200.00
12785,12786,2023051001001546,EBL,41,39,100,527.00,52700.00
12786,12787,2023051001001545,EBL,38,39,50,527.00,26350.00
12787,12788,2023051001001544,EBL,28,39,50,527.00,26350.00
12788,12789,2023051001001543,EBL,34,39,50,527.00,26350.00
12789,12790,2023051001001542,NABIL,10,7,100,594.00,59400.00
12790,12791,2023051001001541,JBLB,45,58,17,1395.00,23715.00
12791,12792,2023051001001540,AHL,10,49,10,335.80,3358.00
12792,12793,2023051005000341,NBF2,21,49,2500,8.25,20625.00
12793,12794,2023051005000340,HIDCL,13,49,200,179.00,35800.00
12794,12795,2023051003000403,SHINE,49,49,750,317.10,237825.00
12795,12796,2023051003000402,SHINE,21,49,50,317.20,15860.00
12796,12797,2023051003000401,SHINE,49,49,200,317.20,63440.00
12797,12798,2023051003000400,MMFDB,6,49,100,560.00,56000.00
12798,12799,2023051005000339,CMF2,10,16,200,7.68,1536.00
12799,12800,2023051005000338,NTC,6,17,256,792.00,202752.00
12800,12801,2023051005000337,NTC,53,17,500,792.00,396000.00
12801,12802,2023051005000336,NTC,48,17,20,792.00,15840.00
12802,12803,2023051005000335,NTC,35,17,119,793.00,94367.00
12803,12804,2023051005000334,NTC,26,17,50,793.00,39650.00
12804,12805,2023051005000333,NTC,5,17,30,793.50,23805.00
12805,12806,2023051005000332,NTC,7,17,19,793.50,15076.50
12806,12807,2023051005000331,NTC,46,17,10,794.00,7940.00
12807,12808,2023051005000330,NTC,33,17,10,794.00,7940.00
12808,12809,2023051005000329,NTC,36,17,10,794.00,7940.00
12809,12810,2023051005000328,NTC,6,17,25,794.00,19850.00
12810,12811,2023051005000327,NTC,11,17,151,794.00,119894.00
12811,12812,2023051005000326,SLCF,42,8,100,7.28,728.00
12812,12813,2023051001001539,PRVU,29,49,390,164.50,64155.00
12813,12814,2023051001001538,PRVU,58,49,450,164.50,74025.00
12814,12815,2023051001001537,PRVU,38,49,10,164.60,1646.00
12815,12816,2023051001001536,PRVU,42,49,500,164.60,82300.00
12816,12817,2023051004001025,KKHC,34,6,100,218.00,21800.00
12817,12818,2023051005000325,KDBY,29,38,500,8.00,4000.00
12818,12819,2023051001001535,UNLB,36,21,10,1541.50,15415.00
12819,12820,2023051001001534,EBL,34,39,500,527.00,263500.00
12820,12821,2023051004001024,PPCL,49,49,30,320.00,9600.00
12821,12822,2023051001001533,SMJC,7,34,10,246.00,2460.00
12822,12823,2023051001001532,SMJC,7,45,10,246.00,2460.00
12823,12824,2023051001001531,SMJC,7,39,10,246.00,2460.00
12824,12825,2023051001001530,SMJC,7,42,10,245.00,2450.00
12825,12826,2023051005000324,NTC,58,58,60,795.00,47700.00
12826,12827,2023051004001023,AHPC,55,32,1000,278.00,278000.00
12827,12828,2023051005000323,SBCF,38,8,100,7.33,733.00
12828,12829,2023051004001022,HDHPC,44,19,1000,159.00,159000.00
12829,12830,2023051001001529,EBL,34,19,85,527.00,44795.00
12830,12831,2023051001001528,EBL,49,19,100,527.00,52700.00
12831,12832,2023051001001527,EBL,49,19,500,527.00,263500.00
12832,12833,2023051001001526,EBL,4,19,55,527.10,28990.50
12833,12834,2023051001001525,EBL,21,19,509,527.10,268293.90
12834,12835,2023051004001021,SJCL,22,14,370,269.00,99530.00
12835,12836,2023051004001020,SJCL,57,14,100,269.00,26900.00
12836,12837,2023051004001019,SPIL,50,49,100,568.00,56800.00
12837,12838,2023051001001524,CZBIL,18,49,15,170.00,2550.00
12838,12839,2023051001001523,CZBIL,49,49,41,170.00,6970.00
12839,12840,2023051003000399,ALICL,52,17,200,548.00,109600.00
12840,12841,2023051003000398,ALICL,38,17,100,549.00,54900.00
12841,12842,2023051003000397,NMFBS,45,49,45,1145.00,51525.00
12842,12843,2023051001001522,MAKAR,34,36,10,249.70,2497.00
12843,12844,2023051003000396,PLI,43,49,10,401.80,4018.00
12844,12845,2023051005000322,NRIC,16,58,300,675.00,202500.00
12845,12846,2023051003000395,GUFL,54,52,30,477.00,14310.00
12846,12847,2023051003000394,DDBL,11,34,13,616.00,8008.00
12847,12848,2023051005000321,NIFRA,49,33,29,205.00,5945.00
12848,12849,2023051001001521,BHPL,58,17,10,434.10,4341.00
12849,12850,2023051001001520,SMJC,34,42,10,244.00,2440.00
12850,12851,2023051001001519,NIMB,52,7,26,180.10,4682.60
12851,12852,2023051001001518,SMHL,38,58,10,384.00,3840.00
12852,12853,2023051001001517,NMB,58,55,100,234.00,23400.00
12853,12854,2023051001001516,JALPA,14,48,10,1600.00,16000.00
12854,12855,2023051005000320,NTC,53,58,1000,795.00,795000.00
12855,12856,2023051001001515,RHGCL,34,8,10,250.20,2502.00
12856,12857,2023051004001018,HDHPC,33,19,990,158.50,156915.00
12857,12858,2023051004001017,HDHPC,1,19,10,158.50,1585.00
12858,12859,2023051005000319,HIDCL,51,49,100,179.00,17900.00
12859,12860,2023051001001514,TAMOR,56,32,10,273.00,2730.00
12860,12861,2023051001001513,TAMOR,56,28,10,273.00,2730.00
12861,12862,2023051001001512,TAMOR,56,58,20,272.20,5444.00
12862,12863,2023051003000393,ILBS,40,34,10,573.40,5734.00
12863,12864,2023051003000392,ILBS,48,34,10,573.50,5735.00
12864,12865,2023051005000318,NIFRA,42,8,64,204.00,13056.00
12865,12866,2023051001001511,TPC,34,56,10,378.00,3780.00
12866,12867,2023051003000391,NLIC,52,7,33,651.00,21483.00
12867,12868,2023051004001016,HDHPC,52,48,927,159.00,147393.00
12868,12869,2023051001001510,RFPL,57,1,10,246.00,2460.00
12869,12870,2023051003000390,CORBL,49,6,49,287.20,14072.80
12870,12871,2023051001001509,JALPA,10,48,10,1600.00,16000.00
12871,12872,2023051001001508,ADBL,4,44,813,231.00,187803.00
12872,12873,2023051005000317,NIFRA,42,38,50,204.00,10200.00
12873,12874,2023051001001507,SMJC,34,4,10,244.00,2440.00
12874,12875,2023051001001506,JALPA,53,48,10,1600.00,16000.00
12875,12876,2023051001001505,TAMOR,56,34,10,272.00,2720.00
12876,12877,2023051001001504,TAMOR,56,58,10,272.00,2720.00
12877,12878,2023051001001503,TAMOR,56,38,10,272.00,2720.00
12878,12879,2023051001001502,TAMOR,56,6,10,272.00,2720.00
12879,12880,2023051003000389,GBBL,49,49,20,351.00,7020.00
12880,12881,2023051003000388,GBBL,49,40,10,351.00,3510.00
12881,12882,2023051005000316,NTC,57,58,10,795.00,7950.00
12882,12883,2023051004001015,AHPC,55,32,500,278.00,139000.00
12883,12884,2023051005000315,CHDC,38,42,10,717.00,7170.00
12884,12885,2023051001001501,CZBIL,10,58,43,171.00,7353.00
12885,12886,2023051001001500,CZBIL,10,34,57,170.80,9735.60
12886,12887,2023051001001499,BHPL,17,45,10,444.00,4440.00
12887,12888,2023051001001498,MHL,36,45,10,322.30,3223.00
12888,12889,2023051003000387,NMFBS,14,49,20,1145.00,22900.00
12889,12890,2023051003000386,NMFBS,45,49,35,1145.00,40075.00
12890,12891,2023051001001497,MHCL,34,41,10,214.20,2142.00
12891,12892,2023051004001014,HDHPC,21,48,73,159.00,11607.00
12892,12893,2023051001001496,SHIVM,39,34,25,399.00,9975.00
12893,12894,2023051001001495,SHIVM,42,34,15,399.00,5985.00
12894,12895,2023051001001494,SHIVM,45,34,50,399.00,19950.00
12895,12896,2023051001001493,SHIVM,46,34,30,399.00,11970.00
12896,12897,2023051001001492,SHIVM,8,34,100,399.00,39900.00
12897,12898,2023051001001491,SHIVM,17,34,2000,399.00,798000.00
12898,12899,2023051001001490,SHIVM,11,34,10,399.00,3990.00
12899,12900,2023051001001489,SHIVM,43,34,1000,399.00,399000.00
12900,12901,2023051001001488,SHIVM,1,34,50,399.10,19955.00
12901,12902,2023051001001487,SHIVM,17,34,700,399.10,279370.00
12902,12903,2023051001001486,SHIVM,14,34,20,399.20,7984.00
12903,12904,2023051001001485,JALPA,22,26,10,1600.00,16000.00
12904,12905,2023051004001013,DHPL,41,34,100,202.00,20200.00
12905,12906,2023051001001484,SAHAS,39,38,10,487.40,4874.00
12906,12907,2023051004001012,HDHPC,21,55,227,159.00,36093.00
12907,12908,2023051004001011,HDHPC,57,55,573,159.00,91107.00
12908,12909,2023051005000314,NIFRA,42,33,73,204.00,14892.00
12909,12910,2023051005000313,NIFRA,41,33,51,204.00,10404.00
12910,12911,2023051005000312,NIFRA,54,33,422,204.00,86088.00
12911,12912,2023051005000311,NIFRA,29,33,100,204.10,20410.00
12912,12913,2023051001001483,SMJC,34,54,10,244.00,2440.00
12913,12914,2023051001001482,SMJC,7,42,10,244.20,2442.00
12914,12915,2023051003000385,NUBL,49,49,1,520.00,520.00
12915,12916,2023051004001010,OHL,19,33,45,560.00,25200.00
12916,12917,2023051001001481,JALPA,41,26,90,1600.00,144000.00
12917,12918,2023051001001480,JALPA,41,42,10,1600.00,16000.00
12918,12919,2023051004001009,HDHPC,57,39,100,159.00,15900.00
12919,12920,2023051001001479,MHCL,34,35,10,214.20,2142.00
12920,12921,2023051001001478,PRVU,58,7,45,165.00,7425.00
12921,12922,2023051001001477,PHCL,33,22,10,303.30,3033.00
12922,12923,2023051001001476,AVYAN,58,43,10,579.20,5792.00
12923,12924,2023051004001008,HDHPC,57,21,1000,159.00,159000.00
12924,12925,2023051004001007,AKJCL,38,10,200,204.00,40800.00
12925,12926,2023051001001475,SHIVM,16,34,100,400.00,40000.00
12926,12927,2023051001001474,SHIVM,8,34,10,400.00,4000.00
12927,12928,2023051003000384,PLI,57,38,10,403.00,4030.00
12928,12929,2023051004001006,SHPC,58,49,50,325.00,16250.00
12929,12930,2023051004001005,AHPC,55,32,1000,278.00,278000.00
12930,12931,2023051001001473,NABIL,57,8,13,592.50,7702.50
12931,12932,2023051001001472,NABIL,45,8,30,594.00,17820.00
12932,12933,2023051001001471,MHCL,34,42,10,214.20,2142.00
12933,12934,2023051005000310,NIFRA,54,52,54,204.00,11016.00
12934,12935,2023051004001004,AKPL,44,52,227,355.00,80585.00
12935,12936,2023051004001003,AKPL,55,52,200,355.00,71000.00
12936,12937,2023051004001002,AKPL,32,52,500,355.10,177550.00
12937,12938,2023051004001001,AKPL,44,52,63,355.10,22371.30
12938,12939,2023051004001000,AKPL,46,52,10,355.20,3552.00
12939,12940,2023051001001470,GVL,58,8,10,390.00,3900.00
12940,12941,2023051001001469,PRVU,25,7,176,165.00,29040.00
12941,12942,2023051004000999,AHPC,55,44,443,278.00,123154.00
12942,12943,2023051005000309,HIDCL,56,49,100,179.00,17900.00
12943,12944,2023051001001468,GBIME,26,57,251,182.50,45807.50
12944,12945,2023051005000308,NRN,49,49,10,433.00,4330.00
12945,12946,2023051005000307,NIFRA,54,36,24,204.00,4896.00
12946,12947,2023051001001467,DORDI,7,8,10,264.10,2641.00
12947,12948,2023051001001466,EBL,47,33,10,527.10,5271.00
12948,12949,2023051001001465,MAKAR,34,58,10,249.70,2497.00
12949,12950,2023051004000998,HDHPC,57,48,327,159.00,51993.00
12950,12951,2023051004000997,HDHPC,32,48,200,159.00,31800.00
12951,12952,2023051004000996,HDHPC,58,48,400,159.10,63640.00
12952,12953,2023051004000995,HDHPC,22,48,53,159.10,8432.30
12953,12954,2023051004000994,HDHPC,14,48,20,159.10,3182.00
12954,12955,2023051004000993,SGIC,39,45,10,434.00,4340.00
12955,12956,2023051005000306,NIFRA,34,7,43,204.20,8780.60
12956,12957,2023051004000992,HDHPC,16,45,35,159.30,5575.50
12957,12958,2023051004000991,GHL,32,21,80,215.00,17200.00
12958,12959,2023051004000990,GHL,1,21,200,215.00,43000.00
12959,12960,2023051004000989,GHL,13,21,200,215.00,43000.00
12960,12961,2023051004000988,GHL,28,21,300,215.00,64500.00
12961,12962,2023051004000987,GHL,10,21,120,215.00,25800.00
12962,12963,2023051004000986,GHL,47,21,50,216.00,10800.00
12963,12964,2023051004000985,GHL,58,21,50,217.60,10880.00
12964,12965,2023051001001464,EBL,47,33,185,527.10,97513.50
12965,12966,2023051001001463,EBL,36,33,100,527.20,52720.00
12966,12967,2023051001001462,NABIL,58,51,10,594.00,5940.00
12967,12968,2023051001001461,BOKD86,40,58,25,784.10,19602.50
12968,12969,2023051005000305,NIFRA,22,36,20,204.50,4090.00
12969,12970,2023051001001460,MBJC,8,42,10,276.10,2761.00
12970,12971,2023051004000984,RIDI,16,58,14,277.50,3885.00
12971,12972,2023051001001459,DORDI,49,40,40,267.30,10692.00
12972,12973,2023051001001458,SCB,50,17,200,525.00,105000.00
12973,12974,2023051003000383,CBBL,55,1,110,775.00,85250.00
12974,12975,2023051004000983,HDHPC,49,45,50,159.30,7965.00
12975,12976,2023051003000382,MLBL,49,22,22,300.00,6600.00
12976,12977,2023051005000304,MMF1,38,4,500,7.10,3550.00
12977,12978,2023051001001457,SAHAS,39,29,10,487.40,4874.00
12978,12979,2023051001001456,GBIME,26,49,270,182.50,49275.00
12979,12980,2023051001001455,GBIME,59,49,10,182.60,1826.00
12980,12981,2023051001001454,GBIME,3,49,320,182.70,58464.00
12981,12982,2023051003000381,GBBL,44,32,800,350.10,280080.00
12982,12983,2023051005000303,NRIC,54,49,13,674.00,8762.00
12983,12984,2023051001001453,MAKAR,41,21,10,250.00,2500.00
12984,12985,2023051001001452,MAKAR,41,34,10,250.00,2500.00
12985,12986,2023051001001451,MAKAR,41,58,10,250.00,2500.00
12986,12987,2023051001001450,KBL,59,17,300,165.00,49500.00
12987,12988,2023051005000302,CHDC,38,49,10,717.00,7170.00
12988,12989,2023051001001449,SGHC,48,8,10,285.00,2850.00
12989,12990,2023051001001448,RHGCL,34,58,10,250.20,2502.00
12990,12991,2023051004000982,HDHPC,34,45,200,159.30,31860.00
12991,12992,2023051001001447,SBI,58,35,73,329.00,24017.00
12992,12993,2023051001001446,SBI,58,7,27,329.00,8883.00
12993,12994,2023051004000981,GHL,10,21,500,218.00,109000.00
12994,12995,2023051004000980,GHL,21,21,100,218.00,21800.00
12995,12996,2023051004000979,GHL,46,21,20,218.60,4372.00
12996,12997,2023051005000301,NRIC,16,58,440,675.00,297000.00
12997,12998,2023051004000978,AKJCL,38,57,85,204.00,17340.00
12998,12999,2023051004000977,AKJCL,42,57,10,204.00,2040.00
12999,13000,2023051004000976,AKJCL,49,57,100,204.00,20400.00
13000,13001,2023051004000975,AKJCL,58,57,110,204.10,22451.00
13001,13002,2023051004000974,SPIL,49,44,99,565.00,55935.00
13002,13003,2023051001001445,SMJC,34,4,10,244.00,2440.00
13003,13004,2023051001001444,MAKAR,58,26,10,250.00,2500.00
13004,13005,2023051001001443,MAKAR,58,19,10,250.00,2500.00
13005,13006,2023051001001442,SMJC,34,1,10,244.00,2440.00
13006,13007,2023051005000300,NIFRA,28,33,1000,205.00,205000.00
13007,13008,2023051005000299,NIFRA,48,33,200,205.00,41000.00
13008,13009,2023051005000298,NIFRA,43,33,50,205.00,10250.00
13009,13010,2023051005000297,NIFRA,22,33,10,205.00,2050.00
13010,13011,2023051005000296,NIFRA,34,33,25,205.00,5125.00
13011,13012,2023051005000295,NIFRA,7,33,500,205.00,102500.00
13012,13013,2023051005000294,NIFRA,6,33,30,205.00,6150.00
13013,13014,2023051005000293,NIFRA,4,33,25,205.00,5125.00
13014,13015,2023051005000292,NIFRA,1,33,50,205.00,10250.00
13015,13016,2023051005000291,NIFRA,32,33,40,205.00,8200.00
13016,13017,2023051005000290,NIFRA,6,33,284,205.00,58220.00
13017,13018,2023051005000289,NIFRA,28,33,100,205.00,20500.00
13018,13019,2023051005000288,NIFRA,8,33,100,205.00,20500.00
13019,13020,2023051005000287,NIFRA,34,33,500,205.00,102500.00
13020,13021,2023051005000286,NIFRA,46,33,10,205.00,2050.00
13021,13022,2023051005000285,NIFRA,58,33,50,205.00,10250.00
13022,13023,2023051005000284,NIFRA,28,33,21,205.00,4305.00
13023,13024,2023051005000283,NIFRA,4,33,100,205.00,20500.00
13024,13025,2023051005000282,NIFRA,45,33,100,205.00,20500.00
13025,13026,2023051005000281,NIFRA,49,33,1000,205.10,205100.00
13026,13027,2023051005000280,NIFRA,22,33,250,205.10,51275.00
13027,13028,2023051005000279,NIFRA,4,33,146,205.10,29944.60
13028,13029,2023051005000278,NIFRA,51,33,68,205.20,13953.60
13029,13030,2023051005000277,NIFRA,45,33,200,205.20,41040.00
13030,13031,2023051005000276,NIFRA,46,33,22,205.20,4514.40
13031,13032,2023051005000275,NIFRA,29,33,100,205.30,20530.00
13032,13033,2023051005000274,NIFRA,22,33,100,205.40,20540.00
13033,13034,2023051004000973,SGIC,44,46,10,433.20,4332.00
13034,13035,2023051001001441,SAHAS,39,38,10,487.30,4873.00
13035,13036,2023051001001440,MAKAR,34,52,10,249.70,2497.00
13036,13037,2023051004000972,AHPC,55,34,400,278.00,111200.00
13037,13038,2023051004000971,API,51,48,140,231.10,32354.00
13038,13039,2023051001001439,JBLB,45,48,35,1395.00,48825.00
13039,13040,2023051001001438,JALPA,57,35,10,1600.00,16000.00
13040,13041,2023051001001437,BHL,16,49,10,282.50,2825.00
13041,13042,2023051003000380,GRDBL,49,39,10,239.20,2392.00
13042,13043,2023051005000273,HIDCL,38,49,30,179.00,5370.00
13043,13044,2023051005000272,KEF,47,21,100,7.90,790.00
13044,13045,2023051003000379,JBBL,43,38,200,256.10,51220.00
13045,13046,2023051001001436,SCB,44,17,152,523.00,79496.00
13046,13047,2023051001001435,SCB,58,17,10,523.00,5230.00
13047,13048,2023051001001434,SCB,5,17,100,523.00,52300.00
13048,13049,2023051001001433,SCB,34,17,15,523.00,7845.00
13049,13050,2023051001001432,SCB,33,17,100,523.00,52300.00
13050,13051,2023051001001431,SCB,17,17,40,523.10,20924.00
13051,13052,2023051001001430,SCB,43,17,27,523.10,14123.70
13052,13053,2023051003000378,RSDC,41,33,10,470.20,4702.00
13053,13054,2023051001001429,USHEC,38,58,10,284.20,2842.00
13054,13055,2023051004000970,UPPER,52,48,34,411.00,13974.00
13055,13056,2023051004000969,SHEL,38,58,10,276.00,2760.00
13056,13057,2023051004000968,AKPL,44,49,137,355.10,48648.70
13057,13058,2023051004000967,AKPL,25,49,50,355.10,17755.00
13058,13059,2023051004000966,AKPL,43,49,13,355.10,4616.30
13059,13060,2023051001001428,NIMB,49,7,25,180.00,4500.00
13060,13061,2023051003000377,PLI,43,37,10,401.80,4018.00
13061,13062,2023051005000271,NTC,48,58,200,795.00,159000.00
13062,13063,2023051005000270,NTC,32,58,10,795.00,7950.00
13063,13064,2023051005000269,NTC,58,58,13,795.00,10335.00
13064,13065,2023051005000268,NTC,17,58,20,795.00,15900.00
13065,13066,2023051005000267,NTC,4,58,50,795.00,39750.00
13066,13067,2023051005000266,NTC,21,58,125,795.00,99375.00
13067,13068,2023051005000265,NTC,57,58,50,795.00,39750.00
13068,13069,2023051005000264,NTC,11,58,100,795.00,79500.00
13069,13070,2023051005000263,NTC,59,58,100,795.00,79500.00
13070,13071,2023051005000262,NTC,50,58,10,795.00,7950.00
13071,13072,2023051005000261,NTC,47,58,35,795.00,27825.00
13072,13073,2023051005000260,NTC,40,58,100,795.00,79500.00
13073,13074,2023051005000259,NTC,6,58,1000,795.10,795100.00
13074,13075,2023051005000258,NTC,58,58,30,796.00,23880.00
13075,13076,2023051005000257,NTC,32,58,60,796.10,47766.00
13076,13077,2023051005000256,NTC,49,58,20,797.00,15940.00
13077,13078,2023051001001427,GBIME,3,16,100,182.70,18270.00
13078,13079,2023051004000965,RIDI,26,58,10,277.50,2775.00
13079,13080,2023051004000964,UIC,52,49,200,424.00,84800.00
13080,13081,2023051004000963,RADHI,58,39,50,234.50,11725.00
13081,13082,2023051001001426,SGHC,48,58,10,285.00,2850.00
13082,13083,2023051001001425,SCB,36,17,400,523.20,209280.00
13083,13084,2023051001001424,ADBL,25,44,50,231.00,11550.00
13084,13085,2023051001001423,ADBL,59,44,100,231.00,23100.00
13085,13086,2023051001001422,ADBL,34,44,100,231.00,23100.00
13086,13087,2023051004000962,RIDI,57,32,50,277.00,13850.00
13087,13088,2023051003000376,SDLBSL,16,42,10,622.00,6220.00
13088,13089,2023051004000961,HDHPC,45,45,300,159.30,47790.00
13089,13090,2023051001001421,JALPA,45,51,15,1600.00,24000.00
13090,13091,2023051001001420,MBJC,8,58,10,276.10,2761.00
13091,13092,2023051003000375,CLBSL,29,43,30,553.70,16611.00
13092,13093,2023051003000374,CLBSL,51,43,10,554.00,5540.00
13093,13094,2023051004000960,HDHPC,58,45,10,159.30,1593.00
13094,13095,2023051004000959,AHPC,55,34,1250,278.00,347500.00
13095,13096,2023051004000958,AHPC,57,34,100,278.00,27800.00
13096,13097,2023051004000957,AHPC,25,34,50,278.30,13915.00
13097,13098,2023051004000956,AHPC,48,34,100,278.30,27830.00
13098,13099,2023051004000955,AHPC,44,34,500,278.40,139200.00
13099,13100,2023051004000954,GHL,50,21,60,218.70,13122.00
13100,13101,2023051004000953,GHL,38,21,260,218.80,56888.00
13101,13102,2023051005000255,NRIC,33,58,500,675.00,337500.00
13102,13103,2023051005000254,NRIC,33,58,200,675.00,135000.00
13103,13104,2023051005000253,NRIC,49,58,20,675.00,13500.00
13104,13105,2023051005000252,NRIC,35,58,300,675.20,202560.00
13105,13106,2023051005000251,NRIC,35,58,20,675.30,13506.00
13106,13107,2023051005000250,NRIC,13,58,100,675.30,67530.00
13107,13108,2023051005000249,NRIC,58,58,50,676.00,33800.00
13108,13109,2023051005000248,NRIC,42,58,10,676.00,6760.00
13109,13110,2023051005000247,NRIC,25,58,100,676.00,67600.00
13110,13111,2023051005000246,NRIC,45,58,50,677.00,33850.00
13111,13112,2023051005000245,NRIC,57,58,500,677.00,338500.00
13112,13113,2023051005000244,NRIC,45,58,20,678.00,13560.00
13113,13114,2023051005000243,NRIC,35,58,50,679.00,33950.00
13114,13115,2023051001001419,GBIME,45,16,100,183.00,18300.00
13115,13116,2023051005000242,NIFRA,58,36,10,206.00,2060.00
13116,13117,2023051003000373,SJLIC,42,7,9,410.00,3690.00
13117,13118,2023051001001418,BHPL,58,45,10,436.50,4365.00
13118,13119,2023051005000241,CHDC,38,58,10,717.00,7170.00
13119,13120,2023051004000952,SHEL,38,58,10,276.00,2760.00
13120,13121,2023051003000372,DDBL,46,26,16,620.00,9920.00
13121,13122,2023051004000951,SSHL,14,39,100,196.10,19610.00
13122,13123,2023051001001417,NIMB,22,58,10,181.00,1810.00
13123,13124,2023051005000240,NRIC,38,49,20,680.00,13600.00
13124,13125,2023051005000239,NRIC,13,49,13,680.00,8840.00
13125,13126,2023051001001416,KBL,59,17,500,165.00,82500.00
13126,13127,2023051004000950,UPPER,52,17,180,411.00,73980.00
13127,13128,2023051001001415,JALPA,45,33,85,1599.90,135991.50
13128,13129,2023051001001414,BHL,16,58,10,282.50,2825.00
13129,13130,2023051001001413,KDL,34,1,10,710.00,7100.00
13130,13131,2023051004000949,AKPL,43,49,17,355.10,6036.70
13131,13132,2023051004000948,AKPL,32,49,160,355.20,56832.00
13132,13133,2023051004000947,AKPL,48,49,23,356.50,8199.50
13133,13134,2023051004000946,SGIC,44,37,10,433.20,4332.00
13134,13135,2023051001001412,SAHAS,39,36,10,487.30,4873.00
13135,13136,2023051001001411,KDL,34,7,10,710.00,7100.00
13136,13137,2023051001001410,SAHAS,39,7,10,487.30,4873.00
13137,13138,2023051001001409,KBL,41,17,100,165.00,16500.00
13138,13139,2023051001001408,AVYAN,38,45,10,579.20,5792.00
13139,13140,2023051003000371,SDLBSL,16,38,16,620.00,9920.00
13140,13141,2023051004000945,GHL,38,34,10,218.80,2188.00
13141,13142,2023051001001407,KBL,59,17,400,165.00,66000.00
13142,13143,2023051001001406,SGHC,34,58,10,285.10,2851.00
13143,13144,2023051005000238,SIGS2,48,38,400,7.85,3140.00
13144,13145,2023051001001405,DORDI,49,50,10,267.00,2670.00
13145,13146,2023051001001404,DORDI,49,38,10,267.00,2670.00
13146,13147,2023051003000370,NUBL,17,49,16,525.00,8400.00
13147,13148,2023051003000369,NUBL,45,49,23,525.20,12079.60
13148,13149,2023051003000368,NUBL,6,49,20,525.50,10510.00
13149,13150,2023051003000367,NUBL,16,49,150,525.60,78840.00
13150,13151,2023051003000366,NUBL,21,49,10,526.00,5260.00
13151,13152,2023051003000365,NUBL,35,49,500,526.00,263000.00
13152,13153,2023051003000364,NUBL,10,49,50,526.00,26300.00
13153,13154,2023051003000363,NUBL,43,49,10,526.10,5261.00
13154,13155,2023051003000362,NUBL,21,49,10,527.00,5270.00
13155,13156,2023051003000361,NUBL,4,49,10,527.00,5270.00
13156,13157,2023051003000360,NUBL,48,49,14,528.00,7392.00
13157,13158,2023051003000359,NUBL,21,49,10,528.00,5280.00
13158,13159,2023051003000358,NUBL,4,49,10,528.00,5280.00
13159,13160,2023051003000357,NUBL,49,49,152,528.00,80256.00
13160,13161,2023051003000356,NUBL,56,49,15,528.10,7921.50
13161,13162,2023051003000355,PLI,52,57,10,402.00,4020.00
13162,13163,2023051003000354,PLI,54,57,10,402.00,4020.00
13163,13164,2023051003000353,PLI,28,57,71,402.10,28549.10
13164,13165,2023051001001403,DORDI,7,35,10,264.10,2641.00
13165,13166,2023051001001402,TAMOR,1,38,10,269.00,2690.00
13166,13167,2023051003000352,SWMF,47,38,10,555.00,5550.00
13167,13168,2023051004000944,GHL,57,21,199,221.70,44118.30
13168,13169,2023051003000351,PLI,28,46,10,402.10,4021.00
13169,13170,2023051001001401,BHDC,58,49,10,389.00,3890.00
13170,13171,2023051001001400,MHCL,34,42,10,214.20,2142.00
13171,13172,2023051001001399,SAHAS,39,38,10,487.30,4873.00
13172,13173,2023051001001398,TAMOR,1,58,10,269.00,2690.00
13173,13174,2023051001001397,DORDI,49,58,10,266.00,2660.00
13174,13175,2023051001001396,DORDI,49,28,10,266.00,2660.00
13175,13176,2023051001001395,SAHAS,39,21,10,487.30,4873.00
13176,13177,2023051001001394,MAKAR,34,58,10,249.50,2495.00
13177,13178,2023051001001393,MLBS,13,38,10,701.10,7011.00
13178,13179,2023051003000350,SINDU,39,55,10,248.00,2480.00
13179,13180,2023051001001392,SMJC,34,58,10,244.00,2440.00
13180,13181,2023051001001391,SMJC,58,38,10,244.00,2440.00
13181,13182,2023051003000349,MLBSL,35,57,26,1800.00,46800.00
13182,13183,2023051001001390,MKJC,58,38,10,383.00,3830.00
13183,13184,2023051004000943,UPCL,55,55,1000,223.00,223000.00
13184,13185,2023051004000942,HDHPC,55,45,60,159.30,9558.00
13185,13186,2023051001001389,NIBD84,58,4,50,815.00,40750.00
13186,13187,2023051004000941,NGPL,28,22,42,234.50,9849.00
13187,13188,2023051001001388,TAMOR,1,50,10,269.00,2690.00
13188,13189,2023051004000940,SPIL,17,49,10,568.40,5684.00
13189,13190,2023051004000939,HURJA,34,56,20,250.10,5002.00
13190,13191,2023051001001387,MHCL,34,38,10,214.20,2142.00
13191,13192,2023051001001386,MAKAR,34,38,10,249.50,2495.00
13192,13193,2023051003000348,PLI,28,7,10,402.10,4021.00
13193,13194,2023051003000347,GBLBS,56,22,10,432.00,4320.00
13194,13195,2023051001001385,PHCL,33,37,10,303.70,3037.00
13195,13196,2023051003000346,NICLBSL,55,1,30,534.10,16023.00
13196,13197,2023051005000237,NRIC,56,25,10,682.00,6820.00
13197,13198,2023051005000236,NRIC,56,38,34,682.00,23188.00
13198,13199,2023051004000938,GHL,57,42,31,221.70,6872.70
13199,13200,2023051003000345,JBBL,43,28,180,256.10,46098.00
13200,13201,2023051003000344,JBBL,13,28,120,256.50,30780.00
13201,13202,2023051003000343,CORBL,49,39,10,287.20,2872.00
13202,13203,2023051001001384,DORDI,49,25,10,265.00,2650.00
13203,13204,2023051005000235,NIFRA,42,49,50,206.00,10300.00
13204,13205,2023051003000342,SWBBL,52,45,20,712.00,14240.00
13205,13206,2023051003000341,CBBL,45,4,30,777.00,23310.00
13206,13207,2023051001001383,SMH,29,49,10,530.00,5300.00
13207,13208,2023051001001382,MAKAR,58,8,10,249.40,2494.00
13208,13209,2023051003000340,NLIC,34,17,14,650.60,9108.40
13209,13210,2023051003000339,NLIC,34,17,78,650.70,50754.60
13210,13211,2023051003000338,NLIC,49,17,300,650.80,195240.00
13211,13212,2023051003000337,GUFL,58,52,10,478.00,4780.00
13212,13213,2023051005000234,NIFRA,58,7,46,206.00,9476.00
13213,13214,2023051001001381,NIBLGF,10,58,100,7.83,783.00
13214,13215,2023051001001380,MAKAR,58,8,10,249.40,2494.00
13215,13216,2023051003000336,NLIC,6,17,500,650.90,325450.00
13216,13217,2023051003000335,NICLBSL,55,49,20,534.10,10682.00
13217,13218,2023051004000937,RADHI,45,56,26,234.50,6097.00
13218,13219,2023051001001379,MAKAR,58,8,10,249.40,2494.00
13219,13220,2023051004000936,GHL,57,22,270,221.70,59859.00
13220,13221,2023051003000334,NLIC,8,17,108,651.00,70308.00
13221,13222,2023051004000935,HDHPC,33,45,290,159.30,46197.00
13222,13223,2023051004000934,HDHPC,33,39,10,159.20,1592.00
13223,13224,2023051001001378,PHCL,33,57,10,303.70,3037.00
13224,13225,2023051001001377,MHCL,34,6,10,214.20,2142.00
13225,13226,2023051001001376,PHCL,33,45,10,303.70,3037.00
13226,13227,2023051004000933,HDHPC,49,39,190,159.20,30248.00
13227,13228,2023051001001375,SHIVM,57,8,195,400.00,78000.00
13228,13229,2023051001001374,SHIVM,57,8,200,400.00,80000.00
13229,13230,2023051001001373,SHIVM,43,8,500,400.00,200000.00
13230,13231,2023051001001372,SHIVM,45,8,100,400.00,40000.00
13231,13232,2023051001001371,SHIVM,26,8,150,400.00,60000.00
13232,13233,2023051001001370,SHIVM,59,8,25,400.00,10000.00
13233,13234,2023051001001369,SHIVM,14,8,20,400.10,8002.00
13234,13235,2023051001001368,SHIVM,58,8,10,401.00,4010.00
13235,13236,2023051001001367,RFPL,36,45,10,247.00,2470.00
13236,13237,2023051001001366,RFPL,36,49,10,247.00,2470.00
13237,13238,2023051001001365,SPC,17,34,190,414.00,78660.00
13238,13239,2023051001001364,SPC,17,57,10,414.00,4140.00
13239,13240,2023051001001363,PRVU,42,55,10,165.50,1655.00
13240,13241,2023051005000233,NRIC,16,49,60,681.00,40860.00
13241,13242,2023051003000333,DDBL,48,58,14,620.00,8680.00
13242,13243,2023051003000332,DDBL,55,58,29,620.00,17980.00
13243,13244,2023051003000331,DDBL,35,58,50,620.00,31000.00
13244,13245,2023051001001362,MAKAR,21,8,10,249.30,2493.00
13245,13246,2023051004000932,API,51,34,250,231.10,57775.00
13246,13247,2023051001001361,NICA,59,49,22,711.00,15642.00
13247,13248,2023051001001360,MAKAR,21,38,10,249.30,2493.00
13248,13249,2023051001001359,USHEC,38,58,10,284.20,2842.00
13249,13250,2023051001001358,MAKAR,21,8,10,249.30,2493.00
13250,13251,2023051001001357,GBIME,42,16,15,183.00,2745.00
13251,13252,2023051004000931,HDHPC,3,39,100,159.20,15920.00
13252,13253,2023051001001356,GBIME,3,57,580,182.70,105966.00
13253,13254,2023051001001355,GBIME,59,57,10,182.70,1827.00
13254,13255,2023051001001354,GBIME,59,57,10,182.80,1828.00
13255,13256,2023051001001353,MAKAR,41,49,10,250.00,2500.00
13256,13257,2023051001001352,MAKAR,41,38,10,250.00,2500.00
13257,13258,2023051001001351,MKHC,58,16,10,241.00,2410.00
13258,13259,2023051001001350,NIMB,47,58,200,181.00,36200.00
13259,13260,2023051003000330,NUBL,56,56,15,528.10,7921.50
13260,13261,2023051004000930,SGIC,44,57,10,433.20,4332.00
13261,13262,2023051001001349,MAKAR,54,42,10,250.00,2500.00
13262,13263,2023051001001348,MBJC,5,52,10,276.00,2760.00
13263,13264,2023051005000232,KDBY,45,42,100,8.06,806.00
13264,13265,2023051001001347,SRBL,33,49,500,179.10,89550.00
13265,13266,2023051005000231,MMF1,7,49,500,7.04,3520.00
13266,13267,2023051005000230,CIT,25,49,100,2012.00,201200.00
13267,13268,2023051004000929,HDHPC,49,45,312,159.30,49701.60
13268,13269,2023051004000928,GLH,43,16,10,258.20,2582.00
13269,13270,2023051005000229,KDBY,45,47,100,8.00,800.00
13270,13271,2023051003000329,LBBL,58,21,34,325.10,11053.40
13271,13272,2023051003000328,LBBL,29,21,10,325.10,3251.00
13272,13273,2023051003000327,LBBL,28,21,65,325.10,21131.50
13273,13274,2023051003000326,LBBL,34,21,500,326.00,163000.00
13274,13275,2023051003000325,LBBL,32,21,200,327.00,65400.00
13275,13276,2023051003000324,LBBL,49,21,70,328.00,22960.00
13276,13277,2023051001001346,SMJC,6,58,10,243.60,2436.00
13277,13278,2023051001001345,NBL,58,17,10,249.00,2490.00
13278,13279,2023051003000323,MLBSL,44,13,10,1795.00,17950.00
13279,13280,2023051001001344,SHIVM,41,8,50,402.00,20100.00
13280,13281,2023051004000927,SHPC,28,49,100,325.00,32500.00
13281,13282,2023051004000926,SHPC,42,49,100,325.00,32500.00
13282,13283,2023051004000925,SHPC,28,49,100,325.00,32500.00
13283,13284,2023051004000924,SHPC,41,49,317,325.40,103151.80
13284,13285,2023051004000923,SHPC,18,49,100,325.50,32550.00
13285,13286,2023051001001343,SMHL,38,58,10,384.00,3840.00
13286,13287,2023051001001342,SBL,6,34,768,246.10,189004.80
13287,13288,2023051001001341,SBL,29,34,1000,247.00,247000.00
13288,13289,2023051001001340,SBL,42,34,20,247.00,4940.00
13289,13290,2023051001001339,SBL,56,34,200,247.00,49400.00
13290,13291,2023051001001338,SBL,42,34,38,247.00,9386.00
13291,13292,2023051001001337,SBL,47,34,184,247.00,45448.00
13292,13293,2023051001001336,UNLB,44,18,10,1494.00,14940.00
13293,13294,2023051001001335,TAMOR,22,58,10,268.70,2687.00
13294,13295,2023051004000922,NGPL,4,22,300,235.00,70500.00
13295,13296,2023051003000322,MMFDB,6,36,11,560.00,6160.00
13296,13297,2023051001001334,PHCL,33,58,10,303.70,3037.00
13297,13298,2023051004000921,AKPL,42,34,10,358.00,3580.00
13298,13299,2023051001001333,TAMOR,22,38,10,268.70,2687.00
13299,13300,2023051001001332,DORDI,49,16,10,265.00,2650.00
13300,13301,2023051003000321,GBBL,44,40,174,350.10,60917.40
13301,13302,2023051004000920,MHNL,58,49,30,262.10,7863.00
13302,13303,2023051001001331,SMJC,6,34,10,243.60,2436.00
13303,13304,2023051001001330,MHCL,34,36,10,214.20,2142.00
13304,13305,2023051001001329,MAKAR,54,58,10,250.00,2500.00
13305,13306,2023051001001328,SPC,50,38,10,407.50,4075.00
13306,13307,2023051003000320,NLIC,8,17,92,651.00,59892.00
13307,13308,2023051004000919,HDHPC,33,53,100,159.20,15920.00
13308,13309,2023051004000918,HDHPC,33,25,900,159.20,143280.00
13309,13310,2023051004000917,HDHPC,7,25,100,159.20,15920.00
13310,13311,2023051001001327,PPL,29,28,480,260.00,124800.00
13311,13312,2023051001001326,SMJC,58,38,10,243.60,2436.00
13312,13313,2023051001001325,MAKAR,54,4,10,250.00,2500.00
13313,13314,2023051001001324,NYADI,44,38,10,268.30,2683.00
13314,13315,2023051001001323,PHCL,46,58,10,303.80,3038.00
13315,13316,2023051001001322,NIMB,49,29,35,180.00,6300.00
13316,13317,2023051001001321,NIMB,46,29,10,180.00,1800.00
13317,13318,2023051001001320,NIMB,14,29,58,180.00,10440.00
13318,13319,2023051001001319,SBL,47,13,16,247.00,3952.00
13319,13320,2023051001001318,SMJC,58,49,10,243.60,2436.00
13320,13321,2023051001001317,MAKAR,54,35,10,250.00,2500.00
13321,13322,2023051001001316,MAKAR,54,58,10,250.00,2500.00
13322,13323,2023051004000916,GLH,43,52,10,258.20,2582.00
13323,13324,2023051004000915,SHEL,38,58,10,276.00,2760.00
13324,13325,2023051001001315,JALPA,20,33,15,1599.90,23998.50
13325,13326,2023051001001314,JALPA,20,7,20,1599.80,31996.00
13326,13327,2023051001001313,JALPA,20,49,15,1599.00,23985.00
13327,13328,2023051001001312,MBJC,5,38,10,276.00,2760.00
13328,13329,2023051001001311,PCBL,36,17,59,192.70,11369.30
13329,13330,2023051001001310,PCBL,44,17,10,192.80,1928.00
13330,13331,2023051001001309,PCBL,46,17,26,192.90,5015.40
13331,13332,2023051004000914,MEN,34,49,10,734.00,7340.00
13332,13333,2023051001001308,SAHAS,39,58,10,487.30,4873.00
13333,13334,2023051001001307,MBJC,5,49,10,276.00,2760.00
13334,13335,2023051004000913,HDHPC,33,58,700,159.20,111440.00
13335,13336,2023051001001306,GBIME,57,16,19,183.00,3477.00
13336,13337,2023051003000319,GBBL,44,28,500,350.10,175050.00
13337,13338,2023051005000228,HIDCL,34,34,50,178.00,8900.00
13338,13339,2023051001001305,TAMOR,22,58,10,268.70,2687.00
13339,13340,2023051001001304,MAKAR,54,57,10,250.00,2500.00
13340,13341,2023051001001303,PCBL,3,17,358,193.00,69094.00
13341,13342,2023051001001302,RFPL,36,49,10,247.00,2470.00
13342,13343,2023051005000227,NRIC,13,46,14,680.00,9520.00
13343,13344,2023051003000318,GUFL,17,52,50,478.00,23900.00
13344,13345,2023051001001301,EBL,38,19,100,528.00,52800.00
13345,13346,2023051001001300,EBL,28,19,50,528.00,26400.00
13346,13347,2023051001001299,EBL,29,19,500,528.00,264000.00
13347,13348,2023051001001298,EBL,8,19,455,528.10,240285.50
13348,13349,2023051001001297,MAKAR,54,58,10,250.00,2500.00
13349,13350,2023051004000912,HDHPC,6,58,300,159.20,47760.00
13350,13351,2023051003000317,ICFC,22,41,50,403.00,20150.00
13351,13352,2023051001001296,HBL,34,45,361,217.00,78337.00
13352,13353,2023051001001295,MBJC,5,58,10,276.00,2760.00
13353,13354,2023051001001294,SHLB,35,49,10,1110.00,11100.00
13354,13355,2023051003000316,NUBL,25,38,100,529.00,52900.00
13355,13356,2023051004000911,API,32,21,39,231.00,9009.00
13356,13357,2023051004000910,API,54,21,23,231.10,5315.30
13357,13358,2023051005000226,CHDC,38,6,10,717.00,7170.00
13358,13359,2023051001001293,DORDI,49,58,10,265.00,2650.00
13359,13360,2023051001001292,SPC,17,34,250,412.00,103000.00
13360,13361,2023051003000315,SJLIC,42,49,9,407.00,3663.00
13361,13362,2023051001001291,PRVU,51,55,1352,165.50,223756.00
13362,13363,2023051001001290,PRVU,51,45,1700,165.40,281180.00
13363,13364,2023051001001289,PRVU,51,7,448,165.00,73920.00
13364,13365,2023051001001288,GBIME,22,16,84,183.00,15372.00
13365,13366,2023051001001287,GBIME,16,16,10,183.00,1830.00
13366,13367,2023051001001286,GBIME,52,16,63,183.00,11529.00
13367,13368,2023051003000314,LBBL,4,34,40,329.00,13160.00
13368,13369,2023051003000313,ICFC,22,41,70,403.00,28210.00
13369,13370,2023051003000312,ICFC,45,41,30,403.10,12093.00
13370,13371,2023051001001285,PCBL,3,49,642,193.00,123906.00
13371,13372,2023051001001284,PCBL,34,49,58,193.00,11194.00
13372,13373,2023051001001283,TAMOR,1,58,10,270.00,2700.00
13373,13374,2023051004000909,API,49,49,12,231.50,2778.00
13374,13375,2023051001001282,MHCL,36,4,10,214.30,2143.00
13375,13376,2023051001001281,KDL,21,35,10,709.00,7090.00
13376,13377,2023051001001280,NABIL,7,17,230,594.90,136827.00
13377,13378,2023051003000311,PLI,57,38,10,405.00,4050.00
13378,13379,2023051003000310,PLI,57,7,10,404.00,4040.00
13379,13380,2023051003000309,PLI,57,58,10,404.00,4040.00
13380,13381,2023051001001279,MHL,18,58,10,322.20,3222.00
13381,13382,2023051001001278,SMHL,38,49,10,384.00,3840.00
13382,13383,2023051005000225,NTC,32,34,40,796.10,31844.00
13383,13384,2023051003000308,LBBL,4,16,10,329.00,3290.00
13384,13385,2023051005000224,NIFRA,34,6,46,207.00,9522.00
13385,13386,2023051001001277,DORDI,49,16,10,265.00,2650.00
13386,13387,2023051001001276,DORDI,49,58,10,265.00,2650.00
13387,13388,2023051001001275,NMB,14,49,325,231.30,75172.50
13388,13389,2023051001001274,NMB,1,49,300,231.40,69420.00
13389,13390,2023051001001273,PHCL,33,42,10,306.70,3067.00
13390,13391,2023051001001272,MBJC,5,49,10,276.00,2760.00
13391,13392,2023051004000908,SHPC,38,34,900,325.60,293040.00
13392,13393,2023051004000907,CHCL,28,49,180,460.30,82854.00
13393,13394,2023051004000906,CHCL,49,49,20,461.00,9220.00
13394,13395,2023051004000905,CHCL,29,49,40,461.00,18440.00
13395,13396,2023051004000904,CHCL,18,49,80,461.00,36880.00
13396,13397,2023051001001271,GVL,58,22,10,390.00,3900.00
13397,13398,2023051004000903,SGIC,44,41,10,433.20,4332.00
13398,13399,2023051001001270,BHDC,48,38,10,387.10,3871.00
13399,13400,2023051001001269,ADLB,58,58,1,1261.30,1261.30
13400,13401,2023051001001268,SMH,42,58,10,527.00,5270.00
13401,13402,2023051001001267,KDL,21,22,10,709.00,7090.00
13402,13403,2023051005000223,NIFRA,34,7,54,207.00,11178.00
13403,13404,2023051001001266,NABIL,28,49,26,593.00,15418.00
13404,13405,2023051001001265,HDL,21,58,10,1900.00,19000.00
13405,13406,2023051001001264,SPC,50,49,10,407.50,4075.00
13406,13407,2023051004000902,RHPL,34,28,20,273.10,5462.00
13407,13408,2023051001001263,NIMB,14,41,29,180.00,5220.00
13408,13409,2023051001001262,NIMB,42,41,10,180.10,1801.00
13409,13410,2023051001001261,NIMB,38,41,12,180.50,2166.00
13410,13411,2023051003000307,LBBL,4,22,100,329.00,32900.00
13411,13412,2023051003000306,LBBL,4,16,50,329.00,16450.00
13412,13413,2023051004000901,RIDI,57,4,150,277.00,41550.00
13413,13414,2023051004000900,RIDI,16,4,50,277.10,13855.00
13414,13415,2023051001001260,USHEC,38,49,10,284.20,2842.00
13415,13416,2023051003000305,CLBSL,34,43,50,560.00,28000.00
13416,13417,2023051001001259,NYADI,49,57,10,269.00,2690.00
13417,13418,2023051001001258,MAKAR,54,49,10,250.00,2500.00
13418,13419,2023051005000222,NIFRA,49,41,41,207.00,8487.00
13419,13420,2023051005000221,NIFRA,49,41,23,207.00,4761.00
13420,13421,2023051003000304,SDLBSL,39,38,17,610.00,10370.00
13421,13422,2023051001001257,SPL,19,43,10,512.00,5120.00
13422,13423,2023051005000220,NRN,7,16,10,434.00,4340.00
13423,13424,2023051003000303,ICFC,41,8,20,405.80,8116.00
13424,13425,2023051001001256,NABIL,35,49,10,593.00,5930.00
13425,13426,2023051004000899,RHPL,34,41,50,273.10,13655.00
13426,13427,2023051004000898,HPPL,4,42,61,275.00,16775.00
13427,13428,2023051003000302,GRDBL,39,5,10,248.00,2480.00
13428,13429,2023051003000301,GRDBL,39,48,75,243.00,18225.00
13429,13430,2023051004000897,SGIC,44,43,10,433.20,4332.00
13430,13431,2023051001001255,NMB,45,49,130,232.00,30160.00
13431,13432,2023051001001254,NMB,14,49,1000,232.00,232000.00
13432,13433,2023051001001253,NMB,14,49,36,232.00,8352.00
13433,13434,2023051001001252,NMB,25,49,90,232.00,20880.00
13434,13435,2023051001001251,NMB,43,49,119,232.10,27619.90
13435,13436,2023051001001250,MAKAR,54,58,10,250.00,2500.00
13436,13437,2023051001001249,SMHL,38,34,10,384.00,3840.00
13437,13438,2023051004000896,UMHL,57,48,10,222.10,2221.00
13438,13439,2023051003000300,NLIC,34,36,10,650.70,6507.00
13439,13440,2023051001001248,PPL,29,43,10,260.00,2600.00
13440,13441,2023051001001247,SMH,29,58,10,530.00,5300.00
13441,13442,2023051001001246,SMH,29,38,10,530.00,5300.00
13442,13443,2023051001001245,MAKAR,54,53,10,250.00,2500.00
13443,13444,2023051001001244,MAKAR,19,53,10,250.00,2500.00
13444,13445,2023051001001243,MAKAR,45,53,80,250.00,20000.00
13445,13446,2023051001001242,TAMOR,22,58,10,268.70,2687.00
13446,13447,2023051001001241,UHEWA,38,16,10,365.00,3650.00
13447,13448,2023051001001240,MAKAR,45,29,10,250.00,2500.00
13448,13449,2023051003000299,PLI,57,43,10,403.00,4030.00
13449,13450,2023051001001239,MHCL,36,54,10,214.30,2143.00
13450,13451,2023051001001238,MBJC,25,43,10,277.00,2770.00
13451,13452,2023051005000219,NIFRA,49,41,32,207.00,6624.00
13452,13453,2023051001001237,HHL,47,58,10,250.00,2500.00
13453,13454,2023051004000895,SHEL,38,38,10,276.00,2760.00
13454,13455,2023051005000218,NIFRA,49,34,20,207.00,4140.00
13455,13456,2023051001001236,MAKAR,45,26,10,250.00,2500.00
13456,13457,2023051001001235,KDL,21,52,10,710.00,7100.00
13457,13458,2023051005000217,NRN,7,43,10,434.00,4340.00
13458,13459,2023051001001234,RHGCL,34,57,10,250.20,2502.00
13459,13460,2023051003000298,MNBBL,44,5,124,385.10,47752.40
13460,13461,2023051003000297,MNBBL,57,5,21,385.20,8089.20
13461,13462,2023051003000296,MNBBL,1,5,15,385.20,5778.00
13462,13463,2023051001001233,GBIME,11,41,10,184.00,1840.00
13463,13464,2023051001001232,MBJC,5,49,10,276.00,2760.00
13464,13465,2023051005000216,NIFRA,49,43,54,207.00,11178.00
13465,13466,2023051003000295,PLI,57,59,10,403.00,4030.00
13466,13467,2023051001001231,MHCL,34,29,10,214.20,2142.00
13467,13468,2023051001001230,DORDI,49,50,10,264.00,2640.00
13468,13469,2023051001001229,KBL,25,17,500,165.00,82500.00
13469,13470,2023051001001228,MAKAR,41,49,10,250.10,2501.00
13470,13471,2023051003000294,GBBL,44,43,609,350.10,213210.90
13471,13472,2023051003000293,GBBL,20,43,32,350.20,11206.40
13472,13473,2023051005000215,NIFRA,49,38,54,207.00,11178.00
13473,13474,2023051003000292,NUBL,56,47,20,528.10,10562.00
13474,13475,2023051004000894,HDHPC,47,5,94,159.00,14946.00
13475,13476,2023051004000893,HDHPC,42,5,142,159.00,22578.00
13476,13477,2023051004000892,HDHPC,38,5,10,159.00,1590.00
13477,13478,2023051004000891,HDHPC,57,5,300,159.00,47700.00
13478,13479,2023051001001227,MHCL,36,29,10,214.50,2145.00
13479,13480,2023051005000214,CIT,17,49,300,2012.00,603600.00
13480,13481,2023051004000890,HDHPC,5,45,159,159.30,25328.70
13481,13482,2023051004000889,HDHPC,5,58,141,159.10,22433.10
13482,13483,2023051001001226,MBJC,25,38,10,277.00,2770.00
13483,13484,2023051001001225,NBL,41,17,65,248.00,16120.00
13484,13485,2023051001001224,NBL,22,17,100,248.00,24800.00
13485,13486,2023051001001223,NBL,14,17,500,248.00,124000.00
13486,13487,2023051001001222,NBL,34,17,200,248.00,49600.00
13487,13488,2023051001001221,NBL,49,17,300,248.00,74400.00
13488,13489,2023051001001220,NBL,42,17,20,248.00,4960.00
13489,13490,2023051001001219,NBL,21,17,50,248.00,12400.00
13490,13491,2023051001001218,NBL,14,17,165,248.00,40920.00
13491,13492,2023051001001217,HDL,22,51,10,1899.00,18990.00
13492,13493,2023051001001216,MHCL,36,48,10,214.50,2145.00
13493,13494,2023051001001215,MAKAR,41,49,10,250.10,2501.00
13494,13495,2023051001001214,MBJC,25,57,10,278.00,2780.00
13495,13496,2023051003000291,FMDBL,7,41,90,505.00,45450.00
13496,13497,2023051001001213,MBJC,25,58,10,277.00,2770.00
13497,13498,2023051004000888,GLH,43,38,10,258.20,2582.00
13498,13499,2023051001001212,MAKAR,21,4,10,250.10,2501.00
13499,13500,2023051001001211,TAMOR,22,42,40,268.70,10748.00
13500,13501,2023051003000290,SMFBS,16,49,18,876.00,15768.00
13501,13502,2023051001001210,SMJC,22,8,10,245.00,2450.00
13502,13503,2023051001001209,JBLB,7,53,20,1397.90,27958.00
13503,13504,2023051001001208,MAKAR,21,49,10,250.10,2501.00
13504,13505,2023051004000887,HDHPC,58,58,35,159.10,5568.50
13505,13506,2023051001001207,SGHC,48,45,10,285.00,2850.00
13506,13507,2023051001001206,MHCL,34,26,10,214.20,2142.00
13507,13508,2023051001001205,USHEC,38,43,10,284.20,2842.00
13508,13509,2023051003000289,MLBL,55,51,73,296.00,21608.00
13509,13510,2023051003000288,MLBL,1,51,100,296.00,29600.00
13510,13511,2023051003000287,MLBL,21,51,1000,296.00,296000.00
13511,13512,2023051003000286,MLBL,56,51,20,296.00,5920.00
13512,13513,2023051003000285,MLBL,8,51,10,296.00,2960.00
13513,13514,2023051003000284,MLBL,13,51,500,296.00,148000.00
13514,13515,2023051003000283,MLBL,41,51,100,296.00,29600.00
13515,13516,2023051003000282,MLBL,18,51,100,296.10,29610.00
13516,13517,2023051003000281,MLBL,56,51,50,296.20,14810.00
13517,13518,2023051003000280,MLBL,56,51,13,296.30,3851.90
13518,13519,2023051001001204,NBL,14,49,35,248.00,8680.00
13519,13520,2023051001001203,NBL,44,49,100,248.00,24800.00
13520,13521,2023051001001202,NBL,26,49,200,248.00,49600.00
13521,13522,2023051001001201,NBL,25,49,20,248.00,4960.00
13522,13523,2023051001001200,NBL,17,49,500,248.00,124000.00
13523,13524,2023051001001199,NBL,16,49,25,248.00,6200.00
13524,13525,2023051001001198,NBL,5,49,50,248.10,12405.00
13525,13526,2023051001001197,NBL,1,49,350,248.10,86835.00
13526,13527,2023051001001196,NBL,14,49,100,248.20,24820.00
13527,13528,2023051001001195,NBL,4,49,50,248.30,12415.00
13528,13529,2023051001001194,NBL,49,49,20,248.60,4972.00
13529,13530,2023051001001193,NBL,49,49,20,249.00,4980.00
13530,13531,2023051001001192,NBL,46,49,20,249.00,4980.00
13531,13532,2023051001001191,NBL,16,49,10,249.00,2490.00
13532,13533,2023051001001190,UHEWA,13,49,10,367.10,3671.00
13533,13534,2023051004000886,RIDI,16,8,50,277.10,13855.00
13534,13535,2023051001001189,MAKAR,21,45,10,250.10,2501.00
13535,13536,2023051003000279,CFCL,21,41,15,289.00,4335.00
13536,13537,2023051001001188,NMB,43,58,381,232.10,88430.10
13537,13538,2023051001001187,SPHL,42,43,10,368.00,3680.00
13538,13539,2023051001001186,KDL,38,36,10,708.40,7084.00
13539,13540,2023051005000213,RMF1,45,42,100,7.40,740.00
13540,13541,2023051001001185,PHCL,33,49,10,306.70,3067.00
13541,13542,2023051001001184,TAMOR,42,8,10,271.00,2710.00
13542,13543,2023051001001183,TAMOR,42,45,10,271.00,2710.00
13543,13544,2023051001001182,TAMOR,42,42,10,271.00,2710.00
13544,13545,2023051001001181,TAMOR,42,6,10,271.00,2710.00
13545,13546,2023051001001180,TAMOR,42,8,10,270.50,2705.00
13546,13547,2023051001001179,SCB,43,22,23,523.10,12031.30
13547,13548,2023051001001178,SPL,19,42,10,512.00,5120.00
13548,13549,2023051004000885,SPIL,16,44,10,569.00,5690.00
13549,13550,2023051004000884,SPIL,44,44,160,569.00,91040.00
13550,13551,2023051003000278,GRDBL,35,48,15,243.00,3645.00
13551,13552,2023051005000212,NTC,56,58,80,799.00,63920.00
13552,13553,2023051005000211,NTC,56,14,20,799.00,15980.00
13553,13554,2023051001001177,MAKAR,21,38,10,250.10,2501.00
13554,13555,2023051001001176,SPHL,42,49,10,368.00,3680.00
13555,13556,2023051004000883,HDHPC,57,46,400,159.00,63600.00
13556,13557,2023051001001175,RFPL,57,43,10,246.00,2460.00
13557,13558,2023051001001174,PHCL,42,38,10,308.80,3088.00
13558,13559,2023051003000277,NLIC,8,22,32,651.00,20832.00
13559,13560,2023051001001173,SMJC,52,42,20,243.50,4870.00
13560,13561,2023051005000210,NIFRA,49,59,20,207.00,4140.00
13561,13562,2023051001001172,PHCL,42,43,10,308.80,3088.00
13562,13563,2023051001001171,KDL,38,49,10,708.40,7084.00
13563,13564,2023051004000882,NGPL,25,22,122,235.00,28670.00
13564,13565,2023051001001170,NIBLGF,10,13,100,7.71,771.00
13565,13566,2023051004000881,SGIC,39,57,100,434.00,43400.00
13566,13567,2023051005000209,MMF1,49,47,200,7.03,1406.00
13567,13568,2023051001001169,SAHAS,39,22,10,487.20,4872.00
13568,13569,2023051004000880,NGPL,25,48,128,235.00,30080.00
13569,13570,2023051004000879,NGPL,49,48,20,235.00,4700.00
13570,13571,2023051004000878,NGPL,46,48,232,235.00,54520.00
13571,13572,2023051005000208,NRN,58,43,10,435.00,4350.00
13572,13573,2023051001001168,TAMOR,45,34,10,270.00,2700.00
13573,13574,2023051004000877,HDHPC,57,7,2300,159.00,365700.00
13574,13575,2023051004000876,HDHPC,58,7,100,159.00,15900.00
13575,13576,2023051004000875,HDHPC,14,7,600,159.00,95400.00
13576,13577,2023051001001167,PRVU,32,7,100,165.00,16500.00
13577,13578,2023051001001166,PRVU,41,7,395,165.00,65175.00
13578,13579,2023051001001165,PRVU,57,7,300,165.00,49500.00
13579,13580,2023051001001164,PRVU,14,7,50,165.00,8250.00
13580,13581,2023051001001163,PRVU,33,7,56,165.00,9240.00
13581,13582,2023051004000874,HDHPC,14,51,1000,159.00,159000.00
13582,13583,2023051003000276,SINDU,51,8,15,240.20,3603.00
13583,13584,2023051003000275,NLIC,49,38,10,652.00,6520.00
13584,13585,2023051003000274,NLIC,8,43,12,651.00,7812.00
13585,13586,2023051003000273,NLIC,8,17,223,651.00,145173.00
13586,13587,2023051001001162,USHEC,38,45,10,284.20,2842.00
13587,13588,2023051001001161,MKHC,58,34,10,241.00,2410.00
13588,13589,2023051004000873,SPIL,44,50,100,570.00,57000.00
13589,13590,2023051001001160,MHCL,34,7,10,214.20,2142.00
13590,13591,2023051001001159,MBJC,25,59,10,277.00,2770.00
13591,13592,2023051005000207,NICFC,49,42,100,7.67,767.00
13592,13593,2023051003000272,NICLBSL,16,43,15,534.00,8010.00
13593,13594,2023051001001158,SMHL,36,42,30,384.10,11523.00
13594,13595,2023051001001157,SMJC,52,47,10,243.50,2435.00
13595,13596,2023051001001156,RULB,34,45,10,622.10,6221.00
13596,13597,2023051003000271,NLIC,8,7,33,651.00,21483.00
13597,13598,2023051004000872,HDHPC,6,58,10,159.10,1591.00
13598,13599,2023051003000270,PROFL,38,49,150,290.00,43500.00
13599,13600,2023051001001155,MAKAR,21,21,10,250.10,2501.00
13600,13601,2023051004000871,BPCL,17,43,10,313.00,3130.00
13601,13602,2023051004000870,HDHPC,33,58,1000,159.10,159100.00
13602,13603,2023051004000869,HDHPC,58,58,231,159.10,36752.10
13603,13604,2023051001001154,TAMOR,5,19,10,270.00,2700.00
13604,13605,2023051001001153,MAKAR,21,34,10,250.10,2501.00
13605,13606,2023051001001152,PHCL,42,45,10,308.80,3088.00
13606,13607,2023051001001151,KDL,41,51,10,708.50,7085.00
13607,13608,2023051001001150,MAKAR,21,38,10,250.10,2501.00
13608,13609,2023051005000206,NIFRA,49,49,64,207.00,13248.00
13609,13610,2023051001001149,MAKAR,21,49,10,250.10,2501.00
13610,13611,2023051005000205,NRIC,13,56,73,680.00,49640.00
13611,13612,2023051005000204,NRIC,17,56,17,680.00,11560.00
13612,13613,2023051001001148,GVL,17,59,10,390.00,3900.00
13613,13614,2023051001001147,KBL,52,17,62,165.00,10230.00
13614,13615,2023051003000269,MLBL,56,29,17,296.30,5037.10
13615,13616,2023051001001146,BHDC,58,45,10,386.50,3865.00
13616,13617,2023051001001145,MHCL,34,35,20,214.20,4284.00
13617,13618,2023051004000868,UPCL,7,22,365,226.00,82490.00
13618,13619,2023051004000867,UPCL,7,58,91,226.00,20566.00
13619,13620,2023051004000866,UPCL,7,47,50,226.00,11300.00
13620,13621,2023051004000865,UPCL,7,51,45,226.00,10170.00
13621,13622,2023051004000864,UPCL,7,59,500,225.90,112950.00
13622,13623,2023051001001144,SAHAS,29,52,10,487.50,4875.00
13623,13624,2023051001001143,SCB,49,17,250,524.00,131000.00
13624,13625,2023051001001142,SCB,38,17,100,524.00,52400.00
13625,13626,2023051004000863,NGPL,46,8,188,235.00,44180.00
13626,13627,2023051004000862,NGPL,45,8,100,235.10,23510.00
13627,13628,2023051004000861,NGPL,58,8,12,235.20,2822.40
13628,13629,2023051004000860,HDHPC,58,53,150,159.10,23865.00
13629,13630,2023051001001141,TAMOR,5,49,10,270.00,2700.00
13630,13631,2023051001001140,AHL,45,34,10,335.10,3351.00
13631,13632,2023051001001139,PHCL,42,49,10,308.80,3088.00
13632,13633,2023051001001138,KDL,41,33,10,708.50,7085.00
13633,13634,2023051003000268,GRDBL,4,39,40,244.00,9760.00
13634,13635,2023051001001137,SMH,42,42,10,527.00,5270.00
13635,13636,2023051001001136,SAHAS,39,58,10,487.20,4872.00
13636,13637,2023051001001135,SGHC,48,18,10,285.00,2850.00
13637,13638,2023051001001134,MHCL,36,51,10,214.30,2143.00
13638,13639,2023051001001133,MAKAR,21,52,10,250.10,2501.00
13639,13640,2023051001001132,TAMOR,5,49,10,270.00,2700.00
13640,13641,2023051001001131,MBJC,22,57,10,277.00,2770.00
13641,13642,2023051001001130,SHLB,35,45,10,1110.00,11100.00
13642,13643,2023051001001129,TAMOR,5,58,10,270.00,2700.00
13643,13644,2023051003000267,SMB,16,32,14,850.00,11900.00
13644,13645,2023051001001128,PCBL,34,29,12,193.00,2316.00
13645,13646,2023051001001127,AHL,45,33,10,335.10,3351.00
13646,13647,2023051003000266,CORBL,39,16,10,293.00,2930.00
13647,13648,2023051004000859,SPIL,44,43,10,569.00,5690.00
13648,13649,2023051001001126,RFPL,36,45,10,247.00,2470.00
13649,13650,2023051001001125,MHCL,36,58,10,214.30,2143.00
13650,13651,2023051001001124,MAKAR,21,51,10,250.10,2501.00
13651,13652,2023051004000858,AIL,45,49,10,400.00,4000.00
13652,13653,2023051001001123,SPC,57,38,10,408.00,4080.00
13653,13654,2023051001001122,SMJC,52,58,10,243.50,2435.00
13654,13655,2023051004000857,HDHPC,58,7,1619,159.10,257582.90
13655,13656,2023051004000856,HDHPC,21,7,50,159.20,7960.00
13656,13657,2023051004000855,HDHPC,33,7,1000,159.20,159200.00
13657,13658,2023051004000854,HDHPC,33,7,141,159.20,22447.20
13658,13659,2023051004000853,SHPC,38,49,100,325.60,32560.00
13659,13660,2023051004000852,SHPC,42,49,700,326.00,228200.00
13660,13661,2023051004000851,SHPC,28,49,300,326.00,97800.00
13661,13662,2023051004000850,SHPC,34,49,400,326.00,130400.00
13662,13663,2023051004000849,SHPC,28,49,500,326.10,163050.00
13663,13664,2023051001001121,MKHC,58,51,10,241.00,2410.00
13664,13665,2023051003000265,MLBL,56,29,20,296.40,5928.00
13665,13666,2023051004000848,SGIC,44,43,10,433.20,4332.00
13666,13667,2023051001001120,SMJC,52,45,10,243.50,2435.00
13667,13668,2023051004000847,UPPER,52,34,35,411.00,14385.00
13668,13669,2023051004000846,SHL,17,36,190,259.10,49229.00
13669,13670,2023051001001119,PHCL,42,42,10,308.80,3088.00
13670,13671,2023051004000845,CHL,58,56,24,269.50,6468.00
13671,13672,2023051001001118,PPL,29,45,10,260.00,2600.00
13672,13673,2023051001001117,MHCL,36,38,10,214.30,2143.00
13673,13674,2023051003000264,PLI,54,43,10,402.00,4020.00
13674,13675,2023051004000844,CHCL,56,45,100,463.00,46300.00
13675,13676,2023051001001116,JBLB,41,53,10,1397.90,13979.00
13676,13677,2023051001001115,PHCL,42,45,10,308.80,3088.00
13677,13678,2023051004000843,HDHPC,21,45,100,159.30,15930.00
13678,13679,2023051004000842,HDHPC,49,45,100,159.30,15930.00
13679,13680,2023051005000203,NRN,7,43,10,435.00,4350.00
13680,13681,2023051001001114,MHL,21,58,10,325.00,3250.00
13681,13682,2023051001001113,MLBS,34,45,10,701.00,7010.00
13682,13683,2023051003000263,NLIC,42,38,60,652.00,39120.00
13683,13684,2023051004000841,CHL,50,56,50,270.00,13500.00
13684,13685,2023051004000840,CHL,59,56,50,270.00,13500.00
13685,13686,2023051004000839,CHL,26,56,20,270.00,5400.00
13686,13687,2023051001001112,MHCL,34,42,30,214.20,6426.00
13687,13688,2023051003000262,NLIC,34,43,12,650.70,7808.40
13688,13689,2023051001001111,JBLB,41,29,14,1396.00,19544.00
13689,13690,2023051001001110,AHL,45,35,10,341.10,3411.00
13690,13691,2023051003000261,NLIC,21,38,100,652.00,65200.00
13691,13692,2023051004000838,NGPL,58,48,18,235.20,4233.60
13692,13693,2023051001001109,MAKAR,21,38,10,250.10,2501.00
13693,13694,2023051003000260,FMDBL,38,41,60,505.00,30300.00
13694,13695,2023051001001108,SAHAS,49,57,10,487.10,4871.00
13695,13696,2023051003000259,SKBBL,17,8,10,807.50,8075.00
13696,13697,2023051001001107,GBIME,52,48,1576,183.00,288408.00
13697,13698,2023051001001106,GBIME,52,48,35,183.00,6405.00
13698,13699,2023051001001105,GBIME,42,48,889,183.00,162687.00
13699,13700,2023051003000258,LBBL,49,16,30,328.00,9840.00
13700,13701,2023051003000257,LBBL,6,16,70,328.00,22960.00
13701,13702,2023051003000256,NICLBSL,56,43,20,534.50,10690.00
13702,13703,2023051001001104,KDL,55,58,10,710.00,7100.00
13703,13704,2023051001001103,CZBIL,49,26,59,170.00,10030.00
13704,13705,2023051001001102,CZBIL,45,26,57,170.00,9690.00
13705,13706,2023051004000837,API,54,47,60,231.10,13866.00
13706,13707,2023051001001101,MHCL,34,45,10,214.20,2142.00
13707,13708,2023051001001100,JBLB,45,7,17,1395.00,23715.00
13708,13709,2023051001001099,MAKAR,21,42,10,250.10,2501.00
13709,13710,2023051004000836,HDHPC,58,7,20,159.90,3198.00
13710,13711,2023051001001098,NIMB,38,16,88,180.50,15884.00
13711,13712,2023051001001097,MBJC,22,43,10,277.00,2770.00
13712,13713,2023051005000202,NRIC,17,56,13,680.00,8840.00
13713,13714,2023051003000255,CBBL,49,4,50,777.00,38850.00
13714,13715,2023051004000835,UMHL,26,41,55,224.00,12320.00
13715,13716,2023051003000254,LBBL,6,16,50,328.00,16400.00
13716,13717,2023051003000253,NICLBSL,50,49,10,535.00,5350.00
13717,13718,2023051001001096,TAMOR,5,58,10,270.00,2700.00
13718,13719,2023051001001095,GBIME,42,7,680,183.00,124440.00
13719,13720,2023051004000834,SHL,17,36,313,259.10,81098.30
13720,13721,2023051003000252,MLBBL,13,43,10,689.90,6899.00
13721,13722,2023051001001094,NYADI,22,45,10,272.40,2724.00
13722,13723,2023051004000833,UMHL,26,48,50,224.00,11200.00
13723,13724,2023051004000832,HDHPC,6,7,100,159.90,15990.00
13724,13725,2023051005000201,NIFRA,40,6,30,207.50,6225.00
13725,13726,2023051004000831,API,54,7,17,231.10,3928.70
13726,13727,2023051001001093,SAHAS,49,58,10,487.10,4871.00
13727,13728,2023051001001092,KDL,43,42,20,708.60,14172.00
13728,13729,2023051001001091,EBL,42,49,37,530.00,19610.00
13729,13730,2023051005000200,HIDCL,4,58,69,177.90,12275.10
13730,13731,2023051005000199,HIDCL,34,58,131,178.00,23318.00
13731,13732,2023051001001090,RHGCL,45,49,10,250.20,2502.00
13732,13733,2023051004000830,HDHPC,13,7,100,159.90,15990.00
13733,13734,2023051004000829,HDHPC,13,45,100,159.70,15970.00
13734,13735,2023051003000251,RSDC,49,34,30,471.00,14130.00
13735,13736,2023051001001089,SANIMA,49,40,50,242.00,12100.00
13736,13737,2023051001001088,PHCL,42,22,10,308.80,3088.00
13737,13738,2023051004000828,HDHPC,33,49,80,159.20,12736.00
13738,13739,2023051001001087,SBL,50,22,25,249.00,6225.00
13739,13740,2023051003000250,PROFL,38,49,50,290.00,14500.00
13740,13741,2023051004000827,UMHL,26,34,160,224.00,35840.00
13741,13742,2023051004000826,UMHL,22,34,340,224.00,76160.00
13742,13743,2023051005000198,HIDCL,34,41,108,178.00,19224.00
13743,13744,2023051005000197,HIDCL,34,57,261,178.00,46458.00
13744,13745,2023051001001086,GVL,45,34,10,391.00,3910.00
13745,13746,2023051001001085,SMJC,52,58,10,243.50,2435.00
13746,13747,2023051001001084,SMHL,36,57,10,384.10,3841.00
13747,13748,2023051005000196,HIDCL,4,38,120,177.90,21348.00
13748,13749,2023051001001083,MAKAR,21,52,10,250.10,2501.00
13749,13750,2023051001001082,PPL,56,49,10,260.10,2601.00
13750,13751,2023051003000249,RSDC,17,34,46,471.00,21666.00
13751,13752,2023051001001081,GBIME,42,58,300,183.00,54900.00
13752,13753,2023051001001080,GBIME,41,58,400,183.10,73240.00
13753,13754,2023051001001079,PRVU,54,55,1000,165.50,165500.00
13754,13755,2023051001001078,ADBL,38,45,50,232.00,11600.00
13755,13756,2023051001001077,MAKAR,21,49,10,250.10,2501.00
13756,13757,2023051001001076,HHL,47,8,55,250.00,13750.00
13757,13758,2023051001001075,HHL,34,8,60,251.00,15060.00
13758,13759,2023051001001074,MHCL,34,14,10,214.20,2142.00
13759,13760,2023051005000195,NICSF,48,51,1553,7.80,12113.40
13760,13761,2023051001001073,PHCL,42,49,10,308.80,3088.00
13761,13762,2023051001001072,NICA,51,7,80,711.00,56880.00
13762,13763,2023051001001071,AHL,45,42,10,341.10,3411.00
13763,13764,2023051001001070,JBLB,45,16,27,1395.00,37665.00
13764,13765,2023051005000194,NRIC,43,56,72,680.10,48967.20
13765,13766,2023051004000825,HDHPC,33,14,779,159.20,124016.80
13766,13767,2023051004000824,HDHPC,45,14,221,159.30,35205.30
13767,13768,2023051004000823,AKJCL,25,38,80,205.00,16400.00
13768,13769,2023051001001069,RHGCL,45,50,10,250.20,2502.00
13769,13770,2023051004000822,CHCL,18,49,20,461.00,9220.00
13770,13771,2023051004000821,CHCL,28,49,200,461.10,92220.00
13771,13772,2023051005000193,NIFRA,49,13,14,207.00,2898.00
13772,13773,2023051003000248,KSBBL,36,39,234,290.90,68070.60
13773,13774,2023051003000247,KSBBL,54,39,500,290.90,145450.00
13774,13775,2023051003000246,KSBBL,35,39,100,290.90,29090.00
13775,13776,2023051003000245,KSBBL,58,39,16,291.00,4656.00
13776,13777,2023051003000244,KSBBL,56,39,50,291.00,14550.00
13777,13778,2023051003000243,KSBBL,56,39,40,291.20,11648.00
13778,13779,2023051003000242,KSBBL,39,39,60,292.00,17520.00
13779,13780,2023051001001068,MAKAR,21,32,10,250.10,2501.00
13780,13781,2023051001001067,BHDC,58,49,10,385.00,3850.00
13781,13782,2023051003000241,MNBBL,49,45,10,389.00,3890.00
13782,13783,2023051001001066,NICA,58,7,20,713.00,14260.00
13783,13784,2023051001001065,SBL,50,6,200,249.00,49800.00
13784,13785,2023051003000240,LICN,5,47,30,1247.20,37416.00
13785,13786,2023051003000239,LICN,6,47,10,1260.00,12600.00
13786,13787,2023051003000238,SJLIC,42,41,9,410.00,3690.00
13787,13788,2023051001001064,MAKAR,21,11,50,250.10,12505.00
13788,13789,2023051001001063,ADBL,52,44,35,233.00,8155.00
13789,13790,2023051004000820,CGH,38,10,50,1025.00,51250.00
13790,13791,2023051004000819,NIL,42,25,10,730.00,7300.00
13791,13792,2023051004000818,HDHPC,45,39,10,159.30,1593.00
13792,13793,2023051001001062,NYADI,52,57,10,268.10,2681.00
13793,13794,2023051001001061,SAHAS,58,6,10,488.00,4880.00
13794,13795,2023051005000192,NIFRA,49,49,21,207.00,4347.00
13795,13796,2023051004000817,RADHI,35,57,100,235.00,23500.00
13796,13797,2023051004000816,RADHI,45,57,10,235.00,2350.00
13797,13798,2023051001001060,SIKLES,6,13,130,400.00,52000.00
13798,13799,2023051001001059,KBL,17,17,20,165.00,3300.00
13799,13800,2023051001001058,HDL,6,7,76,1885.00,143260.00
13800,13801,2023051001001057,HDL,45,7,10,1890.00,18900.00
13801,13802,2023051001001056,HDL,34,7,100,1890.00,189000.00
13802,13803,2023051001001055,HDL,14,7,10,1890.00,18900.00
13803,13804,2023051001001054,HDL,14,7,30,1890.00,56700.00
13804,13805,2023051001001053,HDL,22,7,24,1894.00,45456.00
13805,13806,2023051004000815,HDHPC,45,39,269,159.30,42851.70
13806,13807,2023051004000814,HDHPC,59,39,30,159.30,4779.00
13807,13808,2023051004000813,HDHPC,35,39,150,159.30,23895.00
13808,13809,2023051004000812,HDHPC,58,39,20,159.50,3190.00
13809,13810,2023051004000811,HDHPC,53,39,67,159.50,10686.50
13810,13811,2023051004000810,HDHPC,48,39,30,159.80,4794.00
13811,13812,2023051001001052,PHCL,42,49,10,308.80,3088.00
13812,13813,2023051005000191,HIDCL,14,57,200,178.00,35600.00
13813,13814,2023051005000190,HIDCL,22,57,500,178.00,89000.00
13814,13815,2023051005000189,HIDCL,55,57,100,178.00,17800.00
13815,13816,2023051005000188,HIDCL,44,57,50,178.00,8900.00
13816,13817,2023051005000187,HIDCL,8,57,100,178.00,17800.00
13817,13818,2023051005000186,HIDCL,45,57,1000,178.00,178000.00
13818,13819,2023051005000185,HIDCL,10,57,100,178.00,17800.00
13819,13820,2023051005000184,HIDCL,57,57,100,178.00,17800.00
13820,13821,2023051005000183,HIDCL,8,57,410,178.00,72980.00
13821,13822,2023051005000182,HIDCL,16,57,100,178.00,17800.00
13822,13823,2023051005000181,HIDCL,8,57,29,178.00,5162.00
13823,13824,2023051005000180,HIDCL,8,42,60,178.00,10680.00
13824,13825,2023051001001051,TAMOR,5,48,10,270.00,2700.00
13825,13826,2023051001001050,AVYAN,58,41,20,591.00,11820.00
13826,13827,2023051003000237,GRDBL,39,48,10,248.00,2480.00
13827,13828,2023051003000236,SWBBL,38,58,40,711.10,28444.00
13828,13829,2023051004000809,API,5,49,120,231.20,27744.00
13829,13830,2023051001001049,NMBD87/88,33,34,10,790.00,7900.00
13830,13831,2023051001001048,NABIL,13,8,39,592.10,23091.90
13831,13832,2023051001001047,NABIL,46,8,11,592.10,6513.10
13832,13833,2023051001001046,JBLB,34,29,12,1396.00,16752.00
13833,13834,2023051004000808,RIDI,58,14,50,278.00,13900.00
13834,13835,2023051003000235,ICFC,41,42,10,414.00,4140.00
13835,13836,2023051005000179,NRIC,43,35,278,680.10,189067.80
13836,13837,2023051005000178,NRIC,44,35,10,680.20,6802.00
13837,13838,2023051001001045,SMJC,45,49,10,243.20,2432.00
13838,13839,2023051005000177,NICSF,48,42,100,7.80,780.00
13839,13840,2023051001001044,GVL,17,58,10,390.00,3900.00
13840,13841,2023051004000807,UMHL,22,48,10,224.00,2240.00
13841,13842,2023051004000806,SHL,25,39,1000,263.00,263000.00
13842,13843,2023051001001043,ADBL,38,35,50,232.00,11600.00
13843,13844,2023051003000234,MNBBL,35,45,100,389.00,38900.00
13844,13845,2023051001001042,MAKAR,58,41,10,250.20,2502.00
13845,13846,2023051004000805,NHDL,56,38,10,365.00,3650.00
13846,13847,2023051001001041,SIKLES,6,35,10,400.00,4000.00
13847,13848,2023051004000804,UMHL,55,38,1500,225.00,337500.00
13848,13849,2023051005000176,NMB50,58,38,100,9.40,940.00
13849,13850,2023051005000175,HIDCL,8,17,34,178.00,6052.00
13850,13851,2023051001001040,MHCL,34,8,10,214.20,2142.00
13851,13852,2023051001001039,PPL,56,6,10,260.10,2601.00
13852,13853,2023051001001038,NBL,16,17,90,249.00,22410.00
13853,13854,2023051001001037,NBL,54,17,10,249.00,2490.00
13854,13855,2023051003000233,NADEP,25,35,10,509.90,5099.00
13855,13856,2023051003000232,CBBL,6,4,100,777.00,77700.00
13856,13857,2023051001001036,MAKAR,41,26,10,250.20,2502.00
13857,13858,2023051004000803,HDHPC,28,7,250,159.90,39975.00
13858,13859,2023051001001035,SPHL,58,35,10,368.10,3681.00
13859,13860,2023051004000802,HDHPC,59,7,1000,159.90,159900.00
13860,13861,2023051003000231,RMDC,43,44,20,666.10,13322.00
13861,13862,2023051004000801,HDHPC,57,7,50,159.90,7995.00
13862,13863,2023051004000800,HDHPC,6,7,20,159.90,3198.00
13863,13864,2023051001001034,NABIL,26,13,11,593.00,6523.00
13864,13865,2023051001001033,SPC,57,34,10,412.00,4120.00
13865,13866,2023051001001032,RFPL,18,55,10,245.50,2455.00
13866,13867,2023051001001031,BHL,34,58,10,282.00,2820.00
13867,13868,2023051004000799,NIL,42,32,45,730.00,32850.00
13868,13869,2023051004000798,AKJCL,58,14,600,204.10,122460.00
13869,13870,2023051004000797,AKJCL,57,14,470,204.20,95974.00
13870,13871,2023051004000796,AKJCL,8,14,50,205.00,10250.00
13871,13872,2023051001001030,HDL,8,29,15,1895.00,28425.00
13872,13873,2023051003000230,FMDBL,7,45,79,500.40,39531.60
13873,13874,2023051003000229,FMDBL,43,45,200,500.50,100100.00
13874,13875,2023051003000228,FMDBL,58,45,40,501.10,20044.00
13875,13876,2023051003000227,FMDBL,49,45,31,501.10,15534.10
13876,13877,2023051003000226,FMDBL,48,45,100,501.30,50130.00
13877,13878,2023051003000225,FMDBL,49,45,50,502.00,25100.00
13878,13879,2023051001001029,SMJC,32,58,10,243.30,2433.00
13879,13880,2023051004000795,SJCL,49,16,11,270.00,2970.00
13880,13881,2023051004000794,SJCL,17,16,200,270.10,54020.00
13881,13882,2023051004000793,SJCL,22,16,50,270.10,13505.00
13882,13883,2023051004000792,SJCL,43,16,140,271.00,37940.00
13883,13884,2023051001001028,MAKAR,41,32,10,250.20,2502.00
13884,13885,2023051005000174,MMF1,49,22,900,7.03,6327.00
13885,13886,2023051005000173,MMF1,7,22,800,7.03,5624.00
13886,13887,2023051005000172,MMF1,42,22,300,7.04,2112.00
13887,13888,2023051004000791,HDHPC,53,46,133,159.50,21213.50
13888,13889,2023051004000790,HDHPC,56,46,50,159.50,7975.00
13889,13890,2023051004000789,HDHPC,59,46,50,159.50,7975.00
13890,13891,2023051004000788,HDHPC,13,46,200,159.50,31900.00
13891,13892,2023051004000787,HDHPC,38,46,10,159.80,1598.00
13892,13893,2023051003000224,JBBL,42,58,10,257.00,2570.00
13893,13894,2023051001001027,NMBD87/88,33,34,10,821.90,8219.00
13894,13895,2023051004000786,NGPL,58,6,20,235.20,4704.00
13895,13896,2023051004000785,HDHPC,45,7,100,159.90,15990.00
13896,13897,2023051001001026,NICA,7,35,200,713.00,142600.00
13897,13898,2023051001001025,NICA,34,35,70,713.00,49910.00
13898,13899,2023051001001024,NICA,58,35,100,713.50,71350.00
13899,13900,2023051001001023,SPC,21,28,10,412.00,4120.00
13900,13901,2023051005000171,NIFRA,49,57,10,207.00,2070.00
13901,13902,2023051005000170,HIDCL,8,35,147,178.00,26166.00
13902,13903,2023051005000169,HIDCL,57,35,18,178.00,3204.00
13903,13904,2023051005000168,HIDCL,4,35,200,178.10,35620.00
13904,13905,2023051005000167,HIDCL,17,35,135,178.30,24070.50
13905,13906,2023051001001022,HDL,50,29,10,1896.00,18960.00
13906,13907,2023051004000784,HDHPC,33,39,200,159.80,31960.00
13907,13908,2023051001001021,SHIVM,41,8,500,400.00,200000.00
13908,13909,2023051004000783,AKPL,6,53,10,358.90,3589.00
13909,13910,2023051001001020,TAMOR,5,42,10,270.00,2700.00
13910,13911,2023051001001019,JBLB,55,48,50,1398.00,69900.00
13911,13912,2023051001001018,MAKAR,58,38,10,250.20,2502.00
13912,13913,2023051004000782,SGIC,39,49,10,435.00,4350.00
13913,13914,2023051001001017,GVL,17,58,10,390.00,3900.00
13914,13915,2023051005000166,SLCF,58,58,100,7.32,732.00
13915,13916,2023051001001016,MAKAR,34,42,10,250.20,2502.00
13916,13917,2023051001001015,SBL,52,50,10,249.50,2495.00
13917,13918,2023051001001014,SMJC,32,38,10,243.30,2433.00
13918,13919,2023051003000223,NLIC,42,38,10,652.00,6520.00
13919,13920,2023051001001013,GBIME,42,57,10,183.00,1830.00
13920,13921,2023051004000781,NHPC,34,35,70,201.80,14126.00
13921,13922,2023051001001012,ADBL,58,44,25,233.00,5825.00
13922,13923,2023051003000222,NUBL,21,38,10,529.00,5290.00
13923,13924,2023051004000780,HDHPC,17,7,500,159.90,79950.00
13924,13925,2023051004000779,SICL,42,17,70,720.00,50400.00
13925,13926,2023051003000221,CBBL,51,52,10,775.00,7750.00
13926,13927,2023051001001011,PRVU,33,6,44,165.00,7260.00
13927,13928,2023051001001010,PRVU,16,6,10,165.00,1650.00
13928,13929,2023051001001009,PRVU,25,6,71,165.00,11715.00
13929,13930,2023051001001008,MAKAR,34,52,10,250.20,2502.00
13930,13931,2023051001001007,SMJC,32,57,10,243.30,2433.00
13931,13932,2023051001001006,JALPA,34,7,10,1599.90,15999.00
13932,13933,2023051001001005,MHCL,34,4,10,214.20,2142.00
13933,13934,2023051004000778,LEC,41,38,10,245.00,2450.00
13934,13935,2023051004000777,LEC,41,42,106,243.00,25758.00
13935,13936,2023051001001004,NICA,42,26,60,714.90,42894.00
13936,13937,2023051001001003,NICA,42,17,10,714.90,7149.00
13937,13938,2023051004000776,SJCL,43,52,300,271.00,81300.00
13938,13939,2023051003000220,RSDC,16,34,150,471.00,70650.00
13939,13940,2023051003000219,RSDC,50,34,249,471.00,117279.00
13940,13941,2023051003000218,RSDC,14,34,25,471.10,11777.50
13941,13942,2023051001001002,SPC,50,49,10,407.50,4075.00
13942,13943,2023051001001001,MAKAR,34,42,10,250.20,2502.00
13943,13944,2023051001001000,PRVU,25,7,29,165.00,4785.00
13944,13945,2023051001000999,PRVU,40,7,47,165.00,7755.00
13945,13946,2023051001000998,PRVU,48,7,500,165.20,82600.00
13946,13947,2023051001000997,PRVU,59,7,157,165.20,25936.40
13947,13948,2023051001000996,PRVU,32,7,15,165.30,2479.50
13948,13949,2023051004000775,NHDL,57,38,10,366.20,3662.00
13949,13950,2023051001000995,NABIL,42,28,100,595.00,59500.00
13950,13951,2023051003000217,GBBL,20,22,38,350.20,13307.60
13951,13952,2023051001000994,KDL,21,8,10,712.00,7120.00
13952,13953,2023051001000993,NMBD87/88,33,13,10,805.80,8058.00
13953,13954,2023051005000165,CIT,17,1,200,2012.00,402400.00
13954,13955,2023051004000774,GLH,43,52,10,258.20,2582.00
13955,13956,2023051004000773,API,58,47,36,231.80,8344.80
13956,13957,2023051001000992,MAKAR,34,32,10,250.20,2502.00
13957,13958,2023051001000991,NABIL,47,28,10,595.00,5950.00
13958,13959,2023051001000990,SHIVM,16,8,10,400.00,4000.00
13959,13960,2023051001000989,PHCL,42,39,10,308.80,3088.00
13960,13961,2023051004000772,HDHPC,6,7,50,160.00,8000.00
13961,13962,2023051001000988,SIKLES,6,33,40,400.00,16000.00
13962,13963,2023051003000216,MLBL,56,6,10,297.10,2971.00
13963,13964,2023051003000215,MLBL,21,6,10,298.00,2980.00
13964,13965,2023051003000214,BFC,53,48,10,300.00,3000.00
13965,13966,2023051001000987,ADBL,58,17,20,233.00,4660.00
13966,13967,2023051001000986,SHIVM,25,8,100,400.00,40000.00
13967,13968,2023051001000985,SHIVM,25,8,100,400.00,40000.00
13968,13969,2023051001000984,SHIVM,13,8,100,400.00,40000.00
13969,13970,2023051001000983,SHIVM,50,8,30,400.00,12000.00
13970,13971,2023051001000982,SHIVM,58,8,30,400.00,12000.00
13971,13972,2023051001000981,SHIVM,48,8,700,400.00,280000.00
13972,13973,2023051001000980,SHIVM,58,8,1000,400.00,400000.00
13973,13974,2023051001000979,SHIVM,35,8,500,400.00,200000.00
13974,13975,2023051001000978,SHIVM,42,8,20,400.00,8000.00
13975,13976,2023051001000977,SHIVM,49,8,50,400.00,20000.00
13976,13977,2023051001000976,SHIVM,47,8,100,400.00,40000.00
13977,13978,2023051001000975,SHIVM,1,8,20,400.00,8000.00
13978,13979,2023051001000974,SHIVM,35,8,60,400.00,24000.00
13979,13980,2023051001000973,SHIVM,46,8,200,400.00,80000.00
13980,13981,2023051001000972,SHIVM,58,8,10,400.00,4000.00
13981,13982,2023051001000971,SHIVM,55,8,800,400.00,320000.00
13982,13983,2023051001000970,SHIVM,26,8,450,400.10,180045.00
13983,13984,2023051001000969,SHIVM,43,8,1000,400.10,400100.00
13984,13985,2023051001000968,SHIVM,58,8,25,400.20,10005.00
13985,13986,2023051001000967,SHIVM,22,8,40,401.00,16040.00
13986,13987,2023051001000966,SHIVM,7,8,10,401.00,4010.00
13987,13988,2023051001000965,SHIVM,22,8,62,402.00,24924.00
13988,13989,2023051001000964,SMJC,32,35,10,243.30,2433.00
13989,13990,2023051001000963,SPC,57,57,10,408.00,4080.00
13990,13991,2023051004000771,AKPL,29,44,1000,357.00,357000.00
13991,13992,2023051001000962,KBL,59,17,418,165.00,68970.00
13992,13993,2023051004000770,API,5,45,570,231.20,131784.00
13993,13994,2023051004000769,UMHL,55,49,1500,225.00,337500.00
13994,13995,2023051001000961,MAKAR,34,49,10,250.20,2502.00
13995,13996,2023051005000164,NEF,57,38,3500,8.50,29750.00
13996,13997,2023051004000768,NGPL,25,48,12,236.00,2832.00
13997,13998,2023051001000960,NABIL,26,25,85,593.00,50405.00
13998,13999,2023051001000959,NABIL,7,25,50,593.00,29650.00
13999,14000,2023051001000958,NABIL,44,25,22,593.00,13046.00
14000,14001,2023051001000957,NABIL,34,25,20,593.00,11860.00
14001,14002,2023051001000956,NABIL,22,25,16,593.00,9488.00
14002,14003,2023051001000955,NABIL,45,25,1000,593.00,593000.00
14003,14004,2023051001000954,NABIL,25,25,300,593.00,177900.00
14004,14005,2023051001000953,NABIL,44,25,50,594.00,29700.00
14005,14006,2023051001000952,NABIL,44,25,50,594.00,29700.00
14006,14007,2023051001000951,NABIL,34,25,11,594.00,6534.00
14007,14008,2023051001000950,NABIL,16,25,62,594.00,36828.00
14008,14009,2023051001000949,NABIL,35,25,16,594.50,9512.00
14009,14010,2023051004000767,RIDI,16,32,70,277.50,19425.00
14010,14011,2023051001000948,SMJC,32,32,10,243.30,2433.00
14011,14012,2023051005000163,HIDCL,17,52,65,178.30,11589.50
14012,14013,2023051005000162,CHDC,58,49,130,720.00,93600.00
14013,14014,2023051001000947,KBL,59,17,82,165.00,13530.00
14014,14015,2023051005000161,NIBSF2,29,57,100,7.20,720.00
14015,14016,2023051001000946,TAMOR,5,58,10,270.00,2700.00
14016,14017,2023051003000213,FMDBL,7,41,50,505.00,25250.00
14017,14018,2023051003000212,CBBL,22,45,10,775.00,7750.00
14018,14019,2023051003000211,CBBL,49,45,20,779.00,15580.00
14019,14020,2023051004000766,SPIL,44,44,5640,569.00,3209160.00
14020,14021,2023051003000210,KSBBL,22,26,45,295.00,13275.00
14021,14022,2023051001000945,MHL,36,38,10,321.00,3210.00
14022,14023,2023051001000944,MHL,36,34,10,321.00,3210.00
14023,14024,2023051001000943,MAKAR,34,32,10,250.20,2502.00
14024,14025,2023051001000942,GBIME,42,10,838,183.00,153354.00
14025,14026,2023051001000941,GBIME,44,10,162,183.00,29646.00
14026,14027,2023051001000940,KDL,21,47,30,710.00,21300.00
14027,14028,2023051001000939,MAKAR,34,16,10,250.20,2502.00
14028,14029,2023051001000938,GVL,17,49,10,390.00,3900.00
14029,14030,2023051003000209,ALICL,38,17,50,552.00,27600.00
14030,14031,2023051001000937,PRVU,32,41,55,165.30,9091.50
14031,14032,2023051004000765,SPIL,49,44,50,569.00,28450.00
14032,14033,2023051004000764,SPIL,33,44,300,570.00,171000.00
14033,14034,2023051004000763,SPIL,51,44,10,570.00,5700.00
14034,14035,2023051003000208,LICN,6,28,500,1260.00,630000.00
14035,14036,2023051003000207,LICN,19,28,10,1260.00,12600.00
14036,14037,2023051003000206,LICN,13,28,10,1260.00,12600.00
14037,14038,2023051003000205,LICN,14,28,50,1262.00,63100.00
14038,14039,2023051003000204,LICN,14,28,50,1263.00,63150.00
14039,14040,2023051005000160,NRN,7,49,10,435.00,4350.00
14040,14041,2023051003000203,ALICL,34,17,100,552.10,55210.00
14041,14042,2023051005000159,MMF1,42,49,500,7.04,3520.00
14042,14043,2023051001000936,MAKAR,54,52,10,251.00,2510.00
14043,14044,2023051001000935,SIKLES,6,58,10,400.00,4000.00
14044,14045,2023051001000934,NMBD87/88,33,13,10,790.00,7900.00
14045,14046,2023051001000933,PHCL,42,49,10,308.80,3088.00
14046,14047,2023051004000762,SJCL,43,49,1000,271.00,271000.00
14047,14048,2023051001000932,MHCL,34,6,10,214.20,2142.00
14048,14049,2023051001000931,HHL,34,58,10,251.00,2510.00
14049,14050,2023051004000761,LEC,41,42,10,243.00,2430.00
14050,14051,2023051004000760,NGPL,53,48,14,236.00,3304.00
14051,14052,2023051005000158,NIFRA,49,28,64,207.00,13248.00
14052,14053,2023051001000930,RHGCL,45,49,10,250.50,2505.00
14053,14054,2023051001000929,MHCL,34,29,10,214.20,2142.00
14054,14055,2023051001000928,TAMOR,5,51,10,270.00,2700.00
14055,14056,2023051001000927,MHCL,29,56,10,215.00,2150.00
14056,14057,2023051001000926,MHCL,29,58,10,215.00,2150.00
14057,14058,2023051001000925,MHCL,29,37,10,214.90,2149.00
14058,14059,2023051001000924,SHLB,35,35,50,1110.00,55500.00
14059,14060,2023051001000923,KDL,34,38,10,709.20,7092.00
14060,14061,2023051001000922,AHL,45,7,30,341.10,10233.00
14061,14062,2023051001000921,AHL,45,7,50,341.10,17055.00
14062,14063,2023051001000920,AHL,45,7,20,341.10,6822.00
14063,14064,2023051004000759,AKPL,6,53,10,358.90,3589.00
14064,14065,2023051005000157,NIFRA,49,52,54,207.00,11178.00
14065,14066,2023051005000156,NIFRA,49,41,270,207.00,55890.00
14066,14067,2023051001000919,PHCL,42,21,10,308.80,3088.00
14067,14068,2023051001000918,HHL,34,58,10,251.00,2510.00
14068,14069,2023051001000917,TAMOR,5,36,810,270.00,218700.00
14069,14070,2023051001000916,SHIVM,59,50,50,404.00,20200.00
14070,14071,2023051001000915,SHIVM,41,8,1000,403.00,403000.00
14071,14072,2023051001000914,SHIVM,53,8,89,403.00,35867.00
14072,14073,2023051001000913,SHIVM,26,8,450,403.10,181395.00
14073,14074,2023051004000758,RIDI,16,41,26,277.50,7215.00
14074,14075,2023051001000912,TAMOR,5,39,10,270.00,2700.00
14075,14076,2023051001000911,RHGCL,45,35,10,250.50,2505.00
14076,14077,2023051004000757,SSHL,45,45,250,196.00,49000.00
14077,14078,2023051005000155,NIFRA,49,59,300,207.00,62100.00
14078,14079,2023051005000154,NIFRA,58,59,126,207.00,26082.00
14079,14080,2023051005000153,NIFRA,44,59,100,207.00,20700.00
14080,14081,2023051005000152,NIFRA,42,59,30,207.00,6210.00
14081,14082,2023051005000151,NIFRA,49,59,100,207.00,20700.00
14082,14083,2023051005000150,NIFRA,42,59,524,207.00,108468.00
14083,14084,2023051004000756,UNHPL,18,49,25,202.60,5065.00
14084,14085,2023051001000910,KBL,53,17,918,165.00,151470.00
14085,14086,2023051004000755,NGPL,41,48,40,236.10,9444.00
14086,14087,2023051004000754,NGPL,6,48,100,236.10,23610.00
14087,14088,2023051004000753,NGPL,54,48,36,236.20,8503.20
14088,14089,2023051004000752,NGPL,52,48,400,236.30,94520.00
14089,14090,2023051004000751,NGPL,35,48,1000,236.40,236400.00
14090,14091,2023051005000149,NIFRA,42,49,64,207.00,13248.00
14091,14092,2023051001000909,SBL,50,17,975,249.00,242775.00
14092,14093,2023051003000202,CORBL,39,41,10,297.90,2979.00
14093,14094,2023051001000908,DORDI,32,58,10,262.00,2620.00
14094,14095,2023051001000907,KBL,53,17,82,165.00,13530.00
14095,14096,2023051001000906,SMJC,58,39,10,247.00,2470.00
14096,14097,2023051001000905,JALPA,34,7,10,1599.90,15999.00
14097,14098,2023051001000904,MBJC,21,16,80,281.50,22520.00
14098,14099,2023051001000903,MBJC,21,34,10,281.00,2810.00
14099,14100,2023051001000902,MBJC,21,38,10,280.00,2800.00
14100,14101,2023051001000901,MBJC,21,22,10,280.00,2800.00
14101,14102,2023051001000900,MBJC,21,35,10,280.00,2800.00
14102,14103,2023051001000899,MBJC,21,49,10,280.00,2800.00
14103,14104,2023051001000898,MBJC,21,49,10,279.00,2790.00
14104,14105,2023051001000897,MAKAR,54,18,10,251.00,2510.00
14105,14106,2023051004000750,HDHPC,34,39,100,160.00,16000.00
14106,14107,2023051004000749,HDHPC,7,45,100,160.00,16000.00
14107,14108,2023051001000896,KBL,59,41,20,164.50,3290.00
14108,14109,2023051003000201,MFIL,17,6,10,422.00,4220.00
14109,14110,2023051001000895,BHL,34,38,10,282.00,2820.00
14110,14111,2023051001000894,TAMOR,5,49,10,270.00,2700.00
14111,14112,2023051004000748,UIC,10,32,50,425.00,21250.00
14112,14113,2023051001000893,KDL,35,47,100,710.00,71000.00
14113,14114,2023051001000892,KDL,26,47,10,710.00,7100.00
14114,14115,2023051001000891,KDL,21,47,10,711.00,7110.00
14115,14116,2023051001000890,PHCL,42,39,10,308.80,3088.00
14116,14117,2023051003000200,NADEP,54,14,100,493.00,49300.00
14117,14118,2023051003000199,NADEP,49,14,20,498.00,9960.00
14118,14119,2023051001000889,SBL,49,17,15,249.00,3735.00
14119,14120,2023051001000888,NABIL,58,28,18,595.00,10710.00
14120,14121,2023051001000887,MAKAR,54,14,10,251.00,2510.00
14121,14122,2023051004000747,AKPL,48,57,17,356.50,6060.50
14122,14123,2023051004000746,CHCL,43,25,25,460.40,11510.00
14123,14124,2023051004000745,HDHPC,56,45,100,160.00,16000.00
14124,14125,2023051001000886,ADBL,58,41,55,233.00,12815.00
14125,14126,2023051004000744,AKPL,6,51,10,359.00,3590.00
14126,14127,2023051001000885,MHL,42,38,10,326.60,3266.00
14127,14128,2023051004000743,AKPL,48,29,60,356.50,21390.00
14128,14129,2023051005000148,CIT,52,38,10,2013.00,20130.00
14129,14130,2023051001000884,MHCL,34,29,10,214.20,2142.00
14130,14131,2023051004000742,SICL,49,17,100,711.00,71100.00
14131,14132,2023051005000147,NIFRA,42,39,64,207.00,13248.00
14132,14133,2023051001000883,NMB,28,28,2,228.40,456.80
14133,14134,2023051005000146,NICBF,43,58,140,8.36,1170.40
14134,14135,2023051001000882,SMJC,22,58,10,245.00,2450.00
14135,14136,2023051004000741,AHPC,21,58,100,280.00,28000.00
14136,14137,2023051004000740,SHL,25,35,180,263.00,47340.00
14137,14138,2023051003000198,NICLBSL,54,38,10,538.00,5380.00
14138,14139,2023051003000197,CBBL,55,45,43,777.00,33411.00
14139,14140,2023051005000145,NIFRA,32,41,54,207.10,11183.40
14140,14141,2023051004000739,RHPL,33,49,40,272.10,10884.00
14141,14142,2023051004000738,HDHPC,6,45,10,160.00,1600.00
14142,14143,2023051004000737,HDHPC,58,45,10,160.00,1600.00
14143,14144,2023051004000736,HDHPC,40,45,200,160.00,32000.00
14144,14145,2023051004000735,HDHPC,45,45,100,160.00,16000.00
14145,14146,2023051004000734,HDHPC,1,45,30,160.00,4800.00
14146,14147,2023051004000733,HDHPC,19,45,450,160.10,72045.00
14147,14148,2023051001000881,HDL,34,38,15,1897.00,28455.00
14148,14149,2023051001000880,SHIVM,17,50,105,404.00,42420.00
14149,14150,2023051001000879,SHIVM,17,17,30,404.00,12120.00
14150,14151,2023051001000878,SHIVM,17,51,165,403.90,66643.50
14151,14152,2023051001000877,BHL,34,49,10,282.00,2820.00
14152,14153,2023051001000876,KBL,59,17,900,165.00,148500.00
14153,14154,2023051005000144,NICFC,51,36,200,7.81,1562.00
14154,14155,2023051005000143,NICFC,51,42,100,7.80,780.00
14155,14156,2023051005000142,NICFC,51,58,100,7.80,780.00
14156,14157,2023051005000141,NICFC,51,58,100,7.70,770.00
14157,14158,2023051001000875,SMJC,58,54,10,245.00,2450.00
14158,14159,2023051001000874,MAKAR,54,46,10,251.00,2510.00
14159,14160,2023051001000873,NMBD87/88,33,13,10,775.20,7752.00
14160,14161,2023051001000872,SMJC,29,58,10,243.20,2432.00
14161,14162,2023051001000871,RHGCL,45,49,10,250.50,2505.00
14162,14163,2023051005000140,HIDCL,35,57,50,179.00,8950.00
14163,14164,2023051004000732,AKPL,29,44,1000,357.00,357000.00
14164,14165,2023051001000870,KBL,57,17,18,165.00,2970.00
14165,14166,2023051001000869,MAKAR,54,49,10,251.00,2510.00
14166,14167,2023051001000868,NIMB,14,25,100,180.00,18000.00
14167,14168,2023051001000867,MHCL,34,11,10,214.20,2142.00
14168,14169,2023051001000866,JALPA,10,42,11,1590.30,17493.30
14169,14170,2023051004000731,HDHPC,19,34,50,160.10,8005.00
14170,14171,2023051005000139,NEF,57,49,207,8.50,1759.50
14171,14172,2023051005000138,NEF,46,49,276,8.55,2359.80
14172,14173,2023051001000865,NMB,28,50,10,233.00,2330.00
14173,14174,2023051005000137,NTC,45,45,80,799.00,63920.00
14174,14175,2023051005000136,NTC,38,45,15,799.00,11985.00
14175,14176,2023051004000730,UPCL,7,58,1000,225.00,225000.00
14176,14177,2023051004000729,UPCL,7,6,18,225.00,4050.00
14177,14178,2023051004000728,RHPL,41,14,130,275.30,35789.00
14178,14179,2023051001000864,SMJC,29,55,40,243.20,9728.00
14179,14180,2023051005000135,LUK,49,49,100,8.15,815.00
14180,14181,2023051001000863,ADBL,55,57,20,234.00,4680.00
14181,14182,2023051004000727,HDHPC,1,51,30,160.00,4800.00
14182,14183,2023051001000862,SMJC,54,5,10,244.00,2440.00
14183,14184,2023051001000861,PHCL,42,44,10,308.80,3088.00
14184,14185,2023051001000860,MHCL,34,49,10,214.20,2142.00
14185,14186,2023051001000859,UHEWA,13,57,10,367.10,3671.00
14186,14187,2023051003000196,GBBL,20,40,13,350.10,4551.30
14187,14188,2023051005000134,NMBHF1,28,49,2080,9.77,20321.60
14188,14189,2023051001000858,TAMOR,5,39,10,270.00,2700.00
14189,14190,2023051001000857,TAMOR,5,51,10,270.00,2700.00
14190,14191,2023051003000195,MPFL,47,6,10,308.90,3089.00
14191,14192,2023051001000856,MAKAR,34,58,10,250.20,2502.00
14192,14193,2023051004000726,API,5,25,52,231.20,12022.40
14193,14194,2023051004000725,API,22,25,23,231.20,5317.60
14194,14195,2023051001000855,SMHL,36,39,10,384.10,3841.00
14195,14196,2023051001000854,MAKAR,34,52,10,250.20,2502.00
14196,14197,2023051001000853,SHIVM,49,51,10,403.50,4035.00
14197,14198,2023051001000852,TAMOR,5,5,10,270.00,2700.00
14198,14199,2023051001000851,SMJC,54,29,10,244.00,2440.00
14199,14200,2023051004000724,GHL,38,34,10,218.80,2188.00
14200,14201,2023051001000850,JALPA,39,29,13,1590.00,20670.00
14201,14202,2023051004000723,SHL,14,49,217,259.00,56203.00
14202,14203,2023051001000849,JALPA,49,29,15,1590.00,23850.00
14203,14204,2023051001000848,JALPA,49,29,22,1590.00,34980.00
14204,14205,2023051001000847,SHIVM,44,44,5000,403.90,2019500.00
14205,14206,2023051001000846,SMHL,36,29,10,384.20,3842.00
14206,14207,2023051004000722,RURU,49,44,10,712.00,7120.00
14207,14208,2023051001000845,MAKAR,34,6,10,250.20,2502.00
14208,14209,2023051004000721,HDHPC,1,39,100,160.00,16000.00
14209,14210,2023051001000844,TAMOR,5,5,10,270.00,2700.00
14210,14211,2023051003000194,NLIC,38,17,200,651.00,130200.00
14211,14212,2023051003000193,NLIC,22,17,47,651.00,30597.00
14212,14213,2023051001000843,TAMOR,5,51,10,270.00,2700.00
14213,14214,2023051004000720,HDHPC,1,35,40,160.00,6400.00
14214,14215,2023051004000719,HDHPC,6,35,10,160.00,1600.00
14215,14216,2023051004000718,HDHPC,6,35,10,160.00,1600.00
14216,14217,2023051004000717,HDHPC,57,35,20,160.00,3200.00
14217,14218,2023051004000716,HDHPC,57,35,30,160.00,4800.00
14218,14219,2023051004000715,HDHPC,57,35,10,160.00,1600.00
14219,14220,2023051004000714,HDHPC,58,35,31,160.00,4960.00
14220,14221,2023051004000713,HDHPC,34,35,500,160.00,80000.00
14221,14222,2023051004000712,HDHPC,44,35,350,160.00,56000.00
14222,14223,2023051004000711,HDHPC,41,35,30,160.00,4800.00
14223,14224,2023051004000710,HDHPC,32,35,100,160.00,16000.00
14224,14225,2023051004000709,HDHPC,41,35,30,160.00,4800.00
14225,14226,2023051004000708,HDHPC,49,35,29,160.00,4640.00
14226,14227,2023051003000192,NFS,55,50,60,265.00,15900.00
14227,14228,2023051003000191,NFS,52,50,40,265.00,10600.00
14228,14229,2023051004000707,HDHPC,49,49,100,160.00,16000.00
14229,14230,2023051003000190,NLIC,56,17,100,651.10,65110.00
14230,14231,2023051001000842,SMJC,29,49,10,243.20,2432.00
14231,14232,2023051001000841,NIMB,28,28,1,176.40,176.40
14232,14233,2023051001000840,MAKAR,34,49,10,250.20,2502.00
14233,14234,2023051004000706,SHEL,40,14,290,276.20,80098.00
14234,14235,2023051001000839,KBL,57,25,12,165.00,1980.00
14235,14236,2023051001000838,TAMOR,5,58,10,270.00,2700.00
14236,14237,2023051004000705,HDHPC,49,22,41,160.00,6560.00
14237,14238,2023051004000704,HDHPC,21,22,159,160.00,25440.00
14238,14239,2023051004000703,NHPC,35,34,20,205.00,4100.00
14239,14240,2023051001000837,HBL,43,34,96,216.30,20764.80
14240,14241,2023051001000836,PPL,56,49,10,260.10,2601.00
14241,14242,2023051003000189,NLIC,56,17,400,651.10,260440.00
14242,14243,2023051003000188,NLIC,7,17,100,651.20,65120.00
14243,14244,2023051004000702,RIDI,54,14,200,278.00,55600.00
14244,14245,2023051004000701,SJCL,43,4,15,272.00,4080.00
14245,14246,2023051003000187,RSDC,58,8,10,475.00,4750.00
14246,14247,2023051003000186,RSDC,51,8,10,476.00,4760.00
14247,14248,2023051004000700,HDHPC,21,17,41,160.00,6560.00
14248,14249,2023051004000699,HDHPC,26,17,10,160.00,1600.00
14249,14250,2023051004000698,HDHPC,49,17,409,160.00,65440.00
14250,14251,2023051004000697,UNHPL,25,48,20,203.00,4060.00
14251,14252,2023051004000696,UNHPL,18,48,190,203.10,38589.00
14252,14253,2023051004000695,UNHPL,42,48,240,203.20,48768.00
14253,14254,2023051004000694,UNHPL,21,48,10,203.30,2033.00
14254,14255,2023051004000693,HDHPC,49,49,91,160.00,14560.00
14255,14256,2023051004000692,HDHPC,21,49,409,160.00,65440.00
14256,14257,2023051004000691,UNHPL,59,49,25,204.00,5100.00
14257,14258,2023051001000835,PCBL,36,52,41,192.70,7900.70
14258,14259,2023051004000690,HDHPC,21,32,500,160.00,80000.00
14259,14260,2023051004000689,SGIC,3,10,55,435.00,23925.00
14260,14261,2023051001000834,MAKAR,34,40,10,250.20,2502.00
14261,14262,2023051001000833,NABIL,58,28,10,595.00,5950.00
14262,14263,2023051003000185,MPFL,47,6,10,302.90,3029.00
14263,14264,2023051001000832,SPC,57,34,10,407.20,4072.00
14264,14265,2023051001000831,KDL,21,32,10,711.00,7110.00
14265,14266,2023051001000830,MBJC,25,21,10,279.00,2790.00
14266,14267,2023051001000829,MBJC,25,58,10,279.00,2790.00
14267,14268,2023051004000688,SSHL,45,16,100,196.00,19600.00
14268,14269,2023051001000828,NABIL,47,28,150,595.00,89250.00
14269,14270,2023051001000827,NABIL,52,28,647,595.00,384965.00
14270,14271,2023051001000826,NABIL,52,19,175,595.00,104125.00
14271,14272,2023051001000825,HHL,34,6,10,251.00,2510.00
14272,14273,2023051001000824,MAKAR,34,58,10,250.20,2502.00
14273,14274,2023051003000184,LBBL,6,42,80,328.00,26240.00
14274,14275,2023051003000183,LBBL,48,42,20,329.00,6580.00
14275,14276,2023051005000133,KEF,47,38,100,7.90,790.00
14276,14277,2023051001000823,HDL,51,29,20,1896.00,37920.00
14277,14278,2023051004000687,HDHPC,35,35,10,160.10,1601.00
14278,14279,2023051001000822,NABIL,52,52,18,595.00,10710.00
14279,14280,2023051001000821,NABIL,52,52,286,595.00,170170.00
14280,14281,2023051001000820,SMJC,29,49,10,243.20,2432.00
14281,14282,2023051004000686,MEN,34,37,20,734.00,14680.00
14282,14283,2023051001000819,TAMOR,5,8,10,270.00,2700.00
14283,14284,2023051001000818,PRVU,14,25,13,165.40,2150.20
14284,14285,2023051001000817,SMHL,36,29,10,384.20,3842.00
14285,14286,2023051004000685,HDHPC,55,35,100,160.10,16010.00
14286,14287,2023051004000684,HDHPC,54,35,200,160.10,32020.00
14287,14288,2023051001000816,NBL,54,29,11,249.00,2739.00
14288,14289,2023051005000132,NSIF2,28,49,1000,8.13,8130.00
14289,14290,2023051005000131,NSIF2,28,49,100,8.12,812.00
14290,14291,2023051004000683,RADHI,16,34,20,236.00,4720.00
14291,14292,2023051001000815,SMJC,58,8,10,244.00,2440.00
14292,14293,2023051001000814,BHPL,25,38,555,428.00,237540.00
14293,14294,2023051001000813,BHPL,7,38,20,436.20,8724.00
14294,14295,2023051001000812,BHPL,58,38,50,436.30,21815.00
14295,14296,2023051001000811,PHCL,42,49,10,308.80,3088.00
14296,14297,2023051001000810,SANIMA,38,41,60,241.00,14460.00
14297,14298,2023051003000182,GBBL,40,42,17,351.00,5967.00
14298,14299,2023051004000682,PMHPL,6,39,50,215.70,10785.00
14299,14300,2023051004000681,HDHPC,21,48,891,160.00,142560.00
14300,14301,2023051004000680,HDHPC,45,48,100,160.00,16000.00
14301,14302,2023051004000679,HDHPC,11,48,500,160.00,80000.00
14302,14303,2023051004000678,HDHPC,16,48,300,160.00,48000.00
14303,14304,2023051004000677,HDHPC,53,48,80,160.00,12800.00
14304,14305,2023051004000676,HDHPC,58,48,25,160.00,4000.00
14305,14306,2023051004000675,HDHPC,49,48,25,160.00,4000.00
14306,14307,2023051004000674,HDHPC,17,48,100,160.00,16000.00
14307,14308,2023051004000673,HDHPC,49,48,1000,160.00,160000.00
14308,14309,2023051004000672,HDHPC,45,48,54,160.00,8640.00
14309,14310,2023051004000671,HDHPC,58,48,85,160.00,13600.00
14310,14311,2023051004000670,HDHPC,34,48,500,160.00,80000.00
14311,14312,2023051004000669,HDHPC,34,48,200,160.00,32000.00
14312,14313,2023051004000668,HDHPC,42,48,440,160.00,70400.00
14313,14314,2023051004000667,HDHPC,49,48,100,160.00,16000.00
14314,14315,2023051004000666,HDHPC,52,48,200,160.00,32000.00
14315,14316,2023051004000665,HDHPC,57,48,100,160.00,16000.00
14316,14317,2023051004000664,HDHPC,20,48,10,160.00,1600.00
14317,14318,2023051004000663,HDHPC,49,48,10,160.00,1600.00
14318,14319,2023051004000662,HDHPC,1,48,10,160.00,1600.00
14319,14320,2023051004000661,HDHPC,41,48,270,160.00,43200.00
14320,14321,2023051004000660,PMHPL,6,34,10,215.70,2157.00
14321,14322,2023051001000809,PHCL,42,35,10,308.80,3088.00
14322,14323,2023051004000659,SJCL,43,57,20,271.00,5420.00
14323,14324,2023051004000658,SSHL,45,38,50,196.00,9800.00
14324,14325,2023051001000808,MKHC,34,20,25,240.10,6002.50
14325,14326,2023051004000657,HDHPC,41,48,1730,160.00,276800.00
14326,14327,2023051004000656,HDHPC,29,48,170,160.00,27200.00
14327,14328,2023051004000655,HDHPC,45,48,500,160.10,80050.00
14328,14329,2023051004000654,HDHPC,35,48,50,160.10,8005.00
14329,14330,2023051004000653,HDHPC,49,48,1200,160.10,192120.00
14330,14331,2023051004000652,HDHPC,28,48,1000,160.10,160100.00
14331,14332,2023051001000807,MBJC,25,52,10,278.00,2780.00
14332,14333,2023051001000806,MBJC,25,20,10,278.00,2780.00
14333,14334,2023051001000805,MBJC,25,11,10,278.00,2780.00
14334,14335,2023051001000804,RHGCL,45,45,10,250.50,2505.00
14335,14336,2023051001000803,NIMB,14,25,29,180.00,5220.00
14336,14337,2023051004000651,API,22,41,10,231.20,2312.00
14337,14338,2023051001000802,HBL,28,28,6,211.90,1271.40
14338,14339,2023051005000130,HIDCL,37,54,200,180.00,36000.00
14339,14340,2023051003000181,FOWAD,55,8,10,1190.00,11900.00
14340,14341,2023051003000180,FOWAD,21,8,10,1191.00,11910.00
14341,14342,2023051003000179,FOWAD,57,8,19,1193.00,22667.00
14342,14343,2023051001000801,SMHL,36,47,10,384.20,3842.00
14343,14344,2023051004000650,HURJA,13,58,100,255.00,25500.00
14344,14345,2023051004000649,HURJA,21,58,10,255.00,2550.00
14345,14346,2023051004000648,SJCL,43,14,20,271.00,5420.00
14346,14347,2023051001000800,MKHC,56,20,50,240.20,12010.00
14347,14348,2023051001000799,MAKAR,41,35,10,251.00,2510.00
14348,14349,2023051001000798,MAKAR,41,58,10,251.00,2510.00
14349,14350,2023051004000647,SHPC,1,44,255,328.80,83844.00
14350,14351,2023051001000797,SANIMA,38,50,387,241.00,93267.00
14351,14352,2023051001000796,SANIMA,49,50,100,241.10,24110.00
14352,14353,2023051001000795,SANIMA,42,50,13,242.00,3146.00
14353,14354,2023051001000794,SIKLES,6,33,100,400.00,40000.00
14354,14355,2023051004000646,HDHPC,53,57,400,160.20,64080.00
14355,14356,2023051004000645,HDHPC,16,57,147,160.20,23549.40
14356,14357,2023051004000644,SJCL,43,49,20,271.00,5420.00
14357,14358,2023051001000793,AHL,45,57,10,341.10,3411.00
14358,14359,2023051001000792,SHIVM,53,58,411,403.00,165633.00
14359,14360,2023051001000791,SHIVM,49,58,289,403.10,116495.90
14360,14361,2023051001000790,EBL,8,57,22,528.10,11618.20
14361,14362,2023051001000789,ULBSL,22,42,10,1300.00,13000.00
14362,14363,2023051001000788,MAKAR,58,1,10,250.30,2503.00
14363,14364,2023051001000787,KDL,33,45,10,711.00,7110.00
14364,14365,2023051005000129,NIFRA,42,39,64,207.00,13248.00
14365,14366,2023051005000128,NBF2,21,49,2500,8.25,20625.00
14366,14367,2023051001000786,PHCL,42,57,10,308.80,3088.00
14367,14368,2023051001000785,HDL,51,29,50,1896.00,94800.00
14368,14369,2023051001000784,GBIME,28,28,6,179.40,1076.40
14369,14370,2023051001000783,HBL,1,34,65,216.20,14053.00
14370,14371,2023051001000782,HBL,43,34,100,216.30,21630.00
14371,14372,2023051001000781,HBL,16,34,25,216.60,5415.00
14372,14373,2023051001000780,HBL,38,34,10,217.00,2170.00
14373,14374,2023051005000127,NIFRA,42,48,34,207.00,7038.00
14374,14375,2023051001000779,PHCL,42,58,10,308.80,3088.00
14375,14376,2023051001000778,TAMOR,5,55,10,270.00,2700.00
14376,14377,2023051003000178,SJLIC,26,11,10,415.00,4150.00
14377,14378,2023051004000643,GHL,34,21,90,219.10,19719.00
14378,14379,2023051001000777,SIKLES,6,42,190,400.00,76000.00
14379,14380,2023051001000776,SIKLES,3,42,10,400.10,4001.00
14380,14381,2023051001000775,MBJC,22,17,10,277.00,2770.00
14381,14382,2023051004000642,RIDI,36,14,50,278.00,13900.00
14382,14383,2023051004000641,RIDI,43,14,29,278.00,8062.00
14383,14384,2023051004000640,RIDI,53,14,20,279.00,5580.00
14384,14385,2023051004000639,RIDI,49,14,20,279.00,5580.00
14385,14386,2023051001000774,SHIVM,17,49,50,403.50,20175.00
14386,14387,2023051001000773,MKHC,50,29,10,241.00,2410.00
14387,14388,2023051004000638,API,22,7,17,231.20,3930.40
14388,14389,2023051001000772,GVL,17,35,10,390.00,3900.00
14389,14390,2023051004000637,RURU,3,44,10,712.00,7120.00
14390,14391,2023051004000636,API,7,44,70,232.00,16240.00
14391,14392,2023051004000635,HDHPC,45,52,100,161.00,16100.00
14392,14393,2023051004000634,HDHPC,17,52,850,161.00,136850.00
14393,14394,2023051001000771,SIKLES,3,33,20,400.10,8002.00
14394,14395,2023051001000770,SMH,42,58,10,527.00,5270.00
14395,14396,2023051004000633,HDHPC,17,33,400,161.00,64400.00
14396,14397,2023051004000632,HDHPC,45,17,50,161.90,8095.00
14397,14398,2023051004000631,HDHPC,45,32,50,161.90,8095.00
14398,14399,2023051001000769,MHCL,36,29,10,214.30,2143.00
14399,14400,2023051004000630,CHCL,18,59,200,460.50,92100.00
14400,14401,2023051001000768,SCB,58,26,25,526.90,13172.50
14401,14402,2023051005000126,CIT,29,6,10,2012.20,20122.00
14402,14403,2023051003000177,SHINE,49,49,500,317.30,158650.00
14403,14404,2023051001000767,HHL,28,29,10,251.10,2511.00
14404,14405,2023051001000766,HDL,14,34,20,1897.00,37940.00
14405,14406,2023051003000176,GRDBL,39,52,11,249.50,2744.50
14406,14407,2023051001000765,TAMOR,38,58,10,271.00,2710.00
14407,14408,2023051004000629,SGIC,3,6,10,435.00,4350.00
14408,14409,2023051001000764,SHIVM,49,58,30,404.00,12120.00
14409,14410,2023051001000763,GBIME,44,58,73,183.00,13359.00
14410,14411,2023051001000762,GBIME,11,58,20,183.00,3660.00
14411,14412,2023051001000761,PHCL,42,49,10,308.80,3088.00
14412,14413,2023051001000760,BHL,34,29,10,282.00,2820.00
14413,14414,2023051004000628,SGIC,3,49,10,435.00,4350.00
14414,14415,2023051005000125,MMF1,42,42,100,7.04,704.00
14415,14416,2023051005000124,NIFRA,42,57,54,207.00,11178.00
14416,14417,2023051001000759,SAHAS,49,58,10,487.10,4871.00
14417,14418,2023051005000123,NRIC,42,17,20,683.00,13660.00
14418,14419,2023051005000122,CHDC,17,52,10,720.00,7200.00
14419,14420,2023051005000121,SEF,55,38,2000,7.98,15960.00
14420,14421,2023051001000758,SHIVM,17,4,50,403.50,20175.00
14421,14422,2023051005000120,NEF,46,49,724,8.55,6190.20
14422,14423,2023051001000757,TAMOR,38,6,10,271.00,2710.00
14423,14424,2023051001000756,NABIL,21,6,10,596.00,5960.00
14424,14425,2023051003000175,NLIC,21,17,10,653.00,6530.00
14425,14426,2023051004000627,SHL,17,6,210,258.40,54264.00
14426,14427,2023051003000174,CBBL,38,45,10,777.00,7770.00
14427,14428,2023051003000173,CBBL,55,45,10,777.00,7770.00
14428,14429,2023051004000626,PMHPL,6,34,10,220.10,2201.00
14429,14430,2023051001000755,NABIL,52,38,10,595.00,5950.00
14430,14431,2023051001000754,UHEWA,13,58,10,367.10,3671.00
14431,14432,2023051003000172,NADEP,49,35,50,501.40,25070.00
14432,14433,2023051003000171,NADEP,7,35,50,501.60,25080.00
14433,14434,2023051003000170,NADEP,54,35,100,502.00,50200.00
14434,14435,2023051003000169,NADEP,7,35,20,504.00,10080.00
14435,14436,2023051003000168,NADEP,54,35,10,505.00,5050.00
14436,14437,2023051001000753,TAMOR,38,39,10,271.00,2710.00
14437,14438,2023051005000119,NIFRA,42,17,954,207.00,197478.00
14438,14439,2023051003000167,GFCL,49,34,20,422.00,8440.00
14439,14440,2023051005000118,MMF1,42,49,100,7.04,704.00
14440,14441,2023051001000752,NABIL,52,38,544,595.00,323680.00
14441,14442,2023051003000166,CBBL,57,45,10,778.00,7780.00
14442,14443,2023051001000751,SMHL,36,57,10,384.20,3842.00
14443,14444,2023051005000117,NIFRA,49,48,20,208.00,4160.00
14444,14445,2023051001000750,GVL,17,58,10,390.00,3900.00
14445,14446,2023051001000749,HHL,28,58,10,251.10,2511.00
14446,14447,2023051005000116,LEMF,41,36,1000,8.04,8040.00
14447,14448,2023051001000748,KDL,21,54,10,715.00,7150.00
14448,14449,2023051001000747,SAHAS,49,49,10,487.10,4871.00
14449,14450,2023051004000625,UIC,55,6,90,420.20,37818.00
14450,14451,2023051001000746,SBI,33,49,60,330.00,19800.00
14451,14452,2023051001000745,SBI,33,56,40,330.00,13200.00
14452,14453,2023051003000165,CORBL,39,34,10,303.30,3033.00
14453,14454,2023051004000624,AKPL,6,51,10,359.00,3590.00
14454,14455,2023051004000623,SHL,25,35,320,263.00,84160.00
14455,14456,2023051004000622,SHL,25,39,180,262.90,47322.00
14456,14457,2023051004000621,HDHPC,16,38,53,160.20,8490.60
14457,14458,2023051004000620,HDHPC,21,38,67,160.20,10733.40
14458,14459,2023051004000619,HDHPC,45,38,20,160.20,3204.00
14459,14460,2023051004000618,HDHPC,58,38,10,160.30,1603.00
14460,14461,2023051004000617,HDHPC,38,1,1000,162.00,162000.00
14461,14462,2023051005000115,NTC,21,17,10,800.00,8000.00
14462,14463,2023051004000616,SHPC,1,58,50,328.80,16440.00
14463,14464,2023051004000615,HDHPC,16,33,10,161.00,1610.00
14464,14465,2023051001000744,USHEC,26,49,30,290.00,8700.00
14465,14466,2023051001000743,NIMB,14,53,84,180.00,15120.00
14466,14467,2023051001000742,NIMB,54,53,50,180.00,9000.00
14467,14468,2023051001000741,NIMB,34,53,100,180.00,18000.00
14468,14469,2023051001000740,NIMB,47,53,100,180.00,18000.00
14469,14470,2023051001000739,NIMB,49,53,10,180.00,1800.00
14470,14471,2023051001000738,NIMB,37,53,500,180.00,90000.00
14471,14472,2023051001000737,NIMB,17,53,300,180.00,54000.00
14472,14473,2023051001000736,NIMB,58,53,95,180.00,17100.00
14473,14474,2023051001000735,NIMB,55,53,222,180.10,39982.20
14474,14475,2023051005000114,LEMF,38,36,2000,8.05,16100.00
14475,14476,2023051005000113,LEMF,49,36,400,8.05,3220.00
14476,14477,2023051004000614,HDHPC,51,1,460,162.00,74520.00
14477,14478,2023051004000613,HDHPC,51,25,200,162.00,32400.00
14478,14479,2023051004000612,HDHPC,51,46,40,161.90,6476.00
14479,14480,2023051001000734,SPHL,58,49,10,368.10,3681.00
14480,14481,2023051001000733,GVL,17,52,10,390.00,3900.00
14481,14482,2023051001000732,MBJC,22,52,10,277.00,2770.00
14482,14483,2023051001000731,MHCL,36,34,10,214.30,2143.00
14483,14484,2023051001000730,TAMOR,38,45,10,271.00,2710.00
14484,14485,2023051001000729,SMJC,58,41,20,245.00,4900.00
14485,14486,2023051004000611,UIC,20,6,10,422.00,4220.00
14486,14487,2023051001000728,MAKAR,58,35,10,251.00,2510.00
14487,14488,2023051001000727,GVL,17,58,10,390.00,3900.00
14488,14489,2023051004000610,SSHL,45,58,100,196.00,19600.00
14489,14490,2023051004000609,DHPL,41,45,200,202.00,40400.00
14490,14491,2023051001000726,TAMOR,38,49,10,271.00,2710.00
14491,14492,2023051003000164,BFC,36,38,55,300.00,16500.00
14492,14493,2023051001000725,KDL,33,34,10,711.00,7110.00
14493,14494,2023051001000724,NMB,25,34,10,232.00,2320.00
14494,14495,2023051001000723,SMJC,58,55,10,245.00,2450.00
14495,14496,2023051005000112,RMF1,45,57,100,7.40,740.00
14496,14497,2023051001000722,KDL,33,57,10,711.00,7110.00
14497,14498,2023051003000163,NUBL,49,17,48,528.00,25344.00
14498,14499,2023051003000162,NUBL,21,17,10,529.00,5290.00
14499,14500,2023051004000608,AKPL,32,48,20,355.00,7100.00
14500,14501,2023051004000607,AKPL,25,48,100,355.00,35500.00
14501,14502,2023051004000606,AKPL,55,48,500,355.00,177500.00
14502,14503,2023051004000605,AKPL,45,48,100,355.00,35500.00
14503,14504,2023051004000604,AKPL,57,48,100,355.00,35500.00
14504,14505,2023051004000603,AKPL,55,48,200,355.00,71000.00
14505,14506,2023051004000602,AKPL,44,48,500,355.00,177500.00
14506,14507,2023051004000601,AKPL,53,48,250,355.10,88775.00
14507,14508,2023051004000600,AKPL,47,48,100,356.00,35600.00
14508,14509,2023051004000599,AKPL,38,48,50,356.00,17800.00
14509,14510,2023051004000598,AKPL,55,48,100,357.00,35700.00
14510,14511,2023051004000597,AKPL,55,48,100,357.20,35720.00
14511,14512,2023051004000596,AKPL,26,48,200,357.30,71460.00
14512,14513,2023051004000595,AKPL,34,48,30,358.00,10740.00
14513,14514,2023051004000594,AKPL,8,48,50,358.00,17900.00
14514,14515,2023051004000593,SGIC,3,10,225,435.00,97875.00
14515,14516,2023051004000592,SGIC,6,10,75,435.10,32632.50
14516,14517,2023051004000591,SHPC,41,50,183,325.40,59548.20
14517,14518,2023051004000590,SHPC,38,50,226,325.50,73563.00
14518,14519,2023051001000721,NIMB,55,58,150,180.10,27015.00
14519,14520,2023051001000720,SBI,59,29,300,327.00,98100.00
14520,14521,2023051001000719,SBI,38,29,100,327.10,32710.00
14521,14522,2023051001000718,SBI,56,29,100,327.20,32720.00
14522,14523,2023051003000161,NADEP,54,35,10,509.00,5090.00
14523,14524,2023051001000717,JALPA,57,49,30,1585.00,47550.00
14524,14525,2023051001000716,SIKLES,3,33,60,400.10,24006.00
14525,14526,2023051001000715,MAKAR,54,51,10,251.00,2510.00
14526,14527,2023051001000714,TAMOR,38,45,10,271.00,2710.00
14527,14528,2023051004000589,SGIC,6,49,10,435.10,4351.00
14528,14529,2023051001000713,SMJC,1,49,10,245.20,2452.00
14529,14530,2023051005000111,NTC,38,17,45,800.00,36000.00
14530,14531,2023051004000588,HDHPC,36,46,75,161.90,12142.50
14531,14532,2023051003000160,MLBL,28,28,1,294.00,294.00
14532,14533,2023051003000159,NADEP,54,43,10,510.00,5100.00
14533,14534,2023051004000587,HDHPC,42,49,20,161.00,3220.00
14534,14535,2023051004000586,HDHPC,42,57,380,161.00,61180.00
14535,14536,2023051001000712,MKHC,34,55,10,240.10,2401.00
14536,14537,2023051003000158,NLIC,7,17,184,651.90,119949.60
14537,14538,2023051003000157,NLIC,29,17,10,651.90,6519.00
14538,14539,2023051003000156,NLIC,8,17,200,652.00,130400.00
14539,14540,2023051001000711,MHCL,34,51,10,214.20,2142.00
14540,14541,2023051003000155,FMDBL,7,49,150,505.00,75750.00
14541,14542,2023051001000710,JALPA,21,26,20,1590.00,31800.00
14542,14543,2023051001000709,JALPA,26,26,100,1590.00,159000.00
14543,14544,2023051001000708,MHCL,36,49,10,214.30,2143.00
14544,14545,2023051001000707,SPL,19,38,10,512.00,5120.00
14545,14546,2023051004000585,HDHPC,26,57,50,161.00,8050.00
14546,14547,2023051004000584,HDHPC,49,57,250,161.00,40250.00
14547,14548,2023051004000583,HDHPC,58,57,20,161.10,3222.00
14548,14549,2023051004000582,AKPL,55,44,85,358.10,30438.50
14549,14550,2023051001000706,ADBL,45,21,10,234.50,2345.00
14550,14551,2023051005000110,NIFRA,58,49,56,208.00,11648.00
14551,14552,2023051005000109,NIFRA,58,58,44,208.00,9152.00
14552,14553,2023051004000581,SHPC,38,44,200,325.50,65100.00
14553,14554,2023051004000580,SGIC,6,58,20,435.10,8702.00
14554,14555,2023051005000108,NRN,22,17,10,436.10,4361.00
14555,14556,2023051004000579,API,48,38,26,232.00,6032.00
14556,14557,2023051004000578,API,57,38,20,232.00,4640.00
14557,14558,2023051001000705,MAKAR,54,58,10,251.00,2510.00
14558,14559,2023051001000704,MBJC,22,8,10,277.00,2770.00
14559,14560,2023051005000107,HIDCL,35,14,50,179.00,8950.00
14560,14561,2023051003000154,PLI,38,49,10,401.30,4013.00
14561,14562,2023051001000703,JALPA,33,26,20,1591.20,31824.00
14562,14563,2023051001000702,GBIME,57,16,10,184.50,1845.00
14563,14564,2023051001000701,GVL,17,38,10,390.00,3900.00
14564,14565,2023051004000577,PPCL,22,49,30,318.10,9543.00
14565,14566,2023051001000700,MAKAR,54,58,10,251.00,2510.00
14566,14567,2023051001000699,MAKAR,54,34,10,251.00,2510.00
14567,14568,2023051004000576,NGPL,37,58,50,237.00,11850.00
14568,14569,2023051004000575,SSHL,45,57,360,196.00,70560.00
14569,14570,2023051004000574,SSHL,16,57,50,196.00,9800.00
14570,14571,2023051004000573,SSHL,17,57,25,196.00,4900.00
14571,14572,2023051004000572,SSHL,34,57,65,196.10,12746.50
14572,14573,2023051001000698,MHCL,36,57,10,214.30,2143.00
14573,14574,2023051001000697,SAHAS,29,58,10,488.00,4880.00
14574,14575,2023051001000696,MKHC,34,20,30,240.10,7203.00
14575,14576,2023051001000695,MKHC,42,20,50,240.20,12010.00
14576,14577,2023051001000694,MKHC,53,20,20,240.30,4806.00
14577,14578,2023051001000693,MKHC,20,20,50,240.40,12020.00
14578,14579,2023051001000692,MKHC,56,20,50,240.50,12025.00
14579,14580,2023051001000691,HDL,58,7,50,1899.00,94950.00
14580,14581,2023051001000690,HDL,58,7,10,1899.00,18990.00
14581,14582,2023051001000689,SMHL,36,35,10,384.20,3842.00
14582,14583,2023051001000688,TAMOR,38,51,10,271.00,2710.00
14583,14584,2023051001000687,SHIVM,49,51,100,404.00,40400.00
14584,14585,2023051001000686,HDL,54,7,10,1900.00,19000.00
14585,14586,2023051005000106,NIFRA,34,58,10,208.00,2080.00
14586,14587,2023051005000105,NIFRA,34,38,10,208.00,2080.00
14587,14588,2023051003000153,NICLBSL,40,49,10,534.00,5340.00
14588,14589,2023051003000152,NICLBSL,40,17,10,534.00,5340.00
14589,14590,2023051004000571,SHPC,38,50,384,325.50,124992.00
14590,14591,2023051001000685,USHEC,26,26,50,292.90,14645.00
14591,14592,2023051004000570,AHPC,44,19,500,278.40,139200.00
14592,14593,2023051003000151,GFCL,49,34,25,422.00,10550.00
14593,14594,2023051003000150,GFCL,13,34,20,422.00,8440.00
14594,14595,2023051003000149,GFCL,18,34,570,422.00,240540.00
14595,14596,2023051003000148,GFCL,39,34,50,422.10,21105.00
14596,14597,2023051003000147,RLFL,47,32,35,285.00,9975.00
14597,14598,2023051001000684,KBL,16,17,10,166.00,1660.00
14598,14599,2023051001000683,MHCL,34,58,10,214.20,2142.00
14599,14600,2023051001000682,SIKLES,3,35,10,400.10,4001.00
14600,14601,2023051001000681,HDL,45,7,40,1900.00,76000.00
14601,14602,2023051004000569,GLH,43,50,10,258.20,2582.00
14602,14603,2023051001000680,MAKAR,54,58,10,251.00,2510.00
14603,14604,2023051005000104,NTC,57,17,124,800.00,99200.00
14604,14605,2023051001000679,SMJC,1,58,10,245.20,2452.00
14605,14606,2023051003000146,NUBL,4,58,10,529.00,5290.00
14606,14607,2023051001000678,SHLB,54,50,10,1130.00,11300.00
14607,14608,2023051001000677,SHIVM,16,51,25,404.00,10100.00
14608,14609,2023051001000676,MHCL,34,6,10,214.20,2142.00
14609,14610,2023051005000103,NIFRA,42,6,54,207.00,11178.00
14610,14611,2023051004000568,LEC,26,17,10,239.20,2392.00
14611,14612,2023051001000675,JALPA,10,51,11,1600.00,17600.00
14612,14613,2023051001000674,HDL,45,35,10,1900.00,19000.00
14613,14614,2023051001000673,EBL,8,51,23,528.10,12146.30
14614,14615,2023051001000672,HBL,14,34,42,218.00,9156.00
14615,14616,2023051001000671,HBL,7,34,205,218.00,44690.00
14616,14617,2023051004000567,HDHPC,49,46,50,161.00,8050.00
14617,14618,2023051004000566,HDHPC,49,46,85,161.90,13761.50
14618,14619,2023051005000102,NIFRA,42,58,11,207.00,2277.00
14619,14620,2023051005000101,NIFRA,22,58,10,207.10,2071.00
14620,14621,2023051004000565,HDHPC,49,49,200,161.00,32200.00
14621,14622,2023051003000145,MLBL,59,22,20,300.00,6000.00
14622,14623,2023051001000670,ULBSL,22,14,10,1300.00,13000.00
14623,14624,2023051004000564,SGIC,39,10,10,441.00,4410.00
14624,14625,2023051001000669,HDL,59,7,10,1900.00,19000.00
14625,14626,2023051005000100,SAGF,25,42,100,7.85,785.00
14626,14627,2023051004000563,RBCL,58,38,20,12600.00,252000.00
14627,14628,2023051001000668,BHDC,26,11,10,390.00,3900.00
14628,14629,2023051001000667,RHGCL,19,25,10,250.60,2506.00
14629,14630,2023051004000562,AKPL,56,11,85,358.50,30472.50
14630,14631,2023051005000099,CIT,52,47,74,2015.00,149110.00
14631,14632,2023051001000666,ADLB,53,42,20,1287.00,25740.00
14632,14633,2023051001000665,MHCL,34,42,10,214.20,2142.00
14633,14634,2023051001000664,TAMOR,38,51,10,271.00,2710.00
14634,14635,2023051003000144,FMDBL,7,41,50,505.00,25250.00
14635,14636,2023051001000663,NMB,14,48,45,233.00,10485.00
14636,14637,2023051004000561,SPDL,45,45,462,272.10,125710.20
14637,14638,2023051004000560,SPDL,22,45,55,272.20,14971.00
14638,14639,2023051001000662,MAKAR,34,58,10,250.20,2502.00
14639,14640,2023051003000143,GBLBS,10,17,15,432.00,6480.00
14640,14641,2023051003000142,DDBL,56,7,50,625.10,31255.00
14641,14642,2023051001000661,NABIL,16,51,38,594.00,22572.00
14642,14643,2023051001000660,SGHC,21,35,10,295.00,2950.00
14643,14644,2023051001000659,SGHC,21,58,10,290.00,2900.00
14644,14645,2023051003000141,FMDBL,35,41,100,508.50,50850.00
14645,14646,2023051003000140,NUBL,41,17,29,530.00,15370.00
14646,14647,2023051003000139,NUBL,45,17,10,530.00,5300.00
14647,14648,2023051003000138,NUBL,4,17,10,530.00,5300.00
14648,14649,2023051001000658,HHL,28,34,10,251.10,2511.00
14649,14650,2023051005000098,NTC,57,34,10,800.00,8000.00
14650,14651,2023051005000097,NTC,57,52,100,800.00,80000.00
14651,14652,2023051001000657,RHGCL,45,19,10,250.50,2505.00
14652,14653,2023051001000656,TAMOR,38,55,10,271.00,2710.00
14653,14654,2023051004000559,NGPL,48,58,40,237.00,9480.00
14654,14655,2023051001000655,SMHL,36,58,10,384.20,3842.00
14655,14656,2023051001000654,USHEC,26,58,10,290.00,2900.00
14656,14657,2023051001000653,SHIVM,49,29,1000,403.10,403100.00
14657,14658,2023051005000096,KDBY,29,34,100,7.91,791.00
14658,14659,2023051003000137,GBLBS,10,42,27,432.00,11664.00
14659,14660,2023051004000558,SICL,52,17,14,710.00,9940.00
14660,14661,2023051004000557,SICL,52,17,100,710.00,71000.00
14661,14662,2023051004000556,SICL,14,17,200,710.10,142020.00
14662,14663,2023051004000555,SICL,14,17,50,710.10,35505.00
14663,14664,2023051004000554,SICL,50,17,50,710.30,35515.00
14664,14665,2023051004000553,SICL,43,17,86,710.40,61094.40
14665,14666,2023051001000652,PHCL,42,19,10,308.80,3088.00
14666,14667,2023051001000651,SMHL,36,49,10,384.20,3842.00
14667,14668,2023051004000552,AKPL,58,11,15,358.50,5377.50
14668,14669,2023051004000551,AKJCL,57,17,20,204.20,4084.00
14669,14670,2023051001000650,MKHC,34,20,20,244.10,4882.00
14670,14671,2023051001000649,MKHC,34,20,30,244.10,7323.00
14671,14672,2023051001000648,MKHC,56,20,50,244.20,12210.00
14672,14673,2023051001000647,PHCL,42,21,10,308.80,3088.00
14673,14674,2023051005000095,NTC,57,17,150,799.90,119985.00
14674,14675,2023051005000094,NTC,57,17,50,799.90,39995.00
14675,14676,2023051001000646,MAKAR,34,19,10,250.20,2502.00
14676,14677,2023051001000645,NABIL,50,7,10,595.00,5950.00
14677,14678,2023051001000644,NABIL,57,7,20,595.00,11900.00
14678,14679,2023051001000643,NABIL,48,7,20,595.00,11900.00
14679,14680,2023051001000642,NABIL,55,7,90,595.00,53550.00
14680,14681,2023051004000550,API,57,59,15,232.00,3480.00
14681,14682,2023051004000549,API,21,59,15,232.00,3480.00
14682,14683,2023051004000548,SSHL,34,35,35,196.10,6863.50
14683,14684,2023051004000547,SSHL,57,35,50,196.10,9805.00
14684,14685,2023051003000136,SFCL,7,34,10,256.90,2569.00
14685,14686,2023051001000641,TAMOR,38,45,10,271.00,2710.00
14686,14687,2023051004000546,SPDL,22,34,445,272.20,121129.00
14687,14688,2023051004000545,SHL,45,36,295,260.00,76700.00
14688,14689,2023051004000544,NHPC,35,59,30,205.00,6150.00
14689,14690,2023051001000640,JBLB,45,38,28,1395.00,39060.00
14690,14691,2023051001000639,SMJC,43,36,10,245.10,2451.00
14691,14692,2023051001000638,SPC,43,16,10,415.00,4150.00
14692,14693,2023051003000135,KRBL,55,34,100,252.00,25200.00
14693,14694,2023051001000637,PHCL,42,49,10,308.80,3088.00
14694,14695,2023051004000543,AIL,54,17,10,398.00,3980.00
14695,14696,2023051001000636,SMHL,36,36,10,384.20,3842.00
14696,14697,2023051001000635,SHIVM,49,17,201,403.10,81023.10
14697,14698,2023051001000634,SHIVM,58,17,599,404.00,241996.00
14698,14699,2023051001000633,SHIVM,58,50,401,404.00,162004.00
14699,14700,2023051003000134,SINDU,32,34,10,240.20,2402.00
14700,14701,2023051001000632,SHIVM,49,1,10,403.10,4031.00
14701,14702,2023051005000093,NTC,56,42,90,799.00,71910.00
14702,14703,2023051003000133,NLIC,8,17,300,652.00,195600.00
14703,14704,2023051001000631,SMJC,43,49,10,245.10,2451.00
14704,14705,2023051001000630,MAKAR,54,14,10,251.00,2510.00
14705,14706,2023051003000132,NLIC,21,17,50,653.00,32650.00
14706,14707,2023051003000131,NLIC,56,17,14,653.00,9142.00
14707,14708,2023051003000130,NLIC,42,17,100,653.10,65310.00
14708,14709,2023051001000629,HHL,28,49,10,251.10,2511.00
14709,14710,2023051001000628,JALPA,42,40,19,1590.00,30210.00
14710,14711,2023051001000627,JALPA,13,40,10,1590.10,15901.00
14711,14712,2023051001000626,JALPA,13,40,10,1590.20,15902.00
14712,14713,2023051001000625,JALPA,13,40,10,1590.30,15903.00
14713,14714,2023051001000624,JALPA,20,40,55,1601.00,88055.00
14714,14715,2023051001000623,JALPA,38,40,10,1607.00,16070.00
14715,14716,2023051001000622,JALPA,13,40,10,1607.30,16073.00
14716,14717,2023051001000621,JALPA,41,40,26,1608.00,41808.00
14717,14718,2023051001000620,JALPA,41,40,10,1610.00,16100.00
14718,14719,2023051001000619,JALPA,37,40,20,1610.00,32200.00
14719,14720,2023051001000618,JALPA,13,40,10,1611.20,16112.00
14720,14721,2023051004000542,GHL,34,34,10,219.10,2191.00
14721,14722,2023051001000617,JALPA,13,41,10,1612.10,16121.00
14722,14723,2023051001000616,SAHAS,29,17,10,489.00,4890.00
14723,14724,2023051004000541,HDHPC,34,48,250,162.50,40625.00
14724,14725,2023051004000540,HDHPC,34,58,250,162.40,40600.00
14725,14726,2023051004000539,HDHPC,45,34,130,160.20,20826.00
14726,14727,2023051004000538,HDHPC,34,34,270,160.30,43281.00
14727,14728,2023051004000537,HDHPC,16,34,100,160.50,16050.00
14728,14729,2023051003000129,FMDBL,55,49,200,508.60,101720.00
14729,14730,2023051003000128,BFC,48,17,10,303.00,3030.00
14730,14731,2023051001000615,MHCL,34,34,10,214.20,2142.00
14731,14732,2023051001000614,NABIL,57,6,10,596.00,5960.00
14732,14733,2023051004000536,UPPER,52,4,48,411.00,19728.00
14733,14734,2023051004000535,UPPER,57,4,14,411.00,5754.00
14734,14735,2023051001000613,SANIMA,42,4,730,242.00,176660.00
14735,14736,2023051001000612,SHIVM,57,50,89,404.00,35956.00
14736,14737,2023051005000092,LUK,49,16,100,8.15,815.00
14737,14738,2023051004000534,CHCL,56,55,100,461.00,46100.00
14738,14739,2023051004000533,HDHPC,40,48,100,162.50,16250.00
14739,14740,2023051001000611,NABIL,55,58,10,595.00,5950.00
14740,14741,2023051001000610,NBL,49,14,100,249.90,24990.00
14741,14742,2023051003000127,NMFBS,45,25,10,1145.00,11450.00
14742,14743,2023051001000609,SANIMA,42,4,257,242.00,62194.00
14743,14744,2023051001000608,SANIMA,47,4,100,242.00,24200.00
14744,14745,2023051001000607,SANIMA,16,4,143,242.10,34620.30
14745,14746,2023051001000606,SANIMA,49,4,1500,242.50,363750.00
14746,14747,2023051001000605,MAKAR,46,13,10,251.50,2515.00
14747,14748,2023051001000604,MAKAR,54,32,10,251.00,2510.00
14748,14749,2023051001000603,AHL,45,58,10,341.10,3411.00
14749,14750,2023051001000602,TAMOR,38,34,10,271.00,2710.00
14750,14751,2023051001000601,MHCL,34,49,10,214.20,2142.00
14751,14752,2023051003000126,NUBL,17,17,50,531.00,26550.00
14752,14753,2023051001000600,SRBL,33,34,10,179.10,1791.00
14753,14754,2023051005000091,NIFRA,42,55,50,207.00,10350.00
14754,14755,2023051001000599,MKHC,33,34,10,244.30,2443.00
14755,14756,2023051004000532,AKPL,10,4,20,360.00,7200.00
14756,14757,2023051004000531,AKPL,48,4,500,360.00,180000.00
14757,14758,2023051004000530,AKPL,8,4,40,360.00,14400.00
14758,14759,2023051004000529,AKPL,59,4,100,360.00,36000.00
14759,14760,2023051004000528,AKPL,48,4,436,360.00,156960.00
14760,14761,2023051004000527,AKPL,17,4,200,360.10,72020.00
14761,14762,2023051003000125,NMFBS,53,25,100,1150.00,115000.00
14762,14763,2023051001000598,MAKAR,54,34,10,251.00,2510.00
14763,14764,2023051003000124,RSDC,17,29,16,482.00,7712.00
14764,14765,2023051001000597,MAKAR,54,58,10,251.00,2510.00
14765,14766,2023051004000526,UPPER,57,17,40,411.00,16440.00
14766,14767,2023051004000525,API,5,49,30,232.00,6960.00
14767,14768,2023051001000596,SPL,7,34,10,514.90,5149.00
14768,14769,2023051001000595,MAKAR,54,58,10,251.00,2510.00
14769,14770,2023051001000594,NABIL,55,56,30,595.00,17850.00
14770,14771,2023051001000593,KLBS,4,57,10,857.50,8575.00
14771,14772,2023051003000123,NICLBSL,40,49,10,534.00,5340.00
14772,14773,2023051001000592,NABIL,55,57,70,595.00,41650.00
14773,14774,2023051001000591,NABIL,41,57,50,595.00,29750.00
14774,14775,2023051001000590,MBJC,25,6,10,276.10,2761.00
14775,14776,2023051004000524,NHPC,35,35,50,205.00,10250.00
14776,14777,2023051001000589,BHPL,17,38,200,436.50,87300.00
14777,14778,2023051001000588,BHPL,58,38,10,437.00,4370.00
14778,14779,2023051001000587,JBLB,48,41,10,1400.00,14000.00
14779,14780,2023051001000586,JBLB,6,41,70,1400.00,98000.00
14780,14781,2023051001000585,ADBL,45,41,50,234.00,11700.00
14781,14782,2023051004000523,CHCL,28,55,100,461.00,46100.00
14782,14783,2023051001000584,SMJC,45,41,10,245.00,2450.00
14783,14784,2023051005000090,NIFRA,42,46,10,207.00,2070.00
14784,14785,2023051003000122,ALICL,16,17,100,553.00,55300.00
14785,14786,2023051001000583,JALPA,7,6,10,1613.20,16132.00
14786,14787,2023051001000582,MBJC,25,36,10,276.10,2761.00
14787,14788,2023051001000581,SMJC,45,55,10,245.00,2450.00
14788,14789,2023051005000089,CIT,22,47,35,2015.00,70525.00
14789,14790,2023051004000522,TRH,14,19,10,515.00,5150.00
14790,14791,2023051001000580,TAMOR,38,58,10,271.00,2710.00
14791,14792,2023051004000521,NHPC,56,14,200,205.90,41180.00
14792,14793,2023051001000579,SMJC,39,41,50,245.90,12295.00
14793,14794,2023051001000578,SMJC,58,41,90,245.90,22131.00
14794,14795,2023051001000577,RFPL,57,57,10,247.00,2470.00
14795,14796,2023051001000576,NIMB,55,53,10,180.10,1801.00
14796,14797,2023051001000575,SRBL,17,34,10,180.30,1803.00
14797,14798,2023051001000574,SRBL,3,34,11,180.40,1984.40
14798,14799,2023051001000573,EBL,52,49,10,530.00,5300.00
14799,14800,2023051001000572,SMHL,59,22,10,385.90,3859.00
14800,14801,2023051004000520,NHPC,56,54,100,205.90,20590.00
14801,14802,2023051001000571,SMJC,58,45,10,245.90,2459.00
14802,14803,2023051001000570,SGHC,14,16,10,285.00,2850.00
14803,14804,2023051001000569,ADBL,45,48,88,234.00,20592.00
14804,14805,2023051001000568,JALPA,38,26,15,1613.30,24199.50
14805,14806,2023051001000567,SMHL,36,55,10,384.20,3842.00
14806,14807,2023051001000566,NABIL,53,50,80,595.00,47600.00
14807,14808,2023051001000565,NABIL,32,50,40,595.00,23800.00
14808,14809,2023051001000564,NABIL,28,50,20,595.00,11900.00
14809,14810,2023051001000563,NABIL,47,50,40,595.10,23804.00
14810,14811,2023051001000562,NABIL,6,50,10,595.20,5952.00
14811,14812,2023051001000561,NABIL,6,50,300,595.50,178650.00
14812,14813,2023051001000560,NABIL,35,50,10,595.50,5955.00
14813,14814,2023051001000559,UNL,35,59,20,23815.00,476300.00
14814,14815,2023051004000519,HDHPC,49,53,50,162.90,8145.00
14815,14816,2023051004000518,HDHPC,49,39,300,162.90,48870.00
14816,14817,2023051004000517,HDHPC,49,45,500,162.90,81450.00
14817,14818,2023051004000516,HDHPC,49,49,150,162.80,24420.00
14818,14819,2023051005000088,HIDCL,33,54,500,180.00,90000.00
14819,14820,2023051001000558,TAMOR,38,17,10,271.00,2710.00
14820,14821,2023051001000557,GBIME,26,7,20,185.00,3700.00
14821,14822,2023051001000556,GBIME,26,8,190,185.00,35150.00
14822,14823,2023051001000555,GBIME,26,25,275,184.90,50847.50
14823,14824,2023051001000554,GBIME,26,59,30,184.90,5547.00
14824,14825,2023051001000553,GBIME,26,48,129,184.00,23736.00
14825,14826,2023051001000552,GBIME,26,16,356,183.50,65326.00
14826,14827,2023051001000551,NYADI,13,58,10,268.00,2680.00
14827,14828,2023051001000550,MHCL,34,55,10,214.20,2142.00
14828,14829,2023051004000515,MEN,34,41,500,734.00,367000.00
14829,14830,2023051003000121,MLBL,59,5,80,300.00,24000.00
14830,14831,2023051003000120,MLBL,17,5,20,300.00,6000.00
14831,14832,2023051001000549,MHCL,34,49,60,214.20,12852.00
14832,14833,2023051001000548,SMHL,36,45,10,384.20,3842.00
14833,14834,2023051001000547,KDL,13,58,10,710.00,7100.00
14834,14835,2023051001000546,SMHL,59,10,10,385.00,3850.00
14835,14836,2023051001000545,UNL,10,59,10,23816.00,238160.00
14836,14837,2023051001000544,SPL,7,36,10,514.90,5149.00
14837,14838,2023051001000543,NIMB,58,16,176,180.50,31768.00
14838,14839,2023051004000514,HDHPC,16,25,400,160.50,64200.00
14839,14840,2023051004000513,HDHPC,16,25,500,161.00,80500.00
14840,14841,2023051004000512,HDHPC,32,25,600,161.00,96600.00
14841,14842,2023051004000511,HDHPC,44,25,1000,161.00,161000.00
14842,14843,2023051001000542,SMJC,58,43,10,246.00,2460.00
14843,14844,2023051005000087,NIFRA,42,49,10,207.00,2070.00
14844,14845,2023051001000541,NIMB,58,53,100,181.00,18100.00
14845,14846,2023051001000540,JBLB,6,57,10,1400.00,14000.00
14846,14847,2023051005000086,NRIC,17,57,53,688.90,36511.70
14847,14848,2023051001000539,SMHL,59,52,10,385.00,3850.00
14848,14849,2023051001000538,RFPL,57,45,10,247.00,2470.00
14849,14850,2023051003000119,GBBL,40,50,10,351.00,3510.00
14850,14851,2023051004000510,NGPL,42,14,838,238.20,199611.60
14851,14852,2023051001000537,TAMOR,38,55,10,271.00,2710.00
14852,14853,2023051005000085,NIFRA,42,49,44,207.00,9108.00
14853,14854,2023051003000118,BFC,54,48,20,298.00,5960.00
14854,14855,2023051001000536,MKLB,41,49,10,611.00,6110.00
14855,14856,2023051001000535,KDL,38,45,10,715.00,7150.00
14856,14857,2023051001000534,KDL,38,43,10,715.00,7150.00
14857,14858,2023051001000533,TAMOR,33,18,10,272.10,2721.00
14858,14859,2023051005000084,MMF1,7,58,100,7.03,703.00
14859,14860,2023051001000532,GBIME,59,58,10,182.90,1829.00
14860,14861,2023051004000509,SICL,43,42,14,710.40,9945.60
14861,14862,2023051001000531,MKHC,33,16,10,244.30,2443.00
14862,14863,2023051001000530,PHCL,42,35,10,308.80,3088.00
14863,14864,2023051001000529,SMJC,38,6,10,247.10,2471.00
14864,14865,2023051004000508,HDHPC,51,58,500,162.00,81000.00
14865,14866,2023051001000528,SIKLES,6,38,10,400.00,4000.00
14866,14867,2023051004000507,HDHPC,34,5,30,160.30,4809.00
14867,14868,2023051001000527,RFPL,57,49,10,247.00,2470.00
14868,14869,2023051001000526,MHL,3,44,50,333.20,16660.00
14869,14870,2023051001000525,BHL,34,35,10,282.00,2820.00
14870,14871,2023051001000524,MAKAR,34,52,10,250.20,2502.00
14871,14872,2023051001000523,PHCL,42,45,10,308.80,3088.00
14872,14873,2023051004000506,API,5,21,224,232.00,51968.00
14873,14874,2023051004000505,API,54,21,50,232.00,11600.00
14874,14875,2023051004000504,API,8,21,226,232.00,52432.00
14875,14876,2023051001000522,PCBL,58,56,10,192.60,1926.00
14876,14877,2023051001000521,PCBL,18,56,10,193.00,1930.00
14877,14878,2023051001000520,PCBL,45,56,10,194.00,1940.00
14878,14879,2023051001000519,ADBL,59,21,80,234.50,18760.00
14879,14880,2023051001000518,DORDI,32,45,10,262.00,2620.00
14880,14881,2023051001000517,MAKAR,34,43,10,250.20,2502.00
14881,14882,2023051004000503,RIDI,43,45,11,278.00,3058.00
14882,14883,2023051004000502,HDHPC,34,49,295,161.00,47495.00
14883,14884,2023051005000083,NIFRA,42,58,54,207.00,11178.00
14884,14885,2023051001000516,NMB,14,48,75,233.00,17475.00
14885,14886,2023051004000501,API,56,45,30,233.40,7002.00
14886,14887,2023051001000515,NABIL,58,6,20,596.00,11920.00
14887,14888,2023051001000514,SANIMA,56,4,1000,243.00,243000.00
14888,14889,2023051001000513,SANIMA,49,4,150,243.00,36450.00
14889,14890,2023051001000512,SANIMA,45,4,120,243.00,29160.00
14890,14891,2023051001000511,NIMB,29,53,39,181.00,7059.00
14891,14892,2023051005000082,NIFRA,42,17,21,207.00,4347.00
14892,14893,2023051001000510,BHPL,58,45,10,437.00,4370.00
14893,14894,2023051001000509,HHL,28,58,10,253.00,2530.00
14894,14895,2023051003000117,GUFL,6,6,100,483.00,48300.00
14895,14896,2023051001000508,RHGCL,25,6,10,250.40,2504.00
14896,14897,2023051001000507,PHCL,42,58,10,308.80,3088.00
14897,14898,2023051001000506,TAMOR,1,36,190,272.20,51718.00
14898,14899,2023051001000505,KDL,34,18,10,711.00,7110.00
14899,14900,2023051001000504,NYADI,13,45,10,268.00,2680.00
14900,14901,2023051004000500,NGPL,42,42,162,238.20,38588.40
14901,14902,2023051001000503,JBLB,52,4,13,1400.00,18200.00
14902,14903,2023051004000499,HDHPC,22,49,50,161.00,8050.00
14903,14904,2023051001000502,BHDC,26,18,10,383.10,3831.00
14904,14905,2023051003000116,NICLBSL,40,49,16,534.00,8544.00
14905,14906,2023051003000115,NICLBSL,41,49,20,535.00,10700.00
14906,14907,2023051001000501,MHCL,36,22,10,214.10,2141.00
14907,14908,2023051001000500,GVL,17,42,10,392.00,3920.00
14908,14909,2023051001000499,HHL,34,6,10,251.00,2510.00
14909,14910,2023051001000498,KBL,29,17,200,166.00,33200.00
14910,14911,2023051001000497,MAKAR,34,22,10,250.20,2502.00
14911,14912,2023051001000496,MAKAR,34,58,10,250.20,2502.00
14912,14913,2023051004000498,HDHPC,42,49,15,161.00,2415.00
14913,14914,2023051001000495,SMH,42,58,10,532.00,5320.00
14914,14915,2023051001000494,NABIL,45,6,40,596.00,23840.00
14915,14916,2023051001000493,NIMB,29,14,48,181.00,8688.00
14916,14917,2023051001000492,NICA,38,35,20,715.00,14300.00
14917,14918,2023051001000491,KBL,58,16,252,165.00,41580.00
14918,14919,2023051004000497,SHEL,40,45,10,276.20,2762.00
14919,14920,2023051001000490,SGHC,38,49,10,284.00,2840.00
14920,14921,2023051001000489,NABIL,42,6,400,596.00,238400.00
14921,14922,2023051001000488,UHEWA,13,33,70,367.10,25697.00
14922,14923,2023051001000487,UHEWA,59,33,40,367.10,14684.00
14923,14924,2023051004000496,RIDI,43,50,10,278.00,2780.00
14924,14925,2023051001000486,PRVU,58,55,10,165.50,1655.00
14925,14926,2023051004000495,MHNL,33,49,30,262.10,7863.00
14926,14927,2023051001000485,JALPA,39,26,19,1613.20,30650.80
14927,14928,2023051001000484,JALPA,28,40,10,1625.00,16250.00
14928,14929,2023051001000483,SHIVM,54,19,300,403.30,120990.00
14929,14930,2023051001000482,SHIVM,57,19,50,404.00,20200.00
14930,14931,2023051001000481,KDL,34,58,10,711.00,7110.00
14931,14932,2023051003000114,JFL,56,56,10,349.00,3490.00
14932,14933,2023051003000113,SJLIC,21,49,1,409.00,409.00
14933,14934,2023051001000480,NABIL,42,51,100,596.00,59600.00
14934,14935,2023051001000479,PRVU,14,55,4200,165.50,695100.00
14935,14936,2023051003000112,NFS,52,38,10,265.00,2650.00
14936,14937,2023051001000478,SMJC,38,49,10,247.10,2471.00
14937,14938,2023051001000477,SIKLES,6,21,10,400.00,4000.00
14938,14939,2023051004000494,HDHPC,47,49,100,161.00,16100.00
14939,14940,2023051004000493,UMHL,55,18,2000,225.00,450000.00
14940,14941,2023051001000476,SHIVM,57,34,181,404.00,73124.00
14941,14942,2023051004000492,HDHPC,36,49,40,161.00,6440.00
14942,14943,2023051004000491,HDHPC,17,49,500,161.10,80550.00
14943,14944,2023051001000475,MAKAR,34,4,10,250.20,2502.00
14944,14945,2023051001000474,SHIVM,50,34,50,404.00,20200.00
14945,14946,2023051005000081,CHDC,38,45,10,717.00,7170.00
14946,14947,2023051001000473,SBL,28,28,1,245.00,245.00
14947,14948,2023051001000472,TAMOR,4,22,10,272.50,2725.00
14948,14949,2023051003000111,MFIL,48,45,10,425.00,4250.00
14949,14950,2023051001000471,MBJC,25,58,20,276.10,5522.00
14950,14951,2023051001000470,SMJC,1,49,10,247.50,2475.00
14951,14952,2023051001000469,HDL,4,34,10,1919.90,19199.00
14952,14953,2023051001000468,HDL,4,58,10,1905.00,19050.00
14953,14954,2023051005000080,CHDC,17,55,10,720.00,7200.00
14954,14955,2023051003000110,CBBL,58,58,20,780.00,15600.00
14955,14956,2023051001000467,SMJC,1,43,10,247.50,2475.00
14956,14957,2023051005000079,NTC,40,42,10,799.00,7990.00
14957,14958,2023051001000466,SRBL,32,16,500,182.00,91000.00
14958,14959,2023051001000465,MBJC,25,40,10,276.10,2761.00
14959,14960,2023051004000490,UIC,55,32,100,425.00,42500.00
14960,14961,2023051001000464,BNHC,34,49,10,348.00,3480.00
14961,14962,2023051004000489,SGIC,57,21,10,432.90,4329.00
14962,14963,2023051005000078,HIDCL,35,50,200,180.00,36000.00
14963,14964,2023051005000077,HIDCL,35,6,21,180.00,3780.00
14964,14965,2023051001000463,SMJC,1,38,10,247.50,2475.00
14965,14966,2023051004000488,CHCL,28,28,1,454.80,454.80
14966,14967,2023051001000462,PRVU,43,55,4000,165.50,662000.00
14967,14968,2023051004000487,AKPL,48,58,164,360.00,59040.00
14968,14969,2023051004000486,AKPL,6,58,36,360.10,12963.60
14969,14970,2023051003000109,GRDBL,48,41,19,252.00,4788.00
14970,14971,2023051001000461,SMJC,1,34,10,247.50,2475.00
14971,14972,2023051005000076,NIFRA,42,45,64,207.00,13248.00
14972,14973,2023051004000485,HDHPC,34,50,10,163.00,1630.00
14973,14974,2023051001000460,SBI,58,49,90,330.00,29700.00
14974,14975,2023051004000484,UIC,10,32,100,425.00,42500.00
14975,14976,2023051001000459,MHCL,50,43,10,215.80,2158.00
14976,14977,2023051003000108,CBBL,17,58,78,780.00,60840.00
14977,14978,2023051001000458,MKHC,33,34,10,244.30,2443.00
14978,14979,2023051004000483,SHL,51,36,202,260.00,52520.00
14979,14980,2023051004000482,RIDI,1,58,10,279.00,2790.00
14980,14981,2023051001000457,SAHAS,49,58,10,487.10,4871.00
14981,14982,2023051004000481,NHPC,45,44,11,206.00,2266.00
14982,14983,2023051004000480,HDHPC,44,50,706,163.00,115078.00
14983,14984,2023051004000479,HDHPC,44,14,1000,163.00,163000.00
14984,14985,2023051004000478,HDHPC,44,50,810,163.00,132030.00
14985,14986,2023051004000477,HDHPC,44,51,100,163.00,16300.00
14986,14987,2023051004000476,HDHPC,44,6,200,163.00,32600.00
14987,14988,2023051004000475,HDHPC,44,40,334,163.00,54442.00
14988,14989,2023051004000474,HDHPC,44,45,500,162.90,81450.00
14989,14990,2023051004000473,HDHPC,44,39,200,162.90,32580.00
14990,14991,2023051004000472,HDHPC,44,42,150,162.90,24435.00
14991,14992,2023051004000471,RHPL,41,38,70,275.90,19313.00
14992,14993,2023051004000470,HDHPC,48,42,40,162.90,6516.00
14993,14994,2023051005000075,NIFRA,42,45,54,207.00,11178.00
14994,14995,2023051004000469,API,8,46,15,232.00,3480.00
14995,14996,2023051004000468,OHL,26,19,10,556.20,5562.00
14996,14997,2023051005000074,NICFC,29,49,100,7.66,766.00
14997,14998,2023051004000467,HDHPC,34,42,40,162.90,6516.00
14998,14999,2023051004000466,HDHPC,34,45,10,162.20,1622.00
14999,15000,2023051001000456,MBJC,22,52,10,280.00,2800.00
15000,15001,2023051001000455,MBJC,22,29,290,280.00,81200.00
15001,15002,2023051001000454,MHCL,50,34,10,215.80,2158.00
15002,15003,2023051004000465,UIC,10,32,500,425.00,212500.00
15003,15004,2023051001000453,MBJC,25,45,10,276.10,2761.00
15004,15005,2023051004000464,SICL,6,17,500,710.50,355250.00
15005,15006,2023051004000463,SICL,5,17,100,710.50,71050.00
15006,15007,2023051004000462,HDHPC,49,42,20,162.90,3258.00
15007,15008,2023051001000452,SBL,16,22,100,250.00,25000.00
15008,15009,2023051005000073,NICBF,43,58,100,8.20,820.00
15009,15010,2023051004000461,AKJCL,58,45,400,204.10,81640.00
15010,15011,2023051001000451,NBLD85,6,44,25,775.00,19375.00
15011,15012,2023051001000450,SHIVM,49,34,10,404.00,4040.00
15012,15013,2023051001000449,SHIVM,51,34,59,404.00,23836.00
15013,15014,2023051004000460,API,37,45,900,233.00,209700.00
15014,15015,2023051001000448,BHL,34,45,10,282.00,2820.00
15015,15016,2023051004000459,HDHPC,47,42,50,162.90,8145.00
15016,15017,2023051004000458,HDHPC,47,46,200,162.90,32580.00
15017,15018,2023051005000072,HIDCL,35,20,29,179.00,5191.00
15018,15019,2023051005000071,HIDCL,35,28,68,179.00,12172.00
15019,15020,2023051001000447,TAMOR,4,11,10,272.50,2725.00
15020,15021,2023051004000457,CGH,13,58,10,1022.00,10220.00
15021,15022,2023051003000107,NLIC,42,17,32,655.00,20960.00
15022,15023,2023051001000446,KDL,34,34,10,711.00,7110.00
15023,15024,2023051001000445,SHIVM,51,32,138,404.00,55752.00
15024,15025,2023051001000444,SHIVM,16,32,162,404.00,65448.00
15025,15026,2023051001000443,TAMOR,4,58,10,272.50,2725.00
15026,15027,2023051003000106,DDBL,1,26,43,630.00,27090.00
15027,15028,2023051001000442,GBIME,22,16,266,183.00,48678.00
15028,15029,2023051001000441,KDL,34,38,10,711.00,7110.00
15029,15030,2023051001000440,NIMB,29,48,113,181.00,20453.00
15030,15031,2023051003000105,JSLBB,52,40,20,874.10,17482.00
15031,15032,2023051001000439,PHCL,42,41,10,308.80,3088.00
15032,15033,2023051001000438,GBIME,34,16,44,183.50,8074.00
15033,15034,2023051001000437,NICA,8,17,10,715.00,7150.00
15034,15035,2023051001000436,PCBL,54,17,35,195.00,6825.00
15035,15036,2023051004000456,RIDI,33,59,286,280.00,80080.00
15036,15037,2023051004000455,RIDI,33,46,21,280.00,5880.00
15037,15038,2023051004000454,RIDI,33,6,13,280.00,3640.00
15038,15039,2023051004000453,RIDI,33,55,180,280.00,50400.00
15039,15040,2023051001000435,MAKAR,45,34,10,251.00,2510.00
15040,15041,2023051001000434,SHIVM,16,58,28,404.00,11312.00
15041,15042,2023051001000433,SHIVM,16,6,10,404.00,4040.00
15042,15043,2023051003000104,NLIC,42,49,68,655.00,44540.00
15043,15044,2023051001000432,PHCL,42,49,10,308.80,3088.00
15044,15045,2023051004000452,CHCL,58,7,13,464.00,6032.00
15045,15046,2023051004000451,CHCL,34,7,10,464.00,4640.00
15046,15047,2023051003000103,USLB,6,7,11,695.00,7645.00
15047,15048,2023051001000431,SMJC,1,55,10,247.50,2475.00
15048,15049,2023051003000102,SDLBSL,48,35,17,614.90,10453.30
15049,15050,2023051001000430,TAMOR,4,49,10,272.50,2725.00
15050,15051,2023051001000429,MAKAR,45,58,10,251.00,2510.00
15051,15052,2023051001000428,SMHL,36,34,10,384.10,3841.00
15052,15053,2023051001000427,MAKAR,45,11,10,251.00,2510.00
15053,15054,2023051004000450,RHPL,57,44,300,282.40,84720.00
15054,15055,2023051001000426,SHIVM,54,35,200,403.30,80660.00
15055,15056,2023051004000449,RIDI,50,50,20,277.50,5550.00
15056,15057,2023051004000448,SICL,21,17,100,720.00,72000.00
15057,15058,2023051001000425,JBLB,52,34,17,1400.00,23800.00
15058,15059,2023051004000447,NHPC,7,45,10,207.00,2070.00
15059,15060,2023051003000101,CBBL,57,58,10,780.00,7800.00
15060,15061,2023051003000100,CBBL,56,58,100,780.00,78000.00
15061,15062,2023051003000099,CBBL,56,58,100,781.00,78100.00
15062,15063,2023051003000098,CBBL,6,58,27,781.10,21089.70
15063,15064,2023051003000097,CBBL,7,58,85,781.20,66402.00
15064,15065,2023051001000424,RFPL,29,38,10,252.00,2520.00
15065,15066,2023051004000446,SGIC,57,34,10,432.90,4329.00
15066,15067,2023051001000423,GBIME,58,16,100,183.50,18350.00
15067,15068,2023051001000422,SMHL,36,55,10,384.10,3841.00
15068,15069,2023051001000421,MAKAR,45,49,10,251.00,2510.00
15069,15070,2023051004000445,UPPER,57,6,146,411.00,60006.00
15070,15071,2023051001000420,SAHAS,42,14,10,497.00,4970.00
15071,15072,2023051004000444,AKPL,6,43,464,360.10,167086.40
15072,15073,2023051004000443,AKPL,55,43,36,360.10,12963.60
15073,15074,2023051001000419,MAKAR,45,38,10,251.00,2510.00
15074,15075,2023051004000442,HDHPC,28,58,250,160.10,40025.00
15075,15076,2023051004000441,HDHPC,51,58,20,160.20,3204.00
15076,15077,2023051004000440,HDHPC,40,58,130,160.20,20826.00
15077,15078,2023051004000439,HDHPC,45,58,500,160.50,80250.00
15078,15079,2023051004000438,HDHPC,6,58,200,160.50,32100.00
15079,15080,2023051004000437,HDHPC,58,58,100,160.80,16080.00
15080,15081,2023051004000436,HDHPC,22,58,25,160.80,4020.00
15081,15082,2023051004000435,HDHPC,38,58,10,160.90,1609.00
15082,15083,2023051004000434,HDHPC,49,58,1665,160.90,267898.50
15083,15084,2023051004000433,API,37,49,100,233.00,23300.00
15084,15085,2023051001000418,SMJC,1,49,10,247.50,2475.00
15085,15086,2023051001000417,RFPL,29,38,10,252.00,2520.00
15086,15087,2023051003000096,MLBL,56,41,15,300.10,4501.50
15087,15088,2023051001000416,DORDI,17,35,10,263.00,2630.00
15088,15089,2023051001000415,DORDI,17,44,190,262.00,49780.00
15089,15090,2023051003000095,RLFL,47,32,100,285.00,28500.00
15090,15091,2023051001000414,SAHAS,42,49,10,495.00,4950.00
15091,15092,2023051003000094,DDBL,32,58,20,626.00,12520.00
15092,15093,2023051001000413,SMJC,1,49,10,247.50,2475.00
15093,15094,2023051001000412,TAMOR,4,47,10,272.50,2725.00
15094,15095,2023051001000411,NIBLGF,10,10,375,7.68,2880.00
15095,15096,2023051001000410,RHGCL,45,34,10,250.30,2503.00
15096,15097,2023051001000409,SMJC,1,34,10,247.50,2475.00
15097,15098,2023051001000408,MAKAR,45,55,10,251.00,2510.00
15098,15099,2023051005000070,NRIC,58,57,10,688.90,6889.00
15099,15100,2023051003000093,FOWAD,7,58,10,1194.00,11940.00
15100,15101,2023051003000092,FOWAD,52,58,10,1194.00,11940.00
15101,15102,2023051005000069,SFEF,25,45,100,7.70,770.00
15102,15103,2023051004000432,HDHPC,49,41,335,160.90,53901.50
15103,15104,2023051004000431,HDHPC,22,41,25,161.00,4025.00
15104,15105,2023051004000430,HDHPC,54,41,10,161.00,1610.00
15105,15106,2023051004000429,HDHPC,22,41,100,161.00,16100.00
15106,15107,2023051004000428,HDHPC,58,41,30,161.00,4830.00
15107,15108,2023051001000407,RFPL,29,34,10,252.00,2520.00
15108,15109,2023051001000406,NIMB,55,49,18,180.10,3241.80
15109,15110,2023051001000405,MAKAR,45,49,10,251.00,2510.00
15110,15111,2023051001000404,KDL,34,55,10,711.00,7110.00
15111,15112,2023051001000403,MKHC,33,29,10,244.30,2443.00
15112,15113,2023051003000091,NICLBSL,46,34,10,538.00,5380.00
15113,15114,2023051001000402,KDL,43,58,20,712.00,14240.00
15114,15115,2023051001000401,DORDI,4,44,290,262.10,76009.00
15115,15116,2023051001000400,DORDI,49,44,20,262.20,5244.00
15116,15117,2023051001000399,GVL,17,19,200,395.00,79000.00
15117,15118,2023051001000398,HDL,32,34,10,1899.00,18990.00
15118,15119,2023051001000397,NIBLGF,10,45,100,7.83,783.00
15119,15120,2023051001000396,HDL,32,45,40,1899.00,75960.00
15120,15121,2023051001000395,MHCL,50,38,10,215.80,2158.00
15121,15122,2023051004000427,HDHPC,58,58,170,161.00,27370.00
15122,15123,2023051004000426,HDHPC,58,58,30,161.00,4830.00
15123,15124,2023051001000394,KBL,11,17,500,165.50,82750.00
15124,15125,2023051003000090,RSDC,45,49,10,484.40,4844.00
15125,15126,2023051001000393,MHCL,50,41,10,215.80,2158.00
15126,15127,2023051001000392,MAKAR,45,35,10,251.00,2510.00
15127,15128,2023051001000391,TAMOR,4,8,10,272.50,2725.00
15128,15129,2023051001000390,SMJC,45,55,10,247.60,2476.00
15129,15130,2023051001000389,SMJC,45,49,10,247.60,2476.00
15130,15131,2023051003000089,DDBL,1,38,27,625.20,16880.40
15131,15132,2023051001000388,KDL,53,6,10,712.00,7120.00
15132,15133,2023051004000425,RHPL,57,57,149,282.00,42018.00
15133,15134,2023051004000424,SGIC,26,34,10,433.00,4330.00
15134,15135,2023051004000423,HDHPC,25,40,66,163.00,10758.00
15135,15136,2023051004000422,HDHPC,25,55,54,162.00,8748.00
15136,15137,2023051001000387,TAMOR,4,55,10,272.50,2725.00
15137,15138,2023051003000088,CBBL,26,28,10,782.00,7820.00
15138,15139,2023051003000087,CBBL,38,28,25,782.00,19550.00
15139,15140,2023051005000068,NIFRA,42,42,54,207.00,11178.00
15140,15141,2023051004000421,UPPER,41,19,50,411.00,20550.00
15141,15142,2023051004000420,HDHPC,59,55,400,161.00,64400.00
15142,15143,2023051001000386,NBL,5,17,400,250.00,100000.00
15143,15144,2023051001000385,RHGCL,45,49,10,250.30,2503.00
15144,15145,2023051004000419,RIDI,32,55,210,280.00,58800.00
15145,15146,2023051001000384,MHCL,50,57,10,215.80,2158.00
15146,15147,2023051001000383,NABIL,47,25,10,598.00,5980.00
15147,15148,2023051001000382,UHEWA,59,34,10,367.10,3671.00
15148,15149,2023051005000067,NRIC,42,56,30,683.00,20490.00
15149,15150,2023051001000381,NIBLGF,10,10,775,7.98,6184.50
15150,15151,2023051001000380,NIBLGF,58,10,200,7.98,1596.00
15151,15152,2023051004000418,HDHPC,42,55,100,161.00,16100.00
15152,15153,2023051004000417,HDHPC,59,55,100,161.00,16100.00
15153,15154,2023051004000416,SHEL,38,34,10,276.00,2760.00
15154,15155,2023051004000415,UPCL,49,6,32,225.00,7200.00
15155,15156,2023051004000414,UPCL,49,29,68,225.00,15300.00
15156,15157,2023051001000379,SHIVM,50,6,20,404.00,8080.00
15157,15158,2023051001000378,BHL,16,16,10,282.00,2820.00
15158,15159,2023051004000413,HDHPC,21,55,180,162.00,29160.00
15159,15160,2023051004000412,HDHPC,38,55,150,162.00,24300.00
15160,15161,2023051004000411,HDHPC,14,55,50,162.00,8100.00
15161,15162,2023051001000377,SGHC,39,18,10,282.00,2820.00
15162,15163,2023051001000376,SGHC,21,18,20,294.00,5880.00
15163,15164,2023051004000410,SJCL,22,14,10,270.10,2701.00
15164,15165,2023051001000375,MHCL,36,58,10,215.90,2159.00
15165,15166,2023051001000374,MAKAR,45,35,10,251.00,2510.00
15166,15167,2023051001000373,MAKAR,40,58,10,251.00,2510.00
15167,15168,2023051001000372,BNHC,34,26,10,348.00,3480.00
15168,15169,2023051001000371,TAMOR,4,55,10,272.50,2725.00
15169,15170,2023051003000086,PLI,45,34,10,401.20,4012.00
15170,15171,2023051005000066,SAGF,42,58,100,7.84,784.00
15171,15172,2023051001000370,PPL,48,49,10,264.50,2645.00
15172,15173,2023051004000409,GLH,43,49,10,260.10,2601.00
15173,15174,2023051004000408,JOSHI,22,25,10,254.00,2540.00
15174,15175,2023051004000407,JOSHI,52,25,40,254.00,10160.00
15175,15176,2023051004000406,JOSHI,22,25,50,255.00,12750.00
15176,15177,2023051001000369,RHGCL,45,4,10,250.30,2503.00
15177,15178,2023051001000368,MAKAR,40,4,10,251.00,2510.00
15178,15179,2023051004000405,RHPL,42,8,80,281.50,22520.00
15179,15180,2023051004000404,API,48,49,100,233.50,23350.00
15180,15181,2023051004000403,API,48,14,400,233.00,93200.00
15181,15182,2023051003000085,RMDC,1,55,10,678.30,6783.00
15182,15183,2023051001000367,TAMOR,4,34,10,272.50,2725.00
15183,15184,2023051004000402,SHL,51,35,300,261.00,78300.00
15184,15185,2023051004000401,SHL,16,35,100,261.50,26150.00
15185,15186,2023051003000084,NUBL,38,38,20,530.00,10600.00
15186,15187,2023051003000083,NUBL,47,38,30,530.00,15900.00
15187,15188,2023051003000082,NUBL,14,38,30,530.50,15915.00
15188,15189,2023051003000081,NUBL,45,38,20,530.50,10610.00
15189,15190,2023051004000400,AKPL,55,28,14,360.10,5041.40
15190,15191,2023051004000399,AKPL,56,28,40,360.10,14404.00
15191,15192,2023051004000398,AKPL,17,28,25,361.30,9032.50
15192,15193,2023051004000397,HDHPC,6,40,100,163.00,16300.00
15193,15194,2023051004000396,OHL,58,19,50,565.00,28250.00
15194,15195,2023051001000366,TAMOR,1,55,10,272.20,2722.00
15195,15196,2023051005000065,NIFRA,42,38,54,207.00,11178.00
15196,15197,2023051001000365,NBL,57,17,100,249.00,24900.00
15197,15198,2023051001000364,NBL,16,17,200,249.00,49800.00
15198,15199,2023051004000395,SPIL,50,4,14,570.00,7980.00
15199,15200,2023051001000363,MHCL,36,49,10,215.90,2159.00
15200,15201,2023051001000362,KDL,43,4,10,712.10,7121.00
15201,15202,2023051001000361,NMB,58,55,35,234.00,8190.00
15202,15203,2023051004000394,UPCL,48,29,132,225.00,29700.00
15203,15204,2023051001000360,NIMB,17,14,17,182.90,3109.30
15204,15205,2023051001000359,NIMB,17,51,24,182.70,4384.80
15205,15206,2023051001000358,NIMB,17,49,34,182.00,6188.00
15206,15207,2023051001000357,NIMB,17,58,25,181.00,4525.00
15207,15208,2023051003000080,NICLBSL,32,34,10,538.10,5381.00
15208,15209,2023051005000064,NRIC,45,7,64,689.00,44096.00
15209,15210,2023051005000063,NRIC,45,34,25,688.00,17200.00
15210,15211,2023051005000062,NRIC,45,19,48,688.00,33024.00
15211,15212,2023051001000356,SMJC,45,55,10,247.60,2476.00
15212,15213,2023051004000393,UPPER,49,34,50,408.80,20440.00
15213,15214,2023051004000392,HDHPC,41,32,77,163.50,12589.50
15214,15215,2023051004000391,HDHPC,41,33,23,163.00,3749.00
15215,15216,2023051004000390,API,48,14,500,233.00,116500.00
15216,15217,2023051004000389,API,49,14,100,233.00,23300.00
15217,15218,2023051004000388,HDHPC,41,33,27,163.00,4401.00
15218,15219,2023051001000355,KBL,58,29,81,165.00,13365.00
15219,15220,2023051001000354,KBL,45,29,20,165.10,3302.00
15220,15221,2023051001000353,KBL,14,29,100,165.10,16510.00
15221,15222,2023051005000061,CMF2,35,49,2000,7.53,15060.00
15222,15223,2023051004000387,HDHPC,41,37,200,163.00,32600.00
15223,15224,2023051001000352,MAKAR,40,38,10,251.00,2510.00
15224,15225,2023051004000386,GLH,21,34,10,261.00,2610.00
15225,15226,2023051001000351,MHCL,36,55,10,215.90,2159.00
15226,15227,2023051004000385,HDHPC,56,32,200,163.50,32700.00
15227,15228,2023051001000350,SMJC,22,58,10,248.00,2480.00
15228,15229,2023051001000349,BHL,34,58,10,281.00,2810.00
15229,15230,2023051004000384,HDHPC,41,53,200,163.00,32600.00
15230,15231,2023051004000383,RADHI,6,58,17,236.00,4012.00
15231,15232,2023051004000382,RADHI,26,58,333,236.00,78588.00
15232,15233,2023051001000348,AHL,45,34,10,341.10,3411.00
15233,15234,2023051003000079,PLI,45,21,10,401.20,4012.00
15234,15235,2023051001000347,MKHC,13,13,10,245.00,2450.00
15235,15236,2023051001000346,GBIME,34,38,56,183.00,10248.00
15236,15237,2023051001000345,JALPA,49,10,10,1610.00,16100.00
15237,15238,2023051004000381,RADHI,45,26,50,235.10,11755.00
15238,15239,2023051001000344,SIKLES,39,50,20,406.00,8120.00
15239,15240,2023051001000343,TAMOR,33,6,10,272.10,2721.00
15240,15241,2023051003000078,SJLIC,42,21,9,408.70,3678.30
15241,15242,2023051001000342,NICA,8,58,10,715.00,7150.00
15242,15243,2023051004000380,HDHPC,45,49,100,164.00,16400.00
15243,15244,2023051001000341,MAKAR,40,38,10,251.00,2510.00
15244,15245,2023051004000379,HDHPC,41,53,253,163.00,41239.00
15245,15246,2023051004000378,HDHPC,6,53,47,163.00,7661.00
15246,15247,2023051004000377,AHPC,44,4,1000,281.90,281900.00
15247,15248,2023051004000376,AKPL,35,4,50,362.00,18100.00
15248,15249,2023051001000340,SMJC,22,35,10,248.00,2480.00
15249,15250,2023051004000375,SSHL,57,40,200,196.10,39220.00
15250,15251,2023051004000374,SSHL,17,40,200,197.00,39400.00
15251,15252,2023051004000373,SSHL,47,40,100,197.00,19700.00
15252,15253,2023051001000339,SGHC,21,35,10,295.00,2950.00
15253,15254,2023051001000338,NIMB,55,29,100,180.10,18010.00
15254,15255,2023051001000337,NIMB,52,29,100,180.10,18010.00
15255,15256,2023051001000336,TAMOR,33,34,10,272.10,2721.00
15256,15257,2023051001000335,MKHC,33,4,10,244.30,2443.00
15257,15258,2023051001000334,SHIVM,11,6,20,404.00,8080.00
15258,15259,2023051004000372,HDHPC,6,21,53,163.00,8639.00
15259,15260,2023051004000371,AKPL,42,4,50,362.00,18100.00
15260,15261,2023051004000370,HDHPC,53,21,20,163.00,3260.00
15261,15262,2023051004000369,HDHPC,35,21,400,163.00,65200.00
15262,15263,2023051004000368,HDHPC,13,21,50,163.00,8150.00
15263,15264,2023051004000367,HDHPC,34,21,50,163.00,8150.00
15264,15265,2023051004000366,HDHPC,40,21,427,163.00,69601.00
15265,15266,2023051004000365,HDHPC,34,50,20,164.00,3280.00
15266,15267,2023051004000364,HDHPC,34,40,105,164.00,17220.00
15267,15268,2023051001000333,TAMOR,33,39,10,272.10,2721.00
15268,15269,2023051004000363,HDHPC,40,58,573,163.00,93399.00
15269,15270,2023051004000362,HDHPC,43,58,50,163.00,8150.00
15270,15271,2023051004000361,HDHPC,42,58,3727,163.00,607501.00
15271,15272,2023051004000360,HDHPC,40,58,350,163.10,57085.00
15272,15273,2023051005000060,NRIC,42,34,48,683.00,32784.00
15273,15274,2023051004000359,SGIC,39,54,10,450.50,4505.00
15274,15275,2023051001000332,MBJC,16,19,500,280.00,140000.00
15275,15276,2023051001000331,MBJC,29,19,50,280.00,14000.00
15276,15277,2023051003000077,GBBL,34,26,28,352.00,9856.00
15277,15278,2023051001000330,SMJC,13,53,170,250.00,42500.00
15278,15279,2023051001000329,SMJC,13,36,10,250.00,2500.00
15279,15280,2023051001000328,SMJC,13,20,10,250.00,2500.00
15280,15281,2023051001000327,SMJC,13,19,10,249.00,2490.00
15281,15282,2023051001000326,MAKAR,40,35,10,251.00,2510.00
15282,15283,2023051001000325,NABIL,58,51,62,598.00,37076.00
15283,15284,2023051001000324,NABIL,58,45,88,598.00,52624.00
15284,15285,2023051001000323,JBLB,42,34,13,1423.30,18502.90
15285,15286,2023051001000322,JALPA,41,57,10,1608.00,16080.00
15286,15287,2023051001000321,SIKLES,39,52,10,406.00,4060.00
15287,15288,2023051004000358,HDHPC,16,40,10,164.00,1640.00
15288,15289,2023051001000320,SMH,42,6,10,532.00,5320.00
15289,15290,2023051004000357,RHPL,42,6,80,280.00,22400.00
15290,15291,2023051001000319,PRVU,43,17,799,165.10,131914.90
15291,15292,2023051004000356,UIC,10,32,1000,425.00,425000.00
15292,15293,2023051004000355,UPPER,32,49,20,408.50,8170.00
15293,15294,2023051005000059,NIFRA,42,34,54,207.00,11178.00
15294,15295,2023051003000076,FOWAD,26,4,10,1213.00,12130.00
15295,15296,2023051001000318,JALPA,53,26,90,1628.90,146601.00
15296,15297,2023051001000317,JALPA,53,45,10,1628.00,16280.00
15297,15298,2023051004000354,RADHI,45,26,56,235.10,13165.60
15298,15299,2023051001000316,JALPA,41,33,15,1608.00,24120.00
15299,15300,2023051003000075,GRDBL,39,28,10,256.00,2560.00
15300,15301,2023051004000353,BPCL,17,58,32,313.00,10016.00
15301,15302,2023051004000352,HDHPC,50,40,60,164.00,9840.00
15302,15303,2023051001000315,MAKAR,4,56,10,251.00,2510.00
15303,15304,2023051001000314,MAKAR,34,56,90,251.20,22608.00
15304,15305,2023051001000313,SMHL,36,58,10,383.60,3836.00
15305,15306,2023051001000312,MBJC,29,52,10,280.00,2800.00
15306,15307,2023051004000351,HDHPC,40,32,150,163.10,24465.00
15307,15308,2023051004000350,HDHPC,42,40,200,164.00,32800.00
15308,15309,2023051004000349,HDHPC,52,40,25,164.00,4100.00
15309,15310,2023051004000348,HDHPC,56,40,30,164.00,4920.00
15310,15311,2023051004000347,SICL,45,17,105,720.00,75600.00
15311,15312,2023051004000346,SICL,45,44,30,719.00,21570.00
15312,15313,2023051001000311,MAKAR,34,38,10,251.20,2512.00
15313,15314,2023051004000345,UPPER,32,38,34,408.50,13889.00
15314,15315,2023051001000310,BPW,54,42,10,257.10,2571.00
15315,15316,2023051001000309,MAKAR,34,42,10,251.20,2512.00
15316,15317,2023051001000308,MAKAR,34,45,10,251.20,2512.00
15317,15318,2023051001000307,SGHC,39,18,10,287.30,2873.00
15318,15319,2023051003000074,GBBL,34,32,22,350.00,7700.00
15319,15320,2023051001000306,JALPA,45,45,10,1612.00,16120.00
15320,15321,2023051001000305,MAKAR,34,38,10,251.20,2512.00
15321,15322,2023051004000344,RIDI,57,55,10,280.00,2800.00
15322,15323,2023051004000343,API,34,16,380,233.00,88540.00
15323,15324,2023051004000342,HDHPC,44,50,190,164.90,31331.00
15324,15325,2023051004000341,HDHPC,44,44,500,164.90,82450.00
15325,15326,2023051004000340,HDHPC,44,6,200,164.70,32940.00
15326,15327,2023051004000339,HDHPC,44,42,80,164.60,13168.00
15327,15328,2023051004000338,HDHPC,44,44,500,164.50,82250.00
15328,15329,2023051004000337,AKPL,17,58,75,361.30,27097.50
15329,15330,2023051001000304,SAHAS,42,42,10,495.00,4950.00
15330,15331,2023051001000303,SAHAS,42,45,10,490.00,4900.00
15331,15332,2023051001000302,SAHAS,42,44,10,490.00,4900.00
15332,15333,2023051003000073,JBBL,43,32,400,256.10,102440.00
15333,15334,2023051003000072,JBBL,17,32,200,256.30,51260.00
15334,15335,2023051003000071,FMDBL,26,14,10,518.80,5188.00
15335,15336,2023051003000070,MNBBL,16,33,10,391.80,3918.00
15336,15337,2023051001000301,HBL,7,34,400,218.00,87200.00
15337,15338,2023051001000300,HBL,52,34,100,218.10,21810.00
15338,15339,2023051004000336,HDHPC,56,49,200,164.00,32800.00
15339,15340,2023051001000299,SIKLES,39,44,10,406.00,4060.00
15340,15341,2023051004000335,SJCL,41,58,40,268.80,10752.00
15341,15342,2023051001000298,SPC,21,58,10,413.00,4130.00
15342,15343,2023051004000334,HDHPC,56,53,170,164.00,27880.00
15343,15344,2023051004000333,HDHPC,14,53,30,164.00,4920.00
15344,15345,2023051004000332,AKJCL,57,58,10,203.90,2039.00
15345,15346,2023051001000297,MAKAR,43,45,10,252.00,2520.00
15346,15347,2023051004000331,API,34,16,500,233.00,116500.00
15347,15348,2023051001000296,SMJC,45,16,10,247.60,2476.00
15348,15349,2023051001000295,RFPL,29,6,10,252.00,2520.00
15349,15350,2023051004000330,NGPL,35,42,115,240.80,27692.00
15350,15351,2023051004000329,HDHPC,14,42,40,164.00,6560.00
15351,15352,2023051004000328,HDHPC,48,42,160,164.00,26240.00
15352,15353,2023051004000327,HDHPC,48,39,240,164.00,39360.00
15353,15354,2023051004000326,HDHPC,58,39,50,164.00,8200.00
15354,15355,2023051004000325,AKPL,17,34,100,361.30,36130.00
15355,15356,2023051003000069,ACLBSL,10,32,10,566.20,5662.00
15356,15357,2023051001000294,MAKAR,34,6,10,251.20,2512.00
15357,15358,2023051004000324,HDHPC,44,39,210,164.00,34440.00
15358,15359,2023051004000323,HDHPC,44,44,420,164.00,68880.00
15359,15360,2023051004000322,HDHPC,59,44,80,164.00,13120.00
15360,15361,2023051004000321,HDHPC,59,33,100,164.00,16400.00
15361,15362,2023051004000320,HDHPC,59,39,20,164.00,3280.00
15362,15363,2023051003000068,PLI,40,6,10,401.10,4011.00
15363,15364,2023051001000293,SMHL,38,8,10,383.50,3835.00
15364,15365,2023051001000292,GBIME,26,44,320,183.00,58560.00
15365,15366,2023051005000058,NIFRA,42,44,34,207.00,7038.00
15366,15367,2023051005000057,NIFRA,41,44,20,207.30,4146.00
15367,15368,2023051001000291,SMHL,38,42,10,383.50,3835.00
15368,15369,2023051004000319,HDHPC,57,39,10,164.00,1640.00
15369,15370,2023051004000318,API,34,59,20,233.00,4660.00
15370,15371,2023051001000290,GBIME,35,44,50,183.00,9150.00
15371,15372,2023051001000289,NIMB,52,34,32,180.10,5763.20
15372,15373,2023051001000288,NIMB,6,34,35,180.20,6307.00
15373,15374,2023051001000287,MAKAR,34,35,10,251.20,2512.00
15374,15375,2023051003000067,GUFL,14,50,10,483.50,4835.00
15375,15376,2023051004000317,NGPL,35,29,185,240.80,44548.00
15376,15377,2023051001000286,MBJC,29,4,10,280.00,2800.00
15377,15378,2023051005000056,SAGF,42,6,100,7.84,784.00
15378,15379,2023051004000316,HDHPC,58,39,100,164.00,16400.00
15379,15380,2023051001000285,JALPA,45,39,40,1612.00,64480.00
15380,15381,2023051001000284,JALPA,53,39,30,1612.00,48360.00
15381,15382,2023051001000283,NABIL,34,45,12,598.00,7176.00
15382,15383,2023051001000282,NABIL,34,19,18,598.00,10764.00
15383,15384,2023051001000281,NABIL,34,49,30,597.00,17910.00
15384,15385,2023051001000280,RFPL,29,58,10,252.00,2520.00
15385,15386,2023051001000279,MBJC,29,46,10,280.00,2800.00
15386,15387,2023051001000278,MBJC,29,49,10,280.00,2800.00
15387,15388,2023051001000277,MBJC,29,35,10,279.40,2794.00
15388,15389,2023051001000276,SMJC,45,45,10,247.60,2476.00
15389,15390,2023051004000315,HDHPC,14,39,70,164.00,11480.00
15390,15391,2023051001000275,SHIVM,38,19,200,404.00,80800.00
15391,15392,2023051001000274,KBL,43,25,4090,165.00,674850.00
15392,15393,2023051004000314,HDHPC,42,14,1010,163.00,164630.00
15393,15394,2023051004000313,HDHPC,57,14,490,163.20,79968.00
15394,15395,2023051004000312,AKPL,43,4,10,362.00,3620.00
15395,15396,2023051001000273,AHL,42,47,10,349.00,3490.00
15396,15397,2023051005000055,NIFRA,26,48,54,208.00,11232.00
15397,15398,2023051001000272,MHCL,36,6,10,215.90,2159.00
15398,15399,2023051004000311,NGPL,25,29,15,240.80,3612.00
15399,15400,2023051004000310,API,34,5,100,233.00,23300.00
15400,15401,2023051004000309,HDHPC,57,44,500,163.20,81600.00
15401,15402,2023051004000308,SHEL,38,34,10,281.30,2813.00
15402,15403,2023051001000271,NABIL,42,49,20,597.00,11940.00
15403,15404,2023051001000270,SMJC,45,7,10,247.60,2476.00
15404,15405,2023051004000307,AKJCL,34,22,50,208.00,10400.00
15405,15406,2023051004000306,AKPL,43,4,10,362.00,3620.00
15406,15407,2023051005000054,NIFRA,26,8,44,208.00,9152.00
15407,15408,2023051004000305,SGIC,26,34,20,433.00,8660.00
15408,15409,2023051001000269,NABIL,29,19,100,598.00,59800.00
15409,15410,2023051004000304,NGPL,44,58,25,239.00,5975.00
15410,15411,2023051001000268,GBIME,58,44,480,183.00,87840.00
15411,15412,2023051001000267,GBIME,22,44,30,183.00,5490.00
15412,15413,2023051001000266,GBIME,11,44,20,183.00,3660.00
15413,15414,2023051001000265,GBIME,6,44,100,183.20,18320.00
15414,15415,2023051001000264,NIMB,51,14,65,181.00,11765.00
15415,15416,2023051004000303,HDHPC,57,34,10,163.20,1632.00
15416,15417,2023051005000053,NIFRA,42,8,10,209.90,2099.00
15417,15418,2023051001000263,JALPA,20,6,25,1615.00,40375.00
15418,15419,2023051001000262,TAMOR,5,49,500,274.10,137050.00
15419,15420,2023051001000261,PHCL,42,34,10,308.80,3088.00
15420,15421,2023051004000302,GHL,32,56,100,222.00,22200.00
15421,15422,2023051004000301,HDHPC,36,34,100,164.00,16400.00
15422,15423,2023051003000066,CBBL,54,42,20,782.00,15640.00
15423,15424,2023051001000260,JALPA,20,29,20,1615.00,32300.00
15424,15425,2023051003000065,GRDBL,39,1,10,252.40,2524.00
15425,15426,2023051001000259,SMJC,45,34,10,247.60,2476.00
15426,15427,2023051001000258,USHEC,34,21,10,288.00,2880.00
15427,15428,2023051001000257,MAKAR,43,45,10,252.00,2520.00
15428,15429,2023051001000256,NABIL,42,57,10,597.00,5970.00
15429,15430,2023051004000300,API,17,16,120,233.80,28056.00
15430,15431,2023051004000299,API,17,47,50,233.40,11670.00
15431,15432,2023051004000298,API,17,59,30,233.40,7002.00
15432,15433,2023051004000297,NGPL,53,53,300,240.00,72000.00
15433,15434,2023051004000296,NGPL,53,55,155,240.00,37200.00
15434,15435,2023051004000295,AKJCL,58,58,50,205.00,10250.00
15435,15436,2023051001000255,RULB,49,35,10,627.00,6270.00
15436,15437,2023051001000254,SMJC,45,49,10,247.60,2476.00
15437,15438,2023051001000253,SMJC,45,34,10,247.60,2476.00
15438,15439,2023051004000294,SSHL,32,35,15,199.90,2998.50
15439,15440,2023051003000064,MLBBL,38,35,10,703.90,7039.00
15440,15441,2023051001000252,TAMOR,49,49,170,275.00,46750.00
15441,15442,2023051004000293,AKJCL,56,58,50,207.00,10350.00
15442,15443,2023051001000251,SCB,32,52,40,528.00,21120.00
15443,15444,2023051004000292,HDHPC,42,1,987,163.00,160881.00
15444,15445,2023051004000291,HDHPC,34,1,13,163.20,2121.60
15445,15446,2023051001000250,SMJC,45,34,10,247.60,2476.00
15446,15447,2023051003000063,SAPDBL,48,55,10,233.00,2330.00
15447,15448,2023051001000249,KBL,1,21,11,164.10,1805.10
15448,15449,2023051004000290,HDHPC,34,44,87,163.20,14198.40
15449,15450,2023051004000289,NHDL,50,18,10,359.10,3591.00
15450,15451,2023051001000248,PHCL,42,49,10,308.80,3088.00
15451,15452,2023051003000062,CBBL,14,36,50,783.00,39150.00
15452,15453,2023051003000061,GRDBL,39,1,10,247.50,2475.00
15453,15454,2023051004000288,HDHPC,6,44,100,163.20,16320.00
15454,15455,2023051004000287,UPPER,8,39,34,408.00,13872.00
15455,15456,2023051001000247,MAKAR,51,22,10,255.00,2550.00
15456,15457,2023051001000246,JALPA,32,58,30,1630.00,48900.00
15457,15458,2023051001000245,MAKAR,34,4,10,251.20,2512.00
15458,15459,2023051004000286,NGPL,52,42,100,239.00,23900.00
15459,15460,2023051003000060,CBBL,36,36,16,783.00,12528.00
15460,15461,2023051001000244,SMJC,1,34,10,247.50,2475.00
15461,15462,2023051004000285,HDHPC,42,13,500,163.00,81500.00
15462,15463,2023051001000243,NMB,49,16,10,235.00,2350.00
15463,15464,2023051001000242,NMB,52,16,69,235.00,16215.00
15464,15465,2023051001000241,JALPA,32,42,10,1630.00,16300.00
15465,15466,2023051001000240,JALPA,32,49,10,1630.00,16300.00
15466,15467,2023051001000239,TAMOR,49,36,10,275.00,2750.00
15467,15468,2023051001000238,SMJC,1,7,10,247.50,2475.00
15468,15469,2023051001000237,MHCL,36,34,10,215.90,2159.00
15469,15470,2023051005000052,NIBLPF,10,10,125,7.89,986.25
15470,15471,2023051005000051,NIBLPF,41,10,100,8.01,801.00
15471,15472,2023051004000284,HDHPC,48,44,200,163.20,32640.00
15472,15473,2023051003000059,CBBL,54,29,21,782.00,16422.00
15473,15474,2023051005000050,NIFRA,42,33,20,209.90,4198.00
15474,15475,2023051001000236,MAKAR,34,42,10,251.20,2512.00
15475,15476,2023051004000283,HDHPC,42,58,400,163.00,65200.00
15476,15477,2023051004000282,AKPL,20,51,12,361.00,4332.00
15477,15478,2023051003000058,NUBL,39,38,50,534.00,26700.00
15478,15479,2023051001000235,MHCL,36,16,10,215.80,2158.00
15479,15480,2023051003000057,SJLIC,42,44,9,409.00,3681.00
15480,15481,2023051004000281,HDHPC,42,32,61,163.00,9943.00
15481,15482,2023051004000280,HDHPC,4,44,200,163.20,32640.00
15482,15483,2023051003000056,SJLIC,42,34,9,408.70,3678.30
15483,15484,2023051004000279,HDHPC,6,44,400,163.20,65280.00
15484,15485,2023051004000278,UPPER,41,8,40,407.30,16292.00
15485,15486,2023051004000277,HDHPC,58,44,13,163.20,2121.60
15486,15487,2023051003000055,RMDC,39,55,50,678.30,33915.00
15487,15488,2023051005000049,NIFRA,44,17,46,210.00,9660.00
15488,15489,2023051005000048,NIFRA,44,59,10,210.00,2100.00
15489,15490,2023051001000234,MAKAR,51,29,10,254.00,2540.00
15490,15491,2023051004000276,HDHPC,58,38,80,163.20,13056.00
15491,15492,2023051004000275,AKJCL,56,22,50,207.00,10350.00
15492,15493,2023051001000233,JALPA,59,49,10,1630.00,16300.00
15493,15494,2023051004000274,SGIC,26,34,10,433.00,4330.00
15494,15495,2023051005000047,NIBLPF,10,10,375,8.03,3011.25
15495,15496,2023051004000273,HDHPC,57,38,100,163.20,16320.00
15496,15497,2023051003000054,NLIC,53,17,280,660.00,184800.00
15497,15498,2023051001000232,PRVU,59,34,772,164.20,126762.40
15498,15499,2023051001000231,PRVU,49,34,20,165.00,3300.00
15499,15500,2023051001000230,PRVU,51,34,151,165.00,24915.00
15500,15501,2023051001000229,PRVU,42,34,10,165.00,1650.00
15501,15502,2023051001000228,PRVU,42,34,10,165.00,1650.00
15502,15503,2023051001000227,PRVU,52,34,200,165.00,33000.00
15503,15504,2023051001000226,PRVU,26,34,53,165.00,8745.00
15504,15505,2023051001000225,PRVU,56,34,70,165.00,11550.00
15505,15506,2023051001000224,PRVU,42,34,71,165.00,11715.00
15506,15507,2023051001000223,JALPA,59,56,30,1630.00,48900.00
15507,15508,2023051001000222,TAMOR,49,42,10,275.00,2750.00
15508,15509,2023051004000272,HDHPC,42,28,400,163.00,65200.00
15509,15510,2023051003000053,NLIC,49,34,25,660.00,16500.00
15510,15511,2023051003000052,NLIC,59,34,575,660.00,379500.00
15511,15512,2023051001000221,PHCL,42,34,10,308.80,3088.00
15512,15513,2023051001000220,MHCL,36,45,10,215.80,2158.00
15513,15514,2023051004000271,SGIC,26,35,10,433.00,4330.00
15514,15515,2023051001000219,SHIVM,49,1,10,403.10,4031.00
15515,15516,2023051004000270,HDHPC,42,13,10,163.00,1630.00
15516,15517,2023051004000269,HDHPC,42,1,50,163.00,8150.00
15517,15518,2023051004000268,HDHPC,42,48,500,163.00,81500.00
15518,15519,2023051004000267,HDHPC,42,36,855,163.00,139365.00
15519,15520,2023051003000051,GBLBS,26,42,80,440.00,35200.00
15520,15521,2023051003000050,PLI,52,33,10,401.00,4010.00
15521,15522,2023051001000218,NIMB,6,19,65,180.20,11713.00
15522,15523,2023051004000266,JOSHI,52,39,10,254.00,2540.00
15523,15524,2023051004000265,HDHPC,44,36,145,163.00,23635.00
15524,15525,2023051004000264,HDHPC,44,35,80,163.00,13040.00
15525,15526,2023051004000263,HDHPC,44,32,900,162.90,146610.00
15526,15527,2023051004000262,HDHPC,44,34,375,162.00,60750.00
15527,15528,2023051005000046,HIDCL,57,55,105,181.00,19005.00
15528,15529,2023051003000049,RMDC,55,55,10,678.30,6783.00
15529,15530,2023051001000217,TAMOR,49,58,10,275.00,2750.00
15530,15531,2023051001000216,MAKAR,34,34,10,251.20,2512.00
15531,15532,2023051001000215,JALPA,59,38,10,1630.00,16300.00
15532,15533,2023051001000214,DORDI,4,58,10,262.10,2621.00
15533,15534,2023051004000261,HDHPC,58,34,25,162.00,4050.00
15534,15535,2023051004000260,JOSHI,5,50,10,260.10,2601.00
15535,15536,2023051005000045,NIBLPF,10,10,175,8.17,1429.75
15536,15537,2023051001000213,MHCL,33,58,10,216.00,2160.00
15537,15538,2023051001000212,MHCL,36,35,10,216.00,2160.00
15538,15539,2023051004000259,JOSHI,49,39,10,255.00,2550.00
15539,15540,2023051004000258,AKJCL,56,55,400,207.00,82800.00
15540,15541,2023051005000044,NIFRA,1,59,10,210.00,2100.00
15541,15542,2023051001000211,AHL,56,49,30,347.00,10410.00
15542,15543,2023051001000210,NYADI,49,44,10,267.20,2672.00
15543,15544,2023051004000257,JOSHI,5,50,10,260.10,2601.00
15544,15545,2023051004000256,SICL,10,17,26,720.00,18720.00
15545,15546,2023051001000209,GBIME,53,19,44,184.00,8096.00
15546,15547,2023051001000208,GBIME,45,19,100,184.10,18410.00
15547,15548,2023051001000207,GBIME,41,19,10,184.50,1845.00
15548,15549,2023051001000206,DORDI,48,40,10,267.30,2673.00
15549,15550,2023051001000205,DORDI,48,38,10,267.00,2670.00
15550,15551,2023051001000204,MHCL,44,34,10,215.70,2157.00
15551,15552,2023051004000255,HDHPC,35,35,220,163.00,35860.00
15552,15553,2023051004000254,HDHPC,35,35,300,163.00,48900.00
15553,15554,2023051004000253,HDHPC,35,37,80,163.00,13040.00
15554,15555,2023051004000252,HDHPC,35,58,1000,162.00,162000.00
15555,15556,2023051001000203,NICA,43,44,10,719.00,7190.00
15556,15557,2023051001000202,MBJC,45,44,10,275.00,2750.00
15557,15558,2023051004000251,JOSHI,20,39,10,255.00,2550.00
15558,15559,2023051001000201,SBL,58,17,10,252.00,2520.00
15559,15560,2023051001000200,KBL,26,58,10,164.00,1640.00
15560,15561,2023051005000043,SFEF,29,35,100,7.65,765.00
15561,15562,2023051005000042,SFEF,58,35,100,7.66,766.00
15562,15563,2023051004000250,API,8,19,65,232.00,15080.00
15563,15564,2023051004000249,HDHPC,44,37,10,163.00,1630.00
15564,15565,2023051003000048,PLI,52,8,10,401.00,4010.00
15565,15566,2023051004000248,HDHPC,45,37,300,163.00,48900.00
15566,15567,2023051001000199,SRBL,58,47,10,183.90,1839.00
15567,15568,2023051001000198,BHL,34,34,10,282.50,2825.00
15568,15569,2023051003000047,CBBL,7,58,15,781.20,11718.00
15569,15570,2023051004000247,HDHPC,41,37,100,163.00,16300.00
15570,15571,2023051003000046,ALICL,45,17,141,555.00,78255.00
15571,15572,2023051003000045,ALICL,45,39,59,554.00,32686.00
15572,15573,2023051005000041,CIT,33,38,25,2024.00,50600.00
15573,15574,2023051001000197,NABIL,43,57,10,599.00,5990.00
15574,15575,2023051004000246,HDHPC,5,37,500,163.00,81500.00
15575,15576,2023051001000196,KBL,39,25,10,165.00,1650.00
15576,15577,2023051001000195,LBL,58,37,10,184.10,1841.00
15577,15578,2023051001000194,ANLB,53,58,10,610.80,6108.00
15578,15579,2023051001000193,SAHAS,42,49,10,490.00,4900.00
15579,15580,2023051001000192,SBL,16,5,25,245.10,6127.50
15580,15581,2023051005000040,NIFRA,58,59,10,210.00,2100.00
15581,15582,2023051001000191,AHL,56,36,10,343.00,3430.00
15582,15583,2023051004000245,AHPC,32,44,40,282.00,11280.00
15583,15584,2023051001000190,RFPL,29,35,10,252.00,2520.00
15584,15585,2023051001000189,RFPL,29,57,10,252.00,2520.00
15585,15586,2023051001000188,RFPL,29,39,10,249.90,2499.00
15586,15587,2023051001000187,MBJC,45,8,10,275.00,2750.00
15587,15588,2023051004000244,API,8,16,194,232.00,45008.00
15588,15589,2023051004000243,BARUN,5,56,20,234.00,4680.00
15589,15590,2023051004000242,RURU,36,58,10,698.20,6982.00
15590,15591,2023051001000186,JALPA,13,1,10,1615.10,16151.00
15591,15592,2023051004000241,HDHPC,16,37,10,163.00,1630.00
15592,15593,2023051004000240,HDHPC,16,59,40,162.00,6480.00
15593,15594,2023051001000185,NMB,52,42,31,235.00,7285.00
15594,15595,2023051005000039,NRIC,1,29,20,689.00,13780.00
15595,15596,2023051005000038,NTC,52,17,50,799.90,39995.00
15596,15597,2023051004000239,HDHPC,40,48,170,160.20,27234.00
15597,15598,2023051005000037,HIDCL,26,26,133,180.00,23940.00
15598,15599,2023051005000036,NRIC,36,40,43,688.00,29584.00
15599,15600,2023051001000184,SMHL,38,34,10,382.50,3825.00
15600,15601,2023051004000238,HDHPC,6,48,30,160.20,4806.00
15601,15602,2023051004000237,HDHPC,6,51,70,160.20,11214.00
15602,15603,2023051004000236,BPCL,6,34,100,318.00,31800.00
15603,15604,2023051004000235,HDHPC,44,51,500,160.20,80100.00
15604,15605,2023051004000234,HDHPC,14,51,430,160.20,68886.00
15605,15606,2023051004000233,HDHPC,14,38,70,160.20,11214.00
15606,15607,2023051004000232,HDHPC,35,58,200,160.10,32020.00
15607,15608,2023051004000231,JOSHI,5,8,10,260.00,2600.00
15608,15609,2023051003000044,VLBS,11,34,18,565.00,10170.00
15609,15610,2023051001000183,NBL,21,17,22,250.00,5500.00
15610,15611,2023051004000230,HDHPC,26,38,100,160.20,16020.00
15611,15612,2023051001000182,JALPA,28,58,10,1633.00,16330.00
15612,15613,2023051003000043,NLIC,59,49,500,660.00,330000.00
15613,15614,2023051003000042,NLIC,59,17,218,659.90,143858.20
15614,15615,2023051003000041,NLIC,59,32,193,659.80,127341.40
15615,15616,2023051003000040,NLIC,59,17,250,659.00,164750.00
15616,15617,2023051003000039,NLIC,59,34,40,659.00,26360.00
15617,15618,2023051003000038,NLIC,59,17,24,658.00,15792.00
15618,15619,2023051004000229,HDHPC,16,38,30,160.20,4806.00
15619,15620,2023051004000228,HDHPC,16,14,70,160.20,11214.00
15620,15621,2023051001000181,SCB,32,42,100,528.90,52890.00
15621,15622,2023051005000035,KEF,47,10,125,7.75,968.75
15622,15623,2023051001000180,KBL,14,25,600,165.00,99000.00
15623,15624,2023051004000227,HDHPC,48,14,50,160.20,8010.00
15624,15625,2023051005000034,NIFRA,42,58,14,209.90,2938.60
15625,15626,2023051004000226,HDHPC,49,58,1000,160.10,160100.00
15626,15627,2023051004000225,NHDL,32,41,10,371.90,3719.00
15627,15628,2023051005000033,HIDCL,57,21,182,178.00,32396.00
15628,15629,2023051004000224,BARUN,40,49,275,235.00,64625.00
15629,15630,2023051001000179,DORDI,48,35,10,262.10,2621.00
15630,15631,2023051004000223,HDHPC,6,58,100,160.10,16010.00
15631,15632,2023051004000222,HDHPC,44,14,180,160.20,28836.00
15632,15633,2023051004000221,HDHPC,44,38,20,160.20,3204.00
15633,15634,2023051004000220,HDHPC,6,38,100,160.20,16020.00
15634,15635,2023051005000032,NIFRA,34,45,45,210.00,9450.00
15635,15636,2023051003000037,CORBL,39,41,10,309.40,3094.00
15636,15637,2023051001000178,GBIME,34,59,20,184.90,3698.00
15637,15638,2023051001000177,KBL,41,25,100,165.00,16500.00
15638,15639,2023051001000176,RFPL,29,19,10,248.00,2480.00
15639,15640,2023051003000036,GRDBL,39,58,10,242.70,2427.00
15640,15641,2023051001000175,DORDI,49,58,10,260.00,2600.00
15641,15642,2023051001000174,SMHL,6,49,10,382.30,3823.00
15642,15643,2023051001000173,NABIL,42,19,20,599.80,11996.00
15643,15644,2023051001000172,NABIL,45,19,99,599.80,59380.20
15644,15645,2023051004000219,HDHPC,29,6,330,160.00,52800.00
15645,15646,2023051003000035,CORBL,39,43,10,303.40,3034.00
15646,15647,2023051003000034,CORBL,39,57,10,297.50,2975.00
15647,15648,2023051001000171,NIMB,52,19,65,180.10,11706.50
15648,15649,2023051004000218,SHPC,50,50,116,330.00,38280.00
15649,15650,2023051004000217,SSHL,32,52,10,199.90,1999.00
15650,15651,2023051004000216,HDHPC,35,6,170,160.10,27217.00
15651,15652,2023051004000215,API,42,58,100,232.00,23200.00
15652,15653,2023051004000214,SSHL,32,14,575,199.90,114942.50
15653,15654,2023051004000213,SSHL,58,14,25,199.90,4997.50
15654,15655,2023051004000212,SHEL,38,6,10,281.30,2813.00
15655,15656,2023051001000170,SCB,16,17,70,529.00,37030.00
15656,15657,2023051001000169,SCB,16,52,30,529.00,15870.00
15657,15658,2023051005000031,HIDCL,57,26,800,180.00,144000.00
15658,15659,2023051005000030,HIDCL,32,26,400,180.00,72000.00
15659,15660,2023051005000029,HIDCL,56,26,17,180.00,3060.00
15660,15661,2023051004000211,HDHPC,35,6,57,160.10,9125.70
15661,15662,2023051004000210,HDHPC,35,39,23,160.00,3680.00
15662,15663,2023051004000209,HDHPC,22,39,30,160.00,4800.00
15663,15664,2023051004000208,HDHPC,6,39,147,160.00,23520.00
15664,15665,2023051001000168,CZBIL,45,55,100,170.00,17000.00
15665,15666,2023051005000028,NIFRA,44,19,48,210.00,10080.00
15666,15667,2023051004000207,JOSHI,20,13,90,255.00,22950.00
15667,15668,2023051004000206,NGPL,45,56,20,236.10,4722.00
15668,15669,2023051005000027,NIFRA,44,6,100,210.00,21000.00
15669,15670,2023051001000167,JBLB,38,6,10,1452.30,14523.00
15670,15671,2023051004000205,CGH,54,45,10,1021.00,10210.00
15671,15672,2023051001000166,SANIMA,16,17,357,242.10,86429.70
15672,15673,2023051004000204,HDHPC,11,6,200,160.10,32020.00
15673,15674,2023051005000026,HIDCL,56,19,83,180.00,14940.00
15674,15675,2023051005000025,HIDCL,52,19,50,180.00,9000.00
15675,15676,2023051004000203,JOSHI,5,13,10,255.00,2550.00
15676,15677,2023051001000165,NMBD87/88,33,17,10,760.00,7600.00
15677,15678,2023051004000202,HDHPC,6,25,53,159.90,8474.70
15678,15679,2023051003000033,CORBL,39,43,10,297.50,2975.00
15679,15680,2023051004000201,AKPL,55,39,50,362.00,18100.00
15680,15681,2023051004000200,CGH,45,19,10,1021.10,10211.00
15681,15682,2023051004000199,HDHPC,21,25,15,159.90,2398.50
15682,15683,2023051001000164,MBJC,45,58,10,275.00,2750.00
15683,15684,2023051004000198,AHPC,32,38,12,282.00,3384.00
15684,15685,2023051004000197,AHPC,32,39,48,282.00,13536.00
15685,15686,2023051001000163,TAMOR,4,6,10,274.00,2740.00
15686,15687,2023051004000196,HDHPC,58,25,50,159.90,7995.00
15687,15688,2023051004000195,HDHPC,41,25,182,160.00,29120.00
15688,15689,2023051004000194,HDHPC,41,6,500,160.00,80000.00
15689,15690,2023051001000162,NABIL,45,26,100,599.80,59980.00
15690,15691,2023051004000193,HDHPC,16,6,100,160.10,16010.00
15691,15692,2023051001000161,BHL,34,19,10,288.20,2882.00
15692,15693,2023051001000160,TAMOR,4,55,10,274.00,2740.00
15693,15694,2023051001000159,KDL,38,56,10,721.10,7211.00
15694,15695,2023051001000158,KDL,38,58,10,721.10,7211.00
15695,15696,2023051001000157,KDL,38,52,10,721.00,7210.00
15696,15697,2023051001000156,KDL,38,58,10,720.00,7200.00
15697,15698,2023051004000192,AKPL,38,39,30,362.00,10860.00
15698,15699,2023051001000155,SGHC,41,18,10,293.10,2931.00
15699,15700,2023051001000154,NBL,45,17,377,249.00,93873.00
15700,15701,2023051004000191,HDHPC,41,42,250,160.00,40000.00
15701,15702,2023051004000190,HDHPC,41,29,1500,160.00,240000.00
15702,15703,2023051004000189,HDHPC,41,6,248,160.00,39680.00
15703,15704,2023051004000188,HDHPC,41,21,200,159.90,31980.00
15704,15705,2023051004000187,HDHPC,41,58,120,159.00,19080.00
15705,15706,2023051005000024,NIFRA,44,48,54,210.00,11340.00
15706,15707,2023051001000153,BHDC,3,19,10,388.20,3882.00
15707,15708,2023051004000186,HDHPC,34,58,25,159.00,3975.00
15708,15709,2023051001000152,NBL,52,17,100,249.00,24900.00
15709,15710,2023051001000151,AHL,56,6,10,343.00,3430.00
15710,15711,2023051001000150,NMBD87/88,33,17,10,760.00,7600.00
15711,15712,2023051001000149,SAHAS,29,35,10,488.00,4880.00
15712,15713,2023051004000185,HDHPC,58,58,200,159.00,31800.00
15713,15714,2023051004000184,HDHPC,34,58,10,159.00,1590.00
15714,15715,2023051005000023,NIFRA,44,44,100,210.00,21000.00
15715,15716,2023051005000022,NIFRA,44,7,390,210.00,81900.00
15716,15717,2023051005000021,NIFRA,44,52,64,210.00,13440.00
15717,15718,2023051005000020,NIFRA,44,36,44,210.00,9240.00
15718,15719,2023051005000019,NIFRA,44,34,200,209.90,41980.00
15719,15720,2023051001000148,ADBL,58,57,10,234.60,2346.00
15720,15721,2023051001000147,ADBL,58,58,10,233.00,2330.00
15721,15722,2023051001000146,BHDC,3,49,10,388.20,3882.00
15722,15723,2023051001000145,JBLB,7,38,10,1423.90,14239.00
15723,15724,2023051001000144,SHIVM,32,58,10,402.00,4020.00
15724,15725,2023051003000032,NLIC,25,17,100,658.00,65800.00
15725,15726,2023051001000143,SBL,5,32,300,248.10,74430.00
15726,15727,2023051003000031,CORBL,39,57,10,291.70,2917.00
15727,15728,2023051003000030,NADEP,25,35,10,511.60,5116.00
15728,15729,2023051004000183,API,7,55,280,234.00,65520.00
15729,15730,2023051004000182,API,7,16,120,233.80,28056.00
15730,15731,2023051001000142,SBI,58,56,10,331.00,3310.00
15731,15732,2023051003000029,NLIC,17,17,100,656.00,65600.00
15732,15733,2023051004000181,NHDL,33,18,10,358.50,3585.00
15733,15734,2023051001000141,NABIL,45,32,51,599.80,30589.80
15734,15735,2023051001000140,NABIL,45,58,50,599.00,29950.00
15735,15736,2023051001000139,SCB,58,52,10,529.00,5290.00
15736,15737,2023051004000180,RADHI,17,56,70,234.00,16380.00
15737,15738,2023051004000179,RHPL,42,28,20,276.90,5538.00
15738,15739,2023051001000138,EBL,58,42,10,535.00,5350.00
15739,15740,2023051001000137,MAKAR,4,46,10,251.00,2510.00
15740,15741,2023051001000136,NIMB,16,49,66,182.00,12012.00
15741,15742,2023051001000135,KBL,32,25,200,165.00,33000.00
15742,15743,2023051001000134,JALPA,53,13,10,1612.00,16120.00
15743,15744,2023051001000133,NABIL,58,7,15,598.00,8970.00
15744,15745,2023051001000132,SPL,20,34,10,525.40,5254.00
15745,15746,2023051001000131,SPL,20,57,10,522.00,5220.00
15746,15747,2023051001000130,SPL,20,32,10,521.90,5219.00
15747,15748,2023051001000129,NICA,58,17,10,719.00,7190.00
15748,15749,2023051001000128,MHCL,49,49,120,216.00,25920.00
15749,15750,2023051004000178,SSHL,58,4,200,199.00,39800.00
15750,15751,2023051001000127,MAKAR,34,41,10,250.50,2505.00
15751,15752,2023051004000177,UNHPL,18,6,10,203.10,2031.00
15752,15753,2023051001000126,NBL,58,17,200,249.00,49800.00
15753,15754,2023051001000125,NBL,49,17,13,249.00,3237.00
15754,15755,2023051001000124,NBL,41,17,50,249.10,12455.00
15755,15756,2023051001000123,DORDI,57,44,10,257.00,2570.00
15756,15757,2023051005000018,NRIC,58,49,10,690.00,6900.00
15757,15758,2023051001000122,JALPA,53,14,20,1612.00,32240.00
15758,15759,2023051001000121,JALPA,10,14,11,1612.60,17738.60
15759,15760,2023051003000028,KRBL,29,52,10,254.00,2540.00
15760,15761,2023051001000120,MAKAR,34,58,10,250.50,2505.00
15761,15762,2023051001000119,JALPA,28,35,10,1635.00,16350.00
15762,15763,2023051004000176,HDHPC,53,6,100,160.00,16000.00
15763,15764,2023051001000118,MBJC,18,48,10,274.00,2740.00
15764,15765,2023051004000175,HDHPC,19,6,15,160.00,2400.00
15765,15766,2023051004000174,HDHPC,17,6,20,160.00,3200.00
15766,15767,2023051004000173,HDHPC,44,6,117,160.00,18720.00
15767,15768,2023051001000117,GBIME,41,59,50,184.90,9245.00
15768,15769,2023051004000172,HDHPC,36,6,500,160.10,80050.00
15769,15770,2023051001000116,JALPA,53,44,40,1612.00,64480.00
15770,15771,2023051004000171,HDHPC,45,6,113,160.10,18091.30
15771,15772,2023051004000170,HDHPC,6,6,30,160.10,4803.00
15772,15773,2023051001000115,NMB,6,38,140,236.00,33040.00
15773,15774,2023051004000169,NGPL,6,55,100,240.00,24000.00
15774,15775,2023051003000027,MNBBL,10,45,10,392.00,3920.00
15775,15776,2023051004000168,HDHPC,44,58,600,160.00,96000.00
15776,15777,2023051003000026,FOWAD,55,55,100,1217.90,121790.00
15777,15778,2023051001000114,MAKAR,25,4,10,250.40,2504.00
15778,15779,2023051004000167,HDHPC,44,45,50,160.00,8000.00
15779,15780,2023051004000166,HDHPC,44,42,13,160.00,2080.00
15780,15781,2023051004000165,HDHPC,44,14,200,160.00,32000.00
15781,15782,2023051004000164,HDHPC,44,34,20,160.00,3200.00
15782,15783,2023051001000113,JALPA,13,28,10,1611.40,16114.00
15783,15784,2023051001000112,JALPA,7,28,10,1611.50,16115.00
15784,15785,2023051004000163,HDHPC,58,34,70,160.00,11200.00
15785,15786,2023051004000162,RHPL,45,58,50,275.00,13750.00
15786,15787,2023051004000161,HDHPC,46,34,100,160.00,16000.00
15787,15788,2023051004000160,SPIL,58,58,4,568.40,2273.60
15788,15789,2023051004000159,BARUN,25,49,100,235.00,23500.00
15789,15790,2023051001000111,PHCL,35,57,10,315.00,3150.00
15790,15791,2023051004000158,HDHPC,55,34,10,160.00,1600.00
15791,15792,2023051004000157,HDHPC,55,57,190,160.00,30400.00
15792,15793,2023051001000110,SHLB,58,38,20,1132.00,22640.00
15793,15794,2023051001000109,MBJC,14,44,10,273.00,2730.00
15794,15795,2023051001000108,HIDCLP,59,28,10,98.90,989.00
15795,15796,2023051004000156,SHL,34,34,200,261.00,52200.00
15796,15797,2023051004000155,HDHPC,58,57,10,160.00,1600.00
15797,15798,2023051003000025,GBBL,20,7,13,347.10,4512.30
15798,15799,2023051005000017,HIDCL,57,55,10,181.00,1810.00
15799,15800,2023051001000107,UHEWA,17,49,10,371.00,3710.00
15800,15801,2023051001000106,JALPA,10,45,10,1630.00,16300.00
15801,15802,2023051001000105,SAHAS,42,49,10,490.00,4900.00
15802,15803,2023051001000104,AHL,56,58,10,343.00,3430.00
15803,15804,2023051001000103,ADBL,35,39,10,230.00,2300.00
15804,15805,2023051001000102,SPC,13,49,10,407.00,4070.00
15805,15806,2023051001000101,SMJC,22,28,10,250.90,2509.00
15806,15807,2023051001000100,SMJC,22,36,10,250.90,2509.00
15807,15808,2023051001000099,SHLB,58,16,20,1131.00,22620.00
15808,15809,2023051001000098,KDL,35,44,10,707.00,7070.00
15809,15810,2023051001000097,NABIL,19,28,220,599.90,131978.00
15810,15811,2023051001000096,MAKAR,51,39,10,253.00,2530.00
15811,15812,2023051001000095,BHPL,7,34,10,436.20,4362.00
15812,15813,2023051001000094,NIMB,58,32,25,180.00,4500.00
15813,15814,2023051001000093,NIMB,52,32,100,180.10,18010.00
15814,15815,2023051003000024,GILB,25,49,10,765.00,7650.00
15815,15816,2023051003000023,JBBL,13,58,80,255.00,20400.00
15816,15817,2023051004000154,NGPL,58,55,145,240.00,34800.00
15817,15818,2023051004000153,BARUN,33,49,20,235.00,4700.00
15818,15819,2023051005000016,NIFRA,32,36,10,210.00,2100.00
15819,15820,2023051001000092,GVL,45,55,20,399.90,7998.00
15820,15821,2023051001000091,NABIL,54,25,18,600.00,10800.00
15821,15822,2023051001000090,NABIL,54,11,114,600.00,68400.00
15822,15823,2023051001000089,MHCL,49,55,20,216.00,4320.00
15823,15824,2023051001000088,MHCL,49,55,10,216.00,2160.00
15824,15825,2023051001000087,KDL,35,58,10,707.00,7070.00
15825,15826,2023051001000086,KDL,34,43,20,707.10,14142.00
15826,15827,2023051001000085,MKLB,42,36,10,610.00,6100.00
15827,15828,2023051001000084,JALPA,28,34,10,1640.00,16400.00
15828,15829,2023051005000015,NRN,17,18,10,436.00,4360.00
15829,15830,2023051001000083,KDL,35,28,15,707.00,10605.00
15830,15831,2023051004000152,HDHPC,32,57,50,160.00,8000.00
15831,15832,2023051001000082,PRVU,42,58,29,165.00,4785.00
15832,15833,2023051004000151,HDHPC,46,57,20,158.00,3160.00
15833,15834,2023051001000081,GVL,45,49,10,395.00,3950.00
15834,15835,2023051004000150,HDHPC,56,57,130,158.00,20540.00
15835,15836,2023051005000014,HIDCL,52,55,160,181.00,28960.00
15836,15837,2023051003000022,NLBBL,19,7,14,550.00,7700.00
15837,15838,2023051001000080,BPW,41,16,10,252.10,2521.00
15838,15839,2023051004000149,HDHPC,32,57,50,158.00,7900.00
15839,15840,2023051004000148,HDHPC,32,18,150,158.00,23700.00
15840,15841,2023051001000079,KBL,13,17,500,166.00,83000.00
15841,15842,2023051004000147,HDHPC,6,57,10,160.00,1600.00
15842,15843,2023051001000078,NABIL,41,11,17,600.00,10200.00
15843,15844,2023051001000077,NABIL,41,21,13,600.00,7800.00
15844,15845,2023051001000076,MAKAR,4,34,10,250.00,2500.00
15845,15846,2023051004000146,HDHPC,38,57,100,160.00,16000.00
15846,15847,2023051001000075,MAKAR,25,55,10,249.00,2490.00
15847,15848,2023051004000145,HDHPC,14,57,40,160.00,6400.00
15848,15849,2023051004000144,HDHPC,28,57,100,160.10,16010.00
15849,15850,2023051001000074,JALPA,13,42,10,1611.40,16114.00
15850,15851,2023051004000143,HDHPC,28,41,100,160.10,16010.00
15851,15852,2023051004000142,HDHPC,28,13,300,160.10,48030.00
15852,15853,2023051004000141,HDHPC,39,38,300,160.20,48060.00
15853,15854,2023051004000140,HDHPC,58,38,10,160.20,1602.00
15854,15855,2023051001000073,MAKAR,25,28,10,249.00,2490.00
15855,15856,2023051004000139,HDHPC,58,38,80,160.20,12816.00
15856,15857,2023051004000138,HDHPC,4,38,20,160.20,3204.00
15857,15858,2023051004000137,HDHPC,54,38,100,160.20,16020.00
15858,15859,2023051004000136,HDHPC,54,38,100,160.20,16020.00
15859,15860,2023051004000135,HDHPC,40,38,150,160.20,24030.00
15860,15861,2023051004000134,HDHPC,40,32,200,160.20,32040.00
15861,15862,2023051004000133,HDHPC,40,34,100,160.20,16020.00
15862,15863,2023051004000132,AKPL,55,58,50,360.00,18000.00
15863,15864,2023051001000072,MAKAR,25,4,10,249.00,2490.00
15864,15865,2023051005000013,NTC,14,17,50,799.90,39995.00
15865,15866,2023051003000021,NLICL,52,7,13,567.00,7371.00
15866,15867,2023051004000131,HDHPC,40,14,50,160.20,8010.00
15867,15868,2023051004000130,HDHPC,8,14,450,160.20,72090.00
15868,15869,2023051004000129,HDHPC,8,3,100,160.20,16020.00
15869,15870,2023051004000128,HDHPC,8,45,450,160.20,72090.00
15870,15871,2023051004000127,HDHPC,48,45,50,160.20,8010.00
15871,15872,2023051005000012,NIFRA,44,58,44,209.00,9196.00
15872,15873,2023051001000071,MHCL,49,44,10,216.00,2160.00
15873,15874,2023051001000070,RFPL,29,58,10,245.00,2450.00
15874,15875,2023051004000126,HEI,47,22,20,436.00,8720.00
15875,15876,2023051001000069,MAKAR,38,16,10,248.30,2483.00
15876,15877,2023051004000125,HDHPC,3,49,820,160.20,131364.00
15877,15878,2023051004000124,HDHPC,58,49,180,160.30,28854.00
15878,15879,2023051004000123,AKPL,55,58,50,360.00,18000.00
15879,15880,2023051004000122,HDHPC,39,32,350,162.90,57015.00
15880,15881,2023051001000068,JALPA,45,34,50,1644.00,82200.00
15881,15882,2023051004000121,HDHPC,39,58,50,162.90,8145.00
15882,15883,2023051003000020,NMFBS,45,7,16,1145.00,18320.00
15883,15884,2023051001000067,KDL,46,54,10,720.00,7200.00
15884,15885,2023051005000011,NIFRA,32,58,10,209.00,2090.00
15885,15886,2023051004000120,HDHPC,29,32,800,163.40,130720.00
15886,15887,2023051005000010,NIFRA,42,54,64,207.00,13248.00
15887,15888,2023051004000119,HDHPC,54,25,470,166.00,78020.00
15888,15889,2023051004000118,HDHPC,54,59,30,165.90,4977.00
15889,15890,2023051004000117,HDHPC,29,25,200,163.40,32680.00
15890,15891,2023051004000116,HDHPC,45,25,300,163.40,49020.00
15891,15892,2023051004000115,HDHPC,4,25,500,163.40,81700.00
15892,15893,2023051001000066,MAKAR,41,21,10,248.20,2482.00
15893,15894,2023051001000065,MAKAR,41,4,10,248.20,2482.00
15894,15895,2023051004000114,HDHPC,28,39,550,163.40,89870.00
15895,15896,2023051004000113,HDHPC,26,39,40,163.40,6536.00
15896,15897,2023051004000112,HDHPC,48,39,10,163.50,1635.00
15897,15898,2023051005000009,HIDCL,32,55,10,181.00,1810.00
15898,15899,2023051001000064,SHIVM,1,44,30,403.00,12090.00
15899,15900,2023051004000111,BPCL,14,34,193,318.20,61412.60
15900,15901,2023051004000110,BPCL,14,39,122,318.10,38808.20
15901,15902,2023051004000109,HDHPC,42,25,120,166.00,19920.00
15902,15903,2023051004000108,HDHPC,42,25,130,166.00,21580.00
15903,15904,2023051004000107,HDHPC,49,25,100,166.00,16600.00
15904,15905,2023051004000106,HDHPC,38,25,200,166.00,33200.00
15905,15906,2023051004000105,HDHPC,29,25,50,166.00,8300.00
15906,15907,2023051004000104,HDHPC,14,52,123,166.20,20442.60
15907,15908,2023051004000103,HDHPC,14,58,1877,166.20,311957.40
15908,15909,2023051003000019,NUBL,52,7,14,524.10,7337.40
15909,15910,2023051001000063,DORDI,33,38,10,260.70,2607.00
15910,15911,2023051004000102,PRIN,42,35,10,444.00,4440.00
15911,15912,2023051004000101,HDHPC,51,58,10,166.20,1662.00
15912,15913,2023051004000100,HDHPC,36,58,10,166.20,1662.00
15913,15914,2023051004000099,HDHPC,42,58,10,166.20,1662.00
15914,15915,2023051004000098,HDHPC,16,58,93,166.20,15456.60
15915,15916,2023051004000097,HDHPC,16,17,57,166.20,9473.40
15916,15917,2023051004000096,HDHPC,34,17,10,166.20,1662.00
15917,15918,2023051004000095,HDHPC,32,17,403,166.20,66978.60
15918,15919,2023051004000094,HDHPC,32,48,597,166.20,99221.40
15919,15920,2023051004000093,HDHPC,29,48,500,166.20,83100.00
15920,15921,2023051004000092,HDHPC,32,48,1500,166.20,249300.00
15921,15922,2023051004000091,HDHPC,8,48,200,166.20,33240.00
15922,15923,2023051004000090,HDHPC,35,48,20,166.20,3324.00
15923,15924,2023051004000089,HDHPC,28,48,3000,166.20,498600.00
15924,15925,2023051004000088,HDHPC,57,48,100,166.20,16620.00
15925,15926,2023051004000087,HDHPC,51,48,83,166.20,13794.60
15926,15927,2023051001000062,MAKAR,43,49,10,248.20,2482.00
15927,15928,2023051005000008,NTC,58,45,125,796.00,99500.00
15928,15929,2023051005000007,NTC,40,45,300,796.00,238800.00
15929,15930,2023051004000086,HDHPC,51,41,17,166.20,2825.40
15930,15931,2023051004000085,HDHPC,26,41,38,166.20,6315.60
15931,15932,2023051004000084,HDHPC,26,22,100,166.20,16620.00
15932,15933,2023051004000083,HDHPC,26,26,362,166.20,60164.40
15933,15934,2023051004000082,HDHPC,19,26,38,166.20,6315.60
15934,15935,2023051004000081,HDHPC,19,50,62,166.20,10304.40
15935,15936,2023051004000080,HDHPC,57,50,600,166.20,99720.00
15936,15937,2023051004000079,HDHPC,43,50,200,166.20,33240.00
15937,15938,2023051004000078,HDHPC,1,50,30,166.20,4986.00
15938,15939,2023051004000077,HDHPC,38,50,115,166.20,19113.00
15939,15940,2023051004000076,HDHPC,13,50,50,166.20,8310.00
15940,15941,2023051004000075,HDHPC,54,50,100,166.20,16620.00
15941,15942,2023051004000074,HDHPC,3,50,30,166.20,4986.00
15942,15943,2023051004000073,HDHPC,44,50,743,166.20,123486.60
15943,15944,2023051001000061,NYADI,52,16,10,266.00,2660.00
15944,15945,2023051004000072,HDHPC,44,58,1000,166.20,166200.00
15945,15946,2023051004000071,PRIN,42,35,90,444.00,39960.00
15946,15947,2023051001000060,NABIL,25,28,100,597.90,59790.00
15947,15948,2023051001000059,GBIME,22,8,10,185.00,1850.00
15948,15949,2023051004000070,SJCL,22,28,20,264.60,5292.00
15949,15950,2023051004000069,HDHPC,44,33,8257,166.20,1372313.40
15950,15951,2023051004000068,HDHPC,48,33,20,166.20,3324.00
15951,15952,2023051004000067,HDHPC,14,33,1000,166.20,166200.00
15952,15953,2023051004000066,HDHPC,16,33,500,166.20,83100.00
15953,15954,2023051004000065,HDHPC,32,33,100,166.20,16620.00
15954,15955,2023051004000064,HDHPC,3,33,123,166.20,20442.60
15955,15956,2023051005000006,HIDCL,52,35,40,179.00,7160.00
15956,15957,2023051001000058,DORDI,41,38,100,260.80,26080.00
15957,15958,2023051001000057,SAHAS,29,38,10,488.00,4880.00
15958,15959,2023051003000018,NADEP,25,7,10,522.00,5220.00
15959,15960,2023051001000056,MKLB,42,41,10,601.80,6018.00
15960,15961,2023051001000055,MAKAR,43,28,10,248.20,2482.00
15961,15962,2023051004000063,HDHPC,3,58,377,166.20,62657.40
15962,15963,2023051004000062,HDHPC,36,58,200,166.20,33240.00
15963,15964,2023051004000061,HDHPC,58,58,200,166.20,33240.00
15964,15965,2023051004000060,HDHPC,51,58,223,166.20,37062.60
15965,15966,2023051004000059,HDHPC,51,10,200,166.20,33240.00
15966,15967,2023051001000054,JALPA,28,42,10,1644.00,16440.00
15967,15968,2023051003000017,SDLBSL,26,7,12,602.90,7234.80
15968,15969,2023051004000058,HDHPC,51,49,577,166.20,95897.40
15969,15970,2023051004000057,HDHPC,34,49,200,166.20,33240.00
15970,15971,2023051004000056,HDHPC,11,49,100,166.20,16620.00
15971,15972,2023051004000055,HDHPC,38,49,15,166.20,2493.00
15972,15973,2023051004000054,HDHPC,14,49,600,166.20,99720.00
15973,15974,2023051004000053,HDHPC,57,49,300,166.20,49860.00
15974,15975,2023051004000052,HDHPC,28,49,10,166.20,1662.00
15975,15976,2023051004000051,HDHPC,59,49,100,166.20,16620.00
15976,15977,2023051004000050,HDHPC,45,49,200,166.20,33240.00
15977,15978,2023051004000049,HDHPC,45,49,198,166.20,32907.60
15978,15979,2023051004000048,HDHPC,45,16,50,166.20,8310.00
15979,15980,2023051004000047,HDHPC,45,42,36,166.20,5983.20
15980,15981,2023051003000016,NLIC,42,25,40,665.00,26600.00
15981,15982,2023051003000015,NLIC,42,17,10,665.00,6650.00
15982,15983,2023051004000046,HDHPC,45,39,16,166.20,2659.20
15983,15984,2023051004000045,HDHPC,49,41,10,166.20,1662.00
15984,15985,2023051003000014,CBBL,54,26,30,782.00,23460.00
15985,15986,2023051004000044,HDHPC,49,35,990,166.20,164538.00
15986,15987,2023051004000043,HDHPC,32,35,10,166.20,1662.00
15987,15988,2023051004000042,HDHPC,32,16,100,166.20,16620.00
15988,15989,2023051003000013,FOWAD,55,55,90,1218.90,109701.00
15989,15990,2023051004000041,HDHPC,32,57,1000,166.20,166200.00
15990,15991,2023051001000053,MKLB,5,41,10,614.00,6140.00
15991,15992,2023051001000052,USHEC,52,49,200,288.00,57600.00
15992,15993,2023051004000040,HDHPC,32,42,10,166.20,1662.00
15993,15994,2023051001000051,SHIVM,14,49,145,404.90,58710.50
15994,15995,2023051001000050,SHIVM,14,44,100,404.00,40400.00
15995,15996,2023051003000012,FMDBL,58,16,100,520.90,52090.00
15996,15997,2023051004000039,HDHPC,32,39,100,166.20,16620.00
15997,15998,2023051001000049,MAKAR,43,17,10,253.20,2532.00
15998,15999,2023051001000048,SHIVM,7,44,50,401.00,20050.00
15999,16000,2023051004000038,HDHPC,32,14,100,166.20,16620.00
16000,16001,2023051004000037,HDHPC,32,6,200,166.20,33240.00
16001,16002,2023051004000036,HDHPC,32,32,50,166.20,8310.00
16002,16003,2023051001000047,JALPA,35,39,10,1612.60,16126.00
16003,16004,2023051001000046,JALPA,53,39,10,1613.00,16130.00
16004,16005,2023051001000045,JALPA,6,39,40,1613.10,64524.00
16005,16006,2023051001000044,JALPA,16,39,10,1613.10,16131.00
16006,16007,2023051001000043,JALPA,13,39,10,1613.10,16131.00
16007,16008,2023051001000042,JALPA,13,39,10,1613.20,16132.00
16008,16009,2023051004000035,HDHPC,32,6,100,166.20,16620.00
16009,16010,2023051001000041,SMJC,22,45,10,250.90,2509.00
16010,16011,2023051001000040,SHIVM,7,44,500,401.00,200500.00
16011,16012,2023051004000034,HDHPC,32,7,100,166.20,16620.00
16012,16013,2023051004000033,HDHPC,32,53,100,166.20,16620.00
16013,16014,2023051004000032,HDHPC,32,34,50,166.20,8310.00
16014,16015,2023051001000039,NABIL,41,41,50,598.00,29900.00
16015,16016,2023051004000031,HDHPC,32,25,80,166.20,13296.00
16016,16017,2023051004000030,HDHPC,26,25,250,166.20,41550.00
16017,16018,2023051004000029,HDHPC,58,25,20,166.20,3324.00
16018,16019,2023051004000028,HDHPC,35,25,150,166.20,24930.00
16019,16020,2023051004000027,HDHPC,35,41,50,166.20,8310.00
16020,16021,2023051004000026,HDHPC,35,1,100,166.20,16620.00
16021,16022,2023051001000038,JALPA,53,34,80,1645.00,131600.00
16022,16023,2023051004000025,HDHPC,35,35,200,166.20,33240.00
16023,16024,2023051004000024,HDHPC,45,35,500,166.20,83100.00
16024,16025,2023051004000023,HDHPC,28,35,20,166.20,3324.00
16025,16026,2023051004000022,HDHPC,26,35,50,166.20,8310.00
16026,16027,2023051004000021,HDHPC,28,35,230,166.20,38226.00
16027,16028,2023051004000020,UPCL,14,53,1000,222.10,222100.00
16028,16029,2023051001000037,DORDI,46,38,10,266.00,2660.00
16029,16030,2023051001000036,DORDI,48,40,10,271.30,2713.00
16030,16031,2023051004000019,HDHPC,28,39,770,166.20,127974.00
16031,16032,2023051004000018,HDHPC,57,39,230,166.20,38226.00
16032,16033,2023051001000035,NABIL,52,41,100,598.00,59800.00
16033,16034,2023051001000034,NABIL,49,41,700,598.00,418600.00
16034,16035,2023051001000033,NABIL,38,41,50,600.00,30000.00
16035,16036,2023051004000017,SJCL,22,45,10,264.60,2646.00
16036,16037,2023051001000032,NABIL,49,26,300,598.00,179400.00
16037,16038,2023051004000016,HDHPC,57,57,270,166.20,44874.00
16038,16039,2023051004000015,HDHPC,45,57,580,166.20,96396.00
16039,16040,2023051004000014,SGIC,39,38,10,441.70,4417.00
16040,16041,2023051004000013,HDHPC,45,1,50,166.20,8310.00
16041,16042,2023051004000012,HDHPC,45,49,100,166.20,16620.00
16042,16043,2023051001000031,JALPA,22,34,20,1645.00,32900.00
16043,16044,2023051003000011,FMDBL,1,45,11,515.00,5665.00
16044,16045,2023051001000030,AVYAN,38,29,10,603.00,6030.00
16045,16046,2023051003000010,NLIC,41,21,100,660.00,66000.00
16046,16047,2023051004000011,HDHPC,45,45,20,166.20,3324.00
16047,16048,2023051004000010,HDHPC,45,6,250,166.20,41550.00
16048,16049,2023051001000029,JALPA,35,59,10,1645.50,16455.00
16049,16050,2023051001000028,JALPA,53,59,10,1645.50,16455.00
16050,16051,2023051001000027,MHCL,49,49,200,216.00,43200.00
16051,16052,2023051001000026,HBL,35,55,1000,220.00,220000.00
16052,16053,2023051004000009,HDHPC,26,6,10,163.40,1634.00
16053,16054,2023051004000008,SHL,35,35,2000,256.30,512600.00
16054,16055,2023051001000025,SMHL,47,47,10,390.00,3900.00
16055,16056,2023051001000024,NABIL,49,7,32,600.00,19200.00
16056,16057,2023051001000023,NABIL,49,17,868,600.00,520800.00
16057,16058,2023051001000022,MHCL,44,49,10,220.00,2200.00
16058,16059,2023051004000007,HDHPC,55,16,50,160.20,8010.00
16059,16060,2023051003000009,PLI,17,17,10,408.00,4080.00
16060,16061,2023051001000021,AVYAN,34,42,50,591.60,29580.00
16061,16062,2023051001000020,NMB,47,58,20,239.70,4794.00
16062,16063,2023051001000019,AHL,45,58,10,340.50,3405.00
16063,16064,2023051003000008,CBBL,54,26,20,782.00,15640.00
16064,16065,2023051004000006,HDHPC,26,6,10,157.10,1571.00
16065,16066,2023051001000018,NESDO,28,45,20,2150.00,43000.00
16066,16067,2023051001000017,SHIVM,45,44,50,405.00,20250.00
16067,16068,2023051003000007,NLIC,42,51,50,655.00,32750.00
16068,16069,2023051001000016,MHCL,44,49,10,220.00,2200.00
16069,16070,2023051004000005,SPIL,35,44,500,579.90,289950.00
16070,16071,2023051001000015,AVYAN,34,32,50,591.60,29580.00
16071,16072,2023051003000006,GFCL,58,39,10,421.90,4219.00
16072,16073,2023051005000005,NIFRA,4,43,54,205.10,11075.40
16073,16074,2023051001000014,NESDO,28,58,10,2158.00,21580.00
16074,16075,2023051005000004,CIT,46,25,10,2038.00,20380.00
16075,16076,2023051005000003,CMF2,10,10,125,7.39,923.75
16076,16077,2023051003000005,WNLB,41,16,10,801.00,8010.00
16077,16078,2023051003000004,WNLB,41,13,10,776.20,7762.00
16078,16079,2023051003000003,ICFC,14,39,10,398.10,3981.00
16079,16080,2023051001000013,KDL,34,43,20,734.40,14688.00
16080,16081,2023051001000012,KDL,34,47,20,734.00,14680.00
16081,16082,2023051001000011,KDL,34,43,10,733.00,7330.00
16082,16083,2023051001000010,SPL,20,32,10,521.90,5219.00
16083,16084,2023051003000002,GUFL,6,39,10,475.00,4750.00
16084,16085,2023051001000009,NESDO,28,16,15,2116.00,31740.00
16085,16086,2023051001000008,NESDO,28,58,20,2079.90,41598.00
16086,16087,2023051001000007,NESDO,28,45,20,2075.00,41500.00
16087,16088,2023051001000006,NESDO,28,43,20,2070.00,41400.00
16088,16089,2023051004000004,JOSHI,50,39,10,252.90,2529.00
16089,16090,2023051001000005,NESDO,28,45,10,2075.00,20750.00
16090,16091,2023051001000004,NABIL,49,28,100,600.00,60000.00
16091,16092,2023051001000003,KDL,49,35,10,720.00,7200.00
16092,16093,2023051001000002,HIDCLP,35,55,20,100.90,2018.00
16093,16094,2023051001000001,SHIVM,13,50,10,408.00,4080.00
16094,16095,2023051004000003,HDHPC,49,55,600,154.10,92460.00
16095,16096,2023051004000002,HDHPC,49,16,50,154.10,7705.00
16096,16097,2023051004000001,HDHPC,49,55,400,154.10,61640.00
16097,16098,2023051003000001,NLBBL,47,55,10,561.10,5611.00
16098,16099,2023051005000002,SFEF,10,10,375,7.65,2868.75
16099,16100,2023051005000001,CMF2,10,10,375,7.39,2771.25
