,S.N.,Contract No,Stock Symbol,Buyer Broker,Seller Broker,Quantity,Rate,Amount
0,1,2023121001003667,KBL,8,4,10,161.00,1610.00
1,2,2023121001003666,NBL,42,43,25,244.90,6122.50
2,3,2023121004002032,MEN,7,46,40,492.00,19680.00
3,4,2023121001003665,CLI,34,58,10,495.00,4950.00
4,5,2023121001003664,CLI,34,41,10,495.00,4950.00
5,6,2023121001003663,CLI,34,58,10,495.00,4950.00
6,7,2023121001003662,CLI,34,7,10,495.00,4950.00
7,8,2023121001003661,CLI,34,19,10,495.00,4950.00
8,9,2023121001003660,MHCL,65,66,43,278.00,11954.00
9,10,2023121001003659,MHCL,65,58,10,278.00,2780.00
10,11,2023121001003658,MHCL,65,29,30,278.00,8340.00
11,12,2023121001003657,MHCL,65,58,250,278.00,69500.00
12,13,2023121001003656,MHCL,65,28,100,278.00,27800.00
13,14,2023121001003655,MHCL,65,26,567,278.00,157626.00
14,15,2023121001003654,SRLI,49,65,30,480.00,14400.00
15,16,2023121001003653,SRLI,19,65,30,480.00,14400.00
16,17,2023121001003652,SRLI,51,65,73,480.00,35040.00
17,18,2023121001003651,RNLI,57,19,141,514.00,72474.00
18,19,2023121001003650,NRM,41,58,10,258.00,2580.00
19,20,2023121001003649,NRM,41,45,780,258.00,201240.00
20,21,2023121001003648,NRM,41,35,150,258.00,38700.00
21,22,2023121001003647,NRM,41,49,10,258.00,2580.00
22,23,2023121001003646,NRM,41,19,100,258.00,25800.00
23,24,2023121001003645,NRM,41,14,20,258.00,5160.00
24,25,2023121001003644,NRM,41,58,500,257.00,128500.00
25,26,2023121001003643,NRM,41,6,50,257.00,12850.00
26,27,2023121001003642,NRM,41,56,20,256.00,5120.00
27,28,2023121001003641,NABIL,48,33,30,528.50,15855.00
28,29,2023121001003640,NABIL,48,29,70,528.00,36960.00
29,30,2023121003000949,MNBBL,43,67,50,397.00,19850.00
30,31,2023121001003639,ULHC,66,56,900,247.00,222300.00
31,32,2023121001003638,ULHC,66,3,100,246.90,24690.00
32,33,2023121001003637,CLI,22,38,30,494.00,14820.00
33,34,2023121004002031,MEN,55,26,30,491.00,14730.00
34,35,2023121003000948,HLI,7,49,10,438.00,4380.00
35,36,2023121003000947,NLBBL,35,37,10,534.00,5340.00
36,37,2023121003000946,SMFBS,45,35,10,795.90,7959.00
37,38,2023121003000945,HLI,7,45,500,438.00,219000.00
38,39,2023121001003636,GBIME,58,35,50,204.00,10200.00
39,40,2023121001003635,GBIME,51,35,2000,204.00,408000.00
40,41,2023121001003634,MHCL,35,26,53,278.00,14734.00
41,42,2023121001003633,MHCL,35,88,50,277.00,13850.00
42,43,2023121001003632,MHCL,35,58,10,276.00,2760.00
43,44,2023121001003631,MHCL,35,58,150,276.00,41400.00
44,45,2023121001003630,MHCL,35,22,300,276.00,82800.00
45,46,2023121001003629,MHCL,35,58,50,275.00,13750.00
46,47,2023121001003628,MHCL,35,6,377,275.00,103675.00
47,48,2023121001003627,MHCL,35,54,10,270.00,2700.00
48,49,2023121004002030,MEN,55,33,100,491.00,49100.00
49,50,2023121001003626,SBL,57,6,41,245.00,10045.00
50,51,2023121001003625,DOLTI,22,38,10,228.00,2280.00
51,52,2023121003000944,KSBBL,34,51,10,318.00,3180.00
52,53,2023121001003624,NABIL,58,29,30,528.00,15840.00
53,54,2023121001003623,BEDC,59,34,910,238.00,216580.00
54,55,2023121001003622,BEDC,59,16,90,238.00,21420.00
55,56,2023121001003621,RNLI,57,34,10,514.00,5140.00
56,57,2023121001003620,RNLI,57,42,10,514.00,5140.00
57,58,2023121001003619,RNLI,57,58,10,514.00,5140.00
58,59,2023121001003618,RNLI,57,37,750,514.00,385500.00
59,60,2023121003000943,LBBL,16,14,400,408.00,163200.00
60,61,2023121001003617,BGWT,44,65,10,441.00,4410.00
61,62,2023121001003616,PHCL,44,74,10,247.50,2475.00
62,63,2023121004002029,GHL,50,53,40,131.50,5260.00
63,64,2023121004002028,GHL,60,53,260,131.50,34190.00
64,65,2023121004002027,MEN,25,40,28,495.00,13860.00
65,66,2023121004002026,MEN,25,35,50,495.00,24750.00
66,67,2023121004002025,MEN,25,63,1000,494.70,494700.00
67,68,2023121004002024,MEN,25,38,500,494.00,247000.00
68,69,2023121004002023,MEN,25,17,2000,494.00,988000.00
69,70,2023121004002022,MEN,25,3,200,494.00,98800.00
70,71,2023121004002021,MEN,25,62,500,493.00,246500.00
71,72,2023121004002020,MEN,25,64,2417,493.00,1191581.00
72,73,2023121004002019,MEN,25,17,1000,492.90,492900.00
73,74,2023121004002018,MEN,25,13,1500,492.00,738000.00
74,75,2023121004002017,MEN,25,65,805,492.00,396060.00
75,76,2023121001003615,GBIME,29,16,100,204.50,20450.00
76,77,2023121004002016,SPDL,46,11,20,186.00,3720.00
77,78,2023121001003614,SONA,55,69,974,318.00,309732.00
78,79,2023121001003613,SONA,55,90,26,318.00,8268.00
79,80,2023121005000365,NTC,45,51,37,889.90,32926.30
80,81,2023121005000364,NTC,45,51,190,889.90,169081.00
81,82,2023121001003612,NABIL,6,29,350,528.00,184800.00
82,83,2023121001003611,NABIL,6,58,150,528.00,79200.00
83,84,2023121004002015,MEN,34,65,100,492.00,49200.00
84,85,2023121004002014,UPPER,52,38,100,214.00,21400.00
85,86,2023121004002013,NHDL,34,37,50,370.00,18500.00
86,87,2023121004002012,NHDL,34,37,10,363.10,3631.00
87,88,2023121001003610,NRM,65,56,100,256.00,25600.00
88,89,2023121003000942,HLI,57,48,500,439.00,219500.00
89,90,2023121001003609,NRM,32,56,480,256.00,122880.00
90,91,2023121001003608,NRM,32,13,20,256.00,5120.00
91,92,2023121001003607,SONA,32,90,974,318.00,309732.00
92,93,2023121001003606,SONA,32,34,26,318.00,8268.00
93,94,2023121001003605,PRVU,41,11,10,169.90,1699.00
94,95,2023121001003604,CLI,22,49,10,494.00,4940.00
95,96,2023121001003603,MANDU,49,52,10,516.00,5160.00
96,97,2023121003000941,SJLIC,34,62,312,542.00,169104.00
97,98,2023121003000940,SJLIC,34,34,378,540.00,204120.00
98,99,2023121003000939,SJLIC,34,45,10,540.00,5400.00
99,100,2023121003000938,SJLIC,34,17,300,540.00,162000.00
100,101,2023121003000937,CBBL,42,58,20,950.00,19000.00
101,102,2023121004002011,HDHPC,58,19,384,133.50,51264.00
102,103,2023121004002010,HDHPC,58,34,50,133.40,6670.00
103,104,2023121004002009,HDHPC,58,42,66,133.40,8804.40
104,105,2023121005000363,RMF1,57,57,10000,7.46,74600.00
105,106,2023121003000936,GBBL,41,1,20,396.90,7938.00
106,107,2023121003000935,KRBL,32,38,140,309.90,43386.00
107,108,2023121001003602,NMB,49,56,100,208.00,20800.00
108,109,2023121004002008,NHPC,49,49,70,147.80,10346.00
109,110,2023121003000934,NLIC,54,72,190,685.00,130150.00
110,111,2023121003000933,NLIC,57,72,10,686.00,6860.00
111,112,2023121004002007,LEC,45,14,100,156.00,15600.00
112,113,2023121001003601,NIMB,35,45,17,182.00,3094.00
113,114,2023121001003600,NIMB,35,45,83,182.00,15106.00
114,115,2023121004002006,API,21,84,500,172.00,86000.00
115,116,2023121003000932,GUFL,6,57,435,550.00,239250.00
116,117,2023121003000931,GUFL,6,13,65,544.70,35405.50
117,118,2023121003000930,MMFDB,22,13,10,519.00,5190.00
118,119,2023121004002005,PRIN,71,33,100,733.00,73300.00
119,120,2023121004002004,PRIN,71,29,500,732.00,366000.00
120,121,2023121001003599,MEL,34,42,30,188.00,5640.00
121,122,2023121001003598,SONA,22,34,94,318.00,29892.00
122,123,2023121001003597,SONA,51,34,100,318.00,31800.00
123,124,2023121001003596,SONA,55,34,280,318.00,89040.00
124,125,2023121004002003,NHPC,34,48,500,148.00,74000.00
125,126,2023121001003595,SHIVM,57,37,100,494.00,49400.00
126,127,2023121001003594,SHLB,48,14,10,840.00,8400.00
127,128,2023121001003593,SHLB,48,74,10,840.00,8400.00
128,129,2023121004002002,API,38,84,100,172.00,17200.00
129,130,2023121003000929,ICFC,18,45,10,474.00,4740.00
130,131,2023121003000928,ICFC,18,41,100,474.00,47400.00
131,132,2023121003000927,MNBBL,45,67,60,397.00,23820.00
132,133,2023121001003592,DORDI,45,49,40,230.00,9200.00
133,134,2023121003000926,ICFC,35,41,100,474.00,47400.00
134,135,2023121001003591,NICA,35,70,905,524.00,474220.00
135,136,2023121004002001,UPCL,35,65,200,194.00,38800.00
136,137,2023121004002000,API,6,84,50,172.00,8600.00
137,138,2023121001003590,GVL,59,21,10,379.40,3794.00
138,139,2023121005000362,NRN,62,49,2000,321.00,642000.00
139,140,2023121004001999,SHPC,5,19,10,330.00,3300.00
140,141,2023121001003589,MEHL,22,58,10,220.00,2200.00
141,142,2023121004001998,LEC,48,14,350,156.00,54600.00
142,143,2023121003000925,LBBL,34,14,10,408.00,4080.00
143,144,2023121001003588,KBL,39,4,188,161.00,30268.00
144,145,2023121001003587,KBL,39,57,812,161.00,130732.00
145,146,2023121003000924,SHINE,57,34,200,373.90,74780.00
146,147,2023121001003586,SPHL,32,19,1000,415.00,415000.00
147,148,2023121001003585,SPHL,32,66,270,410.00,110700.00
148,149,2023121001003584,SPHL,32,71,20,410.00,8200.00
149,150,2023121004001997,SGIC,44,66,190,512.00,97280.00
150,151,2023121004001996,SGIC,44,71,10,511.00,5110.00
151,152,2023121003000923,RLFL,17,53,50,352.00,17600.00
152,153,2023121001003583,MAKAR,11,18,125,259.90,32487.50
153,154,2023121001003582,HATHY,43,7,50,495.00,24750.00
154,155,2023121001003581,HATHY,43,38,150,494.00,74100.00
155,156,2023121001003580,NABIL,38,58,40,528.00,21120.00
156,157,2023121001003579,PHCL,21,72,10,242.70,2427.00
157,158,2023121001003578,MSHL,29,7,100,370.00,37000.00
158,159,2023121003000922,MERO,47,13,10,503.00,5030.00
159,160,2023121005000361,NIFRA,4,51,10,201.00,2010.00
160,161,2023121005000360,NSIF2,4,4,100,8.46,846.00
161,162,2023121001003577,SPHL,35,71,260,410.00,106600.00
162,163,2023121001003576,DLBS,21,48,10,652.00,6520.00
163,164,2023121003000921,BFC,59,13,200,315.00,63000.00
164,165,2023121001003575,TVCL,64,1,20,324.20,6484.00
165,166,2023121001003574,SHIVM,16,57,305,495.00,150975.00
166,167,2023121001003573,SHIVM,16,45,10,495.00,4950.00
167,168,2023121001003572,SHIVM,16,35,50,495.00,24750.00
168,169,2023121001003571,SHIVM,16,6,135,494.80,66798.00
169,170,2023121001003570,CLI,22,58,10,494.00,4940.00
170,171,2023121004001995,LEC,48,4,150,156.00,23400.00
171,172,2023121001003569,SONA,55,63,500,318.00,159000.00
172,173,2023121005000359,CIT,25,51,44,2055.00,90420.00
173,174,2023121001003568,SONA,55,38,10,318.00,3180.00
174,175,2023121004001994,NICL,58,49,20,882.00,17640.00
175,176,2023121004001993,NICL,7,49,100,882.30,88230.00
176,177,2023121004001992,NICL,39,49,200,887.00,177400.00
177,178,2023121001003567,SNLI,45,49,10,516.00,5160.00
178,179,2023121004001991,TRH,49,51,10,815.00,8150.00
179,180,2023121004001990,API,34,28,500,171.60,85800.00
180,181,2023121001003566,SHIVM,45,6,1030,494.80,509644.00
181,182,2023121001003565,SHIVM,45,58,400,494.70,197880.00
182,183,2023121001003564,SHIVM,45,58,70,494.00,34580.00
183,184,2023121005000358,NRIC,28,52,1000,648.00,648000.00
184,185,2023121003000920,GFCL,20,42,10,430.90,4309.00
185,186,2023121001003563,TVCL,64,45,20,324.20,6484.00
186,187,2023121003000919,HLI,7,45,100,438.00,43800.00
187,188,2023121001003562,BEDC,54,6,10,234.00,2340.00
188,189,2023121001003561,MHCL,65,6,23,275.00,6325.00
189,190,2023121001003560,MHCL,65,34,10,275.00,2750.00
190,191,2023121001003559,MHCL,65,56,10,274.90,2749.00
191,192,2023121001003558,MHCL,65,62,400,272.50,109000.00
192,193,2023121001003557,MHCL,65,50,557,270.00,150390.00
193,194,2023121001003556,HATHY,13,7,100,495.00,49500.00
194,195,2023121001003555,RNLI,65,37,250,514.00,128500.00
195,196,2023121001003554,RNLI,65,45,10,514.00,5140.00
196,197,2023121001003553,RNLI,65,42,10,514.00,5140.00
197,198,2023121001003552,RNLI,65,57,10,514.00,5140.00
198,199,2023121001003551,RNLI,65,37,720,514.00,370080.00
199,200,2023121004001989,LEC,34,4,500,156.00,78000.00
200,201,2023121003000918,RLFL,17,36,500,352.00,176000.00
201,202,2023121001003550,RFPL,36,48,170,234.00,39780.00
202,203,2023121001003549,RFPL,36,58,10,232.90,2329.00
203,204,2023121001003548,RFPL,36,21,10,232.90,2329.00
204,205,2023121001003547,RFPL,36,49,10,232.00,2320.00
205,206,2023121001003546,SONA,55,39,10,318.00,3180.00
206,207,2023121003000917,ALICL,39,56,500,671.00,335500.00
207,208,2023121004001988,HDHPC,54,42,400,133.40,53360.00
208,209,2023121004001987,SHL,58,35,100,440.00,44000.00
209,210,2023121001003545,SONA,55,58,10,318.00,3180.00
210,211,2023121001003544,CITY,58,50,40,593.00,23720.00
211,212,2023121001003543,SONA,55,58,10,318.00,3180.00
212,213,2023121001003542,SHIVM,10,58,520,494.00,256880.00
213,214,2023121001003541,SHIVM,14,58,300,494.00,148200.00
214,215,2023121001003540,SHIVM,3,58,110,494.10,54351.00
215,216,2023121001003539,CITY,58,50,50,593.00,29650.00
216,217,2023121004001986,UPCL,26,65,100,194.00,19400.00
217,218,2023121001003538,GBIME,56,16,300,204.50,61350.00
218,219,2023121001003537,SONA,55,49,10,318.00,3180.00
219,220,2023121003000916,RLFL,17,55,100,352.00,35200.00
220,221,2023121001003536,SMJC,25,47,100,263.00,26300.00
221,222,2023121001003535,SMJC,21,47,10,263.00,2630.00
222,223,2023121001003534,BEDC,45,16,10,238.00,2380.00
223,224,2023121001003533,SNLI,45,45,15,516.00,7740.00
224,225,2023121001003532,SNLI,45,46,10,516.00,5160.00
225,226,2023121004001985,SHEL,62,56,10,274.80,2748.00
226,227,2023121004001984,NICL,39,6,100,887.00,88700.00
227,228,2023121004001983,CHCL,33,68,164,526.00,86264.00
228,229,2023121004001982,CHCL,33,51,100,525.90,52590.00
229,230,2023121004001981,CHCL,33,16,200,522.00,104400.00
230,231,2023121004001980,CHCL,33,16,36,521.00,18756.00
231,232,2023121003000915,SHINE,33,34,20,373.90,7478.00
232,233,2023121001003531,SONA,55,34,10,318.00,3180.00
233,234,2023121004001979,API,34,19,172,171.60,29515.20
234,235,2023121004001978,API,44,84,142,172.00,24424.00
235,236,2023121004001977,API,44,34,358,172.00,61576.00
236,237,2023121001003530,MHL,42,58,300,356.00,106800.00
237,238,2023121004001976,SPDL,40,11,205,186.00,38130.00
238,239,2023121004001975,SPDL,40,51,150,186.00,27900.00
239,240,2023121004001974,SPDL,40,7,10,186.00,1860.00
240,241,2023121004001973,SPDL,40,42,265,185.90,49263.50
241,242,2023121004001972,SPDL,40,5,100,185.80,18580.00
242,243,2023121004001971,SPDL,40,21,20,185.80,3716.00
243,244,2023121001003529,KBSH,46,42,30,811.00,24330.00
244,245,2023121001003528,RNLI,44,56,10,512.10,5121.00
245,246,2023121001003527,SONA,55,56,10,318.00,3180.00
246,247,2023121001003526,SNLI,39,49,40,515.00,20600.00
247,248,2023121001003525,TAMOR,59,49,10,248.10,2481.00
248,249,2023121001003524,NBL,14,6,30,244.00,7320.00
249,250,2023121001003523,NBL,14,22,500,244.00,122000.00
250,251,2023121004001970,SGIC,46,71,490,512.00,250880.00
251,252,2023121001003522,UHEWA,52,41,10,294.30,2943.00
252,253,2023121003000914,SABSL,14,14,10,583.60,5836.00
253,254,2023121004001969,GLH,14,1,10,218.00,2180.00
254,255,2023121003000913,FMDBL,29,19,85,622.00,52870.00
255,256,2023121001003521,SONA,55,39,10,318.00,3180.00
256,257,2023121001003520,SGHC,1,14,20,248.00,4960.00
257,258,2023121001003519,CZBIL,52,57,301,170.00,51170.00
258,259,2023121001003518,CZBIL,88,57,999,172.00,171828.00
259,260,2023121001003517,CZBIL,28,57,200,173.40,34680.00
260,261,2023121004001968,UPPER,32,38,10,214.00,2140.00
261,262,2023121001003516,MEL,45,44,10,187.00,1870.00
262,263,2023121004001967,NIL,45,38,100,830.00,83000.00
263,264,2023121001003515,NABIL,38,58,10,528.00,5280.00
264,265,2023121004001966,SICL,38,17,300,779.00,233700.00
265,266,2023121001003514,SONA,55,49,10,318.00,3180.00
266,267,2023121001003513,NICA,58,17,50,525.00,26250.00
267,268,2023121001003512,NICA,8,17,50,525.00,26250.00
268,269,2023121004001965,IGI,13,37,150,523.00,78450.00
269,270,2023121003000912,BFC,34,41,110,309.20,34012.00
270,271,2023121001003511,GCIL,41,59,900,443.00,398700.00
271,272,2023121001003510,GCIL,41,80,100,442.00,44200.00
272,273,2023121004001964,MEN,55,66,390,491.00,191490.00
273,274,2023121004001963,MEN,43,66,110,491.00,54010.00
274,275,2023121001003509,KDL,34,80,10,863.50,8635.00
275,276,2023121001003508,GCIL,50,80,900,442.00,397800.00
276,277,2023121001003507,NMB,51,56,273,208.00,56784.00
277,278,2023121004001962,HEI,48,18,100,571.20,57120.00
278,279,2023121004001961,CHCL,28,16,500,521.00,260500.00
279,280,2023121004001960,CHCL,71,28,200,520.00,104000.00
280,281,2023121001003506,CLI,45,6,30,493.00,14790.00
281,282,2023121001003505,CLI,14,6,170,494.00,83980.00
282,283,2023121003000911,HLI,7,34,10,438.00,4380.00
283,284,2023121004001959,AKPL,1,13,100,172.30,17230.00
284,285,2023121004001958,HDHPC,22,48,100,133.10,13310.00
285,286,2023121004001957,SSHL,41,37,10,150.50,1505.00
286,287,2023121001003504,HDL,41,47,80,1680.00,134400.00
287,288,2023121001003503,HDL,41,43,10,1679.00,16790.00
288,289,2023121001003502,HDL,41,14,10,1679.00,16790.00
289,290,2023121004001956,API,58,34,20,172.00,3440.00
290,291,2023121004001955,NGPL,63,62,50,215.00,10750.00
291,292,2023121004001954,NHPC,3,58,160,147.00,23520.00
292,293,2023121004001953,NHPC,16,58,340,147.00,49980.00
293,294,2023121001003501,CLI,14,47,10,494.00,4940.00
294,295,2023121001003500,SONA,55,29,10,318.00,3180.00
295,296,2023121001003499,GVL,45,65,100,385.00,38500.00
296,297,2023121001003498,HBL,33,22,10,207.10,2071.00
297,298,2023121001003497,EBL,36,6,34,520.00,17680.00
298,299,2023121001003496,EBL,36,46,45,511.00,22995.00
299,300,2023121001003495,EBL,36,13,51,510.00,26010.00
300,301,2023121001003494,ILI,48,48,30,546.00,16380.00
301,302,2023121001003493,ILI,48,58,10,546.00,5460.00
302,303,2023121003000910,GUFL,58,34,65,553.00,35945.00
303,304,2023121001003492,NABIL,54,58,80,528.00,42240.00
304,305,2023121001003491,NABIL,62,58,10,528.00,5280.00
305,306,2023121001003490,NABIL,4,58,90,528.00,47520.00
306,307,2023121001003489,NABIL,8,58,50,528.00,26400.00
307,308,2023121001003488,NABIL,49,58,45,528.00,23760.00
308,309,2023121001003487,MBJC,67,32,60,277.00,16620.00
309,310,2023121001003486,MBJC,67,42,10,276.00,2760.00
310,311,2023121001003485,MBJC,67,41,10,275.00,2750.00
311,312,2023121001003484,MBJC,67,22,10,274.00,2740.00
312,313,2023121001003483,MBJC,67,38,10,273.00,2730.00
313,314,2023121004001952,MEN,43,65,890,491.00,436990.00
314,315,2023121004001951,SSHL,38,37,150,150.50,22575.00
315,316,2023121001003482,SHIVM,3,51,500,494.10,247050.00
316,317,2023121001003481,SRLI,51,42,27,480.00,12960.00
317,318,2023121001003480,SRLI,50,42,173,480.00,83040.00
318,319,2023121001003479,SRLI,50,34,827,480.00,396960.00
319,320,2023121004001950,SHL,4,35,500,440.00,220000.00
320,321,2023121001003478,SNLI,6,46,100,516.00,51600.00
321,322,2023121001003477,SNLI,13,46,390,516.00,201240.00
322,323,2023121001003476,SNLI,13,56,110,516.00,56760.00
323,324,2023121001003475,HDL,34,14,40,1679.00,67160.00
324,325,2023121001003474,HDL,34,6,10,1679.00,16790.00
325,326,2023121005000357,NIBLPF,57,10,125,8.71,1088.75
326,327,2023121001003473,SBL,57,1,10,245.00,2450.00
327,328,2023121004001949,NHPC,57,48,50,148.00,7400.00
328,329,2023121004001948,RADHI,32,6,10,227.00,2270.00
329,330,2023121004001947,RADHI,32,28,10,227.00,2270.00
330,331,2023121001003472,SONA,55,53,30,318.00,9540.00
331,332,2023121003000909,SKBBL,58,13,10,967.00,9670.00
332,333,2023121004001946,NIL,11,4,30,836.00,25080.00
333,334,2023121004001945,NIL,11,41,20,835.00,16700.00
334,335,2023121005000356,HIDCL,25,45,1420,172.00,244240.00
335,336,2023121005000355,HIDCL,25,54,80,171.00,13680.00
336,337,2023121001003471,ILI,38,42,257,547.00,140579.00
337,338,2023121001003470,ILI,38,50,243,547.00,132921.00
338,339,2023121001003469,CITY,56,50,30,593.00,17790.00
339,340,2023121001003468,CITY,56,34,40,593.00,23720.00
340,341,2023121004001944,SHL,42,35,170,440.00,74800.00
341,342,2023121004001943,MEN,51,46,50,490.00,24500.00
342,343,2023121003000908,RSDC,21,52,40,534.00,21360.00
343,344,2023121005000354,NRN,35,49,10,321.00,3210.00
344,345,2023121004001942,RHPL,13,54,60,255.00,15300.00
345,346,2023121001003467,CLI,14,55,10,494.00,4940.00
346,347,2023121001003466,CLI,14,49,10,494.00,4940.00
347,348,2023121001003465,CLI,19,49,20,494.00,9880.00
348,349,2023121001003464,SPC,1,57,10,358.90,3589.00
349,350,2023121004001941,AKPL,36,54,180,172.00,30960.00
350,351,2023121004001940,AKPL,6,54,120,172.20,20664.00
351,352,2023121001003463,ILI,48,52,533,546.00,291018.00
352,353,2023121005000353,HIDCL,39,54,20,171.00,3420.00
353,354,2023121001003462,ILI,34,58,10,540.00,5400.00
354,355,2023121001003461,SMJC,11,6,100,265.00,26500.00
355,356,2023121001003460,MBL,42,1,100,195.00,19500.00
356,357,2023121001003459,KBSH,46,28,10,811.00,8110.00
357,358,2023121004001939,CHCL,6,16,20,521.00,10420.00
358,359,2023121004001938,API,6,34,22,172.00,3784.00
359,360,2023121004001937,SGIC,46,17,10,512.00,5120.00
360,361,2023121005000352,NRIC,22,44,50,648.40,32420.00
361,362,2023121001003458,DOLTI,51,65,30,228.00,6840.00
362,363,2023121001003457,SONA,55,34,10,318.00,3180.00
363,364,2023121001003456,SONA,55,14,10,318.00,3180.00
364,365,2023121004001936,GHL,14,50,500,132.00,66000.00
365,366,2023121001003455,NABIL,14,33,200,528.50,105700.00
366,367,2023121003000907,PROFL,39,58,25,305.00,7625.00
367,368,2023121003000906,HLI,7,43,50,438.00,21900.00
368,369,2023121003000905,MNBBL,55,67,320,397.00,127040.00
369,370,2023121003000904,HLI,7,11,100,438.00,43800.00
370,371,2023121003000903,HLI,7,57,1774,438.00,777012.00
371,372,2023121001003454,ILI,50,52,50,546.00,27300.00
372,373,2023121003000902,RLFL,17,45,500,352.00,176000.00
373,374,2023121001003453,SNLI,35,56,50,516.00,25800.00
374,375,2023121001003452,MHCL,22,50,400,270.00,108000.00
375,376,2023121004001935,UMRH,50,52,200,294.00,58800.00
376,377,2023121001003451,GCIL,34,59,20,443.00,8860.00
377,378,2023121004001934,UMHL,34,20,140,194.00,27160.00
378,379,2023121001003450,SONA,55,16,20,318.00,6360.00
379,380,2023121001003449,PPL,45,16,10,231.00,2310.00
380,381,2023121004001933,API,48,34,100,172.00,17200.00
381,382,2023121001003448,RNLI,44,56,500,512.10,256050.00
382,383,2023121004001932,NICL,39,56,200,887.00,177400.00
383,384,2023121001003447,MEHL,70,69,410,220.00,90200.00
384,385,2023121001003446,HDL,58,6,15,1679.00,25185.00
385,386,2023121001003445,SRLI,46,34,20,480.00,9600.00
386,387,2023121001003444,NRM,46,6,50,257.00,12850.00
387,388,2023121001003443,NRM,46,42,100,257.00,25700.00
388,389,2023121001003442,PHCL,21,49,10,242.70,2427.00
389,390,2023121001003441,SONA,55,49,10,318.00,3180.00
390,391,2023121001003440,HATHY,49,19,100,497.00,49700.00
391,392,2023121001003439,BGWT,29,49,10,436.00,4360.00
392,393,2023121003000901,MNBBL,17,67,50,397.00,19850.00
393,394,2023121001003438,JBLB,10,34,10,1282.20,12822.00
394,395,2023121004001931,HDHPC,57,56,100,133.00,13300.00
395,396,2023121001003437,EHPL,58,49,10,335.00,3350.00
396,397,2023121004001930,SGIC,7,66,300,513.00,153900.00
397,398,2023121001003436,SONA,55,58,10,318.00,3180.00
398,399,2023121004001929,NLG,58,45,590,811.00,478490.00
399,400,2023121004001928,UNHPL,39,11,70,179.80,12586.00
400,401,2023121001003435,SONA,55,11,10,318.00,3180.00
401,402,2023121001003434,HATHY,43,19,181,497.00,89957.00
402,403,2023121001003433,HATHY,43,62,570,497.00,283290.00
403,404,2023121001003432,HATHY,43,3,250,496.00,124000.00
404,405,2023121004001927,HDHPC,43,42,34,133.40,4535.60
405,406,2023121004001926,HDHPC,43,21,130,133.10,17303.00
406,407,2023121003000900,EDBL,25,61,10,320.20,3202.00
407,408,2023121004001925,AKPL,42,13,30,172.30,5169.00
408,409,2023121001003431,SNLI,42,56,340,516.00,175440.00
409,410,2023121001003430,MEL,42,42,320,188.00,60160.00
410,411,2023121001003429,SONA,55,49,10,318.00,3180.00
411,412,2023121001003428,SONA,55,90,1000,318.00,318000.00
412,413,2023121001003427,SONA,55,41,10,318.00,3180.00
413,414,2023121004001924,JOSHI,28,72,10,209.00,2090.00
414,415,2023121001003426,ILI,34,49,50,540.00,27000.00
415,416,2023121005000351,SMATA,49,26,10,657.00,6570.00
416,417,2023121004001923,UPCL,45,65,300,194.90,58470.00
417,418,2023121001003425,MHL,33,64,135,358.00,48330.00
418,419,2023121003000899,JBBL,14,60,61,297.00,18117.00
419,420,2023121003000898,JBBL,14,48,100,295.80,29580.00
420,421,2023121003000897,JBBL,14,29,20,295.80,5916.00
421,422,2023121003000896,JBBL,14,49,110,295.80,32538.00
422,423,2023121003000895,JBBL,14,43,209,295.80,61822.20
423,424,2023121004001922,NICL,39,34,100,885.30,88530.00
424,425,2023121004001921,NICL,39,16,100,885.00,88500.00
425,426,2023121004001920,NICL,39,34,100,885.00,88500.00
426,427,2023121004001919,NICL,39,25,30,882.30,26469.00
427,428,2023121004001918,NICL,39,34,70,882.30,61761.00
428,429,2023121004001917,NICL,39,26,100,882.30,88230.00
429,430,2023121001003424,GCIL,50,39,100,442.00,44200.00
430,431,2023121001003423,ILI,34,44,10,540.00,5400.00
431,432,2023121003000894,RLFL,17,53,10,352.00,3520.00
432,433,2023121003000893,GILB,55,62,10,822.60,8226.00
433,434,2023121001003422,KBL,21,57,20,161.00,3220.00
434,435,2023121001003421,CLI,45,49,20,494.00,9880.00
435,436,2023121001003420,DORDI,45,49,10,230.00,2300.00
436,437,2023121004001916,LEC,49,4,50,156.00,7800.00
437,438,2023121001003419,MEL,42,49,20,188.00,3760.00
438,439,2023121005000350,NIFRA,49,17,964,202.00,194728.00
439,440,2023121005000349,NIFRA,49,51,50,202.00,10100.00
440,441,2023121005000348,NIFRA,49,34,50,201.90,10095.00
441,442,2023121005000347,NIFRA,49,42,536,201.90,108218.40
442,443,2023121005000346,NIFRA,49,56,100,201.10,20110.00
443,444,2023121005000345,NIFRA,49,42,300,201.00,60300.00
444,445,2023121004001915,PRIN,71,33,10,733.00,7330.00
445,446,2023121003000892,SHINE,51,33,1000,372.00,372000.00
446,447,2023121004001914,SHPC,14,34,30,330.00,9900.00
447,448,2023121005000344,HIDCL,39,56,30,171.00,5130.00
448,449,2023121001003418,SMJC,21,39,10,263.00,2630.00
449,450,2023121001003417,HDL,48,6,10,1679.00,16790.00
450,451,2023121004001913,RHPL,32,54,20,255.00,5100.00
451,452,2023121001003416,SNLI,42,56,10,516.00,5160.00
452,453,2023121001003415,SNLI,32,56,490,516.90,253281.00
453,454,2023121003000891,NLIC,58,69,30,690.00,20700.00
454,455,2023121001003414,MEHL,58,43,10,218.00,2180.00
455,456,2023121004001912,SGIC,38,7,25,514.90,12872.50
456,457,2023121004001911,API,21,34,500,172.00,86000.00
457,458,2023121001003413,MANDU,45,29,10,526.00,5260.00
458,459,2023121001003412,BEDC,54,6,20,234.00,4680.00
459,460,2023121001003411,SHIVM,49,58,100,494.70,49470.00
460,461,2023121003000890,HLI,29,57,226,438.00,98988.00
461,462,2023121003000889,HLI,29,13,135,438.00,59130.00
462,463,2023121003000888,HLI,29,52,64,437.00,27968.00
463,464,2023121004001910,UMRH,39,17,50,295.80,14790.00
464,465,2023121005000343,NTC,36,57,10,890.00,8900.00
465,466,2023121005000342,NTC,36,37,90,890.00,80100.00
466,467,2023121003000887,MDB,1,59,74,425.00,31450.00
467,468,2023121001003410,CLI,45,57,10,493.00,4930.00
468,469,2023121005000341,NIFRA,41,42,200,201.00,40200.00
469,470,2023121001003409,HATHY,53,3,250,496.00,124000.00
470,471,2023121004001909,RIDI,58,19,55,201.00,11055.00
471,472,2023121001003408,SHIVM,26,58,430,490.00,210700.00
472,473,2023121001003407,SHIVM,36,58,200,492.00,98400.00
473,474,2023121001003406,SHIVM,42,58,370,494.00,182780.00
474,475,2023121004001908,JOSHI,20,22,10,208.00,2080.00
475,476,2023121004001907,NGPL,45,62,70,215.00,15050.00
476,477,2023121004001906,AKJCL,45,51,490,160.00,78400.00
477,478,2023121004001905,SHL,49,35,100,440.00,44000.00
478,479,2023121001003405,PRVU,13,13,46,170.00,7820.00
479,480,2023121001003404,PRVU,13,32,54,169.90,9174.60
480,481,2023121004001904,UPPER,33,42,100,212.10,21210.00
481,482,2023121003000886,HLI,34,69,1000,435.00,435000.00
482,483,2023121001003403,SONA,25,14,10,317.00,3170.00
483,484,2023121001003402,RNLI,48,37,100,514.00,51400.00
484,485,2023121001003401,TSHL,58,57,10,403.20,4032.00
485,486,2023121001003400,CLI,45,36,150,493.00,73950.00
486,487,2023121003000885,DDBL,54,32,10,720.00,7200.00
487,488,2023121001003399,SNLI,41,69,300,517.00,155100.00
488,489,2023121001003398,ILI,8,52,337,546.00,184002.00
489,490,2023121001003397,MEL,42,72,10,188.00,1880.00
490,491,2023121005000340,HIDCL,85,45,860,172.00,147920.00
491,492,2023121005000339,HIDCL,85,58,140,171.00,23940.00
492,493,2023121001003396,RFPL,58,18,100,231.00,23100.00
493,494,2023121001003395,NICA,28,43,557,528.00,294096.00
494,495,2023121001003394,NICA,28,35,178,528.00,93984.00
495,496,2023121001003393,NICA,28,33,2000,525.00,1050000.00
496,497,2023121001003392,NICA,28,17,265,525.00,139125.00
497,498,2023121001003391,GCIL,62,59,380,443.00,168340.00
498,499,2023121001003390,GCIL,62,40,10,443.00,4430.00
499,500,2023121001003389,GCIL,62,17,10,443.00,4430.00
500,501,2023121004001903,NGPL,45,38,10,215.00,2150.00
501,502,2023121005000338,NIFRA,45,34,50,200.90,10045.00
502,503,2023121001003388,MBJC,57,45,10,269.00,2690.00
503,504,2023121004001902,UMRH,35,17,160,295.80,47328.00
504,505,2023121001003387,NABIL,49,45,133,528.00,70224.00
505,506,2023121001003386,NABIL,45,45,67,528.00,35376.00
506,507,2023121003000884,SADBL,4,45,186,290.00,53940.00
507,508,2023121003000883,SADBL,4,43,14,289.90,4058.60
508,509,2023121001003385,DORDI,28,49,30,230.00,6900.00
509,510,2023121005000337,HIDCL,48,5,204,170.00,34680.00
510,511,2023121004001901,NHPC,25,48,50,148.00,7400.00
511,512,2023121001003384,MSHL,38,7,356,370.00,131720.00
512,513,2023121001003383,MSHL,38,26,10,370.00,3700.00
513,514,2023121001003382,MSHL,38,22,10,370.00,3700.00
514,515,2023121001003381,MSHL,38,52,10,370.00,3700.00
515,516,2023121001003380,MSHL,38,65,174,370.00,64380.00
516,517,2023121001003379,MSHL,38,34,10,369.90,3699.00
517,518,2023121001003378,MSHL,38,21,40,369.90,14796.00
518,519,2023121001003377,MSHL,38,71,390,369.00,143910.00
519,520,2023121004001900,SGIC,43,7,500,514.90,257450.00
520,521,2023121001003376,SONA,25,58,10,317.00,3170.00
521,522,2023121004001899,HDHPC,58,21,120,133.10,15972.00
522,523,2023121001003375,SPHL,21,71,10,410.00,4100.00
523,524,2023121001003374,NABIL,13,33,185,528.50,97772.50
524,525,2023121001003373,ILI,34,34,10,540.00,5400.00
525,526,2023121004001898,SSHL,45,37,100,150.80,15080.00
526,527,2023121004001897,SSHL,52,37,210,150.80,31668.00
527,528,2023121001003372,SAHAS,48,44,320,478.90,153248.00
528,529,2023121003000882,MLBBL,41,38,100,735.00,73500.00
529,530,2023121004001896,NICL,58,53,50,882.00,44100.00
530,531,2023121001003371,TVCL,64,55,30,324.20,9726.00
531,532,2023121003000881,NLIC,7,69,100,690.00,69000.00
532,533,2023121001003370,KBSH,46,16,10,795.90,7959.00
533,534,2023121005000336,HIDCL,46,58,20,171.00,3420.00
534,535,2023121001003369,SNLI,47,69,1000,517.00,517000.00
535,536,2023121003000880,SHINE,42,34,10,373.90,3739.00
536,537,2023121003000879,HLBSL,62,38,10,590.00,5900.00
537,538,2023121004001895,SHL,53,35,100,440.00,44000.00
538,539,2023121004001894,KKHC,35,38,10,200.70,2007.00
539,540,2023121003000878,JBBL,45,43,140,295.80,41412.00
540,541,2023121001003368,ILI,34,49,10,540.00,5400.00
541,542,2023121001003367,RNLI,44,49,50,512.10,25605.00
542,543,2023121005000335,NTC,49,37,10,890.00,8900.00
543,544,2023121001003366,SNLI,13,69,500,517.00,258500.00
544,545,2023121001003365,AVYAN,33,57,10,610.00,6100.00
545,546,2023121001003364,NBL,8,43,50,244.90,12245.00
546,547,2023121004001893,MEN,72,65,100,491.00,49100.00
547,548,2023121003000877,ALICL,38,28,160,670.00,107200.00
548,549,2023121003000876,ALICL,38,1,60,670.00,40200.00
549,550,2023121003000875,MDB,1,55,100,425.00,42500.00
550,551,2023121001003363,MHCL,58,62,100,272.50,27250.00
551,552,2023121005000334,NRIC,58,34,10,648.50,6485.00
552,553,2023121004001892,NIL,1,58,500,830.00,415000.00
553,554,2023121003000874,GUFL,58,53,150,554.00,83100.00
554,555,2023121001003362,CITY,45,34,10,590.00,5900.00
555,556,2023121001003361,SNLI,17,69,100,517.00,51700.00
556,557,2023121004001891,AKPL,36,65,100,172.00,17200.00
557,558,2023121004001890,NICL,58,5,500,882.00,441000.00
558,559,2023121001003360,HATHY,55,52,20,491.00,9820.00
559,560,2023121005000333,NRIC,33,34,500,648.50,324250.00
560,561,2023121003000873,GMFIL,34,19,500,346.00,173000.00
561,562,2023121001003359,EBL,41,7,100,500.00,50000.00
562,563,2023121001003358,PRVU,42,45,548,169.90,93105.20
563,564,2023121004001889,NHPC,19,58,300,147.70,44310.00
564,565,2023121001003357,ILI,34,3,185,540.00,99900.00
565,566,2023121001003356,ILI,51,3,10,540.00,5400.00
566,567,2023121004001888,LEC,34,4,300,156.00,46800.00
567,568,2023121001003355,CLI,45,35,10,493.00,4930.00
568,569,2023121004001887,UPPER,45,45,10,212.00,2120.00
569,570,2023121004001886,AKJCL,17,51,10,160.00,1600.00
570,571,2023121004001885,AKJCL,17,42,100,160.00,16000.00
571,572,2023121004001884,AKJCL,17,45,90,160.00,14400.00
572,573,2023121004001883,LEC,45,62,200,157.00,31400.00
573,574,2023121001003354,ILI,51,49,10,540.00,5400.00
574,575,2023121001003353,ULHC,52,56,10,247.00,2470.00
575,576,2023121004001882,SSHL,52,41,50,150.80,7540.00
576,577,2023121004001881,SSHL,52,22,240,150.80,36192.00
577,578,2023121003000872,MPFL,32,53,1000,300.00,300000.00
578,579,2023121001003352,SONA,25,55,10,316.00,3160.00
579,580,2023121003000871,JBBL,43,58,43,295.00,12685.00
580,581,2023121003000870,JBBL,50,58,185,295.00,54575.00
581,582,2023121001003351,NRM,21,42,400,257.00,102800.00
582,583,2023121004001880,GHL,21,50,10,132.00,1320.00
583,584,2023121001003350,CLI,45,6,10,493.00,4930.00
584,585,2023121001003349,SANIMA,35,63,452,253.00,114356.00
585,586,2023121001003348,NMB,51,50,287,208.00,59696.00
586,587,2023121001003347,CLI,45,49,50,493.00,24650.00
587,588,2023121003000869,RLFL,17,52,55,352.00,19360.00
588,589,2023121001003346,MKHL,35,68,300,271.00,81300.00
589,590,2023121001003345,HDL,34,6,15,1679.00,25185.00
590,591,2023121001003344,KDL,34,19,30,848.60,25458.00
591,592,2023121001003343,KDL,34,26,100,848.60,84860.00
592,593,2023121001003342,KDL,34,38,20,848.00,16960.00
593,594,2023121001003341,KDL,34,34,20,848.00,16960.00
594,595,2023121001003340,KDL,34,34,70,846.00,59220.00
595,596,2023121001003339,KDL,34,4,30,844.00,25320.00
596,597,2023121001003338,KDL,34,39,100,843.50,84350.00
597,598,2023121001003337,KDL,34,35,160,840.00,134400.00
598,599,2023121001003336,ULHC,34,56,50,247.00,12350.00
599,600,2023121001003335,MBJC,57,39,10,269.00,2690.00
600,601,2023121001003334,RNLI,44,44,1000,512.10,512100.00
601,602,2023121001003333,MKHC,32,75,10,217.40,2174.00
602,603,2023121001003332,SONA,56,44,440,320.00,140800.00
603,604,2023121001003331,SONA,56,25,10,320.00,3200.00
604,605,2023121001003330,SONA,56,1,10,320.00,3200.00
605,606,2023121001003329,SONA,56,58,10,320.00,3200.00
606,607,2023121001003328,SONA,56,63,100,319.80,31980.00
607,608,2023121001003327,SONA,56,34,10,318.00,3180.00
608,609,2023121001003326,SONA,56,51,10,318.00,3180.00
609,610,2023121001003325,SONA,56,11,10,318.00,3180.00
610,611,2023121001003324,SONA,56,40,1000,317.90,317900.00
611,612,2023121001003323,SONA,56,4,1000,317.90,317900.00
612,613,2023121001003322,SONA,56,14,400,317.00,126800.00
613,614,2023121003000868,FOWAD,58,41,20,1075.00,21500.00
614,615,2023121005000332,CIT,44,41,40,2037.00,81480.00
615,616,2023121003000867,EDBL,38,34,10,320.20,3202.00
616,617,2023121001003321,SNLI,28,69,50,517.00,25850.00
617,618,2023121001003320,SGHC,21,39,10,248.70,2487.00
618,619,2023121004001879,HDHPC,6,21,750,133.10,99825.00
619,620,2023121001003319,PRVU,42,45,190,169.90,32281.00
620,621,2023121004001878,AKPL,22,13,85,172.30,14645.50
621,622,2023121004001877,AKPL,22,13,115,172.20,19803.00
622,623,2023121004001876,MEN,3,65,10,491.90,4919.00
623,624,2023121001003318,ILI,49,52,80,546.00,43680.00
624,625,2023121001003317,ILI,49,34,10,545.00,5450.00
625,626,2023121001003316,ILI,49,58,10,545.00,5450.00
626,627,2023121001003315,MHL,33,64,865,355.00,307075.00
627,628,2023121001003314,MHL,34,64,135,355.00,47925.00
628,629,2023121001003313,SRLI,45,34,153,480.00,73440.00
629,630,2023121004001875,UNHPL,39,54,130,179.80,23374.00
630,631,2023121004001874,UNHPL,39,41,100,179.80,17980.00
631,632,2023121004001873,CHCL,39,16,10,521.00,5210.00
632,633,2023121004001872,CHCL,43,16,100,521.00,52100.00
633,634,2023121004001871,CHCL,45,16,64,521.00,33344.00
634,635,2023121004001870,CHCL,11,16,50,522.00,26100.00
635,636,2023121004001869,CHCL,4,16,20,522.00,10440.00
636,637,2023121004001868,HEI,48,85,74,571.20,42268.80
637,638,2023121001003312,SNLI,44,69,500,517.00,258500.00
638,639,2023121001003311,SRLI,45,44,47,480.00,22560.00
639,640,2023121004001867,NHPC,36,6,1000,147.90,147900.00
640,641,2023121001003310,SAHAS,32,29,20,483.40,9668.00
641,642,2023121001003309,SAHAS,32,29,10,481.40,4814.00
642,643,2023121001003308,SAHAS,32,57,10,481.00,4810.00
643,644,2023121001003307,SAHAS,32,53,200,479.00,95800.00
644,645,2023121001003306,NABIL,41,33,20,528.50,10570.00
645,646,2023121001003305,SONA,73,8,10,315.10,3151.00
646,647,2023121001003304,SNLI,59,69,50,517.00,25850.00
647,648,2023121001003303,SNLI,48,69,43,517.00,22231.00
648,649,2023121001003302,SNLI,22,69,10,519.00,5190.00
649,650,2023121003000866,HLI,28,52,696,437.00,304152.00
650,651,2023121003000865,HLI,28,34,304,435.00,132240.00
651,652,2023121004001866,MEN,3,42,100,491.90,49190.00
652,653,2023121004001865,SHEL,62,44,40,272.30,10892.00
653,654,2023121001003301,NICA,42,17,200,525.00,105000.00
654,655,2023121001003300,NICA,58,17,10,525.00,5250.00
655,656,2023121001003299,NICA,58,17,25,525.00,13125.00
656,657,2023121001003298,BHDC,41,49,10,348.00,3480.00
657,658,2023121001003297,SHIVM,57,37,100,494.00,49400.00
658,659,2023121001003296,NIMB,52,57,690,180.00,124200.00
659,660,2023121001003295,NIMB,42,57,300,180.10,54030.00
660,661,2023121001003294,NIMB,52,57,1000,181.00,181000.00
661,662,2023121001003293,NIMB,50,57,10,182.00,1820.00
662,663,2023121004001864,CGH,57,49,120,1114.00,133680.00
663,664,2023121004001863,CGH,57,26,20,1113.00,22260.00
664,665,2023121004001862,CGH,57,34,80,1113.00,89040.00
665,666,2023121001003292,CLI,45,44,10,493.00,4930.00
666,667,2023121003000864,SMFBS,32,13,10,795.90,7959.00
667,668,2023121001003291,ULHC,41,56,10,247.00,2470.00
668,669,2023121001003290,SONA,11,14,100,317.00,31700.00
669,670,2023121004001861,SGIC,25,7,60,514.90,30894.00
670,671,2023121003000863,NLIC,42,69,200,690.00,138000.00
671,672,2023121004001860,GHL,60,58,190,131.50,24985.00
672,673,2023121001003289,CLI,45,58,10,493.00,4930.00
673,674,2023121004001859,UPPER,45,17,232,212.00,49184.00
674,675,2023121004001858,RADHI,35,28,10,227.00,2270.00
675,676,2023121001003288,SONA,73,6,100,315.10,31510.00
676,677,2023121003000862,NICLBSL,29,38,75,619.00,46425.00
677,678,2023121003000861,NICLBSL,29,42,10,618.90,6189.00
678,679,2023121003000860,NICLBSL,29,25,50,618.50,30925.00
679,680,2023121003000859,NICLBSL,29,17,10,615.00,6150.00
680,681,2023121003000858,NICLBSL,29,48,30,615.00,18450.00
681,682,2023121003000857,NICLBSL,29,29,15,614.00,9210.00
682,683,2023121003000856,NICLBSL,29,34,200,613.00,122600.00
683,684,2023121003000855,NICLBSL,29,7,10,610.00,6100.00
684,685,2023121001003287,SONA,73,39,10,315.10,3151.00
685,686,2023121001003286,NICA,37,35,15,528.00,7920.00
686,687,2023121001003285,MHL,63,64,165,358.00,59070.00
687,688,2023121001003284,SNLI,48,56,457,517.00,236269.00
688,689,2023121001003283,SNLI,39,56,543,517.00,280731.00
689,690,2023121004001857,UMHL,56,25,240,194.40,46656.00
690,691,2023121004001856,GHL,26,50,40,132.00,5280.00
691,692,2023121004001855,UMRH,43,17,382,295.80,112995.60
692,693,2023121004001854,UMRH,43,46,15,295.80,4437.00
693,694,2023121004001853,UMRH,43,34,46,295.00,13570.00
694,695,2023121004001852,UMRH,43,59,20,295.00,5900.00
695,696,2023121004001851,UMRH,43,16,37,295.00,10915.00
696,697,2023121001003282,KBL,28,57,168,161.00,27048.00
697,698,2023121001003281,KBL,28,32,2000,160.10,320200.00
698,699,2023121001003280,KBL,28,1,800,160.10,128080.00
699,700,2023121001003279,KBL,28,35,106,160.00,16960.00
700,701,2023121001003278,KBL,28,36,1000,160.00,160000.00
701,702,2023121001003277,KBL,28,57,1000,160.00,160000.00
702,703,2023121001003276,KBL,28,22,671,160.00,107360.00
703,704,2023121001003275,KBL,28,38,10,158.80,1588.00
704,705,2023121001003274,KBL,28,41,245,158.00,38710.00
705,706,2023121001003273,NRM,57,42,50,255.00,12750.00
706,707,2023121001003272,NRM,56,42,50,256.00,12800.00
707,708,2023121001003271,SANIMA,42,63,100,253.00,25300.00
708,709,2023121003000854,SAPDBL,50,35,10,249.90,2499.00
709,710,2023121001003270,CITY,49,58,10,585.00,5850.00
710,711,2023121001003269,GCIL,56,17,190,443.00,84170.00
711,712,2023121003000853,SLBBL,45,40,10,625.00,6250.00
712,713,2023121001003268,PRVU,35,13,890,170.00,151300.00
713,714,2023121004001850,NHDL,51,37,20,363.10,7262.00
714,715,2023121004001849,NHPC,57,48,45,148.00,6660.00
715,716,2023121004001848,NHPC,57,40,455,148.00,67340.00
716,717,2023121005000331,HIDCL,57,58,100,171.00,17100.00
717,718,2023121001003267,SNLI,41,34,300,519.40,155820.00
718,719,2023121001003266,NIBLGF,4,55,100,7.42,742.00
719,720,2023121004001847,AKPL,36,46,116,172.00,19952.00
720,721,2023121004001846,AKPL,57,46,300,172.00,51600.00
721,722,2023121004001845,AKPL,35,46,100,172.00,17200.00
722,723,2023121004001844,AKPL,58,46,984,172.00,169248.00
723,724,2023121004001843,JOSHI,28,72,10,205.00,2050.00
724,725,2023121004001842,JOSHI,28,22,10,201.50,2015.00
725,726,2023121004001841,IGI,21,37,93,523.00,48639.00
726,727,2023121004001840,IGI,21,32,407,523.00,212861.00
727,728,2023121004001839,UPCL,45,42,500,194.90,97450.00
728,729,2023121004001838,SHPC,14,58,20,330.00,6600.00
729,730,2023121001003265,CLI,45,45,10,493.00,4930.00
730,731,2023121004001837,NHPC,45,40,300,148.00,44400.00
731,732,2023121004001836,CHCL,45,51,400,525.90,210360.00
732,733,2023121001003264,CLI,45,6,300,493.00,147900.00
733,734,2023121004001835,UPCL,22,16,100,195.00,19500.00
734,735,2023121001003263,HATHY,13,62,500,497.00,248500.00
735,736,2023121001003262,SNLI,13,49,10,519.00,5190.00
736,737,2023121001003261,RNLI,44,49,10,512.10,5121.00
737,738,2023121001003260,DORDI,28,49,70,230.00,16100.00
738,739,2023121001003259,DORDI,45,49,10,230.70,2307.00
739,740,2023121003000852,VLBS,10,49,10,607.50,6075.00
740,741,2023121001003258,MHL,34,64,165,355.00,58575.00
741,742,2023121001003257,SIKLES,34,38,10,410.80,4108.00
742,743,2023121003000851,HLI,32,34,120,435.00,52200.00
743,744,2023121003000850,HLI,32,69,380,435.00,165300.00
744,745,2023121005000330,CIT,36,17,40,2055.00,82200.00
745,746,2023121005000329,CIT,36,53,200,2050.00,410000.00
746,747,2023121005000328,CIT,36,56,10,2040.00,20400.00
747,748,2023121005000327,CIT,36,41,10,2040.00,20400.00
748,749,2023121005000326,CIT,36,35,10,2040.00,20400.00
749,750,2023121005000325,CIT,36,57,10,2038.00,20380.00
750,751,2023121005000324,CIT,36,17,10,2038.00,20380.00
751,752,2023121005000323,CIT,36,8,10,2037.00,20370.00
752,753,2023121001003256,MAKAR,11,18,260,259.90,67574.00
753,754,2023121004001834,API,40,49,100,172.90,17290.00
754,755,2023121001003255,SMJC,38,65,90,268.00,24120.00
755,756,2023121001003254,MEL,42,38,70,188.00,13160.00
756,757,2023121004001833,API,37,38,11,170.00,1870.00
757,758,2023121004001832,BPCL,21,17,10,315.00,3150.00
758,759,2023121001003253,SPHL,21,71,110,410.00,45100.00
759,760,2023121001003252,SPHL,21,71,180,409.00,73620.00
760,761,2023121001003251,SPHL,21,42,10,409.00,4090.00
761,762,2023121005000322,CIT,42,8,15,2037.00,30555.00
762,763,2023121001003250,KBL,17,41,55,158.00,8690.00
763,764,2023121001003249,KBL,17,38,445,158.00,70310.00
764,765,2023121004001831,LEC,17,62,500,157.00,78500.00
765,766,2023121001003248,MANDU,45,29,10,526.00,5260.00
766,767,2023121003000849,SJLIC,49,17,1000,540.00,540000.00
767,768,2023121004001830,RIDI,6,19,180,201.00,36180.00
768,769,2023121001003247,PCBL,14,42,451,199.90,90154.90
769,770,2023121001003246,SONA,73,39,10,315.10,3151.00
770,771,2023121001003245,PRVU,35,54,100,170.00,17000.00
771,772,2023121001003244,CLI,45,53,10,493.00,4930.00
772,773,2023121001003243,MMKJL,38,16,30,300.00,9000.00
773,774,2023121001003242,MMKJL,38,49,10,300.00,3000.00
774,775,2023121001003241,RHGCL,58,34,10,220.00,2200.00
775,776,2023121003000848,GBBL,22,49,100,397.00,39700.00
776,777,2023121003000847,RLFL,17,52,500,352.00,176000.00
777,778,2023121001003240,PRVU,35,51,10,170.00,1700.00
778,779,2023121001003239,RNLI,39,37,180,514.00,92520.00
779,780,2023121001003238,MEL,59,42,30,189.00,5670.00
780,781,2023121004001829,NICL,58,1,250,882.00,220500.00
781,782,2023121001003237,MEHL,54,69,500,220.00,110000.00
782,783,2023121001003236,NIMB,26,29,500,183.00,91500.00
783,784,2023121001003235,NABIL,50,33,450,528.50,237825.00
784,785,2023121003000846,GILB,57,62,10,806.50,8065.00
785,786,2023121004001828,MEN,3,47,600,491.90,295140.00
786,787,2023121004001827,MEN,3,26,10,490.00,4900.00
787,788,2023121004001826,MEN,3,66,80,490.00,39200.00
788,789,2023121004001825,MEN,3,65,200,490.00,98000.00
789,790,2023121003000845,HLI,36,3,220,434.00,95480.00
790,791,2023121001003234,ADBL,35,14,50,248.50,12425.00
791,792,2023121001003233,TVCL,64,6,30,324.20,9726.00
792,793,2023121001003232,IHL,52,28,20,256.50,5130.00
793,794,2023121003000844,SJLIC,29,4,98,539.00,52822.00
794,795,2023121001003231,EBL,44,13,14,510.00,7140.00
795,796,2023121001003230,EBL,44,34,16,510.00,8160.00
796,797,2023121001003229,EBL,44,43,100,509.00,50900.00
797,798,2023121001003228,TVCL,64,11,20,324.20,6484.00
798,799,2023121001003227,SNLI,53,34,30,519.40,15582.00
799,800,2023121001003226,SNLI,53,47,10,519.00,5190.00
800,801,2023121004001824,NICL,58,8,100,881.00,88100.00
801,802,2023121004001823,NICL,58,58,100,880.00,88000.00
802,803,2023121004001822,NICL,58,53,50,880.00,44000.00
803,804,2023121004001821,NICL,58,68,950,880.00,836000.00
804,805,2023121004001820,NICL,58,5,100,879.00,87900.00
805,806,2023121001003225,HATHY,45,62,10,497.00,4970.00
806,807,2023121003000843,SKBBL,68,22,10,967.50,9675.00
807,808,2023121001003224,RAWA,4,34,145,389.50,56477.50
808,809,2023121004001819,CHCL,51,51,500,525.90,262950.00
809,810,2023121004001818,AKPL,16,13,100,172.30,17230.00
810,811,2023121004001817,MEN,16,65,300,490.00,147000.00
811,812,2023121003000842,SHINE,41,21,200,370.00,74000.00
812,813,2023121003000841,SHINE,41,57,24,370.00,8880.00
813,814,2023121001003223,HDL,41,14,31,1672.00,51832.00
814,815,2023121001003222,HATHY,55,8,20,491.00,9820.00
815,816,2023121004001816,SGIC,43,71,500,514.00,257000.00
816,817,2023121001003221,MEHL,49,69,90,220.00,19800.00
817,818,2023121004001815,GHL,60,25,500,131.50,65750.00
818,819,2023121001003220,SONA,73,55,10,315.10,3151.00
819,820,2023121004001814,NGPL,57,38,90,215.00,19350.00
820,821,2023121001003219,MHL,33,71,50,353.00,17650.00
821,822,2023121004001813,GHL,60,58,50,131.50,6575.00
822,823,2023121001003218,MBL,10,65,985,192.00,189120.00
823,824,2023121001003217,MBL,59,65,1015,195.00,197925.00
824,825,2023121004001812,SHL,53,35,900,440.00,396000.00
825,826,2023121004001811,SHL,46,35,1000,440.00,440000.00
826,827,2023121004001810,SHL,58,35,100,440.00,44000.00
827,828,2023121004001809,SHL,29,35,900,440.00,396000.00
828,829,2023121004001808,SHL,45,35,100,442.00,44200.00
829,830,2023121004001807,SHL,46,35,1000,443.00,443000.00
830,831,2023121001003216,HDL,52,14,19,1672.00,31768.00
831,832,2023121001003215,HDL,52,48,81,1672.00,135432.00
832,833,2023121003000840,SADBL,13,43,100,289.90,28990.00
833,834,2023121003000839,RLFL,17,29,100,352.00,35200.00
834,835,2023121004001806,BPCL,49,49,10,309.10,3091.00
835,836,2023121001003214,SANIMA,14,63,85,253.00,21505.00
836,837,2023121001003213,SANIMA,14,45,15,251.00,3765.00
837,838,2023121004001805,HDHPC,43,34,36,132.10,4755.60
838,839,2023121004001804,HDHPC,33,34,90,133.00,11970.00
839,840,2023121004001803,HDHPC,36,34,374,133.00,49742.00
840,841,2023121004001802,RIDI,21,58,100,201.80,20180.00
841,842,2023121001003212,SHIVM,42,6,50,494.80,24740.00
842,843,2023121001003211,MSHL,38,58,10,363.00,3630.00
843,844,2023121001003210,HATHY,58,62,20,497.00,9940.00
844,845,2023121004001801,SPDL,19,5,100,184.00,18400.00
845,846,2023121001003209,RAWA,6,71,1000,390.00,390000.00
846,847,2023121001003208,SCB,52,69,100,530.00,53000.00
847,848,2023121005000321,SMATA,49,26,10,646.00,6460.00
848,849,2023121004001800,HURJA,49,57,500,240.70,120350.00
849,850,2023121004001799,SHL,14,11,100,445.00,44500.00
850,851,2023121004001798,SHL,14,33,600,445.00,267000.00
851,852,2023121004001797,NHPC,34,40,100,148.00,14800.00
852,853,2023121001003207,CITY,59,5,60,593.00,35580.00
853,854,2023121003000838,KSBBL,29,57,32,304.00,9728.00
854,855,2023121003000837,KSBBL,44,57,500,305.00,152500.00
855,856,2023121003000836,KSBBL,34,57,100,305.00,30500.00
856,857,2023121003000835,KSBBL,57,57,78,309.00,24102.00
857,858,2023121003000834,KSBBL,49,57,100,310.00,31000.00
858,859,2023121003000833,KSBBL,57,57,1000,310.00,310000.00
859,860,2023121003000832,KSBBL,48,57,90,312.00,28080.00
860,861,2023121003000831,KSBBL,26,57,100,312.00,31200.00
861,862,2023121001003206,MEL,42,57,1380,188.00,259440.00
862,863,2023121001003205,MEL,48,57,80,188.00,15040.00
863,864,2023121001003204,MEL,58,57,40,188.00,7520.00
864,865,2023121001003203,HATHY,56,44,100,492.00,49200.00
865,866,2023121001003202,UNLB,36,66,10,989.40,9894.00
866,867,2023121001003201,SONA,41,44,10,320.00,3200.00
867,868,2023121001003200,SONA,41,44,850,320.00,272000.00
868,869,2023121001003199,SONA,41,36,40,320.00,12800.00
869,870,2023121001003198,SONA,41,35,10,320.00,3200.00
870,871,2023121001003197,SONA,41,34,50,320.00,16000.00
871,872,2023121001003196,SONA,41,52,10,319.00,3190.00
872,873,2023121001003195,SONA,41,67,1004,319.00,320276.00
873,874,2023121001003194,SONA,41,58,10,319.00,3190.00
874,875,2023121001003193,SONA,41,28,386,319.00,123134.00
875,876,2023121001003192,SONA,41,50,10,318.10,3181.00
876,877,2023121001003191,SONA,41,41,10,318.00,3180.00
877,878,2023121001003190,SONA,41,58,10,318.00,3180.00
878,879,2023121001003189,SONA,41,58,10,318.00,3180.00
879,880,2023121001003188,SONA,41,42,1000,318.00,318000.00
880,881,2023121001003187,SONA,41,29,100,318.00,31800.00
881,882,2023121001003186,SONA,41,21,1000,318.00,318000.00
882,883,2023121001003185,SONA,41,58,10,318.00,3180.00
883,884,2023121001003184,SONA,41,58,10,318.00,3180.00
884,885,2023121001003183,SONA,41,35,460,318.00,146280.00
885,886,2023121001003182,SONA,41,38,10,316.00,3160.00
886,887,2023121001003181,MEHL,46,14,20,221.00,4420.00
887,888,2023121001003180,MEHL,46,35,10,221.00,2210.00
888,889,2023121004001796,SGIC,7,53,200,513.00,102600.00
889,890,2023121001003179,NABIL,45,28,13,528.00,6864.00
890,891,2023121001003178,HATHY,50,62,30,497.00,14910.00
891,892,2023121004001795,NIL,42,4,90,836.00,75240.00
892,893,2023121004001794,NIL,42,42,110,835.00,91850.00
893,894,2023121003000830,RLFL,17,59,500,350.80,175400.00
894,895,2023121003000829,RLFL,17,17,598,350.80,209778.40
895,896,2023121003000828,RLFL,17,35,32,350.00,11200.00
896,897,2023121003000827,RLFL,17,25,185,350.00,64750.00
897,898,2023121003000826,RLFL,17,45,100,344.00,34400.00
898,899,2023121004001793,SHL,22,33,100,445.00,44500.00
899,900,2023121004001792,CHCL,4,6,100,522.00,52200.00
900,901,2023121004001791,AKPL,6,13,200,172.30,34460.00
901,902,2023121004001790,SHPC,45,8,100,331.00,33100.00
902,903,2023121001003177,PRVU,19,6,84,171.00,14364.00
903,904,2023121001003176,PRVU,19,28,209,170.00,35530.00
904,905,2023121001003175,MCHL,22,19,122,251.90,30731.80
905,906,2023121003000825,PROFL,39,6,50,305.00,15250.00
906,907,2023121003000824,PROFL,39,33,95,304.00,28880.00
907,908,2023121003000823,PROFL,39,22,10,301.90,3019.00
908,909,2023121003000822,PROFL,39,49,10,301.90,3019.00
909,910,2023121003000821,PROFL,39,21,10,301.90,3019.00
910,911,2023121001003174,RFPL,57,39,60,230.00,13800.00
911,912,2023121001003173,GBIME,59,49,4500,205.00,922500.00
912,913,2023121001003172,GBIME,59,19,500,204.90,102450.00
913,914,2023121004001789,NHPC,19,59,373,147.70,55092.10
914,915,2023121004001788,NHPC,25,59,450,147.80,66510.00
915,916,2023121001003171,SNLI,39,57,10,517.00,5170.00
916,917,2023121004001787,NHPC,56,59,100,147.80,14780.00
917,918,2023121004001786,NHPC,34,59,22,147.80,3251.60
918,919,2023121004001785,NHPC,56,59,20,147.90,2958.00
919,920,2023121004001784,NHPC,6,59,35,147.90,5176.50
920,921,2023121001003170,HATHY,55,56,31,491.00,15221.00
921,922,2023121001003169,HATHY,16,56,580,491.00,284780.00
922,923,2023121001003168,HATHY,56,56,100,491.00,49100.00
923,924,2023121001003167,HATHY,49,56,289,491.00,141899.00
924,925,2023121003000820,ALICL,56,62,54,665.00,35910.00
925,926,2023121004001783,HDHPC,36,8,100,133.00,13300.00
926,927,2023121003000819,MLBL,43,47,43,316.00,13588.00
927,928,2023121003000818,HLBSL,38,52,36,579.00,20844.00
928,929,2023121004001782,IGI,21,32,260,523.00,135980.00
929,930,2023121004001781,IGI,21,16,240,522.00,125280.00
930,931,2023121001003166,RFPL,42,39,230,230.00,52900.00
931,932,2023121004001780,IGI,35,16,210,522.00,109620.00
932,933,2023121004001779,IGI,35,41,290,521.00,151090.00
933,934,2023121003000817,MFIL,35,16,35,513.00,17955.00
934,935,2023121003000816,MFIL,35,59,55,513.00,28215.00
935,936,2023121003000815,LICN,58,1,10,1480.00,14800.00
936,937,2023121001003165,KBL,45,38,300,158.00,47400.00
937,938,2023121005000320,NRIC,45,45,14,641.00,8974.00
938,939,2023121001003164,KBL,34,38,1200,158.00,189600.00
939,940,2023121001003163,KBL,34,32,1000,157.90,157900.00
940,941,2023121003000814,JBBL,50,48,15,295.00,4425.00
941,942,2023121003000813,CFCL,17,57,20,340.60,6812.00
942,943,2023121001003162,NBL,57,17,10,245.00,2450.00
943,944,2023121005000319,NRIC,57,34,500,648.50,324250.00
944,945,2023121001003161,SRLI,45,36,800,480.00,384000.00
945,946,2023121001003160,SRLI,52,36,100,480.00,48000.00
946,947,2023121003000812,NADEP,41,72,18,492.20,8859.60
947,948,2023121001003159,RNLI,39,47,10,514.00,5140.00
948,949,2023121003000811,GUFL,20,46,10,555.00,5550.00
949,950,2023121003000810,MNBBL,21,67,100,397.00,39700.00
950,951,2023121004001778,KKHC,35,57,10,197.30,1973.00
951,952,2023121003000809,KSBBL,26,6,100,312.00,31200.00
952,953,2023121004001777,PRIN,45,33,50,733.00,36650.00
953,954,2023121004001776,SHL,45,33,300,445.00,133500.00
954,955,2023121004001775,SHL,45,16,700,445.00,311500.00
955,956,2023121004001774,NHPC,58,40,10,148.00,1480.00
956,957,2023121003000808,FMDBL,29,48,15,622.00,9330.00
957,958,2023121004001773,SHL,39,16,300,445.00,133500.00
958,959,2023121004001772,SHL,39,26,200,445.00,89000.00
959,960,2023121004001771,KKHC,29,41,370,195.00,72150.00
960,961,2023121005000318,NIFRA,55,41,300,200.00,60000.00
961,962,2023121005000317,NIFRA,55,33,10,199.90,1999.00
962,963,2023121005000316,NIFRA,55,21,500,199.90,99950.00
963,964,2023121005000315,NIFRA,55,48,100,199.80,19980.00
964,965,2023121001003158,RNLI,39,38,10,514.00,5140.00
965,966,2023121003000807,JSLBB,18,54,10,835.00,8350.00
966,967,2023121001003157,KBL,36,38,325,157.00,51025.00
967,968,2023121005000314,CIT,71,50,50,2036.00,101800.00
968,969,2023121005000313,CIT,71,50,178,2036.00,362408.00
969,970,2023121003000806,NLIC,42,69,114,690.00,78660.00
970,971,2023121003000805,NLIC,42,18,200,689.90,137980.00
971,972,2023121001003156,NBL,38,17,15,245.00,3675.00
972,973,2023121004001770,UMRH,35,38,140,294.00,41160.00
973,974,2023121001003155,CLI,45,11,10,493.00,4930.00
974,975,2023121001003154,CLI,45,58,10,493.00,4930.00
975,976,2023121001003153,CLI,45,33,1535,493.00,756755.00
976,977,2023121001003152,SONA,73,58,10,315.10,3151.00
977,978,2023121004001769,SHL,58,26,100,444.00,44400.00
978,979,2023121003000804,LBBL,29,6,207,401.80,83172.60
979,980,2023121004001768,TRH,49,64,190,815.00,154850.00
980,981,2023121001003151,RAWA,39,71,145,389.50,56477.50
981,982,2023121001003150,PRVU,57,28,191,170.00,32470.00
982,983,2023121001003149,PRVU,57,32,200,170.00,34000.00
983,984,2023121001003148,PRVU,57,10,609,170.00,103530.00
984,985,2023121004001767,SHL,41,26,200,444.00,88800.00
985,986,2023121004001766,UPCL,53,16,100,195.00,19500.00
986,987,2023121003000803,SADBL,13,43,36,289.90,10436.40
987,988,2023121004001765,NIL,38,42,50,835.00,41750.00
988,989,2023121003000802,MNBBL,38,67,100,397.00,39700.00
989,990,2023121001003147,CLI,28,33,30,493.00,14790.00
990,991,2023121001003146,RHGCL,21,34,600,220.00,132000.00
991,992,2023121001003145,SNLI,71,57,10,519.40,5194.00
992,993,2023121001003144,SNLI,71,50,10,519.00,5190.00
993,994,2023121001003143,SNLI,71,45,20,518.00,10360.00
994,995,2023121001003142,SIKLES,35,4,250,403.00,100750.00
995,996,2023121001003141,SIKLES,57,4,90,405.00,36450.00
996,997,2023121001003140,SIKLES,34,4,200,406.00,81200.00
997,998,2023121001003139,MANDU,45,29,10,526.00,5260.00
998,999,2023121004001764,RADHI,58,58,16,223.00,3568.00
999,1000,2023121001003138,SONA,73,58,10,315.10,3151.00
1000,1001,2023121001003137,SONA,73,45,10,315.10,3151.00
1001,1002,2023121001003136,NIMB,29,29,50,183.00,9150.00
1002,1003,2023121004001763,NICL,7,39,100,873.00,87300.00
1003,1004,2023121001003135,SONA,73,34,20,315.10,6302.00
1004,1005,2023121001003134,RNLI,39,48,100,514.00,51400.00
1005,1006,2023121001003133,EBL,44,34,84,510.00,42840.00
1006,1007,2023121001003132,EBL,44,5,376,510.00,191760.00
1007,1008,2023121001003131,EBL,44,46,40,505.00,20200.00
1008,1009,2023121004001762,HDHPC,36,7,1026,133.00,136458.00
1009,1010,2023121004001761,MEN,32,65,500,490.00,245000.00
1010,1011,2023121001003130,KDL,57,80,60,830.00,49800.00
1011,1012,2023121003000801,HLI,52,69,300,435.00,130500.00
1012,1013,2023121003000800,HLI,34,69,320,435.00,139200.00
1013,1014,2023121004001760,JOSHI,28,72,10,201.00,2010.00
1014,1015,2023121003000799,NLICL,54,50,500,600.10,300050.00
1015,1016,2023121003000798,ALBSL,62,34,10,662.00,6620.00
1016,1017,2023121003000797,HLI,50,52,100,437.00,43700.00
1017,1018,2023121004001759,MEN,17,71,58,485.10,28135.80
1018,1019,2023121004001758,MEN,28,71,42,486.00,20412.00
1019,1020,2023121004001757,NHPC,42,40,135,148.00,19980.00
1020,1021,2023121004001756,NHPC,42,68,265,148.00,39220.00
1021,1022,2023121001003129,HATHY,49,17,100,491.00,49100.00
1022,1023,2023121001003128,HATHY,5,17,20,491.60,9832.00
1023,1024,2023121001003127,HATHY,53,17,120,491.60,58992.00
1024,1025,2023121001003126,SNLI,39,35,447,517.00,231099.00
1025,1026,2023121001003125,SNLI,41,35,300,517.00,155100.00
1026,1027,2023121001003124,SNLI,58,35,100,517.00,51700.00
1027,1028,2023121001003123,SNLI,17,35,500,517.00,258500.00
1028,1029,2023121001003122,SNLI,48,35,100,517.00,51700.00
1029,1030,2023121001003121,SNLI,13,35,30,517.00,15510.00
1030,1031,2023121001003120,SNLI,29,35,23,517.00,11891.00
1031,1032,2023121001003119,SPL,64,57,10,776.60,7766.00
1032,1033,2023121005000312,HIDCL,35,58,100,171.00,17100.00
1033,1034,2023121005000311,HIDCL,59,58,840,171.00,143640.00
1034,1035,2023121004001755,API,37,58,818,170.00,139060.00
1035,1036,2023121004001754,API,34,58,50,170.00,8500.00
1036,1037,2023121004001753,API,42,58,100,170.00,17000.00
1037,1038,2023121004001752,API,58,58,60,170.00,10200.00
1038,1039,2023121004001751,API,48,58,313,170.00,53210.00
1039,1040,2023121004001750,API,4,58,400,171.50,68600.00
1040,1041,2023121004001749,API,33,58,259,171.50,44418.50
1041,1042,2023121001003118,RHGCL,10,45,10,214.00,2140.00
1042,1043,2023121004001748,API,57,49,500,173.00,86500.00
1043,1044,2023121004001747,UMHL,32,14,200,193.00,38600.00
1044,1045,2023121004001746,UMHL,62,14,500,193.10,96550.00
1045,1046,2023121001003117,SONA,73,39,10,315.10,3151.00
1046,1047,2023121005000310,NIFRA,1,48,400,199.80,79920.00
1047,1048,2023121005000309,NIFRA,1,52,100,199.70,19970.00
1048,1049,2023121001003116,SRLI,35,44,50,481.00,24050.00
1049,1050,2023121004001745,NLG,56,45,10,811.00,8110.00
1050,1051,2023121004001744,SHL,26,26,290,444.00,128760.00
1051,1052,2023121004001743,NICL,7,53,50,873.00,43650.00
1052,1053,2023121005000308,HIDCL,25,45,1130,172.00,194360.00
1053,1054,2023121005000307,HIDCL,25,53,1370,171.90,235503.00
1054,1055,2023121004001742,SHEL,62,62,10,272.30,2723.00
1055,1056,2023121004001741,SHEL,62,44,10,267.20,2672.00
1056,1057,2023121004001740,NHPC,50,68,500,148.00,74000.00
1057,1058,2023121004001739,BPCL,49,34,400,309.10,123640.00
1058,1059,2023121004001738,BPCL,34,34,100,310.00,31000.00
1059,1060,2023121001003115,DLBS,43,48,10,640.50,6405.00
1060,1061,2023121004001737,CGH,57,19,10,1095.40,10954.00
1061,1062,2023121004001736,CGH,57,22,10,1095.00,10950.00
1062,1063,2023121004001735,CGH,57,26,10,1094.90,10949.00
1063,1064,2023121004001734,CGH,57,41,50,1094.00,54700.00
1064,1065,2023121003000796,SMFBS,32,13,10,780.30,7803.00
1065,1066,2023121004001733,HDHPC,56,7,974,133.00,129542.00
1066,1067,2023121004001732,HDHPC,56,49,500,133.00,66500.00
1067,1068,2023121004001731,HDHPC,56,38,100,133.00,13300.00
1068,1069,2023121004001730,HDHPC,56,42,426,133.00,56658.00
1069,1070,2023121005000306,NIFRA,49,41,54,199.00,10746.00
1070,1071,2023121001003114,CZBIL,28,13,200,173.40,34680.00
1071,1072,2023121001003113,CZBIL,28,68,2000,173.00,346000.00
1072,1073,2023121001003112,CZBIL,28,25,981,172.00,168732.00
1073,1074,2023121001003111,CZBIL,28,47,150,172.00,25800.00
1074,1075,2023121001003110,CZBIL,28,19,40,171.00,6840.00
1075,1076,2023121003000795,HLI,41,52,40,437.00,17480.00
1076,1077,2023121003000794,HLI,41,52,10,437.00,4370.00
1077,1078,2023121003000793,HLI,25,52,90,437.00,39330.00
1078,1079,2023121004001729,AKPL,58,45,50,172.00,8600.00
1079,1080,2023121001003109,SONA,45,35,50,318.00,15900.00
1080,1081,2023121001003108,MEL,58,58,60,188.00,11280.00
1081,1082,2023121001003107,SONA,73,58,10,315.10,3151.00
1082,1083,2023121004001728,MEN,17,33,720,485.10,349272.00
1083,1084,2023121004001727,MEN,86,33,1000,486.00,486000.00
1084,1085,2023121004001726,MEN,19,33,200,486.00,97200.00
1085,1086,2023121004001725,MEN,1,33,80,489.00,39120.00
1086,1087,2023121004001724,MEN,1,34,20,489.00,9780.00
1087,1088,2023121004001723,MEN,38,34,80,490.00,39200.00
1088,1089,2023121004001722,HEI,16,34,400,571.00,228400.00
1089,1090,2023121001003106,DOLTI,1,69,10,232.00,2320.00
1090,1091,2023121003000792,BFC,57,41,40,309.20,12368.00
1091,1092,2023121001003105,MHL,36,64,50,355.00,17750.00
1092,1093,2023121004001721,PMHPL,54,29,10,218.90,2189.00
1093,1094,2023121003000791,ICFC,71,55,100,470.00,47000.00
1094,1095,2023121004001720,SHL,8,26,700,444.00,310800.00
1095,1096,2023121004001719,SHL,58,26,140,444.00,62160.00
1096,1097,2023121004001718,SHL,38,26,400,444.00,177600.00
1097,1098,2023121004001717,SHL,14,26,100,444.00,44400.00
1098,1099,2023121003000790,MLBL,43,47,100,316.00,31600.00
1099,1100,2023121003000789,MNBBL,43,67,20,397.00,7940.00
1100,1101,2023121001003104,CLI,49,42,10,490.00,4900.00
1101,1102,2023121001003103,KBSH,46,19,10,795.10,7951.00
1102,1103,2023121001003102,DOLTI,45,69,10,232.00,2320.00
1103,1104,2023121001003101,PPL,45,81,200,231.00,46200.00
1104,1105,2023121001003100,PPL,45,13,166,229.50,38097.00
1105,1106,2023121004001716,API,58,43,50,173.40,8670.00
1106,1107,2023121001003099,EBL,34,46,10,505.00,5050.00
1107,1108,2023121001003098,NRM,37,34,80,255.70,20456.00
1108,1109,2023121001003097,NRM,59,34,470,255.80,120226.00
1109,1110,2023121003000788,MPFL,32,48,60,302.00,18120.00
1110,1111,2023121004001715,NHPC,32,68,734,148.00,108632.00
1111,1112,2023121004001714,NHPC,32,58,465,148.00,68820.00
1112,1113,2023121004001713,NHPC,32,37,801,147.90,118467.90
1113,1114,2023121001003096,KDL,56,35,80,840.00,67200.00
1114,1115,2023121001003095,KDL,56,44,10,840.00,8400.00
1115,1116,2023121001003094,KDL,56,3,10,835.00,8350.00
1116,1117,2023121001003093,SONA,72,35,500,318.00,159000.00
1117,1118,2023121004001712,SALICO,88,58,10,713.00,7130.00
1118,1119,2023121001003092,HDL,50,48,100,1672.00,167200.00
1119,1120,2023121003000787,MNBBL,42,67,200,397.00,79400.00
1120,1121,2023121001003091,SHIVM,26,6,346,490.00,169540.00
1121,1122,2023121001003090,SHIVM,4,6,14,490.00,6860.00
1122,1123,2023121001003089,SHIVM,44,6,50,491.00,24550.00
1123,1124,2023121001003088,SHIVM,42,6,590,494.10,291519.00
1124,1125,2023121005000305,NRN,58,49,80,317.00,25360.00
1125,1126,2023121004001711,UPCL,45,75,200,194.90,38980.00
1126,1127,2023121004001710,NGPL,57,34,10,215.00,2150.00
1127,1128,2023121004001709,NGPL,42,34,10,215.20,2152.00
1128,1129,2023121004001708,SALICO,34,58,10,713.00,7130.00
1129,1130,2023121001003087,GVL,67,21,10,379.40,3794.00
1130,1131,2023121001003086,KBL,36,57,259,157.00,40663.00
1131,1132,2023121001003085,KBL,28,57,90,157.00,14130.00
1132,1133,2023121001003084,KBL,32,57,500,157.00,78500.00
1133,1134,2023121001003083,KBL,6,57,79,157.00,12403.00
1134,1135,2023121001003082,KBL,34,57,600,157.00,94200.00
1135,1136,2023121001003081,KBL,32,57,472,157.00,74104.00
1136,1137,2023121004001707,AKPL,58,11,100,172.00,17200.00
1137,1138,2023121001003080,RBCLPO,42,43,10,11566.00,115660.00
1138,1139,2023121004001706,NIL,42,42,40,835.00,33400.00
1139,1140,2023121003000786,CFCL,17,35,100,340.60,34060.00
1140,1141,2023121004001705,CHCL,58,3,20,522.00,10440.00
1141,1142,2023121004001704,CHCL,45,3,100,522.00,52200.00
1142,1143,2023121001003079,NMB,49,50,13,208.00,2704.00
1143,1144,2023121004001703,GHL,49,50,990,132.00,130680.00
1144,1145,2023121001003078,MEHL,49,10,210,220.00,46200.00
1145,1146,2023121004001702,UPPER,45,44,1000,211.10,211100.00
1146,1147,2023121004001701,UPPER,45,45,10,211.00,2110.00
1147,1148,2023121004001700,UPPER,45,16,355,211.00,74905.00
1148,1149,2023121004001699,RHPL,32,45,40,254.00,10160.00
1149,1150,2023121001003077,PCBL,58,56,370,200.00,74000.00
1150,1151,2023121003000785,GBBL,34,55,50,398.00,19900.00
1151,1152,2023121003000784,GBBL,34,40,40,390.40,15616.00
1152,1153,2023121001003076,ILI,42,58,10,538.00,5380.00
1153,1154,2023121005000304,HIDCL,58,53,150,171.90,25785.00
1154,1155,2023121001003075,HATHY,49,33,20,491.00,9820.00
1155,1156,2023121004001698,API,58,43,75,173.40,13005.00
1156,1157,2023121004001697,API,58,16,25,172.50,4312.50
1157,1158,2023121001003074,HATHY,58,62,370,497.00,183890.00
1158,1159,2023121001003073,HATHY,58,42,20,495.00,9900.00
1159,1160,2023121001003072,HATHY,58,36,20,494.70,9894.00
1160,1161,2023121001003071,HATHY,58,54,20,494.70,9894.00
1161,1162,2023121001003070,HATHY,58,57,50,494.00,24700.00
1162,1163,2023121001003069,HATHY,58,48,20,491.60,9832.00
1163,1164,2023121001003068,HHL,34,62,100,231.00,23100.00
1164,1165,2023121001003067,SAHAS,48,44,180,475.00,85500.00
1165,1166,2023121005000303,NTC,36,37,100,890.00,89000.00
1166,1167,2023121004001696,HURJA,41,57,10,240.70,2407.00
1167,1168,2023121004001695,HDHPC,41,34,830,132.00,109560.00
1168,1169,2023121003000783,HLI,25,38,10,437.00,4370.00
1169,1170,2023121003000782,LICN,38,4,30,1451.00,43530.00
1170,1171,2023121003000781,KRBL,62,25,500,309.90,154950.00
1171,1172,2023121001003066,SHIVM,17,6,100,494.90,49490.00
1172,1173,2023121003000780,GFCL,42,59,10,422.50,4225.00
1173,1174,2023121004001694,UPCL,68,41,300,195.10,58530.00
1174,1175,2023121004001693,UPCL,68,19,200,195.00,39000.00
1175,1176,2023121004001692,UPCL,68,42,500,194.90,97450.00
1176,1177,2023121003000779,KRBL,35,25,24,309.90,7437.60
1177,1178,2023121003000778,SLBBL,81,38,100,617.00,61700.00
1178,1179,2023121001003065,GCIL,56,45,10,443.00,4430.00
1179,1180,2023121004001691,HDHPC,45,34,100,132.00,13200.00
1180,1181,2023121004001690,NHPC,45,37,200,147.90,29580.00
1181,1182,2023121003000777,LBBL,14,6,13,401.80,5223.40
1182,1183,2023121004001689,HDHPC,51,34,70,132.00,9240.00
1183,1184,2023121004001688,API,48,16,175,172.50,30187.50
1184,1185,2023121001003064,MCHL,22,58,10,251.90,2519.00
1185,1186,2023121001003063,SNLI,29,57,10,517.00,5170.00
1186,1187,2023121001003062,NRM,59,54,10,255.80,2558.00
1187,1188,2023121004001687,HURJA,54,57,25,240.70,6017.50
1188,1189,2023121004001686,HURJA,54,35,25,240.00,6000.00
1189,1190,2023121001003061,ILI,40,50,100,547.00,54700.00
1190,1191,2023121004001685,NHPC,38,58,100,148.00,14800.00
1191,1192,2023121001003060,ILI,38,84,300,542.10,162630.00
1192,1193,2023121004001684,AKJCL,17,45,100,160.00,16000.00
1193,1194,2023121003000776,CFCL,17,35,200,340.60,68120.00
1194,1195,2023121003000775,CFCL,17,59,100,340.00,34000.00
1195,1196,2023121001003059,SHIVM,42,85,410,494.00,202540.00
1196,1197,2023121003000774,SADBL,13,43,64,289.90,18553.60
1197,1198,2023121004001683,IGI,52,41,10,521.00,5210.00
1198,1199,2023121003000773,MFIL,21,35,10,512.00,5120.00
1199,1200,2023121001003058,CLI,45,33,55,493.00,27115.00
1200,1201,2023121004001682,HEI,57,33,190,565.00,107350.00
1201,1202,2023121004001681,HEI,46,33,1000,566.00,566000.00
1202,1203,2023121005000302,NRN,34,49,90,317.00,28530.00
1203,1204,2023121003000772,HLI,66,13,65,438.00,28470.00
1204,1205,2023121003000771,HLI,66,42,330,438.00,144540.00
1205,1206,2023121003000770,KSBBL,36,67,1050,315.00,330750.00
1206,1207,2023121004001680,HPPL,19,57,1200,220.00,264000.00
1207,1208,2023121001003057,KBL,32,32,528,157.00,82896.00
1208,1209,2023121001003056,SANIMA,41,54,285,248.60,70851.00
1209,1210,2023121005000301,CIT,36,53,200,2035.00,407000.00
1210,1211,2023121005000300,CIT,42,53,78,2035.00,158730.00
1211,1212,2023121001003055,SONA,65,35,180,318.00,57240.00
1212,1213,2023121001003054,SONA,65,35,320,315.00,100800.00
1213,1214,2023121003000769,LBBL,28,6,180,401.80,72324.00
1214,1215,2023121003000768,LBBL,58,6,300,402.00,120600.00
1215,1216,2023121001003053,SHIVM,42,85,90,494.00,44460.00
1216,1217,2023121004001679,LEC,52,62,50,157.00,7850.00
1217,1218,2023121003000767,LICN,3,4,10,1451.00,14510.00
1218,1219,2023121001003052,HDL,39,48,24,1672.00,40128.00
1219,1220,2023121001003051,HATHY,19,48,30,491.60,14748.00
1220,1221,2023121001003050,MEL,45,45,10,187.00,1870.00
1221,1222,2023121004001678,AKPL,58,34,100,172.00,17200.00
1222,1223,2023121004001677,AKPL,58,62,766,172.00,131752.00
1223,1224,2023121001003049,NICA,58,58,10,525.00,5250.00
1224,1225,2023121001003048,CLI,58,33,10,493.00,4930.00
1225,1226,2023121001003047,SONA,51,35,100,315.00,31500.00
1226,1227,2023121003000766,LICN,58,4,10,1451.00,14510.00
1227,1228,2023121001003046,JBLB,54,34,10,1257.10,12571.00
1228,1229,2023121003000765,FOWAD,33,34,50,1090.00,54500.00
1229,1230,2023121001003045,HDL,44,48,100,1672.00,167200.00
1230,1231,2023121004001676,NHPC,56,58,205,148.00,30340.00
1231,1232,2023121004001675,NHPC,56,42,95,148.00,14060.00
1232,1233,2023121001003044,HATHY,56,48,20,491.60,9832.00
1233,1234,2023121003000764,GBBL,56,40,160,390.40,62464.00
1234,1235,2023121003000763,GBBL,56,59,40,390.40,15616.00
1235,1236,2023121001003043,PRVU,7,10,50,170.00,8500.00
1236,1237,2023121001003042,BEDC,54,38,10,234.00,2340.00
1237,1238,2023121001003041,SNLI,29,22,10,517.00,5170.00
1238,1239,2023121001003040,SBL,17,6,590,243.70,143783.00
1239,1240,2023121001003039,SONA,58,35,1000,315.00,315000.00
1240,1241,2023121001003038,SONA,32,35,100,315.00,31500.00
1241,1242,2023121001003037,SONA,34,35,1000,315.00,315000.00
1242,1243,2023121001003036,SONA,14,35,480,315.00,151200.00
1243,1244,2023121004001674,HDHPC,77,42,15,133.00,1995.00
1244,1245,2023121003000762,GUFL,58,49,100,544.70,54470.00
1245,1246,2023121001003035,DOLTI,53,49,10,232.00,2320.00
1246,1247,2023121004001673,AKPL,19,62,500,172.00,86000.00
1247,1248,2023121005000299,HIDCL,19,53,20,171.90,3438.00
1248,1249,2023121001003034,RNLI,44,29,10,512.10,5121.00
1249,1250,2023121004001672,API,34,16,100,173.00,17300.00
1250,1251,2023121004001671,API,60,16,500,173.00,86500.00
1251,1252,2023121004001670,API,38,16,200,173.00,34600.00
1252,1253,2023121003000761,SJLIC,33,17,85,535.00,45475.00
1253,1254,2023121004001669,RIDI,6,33,220,201.00,44220.00
1254,1255,2023121004001668,RIDI,39,33,200,201.00,40200.00
1255,1256,2023121003000760,NUBL,34,17,500,600.00,300000.00
1256,1257,2023121001003033,NICA,57,35,20,528.00,10560.00
1257,1258,2023121001003032,DORDI,58,34,100,229.00,22900.00
1258,1259,2023121003000759,JBBL,34,43,100,295.80,29580.00
1259,1260,2023121001003031,SANIMA,44,54,500,248.60,124300.00
1260,1261,2023121001003030,MEL,26,58,500,188.00,94000.00
1261,1262,2023121001003029,ILI,7,50,657,547.00,359379.00
1262,1263,2023121001003028,ILI,7,58,10,545.00,5450.00
1263,1264,2023121001003027,ILI,7,52,10,545.00,5450.00
1264,1265,2023121001003026,ILI,7,33,323,538.10,173806.30
1265,1266,2023121004001667,NHPC,34,38,196,147.80,28968.80
1266,1267,2023121004001666,NHPC,57,38,104,147.90,15381.60
1267,1268,2023121004001665,LEC,42,62,570,157.00,89490.00
1268,1269,2023121001003025,SHIVM,42,6,1000,494.90,494900.00
1269,1270,2023121001003024,HEIP,42,16,810,428.00,346680.00
1270,1271,2023121001003023,HEIP,42,19,200,427.90,85580.00
1271,1272,2023121001003022,HEIP,42,26,200,427.60,85520.00
1272,1273,2023121003000758,SHINE,49,33,480,367.00,176160.00
1273,1274,2023121001003021,PRVU,49,10,20,170.00,3400.00
1274,1275,2023121001003020,SONA,14,39,10,315.00,3150.00
1275,1276,2023121001003019,SAHAS,51,44,20,475.00,9500.00
1276,1277,2023121001003018,SAHAS,51,54,20,474.20,9484.00
1277,1278,2023121001003017,DORDI,58,57,10,229.00,2290.00
1278,1279,2023121001003016,DORDI,58,25,500,228.40,114200.00
1279,1280,2023121001003015,DORDI,58,54,486,228.40,111002.40
1280,1281,2023121001003014,KBL,57,32,462,157.00,72534.00
1281,1282,2023121001003013,KBL,57,21,38,157.00,5966.00
1282,1283,2023121005000298,NTC,44,35,183,890.00,162870.00
1283,1284,2023121005000297,NTC,44,7,10,890.00,8900.00
1284,1285,2023121001003012,EBL,44,5,24,510.00,12240.00
1285,1286,2023121001003011,EBL,44,19,200,510.00,102000.00
1286,1287,2023121001003010,EBL,44,34,100,510.00,51000.00
1287,1288,2023121001003009,EBL,44,13,65,510.00,33150.00
1288,1289,2023121001003008,EBL,44,25,11,510.00,5610.00
1289,1290,2023121001003007,MSHL,25,71,10,369.00,3690.00
1290,1291,2023121001003006,MSHL,25,58,10,362.60,3626.00
1291,1292,2023121004001664,NICL,7,53,50,873.00,43650.00
1292,1293,2023121003000757,SHINE,46,33,20,367.00,7340.00
1293,1294,2023121003000756,RLFL,28,25,15,350.00,5250.00
1294,1295,2023121003000755,RLFL,28,29,185,345.00,63825.00
1295,1296,2023121001003005,SGHC,14,50,890,244.00,217160.00
1296,1297,2023121001003004,SGHC,1,50,10,248.00,2480.00
1297,1298,2023121001003003,PRVU,13,10,100,170.00,17000.00
1298,1299,2023121003000754,SKBBL,68,17,10,948.60,9486.00
1299,1300,2023121001003002,MANDU,42,29,10,526.00,5260.00
1300,1301,2023121001003001,SHIVM,49,6,25,494.90,12372.50
1301,1302,2023121001003000,SHIVM,39,6,100,494.90,49490.00
1302,1303,2023121001002999,SONA,14,49,10,315.00,3150.00
1303,1304,2023121005000296,STC,14,33,30,5300.00,159000.00
1304,1305,2023121003000753,GUFL,14,71,100,555.00,55500.00
1305,1306,2023121003000752,GUFL,14,49,100,555.00,55500.00
1306,1307,2023121003000751,GUFL,14,38,50,555.00,27750.00
1307,1308,2023121003000750,GUFL,14,39,250,550.00,137500.00
1308,1309,2023121005000295,NRN,45,49,1000,317.00,317000.00
1309,1310,2023121004001663,RIDI,66,58,500,201.80,100900.00
1310,1311,2023121004001662,UMHL,34,25,100,194.40,19440.00
1311,1312,2023121003000749,SADBL,32,43,36,289.90,10436.40
1312,1313,2023121001002998,KDL,38,80,20,828.00,16560.00
1313,1314,2023121004001661,UMRH,43,38,500,294.00,147000.00
1314,1315,2023121001002997,RNLI,84,3,510,515.00,262650.00
1315,1316,2023121001002996,RNLI,84,57,10,515.00,5150.00
1316,1317,2023121001002995,RNLI,84,59,200,515.00,103000.00
1317,1318,2023121001002994,RNLI,84,58,20,515.00,10300.00
1318,1319,2023121001002993,RNLI,84,48,50,515.00,25750.00
1319,1320,2023121001002992,RNLI,84,67,100,515.00,51500.00
1320,1321,2023121001002991,RNLI,84,25,50,515.00,25750.00
1321,1322,2023121001002990,RNLI,84,34,10,515.00,5150.00
1322,1323,2023121001002989,RNLI,84,52,50,515.00,25750.00
1323,1324,2023121001002988,RNLI,84,33,1000,515.00,515000.00
1324,1325,2023121005000294,CIT,17,50,50,2036.00,101800.00
1325,1326,2023121001002987,ILI,42,22,10,538.00,5380.00
1326,1327,2023121001002986,SHIVM,44,6,450,491.00,220950.00
1327,1328,2023121001002985,SHIVM,39,6,300,491.10,147330.00
1328,1329,2023121001002984,SHIVM,13,6,100,492.00,49200.00
1329,1330,2023121001002983,SHIVM,58,6,50,493.00,24650.00
1330,1331,2023121001002982,SHIVM,50,6,100,494.00,49400.00
1331,1332,2023121003000748,HLI,45,42,1670,438.00,731460.00
1332,1333,2023121001002981,PRVU,57,10,10,170.00,1700.00
1333,1334,2023121004001660,TRH,58,64,10,815.00,8150.00
1334,1335,2023121004001659,DHPL,52,58,10,148.50,1485.00
1335,1336,2023121004001658,UMRH,11,38,230,294.00,67620.00
1336,1337,2023121004001657,NIL,53,42,50,835.00,41750.00
1337,1338,2023121004001656,API,88,43,968,173.40,167851.20
1338,1339,2023121004001655,API,88,32,21,173.40,3641.40
1339,1340,2023121004001654,API,88,13,11,173.40,1907.40
1340,1341,2023121003000747,HLI,28,48,230,439.00,100970.00
1341,1342,2023121004001653,SGIC,52,66,65,510.00,33150.00
1342,1343,2023121003000746,FMDBL,10,48,75,622.00,46650.00
1343,1344,2023121001002980,RNLI,34,16,200,514.00,102800.00
1344,1345,2023121001002979,SNLI,29,58,10,517.00,5170.00
1345,1346,2023121001002978,SNLI,29,58,10,517.00,5170.00
1346,1347,2023121001002977,SNLI,29,49,10,517.00,5170.00
1347,1348,2023121001002976,SNLI,29,69,27,517.00,13959.00
1348,1349,2023121004001652,SGIC,46,66,100,510.00,51000.00
1349,1350,2023121004001651,SGIC,57,66,335,510.00,170850.00
1350,1351,2023121001002975,USHEC,36,65,150,254.70,38205.00
1351,1352,2023121004001650,SGIC,58,53,100,513.00,51300.00
1352,1353,2023121001002974,TVCL,64,58,20,324.20,6484.00
1353,1354,2023121001002973,TVCL,64,58,20,324.20,6484.00
1354,1355,2023121001002972,SNLI,32,58,10,516.90,5169.00
1355,1356,2023121001002971,KBL,57,21,100,157.00,15700.00
1356,1357,2023121004001649,API,33,58,241,171.50,41331.50
1357,1358,2023121004001648,API,58,58,500,172.00,86000.00
1358,1359,2023121004001647,API,16,58,292,172.00,50224.00
1359,1360,2023121004001646,API,44,58,900,172.00,154800.00
1360,1361,2023121004001645,API,42,58,51,172.90,8817.90
1361,1362,2023121004001644,API,1,58,16,173.00,2768.00
1362,1363,2023121001002970,ILI,57,33,10,538.10,5381.00
1363,1364,2023121001002969,HATHY,49,44,140,491.00,68740.00
1364,1365,2023121001002968,HATHY,13,44,60,491.10,29466.00
1365,1366,2023121005000293,NTC,8,7,90,890.00,80100.00
1366,1367,2023121005000292,NTC,8,45,10,889.40,8894.00
1367,1368,2023121001002967,MBL,59,50,1485,194.80,289278.00
1368,1369,2023121004001643,SICL,54,17,410,775.00,317750.00
1369,1370,2023121003000745,MNBBL,55,21,100,395.00,39500.00
1370,1371,2023121003000744,MLBL,25,47,500,316.00,158000.00
1371,1372,2023121003000743,MLBL,47,47,15,320.00,4800.00
1372,1373,2023121004001642,JOSHI,28,22,10,197.60,1976.00
1373,1374,2023121003000742,ALBSL,62,42,31,652.20,20218.20
1374,1375,2023121001002966,NBL,52,43,50,245.90,12295.00
1375,1376,2023121001002965,HATHY,35,48,50,491.60,24580.00
1376,1377,2023121003000741,CBBL,42,58,42,950.00,39900.00
1377,1378,2023121003000740,CBBL,42,6,12,940.00,11280.00
1378,1379,2023121003000739,CBBL,42,6,40,936.00,37440.00
1379,1380,2023121001002964,KBL,38,21,50,157.00,7850.00
1380,1381,2023121003000738,EDBL,38,59,10,314.00,3140.00
1381,1382,2023121001002963,NIMB,4,29,330,183.00,60390.00
1382,1383,2023121001002962,NIMB,4,4,500,182.90,91450.00
1383,1384,2023121001002961,NIMB,4,19,1170,182.90,213993.00
1384,1385,2023121004001641,BPCL,49,49,10,309.10,3091.00
1385,1386,2023121001002960,HDL,38,49,10,1670.00,16700.00
1386,1387,2023121004001640,UPCL,45,19,810,192.70,156087.00
1387,1388,2023121004001639,UPCL,38,19,190,194.00,36860.00
1388,1389,2023121004001638,CHCL,45,35,400,522.00,208800.00
1389,1390,2023121001002959,CITY,45,5,10,593.00,5930.00
1390,1391,2023121003000737,SDLBSL,10,6,150,545.00,81750.00
1391,1392,2023121003000736,BFC,16,41,50,309.20,15460.00
1392,1393,2023121001002958,SONA,57,35,100,318.00,31800.00
1393,1394,2023121001002957,ILI,42,44,200,538.00,107600.00
1394,1395,2023121003000735,NLIC,58,69,55,690.00,37950.00
1395,1396,2023121001002956,MCHL,22,26,68,251.90,17129.20
1396,1397,2023121001002955,MCHL,45,26,32,251.90,8060.80
1397,1398,2023121001002954,MCHL,22,26,60,252.00,15120.00
1398,1399,2023121003000734,FMDBL,21,48,50,622.00,31100.00
1399,1400,2023121004001637,MEN,65,65,65,492.00,31980.00
1400,1401,2023121004001636,MEN,65,13,35,489.00,17115.00
1401,1402,2023121003000733,PROFL,22,16,200,300.00,60000.00
1402,1403,2023121001002953,MEHL,38,39,10,218.00,2180.00
1403,1404,2023121001002952,SNLI,39,49,10,515.00,5150.00
1404,1405,2023121004001635,SHL,45,26,100,445.00,44500.00
1405,1406,2023121004001634,SHL,45,25,100,444.00,44400.00
1406,1407,2023121003000732,SWMF,45,26,11,575.00,6325.00
1407,1408,2023121001002951,TVCL,64,16,20,324.20,6484.00
1408,1409,2023121001002950,CLI,49,48,100,490.00,49000.00
1409,1410,2023121001002949,RNLI,34,32,10,514.00,5140.00
1410,1411,2023121001002948,RNLI,34,33,40,514.00,20560.00
1411,1412,2023121001002947,RNLI,34,52,250,514.00,128500.00
1412,1413,2023121001002946,CLI,49,57,10,490.00,4900.00
1413,1414,2023121003000731,GUFL,58,34,20,544.70,10894.00
1414,1415,2023121003000730,SAPDBL,32,44,10,245.00,2450.00
1415,1416,2023121001002945,ILI,42,59,10,538.00,5380.00
1416,1417,2023121003000729,NLIC,56,17,400,695.00,278000.00
1417,1418,2023121003000728,LBBL,28,46,10,401.80,4018.00
1418,1419,2023121004001633,PRIN,21,33,15,733.00,10995.00
1419,1420,2023121004001632,GHL,38,25,100,132.00,13200.00
1420,1421,2023121001002944,DORDI,4,58,10,226.00,2260.00
1421,1422,2023121004001631,RBCL,85,4,10,13872.00,138720.00
1422,1423,2023121001002943,MCHL,45,16,100,256.00,25600.00
1423,1424,2023121001002942,MCHL,45,14,100,255.90,25590.00
1424,1425,2023121004001630,UPPER,29,16,45,211.00,9495.00
1425,1426,2023121003000727,GBBL,1,42,94,390.00,36660.00
1426,1427,2023121003000726,GUFL,57,39,50,550.00,27500.00
1427,1428,2023121001002941,SPC,45,57,10,351.90,3519.00
1428,1429,2023121004001629,HDHPC,33,58,410,131.50,53915.00
1429,1430,2023121004001628,HDHPC,58,58,300,132.00,39600.00
1430,1431,2023121004001627,HDHPC,55,58,290,132.00,38280.00
1431,1432,2023121004001626,NIL,56,42,50,835.00,41750.00
1432,1433,2023121004001625,HEI,59,33,400,571.00,228400.00
1433,1434,2023121004001624,HEI,59,29,100,571.00,57100.00
1434,1435,2023121004001623,MEN,41,13,260,489.00,127140.00
1435,1436,2023121001002940,AHL,62,38,11,370.00,4070.00
1436,1437,2023121004001622,SHEL,62,56,10,267.00,2670.00
1437,1438,2023121004001621,SHEL,62,28,10,262.00,2620.00
1438,1439,2023121005000291,ENL,64,26,10,871.00,8710.00
1439,1440,2023121005000290,ENL,64,42,10,854.00,8540.00
1440,1441,2023121003000725,RLFL,22,53,40,344.00,13760.00
1441,1442,2023121004001620,OHL,52,14,30,793.00,23790.00
1442,1443,2023121004001619,MEN,38,13,105,489.90,51439.50
1443,1444,2023121004001618,MEN,38,13,100,491.00,49100.00
1444,1445,2023121001002939,ILI,42,33,15,538.10,8071.50
1445,1446,2023121001002938,SNLI,39,69,500,517.00,258500.00
1446,1447,2023121004001617,UPPER,38,1,400,210.00,84000.00
1447,1448,2023121001002937,DORDI,32,58,500,226.00,113000.00
1448,1449,2023121004001616,NGPL,58,54,10,215.20,2152.00
1449,1450,2023121001002936,SNLI,39,58,10,515.00,5150.00
1450,1451,2023121003000724,LICN,58,14,10,1451.00,14510.00
1451,1452,2023121004001615,HDHPC,55,56,10,132.00,1320.00
1452,1453,2023121004001614,HDHPC,55,19,600,132.00,79200.00
1453,1454,2023121004001613,SJCL,18,52,10,255.20,2552.00
1454,1455,2023121001002935,MBL,5,50,50,194.80,9740.00
1455,1456,2023121001002934,RHGCL,42,45,10,218.00,2180.00
1456,1457,2023121004001612,HPPL,19,16,200,220.00,44000.00
1457,1458,2023121004001611,HPPL,19,39,600,219.00,131400.00
1458,1459,2023121001002933,HDL,58,48,10,1672.00,16720.00
1459,1460,2023121001002932,HDL,59,34,20,1671.00,33420.00
1460,1461,2023121001002931,BHPL,26,77,100,428.00,42800.00
1461,1462,2023121001002930,TVCL,64,41,30,324.20,9726.00
1462,1463,2023121004001610,DHPL,52,41,510,148.50,75735.00
1463,1464,2023121004001609,DHPL,59,41,490,148.50,72765.00
1464,1465,2023121004001608,NICL,4,53,50,870.00,43500.00
1465,1466,2023121004001607,NHPC,46,42,10,148.00,1480.00
1466,1467,2023121003000723,FMDBL,22,48,200,622.00,124400.00
1467,1468,2023121004001606,JOSHI,6,72,10,197.00,1970.00
1468,1469,2023121001002929,SONA,42,35,710,318.00,225780.00
1469,1470,2023121001002928,BNHC,38,71,450,355.00,159750.00
1470,1471,2023121001002927,BNHC,38,16,50,354.90,17745.00
1471,1472,2023121001002926,HATHY,39,48,80,491.60,39328.00
1472,1473,2023121001002925,HATHY,39,16,20,491.10,9822.00
1473,1474,2023121001002924,SHIVM,39,6,700,494.90,346430.00
1474,1475,2023121005000289,SMATA,49,26,10,634.00,6340.00
1475,1476,2023121005000288,SMATA,49,49,10,622.00,6220.00
1476,1477,2023121003000722,HLI,45,48,200,439.00,87800.00
1477,1478,2023121001002923,SONA,66,28,124,319.00,39556.00
1478,1479,2023121001002922,SONA,66,4,276,319.00,88044.00
1479,1480,2023121004001605,SGIC,1,53,200,513.00,102600.00
1480,1481,2023121001002921,NICA,58,35,10,528.00,5280.00
1481,1482,2023121004001604,AHPC,88,56,2000,217.10,434200.00
1482,1483,2023121004001603,LEC,58,42,24,158.00,3792.00
1483,1484,2023121004001602,LEC,58,35,546,158.00,86268.00
1484,1485,2023121004001601,LEC,58,43,380,157.90,60002.00
1485,1486,2023121004001600,LEC,58,43,50,157.00,7850.00
1486,1487,2023121001002920,MCHL,45,26,168,251.90,42319.20
1487,1488,2023121001002919,MCHL,62,26,200,251.90,50380.00
1488,1489,2023121001002918,MCHL,53,26,60,251.90,15114.00
1489,1490,2023121004001599,GHL,74,25,400,132.00,52800.00
1490,1491,2023121004001598,AHPC,28,56,1850,223.00,412550.00
1491,1492,2023121004001597,AHPC,28,57,200,223.00,44600.00
1492,1493,2023121004001596,AHPC,28,13,900,223.00,200700.00
1493,1494,2023121004001595,AHPC,28,45,20,222.00,4440.00
1494,1495,2023121004001594,AHPC,28,49,30,221.10,6633.00
1495,1496,2023121001002917,RNLI,62,52,500,514.00,257000.00
1496,1497,2023121003000721,ALICL,19,62,46,669.00,30774.00
1497,1498,2023121004001593,SSHL,50,37,452,147.90,66850.80
1498,1499,2023121004001592,HDHPC,50,19,500,132.00,66000.00
1499,1500,2023121004001591,AKPL,6,62,20,172.00,3440.00
1500,1501,2023121001002916,SBL,17,6,300,243.70,73110.00
1501,1502,2023121001002915,BHPL,19,77,10,428.00,4280.00
1502,1503,2023121001002914,SHIVM,35,6,10,494.90,4949.00
1503,1504,2023121001002913,BGWT,45,3,500,435.70,217850.00
1504,1505,2023121003000720,HLI,45,25,330,438.00,144540.00
1505,1506,2023121003000719,SFCL,48,7,10,290.00,2900.00
1506,1507,2023121003000718,SHINE,42,33,500,367.00,183500.00
1507,1508,2023121004001590,SHPC,66,44,901,333.00,300033.00
1508,1509,2023121004001589,SHPC,66,26,100,332.00,33200.00
1509,1510,2023121004001588,API,1,29,34,173.00,5882.00
1510,1511,2023121004001587,NHPC,57,71,400,147.90,59160.00
1511,1512,2023121004001586,NHPC,57,57,190,147.90,28101.00
1512,1513,2023121003000717,SHINE,57,57,476,370.00,176120.00
1513,1514,2023121001002912,KBL,11,21,312,157.00,48984.00
1514,1515,2023121001002911,RNLI,44,52,250,514.00,128500.00
1515,1516,2023121005000287,NRN,55,49,1000,317.00,317000.00
1516,1517,2023121004001585,API,26,29,200,173.00,34600.00
1517,1518,2023121001002910,NRM,59,7,10,255.80,2558.00
1518,1519,2023121001002909,KBL,41,43,660,156.90,103554.00
1519,1520,2023121003000716,MFIL,41,59,100,513.00,51300.00
1520,1521,2023121001002908,MBL,41,50,200,194.80,38960.00
1521,1522,2023121001002907,RNLI,1,47,10,512.00,5120.00
1522,1523,2023121003000715,HLI,59,25,670,438.00,293460.00
1523,1524,2023121004001584,API,25,29,267,173.00,46191.00
1524,1525,2023121004001583,API,25,51,301,173.00,52073.00
1525,1526,2023121004001582,API,25,62,432,173.00,74736.00
1526,1527,2023121001002906,SBL,17,6,300,243.30,72990.00
1527,1528,2023121001002905,SBL,17,6,150,243.30,36495.00
1528,1529,2023121001002904,SBL,17,33,650,243.00,157950.00
1529,1530,2023121001002903,SBL,17,19,10,239.20,2392.00
1530,1531,2023121001002902,RFPL,42,50,670,229.90,154033.00
1531,1532,2023121004001581,CGH,35,26,10,1094.90,10949.00
1532,1533,2023121005000286,NRN,21,49,300,317.00,95100.00
1533,1534,2023121005000285,NRN,34,49,30,317.00,9510.00
1534,1535,2023121001002901,HATHY,49,7,451,491.00,221441.00
1535,1536,2023121001002900,HIDCLP,19,42,20,105.00,2100.00
1536,1537,2023121003000714,SWBBL,57,50,50,689.00,34450.00
1537,1538,2023121003000713,SFCL,11,11,20,285.00,5700.00
1538,1539,2023121001002899,SHIVM,56,6,100,494.90,49490.00
1539,1540,2023121004001580,SJCL,18,58,10,255.20,2552.00
1540,1541,2023121001002898,MCHL,53,26,140,251.90,35266.00
1541,1542,2023121001002897,MCHL,20,26,60,251.90,15114.00
1542,1543,2023121004001579,JOSHI,20,5,10,197.60,1976.00
1543,1544,2023121003000712,HLI,59,41,100,438.00,43800.00
1544,1545,2023121004001578,NHPC,34,62,20,147.80,2956.00
1545,1546,2023121004001577,NICL,74,5,300,879.00,263700.00
1546,1547,2023121004001576,NICL,74,6,700,873.00,611100.00
1547,1548,2023121001002896,RNLI,1,49,10,512.00,5120.00
1548,1549,2023121001002895,SNLI,39,49,10,515.00,5150.00
1549,1550,2023121004001575,BARUN,36,34,1235,228.00,281580.00
1550,1551,2023121004001574,BARUN,36,14,265,228.00,60420.00
1551,1552,2023121003000711,SABSL,57,52,10,572.20,5722.00
1552,1553,2023121001002894,SONA,42,57,400,318.00,127200.00
1553,1554,2023121003000710,BFC,58,41,450,309.20,139140.00
1554,1555,2023121001002893,HDL,58,48,20,1672.00,33440.00
1555,1556,2023121005000284,NRN,59,7,120,323.00,38760.00
1556,1557,2023121005000283,NRN,59,56,80,323.00,25840.00
1557,1558,2023121005000282,NRN,34,46,20,317.00,6340.00
1558,1559,2023121004001573,API,62,62,1500,173.00,259500.00
1559,1560,2023121004001572,API,62,6,1000,173.00,173000.00
1560,1561,2023121004001571,API,62,29,1000,173.00,173000.00
1561,1562,2023121004001570,API,62,45,1000,173.00,173000.00
1562,1563,2023121004001569,API,62,8,500,173.00,86500.00
1563,1564,2023121003000709,GBBL,6,42,20,390.00,7800.00
1564,1565,2023121003000708,GBBL,6,52,10,390.00,3900.00
1565,1566,2023121003000707,NFS,42,37,10,315.60,3156.00
1566,1567,2023121003000706,NFS,42,37,10,309.50,3095.00
1567,1568,2023121003000705,NFS,42,6,30,309.00,9270.00
1568,1569,2023121001002892,SRLI,38,65,190,489.00,92910.00
1569,1570,2023121001002891,SRLI,38,72,10,485.00,4850.00
1570,1571,2023121004001568,MEN,38,21,100,489.00,48900.00
1571,1572,2023121001002890,MEHL,42,10,190,220.00,41800.00
1572,1573,2023121001002889,MEHL,42,69,10,220.00,2200.00
1573,1574,2023121004001567,API,42,28,249,172.50,42952.50
1574,1575,2023121001002888,SONA,42,39,10,318.00,3180.00
1575,1576,2023121003000704,MLBBL,14,5,10,735.30,7353.00
1576,1577,2023121003000703,MLBBL,14,32,10,730.00,7300.00
1577,1578,2023121001002887,SONA,42,49,10,318.00,3180.00
1578,1579,2023121001002886,HATHY,45,7,49,491.00,24059.00
1579,1580,2023121001002885,HATHY,45,49,20,490.20,9804.00
1580,1581,2023121001002884,HATHY,45,38,20,490.00,9800.00
1581,1582,2023121001002883,HATHY,45,38,10,490.00,4900.00
1582,1583,2023121004001566,AKPL,29,62,150,172.00,25800.00
1583,1584,2023121003000702,ALICL,46,1,40,670.00,26800.00
1584,1585,2023121003000701,LBBL,28,34,10,401.80,4018.00
1585,1586,2023121004001565,API,34,28,100,172.50,17250.00
1586,1587,2023121003000700,GBLBS,44,6,500,484.80,242400.00
1587,1588,2023121001002882,CITY,49,57,60,585.00,35100.00
1588,1589,2023121001002881,CITY,21,57,40,585.00,23400.00
1589,1590,2023121001002880,RNLI,1,56,10,512.00,5120.00
1590,1591,2023121003000699,MNBBL,55,32,30,394.90,11847.00
1591,1592,2023121004001564,API,58,28,70,172.50,12075.00
1592,1593,2023121003000698,HLI,59,25,230,438.00,100740.00
1593,1594,2023121004001563,API,22,28,81,172.90,14004.90
1594,1595,2023121003000697,SLBBL,81,38,100,617.00,61700.00
1595,1596,2023121003000696,HLI,51,13,100,437.00,43700.00
1596,1597,2023121003000695,HLI,46,13,292,437.00,127604.00
1597,1598,2023121001002879,NRM,38,14,330,258.00,85140.00
1598,1599,2023121001002878,NRM,38,70,170,257.90,43843.00
1599,1600,2023121004001562,HDHPC,38,19,100,132.00,13200.00
1600,1601,2023121004001561,UPCL,38,49,10,194.00,1940.00
1601,1602,2023121004001560,UPCL,38,51,300,194.00,58200.00
1602,1603,2023121003000694,KSBBL,35,67,250,315.00,78750.00
1603,1604,2023121003000693,KSBBL,35,43,500,315.00,157500.00
1604,1605,2023121003000692,KSBBL,35,29,100,315.00,31500.00
1605,1606,2023121003000691,KSBBL,35,11,150,314.00,47100.00
1606,1607,2023121005000281,CIT,42,17,10,2035.00,20350.00
1607,1608,2023121005000280,CIT,42,33,100,2035.00,203500.00
1608,1609,2023121005000279,CIT,42,57,12,2035.00,24420.00
1609,1610,2023121004001559,UNHPL,39,11,200,179.80,35960.00
1610,1611,2023121001002877,RAWA,10,71,50,389.50,19475.00
1611,1612,2023121001002876,IHL,70,48,10,251.90,2519.00
1612,1613,2023121001002875,USHL,29,34,130,361.00,46930.00
1613,1614,2023121001002874,USHL,29,58,150,355.00,53250.00
1614,1615,2023121001002873,USHL,29,49,10,354.80,3548.00
1615,1616,2023121001002872,USHL,29,38,30,354.80,10644.00
1616,1617,2023121001002871,USHL,29,58,10,354.00,3540.00
1617,1618,2023121001002870,USHL,29,28,170,354.00,60180.00
1618,1619,2023121004001558,MEN,17,66,750,485.10,363825.00
1619,1620,2023121004001557,MEN,44,66,200,486.00,97200.00
1620,1621,2023121004001556,MEN,4,66,50,486.00,24300.00
1621,1622,2023121003000690,KSBBL,36,46,150,312.00,46800.00
1622,1623,2023121001002869,MEL,48,58,10,187.00,1870.00
1623,1624,2023121001002868,MEL,17,58,1000,188.00,188000.00
1624,1625,2023121001002867,MEL,62,58,240,190.00,45600.00
1625,1626,2023121003000689,ICFC,71,65,274,470.00,128780.00
1626,1627,2023121003000688,SJLIC,32,17,300,535.00,160500.00
1627,1628,2023121003000687,SJLIC,20,17,315,535.00,168525.00
1628,1629,2023121003000686,MFIL,22,59,40,513.00,20520.00
1629,1630,2023121004001555,UMRH,39,38,130,294.00,38220.00
1630,1631,2023121004001554,UMRH,39,6,100,294.00,29400.00
1631,1632,2023121004001553,UMRH,39,38,270,290.00,78300.00
1632,1633,2023121001002866,CITY,4,5,10,593.00,5930.00
1633,1634,2023121005000278,HIDCL,59,14,10,171.00,1710.00
1634,1635,2023121004001552,GLH,14,14,10,218.40,2184.00
1635,1636,2023121001002865,SNLI,39,49,10,515.00,5150.00
1636,1637,2023121001002864,HATHY,45,38,10,490.00,4900.00
1637,1638,2023121005000277,NIFRA,49,25,10,198.00,1980.00
1638,1639,2023121005000276,NIFRA,49,55,50,198.00,9900.00
1639,1640,2023121005000275,NIFRA,49,39,956,198.00,189288.00
1640,1641,2023121005000274,NIFRA,49,57,200,197.80,39560.00
1641,1642,2023121003000685,ICFC,42,80,60,468.10,28086.00
1642,1643,2023121004001551,GHL,74,11,100,132.00,13200.00
1643,1644,2023121004001550,SGIC,57,33,65,510.00,33150.00
1644,1645,2023121001002863,SNLI,57,69,500,517.00,258500.00
1645,1646,2023121001002862,BHL,45,57,10,216.30,2163.00
1646,1647,2023121001002861,SNLI,7,69,405,517.00,209385.00
1647,1648,2023121001002860,SNLI,7,35,10,516.00,5160.00
1648,1649,2023121001002859,SNLI,7,34,85,516.00,43860.00
1649,1650,2023121004001549,MEN,43,65,30,492.00,14760.00
1650,1651,2023121004001548,MEN,43,64,350,491.90,172165.00
1651,1652,2023121004001547,MEN,43,19,300,491.00,147300.00
1652,1653,2023121004001546,MEN,43,16,510,490.10,249951.00
1653,1654,2023121004001545,MEN,43,14,400,490.00,196000.00
1654,1655,2023121004001544,MEN,43,36,30,490.00,14700.00
1655,1656,2023121004001543,MEN,43,6,380,489.90,186162.00
1656,1657,2023121003000684,SIFC,28,18,10,344.90,3449.00
1657,1658,2023121004001542,SHL,41,25,100,444.00,44400.00
1658,1659,2023121001002858,MEHL,21,69,200,220.00,44000.00
1659,1660,2023121003000683,JBBL,50,67,200,295.00,59000.00
1660,1661,2023121003000682,JBBL,50,35,100,294.90,29490.00
1661,1662,2023121001002857,SNLI,17,34,500,516.00,258000.00
1662,1663,2023121001002856,HATHY,57,38,100,489.00,48900.00
1663,1664,2023121001002855,SHIVM,39,6,1000,494.90,494900.00
1664,1665,2023121001002854,SNLI,39,45,150,515.00,77250.00
1665,1666,2023121004001541,CHCL,45,35,50,521.00,26050.00
1666,1667,2023121004001540,CHCL,45,25,386,521.00,201106.00
1667,1668,2023121004001539,SGIC,48,33,500,510.00,255000.00
1668,1669,2023121001002853,HATHY,49,42,20,490.00,9800.00
1669,1670,2023121001002852,CLI,1,33,500,493.00,246500.00
1670,1671,2023121001002851,CLI,4,33,300,493.00,147900.00
1671,1672,2023121001002850,CLI,58,33,10,493.00,4930.00
1672,1673,2023121001002849,CLI,56,33,25,494.00,12350.00
1673,1674,2023121001002848,CLI,35,33,30,495.00,14850.00
1674,1675,2023121001002847,NABIL,45,49,40,528.00,21120.00
1675,1676,2023121001002846,NABIL,38,49,10,528.00,5280.00
1676,1677,2023121004001538,NHPC,34,49,605,147.80,89419.00
1677,1678,2023121001002845,CLI,35,72,10,495.00,4950.00
1678,1679,2023121001002844,RNLI,41,57,10,513.00,5130.00
1679,1680,2023121001002843,EBL,41,33,100,500.00,50000.00
1680,1681,2023121001002842,RNLI,41,40,200,513.00,102600.00
1681,1682,2023121001002841,RNLI,41,3,200,513.00,102600.00
1682,1683,2023121001002840,RNLI,41,45,30,513.00,15390.00
1683,1684,2023121001002839,RNLI,41,58,60,512.30,30738.00
1684,1685,2023121001002838,NIMB,6,19,50,182.90,9145.00
1685,1686,2023121001002837,GBIME,13,49,500,205.00,102500.00
1686,1687,2023121004001537,SHL,35,25,300,444.00,133200.00
1687,1688,2023121001002836,SONA,3,4,619,319.00,197461.00
1688,1689,2023121001002835,NABIL,49,4,71,528.00,37488.00
1689,1690,2023121004001536,CHCL,45,39,19,513.10,9748.90
1690,1691,2023121004001535,AKPL,45,62,1945,172.00,334540.00
1691,1692,2023121004001534,AKPL,45,63,55,171.90,9454.50
1692,1693,2023121004001533,NICL,4,36,500,867.00,433500.00
1693,1694,2023121003000681,SJLIC,20,49,85,535.00,45475.00
1694,1695,2023121004001532,HPPL,32,48,200,216.20,43240.00
1695,1696,2023121001002834,KBL,54,43,30,156.90,4707.00
1696,1697,2023121003000680,HLI,59,25,180,438.00,78840.00
1697,1698,2023121003000679,HLI,59,49,20,437.90,8758.00
1698,1699,2023121005000273,HIDCL,59,53,10,171.90,1719.00
1699,1700,2023121001002833,ILI,53,33,200,538.10,107620.00
1700,1701,2023121004001531,HDHPC,57,58,150,131.00,19650.00
1701,1702,2023121004001530,HDHPC,51,58,57,131.30,7484.10
1702,1703,2023121004001529,HDHPC,42,58,68,131.50,8942.00
1703,1704,2023121004001528,HDHPC,5,58,570,131.50,74955.00
1704,1705,2023121004001527,HDHPC,62,58,570,131.50,74955.00
1705,1706,2023121004001526,HDHPC,42,58,570,131.50,74955.00
1706,1707,2023121004001525,HDHPC,25,58,15,131.50,1972.50
1707,1708,2023121001002832,NIMB,58,19,100,182.90,18290.00
1708,1709,2023121001002831,ILI,58,33,100,538.10,53810.00
1709,1710,2023121001002830,MEL,62,22,10,190.00,1900.00
1710,1711,2023121001002829,MEL,62,1,910,190.00,172900.00
1711,1712,2023121005000272,CIT,25,53,50,2034.00,101700.00
1712,1713,2023121004001524,BARUN,58,14,35,228.00,7980.00
1713,1714,2023121001002828,MHL,49,64,55,355.00,19525.00
1714,1715,2023121001002827,MHL,62,64,230,355.00,81650.00
1715,1716,2023121004001523,UPCL,5,51,10,194.00,1940.00
1716,1717,2023121001002826,HDL,38,48,10,1672.00,16720.00
1717,1718,2023121004001522,UMRH,45,38,800,290.00,232000.00
1718,1719,2023121004001521,UMRH,11,38,230,290.00,66700.00
1719,1720,2023121004001520,UMRH,45,38,700,290.00,203000.00
1720,1721,2023121001002825,SONA,42,19,10,318.00,3180.00
1721,1722,2023121005000271,CIT,29,53,50,2034.00,101700.00
1722,1723,2023121005000270,NTC,42,8,100,889.00,88900.00
1723,1724,2023121001002824,SBI,44,44,20,328.60,6572.00
1724,1725,2023121005000269,NIFRA,54,39,44,198.00,8712.00
1725,1726,2023121005000268,NIFRA,54,37,956,197.90,189192.40
1726,1727,2023121003000678,SKBBL,14,53,103,934.00,96202.00
1727,1728,2023121001002823,NBL,58,21,210,246.00,51660.00
1728,1729,2023121001002822,NBL,58,6,180,244.80,44064.00
1729,1730,2023121001002821,NBL,58,43,110,244.80,26928.00
1730,1731,2023121001002820,EBL,17,33,100,500.00,50000.00
1731,1732,2023121003000677,JFL,6,58,50,355.40,17770.00
1732,1733,2023121001002819,KBL,5,43,800,156.90,125520.00
1733,1734,2023121001002818,KBL,5,16,200,156.10,31220.00
1734,1735,2023121004001519,HDHPC,35,42,225,133.00,29925.00
1735,1736,2023121004001518,HDHPC,35,56,690,132.00,91080.00
1736,1737,2023121004001517,HDHPC,35,49,85,132.00,11220.00
1737,1738,2023121001002817,SNLI,38,34,500,516.00,258000.00
1738,1739,2023121001002816,BHPL,19,57,390,428.00,166920.00
1739,1740,2023121004001516,MEN,17,16,1000,485.10,485100.00
1740,1741,2023121003000676,BFC,48,41,50,309.20,15460.00
1741,1742,2023121003000675,HLI,34,49,20,437.90,8758.00
1742,1743,2023121001002815,MAKAR,34,32,70,257.40,18018.00
1743,1744,2023121001002814,MAKAR,34,70,372,257.40,95752.80
1744,1745,2023121001002813,MAKAR,34,42,10,257.00,2570.00
1745,1746,2023121001002812,MAKAR,34,41,10,256.00,2560.00
1746,1747,2023121004001515,MHNL,51,45,100,201.10,20110.00
1747,1748,2023121004001514,MEN,44,6,500,489.90,244950.00
1748,1749,2023121001002811,ILI,40,33,160,538.10,86096.00
1749,1750,2023121001002810,ILI,40,19,40,538.00,21520.00
1750,1751,2023121003000674,ALBSL,62,42,19,652.20,12391.80
1751,1752,2023121003000673,ALBSL,62,38,63,652.20,41088.60
1752,1753,2023121003000672,ALBSL,62,17,200,652.00,130400.00
1753,1754,2023121003000671,ALBSL,62,57,10,651.00,6510.00
1754,1755,2023121003000670,ALBSL,62,42,50,639.50,31975.00
1755,1756,2023121003000669,ALBSL,62,17,158,637.00,100646.00
1756,1757,2023121003000668,KRBL,44,25,20,314.40,6288.00
1757,1758,2023121004001513,KKHC,57,58,10,193.50,1935.00
1758,1759,2023121005000267,NIFRA,58,37,60,197.90,11874.00
1759,1760,2023121005000266,NIFRA,58,52,40,197.80,7912.00
1760,1761,2023121001002809,SMJC,58,65,250,268.00,67000.00
1761,1762,2023121004001512,API,22,55,19,172.90,3285.10
1762,1763,2023121001002808,PRVU,59,6,854,171.00,146034.00
1763,1764,2023121001002807,ILI,38,19,100,538.00,53800.00
1764,1765,2023121001002806,EBL,38,33,100,500.00,50000.00
1765,1766,2023121005000265,NIFRA,45,52,60,197.80,11868.00
1766,1767,2023121001002805,NBL,45,43,38,244.80,9302.40
1767,1768,2023121001002804,PCBL,45,56,100,200.00,20000.00
1768,1769,2023121004001511,RIDI,66,58,300,201.00,60300.00
1769,1770,2023121004001510,RIDI,66,39,256,200.90,51430.40
1770,1771,2023121004001509,RIDI,66,7,940,200.00,188000.00
1771,1772,2023121001002803,SONA,42,29,10,318.00,3180.00
1772,1773,2023121001002802,GCIL,1,1,110,443.40,48774.00
1773,1774,2023121001002801,RNLI,44,33,1100,510.00,561000.00
1774,1775,2023121001002800,RNLI,51,33,10,511.00,5110.00
1775,1776,2023121001002799,RNLI,28,33,200,512.00,102400.00
1776,1777,2023121001002798,RNLI,58,33,690,512.00,353280.00
1777,1778,2023121004001508,SGIC,1,53,1000,508.00,508000.00
1778,1779,2023121001002797,RNLI,58,43,10,512.00,5120.00
1779,1780,2023121001002796,MBL,28,50,265,194.80,51622.00
1780,1781,2023121001002795,MBL,28,34,100,194.00,19400.00
1781,1782,2023121001002794,MBL,28,65,4635,192.00,889920.00
1782,1783,2023121004001507,RADHI,58,45,30,223.00,6690.00
1783,1784,2023121003000667,NLIC,13,17,40,695.00,27800.00
1784,1785,2023121001002793,HDL,38,41,15,1670.00,25050.00
1785,1786,2023121001002792,HDL,42,41,85,1670.00,141950.00
1786,1787,2023121001002791,HDL,58,41,100,1670.00,167000.00
1787,1788,2023121001002790,SNLI,39,38,10,515.00,5150.00
1788,1789,2023121001002789,SNLI,39,10,10,515.00,5150.00
1789,1790,2023121001002788,GCIL,49,1,40,443.40,17736.00
1790,1791,2023121001002787,GCIL,49,52,10,443.00,4430.00
1791,1792,2023121003000666,FOWAD,8,14,100,1094.00,109400.00
1792,1793,2023121003000665,SAPDBL,44,6,150,247.00,37050.00
1793,1794,2023121003000664,SAPDBL,44,56,233,247.00,57551.00
1794,1795,2023121003000663,SAPDBL,44,35,200,246.90,49380.00
1795,1796,2023121003000662,SAPDBL,44,57,200,245.00,49000.00
1796,1797,2023121003000661,SAPDBL,44,41,470,245.00,115150.00
1797,1798,2023121003000660,SAPDBL,44,1,40,245.00,9800.00
1798,1799,2023121004001506,NHPC,44,49,395,147.80,58381.00
1799,1800,2023121004001505,NHPC,44,36,105,147.80,15519.00
1800,1801,2023121005000264,NIFRA,26,55,50,197.00,9850.00
1801,1802,2023121001002786,SNLI,39,55,10,515.00,5150.00
1802,1803,2023121001002785,NRM,7,70,30,257.90,7737.00
1803,1804,2023121001002784,TVCL,64,46,20,324.20,6484.00
1804,1805,2023121001002783,GBIME,53,49,100,205.00,20500.00
1805,1806,2023121004001504,NHPC,71,36,1000,147.80,147800.00
1806,1807,2023121003000659,CORBL,57,49,30,352.90,10587.00
1807,1808,2023121003000658,CORBL,57,34,250,352.90,88225.00
1808,1809,2023121001002782,MEL,41,1,90,190.00,17100.00
1809,1810,2023121001002781,MEL,41,49,10,190.00,1900.00
1810,1811,2023121001002780,MEL,41,44,100,190.00,19000.00
1811,1812,2023121001002779,SNLI,41,34,300,516.00,154800.00
1812,1813,2023121004001503,SGIC,41,33,70,510.00,35700.00
1813,1814,2023121004001502,SICL,28,17,90,775.00,69750.00
1814,1815,2023121001002778,RNLI,58,41,10,512.00,5120.00
1815,1816,2023121001002777,RNLI,58,34,10,512.00,5120.00
1816,1817,2023121001002776,RNLI,58,38,10,512.00,5120.00
1817,1818,2023121001002775,RNLI,58,43,10,512.00,5120.00
1818,1819,2023121001002774,RNLI,58,55,10,512.00,5120.00
1819,1820,2023121001002773,RNLI,58,48,50,512.00,25600.00
1820,1821,2023121001002772,RNLI,58,36,1700,512.00,870400.00
1821,1822,2023121004001501,AKPL,6,63,45,171.90,7735.50
1822,1823,2023121001002771,NICA,35,17,500,529.00,264500.00
1823,1824,2023121001002770,ILI,35,19,50,538.00,26900.00
1824,1825,2023121001002769,ILI,7,19,10,538.00,5380.00
1825,1826,2023121004001500,LEC,4,43,120,157.90,18948.00
1826,1827,2023121001002768,SONA,42,63,260,318.00,82680.00
1827,1828,2023121001002767,SONA,39,63,100,318.10,31810.00
1828,1829,2023121001002766,SONA,58,63,140,318.10,44534.00
1829,1830,2023121003000657,SKBBL,14,48,11,934.00,10274.00
1830,1831,2023121004001499,SHL,48,33,100,444.00,44400.00
1831,1832,2023121004001498,CHCL,36,25,80,521.00,41680.00
1832,1833,2023121005000263,CIT,33,53,30,2034.00,61020.00
1833,1834,2023121001002765,BHPL,1,57,10,428.00,4280.00
1834,1835,2023121001002764,BHPL,1,43,10,427.90,4279.00
1835,1836,2023121001002763,BHPL,1,45,10,420.00,4200.00
1836,1837,2023121001002762,RAWA,34,71,100,389.50,38950.00
1837,1838,2023121001002761,RNLI,51,49,10,511.00,5110.00
1838,1839,2023121001002760,BEDC,55,34,126,238.10,30000.60
1839,1840,2023121001002759,BEDC,55,43,74,237.20,17552.80
1840,1841,2023121001002758,UHEWA,7,41,174,294.30,51208.20
1841,1842,2023121001002757,UHEWA,7,45,270,294.30,79461.00
1842,1843,2023121001002756,UHEWA,7,11,56,294.30,16480.80
1843,1844,2023121004001497,LEC,58,47,950,157.00,149150.00
1844,1845,2023121001002755,MANDU,47,67,840,528.00,443520.00
1845,1846,2023121001002754,MANDU,47,65,105,527.90,55429.50
1846,1847,2023121004001496,IGI,35,50,200,516.10,103220.00
1847,1848,2023121004001495,IGI,45,50,300,516.20,154860.00
1848,1849,2023121004001494,IGI,62,50,400,516.20,206480.00
1849,1850,2023121004001493,IGI,38,50,100,516.20,51620.00
1850,1851,2023121004001492,IGI,52,50,500,517.00,258500.00
1851,1852,2023121003000656,ILBS,34,57,10,588.50,5885.00
1852,1853,2023121001002753,CLI,34,57,10,499.00,4990.00
1853,1854,2023121005000262,NTC,42,6,20,889.00,17780.00
1854,1855,2023121005000261,NTC,42,58,20,886.00,17720.00
1855,1856,2023121004001491,SHL,38,33,100,444.00,44400.00
1856,1857,2023121003000655,GUFL,58,38,15,544.70,8170.50
1857,1858,2023121005000260,NRN,35,56,70,323.00,22610.00
1858,1859,2023121004001490,MEN,38,6,120,489.90,58788.00
1859,1860,2023121001002752,SNLI,39,48,10,515.00,5150.00
1860,1861,2023121003000654,ICFC,48,65,100,470.00,47000.00
1861,1862,2023121001002751,DOLTI,51,69,10,228.00,2280.00
1862,1863,2023121001002750,DOLTI,51,35,10,228.00,2280.00
1863,1864,2023121004001489,HDHPC,38,49,50,132.00,6600.00
1864,1865,2023121004001488,HDHPC,42,49,1000,132.00,132000.00
1865,1866,2023121004001487,HDHPC,26,49,1000,132.00,132000.00
1866,1867,2023121001002749,SAHAS,32,34,200,474.00,94800.00
1867,1868,2023121001002748,SAHAS,32,44,150,474.00,71100.00
1868,1869,2023121001002747,ILI,29,28,10,538.00,5380.00
1869,1870,2023121001002746,SONA,58,41,10,318.10,3181.00
1870,1871,2023121003000653,HLI,41,25,100,438.00,43800.00
1871,1872,2023121003000652,CBBL,47,6,10,936.00,9360.00
1872,1873,2023121003000651,CBBL,32,6,50,936.00,46800.00
1873,1874,2023121004001486,AKJCL,45,5,110,157.90,17369.00
1874,1875,2023121004001485,AKJCL,36,5,380,159.00,60420.00
1875,1876,2023121004001484,CHCL,35,25,534,521.00,278214.00
1876,1877,2023121004001483,CHCL,35,49,427,521.00,222467.00
1877,1878,2023121004001482,CHCL,35,22,39,520.90,20315.10
1878,1879,2023121005000259,CIT,42,53,50,2034.00,101700.00
1879,1880,2023121005000258,NTC,45,6,100,889.00,88900.00
1880,1881,2023121005000257,NTC,45,26,100,889.00,88900.00
1881,1882,2023121004001481,UPPER,38,11,120,210.00,25200.00
1882,1883,2023121003000650,MDB,1,45,76,423.50,32186.00
1883,1884,2023121001002745,CLI,34,58,10,499.00,4990.00
1884,1885,2023121001002744,PRVU,59,49,160,171.00,27360.00
1885,1886,2023121001002743,NRM,59,21,10,255.80,2558.00
1886,1887,2023121001002742,RNLI,65,36,300,512.00,153600.00
1887,1888,2023121001002741,RNLI,65,20,650,512.00,332800.00
1888,1889,2023121001002740,RNLI,65,59,50,511.00,25550.00
1889,1890,2023121004001480,NICL,38,6,300,875.00,262500.00
1890,1891,2023121001002739,PRVU,38,13,65,171.60,11154.00
1891,1892,2023121001002738,HDL,42,48,55,1672.00,91960.00
1892,1893,2023121001002737,HDL,42,25,45,1672.00,75240.00
1893,1894,2023121003000649,HLBSL,38,52,14,579.00,8106.00
1894,1895,2023121003000648,HLBSL,38,17,61,568.00,34648.00
1895,1896,2023121003000647,HLBSL,38,42,425,567.80,241315.00
1896,1897,2023121001002736,MEHL,35,69,20,220.00,4400.00
1897,1898,2023121001002735,KBSH,32,16,10,780.30,7803.00
1898,1899,2023121004001479,MEN,45,36,20,490.00,9800.00
1899,1900,2023121003000646,HLI,45,25,490,438.00,214620.00
1900,1901,2023121003000645,HLI,45,22,10,438.00,4380.00
1901,1902,2023121004001478,UMRH,48,6,10,294.00,2940.00
1902,1903,2023121001002734,SRLI,16,72,90,485.00,43650.00
1903,1904,2023121004001477,UPPER,32,16,100,211.00,21100.00
1904,1905,2023121001002733,DORDI,32,58,10,226.00,2260.00
1905,1906,2023121001002732,DORDI,32,38,20,225.80,4516.00
1906,1907,2023121001002731,DORDI,32,49,170,225.00,38250.00
1907,1908,2023121004001476,API,83,55,500,172.90,86450.00
1908,1909,2023121004001475,RIDI,21,7,60,200.00,12000.00
1909,1910,2023121004001474,UPCL,53,51,150,194.00,29100.00
1910,1911,2023121004001473,NHPC,52,36,100,147.80,14780.00
1911,1912,2023121004001472,NHPC,52,16,100,147.70,14770.00
1912,1913,2023121004001471,SALICO,33,58,200,701.00,140200.00
1913,1914,2023121001002730,CLI,35,57,10,495.00,4950.00
1914,1915,2023121001002729,NIMB,25,58,10,179.90,1799.00
1915,1916,2023121001002728,SNLI,39,58,10,515.00,5150.00
1916,1917,2023121004001470,SGIC,4,33,1000,510.00,510000.00
1917,1918,2023121003000644,JBBL,4,29,50,290.10,14505.00
1918,1919,2023121003000643,KSBBL,1,46,300,312.00,93600.00
1919,1920,2023121001002727,SNLI,39,49,100,515.00,51500.00
1920,1921,2023121003000642,KRBL,44,34,50,305.00,15250.00
1921,1922,2023121001002726,CLI,41,7,10,497.00,4970.00
1922,1923,2023121003000641,GFCL,20,58,10,414.30,4143.00
1923,1924,2023121001002725,MHL,62,71,200,355.00,71000.00
1924,1925,2023121001002724,MMKJL,71,58,10,298.00,2980.00
1925,1926,2023121001002723,MMKJL,71,58,20,295.00,5900.00
1926,1927,2023121001002722,MMKJL,71,49,10,285.80,2858.00
1927,1928,2023121001002721,MMKJL,71,61,10,281.00,2810.00
1928,1929,2023121001002720,KBL,22,43,10,156.90,1569.00
1929,1930,2023121001002719,SANIMA,52,54,15,248.60,3729.00
1930,1931,2023121004001469,AKPL,57,63,500,171.90,85950.00
1931,1932,2023121004001468,SGIC,58,33,200,510.00,102000.00
1932,1933,2023121004001467,MEN,17,58,495,485.10,240124.50
1933,1934,2023121004001466,MEN,57,58,100,485.20,48520.00
1934,1935,2023121004001465,MEN,17,58,105,485.30,50956.50
1935,1936,2023121003000640,SADBL,49,58,140,286.10,40054.00
1936,1937,2023121001002718,MKHC,34,58,10,213.20,2132.00
1937,1938,2023121001002717,NBL,58,43,100,244.80,24480.00
1938,1939,2023121001002716,CLI,41,10,10,497.00,4970.00
1939,1940,2023121001002715,SONA,38,4,105,320.00,33600.00
1940,1941,2023121001002714,PRVU,59,45,20,171.00,3420.00
1941,1942,2023121003000639,NUBL,45,34,227,589.00,133703.00
1942,1943,2023121004001464,AKJCL,36,5,120,159.00,19080.00
1943,1944,2023121001002713,PRVU,59,49,182,171.00,31122.00
1944,1945,2023121001002712,SHIVM,32,6,750,494.90,371175.00
1945,1946,2023121001002711,SHIVM,32,25,90,494.90,44541.00
1946,1947,2023121001002710,SHIVM,32,5,160,494.00,79040.00
1947,1948,2023121003000638,SKBBL,14,32,12,934.00,11208.00
1948,1949,2023121005000256,NRN,56,56,50,323.00,16150.00
1949,1950,2023121004001463,HDHPC,43,42,334,133.00,44422.00
1950,1951,2023121004001462,HDHPC,43,19,200,133.00,26600.00
1951,1952,2023121004001461,HDHPC,43,45,456,132.60,60465.60
1952,1953,2023121004001460,HDHPC,43,6,10,132.50,1325.00
1953,1954,2023121003000637,BFC,28,41,300,309.20,92760.00
1954,1955,2023121001002709,NIMB,25,39,800,179.90,143920.00
1955,1956,2023121001002708,NICA,6,17,20,529.00,10580.00
1956,1957,2023121001002707,MEL,58,35,1000,190.00,190000.00
1957,1958,2023121004001459,NICL,38,5,700,874.00,611800.00
1958,1959,2023121001002706,SNLI,42,34,300,516.00,154800.00
1959,1960,2023121003000636,FOWAD,48,14,41,1094.00,44854.00
1960,1961,2023121004001458,BPCL,42,39,10,303.10,3031.00
1961,1962,2023121003000635,SKBBL,4,7,10,952.60,9526.00
1962,1963,2023121003000634,SKBBL,4,22,12,940.00,11280.00
1963,1964,2023121004001457,API,36,55,50,172.90,8645.00
1964,1965,2023121001002705,SGHC,1,19,200,247.00,49400.00
1965,1966,2023121001002704,SGHC,1,4,100,244.90,24490.00
1966,1967,2023121001002703,SGHC,1,21,10,244.90,2449.00
1967,1968,2023121001002702,SGHC,1,32,670,244.80,164016.00
1968,1969,2023121001002701,SGHC,1,41,10,244.80,2448.00
1969,1970,2023121001002700,SONA,38,49,10,320.00,3200.00
1970,1971,2023121004001456,PRIN,71,33,10,733.00,7330.00
1971,1972,2023121001002699,GBIME,17,49,2300,205.00,471500.00
1972,1973,2023121004001455,AKPL,6,62,200,172.00,34400.00
1973,1974,2023121001002698,SHIVM,22,5,180,494.00,88920.00
1974,1975,2023121001002697,CZBIL,52,53,100,170.00,17000.00
1975,1976,2023121001002696,CZBIL,52,58,49,170.00,8330.00
1976,1977,2023121001002695,PCBL,58,56,37,200.00,7400.00
1977,1978,2023121001002694,SONA,38,35,10,320.00,3200.00
1978,1979,2023121004001454,UPCL,58,35,500,192.00,96000.00
1979,1980,2023121004001453,UPCL,7,49,10,193.00,1930.00
1980,1981,2023121004001452,API,49,55,20,172.90,3458.00
1981,1982,2023121001002693,RNLI,52,59,200,511.00,102200.00
1982,1983,2023121004001451,HEI,57,58,850,565.00,480250.00
1983,1984,2023121001002692,HATHY,57,6,20,489.00,9780.00
1984,1985,2023121001002691,HATHY,57,7,65,489.00,31785.00
1985,1986,2023121003000633,SKBBL,57,35,30,940.00,28200.00
1986,1987,2023121001002690,SAHAS,58,44,50,474.00,23700.00
1987,1988,2023121001002689,SAHAS,58,17,10,474.00,4740.00
1988,1989,2023121001002688,SAHAS,58,51,20,474.00,9480.00
1989,1990,2023121001002687,SAHAS,58,43,100,474.00,47400.00
1990,1991,2023121001002686,SONA,38,42,10,320.00,3200.00
1991,1992,2023121004001450,SHL,58,33,245,444.00,108780.00
1992,1993,2023121004001449,SHL,58,28,200,443.00,88600.00
1993,1994,2023121004001448,API,29,55,150,172.90,25935.00
1994,1995,2023121001002685,SNLI,39,72,10,515.00,5150.00
1995,1996,2023121004001447,API,44,34,100,172.00,17200.00
1996,1997,2023121003000632,FOWAD,48,34,59,1094.00,64546.00
1997,1998,2023121003000631,FOWAD,32,34,50,1094.50,54725.00
1998,1999,2023121001002684,SHIVM,49,5,100,494.00,49400.00
1999,2000,2023121001002683,SONA,38,49,10,320.00,3200.00
2000,2001,2023121003000630,GRDBL,22,28,10,302.90,3029.00
2001,2002,2023121004001446,BPCL,42,21,10,303.10,3031.00
2002,2003,2023121001002682,RNLI,44,35,10,510.00,5100.00
2003,2004,2023121004001445,HURJA,88,42,1000,236.00,236000.00
2004,2005,2023121003000629,MERO,4,13,10,494.00,4940.00
2005,2006,2023121004001444,SHL,45,38,250,442.00,110500.00
2006,2007,2023121004001443,SHL,45,4,150,442.00,66300.00
2007,2008,2023121001002681,BGWT,1,65,200,441.00,88200.00
2008,2009,2023121004001442,SPDL,51,21,270,185.80,50166.00
2009,2010,2023121003000628,MPFL,32,22,100,301.00,30100.00
2010,2011,2023121001002680,SONA,38,49,10,320.00,3200.00
2011,2012,2023121004001441,SHPC,26,47,500,332.90,166450.00
2012,2013,2023121004001440,SHPC,26,19,175,327.00,57225.00
2013,2014,2023121001002679,NBL,13,43,35,244.80,8568.00
2014,2015,2023121001002678,NBL,35,43,167,244.80,40881.60
2015,2016,2023121001002677,NBL,13,43,50,245.00,12250.00
2016,2017,2023121001002676,CLI,41,28,10,497.00,4970.00
2017,2018,2023121001002675,MEL,59,34,385,190.00,73150.00
2018,2019,2023121001002674,MEL,59,22,10,190.00,1900.00
2019,2020,2023121001002673,MEL,59,21,10,190.00,1900.00
2020,2021,2023121001002672,MEL,59,17,200,189.70,37940.00
2021,2022,2023121001002671,MEL,59,58,10,189.70,1897.00
2022,2023,2023121001002670,MEL,59,49,10,189.70,1897.00
2023,2024,2023121001002669,MEL,59,51,10,189.70,1897.00
2024,2025,2023121001002668,MEL,59,10,500,189.70,94850.00
2025,2026,2023121001002667,MEL,59,58,35,189.00,6615.00
2026,2027,2023121001002666,MEL,59,34,1000,189.00,189000.00
2027,2028,2023121001002665,MEL,59,38,10,188.10,1881.00
2028,2029,2023121001002664,MEL,59,43,10,188.00,1880.00
2029,2030,2023121001002663,MEL,59,72,10,187.50,1875.00
2030,2031,2023121001002662,GBIME,59,49,100,205.00,20500.00
2031,2032,2023121001002661,HATHY,71,7,235,489.00,114915.00
2032,2033,2023121001002660,HATHY,71,34,200,489.00,97800.00
2033,2034,2023121001002659,HATHY,71,36,65,488.90,31778.50
2034,2035,2023121001002658,RNLI,44,57,10,510.00,5100.00
2035,2036,2023121001002657,MMKJL,47,38,10,280.20,2802.00
2036,2037,2023121004001439,MEN,17,58,395,485.30,191693.50
2037,2038,2023121004001438,MEN,67,58,100,486.00,48600.00
2038,2039,2023121004001437,MEN,57,58,50,486.00,24300.00
2039,2040,2023121004001436,MEN,34,58,30,486.10,14583.00
2040,2041,2023121004001435,MEN,49,58,25,487.00,12175.00
2041,2042,2023121004001434,MEN,42,58,200,487.00,97400.00
2042,2043,2023121004001433,MEN,35,36,110,490.00,53900.00
2043,2044,2023121004001432,MEN,35,42,20,489.00,9780.00
2044,2045,2023121001002656,CLI,41,3,499,497.00,248003.00
2045,2046,2023121001002655,CLI,41,16,70,497.00,34790.00
2046,2047,2023121001002654,CLI,42,16,130,497.00,64610.00
2047,2048,2023121003000627,CBBL,45,58,20,950.00,19000.00
2048,2049,2023121003000626,ALICL,46,6,100,670.00,67000.00
2049,2050,2023121003000625,ALICL,46,48,200,670.00,134000.00
2050,2051,2023121003000624,ALICL,46,19,110,670.00,73700.00
2051,2052,2023121001002653,SRLI,16,59,10,485.00,4850.00
2052,2053,2023121003000623,FMDBL,62,62,10,622.20,6222.00
2053,2054,2023121001002652,BHL,45,58,10,216.30,2163.00
2054,2055,2023121001002651,SONA,38,58,30,320.00,9600.00
2055,2056,2023121001002650,TVCL,64,16,20,324.20,6484.00
2056,2057,2023121004001431,LEC,4,35,50,158.00,7900.00
2057,2058,2023121003000622,SKBBL,37,35,21,940.00,19740.00
2058,2059,2023121003000621,SKBBL,37,36,33,939.00,30987.00
2059,2060,2023121004001430,SICL,48,48,100,788.00,78800.00
2060,2061,2023121001002649,MCHL,20,34,40,251.90,10076.00
2061,2062,2023121004001429,SGIC,36,33,200,510.20,102040.00
2062,2063,2023121004001428,SGIC,57,33,31,510.30,15819.30
2063,2064,2023121004001427,SGIC,8,33,414,513.00,212382.00
2064,2065,2023121001002648,SONA,38,49,10,320.00,3200.00
2065,2066,2023121001002647,ILI,29,46,10,538.00,5380.00
2066,2067,2023121003000620,GBLBS,56,10,120,484.00,58080.00
2067,2068,2023121003000619,GBLBS,56,53,50,480.00,24000.00
2068,2069,2023121003000618,GBLBS,56,35,10,479.00,4790.00
2069,2070,2023121001002646,PPL,88,42,300,229.00,68700.00
2070,2071,2023121001002645,PPL,88,62,20,228.40,4568.00
2071,2072,2023121001002644,PPL,88,49,391,228.00,89148.00
2072,2073,2023121001002643,SNLI,17,69,500,517.00,258500.00
2073,2074,2023121004001426,JOSHI,7,22,10,193.80,1938.00
2074,2075,2023121004001425,NICL,41,5,300,875.00,262500.00
2075,2076,2023121004001424,HDHPC,38,45,270,132.60,35802.00
2076,2077,2023121004001423,PRIN,21,38,63,726.10,45744.30
2077,2078,2023121001002642,TVCL,64,58,10,324.20,3242.00
2078,2079,2023121001002641,SNLI,39,55,10,515.00,5150.00
2079,2080,2023121001002640,ILI,49,33,100,538.10,53810.00
2080,2081,2023121001002639,SONA,38,49,10,320.00,3200.00
2081,2082,2023121003000617,SJLIC,20,34,400,535.00,214000.00
2082,2083,2023121003000616,GILB,58,62,10,790.70,7907.00
2083,2084,2023121001002638,SONA,38,50,10,320.00,3200.00
2084,2085,2023121005000255,NICFC,17,45,1500,8.37,12555.00
2085,2086,2023121005000254,NICFC,17,56,300,8.36,2508.00
2086,2087,2023121005000253,NICFC,17,56,1000,8.30,8300.00
2087,2088,2023121005000252,NICFC,17,56,1000,8.25,8250.00
2088,2089,2023121001002637,SONA,38,4,135,319.00,43065.00
2089,2090,2023121005000251,CIT,42,53,20,2034.00,40680.00
2090,2091,2023121005000250,CIT,42,56,10,2034.00,20340.00
2091,2092,2023121001002636,RAWA,39,71,205,389.50,79847.50
2092,2093,2023121001002635,RAWA,39,71,215,389.50,83742.50
2093,2094,2023121001002634,MBL,58,65,12,192.00,2304.00
2094,2095,2023121001002633,SONA,42,4,1000,319.00,319000.00
2095,2096,2023121001002632,SONA,53,4,165,319.00,52635.00
2096,2097,2023121001002631,SONA,32,4,700,320.00,224000.00
2097,2098,2023121001002630,SPHL,32,71,800,410.00,328000.00
2098,2099,2023121001002629,SPHL,32,71,1200,410.00,492000.00
2099,2100,2023121001002628,KDL,54,48,300,830.00,249000.00
2100,2101,2023121004001422,MEN,28,42,20,489.00,9780.00
2101,2102,2023121001002627,SPL,64,20,10,763.50,7635.00
2102,2103,2023121004001421,MEN,17,42,20,489.00,9780.00
2103,2104,2023121001002626,NBL,13,43,1350,245.00,330750.00
2104,2105,2023121003000615,NLBBL,52,19,10,525.10,5251.00
2105,2106,2023121003000614,SHINE,57,33,24,367.00,8808.00
2106,2107,2023121003000613,HLBSL,38,42,75,567.80,42585.00
2107,2108,2023121003000612,HLBSL,38,44,780,567.80,442884.00
2108,2109,2023121001002625,NICA,42,34,110,530.00,58300.00
2109,2110,2023121001002624,NICA,42,41,90,529.00,47610.00
2110,2111,2023121001002623,MKHC,8,58,10,213.20,2132.00
2111,2112,2023121004001420,AKPL,58,62,50,172.00,8600.00
2112,2113,2023121004001419,PRIN,21,58,410,726.10,297701.00
2113,2114,2023121004001418,PRIN,29,58,90,726.10,65349.00
2114,2115,2023121001002622,SONA,32,16,10,320.00,3200.00
2115,2116,2023121003000611,GRDBL,22,72,10,302.90,3029.00
2116,2117,2023121003000610,CORBL,38,34,50,348.00,17400.00
2117,2118,2023121001002621,JALPA,45,49,10,953.70,9537.00
2118,2119,2023121001002620,EHPL,28,56,185,339.90,62881.50
2119,2120,2023121001002619,PCBL,28,56,1000,200.00,200000.00
2120,2121,2023121004001417,LEC,58,62,1350,157.00,211950.00
2121,2122,2023121004001416,LEC,45,62,160,157.00,25120.00
2122,2123,2023121004001415,LEC,58,62,490,157.50,77175.00
2123,2124,2023121001002618,MHL,62,28,300,355.00,106500.00
2124,2125,2023121001002617,MHL,62,64,270,355.00,95850.00
2125,2126,2023121004001414,MEN,25,42,200,489.00,97800.00
2126,2127,2023121001002616,SGHC,14,25,30,244.00,7320.00
2127,2128,2023121004001413,UNHPL,39,41,100,179.80,17980.00
2128,2129,2023121001002615,SONA,32,58,10,320.00,3200.00
2129,2130,2023121001002614,RFPL,68,58,18,227.10,4087.80
2130,2131,2023121003000609,SWBBL,45,41,20,689.00,13780.00
2131,2132,2023121001002613,CLI,42,48,200,497.00,99400.00
2132,2133,2023121004001412,AKPL,34,62,950,172.00,163400.00
2133,2134,2023121001002612,SONA,32,49,10,320.00,3200.00
2134,2135,2023121001002611,SONA,32,57,10,320.00,3200.00
2135,2136,2023121001002610,SONA,32,3,10,320.00,3200.00
2136,2137,2023121001002609,SONA,32,88,10,320.00,3200.00
2137,2138,2023121001002608,SONA,32,7,10,320.00,3200.00
2138,2139,2023121001002607,SONA,32,57,10,320.00,3200.00
2139,2140,2023121001002606,SONA,32,42,10,320.00,3200.00
2140,2141,2023121001002605,SONA,32,57,10,320.00,3200.00
2141,2142,2023121001002604,SONA,32,19,10,320.00,3200.00
2142,2143,2023121001002603,SONA,32,38,10,320.00,3200.00
2143,2144,2023121001002602,SONA,32,35,10,320.00,3200.00
2144,2145,2023121001002601,SONA,32,22,10,320.00,3200.00
2145,2146,2023121001002600,SONA,32,58,50,320.00,16000.00
2146,2147,2023121001002599,SONA,32,19,10,320.00,3200.00
2147,2148,2023121001002598,SONA,32,70,100,320.00,32000.00
2148,2149,2023121001002597,DORDI,49,26,300,224.80,67440.00
2149,2150,2023121003000608,PROFL,43,41,100,300.00,30000.00
2150,2151,2023121004001411,RHPL,47,17,10,256.90,2569.00
2151,2152,2023121004001410,RHPL,47,58,10,255.00,2550.00
2152,2153,2023121004001409,AKJCL,45,5,10,157.90,1579.00
2153,2154,2023121001002596,HATHY,35,41,20,485.00,9700.00
2154,2155,2023121004001408,UAIL,57,53,50,610.00,30500.00
2155,2156,2023121001002595,ULHC,45,3,100,242.30,24230.00
2156,2157,2023121001002594,ULHC,45,34,25,242.20,6055.00
2157,2158,2023121001002593,ULHC,45,58,10,242.00,2420.00
2158,2159,2023121001002592,GBIME,45,45,10,206.00,2060.00
2159,2160,2023121004001407,PRIN,29,34,10,726.10,7261.00
2160,2161,2023121004001406,UMRH,1,6,300,294.00,88200.00
2161,2162,2023121001002591,TVCL,64,1,20,324.20,6484.00
2162,2163,2023121003000607,SMFBS,40,34,10,765.00,7650.00
2163,2164,2023121003000606,SMFBS,40,49,10,765.00,7650.00
2164,2165,2023121001002590,SNLI,39,49,10,515.00,5150.00
2165,2166,2023121004001405,SHPC,26,19,500,327.00,163500.00
2166,2167,2023121003000605,SKBBL,62,36,50,939.00,46950.00
2167,2168,2023121003000604,SHINE,21,33,137,367.00,50279.00
2168,2169,2023121003000603,MMFDB,17,22,10,508.90,5089.00
2169,2170,2023121004001404,NICL,58,5,442,865.00,382330.00
2170,2171,2023121001002589,SONA,57,70,1000,320.00,320000.00
2171,2172,2023121001002588,SONA,70,70,750,320.00,240000.00
2172,2173,2023121001002587,SAHAS,17,58,10,470.00,4700.00
2173,2174,2023121004001403,NHPC,57,58,100,147.00,14700.00
2174,2175,2023121003000602,LICN,38,4,22,1422.90,31303.80
2175,2176,2023121001002586,BHDC,11,44,190,355.00,67450.00
2176,2177,2023121001002585,BHDC,11,39,100,354.90,35490.00
2177,2178,2023121004001402,API,44,34,1000,172.00,172000.00
2178,2179,2023121001002584,PPL,34,49,1300,228.00,296400.00
2179,2180,2023121004001401,SGIC,56,34,40,519.00,20760.00
2180,2181,2023121003000601,MLBL,88,4,500,320.00,160000.00
2181,2182,2023121001002583,NBL,35,6,300,244.80,73440.00
2182,2183,2023121004001400,UPPER,38,4,100,210.00,21000.00
2183,2184,2023121004001399,UPPER,38,52,50,210.00,10500.00
2184,2185,2023121004001398,UPPER,38,11,100,209.00,20900.00
2185,2186,2023121001002582,SONA,53,67,115,319.00,36685.00
2186,2187,2023121001002581,SONA,11,67,1000,319.00,319000.00
2187,2188,2023121001002580,SONA,45,67,885,319.00,282315.00
2188,2189,2023121001002579,UHEWA,48,11,44,294.30,12949.20
2189,2190,2023121001002578,UHEWA,48,11,100,288.60,28860.00
2190,2191,2023121001002577,UHEWA,48,74,156,288.60,45021.60
2191,2192,2023121003000600,LICN,38,1,10,1422.90,14229.00
2192,2193,2023121001002576,SONA,51,70,80,320.00,25600.00
2193,2194,2023121001002575,SONA,51,57,20,319.50,6390.00
2194,2195,2023121004001397,UPCL,7,37,1000,192.70,192700.00
2195,2196,2023121004001396,UPCL,7,42,500,192.70,96350.00
2196,2197,2023121004001395,UPCL,7,49,300,192.70,57810.00
2197,2198,2023121005000249,SMATA,49,49,10,622.00,6220.00
2198,2199,2023121005000248,SMATA,49,13,10,621.00,6210.00
2199,2200,2023121005000247,SMATA,49,54,20,620.00,12400.00
2200,2201,2023121004001394,SPDL,33,21,10,185.80,1858.00
2201,2202,2023121001002574,CITY,21,49,10,585.00,5850.00
2202,2203,2023121003000599,ALBSL,62,17,70,637.00,44590.00
2203,2204,2023121003000598,ALBSL,62,34,30,636.00,19080.00
2204,2205,2023121004001393,HDHPC,17,45,100,132.60,13260.00
2205,2206,2023121001002573,RNLI,44,38,10,510.00,5100.00
2206,2207,2023121001002572,SONA,42,70,1500,320.00,480000.00
2207,2208,2023121001002571,SONA,19,70,70,320.00,22400.00
2208,2209,2023121001002570,SONA,19,38,10,320.00,3200.00
2209,2210,2023121001002569,SONA,19,58,10,320.00,3200.00
2210,2211,2023121001002568,SONA,19,58,10,320.00,3200.00
2211,2212,2023121001002567,SONA,19,45,100,320.00,32000.00
2212,2213,2023121001002566,SONA,19,59,10,320.00,3200.00
2213,2214,2023121001002565,SONA,19,7,10,320.00,3200.00
2214,2215,2023121001002564,SONA,19,21,40,320.00,12800.00
2215,2216,2023121001002563,SONA,19,41,10,320.00,3200.00
2216,2217,2023121001002562,SONA,19,32,730,320.00,233600.00
2217,2218,2023121004001392,SGIC,8,45,86,513.00,44118.00
2218,2219,2023121004001391,SGIC,49,45,14,513.00,7182.00
2219,2220,2023121004001390,SGIC,49,45,200,516.00,103200.00
2220,2221,2023121001002561,MANDU,45,65,10,527.90,5279.00
2221,2222,2023121001002560,MHL,34,64,150,355.00,53250.00
2222,2223,2023121004001389,API,44,55,261,172.90,45126.90
2223,2224,2023121004001388,API,44,42,661,172.90,114286.90
2224,2225,2023121004001387,API,44,49,78,172.50,13455.00
2225,2226,2023121001002559,MAKAR,44,39,100,257.00,25700.00
2226,2227,2023121001002558,MAKAR,44,42,840,257.00,215880.00
2227,2228,2023121001002557,RNLI,44,42,10,510.00,5100.00
2228,2229,2023121001002556,RNLI,44,58,10,510.00,5100.00
2229,2230,2023121001002555,RNLI,44,58,10,510.00,5100.00
2230,2231,2023121001002554,RNLI,44,58,10,510.00,5100.00
2231,2232,2023121001002553,RNLI,44,28,10,510.00,5100.00
2232,2233,2023121001002552,RNLI,44,77,10,510.00,5100.00
2233,2234,2023121001002551,RNLI,44,42,10,510.00,5100.00
2234,2235,2023121001002550,RNLI,44,54,10,510.00,5100.00
2235,2236,2023121001002549,RNLI,44,49,10,510.00,5100.00
2236,2237,2023121001002548,RNLI,44,49,500,510.00,255000.00
2237,2238,2023121001002547,RNLI,44,58,10,510.00,5100.00
2238,2239,2023121001002546,RNLI,44,34,10,510.00,5100.00
2239,2240,2023121001002545,RNLI,44,38,10,510.00,5100.00
2240,2241,2023121001002544,RNLI,44,33,990,510.00,504900.00
2241,2242,2023121001002543,RNLI,44,78,1900,509.90,968810.00
2242,2243,2023121004001386,PRIN,49,34,190,726.10,137959.00
2243,2244,2023121004001385,PRIN,49,38,10,726.10,7261.00
2244,2245,2023121003000597,MNBBL,51,32,20,392.70,7854.00
2245,2246,2023121001002542,SRLI,35,56,400,489.00,195600.00
2246,2247,2023121001002541,SRLI,44,56,45,490.00,22050.00
2247,2248,2023121004001384,AKJCL,28,5,20,159.00,3180.00
2248,2249,2023121004001383,AKJCL,28,52,80,158.00,12640.00
2249,2250,2023121004001382,MEN,21,42,500,489.00,244500.00
2250,2251,2023121001002540,PCBL,13,56,50,200.00,10000.00
2251,2252,2023121004001381,MEN,44,42,200,489.90,97980.00
2252,2253,2023121004001380,MEN,49,42,10,489.90,4899.00
2253,2254,2023121001002539,CLI,42,42,10,497.00,4970.00
2254,2255,2023121003000596,HLI,58,48,14,439.00,6146.00
2255,2256,2023121003000595,HLI,58,34,40,438.90,17556.00
2256,2257,2023121001002538,HDL,45,32,10,1670.00,16700.00
2257,2258,2023121001002537,NABIL,36,1,50,528.80,26440.00
2258,2259,2023121003000594,MNBBL,51,8,20,392.70,7854.00
2259,2260,2023121001002536,MKHL,28,68,10,275.00,2750.00
2260,2261,2023121001002535,MKHL,28,49,10,270.60,2706.00
2261,2262,2023121005000246,NRN,52,49,160,324.00,51840.00
2262,2263,2023121005000245,NRN,52,49,40,323.00,12920.00
2263,2264,2023121004001379,NHPC,57,17,206,147.00,30282.00
2264,2265,2023121005000244,NBF3,57,16,2000,7.28,14560.00
2265,2266,2023121005000243,NBF3,57,58,100,7.14,714.00
2266,2267,2023121001002534,SNLI,10,69,50,517.00,25850.00
2267,2268,2023121004001378,KPCL,45,45,10,321.40,3214.00
2268,2269,2023121003000593,HLI,29,34,500,438.90,219450.00
2269,2270,2023121001002533,MBL,1,65,300,192.00,57600.00
2270,2271,2023121001002532,SONA,45,49,10,319.00,3190.00
2271,2272,2023121005000242,NIFRA,26,50,1000,197.00,197000.00
2272,2273,2023121005000241,NIFRA,26,19,34,197.00,6698.00
2273,2274,2023121005000240,NIFRA,26,41,174,197.00,34278.00
2274,2275,2023121004001377,AKPL,88,62,3615,172.00,621780.00
2275,2276,2023121004001376,AKPL,88,11,385,171.90,66181.50
2276,2277,2023121003000592,KRBL,62,45,300,308.90,92670.00
2277,2278,2023121003000591,KRBL,62,14,10,308.90,3089.00
2278,2279,2023121001002531,BEDC,17,48,10,233.50,2335.00
2279,2280,2023121001002530,BEDC,17,48,10,233.50,2335.00
2280,2281,2023121004001375,MEN,17,36,290,490.00,142100.00
2281,2282,2023121004001374,MEN,17,22,10,490.00,4900.00
2282,2283,2023121004001373,NLG,48,5,102,796.00,81192.00
2283,2284,2023121003000590,MDB,22,45,130,423.50,55055.00
2284,2285,2023121003000589,MDB,22,51,100,423.00,42300.00
2285,2286,2023121003000588,MDB,22,59,70,423.00,29610.00
2286,2287,2023121003000587,CBBL,41,22,10,950.00,9500.00
2287,2288,2023121003000586,CBBL,41,45,10,943.50,9435.00
2288,2289,2023121004001372,LEC,57,35,100,158.00,15800.00
2289,2290,2023121004001371,NICL,38,68,50,880.00,44000.00
2290,2291,2023121004001370,NICL,38,48,200,880.00,176000.00
2291,2292,2023121004001369,NICL,38,48,160,880.00,140800.00
2292,2293,2023121004001368,NICL,38,70,300,880.00,264000.00
2293,2294,2023121004001367,NICL,38,22,150,875.00,131250.00
2294,2295,2023121004001366,NICL,38,26,140,875.00,122500.00
2295,2296,2023121001002529,TVCL,64,38,20,324.20,6484.00
2296,2297,2023121001002528,SONA,45,19,10,319.00,3190.00
2297,2298,2023121004001365,HEI,59,58,150,565.00,84750.00
2298,2299,2023121001002527,HDL,4,14,10,1670.00,16700.00
2299,2300,2023121001002526,SONA,45,58,10,319.00,3190.00
2300,2301,2023121001002525,NBL,45,43,50,245.00,12250.00
2301,2302,2023121001002524,PRVU,59,29,2000,171.00,342000.00
2302,2303,2023121001002523,SBI,44,33,100,322.20,32220.00
2303,2304,2023121001002522,SBI,44,39,100,316.90,31690.00
2304,2305,2023121001002521,SBI,44,41,520,316.00,164320.00
2305,2306,2023121001002520,SBI,44,43,100,316.00,31600.00
2306,2307,2023121003000585,CORBL,46,34,490,352.90,172921.00
2307,2308,2023121003000584,CORBL,46,17,10,352.90,3529.00
2308,2309,2023121001002519,CLI,49,59,1420,499.80,709716.00
2309,2310,2023121001002518,CLI,49,59,10,499.80,4998.00
2310,2311,2023121001002517,CLI,49,45,500,499.80,249900.00
2311,2312,2023121001002516,CLI,49,37,1000,499.20,499200.00
2312,2313,2023121001002515,CLI,49,49,10,499.00,4990.00
2313,2314,2023121001002514,CLI,49,36,10,499.00,4990.00
2314,2315,2023121001002513,CLI,49,36,50,499.00,24950.00
2315,2316,2023121001002512,CLI,49,59,250,499.00,124750.00
2316,2317,2023121001002511,CLI,49,49,10,499.00,4990.00
2317,2318,2023121001002510,CLI,49,57,10,499.00,4990.00
2318,2319,2023121001002509,CLI,49,41,10,499.00,4990.00
2319,2320,2023121001002508,CLI,49,38,50,499.00,24950.00
2320,2321,2023121001002507,CLI,49,38,210,499.00,104790.00
2321,2322,2023121001002506,CLI,49,25,50,499.00,24950.00
2322,2323,2023121001002505,CLI,49,16,200,499.00,99800.00
2323,2324,2023121001002504,CLI,49,51,10,498.70,4987.00
2324,2325,2023121001002503,CLI,49,48,1000,498.10,498100.00
2325,2326,2023121001002502,CLI,49,4,10,498.00,4980.00
2326,2327,2023121001002501,CLI,49,57,10,498.00,4980.00
2327,2328,2023121001002500,CLI,49,46,10,498.00,4980.00
2328,2329,2023121001002499,CLI,49,47,100,498.00,49800.00
2329,2330,2023121001002498,CLI,49,39,50,498.00,24900.00
2330,2331,2023121001002497,CLI,49,34,10,498.00,4980.00
2331,2332,2023121001002496,CLI,49,74,10,497.90,4979.00
2332,2333,2023121005000239,HIDCL,59,53,450,171.90,77355.00
2333,2334,2023121005000238,HIDCL,59,42,400,171.80,68720.00
2334,2335,2023121005000237,NRIC,21,34,100,649.00,64900.00
2335,2336,2023121003000583,HLI,28,77,1000,437.50,437500.00
2336,2337,2023121001002495,SAHAS,17,42,10,470.00,4700.00
2337,2338,2023121001002494,SAHAS,17,49,10,470.00,4700.00
2338,2339,2023121001002493,ULHC,6,49,10,241.00,2410.00
2339,2340,2023121001002492,SNLI,39,57,10,515.00,5150.00
2340,2341,2023121005000236,MMF1,57,29,2000,7.24,14480.00
2341,2342,2023121001002491,CLI,42,14,460,497.00,228620.00
2342,2343,2023121001002490,RNLI,66,33,1010,510.00,515100.00
2343,2344,2023121001002489,RNLI,66,16,10,510.00,5100.00
2344,2345,2023121001002488,RNLI,66,33,2000,510.00,1020000.00
2345,2346,2023121001002487,RNLI,66,16,100,510.00,51000.00
2346,2347,2023121001002486,RNLI,66,16,200,509.90,101980.00
2347,2348,2023121001002485,RNLI,66,52,480,508.00,243840.00
2348,2349,2023121001002484,CLI,58,14,40,497.00,19880.00
2349,2350,2023121001002483,CLI,58,71,60,497.00,29820.00
2350,2351,2023121003000582,RLFL,45,53,10,344.00,3440.00
2351,2352,2023121004001364,SHL,45,64,300,440.00,132000.00
2352,2353,2023121003000581,SKBBL,1,36,100,939.00,93900.00
2353,2354,2023121003000580,EDBL,51,17,10,308.00,3080.00
2354,2355,2023121003000579,KSBBL,34,46,200,312.00,62400.00
2355,2356,2023121003000578,GUFL,20,38,50,555.00,27750.00
2356,2357,2023121003000577,GUFL,20,61,190,545.00,103550.00
2357,2358,2023121003000576,GUFL,20,10,100,537.00,53700.00
2358,2359,2023121003000575,GUFL,20,59,50,534.10,26705.00
2359,2360,2023121001002482,CLI,40,71,940,497.00,467180.00
2360,2361,2023121001002481,CLI,40,19,10,496.00,4960.00
2361,2362,2023121001002480,CLI,40,77,300,496.00,148800.00
2362,2363,2023121001002479,CLI,40,58,230,495.00,113850.00
2363,2364,2023121001002478,CLI,40,45,10,495.00,4950.00
2364,2365,2023121001002477,CLI,40,57,300,495.00,148500.00
2365,2366,2023121001002476,CLI,40,47,210,494.90,103929.00
2366,2367,2023121001002475,MHL,49,64,300,355.00,106500.00
2367,2368,2023121004001363,MEN,49,6,250,489.90,122475.00
2368,2369,2023121003000574,MNBBL,32,8,30,392.70,11781.00
2369,2370,2023121001002474,PRVU,59,52,10,171.00,1710.00
2370,2371,2023121003000573,LLBS,39,19,50,675.00,33750.00
2371,2372,2023121003000572,LLBS,39,32,15,675.00,10125.00
2372,2373,2023121003000571,LLBS,39,53,20,674.90,13498.00
2373,2374,2023121003000570,LLBS,39,33,40,674.00,26960.00
2374,2375,2023121001002473,RFPL,39,50,300,229.90,68970.00
2375,2376,2023121001002472,SHIVM,42,5,10,494.00,4940.00
2376,2377,2023121001002471,SNLI,42,69,250,517.00,129250.00
2377,2378,2023121001002470,SNLI,42,69,700,516.90,361830.00
2378,2379,2023121005000235,NIFRA,49,19,30,196.00,5880.00
2379,2380,2023121001002469,HDL,16,14,40,1670.00,66800.00
2380,2381,2023121001002468,TVCL,64,4,30,324.20,9726.00
2381,2382,2023121004001362,SSHL,45,37,130,147.90,19227.00
2382,2383,2023121004001361,SSHL,45,16,110,147.90,16269.00
2383,2384,2023121004001360,SSHL,45,37,760,147.90,112404.00
2384,2385,2023121003000569,CORBL,29,17,50,352.90,17645.00
2385,2386,2023121003000568,CORBL,29,21,100,352.90,35290.00
2386,2387,2023121004001359,LEC,58,35,94,158.00,14852.00
2387,2388,2023121003000567,MLBSL,34,8,10,1621.80,16218.00
2388,2389,2023121005000234,NIFRA,34,41,26,197.00,5122.00
2389,2390,2023121005000233,NIFRA,34,29,100,197.00,19700.00
2390,2391,2023121005000232,NIFRA,34,54,24,197.00,4728.00
2391,2392,2023121001002467,GCIL,34,38,40,443.40,17736.00
2392,2393,2023121001002466,GCIL,34,51,10,442.00,4420.00
2393,2394,2023121001002465,GCIL,34,7,30,441.60,13248.00
2394,2395,2023121001002464,GCIL,34,37,500,441.60,220800.00
2395,2396,2023121001002463,GCIL,34,6,10,441.00,4410.00
2396,2397,2023121001002462,DOLTI,1,34,10,228.00,2280.00
2397,2398,2023121001002461,PRVU,59,11,100,171.00,17100.00
2398,2399,2023121003000566,GUFL,33,59,40,534.10,21364.00
2399,2400,2023121003000565,GUFL,33,38,10,534.00,5340.00
2400,2401,2023121001002460,SNLI,49,69,100,516.90,51690.00
2401,2402,2023121001002459,BGWT,45,65,900,441.00,396900.00
2402,2403,2023121001002458,BGWT,42,65,430,442.50,190275.00
2403,2404,2023121001002457,BGWT,45,65,50,442.60,22130.00
2404,2405,2023121004001358,HDHPC,43,25,115,132.00,15180.00
2405,2406,2023121005000231,NTC,42,43,50,885.00,44250.00
2406,2407,2023121005000230,NTC,42,58,10,885.00,8850.00
2407,2408,2023121004001357,NICL,39,26,300,875.00,262500.00
2408,2409,2023121003000564,ICFC,71,38,50,469.90,23495.00
2409,2410,2023121004001356,NICL,35,26,30,875.00,26250.00
2410,2411,2023121004001355,NIL,42,4,100,836.00,83600.00
2411,2412,2023121004001354,NIL,42,46,100,836.00,83600.00
2412,2413,2023121001002456,SONA,36,32,270,320.00,86400.00
2413,2414,2023121001002455,SONA,36,49,210,320.00,67200.00
2414,2415,2023121001002454,SONA,36,74,1000,320.00,320000.00
2415,2416,2023121001002453,SONA,36,51,10,320.00,3200.00
2416,2417,2023121001002452,SONA,36,67,10,320.00,3200.00
2417,2418,2023121003000563,KRBL,29,50,500,305.00,152500.00
2418,2419,2023121003000562,NUBL,44,34,100,589.00,58900.00
2419,2420,2023121004001353,OHL,40,33,200,794.00,158800.00
2420,2421,2023121003000561,HLI,53,54,100,437.60,43760.00
2421,2422,2023121003000560,NUBL,49,34,150,589.00,88350.00
2422,2423,2023121001002451,NMB,32,55,170,208.10,35377.00
2423,2424,2023121001002450,NMB,32,58,30,208.10,6243.00
2424,2425,2023121004001352,HDHPC,43,57,800,132.00,105600.00
2425,2426,2023121004001351,HDHPC,43,5,500,132.00,66000.00
2426,2427,2023121004001350,MEN,21,6,10,489.90,4899.00
2427,2428,2023121001002449,NESDO,21,35,60,1486.90,89214.00
2428,2429,2023121004001349,UPPER,57,57,70,209.90,14693.00
2429,2430,2023121003000559,HLI,57,48,10,439.00,4390.00
2430,2431,2023121001002448,HDL,57,50,10,1670.00,16700.00
2431,2432,2023121003000558,BFC,14,22,10,303.20,3032.00
2432,2433,2023121003000557,BFC,14,42,10,303.00,3030.00
2433,2434,2023121004001348,NICL,67,26,630,875.00,551250.00
2434,2435,2023121004001347,NICL,67,68,500,875.00,437500.00
2435,2436,2023121004001346,NICL,67,14,200,870.00,174000.00
2436,2437,2023121004001345,NICL,67,39,70,870.00,60900.00
2437,2438,2023121004001344,NICL,58,3,368,865.00,318320.00
2438,2439,2023121004001343,SHL,4,64,200,440.00,88000.00
2439,2440,2023121001002447,NBL,48,43,200,245.00,49000.00
2440,2441,2023121001002446,UHEWA,48,74,280,288.60,80808.00
2441,2442,2023121001002445,UHEWA,48,14,20,284.00,5680.00
2442,2443,2023121005000229,STC,45,35,10,5273.40,52734.00
2443,2444,2023121001002444,SGHC,1,25,380,244.00,92720.00
2444,2445,2023121001002443,SGHC,1,37,490,244.00,119560.00
2445,2446,2023121001002442,SGHC,1,41,10,240.00,2400.00
2446,2447,2023121001002441,SGHC,1,56,50,240.00,12000.00
2447,2448,2023121001002440,SGHC,1,37,90,239.90,21591.00
2448,2449,2023121001002439,SGHC,1,55,80,239.80,19184.00
2449,2450,2023121001002438,SGHC,1,51,100,239.70,23970.00
2450,2451,2023121001002437,HDL,58,50,10,1670.00,16700.00
2451,2452,2023121004001342,SHPC,22,19,105,327.00,34335.00
2452,2453,2023121004001341,SHPC,22,38,40,327.00,13080.00
2453,2454,2023121004001340,SHPC,22,34,50,327.00,16350.00
2454,2455,2023121004001339,SHPC,22,33,405,327.00,132435.00
2455,2456,2023121004001338,SSHL,58,37,500,147.90,73950.00
2456,2457,2023121004001337,SSHL,58,7,500,147.80,73900.00
2457,2458,2023121001002436,ULHC,17,58,10,237.00,2370.00
2458,2459,2023121001002435,GBIME,41,26,10,197.00,1970.00
2459,2460,2023121001002434,DORDI,41,26,200,224.80,44960.00
2460,2461,2023121001002433,SHIVM,70,5,500,494.00,247000.00
2461,2462,2023121001002432,SRLI,44,57,50,490.00,24500.00
2462,2463,2023121001002431,NESDO,48,35,20,1486.90,29738.00
2463,2464,2023121004001336,SHPC,36,33,280,327.00,91560.00
2464,2465,2023121004001335,AKPL,44,18,120,171.00,20520.00
2465,2466,2023121001002430,RNLI,50,58,10,505.00,5050.00
2466,2467,2023121001002429,SHIVM,49,5,50,494.00,24700.00
2467,2468,2023121001002428,NBL,32,43,200,245.00,49000.00
2468,2469,2023121001002427,SMHL,49,34,10,364.00,3640.00
2469,2470,2023121004001334,LEC,45,49,15,157.00,2355.00
2470,2471,2023121001002426,RNLI,28,52,20,508.00,10160.00
2471,2472,2023121001002425,RNLI,28,38,40,508.00,20320.00
2472,2473,2023121001002424,RNLI,28,41,10,507.00,5070.00
2473,2474,2023121001002423,RNLI,28,32,110,507.00,55770.00
2474,2475,2023121001002422,RNLI,28,35,10,506.00,5060.00
2475,2476,2023121001002421,RNLI,28,57,10,506.00,5060.00
2476,2477,2023121004001333,HURJA,47,42,300,236.00,70800.00
2477,2478,2023121004001332,HURJA,47,28,1000,236.00,236000.00
2478,2479,2023121005000228,PSF,17,45,1000,7.95,7950.00
2479,2480,2023121003000556,KSBBL,17,46,150,312.00,46800.00
2480,2481,2023121001002420,SONA,70,67,990,320.00,316800.00
2481,2482,2023121001002419,SONA,70,74,500,320.00,160000.00
2482,2483,2023121001002418,SONA,70,47,300,320.00,96000.00
2483,2484,2023121001002417,SONA,70,25,2000,319.90,639800.00
2484,2485,2023121001002416,SONA,70,22,200,319.80,63960.00
2485,2486,2023121001002415,SONA,70,36,10,319.70,3197.00
2486,2487,2023121001002414,MHCL,35,26,80,278.00,22240.00
2487,2488,2023121001002413,MHCL,35,71,10,278.00,2780.00
2488,2489,2023121001002412,MHCL,35,71,10,273.00,2730.00
2489,2490,2023121001002411,MHCL,35,16,190,273.00,51870.00
2490,2491,2023121001002410,MHCL,35,20,50,272.90,13645.00
2491,2492,2023121001002409,MHCL,35,77,10,272.00,2720.00
2492,2493,2023121001002408,MHCL,35,71,50,271.60,13580.00
2493,2494,2023121001002407,BEDC,1,70,90,233.50,21015.00
2494,2495,2023121004001331,IGI,34,16,300,522.00,156600.00
2495,2496,2023121003000555,JBBL,54,45,30,290.00,8700.00
2496,2497,2023121001002406,SMH,58,19,35,544.00,19040.00
2497,2498,2023121004001330,API,62,49,2922,172.50,504045.00
2498,2499,2023121004001329,API,62,11,252,172.00,43344.00
2499,2500,2023121004001328,API,62,43,100,172.00,17200.00
2500,2501,2023121004001327,API,62,40,20,172.00,3440.00
2501,2502,2023121004001326,API,62,57,280,171.50,48020.00
2502,2503,2023121004001325,API,62,42,1426,171.50,244559.00
2503,2504,2023121001002405,GCIL,26,62,203,435.10,88325.30
2504,2505,2023121001002404,GCIL,77,62,37,440.00,16280.00
2505,2506,2023121003000554,MNBBL,53,8,100,392.70,39270.00
2506,2507,2023121004001324,UMHL,17,45,100,191.00,19100.00
2507,2508,2023121003000553,HLI,17,48,100,439.00,43900.00
2508,2509,2023121001002403,SONA,45,25,10,319.00,3190.00
2509,2510,2023121004001323,API,41,42,74,171.50,12691.00
2510,2511,2023121004001322,API,41,55,100,171.00,17100.00
2511,2512,2023121004001321,NICL,38,39,10,870.00,8700.00
2512,2513,2023121003000552,FOWAD,48,35,100,1094.00,109400.00
2513,2514,2023121003000551,MPFL,57,48,50,301.00,15050.00
2514,2515,2023121001002402,RNLI,50,45,10,505.00,5050.00
2515,2516,2023121001002401,RAWA,44,71,205,389.50,79847.50
2516,2517,2023121005000227,STC,40,33,17,5273.40,89647.80
2517,2518,2023121001002400,NIMB,58,19,1180,182.90,215822.00
2518,2519,2023121001002399,NIMB,58,49,20,182.00,3640.00
2519,2520,2023121001002398,NIMB,58,26,300,182.00,54600.00
2520,2521,2023121004001320,SGIC,49,49,400,516.00,206400.00
2521,2522,2023121004001319,SGIC,49,50,400,515.00,206000.00
2522,2523,2023121004001318,SGIC,49,59,130,515.00,66950.00
2523,2524,2023121004001317,SGIC,49,19,106,515.00,54590.00
2524,2525,2023121004001316,SGIC,49,22,10,515.00,5150.00
2525,2526,2023121004001315,SGIC,49,41,50,515.00,25750.00
2526,2527,2023121004001314,SGIC,49,45,10,514.40,5144.00
2527,2528,2023121004001313,SGIC,49,65,500,514.00,257000.00
2528,2529,2023121004001312,SGIC,49,62,64,514.00,32896.00
2529,2530,2023121004001311,SGIC,49,71,502,513.00,257526.00
2530,2531,2023121004001310,SGIC,49,65,300,513.00,153900.00
2531,2532,2023121004001309,SGIC,49,71,300,511.00,153300.00
2532,2533,2023121001002397,EBL,41,33,500,500.00,250000.00
2533,2534,2023121001002396,EBL,8,33,200,502.00,100400.00
2534,2535,2023121001002395,PRVU,59,49,50,170.70,8535.00
2535,2536,2023121001002394,PRVU,59,13,74,170.70,12631.80
2536,2537,2023121001002393,PRVU,59,21,210,170.60,35826.00
2537,2538,2023121001002392,PRVU,59,45,50,170.00,8500.00
2538,2539,2023121001002391,PRVU,59,1,1075,170.00,182750.00
2539,2540,2023121001002390,PRVU,59,58,190,169.90,32281.00
2540,2541,2023121001002389,PRVU,59,11,25,168.90,4222.50
2541,2542,2023121004001308,TRH,57,64,10,817.00,8170.00
2542,2543,2023121004001307,NHPC,47,17,44,147.00,6468.00
2543,2544,2023121004001306,NHPC,47,58,35,147.00,5145.00
2544,2545,2023121001002388,MBL,41,65,53,192.00,10176.00
2545,2546,2023121001002387,MBL,41,47,128,191.70,24537.60
2546,2547,2023121001002386,HBL,21,14,10,203.10,2031.00
2547,2548,2023121004001305,SHL,38,64,400,440.00,176000.00
2548,2549,2023121005000226,NIBSF2,57,34,1000,7.16,7160.00
2549,2550,2023121004001304,SGIC,66,71,200,511.00,102200.00
2550,2551,2023121001002385,SNLI,42,37,20,513.00,10260.00
2551,2552,2023121001002384,SNLI,39,37,80,513.00,41040.00
2552,2553,2023121004001303,BARUN,19,39,100,223.60,22360.00
2553,2554,2023121001002383,NICA,19,58,276,525.00,144900.00
2554,2555,2023121001002382,SONA,45,19,10,319.00,3190.00
2555,2556,2023121001002381,TSHL,80,58,10,395.30,3953.00
2556,2557,2023121003000550,GBBL,1,59,10,390.40,3904.00
2557,2558,2023121001002380,ILI,44,33,500,538.10,269050.00
2558,2559,2023121001002379,MCHL,20,63,100,251.90,25190.00
2559,2560,2023121001002378,MCHL,20,14,100,251.90,25190.00
2560,2561,2023121001002377,SONA,45,45,10,319.00,3190.00
2561,2562,2023121001002376,SONA,45,38,10,319.00,3190.00
2562,2563,2023121001002375,SONA,45,49,10,319.00,3190.00
2563,2564,2023121001002374,SONA,45,41,10,319.00,3190.00
2564,2565,2023121001002373,SONA,45,6,425,319.00,135575.00
2565,2566,2023121001002372,SONA,42,46,10,318.00,3180.00
2566,2567,2023121001002371,ILI,62,33,50,540.00,27000.00
2567,2568,2023121001002370,ILI,55,33,185,541.00,100085.00
2568,2569,2023121001002369,ILI,38,33,40,544.00,21760.00
2569,2570,2023121001002368,ILI,40,33,85,545.00,46325.00
2570,2571,2023121001002367,ILI,32,33,50,546.00,27300.00
2571,2572,2023121001002366,ILI,42,33,22,546.00,12012.00
2572,2573,2023121001002365,ILI,58,33,100,546.00,54600.00
2573,2574,2023121001002364,ILI,29,33,500,547.00,273500.00
2574,2575,2023121001002363,ILI,57,33,50,547.00,27350.00
2575,2576,2023121001002362,ILI,58,33,50,547.00,27350.00
2576,2577,2023121001002361,ILI,34,33,460,547.00,251620.00
2577,2578,2023121001002360,SNLI,21,35,10,515.00,5150.00
2578,2579,2023121004001302,RIDI,21,52,40,200.00,8000.00
2579,2580,2023121001002359,KBL,22,90,128,153.10,19596.80
2580,2581,2023121001002358,HATHY,53,36,935,488.90,457121.50
2581,2582,2023121001002357,HATHY,53,35,250,488.00,122000.00
2582,2583,2023121001002356,HATHY,53,13,50,487.90,24395.00
2583,2584,2023121001002355,HATHY,53,13,265,485.00,128525.00
2584,2585,2023121004001301,NICL,58,5,190,865.00,164350.00
2585,2586,2023121003000549,ALICL,19,41,254,669.00,169926.00
2586,2587,2023121003000548,ALICL,35,41,46,669.00,30774.00
2587,2588,2023121004001300,CHCL,39,49,73,521.00,38033.00
2588,2589,2023121004001299,CHCL,39,44,77,520.00,40040.00
2589,2590,2023121001002354,GCIL,77,38,250,440.00,110000.00
2590,2591,2023121004001298,NGPL,14,52,200,211.60,42320.00
2591,2592,2023121004001297,NGPL,14,45,10,211.60,2116.00
2592,2593,2023121001002353,SANIMA,88,42,15,244.00,3660.00
2593,2594,2023121001002352,SONA,72,6,175,319.00,55825.00
2594,2595,2023121001002351,SONA,72,57,500,319.00,159500.00
2595,2596,2023121001002350,SONA,72,6,10,319.00,3190.00
2596,2597,2023121001002349,SONA,72,6,100,319.00,31900.00
2597,2598,2023121001002348,SONA,72,57,215,319.00,68585.00
2598,2599,2023121004001296,AHPC,1,13,100,223.00,22300.00
2599,2600,2023121001002347,NESDO,45,35,20,1486.90,29738.00
2600,2601,2023121001002346,TPC,51,32,100,371.00,37100.00
2601,2602,2023121003000547,CFCL,49,14,10,334.00,3340.00
2602,2603,2023121001002345,HBL,56,51,100,205.90,20590.00
2603,2604,2023121001002344,HBL,56,26,25,205.90,5147.50
2604,2605,2023121001002343,HBL,56,8,575,205.90,118392.50
2605,2606,2023121004001295,RIDI,14,6,472,198.00,93456.00
2606,2607,2023121001002342,NIMB,13,26,300,182.00,54600.00
2607,2608,2023121004001294,HDHPC,25,26,70,131.50,9205.00
2608,2609,2023121004001293,HDHPC,25,74,500,131.50,65750.00
2609,2610,2023121004001292,UMRH,39,3,100,290.00,29000.00
2610,2611,2023121004001291,UMRH,39,38,525,290.00,152250.00
2611,2612,2023121004001290,API,48,57,11,170.00,1870.00
2612,2613,2023121004001289,IGI,8,16,200,522.00,104400.00
2613,2614,2023121001002341,NABIL,29,1,30,528.80,15864.00
2614,2615,2023121001002340,GCIL,34,50,240,440.60,105744.00
2615,2616,2023121004001288,NHPC,38,56,948,146.00,138408.00
2616,2617,2023121004001287,NHPC,43,58,200,147.00,29400.00
2617,2618,2023121004001286,SPDL,51,42,55,185.90,10224.50
2618,2619,2023121004001285,SPDL,51,49,45,185.00,8325.00
2619,2620,2023121001002339,CLI,58,54,10,493.00,4930.00
2620,2621,2023121001002338,TAMOR,38,16,70,260.00,18200.00
2621,2622,2023121001002337,TAMOR,38,49,10,259.00,2590.00
2622,2623,2023121001002336,TAMOR,38,42,10,255.00,2550.00
2623,2624,2023121001002335,TAMOR,38,58,10,255.00,2550.00
2624,2625,2023121004001284,UPCL,4,16,10,192.00,1920.00
2625,2626,2023121001002334,SHIVM,36,5,300,494.00,148200.00
2626,2627,2023121001002333,EBL,57,25,10,510.00,5100.00
2627,2628,2023121001002332,RHGCL,62,17,1000,214.10,214100.00
2628,2629,2023121001002331,RHGCL,62,22,500,214.00,107000.00
2629,2630,2023121001002330,RHGCL,62,41,100,213.00,21300.00
2630,2631,2023121001002329,GVL,56,34,400,372.00,148800.00
2631,2632,2023121001002328,GVL,56,65,100,372.00,37200.00
2632,2633,2023121001002327,GVL,56,58,10,372.00,3720.00
2633,2634,2023121003000546,GFCL,36,58,10,406.20,4062.00
2634,2635,2023121001002326,TSHL,42,35,10,388.00,3880.00
2635,2636,2023121003000545,ALICL,42,19,340,670.00,227800.00
2636,2637,2023121003000544,GFCL,36,42,10,406.20,4062.00
2637,2638,2023121001002325,SONA,42,42,10,318.00,3180.00
2638,2639,2023121001002324,SBI,44,33,100,315.90,31590.00
2639,2640,2023121004001283,CHCL,58,44,130,520.00,67600.00
2640,2641,2023121001002323,HATHY,42,13,15,485.00,7275.00
2641,2642,2023121001002322,SONA,42,6,60,318.00,19080.00
2642,2643,2023121001002321,SONA,58,6,140,318.10,44534.00
2643,2644,2023121001002320,TVCL,64,16,20,324.20,6484.00
2644,2645,2023121001002319,SNLI,39,35,10,513.00,5130.00
2645,2646,2023121001002318,ILI,35,84,40,549.00,21960.00
2646,2647,2023121001002317,ILI,35,58,10,548.00,5480.00
2647,2648,2023121001002316,HATHY,4,13,55,485.00,26675.00
2648,2649,2023121001002315,HATHY,58,13,165,485.00,80025.00
2649,2650,2023121003000543,JBBL,57,32,100,289.00,28900.00
2650,2651,2023121003000542,MPFL,57,48,50,301.00,15050.00
2651,2652,2023121004001282,HDHPC,57,45,267,131.00,34977.00
2652,2653,2023121001002314,GBIME,45,45,10,206.00,2060.00
2653,2654,2023121004001281,SHL,66,38,600,439.90,263940.00
2654,2655,2023121001002313,HATHY,58,17,200,485.00,97000.00
2655,2656,2023121003000541,MNBBL,32,8,100,392.70,39270.00
2656,2657,2023121004001280,NIL,85,42,388,835.00,323980.00
2657,2658,2023121003000540,SJLIC,41,34,100,535.00,53500.00
2658,2659,2023121001002312,GCIL,77,57,476,440.00,209440.00
2659,2660,2023121001002311,GCIL,77,38,100,440.00,44000.00
2660,2661,2023121001002310,GCIL,77,41,10,440.00,4400.00
2661,2662,2023121001002309,GCIL,77,38,500,440.00,220000.00
2662,2663,2023121001002308,GCIL,77,6,50,439.90,21995.00
2663,2664,2023121001002307,GCIL,77,51,500,439.00,219500.00
2664,2665,2023121001002306,GCIL,77,49,77,438.00,33726.00
2665,2666,2023121005000225,CHDC,71,5,10,950.00,9500.00
2666,2667,2023121001002305,SANIMA,55,54,300,248.60,74580.00
2667,2668,2023121004001279,API,48,84,676,170.00,114920.00
2668,2669,2023121004001278,API,52,84,200,170.00,34000.00
2669,2670,2023121004001277,API,38,84,124,170.00,21080.00
2670,2671,2023121003000539,HLI,14,48,200,439.00,87800.00
2671,2672,2023121001002304,NBL,45,43,200,245.00,49000.00
2672,2673,2023121004001276,HDHPC,57,45,233,131.00,30523.00
2673,2674,2023121004001275,HDHPC,57,36,267,131.00,34977.00
2674,2675,2023121001002303,NICA,57,58,10,525.00,5250.00
2675,2676,2023121001002302,NIMB,1,26,120,182.00,21840.00
2676,2677,2023121004001274,AKJCL,17,52,20,158.00,3160.00
2677,2678,2023121004001273,API,38,20,10,170.00,1700.00
2678,2679,2023121004001272,SGIC,57,20,10,510.30,5103.00
2679,2680,2023121001002301,HIDCLP,77,42,10,105.00,1050.00
2680,2681,2023121001002300,DORDI,28,34,70,224.70,15729.00
2681,2682,2023121003000538,SDLBSL,28,6,50,545.00,27250.00
2682,2683,2023121001002299,TVCL,64,16,30,324.20,9726.00
2683,2684,2023121001002298,HHL,35,34,840,231.60,194544.00
2684,2685,2023121001002297,HHL,35,6,50,228.40,11420.00
2685,2686,2023121001002296,HHL,35,57,10,228.40,2284.00
2686,2687,2023121001002295,RFPL,38,50,20,229.90,4598.00
2687,2688,2023121004001271,IGI,13,32,20,523.00,10460.00
2688,2689,2023121001002294,TVCL,48,26,20,324.20,6484.00
2689,2690,2023121003000537,SKBBL,14,41,20,930.00,18600.00
2690,2691,2023121001002293,NICA,1,58,10,525.00,5250.00
2691,2692,2023121004001270,MEN,87,6,30,489.90,14697.00
2692,2693,2023121001002292,SPHL,65,49,20,418.00,8360.00
2693,2694,2023121001002291,PRVU,58,58,10,169.90,1699.00
2694,2695,2023121004001269,BARUN,58,39,150,223.60,33540.00
2695,2696,2023121001002290,ILI,52,16,10,548.00,5480.00
2696,2697,2023121004001268,SSHL,16,55,400,147.70,59080.00
2697,2698,2023121004001267,SSHL,16,1,100,147.50,14750.00
2698,2699,2023121001002289,CLI,58,38,10,493.00,4930.00
2699,2700,2023121005000224,NIFRA,49,1,10,196.00,1960.00
2700,2701,2023121004001266,LEC,17,35,200,158.00,31600.00
2701,2702,2023121001002288,KBL,32,90,210,153.10,32151.00
2702,2703,2023121004001265,NHPC,34,58,65,147.00,9555.00
2703,2704,2023121004001264,NHPC,34,26,35,147.00,5145.00
2704,2705,2023121005000223,ENL,64,42,80,854.00,68320.00
2705,2706,2023121005000222,ENL,64,26,20,853.00,17060.00
2706,2707,2023121005000221,NRN,58,49,30,324.00,9720.00
2707,2708,2023121001002287,EBL,42,25,29,510.00,14790.00
2708,2709,2023121001002286,EBL,42,68,71,503.90,35776.90
2709,2710,2023121004001263,NHPC,58,26,10,147.00,1470.00
2710,2711,2023121001002285,MAKAR,58,42,70,257.00,17990.00
2711,2712,2023121001002284,RNLI,50,58,10,505.00,5050.00
2712,2713,2023121003000536,MNBBL,56,41,500,392.50,196250.00
2713,2714,2023121001002283,KDL,38,16,10,828.00,8280.00
2714,2715,2023121001002282,KDL,38,34,30,828.00,24840.00
2715,2716,2023121003000535,MERO,71,11,10,484.50,4845.00
2716,2717,2023121001002281,SAHAS,49,21,10,468.00,4680.00
2717,2718,2023121001002280,IHL,14,58,50,247.00,12350.00
2718,2719,2023121001002279,SONA,58,45,10,318.10,3181.00
2719,2720,2023121001002278,MANDU,58,45,10,520.00,5200.00
2720,2721,2023121001002277,CLI,32,57,100,495.00,49500.00
2721,2722,2023121004001262,SALICO,34,34,150,702.00,105300.00
2722,2723,2023121004001261,SALICO,34,34,100,701.00,70100.00
2723,2724,2023121004001260,SALICO,34,34,100,700.00,70000.00
2724,2725,2023121001002276,CYCL,62,38,20,1081.00,21620.00
2725,2726,2023121001002275,CYCL,62,32,10,1060.80,10608.00
2726,2727,2023121001002274,CYCL,62,32,20,1060.00,21200.00
2727,2728,2023121001002273,CYCL,62,43,30,1059.90,31797.00
2728,2729,2023121004001259,AKPL,71,11,115,171.90,19768.50
2729,2730,2023121004001258,AKPL,71,22,1500,171.90,257850.00
2730,2731,2023121004001257,AKPL,71,28,385,171.00,65835.00
2731,2732,2023121001002272,SNLI,28,69,200,516.90,103380.00
2732,2733,2023121001002271,SNLI,28,59,700,516.90,361830.00
2733,2734,2023121004001256,AKPL,6,28,125,171.00,21375.00
2734,2735,2023121004001255,LEC,48,35,10,158.00,1580.00
2735,2736,2023121001002270,CLI,35,57,100,495.00,49500.00
2736,2737,2023121001002269,CLI,38,3,200,495.00,99000.00
2737,2738,2023121004001254,UMRH,58,38,75,290.00,21750.00
2738,2739,2023121003000534,CFCL,22,21,10,330.00,3300.00
2739,2740,2023121003000533,GUFL,21,59,10,534.10,5341.00
2740,2741,2023121001002268,NICA,34,58,10,525.00,5250.00
2741,2742,2023121001002267,PRVU,34,58,1000,169.00,169000.00
2742,2743,2023121001002266,CLI,57,3,1500,495.00,742500.00
2743,2744,2023121001002265,CLI,77,3,50,495.00,24750.00
2744,2745,2023121001002264,CLI,49,3,241,495.00,119295.00
2745,2746,2023121004001253,UMRH,58,42,500,290.00,145000.00
2746,2747,2023121001002263,KBL,40,90,1000,153.10,153100.00
2747,2748,2023121001002262,KBL,34,90,100,153.10,15310.00
2748,2749,2023121001002261,KBL,8,90,100,154.00,15400.00
2749,2750,2023121001002260,KBL,77,90,400,154.10,61640.00
2750,2751,2023121001002259,KBL,8,90,999,154.20,154045.80
2751,2752,2023121004001252,NHPC,38,16,36,146.00,5256.00
2752,2753,2023121004001251,NHPC,53,16,64,146.00,9344.00
2753,2754,2023121004001250,TRH,58,81,1000,817.00,817000.00
2754,2755,2023121004001249,TRH,58,45,500,800.00,400000.00
2755,2756,2023121001002258,ILI,52,58,10,548.00,5480.00
2756,2757,2023121004001248,NHPC,4,56,200,146.50,29300.00
2757,2758,2023121004001247,CGH,26,19,20,1095.40,21908.00
2758,2759,2023121004001246,CGH,26,45,10,1095.40,10954.00
2759,2760,2023121004001245,CGH,26,41,50,1095.40,54770.00
2760,2761,2023121004001244,CGH,26,48,10,1095.40,10954.00
2761,2762,2023121004001243,CGH,26,52,10,1095.30,10953.00
2762,2763,2023121001002257,SRLI,44,17,105,490.00,51450.00
2763,2764,2023121001002256,NRM,43,14,150,258.00,38700.00
2764,2765,2023121004001242,RIDI,37,52,50,200.00,10000.00
2765,2766,2023121001002255,KBL,37,25,245,155.00,37975.00
2766,2767,2023121004001241,API,32,42,500,171.50,85750.00
2767,2768,2023121004001240,API,32,14,500,171.00,85500.00
2768,2769,2023121003000532,RSDC,34,34,10,534.90,5349.00
2769,2770,2023121001002254,SPL,64,57,10,748.60,7486.00
2770,2771,2023121003000531,PFL,4,42,10,343.00,3430.00
2771,2772,2023121001002253,SHIVM,72,5,900,494.00,444600.00
2772,2773,2023121001002252,TVCL,32,38,20,324.20,6484.00
2773,2774,2023121004001239,API,38,20,66,170.00,11220.00
2774,2775,2023121004001238,API,57,20,119,170.00,20230.00
2775,2776,2023121001002251,MEL,48,36,10,187.00,1870.00
2776,2777,2023121001002250,DORDI,57,34,100,222.00,22200.00
2777,2778,2023121004001237,LEC,34,56,2000,158.10,316200.00
2778,2779,2023121001002249,ILI,52,28,10,548.00,5480.00
2779,2780,2023121001002248,ILI,25,28,50,548.00,27400.00
2780,2781,2023121001002247,ILI,42,28,80,548.00,43840.00
2781,2782,2023121001002246,MBL,41,67,19,191.60,3640.40
2782,2783,2023121003000530,SJLIC,58,50,200,543.00,108600.00
2783,2784,2023121001002245,MEL,41,28,780,188.10,146718.00
2784,2785,2023121001002244,MEL,41,58,200,188.00,37600.00
2785,2786,2023121001002243,MEL,41,58,10,188.00,1880.00
2786,2787,2023121001002242,MEL,41,38,10,188.00,1880.00
2787,2788,2023121005000220,NRIC,1,58,35,650.00,22750.00
2788,2789,2023121005000219,NRIC,1,57,51,645.00,32895.00
2789,2790,2023121003000529,MNBBL,59,8,250,392.70,98175.00
2790,2791,2023121004001236,UPPER,33,45,34,208.00,7072.00
2791,2792,2023121003000528,CBBL,47,49,75,935.00,70125.00
2792,2793,2023121003000527,CBBL,47,1,10,935.00,9350.00
2793,2794,2023121004001235,SGIC,43,65,200,513.00,102600.00
2794,2795,2023121001002241,SMJC,25,65,20,268.20,5364.00
2795,2796,2023121004001234,BARUN,48,39,300,223.60,67080.00
2796,2797,2023121001002240,GCIL,56,49,203,438.00,88914.00
2797,2798,2023121003000526,SWBBL,44,41,10,689.00,6890.00
2798,2799,2023121001002239,SAHAS,16,44,50,472.00,23600.00
2799,2800,2023121001002238,TVCL,32,16,20,324.20,6484.00
2800,2801,2023121001002237,SONA,68,57,45,319.00,14355.00
2801,2802,2023121003000525,HLBSL,38,44,20,567.80,11356.00
2802,2803,2023121003000524,HLBSL,38,44,70,557.60,39032.00
2803,2804,2023121003000523,HLBSL,38,49,60,557.00,33420.00
2804,2805,2023121003000522,HLBSL,38,16,100,557.00,55700.00
2805,2806,2023121001002236,MKHC,45,17,10,217.40,2174.00
2806,2807,2023121004001233,NICL,58,5,300,865.00,259500.00
2807,2808,2023121001002235,SHIVM,43,5,100,494.00,49400.00
2808,2809,2023121003000521,MFIL,26,51,100,514.00,51400.00
2809,2810,2023121003000520,HLI,45,48,439,439.00,192721.00
2810,2811,2023121003000519,HLI,29,48,460,439.00,201940.00
2811,2812,2023121003000518,SKBBL,32,35,46,940.00,43240.00
2812,2813,2023121003000517,SKBBL,32,41,50,940.00,47000.00
2813,2814,2023121003000516,SKBBL,32,22,10,934.80,9348.00
2814,2815,2023121003000515,SKBBL,32,32,20,934.00,18680.00
2815,2816,2023121001002234,SNLI,32,42,10,515.00,5150.00
2816,2817,2023121001002233,SNLI,42,59,300,516.90,155070.00
2817,2818,2023121003000514,SLBBL,81,58,100,605.40,60540.00
2818,2819,2023121001002232,GCIL,56,35,80,438.00,35040.00
2819,2820,2023121004001232,UAIL,35,3,1000,611.00,611000.00
2820,2821,2023121004001231,API,57,84,181,170.00,30770.00
2821,2822,2023121001002231,HATHY,58,6,10,485.00,4850.00
2822,2823,2023121001002230,HATHY,58,48,180,485.00,87300.00
2823,2824,2023121001002229,HATHY,58,19,155,485.00,75175.00
2824,2825,2023121004001230,SHPC,26,33,25,327.00,8175.00
2825,2826,2023121001002228,RNLI,53,32,500,507.00,253500.00
2826,2827,2023121004001229,UPCL,25,16,290,192.00,55680.00
2827,2828,2023121004001228,UPCL,25,42,500,191.70,95850.00
2828,2829,2023121004001227,UPCL,25,48,200,191.60,38320.00
2829,2830,2023121004001226,UPCL,25,49,10,190.00,1900.00
2830,2831,2023121005000218,NIFRA,47,38,30,196.90,5907.00
2831,2832,2023121001002227,CLI,32,77,700,496.00,347200.00
2832,2833,2023121001002226,CLI,32,64,300,496.00,148800.00
2833,2834,2023121004001225,HEI,74,85,160,571.20,91392.00
2834,2835,2023121004001224,HEI,74,62,340,571.00,194140.00
2835,2836,2023121001002225,CLI,49,38,99,495.00,49005.00
2836,2837,2023121001002224,RNLI,50,58,10,505.00,5050.00
2837,2838,2023121003000513,USLB,1,58,10,627.30,6273.00
2838,2839,2023121003000512,USLB,1,52,10,627.30,6273.00
2839,2840,2023121005000217,CIT,45,6,50,2034.00,101700.00
2840,2841,2023121001002223,MBL,32,65,30,188.00,5640.00
2841,2842,2023121001002222,MBL,1,65,10,188.50,1885.00
2842,2843,2023121001002221,MBL,17,65,450,188.50,84825.00
2843,2844,2023121001002220,MBL,41,65,1000,188.80,188800.00
2844,2845,2023121001002219,MBL,26,65,500,188.90,94450.00
2845,2846,2023121001002218,MBL,1,65,10,190.00,1900.00
2846,2847,2023121001002217,TPC,51,51,10,364.10,3641.00
2847,2848,2023121003000511,LBBL,34,46,10,394.00,3940.00
2848,2849,2023121004001223,RIDI,32,52,10,200.00,2000.00
2849,2850,2023121003000510,RLFL,62,36,200,339.10,67820.00
2850,2851,2023121004001222,GHL,41,49,10,131.30,1313.00
2851,2852,2023121001002216,PCBL,44,58,10,201.10,2011.00
2852,2853,2023121005000216,CHDC,39,71,10,936.30,9363.00
2853,2854,2023121001002215,MAKAR,42,42,90,257.00,23130.00
2854,2855,2023121001002214,MAKAR,42,45,10,257.00,2570.00
2855,2856,2023121004001221,AKPL,6,34,175,171.00,29925.00
2856,2857,2023121001002213,RNLI,50,35,10,505.00,5050.00
2857,2858,2023121001002212,IHL,72,58,50,247.00,12350.00
2858,2859,2023121001002211,IHL,72,34,50,247.00,12350.00
2859,2860,2023121004001220,UMRH,11,6,90,294.00,26460.00
2860,2861,2023121004001219,UMRH,11,45,10,292.90,2929.00
2861,2862,2023121001002210,SONA,42,38,10,318.00,3180.00
2862,2863,2023121001002209,ILI,42,58,10,548.00,5480.00
2863,2864,2023121001002208,TSHL,80,58,10,387.60,3876.00
2864,2865,2023121004001218,CHL,45,57,10,223.80,2238.00
2865,2866,2023121001002207,SONA,36,57,40,319.00,12760.00
2866,2867,2023121001002206,SONA,36,57,360,318.20,114552.00
2867,2868,2023121004001217,PRIN,48,49,60,726.00,43560.00
2868,2869,2023121003000509,HLI,29,34,30,439.00,13170.00
2869,2870,2023121003000508,HLI,57,34,20,439.60,8792.00
2870,2871,2023121004001216,SHL,21,49,1700,438.50,745450.00
2871,2872,2023121004001215,SHL,58,49,100,439.00,43900.00
2872,2873,2023121004001214,SHL,22,49,100,439.00,43900.00
2873,2874,2023121004001213,SHL,29,49,100,439.50,43950.00
2874,2875,2023121005000215,NRN,44,49,310,324.00,100440.00
2875,2876,2023121005000214,NRN,44,49,10,324.00,3240.00
2876,2877,2023121005000213,NRN,44,58,40,323.60,12944.00
2877,2878,2023121005000212,NRN,44,22,140,323.00,45220.00
2878,2879,2023121001002205,HATHY,42,19,20,485.00,9700.00
2879,2880,2023121004001212,PRIN,21,52,20,720.00,14400.00
2880,2881,2023121004001211,LEC,49,38,200,158.00,31600.00
2881,2882,2023121004001210,LEC,35,38,160,158.00,25280.00
2882,2883,2023121001002204,MMKJL,47,39,10,280.20,2802.00
2883,2884,2023121001002203,SHIVM,4,40,16,490.00,7840.00
2884,2885,2023121001002202,SHIVM,34,40,84,492.00,41328.00
2885,2886,2023121001002201,TVCL,32,1,20,324.20,6484.00
2886,2887,2023121004001209,API,58,84,200,170.00,34000.00
2887,2888,2023121004001208,HEI,16,62,160,571.00,91360.00
2888,2889,2023121001002200,RNLI,67,32,390,507.00,197730.00
2889,2890,2023121001002199,RNLI,67,25,110,507.00,55770.00
2890,2891,2023121001002198,CLI,49,64,200,496.00,99200.00
2891,2892,2023121001002197,NABIL,55,1,25,528.80,13220.00
2892,2893,2023121001002196,SNLI,32,42,10,515.00,5150.00
2893,2894,2023121004001207,NHPC,42,26,400,147.00,58800.00
2894,2895,2023121001002195,CLI,49,16,200,495.00,99000.00
2895,2896,2023121004001206,NHPC,29,26,55,147.00,8085.00
2896,2897,2023121004001205,NHPC,29,26,90,147.00,13230.00
2897,2898,2023121004001204,NHPC,29,34,500,147.00,73500.00
2898,2899,2023121004001203,NHPC,29,34,100,147.00,14700.00
2899,2900,2023121004001202,NHPC,29,8,255,147.00,37485.00
2900,2901,2023121001002194,SONA,66,57,440,318.20,140008.00
2901,2902,2023121004001201,SHL,4,38,100,439.90,43990.00
2902,2903,2023121001002193,GBIME,41,57,310,197.00,61070.00
2903,2904,2023121001002192,GBIME,57,57,100,199.00,19900.00
2904,2905,2023121001002191,GBIME,57,57,40,200.00,8000.00
2905,2906,2023121001002190,GBIME,54,57,500,203.00,101500.00
2906,2907,2023121001002189,GBIME,36,57,50,204.00,10200.00
2907,2908,2023121001002188,GBIME,13,45,460,206.00,94760.00
2908,2909,2023121001002187,GBIME,13,45,690,206.00,142140.00
2909,2910,2023121001002186,GBIME,13,25,170,205.90,35003.00
2910,2911,2023121001002185,MSHL,38,65,26,370.00,9620.00
2911,2912,2023121001002184,MSHL,38,22,10,369.00,3690.00
2912,2913,2023121001002183,MSHL,38,16,25,369.00,9225.00
2913,2914,2023121001002182,MSHL,38,71,20,369.00,7380.00
2914,2915,2023121001002181,MSHL,38,45,19,365.00,6935.00
2915,2916,2023121004001200,PMHPL,14,29,10,216.00,2160.00
2916,2917,2023121004001199,PMHPL,14,25,90,216.00,19440.00
2917,2918,2023121001002180,ILI,42,58,10,548.00,5480.00
2918,2919,2023121001002179,HATHY,50,19,300,485.00,145500.00
2919,2920,2023121001002178,MHL,63,64,1000,355.00,355000.00
2920,2921,2023121001002177,CYCL,62,43,20,1059.90,21198.00
2921,2922,2023121003000507,HLI,49,69,100,440.00,44000.00
2922,2923,2023121003000506,USLB,1,55,10,627.00,6270.00
2923,2924,2023121001002176,SNLI,32,42,10,515.00,5150.00
2924,2925,2023121001002175,MHL,6,71,100,352.80,35280.00
2925,2926,2023121001002174,MEL,29,38,150,188.00,28200.00
2926,2927,2023121001002173,CLI,49,38,10,495.00,4950.00
2927,2928,2023121004001198,API,58,84,90,170.00,15300.00
2928,2929,2023121004001197,UPPER,33,4,50,208.00,10400.00
2929,2930,2023121005000211,ENL,64,42,10,854.00,8540.00
2930,2931,2023121001002172,MBJC,42,32,77,277.00,21329.00
2931,2932,2023121004001196,MEN,58,6,10,490.00,4900.00
2932,2933,2023121005000210,HIDCL,59,41,150,171.00,25650.00
2933,2934,2023121001002171,MMKJL,38,58,10,289.60,2896.00
2934,2935,2023121004001195,HDHPC,7,36,733,131.00,96023.00
2935,2936,2023121004001194,HDHPC,7,65,2000,131.00,262000.00
2936,2937,2023121004001193,HDHPC,7,40,1000,131.00,131000.00
2937,2938,2023121004001192,HDHPC,7,65,150,131.00,19650.00
2938,2939,2023121004001191,HDHPC,7,45,300,130.90,39270.00
2939,2940,2023121004001190,HDHPC,7,56,15,130.00,1950.00
2940,2941,2023121004001189,HDHPC,7,14,802,130.00,104260.00
2941,2942,2023121001002170,NABIL,14,1,50,528.80,26440.00
2942,2943,2023121004001188,CHCL,58,1,20,520.00,10400.00
2943,2944,2023121004001187,CHCL,48,1,100,520.00,52000.00
2944,2945,2023121004001186,CHCL,45,1,20,520.00,10400.00
2945,2946,2023121004001185,API,1,84,10,170.00,1700.00
2946,2947,2023121004001184,MEN,65,16,490,490.10,240149.00
2947,2948,2023121004001183,MEN,65,65,510,490.00,249900.00
2948,2949,2023121001002169,TVCL,32,36,90,324.20,29178.00
2949,2950,2023121001002168,TVCL,66,36,10,324.20,3242.00
2950,2951,2023121001002167,SHIVM,34,51,16,492.00,7872.00
2951,2952,2023121004001182,HPPL,42,48,400,216.20,86480.00
2952,2953,2023121004001181,HPPL,42,57,200,216.00,43200.00
2953,2954,2023121004001180,HPPL,42,29,500,216.00,108000.00
2954,2955,2023121004001179,HPPL,42,39,200,216.00,43200.00
2955,2956,2023121004001178,HPPL,42,58,10,215.90,2159.00
2956,2957,2023121001002166,CLI,42,43,100,495.50,49550.00
2957,2958,2023121003000505,MDB,6,59,100,423.00,42300.00
2958,2959,2023121004001177,PPCL,35,11,33,225.00,7425.00
2959,2960,2023121004001176,PPCL,35,14,200,224.90,44980.00
2960,2961,2023121004001175,PPCL,35,57,27,220.80,5961.60
2961,2962,2023121001002165,CLI,49,4,60,495.00,29700.00
2962,2963,2023121001002164,SRLI,58,57,30,492.00,14760.00
2963,2964,2023121001002163,SRLI,42,57,10,492.00,4920.00
2964,2965,2023121001002162,SRLI,42,57,750,492.00,369000.00
2965,2966,2023121005000209,HIDCL,57,45,500,172.00,86000.00
2966,2967,2023121001002161,SMJC,25,57,10,268.20,2682.00
2967,2968,2023121001002160,SHIVM,26,51,34,492.00,16728.00
2968,2969,2023121001002159,SHIVM,26,74,166,492.00,81672.00
2969,2970,2023121003000504,HLI,38,69,300,440.00,132000.00
2970,2971,2023121004001174,SHPC,49,33,230,327.00,75210.00
2971,2972,2023121004001173,SHPC,58,33,60,327.40,19644.00
2972,2973,2023121001002158,SONA,66,64,560,318.20,178192.00
2973,2974,2023121001002157,SONA,57,64,440,319.00,140360.00
2974,2975,2023121004001172,UAIL,53,3,100,611.00,61100.00
2975,2976,2023121004001171,UAIL,1,3,400,611.00,244400.00
2976,2977,2023121001002156,SONA,57,49,10,319.00,3190.00
2977,2978,2023121001002155,BGWT,45,49,10,442.60,4426.00
2978,2979,2023121001002154,HATHY,49,19,10,485.00,4850.00
2979,2980,2023121003000503,ICFC,71,42,90,469.90,42291.00
2980,2981,2023121001002153,SNLI,42,69,10,517.00,5170.00
2981,2982,2023121003000502,NFS,11,37,50,309.50,15475.00
2982,2983,2023121001002152,SONA,57,11,10,319.00,3190.00
2983,2984,2023121001002151,SONA,57,54,10,319.00,3190.00
2984,2985,2023121004001170,HEI,21,85,40,571.20,22848.00
2985,2986,2023121004001169,DHPL,47,58,10,145.60,1456.00
2986,2987,2023121004001168,DHPL,47,35,20,145.00,2900.00
2987,2988,2023121001002150,MEHL,58,69,1000,220.00,220000.00
2988,2989,2023121001002149,SBI,1,44,10,306.90,3069.00
2989,2990,2023121001002148,SBI,1,4,165,305.00,50325.00
2990,2991,2023121001002147,NABIL,48,1,28,528.80,14806.40
2991,2992,2023121001002146,HATHY,64,19,15,485.00,7275.00
2992,2993,2023121001002145,HATHY,64,32,35,485.00,16975.00
2993,2994,2023121001002144,SCB,8,39,119,531.00,63189.00
2994,2995,2023121001002143,SCB,8,1,50,531.00,26550.00
2995,2996,2023121001002142,SCB,8,1,25,531.00,13275.00
2996,2997,2023121001002141,SCB,8,63,306,531.00,162486.00
2997,2998,2023121004001167,API,55,84,85,170.00,14450.00
2998,2999,2023121001002140,HDL,16,50,10,1670.00,16700.00
2999,3000,2023121004001166,RHPL,32,4,70,254.00,17780.00
3000,3001,2023121001002139,SNLI,57,69,2000,517.00,1034000.00
3001,3002,2023121001002138,NBL,13,43,680,245.90,167212.00
3002,3003,2023121001002137,NBL,13,6,30,245.90,7377.00
3003,3004,2023121001002136,NBL,13,43,290,245.00,71050.00
3004,3005,2023121004001165,NHPC,56,8,245,147.00,36015.00
3005,3006,2023121004001164,NHPC,56,57,55,147.00,8085.00
3006,3007,2023121001002135,MAKAR,34,41,10,253.00,2530.00
3007,3008,2023121001002134,SONA,57,38,10,319.00,3190.00
3008,3009,2023121001002133,SMHL,47,25,10,364.60,3646.00
3009,3010,2023121004001163,SSHL,45,14,341,144.90,49410.90
3010,3011,2023121004001162,SSHL,45,49,100,144.80,14480.00
3011,3012,2023121001002132,BPW,1,58,10,961.00,9610.00
3012,3013,2023121004001161,SHPC,58,34,20,327.40,6548.00
3013,3014,2023121004001160,UPCL,7,58,600,189.00,113400.00
3014,3015,2023121001002131,SNLI,58,69,60,517.00,31020.00
3015,3016,2023121001002130,DOLTI,1,34,10,224.00,2240.00
3016,3017,2023121001002129,DOLTI,1,42,20,223.00,4460.00
3017,3018,2023121001002128,NBL,47,43,710,245.00,173950.00
3018,3019,2023121005000208,HIDCL,43,45,200,172.00,34400.00
3019,3020,2023121001002127,CLI,49,43,10,495.00,4950.00
3020,3021,2023121001002126,HDL,34,44,10,1668.00,16680.00
3021,3022,2023121001002125,ILI,34,84,10,549.00,5490.00
3022,3023,2023121001002124,ILI,34,58,10,549.00,5490.00
3023,3024,2023121001002123,ILI,34,35,10,549.00,5490.00
3024,3025,2023121001002122,ILI,34,49,10,548.00,5480.00
3025,3026,2023121001002121,ILI,34,63,350,548.00,191800.00
3026,3027,2023121001002120,ILI,34,37,10,548.00,5480.00
3027,3028,2023121001002119,ILI,34,58,10,548.00,5480.00
3028,3029,2023121001002118,ILI,34,36,90,548.00,49320.00
3029,3030,2023121004001159,PRIN,21,55,110,720.00,79200.00
3030,3031,2023121001002117,SONA,57,42,10,319.00,3190.00
3031,3032,2023121001002116,TVCL,66,16,20,324.20,6484.00
3032,3033,2023121001002115,MEL,48,35,10,187.00,1870.00
3033,3034,2023121001002114,KBL,35,25,100,155.00,15500.00
3034,3035,2023121001002113,GBIME,53,25,200,205.90,41180.00
3035,3036,2023121001002112,ILI,7,36,200,548.00,109600.00
3036,3037,2023121001002111,TVCL,66,17,30,324.20,9726.00
3037,3038,2023121004001158,HEI,16,5,700,571.00,399700.00
3038,3039,2023121001002110,SPHL,65,35,10,418.20,4182.00
3039,3040,2023121001002109,ILI,33,36,100,548.00,54800.00
3040,3041,2023121001002108,NRM,37,14,20,255.70,5114.00
3041,3042,2023121001002107,ILI,34,36,40,548.00,21920.00
3042,3043,2023121004001157,HEI,16,62,140,571.00,79940.00
3043,3044,2023121004001156,HEI,34,62,360,571.00,205560.00
3044,3045,2023121004001155,SGIC,46,62,50,514.00,25700.00
3045,3046,2023121003000501,KSBBL,8,46,200,312.00,62400.00
3046,3047,2023121005000207,NIFRA,8,55,50,195.00,9750.00
3047,3048,2023121001002106,ILI,34,35,10,547.00,5470.00
3048,3049,2023121001002105,ILI,57,36,30,548.00,16440.00
3049,3050,2023121004001154,MEN,54,65,490,490.00,240100.00
3050,3051,2023121004001153,MEN,54,43,10,490.00,4900.00
3051,3052,2023121001002104,SONA,57,39,10,319.00,3190.00
3052,3053,2023121004001152,PRIN,50,49,40,726.00,29040.00
3053,3054,2023121001002103,SNLI,45,69,300,517.00,155100.00
3054,3055,2023121004001151,SHL,19,64,100,440.00,44000.00
3055,3056,2023121004001150,SGIC,43,62,421,514.00,216394.00
3056,3057,2023121004001149,SGIC,43,67,80,513.00,41040.00
3057,3058,2023121004001148,MEN,36,43,70,491.00,34370.00
3058,3059,2023121001002102,CLI,49,36,10,495.00,4950.00
3059,3060,2023121001002101,TPC,51,70,750,358.00,268500.00
3060,3061,2023121001002100,TPC,51,68,345,357.90,123475.50
3061,3062,2023121001002099,SONA,58,67,995,319.00,317405.00
3062,3063,2023121001002098,NBL,47,28,290,245.00,71050.00
3063,3064,2023121001002097,EBL,52,68,19,503.90,9574.10
3064,3065,2023121003000500,SAPDBL,35,1,10,245.00,2450.00
3065,3066,2023121001002096,HHL,35,49,10,228.00,2280.00
3066,3067,2023121001002095,HHL,35,6,90,228.00,20520.00
3067,3068,2023121003000499,JSLBB,11,14,20,834.00,16680.00
3068,3069,2023121003000498,HLI,57,52,480,439.60,211008.00
3069,3070,2023121001002094,NIMB,58,26,280,182.80,51184.00
3070,3071,2023121005000206,HIDCL,21,45,20,172.00,3440.00
3071,3072,2023121004001147,API,41,84,100,170.00,17000.00
3072,3073,2023121001002093,SRLI,42,5,50,492.00,24600.00
3073,3074,2023121005000205,STC,43,33,20,5200.00,104000.00
3074,3075,2023121005000204,HIDCL,58,45,40,172.00,6880.00
3075,3076,2023121004001146,MEN,36,6,670,491.00,328970.00
3076,3077,2023121004001145,SICL,22,17,500,775.00,387500.00
3077,3078,2023121001002092,SAHAS,62,44,30,472.00,14160.00
3078,3079,2023121001002091,GCIL,77,6,950,439.90,417905.00
3079,3080,2023121001002090,CLI,49,42,10,495.00,4950.00
3080,3081,2023121003000497,ALICL,35,13,150,669.00,100350.00
3081,3082,2023121004001144,SHL,66,26,405,439.90,178159.50
3082,3083,2023121001002089,SHIVM,41,74,76,492.00,37392.00
3083,3084,2023121005000203,HIDCL,69,45,20,172.00,3440.00
3084,3085,2023121001002088,RNLI,50,45,10,505.00,5050.00
3085,3086,2023121001002087,CITY,21,45,10,584.90,5849.00
3086,3087,2023121001002086,CITY,58,45,90,585.00,52650.00
3087,3088,2023121001002085,HATHY,58,32,20,485.00,9700.00
3088,3089,2023121001002084,CITY,58,36,10,585.00,5850.00
3089,3090,2023121004001143,IGI,52,32,171,523.00,89433.00
3090,3091,2023121004001142,IGI,52,59,209,522.00,109098.00
3091,3092,2023121004001141,IGI,52,50,310,522.00,161820.00
3092,3093,2023121004001140,IGI,52,41,300,521.00,156300.00
3093,3094,2023121004001139,IGI,52,53,10,520.90,5209.00
3094,3095,2023121003000496,GBBL,42,59,30,382.80,11484.00
3095,3096,2023121001002083,NIMBPO,42,3,100,151.90,15190.00
3096,3097,2023121004001138,NHPC,53,13,436,146.00,63656.00
3097,3098,2023121004001137,NHPC,33,13,286,146.00,41756.00
3098,3099,2023121004001136,NHPC,49,13,278,146.00,40588.00
3099,3100,2023121001002082,PCBL,38,57,1000,195.00,195000.00
3100,3101,2023121001002081,SONA,58,21,10,319.00,3190.00
3101,3102,2023121001002080,ULHC,17,42,10,237.00,2370.00
3102,3103,2023121001002079,ILI,40,36,40,548.00,21920.00
3103,3104,2023121001002078,ILI,40,14,100,548.00,54800.00
3104,3105,2023121001002077,ILI,40,45,20,548.00,10960.00
3105,3106,2023121001002076,ILI,40,35,10,548.00,5480.00
3106,3107,2023121001002075,ILI,40,67,30,548.00,16440.00
3107,3108,2023121004001135,UPCL,7,33,570,189.00,107730.00
3108,3109,2023121001002074,SONA,58,58,10,319.00,3190.00
3109,3110,2023121001002073,SONA,58,70,1500,319.00,478500.00
3110,3111,2023121001002072,SONA,58,43,500,319.00,159500.00
3111,3112,2023121001002071,SONA,58,26,100,319.00,31900.00
3112,3113,2023121001002070,SONA,58,49,10,318.90,3189.00
3113,3114,2023121001002069,SONA,58,50,600,318.20,190920.00
3114,3115,2023121001002068,SONA,58,48,10,318.00,3180.00
3115,3116,2023121001002067,SONA,58,14,10,318.00,3180.00
3116,3117,2023121001002066,SONA,58,49,10,318.00,3180.00
3117,3118,2023121001002065,SONA,58,65,1245,318.00,395910.00
3118,3119,2023121004001134,RIDI,14,74,200,198.00,39600.00
3119,3120,2023121001002064,ILI,42,67,10,548.00,5480.00
3120,3121,2023121004001133,UNHPL,41,11,200,176.80,35360.00
3121,3122,2023121001002063,MHCL,17,20,50,272.90,13645.00
3122,3123,2023121005000202,NIFRA,10,55,500,196.00,98000.00
3123,3124,2023121005000201,NIFRA,40,55,495,196.00,97020.00
3124,3125,2023121005000200,NIFRA,40,35,54,196.00,10584.00
3125,3126,2023121005000199,NIFRA,40,50,451,196.00,88396.00
3126,3127,2023121004001132,AKPL,58,34,100,171.00,17100.00
3127,3128,2023121004001131,AKPL,26,34,225,171.00,38475.00
3128,3129,2023121003000495,MLBL,62,48,150,316.20,47430.00
3129,3130,2023121001002062,RNLI,50,49,1190,505.00,600950.00
3130,3131,2023121001002061,DOLTI,42,49,20,222.00,4440.00
3131,3132,2023121004001130,SHEL,16,56,10,262.00,2620.00
3132,3133,2023121003000494,NMBMF,35,13,10,486.50,4865.00
3133,3134,2023121001002060,PRVU,26,1,925,170.00,157250.00
3134,3135,2023121001002059,PRVU,26,7,75,169.00,12675.00
3135,3136,2023121001002058,MEL,35,42,80,186.00,14880.00
3136,3137,2023121001002057,MEL,42,42,40,186.00,7440.00
3137,3138,2023121003000493,HLI,29,53,10,439.00,4390.00
3138,3139,2023121004001129,SGIC,53,65,250,513.00,128250.00
3139,3140,2023121004001128,MEN,7,6,1000,491.00,491000.00
3140,3141,2023121001002056,DORDI,45,49,10,225.00,2250.00
3141,3142,2023121001002055,NRM,57,59,10,255.00,2550.00
3142,3143,2023121004001127,LEC,35,25,200,158.00,31600.00
3143,3144,2023121004001126,MEN,14,6,30,491.00,14730.00
3144,3145,2023121004001125,NLG,34,3,180,812.00,146160.00
3145,3146,2023121004001124,RIDI,32,39,94,201.80,18969.20
3146,3147,2023121004001123,RIDI,32,45,206,198.40,40870.40
3147,3148,2023121003000492,ICFC,52,42,20,469.90,9398.00
3148,3149,2023121003000491,MLBL,16,48,50,316.20,15810.00
3149,3150,2023121003000490,MLBL,16,32,10,316.00,3160.00
3150,3151,2023121004001122,API,11,84,141,170.00,23970.00
3151,3152,2023121005000198,ENL,64,26,10,854.20,8542.00
3152,3153,2023121004001121,NHDL,39,37,20,363.10,7262.00
3153,3154,2023121001002054,KBL,7,25,100,155.00,15500.00
3154,3155,2023121001002053,SONA,10,65,500,318.00,159000.00
3155,3156,2023121003000489,SFCL,11,45,10,285.00,2850.00
3156,3157,2023121001002052,AVYAN,65,38,20,613.80,12276.00
3157,3158,2023121005000197,CHDC,39,20,10,936.30,9363.00
3158,3159,2023121004001120,UMRH,58,3,100,294.00,29400.00
3159,3160,2023121004001119,UMRH,58,34,100,293.00,29300.00
3160,3161,2023121001002051,PPL,55,49,309,228.30,70544.70
3161,3162,2023121004001118,SGIC,44,65,500,512.00,256000.00
3162,3163,2023121003000488,SKBBL,1,6,30,934.00,28020.00
3163,3164,2023121001002050,RNLI,50,35,10,505.00,5050.00
3164,3165,2023121004001117,SHL,26,34,100,440.00,44000.00
3165,3166,2023121004001116,SHL,26,16,400,440.00,176000.00
3166,3167,2023121003000487,MNBBL,56,67,480,392.50,188400.00
3167,3168,2023121004001115,SHL,53,16,500,440.00,220000.00
3168,3169,2023121001002049,RNLI,50,44,10,505.00,5050.00
3169,3170,2023121001002048,RNLI,50,57,10,505.00,5050.00
3170,3171,2023121001002047,RNLI,50,38,10,505.00,5050.00
3171,3172,2023121001002046,RNLI,50,49,10,505.00,5050.00
3172,3173,2023121001002045,RNLI,50,29,100,505.00,50500.00
3173,3174,2023121001002044,RNLI,50,47,110,504.90,55539.00
3174,3175,2023121005000196,NRN,45,22,10,323.00,3230.00
3175,3176,2023121003000486,USLB,1,58,10,627.00,6270.00
3176,3177,2023121003000485,USLB,1,3,10,627.00,6270.00
3177,3178,2023121003000484,USLB,1,52,10,626.90,6269.00
3178,3179,2023121003000483,USLB,1,38,100,625.00,62500.00
3179,3180,2023121003000482,USLB,1,48,10,625.00,6250.00
3180,3181,2023121001002043,SNLI,32,1,10,515.00,5150.00
3181,3182,2023121001002042,SONA,58,65,255,318.00,81090.00
3182,3183,2023121001002041,SONA,58,14,10,318.00,3180.00
3183,3184,2023121004001114,HDHPC,43,14,198,130.00,25740.00
3184,3185,2023121004001113,HDHPC,43,25,302,130.00,39260.00
3185,3186,2023121001002040,MEHL,43,69,200,220.00,44000.00
3186,3187,2023121001002039,NIMB,58,56,120,182.80,21936.00
3187,3188,2023121001002038,NIMB,58,58,100,182.00,18200.00
3188,3189,2023121003000481,BFC,25,34,10,297.30,2973.00
3189,3190,2023121004001112,PPCL,32,57,13,220.80,2870.40
3190,3191,2023121001002037,UHEWA,58,11,20,284.00,5680.00
3191,3192,2023121004001111,AKPL,26,11,75,171.00,12825.00
3192,3193,2023121004001110,AKPL,57,11,75,171.00,12825.00
3193,3194,2023121004001109,LEC,35,81,430,158.00,67940.00
3194,3195,2023121004001108,LEC,35,65,210,157.50,33075.00
3195,3196,2023121003000480,MFIL,26,7,10,514.00,5140.00
3196,3197,2023121001002036,NABIL,41,1,200,528.80,105760.00
3197,3198,2023121001002035,HATHY,19,32,400,485.00,194000.00
3198,3199,2023121001002034,AHL,58,25,200,365.00,73000.00
3199,3200,2023121001002033,AHL,58,25,100,358.00,35800.00
3200,3201,2023121004001107,BARUN,19,34,10,219.30,2193.00
3201,3202,2023121001002032,SONA,77,50,1000,318.20,318200.00
3202,3203,2023121001002031,MBL,28,47,272,191.70,52142.40
3203,3204,2023121001002030,MBL,28,25,101,191.70,19361.70
3204,3205,2023121001002029,MBL,28,4,40,191.70,7668.00
3205,3206,2023121001002028,MBL,28,65,2587,191.00,494117.00
3206,3207,2023121004001106,NIL,35,42,12,835.00,10020.00
3207,3208,2023121005000195,NIFRA,58,50,400,196.00,78400.00
3208,3209,2023121001002027,CYCL,62,7,10,1060.00,10600.00
3209,3210,2023121004001105,SHL,46,62,600,439.00,263400.00
3210,3211,2023121005000194,CHDC,49,6,10,955.00,9550.00
3211,3212,2023121005000193,CHDC,49,58,10,940.00,9400.00
3212,3213,2023121001002026,CLI,49,32,250,495.00,123750.00
3213,3214,2023121001002025,CLI,49,3,610,495.00,301950.00
3214,3215,2023121001002024,SONA,58,49,230,318.00,73140.00
3215,3216,2023121004001104,API,45,84,50,170.00,8500.00
3216,3217,2023121004001103,API,6,84,400,170.00,68000.00
3217,3218,2023121004001102,API,45,84,50,170.00,8500.00
3218,3219,2023121004001101,API,49,84,12,170.10,2041.20
3219,3220,2023121004001100,API,34,84,100,170.90,17090.00
3220,3221,2023121004001099,API,57,84,1000,171.00,171000.00
3221,3222,2023121004001098,API,34,84,200,171.00,34200.00
3222,3223,2023121004001097,API,57,84,30,171.00,5130.00
3223,3224,2023121004001096,API,57,84,50,171.00,8550.00
3224,3225,2023121004001095,API,34,84,301,171.00,51471.00
3225,3226,2023121004001094,UPPER,56,42,100,208.00,20800.00
3226,3227,2023121003000479,NLIC,17,14,50,700.00,35000.00
3227,3228,2023121004001093,SSHL,38,14,1000,144.90,144900.00
3228,3229,2023121001002023,MEL,29,38,100,186.10,18610.00
3229,3230,2023121001002022,CLI,58,1,10,493.00,4930.00
3230,3231,2023121001002021,MEL,29,19,50,186.10,9305.00
3231,3232,2023121001002020,MHCL,48,58,22,266.30,5858.60
3232,3233,2023121001002019,MHCL,48,29,10,266.30,2663.00
3233,3234,2023121001002018,MHCL,48,35,10,266.00,2660.00
3234,3235,2023121001002017,RNLI,34,48,10,503.00,5030.00
3235,3236,2023121004001092,SHL,57,33,500,439.90,219950.00
3236,3237,2023121004001091,SHL,57,59,200,439.90,87980.00
3237,3238,2023121001002016,SONA,58,41,10,318.00,3180.00
3238,3239,2023121001002015,SHIVM,4,63,70,490.00,34300.00
3239,3240,2023121001002014,SHIVM,39,63,30,491.00,14730.00
3240,3241,2023121004001090,MEN,36,45,1000,490.00,490000.00
3241,3242,2023121004001089,MEN,36,65,1000,490.00,490000.00
3242,3243,2023121001002013,GBIME,58,25,30,205.90,6177.00
3243,3244,2023121004001088,KKHC,57,58,10,189.80,1898.00
3244,3245,2023121004001087,HDHPC,58,25,18,130.00,2340.00
3245,3246,2023121004001086,HDHPC,58,49,10,130.00,1300.00
3246,3247,2023121001002012,DORDI,58,39,100,224.90,22490.00
3247,3248,2023121003000478,GUFL,6,28,10,516.10,5161.00
3248,3249,2023121001002011,SONA,68,50,400,318.20,127280.00
3249,3250,2023121001002010,SONA,68,26,10,318.20,3182.00
3250,3251,2023121001002009,SONA,68,58,10,318.20,3182.00
3251,3252,2023121001002008,SONA,68,52,10,318.20,3182.00
3252,3253,2023121001002007,SONA,68,52,10,318.20,3182.00
3253,3254,2023121001002006,SONA,68,54,10,318.20,3182.00
3254,3255,2023121001002005,SONA,68,51,10,318.20,3182.00
3255,3256,2023121001002004,SONA,68,34,10,318.20,3182.00
3256,3257,2023121001002003,SONA,68,58,10,318.20,3182.00
3257,3258,2023121001002002,SONA,68,26,10,318.20,3182.00
3258,3259,2023121001002001,SONA,68,35,10,318.20,3182.00
3259,3260,2023121001002000,SONA,58,39,10,318.00,3180.00
3260,3261,2023121001001999,MEHL,49,69,80,220.00,17600.00
3261,3262,2023121001001998,MEHL,48,69,490,221.00,108290.00
3262,3263,2023121001001997,BEDC,45,70,10,233.50,2335.00
3263,3264,2023121004001085,CHCL,45,13,80,520.00,41600.00
3264,3265,2023121004001084,PMHPL,1,52,100,215.00,21500.00
3265,3266,2023121004001083,UMHL,48,25,50,194.40,9720.00
3266,3267,2023121004001082,UMHL,48,59,200,194.40,38880.00
3267,3268,2023121004001081,UMHL,48,41,25,190.70,4767.50
3268,3269,2023121005000192,HIDCL,35,45,30,172.00,5160.00
3269,3270,2023121004001080,UAIL,1,29,100,611.00,61100.00
3270,3271,2023121001001996,SONA,58,41,10,318.00,3180.00
3271,3272,2023121001001995,SMHL,47,58,10,357.50,3575.00
3272,3273,2023121005000191,HIDCL,59,45,500,172.00,86000.00
3273,3274,2023121004001079,MEN,36,36,250,490.00,122500.00
3274,3275,2023121004001078,MEN,36,3,10,490.00,4900.00
3275,3276,2023121004001077,MEN,41,3,100,490.00,49000.00
3276,3277,2023121004001076,MEN,41,3,90,490.00,44100.00
3277,3278,2023121001001994,SRLI,62,66,10,499.90,4999.00
3278,3279,2023121001001993,RAWA,58,71,500,389.50,194750.00
3279,3280,2023121001001992,GCIL,77,67,500,439.80,219900.00
3280,3281,2023121001001991,GCIL,77,22,50,438.60,21930.00
3281,3282,2023121003000477,SMFBS,49,49,10,765.00,7650.00
3282,3283,2023121001001990,HATHY,54,49,20,482.00,9640.00
3283,3284,2023121003000476,NUBL,16,34,23,589.00,13547.00
3284,3285,2023121003000475,PROFL,50,56,20,300.00,6000.00
3285,3286,2023121004001075,PRIN,21,25,20,720.00,14400.00
3286,3287,2023121004001074,PRIN,21,22,42,720.00,30240.00
3287,3288,2023121004001073,MEN,41,57,210,490.00,102900.00
3288,3289,2023121004001072,MEN,42,57,290,490.00,142100.00
3289,3290,2023121001001989,SNLI,58,69,55,517.00,28435.00
3290,3291,2023121001001988,SNLI,49,69,343,517.00,177331.00
3291,3292,2023121001001987,NRM,57,7,60,255.00,15300.00
3292,3293,2023121001001986,NICA,34,41,10,529.00,5290.00
3293,3294,2023121003000474,NLIC,47,38,45,695.00,31275.00
3294,3295,2023121001001985,SHIVM,39,40,170,491.00,83470.00
3295,3296,2023121004001071,MEN,65,6,300,491.00,147300.00
3296,3297,2023121004001070,MEN,65,63,300,491.00,147300.00
3297,3298,2023121004001069,MEN,65,59,200,490.90,98180.00
3298,3299,2023121004001068,MEN,65,52,200,490.90,98180.00
3299,3300,2023121001001984,CYCL,62,43,31,1040.00,32240.00
3300,3301,2023121001001983,SONA,58,34,10,318.00,3180.00
3301,3302,2023121001001982,SONA,58,45,100,318.00,31800.00
3302,3303,2023121001001981,SONA,58,38,10,318.00,3180.00
3303,3304,2023121001001980,SONA,58,45,10,318.00,3180.00
3304,3305,2023121001001979,SONA,58,41,10,318.00,3180.00
3305,3306,2023121001001978,SONA,58,37,1000,318.00,318000.00
3306,3307,2023121001001977,SONA,58,21,10,318.00,3180.00
3307,3308,2023121001001976,SONA,58,37,1000,318.00,318000.00
3308,3309,2023121001001975,SONA,58,37,1000,318.00,318000.00
3309,3310,2023121001001974,SONA,58,41,10,318.00,3180.00
3310,3311,2023121001001973,SONA,58,38,10,318.00,3180.00
3311,3312,2023121001001972,SONA,58,28,10,318.00,3180.00
3312,3313,2023121001001971,SONA,58,49,10,318.00,3180.00
3313,3314,2023121001001970,SONA,58,59,1000,318.00,318000.00
3314,3315,2023121001001969,SONA,58,41,10,317.00,3170.00
3315,3316,2023121001001968,SONA,58,64,275,317.00,87175.00
3316,3317,2023121001001967,TVCL,66,16,20,324.20,6484.00
3317,3318,2023121001001966,SBL,34,6,60,239.00,14340.00
3318,3319,2023121001001965,NRM,57,34,10,255.00,2550.00
3319,3320,2023121001001964,NRM,57,48,370,255.00,94350.00
3320,3321,2023121004001067,SHL,29,59,100,439.90,43990.00
3321,3322,2023121001001963,HDL,58,50,45,1670.00,75150.00
3322,3323,2023121001001962,HDL,26,50,80,1670.00,133600.00
3323,3324,2023121003000473,SWBBL,49,38,40,680.00,27200.00
3324,3325,2023121003000472,SWBBL,45,38,65,680.00,44200.00
3325,3326,2023121001001961,SONA,51,64,725,317.20,229970.00
3326,3327,2023121001001960,GCIL,56,22,10,438.00,4380.00
3327,3328,2023121001001959,SBL,34,6,20,239.00,4780.00
3328,3329,2023121005000190,NIFRA,58,50,150,196.00,29400.00
3329,3330,2023121001001958,SONA,51,58,10,317.20,3172.00
3330,3331,2023121004001066,NHPC,49,47,100,146.00,14600.00
3331,3332,2023121004001065,NHPC,49,40,1622,146.00,236812.00
3332,3333,2023121004001064,UAIL,1,16,200,611.00,122200.00
3333,3334,2023121003000471,MLBL,26,32,990,316.00,312840.00
3334,3335,2023121003000470,MLBL,26,36,10,316.00,3160.00
3335,3336,2023121001001957,NABIL,56,1,148,528.80,78262.40
3336,3337,2023121004001063,API,34,35,12,171.00,2052.00
3337,3338,2023121004001062,GHL,42,42,300,128.80,38640.00
3338,3339,2023121004001061,GHL,42,49,50,128.80,6440.00
3339,3340,2023121004001060,GHL,42,13,100,128.80,12880.00
3340,3341,2023121001001956,MSHL,38,71,480,369.00,177120.00
3341,3342,2023121001001955,MSHL,38,22,10,365.00,3650.00
3342,3343,2023121001001954,MSHL,38,14,10,365.00,3650.00
3343,3344,2023121003000469,BFC,25,14,10,297.30,2973.00
3344,3345,2023121001001953,KBL,17,25,200,155.00,31000.00
3345,3346,2023121001001952,KBL,45,25,15,156.00,2340.00
3346,3347,2023121001001951,KBL,4,25,850,156.00,132600.00
3347,3348,2023121004001059,AKPL,19,62,600,172.00,103200.00
3348,3349,2023121003000468,SKBBL,1,25,170,934.00,158780.00
3349,3350,2023121004001058,NICL,58,59,6000,865.00,5190000.00
3350,3351,2023121004001057,NICL,58,29,10,865.00,8650.00
3351,3352,2023121004001056,NICL,58,59,4540,865.00,3927100.00
3352,3353,2023121004001055,NICL,58,57,150,864.00,129600.00
3353,3354,2023121004001054,NICL,58,57,100,864.00,86400.00
3354,3355,2023121004001053,NICL,58,65,500,864.00,432000.00
3355,3356,2023121004001052,NICL,58,39,50,864.00,43200.00
3356,3357,2023121004001051,NICL,58,34,200,863.90,172780.00
3357,3358,2023121004001050,NICL,58,39,50,862.00,43100.00
3358,3359,2023121004001049,NICL,58,5,100,861.00,86100.00
3359,3360,2023121001001950,SONA,51,70,530,317.20,168116.00
3360,3361,2023121001001949,MKHC,58,17,10,213.20,2132.00
3361,3362,2023121001001948,PRVU,1,6,155,167.40,25947.00
3362,3363,2023121001001947,MEL,42,6,10,186.00,1860.00
3363,3364,2023121001001946,CZBIL,56,58,581,170.00,98770.00
3364,3365,2023121001001945,CZBIL,56,39,327,169.90,55557.30
3365,3366,2023121001001944,CZBIL,56,13,82,169.00,13858.00
3366,3367,2023121001001943,CZBIL,56,1,10,168.90,1689.00
3367,3368,2023121001001942,SONA,66,70,970,317.20,307684.00
3368,3369,2023121001001941,SONA,66,36,10,317.20,3172.00
3369,3370,2023121001001940,SONA,66,26,10,317.20,3172.00
3370,3371,2023121001001939,SONA,66,17,10,317.20,3172.00
3371,3372,2023121001001938,SHIVM,70,74,258,492.00,126936.00
3372,3373,2023121001001937,SHIVM,70,6,242,490.00,118580.00
3373,3374,2023121004001048,PRIN,34,53,90,711.90,64071.00
3374,3375,2023121004001047,PRIN,55,53,200,712.00,142400.00
3375,3376,2023121001001936,RNLI,34,41,10,503.00,5030.00
3376,3377,2023121005000189,NIFRA,42,50,381,196.00,74676.00
3377,3378,2023121001001935,TVCL,66,50,20,324.20,6484.00
3378,3379,2023121004001046,BARUN,19,10,10,219.30,2193.00
3379,3380,2023121001001934,ILI,34,59,10,547.00,5470.00
3380,3381,2023121001001933,TVCL,66,45,20,324.20,6484.00
3381,3382,2023121001001932,ILI,1,67,500,548.00,274000.00
3382,3383,2023121004001045,API,34,50,456,171.00,77976.00
3383,3384,2023121004001044,API,34,38,900,171.00,153900.00
3384,3385,2023121004001043,API,34,25,131,171.00,22401.00
3385,3386,2023121004001042,API,34,49,200,170.90,34180.00
3386,3387,2023121001001931,SHIVM,32,6,200,490.00,98000.00
3387,3388,2023121001001930,SPL,55,58,10,734.00,7340.00
3388,3389,2023121003000467,ICFC,42,80,90,468.10,42129.00
3389,3390,2023121001001929,SNLI,49,39,10,517.00,5170.00
3390,3391,2023121004001041,AKPL,29,62,100,172.00,17200.00
3391,3392,2023121001001928,SIKLES,35,39,10,403.00,4030.00
3392,3393,2023121001001927,NYADI,66,52,10,209.00,2090.00
3393,3394,2023121001001926,SBL,50,6,980,239.00,234220.00
3394,3395,2023121001001925,SBL,50,19,20,238.90,4778.00
3395,3396,2023121001001924,NICA,38,34,250,530.00,132500.00
3396,3397,2023121004001040,AKJCL,21,19,140,159.00,22260.00
3397,3398,2023121003000466,GLBSL,52,45,10,612.80,6128.00
3398,3399,2023121001001923,SHIVM,48,6,50,490.00,24500.00
3399,3400,2023121003000465,RLFL,62,53,20,339.10,6782.00
3400,3401,2023121003000464,RLFL,62,58,10,339.10,3391.00
3401,3402,2023121003000463,RLFL,62,17,10,339.10,3391.00
3402,3403,2023121003000462,RLFL,62,25,100,339.00,33900.00
3403,3404,2023121004001039,RIDI,32,45,94,198.40,18649.60
3404,3405,2023121004001038,RIDI,32,38,50,198.40,9920.00
3405,3406,2023121004001037,RIDI,32,21,76,198.40,15078.40
3406,3407,2023121004001036,RIDI,32,41,190,198.30,37677.00
3407,3408,2023121004001035,RIDI,32,38,90,198.30,17847.00
3408,3409,2023121001001922,SAHAS,51,44,217,472.00,102424.00
3409,3410,2023121001001921,SAHAS,51,28,23,471.00,10833.00
3410,3411,2023121001001920,SAHAS,51,45,10,468.60,4686.00
3411,3412,2023121001001919,TVCL,66,58,20,324.20,6484.00
3412,3413,2023121004001034,NHDL,49,8,40,356.00,14240.00
3413,3414,2023121001001918,PPL,55,52,10,228.30,2283.00
3414,3415,2023121003000461,ICFC,71,46,468,468.00,219024.00
3415,3416,2023121003000460,ICFC,71,45,10,468.00,4680.00
3416,3417,2023121003000459,ICFC,71,16,40,468.00,18720.00
3417,3418,2023121003000458,ICFC,71,36,10,468.00,4680.00
3418,3419,2023121004001033,SHPC,49,44,770,327.00,251790.00
3419,3420,2023121004001032,NHPC,6,40,35,146.00,5110.00
3420,3421,2023121003000457,HLI,26,52,520,439.60,228592.00
3421,3422,2023121003000456,HLI,26,39,10,437.90,4379.00
3422,3423,2023121003000455,HLI,26,4,470,437.50,205625.00
3423,3424,2023121001001917,NICA,42,34,50,530.00,26500.00
3424,3425,2023121001001916,ILI,34,29,10,547.00,5470.00
3425,3426,2023121004001031,LEC,26,65,790,157.50,124425.00
3426,3427,2023121004001030,HEI,34,59,1000,571.00,571000.00
3427,3428,2023121004001029,HEI,34,36,2000,571.00,1142000.00
3428,3429,2023121004001028,HEI,34,74,900,571.00,513900.00
3429,3430,2023121004001027,HEI,34,59,50,571.00,28550.00
3430,3431,2023121004001026,HEI,34,63,200,571.00,114200.00
3431,3432,2023121004001025,HEI,34,77,1000,569.00,569000.00
3432,3433,2023121004001024,HEI,34,16,490,568.00,278320.00
3433,3434,2023121001001915,MEL,43,28,70,188.10,13167.00
3434,3435,2023121001001914,MEL,43,14,130,188.00,24440.00
3435,3436,2023121004001023,CHCL,51,13,20,520.00,10400.00
3436,3437,2023121001001913,MEL,42,49,10,186.00,1860.00
3437,3438,2023121001001912,SHIVM,34,6,100,490.00,49000.00
3438,3439,2023121001001911,SHIVM,57,6,50,490.00,24500.00
3439,3440,2023121001001910,SHIVM,14,6,30,490.00,14700.00
3440,3441,2023121001001909,SHIVM,44,6,228,490.00,111720.00
3441,3442,2023121001001908,SHIVM,19,6,500,491.00,245500.00
3442,3443,2023121001001907,SHIVM,35,6,600,491.00,294600.00
3443,3444,2023121004001022,MHNL,39,45,10,197.20,1972.00
3444,3445,2023121003000454,ALICL,66,19,50,670.00,33500.00
3445,3446,2023121001001906,SONA,3,65,381,316.00,120396.00
3446,3447,2023121001001905,SONA,73,65,619,316.00,195604.00
3447,3448,2023121001001904,RNLI,34,46,80,503.00,40240.00
3448,3449,2023121001001903,RNLI,67,46,500,503.00,251500.00
3449,3450,2023121001001902,TVCL,66,55,20,324.20,6484.00
3450,3451,2023121005000188,CIT,55,50,50,2036.00,101800.00
3451,3452,2023121001001901,CLI,58,58,10,493.00,4930.00
3452,3453,2023121003000453,ALBSL,39,58,30,601.00,18030.00
3453,3454,2023121003000452,ALICL,35,52,284,669.00,189996.00
3454,3455,2023121003000451,ALICL,35,33,20,669.00,13380.00
3455,3456,2023121001001900,NIMB,4,56,380,182.80,69464.00
3456,3457,2023121001001899,NIMB,4,14,120,182.70,21924.00
3457,3458,2023121003000450,SKBBL,4,25,10,934.00,9340.00
3458,3459,2023121005000187,NRIC,41,14,200,645.00,129000.00
3459,3460,2023121001001898,TVCL,66,17,20,324.20,6484.00
3460,3461,2023121001001897,ILI,17,67,200,548.00,109600.00
3461,3462,2023121001001896,SPHL,65,35,10,410.40,4104.00
3462,3463,2023121001001895,NRM,19,48,130,255.00,33150.00
3463,3464,2023121001001894,NRM,19,6,10,254.90,2549.00
3464,3465,2023121001001893,MANDU,3,67,970,528.00,512160.00
3465,3466,2023121001001892,MANDU,3,57,30,526.00,15780.00
3466,3467,2023121003000449,SFCL,48,25,190,289.80,55062.00
3467,3468,2023121001001891,SONA,73,58,448,316.00,141568.00
3468,3469,2023121001001890,SONA,35,58,570,317.00,180690.00
3469,3470,2023121004001021,NHDL,49,43,10,356.00,3560.00
3470,3471,2023121004001020,LEC,14,81,270,158.00,42660.00
3471,3472,2023121004001019,LEC,14,41,10,158.00,1580.00
3472,3473,2023121004001018,LEC,14,22,200,157.90,31580.00
3473,3474,2023121004001017,LEC,14,22,20,157.90,3158.00
3474,3475,2023121001001889,BGWT,45,59,440,442.60,194744.00
3475,3476,2023121001001888,BGWT,25,59,60,449.00,26940.00
3476,3477,2023121004001016,UAIL,1,53,200,611.00,122200.00
3477,3478,2023121001001887,ANLB,36,18,30,1655.40,49662.00
3478,3479,2023121001001886,SRLI,42,45,100,492.00,49200.00
3479,3480,2023121001001885,SONA,35,58,10,317.00,3170.00
3480,3481,2023121004001015,API,48,84,1000,170.00,170000.00
3481,3482,2023121004001014,API,50,84,2000,170.20,340400.00
3482,3483,2023121001001884,CLI,58,35,10,493.00,4930.00
3483,3484,2023121001001883,KBL,4,58,150,156.00,23400.00
3484,3485,2023121004001013,HURJA,47,19,10,232.20,2322.00
3485,3486,2023121001001882,HATHY,10,32,325,485.00,157625.00
3486,3487,2023121001001881,HATHY,10,63,175,485.00,84875.00
3487,3488,2023121001001880,SHIVM,45,50,500,491.00,245500.00
3488,3489,2023121001001879,MEL,45,14,70,188.00,13160.00
3489,3490,2023121001001878,MEL,45,55,10,187.00,1870.00
3490,3491,2023121001001877,MEL,45,34,10,187.00,1870.00
3491,3492,2023121001001876,MEL,45,16,100,187.00,18700.00
3492,3493,2023121001001875,MEL,45,16,60,187.00,11220.00
3493,3494,2023121001001874,MEL,45,58,50,186.10,9305.00
3494,3495,2023121003000448,PROFL,50,51,70,300.00,21000.00
3495,3496,2023121001001873,SNLI,49,52,10,517.00,5170.00
3496,3497,2023121001001872,SHIVM,44,26,500,490.00,245000.00
3497,3498,2023121001001871,PRVU,1,11,100,167.40,16740.00
3498,3499,2023121004001012,SHPC,11,44,50,327.00,16350.00
3499,3500,2023121003000447,MFIL,21,7,21,514.00,10794.00
3500,3501,2023121001001870,PRVU,26,13,1236,170.70,210985.20
3501,3502,2023121001001869,PRVU,26,49,167,170.00,28390.00
3502,3503,2023121001001868,PRVU,26,4,97,168.00,16296.00
3503,3504,2023121001001867,HEIP,42,45,20,422.60,8452.00
3504,3505,2023121001001866,SNLI,49,35,10,517.00,5170.00
3505,3506,2023121005000186,HIDCL,4,45,30,172.00,5160.00
3506,3507,2023121005000185,NRN,53,84,1000,320.00,320000.00
3507,3508,2023121001001865,BGWT,25,49,10,449.00,4490.00
3508,3509,2023121001001864,BGWT,25,58,10,449.00,4490.00
3509,3510,2023121001001863,MEHL,48,19,10,221.00,2210.00
3510,3511,2023121003000446,NLICL,62,33,20,612.00,12240.00
3511,3512,2023121003000445,NLICL,62,52,65,612.00,39780.00
3512,3513,2023121004001011,SHL,46,1,200,439.00,87800.00
3513,3514,2023121001001862,SONA,35,49,10,317.00,3170.00
3514,3515,2023121001001861,SONA,35,49,10,317.00,3170.00
3515,3516,2023121001001860,TVCL,66,16,20,324.20,6484.00
3516,3517,2023121001001859,TVCL,19,16,10,324.20,3242.00
3517,3518,2023121001001858,CLI,21,3,400,495.00,198000.00
3518,3519,2023121001001857,CLI,21,21,10,495.00,4950.00
3519,3520,2023121001001856,CLI,21,58,10,495.00,4950.00
3520,3521,2023121001001855,CLI,21,57,10,495.00,4950.00
3521,3522,2023121001001854,CLI,21,35,10,495.00,4950.00
3522,3523,2023121001001853,CLI,21,8,205,495.00,101475.00
3523,3524,2023121001001852,CLI,21,1,10,495.00,4950.00
3524,3525,2023121001001851,CLI,21,49,10,495.00,4950.00
3525,3526,2023121001001850,CLI,21,48,50,495.00,24750.00
3526,3527,2023121001001849,CLI,21,58,10,493.80,4938.00
3527,3528,2023121001001848,CLI,21,49,10,493.80,4938.00
3528,3529,2023121001001847,CLI,21,42,35,493.60,17276.00
3529,3530,2023121001001846,CLI,21,45,10,493.00,4930.00
3530,3531,2023121001001845,CLI,21,57,10,493.00,4930.00
3531,3532,2023121001001844,CLI,21,7,200,493.00,98600.00
3532,3533,2023121001001843,CLI,21,38,10,492.90,4929.00
3533,3534,2023121004001010,MEN,42,11,60,490.00,29400.00
3534,3535,2023121005000184,NIFRA,42,21,19,196.00,3724.00
3535,3536,2023121005000183,NRN,50,84,200,320.00,64000.00
3536,3537,2023121004001009,AKJCL,14,45,10,160.00,1600.00
3537,3538,2023121001001842,MAKAR,34,52,10,252.40,2524.00
3538,3539,2023121001001841,MAKAR,34,42,40,252.40,10096.00
3539,3540,2023121004001008,HEI,62,16,10,568.00,5680.00
3540,3541,2023121004001007,PPCL,32,14,12,220.00,2640.00
3541,3542,2023121001001840,RFPL,68,18,300,227.10,68130.00
3542,3543,2023121004001006,PRIN,34,55,10,711.90,7119.00
3543,3544,2023121004001005,AKPL,57,51,25,171.00,4275.00
3544,3545,2023121004001004,LEC,52,22,50,157.90,7895.00
3545,3546,2023121004001003,MEN,16,11,40,490.00,19600.00
3546,3547,2023121004001002,MEN,16,65,460,490.00,225400.00
3547,3548,2023121001001839,GCIL,56,58,10,438.00,4380.00
3548,3549,2023121001001838,GCIL,56,39,100,438.00,43800.00
3549,3550,2023121001001837,GCIL,56,62,597,438.00,261486.00
3550,3551,2023121004001001,HDHPC,57,6,10,129.00,1290.00
3551,3552,2023121004001000,HDHPC,57,25,535,129.00,69015.00
3552,3553,2023121001001836,SONA,35,39,10,317.00,3170.00
3553,3554,2023121001001835,SONA,35,21,10,317.00,3170.00
3554,3555,2023121001001834,SONA,35,45,110,317.00,34870.00
3555,3556,2023121001001833,SONA,35,36,10,317.00,3170.00
3556,3557,2023121001001832,SONA,35,54,760,317.00,240920.00
3557,3558,2023121004000999,SJCL,4,4,40,250.20,10008.00
3558,3559,2023121001001831,MEL,42,41,340,186.00,63240.00
3559,3560,2023121001001830,MEL,29,41,150,186.00,27900.00
3560,3561,2023121001001829,MEL,48,41,10,186.00,1860.00
3561,3562,2023121005000182,ENL,64,20,25,837.50,20937.50
3562,3563,2023121001001828,MEHL,35,59,10,220.10,2201.00
3563,3564,2023121001001827,SONA,73,49,10,316.00,3160.00
3564,3565,2023121004000998,NHPC,52,40,50,146.00,7300.00
3565,3566,2023121004000997,MEN,13,65,540,490.00,264600.00
3566,3567,2023121004000996,MEN,13,16,460,490.00,225400.00
3567,3568,2023121004000995,HDHPC,38,25,50,129.00,6450.00
3568,3569,2023121001001826,GVL,25,58,10,365.10,3651.00
3569,3570,2023121001001825,NABIL,26,1,59,528.80,31199.20
3570,3571,2023121004000994,HEI,59,5,70,560.00,39200.00
3571,3572,2023121004000993,HEI,34,5,108,560.00,60480.00
3572,3573,2023121004000992,NICL,11,5,20,859.00,17180.00
3573,3574,2023121004000991,NICL,29,5,80,860.00,68800.00
3574,3575,2023121004000990,CHL,34,57,10,219.50,2195.00
3575,3576,2023121001001824,CYCL,62,43,10,1040.00,10400.00
3576,3577,2023121005000181,NTC,33,58,50,885.00,44250.00
3577,3578,2023121004000989,SHL,45,1,100,439.00,43900.00
3578,3579,2023121001001823,MBL,55,65,100,191.00,19100.00
3579,3580,2023121001001822,MANDU,49,67,80,528.00,42240.00
3580,3581,2023121001001821,MANDU,49,14,200,527.90,105580.00
3581,3582,2023121001001820,MANDU,49,19,200,527.00,105400.00
3582,3583,2023121001001819,MANDU,49,49,10,526.00,5260.00
3583,3584,2023121001001818,MANDU,49,42,10,525.00,5250.00
3584,3585,2023121001001817,SBI,58,4,35,305.00,10675.00
3585,3586,2023121004000988,SHPC,58,44,100,327.00,32700.00
3586,3587,2023121003000444,SKBBL,11,25,210,934.00,196140.00
3587,3588,2023121003000443,SKBBL,11,35,90,930.00,83700.00
3588,3589,2023121004000987,SGIC,57,11,59,510.10,30095.90
3589,3590,2023121004000986,SGIC,45,11,100,512.00,51200.00
3590,3591,2023121004000985,SGIC,62,11,91,512.00,46592.00
3591,3592,2023121004000984,AKPL,42,62,530,172.00,91160.00
3592,3593,2023121004000983,UPCL,7,65,1000,189.00,189000.00
3593,3594,2023121001001816,SNLI,17,69,497,520.00,258440.00
3594,3595,2023121001001815,SNLI,17,16,503,520.00,261560.00
3595,3596,2023121001001814,SONA,53,54,240,317.00,76080.00
3596,3597,2023121001001813,SONA,53,41,10,317.00,3170.00
3597,3598,2023121001001812,SONA,53,59,200,317.00,63400.00
3598,3599,2023121001001811,SONA,53,52,10,316.20,3162.00
3599,3600,2023121001001810,SONA,53,26,10,316.20,3162.00
3600,3601,2023121001001809,SONA,53,26,10,316.20,3162.00
3601,3602,2023121001001808,SONA,53,26,10,316.20,3162.00
3602,3603,2023121001001807,SONA,53,49,10,316.20,3162.00
3603,3604,2023121003000442,NLICL,49,50,20,604.00,12080.00
3604,3605,2023121003000441,HLBSL,50,1,100,556.00,55600.00
3605,3606,2023121004000982,SHL,38,72,100,439.00,43900.00
3606,3607,2023121001001806,SONA,73,41,10,316.00,3160.00
3607,3608,2023121001001805,SONA,73,1,10,316.00,3160.00
3608,3609,2023121001001804,HHL,1,6,10,228.00,2280.00
3609,3610,2023121001001803,SONA,73,1,10,316.00,3160.00
3610,3611,2023121004000981,CHCL,59,35,30,511.00,15330.00
3611,3612,2023121004000980,CHCL,59,32,50,511.00,25550.00
3612,3613,2023121004000979,SGIC,45,65,100,513.00,51300.00
3613,3614,2023121001001802,USHL,28,28,20,354.00,7080.00
3614,3615,2023121001001801,GBIME,58,45,610,206.00,125660.00
3615,3616,2023121001001800,GBIME,58,21,200,205.90,41180.00
3616,3617,2023121001001799,GBIME,58,19,190,205.90,39121.00
3617,3618,2023121004000978,SPDL,16,42,180,185.90,33462.00
3618,3619,2023121004000977,SPDL,16,34,150,185.50,27825.00
3619,3620,2023121004000976,SPDL,16,51,150,185.50,27825.00
3620,3621,2023121004000975,UAIL,50,13,90,605.10,54459.00
3621,3622,2023121004000974,UAIL,42,13,10,610.00,6100.00
3622,3623,2023121005000180,NIFRA,7,21,35,196.00,6860.00
3623,3624,2023121001001798,MBL,21,65,1000,191.00,191000.00
3624,3625,2023121001001797,HDL,26,34,20,1670.00,33400.00
3625,3626,2023121003000440,CFCL,57,58,10,327.50,3275.00
3626,3627,2023121001001796,RNLI,39,69,190,500.00,95000.00
3627,3628,2023121001001795,RNLI,62,69,20,500.00,10000.00
3628,3629,2023121001001794,RNLI,87,69,500,500.00,250000.00
3629,3630,2023121001001793,RNLI,58,69,290,500.00,145000.00
3630,3631,2023121001001792,MEHL,42,35,10,221.00,2210.00
3631,3632,2023121001001791,GBIME,42,19,310,205.90,63829.00
3632,3633,2023121001001790,GBIME,42,45,10,205.80,2058.00
3633,3634,2023121003000439,CBBL,14,44,20,925.00,18500.00
3634,3635,2023121003000438,NLICL,22,4,20,605.00,12100.00
3635,3636,2023121004000973,MEN,36,16,500,490.00,245000.00
3636,3637,2023121004000972,AKPL,43,62,465,172.00,79980.00
3637,3638,2023121004000971,AKPL,43,63,35,171.00,5985.00
3638,3639,2023121004000970,AHPC,44,62,1000,221.20,221200.00
3639,3640,2023121004000969,AHPC,44,63,500,221.00,110500.00
3640,3641,2023121004000968,AHPC,44,34,100,221.00,22100.00
3641,3642,2023121004000967,AHPC,44,54,1000,221.00,221000.00
3642,3643,2023121004000966,AHPC,44,50,850,220.00,187000.00
3643,3644,2023121001001789,MHL,58,28,100,352.80,35280.00
3644,3645,2023121001001788,MCHL,22,52,10,247.00,2470.00
3645,3646,2023121001001787,SNLI,58,16,92,520.00,47840.00
3646,3647,2023121004000965,CHCL,58,32,50,511.00,25550.00
3647,3648,2023121001001786,SMHL,47,58,10,357.50,3575.00
3648,3649,2023121004000964,RURU,26,29,12,701.00,8412.00
3649,3650,2023121001001785,HATHY,54,17,120,482.00,57840.00
3650,3651,2023121001001784,PCBL,42,44,370,197.20,72964.00
3651,3652,2023121001001783,PCBL,42,43,30,197.20,5916.00
3652,3653,2023121001001782,ILI,34,42,10,547.00,5470.00
3653,3654,2023121001001781,SNLI,54,17,110,519.00,57090.00
3654,3655,2023121001001780,SNLI,54,4,10,517.80,5178.00
3655,3656,2023121004000963,RIDI,14,22,180,198.00,35640.00
3656,3657,2023121003000437,FOWAD,34,7,20,1094.00,21880.00
3657,3658,2023121001001779,MAKAR,34,42,200,252.40,50480.00
3658,3659,2023121001001778,PPL,55,54,10,228.00,2280.00
3659,3660,2023121005000179,NTC,58,58,30,885.00,26550.00
3660,3661,2023121003000436,SKBBL,56,35,10,930.00,9300.00
3661,3662,2023121003000435,FMDBL,42,65,150,610.00,91500.00
3662,3663,2023121004000962,UPCL,14,19,200,188.00,37600.00
3663,3664,2023121005000178,CIT,22,50,25,2036.00,50900.00
3664,3665,2023121003000434,HLI,34,4,30,437.50,13125.00
3665,3666,2023121001001777,MEHL,35,45,10,220.10,2201.00
3666,3667,2023121001001776,HATHY,58,13,290,480.00,139200.00
3667,3668,2023121001001775,GCIL,56,62,300,438.00,131400.00
3668,3669,2023121005000177,NRIC,32,35,10,635.00,6350.00
3669,3670,2023121001001774,IHL,17,13,10,242.30,2423.00
3670,3671,2023121001001773,NBL,22,43,50,246.00,12300.00
3671,3672,2023121001001772,NBL,22,6,30,245.90,7377.00
3672,3673,2023121001001771,ILI,40,67,210,548.00,115080.00
3673,3674,2023121001001770,ILI,40,16,250,547.00,136750.00
3674,3675,2023121001001769,ILI,40,48,440,547.00,240680.00
3675,3676,2023121004000961,NHPC,33,45,214,145.00,31030.00
3676,3677,2023121004000960,NHPC,44,45,86,145.00,12470.00
3677,3678,2023121001001768,BEDC,49,16,40,229.00,9160.00
3678,3679,2023121001001767,SONA,73,58,10,316.00,3160.00
3679,3680,2023121001001766,SONA,73,42,10,316.00,3160.00
3680,3681,2023121001001765,SONA,73,42,20,316.00,6320.00
3681,3682,2023121001001764,SONA,73,34,1000,316.00,316000.00
3682,3683,2023121001001763,SONA,73,38,10,316.00,3160.00
3683,3684,2023121001001762,SONA,73,37,10,316.00,3160.00
3684,3685,2023121001001761,SONA,73,58,10,316.00,3160.00
3685,3686,2023121001001760,SONA,73,53,1000,316.00,316000.00
3686,3687,2023121001001759,SONA,73,37,1000,316.00,316000.00
3687,3688,2023121001001758,SONA,73,36,10,316.00,3160.00
3688,3689,2023121001001757,SONA,73,6,10,316.00,3160.00
3689,3690,2023121001001756,SONA,73,45,10,316.00,3160.00
3690,3691,2023121001001755,SONA,73,42,10,316.00,3160.00
3691,3692,2023121001001754,SONA,73,42,50,316.00,15800.00
3692,3693,2023121001001753,SONA,73,57,10,315.00,3150.00
3693,3694,2023121001001752,SONA,73,42,10,315.00,3150.00
3694,3695,2023121001001751,SONA,73,6,713,315.00,224595.00
3695,3696,2023121004000959,MEN,58,16,30,490.00,14700.00
3696,3697,2023121005000176,CIT,57,50,50,2036.00,101800.00
3697,3698,2023121004000958,SGIC,62,7,70,512.00,35840.00
3698,3699,2023121001001750,MCHL,65,14,100,251.90,25190.00
3699,3700,2023121001001749,MCHL,65,16,100,251.90,25190.00
3700,3701,2023121001001748,MHL,38,64,180,355.00,63900.00
3701,3702,2023121004000957,UPCL,14,63,502,188.00,94376.00
3702,3703,2023121001001747,CLI,34,48,10,492.00,4920.00
3703,3704,2023121004000956,MEN,45,16,10,490.00,4900.00
3704,3705,2023121001001746,EHPL,51,32,10,342.00,3420.00
3705,3706,2023121005000175,HIDCL,28,11,1000,171.00,171000.00
3706,3707,2023121004000955,SHL,49,72,295,439.00,129505.00
3707,3708,2023121004000954,LEC,26,57,210,157.50,33075.00
3708,3709,2023121001001745,KBL,26,58,100,156.00,15600.00
3709,3710,2023121001001744,SONA,66,6,287,315.00,90405.00
3710,3711,2023121001001743,SONA,66,26,10,315.00,3150.00
3711,3712,2023121001001742,SONA,66,69,703,315.00,221445.00
3712,3713,2023121004000953,UPCL,68,63,18,188.00,3384.00
3713,3714,2023121004000952,LEC,37,57,290,157.50,45675.00
3714,3715,2023121001001741,MBJC,34,58,10,275.00,2750.00
3715,3716,2023121004000951,NHPC,44,52,914,145.00,132530.00
3716,3717,2023121001001740,SHIVM,49,49,20,491.00,9820.00
3717,3718,2023121001001739,HATHY,33,13,210,480.00,100800.00
3718,3719,2023121005000174,NRN,13,84,500,320.00,160000.00
3719,3720,2023121003000433,GMFIL,47,13,10,343.10,3431.00
3720,3721,2023121001001738,TVCL,19,16,30,324.20,9726.00
3721,3722,2023121004000950,AHPC,56,50,150,220.00,33000.00
3722,3723,2023121004000949,AHPC,56,26,50,219.90,10995.00
3723,3724,2023121003000432,ALICL,66,33,50,669.00,33450.00
3724,3725,2023121001001737,SONA,59,39,10,314.00,3140.00
3725,3726,2023121001001736,SONA,59,42,10,314.00,3140.00
3726,3727,2023121003000431,SWBBL,62,40,10,690.00,6900.00
3727,3728,2023121001001735,GCIL,77,62,520,438.00,227760.00
3728,3729,2023121004000948,SSHL,39,32,300,142.20,42660.00
3729,3730,2023121004000947,SSHL,58,32,200,143.00,28600.00
3730,3731,2023121004000946,RADHI,45,45,30,219.00,6570.00
3731,3732,2023121004000945,RADHI,45,41,19,215.00,4085.00
3732,3733,2023121004000944,UPCL,68,65,1968,188.00,369984.00
3733,3734,2023121001001734,SCB,49,37,100,525.00,52500.00
3734,3735,2023121001001733,SONA,49,69,297,315.00,93555.00
3735,3736,2023121003000430,SMFBS,39,17,200,761.00,152200.00
3736,3737,2023121001001732,SNLI,7,16,90,520.00,46800.00
3737,3738,2023121001001731,NIMB,4,14,80,182.70,14616.00
3738,3739,2023121001001730,NIMB,4,26,100,182.70,18270.00
3739,3740,2023121001001729,NIMB,4,4,200,182.00,36400.00
3740,3741,2023121001001728,NIMB,4,4,120,182.00,21840.00
3741,3742,2023121004000943,SICL,42,34,10,773.90,7739.00
3742,3743,2023121003000429,PROFL,50,5,100,300.00,30000.00
3743,3744,2023121003000428,PROFL,50,32,200,299.90,59980.00
3744,3745,2023121003000427,PROFL,50,35,110,299.00,32890.00
3745,3746,2023121004000942,UPCL,50,38,120,187.00,22440.00
3746,3747,2023121004000941,UPCL,34,38,680,187.00,127160.00
3747,3748,2023121004000940,UPCL,45,38,200,187.10,37420.00
3748,3749,2023121004000939,NLG,34,38,100,812.00,81200.00
3749,3750,2023121005000173,CHDC,39,22,10,936.30,9363.00
3750,3751,2023121004000938,AHPC,19,26,150,219.90,32985.00
3751,3752,2023121001001727,ANLB,36,18,20,1623.00,32460.00
3752,3753,2023121001001726,SONA,49,36,10,315.00,3150.00
3753,3754,2023121001001725,RNLI,58,34,10,500.00,5000.00
3754,3755,2023121001001724,RNLI,67,46,420,503.00,211260.00
3755,3756,2023121001001723,RNLI,67,41,10,503.00,5030.00
3756,3757,2023121001001722,RNLI,67,53,30,503.00,15090.00
3757,3758,2023121001001721,RNLI,67,58,10,501.00,5010.00
3758,3759,2023121001001720,RNLI,67,33,30,501.00,15030.00
3759,3760,2023121001001719,MBL,52,65,23,191.00,4393.00
3760,3761,2023121001001718,MAKAR,13,42,50,252.40,12620.00
3761,3762,2023121001001717,SNLI,4,67,500,519.00,259500.00
3762,3763,2023121004000937,TRH,85,45,56,801.30,44872.80
3763,3764,2023121004000936,TRH,85,55,100,801.30,80130.00
3764,3765,2023121004000935,NHPC,38,52,1000,145.00,145000.00
3765,3766,2023121004000934,NICL,29,5,20,860.00,17200.00
3766,3767,2023121001001716,NRM,41,6,990,254.90,252351.00
3767,3768,2023121001001715,NRM,41,56,10,254.00,2540.00
3768,3769,2023121001001714,MKJC,71,34,10,346.90,3469.00
3769,3770,2023121004000933,HDHPC,43,25,200,129.00,25800.00
3770,3771,2023121003000426,NLICL,45,4,480,605.00,290400.00
3771,3772,2023121003000425,NLICL,45,48,20,604.60,12092.00
3772,3773,2023121001001713,SONA,49,52,10,315.00,3150.00
3773,3774,2023121001001712,MANDU,58,52,10,520.00,5200.00
3774,3775,2023121004000932,IGI,13,50,30,522.00,15660.00
3775,3776,2023121004000931,SICL,36,17,500,760.00,380000.00
3776,3777,2023121003000424,FOWAD,25,7,20,1094.00,21880.00
3777,3778,2023121003000423,SKBBL,43,25,10,934.30,9343.00
3778,3779,2023121001001711,EBL,34,68,10,503.90,5039.00
3779,3780,2023121003000422,JSLBB,33,14,11,834.00,9174.00
3780,3781,2023121001001710,RNLI,58,18,100,500.00,50000.00
3781,3782,2023121003000421,HLI,46,52,108,437.00,47196.00
3782,3783,2023121001001709,CITY,21,32,90,584.90,52641.00
3783,3784,2023121001001708,SONA,49,16,10,315.00,3150.00
3784,3785,2023121004000930,SGIC,62,39,839,512.00,429568.00
3785,3786,2023121004000929,SHL,57,51,100,438.80,43880.00
3786,3787,2023121003000420,MPFL,57,25,100,299.00,29900.00
3787,3788,2023121003000419,MNBBL,35,67,20,392.50,7850.00
3788,3789,2023121001001707,MEL,48,35,10,186.00,1860.00
3789,3790,2023121005000172,NTC,42,58,10,885.00,8850.00
3790,3791,2023121003000418,NFS,42,37,10,309.50,3095.00
3791,3792,2023121001001706,RFPL,4,50,10,229.90,2299.00
3792,3793,2023121001001705,HEIP,42,17,10,414.40,4144.00
3793,3794,2023121001001704,HEIP,42,45,20,414.40,8288.00
3794,3795,2023121001001703,ANLB,41,50,15,1622.00,24330.00
3795,3796,2023121001001702,SONA,49,34,10,315.00,3150.00
3796,3797,2023121003000417,SHINE,50,33,820,367.00,300940.00
3797,3798,2023121003000416,SHINE,45,33,19,371.00,7049.00
3798,3799,2023121001001701,NBL,51,6,10,245.90,2459.00
3799,3800,2023121003000415,MFIL,41,7,69,514.00,35466.00
3800,3801,2023121001001700,NBL,53,6,20,245.90,4918.00
3801,3802,2023121001001699,SMH,14,44,10,533.60,5336.00
3802,3803,2023121001001698,HDL,38,44,40,1670.00,66800.00
3803,3804,2023121001001697,CYCL,62,32,10,1040.40,10404.00
3804,3805,2023121001001696,CYCL,62,6,10,1020.00,10200.00
3805,3806,2023121001001695,CYCL,62,72,60,1020.00,61200.00
3806,3807,2023121001001694,CYCL,62,35,50,1020.00,51000.00
3807,3808,2023121001001693,CYCL,62,42,64,1020.00,65280.00
3808,3809,2023121001001692,CYCL,62,32,20,1020.00,20400.00
3809,3810,2023121001001691,CLI,34,47,10,492.00,4920.00
3810,3811,2023121001001690,CLI,34,34,10,492.00,4920.00
3811,3812,2023121004000928,HEI,34,37,1000,560.00,560000.00
3812,3813,2023121004000927,HEI,34,33,892,560.00,499520.00
3813,3814,2023121004000926,NHPC,13,52,86,145.00,12470.00
3814,3815,2023121004000925,NHPC,13,38,414,145.00,60030.00
3815,3816,2023121004000924,GLH,39,68,500,214.20,107100.00
3816,3817,2023121004000923,GLH,39,34,500,214.20,107100.00
3817,3818,2023121001001689,SONA,49,4,10,315.00,3150.00
3818,3819,2023121003000414,JBBL,14,45,170,290.00,49300.00
3819,3820,2023121003000413,JBBL,14,19,30,290.00,8700.00
3820,3821,2023121003000412,JBBL,14,40,100,289.90,28990.00
3821,3822,2023121001001688,SANIMA,41,57,10,243.80,2438.00
3822,3823,2023121005000171,CIT,41,50,32,2036.00,65152.00
3823,3824,2023121001001687,GCIL,77,25,480,437.00,209760.00
3824,3825,2023121003000411,SKBBL,43,32,590,934.00,551060.00
3825,3826,2023121001001686,SONA,49,46,10,315.00,3150.00
3826,3827,2023121004000922,NIL,58,38,100,837.00,83700.00
3827,3828,2023121001001685,EBL,5,32,10,503.90,5039.00
3828,3829,2023121005000170,CIT,45,50,70,2036.00,142520.00
3829,3830,2023121001001684,PPL,55,42,460,227.00,104420.00
3830,3831,2023121004000921,NLG,34,13,150,812.00,121800.00
3831,3832,2023121001001683,TVCL,19,26,20,324.20,6484.00
3832,3833,2023121001001682,HIDCLP,69,35,1000,103.00,103000.00
3833,3834,2023121001001681,HIDCLP,69,25,480,103.00,49440.00
3834,3835,2023121003000410,HLI,46,57,500,437.00,218500.00
3835,3836,2023121001001680,ILI,58,6,10,546.00,5460.00
3836,3837,2023121001001679,ILI,58,8,10,546.00,5460.00
3837,3838,2023121001001678,ILI,58,16,150,546.00,81900.00
3838,3839,2023121001001677,SONA,49,58,10,315.00,3150.00
3839,3840,2023121004000920,SGIC,17,65,500,512.00,256000.00
3840,3841,2023121004000919,SSHL,38,14,1559,144.90,225899.10
3841,3842,2023121004000918,SSHL,38,38,350,144.80,50680.00
3842,3843,2023121004000917,SSHL,38,55,91,143.00,13013.00
3843,3844,2023121004000916,SSHL,41,55,229,143.00,32747.00
3844,3845,2023121004000915,SSHL,41,21,120,143.00,17160.00
3845,3846,2023121003000409,SHINE,45,70,181,371.00,67151.00
3846,3847,2023121003000408,HLI,46,6,100,437.00,43700.00
3847,3848,2023121001001676,SHIVM,44,45,20,490.00,9800.00
3848,3849,2023121001001675,SHIVM,44,49,252,490.00,123480.00
3849,3850,2023121004000914,RADHI,49,41,100,215.00,21500.00
3850,3851,2023121003000407,FMDBL,42,65,50,610.00,30500.00
3851,3852,2023121003000406,NLIC,38,38,55,695.00,38225.00
3852,3853,2023121003000405,NLIC,38,49,10,690.00,6900.00
3853,3854,2023121003000404,NLIC,38,44,35,690.00,24150.00
3854,3855,2023121003000403,NLIC,38,53,10,689.90,6899.00
3855,3856,2023121003000402,NLIC,38,28,390,689.00,268710.00
3856,3857,2023121005000169,HIDCL,48,57,500,170.00,85000.00
3857,3858,2023121005000168,HIDCL,48,11,750,169.80,127350.00
3858,3859,2023121005000167,HIDCL,48,53,1053,169.70,178694.10
3859,3860,2023121001001674,TVCL,19,36,30,324.20,9726.00
3860,3861,2023121001001673,CLI,49,3,10,490.00,4900.00
3861,3862,2023121001001672,MEL,34,58,150,186.10,27915.00
3862,3863,2023121001001671,TVCL,19,33,10,324.20,3242.00
3863,3864,2023121004000913,LEC,45,6,75,157.00,11775.00
3864,3865,2023121003000401,SKBBL,68,32,10,934.00,9340.00
3865,3866,2023121001001670,SONA,49,49,2000,315.00,630000.00
3866,3867,2023121005000166,NRN,26,84,100,320.00,32000.00
3867,3868,2023121005000165,NRN,35,84,1000,320.00,320000.00
3868,3869,2023121001001669,MBJC,41,8,100,274.00,27400.00
3869,3870,2023121001001668,SNLI,3,16,265,520.00,137800.00
3870,3871,2023121001001667,SNLI,3,40,235,519.90,122176.50
3871,3872,2023121001001666,HATHY,33,49,20,480.00,9600.00
3872,3873,2023121001001665,HATHY,33,34,20,480.00,9600.00
3873,3874,2023121001001664,HATHY,33,64,160,480.00,76800.00
3874,3875,2023121001001663,HATHY,33,1,10,475.00,4750.00
3875,3876,2023121001001662,HATHY,33,63,80,474.00,37920.00
3876,3877,2023121004000912,CHCL,54,32,200,520.00,104000.00
3877,3878,2023121003000400,HLI,34,51,2000,435.00,870000.00
3878,3879,2023121004000911,API,83,25,369,171.00,63099.00
3879,3880,2023121004000910,API,83,45,131,171.00,22401.00
3880,3881,2023121001001661,SONA,49,26,10,315.00,3150.00
3881,3882,2023121001001660,SONA,49,41,10,315.00,3150.00
3882,3883,2023121001001659,SONA,49,1,10,315.00,3150.00
3883,3884,2023121001001658,SONA,49,41,10,315.00,3150.00
3884,3885,2023121001001657,SONA,49,26,10,315.00,3150.00
3885,3886,2023121001001656,SONA,49,52,10,315.00,3150.00
3886,3887,2023121001001655,SONA,49,21,100,315.00,31500.00
3887,3888,2023121001001654,SONA,49,1,10,315.00,3150.00
3888,3889,2023121001001653,SONA,49,56,10,315.00,3150.00
3889,3890,2023121001001652,SONA,49,22,10,315.00,3150.00
3890,3891,2023121001001651,SONA,49,21,10,315.00,3150.00
3891,3892,2023121001001650,SONA,49,34,10,315.00,3150.00
3892,3893,2023121001001649,SONA,49,57,50,315.00,15750.00
3893,3894,2023121001001648,SONA,49,54,10,315.00,3150.00
3894,3895,2023121001001647,SONA,49,73,100,315.00,31500.00
3895,3896,2023121001001646,SONA,49,34,10,315.00,3150.00
3896,3897,2023121001001645,SONA,49,49,10,315.00,3150.00
3897,3898,2023121001001644,SONA,49,22,10,315.00,3150.00
3898,3899,2023121001001643,SONA,49,55,10,315.00,3150.00
3899,3900,2023121001001642,SONA,49,5,213,315.00,67095.00
3900,3901,2023121001001641,SONA,49,49,10,313.00,3130.00
3901,3902,2023121005000164,CIT,49,50,10,2036.00,20360.00
3902,3903,2023121004000909,GHL,49,49,10,126.30,1263.00
3903,3904,2023121001001640,NABIL,26,33,941,528.80,497600.80
3904,3905,2023121001001639,UNL,69,38,10,39882.00,398820.00
3905,3906,2023121004000908,OHL,85,33,46,795.00,36570.00
3906,3907,2023121004000907,OHL,85,51,454,779.50,353893.00
3907,3908,2023121001001638,SRLI,42,33,100,492.00,49200.00
3908,3909,2023121001001637,SMHL,47,47,10,350.50,3505.00
3909,3910,2023121001001636,GCIL,29,62,583,438.00,255354.00
3910,3911,2023121001001635,GCIL,29,38,50,437.90,21895.00
3911,3912,2023121001001634,GCIL,29,45,200,437.50,87500.00
3912,3913,2023121001001633,GCIL,29,7,10,437.50,4375.00
3913,3914,2023121001001632,GCIL,29,34,10,437.00,4370.00
3914,3915,2023121001001631,GCIL,29,34,20,437.00,8740.00
3915,3916,2023121001001630,GCIL,29,34,20,436.00,8720.00
3916,3917,2023121001001629,GCIL,29,58,10,435.00,4350.00
3917,3918,2023121001001628,GCIL,29,34,20,435.00,8700.00
3918,3919,2023121001001627,GCIL,29,62,77,435.00,33495.00
3919,3920,2023121001001626,NABIL,10,33,170,528.80,89896.00
3920,3921,2023121001001625,NABIL,10,58,50,528.00,26400.00
3921,3922,2023121001001624,NABIL,10,6,10,528.00,5280.00
3922,3923,2023121001001623,NABIL,10,49,270,525.00,141750.00
3923,3924,2023121001001622,MHCL,48,29,30,261.10,7833.00
3924,3925,2023121003000399,HLI,48,6,100,437.00,43700.00
3925,3926,2023121001001621,SNLI,55,40,25,519.90,12997.50
3926,3927,2023121001001620,SNLI,55,26,25,519.50,12987.50
3927,3928,2023121005000163,NRN,26,84,200,320.10,64020.00
3928,3929,2023121004000906,AHPC,6,26,100,219.90,21990.00
3929,3930,2023121001001619,SONA,22,49,10,312.00,3120.00
3930,3931,2023121004000905,LEC,57,6,375,157.00,58875.00
3931,3932,2023121004000904,LEC,57,42,625,157.00,98125.00
3932,3933,2023121001001618,SONA,39,5,200,315.00,63000.00
3933,3934,2023121001001617,SONA,39,58,10,315.00,3150.00
3934,3935,2023121001001616,SONA,39,35,10,315.00,3150.00
3935,3936,2023121001001615,SONA,39,34,10,315.00,3150.00
3936,3937,2023121001001614,SONA,39,51,10,315.00,3150.00
3937,3938,2023121001001613,SONA,39,36,10,315.00,3150.00
3938,3939,2023121001001612,SONA,39,44,10,315.00,3150.00
3939,3940,2023121001001611,SONA,39,26,10,315.00,3150.00
3940,3941,2023121001001610,SONA,39,59,10,315.00,3150.00
3941,3942,2023121001001609,SONA,39,58,10,315.00,3150.00
3942,3943,2023121001001608,SONA,39,16,10,315.00,3150.00
3943,3944,2023121001001607,SONA,39,74,500,315.00,157500.00
3944,3945,2023121001001606,SONA,39,21,10,315.00,3150.00
3945,3946,2023121001001605,SONA,39,32,40,315.00,12600.00
3946,3947,2023121001001604,SONA,39,49,10,315.00,3150.00
3947,3948,2023121001001603,SONA,39,28,500,314.90,157450.00
3948,3949,2023121001001602,SONA,39,49,10,314.90,3149.00
3949,3950,2023121001001601,SONA,39,32,10,314.90,3149.00
3950,3951,2023121001001600,SONA,39,7,100,314.90,31490.00
3951,3952,2023121001001599,SONA,39,65,1510,314.00,474140.00
3952,3953,2023121001001598,SONA,39,55,10,313.00,3130.00
3953,3954,2023121001001597,TPC,45,68,100,357.90,35790.00
3954,3955,2023121001001596,GCIL,74,62,500,435.00,217500.00
3955,3956,2023121001001595,BEDC,45,16,10,229.00,2290.00
3956,3957,2023121005000162,NRN,66,44,635,325.00,206375.00
3957,3958,2023121005000161,NRN,66,71,50,324.90,16245.00
3958,3959,2023121005000160,NRN,66,34,315,324.00,102060.00
3959,3960,2023121001001594,SANIMA,26,57,900,243.80,219420.00
3960,3961,2023121001001593,HBL,49,57,900,201.90,181710.00
3961,3962,2023121001001592,HBL,35,57,100,202.00,20200.00
3962,3963,2023121001001591,HEIP,42,45,20,406.30,8126.00
3963,3964,2023121001001590,MBL,42,65,1000,191.00,191000.00
3964,3965,2023121001001589,RBCLPO,42,43,10,11340.00,113400.00
3965,3966,2023121001001588,ILI,40,22,10,545.00,5450.00
3966,3967,2023121001001587,SONA,22,57,10,312.00,3120.00
3967,3968,2023121001001586,SONA,22,38,10,312.00,3120.00
3968,3969,2023121001001585,SONA,22,22,10,312.00,3120.00
3969,3970,2023121001001584,SONA,22,58,10,312.00,3120.00
3970,3971,2023121001001583,SONA,22,34,10,312.00,3120.00
3971,3972,2023121001001582,SONA,22,62,640,312.00,199680.00
3972,3973,2023121003000398,MLBBL,41,14,10,720.90,7209.00
3973,3974,2023121001001581,HDL,58,34,50,1668.00,83400.00
3974,3975,2023121001001580,RNLI,85,33,500,501.00,250500.00
3975,3976,2023121001001579,RNLI,33,33,1000,501.00,501000.00
3976,3977,2023121001001578,RNLI,39,33,470,501.00,235470.00
3977,3978,2023121001001577,RAWA,10,71,80,389.50,31160.00
3978,3979,2023121003000397,PFL,29,32,1000,336.60,336600.00
3979,3980,2023121003000396,PFL,57,32,100,336.60,33660.00
3980,3981,2023121001001576,MEHL,35,52,30,220.10,6603.00
3981,3982,2023121004000903,CGH,57,49,10,1074.00,10740.00
3982,3983,2023121004000902,CGH,57,45,10,1074.00,10740.00
3983,3984,2023121001001575,CLI,49,35,10,490.00,4900.00
3984,3985,2023121004000901,MEN,17,42,250,485.10,121275.00
3985,3986,2023121001001574,SONA,42,5,246,311.00,76506.00
3986,3987,2023121003000395,NMFBS,33,5,10,926.60,9266.00
3987,3988,2023121004000900,API,25,19,34,169.50,5763.00
3988,3989,2023121004000899,API,34,19,116,170.00,19720.00
3989,3990,2023121001001573,MEL,59,58,5,186.00,930.00
3990,3991,2023121001001572,MEL,59,34,135,186.00,25110.00
3991,3992,2023121001001571,GBIME,34,45,500,206.00,103000.00
3992,3993,2023121005000159,NIFRA,8,13,465,196.00,91140.00
3993,3994,2023121005000158,NIFRA,8,32,35,195.90,6856.50
3994,3995,2023121005000157,NIFRA,21,32,20,195.90,3918.00
3995,3996,2023121001001570,IHL,39,49,10,238.30,2383.00
3996,3997,2023121001001569,MEL,59,58,10,186.00,1860.00
3997,3998,2023121003000394,NLIC,58,28,10,689.00,6890.00
3998,3999,2023121004000898,CHCL,54,44,100,520.00,52000.00
3999,4000,2023121004000897,CHCL,54,51,500,519.90,259950.00
4000,4001,2023121004000896,CHCL,54,7,50,518.00,25900.00
4001,4002,2023121004000895,CHCL,54,48,100,515.00,51500.00
4002,4003,2023121004000894,CHCL,54,6,50,511.00,25550.00
4003,4004,2023121001001568,HATHY,33,63,20,474.00,9480.00
4004,4005,2023121001001567,TVCL,19,3,20,324.20,6484.00
4005,4006,2023121001001566,NBL,13,43,175,246.00,43050.00
4006,4007,2023121003000393,MNBBL,81,67,500,392.50,196250.00
4007,4008,2023121001001565,GBIME,51,45,200,206.00,41200.00
4008,4009,2023121004000893,AKPL,21,63,55,171.00,9405.00
4009,4010,2023121004000892,API,16,45,100,171.00,17100.00
4010,4011,2023121001001564,USHEC,50,37,10,255.00,2550.00
4011,4012,2023121001001563,SHIVM,22,49,500,490.00,245000.00
4012,4013,2023121004000891,API,34,6,155,170.00,26350.00
4013,4014,2023121004000890,API,34,34,29,170.00,4930.00
4014,4015,2023121001001562,DORDI,45,41,10,224.00,2240.00
4015,4016,2023121004000889,UMRH,52,16,103,295.00,30385.00
4016,4017,2023121004000888,UMRH,52,45,50,295.00,14750.00
4017,4018,2023121004000887,UMRH,52,50,365,290.70,106105.50
4018,4019,2023121004000886,UMRH,52,50,260,290.60,75556.00
4019,4020,2023121004000885,UMRH,52,34,200,290.60,58120.00
4020,4021,2023121004000884,UMRH,52,88,500,290.00,145000.00
4021,4022,2023121004000883,UMRH,52,58,522,290.00,151380.00
4022,4023,2023121004000882,CHCL,58,6,30,511.00,15330.00
4023,4024,2023121004000881,CHCL,11,6,50,511.10,25555.00
4024,4025,2023121001001561,SONA,66,62,1000,312.00,312000.00
4025,4026,2023121001001560,NBL,13,35,455,246.00,111930.00
4026,4027,2023121004000880,DHPL,59,26,10,142.80,1428.00
4027,4028,2023121001001559,TVCL,19,49,30,324.20,9726.00
4028,4029,2023121001001558,HATHY,57,63,500,474.00,237000.00
4029,4030,2023121004000879,CHL,62,57,10,215.20,2152.00
4030,4031,2023121001001557,SONA,39,62,10,312.00,3120.00
4031,4032,2023121003000392,HLI,1,6,200,437.00,87400.00
4032,4033,2023121001001556,SPHL,58,63,165,410.00,67650.00
4033,4034,2023121004000878,UPCL,5,65,10,188.00,1880.00
4034,4035,2023121001001555,MEL,59,58,40,186.00,7440.00
4035,4036,2023121001001554,MEL,59,13,100,186.00,18600.00
4036,4037,2023121001001553,MEL,59,34,100,186.00,18600.00
4037,4038,2023121001001552,ANLB,41,50,10,1619.00,16190.00
4038,4039,2023121001001551,PPL,55,58,211,225.00,47475.00
4039,4040,2023121003000391,KSBBL,55,45,25,312.70,7817.50
4040,4041,2023121003000390,JBBL,13,40,200,289.90,57980.00
4041,4042,2023121004000877,MEN,17,16,1386,485.10,672348.60
4042,4043,2023121004000876,MEN,51,16,50,485.10,24255.00
4043,4044,2023121004000875,MEN,55,16,600,486.00,291600.00
4044,4045,2023121004000874,MEN,45,16,300,486.10,145830.00
4045,4046,2023121004000873,MEN,6,16,1164,490.00,570360.00
4046,4047,2023121001001550,SNLI,49,69,625,517.00,323125.00
4047,4048,2023121001001549,SNLI,40,69,375,518.00,194250.00
4048,4049,2023121004000872,SHL,21,38,537,438.00,235206.00
4049,4050,2023121004000871,SHL,21,50,310,438.00,135780.00
4050,4051,2023121004000870,SHL,21,68,500,438.00,219000.00
4051,4052,2023121001001548,NABIL,21,33,38,528.90,20098.20
4052,4053,2023121001001547,CLI,49,35,10,490.00,4900.00
4053,4054,2023121004000869,NHPC,58,38,586,145.00,84970.00
4054,4055,2023121004000868,RADHI,49,41,100,215.00,21500.00
4055,4056,2023121004000867,RADHI,22,41,60,215.00,12900.00
4056,4057,2023121001001546,ILI,40,42,20,545.00,10900.00
4057,4058,2023121001001545,ILI,40,49,10,545.00,5450.00
4058,4059,2023121001001544,ILI,40,42,10,545.00,5450.00
4059,4060,2023121001001543,ILI,40,48,65,545.00,35425.00
4060,4061,2023121001001542,SONA,32,62,350,312.00,109200.00
4061,4062,2023121001001541,SONA,32,40,650,312.00,202800.00
4062,4063,2023121004000866,MEN,6,65,680,490.00,333200.00
4063,4064,2023121005000156,NTC,21,6,50,885.00,44250.00
4064,4065,2023121004000865,UPCL,49,65,10,188.00,1880.00
4065,4066,2023121001001540,MBL,57,65,290,191.00,55390.00
4066,4067,2023121001001539,MBL,57,32,10,190.30,1903.00
4067,4068,2023121004000864,MEN,57,65,300,490.00,147000.00
4068,4069,2023121001001538,GCIL,39,62,1000,435.00,435000.00
4069,4070,2023121004000863,UPCL,51,65,12,188.00,2256.00
4070,4071,2023121003000389,SHINE,50,33,100,367.00,36700.00
4071,4072,2023121005000155,NIFRA,8,41,54,195.00,10530.00
4072,4073,2023121001001537,EHPL,51,74,200,335.60,67120.00
4073,4074,2023121004000862,CHCL,11,8,50,511.10,25555.00
4074,4075,2023121001001536,AVYAN,41,35,10,601.80,6018.00
4075,4076,2023121001001535,HEIP,42,45,20,398.40,7968.00
4076,4077,2023121001001534,HEIP,42,45,20,390.60,7812.00
4077,4078,2023121001001533,AHL,58,43,10,358.00,3580.00
4078,4079,2023121001001532,AHL,58,7,10,355.00,3550.00
4079,4080,2023121004000861,NHPC,49,40,293,146.00,42778.00
4080,4081,2023121004000860,NHPC,49,58,10,146.00,1460.00
4081,4082,2023121004000859,NHPC,49,42,555,146.00,81030.00
4082,4083,2023121001001531,PRVU,1,44,10,167.40,1674.00
4083,4084,2023121001001530,SONA,58,40,300,312.00,93600.00
4084,4085,2023121001001529,SONA,59,40,550,312.00,171600.00
4085,4086,2023121001001528,SONA,59,32,10,312.00,3120.00
4086,4087,2023121003000388,KRBL,38,32,50,302.90,15145.00
4087,4088,2023121005000154,CIT,22,50,35,2036.00,71260.00
4088,4089,2023121001001527,ILI,33,48,35,545.00,19075.00
4089,4090,2023121001001526,ILI,33,34,15,544.00,8160.00
4090,4091,2023121001001525,SONA,59,40,100,312.00,31200.00
4091,4092,2023121001001524,RNLI,39,21,10,501.00,5010.00
4092,4093,2023121001001523,SONA,26,65,490,314.00,153860.00
4093,4094,2023121001001522,SONA,26,58,10,314.00,3140.00
4094,4095,2023121003000387,SADBL,49,14,200,285.20,57040.00
4095,4096,2023121003000386,SADBL,49,4,60,285.20,17112.00
4096,4097,2023121003000385,SADBL,49,21,992,285.00,282720.00
4097,4098,2023121003000384,SADBL,49,38,141,284.90,40170.90
4098,4099,2023121005000153,NRN,4,34,185,324.00,59940.00
4099,4100,2023121005000152,NRN,4,49,115,318.50,36627.50
4100,4101,2023121004000858,IGI,54,32,26,523.00,13598.00
4101,4102,2023121004000857,IGI,54,3,300,523.00,156900.00
4102,4103,2023121004000856,IGI,54,32,99,523.00,51777.00
4103,4104,2023121004000855,IGI,54,58,425,523.00,222275.00
4104,4105,2023121001001521,SNLI,10,26,50,519.50,25975.00
4105,4106,2023121003000383,MFIL,62,55,80,523.00,41840.00
4106,4107,2023121003000382,MFIL,62,13,200,522.90,104580.00
4107,4108,2023121003000381,MFIL,62,18,100,522.00,52200.00
4108,4109,2023121003000380,MFIL,62,32,20,520.00,10400.00
4109,4110,2023121001001520,MEL,34,41,710,186.00,132060.00
4110,4111,2023121003000379,KLBSL,45,58,10,682.30,6823.00
4111,4112,2023121001001519,SHIVM,7,49,48,490.00,23520.00
4112,4113,2023121001001518,SHIVM,7,55,50,489.00,24450.00
4113,4114,2023121001001517,SHIVM,7,49,100,489.00,48900.00
4114,4115,2023121001001516,SHIVM,7,33,112,489.00,54768.00
4115,4116,2023121001001515,SHIVM,7,25,190,488.50,92815.00
4116,4117,2023121003000378,SHINE,57,33,800,367.00,293600.00
4117,4118,2023121001001514,MANDU,49,67,500,528.00,264000.00
4118,4119,2023121001001513,MANDU,49,26,200,527.90,105580.00
4119,4120,2023121001001512,MANDU,49,28,200,526.00,105200.00
4120,4121,2023121004000854,HEI,35,33,108,560.00,60480.00
4121,4122,2023121004000853,HEI,35,11,20,560.00,11200.00
4122,4123,2023121004000852,HEI,35,33,372,560.00,208320.00
4123,4124,2023121001001511,ILI,42,34,95,544.00,51680.00
4124,4125,2023121003000377,MPFL,38,49,90,297.00,26730.00
4125,4126,2023121003000376,MPFL,38,45,10,296.90,2969.00
4126,4127,2023121004000851,AHPC,1,54,100,217.00,21700.00
4127,4128,2023121004000850,AHPC,1,62,900,217.00,195300.00
4128,4129,2023121004000849,AHPC,1,51,147,216.80,31869.60
4129,4130,2023121001001510,SONA,59,38,10,312.00,3120.00
4130,4131,2023121001001509,SNLI,54,26,125,519.50,64937.50
4131,4132,2023121004000848,RADHI,22,14,40,215.00,8600.00
4132,4133,2023121001001508,SONA,22,35,10,314.00,3140.00
4133,4134,2023121001001507,SONA,22,7,10,314.00,3140.00
4134,4135,2023121001001506,SONA,22,25,200,314.00,62800.00
4135,4136,2023121001001505,SONA,22,51,10,314.00,3140.00
4136,4137,2023121001001504,SONA,22,26,10,314.00,3140.00
4137,4138,2023121001001503,SONA,22,19,10,314.00,3140.00
4138,4139,2023121001001502,SONA,22,54,10,314.00,3140.00
4139,4140,2023121001001501,SONA,22,16,95,314.00,29830.00
4140,4141,2023121001001500,SONA,22,49,10,313.00,3130.00
4141,4142,2023121001001499,SONA,22,84,10,313.00,3130.00
4142,4143,2023121001001498,SONA,22,58,10,312.50,3125.00
4143,4144,2023121001001497,CYCL,62,7,10,1020.00,10200.00
4144,4145,2023121001001496,CYCL,62,37,250,1002.00,250500.00
4145,4146,2023121001001495,CYCL,62,32,10,1002.00,10020.00
4146,4147,2023121001001494,CYCL,62,36,100,1001.00,100100.00
4147,4148,2023121001001493,NRM,37,34,40,254.00,10160.00
4148,4149,2023121001001492,NRM,37,36,10,253.90,2539.00
4149,4150,2023121001001491,NRM,37,38,150,253.90,38085.00
4150,4151,2023121004000847,HURJA,34,20,10,227.70,2277.00
4151,4152,2023121003000375,NUBL,62,34,10,578.00,5780.00
4152,4153,2023121001001490,UNL,65,69,10,39100.00,391000.00
4153,4154,2023121001001489,SONA,59,49,10,312.00,3120.00
4154,4155,2023121001001488,CLI,49,17,390,490.00,191100.00
4155,4156,2023121004000846,MEN,25,65,20,490.00,9800.00
4156,4157,2023121005000151,NTC,14,38,25,889.50,22237.50
4157,4158,2023121001001487,PPL,58,58,89,225.00,20025.00
4158,4159,2023121001001486,PPL,88,58,100,225.00,22500.00
4159,4160,2023121001001485,TVCL,19,45,20,324.20,6484.00
4160,4161,2023121001001484,HDL,44,50,100,1670.00,167000.00
4161,4162,2023121001001483,HIDCLP,6,25,500,103.00,51500.00
4162,4163,2023121001001482,NBL,39,35,75,246.00,18450.00
4163,4164,2023121001001481,NBL,39,43,125,245.90,30737.50
4164,4165,2023121001001480,MMKJL,85,43,300,295.00,88500.00
4165,4166,2023121001001479,MMKJL,85,58,10,294.00,2940.00
4166,4167,2023121001001478,MMKJL,85,35,10,294.00,2940.00
4167,4168,2023121001001477,MMKJL,85,58,10,294.00,2940.00
4168,4169,2023121001001476,MMKJL,85,42,10,284.80,2848.00
4169,4170,2023121001001475,MMKJL,85,38,10,284.00,2840.00
4170,4171,2023121004000845,PRIN,34,38,100,711.90,71190.00
4171,4172,2023121001001474,RNLI,39,38,10,501.00,5010.00
4172,4173,2023121003000374,SFCL,22,18,50,284.70,14235.00
4173,4174,2023121004000844,NGPL,48,54,10,207.50,2075.00
4174,4175,2023121004000843,NGPL,48,41,10,207.50,2075.00
4175,4176,2023121003000373,JBBL,48,40,200,289.90,57980.00
4176,4177,2023121003000372,LICN,58,59,824,1395.00,1149480.00
4177,4178,2023121004000842,SHPC,32,44,80,327.00,26160.00
4178,4179,2023121004000841,SHPC,32,49,200,326.90,65380.00
4179,4180,2023121004000840,SHPC,32,33,2000,321.40,642800.00
4180,4181,2023121004000839,SHPC,32,5,10,321.40,3214.00
4181,4182,2023121004000838,SHPC,32,13,210,321.00,67410.00
4182,4183,2023121001001473,TVCL,19,45,30,324.20,9726.00
4183,4184,2023121004000837,MEN,52,64,150,491.90,73785.00
4184,4185,2023121004000836,MEN,52,33,205,491.00,100655.00
4185,4186,2023121004000835,NHDL,26,19,100,356.00,35600.00
4186,4187,2023121004000834,NHDL,26,48,90,356.00,32040.00
4187,4188,2023121001001472,CZBIL,88,57,1000,167.00,167000.00
4188,4189,2023121001001471,MCHL,22,49,10,247.00,2470.00
4189,4190,2023121005000150,NRN,21,49,300,318.50,95550.00
4190,4191,2023121005000149,NRN,50,49,1000,318.50,318500.00
4191,4192,2023121005000148,NRN,41,49,10,318.50,3185.00
4192,4193,2023121005000147,NRN,44,49,25,319.00,7975.00
4193,4194,2023121005000146,NRN,32,49,700,319.20,223440.00
4194,4195,2023121005000145,NRN,86,49,1000,319.30,319300.00
4195,4196,2023121005000144,NRN,43,49,500,320.00,160000.00
4196,4197,2023121005000143,NRN,6,49,10,320.00,3200.00
4197,4198,2023121004000833,SHEL,56,42,10,257.00,2570.00
4198,4199,2023121005000142,CHDC,39,17,100,936.30,93630.00
4199,4200,2023121005000141,CHDC,39,17,100,936.30,93630.00
4200,4201,2023121004000832,SHEL,56,58,10,254.00,2540.00
4201,4202,2023121005000140,CHDC,39,6,50,935.00,46750.00
4202,4203,2023121005000139,CHDC,39,34,10,935.00,9350.00
4203,4204,2023121001001470,MAKAR,34,42,750,252.40,189300.00
4204,4205,2023121001001469,MAKAR,34,42,450,252.00,113400.00
4205,4206,2023121001001468,ULBSL,41,58,16,950.00,15200.00
4206,4207,2023121001001467,ILI,55,58,10,541.00,5410.00
4207,4208,2023121005000138,NIFRA,8,58,51,195.00,9945.00
4208,4209,2023121001001466,SONA,59,32,10,312.00,3120.00
4209,4210,2023121001001465,USHL,29,28,10,354.00,3540.00
4210,4211,2023121004000831,LEC,42,56,270,155.00,41850.00
4211,4212,2023121004000830,LEC,32,56,100,155.50,15550.00
4212,4213,2023121001001464,SPL,64,7,10,734.40,7344.00
4213,4214,2023121001001463,KDL,38,45,50,827.00,41350.00
4214,4215,2023121003000371,HLI,34,45,200,434.90,86980.00
4215,4216,2023121003000370,HLI,34,45,2000,434.00,868000.00
4216,4217,2023121003000369,HLI,34,37,480,434.00,208320.00
4217,4218,2023121001001462,BNHC,6,71,100,355.00,35500.00
4218,4219,2023121001001461,SONA,59,58,10,312.00,3120.00
4219,4220,2023121003000368,NICLBSL,52,48,20,615.00,12300.00
4220,4221,2023121003000367,LICN,57,59,150,1395.00,209250.00
4221,4222,2023121001001460,HEIP,42,17,10,390.60,3906.00
4222,4223,2023121001001459,MHCL,62,17,59,256.00,15104.00
4223,4224,2023121004000829,SHL,34,75,1000,437.00,437000.00
4224,4225,2023121004000828,SHL,34,62,1000,437.00,437000.00
4225,4226,2023121004000827,SHL,34,49,400,437.00,174800.00
4226,4227,2023121004000826,MEN,58,46,100,487.00,48700.00
4227,4228,2023121004000825,HDHPC,34,25,100,129.00,12900.00
4228,4229,2023121004000824,HDHPC,42,25,115,129.10,14846.50
4229,4230,2023121004000823,MEN,4,46,200,487.00,97400.00
4230,4231,2023121004000822,MEN,56,46,200,488.00,97600.00
4231,4232,2023121005000137,RMF1,57,5,1000,7.32,7320.00
4232,4233,2023121001001458,SONA,59,49,10,312.00,3120.00
4233,4234,2023121001001457,SNLI,40,56,10,518.00,5180.00
4234,4235,2023121001001456,MAKAR,53,42,40,252.00,10080.00
4235,4236,2023121001001455,MAKAR,53,34,40,252.00,10080.00
4236,4237,2023121001001454,MAKAR,53,58,70,251.00,17570.00
4237,4238,2023121001001453,HATHY,49,11,10,475.00,4750.00
4238,4239,2023121001001452,HATHY,57,11,10,475.10,4751.00
4239,4240,2023121004000821,AKPL,49,63,40,171.00,6840.00
4240,4241,2023121004000820,MEN,38,33,20,491.00,9820.00
4241,4242,2023121001001451,RNLI,26,58,10,502.00,5020.00
4242,4243,2023121004000819,AKPL,45,63,370,171.00,63270.00
4243,4244,2023121001001450,TVCL,19,4,20,324.20,6484.00
4244,4245,2023121004000818,NICL,38,5,50,858.00,42900.00
4245,4246,2023121004000817,NICL,54,5,140,858.00,120120.00
4246,4247,2023121001001449,NBL,34,43,875,245.90,215162.50
4247,4248,2023121004000816,NHPC,58,29,20,145.00,2900.00
4248,4249,2023121004000815,NHPC,58,45,10,145.00,1450.00
4249,4250,2023121004000814,NHPC,58,58,990,145.00,143550.00
4250,4251,2023121004000813,NHPC,58,71,444,144.90,64335.60
4251,4252,2023121001001448,PHCL,21,65,930,249.00,231570.00
4252,4253,2023121003000366,SMFBS,26,13,100,760.00,76000.00
4253,4254,2023121003000365,HLI,50,37,20,434.00,8680.00
4254,4255,2023121003000364,HLI,50,25,800,434.00,347200.00
4255,4256,2023121003000363,HLI,50,52,20,433.90,8678.00
4256,4257,2023121003000362,HLI,50,33,100,433.00,43300.00
4257,4258,2023121001001447,TVCL,19,4,20,324.20,6484.00
4258,4259,2023121001001446,RAWA,10,58,20,389.50,7790.00
4259,4260,2023121004000812,UPPER,34,3,30,207.00,6210.00
4260,4261,2023121004000811,UPPER,34,35,10,207.00,2070.00
4261,4262,2023121001001445,TVCL,19,45,30,324.20,9726.00
4262,4263,2023121001001444,GCIL,45,62,423,435.00,184005.00
4263,4264,2023121001001443,GCIL,45,17,100,435.00,43500.00
4264,4265,2023121001001442,GCIL,45,32,20,435.00,8700.00
4265,4266,2023121001001441,GCIL,45,25,260,435.00,113100.00
4266,4267,2023121001001440,GCIL,45,41,100,434.90,43490.00
4267,4268,2023121001001439,GCIL,45,16,90,434.00,39060.00
4268,4269,2023121001001438,GCIL,45,34,20,434.00,8680.00
4269,4270,2023121001001437,GCIL,45,29,885,434.00,384090.00
4270,4271,2023121001001436,GCIL,45,45,10,432.00,4320.00
4271,4272,2023121001001435,GCIL,45,75,272,432.00,117504.00
4272,4273,2023121001001434,GCIL,45,34,20,431.00,8620.00
4273,4274,2023121001001433,ILI,55,41,10,541.00,5410.00
4274,4275,2023121001001432,ILI,55,7,60,541.00,32460.00
4275,4276,2023121001001431,ILI,55,63,160,540.00,86400.00
4276,4277,2023121003000361,LICN,6,59,20,1395.00,27900.00
4277,4278,2023121003000360,SWBBL,45,6,35,680.00,23800.00
4278,4279,2023121004000810,SGIC,43,65,300,510.00,153000.00
4279,4280,2023121003000359,GLBSL,52,45,10,600.80,6008.00
4280,4281,2023121001001430,SONA,59,58,10,312.00,3120.00
4281,4282,2023121001001429,ANLB,58,50,10,1619.00,16190.00
4282,4283,2023121005000136,NIFRA,57,32,445,195.90,87175.50
4283,4284,2023121005000135,NIFRA,57,57,200,195.80,39160.00
4284,4285,2023121005000134,NIFRA,57,56,155,195.00,30225.00
4285,4286,2023121005000133,NIFRA,57,56,200,194.90,38980.00
4286,4287,2023121003000358,LICN,58,59,700,1395.00,976500.00
4287,4288,2023121001001428,MEL,59,58,10,184.50,1845.00
4288,4289,2023121001001427,CLI,49,53,20,490.00,9800.00
4289,4290,2023121001001426,CLI,49,49,10,490.00,4900.00
4290,4291,2023121001001425,CLI,49,58,10,490.00,4900.00
4291,4292,2023121001001424,CLI,49,32,10,490.00,4900.00
4292,4293,2023121001001423,CLI,49,42,10,490.00,4900.00
4293,4294,2023121001001422,CLI,49,38,560,490.00,274400.00
4294,4295,2023121001001421,CLI,49,49,50,490.00,24500.00
4295,4296,2023121001001420,CLI,49,48,500,490.00,245000.00
4296,4297,2023121001001419,CLI,49,29,1000,489.50,489500.00
4297,4298,2023121001001418,CLI,49,58,10,489.00,4890.00
4298,4299,2023121001001417,CLI,49,34,500,489.00,244500.00
4299,4300,2023121001001416,CLI,49,3,505,489.00,246945.00
4300,4301,2023121001001415,CLI,49,21,10,489.00,4890.00
4301,4302,2023121001001414,CLI,49,62,176,489.00,86064.00
4302,4303,2023121001001413,SONA,59,49,10,312.00,3120.00
4303,4304,2023121001001412,ILI,42,63,40,540.00,21600.00
4304,4305,2023121001001411,ILI,42,48,10,540.00,5400.00
4305,4306,2023121001001410,ILI,42,28,40,540.00,21600.00
4306,4307,2023121005000132,NRIC,49,42,50,645.00,32250.00
4307,4308,2023121004000809,API,59,34,80,170.00,13600.00
4308,4309,2023121004000808,SGIC,34,65,50,510.00,25500.00
4309,4310,2023121001001409,HIDCLP,45,25,20,103.00,2060.00
4310,4311,2023121001001408,CLI,58,22,10,488.00,4880.00
4311,4312,2023121001001407,CLI,58,3,530,488.00,258640.00
4312,4313,2023121001001406,CLI,58,48,10,487.00,4870.00
4313,4314,2023121001001405,GVL,47,58,10,358.00,3580.00
4314,4315,2023121001001404,ILI,29,58,10,538.00,5380.00
4315,4316,2023121004000807,MEN,29,33,30,491.00,14730.00
4316,4317,2023121001001403,CYCL,46,56,50,1000.00,50000.00
4317,4318,2023121001001402,CYCL,46,7,10,1000.00,10000.00
4318,4319,2023121004000806,UMRH,45,58,158,290.00,45820.00
4319,4320,2023121004000805,UMRH,45,39,500,289.90,144950.00
4320,4321,2023121004000804,UMRH,45,41,150,289.00,43350.00
4321,4322,2023121004000803,UMRH,45,63,192,288.00,55296.00
4322,4323,2023121001001401,NRM,44,38,350,253.90,88865.00
4323,4324,2023121001001400,NRM,44,6,440,253.00,111320.00
4324,4325,2023121004000802,PRIN,34,68,202,711.90,143803.80
4325,4326,2023121005000131,RMF1,57,5,2000,7.32,14640.00
4326,4327,2023121001001399,MCHL,53,21,90,247.00,22230.00
4327,4328,2023121001001398,NRM,42,6,10,253.00,2530.00
4328,4329,2023121001001397,NRM,42,34,50,252.00,12600.00
4329,4330,2023121004000801,RADHI,59,14,10,215.00,2150.00
4330,4331,2023121003000357,LICN,3,59,246,1395.00,343170.00
4331,4332,2023121001001396,CITY,58,32,410,584.90,239809.00
4332,4333,2023121001001395,CITY,58,5,90,574.00,51660.00
4333,4334,2023121003000356,CORBL,19,34,493,346.00,170578.00
4334,4335,2023121004000800,HDHPC,46,10,100,130.00,13000.00
4335,4336,2023121004000799,HDHPC,46,38,900,130.00,117000.00
4336,4337,2023121001001394,PCBL,44,43,10,197.20,1972.00
4337,4338,2023121001001393,SONA,59,51,10,312.00,3120.00
4338,4339,2023121001001392,SHIVM,21,4,240,488.00,117120.00
4339,4340,2023121001001391,MBL,26,14,300,190.00,57000.00
4340,4341,2023121001001390,SONA,59,7,10,312.00,3120.00
4341,4342,2023121004000798,NHPC,49,71,56,144.90,8114.40
4342,4343,2023121003000355,SHINE,50,42,170,366.00,62220.00
4343,4344,2023121001001389,SONA,59,4,50,312.00,15600.00
4344,4345,2023121005000130,CIT,1,51,50,2037.00,101850.00
4345,4346,2023121005000129,CIT,1,59,100,2036.00,203600.00
4346,4347,2023121005000128,CIT,1,5,50,2035.00,101750.00
4347,4348,2023121001001388,SONA,59,4,10,312.00,3120.00
4348,4349,2023121001001387,TVCL,19,4,30,324.20,9726.00
4349,4350,2023121003000354,NLIC,19,44,50,690.00,34500.00
4350,4351,2023121004000797,NIL,35,45,26,835.00,21710.00
4351,4352,2023121003000353,HLI,6,33,600,433.00,259800.00
4352,4353,2023121005000127,NIFRA,11,56,145,195.00,28275.00
4353,4354,2023121005000126,NIFRA,11,57,55,195.00,10725.00
4354,4355,2023121001001386,SONA,59,58,10,312.00,3120.00
4355,4356,2023121004000796,CHCL,58,13,100,511.00,51100.00
4356,4357,2023121004000795,CHCL,58,14,100,511.00,51100.00
4357,4358,2023121004000794,CHCL,58,7,70,511.00,35770.00
4358,4359,2023121001001385,MKHC,58,49,10,209.10,2091.00
4359,4360,2023121001001384,MKHC,58,17,10,209.10,2091.00
4360,4361,2023121005000125,CHDC,17,35,10,918.00,9180.00
4361,4362,2023121001001383,SANIMA,58,57,90,243.80,21942.00
4362,4363,2023121001001382,SANIMA,58,49,10,243.80,2438.00
4363,4364,2023121004000793,SHL,45,1,100,436.10,43610.00
4364,4365,2023121001001381,MHL,33,64,100,355.00,35500.00
4365,4366,2023121005000124,NTC,19,38,475,889.50,422512.50
4366,4367,2023121005000123,NTC,19,37,500,885.00,442500.00
4367,4368,2023121005000122,NTC,19,57,25,885.00,22125.00
4368,4369,2023121001001380,HDL,55,50,60,1670.00,100200.00
4369,4370,2023121001001379,HDL,55,55,60,1668.00,100080.00
4370,4371,2023121001001378,SHIVM,45,4,10,488.00,4880.00
4371,4372,2023121001001377,SHIVM,45,25,440,488.00,214720.00
4372,4373,2023121001001376,NABIL,6,11,69,524.00,36156.00
4373,4374,2023121001001375,NABIL,33,11,25,525.00,13125.00
4374,4375,2023121001001374,NABIL,34,11,100,525.00,52500.00
4375,4376,2023121001001373,NABIL,58,11,56,525.10,29405.60
4376,4377,2023121001001372,RNLI,26,39,10,502.00,5020.00
4377,4378,2023121005000121,STC,53,33,20,5170.00,103400.00
4378,4379,2023121001001371,SNLI,40,42,10,518.00,5180.00
4379,4380,2023121001001370,TVCL,19,4,20,324.20,6484.00
4380,4381,2023121003000352,ALICL,46,38,50,650.10,32505.00
4381,4382,2023121001001369,CLI,19,3,300,488.00,146400.00
4382,4383,2023121001001368,TVCL,19,19,20,324.20,6484.00
4383,4384,2023121001001367,SHIVM,51,25,50,488.00,24400.00
4384,4385,2023121003000351,NLBBL,26,49,100,514.90,51490.00
4385,4386,2023121004000792,UMRH,53,63,18,288.00,5184.00
4386,4387,2023121003000350,SJLIC,49,35,332,547.00,181604.00
4387,4388,2023121003000349,SJLIC,49,6,100,547.00,54700.00
4388,4389,2023121003000348,SJLIC,49,49,250,546.90,136725.00
4389,4390,2023121003000347,SJLIC,49,1,318,546.80,173882.40
4390,4391,2023121001001366,RNLI,26,14,10,502.00,5020.00
4391,4392,2023121001001365,SNLI,40,65,170,517.90,88043.00
4392,4393,2023121001001364,SNLI,40,35,10,517.00,5170.00
4393,4394,2023121001001363,SNLI,40,49,10,517.00,5170.00
4394,4395,2023121001001362,SNLI,40,57,10,517.00,5170.00
4395,4396,2023121001001361,SNLI,40,34,10,517.00,5170.00
4396,4397,2023121001001360,SNLI,40,46,1000,517.00,517000.00
4397,4398,2023121001001359,SNLI,40,49,10,517.00,5170.00
4398,4399,2023121001001358,SNLI,40,36,10,517.00,5170.00
4399,4400,2023121001001357,SNLI,40,16,100,517.00,51700.00
4400,4401,2023121001001356,SNLI,40,59,10,516.00,5160.00
4401,4402,2023121001001355,SNLI,40,49,10,516.00,5160.00
4402,4403,2023121001001354,SNLI,40,45,10,515.00,5150.00
4403,4404,2023121001001353,SNLI,40,70,245,515.00,126175.00
4404,4405,2023121001001352,CLI,34,3,160,488.00,78080.00
4405,4406,2023121001001351,CLI,34,49,10,488.00,4880.00
4406,4407,2023121001001350,CLI,34,6,30,487.00,14610.00
4407,4408,2023121004000791,MEN,37,33,100,491.00,49100.00
4408,4409,2023121004000790,CGH,28,52,15,1060.00,15900.00
4409,4410,2023121004000789,CGH,28,34,15,1059.00,15885.00
4410,4411,2023121004000788,CGH,28,35,100,1058.90,105890.00
4411,4412,2023121001001349,SNLI,39,52,10,513.00,5130.00
4412,4413,2023121001001348,RNLI,42,43,10,502.00,5020.00
4413,4414,2023121003000346,FOWAD,16,7,20,1073.00,21460.00
4414,4415,2023121001001347,MHL,17,64,100,352.80,35280.00
4415,4416,2023121005000120,HIDCL,50,53,810,169.70,137457.00
4416,4417,2023121005000119,HIDCL,50,11,190,168.00,31920.00
4417,4418,2023121001001346,GBIME,53,46,100,206.50,20650.00
4418,4419,2023121001001345,ILI,49,28,100,540.00,54000.00
4419,4420,2023121003000345,NLIC,8,10,195,678.00,132210.00
4420,4421,2023121003000344,NLIC,58,10,40,679.00,27160.00
4421,4422,2023121001001344,SNLI,39,1,10,513.00,5130.00
4422,4423,2023121004000787,NGPL,45,41,10,207.50,2075.00
4423,4424,2023121001001343,MHCL,58,17,41,256.00,10496.00
4424,4425,2023121001001342,MHCL,58,44,129,256.00,33024.00
4425,4426,2023121001001341,MHCL,58,17,50,255.50,12775.00
4426,4427,2023121001001340,MHCL,58,49,10,255.00,2550.00
4427,4428,2023121001001339,MHCL,58,17,50,255.00,12750.00
4428,4429,2023121001001338,MHCL,58,17,20,254.90,5098.00
4429,4430,2023121003000343,SKBBL,20,68,36,916.50,32994.00
4430,4431,2023121001001337,HIDCLP,33,55,1000,101.50,101500.00
4431,4432,2023121004000786,MEN,57,17,200,489.90,97980.00
4432,4433,2023121001001336,MEHL,58,57,40,222.00,8880.00
4433,4434,2023121001001335,MEHL,14,57,265,222.00,58830.00
4434,4435,2023121001001334,SHIVM,25,25,10,488.00,4880.00
4435,4436,2023121001001333,ILI,29,25,70,538.00,37660.00
4436,4437,2023121001001332,ILI,6,25,60,538.00,32280.00
4437,4438,2023121004000785,UPCL,34,49,1190,187.00,222530.00
4438,4439,2023121004000784,UPCL,41,49,10,188.10,1881.00
4439,4440,2023121003000342,LBBL,62,34,10,386.50,3865.00
4440,4441,2023121001001331,NABIL,36,33,14,528.90,7404.60
4441,4442,2023121001001330,NABIL,36,13,100,528.90,52890.00
4442,4443,2023121001001329,NABIL,36,45,50,527.00,26350.00
4443,4444,2023121001001328,NABIL,36,45,36,527.00,18972.00
4444,4445,2023121004000783,HPPL,57,29,479,212.00,101548.00
4445,4446,2023121004000782,UPCL,41,34,140,188.10,26334.00
4446,4447,2023121004000781,UPCL,65,34,60,188.10,11286.00
4447,4448,2023121001001327,SNLI,39,16,100,513.00,51300.00
4448,4449,2023121001001326,NICA,38,37,500,525.00,262500.00
4449,4450,2023121003000341,MFIL,41,18,31,514.00,15934.00
4450,4451,2023121001001325,SONA,59,13,10,312.00,3120.00
4451,4452,2023121001001324,CLI,45,53,10,484.20,4842.00
4452,4453,2023121001001323,HATHY,33,64,80,480.00,38400.00
4453,4454,2023121004000780,API,45,45,170,171.00,29070.00
4454,4455,2023121001001322,RAWA,25,58,20,389.50,7790.00
4455,4456,2023121001001321,RAWA,25,34,10,389.00,3890.00
4456,4457,2023121001001320,RAWA,25,71,100,385.00,38500.00
4457,4458,2023121005000118,NRIC,49,74,200,645.00,129000.00
4458,4459,2023121003000340,GBBL,40,49,10,375.30,3753.00
4459,4460,2023121004000779,AHPC,49,51,103,216.80,22330.40
4460,4461,2023121003000339,MLBSL,45,52,10,1590.00,15900.00
4461,4462,2023121004000778,AHPC,19,14,50,215.20,10760.00
4462,4463,2023121001001319,ANLB,41,50,20,1621.00,32420.00
4463,4464,2023121001001318,ANLB,41,50,20,1620.00,32400.00
4464,4465,2023121004000777,LEC,42,77,160,154.00,24640.00
4465,4466,2023121004000776,SGIC,43,65,150,510.00,76500.00
4466,4467,2023121004000775,SGIC,43,34,150,510.00,76500.00
4467,4468,2023121003000338,SIFC,39,55,10,340.00,3400.00
4468,4469,2023121001001317,PPL,1,42,300,227.00,68100.00
4469,4470,2023121001001316,SONA,41,41,10,313.00,3130.00
4470,4471,2023121001001315,HATHY,33,44,300,480.00,144000.00
4471,4472,2023121003000337,SINDU,28,22,10,261.50,2615.00
4472,4473,2023121001001314,MMKJL,50,58,10,284.00,2840.00
4473,4474,2023121004000774,MEN,42,33,145,491.00,71195.00
4474,4475,2023121004000773,MEN,42,11,355,490.00,173950.00
4475,4476,2023121004000772,MEN,42,34,100,489.90,48990.00
4476,4477,2023121004000771,RIDI,45,22,20,198.00,3960.00
4477,4478,2023121001001313,DORDI,58,49,500,221.00,110500.00
4478,4479,2023121001001312,TVCL,19,40,20,324.20,6484.00
4479,4480,2023121004000770,UMRH,53,55,82,288.00,23616.00
4480,4481,2023121001001311,SONA,59,55,10,312.00,3120.00
4481,4482,2023121001001310,GCIL,32,74,1000,430.00,430000.00
4482,4483,2023121004000769,AKPL,45,50,130,171.00,22230.00
4483,4484,2023121004000768,PRIN,34,38,70,711.90,49833.00
4484,4485,2023121001001309,ULHC,66,14,10,237.60,2376.00
4485,4486,2023121001001308,DORDI,22,49,20,224.00,4480.00
4486,4487,2023121004000767,UPCL,65,65,940,188.10,176814.00
4487,4488,2023121001001307,SONA,59,58,10,312.00,3120.00
4488,4489,2023121004000766,HEI,34,33,1628,560.00,911680.00
4489,4490,2023121004000765,HEI,34,17,100,560.00,56000.00
4490,4491,2023121004000764,HEI,34,33,1340,560.00,750400.00
4491,4492,2023121004000763,HEI,34,4,1000,559.90,559900.00
4492,4493,2023121004000762,HEI,34,45,100,559.00,55900.00
4493,4494,2023121004000761,HEI,34,34,132,558.00,73656.00
4494,4495,2023121004000760,HEI,34,63,100,553.00,55300.00
4495,4496,2023121004000759,HEI,34,33,600,553.00,331800.00
4496,4497,2023121003000336,HLI,45,13,100,430.00,43000.00
4497,4498,2023121004000758,AKPL,46,50,500,171.00,85500.00
4498,4499,2023121001001306,ADBL,50,58,10,243.70,2437.00
4499,4500,2023121001001305,BGWT,42,47,10,442.50,4425.00
4500,4501,2023121001001304,RNLI,42,52,400,502.00,200800.00
4501,4502,2023121004000757,MHNL,35,34,20,193.40,3868.00
4502,4503,2023121004000756,KKHC,46,58,10,186.10,1861.00
4503,4504,2023121001001303,TPC,58,51,10,357.00,3570.00
4504,4505,2023121001001302,SONA,59,4,150,312.00,46800.00
4505,4506,2023121001001301,SONA,58,4,50,312.00,15600.00
4506,4507,2023121001001300,SONA,33,4,800,313.00,250400.00
4507,4508,2023121001001299,TVCL,19,17,20,324.20,6484.00
4508,4509,2023121004000755,AKPL,34,50,50,171.00,8550.00
4509,4510,2023121003000335,MDB,34,59,30,423.00,12690.00
4510,4511,2023121003000334,LICN,3,59,100,1395.00,139500.00
4511,4512,2023121001001298,SPHL,35,63,35,410.00,14350.00
4512,4513,2023121005000117,HIDCL,41,11,200,168.00,33600.00
4513,4514,2023121005000116,HIDCL,28,11,10,168.00,1680.00
4514,4515,2023121005000115,HIDCL,33,11,100,169.60,16960.00
4515,4516,2023121005000114,NRIC,32,56,10,654.00,6540.00
4516,4517,2023121004000754,RIDI,42,62,100,195.00,19500.00
4517,4518,2023121001001297,HHL,1,53,10,224.00,2240.00
4518,4519,2023121001001296,HHL,1,41,10,220.00,2200.00
4519,4520,2023121001001295,HATHY,8,16,1,472.00,472.00
4520,4521,2023121004000753,RIDI,46,38,10,198.30,1983.00
4521,4522,2023121001001294,SONA,33,35,10,313.00,3130.00
4522,4523,2023121001001293,HATHY,33,44,100,480.00,48000.00
4523,4524,2023121001001292,HATHY,33,57,20,476.00,9520.00
4524,4525,2023121001001291,MSHL,38,58,10,364.00,3640.00
4525,4526,2023121001001290,MSHL,38,25,20,364.00,7280.00
4526,4527,2023121001001289,MSHL,38,71,300,363.00,108900.00
4527,4528,2023121001001288,MSHL,38,65,50,363.00,18150.00
4528,4529,2023121001001287,MSHL,38,45,50,362.00,18100.00
4529,4530,2023121001001286,MSHL,38,16,25,361.00,9025.00
4530,4531,2023121001001285,MSHL,38,35,10,360.00,3600.00
4531,4532,2023121001001284,SHIVM,38,25,200,488.00,97600.00
4532,4533,2023121004000752,CHCL,74,7,20,511.00,10220.00
4533,4534,2023121004000751,CHCL,74,36,10,511.00,5110.00
4534,4535,2023121003000333,LICN,54,59,200,1395.00,279000.00
4535,4536,2023121001001283,ILI,57,28,160,540.00,86400.00
4536,4537,2023121001001282,TVCL,19,42,10,324.20,3242.00
4537,4538,2023121001001281,SONA,33,16,10,313.00,3130.00
4538,4539,2023121005000113,NIFRA,44,57,10,195.00,1950.00
4539,4540,2023121005000112,NIFRA,5,57,32,195.00,6240.00
4540,4541,2023121001001280,PHCL,3,50,70,252.00,17640.00
4541,4542,2023121001001279,SONA,33,49,10,313.00,3130.00
4542,4543,2023121001001278,SONA,33,39,10,313.00,3130.00
4543,4544,2023121001001277,ILI,57,70,340,540.00,183600.00
4544,4545,2023121001001276,ILI,11,70,160,540.00,86400.00
4545,4546,2023121003000332,MFIL,41,18,69,514.00,35466.00
4546,4547,2023121003000331,MFIL,41,44,31,514.00,15934.00
4547,4548,2023121004000750,UMHL,16,41,20,190.70,3814.00
4548,4549,2023121003000330,NLIC,58,44,100,690.00,69000.00
4549,4550,2023121001001275,HDL,77,55,40,1668.00,66720.00
4550,4551,2023121004000749,SGIC,38,34,200,510.00,102000.00
4551,4552,2023121004000748,SGIC,43,34,50,510.00,25500.00
4552,4553,2023121004000747,SGIC,55,34,100,510.00,51000.00
4553,4554,2023121001001274,SONA,33,59,10,313.00,3130.00
4554,4555,2023121001001273,CLI,45,58,10,484.20,4842.00
4555,4556,2023121001001272,GBIME,13,13,102,202.50,20655.00
4556,4557,2023121001001271,HDL,21,21,15,1655.00,24825.00
4557,4558,2023121001001270,RNLI,42,21,10,502.00,5020.00
4558,4559,2023121003000329,MLBL,56,38,30,310.00,9300.00
4559,4560,2023121003000328,MLBL,56,36,10,310.00,3100.00
4560,4561,2023121003000327,MLBL,56,34,10,310.00,3100.00
4561,4562,2023121001001269,LSL,34,35,10,185.00,1850.00
4562,4563,2023121004000746,SSHL,14,21,100,143.00,14300.00
4563,4564,2023121001001268,SNLI,39,39,10,513.00,5130.00
4564,4565,2023121004000745,API,25,42,250,169.50,42375.00
4565,4566,2023121004000744,API,52,42,50,170.00,8500.00
4566,4567,2023121001001267,SONA,33,17,150,312.80,46920.00
4567,4568,2023121001001266,NABIL,58,38,20,525.10,10502.00
4568,4569,2023121001001265,SONA,5,17,100,312.80,31280.00
4569,4570,2023121004000743,NIL,35,29,12,835.00,10020.00
4570,4571,2023121005000111,CIT,45,51,26,2037.00,52962.00
4571,4572,2023121001001264,SNLI,34,70,50,515.00,25750.00
4572,4573,2023121004000742,AHPC,58,49,110,215.00,23650.00
4573,4574,2023121004000741,AHPC,49,49,90,215.10,19359.00
4574,4575,2023121004000740,SHL,59,49,500,437.00,218500.00
4575,4576,2023121004000739,SHL,46,49,1000,437.00,437000.00
4576,4577,2023121004000738,SHL,45,49,100,437.10,43710.00
4577,4578,2023121003000326,FOWAD,8,7,10,1052.00,10520.00
4578,4579,2023121001001263,TVCL,19,1,10,324.20,3242.00
4579,4580,2023121004000737,PMHPL,38,25,10,216.00,2160.00
4580,4581,2023121001001262,SMH,64,44,10,523.20,5232.00
4581,4582,2023121001001261,SONA,29,17,50,312.80,15640.00
4582,4583,2023121004000736,UMRH,29,41,100,289.00,28900.00
4583,4584,2023121004000735,UMRH,29,34,100,288.50,28850.00
4584,4585,2023121001001260,MCHL,14,21,10,247.00,2470.00
4585,4586,2023121001001259,NBL,13,35,470,246.00,115620.00
4586,4587,2023121001001258,NBL,13,6,30,245.90,7377.00
4587,4588,2023121001001257,NBL,13,43,1000,245.80,245800.00
4588,4589,2023121001001256,SONA,1,17,200,312.80,62560.00
4589,4590,2023121004000734,HPPL,3,29,10,212.00,2120.00
4590,4591,2023121001001255,BGWT,42,58,10,442.50,4425.00
4591,4592,2023121003000325,KSBBL,32,59,80,310.00,24800.00
4592,4593,2023121001001254,SHIVM,42,25,300,488.00,146400.00
4593,4594,2023121004000733,NICL,54,39,50,858.00,42900.00
4594,4595,2023121003000324,HLI,26,45,200,430.00,86000.00
4595,4596,2023121001001253,SHIVM,58,25,10,488.50,4885.00
4596,4597,2023121004000732,NHPC,48,58,10,145.00,1450.00
4597,4598,2023121004000731,NHPC,48,58,90,145.00,13050.00
4598,4599,2023121003000323,MNBBL,41,67,10,385.00,3850.00
4599,4600,2023121004000730,UPCL,49,65,60,188.10,11286.00
4600,4601,2023121005000110,STC,26,33,20,5070.00,101400.00
4601,4602,2023121003000322,GRDBL,62,22,70,321.30,22491.00
4602,4603,2023121001001252,PPL,88,58,700,225.00,157500.00
4603,4604,2023121001001251,PPL,43,58,1200,225.00,270000.00
4604,4605,2023121001001250,RNLI,42,58,10,502.00,5020.00
4605,4606,2023121001001249,SONA,58,6,10,312.00,3120.00
4606,4607,2023121004000729,SALICO,62,33,500,701.10,350550.00
4607,4608,2023121003000321,ALBSL,55,62,10,590.70,5907.00
4608,4609,2023121001001248,MEL,39,51,100,186.00,18600.00
4609,4610,2023121001001247,SONA,58,65,740,312.00,230880.00
4610,4611,2023121001001246,SONA,58,65,1260,313.00,394380.00
4611,4612,2023121001001245,TVCL,19,35,30,324.20,9726.00
4612,4613,2023121001001244,NIMB,17,4,180,182.00,32760.00
4613,4614,2023121004000728,LEC,21,77,1000,154.00,154000.00
4614,4615,2023121004000727,LEC,14,77,10,155.00,1550.00
4615,4616,2023121004000726,LEC,58,77,30,156.00,4680.00
4616,4617,2023121004000725,MEN,33,11,25,490.00,12250.00
4617,4618,2023121004000724,HDHPC,39,38,100,130.50,13050.00
4618,4619,2023121001001243,NRM,38,6,50,253.00,12650.00
4619,4620,2023121001001242,TAMOR,48,36,10,255.00,2550.00
4620,4621,2023121004000723,NICL,54,34,10,858.00,8580.00
4621,4622,2023121001001241,SNLI,33,70,100,515.00,51500.00
4622,4623,2023121001001240,SNLI,22,70,25,515.00,12875.00
4623,4624,2023121001001239,SNLI,11,70,80,516.00,41280.00
4624,4625,2023121004000722,SHL,45,49,400,437.10,174840.00
4625,4626,2023121001001238,NABIL,42,45,10,527.00,5270.00
4626,4627,2023121001001237,MBL,17,1,50,188.50,9425.00
4627,4628,2023121001001236,MEHL,14,58,655,222.00,145410.00
4628,4629,2023121005000109,NRN,6,44,90,320.00,28800.00
4629,4630,2023121005000108,HIDCL,1,53,47,169.70,7975.90
4630,4631,2023121001001235,RAWA,22,71,900,385.00,346500.00
4631,4632,2023121001001234,RAWA,22,71,100,384.00,38400.00
4632,4633,2023121001001233,PHCL,21,6,200,252.00,50400.00
4633,4634,2023121001001232,RNLI,42,36,10,502.00,5020.00
4634,4635,2023121001001231,RNLI,42,38,10,502.00,5020.00
4635,4636,2023121001001230,RNLI,42,16,50,502.00,25100.00
4636,4637,2023121001001229,SONA,58,49,240,313.00,75120.00
4637,4638,2023121001001228,EHPL,51,74,10,335.60,3356.00
4638,4639,2023121003000320,NLICL,57,1,10,600.00,6000.00
4639,4640,2023121001001227,SONA,32,49,260,313.00,81380.00
4640,4641,2023121001001226,SONA,32,42,300,313.00,93900.00
4641,4642,2023121001001225,SONA,32,55,10,313.00,3130.00
4642,4643,2023121001001224,SONA,32,48,10,313.00,3130.00
4643,4644,2023121001001223,SONA,32,44,400,313.00,125200.00
4644,4645,2023121001001222,SONA,32,36,10,313.00,3130.00
4645,4646,2023121001001221,SONA,32,36,10,313.00,3130.00
4646,4647,2023121001001220,KBL,7,13,100,157.00,15700.00
4647,4648,2023121001001219,KBL,77,13,200,157.00,31400.00
4648,4649,2023121005000107,HIDCL,1,53,90,169.70,15273.00
4649,4650,2023121001001218,RNLI,39,35,10,501.00,5010.00
4650,4651,2023121001001217,IHL,42,20,10,242.50,2425.00
4651,4652,2023121001001216,IHL,42,20,10,242.50,2425.00
4652,4653,2023121001001215,IHL,42,48,10,242.50,2425.00
4653,4654,2023121005000106,NIFRA,5,58,64,195.00,12480.00
4654,4655,2023121001001214,AHL,43,58,10,351.00,3510.00
4655,4656,2023121003000319,NLICL,57,1,20,600.00,12000.00
4656,4657,2023121004000721,MEN,45,11,20,490.00,9800.00
4657,4658,2023121004000720,SALICO,62,33,500,701.10,350550.00
4658,4659,2023121003000318,MFIL,49,44,69,514.00,35466.00
4659,4660,2023121003000317,MFIL,49,13,300,514.00,154200.00
4660,4661,2023121003000316,MFIL,49,55,31,513.90,15930.90
4661,4662,2023121003000315,NLICL,57,1,70,600.00,42000.00
4662,4663,2023121003000314,NLIC,57,44,115,690.00,79350.00
4663,4664,2023121003000313,NLIC,41,44,200,690.00,138000.00
4664,4665,2023121001001213,HATHY,59,44,200,480.00,96000.00
4665,4666,2023121003000312,SHINE,33,33,100,368.50,36850.00
4666,4667,2023121004000719,HDHPC,6,65,450,131.00,58950.00
4667,4668,2023121001001212,SMH,74,57,10,513.00,5130.00
4668,4669,2023121001001211,SONA,58,39,10,312.00,3120.00
4669,4670,2023121001001210,SONA,58,49,1400,312.00,436800.00
4670,4671,2023121001001209,SONA,4,49,100,312.90,31290.00
4671,4672,2023121001001208,ILI,33,7,90,541.00,48690.00
4672,4673,2023121001001207,ILI,39,7,30,544.00,16320.00
4673,4674,2023121001001206,SONA,4,35,10,312.90,3129.00
4674,4675,2023121001001205,SONA,4,28,330,312.90,103257.00
4675,4676,2023121001001204,SONA,58,38,10,312.00,3120.00
4676,4677,2023121001001203,CITY,5,5,10,574.00,5740.00
4677,4678,2023121001001202,TVCL,19,43,20,324.20,6484.00
4678,4679,2023121004000718,HDHPC,39,11,100,130.50,13050.00
4679,4680,2023121001001201,RNLI,41,16,100,502.00,50200.00
4680,4681,2023121004000717,API,37,34,50,170.00,8500.00
4681,4682,2023121004000716,SGIC,72,65,150,513.00,76950.00
4682,4683,2023121004000715,SGIC,72,34,50,510.00,25500.00
4683,4684,2023121001001200,SONA,58,48,100,312.00,31200.00
4684,4685,2023121001001199,SONA,58,32,10,312.00,3120.00
4685,4686,2023121003000311,SJLIC,17,44,49,545.00,26705.00
4686,4687,2023121003000310,SJLIC,17,19,20,537.50,10750.00
4687,4688,2023121003000309,SJLIC,17,57,20,537.00,10740.00
4688,4689,2023121003000308,SJLIC,17,43,11,536.90,5905.90
4689,4690,2023121001001198,SONA,58,84,10,312.00,3120.00
4690,4691,2023121001001197,TVCL,19,33,20,324.20,6484.00
4691,4692,2023121004000714,MEN,35,11,100,490.00,49000.00
4692,4693,2023121003000307,HLI,57,45,300,430.00,129000.00
4693,4694,2023121005000105,NIFRA,5,38,100,195.00,19500.00
4694,4695,2023121003000306,GMFIL,38,49,10,336.40,3364.00
4695,4696,2023121001001196,TAMOR,59,49,10,248.10,2481.00
4696,4697,2023121004000713,AKPL,40,50,1000,171.00,171000.00
4697,4698,2023121001001195,NBL,35,22,33,244.00,8052.00
4698,4699,2023121004000712,PRIN,35,25,50,698.00,34900.00
4699,4700,2023121004000711,NLG,34,52,50,811.00,40550.00
4700,4701,2023121004000710,NLG,34,51,20,810.00,16200.00
4701,4702,2023121001001194,CLI,38,34,10,483.30,4833.00
4702,4703,2023121001001193,ILI,39,22,10,544.00,5440.00
4703,4704,2023121001001192,ILI,39,29,10,544.00,5440.00
4704,4705,2023121001001191,ILI,39,35,10,544.00,5440.00
4705,4706,2023121001001190,ILI,39,57,40,544.00,21760.00
4706,4707,2023121001001189,TVCL,19,18,30,324.20,9726.00
4707,4708,2023121001001188,HIDCLP,57,55,2000,101.50,203000.00
4708,4709,2023121005000104,NRIC,39,63,30,650.00,19500.00
4709,4710,2023121001001187,TVCL,48,22,20,324.20,6484.00
4710,4711,2023121001001186,TVCL,14,22,10,324.20,3242.00
4711,4712,2023121001001185,PRVU,35,58,100,164.20,16420.00
4712,4713,2023121001001184,PRVU,35,33,10,164.20,1642.00
4713,4714,2023121001001183,SONA,58,59,10,312.00,3120.00
4714,4715,2023121004000709,SICL,56,34,10,758.80,7588.00
4715,4716,2023121004000708,UPCL,34,34,200,187.00,37400.00
4716,4717,2023121004000707,UPCL,34,40,200,187.00,37400.00
4717,4718,2023121004000706,UPCL,34,38,730,187.00,136510.00
4718,4719,2023121001001182,SONA,58,49,10,312.00,3120.00
4719,4720,2023121005000103,NRN,21,44,200,320.00,64000.00
4720,4721,2023121001001181,MBJC,42,62,100,272.50,27250.00
4721,4722,2023121004000705,AHPC,58,11,100,215.00,21500.00
4722,4723,2023121001001180,TVCL,14,43,20,324.20,6484.00
4723,4724,2023121004000704,UMHL,6,41,30,190.70,5721.00
4724,4725,2023121004000703,NHPC,49,29,860,144.10,123926.00
4725,4726,2023121004000702,NHPC,56,29,50,144.20,7210.00
4726,4727,2023121004000701,NHPC,35,29,90,145.00,13050.00
4727,4728,2023121001001179,SHIVM,1,33,50,489.00,24450.00
4728,4729,2023121004000700,UNHPL,58,11,10,173.40,1734.00
4729,4730,2023121003000305,HLI,39,45,96,431.10,41385.60
4730,4731,2023121001001178,NRM,32,34,500,249.00,124500.00
4731,4732,2023121001001177,NRM,59,34,200,249.20,49840.00
4732,4733,2023121001001176,KBL,35,40,500,158.00,79000.00
4733,4734,2023121001001175,CLI,84,6,500,485.00,242500.00
4734,4735,2023121001001174,MEL,59,4,100,184.50,18450.00
4735,4736,2023121001001173,SONA,58,58,10,312.00,3120.00
4736,4737,2023121003000304,FMDBL,34,59,100,603.40,60340.00
4737,4738,2023121003000303,HLI,39,74,304,430.00,130720.00
4738,4739,2023121001001172,ILI,33,21,10,541.00,5410.00
4739,4740,2023121001001171,NBL,13,22,140,245.00,34300.00
4740,4741,2023121004000699,API,42,42,1,167.00,167.00
4741,4742,2023121001001170,HATHY,34,17,980,482.50,472850.00
4742,4743,2023121004000698,AKPL,11,50,820,171.00,140220.00
4743,4744,2023121004000697,AKPL,11,33,1000,170.00,170000.00
4744,4745,2023121004000696,AKPL,11,6,180,169.30,30474.00
4745,4746,2023121001001169,NRM,19,45,500,252.90,126450.00
4746,4747,2023121003000302,LICN,50,59,100,1395.00,139500.00
4747,4748,2023121004000695,SPIL,62,35,68,747.00,50796.00
4748,4749,2023121004000694,SPIL,62,32,20,734.00,14680.00
4749,4750,2023121004000693,SPIL,62,58,200,733.30,146660.00
4750,4751,2023121004000692,SPIL,62,64,100,733.00,73300.00
4751,4752,2023121004000691,SPIL,62,45,312,733.00,228696.00
4752,4753,2023121004000690,SPIL,62,45,300,732.80,219840.00
4753,4754,2023121004000689,LEC,57,47,200,156.00,31200.00
4754,4755,2023121004000688,NHPC,35,14,10,145.00,1450.00
4755,4756,2023121004000687,NHPC,28,14,10,145.00,1450.00
4756,4757,2023121003000301,CORBL,14,34,100,346.00,34600.00
4757,4758,2023121001001168,SMHL,17,26,10,343.70,3437.00
4758,4759,2023121001001167,SPHL,35,45,65,410.00,26650.00
4759,4760,2023121001001166,HDL,40,50,30,1670.00,50100.00
4760,4761,2023121001001165,HDL,39,50,10,1670.00,16700.00
4761,4762,2023121001001164,CLI,35,25,110,483.00,53130.00
4762,4763,2023121001001163,CLI,4,25,89,483.20,43004.80
4763,4764,2023121001001162,SNLI,11,25,10,516.00,5160.00
4764,4765,2023121003000300,KRBL,28,32,18,297.00,5346.00
4765,4766,2023121003000299,MPFL,34,49,100,297.00,29700.00
4766,4767,2023121003000298,MPFL,34,49,50,296.50,14825.00
4767,4768,2023121003000297,MPFL,34,25,100,296.00,29600.00
4768,4769,2023121001001161,GBIME,13,13,38,202.50,7695.00
4769,4770,2023121005000102,NRN,58,44,400,320.00,128000.00
4770,4771,2023121005000101,NRN,22,44,30,320.00,9600.00
4771,4772,2023121005000100,NRN,42,44,200,320.00,64000.00
4772,4773,2023121005000099,NRN,33,44,80,320.00,25600.00
4773,4774,2023121004000686,HEI,34,33,400,553.00,221200.00
4774,4775,2023121004000685,API,45,34,117,170.00,19890.00
4775,4776,2023121001001160,GBIME,28,28,38,198.60,7546.80
4776,4777,2023121001001159,GCIL,6,34,20,430.00,8600.00
4777,4778,2023121001001158,SONA,58,39,10,312.00,3120.00
4778,4779,2023121001001157,SONA,58,49,10,312.00,3120.00
4779,4780,2023121001001156,NBL,13,43,1390,245.00,340550.00
4780,4781,2023121001001155,NBL,13,35,420,244.90,102858.00
4781,4782,2023121001001154,NBL,13,6,30,244.80,7344.00
4782,4783,2023121001001153,NBL,13,43,520,244.80,127296.00
4783,4784,2023121003000296,SJLIC,54,57,30,537.00,16110.00
4784,4785,2023121001001152,DOLTI,44,65,30,221.00,6630.00
4785,4786,2023121004000684,LEC,55,42,50,157.00,7850.00
4786,4787,2023121001001151,CLI,4,38,10,483.20,4832.00
4787,4788,2023121005000098,NIFRA,41,34,50,195.00,9750.00
4788,4789,2023121001001150,CLI,4,14,100,483.20,48320.00
4789,4790,2023121001001149,SMJC,65,65,10,273.60,2736.00
4790,4791,2023121001001148,SONA,59,28,500,312.90,156450.00
4791,4792,2023121005000097,CIT,1,59,105,2020.00,212100.00
4792,4793,2023121004000683,NHDL,49,43,10,349.50,3495.00
4793,4794,2023121001001147,SGHC,22,56,150,240.00,36000.00
4794,4795,2023121004000682,RIDI,42,11,100,195.00,19500.00
4795,4796,2023121003000295,NLICL,57,44,80,600.00,48000.00
4796,4797,2023121003000294,NLICL,57,38,100,599.00,59900.00
4797,4798,2023121004000681,PMHPL,38,29,10,212.00,2120.00
4798,4799,2023121001001146,PRVU,32,40,430,164.00,70520.00
4799,4800,2023121004000680,SHL,29,34,200,438.00,87600.00
4800,4801,2023121004000679,API,38,34,224,170.00,38080.00
4801,4802,2023121004000678,API,57,34,100,170.10,17010.00
4802,4803,2023121004000677,API,88,34,500,171.10,85550.00
4803,4804,2023121003000293,LLBS,14,53,10,661.90,6619.00
4804,4805,2023121001001145,TVCL,14,56,20,324.20,6484.00
4805,4806,2023121001001144,MEL,58,35,100,184.00,18400.00
4806,4807,2023121001001143,RNLI,67,16,50,502.00,25100.00
4807,4808,2023121001001142,MHL,45,64,100,352.80,35280.00
4808,4809,2023121001001141,PPL,43,17,800,225.00,180000.00
4809,4810,2023121001001140,HATHY,34,72,20,480.00,9600.00
4810,4811,2023121001001139,ILI,11,1,140,540.00,75600.00
4811,4812,2023121001001138,ILI,45,1,200,540.00,108000.00
4812,4813,2023121001001137,ILI,46,1,90,541.00,48690.00
4813,4814,2023121001001136,ILI,16,1,70,542.00,37940.00
4814,4815,2023121001001135,HBL,49,22,10,201.90,2019.00
4815,4816,2023121001001134,HATHY,33,72,90,481.50,43335.00
4816,4817,2023121001001133,HATHY,64,72,1000,482.00,482000.00
4817,4818,2023121001001132,HATHY,49,72,20,482.00,9640.00
4818,4819,2023121003000292,NLIC,6,25,100,691.50,69150.00
4819,4820,2023121001001131,NESDO,52,45,20,1487.00,29740.00
4820,4821,2023121001001130,SPHL,45,45,10,410.00,4100.00
4821,4822,2023121001001129,MMKJL,50,58,10,289.60,2896.00
4822,4823,2023121005000096,NTC,20,57,50,885.00,44250.00
4823,4824,2023121005000095,NTC,20,51,25,880.00,22000.00
4824,4825,2023121005000094,NTC,20,37,25,880.00,22000.00
4825,4826,2023121001001128,TVCL,14,28,30,324.20,9726.00
4826,4827,2023121004000676,IGI,28,58,75,523.00,39225.00
4827,4828,2023121004000675,UMHL,16,41,10,190.70,1907.00
4828,4829,2023121001001127,SNLI,11,41,10,516.00,5160.00
4829,4830,2023121003000291,HLI,67,74,100,430.00,43000.00
4830,4831,2023121003000290,HLI,45,74,596,431.00,256876.00
4831,4832,2023121001001126,NIMB,17,49,20,181.00,3620.00
4832,4833,2023121001001125,PRVU,6,40,50,164.00,8200.00
4833,4834,2023121001001124,NMB,32,25,130,204.10,26533.00
4834,4835,2023121001001123,NMB,32,52,100,204.00,20400.00
4835,4836,2023121001001122,NMB,32,25,130,204.00,26520.00
4836,4837,2023121001001121,NMB,32,45,12,204.00,2448.00
4837,4838,2023121004000674,NGPL,8,54,10,203.50,2035.00
4838,4839,2023121001001120,HHL,1,53,10,220.00,2200.00
4839,4840,2023121004000673,GLH,39,41,10,210.00,2100.00
4840,4841,2023121004000672,API,88,32,500,171.00,85500.00
4841,4842,2023121004000671,HDHPC,35,65,60,131.00,7860.00
4842,4843,2023121001001119,CLI,4,48,10,483.20,4832.00
4843,4844,2023121003000289,HLI,45,28,394,431.00,169814.00
4844,4845,2023121003000288,HLI,45,28,10,431.00,4310.00
4845,4846,2023121001001118,SHIVM,25,33,10,489.00,4890.00
4846,4847,2023121001001117,NIMB,39,49,80,181.00,14480.00
4847,4848,2023121001001116,NIMB,39,56,20,181.00,3620.00
4848,4849,2023121001001115,BEDC,41,16,50,225.00,11250.00
4849,4850,2023121001001114,BEDC,41,32,10,225.00,2250.00
4850,4851,2023121003000287,RLFL,16,36,200,332.50,66500.00
4851,4852,2023121003000286,RLFL,16,6,13,332.00,4316.00
4852,4853,2023121003000285,RLFL,16,16,65,332.00,21580.00
4853,4854,2023121001001113,SONA,58,84,10,312.00,3120.00
4854,4855,2023121004000670,CHCL,4,36,500,511.00,255500.00
4855,4856,2023121001001112,RNLI,67,33,1950,502.00,978900.00
4856,4857,2023121001001111,RNLI,59,33,10,502.00,5020.00
4857,4858,2023121001001110,RNLI,11,33,40,502.00,20080.00
4858,4859,2023121004000669,AKPL,58,6,200,169.00,33800.00
4859,4860,2023121004000668,PRIN,57,38,10,698.00,6980.00
4860,4861,2023121004000667,API,4,32,500,171.00,85500.00
4861,4862,2023121003000284,NLICL,14,44,100,600.00,60000.00
4862,4863,2023121001001109,MHL,45,71,100,352.80,35280.00
4863,4864,2023121001001108,SONA,58,59,10,312.00,3120.00
4864,4865,2023121001001107,TVCL,14,4,20,324.20,6484.00
4865,4866,2023121004000666,UAIL,22,53,100,610.00,61000.00
4866,4867,2023121001001106,SONA,58,38,10,312.00,3120.00
4867,4868,2023121001001105,SONA,58,38,10,312.00,3120.00
4868,4869,2023121001001104,SONA,58,58,130,312.00,40560.00
4869,4870,2023121001001103,SONA,58,38,10,312.00,3120.00
4870,4871,2023121001001102,SONA,58,84,10,312.00,3120.00
4871,4872,2023121001001101,SONA,58,25,100,312.00,31200.00
4872,4873,2023121001001100,SONA,58,65,2000,312.00,624000.00
4873,4874,2023121001001099,SONA,58,7,10,312.00,3120.00
4874,4875,2023121001001098,SONA,58,4,310,311.90,96689.00
4875,4876,2023121004000665,SGIC,43,34,450,510.00,229500.00
4876,4877,2023121004000664,SGIC,43,8,50,509.00,25450.00
4877,4878,2023121004000663,API,52,14,50,172.00,8600.00
4878,4879,2023121001001097,CLI,4,42,10,483.20,4832.00
4879,4880,2023121001001096,MBL,35,25,13,188.70,2453.10
4880,4881,2023121001001095,SONA,4,16,10,311.00,3110.00
4881,4882,2023121001001094,ILI,46,57,10,541.00,5410.00
4882,4883,2023121001001093,TVCL,14,32,20,324.20,6484.00
4883,4884,2023121004000662,MHNL,35,34,10,193.40,1934.00
4884,4885,2023121001001092,SONA,4,58,10,311.00,3110.00
4885,4886,2023121004000661,SGIC,70,8,50,509.00,25450.00
4886,4887,2023121004000660,HEI,34,63,100,550.00,55000.00
4887,4888,2023121004000659,HDHPC,39,65,200,131.00,26200.00
4888,4889,2023121001001091,KBL,39,6,800,158.10,126480.00
4889,4890,2023121004000658,UMRH,55,58,620,290.00,179800.00
4890,4891,2023121004000657,UMRH,55,38,50,290.00,14500.00
4891,4892,2023121004000656,UMRH,55,6,50,290.00,14500.00
4892,4893,2023121001001090,SHIVM,42,33,100,489.00,48900.00
4893,4894,2023121001001089,HDL,21,25,105,1672.00,175560.00
4894,4895,2023121001001088,TVCL,14,38,20,324.20,6484.00
4895,4896,2023121001001087,NIMB,52,56,30,181.00,5430.00
4896,4897,2023121001001086,PRVU,47,40,20,164.00,3280.00
4897,4898,2023121001001085,MEHL,14,48,80,222.00,17760.00
4898,4899,2023121001001084,NABIL,14,45,100,529.00,52900.00
4899,4900,2023121001001083,SONA,4,44,10,311.00,3110.00
4900,4901,2023121004000655,UPPER,51,42,50,203.00,10150.00
4901,4902,2023121001001082,EBL,35,28,39,494.10,19269.90
4902,4903,2023121001001081,EBL,35,51,61,494.10,30140.10
4903,4904,2023121001001080,GBIME,45,28,10,198.60,1986.00
4904,4905,2023121001001079,RFPL,34,71,10,228.40,2284.00
4905,4906,2023121001001078,RFPL,34,6,100,228.00,22800.00
4906,4907,2023121001001077,RFPL,34,35,50,227.00,11350.00
4907,4908,2023121004000654,HEI,17,63,100,550.00,55000.00
4908,4909,2023121004000653,HEI,38,63,300,550.10,165030.00
4909,4910,2023121004000652,HEI,48,63,500,552.00,276000.00
4910,4911,2023121001001076,IHL,39,21,10,238.10,2381.00
4911,4912,2023121001001075,SHIVM,32,49,200,489.00,97800.00
4912,4913,2023121001001074,SONA,4,49,10,311.00,3110.00
4913,4914,2023121005000093,CIT,1,17,75,2020.00,151500.00
4914,4915,2023121003000283,PROFL,34,22,90,300.00,27000.00
4915,4916,2023121001001073,RFPL,68,19,100,226.00,22600.00
4916,4917,2023121004000651,MEN,17,64,1583,493.00,780419.00
4917,4918,2023121004000650,MEN,17,45,177,492.90,87243.30
4918,4919,2023121004000649,MEN,17,1,1000,492.80,492800.00
4919,4920,2023121004000648,MEN,17,48,100,492.00,49200.00
4920,4921,2023121004000647,MEN,17,48,440,492.00,216480.00
4921,4922,2023121004000646,MEN,17,62,50,492.00,24600.00
4922,4923,2023121004000645,MEN,17,56,450,491.90,221355.00
4923,4924,2023121004000644,MEN,17,64,200,491.00,98200.00
4924,4925,2023121003000282,PROFL,57,33,20,301.00,6020.00
4925,4926,2023121001001072,SONA,4,39,10,311.00,3110.00
4926,4927,2023121001001071,SMJC,65,65,10,268.30,2683.00
4927,4928,2023121001001070,SMJC,65,32,10,263.10,2631.00
4928,4929,2023121004000643,AKJCL,36,45,2000,160.00,320000.00
4929,4930,2023121001001069,SRLI,62,45,500,502.00,251000.00
4930,4931,2023121001001068,SRLI,62,59,100,501.00,50100.00
4931,4932,2023121001001067,CLI,34,70,195,484.00,94380.00
4932,4933,2023121003000281,HLI,26,28,900,431.00,387900.00
4933,4934,2023121001001066,NIMB,3,56,100,181.00,18100.00
4934,4935,2023121004000642,UMRH,42,6,850,290.00,246500.00
4935,4936,2023121001001065,TVCL,14,59,30,324.20,9726.00
4936,4937,2023121001001064,TVCL,14,45,20,324.20,6484.00
4937,4938,2023121003000280,SFCL,38,45,10,279.20,2792.00
4938,4939,2023121001001063,NYADI,58,52,10,205.00,2050.00
4939,4940,2023121001001062,TVCL,14,39,30,324.20,9726.00
4940,4941,2023121001001061,SONA,4,49,10,311.00,3110.00
4941,4942,2023121001001060,SONA,4,49,10,311.00,3110.00
4942,4943,2023121004000641,CHCL,45,36,10,511.00,5110.00
4943,4944,2023121004000640,CHCL,40,36,80,511.00,40880.00
4944,4945,2023121005000092,NIFRA,35,38,469,196.90,92346.10
4945,4946,2023121005000091,NIFRA,35,6,300,196.00,58800.00
4946,4947,2023121005000090,NIFRA,35,34,231,196.00,45276.00
4947,4948,2023121001001059,SONA,4,35,10,311.00,3110.00
4948,4949,2023121001001058,MEHL,45,48,20,222.00,4440.00
4949,4950,2023121004000639,CHCL,57,8,50,511.10,25555.00
4950,4951,2023121001001057,BGWT,25,58,700,450.00,315000.00
4951,4952,2023121001001056,HDL,49,34,12,1674.00,20088.00
4952,4953,2023121001001055,HDL,80,34,10,1674.00,16740.00
4953,4954,2023121003000279,SADBL,67,21,10,279.70,2797.00
4954,4955,2023121001001054,SONA,4,54,10,311.00,3110.00
4955,4956,2023121005000089,CIT,29,17,10,2020.00,20200.00
4956,4957,2023121001001053,NBL,55,49,180,243.00,43740.00
4957,4958,2023121001001052,SONA,4,7,10,311.00,3110.00
4958,4959,2023121001001051,SONA,4,49,10,311.00,3110.00
4959,4960,2023121005000088,NIFRA,59,34,10,196.00,1960.00
4960,4961,2023121005000087,NRN,5,5,500,324.90,162450.00
4961,4962,2023121003000278,RSDC,62,62,10,527.30,5273.00
4962,4963,2023121001001050,MEL,16,42,500,184.00,92000.00
4963,4964,2023121004000638,MEN,42,64,800,491.00,392800.00
4964,4965,2023121001001049,PHCL,45,41,10,248.00,2480.00
4965,4966,2023121001001048,RNLI,8,25,10,502.50,5025.00
4966,4967,2023121001001047,RNLI,45,25,30,502.60,15078.00
4967,4968,2023121004000637,API,58,42,230,172.90,39767.00
4968,4969,2023121004000636,PMHPL,38,29,10,208.00,2080.00
4969,4970,2023121003000277,SHINE,55,84,500,369.00,184500.00
4970,4971,2023121004000635,UNHPL,49,11,10,170.00,1700.00
4971,4972,2023121004000634,UMRH,53,6,100,290.00,29000.00
4972,4973,2023121004000633,HDHPC,58,65,500,131.00,65500.00
4973,4974,2023121003000276,GRDBL,28,22,10,325.00,3250.00
4974,4975,2023121001001046,PRVU,22,34,100,162.10,16210.00
4975,4976,2023121001001045,LSL,34,35,10,182.00,1820.00
4976,4977,2023121001001044,MHCL,32,71,200,251.00,50200.00
4977,4978,2023121004000632,NHPC,49,42,210,146.00,30660.00
4978,4979,2023121001001043,TVCL,14,42,30,324.20,9726.00
4979,4980,2023121001001042,SONA,70,16,10,310.20,3102.00
4980,4981,2023121001001041,SONA,70,59,10,310.20,3102.00
4981,4982,2023121001001040,RNLI,45,25,50,502.60,25130.00
4982,4983,2023121004000631,AHPC,58,20,10,215.00,2150.00
4983,4984,2023121003000275,LICN,49,59,75,1395.00,104625.00
4984,4985,2023121003000274,LICN,55,59,120,1395.00,167400.00
4985,4986,2023121003000273,LICN,39,59,100,1398.00,139800.00
4986,4987,2023121003000272,LICN,19,59,10,1400.00,14000.00
4987,4988,2023121003000271,LICN,58,59,35,1400.00,49000.00
4988,4989,2023121003000270,LICN,66,59,300,1400.00,420000.00
4989,4990,2023121003000269,LICN,28,59,20,1400.00,28000.00
4990,4991,2023121001001039,GBIME,41,45,10,197.00,1970.00
4991,4992,2023121001001038,ILI,53,57,10,544.00,5440.00
4992,4993,2023121003000268,ALICL,52,54,100,662.00,66200.00
4993,4994,2023121001001037,RNLI,45,29,10,502.60,5026.00
4994,4995,2023121003000267,ILBS,48,57,100,577.00,57700.00
4995,4996,2023121003000266,NLIC,57,59,10,688.00,6880.00
4996,4997,2023121001001036,HATHY,13,58,20,483.00,9660.00
4997,4998,2023121001001035,CLI,38,70,200,484.00,96800.00
4998,4999,2023121001001034,NBL,34,49,20,243.00,4860.00
4999,5000,2023121003000265,PROFL,34,21,10,300.00,3000.00
5000,5001,2023121004000630,HDHPC,39,65,528,131.00,69168.00
5001,5002,2023121004000629,HDHPC,71,65,112,132.00,14784.00
5002,5003,2023121004000628,UMRH,4,50,35,290.70,10174.50
5003,5004,2023121004000627,HPPL,66,3,75,208.00,15600.00
5004,5005,2023121001001033,ILI,53,63,90,544.00,48960.00
5005,5006,2023121001001032,ILI,57,63,10,544.00,5440.00
5006,5007,2023121001001031,CZBIL,57,21,100,168.00,16800.00
5007,5008,2023121005000086,CIT,54,17,23,2020.00,46460.00
5008,5009,2023121005000085,CIT,54,14,17,2017.00,34289.00
5009,5010,2023121001001030,CZBIL,49,13,418,169.00,70642.00
5010,5011,2023121001001029,CZBIL,49,13,1000,168.90,168900.00
5011,5012,2023121001001028,CZBIL,49,59,80,168.90,13512.00
5012,5013,2023121001001027,CZBIL,49,13,489,168.90,82592.10
5013,5014,2023121001001026,CZBIL,49,16,13,168.50,2190.50
5014,5015,2023121003000264,ICFC,56,36,90,468.10,42129.00
5015,5016,2023121001001025,ILI,17,48,100,545.00,54500.00
5016,5017,2023121003000263,GRDBL,62,38,400,321.30,128520.00
5017,5018,2023121001001024,SHIVM,32,81,300,489.00,146700.00
5018,5019,2023121003000262,HLI,1,28,40,431.00,17240.00
5019,5020,2023121003000261,HLI,57,28,50,431.00,21550.00
5020,5021,2023121003000260,HLI,58,28,800,431.00,344800.00
5021,5022,2023121003000259,HLI,42,28,200,431.00,86200.00
5022,5023,2023121003000258,HLI,52,28,2000,431.00,862000.00
5023,5024,2023121001001023,SONA,21,58,10,310.00,3100.00
5024,5025,2023121004000626,AKPL,14,6,20,169.30,3386.00
5025,5026,2023121005000084,HIDCL,1,47,140,169.50,23730.00
5026,5027,2023121004000625,NICL,59,3,20,851.00,17020.00
5027,5028,2023121004000624,NICL,68,3,200,851.00,170200.00
5028,5029,2023121001001022,HEIP,50,68,500,383.00,191500.00
5029,5030,2023121001001021,HEIP,3,68,500,383.10,191550.00
5030,5031,2023121001001020,RFPL,42,58,60,225.30,13518.00
5031,5032,2023121001001019,MMKJL,50,16,50,289.00,14450.00
5032,5033,2023121001001018,UHEWA,48,74,14,288.60,4040.40
5033,5034,2023121001001017,UHEWA,48,58,60,288.00,17280.00
5034,5035,2023121001001016,UHEWA,48,14,86,284.00,24424.00
5035,5036,2023121001001015,UHEWA,48,45,40,283.00,11320.00
5036,5037,2023121003000257,HLI,49,25,100,434.00,43400.00
5037,5038,2023121001001014,SHIVM,10,81,200,489.00,97800.00
5038,5039,2023121003000256,FMDBL,19,18,200,603.00,120600.00
5039,5040,2023121001001013,GBIME,6,28,30,198.60,5958.00
5040,5041,2023121001001012,GBIME,45,28,10,198.60,1986.00
5041,5042,2023121004000623,MHNL,34,34,10,193.40,1934.00
5042,5043,2023121001001011,SONA,21,49,10,310.00,3100.00
5043,5044,2023121001001010,ILI,42,48,300,545.00,163500.00
5044,5045,2023121003000255,NLICL,67,44,820,600.00,492000.00
5045,5046,2023121003000254,NLICL,67,1,100,599.90,59990.00
5046,5047,2023121003000253,NLICL,67,18,80,599.90,47992.00
5047,5048,2023121001001009,MMKJL,50,34,410,289.00,118490.00
5048,5049,2023121001001008,MMKJL,50,49,10,288.00,2880.00
5049,5050,2023121004000622,NICL,38,39,50,864.00,43200.00
5050,5051,2023121004000621,API,38,1,1092,170.00,185640.00
5051,5052,2023121001001007,SBI,44,44,10,310.70,3107.00
5052,5053,2023121004000620,HDHPC,71,42,500,132.00,66000.00
5053,5054,2023121001001006,TVCL,14,16,20,324.20,6484.00
5054,5055,2023121001001005,KBL,4,6,200,158.10,31620.00
5055,5056,2023121004000619,UPCL,62,38,270,187.00,50490.00
5056,5057,2023121004000618,UPCL,62,38,730,187.00,136510.00
5057,5058,2023121003000252,JBBL,58,19,200,290.00,58000.00
5058,5059,2023121001001004,SONA,21,86,670,310.00,207700.00
5059,5060,2023121001001003,SONA,59,86,30,310.00,9300.00
5060,5061,2023121001001002,SONA,42,86,300,310.10,93030.00
5061,5062,2023121004000617,SGIC,59,62,465,514.00,239010.00
5062,5063,2023121004000616,SGIC,59,19,25,514.00,12850.00
5063,5064,2023121004000615,SGIC,59,7,10,510.00,5100.00
5064,5065,2023121001001001,ANLB,18,59,10,1620.00,16200.00
5065,5066,2023121005000083,CIT,43,17,40,2020.00,80800.00
5066,5067,2023121001001000,HDL,80,41,12,1674.00,20088.00
5067,5068,2023121001000999,ILI,6,16,300,546.00,163800.00
5068,5069,2023121001000998,HHL,1,53,10,216.00,2160.00
5069,5070,2023121001000997,HDL,41,41,10,1674.00,16740.00
5070,5071,2023121003000251,DDBL,42,14,100,720.00,72000.00
5071,5072,2023121001000996,CZBIL,43,16,25,168.80,4220.00
5072,5073,2023121005000082,NRIC,72,74,85,655.00,55675.00
5073,5074,2023121001000995,SNLI,57,16,10,517.00,5170.00
5074,5075,2023121001000994,SNLI,57,70,32,516.00,16512.00
5075,5076,2023121001000993,SNLI,34,70,18,516.00,9288.00
5076,5077,2023121003000250,KSBBL,32,59,20,310.00,6200.00
5077,5078,2023121004000614,SGIC,68,7,490,510.00,249900.00
5078,5079,2023121004000613,AKPL,58,62,500,169.00,84500.00
5079,5080,2023121001000992,SANIMA,19,49,10,239.10,2391.00
5080,5081,2023121004000612,HDHPC,71,22,1262,132.00,166584.00
5081,5082,2023121004000611,HDHPC,71,4,88,131.00,11528.00
5082,5083,2023121004000610,HDHPC,71,74,38,131.00,4978.00
5083,5084,2023121004000609,SSHL,42,14,100,144.90,14490.00
5084,5085,2023121004000608,SHL,59,1,300,438.00,131400.00
5085,5086,2023121004000607,AKJCL,17,45,300,160.00,48000.00
5086,5087,2023121004000606,AKJCL,49,45,500,162.00,81000.00
5087,5088,2023121001000991,PHCL,45,6,20,247.50,4950.00
5088,5089,2023121001000990,SIKLES,57,59,20,410.90,8218.00
5089,5090,2023121001000989,CLI,39,62,134,489.00,65526.00
5090,5091,2023121001000988,CLI,57,62,40,489.50,19580.00
5091,5092,2023121005000081,NRIC,72,56,100,655.00,65500.00
5092,5093,2023121005000080,HIDCL,38,11,250,169.80,42450.00
5093,5094,2023121004000605,AKJCL,58,16,80,162.60,13008.00
5094,5095,2023121001000987,HATHY,58,63,50,485.00,24250.00
5095,5096,2023121004000604,CHCL,40,1,10,511.00,5110.00
5096,5097,2023121001000986,SMJC,65,65,10,263.10,2631.00
5097,5098,2023121001000985,SNLI,34,59,32,516.00,16512.00
5098,5099,2023121003000249,SWBBL,62,35,10,693.00,6930.00
5099,5100,2023121001000984,CLI,57,56,40,489.50,19580.00
5100,5101,2023121001000983,SONA,59,26,10,310.00,3100.00
5101,5102,2023121001000982,SONA,59,39,10,310.00,3100.00
5102,5103,2023121004000603,AKJCL,16,16,340,162.60,55284.00
5103,5104,2023121004000602,AKJCL,16,18,160,161.00,25760.00
5104,5105,2023121003000248,HLI,62,25,100,434.00,43400.00
5105,5106,2023121003000247,HLI,62,17,900,434.00,390600.00
5106,5107,2023121001000981,EBL,66,51,100,494.10,49410.00
5107,5108,2023121001000980,EBL,66,25,100,494.00,49400.00
5108,5109,2023121001000979,MHL,32,64,200,352.80,70560.00
5109,5110,2023121001000978,MHCL,32,26,40,251.00,10040.00
5110,5111,2023121001000977,MHCL,70,26,500,255.00,127500.00
5111,5112,2023121001000976,MHCL,17,26,320,256.00,81920.00
5112,5113,2023121001000975,ILI,34,16,50,546.00,27300.00
5113,5114,2023121001000974,ILI,34,58,40,546.00,21840.00
5114,5115,2023121001000973,ILI,34,47,10,545.00,5450.00
5115,5116,2023121001000972,SNLI,1,16,190,517.00,98230.00
5116,5117,2023121001000971,SNLI,1,29,10,517.00,5170.00
5117,5118,2023121004000601,API,38,42,100,170.00,17000.00
5118,5119,2023121004000600,API,64,42,109,172.90,18846.10
5119,5120,2023121004000599,API,64,34,600,172.90,103740.00
5120,5121,2023121004000598,API,64,14,150,172.20,25830.00
5121,5122,2023121004000597,API,64,11,100,172.20,17220.00
5122,5123,2023121004000596,API,64,33,1000,172.00,172000.00
5123,5124,2023121004000595,API,64,58,2000,172.00,344000.00
5124,5125,2023121004000594,API,64,39,20,172.00,3440.00
5125,5126,2023121004000593,API,64,38,1001,171.90,172071.90
5126,5127,2023121004000592,API,64,1,20,170.10,3402.00
5127,5128,2023121004000591,SPIL,62,45,188,733.00,137804.00
5128,5129,2023121004000590,SPIL,62,43,62,732.90,45439.80
5129,5130,2023121001000970,SIKLES,65,51,10,410.10,4101.00
5130,5131,2023121004000589,SGIC,55,19,200,514.00,102800.00
5131,5132,2023121001000969,SONA,59,35,10,310.00,3100.00
5132,5133,2023121001000968,CZBIL,43,21,275,168.80,46420.00
5133,5134,2023121001000967,CZBIL,43,8,100,168.80,16880.00
5134,5135,2023121005000079,NTC,19,37,20,880.00,17600.00
5135,5136,2023121001000966,NABIL,57,45,50,529.00,26450.00
5136,5137,2023121001000965,SRLI,62,59,250,501.00,125250.00
5137,5138,2023121003000246,NABBC,36,33,50,365.00,18250.00
5138,5139,2023121004000588,UMRH,68,50,250,290.70,72675.00
5139,5140,2023121001000964,RNLI,45,48,10,502.60,5026.00
5140,5141,2023121004000587,UMRH,85,50,200,290.70,58140.00
5141,5142,2023121001000963,MHCL,6,50,491,259.90,127610.90
5142,5143,2023121004000586,AHPC,56,51,200,216.00,43200.00
5143,5144,2023121003000245,HLI,32,17,100,434.00,43400.00
5144,5145,2023121003000244,SIFC,39,50,10,333.40,3334.00
5145,5146,2023121001000962,TPC,51,58,10,350.00,3500.00
5146,5147,2023121003000243,NLIC,32,3,100,678.00,67800.00
5147,5148,2023121004000585,HDHPC,39,74,490,131.00,64190.00
5148,5149,2023121004000584,HDHPC,39,29,10,130.00,1300.00
5149,5150,2023121001000961,SRLI,58,59,100,501.00,50100.00
5150,5151,2023121004000583,AKJCL,55,18,40,161.00,6440.00
5151,5152,2023121004000582,NHPC,49,6,100,146.00,14600.00
5152,5153,2023121005000078,CIT,6,17,25,2020.00,50500.00
5153,5154,2023121003000242,KSBBL,57,47,22,309.00,6798.00
5154,5155,2023121004000581,NHPC,49,32,40,146.00,5840.00
5155,5156,2023121003000241,FOWAD,48,7,10,1032.00,10320.00
5156,5157,2023121001000960,TVCL,14,8,20,324.20,6484.00
5157,5158,2023121001000959,PCBL,44,43,10,193.40,1934.00
5158,5159,2023121004000580,CHCL,40,1,10,511.00,5110.00
5159,5160,2023121003000240,FMDBL,16,18,100,603.00,60300.00
5160,5161,2023121003000239,FMDBL,16,53,24,602.00,14448.00
5161,5162,2023121001000958,CLI,57,35,10,489.50,4895.00
5162,5163,2023121001000957,NYADI,58,45,10,201.00,2010.00
5163,5164,2023121001000956,MHCL,17,57,430,256.00,110080.00
5164,5165,2023121001000955,MHCL,41,57,70,256.00,17920.00
5165,5166,2023121004000579,NHPC,28,71,490,145.00,71050.00
5166,5167,2023121001000954,GCIL,33,34,20,432.00,8640.00
5167,5168,2023121001000953,GCIL,33,49,80,432.00,34560.00
5168,5169,2023121004000578,SALICO,34,33,10,687.40,6874.00
5169,5170,2023121001000952,MEHL,45,39,10,222.00,2220.00
5170,5171,2023121001000951,MEL,34,51,100,184.50,18450.00
5171,5172,2023121001000950,SONA,59,26,10,310.00,3100.00
5172,5173,2023121001000949,TVCL,14,14,20,324.20,6484.00
5173,5174,2023121005000077,NRN,52,44,250,325.00,81250.00
5174,5175,2023121001000948,KBL,49,38,20,158.80,3176.00
5175,5176,2023121004000577,SHPC,55,13,40,321.00,12840.00
5176,5177,2023121001000947,HDL,7,45,100,1671.00,167100.00
5177,5178,2023121004000576,CHCL,62,38,20,512.00,10240.00
5178,5179,2023121001000946,CYCL,58,32,20,1000.00,20000.00
5179,5180,2023121004000575,CHCL,6,7,20,511.00,10220.00
5180,5181,2023121001000945,SONA,59,58,10,310.00,3100.00
5181,5182,2023121001000944,SONA,59,58,10,310.00,3100.00
5182,5183,2023121005000076,NTC,41,37,50,880.00,44000.00
5183,5184,2023121004000574,SGIC,10,19,500,514.00,257000.00
5184,5185,2023121001000943,CLI,45,70,200,490.00,98000.00
5185,5186,2023121004000573,CGH,58,34,10,1053.00,10530.00
5186,5187,2023121004000572,UMRH,44,50,150,290.70,43605.00
5187,5188,2023121004000571,UMRH,44,48,200,290.00,58000.00
5188,5189,2023121001000942,NRM,32,71,300,249.00,74700.00
5189,5190,2023121001000941,NRM,11,71,500,250.00,125000.00
5190,5191,2023121001000940,NRM,70,71,200,251.00,50200.00
5191,5192,2023121001000939,HATHY,13,17,80,483.00,38640.00
5192,5193,2023121001000938,SONA,59,49,910,310.00,282100.00
5193,5194,2023121001000937,SONA,64,49,400,310.00,124000.00
5194,5195,2023121001000936,SONA,14,49,500,311.00,155500.00
5195,5196,2023121001000935,SONA,44,49,190,311.00,59090.00
5196,5197,2023121001000934,RHGCL,49,58,10,210.00,2100.00
5197,5198,2023121003000238,RSDC,62,62,10,517.00,5170.00
5198,5199,2023121004000570,API,38,42,584,170.00,99280.00
5199,5200,2023121001000933,TVCL,14,38,30,324.20,9726.00
5200,5201,2023121004000569,NIL,53,38,100,837.00,83700.00
5201,5202,2023121004000568,AKPL,46,62,1000,169.00,169000.00
5202,5203,2023121004000567,MEN,17,45,823,492.90,405656.70
5203,5204,2023121004000566,MEN,17,34,100,492.90,49290.00
5204,5205,2023121004000565,MEN,17,40,250,492.00,123000.00
5205,5206,2023121004000564,MEN,17,47,20,492.00,9840.00
5206,5207,2023121004000563,MEN,17,57,100,491.90,49190.00
5207,5208,2023121004000562,MEN,17,38,15,491.90,7378.50
5208,5209,2023121004000561,MEN,17,57,500,491.00,245500.00
5209,5210,2023121004000560,MEN,17,65,500,491.00,245500.00
5210,5211,2023121004000559,MEN,17,47,10,491.00,4910.00
5211,5212,2023121004000558,MEN,17,26,10,490.00,4900.00
5212,5213,2023121004000557,MEN,17,81,500,490.00,245000.00
5213,5214,2023121004000556,MEN,17,65,504,490.00,246960.00
5214,5215,2023121004000555,MEN,17,17,300,489.90,146970.00
5215,5216,2023121004000554,MEN,17,62,368,489.00,179952.00
5216,5217,2023121003000237,NADEP,35,28,10,482.60,4826.00
5217,5218,2023121001000932,PHCL,45,58,50,243.30,12165.00
5218,5219,2023121001000931,CLI,57,70,100,490.00,49000.00
5219,5220,2023121003000236,NLIC,56,3,42,678.00,28476.00
5220,5221,2023121003000235,NLIC,56,44,18,675.00,12150.00
5221,5222,2023121003000234,NLIC,56,53,20,674.90,13498.00
5222,5223,2023121005000075,NRIC,72,47,20,655.00,13100.00
5223,5224,2023121001000930,SONA,44,63,810,311.00,251910.00
5224,5225,2023121001000929,CLI,57,41,10,489.50,4895.00
5225,5226,2023121004000553,UPPER,45,49,10,202.80,2028.00
5226,5227,2023121003000233,SLBBL,26,6,200,593.60,118720.00
5227,5228,2023121004000552,SHL,58,16,200,439.00,87800.00
5228,5229,2023121004000551,SHL,58,74,800,439.00,351200.00
5229,5230,2023121001000928,MEHL,45,55,10,222.00,2220.00
5230,5231,2023121001000927,SONA,64,42,10,310.00,3100.00
5231,5232,2023121001000926,HDL,11,41,28,1674.00,46872.00
5232,5233,2023121004000550,HDHPC,41,74,472,131.00,61832.00
5233,5234,2023121001000925,SNLI,62,29,50,517.00,25850.00
5234,5235,2023121001000924,SNLI,45,29,40,517.00,20680.00
5235,5236,2023121001000923,SONA,64,52,500,310.00,155000.00
5236,5237,2023121004000549,MEN,6,33,960,485.00,465600.00
5237,5238,2023121004000548,HDHPC,61,22,188,132.00,24816.00
5238,5239,2023121004000547,HDHPC,61,46,312,131.50,41028.00
5239,5240,2023121001000922,TVCL,14,26,30,324.20,9726.00
5240,5241,2023121001000921,CLI,42,70,85,490.00,41650.00
5241,5242,2023121001000920,SRLI,62,59,50,501.00,25050.00
5242,5243,2023121001000919,SRLI,62,41,200,498.00,99600.00
5243,5244,2023121001000918,HATHY,6,63,25,485.00,12125.00
5244,5245,2023121003000232,FOWAD,8,45,10,1030.00,10300.00
5245,5246,2023121003000231,NABBC,38,55,300,364.00,109200.00
5246,5247,2023121001000917,HATHY,52,63,250,485.00,121250.00
5247,5248,2023121001000916,SONA,64,1,10,310.00,3100.00
5248,5249,2023121001000915,SNLI,58,65,70,517.90,36253.00
5249,5250,2023121001000914,SONA,58,63,190,311.00,59090.00
5250,5251,2023121001000913,SONA,58,58,10,311.00,3110.00
5251,5252,2023121001000912,SONA,58,32,10,311.00,3110.00
5252,5253,2023121001000911,TVCL,14,55,30,324.20,9726.00
5253,5254,2023121004000546,HDHPC,41,55,28,131.00,3668.00
5254,5255,2023121004000545,UMRH,68,50,1000,290.70,290700.00
5255,5256,2023121004000544,UMRH,68,50,1000,290.70,290700.00
5256,5257,2023121004000543,UMRH,68,16,200,290.70,58140.00
5257,5258,2023121004000542,UMRH,68,34,1200,289.90,347880.00
5258,5259,2023121004000541,SGIC,68,20,10,510.00,5100.00
5259,5260,2023121004000540,AKPL,46,62,1000,169.00,169000.00
5260,5261,2023121001000910,SHIVM,34,49,200,489.00,97800.00
5261,5262,2023121005000074,NRIC,72,39,295,655.00,193225.00
5262,5263,2023121005000073,NRIC,72,42,500,654.00,327000.00
5263,5264,2023121004000539,AKPL,42,43,100,168.90,16890.00
5264,5265,2023121004000538,AKPL,42,45,990,168.90,167211.00
5265,5266,2023121004000537,NICL,42,59,110,865.00,95150.00
5266,5267,2023121004000536,NICL,38,59,200,865.00,173000.00
5267,5268,2023121004000535,NICL,56,59,150,867.00,130050.00
5268,5269,2023121003000230,GBLBS,50,6,200,475.30,95060.00
5269,5270,2023121004000534,KPCL,14,45,10,315.10,3151.00
5270,5271,2023121004000533,SGIC,45,19,90,514.00,46260.00
5271,5272,2023121004000532,SGIC,45,45,10,513.80,5138.00
5272,5273,2023121004000531,UPCL,6,38,270,188.00,50760.00
5273,5274,2023121001000909,ILI,57,14,50,544.00,27200.00
5274,5275,2023121001000908,SGHC,35,37,10,244.00,2440.00
5275,5276,2023121001000907,SNLI,45,48,10,517.00,5170.00
5276,5277,2023121003000229,SKBBL,62,25,100,898.60,89860.00
5277,5278,2023121004000530,NHPC,58,71,10,145.00,1450.00
5278,5279,2023121001000906,TVCL,14,58,10,324.20,3242.00
5279,5280,2023121001000905,MANDU,50,33,200,529.00,105800.00
5280,5281,2023121003000228,ALICL,52,37,500,662.00,331000.00
5281,5282,2023121001000904,MANDU,38,33,20,529.00,10580.00
5282,5283,2023121004000529,PPCL,14,20,100,221.00,22100.00
5283,5284,2023121004000528,PPCL,14,11,50,220.00,11000.00
5284,5285,2023121001000903,TVCL,14,17,30,324.20,9726.00
5285,5286,2023121001000902,CITY,5,5,380,557.00,211660.00
5286,5287,2023121001000901,RFPL,42,19,100,225.00,22500.00
5287,5288,2023121003000227,RSDC,62,62,10,506.90,5069.00
5288,5289,2023121001000900,NBL,34,43,250,243.00,60750.00
5289,5290,2023121001000899,SONA,64,58,10,310.00,3100.00
5290,5291,2023121005000072,NIFRA,49,34,55,196.00,10780.00
5291,5292,2023121001000898,NRM,70,59,100,251.00,25100.00
5292,5293,2023121003000226,JBBL,29,19,770,290.00,223300.00
5293,5294,2023121003000225,SFCL,38,45,10,279.20,2792.00
5294,5295,2023121001000897,SAHAS,51,59,150,465.00,69750.00
5295,5296,2023121004000527,NHPC,49,70,282,144.10,40636.20
5296,5297,2023121004000526,NHPC,52,70,88,145.00,12760.00
5297,5298,2023121001000896,SONA,64,26,10,310.00,3100.00
5298,5299,2023121001000895,MBL,47,26,36,185.00,6660.00
5299,5300,2023121001000894,MBL,49,26,10,186.50,1865.00
5300,5301,2023121001000893,MBL,28,26,500,186.60,93300.00
5301,5302,2023121001000892,MBL,59,26,250,186.60,46650.00
5302,5303,2023121001000891,MBL,59,26,198,188.00,37224.00
5303,5304,2023121003000224,NLIC,65,44,500,675.00,337500.00
5304,5305,2023121004000525,NICL,58,34,70,870.00,60900.00
5305,5306,2023121001000890,SONA,64,37,1000,310.00,310000.00
5306,5307,2023121001000889,SONA,64,48,60,310.00,18600.00
5307,5308,2023121004000524,SPDL,16,7,10,182.40,1824.00
5308,5309,2023121001000888,MANDU,45,33,50,529.00,26450.00
5309,5310,2023121003000223,HLI,62,36,715,440.00,314600.00
5310,5311,2023121003000222,HLI,62,34,20,438.00,8760.00
5311,5312,2023121003000221,HLI,62,47,165,435.00,71775.00
5312,5313,2023121003000220,HLI,62,1,100,435.00,43500.00
5313,5314,2023121004000523,UMHL,51,49,10,187.00,1870.00
5314,5315,2023121001000887,NIMB,59,56,350,181.00,63350.00
5315,5316,2023121001000886,DORDI,6,49,20,225.00,4500.00
5316,5317,2023121001000885,PHCL,21,39,50,243.30,12165.00
5317,5318,2023121004000522,NHPC,52,58,65,145.00,9425.00
5318,5319,2023121001000884,TVCL,14,16,20,324.20,6484.00
5319,5320,2023121001000883,CLI,35,70,100,490.00,49000.00
5320,5321,2023121001000882,NABIL,45,48,140,525.00,73500.00
5321,5322,2023121001000881,MCHL,58,20,10,242.30,2423.00
5322,5323,2023121004000521,SHL,45,13,400,436.00,174400.00
5323,5324,2023121004000520,LEC,14,56,1990,155.00,308450.00
5324,5325,2023121004000519,LEC,58,56,10,156.90,1569.00
5325,5326,2023121001000880,TVCL,14,56,20,324.20,6484.00
5326,5327,2023121004000518,SHL,41,13,400,436.00,174400.00
5327,5328,2023121004000517,HDHPC,39,46,188,131.50,24722.00
5328,5329,2023121004000516,HDHPC,39,16,212,131.50,27878.00
5329,5330,2023121001000879,MEHL,49,39,10,220.00,2200.00
5330,5331,2023121003000219,HLI,50,1,65,435.00,28275.00
5331,5332,2023121004000515,HDHPC,1,16,163,131.50,21434.50
5332,5333,2023121004000514,HDHPC,1,65,237,130.00,30810.00
5333,5334,2023121004000513,LEC,57,42,25,157.00,3925.00
5334,5335,2023121001000878,MKHL,50,70,200,270.60,54120.00
5335,5336,2023121001000877,MKHL,50,38,500,270.40,135200.00
5336,5337,2023121001000876,MKHL,50,70,150,270.30,40545.00
5337,5338,2023121004000512,AHPC,19,62,100,217.00,21700.00
5338,5339,2023121004000511,AHPC,19,62,100,217.00,21700.00
5339,5340,2023121001000875,SRLI,62,59,10,498.00,4980.00
5340,5341,2023121003000218,ICFC,56,49,10,468.10,4681.00
5341,5342,2023121003000217,ICFC,56,59,50,468.00,23400.00
5342,5343,2023121003000216,ICFC,56,17,50,467.00,23350.00
5343,5344,2023121004000510,OHL,57,33,500,779.50,389750.00
5344,5345,2023121003000215,HLI,50,38,100,435.00,43500.00
5345,5346,2023121004000509,HDHPC,32,65,200,130.00,26000.00
5346,5347,2023121004000508,HDHPC,43,65,350,130.00,45500.00
5347,5348,2023121004000507,HDHPC,57,65,50,130.40,6520.00
5348,5349,2023121004000506,HDHPC,34,65,200,131.00,26200.00
5349,5350,2023121004000505,HDHPC,26,65,1963,131.00,257153.00
5350,5351,2023121005000071,NRIC,54,39,50,655.00,32750.00
5351,5352,2023121005000070,NRN,52,42,50,325.00,16250.00
5352,5353,2023121005000069,NRN,29,42,10,325.00,3250.00
5353,5354,2023121004000504,MEN,43,33,80,485.00,38800.00
5354,5355,2023121004000503,HDHPC,5,49,1000,131.50,131500.00
5355,5356,2023121003000214,KSBBL,26,59,100,310.00,31000.00
5356,5357,2023121003000213,NLICL,50,18,20,599.90,11998.00
5357,5358,2023121001000874,MBJC,50,52,300,272.50,81750.00
5358,5359,2023121004000502,UPCL,6,46,20,188.00,3760.00
5359,5360,2023121004000501,UPCL,6,49,200,188.00,37600.00
5360,5361,2023121004000500,UPCL,6,42,10,187.90,1879.00
5361,5362,2023121001000873,ILI,29,48,50,547.00,27350.00
5362,5363,2023121003000212,SJLIC,28,35,350,537.00,187950.00
5363,5364,2023121004000499,UAIL,38,48,100,614.00,61400.00
5364,5365,2023121003000211,MLBBL,14,14,10,706.80,7068.00
5365,5366,2023121001000872,NIMB,59,49,150,181.00,27150.00
5366,5367,2023121005000068,NRN,29,35,10,325.00,3250.00
5367,5368,2023121005000067,NRN,72,35,40,325.00,13000.00
5368,5369,2023121001000871,HATHY,52,44,50,485.00,24250.00
5369,5370,2023121001000870,CLI,11,70,120,491.00,58920.00
5370,5371,2023121004000498,LEC,57,65,175,157.00,27475.00
5371,5372,2023121004000497,HDHPC,39,49,1000,131.50,131500.00
5372,5373,2023121003000210,MDB,34,59,100,415.20,41520.00
5373,5374,2023121005000066,NIFRA,17,34,704,196.00,137984.00
5374,5375,2023121003000209,CFCL,36,58,10,321.50,3215.00
5375,5376,2023121001000869,SONA,35,48,273,310.00,84630.00
5376,5377,2023121001000868,MBL,59,65,270,188.00,50760.00
5377,5378,2023121001000867,GCIL,45,62,50,429.00,21450.00
5378,5379,2023121001000866,CLI,11,47,10,491.00,4910.00
5379,5380,2023121004000496,HPPL,56,3,10,204.30,2043.00
5380,5381,2023121001000865,TVCL,14,21,20,324.20,6484.00
5381,5382,2023121001000864,PPL,38,17,200,225.00,45000.00
5382,5383,2023121004000495,NICL,38,49,30,882.00,26460.00
5383,5384,2023121003000208,SWBBL,42,62,10,680.00,6800.00
5384,5385,2023121004000494,LEC,58,65,25,157.00,3925.00
5385,5386,2023121004000493,SHL,85,74,200,439.00,87800.00
5386,5387,2023121001000863,NBL,6,43,30,243.00,7290.00
5387,5388,2023121001000862,NBL,6,43,200,243.00,48600.00
5388,5389,2023121001000861,CITY,5,5,2620,557.00,1459340.00
5389,5390,2023121001000860,CITY,57,5,100,557.00,55700.00
5390,5391,2023121001000859,CITY,58,5,100,557.10,55710.00
5391,5392,2023121001000858,CITY,22,5,50,560.00,28000.00
5392,5393,2023121001000857,CITY,38,5,20,563.00,11260.00
5393,5394,2023121001000856,CITY,4,5,100,565.00,56500.00
5394,5395,2023121001000855,CITY,48,5,500,565.10,282550.00
5395,5396,2023121001000854,CITY,38,5,10,566.00,5660.00
5396,5397,2023121005000065,NIFRA,17,51,50,196.00,9800.00
5397,5398,2023121004000492,NICL,38,56,50,882.00,44100.00
5398,5399,2023121003000207,KSBBL,26,11,100,310.00,31000.00
5399,5400,2023121004000491,CGH,45,51,50,1060.00,53000.00
5400,5401,2023121004000490,SGIC,45,19,185,514.00,95090.00
5401,5402,2023121004000489,SGIC,45,62,510,514.00,262140.00
5402,5403,2023121004000488,SGIC,45,8,205,513.90,105349.50
5403,5404,2023121001000853,NBL,6,6,100,243.00,24300.00
5404,5405,2023121005000064,NTC,25,37,100,880.00,88000.00
5405,5406,2023121004000487,HDHPC,26,34,950,131.00,124450.00
5406,5407,2023121004000486,API,34,42,416,170.00,70720.00
5407,5408,2023121004000485,SGIC,49,20,11,507.00,5577.00
5408,5409,2023121001000852,SONA,35,26,10,310.00,3100.00
5409,5410,2023121004000484,MEN,36,33,1000,485.00,485000.00
5410,5411,2023121004000483,MEN,40,33,10,485.00,4850.00
5411,5412,2023121004000482,MEN,45,33,200,485.00,97000.00
5412,5413,2023121004000481,MEN,57,33,250,486.00,121500.00
5413,5414,2023121001000851,CLI,11,58,10,491.00,4910.00
5414,5415,2023121001000850,CLI,11,25,50,490.60,24530.00
5415,5416,2023121001000849,CLI,11,75,10,490.00,4900.00
5416,5417,2023121001000848,SRLI,26,59,490,498.00,244020.00
5417,5418,2023121003000206,GBLBS,50,6,1800,475.30,855540.00
5418,5419,2023121003000205,GBLBS,50,10,200,475.00,95000.00
5419,5420,2023121001000847,HATHY,29,44,20,485.00,9700.00
5420,5421,2023121001000846,NICA,38,32,10,515.10,5151.00
5421,5422,2023121001000845,NICA,38,33,10,515.10,5151.00
5422,5423,2023121001000844,SONA,35,63,50,310.00,15500.00
5423,5424,2023121001000843,CLI,11,75,100,490.00,49000.00
5424,5425,2023121001000842,CLI,57,75,170,490.00,83300.00
5425,5426,2023121001000841,ILI,57,48,10,544.00,5440.00
5426,5427,2023121001000840,HATHY,19,44,20,485.00,9700.00
5427,5428,2023121003000204,HLBSL,62,44,10,557.60,5576.00
5428,5429,2023121005000063,NRN,57,53,150,327.00,49050.00
5429,5430,2023121001000839,SNLI,19,65,260,517.90,134654.00
5430,5431,2023121004000480,API,34,42,584,170.00,99280.00
5431,5432,2023121004000479,API,39,42,500,170.00,85000.00
5432,5433,2023121004000478,API,39,42,16,170.00,2720.00
5433,5434,2023121004000477,API,49,42,400,170.10,68040.00
5434,5435,2023121001000838,MANDU,58,22,10,520.00,5200.00
5435,5436,2023121004000476,AHPC,58,62,500,215.10,107550.00
5436,5437,2023121004000475,UMRH,57,41,100,290.00,29000.00
5437,5438,2023121003000203,JBBL,29,16,10,290.00,2900.00
5438,5439,2023121003000202,JBBL,29,58,20,290.00,5800.00
5439,5440,2023121003000201,JBBL,29,54,100,290.00,29000.00
5440,5441,2023121003000200,JBBL,29,32,100,289.90,28990.00
5441,5442,2023121004000474,MEN,17,62,532,489.00,260148.00
5442,5443,2023121001000837,CLI,57,17,100,490.00,49000.00
5443,5444,2023121001000836,CLI,7,17,100,490.50,49050.00
5444,5445,2023121001000835,CLI,16,17,400,490.50,196200.00
5445,5446,2023121001000834,SNLI,41,16,50,520.00,26000.00
5446,5447,2023121001000833,SNLI,41,58,10,520.00,5200.00
5447,5448,2023121001000832,SNLI,41,58,10,520.00,5200.00
5448,5449,2023121001000831,SNLI,41,49,10,518.00,5180.00
5449,5450,2023121004000473,NHPC,50,58,85,146.00,12410.00
5450,5451,2023121004000472,AKPL,5,45,10,168.90,1689.00
5451,5452,2023121001000830,MHL,59,64,500,352.80,176400.00
5452,5453,2023121005000062,NIFRA,57,54,100,197.00,19700.00
5453,5454,2023121004000471,LEC,54,65,600,157.00,94200.00
5454,5455,2023121004000470,MEN,37,62,100,489.00,48900.00
5455,5456,2023121001000829,RNLI,67,38,460,508.00,233680.00
5456,5457,2023121001000828,RNLI,67,16,10,507.00,5070.00
5457,5458,2023121001000827,RNLI,67,49,10,507.00,5070.00
5458,5459,2023121001000826,RNLI,67,47,10,507.00,5070.00
5459,5460,2023121001000825,RNLI,67,45,10,505.00,5050.00
5460,5461,2023121001000824,GCIL,22,62,800,429.00,343200.00
5461,5462,2023121004000469,NHPC,50,32,500,146.00,73000.00
5462,5463,2023121001000823,TVCL,14,46,20,324.20,6484.00
5463,5464,2023121001000822,CYCL,14,36,100,1001.00,100100.00
5464,5465,2023121004000468,HDHPC,26,65,1000,131.00,131000.00
5465,5466,2023121001000821,MAKAR,1,39,50,247.50,12375.00
5466,5467,2023121001000820,MAKAR,1,42,10,247.50,2475.00
5467,5468,2023121001000819,ILI,34,48,100,547.00,54700.00
5468,5469,2023121004000467,CHCL,4,38,300,512.00,153600.00
5469,5470,2023121001000818,SCB,33,66,10,521.10,5211.00
5470,5471,2023121001000817,PHCL,21,6,10,242.70,2427.00
5471,5472,2023121004000466,IGI,35,34,300,524.00,157200.00
5472,5473,2023121004000465,IGI,35,4,200,524.00,104800.00
5473,5474,2023121004000464,IGI,35,38,400,524.00,209600.00
5474,5475,2023121001000816,SHIVM,35,74,500,492.00,246000.00
5475,5476,2023121001000815,SONA,35,63,667,310.00,206770.00
5476,5477,2023121001000814,SONA,13,63,333,310.00,103230.00
5477,5478,2023121004000463,NGPL,22,38,10,199.60,1996.00
5478,5479,2023121001000813,TVCL,14,21,20,324.20,6484.00
5479,5480,2023121004000462,AKPL,3,62,500,169.00,84500.00
5480,5481,2023121004000461,HEI,54,33,200,560.00,112000.00
5481,5482,2023121001000812,ILI,53,48,100,547.00,54700.00
5482,5483,2023121003000199,JBBL,58,54,57,284.50,16216.50
5483,5484,2023121001000811,NBL,6,6,100,243.00,24300.00
5484,5485,2023121001000810,CZBIL,8,8,100,168.80,16880.00
5485,5486,2023121004000460,HDHPC,26,19,200,131.00,26200.00
5486,5487,2023121004000459,HDHPC,26,35,5000,131.00,655000.00
5487,5488,2023121004000458,HDHPC,26,42,500,130.90,65450.00
5488,5489,2023121004000457,HDHPC,26,42,387,130.50,50503.50
5489,5490,2023121004000456,AKPL,25,1,10,166.00,1660.00
5490,5491,2023121004000455,NHPC,50,11,15,146.00,2190.00
5491,5492,2023121004000454,UPCL,16,42,490,187.90,92071.00
5492,5493,2023121003000198,NICLBSL,62,71,10,615.00,6150.00
5493,5494,2023121001000809,EHPL,51,74,10,330.70,3307.00
5494,5495,2023121001000808,NBL,56,35,80,244.90,19592.00
5495,5496,2023121001000807,NBL,56,6,20,244.90,4898.00
5496,5497,2023121001000806,SONA,13,13,10,310.00,3100.00
5497,5498,2023121001000805,GCIL,22,39,100,429.00,42900.00
5498,5499,2023121001000804,MEHL,49,39,10,220.00,2200.00
5499,5500,2023121004000453,MEN,62,65,500,489.00,244500.00
5500,5501,2023121001000803,CLI,16,40,100,490.50,49050.00
5501,5502,2023121001000802,MBL,48,65,10,188.00,1880.00
5502,5503,2023121004000452,HEI,58,33,10,560.00,5600.00
5503,5504,2023121004000451,SHL,68,45,150,436.00,65400.00
5504,5505,2023121004000450,PRIN,26,38,10,684.40,6844.00
5505,5506,2023121001000801,TVCL,14,1,20,324.20,6484.00
5506,5507,2023121001000800,SONA,13,49,10,310.00,3100.00
5507,5508,2023121001000799,CLI,57,16,200,490.00,98000.00
5508,5509,2023121003000197,NFS,48,42,10,303.60,3036.00
5509,5510,2023121004000449,SPIL,35,39,10,719.00,7190.00
5510,5511,2023121004000448,API,39,58,484,170.00,82280.00
5511,5512,2023121004000447,API,32,58,200,170.00,34000.00
5512,5513,2023121004000446,API,70,58,1000,170.00,170000.00
5513,5514,2023121004000445,API,49,58,46,170.00,7820.00
5514,5515,2023121004000444,API,61,58,270,171.00,46170.00
5515,5516,2023121004000443,NICL,62,5,50,882.00,44100.00
5516,5517,2023121004000442,NICL,62,1,200,882.00,176400.00
5517,5518,2023121004000441,MEN,17,65,496,490.00,243040.00
5518,5519,2023121004000440,MEN,17,63,56,490.00,27440.00
5519,5520,2023121001000798,HDL,34,25,50,1677.00,83850.00
5520,5521,2023121001000797,TVCL,14,49,20,324.20,6484.00
5521,5522,2023121001000796,RNLI,11,49,10,502.00,5020.00
5522,5523,2023121003000196,NLIC,58,44,25,675.00,16875.00
5523,5524,2023121003000195,NLIC,38,44,100,675.00,67500.00
5524,5525,2023121001000795,MHL,38,64,300,352.80,105840.00
5525,5526,2023121003000194,VLBS,47,49,10,595.60,5956.00
5526,5527,2023121001000794,NABIL,49,43,55,530.00,29150.00
5527,5528,2023121001000793,NABIL,49,49,20,530.00,10600.00
5528,5529,2023121001000792,KBL,58,22,85,160.00,13600.00
5529,5530,2023121001000791,MMKJL,50,36,10,284.00,2840.00
5530,5531,2023121001000790,SRLI,26,59,500,498.00,249000.00
5531,5532,2023121004000439,NHPC,45,57,65,147.00,9555.00
5532,5533,2023121003000193,NLIC,46,44,300,675.00,202500.00
5533,5534,2023121005000061,NTC,4,37,250,880.00,220000.00
5534,5535,2023121004000438,HDHPC,43,21,500,130.40,65200.00
5535,5536,2023121004000437,TRH,65,6,50,785.60,39280.00
5536,5537,2023121001000789,SNLI,19,38,30,517.50,15525.00
5537,5538,2023121001000788,SNLI,19,54,100,517.00,51700.00
5538,5539,2023121001000787,SNLI,19,7,150,517.00,77550.00
5539,5540,2023121004000436,GLH,39,58,10,210.00,2100.00
5540,5541,2023121004000435,SHPC,1,13,40,321.00,12840.00
5541,5542,2023121001000786,SONA,13,41,10,310.00,3100.00
5542,5543,2023121001000785,SONA,13,58,10,310.00,3100.00
5543,5544,2023121004000434,NHPC,50,20,1000,146.00,146000.00
5544,5545,2023121005000060,NIFRA,17,19,246,196.00,48216.00
5545,5546,2023121005000059,NIFRA,49,19,214,196.00,41944.00
5546,5547,2023121003000192,SJLIC,28,35,500,537.00,268500.00
5547,5548,2023121001000784,BNHC,41,50,28,359.60,10068.80
5548,5549,2023121004000433,NHPC,50,58,100,146.00,14600.00
5549,5550,2023121001000783,MBJC,52,52,200,272.50,54500.00
5550,5551,2023121005000058,NRIC,59,39,100,655.00,65500.00
5551,5552,2023121001000782,CLI,57,58,10,490.00,4900.00
5552,5553,2023121004000432,NIL,28,38,100,837.00,83700.00
5553,5554,2023121004000431,NIL,28,29,50,837.00,41850.00
5554,5555,2023121001000781,ULHC,38,58,10,233.00,2330.00
5555,5556,2023121001000780,SHIVM,39,33,70,494.00,34580.00
5556,5557,2023121001000779,SHIVM,39,53,30,493.00,14790.00
5557,5558,2023121001000778,SHIVM,39,50,400,493.00,197200.00
5558,5559,2023121001000777,SNLI,34,7,100,517.00,51700.00
5559,5560,2023121005000057,HIDCL,42,41,100,166.50,16650.00
5560,5561,2023121001000776,ILI,80,48,200,547.00,109400.00
5561,5562,2023121001000775,SNLI,58,59,10,515.00,5150.00
5562,5563,2023121001000774,SONA,13,26,10,310.00,3100.00
5563,5564,2023121001000773,HATHY,57,44,10,485.00,4850.00
5564,5565,2023121001000772,RNLI,11,39,10,502.00,5020.00
5565,5566,2023121001000771,SHIVM,71,50,70,493.00,34510.00
5566,5567,2023121001000770,SHIVM,71,25,130,489.00,63570.00
5567,5568,2023121001000769,NBL,34,6,10,244.90,2449.00
5568,5569,2023121001000768,DORDI,57,34,100,223.00,22300.00
5569,5570,2023121001000767,SONA,36,4,190,311.90,59261.00
5570,5571,2023121001000766,SONA,36,63,10,311.00,3110.00
5571,5572,2023121001000765,ILI,3,48,30,547.00,16410.00
5572,5573,2023121001000764,ILI,17,48,590,547.00,322730.00
5573,5574,2023121001000763,TVCL,14,56,20,324.20,6484.00
5574,5575,2023121001000762,TVCL,14,21,30,324.20,9726.00
5575,5576,2023121003000191,JBBL,32,67,100,284.00,28400.00
5576,5577,2023121003000190,MFIL,41,13,100,514.00,51400.00
5577,5578,2023121001000761,SNLI,47,56,1000,515.00,515000.00
5578,5579,2023121004000430,CHCL,57,58,100,512.00,51200.00
5579,5580,2023121001000760,SONA,13,39,10,310.00,3100.00
5580,5581,2023121001000759,TVCL,14,32,10,324.20,3242.00
5581,5582,2023121001000758,NABIL,58,49,80,530.00,42400.00
5582,5583,2023121004000429,API,61,49,40,171.00,6840.00
5583,5584,2023121004000428,API,61,14,190,171.00,32490.00
5584,5585,2023121001000757,SRLI,62,62,500,503.10,251550.00
5585,5586,2023121004000427,NHPC,57,70,50,147.90,7395.00
5586,5587,2023121004000426,NICL,38,35,20,870.00,17400.00
5587,5588,2023121001000756,SONA,13,84,10,310.00,3100.00
5588,5589,2023121004000425,API,34,14,300,171.00,51300.00
5589,5590,2023121005000056,HIDCL,42,11,614,166.50,102231.00
5590,5591,2023121001000755,RNLI,11,35,10,502.00,5020.00
5591,5592,2023121004000424,UMRH,58,71,50,285.00,14250.00
5592,5593,2023121001000754,SRLI,62,4,351,504.00,176904.00
5593,5594,2023121001000753,SRLI,62,58,149,503.90,75081.10
5594,5595,2023121004000423,CHCL,6,7,30,511.00,15330.00
5595,5596,2023121001000752,SRLI,42,26,100,502.00,50200.00
5596,5597,2023121003000189,HLI,50,25,835,435.00,363225.00
5597,5598,2023121003000188,HLI,68,25,100,437.10,43710.00
5598,5599,2023121003000187,HLI,4,25,65,438.60,28509.00
5599,5600,2023121001000751,HATHY,49,44,100,485.00,48500.00
5600,5601,2023121005000055,HIDCL,17,11,11,166.50,1831.50
5601,5602,2023121003000186,KMCDB,49,37,23,579.70,13333.10
5602,5603,2023121003000185,MPFL,6,49,10,298.00,2980.00
5603,5604,2023121001000750,TVCL,14,57,20,324.20,6484.00
5604,5605,2023121004000422,UMRH,22,71,30,285.00,8550.00
5605,5606,2023121001000749,GCIL,34,49,500,432.00,216000.00
5606,5607,2023121001000748,GCIL,34,49,20,433.00,8660.00
5607,5608,2023121001000747,SIKLES,62,14,10,402.90,4029.00
5608,5609,2023121004000421,SSHL,32,21,280,145.00,40600.00
5609,5610,2023121004000420,SHL,39,59,200,439.90,87980.00
5610,5611,2023121001000746,SHIVM,42,25,100,489.10,48910.00
5611,5612,2023121001000745,SHIVM,47,25,100,489.10,48910.00
5612,5613,2023121001000744,SHIVM,52,25,100,490.00,49000.00
5613,5614,2023121001000743,SHIVM,39,25,70,491.00,34370.00
5614,5615,2023121001000742,RNLI,11,14,30,502.00,15060.00
5615,5616,2023121001000741,RHGCL,1,58,20,206.00,4120.00
5616,5617,2023121004000419,MEN,68,63,144,490.00,70560.00
5617,5618,2023121004000418,MEN,68,62,10,490.00,4900.00
5618,5619,2023121004000417,MEN,68,39,100,490.00,49000.00
5619,5620,2023121004000416,MEN,68,53,100,490.00,49000.00
5620,5621,2023121004000415,MEN,68,32,76,490.00,37240.00
5621,5622,2023121004000414,MEN,68,14,270,486.00,131220.00
5622,5623,2023121001000740,KDL,16,34,10,832.00,8320.00
5623,5624,2023121001000739,SRLI,49,58,100,503.90,50390.00
5624,5625,2023121003000184,NLIC,50,44,20,675.00,13500.00
5625,5626,2023121001000738,GCIL,6,29,15,434.00,6510.00
5626,5627,2023121004000413,SGIC,45,8,95,513.90,48820.50
5627,5628,2023121001000737,HDL,28,1,30,1678.00,50340.00
5628,5629,2023121001000736,TVCL,14,1,10,324.20,3242.00
5629,5630,2023121001000735,SONA,13,72,70,310.00,21700.00
5630,5631,2023121004000412,GLH,49,55,380,207.00,78660.00
5631,5632,2023121004000411,AHPC,17,62,900,217.00,195300.00
5632,5633,2023121001000734,ILI,13,67,40,548.00,21920.00
5633,5634,2023121001000733,ILI,13,39,10,547.90,5479.00
5634,5635,2023121001000732,SONA,52,63,990,311.00,307890.00
5635,5636,2023121001000731,CLI,57,49,10,490.00,4900.00
5636,5637,2023121001000730,CLI,57,16,10,490.00,4900.00
5637,5638,2023121001000729,NESDO,39,14,10,1487.70,14877.00
5638,5639,2023121001000728,MHCL,41,71,10,256.00,2560.00
5639,5640,2023121001000727,SHIVM,39,40,30,491.00,14730.00
5640,5641,2023121005000054,HIDCL,48,11,300,166.50,49950.00
5641,5642,2023121001000726,TVCL,14,49,20,324.20,6484.00
5642,5643,2023121001000725,SONA,52,16,10,311.00,3110.00
5643,5644,2023121004000410,HDHPC,43,19,75,130.00,9750.00
5644,5645,2023121004000409,NICL,56,39,100,867.00,86700.00
5645,5646,2023121004000408,SSHL,32,58,20,145.00,2900.00
5646,5647,2023121001000724,GCIL,56,29,100,434.00,43400.00
5647,5648,2023121004000407,HDHPC,34,19,125,130.00,16250.00
5648,5649,2023121004000406,HDHPC,34,51,75,130.00,9750.00
5649,5650,2023121005000053,HIDCL,33,11,75,166.50,12487.50
5650,5651,2023121003000183,NLIC,58,44,37,675.00,24975.00
5651,5652,2023121004000405,MEN,34,14,30,488.00,14640.00
5652,5653,2023121004000404,MEN,58,14,150,489.00,73350.00
5653,5654,2023121004000403,MEN,37,14,100,489.00,48900.00
5654,5655,2023121001000723,MAKAR,1,16,10,245.00,2450.00
5655,5656,2023121001000722,MMKJL,47,8,100,284.00,28400.00
5656,5657,2023121003000182,SDLBSL,35,6,200,534.40,106880.00
5657,5658,2023121004000402,NHPC,57,70,500,147.90,73950.00
5658,5659,2023121004000401,NHPC,46,70,30,147.90,4437.00
5659,5660,2023121004000400,NHPC,52,70,50,147.90,7395.00
5660,5661,2023121004000399,NHPC,56,42,100,148.00,14800.00
5661,5662,2023121001000721,SNLI,21,7,250,517.00,129250.00
5662,5663,2023121001000720,SONA,32,62,260,312.00,81120.00
5663,5664,2023121001000719,SONA,32,4,10,311.00,3110.00
5664,5665,2023121001000718,SONA,32,38,30,310.20,9306.00
5665,5666,2023121004000398,TRH,65,59,450,785.60,353520.00
5666,5667,2023121001000717,PPL,49,17,200,224.00,44800.00
5667,5668,2023121001000716,PPL,47,17,800,224.00,179200.00
5668,5669,2023121001000715,EBL,36,34,22,484.50,10659.00
5669,5670,2023121001000714,TVCL,14,45,20,324.20,6484.00
5670,5671,2023121001000713,ANLB,6,18,10,1591.20,15912.00
5671,5672,2023121005000052,NTC,51,37,45,880.00,39600.00
5672,5673,2023121001000712,ILI,17,58,10,547.00,5470.00
5673,5674,2023121001000711,SONA,13,65,27,310.00,8370.00
5674,5675,2023121001000710,SONA,42,65,383,310.00,118730.00
5675,5676,2023121001000709,SONA,34,65,490,310.20,151998.00
5676,5677,2023121001000708,TVCL,14,34,20,324.20,6484.00
5677,5678,2023121004000397,LEC,43,65,1200,157.00,188400.00
5678,5679,2023121004000396,LEC,43,22,100,156.90,15690.00
5679,5680,2023121004000395,LEC,43,57,500,156.00,78000.00
5680,5681,2023121004000394,LEC,43,22,200,156.00,31200.00
5681,5682,2023121001000707,TVCL,14,56,20,324.20,6484.00
5682,5683,2023121001000706,SONA,34,26,10,310.20,3102.00
5683,5684,2023121001000705,MHL,38,64,200,352.80,70560.00
5684,5685,2023121004000393,AKPL,25,38,429,166.00,71214.00
5685,5686,2023121004000392,AKPL,51,38,800,166.10,132880.00
5686,5687,2023121003000181,SHINE,55,33,1500,369.00,553500.00
5687,5688,2023121003000180,SHINE,86,33,500,369.10,184550.00
5688,5689,2023121001000704,SNLI,21,37,50,517.00,25850.00
5689,5690,2023121001000703,SAHAS,28,59,10,465.00,4650.00
5690,5691,2023121004000391,HDHPC,21,51,100,130.00,13000.00
5691,5692,2023121004000390,HDHPC,21,11,50,130.00,6500.00
5692,5693,2023121003000179,LLBS,39,6,100,649.00,64900.00
5693,5694,2023121001000702,HDL,55,1,30,1678.00,50340.00
5694,5695,2023121001000701,TVCL,14,40,10,324.20,3242.00
5695,5696,2023121004000389,NHPC,87,42,30,148.00,4440.00
5696,5697,2023121004000388,NHPC,17,42,300,148.00,44400.00
5697,5698,2023121004000387,NHPC,57,42,465,148.00,68820.00
5698,5699,2023121001000700,SHIVM,35,50,30,493.00,14790.00
5699,5700,2023121004000386,MEN,17,45,468,485.00,226980.00
5700,5701,2023121004000385,MEN,45,45,150,485.00,72750.00
5701,5702,2023121004000384,MEN,36,45,20,486.00,9720.00
5702,5703,2023121004000383,MEN,40,45,240,486.00,116640.00
5703,5704,2023121004000382,MEN,49,45,72,486.10,34999.20
5704,5705,2023121004000381,MEN,41,45,50,487.00,24350.00
5705,5706,2023121001000699,CLI,39,13,150,489.00,73350.00
5706,5707,2023121003000178,HLI,4,51,175,438.60,76755.00
5707,5708,2023121004000380,SGIC,49,58,15,507.00,7605.00
5708,5709,2023121004000379,PPCL,14,14,200,217.00,43400.00
5709,5710,2023121004000378,PPCL,14,11,100,216.00,21600.00
5710,5711,2023121001000698,MHCL,41,17,10,256.00,2560.00
5711,5712,2023121001000697,KBL,43,26,100,159.80,15980.00
5712,5713,2023121001000696,KBL,32,22,244,160.00,39040.00
5713,5714,2023121001000695,ILI,17,63,350,547.00,191450.00
5714,5715,2023121003000177,DDBL,42,49,150,722.10,108315.00
5715,5716,2023121003000176,DDBL,42,45,20,722.00,14440.00
5716,5717,2023121001000694,SRLI,62,58,341,503.90,171829.90
5717,5718,2023121001000693,SRLI,62,32,920,503.90,463588.00
5718,5719,2023121001000692,SRLI,62,39,39,503.80,19648.20
5719,5720,2023121001000691,SRLI,62,32,200,503.80,100760.00
5720,5721,2023121003000175,SJLIC,28,35,150,537.00,80550.00
5721,5722,2023121003000174,SJLIC,28,16,300,537.00,161100.00
5722,5723,2023121003000173,SJLIC,28,57,50,536.00,26800.00
5723,5724,2023121001000690,GCIL,57,25,150,435.00,65250.00
5724,5725,2023121001000689,USHEC,34,50,10,253.20,2532.00
5725,5726,2023121001000688,SONA,45,4,100,311.00,31100.00
5726,5727,2023121001000687,SONA,34,4,200,311.00,62200.00
5727,5728,2023121003000172,SWBBL,62,32,10,666.70,6667.00
5728,5729,2023121001000686,SONA,34,45,10,311.00,3110.00
5729,5730,2023121001000685,BGWT,45,67,100,442.00,44200.00
5730,5731,2023121001000684,NICA,13,37,100,515.00,51500.00
5731,5732,2023121005000051,NRN,72,72,960,325.00,312000.00
5732,5733,2023121003000171,MFIL,49,55,89,513.90,45737.10
5733,5734,2023121001000683,TVCL,14,40,20,324.20,6484.00
5734,5735,2023121001000682,ILI,42,63,150,547.00,82050.00
5735,5736,2023121001000681,CITY,38,5,10,563.00,5630.00
5736,5737,2023121004000377,NICL,56,34,250,867.00,216750.00
5737,5738,2023121001000680,NYADI,36,59,10,197.10,1971.00
5738,5739,2023121001000679,ULHC,45,39,10,232.00,2320.00
5739,5740,2023121001000678,NABIL,58,52,20,530.00,10600.00
5740,5741,2023121004000376,API,49,32,13,170.00,2210.00
5741,5742,2023121005000050,NRN,33,71,20,320.00,6400.00
5742,5743,2023121005000049,NRN,17,71,10,321.00,3210.00
5743,5744,2023121005000048,NRN,42,71,20,322.00,6440.00
5744,5745,2023121005000047,NRN,38,71,150,323.00,48450.00
5745,5746,2023121004000375,MEN,68,32,124,490.00,60760.00
5746,5747,2023121004000374,MEN,68,45,376,490.00,184240.00
5747,5748,2023121001000677,SRLI,42,34,200,502.00,100400.00
5748,5749,2023121001000676,TVCL,14,48,20,324.20,6484.00
5749,5750,2023121001000675,MANDU,4,68,100,530.00,53000.00
5750,5751,2023121001000674,SRLI,62,32,200,503.80,100760.00
5751,5752,2023121004000373,HDHPC,43,46,47,129.50,6086.50
5752,5753,2023121001000673,TVCL,14,18,30,324.20,9726.00
5753,5754,2023121004000372,CGH,26,52,10,1053.00,10530.00
5754,5755,2023121001000672,NABIL,58,52,50,530.00,26500.00
5755,5756,2023121004000371,NICL,38,44,300,865.00,259500.00
5756,5757,2023121005000046,ENL,38,20,20,821.10,16422.00
5757,5758,2023121001000671,MBL,38,65,200,188.00,37600.00
5758,5759,2023121001000670,MBL,34,65,20,188.00,3760.00
5759,5760,2023121003000170,ALICL,50,1,10,649.10,6491.00
5760,5761,2023121004000370,UMRH,47,71,920,285.00,262200.00
5761,5762,2023121004000369,UMRH,47,50,80,283.50,22680.00
5762,5763,2023121001000669,SONA,49,28,170,312.90,53193.00
5763,5764,2023121001000668,SONA,49,35,10,312.00,3120.00
5764,5765,2023121001000667,SONA,49,55,10,312.00,3120.00
5765,5766,2023121004000368,UMRH,34,50,200,283.50,56700.00
5766,5767,2023121004000367,API,49,66,41,170.00,6970.00
5767,5768,2023121001000666,CLI,39,62,86,489.00,42054.00
5768,5769,2023121001000665,CLI,70,62,414,490.00,202860.00
5769,5770,2023121001000664,CLI,70,16,10,490.00,4900.00
5770,5771,2023121001000663,CLI,70,54,10,490.00,4900.00
5771,5772,2023121001000662,CLI,70,58,10,490.00,4900.00
5772,5773,2023121001000661,CLI,70,49,10,490.00,4900.00
5773,5774,2023121001000660,CLI,70,28,46,490.00,22540.00
5774,5775,2023121003000169,GRDBL,62,62,10,321.30,3213.00
5775,5776,2023121001000659,MBL,45,25,100,188.70,18870.00
5776,5777,2023121004000366,RIDI,28,13,500,194.60,97300.00
5777,5778,2023121001000658,TVCL,14,46,30,324.20,9726.00
5778,5779,2023121001000657,MHCL,6,57,500,260.00,130000.00
5779,5780,2023121004000365,IGI,58,53,10,515.00,5150.00
5780,5781,2023121004000364,UMRH,58,50,100,283.50,28350.00
5781,5782,2023121001000656,CLI,34,28,50,490.00,24500.00
5782,5783,2023121001000655,TAMOR,48,58,10,252.00,2520.00
5783,5784,2023121004000363,MEN,16,45,200,490.00,98000.00
5784,5785,2023121004000362,MEN,16,17,300,489.00,146700.00
5785,5786,2023121004000361,MEN,16,10,500,489.00,244500.00
5786,5787,2023121004000360,SHPC,5,13,10,321.00,3210.00
5787,5788,2023121001000654,CLI,17,28,1000,490.00,490000.00
5788,5789,2023121004000359,SHL,54,16,100,441.00,44100.00
5789,5790,2023121001000653,SNLI,46,70,100,515.00,51500.00
5790,5791,2023121001000652,SNLI,42,70,30,515.00,15450.00
5791,5792,2023121001000651,SNLI,58,70,70,515.00,36050.00
5792,5793,2023121001000650,HIDCLP,5,55,1400,101.00,141400.00
5793,5794,2023121004000358,UAIL,16,53,81,615.00,49815.00
5794,5795,2023121004000357,UAIL,22,53,100,615.00,61500.00
5795,5796,2023121004000356,UAIL,28,53,310,615.00,190650.00
5796,5797,2023121001000649,NIMBPO,6,55,500,149.60,74800.00
5797,5798,2023121001000648,NIMBPO,6,55,500,148.00,74000.00
5798,5799,2023121001000647,SONA,34,26,10,311.00,3110.00
5799,5800,2023121004000355,SHEL,57,62,200,254.80,50960.00
5800,5801,2023121001000646,KBL,32,50,236,160.00,37760.00
5801,5802,2023121001000645,KBL,32,25,150,160.00,24000.00
5802,5803,2023121001000644,KBL,32,46,300,160.00,48000.00
5803,5804,2023121001000643,KBL,32,34,570,160.00,91200.00
5804,5805,2023121004000354,SHL,54,51,100,440.00,44000.00
5805,5806,2023121004000353,UMRH,34,50,40,283.50,11340.00
5806,5807,2023121004000352,SHL,34,38,200,440.00,88000.00
5807,5808,2023121004000351,NHPC,35,36,100,148.80,14880.00
5808,5809,2023121001000642,MBL,34,6,280,188.00,52640.00
5809,5810,2023121001000641,MBL,1,6,20,188.00,3760.00
5810,5811,2023121004000350,AKJCL,38,5,830,160.00,132800.00
5811,5812,2023121003000168,NICLBSL,38,34,30,607.50,18225.00
5812,5813,2023121003000167,NICLBSL,38,49,10,605.00,6050.00
5813,5814,2023121005000045,NRIC,72,45,140,665.00,93100.00
5814,5815,2023121005000044,NRIC,72,22,100,665.00,66500.00
5815,5816,2023121005000043,NRIC,72,47,260,665.00,172900.00
5816,5817,2023121001000640,SONA,34,4,280,311.00,87080.00
5817,5818,2023121001000639,TVCL,14,48,10,324.20,3242.00
5818,5819,2023121001000638,SRLI,42,41,200,502.00,100400.00
5819,5820,2023121001000637,MBJC,50,8,200,272.00,54400.00
5820,5821,2023121004000349,NHPC,51,36,600,148.80,89280.00
5821,5822,2023121004000348,MEN,41,25,50,487.00,24350.00
5822,5823,2023121003000166,SHINE,41,54,50,370.00,18500.00
5823,5824,2023121001000636,RNLI,85,49,20,505.00,10100.00
5824,5825,2023121001000635,RNLI,53,49,200,506.00,101200.00
5825,5826,2023121001000634,RNLI,39,49,280,506.00,141680.00
5826,5827,2023121001000633,CZBIL,34,13,11,168.90,1857.90
5827,5828,2023121003000165,HLI,4,52,260,438.60,114036.00
5828,5829,2023121001000632,TVCL,14,33,30,324.20,9726.00
5829,5830,2023121001000631,NYADI,66,16,10,200.00,2000.00
5830,5831,2023121003000164,DDBL,45,29,100,711.00,71100.00
5831,5832,2023121003000163,HLI,68,13,900,437.10,393390.00
5832,5833,2023121003000162,HLI,45,13,100,437.10,43710.00
5833,5834,2023121001000630,TVCL,14,26,30,324.20,9726.00
5834,5835,2023121001000629,PPL,32,42,310,227.00,70370.00
5835,5836,2023121001000628,PPL,32,46,190,226.90,43111.00
5836,5837,2023121001000627,TVCL,14,48,30,324.20,9726.00
5837,5838,2023121004000347,MEN,3,45,100,490.00,49000.00
5838,5839,2023121004000346,MEN,3,34,100,489.90,48990.00
5839,5840,2023121004000345,CHCL,14,7,20,511.00,10220.00
5840,5841,2023121004000344,API,49,49,1900,170.00,323000.00
5841,5842,2023121001000626,TVCL,14,54,20,324.20,6484.00
5842,5843,2023121001000625,PRVU,16,19,300,162.00,48600.00
5843,5844,2023121001000624,ILI,33,16,100,547.00,54700.00
5844,5845,2023121003000161,SIFC,38,50,10,326.90,3269.00
5845,5846,2023121001000623,SHIVM,35,13,500,493.00,246500.00
5846,5847,2023121001000622,RNLI,39,7,10,506.00,5060.00
5847,5848,2023121003000160,JBBL,51,54,10,284.50,2845.00
5848,5849,2023121003000159,ILBS,26,57,10,566.10,5661.00
5849,5850,2023121004000343,SGIC,57,62,60,514.00,30840.00
5850,5851,2023121001000621,RNLI,39,58,10,506.00,5060.00
5851,5852,2023121001000620,TVCL,14,49,20,324.20,6484.00
5852,5853,2023121001000619,SPHL,66,35,10,402.40,4024.00
5853,5854,2023121001000618,SONA,59,4,120,311.00,37320.00
5854,5855,2023121001000617,SONA,29,4,300,311.00,93300.00
5855,5856,2023121001000616,SONA,43,4,1190,311.00,370090.00
5856,5857,2023121001000615,SONA,40,4,110,311.10,34221.00
5857,5858,2023121004000342,MEN,57,34,250,489.90,122475.00
5858,5859,2023121004000341,NHPC,38,36,45,148.80,6696.00
5859,5860,2023121001000614,HATHY,38,25,20,488.00,9760.00
5860,5861,2023121004000340,MEN,40,34,460,486.00,223560.00
5861,5862,2023121004000339,SGIC,36,62,100,514.00,51400.00
5862,5863,2023121004000338,HEI,48,37,500,559.90,279950.00
5863,5864,2023121004000337,UMHL,16,49,10,183.40,1834.00
5864,5865,2023121003000158,HLI,41,52,450,438.60,197370.00
5865,5866,2023121003000157,HLI,41,39,50,438.50,21925.00
5866,5867,2023121004000336,MEN,40,13,300,486.00,145800.00
5867,5868,2023121004000335,MEN,45,13,200,486.10,97220.00
5868,5869,2023121001000613,SONA,40,13,90,311.10,27999.00
5869,5870,2023121001000612,SONA,64,13,10,312.00,3120.00
5870,5871,2023121001000611,TVCL,6,21,20,324.20,6484.00
5871,5872,2023121001000610,SONA,64,57,100,312.00,31200.00
5872,5873,2023121001000609,TVCL,6,58,30,324.20,9726.00
5873,5874,2023121001000608,SONA,64,72,2000,312.00,624000.00
5874,5875,2023121001000607,UHEWA,71,45,10,283.00,2830.00
5875,5876,2023121001000606,SONA,64,58,10,312.00,3120.00
5876,5877,2023121001000605,TVCL,6,16,30,324.20,9726.00
5877,5878,2023121005000042,HIDCL,62,41,20,164.30,3286.00
5878,5879,2023121005000041,HIDCL,62,53,1225,164.30,201267.50
5879,5880,2023121001000604,TVCL,6,45,20,324.20,6484.00
5880,5881,2023121004000334,NHPC,45,36,50,148.80,7440.00
5881,5882,2023121001000603,GCIL,29,25,90,435.00,39150.00
5882,5883,2023121001000602,GCIL,29,58,10,435.00,4350.00
5883,5884,2023121005000040,NTC,32,37,10,880.00,8800.00
5884,5885,2023121001000601,SONA,64,62,880,312.00,274560.00
5885,5886,2023121004000333,TRH,54,59,50,785.60,39280.00
5886,5887,2023121001000600,TVCL,43,34,30,324.20,9726.00
5887,5888,2023121001000599,SONA,43,35,10,311.00,3110.00
5888,5889,2023121001000598,RNLI,39,6,200,506.00,101200.00
5889,5890,2023121004000332,NHPC,57,36,1000,148.80,148800.00
5890,5891,2023121001000597,MHL,59,64,500,352.80,176400.00
5891,5892,2023121001000596,TVCL,43,49,20,324.20,6484.00
5892,5893,2023121003000156,KRBL,32,34,20,291.60,5832.00
5893,5894,2023121001000595,SONA,43,26,10,311.00,3110.00
5894,5895,2023121001000594,HATHY,8,7,50,485.00,24250.00
5895,5896,2023121004000331,HDHPC,43,46,225,129.50,29137.50
5896,5897,2023121004000330,UMRH,47,50,90,283.50,25515.00
5897,5898,2023121004000329,UMRH,47,50,10,283.50,2835.00
5898,5899,2023121004000328,UMRH,47,57,300,283.00,84900.00
5899,5900,2023121003000155,PROFL,58,49,10,296.00,2960.00
5900,5901,2023121005000039,NRN,56,72,40,325.00,13000.00
5901,5902,2023121001000593,SONA,32,62,600,312.00,187200.00
5902,5903,2023121001000592,SONA,32,62,100,311.90,31190.00
5903,5904,2023121004000327,HDHPC,21,46,28,129.50,3626.00
5904,5905,2023121001000591,SHIVM,35,39,100,493.00,49300.00
5905,5906,2023121003000154,SADBL,38,67,10,274.30,2743.00
5906,5907,2023121004000326,SHL,32,49,500,439.00,219500.00
5907,5908,2023121004000325,SHL,32,49,500,439.00,219500.00
5908,5909,2023121003000153,FMDBL,42,18,100,603.00,60300.00
5909,5910,2023121004000324,MEN,52,45,24,490.00,11760.00
5910,5911,2023121004000323,MEN,52,58,176,490.00,86240.00
5911,5912,2023121004000322,MEN,50,58,30,490.00,14700.00
5912,5913,2023121001000590,RNLI,39,6,50,506.00,25300.00
5913,5914,2023121001000589,SONA,43,39,10,311.00,3110.00
5914,5915,2023121003000152,LLBS,39,62,10,637.00,6370.00
5915,5916,2023121001000588,EBL,58,34,100,484.50,48450.00
5916,5917,2023121005000038,HIDCL,58,53,150,164.30,24645.00
5917,5918,2023121001000587,RNLI,67,6,450,506.00,227700.00
5918,5919,2023121001000586,RNLI,67,16,50,506.00,25300.00
5919,5920,2023121001000585,SONA,43,45,350,311.00,108850.00
5920,5921,2023121005000037,HIDCL,51,53,500,164.30,82150.00
5921,5922,2023121001000584,CLI,57,28,300,490.00,147000.00
5922,5923,2023121001000583,CLI,57,43,200,489.90,97980.00
5923,5924,2023121004000321,AHPC,17,50,100,217.00,21700.00
5924,5925,2023121001000582,BNHC,41,50,22,359.60,7911.20
5925,5926,2023121001000581,NRM,46,14,10,250.70,2507.00
5926,5927,2023121001000580,CLI,39,47,100,489.00,48900.00
5927,5928,2023121001000579,CLI,39,14,30,489.00,14670.00
5928,5929,2023121004000320,API,25,38,100,169.50,16950.00
5929,5930,2023121001000578,SONA,43,55,10,311.00,3110.00
5930,5931,2023121005000036,CIT,54,57,10,1998.10,19981.00
5931,5932,2023121003000151,GRDBL,62,62,10,315.00,3150.00
5932,5933,2023121001000577,SGHC,1,45,10,240.00,2400.00
5933,5934,2023121001000576,NICA,13,37,200,515.00,103000.00
5934,5935,2023121001000575,SNLI,58,39,20,515.00,10300.00
5935,5936,2023121004000319,SHL,57,38,300,440.00,132000.00
5936,5937,2023121004000318,SHL,57,53,200,440.00,88000.00
5937,5938,2023121004000317,MEN,58,3,10,489.00,4890.00
5938,5939,2023121001000574,ILI,49,46,100,547.00,54700.00
5939,5940,2023121004000316,AKJCL,38,45,160,160.00,25600.00
5940,5941,2023121001000573,HATHY,46,25,25,488.00,12200.00
5941,5942,2023121001000572,HATHY,46,57,25,487.80,12195.00
5942,5943,2023121001000571,SONA,43,35,10,311.00,3110.00
5943,5944,2023121004000315,NHPC,57,50,500,148.00,74000.00
5944,5945,2023121003000150,ALBSL,62,62,10,639.50,6395.00
5945,5946,2023121004000314,UAIL,28,39,20,615.00,12300.00
5946,5947,2023121004000313,UAIL,28,53,70,615.00,43050.00
5947,5948,2023121001000570,SBI,36,62,10,304.70,3047.00
5948,5949,2023121001000569,TVCL,43,4,20,324.20,6484.00
5949,5950,2023121004000312,SGIC,42,62,330,514.00,169620.00
5950,5951,2023121004000311,NHPC,57,45,10,148.00,1480.00
5951,5952,2023121003000149,GUFL,6,28,10,506.00,5060.00
5952,5953,2023121001000568,TVCL,43,55,20,324.20,6484.00
5953,5954,2023121004000310,CGH,49,52,10,1053.00,10530.00
5954,5955,2023121004000309,CGH,49,49,200,1053.00,210600.00
5955,5956,2023121004000308,CGH,49,45,10,1052.90,10529.00
5956,5957,2023121001000567,PPL,32,62,10,226.90,2269.00
5957,5958,2023121003000148,MLBL,38,34,10,304.00,3040.00
5958,5959,2023121001000566,NRM,70,11,10,250.00,2500.00
5959,5960,2023121001000565,MANDU,56,33,500,526.00,263000.00
5960,5961,2023121003000147,HLI,26,39,50,438.50,21925.00
5961,5962,2023121003000146,HLI,26,42,50,438.00,21900.00
5962,5963,2023121001000564,MEL,26,16,40,187.00,7480.00
5963,5964,2023121001000563,MEL,26,41,100,187.00,18700.00
5964,5965,2023121001000562,MEL,26,58,10,186.90,1869.00
5965,5966,2023121001000561,MEL,26,58,50,185.00,9250.00
5966,5967,2023121003000145,SJLIC,28,49,300,536.90,161070.00
5967,5968,2023121001000560,MBL,1,62,180,188.00,33840.00
5968,5969,2023121004000307,CHCL,53,1,100,502.00,50200.00
5969,5970,2023121001000559,SRLI,33,32,50,503.90,25195.00
5970,5971,2023121001000558,HDL,58,45,10,1678.00,16780.00
5971,5972,2023121001000557,SONA,43,26,10,311.00,3110.00
5972,5973,2023121004000306,API,46,49,500,170.00,85000.00
5973,5974,2023121001000556,USHEC,44,37,10,248.30,2483.00
5974,5975,2023121001000555,NBL,42,43,100,245.00,24500.00
5975,5976,2023121004000305,UMRH,40,44,12,280.00,3360.00
5976,5977,2023121001000554,SPHL,35,35,10,394.60,3946.00
5977,5978,2023121001000553,SONA,35,62,100,312.00,31200.00
5978,5979,2023121001000552,SONA,42,39,10,310.00,3100.00
5979,5980,2023121001000551,TVCL,43,29,30,324.20,9726.00
5980,5981,2023121004000304,MEN,45,3,190,490.00,93100.00
5981,5982,2023121004000303,RIDI,1,45,90,190.80,17172.00
5982,5983,2023121004000302,API,58,49,500,170.00,85000.00
5983,5984,2023121004000301,API,58,49,100,170.00,17000.00
5984,5985,2023121001000550,SONA,52,62,20,312.00,6240.00
5985,5986,2023121001000549,SONA,52,28,480,311.00,149280.00
5986,5987,2023121001000548,NABIL,6,49,39,524.00,20436.00
5987,5988,2023121004000300,MEN,45,8,100,490.00,49000.00
5988,5989,2023121004000299,UPCL,57,5,10,184.50,1845.00
5989,5990,2023121004000298,LEC,47,22,10,157.90,1579.00
5990,5991,2023121001000547,MEHL,38,46,10,218.40,2184.00
5991,5992,2023121001000546,HDL,58,6,40,1678.00,67120.00
5992,5993,2023121001000545,SNLI,58,40,10,515.00,5150.00
5993,5994,2023121001000544,TVCL,43,42,20,324.20,6484.00
5994,5995,2023121001000543,NRM,70,43,900,250.00,225000.00
5995,5996,2023121001000542,SHIVM,35,33,158,495.00,78210.00
5996,5997,2023121001000541,MBL,5,62,100,188.00,18800.00
5997,5998,2023121004000297,MEN,45,17,210,490.00,102900.00
5998,5999,2023121004000296,NHPC,57,57,2000,148.00,296000.00
5999,6000,2023121001000540,CLI,67,28,190,490.00,93100.00
6000,6001,2023121001000539,CLI,67,6,10,490.00,4900.00
6001,6002,2023121001000538,CLI,67,75,500,490.00,245000.00
6002,6003,2023121001000537,CLI,67,34,300,489.00,146700.00
6003,6004,2023121004000295,LEC,41,86,990,155.70,154143.00
6004,6005,2023121001000536,RNLI,85,58,10,505.00,5050.00
6005,6006,2023121001000535,RNLI,85,28,1130,505.00,570650.00
6006,6007,2023121001000534,RNLI,85,17,304,504.90,153489.60
6007,6008,2023121004000294,HDHPC,39,11,30,129.00,3870.00
6008,6009,2023121003000144,HLI,67,42,200,438.00,87600.00
6009,6010,2023121003000143,HLI,32,42,250,438.00,109500.00
6010,6011,2023121003000142,HLI,32,52,100,438.00,43800.00
6011,6012,2023121001000533,RNLI,21,52,500,504.00,252000.00
6012,6013,2023121001000532,SMJC,65,58,10,258.00,2580.00
6013,6014,2023121004000293,IGI,14,37,490,524.20,256858.00
6014,6015,2023121004000292,IGI,14,50,10,519.80,5198.00
6015,6016,2023121001000531,CLI,57,34,100,489.00,48900.00
6016,6017,2023121001000530,NABIL,57,59,50,523.90,26195.00
6017,6018,2023121001000529,HDL,38,6,10,1678.00,16780.00
6018,6019,2023121005000035,HIDCL,58,53,125,164.30,20537.50
6019,6020,2023121004000291,SHL,32,13,200,439.00,87800.00
6020,6021,2023121004000290,SHL,34,13,200,439.10,87820.00
6021,6022,2023121001000528,TVCL,43,41,20,324.20,6484.00
6022,6023,2023121001000527,IHL,39,35,10,237.80,2378.00
6023,6024,2023121001000526,MBL,26,62,100,188.00,18800.00
6024,6025,2023121004000289,NHPC,57,21,25,148.00,3700.00
6025,6026,2023121004000288,NHPC,57,46,2000,148.00,296000.00
6026,6027,2023121004000287,RIDI,57,45,200,190.80,38160.00
6027,6028,2023121001000525,SNLI,41,58,10,514.00,5140.00
6028,6029,2023121001000524,SHIVM,35,42,152,495.00,75240.00
6029,6030,2023121001000523,NICA,54,37,100,515.00,51500.00
6030,6031,2023121004000286,API,62,14,510,171.00,87210.00
6031,6032,2023121004000285,API,62,58,200,170.70,34140.00
6032,6033,2023121004000284,API,62,6,1000,170.70,170700.00
6033,6034,2023121004000283,API,62,44,200,170.00,34000.00
6034,6035,2023121004000282,API,62,33,100,170.00,17000.00
6035,6036,2023121004000281,API,62,26,2990,170.00,508300.00
6036,6037,2023121001000522,BGWT,25,67,100,440.00,44000.00
6037,6038,2023121004000280,UAIL,42,53,30,615.00,18450.00
6038,6039,2023121004000279,UAIL,42,50,70,615.00,43050.00
6039,6040,2023121003000141,SHINE,29,55,35,376.00,13160.00
6040,6041,2023121003000140,SHINE,29,25,180,375.90,67662.00
6041,6042,2023121001000521,SHIVM,35,50,90,495.00,44550.00
6042,6043,2023121003000139,DDBL,45,29,50,708.00,35400.00
6043,6044,2023121003000138,GRDBL,62,62,10,308.90,3089.00
6044,6045,2023121004000278,NHPC,51,68,1000,147.90,147900.00
6045,6046,2023121003000137,JFL,38,58,50,348.50,17425.00
6046,6047,2023121001000520,GCIL,56,25,400,434.00,173600.00
6047,6048,2023121001000519,GCIL,60,25,100,435.00,43500.00
6048,6049,2023121001000518,SONA,1,28,20,311.00,6220.00
6049,6050,2023121004000277,UAIL,59,50,500,615.00,307500.00
6050,6051,2023121001000517,PCBL,19,58,10,189.70,1897.00
6051,6052,2023121003000136,ALICL,54,8,200,649.00,129800.00
6052,6053,2023121001000516,SHIVM,35,13,100,495.00,49500.00
6053,6054,2023121004000276,API,26,62,5000,169.40,847000.00
6054,6055,2023121003000135,ALICL,40,86,200,649.10,129820.00
6055,6056,2023121003000134,NFS,26,42,10,297.70,2977.00
6056,6057,2023121001000515,KBL,41,34,430,160.00,68800.00
6057,6058,2023121001000514,KBL,41,38,50,160.00,8000.00
6058,6059,2023121001000513,KBL,41,52,10,159.90,1599.00
6059,6060,2023121001000512,KBL,41,26,10,159.80,1598.00
6060,6061,2023121005000034,ENL,10,20,10,821.10,8211.00
6061,6062,2023121001000511,ILI,45,39,40,547.90,21916.00
6062,6063,2023121004000275,CHCL,53,1,100,502.00,50200.00
6063,6064,2023121004000274,MEN,41,17,700,490.00,343000.00
6064,6065,2023121001000510,BHPL,38,57,100,420.00,42000.00
6065,6066,2023121001000509,KBL,11,26,10,159.80,1598.00
6066,6067,2023121004000273,SGIC,42,62,100,514.00,51400.00
6067,6068,2023121001000508,PHCL,45,58,10,238.00,2380.00
6068,6069,2023121001000507,SONA,42,26,10,310.00,3100.00
6069,6070,2023121001000506,USHEC,44,34,10,248.30,2483.00
6070,6071,2023121003000133,HLI,32,48,50,438.00,21900.00
6071,6072,2023121004000272,NICL,80,53,50,865.00,43250.00
6072,6073,2023121004000271,NICL,80,34,200,865.00,173000.00
6073,6074,2023121004000270,API,66,38,1000,169.50,169500.00
6074,6075,2023121004000269,AKPL,51,6,200,166.10,33220.00
6075,6076,2023121004000268,UAIL,57,53,400,613.00,245200.00
6076,6077,2023121004000267,UAIL,42,53,100,613.00,61300.00
6077,6078,2023121004000266,UAIL,57,50,100,615.00,61500.00
6078,6079,2023121004000265,UAIL,57,43,50,614.90,30745.00
6079,6080,2023121004000264,MEN,16,34,40,491.00,19640.00
6080,6081,2023121001000505,ILI,26,48,200,543.00,108600.00
6081,6082,2023121001000504,MBL,58,62,500,188.00,94000.00
6082,6083,2023121001000503,UNL,69,69,10,39100.00,391000.00
6083,6084,2023121003000132,MPFL,6,49,10,294.00,2940.00
6084,6085,2023121001000502,HATHY,45,25,50,488.00,24400.00
6085,6086,2023121004000263,OHL,62,33,10,764.50,7645.00
6086,6087,2023121004000262,LEC,41,17,10,155.70,1557.00
6087,6088,2023121001000501,NIMB,52,49,20,184.60,3692.00
6088,6089,2023121001000500,NIMB,52,8,180,184.60,33228.00
6089,6090,2023121001000499,CLI,59,75,10,490.00,4900.00
6090,6091,2023121001000498,CLI,41,75,90,490.60,44154.00
6091,6092,2023121001000497,SONA,42,48,597,310.00,185070.00
6092,6093,2023121001000496,SONA,86,48,1000,310.10,310100.00
6093,6094,2023121001000495,SONA,16,48,353,311.00,109783.00
6094,6095,2023121001000494,MEL,58,58,46,183.60,8445.60
6095,6096,2023121001000493,CLI,41,38,10,490.00,4900.00
6096,6097,2023121001000492,CLI,54,38,40,490.00,19600.00
6097,6098,2023121001000491,EBL,58,34,20,484.50,9690.00
6098,6099,2023121001000490,NIMB,50,8,20,184.60,3692.00
6099,6100,2023121001000489,GCIL,60,25,100,435.00,43500.00
6100,6101,2023121001000488,BHL,56,11,10,212.10,2121.00
6101,6102,2023121004000261,SGIC,39,62,900,514.00,462600.00
6102,6103,2023121001000487,CLI,57,62,90,498.00,44820.00
6103,6104,2023121001000486,CLI,57,40,90,490.60,44154.00
6104,6105,2023121001000485,SONA,16,34,10,311.00,3110.00
6105,6106,2023121004000260,API,21,11,100,168.00,16800.00
6106,6107,2023121004000259,NHPC,6,35,30,147.00,4410.00
6107,6108,2023121003000131,ALBSL,62,62,10,627.00,6270.00
6108,6109,2023121001000484,SONA,42,62,400,313.00,125200.00
6109,6110,2023121001000483,SNLI,39,69,100,513.00,51300.00
6110,6111,2023121001000482,SNLI,39,16,100,513.00,51300.00
6111,6112,2023121001000481,SNLI,39,42,10,513.00,5130.00
6112,6113,2023121001000480,SNLI,39,69,70,513.00,35910.00
6113,6114,2023121004000258,HDHPC,39,4,50,129.00,6450.00
6114,6115,2023121001000479,SONA,42,29,60,313.00,18780.00
6115,6116,2023121001000478,SONA,42,32,10,312.00,3120.00
6116,6117,2023121001000477,SONA,42,50,530,312.00,165360.00
6117,6118,2023121004000257,SPDL,16,7,10,178.90,1789.00
6118,6119,2023121001000476,SNLI,45,69,490,513.00,251370.00
6119,6120,2023121001000475,SNLI,45,17,10,512.00,5120.00
6120,6121,2023121004000256,NHPC,3,68,500,147.90,73950.00
6121,6122,2023121001000474,KDL,44,34,10,816.00,8160.00
6122,6123,2023121001000473,CLI,47,40,10,490.60,4906.00
6123,6124,2023121001000472,CLI,47,52,90,490.60,44154.00
6124,6125,2023121004000255,SHL,32,56,1000,439.00,439000.00
6125,6126,2023121004000254,SHL,32,42,300,439.00,131700.00
6126,6127,2023121004000253,HDHPC,17,11,150,127.00,19050.00
6127,6128,2023121004000252,SPIL,57,42,10,705.10,7051.00
6128,6129,2023121001000471,ILI,58,67,10,548.00,5480.00
6129,6130,2023121001000470,ILI,58,41,190,548.00,104120.00
6130,6131,2023121001000469,HDL,8,1,35,1679.00,58765.00
6131,6132,2023121001000468,SNLI,1,17,300,512.00,153600.00
6132,6133,2023121001000467,MHCL,17,58,250,259.00,64750.00
6133,6134,2023121001000466,BHDC,36,58,10,360.00,3600.00
6134,6135,2023121001000465,TVCL,19,34,10,318.90,3189.00
6135,6136,2023121001000464,MHCL,41,16,10,256.00,2560.00
6136,6137,2023121001000463,GCIL,62,25,400,435.00,174000.00
6137,6138,2023121003000130,PROFL,51,33,200,291.00,58200.00
6138,6139,2023121001000462,HHL,41,1,500,212.00,106000.00
6139,6140,2023121001000461,HHL,34,1,200,212.20,42440.00
6140,6141,2023121001000460,HHL,6,1,250,214.80,53700.00
6141,6142,2023121001000459,HHL,59,1,200,214.80,42960.00
6142,6143,2023121004000251,AKJCL,38,57,10,160.00,1600.00
6143,6144,2023121004000250,UPCL,16,5,10,180.90,1809.00
6144,6145,2023121004000249,PPCL,14,11,100,213.00,21300.00
6145,6146,2023121004000248,PPCL,14,11,20,213.00,4260.00
6146,6147,2023121001000458,KBL,4,52,460,159.90,73554.00
6147,6148,2023121001000457,KBL,4,32,10,159.80,1598.00
6148,6149,2023121004000247,SGIC,43,45,20,514.00,10280.00
6149,6150,2023121004000246,SGIC,43,52,270,514.00,138780.00
6150,6151,2023121001000456,GCIL,62,26,500,435.00,217500.00
6151,6152,2023121001000455,MANDU,68,5,215,525.00,112875.00
6152,6153,2023121003000129,HLI,48,52,290,438.60,127194.00
6153,6154,2023121003000128,HLI,48,49,10,438.50,4385.00
6154,6155,2023121003000127,HLI,48,38,500,438.00,219000.00
6155,6156,2023121003000126,HLI,48,57,150,438.00,65700.00
6156,6157,2023121003000125,HLI,48,19,50,437.80,21890.00
6157,6158,2023121004000245,MEN,16,65,500,491.00,245500.00
6158,6159,2023121004000244,MEN,16,44,300,490.00,147000.00
6159,6160,2023121004000243,MEN,16,48,60,490.00,29400.00
6160,6161,2023121004000242,MEN,16,48,100,490.00,49000.00
6161,6162,2023121001000454,MEL,58,4,100,183.60,18360.00
6162,6163,2023121004000241,HDHPC,46,4,30,129.00,3870.00
6163,6164,2023121001000453,CLI,57,52,10,490.60,4906.00
6164,6165,2023121001000452,CLI,57,49,10,490.50,4905.00
6165,6166,2023121004000240,IGI,54,36,200,514.00,102800.00
6166,6167,2023121005000033,NIFRA,42,19,40,198.80,7952.00
6167,6168,2023121005000032,NIFRA,42,52,10,198.80,1988.00
6168,6169,2023121004000239,MEN,58,34,90,489.00,44010.00
6169,6170,2023121001000451,DORDI,58,34,50,222.40,11120.00
6170,6171,2023121004000238,UAIL,57,50,330,615.00,202950.00
6171,6172,2023121004000237,UAIL,57,34,20,614.00,12280.00
6172,6173,2023121004000236,UAIL,57,18,100,614.00,61400.00
6173,6174,2023121004000235,UAIL,57,53,50,613.00,30650.00
6174,6175,2023121001000450,SHIVM,57,85,30,499.00,14970.00
6175,6176,2023121004000234,TRH,62,59,10,770.20,7702.00
6176,6177,2023121001000449,SHLB,42,6,10,827.00,8270.00
6177,6178,2023121001000448,SHLB,42,47,10,827.00,8270.00
6178,6179,2023121005000031,NRIC,10,45,15,652.00,9780.00
6179,6180,2023121005000030,NRIC,10,33,50,647.70,32385.00
6180,6181,2023121005000029,NRIC,10,26,40,647.70,25908.00
6181,6182,2023121005000028,NRIC,41,26,60,647.70,38862.00
6182,6183,2023121005000027,NRIC,41,53,20,647.70,12954.00
6183,6184,2023121005000026,NRIC,41,71,20,647.00,12940.00
6184,6185,2023121001000447,SONA,45,50,270,313.00,84510.00
6185,6186,2023121001000446,CLI,54,58,10,490.00,4900.00
6186,6187,2023121003000124,GUFL,28,61,10,545.00,5450.00
6187,6188,2023121003000123,GUFL,28,57,80,535.00,42800.00
6188,6189,2023121001000445,SONA,39,16,405,314.00,127170.00
6189,6190,2023121001000444,SONA,39,45,10,314.00,3140.00
6190,6191,2023121001000443,SONA,39,25,10,314.00,3140.00
6191,6192,2023121001000442,SONA,39,49,10,314.00,3140.00
6192,6193,2023121001000441,SONA,39,4,10,314.00,3140.00
6193,6194,2023121001000440,SONA,39,48,255,314.00,80070.00
6194,6195,2023121001000439,ILI,26,41,10,548.00,5480.00
6195,6196,2023121001000438,ILI,26,38,90,548.00,49320.00
6196,6197,2023121005000025,NRN,66,19,500,325.00,162500.00
6197,6198,2023121004000233,MEN,55,34,50,489.00,24450.00
6198,6199,2023121003000122,JBBL,38,54,51,284.50,14509.50
6199,6200,2023121003000121,JBBL,38,43,449,284.40,127695.60
6200,6201,2023121004000232,MEN,34,34,100,489.00,48900.00
6201,6202,2023121001000437,SONA,45,16,10,313.00,3130.00
6202,6203,2023121001000436,NBL,42,43,500,245.00,122500.00
6203,6204,2023121003000120,GRDBL,22,62,10,302.90,3029.00
6204,6205,2023121004000231,HEI,58,33,450,560.00,252000.00
6205,6206,2023121004000230,HEI,58,59,50,559.90,27995.00
6206,6207,2023121004000229,CHCL,14,7,10,501.00,5010.00
6207,6208,2023121004000228,API,34,26,525,170.00,89250.00
6208,6209,2023121004000227,API,34,48,300,169.60,50880.00
6209,6210,2023121004000226,API,34,42,175,169.50,29662.50
6210,6211,2023121001000435,NBL,66,43,10,245.00,2450.00
6211,6212,2023121005000024,ENL,10,20,10,821.10,8211.00
6212,6213,2023121004000225,UMRH,22,50,10,278.00,2780.00
6213,6214,2023121001000434,SONA,45,35,10,313.00,3130.00
6214,6215,2023121001000433,SONA,45,45,10,313.00,3130.00
6215,6216,2023121001000432,MANDU,39,39,10,516.00,5160.00
6216,6217,2023121004000224,LEC,47,86,10,155.70,1557.00
6217,6218,2023121001000431,CYCL,58,32,10,983.00,9830.00
6218,6219,2023121004000223,SGIC,70,52,100,514.00,51400.00
6219,6220,2023121003000119,ALBSL,62,62,10,614.80,6148.00
6220,6221,2023121001000430,MBL,8,62,120,188.00,22560.00
6221,6222,2023121001000429,SONA,16,39,10,311.00,3110.00
6222,6223,2023121001000428,SONA,16,26,107,311.00,33277.00
6223,6224,2023121001000427,SONA,70,26,198,312.10,61795.80
6224,6225,2023121001000426,ILI,41,38,60,548.00,32880.00
6225,6226,2023121004000222,CHCL,58,7,30,502.00,15060.00
6226,6227,2023121001000425,SHIVM,71,85,110,499.00,54890.00
6227,6228,2023121001000424,SHIVM,71,47,40,498.00,19920.00
6228,6229,2023121001000423,SONA,70,25,10,312.10,3121.00
6229,6230,2023121001000422,RFPL,47,18,100,224.00,22400.00
6230,6231,2023121001000421,NRM,3,43,100,250.00,25000.00
6231,6232,2023121001000420,RFPL,47,6,50,224.00,11200.00
6232,6233,2023121001000419,SRLI,26,59,10,498.00,4980.00
6233,6234,2023121001000418,SRLI,41,59,10,498.00,4980.00
6234,6235,2023121004000221,SHL,85,42,1000,439.00,439000.00
6235,6236,2023121001000417,SNLI,34,69,3140,513.00,1610820.00
6236,6237,2023121001000416,SNLI,34,16,100,512.00,51200.00
6237,6238,2023121001000415,SNLI,34,1,200,512.00,102400.00
6238,6239,2023121001000414,SNLI,34,69,550,512.00,281600.00
6239,6240,2023121001000413,SNLI,34,47,10,511.00,5110.00
6240,6241,2023121004000220,RIDI,32,45,10,190.80,1908.00
6241,6242,2023121004000219,SGIC,21,52,100,514.00,51400.00
6242,6243,2023121003000118,KSBBL,39,39,100,315.00,31500.00
6243,6244,2023121001000412,CLI,54,19,150,490.00,73500.00
6244,6245,2023121004000218,API,14,42,325,169.50,55087.50
6245,6246,2023121004000217,API,14,45,525,169.00,88725.00
6246,6247,2023121004000216,API,14,14,150,168.90,25335.00
6247,6248,2023121004000215,HDHPC,51,4,20,129.00,2580.00
6248,6249,2023121004000214,UAIL,53,53,50,613.00,30650.00
6249,6250,2023121001000411,EBL,52,34,84,484.50,40698.00
6250,6251,2023121001000410,CLI,54,16,150,490.00,73500.00
6251,6252,2023121001000409,CLI,13,16,50,490.00,24500.00
6252,6253,2023121001000408,HIDCLP,52,55,100,101.00,10100.00
6253,6254,2023121004000213,HDHPC,70,11,100,129.00,12900.00
6254,6255,2023121004000212,HDHPC,70,40,900,129.00,116100.00
6255,6256,2023121001000407,KBL,4,52,30,159.90,4797.00
6256,6257,2023121001000406,ULHC,42,14,10,231.50,2315.00
6257,6258,2023121001000405,SONA,74,59,500,313.00,156500.00
6258,6259,2023121004000211,MEN,42,34,260,489.00,127140.00
6259,6260,2023121004000210,MEN,42,17,240,489.00,117360.00
6260,6261,2023121001000404,BNHC,41,70,28,352.60,9872.80
6261,6262,2023121003000117,ICFC,58,17,10,459.00,4590.00
6262,6263,2023121001000403,SONA,70,58,57,312.00,17784.00
6263,6264,2023121001000402,SONA,21,58,443,312.00,138216.00
6264,6265,2023121001000401,SONA,21,28,70,312.00,21840.00
6265,6266,2023121001000400,PRVU,45,22,56,161.00,9016.00
6266,6267,2023121001000399,SHIVM,22,85,500,499.00,249500.00
6267,6268,2023121005000023,NTC,57,51,10,872.10,8721.00
6268,6269,2023121004000209,HDHPC,42,11,345,128.00,44160.00
6269,6270,2023121001000398,SRLI,41,48,10,498.00,4980.00
6270,6271,2023121005000022,NRN,57,45,10,331.00,3310.00
6271,6272,2023121001000397,SNLI,55,16,10,510.00,5100.00
6272,6273,2023121001000396,SNLI,55,45,160,510.00,81600.00
6273,6274,2023121001000395,SONA,21,57,487,312.00,151944.00
6274,6275,2023121001000394,SONA,58,57,103,312.00,32136.00
6275,6276,2023121003000116,NLICL,67,18,100,592.80,59280.00
6276,6277,2023121001000393,TVCL,47,8,10,312.70,3127.00
6277,6278,2023121004000208,API,40,14,50,168.90,8445.00
6278,6279,2023121004000207,LEC,47,17,10,152.70,1527.00
6279,6280,2023121001000392,BGWT,34,59,100,435.60,43560.00
6280,6281,2023121001000391,CLI,13,42,10,490.00,4900.00
6281,6282,2023121001000390,CLI,13,25,40,490.00,19600.00
6282,6283,2023121003000115,NLIC,34,59,10,665.00,6650.00
6283,6284,2023121003000114,ALBSL,62,62,10,602.80,6028.00
6284,6285,2023121003000113,CBBL,5,58,60,935.00,56100.00
6285,6286,2023121004000206,SSHL,58,58,10,143.10,1431.00
6286,6287,2023121001000389,HDL,26,51,10,1650.00,16500.00
6287,6288,2023121001000388,SONA,58,19,497,312.00,155064.00
6288,6289,2023121004000205,MEN,57,17,200,490.00,98000.00
6289,6290,2023121004000204,MEN,41,17,60,490.00,29400.00
6290,6291,2023121001000387,SONA,58,29,100,312.00,31200.00
6291,6292,2023121001000386,NRM,53,38,100,248.10,24810.00
6292,6293,2023121003000112,SAPDBL,54,39,160,242.20,38752.00
6293,6294,2023121001000385,TVCL,42,16,20,306.60,6132.00
6294,6295,2023121001000384,TAMOR,48,41,10,248.00,2480.00
6295,6296,2023121004000203,MEN,41,44,100,490.00,49000.00
6296,6297,2023121004000202,MEN,41,34,100,490.00,49000.00
6297,6298,2023121004000201,MEN,41,16,40,489.90,19596.00
6298,6299,2023121004000200,MEN,41,56,200,489.00,97800.00
6299,6300,2023121003000111,NLIC,34,53,10,665.00,6650.00
6300,6301,2023121003000110,MNBBL,35,8,296,381.00,112776.00
6301,6302,2023121001000383,HATHY,35,35,20,490.00,9800.00
6302,6303,2023121001000382,SONA,58,39,10,312.00,3120.00
6303,6304,2023121001000381,SGHC,1,21,10,240.10,2401.00
6304,6305,2023121001000380,SRLI,42,32,30,505.00,15150.00
6305,6306,2023121001000379,SRLI,42,34,10,498.60,4986.00
6306,6307,2023121001000378,SRLI,42,52,10,498.60,4986.00
6307,6308,2023121004000199,SHL,34,42,200,439.00,87800.00
6308,6309,2023121004000198,SHL,59,42,600,439.00,263400.00
6309,6310,2023121004000197,SHL,56,42,400,440.00,176000.00
6310,6311,2023121001000377,SBL,50,29,10,234.60,2346.00
6311,6312,2023121004000196,UMRH,38,50,10,272.60,2726.00
6312,6313,2023121001000376,RNLI,45,28,100,505.00,50500.00
6313,6314,2023121004000195,NLG,26,6,200,811.00,162200.00
6314,6315,2023121001000375,SBL,29,6,1000,234.60,234600.00
6315,6316,2023121004000194,UAIL,57,43,50,612.90,30645.00
6316,6317,2023121004000193,UAIL,42,53,20,612.00,12240.00
6317,6318,2023121004000192,UAIL,42,53,480,612.00,293760.00
6318,6319,2023121001000374,HATHY,4,35,230,490.00,112700.00
6319,6320,2023121001000373,HATHY,4,57,20,490.00,9800.00
6320,6321,2023121001000372,HATHY,4,13,500,490.00,245000.00
6321,6322,2023121001000371,HATHY,4,48,250,490.00,122500.00
6322,6323,2023121001000370,HATHY,58,48,70,490.00,34300.00
6323,6324,2023121001000369,BNHC,22,70,100,352.60,35260.00
6324,6325,2023121004000191,API,1,45,450,169.00,76050.00
6325,6326,2023121004000190,API,1,11,50,168.00,8400.00
6326,6327,2023121001000368,RNLI,29,28,200,505.00,101000.00
6327,6328,2023121001000367,KDL,38,26,100,815.00,81500.00
6328,6329,2023121001000366,SHIVM,45,85,190,499.00,94810.00
6329,6330,2023121001000365,TVCL,42,50,20,306.60,6132.00
6330,6331,2023121004000189,SHL,57,26,200,445.00,89000.00
6331,6332,2023121004000188,MEN,11,34,100,490.00,49000.00
6332,6333,2023121001000364,SONA,58,62,10,312.00,3120.00
6333,6334,2023121004000187,RADHI,49,35,10,210.80,2108.00
6334,6335,2023121004000186,SHL,56,58,100,440.00,44000.00
6335,6336,2023121003000109,FMDBL,22,59,10,591.60,5916.00
6336,6337,2023121005000021,NIFRA,41,51,50,195.00,9750.00
6337,6338,2023121001000363,SONA,58,7,100,312.00,31200.00
6338,6339,2023121005000020,NRN,28,34,10,336.00,3360.00
6339,6340,2023121001000362,SHIVM,45,67,100,499.00,49900.00
6340,6341,2023121004000185,MEN,49,47,100,489.00,48900.00
6341,6342,2023121004000184,SHL,66,51,500,440.00,220000.00
6342,6343,2023121004000183,SHL,66,52,200,440.00,88000.00
6343,6344,2023121005000019,ENL,10,20,10,821.10,8211.00
6344,6345,2023121001000361,RNLI,39,28,500,506.00,253000.00
6345,6346,2023121001000360,RNLI,39,28,70,506.00,35420.00
6346,6347,2023121001000359,CLI,45,25,60,490.00,29400.00
6347,6348,2023121001000358,CLI,45,19,20,490.00,9800.00
6348,6349,2023121001000357,CLI,45,14,50,489.00,24450.00
6349,6350,2023121003000108,DDBL,45,48,21,708.00,14868.00
6350,6351,2023121004000182,API,6,11,100,168.00,16800.00
6351,6352,2023121001000356,SONA,48,48,395,314.00,124030.00
6352,6353,2023121001000355,SONA,48,45,50,313.50,15675.00
6353,6354,2023121001000354,SONA,48,34,2555,313.00,799715.00
6354,6355,2023121001000353,MBL,59,55,250,186.60,46650.00
6355,6356,2023121001000352,SONA,5,34,445,313.00,139285.00
6356,6357,2023121001000351,SONA,5,32,10,313.00,3130.00
6357,6358,2023121001000350,SONA,5,49,45,313.00,14085.00
6358,6359,2023121001000349,CLI,26,58,10,482.00,4820.00
6359,6360,2023121001000348,SHIVM,45,1,200,499.00,99800.00
6360,6361,2023121004000181,MEN,42,47,200,489.00,97800.00
6361,6362,2023121001000347,SHIVM,33,42,48,499.80,23990.40
6362,6363,2023121001000346,SHIVM,33,58,52,499.80,25989.60
6363,6364,2023121004000180,HDHPC,22,40,100,129.00,12900.00
6364,6365,2023121004000179,AKJCL,57,42,500,156.90,78450.00
6365,6366,2023121004000178,AKJCL,57,45,300,156.90,47070.00
6366,6367,2023121004000177,AKJCL,57,57,10,156.90,1569.00
6367,6368,2023121004000176,AKJCL,57,49,140,155.00,21700.00
6368,6369,2023121001000345,CZBIL,50,14,300,168.00,50400.00
6369,6370,2023121001000344,SNLI,41,45,10,510.00,5100.00
6370,6371,2023121001000343,BEDC,45,48,10,221.40,2214.00
6371,6372,2023121001000342,HATHY,56,48,40,490.00,19600.00
6372,6373,2023121001000341,SNLI,22,45,100,510.00,51000.00
6373,6374,2023121003000107,JBBL,19,54,32,284.50,9104.00
6374,6375,2023121003000106,SMFBS,14,49,20,750.00,15000.00
6375,6376,2023121004000175,AKJCL,57,45,100,155.00,15500.00
6376,6377,2023121003000105,MNBBL,35,8,150,381.00,57150.00
6377,6378,2023121001000340,SONA,58,58,10,312.00,3120.00
6378,6379,2023121001000339,SONA,58,22,10,312.00,3120.00
6379,6380,2023121001000338,HATHY,52,48,50,490.00,24500.00
6380,6381,2023121004000174,API,52,45,25,169.00,4225.00
6381,6382,2023121001000337,PRVU,6,22,44,161.00,7084.00
6382,6383,2023121001000336,PRVU,6,4,1156,161.00,186116.00
6383,6384,2023121004000173,MEN,56,34,200,490.00,98000.00
6384,6385,2023121001000335,SHIVM,45,45,10,499.00,4990.00
6385,6386,2023121001000334,HATHY,20,48,80,490.00,39200.00
6386,6387,2023121001000333,HATHY,20,72,20,490.00,9800.00
6387,6388,2023121003000104,JBBL,36,54,200,284.50,56900.00
6388,6389,2023121001000332,SONA,6,3,10,313.00,3130.00
6389,6390,2023121001000331,CLI,26,57,10,482.00,4820.00
6390,6391,2023121003000103,HLBSL,26,16,20,546.70,10934.00
6391,6392,2023121004000172,UAIL,42,34,20,612.00,12240.00
6392,6393,2023121004000171,SHL,59,41,200,439.00,87800.00
6393,6394,2023121001000330,HATHY,38,72,480,490.00,235200.00
6394,6395,2023121004000170,SHL,59,45,200,439.00,87800.00
6395,6396,2023121001000329,NIMB,41,14,300,181.00,54300.00
6396,6397,2023121001000328,SNLI,13,45,100,510.00,51000.00
6397,6398,2023121004000169,API,45,26,136,170.00,23120.00
6398,6399,2023121004000168,API,45,21,74,169.00,12506.00
6399,6400,2023121001000327,SONA,58,3,10,312.00,3120.00
6400,6401,2023121001000326,SONA,58,36,10,312.00,3120.00
6401,6402,2023121003000102,PROFL,38,33,10,286.60,2866.00
6402,6403,2023121003000101,JBBL,63,54,200,284.60,56920.00
6403,6404,2023121004000167,RHPL,1,55,150,251.90,37785.00
6404,6405,2023121001000325,SONA,58,57,2000,312.00,624000.00
6405,6406,2023121001000324,HDL,54,52,25,1650.00,41250.00
6406,6407,2023121001000323,MBL,8,55,250,186.60,46650.00
6407,6408,2023121004000166,NHPC,56,8,450,146.00,65700.00
6408,6409,2023121005000018,HIDCL,26,58,10,161.10,1611.00
6409,6410,2023121001000322,MBJC,67,49,10,267.20,2672.00
6410,6411,2023121001000321,MBJC,67,49,10,267.20,2672.00
6411,6412,2023121004000165,HEI,57,33,1000,549.40,549400.00
6412,6413,2023121004000164,HEI,65,33,500,549.40,274700.00
6413,6414,2023121001000320,SONA,56,48,350,314.00,109900.00
6414,6415,2023121001000319,SONA,56,45,10,314.00,3140.00
6415,6416,2023121001000318,SONA,56,35,10,314.00,3140.00
6416,6417,2023121001000317,SONA,56,40,130,314.00,40820.00
6417,6418,2023121004000163,API,22,26,100,170.00,17000.00
6418,6419,2023121004000162,HDHPC,22,58,20,129.00,2580.00
6419,6420,2023121001000316,SONA,58,49,10,312.00,3120.00
6420,6421,2023121001000315,SONA,58,49,100,312.00,31200.00
6421,6422,2023121001000314,TVCL,42,34,20,306.60,6132.00
6422,6423,2023121001000313,SONA,6,40,140,314.00,43960.00
6423,6424,2023121001000312,SONA,6,49,10,313.00,3130.00
6424,6425,2023121004000161,NHPC,19,8,50,146.00,7300.00
6425,6426,2023121001000311,HDL,49,52,50,1650.00,82500.00
6426,6427,2023121004000160,SHPC,17,5,10,315.10,3151.00
6427,6428,2023121001000310,HATHY,38,19,20,490.00,9800.00
6428,6429,2023121001000309,CYCL,53,62,10,964.40,9644.00
6429,6430,2023121004000159,MEN,42,69,300,489.00,146700.00
6430,6431,2023121004000158,MEN,25,69,420,489.00,205380.00
6431,6432,2023121004000157,API,4,26,1000,170.00,170000.00
6432,6433,2023121001000308,SONA,58,39,10,312.00,3120.00
6433,6434,2023121001000307,SNLI,34,45,100,510.00,51000.00
6434,6435,2023121003000100,MNBBL,45,8,40,382.00,15280.00
6435,6436,2023121001000306,PRVU,8,4,300,161.00,48300.00
6436,6437,2023121001000305,RNLI,39,26,10,506.00,5060.00
6437,6438,2023121001000304,RNLI,39,37,420,505.00,212100.00
6438,6439,2023121001000303,SHIVM,39,7,500,499.90,249950.00
6439,6440,2023121001000302,SONA,58,58,10,312.00,3120.00
6440,6441,2023121001000301,PRVU,58,4,44,161.00,7084.00
6441,6442,2023121003000099,SAPDBL,54,55,300,237.50,71250.00
6442,6443,2023121003000098,SAPDBL,54,1,50,237.50,11875.00
6443,6444,2023121004000156,IGI,50,49,10,509.70,5097.00
6444,6445,2023121001000300,RNLI,45,37,500,505.00,252500.00
6445,6446,2023121001000299,RNLI,36,37,80,505.00,40400.00
6446,6447,2023121003000097,ALICL,22,8,100,636.40,63640.00
6447,6448,2023121003000096,ALICL,26,8,200,636.40,127280.00
6448,6449,2023121004000155,API,40,26,50,170.00,8500.00
6449,6450,2023121001000298,SNLI,35,7,500,511.00,255500.00
6450,6451,2023121003000095,HLI,67,25,200,430.00,86000.00
6451,6452,2023121001000297,RNLI,85,26,190,506.00,96140.00
6452,6453,2023121001000296,TVCL,43,49,20,300.60,6012.00
6453,6454,2023121004000154,LEC,41,47,10,149.80,1498.00
6454,6455,2023121001000295,GCIL,65,45,300,434.80,130440.00
6455,6456,2023121003000094,GUFL,32,28,10,505.00,5050.00
6456,6457,2023121004000153,API,47,26,70,170.00,11900.00
6457,6458,2023121001000294,RNLI,85,58,10,506.00,5060.00
6458,6459,2023121004000152,CHCL,53,49,160,498.20,79712.00
6459,6460,2023121003000093,PROFL,38,49,10,286.60,2866.00
6460,6461,2023121001000293,NABIL,42,37,20,524.00,10480.00
6461,6462,2023121001000292,NESDO,6,45,20,1458.60,29172.00
6462,6463,2023121001000291,SAHAS,26,58,10,456.00,4560.00
6463,6464,2023121005000017,NRIC,32,45,200,635.00,127000.00
6464,6465,2023121001000290,DOLTI,42,35,10,220.00,2200.00
6465,6466,2023121003000092,HLI,67,45,200,429.40,85880.00
6466,6467,2023121005000016,NIFRA,37,49,50,192.20,9610.00
6467,6468,2023121003000091,KSBBL,36,39,100,315.00,31500.00
6468,6469,2023121003000090,KSBBL,36,45,50,315.00,15750.00
6469,6470,2023121003000089,KSBBL,36,37,50,315.00,15750.00
6470,6471,2023121003000088,KSBBL,36,11,100,314.00,31400.00
6471,6472,2023121004000151,SGIC,42,45,10,504.40,5044.00
6472,6473,2023121003000087,HLI,41,45,100,429.40,42940.00
6473,6474,2023121004000150,MEN,25,38,80,489.00,39120.00
6474,6475,2023121004000149,API,45,14,400,168.00,67200.00
6475,6476,2023121005000015,NRN,57,71,90,331.00,29790.00
6476,6477,2023121001000289,NBL,66,6,90,243.30,21897.00
6477,6478,2023121001000288,NBL,66,6,150,243.30,36495.00
6478,6479,2023121001000287,BHDC,36,39,10,353.20,3532.00
6479,6480,2023121005000014,NRIC,53,45,50,635.00,31750.00
6480,6481,2023121001000286,SRLI,41,52,80,498.00,39840.00
6481,6482,2023121004000148,NICL,28,39,130,868.00,112840.00
6482,6483,2023121001000285,SONA,58,58,10,312.00,3120.00
6483,6484,2023121004000147,NHPC,52,70,1000,144.10,144100.00
6484,6485,2023121004000146,NHPC,52,49,1847,144.10,266152.70
6485,6486,2023121004000145,API,25,26,300,170.00,51000.00
6486,6487,2023121004000144,API,58,26,30,170.00,5100.00
6487,6488,2023121004000143,API,59,26,400,170.00,68000.00
6488,6489,2023121001000284,ILI,17,29,50,548.00,27400.00
6489,6490,2023121004000142,NHPC,57,49,100,144.10,14410.00
6490,6491,2023121001000283,SONA,16,16,10,311.00,3110.00
6491,6492,2023121004000141,HDHPC,34,58,100,129.00,12900.00
6492,6493,2023121001000282,RNLI,85,37,300,506.00,151800.00
6493,6494,2023121001000281,RNLI,45,37,200,506.10,101220.00
6494,6495,2023121001000280,KBL,77,52,300,157.00,47100.00
6495,6496,2023121001000279,SONA,16,39,10,311.00,3110.00
6496,6497,2023121001000278,KBL,1,52,200,157.00,31400.00
6497,6498,2023121004000140,MEN,17,19,448,480.00,215040.00
6498,6499,2023121004000139,MEN,58,19,415,480.00,199200.00
6499,6500,2023121004000138,MEN,35,19,200,480.00,96000.00
6500,6501,2023121004000137,MEN,52,19,10,480.00,4800.00
6501,6502,2023121004000136,MEN,45,19,50,482.00,24100.00
6502,6503,2023121004000135,MEN,57,19,100,482.00,48200.00
6503,6504,2023121004000134,MEN,58,19,10,482.00,4820.00
6504,6505,2023121004000133,MEN,58,19,10,482.00,4820.00
6505,6506,2023121004000132,MEN,45,19,262,482.00,126284.00
6506,6507,2023121004000131,MEN,57,19,100,483.00,48300.00
6507,6508,2023121004000130,MEN,18,19,150,484.00,72600.00
6508,6509,2023121004000129,MEN,57,19,150,484.00,72600.00
6509,6510,2023121001000277,ILI,17,34,500,548.00,274000.00
6510,6511,2023121004000128,NHPC,50,49,100,144.10,14410.00
6511,6512,2023121004000127,SGIC,43,62,500,504.00,252000.00
6512,6513,2023121004000126,NHPC,28,49,200,144.10,28820.00
6513,6514,2023121001000276,MANDU,67,67,30,515.00,15450.00
6514,6515,2023121001000275,MANDU,68,17,10,527.40,5274.00
6515,6516,2023121001000274,SRLI,11,52,20,498.00,9960.00
6516,6517,2023121001000273,USHEC,58,34,10,243.80,2438.00
6517,6518,2023121001000272,RFPL,52,11,10,220.30,2203.00
6518,6519,2023121004000125,MHNL,8,55,400,189.70,75880.00
6519,6520,2023121005000013,NRIC,26,45,150,635.00,95250.00
6520,6521,2023121001000271,HDL,34,52,20,1650.00,33000.00
6521,6522,2023121004000124,API,59,14,100,170.00,17000.00
6522,6523,2023121001000270,MMKJL,50,49,10,279.30,2793.00
6523,6524,2023121001000269,MMKJL,50,58,10,278.00,2780.00
6524,6525,2023121001000268,MSHL,47,16,25,357.00,8925.00
6525,6526,2023121003000086,SAPDBL,54,55,100,236.00,23600.00
6526,6527,2023121001000267,SNLI,35,50,500,506.00,253000.00
6527,6528,2023121001000266,SGHC,8,38,10,235.40,2354.00
6528,6529,2023121001000265,SGHC,8,21,10,235.40,2354.00
6529,6530,2023121001000264,MBL,8,1,50,186.50,9325.00
6530,6531,2023121001000263,SNLI,41,69,300,512.00,153600.00
6531,6532,2023121001000262,TVCL,43,11,20,300.60,6012.00
6532,6533,2023121001000261,ILI,17,35,10,548.70,5487.00
6533,6534,2023121001000260,ILI,17,16,200,548.70,109740.00
6534,6535,2023121001000259,ILI,17,22,100,548.00,54800.00
6535,6536,2023121001000258,ILI,17,42,500,548.00,274000.00
6536,6537,2023121001000257,ILI,17,67,50,548.00,27400.00
6537,6538,2023121003000085,HLI,62,25,100,429.00,42900.00
6538,6539,2023121003000084,HLI,62,1,300,429.00,128700.00
6539,6540,2023121004000123,API,59,14,500,170.00,85000.00
6540,6541,2023121003000083,GBBL,44,35,7000,368.00,2576000.00
6541,6542,2023121004000122,NHPC,46,40,350,144.00,50400.00
6542,6543,2023121004000121,NIL,28,29,50,820.90,41045.00
6543,6544,2023121004000120,MEN,58,69,100,483.00,48300.00
6544,6545,2023121004000119,MEN,58,69,1000,483.10,483100.00
6545,6546,2023121004000118,MEN,52,69,200,487.00,97400.00
6546,6547,2023121004000117,MEN,32,69,200,487.00,97400.00
6547,6548,2023121004000116,NHPC,19,40,600,144.00,86400.00
6548,6549,2023121004000115,NHPC,4,40,50,144.00,7200.00
6549,6550,2023121001000256,SNLI,41,69,150,512.00,76800.00
6550,6551,2023121001000255,ILI,40,67,950,548.00,520600.00
6551,6552,2023121001000254,ILI,40,51,50,548.00,27400.00
6552,6553,2023121004000114,API,14,14,1000,170.00,170000.00
6553,6554,2023121001000253,UHEWA,11,71,30,279.40,8382.00
6554,6555,2023121001000252,UHEWA,11,58,10,275.00,2750.00
6555,6556,2023121001000251,HIDCLP,58,55,1500,100.50,150750.00
6556,6557,2023121001000250,MEL,59,58,50,183.60,9180.00
6557,6558,2023121001000249,MEL,59,41,70,183.60,12852.00
6558,6559,2023121001000248,CLI,86,17,25,481.00,12025.00
6559,6560,2023121004000113,NHPC,47,49,753,144.10,108507.30
6560,6561,2023121004000112,NHPC,47,28,100,144.10,14410.00
6561,6562,2023121004000111,NHPC,47,34,147,144.00,21168.00
6562,6563,2023121004000110,MEN,32,58,300,487.00,146100.00
6563,6564,2023121001000247,RNLI,39,37,1000,506.00,506000.00
6564,6565,2023121003000082,GUFL,28,57,10,535.00,5350.00
6565,6566,2023121004000109,MEN,17,58,500,487.00,243500.00
6566,6567,2023121004000108,MEN,17,65,500,486.00,243000.00
6567,6568,2023121004000107,SHL,57,33,500,436.50,218250.00
6568,6569,2023121003000081,DDBL,62,36,65,699.00,45435.00
6569,6570,2023121001000246,SHIVM,35,85,370,490.20,181374.00
6570,6571,2023121003000080,MNBBL,45,58,40,382.00,15280.00
6571,6572,2023121003000079,HLI,6,1,200,429.00,85800.00
6572,6573,2023121001000245,DORDI,49,49,100,218.10,21810.00
6573,6574,2023121001000244,EBL,42,4,48,484.50,23256.00
6574,6575,2023121001000243,SONA,14,40,230,314.00,72220.00
6575,6576,2023121003000078,SHINE,62,34,300,376.00,112800.00
6576,6577,2023121003000077,SHINE,62,33,600,368.70,221220.00
6577,6578,2023121004000106,API,37,14,200,170.00,34000.00
6578,6579,2023121001000242,MBL,47,65,400,185.00,74000.00
6579,6580,2023121001000241,MBL,47,65,400,185.00,74000.00
6580,6581,2023121001000240,MBL,47,65,600,185.00,111000.00
6581,6582,2023121001000239,MBL,57,65,50,185.00,9250.00
6582,6583,2023121001000238,MBL,38,65,100,185.00,18500.00
6583,6584,2023121001000237,MBL,8,65,100,185.00,18500.00
6584,6585,2023121001000236,MBL,57,65,50,186.00,9300.00
6585,6586,2023121001000235,MBL,5,65,100,186.00,18600.00
6586,6587,2023121001000234,BNHC,41,70,40,352.60,14104.00
6587,6588,2023121004000105,AHPC,44,50,20,217.00,4340.00
6588,6589,2023121004000104,MHNL,49,55,400,188.00,75200.00
6589,6590,2023121003000076,SHINE,62,33,300,368.70,110610.00
6590,6591,2023121003000075,CORBL,42,34,30,346.00,10380.00
6591,6592,2023121001000233,HATHY,33,41,100,481.50,48150.00
6592,6593,2023121001000232,SONA,14,46,10,314.00,3140.00
6593,6594,2023121001000231,CLI,39,44,10,486.00,4860.00
6594,6595,2023121001000230,SONA,14,6,10,314.00,3140.00
6595,6596,2023121003000074,SWBBL,45,32,10,653.70,6537.00
6596,6597,2023121001000229,NBL,6,33,100,243.00,24300.00
6597,6598,2023121001000228,GCIL,34,52,100,433.00,43300.00
6598,6599,2023121001000227,GCIL,34,5,80,433.00,34640.00
6599,6600,2023121001000226,ILI,40,51,841,548.00,460868.00
6600,6601,2023121001000225,ILI,40,14,50,548.00,27400.00
6601,6602,2023121001000224,ILI,40,62,89,547.00,48683.00
6602,6603,2023121001000223,ILI,40,44,10,546.00,5460.00
6603,6604,2023121001000222,ILI,40,58,10,545.00,5450.00
6604,6605,2023121004000103,GLH,59,55,20,207.00,4140.00
6605,6606,2023121001000221,RHGCL,47,41,10,204.00,2040.00
6606,6607,2023121005000012,NRN,28,71,10,331.00,3310.00
6607,6608,2023121001000220,SHIVM,26,85,200,490.20,98040.00
6608,6609,2023121004000102,SHL,68,45,100,433.00,43300.00
6609,6610,2023121003000073,MMFDB,22,28,10,499.00,4990.00
6610,6611,2023121004000101,MEN,80,58,200,487.00,97400.00
6611,6612,2023121001000219,SNLI,35,69,500,513.00,256500.00
6612,6613,2023121005000011,SMATA,58,49,30,610.90,18327.00
6613,6614,2023121004000100,API,36,14,200,170.00,34000.00
6614,6615,2023121004000099,CHCL,38,7,10,488.50,4885.00
6615,6616,2023121001000218,SNLI,10,69,30,513.00,15390.00
6616,6617,2023121003000072,GUFL,28,57,10,525.10,5251.00
6617,6618,2023121001000217,HATHY,33,48,10,481.50,4815.00
6618,6619,2023121001000216,SHIVM,44,85,100,490.20,49020.00
6619,6620,2023121001000215,SHIVM,25,85,300,490.20,147060.00
6620,6621,2023121004000098,CGH,57,45,10,1033.30,10333.00
6621,6622,2023121001000214,RNLI,36,37,920,505.00,464600.00
6622,6623,2023121001000213,RNLI,33,37,80,505.00,40400.00
6623,6624,2023121001000212,SHIVM,28,85,30,490.20,14706.00
6624,6625,2023121001000211,SONA,14,35,10,314.00,3140.00
6625,6626,2023121003000071,MPFL,56,48,50,289.10,14455.00
6626,6627,2023121001000210,SONA,14,42,10,314.00,3140.00
6627,6628,2023121004000097,SHL,4,45,200,433.00,86600.00
6628,6629,2023121001000209,BHDC,36,39,10,346.30,3463.00
6629,6630,2023121001000208,MHL,62,16,780,360.00,280800.00
6630,6631,2023121001000207,MHL,62,58,100,357.00,35700.00
6631,6632,2023121001000206,MHL,62,71,100,357.00,35700.00
6632,6633,2023121001000205,MHL,62,81,10,357.00,3570.00
6633,6634,2023121001000204,MHL,62,66,10,357.00,3570.00
6634,6635,2023121001000203,SNLI,72,69,770,513.00,395010.00
6635,6636,2023121001000202,SNLI,72,38,10,510.00,5100.00
6636,6637,2023121001000201,SNLI,72,34,10,510.00,5100.00
6637,6638,2023121001000200,SNLI,72,49,10,510.00,5100.00
6638,6639,2023121001000199,USHL,38,71,90,348.80,31392.00
6639,6640,2023121001000198,MEHL,41,49,10,214.20,2142.00
6640,6641,2023121004000096,MEN,45,47,298,482.00,143636.00
6641,6642,2023121004000095,MEN,17,47,202,484.00,97768.00
6642,6643,2023121001000197,SONA,14,29,30,314.00,9420.00
6643,6644,2023121001000196,TVCL,59,14,20,294.80,5896.00
6644,6645,2023121004000094,MEN,17,50,798,484.00,386232.00
6645,6646,2023121001000195,SIKLES,57,16,10,395.00,3950.00
6646,6647,2023121004000093,MEN,40,50,202,484.00,97768.00
6647,6648,2023121004000092,MEN,40,47,98,484.00,47432.00
6648,6649,2023121004000091,MEN,46,47,72,484.00,34848.00
6649,6650,2023121003000070,NLBBL,26,55,200,504.90,100980.00
6650,6651,2023121003000069,SJLIC,29,49,200,527.00,105400.00
6651,6652,2023121005000010,NRIC,34,45,13,640.00,8320.00
6652,6653,2023121005000009,NRIC,34,6,38,640.00,24320.00
6653,6654,2023121005000008,NRIC,34,45,50,640.00,32000.00
6654,6655,2023121003000068,DDBL,62,32,50,695.40,34770.00
6655,6656,2023121001000194,PRVU,32,49,28,159.10,4454.80
6656,6657,2023121001000193,PRVU,32,55,125,159.10,19887.50
6657,6658,2023121001000192,SHIVM,65,85,500,490.20,245100.00
6658,6659,2023121001000191,PHCL,38,49,10,238.60,2386.00
6659,6660,2023121001000190,CYCL,34,56,35,964.40,33754.00
6660,6661,2023121001000189,SONA,50,29,30,314.00,9420.00
6661,6662,2023121004000090,NICL,28,39,20,868.00,17360.00
6662,6663,2023121001000188,LSL,35,55,500,179.00,89500.00
6663,6664,2023121001000187,RNLI,33,45,20,505.00,10100.00
6664,6665,2023121003000067,SHINE,26,33,100,368.70,36870.00
6665,6666,2023121001000186,MHCL,32,17,10,254.00,2540.00
6666,6667,2023121001000185,HDL,34,29,170,1630.00,277100.00
6667,6668,2023121004000089,MEN,45,47,440,482.00,212080.00
6668,6669,2023121003000066,NLICL,43,20,50,581.20,29060.00
6669,6670,2023121003000065,NLICL,43,14,10,581.20,5812.00
6670,6671,2023121004000088,NHPC,56,57,100,141.30,14130.00
6671,6672,2023121001000184,SNLI,69,34,10,510.00,5100.00
6672,6673,2023121001000183,DORDI,28,49,100,217.00,21700.00
6673,6674,2023121001000182,PRVU,47,55,30,159.10,4773.00
6674,6675,2023121001000181,RFPL,52,39,10,220.00,2200.00
6675,6676,2023121001000180,HDL,7,29,30,1630.00,48900.00
6676,6677,2023121004000087,SGIC,14,45,10,494.70,4947.00
6677,6678,2023121004000086,NICL,80,5,100,868.00,86800.00
6678,6679,2023121001000179,SONA,48,29,40,314.00,12560.00
6679,6680,2023121004000085,MEN,40,47,10,482.00,4820.00
6680,6681,2023121004000084,MEN,57,47,50,483.00,24150.00
6681,6682,2023121004000083,RIDI,16,55,200,187.10,37420.00
6682,6683,2023121001000178,NMB,32,55,200,200.10,40020.00
6683,6684,2023121004000082,AHPC,6,50,200,217.00,43400.00
6684,6685,2023121001000177,MHL,71,71,165,349.90,57733.50
6685,6686,2023121001000176,MHL,35,71,10,350.00,3500.00
6686,6687,2023121001000175,MHL,34,71,125,350.00,43750.00
6687,6688,2023121001000174,MHL,58,71,50,350.10,17505.00
6688,6689,2023121001000173,MKHL,74,70,300,265.30,79590.00
6689,6690,2023121004000081,RIDI,5,55,200,187.10,37420.00
6690,6691,2023121001000172,SRLI,62,52,10,488.90,4889.00
6691,6692,2023121003000064,MFIL,62,4,160,504.00,80640.00
6692,6693,2023121001000171,GCIL,11,5,20,433.00,8660.00
6693,6694,2023121001000170,MEL,57,46,10,180.00,1800.00
6694,6695,2023121001000169,MEL,57,53,110,180.00,19800.00
6695,6696,2023121003000063,KSBBL,46,45,50,308.90,15445.00
6696,6697,2023121001000168,PPL,88,6,100,223.00,22300.00
6697,6698,2023121004000080,CGH,26,58,10,1033.00,10330.00
6698,6699,2023121001000167,SGHC,1,21,10,230.80,2308.00
6699,6700,2023121004000079,AKJCL,44,57,10,153.90,1539.00
6700,6701,2023121001000166,SHIVM,45,85,500,490.20,245100.00
6701,6702,2023121004000078,HEI,56,33,500,549.40,274700.00
6702,6703,2023121004000077,HDHPC,39,11,50,128.00,6400.00
6703,6704,2023121004000076,SGIC,14,39,10,494.70,4947.00
6704,6705,2023121003000062,DDBL,42,14,100,695.00,69500.00
6705,6706,2023121004000075,UAIL,46,34,10,603.40,6034.00
6706,6707,2023121001000165,MHCL,17,16,10,273.00,2730.00
6707,6708,2023121003000061,CBBL,13,38,10,917.10,9171.00
6708,6709,2023121003000060,CBBL,13,55,100,917.10,91710.00
6709,6710,2023121001000164,SONA,39,42,10,315.00,3150.00
6710,6711,2023121001000163,RNLI,68,32,40,515.00,20600.00
6711,6712,2023121001000162,RNLI,68,47,10,505.00,5050.00
6712,6713,2023121005000007,NRN,66,19,240,325.00,78000.00
6713,6714,2023121001000161,SONA,39,67,990,315.00,311850.00
6714,6715,2023121004000074,LEC,34,47,10,146.90,1469.00
6715,6716,2023121001000160,GCIL,53,37,500,434.00,217000.00
6716,6717,2023121003000059,CBBL,6,55,100,917.10,91710.00
6717,6718,2023121004000073,HURJA,88,55,400,223.30,89320.00
6718,6719,2023121003000058,GBLBS,44,10,200,466.00,93200.00
6719,6720,2023121003000057,GBLBS,44,55,200,466.00,93200.00
6720,6721,2023121001000159,NICA,58,51,15,505.00,7575.00
6721,6722,2023121001000158,SONA,56,67,10,315.00,3150.00
6722,6723,2023121001000157,KBL,45,55,400,154.00,61600.00
6723,6724,2023121003000056,NICLBSL,45,25,230,595.60,136988.00
6724,6725,2023121003000055,NICLBSL,45,34,308,591.20,182089.60
6725,6726,2023121004000072,MEN,17,47,10,484.00,4840.00
6726,6727,2023121004000071,MEN,17,47,990,482.00,477180.00
6727,6728,2023121004000070,NHPC,57,57,200,141.30,28260.00
6728,6729,2023121001000156,NIMB,25,4,102,178.00,18156.00
6729,6730,2023121001000155,NIMB,25,49,51,177.60,9057.60
6730,6731,2023121001000154,NIMB,25,45,74,177.50,13135.00
6731,6732,2023121001000153,NIMB,25,42,219,177.00,38763.00
6732,6733,2023121001000152,MEL,59,53,290,180.00,52200.00
6733,6734,2023121001000151,HIDCLP,33,55,1000,100.00,100000.00
6734,6735,2023121001000150,PRVU,8,55,345,159.10,54889.50
6735,6736,2023121003000054,MFIL,49,4,40,504.00,20160.00
6736,6737,2023121004000069,MEN,49,47,10,482.00,4820.00
6737,6738,2023121004000068,BARUN,18,58,865,215.00,185975.00
6738,6739,2023121001000149,HATHY,57,58,10,472.10,4721.00
6739,6740,2023121001000148,TSHL,77,16,10,380.00,3800.00
6740,6741,2023121001000147,ILI,6,41,10,538.00,5380.00
6741,6742,2023121001000146,ILI,6,22,10,538.00,5380.00
6742,6743,2023121001000145,ILI,6,16,20,538.00,10760.00
6743,6744,2023121004000067,UPPER,1,55,400,198.90,79560.00
6744,6745,2023121004000066,UPPER,62,39,130,198.50,25805.00
6745,6746,2023121001000144,NIMB,34,42,100,177.00,17700.00
6746,6747,2023121001000143,GBIME,34,45,10,194.80,1948.00
6747,6748,2023121004000065,PPCL,14,11,10,209.00,2090.00
6748,6749,2023121001000142,SNLI,45,58,10,503.00,5030.00
6749,6750,2023121004000064,API,67,4,500,167.40,83700.00
6750,6751,2023121003000053,FOWAD,74,7,10,1014.00,10140.00
6751,6752,2023121004000063,UPPER,47,39,70,198.50,13895.00
6752,6753,2023121001000141,RNLI,17,16,50,505.00,25250.00
6753,6754,2023121001000140,BHPL,34,49,10,412.70,4127.00
6754,6755,2023121001000139,BHPL,34,38,10,404.80,4048.00
6755,6756,2023121001000138,BNHC,41,49,10,345.70,3457.00
6756,6757,2023121001000137,BNHC,41,71,10,345.70,3457.00
6757,6758,2023121001000136,SONA,70,7,10,308.90,3089.00
6758,6759,2023121001000135,MBL,8,55,380,185.00,70300.00
6759,6760,2023121001000134,MEHL,41,58,30,211.60,6348.00
6760,6761,2023121004000062,UNHPL,39,55,241,166.70,40174.70
6761,6762,2023121001000133,NABIL,44,49,20,514.00,10280.00
6762,6763,2023121003000052,SHINE,49,33,10,361.50,3615.00
6763,6764,2023121001000132,NICA,58,51,50,505.00,25250.00
6764,6765,2023121003000051,JBBL,64,55,76,279.40,21234.40
6765,6766,2023121003000050,GBBL,44,35,2275,363.00,825825.00
6766,6767,2023121003000049,GBBL,43,35,100,363.00,36300.00
6767,6768,2023121003000048,GBBL,47,35,200,365.00,73000.00
6768,6769,2023121003000047,GBBL,47,35,200,365.00,73000.00
6769,6770,2023121003000046,GBBL,42,35,200,365.10,73020.00
6770,6771,2023121003000045,GBBL,44,35,1000,365.40,365400.00
6771,6772,2023121003000044,GBBL,4,35,1000,367.00,367000.00
6772,6773,2023121003000043,GBBL,44,35,1000,370.00,370000.00
6773,6774,2023121003000042,GBBL,62,35,100,370.00,37000.00
6774,6775,2023121003000041,GBBL,74,35,500,370.00,185000.00
6775,6776,2023121003000040,GBBL,48,35,100,370.00,37000.00
6776,6777,2023121003000039,GBBL,57,35,500,371.00,185500.00
6777,6778,2023121003000038,GBBL,59,35,100,371.00,37100.00
6778,6779,2023121003000037,GBBL,34,35,2000,371.00,742000.00
6779,6780,2023121003000036,GBBL,52,35,500,372.00,186000.00
6780,6781,2023121003000035,GBBL,11,35,200,372.00,74400.00
6781,6782,2023121003000034,GBBL,36,35,25,372.00,9300.00
6782,6783,2023121001000131,SONA,70,55,10,308.90,3089.00
6783,6784,2023121001000130,NIMB,19,42,25,177.00,4425.00
6784,6785,2023121001000129,MHCL,17,71,10,268.00,2680.00
6785,6786,2023121001000128,SONA,70,28,10,308.90,3089.00
6786,6787,2023121001000127,RNLI,68,16,50,505.00,25250.00
6787,6788,2023121001000126,RNLI,68,13,400,504.00,201600.00
6788,6789,2023121001000125,RNLI,68,25,50,503.00,25150.00
6789,6790,2023121001000124,SONA,70,47,10,308.90,3089.00
6790,6791,2023121001000123,SMJC,45,34,10,253.90,2539.00
6791,6792,2023121001000122,ILI,56,16,30,538.00,16140.00
6792,6793,2023121001000121,MBL,49,55,100,185.00,18500.00
6793,6794,2023121001000120,HDL,58,75,10,1613.70,16137.00
6794,6795,2023121001000119,MANDU,39,14,10,517.10,5171.00
6795,6796,2023121004000061,MEN,46,69,780,483.00,376740.00
6796,6797,2023121004000060,PMHPL,29,55,288,204.00,58752.00
6797,6798,2023121004000059,MEN,46,56,150,483.00,72450.00
6798,6799,2023121001000118,SHIVM,58,85,10,480.60,4806.00
6799,6800,2023121004000058,SSHL,43,55,300,140.30,42090.00
6800,6801,2023121004000057,MEN,46,47,70,483.00,33810.00
6801,6802,2023121004000056,MEN,14,47,50,483.00,24150.00
6802,6803,2023121004000055,MEN,48,47,10,483.00,4830.00
6803,6804,2023121004000054,MEN,5,47,50,483.00,24150.00
6804,6805,2023121004000053,MEN,42,47,20,483.30,9666.00
6805,6806,2023121003000033,ICFC,62,4,100,450.00,45000.00
6806,6807,2023121004000052,NICL,42,55,20,851.00,17020.00
6807,6808,2023121004000051,NICL,42,29,10,845.90,8459.00
6808,6809,2023121004000050,GHL,1,55,400,123.90,49560.00
6809,6810,2023121004000049,NLG,16,25,25,795.50,19887.50
6810,6811,2023121004000048,SSHL,35,55,100,140.30,14030.00
6811,6812,2023121004000047,MEN,11,47,20,484.00,9680.00
6812,6813,2023121004000046,UPPER,49,55,40,197.00,7880.00
6813,6814,2023121003000032,RLFL,58,51,100,326.30,32630.00
6814,6815,2023121004000045,NICL,10,29,10,845.00,8450.00
6815,6816,2023121004000044,NICL,10,21,60,842.00,50520.00
6816,6817,2023121004000043,MEN,39,47,200,484.00,96800.00
6817,6818,2023121004000042,RIDI,58,55,400,186.00,74400.00
6818,6819,2023121003000031,GUFL,28,72,10,515.10,5151.00
6819,6820,2023121003000030,GUFL,28,54,10,515.10,5151.00
6820,6821,2023121003000029,GUFL,28,54,10,515.00,5150.00
6821,6822,2023121001000117,KBL,39,55,100,154.00,15400.00
6822,6823,2023121001000116,KBL,39,38,100,154.00,15400.00
6823,6824,2023121001000115,SONA,70,38,200,308.90,61780.00
6824,6825,2023121001000114,SONA,70,58,10,308.90,3089.00
6825,6826,2023121001000113,PPL,88,58,500,223.30,111650.00
6826,6827,2023121004000041,UPPER,58,55,10,197.00,1970.00
6827,6828,2023121001000112,MHCL,17,71,10,263.00,2630.00
6828,6829,2023121001000111,MHCL,17,71,10,258.30,2583.00
6829,6830,2023121001000110,MHCL,17,22,30,258.30,7749.00
6830,6831,2023121004000040,UNHPL,4,55,44,166.70,7334.80
6831,6832,2023121001000109,MCHL,46,71,10,237.60,2376.00
6832,6833,2023121001000108,DOLTI,35,37,300,216.20,64860.00
6833,6834,2023121001000107,RAWA,53,49,10,381.90,3819.00
6834,6835,2023121001000106,RAWA,53,71,490,381.90,187131.00
6835,6836,2023121004000039,HDHPC,34,55,400,125.70,50280.00
6836,6837,2023121005000006,NIFRA,46,55,300,188.70,56610.00
6837,6838,2023121001000105,SNLI,53,7,110,503.80,55418.00
6838,6839,2023121001000104,SBL,25,29,10,230.00,2300.00
6839,6840,2023121004000038,MEN,6,47,100,484.00,48400.00
6840,6841,2023121001000103,RNLI,67,36,10,496.00,4960.00
6841,6842,2023121001000102,RNLI,67,25,70,496.00,34720.00
6842,6843,2023121001000101,CZBIL,1,55,500,165.70,82850.00
6843,6844,2023121004000037,HEI,52,33,10,538.70,5387.00
6844,6845,2023121001000100,HDL,54,75,25,1613.70,40342.50
6845,6846,2023121001000099,MEL,34,1,10,177.00,1770.00
6846,6847,2023121004000036,GHL,42,55,200,122.00,24400.00
6847,6848,2023121001000098,MHCL,17,22,10,258.30,2583.00
6848,6849,2023121004000035,MEN,54,56,200,486.00,97200.00
6849,6850,2023121004000034,SSHL,58,55,400,139.00,55600.00
6850,6851,2023121001000097,RNLI,58,36,240,495.00,118800.00
6851,6852,2023121001000096,RNLI,58,16,10,495.00,4950.00
6852,6853,2023121004000033,NICL,49,34,350,835.00,292250.00
6853,6854,2023121001000095,MANDU,54,33,30,510.00,15300.00
6854,6855,2023121001000094,SRLI,22,33,30,479.40,14382.00
6855,6856,2023121001000093,SONA,52,58,10,302.90,3029.00
6856,6857,2023121001000092,SONA,52,58,10,302.90,3029.00
6857,6858,2023121001000091,SONA,52,10,130,302.90,39377.00
6858,6859,2023121001000090,SONA,72,10,870,302.90,263523.00
6859,6860,2023121001000089,SONA,72,58,10,302.90,3029.00
6860,6861,2023121001000088,SONA,72,49,10,302.90,3029.00
6861,6862,2023121001000087,SONA,72,49,10,302.90,3029.00
6862,6863,2023121001000086,SONA,72,49,10,302.90,3029.00
6863,6864,2023121001000085,SONA,72,49,10,302.90,3029.00
6864,6865,2023121001000084,SONA,72,49,10,302.90,3029.00
6865,6866,2023121001000083,SONA,72,58,10,302.90,3029.00
6866,6867,2023121001000082,SONA,72,58,10,302.90,3029.00
6867,6868,2023121001000081,SONA,72,58,10,302.90,3029.00
6868,6869,2023121001000080,SONA,72,58,10,302.90,3029.00
6869,6870,2023121001000079,SONA,72,58,10,302.90,3029.00
6870,6871,2023121001000078,SONA,72,56,10,302.90,3029.00
6871,6872,2023121001000077,SONA,72,62,10,302.90,3029.00
6872,6873,2023121001000076,MSHL,71,48,10,350.00,3500.00
6873,6874,2023121001000075,HATHY,67,44,20,470.20,9404.00
6874,6875,2023121001000074,HATHY,67,49,20,470.20,9404.00
6875,6876,2023121001000073,CLI,45,47,10,477.00,4770.00
6876,6877,2023121001000072,CLI,45,36,100,477.00,47700.00
6877,6878,2023121001000071,CLI,45,16,10,477.00,4770.00
6878,6879,2023121001000070,CLI,45,16,10,477.00,4770.00
6879,6880,2023121001000069,CLI,45,35,10,477.00,4770.00
6880,6881,2023121001000068,CLI,45,62,10,477.00,4770.00
6881,6882,2023121001000067,MEHL,41,58,10,214.00,2140.00
6882,6883,2023121001000066,MEHL,41,38,10,214.00,2140.00
6883,6884,2023121001000065,SNLI,26,7,100,503.90,50390.00
6884,6885,2023121001000064,SNLI,22,7,200,503.90,100780.00
6885,6886,2023121001000063,SNLI,14,7,90,503.90,45351.00
6886,6887,2023121001000062,SNLI,14,7,10,503.90,5039.00
6887,6888,2023121001000061,SNLI,51,7,490,503.90,246911.00
6888,6889,2023121001000060,SNLI,51,16,10,503.90,5039.00
6889,6890,2023121001000059,RNLI,26,16,10,490.00,4900.00
6890,6891,2023121001000058,GCIL,72,11,25,426.30,10657.50
6891,6892,2023121001000057,GCIL,72,36,50,426.30,21315.00
6892,6893,2023121001000056,GCIL,72,38,100,426.30,42630.00
6893,6894,2023121001000055,GCIL,72,62,10,426.30,4263.00
6894,6895,2023121001000054,USHL,64,71,10,348.80,3488.00
6895,6896,2023121001000053,ILI,50,58,10,527.50,5275.00
6896,6897,2023121001000052,ILI,50,11,20,527.50,10550.00
6897,6898,2023121001000051,ILI,50,19,50,527.50,26375.00
6898,6899,2023121001000050,ILI,14,19,450,527.50,237375.00
6899,6900,2023121001000049,ILI,14,58,10,527.50,5275.00
6900,6901,2023121001000048,ILI,14,36,10,527.50,5275.00
6901,6902,2023121001000047,ILI,14,49,10,527.50,5275.00
6902,6903,2023121001000046,ILI,14,35,10,527.50,5275.00
6903,6904,2023121001000045,ILI,14,58,10,527.50,5275.00
6904,6905,2023121001000044,NRM,74,11,30,245.80,7374.00
6905,6906,2023121001000043,NRM,74,36,10,245.80,2458.00
6906,6907,2023121001000042,NRM,74,58,10,245.80,2458.00
6907,6908,2023121001000041,RAWA,64,71,10,381.90,3819.00
6908,6909,2023121001000040,DOLTI,57,37,500,216.20,108100.00
6909,6910,2023121001000039,DOLTI,63,37,200,216.20,43240.00
6910,6911,2023121001000038,MKHL,26,70,40,260.10,10404.00
6911,6912,2023121001000037,MKHL,26,16,10,260.10,2601.00
6912,6913,2023121001000036,SMJC,32,49,30,249.00,7470.00
6913,6914,2023121001000035,MHCL,17,22,10,258.30,2583.00
6914,6915,2023121001000034,MHCL,17,49,10,258.30,2583.00
6915,6916,2023121001000033,TAMOR,42,49,40,244.00,9760.00
6916,6917,2023121001000032,TAMOR,42,47,10,244.00,2440.00
6917,6918,2023121001000031,KDL,33,86,10,800.00,8000.00
6918,6919,2023121001000030,SPL,64,35,10,720.00,7200.00
6919,6920,2023121001000029,EHPL,29,29,10,324.30,3243.00
6920,6921,2023121001000028,PPL,32,62,10,223.30,2233.00
6921,6922,2023121001000027,MHL,17,71,100,357.00,35700.00
6922,6923,2023121001000026,MHL,64,71,10,357.00,3570.00
6923,6924,2023121001000025,UHEWA,64,16,10,279.00,2790.00
6924,6925,2023121001000024,BHDC,17,39,10,339.60,3396.00
6925,6926,2023121001000023,DORDI,38,58,50,213.90,10695.00
6926,6927,2023121001000022,CYCL,62,56,10,964.40,9644.00
6927,6928,2023121001000021,BNHC,64,49,10,345.70,3457.00
6928,6929,2023121003000028,JFL,38,32,100,341.70,34170.00
6929,6930,2023121003000027,DDBL,59,32,50,690.00,34500.00
6930,6931,2023121003000026,HLI,22,35,46,421.00,19366.00
6931,6932,2023121003000025,KSBBL,26,43,87,302.90,26352.30
6932,6933,2023121003000024,JBBL,11,48,150,277.00,41550.00
6933,6934,2023121004000032,SPDL,26,49,50,175.40,8770.00
6934,6935,2023121004000031,NLG,62,39,250,790.00,197500.00
6935,6936,2023121004000030,NLG,62,39,250,790.00,197500.00
6936,6937,2023121003000023,NICLBSL,71,25,10,595.60,5956.00
6937,6938,2023121003000022,SAPDBL,22,55,200,237.50,47500.00
6938,6939,2023121003000021,ALBSL,34,62,10,591.00,5910.00
6939,6940,2023121001000020,SHIVM,52,11,25,471.20,11780.00
6940,6941,2023121001000019,SHIVM,52,65,500,471.20,235600.00
6941,6942,2023121001000018,SHIVM,52,45,10,471.20,4712.00
6942,6943,2023121001000017,SHIVM,22,45,490,471.20,230888.00
6943,6944,2023121001000016,SHIVM,22,62,10,471.20,4712.00
6944,6945,2023121003000020,GILB,58,62,10,775.20,7752.00
6945,6946,2023121003000019,HLBSL,62,62,10,536.00,5360.00
6946,6947,2023121001000015,PCBL,28,14,30,188.00,5640.00
6947,6948,2023121001000014,CZBIL,41,55,500,164.00,82000.00
6948,6949,2023121004000029,UMRH,34,14,10,267.30,2673.00
6949,6950,2023121003000018,KMCDB,62,62,10,568.40,5684.00
6950,6951,2023121004000028,MEN,14,38,10,492.60,4926.00
6951,6952,2023121001000013,GBIME,41,14,10,191.00,1910.00
6952,6953,2023121003000017,SINDU,38,55,76,256.40,19486.40
6953,6954,2023121004000027,LEC,26,62,10,144.10,1441.00
6954,6955,2023121004000026,HDHPC,58,55,400,124.00,49600.00
6955,6956,2023121004000025,RHPL,16,55,250,251.90,62975.00
6956,6957,2023121004000024,HURJA,88,55,200,222.00,44400.00
6957,6958,2023121004000023,HURJA,62,55,200,222.00,44400.00
6958,6959,2023121003000016,MPFL,22,16,10,283.50,2835.00
6959,6960,2023121003000015,MPFL,22,48,20,283.50,5670.00
6960,6961,2023121001000012,PRVU,26,55,300,158.00,47400.00
6961,6962,2023121001000011,PRVU,33,55,200,158.00,31600.00
6962,6963,2023121003000014,KSBBL,35,39,10,302.90,3029.00
6963,6964,2023121004000022,GHL,35,55,200,122.00,24400.00
6964,6965,2023121001000010,NMB,32,55,300,200.10,60030.00
6965,6966,2023121001000009,NMB,32,19,200,200.10,40020.00
6966,6967,2023121001000008,NMB,32,55,500,200.10,100050.00
6967,6968,2023121003000013,JBBL,34,55,200,279.40,55880.00
6968,6969,2023121003000012,JBBL,32,55,24,279.40,6705.60
6969,6970,2023121003000011,JBBL,32,55,26,279.40,7264.40
6970,6971,2023121003000010,JBBL,51,55,274,279.40,76555.60
6971,6972,2023121004000021,UPPER,57,55,350,198.90,69615.00
6972,6973,2023121004000020,AKJCL,43,55,400,150.90,60360.00
6973,6974,2023121004000019,AKJCL,43,55,400,150.90,60360.00
6974,6975,2023121003000009,SJLIC,49,14,10,517.10,5171.00
6975,6976,2023121003000008,HLI,22,14,10,421.00,4210.00
6976,6977,2023121003000007,HLI,22,59,20,421.00,8420.00
6977,6978,2023121003000006,HLI,22,59,10,421.00,4210.00
6978,6979,2023121004000018,AKPL,38,55,400,162.90,65160.00
6979,6980,2023121004000017,AKPL,38,41,20,162.90,3258.00
6980,6981,2023121003000005,MDB,38,55,284,407.10,115616.40
6981,6982,2023121004000016,AKPL,38,55,400,162.90,65160.00
6982,6983,2023121001000007,SBL,28,14,30,227.00,6810.00
6983,6984,2023121004000015,API,66,29,110,164.20,18062.00
6984,6985,2023121004000014,API,66,55,400,164.20,65680.00
6985,6986,2023121004000013,API,66,55,300,164.20,49260.00
6986,6987,2023121004000012,API,8,55,100,164.20,16420.00
6987,6988,2023121001000006,KBL,88,55,500,153.00,76500.00
6988,6989,2023121003000004,ICFC,50,61,390,443.00,172770.00
6989,6990,2023121003000003,ICFC,8,61,100,443.00,44300.00
6990,6991,2023121003000002,ICFC,35,61,10,443.00,4430.00
6991,6992,2023121001000005,LSL,32,14,45,177.00,7965.00
6992,6993,2023121004000011,AHPC,38,55,400,213.00,85200.00
6993,6994,2023121004000010,AHPC,38,55,100,213.00,21300.00
6994,6995,2023121004000009,AHPC,59,55,200,213.00,42600.00
6995,6996,2023121004000008,AHPC,49,55,100,213.00,21300.00
6996,6997,2023121001000004,MBL,65,55,20,186.60,3732.00
6997,6998,2023121004000007,IGI,49,14,10,499.80,4998.00
6998,6999,2023121004000006,UAIL,28,16,20,591.60,11832.00
6999,7000,2023121001000003,HBL,88,14,10,198.00,1980.00
7000,7001,2023121003000001,GUFL,28,54,10,514.90,5149.00
7001,7002,2023121005000005,CHDC,22,34,10,918.00,9180.00
7002,7003,2023121005000004,NIFRA,41,55,300,187.00,56100.00
7003,7004,2023121005000003,NRN,32,40,300,319.00,95700.00
7004,7005,2023121001000002,NIMB,62,59,237,175.00,41475.00
7005,7006,2023121005000002,NRIC,22,51,105,627.80,65919.00
7006,7007,2023121004000005,NHPC,38,55,400,138.60,55440.00
7007,7008,2023121004000004,NHPC,38,16,57,138.60,7900.20
7008,7009,2023121004000003,NHPC,38,55,400,138.60,55440.00
7009,7010,2023121004000002,NHPC,38,32,1501,138.60,208038.60
7010,7011,2023121005000001,SMATA,62,7,17,599.00,10183.00
7011,7012,2023121001000001,NABIL,17,45,100,516.80,51680.00
7012,7013,2023121004000001,SHL,62,45,450,428.00,192600.00
7013,7014,2023121002000001,EBLD85,41,16,10,1000.00,10000.00
