,S.N.,Contract No,Stock Symbol,Buyer Broker,Seller Broker,Quantity,Rate,Amount
0,1,2022121403004131,NABBC,43,42,10,363.00,3630.00
1,2,2022121401006309,CCBL,51,44,50,190.00,9500.00
2,3,2022121401006308,CCBL,51,25,300,190.00,57000.00
3,4,2022121403004130,MNBBL,54,25,20,417.00,8340.00
4,5,2022121403004129,MNBBL,16,25,250,417.00,104250.00
5,6,2022121403004128,MNBBL,58,25,93,417.00,38781.00
6,7,2022121401006307,NABIL,25,25,10,808.00,8080.00
7,8,2022121403004127,NIFRA,38,42,685,186.00,127410.00
8,9,2022121403004126,NIFRA,38,42,205,186.00,38130.00
9,10,2022121403004125,NIFRA,38,14,64,185.00,11840.00
10,11,2022121403004124,NIFRA,38,57,30,185.00,5550.00
11,12,2022121403004123,NIFRA,38,38,16,185.00,2960.00
12,13,2022121404003929,RIDI,55,56,50,479.30,23965.00
13,14,2022121401006306,GVL,48,34,35,306.00,10710.00
14,15,2022121401006305,GVL,58,34,10,306.00,3060.00
15,16,2022121401006304,GVL,43,34,35,306.30,10720.50
16,17,2022121403004122,GMFIL,41,34,100,304.00,30400.00
17,18,2022121403004121,GMFIL,44,34,100,304.00,30400.00
18,19,2022121403004120,GMFIL,39,34,150,305.00,45750.00
19,20,2022121403004119,GMFIL,10,34,70,307.30,21511.00
20,21,2022121404003928,MEN,59,54,12,709.60,8515.20
21,22,2022121404003927,MEN,19,54,100,710.00,71000.00
22,23,2022121404003926,MEN,43,54,113,713.00,80569.00
23,24,2022121404003925,MEN,59,54,20,713.10,14262.00
24,25,2022121404003924,MEN,34,54,20,717.00,14340.00
25,26,2022121404003923,MEN,6,54,45,718.10,32314.50
26,27,2022121401006303,SIKLES,43,33,10,379.00,3790.00
27,28,2022121401006302,KBL,48,43,66,184.20,12157.20
28,29,2022121401006301,KBL,34,43,10,184.30,1843.00
29,30,2022121401006300,KBL,46,43,40,184.40,7376.00
30,31,2022121401006299,KBL,46,43,23,184.50,4243.50
31,32,2022121401006298,KBL,26,43,211,184.60,38950.60
32,33,2022121403004118,GUFL,28,45,10,522.00,5220.00
33,34,2022121403004117,JBBL,35,25,200,275.00,55000.00
34,35,2022121403004116,JBBL,34,25,200,276.00,55200.00
35,36,2022121404003922,HEI,50,48,435,361.20,157122.00
36,37,2022121403004115,GRDBL,32,33,10,233.00,2330.00
37,38,2022121403004114,GRDBL,32,49,150,230.00,34500.00
38,39,2022121405001026,MKJC,50,28,10,405.00,4050.00
39,40,2022121403004113,NTC,50,38,10,909.00,9090.00
40,41,2022121404003921,KPCL,55,38,10,314.00,3140.00
41,42,2022121404003920,API,38,45,10,210.00,2100.00
42,43,2022121404003919,RIDI,22,52,30,480.00,14400.00
43,44,2022121401006297,ULBSL,22,45,10,3462.00,34620.00
44,45,2022121403004112,GUFL,3,45,70,522.00,36540.00
45,46,2022121403004111,GUFL,3,13,10,521.90,5219.00
46,47,2022121403004110,GUFL,3,13,10,521.80,5218.00
47,48,2022121403004109,GUFL,3,13,10,521.70,5217.00
48,49,2022121403004108,GUFL,3,13,10,521.60,5216.00
49,50,2022121403004107,GUFL,3,13,10,521.50,5215.00
50,51,2022121403004106,GUFL,3,13,10,521.40,5214.00
51,52,2022121403004105,GUFL,3,13,10,520.80,5208.00
52,53,2022121403004104,GUFL,3,13,10,520.60,5206.00
53,54,2022121403004103,GUFL,3,13,10,520.50,5205.00
54,55,2022121403004102,GUFL,3,14,140,520.00,72800.00
55,56,2022121403004101,GUFL,3,45,400,520.00,208000.00
56,57,2022121401006296,EBL,33,45,10,441.00,4410.00
57,58,2022121404003918,API,33,45,50,210.00,10500.00
58,59,2022121404003917,NGPL,41,4,137,205.50,28153.50
59,60,2022121401006295,BHL,35,56,30,249.60,7488.00
60,61,2022121404003916,NGPL,41,36,50,205.50,10275.00
61,62,2022121401006294,SGHC,25,13,10,260.30,2603.00
62,63,2022121401006293,SGHC,25,13,10,260.20,2602.00
63,64,2022121401006292,SGHC,25,13,10,260.10,2601.00
64,65,2022121401006291,SGHC,25,43,200,260.00,52000.00
65,66,2022121401006290,SGHC,25,54,10,260.00,2600.00
66,67,2022121401006289,SGHC,25,58,10,260.00,2600.00
67,68,2022121401006288,SGHC,25,4,10,260.00,2600.00
68,69,2022121401006287,SGHC,25,58,10,260.00,2600.00
69,70,2022121401006286,SGHC,25,29,20,259.10,5182.00
70,71,2022121401006285,SGHC,25,13,10,258.90,2589.00
71,72,2022121401006284,SGHC,25,13,10,258.80,2588.00
72,73,2022121401006283,SGHC,25,13,10,258.70,2587.00
73,74,2022121401006282,SGHC,25,13,10,258.60,2586.00
74,75,2022121401006281,SGHC,25,7,10,258.00,2580.00
75,76,2022121401006280,SGHC,25,35,10,258.00,2580.00
76,77,2022121401006279,SGHC,25,42,10,258.00,2580.00
77,78,2022121401006278,SGHC,25,58,10,257.00,2570.00
78,79,2022121401006277,SGHC,25,32,10,256.50,2565.00
79,80,2022121401006276,SGHC,25,21,600,256.00,153600.00
80,81,2022121401006275,SGHC,25,19,10,255.90,2559.00
81,82,2022121401006274,SGHC,25,58,10,254.20,2542.00
82,83,2022121401006273,SPHL,32,59,10,358.00,3580.00
83,84,2022121404003915,GHL,34,7,11,190.50,2095.50
84,85,2022121404003914,GHL,10,7,39,191.00,7449.00
85,86,2022121403004100,KSBBL,59,28,10,306.00,3060.00
86,87,2022121404003913,RIDI,41,52,10,480.00,4800.00
87,88,2022121404003912,API,5,45,10,210.00,2100.00
88,89,2022121403004099,GUFL,14,45,1000,520.00,520000.00
89,90,2022121404003911,UPPER,35,19,24,389.00,9336.00
90,91,2022121404003910,UPPER,51,19,250,389.00,97250.00
91,92,2022121404003909,SHL,45,16,100,221.00,22100.00
92,93,2022121401006272,PCBL,56,45,400,226.00,90400.00
93,94,2022121401006271,PCBL,56,34,20,226.00,4520.00
94,95,2022121401006270,PCBL,56,54,100,226.00,22600.00
95,96,2022121401006269,PCBL,56,35,130,225.90,29367.00
96,97,2022121401006268,PCBL,56,48,250,225.60,56400.00
97,98,2022121401006267,PCBL,56,39,500,225.50,112750.00
98,99,2022121401006266,PCBL,56,40,100,225.40,22540.00
99,100,2022121401006265,SPHL,29,59,10,358.00,3580.00
100,101,2022121401006264,SPHL,29,36,10,357.00,3570.00
101,102,2022121401006263,ADBL,33,33,50000,311.10,15555000.00
102,103,2022121401006262,SBI,5,49,25,279.00,6975.00
103,104,2022121404003908,UNHPL,45,32,61,190.00,11590.00
104,105,2022121404003907,UNHPL,45,14,470,189.90,89253.00
105,106,2022121404003906,UNHPL,45,25,39,189.90,7406.10
106,107,2022121404003905,UNHPL,45,49,500,189.80,94900.00
107,108,2022121404003904,UNHPL,45,55,220,189.50,41690.00
108,109,2022121404003903,UNHPL,45,6,10,189.50,1895.00
109,110,2022121405001025,SAHAS,13,46,10,450.00,4500.00
110,111,2022121401006261,HDL,13,58,10,3815.00,38150.00
111,112,2022121401006260,USHEC,36,38,30,249.00,7470.00
112,113,2022121404003902,AIL,50,48,50,365.00,18250.00
113,114,2022121404003901,AIL,17,48,20,365.00,7300.00
114,115,2022121401006259,NBL,32,54,10,276.00,2760.00
115,116,2022121404003900,NICL,50,46,10,422.00,4220.00
116,117,2022121403004098,HIDCL,53,7,109,165.10,17995.90
117,118,2022121403004097,HIDCL,49,7,25,165.20,4130.00
118,119,2022121403004096,HIDCL,4,7,66,165.50,10923.00
119,120,2022121403004095,CIT,49,49,200,1855.00,371000.00
120,121,2022121403004094,CIT,49,45,48,1855.00,89040.00
121,122,2022121403004093,CIT,49,58,60,1854.00,111240.00
122,123,2022121403004092,CIT,49,50,11,1853.00,20383.00
123,124,2022121403004091,NLIC,11,19,71,604.20,42898.20
124,125,2022121403004090,NLIC,13,19,20,604.20,12084.00
125,126,2022121403004089,NLIC,36,19,59,604.60,35671.40
126,127,2022121404003899,RIDI,45,52,11,480.00,5280.00
127,128,2022121404003898,RIDI,45,41,189,480.00,90720.00
128,129,2022121401006258,NABIL,13,25,10,808.00,8080.00
129,130,2022121403004088,SKBBL,40,57,100,1109.00,110900.00
130,131,2022121401006257,PPL,28,49,10,204.00,2040.00
131,132,2022121404003897,SJCL,25,48,60,242.00,14520.00
132,133,2022121404003896,SJCL,25,35,40,242.00,9680.00
133,134,2022121404003895,SJCL,25,19,100,241.00,24100.00
134,135,2022121404003894,SJCL,25,28,20,240.00,4800.00
135,136,2022121404003893,SJCL,25,4,500,236.00,118000.00
136,137,2022121404003892,SJCL,25,36,60,235.20,14112.00
137,138,2022121404003891,SJCL,25,59,20,235.10,4702.00
138,139,2022121404003890,KPCL,55,38,10,314.00,3140.00
139,140,2022121403004087,MPFL,3,49,10,303.80,3038.00
140,141,2022121403004086,PROFL,6,21,10,282.10,2821.00
141,142,2022121401006256,NCCB,41,58,41,181.80,7453.80
142,143,2022121405001024,MKLB,42,42,10,858.00,8580.00
143,144,2022121404003889,NHDL,34,42,100,313.60,31360.00
144,145,2022121404003888,NHDL,49,42,36,313.60,11289.60
145,146,2022121403004085,NIFRA,42,38,15,185.00,2775.00
146,147,2022121401006255,RHGCL,58,42,90,205.00,18450.00
147,148,2022121401006254,GBIME,44,44,20,208.00,4160.00
148,149,2022121401006253,NABIL,33,19,170,807.00,137190.00
149,150,2022121401006252,NABIL,13,19,20,807.00,16140.00
150,151,2022121401006251,NABIL,38,19,10,807.00,8070.00
151,152,2022121401006250,BHL,29,21,91,245.20,22313.20
152,153,2022121401006249,BHL,52,21,30,245.20,7356.00
153,154,2022121403004084,MFIL,6,58,20,420.00,8400.00
154,155,2022121404003887,BPCL,6,58,10,302.60,3026.00
155,156,2022121404003886,RIDI,26,41,10,480.00,4800.00
156,157,2022121404003885,AKPL,39,14,60,343.00,20580.00
157,158,2022121403004083,EDBL,33,44,10,306.00,3060.00
158,159,2022121401006248,BHDC,14,57,11,350.00,3850.00
159,160,2022121401006247,BHDC,14,49,10,348.00,3480.00
160,161,2022121404003884,UPPER,55,21,10,390.00,3900.00
161,162,2022121401006246,NABIL,18,25,115,808.00,92920.00
162,163,2022121403004082,GUFL,17,28,100,519.00,51900.00
163,164,2022121401006245,HDL,50,58,20,3815.00,76300.00
164,165,2022121401006244,HDL,22,58,10,3815.00,38150.00
165,166,2022121403004081,SHINE,34,22,300,329.00,98700.00
166,167,2022121405001023,JBLB,35,47,34,2730.00,92820.00
167,168,2022121403004080,HIDCL,4,47,29,165.50,4799.50
168,169,2022121404003883,BARUN,32,45,100,201.00,20100.00
169,170,2022121403004079,SMATA,39,51,100,734.00,73400.00
170,171,2022121404003882,UMHL,21,33,10,225.80,2258.00
171,172,2022121404003881,API,29,45,30,209.00,6270.00
172,173,2022121404003880,CHL,19,57,112,205.00,22960.00
173,174,2022121404003879,CHL,40,57,10,205.20,2052.00
174,175,2022121404003878,CHL,42,57,49,205.20,10054.80
175,176,2022121404003877,CHL,42,57,182,205.30,37364.60
176,177,2022121403004078,MLBSL,51,35,10,3990.00,39900.00
177,178,2022121403004077,MLBSL,51,35,12,3990.00,47880.00
178,179,2022121403004076,LBBL,49,36,100,317.00,31700.00
179,180,2022121403004075,LBBL,56,36,100,317.00,31700.00
180,181,2022121404003876,PIC,45,21,10,519.00,5190.00
181,182,2022121404003875,PIC,55,21,30,519.00,15570.00
182,183,2022121404003874,PIC,49,21,12,519.00,6228.00
183,184,2022121404003873,PIC,37,21,10,519.00,5190.00
184,185,2022121404003872,PIC,58,21,78,519.00,40482.00
185,186,2022121404003871,RMF1,17,21,100,7.68,768.00
186,187,2022121401006243,LBL,42,58,17,192.50,3272.50
187,188,2022121401006242,LBL,43,58,975,192.50,187687.50
188,189,2022121403004074,SIFC,22,57,10,303.00,3030.00
189,190,2022121404003870,RMF1,49,21,100,7.68,768.00
190,191,2022121403004073,GUFL,42,45,90,520.00,46800.00
191,192,2022121401006241,SBL,41,5,69,310.00,21390.00
192,193,2022121401006240,SBL,58,5,80,310.00,24800.00
193,194,2022121401006239,SBL,54,5,11,310.00,3410.00
194,195,2022121401006238,SBL,45,5,40,310.00,12400.00
195,196,2022121401006237,SBL,47,5,200,310.00,62000.00
196,197,2022121401006236,SBL,42,5,100,310.00,31000.00
197,198,2022121403004072,JBBL,35,52,53,275.00,14575.00
198,199,2022121403004071,JBBL,25,52,50,275.10,13755.00
199,200,2022121403004070,ILBS,34,58,10,870.00,8700.00
200,201,2022121403004069,ILBS,34,7,16,866.00,13856.00
201,202,2022121404003869,HDHPC,16,19,10,175.00,1750.00
202,203,2022121404003868,HDHPC,57,19,10,175.00,1750.00
203,204,2022121404003867,STC,33,58,172,3580.00,615760.00
204,205,2022121404003866,STC,52,58,20,3580.00,71600.00
205,206,2022121404003865,STC,38,58,35,3585.20,125482.00
206,207,2022121404003864,STC,45,58,20,3586.00,71720.00
207,208,2022121404003863,JOSHI,26,59,10,189.00,1890.00
208,209,2022121404003862,JOSHI,6,59,490,189.00,92610.00
209,210,2022121401006235,NMB,33,42,298,230.00,68540.00
210,211,2022121401006234,NMB,57,42,44,230.00,10120.00
211,212,2022121401006233,NMB,14,42,20,230.00,4600.00
212,213,2022121401006232,NMB,39,42,30,230.20,6906.00
213,214,2022121401006231,NMB,1,42,201,230.20,46270.20
214,215,2022121401006230,NMB,28,42,500,231.00,115500.00
215,216,2022121401006229,NMB,35,42,500,231.00,115500.00
216,217,2022121401006228,NMB,33,42,107,231.00,24717.00
217,218,2022121404003861,HDHPC,33,14,40,173.30,6932.00
218,219,2022121404003860,HDHPC,58,14,50,174.00,8700.00
219,220,2022121403004068,HIDCL,43,8,212,166.00,35192.00
220,221,2022121405001022,MBJC,58,55,50,216.00,10800.00
221,222,2022121403004067,SKBBL,58,45,50,1110.00,55500.00
222,223,2022121404003859,HEI,33,56,10,364.80,3648.00
223,224,2022121403004066,CIT,42,50,14,1853.00,25942.00
224,225,2022121404003858,RIDI,59,41,50,480.00,24000.00
225,226,2022121401006227,NICA,17,56,400,675.10,270040.00
226,227,2022121403004065,SLBBL,56,29,10,833.00,8330.00
227,228,2022121403004064,SLBBL,56,6,90,824.00,74160.00
228,229,2022121404003857,IGI,44,28,20,365.00,7300.00
229,230,2022121404003856,IGI,44,29,100,364.90,36490.00
230,231,2022121403004063,RLFL,41,42,88,293.40,25819.20
231,232,2022121403004062,RLFL,41,49,12,293.30,3519.60
232,233,2022121403004061,HIDCL,4,58,66,165.50,10923.00
233,234,2022121403004060,HIDCL,4,59,39,165.20,6442.80
234,235,2022121403004059,NRIC,21,49,90,695.00,62550.00
235,236,2022121401006226,CZBIL,22,58,20,180.00,3600.00
236,237,2022121404003855,CHCL,49,57,300,388.00,116400.00
237,238,2022121404003854,HPPL,56,42,10,246.60,2466.00
238,239,2022121404003853,HPPL,56,42,50,244.20,12210.00
239,240,2022121401006225,NIB,44,43,236,218.20,51495.20
240,241,2022121401006224,NIB,45,43,39,218.20,8509.80
241,242,2022121401006223,NIB,34,43,75,218.30,16372.50
242,243,2022121401006222,NIB,22,43,100,218.50,21850.00
243,244,2022121401006221,NIB,42,43,50,218.50,10925.00
244,245,2022121403004058,NRIC,42,57,53,690.00,36570.00
245,246,2022121403004057,SHINE,34,33,250,330.00,82500.00
246,247,2022121403004056,SHINE,34,44,350,329.00,115150.00
247,248,2022121404003852,RIDI,34,41,50,480.00,24000.00
248,249,2022121404003851,JOSHI,6,28,10,189.00,1890.00
249,250,2022121403004055,CIT,42,22,30,1853.00,55590.00
250,251,2022121401006220,MHL,34,48,10,311.00,3110.00
251,252,2022121401006219,MHL,34,58,50,308.00,15400.00
252,253,2022121403004054,ILBS,38,38,16,862.00,13792.00
253,254,2022121401006218,SHIVM,45,1,10,546.00,5460.00
254,255,2022121404003850,BPCL,6,19,40,302.60,12104.00
255,256,2022121404003849,BPCL,11,19,10,302.90,3029.00
256,257,2022121403004053,KSBBL,34,28,25,306.00,7650.00
257,258,2022121403004052,PROFL,34,21,10,282.10,2821.00
258,259,2022121404003848,NIL,53,47,10,714.00,7140.00
259,260,2022121403004051,NRIC,34,57,20,690.00,13800.00
260,261,2022121404003847,CGH,56,51,20,1005.00,20100.00
261,262,2022121403004050,SHINE,6,44,50,329.00,16450.00
262,263,2022121403004049,SHINE,6,41,150,329.00,49350.00
263,264,2022121404003846,NGPL,57,58,100,206.00,20600.00
264,265,2022121403004048,CIT,35,22,10,1853.00,18530.00
265,266,2022121403004047,GFCL,6,38,109,447.00,48723.00
266,267,2022121404003845,PPCL,17,55,58,282.50,16385.00
267,268,2022121404003844,SPDL,43,49,676,263.00,177788.00
268,269,2022121404003843,SPDL,43,55,100,263.00,26300.00
269,270,2022121404003842,SPDL,43,52,100,263.00,26300.00
270,271,2022121404003841,SPDL,43,36,239,262.90,62833.10
271,272,2022121404003840,SPDL,43,36,285,262.50,74812.50
272,273,2022121401006217,LBL,35,34,100,192.90,19290.00
273,274,2022121403004046,PROFL,52,21,70,282.10,19747.00
274,275,2022121401006216,KBL,33,32,75,185.00,13875.00
275,276,2022121401006215,KBL,33,32,25,185.00,4625.00
276,277,2022121404003839,SPDL,17,36,15,262.50,3937.50
277,278,2022121404003838,HDHPC,33,22,253,173.30,43844.90
278,279,2022121401006214,PRVU,58,21,2,201.00,402.00
279,280,2022121401006213,PRVU,58,21,14,201.00,2814.00
280,281,2022121401006212,PRVU,58,43,24,201.00,4824.00
281,282,2022121401006211,PRVU,58,29,98,201.00,19698.00
282,283,2022121401006210,PRVU,58,58,17,201.00,3417.00
283,284,2022121401006209,PRVU,58,14,60,200.90,12054.00
284,285,2022121401006208,PRVU,58,7,37,200.80,7429.60
285,286,2022121401006207,PRVU,58,40,50,200.80,10040.00
286,287,2022121401006206,SIKLES,58,42,10,379.00,3790.00
287,288,2022121404003837,SJCL,59,6,200,235.00,47000.00
288,289,2022121401006205,GIBF1,41,48,5000,8.00,40000.00
289,290,2022121401006204,SHIVM,28,19,150,544.50,81675.00
290,291,2022121403004045,CIT,58,57,10,1852.00,18520.00
291,292,2022121405001021,MKJC,58,28,200,400.10,80020.00
292,293,2022121403004044,GUFL,28,45,10,520.00,5200.00
293,294,2022121401006203,DORDI,21,56,180,237.00,42660.00
294,295,2022121401006202,DORDI,21,5,10,234.60,2346.00
295,296,2022121401006201,DORDI,21,47,10,234.20,2342.00
296,297,2022121401006200,DORDI,21,38,10,233.00,2330.00
297,298,2022121401006199,DORDI,21,43,10,232.30,2323.00
298,299,2022121401006198,DORDI,21,58,10,232.30,2323.00
299,300,2022121401006197,DORDI,21,41,10,230.00,2300.00
300,301,2022121401006196,DORDI,21,43,1250,229.90,287375.00
301,302,2022121401006195,DORDI,21,14,10,229.00,2290.00
302,303,2022121405001020,MKJC,17,28,10,405.00,4050.00
303,304,2022121404003836,HEI,22,48,100,362.00,36200.00
304,305,2022121405001019,JALPA,42,49,10,3335.00,33350.00
305,306,2022121403004043,ILBS,49,56,20,864.00,17280.00
306,307,2022121403004042,NLIC,26,41,500,605.00,302500.00
307,308,2022121401006194,NABIL,38,39,10,807.00,8070.00
308,309,2022121401006193,NABIL,38,39,10,807.00,8070.00
309,310,2022121401006192,NABIL,38,39,10,807.00,8070.00
310,311,2022121401006191,NABIL,58,39,12,807.00,9684.00
311,312,2022121401006190,NABIL,57,39,50,807.00,40350.00
312,313,2022121401006189,NABIL,6,39,50,807.10,40355.00
313,314,2022121401006188,NABIL,58,39,100,807.10,80710.00
314,315,2022121401006187,NABIL,49,39,10,807.10,8071.00
315,316,2022121401006186,NABIL,57,39,30,807.20,24216.00
316,317,2022121401006185,NABIL,39,39,20,807.20,16144.00
317,318,2022121401006184,NABIL,41,39,50,807.30,40365.00
318,319,2022121401006183,NABIL,52,39,140,807.30,113022.00
319,320,2022121404003835,IGI,44,56,60,363.00,21780.00
320,321,2022121404003834,IGI,44,17,20,362.00,7240.00
321,322,2022121404003833,AHPC,5,55,100,267.80,26780.00
322,323,2022121401006182,KBL,21,32,25,185.00,4625.00
323,324,2022121401006181,HHL,7,56,10,217.00,2170.00
324,325,2022121403004041,NADEP,38,18,10,677.00,6770.00
325,326,2022121403004040,SKBBL,46,14,30,1111.00,33330.00
326,327,2022121401006180,PCBL,26,45,500,225.00,112500.00
327,328,2022121401006179,PCBL,26,33,990,225.00,222750.00
328,329,2022121403004039,SADBL,42,6,10,300.00,3000.00
329,330,2022121401006178,CCBL,8,52,150,189.00,28350.00
330,331,2022121403004038,FOWAD,18,13,10,2599.00,25990.00
331,332,2022121405001018,NYADI,34,26,10,281.00,2810.00
332,333,2022121405001017,NYADI,34,58,10,276.00,2760.00
333,334,2022121404003832,UMHL,21,33,20,225.80,4516.00
334,335,2022121403004037,GUFL,14,48,500,519.00,259500.00
335,336,2022121403004036,NADEP,38,18,10,677.00,6770.00
336,337,2022121404003831,HPPL,22,42,50,244.20,12210.00
337,338,2022121403004035,GBBL,19,41,100,382.90,38290.00
338,339,2022121401006177,NABIL,57,25,10,808.00,8080.00
339,340,2022121404003830,CHL,43,56,10,207.80,2078.00
340,341,2022121403004034,FMDBL,21,4,17,708.00,12036.00
341,342,2022121403004033,FMDBL,59,4,20,708.00,14160.00
342,343,2022121404003829,HEI,33,56,11,364.80,4012.80
343,344,2022121404003828,HEI,33,52,119,362.90,43185.10
344,345,2022121403004032,NIFRA,58,38,10,185.00,1850.00
345,346,2022121404003827,API,29,32,20,209.00,4180.00
346,347,2022121404003826,SHPC,59,45,10,273.00,2730.00
347,348,2022121403004031,NLIC,36,26,41,604.60,24788.60
348,349,2022121403004030,MSLB,56,47,10,1039.00,10390.00
349,350,2022121403004029,EDBL,47,19,300,303.00,90900.00
350,351,2022121403004028,SIFC,8,42,10,303.40,3034.00
351,352,2022121404003825,UPCL,36,36,200,214.10,42820.00
352,353,2022121404003824,PIC,21,21,10,526.90,5269.00
353,354,2022121403004027,SMFBS,57,7,10,1380.00,13800.00
354,355,2022121403004026,SMFBS,58,7,10,1380.00,13800.00
355,356,2022121403004025,FMDBL,34,34,141,708.00,99828.00
356,357,2022121401006176,SCB,38,51,140,400.00,56000.00
357,358,2022121401006175,SCB,34,51,100,400.10,40010.00
358,359,2022121401006174,SCB,34,51,100,400.20,40020.00
359,360,2022121401006173,SCB,25,51,10,400.20,4002.00
360,361,2022121401006172,NBL,11,6,98,275.10,26959.80
361,362,2022121401006171,NBL,32,6,100,275.50,27550.00
362,363,2022121401006170,NBL,45,6,200,275.60,55120.00
363,364,2022121401006169,NBL,28,6,150,275.60,41340.00
364,365,2022121401006168,NBL,38,6,73,275.60,20118.80
365,366,2022121401006167,NBL,45,6,10,275.70,2757.00
366,367,2022121401006166,NBL,36,6,250,275.70,68925.00
367,368,2022121405001016,MKLB,42,53,10,842.00,8420.00
368,369,2022121405001015,MKLB,42,49,10,835.00,8350.00
369,370,2022121405001014,MKLB,42,44,10,826.00,8260.00
370,371,2022121404003823,UPCL,34,21,42,214.20,8996.40
371,372,2022121404003822,UPCL,18,21,723,214.20,154866.60
372,373,2022121404003821,UMHL,7,38,480,225.00,108000.00
373,374,2022121403004024,CFCL,57,19,10,305.80,3058.00
374,375,2022121404003820,API,29,35,40,209.00,8360.00
375,376,2022121401006165,NABIL,45,25,45,808.00,36360.00
376,377,2022121401006164,NABIL,42,25,50,808.00,40400.00
377,378,2022121401006163,NABIL,52,25,100,808.00,80800.00
378,379,2022121401006162,NABIL,37,25,100,808.00,80800.00
379,380,2022121401006161,NABIL,48,25,90,808.00,72720.00
380,381,2022121401006160,NABIL,45,25,15,808.00,12120.00
381,382,2022121401006159,NABIL,20,25,50,808.00,40400.00
382,383,2022121401006158,NABIL,41,25,100,808.00,80800.00
383,384,2022121401006157,NABIL,33,25,80,808.00,64640.00
384,385,2022121401006156,NABIL,45,25,500,808.00,404000.00
385,386,2022121401006155,NABIL,45,25,500,808.00,404000.00
386,387,2022121401006154,NABIL,34,25,25,808.00,20200.00
387,388,2022121401006153,NABIL,14,25,20,808.00,16160.00
388,389,2022121401006152,NABIL,49,25,89,808.00,71912.00
389,390,2022121401006151,NABIL,45,25,13,808.10,10505.30
390,391,2022121401006150,NABIL,40,25,125,808.50,101062.50
391,392,2022121401006149,NABIL,34,25,10,808.50,8085.00
392,393,2022121401006148,NABIL,32,25,100,808.50,80850.00
393,394,2022121401006147,NABIL,34,25,50,808.50,40425.00
394,395,2022121401006146,NABIL,54,25,275,808.60,222365.00
395,396,2022121401006145,GVL,43,38,10,306.30,3063.00
396,397,2022121403004023,BFC,26,29,329,306.00,100674.00
397,398,2022121403004022,NMFBS,36,45,30,1995.50,59865.00
398,399,2022121403004021,NMFBS,58,45,10,1995.60,19956.00
399,400,2022121401006144,SHIVM,28,13,324,544.50,176418.00
400,401,2022121401006143,SHIVM,42,13,25,545.00,13625.00
401,402,2022121401006142,SHIVM,59,13,231,545.10,125918.10
402,403,2022121401006141,SHIVM,22,13,70,545.20,38164.00
403,404,2022121401006140,SHIVM,22,13,30,545.20,16356.00
404,405,2022121403004020,GRDBL,44,34,211,227.20,47939.20
405,406,2022121403004019,GRDBL,33,34,239,227.30,54324.70
406,407,2022121403004018,GRDBL,59,34,50,227.40,11370.00
407,408,2022121403004017,NRIC,28,57,50,690.00,34500.00
408,409,2022121403004016,SIFC,32,42,10,303.40,3034.00
409,410,2022121403004015,MLBSL,39,45,10,4000.00,40000.00
410,411,2022121403004014,GUFL,14,17,500,519.00,259500.00
411,412,2022121403004013,SMFDB,42,8,12,1146.10,13753.20
412,413,2022121401006139,SCB,34,54,30,402.00,12060.00
413,414,2022121401006138,SCB,34,21,100,402.00,40200.00
414,415,2022121403004012,CIT,41,57,11,1852.00,20372.00
415,416,2022121404003819,UMRH,50,53,23,416.00,9568.00
416,417,2022121404003818,UMRH,50,34,117,415.00,48555.00
417,418,2022121401006137,HDL,22,43,10,3814.00,38140.00
418,419,2022121403004011,MFIL,6,56,250,420.00,105000.00
419,420,2022121404003817,HDHPC,33,42,350,173.30,60655.00
420,421,2022121404003816,HDHPC,26,42,150,174.00,26100.00
421,422,2022121403004010,GUFL,49,45,20,518.70,10374.00
422,423,2022121401006136,KBL,8,32,50,185.00,9250.00
423,424,2022121403004009,NRIC,43,57,20,690.00,13800.00
424,425,2022121404003815,NHPC,45,25,904,199.00,179896.00
425,426,2022121403004008,SADBL,49,14,200,299.00,59800.00
426,427,2022121403004007,MFIL,6,45,172,420.00,72240.00
427,428,2022121403004006,MFIL,6,45,62,420.00,26040.00
428,429,2022121403004005,MFIL,35,45,16,420.20,6723.20
429,430,2022121401006135,PRVU,22,14,40,200.90,8036.00
430,431,2022121401006134,PRVU,22,19,10,200.90,2009.00
431,432,2022121404003814,HDHPC,26,16,50,174.00,8700.00
432,433,2022121401006133,RHGCL,53,42,10,207.90,2079.00
433,434,2022121401006132,RHGCL,53,58,10,207.00,2070.00
434,435,2022121401006131,RHGCL,53,32,10,207.00,2070.00
435,436,2022121401006130,RHGCL,53,32,10,207.00,2070.00
436,437,2022121404003813,RIDI,16,56,107,479.10,51263.70
437,438,2022121404003812,RIDI,14,56,50,479.10,23955.00
438,439,2022121404003811,RIDI,58,56,43,479.20,20605.60
439,440,2022121404003810,RIDI,52,56,100,479.20,47920.00
440,441,2022121401006129,NICA,10,56,100,675.40,67540.00
441,442,2022121403004004,KMCDB,14,45,10,888.00,8880.00
442,443,2022121403004003,KMCDB,14,45,10,888.10,8881.00
443,444,2022121403004002,KMCDB,14,45,10,888.20,8882.00
444,445,2022121403004001,KMCDB,14,45,10,888.30,8883.00
445,446,2022121403004000,KMCDB,14,45,10,888.40,8884.00
446,447,2022121403003999,KMCDB,14,45,10,888.50,8885.00
447,448,2022121401006128,MBL,37,34,10,212.90,2129.00
448,449,2022121403003998,ICFC,28,29,10,426.60,4266.00
449,450,2022121401006127,BHDC,14,48,160,347.40,55584.00
450,451,2022121401006126,HDL,22,43,10,3814.00,38140.00
451,452,2022121401006125,NABIL,42,1,200,809.00,161800.00
452,453,2022121403003997,NRIC,33,19,190,689.30,130967.00
453,454,2022121403003996,NRIC,19,19,10,689.40,6894.00
454,455,2022121403003995,SWBBL,17,29,10,1190.00,11900.00
455,456,2022121404003809,PMHPL,48,56,10,193.00,1930.00
456,457,2022121404003808,RBCL,16,58,10,12500.00,125000.00
457,458,2022121404003807,KPCL,32,22,10,317.00,3170.00
458,459,2022121404003806,API,29,58,100,209.00,20900.00
459,460,2022121403003994,MPFL,26,33,17,303.90,5166.30
460,461,2022121403003993,MSLB,56,57,10,1038.00,10380.00
461,462,2022121403003992,GMFIL,42,58,10,310.20,3102.00
462,463,2022121401006124,GBIME,45,41,100,207.90,20790.00
463,464,2022121401006123,HDL,25,43,10,3814.00,38140.00
464,465,2022121404003805,UPPER,7,21,87,390.00,33930.00
465,466,2022121403003991,NSLB,38,50,10,760.90,7609.00
466,467,2022121403003990,NSLB,38,22,10,750.70,7507.00
467,468,2022121403003989,NSLB,38,17,40,750.00,30000.00
468,469,2022121403003988,NSLB,38,22,10,749.00,7490.00
469,470,2022121404003804,HPPL,6,58,370,243.00,89910.00
470,471,2022121404003803,HPPL,42,58,1010,243.40,245834.00
471,472,2022121404003802,HPPL,45,58,100,243.60,24360.00
472,473,2022121404003801,HPPL,56,58,180,243.70,43866.00
473,474,2022121404003800,HPPL,36,58,100,244.00,24400.00
474,475,2022121404003799,HPPL,22,58,40,244.00,9760.00
475,476,2022121404003798,HPPL,58,58,90,244.00,21960.00
476,477,2022121404003797,HPPL,58,58,10,244.00,2440.00
477,478,2022121404003796,HPPL,22,58,100,244.10,24410.00
478,479,2022121403003987,NTC,58,56,27,909.90,24567.30
479,480,2022121403003986,NTC,58,17,25,908.00,22700.00
480,481,2022121403003985,NTC,58,36,10,907.00,9070.00
481,482,2022121403003984,NTC,58,8,133,905.00,120365.00
482,483,2022121403003983,NTC,58,55,13,905.00,11765.00
483,484,2022121403003982,NTC,58,17,50,904.90,45245.00
484,485,2022121403003981,NTC,58,5,10,901.00,9010.00
485,486,2022121403003980,NTC,58,57,45,900.00,40500.00
486,487,2022121403003979,NTC,58,22,95,900.00,85500.00
487,488,2022121403003978,NTC,58,42,50,900.00,45000.00
488,489,2022121403003977,NTC,58,38,10,900.00,9000.00
489,490,2022121403003976,NTC,58,45,20,899.00,17980.00
490,491,2022121403003975,NTC,58,21,12,898.00,10776.00
491,492,2022121404003795,PPCL,17,1,40,282.50,11300.00
492,493,2022121404003794,SICL,53,7,10,770.00,7700.00
493,494,2022121403003974,NUBL,47,18,60,888.00,53280.00
494,495,2022121401006122,SHIVM,59,13,150,545.10,81765.00
495,496,2022121403003973,NLICL,33,16,500,502.00,251000.00
496,497,2022121403003972,MDB,36,33,170,379.00,64430.00
497,498,2022121403003971,MDB,4,33,20,379.00,7580.00
498,499,2022121403003970,MDB,37,33,10,381.00,3810.00
499,500,2022121404003793,RIDI,22,41,15,480.00,7200.00
500,501,2022121401006121,NABIL,54,39,325,808.60,262795.00
501,502,2022121401006120,NABIL,11,39,20,808.70,16174.00
502,503,2022121401006119,NABIL,13,39,60,808.70,48522.00
503,504,2022121401006118,NABIL,52,39,100,808.80,80880.00
504,505,2022121404003792,CHCL,29,6,24,386.70,9280.80
505,506,2022121404003791,CHCL,34,6,66,386.80,25528.80
506,507,2022121404003790,CHCL,57,6,160,388.00,62080.00
507,508,2022121401006117,PCBL,56,33,10,225.00,2250.00
508,509,2022121403003969,ILBS,1,44,12,863.00,10356.00
509,510,2022121404003789,GLH,14,5,10,239.00,2390.00
510,511,2022121404003788,GLH,14,49,20,238.50,4770.00
511,512,2022121404003787,GLH,14,22,10,236.10,2361.00
512,513,2022121401006116,ADBL,21,42,16,311.00,4976.00
513,514,2022121401006115,DORDI,5,48,225,228.00,51300.00
514,515,2022121401006114,DORDI,53,48,25,228.00,5700.00
515,516,2022121401006113,DORDI,6,48,50,229.00,11450.00
516,517,2022121403003968,CBBL,45,6,20,1106.00,22120.00
517,518,2022121404003786,RHPL,56,39,800,249.90,199920.00
518,519,2022121404003785,RHPL,56,58,100,249.90,24990.00
519,520,2022121404003784,RHPL,56,1,100,249.00,24900.00
520,521,2022121403003967,LBBL,56,33,200,317.00,63400.00
521,522,2022121405001013,MKJC,58,42,100,400.10,40010.00
522,523,2022121401006112,HHL,7,45,10,217.00,2170.00
523,524,2022121404003783,PSF,25,8,100,7.77,777.00
524,525,2022121403003966,SWBBL,17,35,21,1175.00,24675.00
525,526,2022121401006111,MHL,22,58,100,308.10,30810.00
526,527,2022121404003782,NGPL,38,58,100,206.00,20600.00
527,528,2022121404003781,HURJA,58,49,1000,202.00,202000.00
528,529,2022121404003780,HURJA,38,49,10,202.00,2020.00
529,530,2022121403003965,NRIC,41,57,112,690.00,77280.00
530,531,2022121403003964,NRIC,41,35,76,690.00,52440.00
531,532,2022121401006110,BHL,5,21,10,249.70,2497.00
532,533,2022121404003779,RHPL,19,45,58,247.00,14326.00
533,534,2022121404003778,RHPL,21,45,12,247.10,2965.20
534,535,2022121401006109,PPL,34,34,10,204.00,2040.00
535,536,2022121403003963,CIT,43,22,10,1853.00,18530.00
536,537,2022121401006108,HHL,7,58,10,218.00,2180.00
537,538,2022121401006107,NABIL,38,1,100,809.00,80900.00
538,539,2022121403003962,NRIC,33,16,10,689.30,6893.00
539,540,2022121404003777,PIC,6,21,100,519.10,51910.00
540,541,2022121404003776,PIC,57,21,10,526.00,5260.00
541,542,2022121404003775,UPCL,58,54,200,214.50,42900.00
542,543,2022121403003961,NTC,51,49,50,895.10,44755.00
543,544,2022121404003774,NHDL,49,8,64,313.60,20070.40
544,545,2022121404003773,NHDL,42,8,200,314.00,62800.00
545,546,2022121404003772,NHDL,48,8,36,314.10,11307.60
546,547,2022121401006106,NIB,7,25,50,218.90,10945.00
547,548,2022121403003960,MNBBL,58,33,27,417.00,11259.00
548,549,2022121403003959,MNBBL,38,33,79,417.10,32950.90
549,550,2022121401006105,HDL,32,32,85,3814.90,324266.50
550,551,2022121404003771,AKJCL,59,25,115,169.40,19481.00
551,552,2022121404003770,AKJCL,19,25,10,169.50,1695.00
552,553,2022121404003769,CMF2,58,32,50,7.84,392.00
553,554,2022121404003768,CMF2,45,32,100,7.90,790.00
554,555,2022121404003767,AKPL,38,14,10,343.00,3430.00
555,556,2022121404003766,AKPL,57,14,18,343.00,6174.00
556,557,2022121401006104,EBL,26,45,33,438.00,14454.00
557,558,2022121401006103,EBL,10,45,200,438.00,87600.00
558,559,2022121401006102,EBL,14,45,100,438.00,43800.00
559,560,2022121401006101,EBL,49,45,20,438.00,8760.00
560,561,2022121401006100,EBL,6,45,10,438.00,4380.00
561,562,2022121401006099,EBL,49,45,20,438.00,8760.00
562,563,2022121401006098,EBL,32,45,100,438.10,43810.00
563,564,2022121401006097,EBL,18,45,200,438.10,87620.00
564,565,2022121401006096,EBL,34,45,100,438.20,43820.00
565,566,2022121401006095,EBL,20,45,226,438.20,99033.20
566,567,2022121401006094,EBL,5,45,10,438.30,4383.00
567,568,2022121401006093,EBL,25,45,10,438.30,4383.00
568,569,2022121401006092,EBL,5,45,40,438.40,17536.00
569,570,2022121401006091,EBL,7,45,31,438.40,13590.40
570,571,2022121403003958,DDBL,50,4,32,1025.10,32803.20
571,572,2022121403003957,DDBL,49,4,60,1025.20,61512.00
572,573,2022121403003956,DDBL,4,4,10,1027.00,10270.00
573,574,2022121403003955,MLBL,36,3,85,343.00,29155.00
574,575,2022121403003954,USLB,41,37,10,885.00,8850.00
575,576,2022121403003953,NLIC,42,41,20,605.00,12100.00
576,577,2022121403003952,NLIC,45,41,200,605.00,121000.00
577,578,2022121403003951,NLIC,6,41,50,605.00,30250.00
578,579,2022121404003765,HDHPC,28,16,50,174.00,8700.00
579,580,2022121403003950,GBBL,22,51,58,382.00,22156.00
580,581,2022121404003764,GLH,14,22,10,235.00,2350.00
581,582,2022121405001012,RULB,49,59,20,874.00,17480.00
582,583,2022121403003949,KRBL,48,50,50,250.00,12500.00
583,584,2022121403003948,KRBL,58,50,40,250.00,10000.00
584,585,2022121403003947,KRBL,58,50,10,250.00,2500.00
585,586,2022121403003946,KRBL,13,50,65,251.00,16315.00
586,587,2022121403003945,NLBBL,42,58,100,805.10,80510.00
587,588,2022121403003944,CHDC,36,44,90,652.10,58689.00
588,589,2022121403003943,EDBL,47,57,35,302.00,10570.00
589,590,2022121401006090,BHL,5,39,10,248.00,2480.00
590,591,2022121403003942,BFC,26,21,17,306.00,5202.00
591,592,2022121403003941,SWBBL,17,55,26,1170.00,30420.00
592,593,2022121403003940,KRBL,41,29,200,252.00,50400.00
593,594,2022121403003939,NICLBSL,22,43,10,711.00,7110.00
594,595,2022121403003938,NICLBSL,45,43,20,711.10,14222.00
595,596,2022121403003937,NICLBSL,7,43,70,711.20,49784.00
596,597,2022121403003936,NMBMF,57,19,10,657.00,6570.00
597,598,2022121404003763,NGPL,41,19,431,205.50,88570.50
598,599,2022121404003762,NGPL,19,19,250,205.50,51375.00
599,600,2022121404003761,NGPL,57,19,125,205.50,25687.50
600,601,2022121404003760,NGPL,34,19,31,205.50,6370.50
601,602,2022121404003759,NGPL,45,19,100,205.50,20550.00
602,603,2022121404003758,NGPL,58,19,45,205.70,9256.50
603,604,2022121404003757,NGPL,39,19,18,206.00,3708.00
604,605,2022121403003935,ICFC,28,29,10,426.60,4266.00
605,606,2022121403003934,CORBL,40,14,10,277.00,2770.00
606,607,2022121403003933,EDBL,42,32,110,300.00,33000.00
607,608,2022121403003932,EDBL,42,32,40,300.00,12000.00
608,609,2022121403003931,EDBL,34,32,300,300.10,90030.00
609,610,2022121403003930,EDBL,43,32,100,300.50,30050.00
610,611,2022121403003929,EDBL,34,32,300,300.50,90150.00
611,612,2022121403003928,EDBL,49,32,50,300.60,15030.00
612,613,2022121401006089,ADBL,21,34,120,311.00,37320.00
613,614,2022121401006088,RHGCL,22,25,10,205.00,2050.00
614,615,2022121404003756,HDHPC,28,42,50,174.00,8700.00
615,616,2022121404003755,HDHPC,38,42,100,174.00,17400.00
616,617,2022121404003754,HDHPC,44,42,350,174.00,60900.00
617,618,2022121403003927,SMFDB,35,48,100,1152.00,115200.00
618,619,2022121401006087,USHEC,25,38,400,249.00,99600.00
619,620,2022121403003926,NRN,36,33,10,406.00,4060.00
620,621,2022121405001011,MBJC,35,11,10,215.70,2157.00
621,622,2022121403003925,ALICL,57,29,89,510.00,45390.00
622,623,2022121404003753,DHPL,49,34,425,175.00,74375.00
623,624,2022121404003752,DHPL,49,19,100,175.00,17500.00
624,625,2022121404003751,DHPL,49,58,50,175.00,8750.00
625,626,2022121404003750,DHPL,49,58,400,175.00,70000.00
626,627,2022121404003749,IGI,48,13,50,356.00,17800.00
627,628,2022121403003924,NLICL,29,13,100,502.00,50200.00
628,629,2022121403003923,EDBL,47,57,280,302.00,84560.00
629,630,2022121401006086,SANIMA,6,56,25,223.80,5595.00
630,631,2022121403003922,ALBSL,28,51,40,930.00,37200.00
631,632,2022121403003921,ALBSL,28,19,94,930.00,87420.00
632,633,2022121404003748,UPCL,58,54,300,214.50,64350.00
633,634,2022121401006085,HHL,58,48,10,214.00,2140.00
634,635,2022121403003920,NRIC,19,49,95,690.00,65550.00
635,636,2022121401006084,SHIVM,22,20,50,545.20,27260.00
636,637,2022121401006083,SHIVM,25,20,50,546.00,27300.00
637,638,2022121401006082,SANIMA,58,58,10,224.00,2240.00
638,639,2022121403003919,CIT,19,44,10,1852.00,18520.00
639,640,2022121403003918,CIT,45,44,10,1852.10,18521.00
640,641,2022121404003747,NHPC,58,45,10,200.00,2000.00
641,642,2022121404003746,MHNL,5,43,10,248.00,2480.00
642,643,2022121403003917,NRIC,28,49,50,690.00,34500.00
643,644,2022121401006081,CZBIL,59,58,20,180.00,3600.00
644,645,2022121401006080,CZBIL,38,58,38,180.00,6840.00
645,646,2022121401006079,PPL,34,11,10,200.10,2001.00
646,647,2022121403003916,CHDC,50,34,880,653.00,574640.00
647,648,2022121403003915,CHDC,44,34,410,653.10,267771.00
648,649,2022121401006078,NIB,34,52,50,218.90,10945.00
649,650,2022121403003914,NIFRA,58,38,23,185.00,4255.00
650,651,2022121404003745,HEI,22,44,100,362.00,36200.00
651,652,2022121403003913,PROFL,52,45,30,282.10,8463.00
652,653,2022121404003744,BPCL,14,19,20,303.00,6060.00
653,654,2022121403003912,NRIC,34,49,10,690.00,6900.00
654,655,2022121404003743,CHCL,57,57,100,388.10,38810.00
655,656,2022121401006077,RFPL,21,28,10,221.10,2211.00
656,657,2022121404003742,UPPER,49,21,30,390.00,11700.00
657,658,2022121404003741,UPPER,49,33,20,390.00,7800.00
658,659,2022121401006076,LBL,14,34,2000,192.60,385200.00
659,660,2022121403003911,GUFL,49,19,16,518.70,8299.20
660,661,2022121404003740,NHPC,45,25,710,199.00,141290.00
661,662,2022121404003739,NHPC,54,25,50,199.00,9950.00
662,663,2022121404003738,NHPC,58,25,100,199.00,19900.00
663,664,2022121404003737,NHPC,38,25,1140,199.00,226860.00
664,665,2022121403003910,MPFL,3,33,10,303.90,3039.00
665,666,2022121401006075,CZBIL,38,29,200,180.00,36000.00
666,667,2022121401006074,SCB,6,21,100,402.00,40200.00
667,668,2022121403003909,ILBS,33,44,10,864.00,8640.00
668,669,2022121403003908,MLBSL,17,13,10,3985.00,39850.00
669,670,2022121401006073,HHL,22,45,10,214.20,2142.00
670,671,2022121404003736,RHPL,21,57,550,247.10,135905.00
671,672,2022121404003735,RHPL,58,57,350,247.20,86520.00
672,673,2022121401006072,CCBL,8,32,10,189.00,1890.00
673,674,2022121401006071,CCBL,8,49,107,189.00,20223.00
674,675,2022121403003907,SKBBL,42,22,100,1110.00,111000.00
675,676,2022121403003906,SKBBL,51,22,50,1110.00,55500.00
676,677,2022121403003905,SKBBL,42,22,70,1110.00,77700.00
677,678,2022121403003904,SKBBL,25,22,52,1110.00,57720.00
678,679,2022121403003903,SKBBL,22,22,22,1110.00,24420.00
679,680,2022121403003902,SKBBL,45,22,20,1110.10,22202.00
680,681,2022121403003901,SKBBL,22,22,18,1111.00,19998.00
681,682,2022121403003900,SKBBL,1,22,15,1112.00,16680.00
682,683,2022121403003899,FMDBL,34,58,250,708.00,177000.00
683,684,2022121404003734,UMHL,7,38,200,225.00,45000.00
684,685,2022121403003898,SDLBSL,32,49,12,931.00,11172.00
685,686,2022121404003733,KPCL,55,36,290,314.00,91060.00
686,687,2022121404003732,HDHPC,44,28,500,174.00,87000.00
687,688,2022121405001010,JBLB,38,59,10,2732.00,27320.00
688,689,2022121404003731,STC,58,38,10,3599.00,35990.00
689,690,2022121404003730,STC,58,58,10,3598.00,35980.00
690,691,2022121403003897,PFL,53,34,10,331.00,3310.00
691,692,2022121401006070,PPL,34,45,10,200.10,2001.00
692,693,2022121404003729,UPCL,5,46,10,214.70,2147.00
693,694,2022121403003896,EDBL,47,57,255,302.00,77010.00
694,695,2022121403003895,CIT,50,17,10,1853.00,18530.00
695,696,2022121404003728,UPPER,51,34,150,389.00,58350.00
696,697,2022121404003727,UPPER,26,34,50,389.10,19455.00
697,698,2022121401006069,GBIME,41,34,113,207.80,23481.40
698,699,2022121401006068,GBIME,33,34,87,207.80,18078.60
699,700,2022121404003726,AIL,45,57,10,365.00,3650.00
700,701,2022121403003894,HIDCL,34,59,10,165.20,1652.00
701,702,2022121404003725,SJCL,45,36,40,235.20,9408.00
702,703,2022121401006067,DORDI,6,26,50,229.00,11450.00
703,704,2022121404003724,NICL,51,41,130,416.90,54197.00
704,705,2022121401006066,SHIVM,25,57,50,546.00,27300.00
705,706,2022121404003723,PIC,25,21,10,526.90,5269.00
706,707,2022121403003893,NUBL,57,48,10,885.30,8853.00
707,708,2022121403003892,NLIC,49,21,41,607.00,24887.00
708,709,2022121403003891,ALICL,57,58,80,510.00,40800.00
709,710,2022121403003890,KSBBL,1,14,25,305.00,7625.00
710,711,2022121404003722,HDHPC,44,42,3900,174.00,678600.00
711,712,2022121404003721,HDHPC,44,42,2500,174.10,435250.00
712,713,2022121403003889,MLBL,36,22,100,343.00,34300.00
713,714,2022121404003720,NGPL,58,14,150,206.10,30915.00
714,715,2022121404003719,NHDL,48,42,14,314.10,4397.40
715,716,2022121403003888,GUFL,49,38,25,518.70,12967.50
716,717,2022121401006065,RFPL,42,14,210,220.30,46263.00
717,718,2022121401006064,RFPL,49,14,20,220.30,4406.00
718,719,2022121401006063,NABIL,49,39,30,809.00,24270.00
719,720,2022121401006062,PCBL,56,37,440,223.10,98164.00
720,721,2022121401006061,PCBL,53,37,50,223.20,11160.00
721,722,2022121401006060,PCBL,26,37,10,224.50,2245.00
722,723,2022121405001009,MKJC,45,28,400,401.00,160400.00
723,724,2022121404003718,UPPER,55,22,50,389.90,19495.00
724,725,2022121404003717,RADHI,35,6,20,216.50,4330.00
725,726,2022121403003887,RMDC,48,5,50,943.10,47155.00
726,727,2022121403003886,RMDC,48,5,50,943.20,47160.00
727,728,2022121404003716,KEF,34,55,600,8.10,4860.00
728,729,2022121401006059,SPHL,45,29,100,355.00,35500.00
729,730,2022121401006058,SPHL,43,29,10,355.10,3551.00
730,731,2022121403003885,NTC,51,43,38,895.10,34013.80
731,732,2022121403003884,NTC,34,43,10,895.10,8951.00
732,733,2022121403003883,SLBBL,58,21,30,819.00,24570.00
733,734,2022121403003882,SLBBL,48,21,30,820.40,24612.00
734,735,2022121403003881,SLBBL,56,21,30,822.00,24660.00
735,736,2022121403003880,FOWAD,22,42,10,2585.00,25850.00
736,737,2022121401006057,HHL,22,46,10,214.20,2142.00
737,738,2022121404003715,SPDL,10,58,10,260.70,2607.00
738,739,2022121403003879,HIDCL,53,19,10,165.10,1651.00
739,740,2022121404003714,NICBF,36,48,1000,8.73,8730.00
740,741,2022121404003713,RHPL,58,57,40,250.00,10000.00
741,742,2022121404003712,RHPL,58,42,1150,250.00,287500.00
742,743,2022121404003711,NGPL,39,52,200,206.00,41200.00
743,744,2022121404003710,UPCL,5,58,15,214.50,3217.50
744,745,2022121403003878,ICFC,6,41,50,423.00,21150.00
745,746,2022121403003877,CBBL,45,20,20,1106.00,22120.00
746,747,2022121403003876,CBBL,22,20,30,1106.00,33180.00
747,748,2022121403003875,CBBL,51,20,25,1106.00,27650.00
748,749,2022121403003874,CBBL,41,20,125,1106.00,138250.00
749,750,2022121403003873,CIT,28,17,20,1853.00,37060.00
750,751,2022121404003709,HDHPC,44,28,2500,174.10,435250.00
751,752,2022121401006056,BHDC,14,29,40,347.40,13896.00
752,753,2022121401006055,NCCB,32,13,50,181.60,9080.00
753,754,2022121401006054,MEGA,5,29,130,193.90,25207.00
754,755,2022121404003708,RIDI,44,41,85,480.00,40800.00
755,756,2022121403003872,NLIC,26,40,7,605.00,4235.00
756,757,2022121403003871,NLIC,26,4,23,605.00,13915.00
757,758,2022121403003870,NLIC,50,4,477,605.10,288632.70
758,759,2022121403003869,ICFC,28,29,10,426.60,4266.00
759,760,2022121401006053,ADBL,21,58,290,311.00,90190.00
760,761,2022121404003707,NLG,25,52,10,475.90,4759.00
761,762,2022121404003706,HDHPC,58,16,100,174.20,17420.00
762,763,2022121404003705,HDHPC,49,16,800,174.20,139360.00
763,764,2022121404003704,API,5,45,10,210.00,2100.00
764,765,2022121401006052,NABIL,34,39,15,809.00,12135.00
765,766,2022121401006051,NABIL,57,39,10,809.00,8090.00
766,767,2022121401006050,NABIL,4,39,50,809.00,40450.00
767,768,2022121401006049,NABIL,34,39,19,809.00,15371.00
768,769,2022121401006048,NABIL,51,39,46,809.00,37214.00
769,770,2022121401006047,NABIL,56,39,10,809.00,8090.00
770,771,2022121401006046,NABIL,49,39,165,809.00,133485.00
771,772,2022121401006045,NABIL,7,39,100,809.50,80950.00
772,773,2022121401006044,NABIL,49,39,50,809.50,40475.00
773,774,2022121402001282,PHCL,34,58,10,270.00,2700.00
774,775,2022121404003703,NIL,48,37,15,711.00,10665.00
775,776,2022121402001281,PHCL,34,58,10,270.00,2700.00
776,777,2022121403003868,NICLBSL,43,26,57,712.00,40584.00
777,778,2022121402001280,PHCL,34,42,10,270.00,2700.00
778,779,2022121404003702,NGPL,39,22,500,206.00,103000.00
779,780,2022121402001279,PHCL,34,47,10,270.00,2700.00
780,781,2022121401006043,HHL,7,49,10,216.80,2168.00
781,782,2022121401006042,HHL,7,45,10,216.80,2168.00
782,783,2022121401006041,HHL,7,58,10,216.80,2168.00
783,784,2022121401006040,HHL,7,57,10,216.80,2168.00
784,785,2022121402001278,PHCL,34,49,10,270.00,2700.00
785,786,2022121402001277,PHCL,34,48,10,270.00,2700.00
786,787,2022121402001276,PHCL,34,58,10,270.00,2700.00
787,788,2022121401006039,MEGA,5,21,101,193.30,19523.30
788,789,2022121401006038,PRVU,57,58,106,201.00,21306.00
789,790,2022121402001275,PHCL,34,42,10,270.00,2700.00
790,791,2022121405001008,ENL,7,39,10,578.10,5781.00
791,792,2022121402001274,PHCL,34,16,10,270.00,2700.00
792,793,2022121404003701,RBCL,44,44,10,12505.00,125050.00
793,794,2022121401006037,NCCB,34,13,19,181.60,3450.40
794,795,2022121402001273,PHCL,34,57,10,270.00,2700.00
795,796,2022121402001272,PHCL,34,34,10,270.00,2700.00
796,797,2022121403003867,NRIC,34,49,20,690.00,13800.00
797,798,2022121404003700,TRH,32,48,500,343.90,171950.00
798,799,2022121404003699,TRH,32,1,10,343.90,3439.00
799,800,2022121402001271,PHCL,34,45,10,270.00,2700.00
800,801,2022121404003698,NGPL,21,14,50,206.10,10305.00
801,802,2022121402001270,PHCL,34,49,10,270.00,2700.00
802,803,2022121403003866,JBBL,35,52,163,277.00,45151.00
803,804,2022121403003865,JBBL,35,38,291,277.00,80607.00
804,805,2022121403003864,HIDCL,1,59,251,165.20,41465.20
805,806,2022121403003863,SKBBL,26,59,41,1111.00,45551.00
806,807,2022121403003862,SKBBL,57,59,25,1111.00,27775.00
807,808,2022121402001269,PHCL,34,6,10,270.00,2700.00
808,809,2022121403003861,GBBL,22,53,29,382.00,11078.00
809,810,2022121402001268,PHCL,34,59,10,270.00,2700.00
810,811,2022121404003697,BARUN,48,54,10,202.50,2025.00
811,812,2022121401006036,PCBL,26,22,300,225.40,67620.00
812,813,2022121401006035,PCBL,26,22,500,225.40,112700.00
813,814,2022121401006034,PRVU,58,58,93,201.00,18693.00
814,815,2022121401006033,PRVU,58,45,407,201.00,81807.00
815,816,2022121402001267,PHCL,34,16,10,270.00,2700.00
816,817,2022121401006032,NESDO,59,45,10,3285.00,32850.00
817,818,2022121401006031,GBIME,33,40,163,207.80,33871.40
818,819,2022121402001266,PHCL,34,58,10,270.00,2700.00
819,820,2022121404003696,BARUN,19,54,14,202.50,2835.00
820,821,2022121402001265,PHCL,34,45,10,270.00,2700.00
821,822,2022121402001264,PHCL,34,7,10,270.00,2700.00
822,823,2022121401006030,NCCB,41,13,100,181.60,18160.00
823,824,2022121403003860,NLBBL,5,21,100,805.20,80520.00
824,825,2022121403003859,NLBBL,41,21,20,806.00,16120.00
825,826,2022121402001263,PHCL,34,37,10,270.00,2700.00
826,827,2022121401006029,HDL,49,58,10,3815.00,38150.00
827,828,2022121401006028,HDL,22,58,10,3815.00,38150.00
828,829,2022121404003695,RHPL,58,17,300,249.90,74970.00
829,830,2022121402001262,PHCL,34,55,10,270.00,2700.00
830,831,2022121402001261,PHCL,34,47,10,270.00,2700.00
831,832,2022121403003858,ICFC,6,43,200,423.00,84600.00
832,833,2022121403003857,ICFC,6,43,250,423.00,105750.00
833,834,2022121403003856,NICLBSL,7,25,10,711.20,7112.00
834,835,2022121405001007,SLI,21,38,33,337.90,11150.70
835,836,2022121405001006,SLI,21,38,15,337.80,5067.00
836,837,2022121405001005,SLI,21,38,15,337.70,5065.50
837,838,2022121405001004,SLI,21,38,20,337.60,6752.00
838,839,2022121405001003,SLI,21,38,10,337.00,3370.00
839,840,2022121405001002,SLI,21,7,10,337.00,3370.00
840,841,2022121405001001,SLI,21,52,10,337.00,3370.00
841,842,2022121405001000,SLI,21,13,10,337.00,3370.00
842,843,2022121405000999,SLI,21,13,67,337.00,22579.00
843,844,2022121405000998,SLI,21,58,10,335.00,3350.00
844,845,2022121402001260,PHCL,34,16,10,270.00,2700.00
845,846,2022121401006027,HDL,57,59,40,3815.00,152600.00
846,847,2022121401006026,HDL,1,59,10,3815.00,38150.00
847,848,2022121401006025,HDL,51,59,15,3815.00,57225.00
848,849,2022121403003855,HIDCL,1,44,49,165.20,8094.80
849,850,2022121403003854,HIDCL,22,44,100,165.20,16520.00
850,851,2022121403003853,HIDCL,19,44,50,165.20,8260.00
851,852,2022121402001259,PHCL,34,36,10,270.00,2700.00
852,853,2022121404003694,HDHPC,49,45,10,174.20,1742.00
853,854,2022121405000997,JBLB,33,34,10,2730.00,27300.00
854,855,2022121405000996,JBLB,42,34,150,2730.00,409500.00
855,856,2022121405000995,JBLB,19,34,10,2730.00,27300.00
856,857,2022121405000994,JBLB,50,34,30,2730.00,81900.00
857,858,2022121405000993,JBLB,38,34,18,2730.00,49140.00
858,859,2022121405000992,JBLB,38,34,10,2730.20,27302.00
859,860,2022121401006024,BOKL,7,17,40,205.50,8220.00
860,861,2022121402001258,PHCL,34,14,10,270.00,2700.00
861,862,2022121402001257,PHCL,34,25,10,270.00,2700.00
862,863,2022121403003852,GMFIL,10,28,30,307.30,9219.00
863,864,2022121403003851,GMFIL,44,28,50,307.80,15390.00
864,865,2022121402001256,PHCL,34,25,10,270.00,2700.00
865,866,2022121404003693,UPPER,55,25,50,389.90,19495.00
866,867,2022121404003692,RIDI,40,34,50,479.00,23950.00
867,868,2022121404003691,RIDI,45,34,30,479.00,14370.00
868,869,2022121404003690,RIDI,10,34,15,479.10,7186.50
869,870,2022121404003689,NGPL,33,32,50,206.50,10325.00
870,871,2022121401006023,GVL,43,1,75,306.30,22972.50
871,872,2022121401006022,GVL,50,1,25,306.40,7660.00
872,873,2022121401006021,HHL,22,38,10,214.20,2142.00
873,874,2022121403003850,NRIC,51,49,15,690.00,10350.00
874,875,2022121403003849,NRIC,19,49,60,690.00,41400.00
875,876,2022121403003848,NRIC,53,49,250,690.00,172500.00
876,877,2022121402001255,PHCL,34,56,10,270.00,2700.00
877,878,2022121404003688,NLG,49,44,127,470.10,59702.70
878,879,2022121401006020,NESDO,59,45,71,3285.00,233235.00
879,880,2022121401006019,NESDO,42,45,35,3285.10,114978.50
880,881,2022121401006018,CZBIL,38,34,100,180.00,18000.00
881,882,2022121404003687,SHPC,37,56,10,273.90,2739.00
882,883,2022121403003847,SWMF,25,56,10,713.00,7130.00
883,884,2022121404003686,PPCL,17,20,650,282.50,183625.00
884,885,2022121404003685,PPCL,32,20,100,282.60,28260.00
885,886,2022121404003684,PPCL,36,20,200,282.70,56540.00
886,887,2022121402001254,PHCL,34,42,10,270.00,2700.00
887,888,2022121402001253,PHCL,34,49,10,270.00,2700.00
888,889,2022121402001252,PHCL,34,58,10,270.00,2700.00
889,890,2022121401006017,PPL,34,56,125,200.10,25012.50
890,891,2022121401006016,PPL,32,56,50,200.20,10010.00
891,892,2022121401006015,PPL,56,56,25,200.30,5007.50
892,893,2022121405000991,ENL,7,45,90,578.10,52029.00
893,894,2022121405000990,ENL,7,45,10,578.20,5782.00
894,895,2022121405000989,JBLB,25,59,10,2732.00,27320.00
895,896,2022121402001251,PHCL,34,38,10,270.00,2700.00
896,897,2022121401006014,ADBL,33,58,685,311.10,213103.50
897,898,2022121402001250,PHCL,34,26,10,270.00,2700.00
898,899,2022121403003846,ALBSL,25,25,90,920.00,82800.00
899,900,2022121403003845,EDBL,47,14,165,302.00,49830.00
900,901,2022121403003844,LBBL,49,47,25,316.70,7917.50
901,902,2022121402001249,PHCL,34,44,10,270.00,2700.00
902,903,2022121403003843,MNBBL,58,45,80,417.00,33360.00
903,904,2022121403003842,MNBBL,38,45,50,417.00,20850.00
904,905,2022121403003841,MNBBL,11,45,20,417.00,8340.00
905,906,2022121403003840,MNBBL,8,45,130,417.00,54210.00
906,907,2022121403003839,MNBBL,18,45,20,417.10,8342.00
907,908,2022121403003838,SABSL,22,19,10,900.00,9000.00
908,909,2022121402001248,PHCL,34,38,10,270.00,2700.00
909,910,2022121402001247,PHCL,34,56,10,270.00,2700.00
910,911,2022121403003837,MFIL,6,34,500,420.00,210000.00
911,912,2022121404003683,UPPER,26,22,200,389.10,77820.00
912,913,2022121402001246,PHCL,34,50,10,270.00,2700.00
913,914,2022121401006013,SGHC,33,32,10,254.10,2541.00
914,915,2022121403003836,BFC,32,21,10,307.00,3070.00
915,916,2022121401006012,GBIME,33,57,50,207.80,10390.00
916,917,2022121402001245,PHCL,34,54,10,270.00,2700.00
917,918,2022121404003682,PIC,38,21,20,520.00,10400.00
918,919,2022121404003681,PIC,8,21,10,520.00,5200.00
919,920,2022121404003680,PIC,57,21,10,520.00,5200.00
920,921,2022121404003679,PIC,22,21,25,520.00,13000.00
921,922,2022121404003678,PIC,55,21,133,520.10,69173.30
922,923,2022121402001244,PHCL,34,7,10,270.00,2700.00
923,924,2022121403003835,CBBL,41,21,100,1106.00,110600.00
924,925,2022121402001243,PHCL,34,57,10,270.00,2700.00
925,926,2022121403003834,GFCL,6,42,62,447.00,27714.00
926,927,2022121403003833,GFCL,6,42,38,450.00,17100.00
927,928,2022121403003832,ICFC,34,41,29,422.00,12238.00
928,929,2022121403003831,ICFC,5,41,11,422.10,4643.10
929,930,2022121403003830,ICFC,38,41,100,422.20,42220.00
930,931,2022121403003829,ICFC,45,41,40,422.30,16892.00
931,932,2022121401006011,CCBL,37,34,40,188.70,7548.00
932,933,2022121401006010,GBIME,34,44,68,208.00,14144.00
933,934,2022121401006009,GBIME,34,51,232,208.00,48256.00
934,935,2022121402001242,PHCL,34,58,10,270.00,2700.00
935,936,2022121403003828,BFC,45,21,48,307.00,14736.00
936,937,2022121402001241,PHCL,34,20,10,270.00,2700.00
937,938,2022121404003677,NGPL,39,45,182,206.00,37492.00
938,939,2022121404003676,NGPL,44,45,500,206.00,103000.00
939,940,2022121404003675,NGPL,59,45,500,206.00,103000.00
940,941,2022121404003674,NGPL,8,45,100,206.00,20600.00
941,942,2022121404003673,NGPL,1,45,218,206.00,44908.00
942,943,2022121404003672,UPPER,49,45,114,389.00,44346.00
943,944,2022121402001240,PHCL,34,13,10,270.00,2700.00
944,945,2022121403003827,NUBL,25,18,100,888.00,88800.00
945,946,2022121403003826,NUBL,59,18,10,888.00,8880.00
946,947,2022121403003825,NUBL,13,18,18,888.00,15984.00
947,948,2022121402001239,PHCL,34,49,10,270.00,2700.00
948,949,2022121403003824,MLBSL,48,49,10,3988.00,39880.00
949,950,2022121403003823,GFCL,6,45,100,450.00,45000.00
950,951,2022121403003822,GFCL,6,53,100,450.00,45000.00
951,952,2022121403003821,GFCL,6,21,227,450.00,102150.00
952,953,2022121403003820,GFCL,6,56,35,449.00,15715.00
953,954,2022121402001238,PHCL,34,49,10,270.00,2700.00
954,955,2022121403003819,RSDC,50,22,90,531.00,47790.00
955,956,2022121402001237,PHCL,34,3,10,270.00,2700.00
956,957,2022121401006008,MEGA,46,21,300,193.30,57990.00
957,958,2022121401006007,GBIME,47,51,32,208.00,6656.00
958,959,2022121402001236,PHCL,34,58,10,270.00,2700.00
959,960,2022121403003818,SFCL,28,42,10,255.00,2550.00
960,961,2022121401006006,SANIMA,6,58,10,223.80,2238.00
961,962,2022121402001235,PHCL,34,47,10,270.00,2700.00
962,963,2022121404003671,UMRH,50,50,230,409.50,94185.00
963,964,2022121402001234,PHCL,34,49,10,270.00,2700.00
964,965,2022121404003670,SEF,41,6,500,7.84,3920.00
965,966,2022121402001233,PHCL,34,34,10,270.00,2700.00
966,967,2022121402001232,PHCL,34,42,10,270.00,2700.00
967,968,2022121403003817,ALICL,57,41,16,510.00,8160.00
968,969,2022121404003669,UPPER,49,45,40,389.00,15560.00
969,970,2022121404003668,UPPER,58,45,20,389.00,7780.00
970,971,2022121404003667,UPPER,59,45,25,389.00,9725.00
971,972,2022121401006005,SBL,45,37,100,310.10,31010.00
972,973,2022121401006004,SBL,55,37,164,310.10,50856.40
973,974,2022121401006003,SBL,7,37,273,310.20,84684.60
974,975,2022121404003666,UPPER,59,25,25,389.00,9725.00
975,976,2022121402001231,PHCL,34,58,10,270.00,2700.00
976,977,2022121401006002,DORDI,4,43,300,229.90,68970.00
977,978,2022121403003816,NABBC,21,42,10,363.00,3630.00
978,979,2022121401006001,NESDO,50,29,20,3290.00,65800.00
979,980,2022121401006000,NESDO,50,57,20,3290.00,65800.00
980,981,2022121401005999,NESDO,50,58,35,3290.00,115150.00
981,982,2022121403003815,ALICL,57,33,200,510.00,102000.00
982,983,2022121404003665,UMHL,7,47,200,225.00,45000.00
983,984,2022121402001230,PHCL,34,58,10,270.00,2700.00
984,985,2022121402001229,PHCL,34,6,10,270.00,2700.00
985,986,2022121401005998,HHL,22,45,10,214.20,2142.00
986,987,2022121402001228,PHCL,34,6,10,270.00,2700.00
987,988,2022121402001227,PHCL,34,42,10,270.00,2700.00
988,989,2022121402001226,PHCL,34,58,10,270.00,2700.00
989,990,2022121404003664,HDHPC,49,58,50,174.20,8710.00
990,991,2022121404003663,RHPL,58,33,200,249.90,49980.00
991,992,2022121403003814,GFCL,52,56,65,449.00,29185.00
992,993,2022121404003662,RIDI,56,41,150,480.00,72000.00
993,994,2022121401005997,NBL,20,6,15,276.00,4140.00
994,995,2022121402001225,PHCL,34,36,10,270.00,2700.00
995,996,2022121403003813,MFIL,6,21,300,420.00,126000.00
996,997,2022121403003812,MFIL,6,20,138,420.00,57960.00
997,998,2022121402001224,PHCL,34,7,10,270.00,2700.00
998,999,2022121403003811,SHINE,35,41,20,329.00,6580.00
999,1000,2022121401005996,USHEC,56,1,70,248.00,17360.00
1000,1001,2022121401005995,USHEC,56,1,260,248.50,64610.00
1001,1002,2022121404003661,SFMF,49,33,100,9.07,907.00
1002,1003,2022121402001223,PHCL,34,49,10,270.00,2700.00
1003,1004,2022121402001222,PHCL,34,53,10,270.00,2700.00
1004,1005,2022121405000988,JBLB,58,58,3,2731.00,8193.00
1005,1006,2022121405000987,JBLB,58,35,17,2731.00,46427.00
1006,1007,2022121402001221,PHCL,34,6,10,270.00,2700.00
1007,1008,2022121404003660,HDHPC,49,45,1000,174.20,174200.00
1008,1009,2022121401005994,BOKL,5,17,100,205.50,20550.00
1009,1010,2022121401005993,BOKL,16,17,76,205.70,15633.20
1010,1011,2022121403003810,NLIC,50,19,23,605.10,13917.30
1011,1012,2022121403003809,NLIC,40,19,46,605.10,27834.60
1012,1013,2022121403003808,NLIC,25,19,20,605.20,12104.00
1013,1014,2022121402001220,PHCL,34,59,10,270.00,2700.00
1014,1015,2022121403003807,NLIC,52,21,52,607.00,31564.00
1015,1016,2022121402001219,PHCL,34,28,10,270.00,2700.00
1016,1017,2022121402001218,PHCL,34,7,10,270.00,2700.00
1017,1018,2022121403003806,CHDC,44,47,50,653.10,32655.00
1018,1019,2022121402001217,PHCL,34,58,10,270.00,2700.00
1019,1020,2022121401005992,SCB,34,38,40,401.00,16040.00
1020,1021,2022121401005991,SCB,34,57,81,401.00,32481.00
1021,1022,2022121403003805,SMFDB,21,20,500,1150.00,575000.00
1022,1023,2022121403003804,SMFDB,59,20,30,1150.00,34500.00
1023,1024,2022121402001216,PHCL,34,58,10,270.00,2700.00
1024,1025,2022121402001215,PHCL,34,38,10,270.00,2700.00
1025,1026,2022121401005990,MEGA,57,21,100,193.30,19330.00
1026,1027,2022121401005989,CCBL,37,36,11,188.70,2075.70
1027,1028,2022121403003803,RLFL,58,49,50,293.30,14665.00
1028,1029,2022121402001214,PHCL,34,59,10,270.00,2700.00
1029,1030,2022121402001213,PHCL,34,49,10,270.00,2700.00
1030,1031,2022121403003802,MFIL,6,20,12,420.00,5040.00
1031,1032,2022121403003801,MFIL,6,6,50,420.00,21000.00
1032,1033,2022121403003800,MFIL,6,57,200,420.00,84000.00
1033,1034,2022121403003799,GBBL,54,53,21,382.00,8022.00
1034,1035,2022121403003798,GBBL,54,53,17,382.00,6494.00
1035,1036,2022121403003797,NLBBL,41,58,30,806.00,24180.00
1036,1037,2022121403003796,NLBBL,59,58,10,806.00,8060.00
1037,1038,2022121403003795,NLBBL,48,58,50,807.00,40350.00
1038,1039,2022121403003794,NLBBL,39,58,10,808.00,8080.00
1039,1040,2022121401005988,SIKLES,34,42,20,378.00,7560.00
1040,1041,2022121401005987,HDL,18,42,5,3818.00,19090.00
1041,1042,2022121401005986,HDL,19,42,20,3818.00,76360.00
1042,1043,2022121401005985,NIBPO,1,34,19,208.00,3952.00
1043,1044,2022121404003659,API,7,34,71,209.00,14839.00
1044,1045,2022121402001212,PHCL,34,29,10,270.00,2700.00
1045,1046,2022121403003793,HIDCL,45,58,34,165.50,5627.00
1046,1047,2022121402001211,PHCL,34,32,10,270.00,2700.00
1047,1048,2022121401005984,CZBIL,38,35,100,180.00,18000.00
1048,1049,2022121402001210,PHCL,34,58,10,270.00,2700.00
1049,1050,2022121402001209,PHCL,34,42,10,270.00,2700.00
1050,1051,2022121404003658,RIDI,59,41,200,480.00,96000.00
1051,1052,2022121404003657,IGI,42,58,45,355.10,15979.50
1052,1053,2022121404003656,IGI,38,58,100,357.70,35770.00
1053,1054,2022121404003655,IGI,38,58,100,357.70,35770.00
1054,1055,2022121404003654,IGI,5,58,100,357.70,35770.00
1055,1056,2022121404003653,IGI,57,58,100,358.00,35800.00
1056,1057,2022121404003652,IGI,26,58,200,358.00,71600.00
1057,1058,2022121404003651,IGI,40,58,18,358.00,6444.00
1058,1059,2022121402001208,PHCL,34,35,10,270.00,2700.00
1059,1060,2022121404003650,CHCL,57,36,340,388.00,131920.00
1060,1061,2022121404003649,RIDI,50,41,100,480.00,48000.00
1061,1062,2022121402001207,PHCL,34,59,10,270.00,2700.00
1062,1063,2022121403003792,PROFL,28,45,10,284.00,2840.00
1063,1064,2022121402001206,PHCL,34,38,10,270.00,2700.00
1064,1065,2022121401005983,NESDO,47,42,10,3288.00,32880.00
1065,1066,2022121401005982,NBL,58,6,10,276.00,2760.00
1066,1067,2022121401005981,NBL,28,6,69,276.00,19044.00
1067,1068,2022121402001205,PHCL,34,36,10,270.00,2700.00
1068,1069,2022121401005980,NBL,28,54,46,277.00,12742.00
1069,1070,2022121401005979,NBL,28,34,14,277.00,3878.00
1070,1071,2022121401005978,NBL,28,38,20,276.90,5538.00
1071,1072,2022121404003648,NGPL,1,38,80,206.00,16480.00
1072,1073,2022121404003647,NGPL,6,38,100,206.10,20610.00
1073,1074,2022121404003646,NGPL,58,38,20,206.10,4122.00
1074,1075,2022121402001204,PHCL,34,58,10,270.00,2700.00
1075,1076,2022121402001203,PHCL,34,45,10,270.00,2700.00
1076,1077,2022121401005977,SIKLES,34,5,580,378.00,219240.00
1077,1078,2022121401005976,AVYAN,45,42,40,700.00,28000.00
1078,1079,2022121401005975,AVYAN,45,42,10,700.00,7000.00
1079,1080,2022121401005974,AVYAN,45,32,10,700.00,7000.00
1080,1081,2022121403003791,SAPDBL,49,34,80,219.00,17520.00
1081,1082,2022121403003790,NTC,42,26,50,895.00,44750.00
1082,1083,2022121404003645,NIL,48,41,15,711.00,10665.00
1083,1084,2022121404003644,NIL,37,41,185,711.00,131535.00
1084,1085,2022121403003789,NRIC,53,19,200,690.00,138000.00
1085,1086,2022121403003788,NICLBSL,7,33,20,711.20,14224.00
1086,1087,2022121402001202,PHCL,39,16,10,270.00,2700.00
1087,1088,2022121404003643,RIDI,47,41,800,480.00,384000.00
1088,1089,2022121401005973,SHIVM,42,34,15,548.80,8232.00
1089,1090,2022121401005972,SHIVM,42,43,40,548.80,21952.00
1090,1091,2022121401005971,SHIVM,42,16,50,548.00,27400.00
1091,1092,2022121401005970,SHIVM,42,33,80,547.90,43832.00
1092,1093,2022121401005969,SHIVM,42,39,15,545.90,8188.50
1093,1094,2022121401005968,SHIVM,42,53,100,545.90,54590.00
1094,1095,2022121404003642,SHPC,59,56,100,271.50,27150.00
1095,1096,2022121403003787,CHDC,44,41,30,653.10,19593.00
1096,1097,2022121405000986,ENL,57,57,20,579.10,11582.00
1097,1098,2022121405000985,ENL,14,57,40,579.20,23168.00
1098,1099,2022121405000984,ENL,28,57,15,580.00,8700.00
1099,1100,2022121405000983,MBJC,35,11,10,215.70,2157.00
1100,1101,2022121403003786,MLBL,44,3,150,343.50,51525.00
1101,1102,2022121403003785,SLBBL,59,22,10,823.00,8230.00
1102,1103,2022121403003784,SLBBL,14,22,10,823.00,8230.00
1103,1104,2022121404003641,IGI,40,14,15,358.00,5370.00
1104,1105,2022121404003640,IGI,36,14,25,359.00,8975.00
1105,1106,2022121401005967,AVYAN,59,57,10,699.00,6990.00
1106,1107,2022121403003783,JFL,28,41,10,375.00,3750.00
1107,1108,2022121401005966,GBIME,21,51,76,208.00,15808.00
1108,1109,2022121403003782,SMFDB,59,20,10,1150.00,11500.00
1109,1110,2022121403003781,SMFDB,17,20,50,1150.10,57505.00
1110,1111,2022121403003780,SMFDB,21,20,100,1150.20,115020.00
1111,1112,2022121403003779,SMFDB,36,20,40,1150.30,46012.00
1112,1113,2022121403003778,SMFDB,33,20,100,1151.00,115100.00
1113,1114,2022121405000982,ENL,28,51,45,580.00,26100.00
1114,1115,2022121404003639,NHPC,38,46,190,199.00,37810.00
1115,1116,2022121404003638,JOSHI,6,56,100,191.00,19100.00
1116,1117,2022121403003777,SWMF,17,34,124,705.60,87494.40
1117,1118,2022121403003776,SWMF,41,34,16,705.70,11291.20
1118,1119,2022121403003775,SWMF,42,34,10,706.00,7060.00
1119,1120,2022121403003774,SWMF,26,34,100,706.00,70600.00
1120,1121,2022121401005965,PRVU,45,45,44,201.00,8844.00
1121,1122,2022121401005964,ADBL,33,33,99315,311.10,30896896.50
1122,1123,2022121401005963,ADBL,44,33,15,311.10,4666.50
1123,1124,2022121401005962,ADBL,8,33,300,311.50,93450.00
1124,1125,2022121401005961,ADBL,51,33,200,311.50,62300.00
1125,1126,2022121401005960,ADBL,52,33,100,311.50,31150.00
1126,1127,2022121401005959,ADBL,51,33,20,311.50,6230.00
1127,1128,2022121401005958,ADBL,38,33,50,311.50,15575.00
1128,1129,2022121403003773,ALICL,57,34,50,510.00,25500.00
1129,1130,2022121401005957,SIKLES,34,45,550,378.00,207900.00
1130,1131,2022121403003772,NIFRA,36,25,40,184.60,7384.00
1131,1132,2022121403003771,NIFRA,52,25,14,184.60,2584.40
1132,1133,2022121404003637,RHPL,58,25,30,249.00,7470.00
1133,1134,2022121401005956,SCB,1,57,300,401.00,120300.00
1134,1135,2022121403003770,SKBBL,41,59,17,1115.00,18955.00
1135,1136,2022121404003636,SICL,38,21,15,760.00,11400.00
1136,1137,2022121404003635,SICL,42,21,10,760.00,7600.00
1137,1138,2022121404003634,SICL,35,21,20,760.00,15200.00
1138,1139,2022121404003633,SICL,4,21,50,760.00,38000.00
1139,1140,2022121404003632,SICL,42,21,50,760.00,38000.00
1140,1141,2022121404003631,SICL,42,21,20,760.00,15200.00
1141,1142,2022121404003630,SICL,32,21,120,760.00,91200.00
1142,1143,2022121404003629,SICL,50,21,30,760.10,22803.00
1143,1144,2022121404003628,SICL,38,21,20,760.10,15202.00
1144,1145,2022121403003769,SWMF,34,56,10,707.00,7070.00
1145,1146,2022121403003768,SWMF,32,56,70,707.00,49490.00
1146,1147,2022121404003627,MHNL,33,50,100,246.20,24620.00
1147,1148,2022121401005955,SANIMA,6,45,368,223.80,82358.40
1148,1149,2022121401005954,SANIMA,51,45,27,223.90,6045.30
1149,1150,2022121401005953,SANIMA,1,45,105,224.00,23520.00
1150,1151,2022121401005952,SHIVM,59,58,119,545.00,64855.00
1151,1152,2022121401005951,NIB,38,19,12,218.00,2616.00
1152,1153,2022121401005950,NICA,33,38,110,675.30,74283.00
1153,1154,2022121401005949,NICA,10,38,240,675.40,162096.00
1154,1155,2022121403003767,MERO,26,34,17,752.10,12785.70
1155,1156,2022121403003766,MERO,45,34,50,754.00,37700.00
1156,1157,2022121403003765,MERO,40,34,125,755.00,94375.00
1157,1158,2022121403003764,MERO,7,34,30,755.00,22650.00
1158,1159,2022121403003763,MERO,6,34,10,755.00,7550.00
1159,1160,2022121403003762,MERO,45,34,10,756.00,7560.00
1160,1161,2022121403003761,MERO,45,34,58,756.00,43848.00
1161,1162,2022121401005948,GBIME,47,38,30,207.70,6231.00
1162,1163,2022121401005947,GBIME,52,38,32,207.80,6649.60
1163,1164,2022121404003626,RIDI,58,41,100,480.00,48000.00
1164,1165,2022121401005946,ADBL,42,42,10,312.00,3120.00
1165,1166,2022121401005945,MBL,37,21,22,213.00,4686.00
1166,1167,2022121404003625,RIDI,28,41,430,480.00,206400.00
1167,1168,2022121403003760,NTC,42,32,22,895.00,19690.00
1168,1169,2022121403003759,GUFL,28,13,10,520.70,5207.00
1169,1170,2022121401005944,NICA,10,11,10,675.40,6754.00
1170,1171,2022121401005943,PRVU,43,26,160,200.90,32144.00
1171,1172,2022121401005942,SCB,32,57,100,401.00,40100.00
1172,1173,2022121405000981,SAHAS,45,38,10,447.30,4473.00
1173,1174,2022121404003624,AKPL,40,3,500,343.10,171550.00
1174,1175,2022121404003623,AKPL,13,3,25,343.10,8577.50
1175,1176,2022121404003622,AKPL,46,3,100,343.20,34320.00
1176,1177,2022121401005941,HBL,6,11,931,320.70,298571.70
1177,1178,2022121401005940,HBL,43,11,20,320.70,6414.00
1178,1179,2022121401005939,HBL,38,11,38,321.50,12217.00
1179,1180,2022121401005938,HBL,56,11,200,321.60,64320.00
1180,1181,2022121401005937,HBL,58,11,10,322.00,3220.00
1181,1182,2022121401005936,HBL,32,11,301,322.00,96922.00
1182,1183,2022121403003758,JBBL,35,41,20,275.00,5500.00
1183,1184,2022121403003757,JBBL,5,41,30,275.10,8253.00
1184,1185,2022121403003756,JBBL,39,41,20,275.50,5510.00
1185,1186,2022121401005935,NMB,45,22,37,231.90,8580.30
1186,1187,2022121401005934,CCBL,37,50,100,188.70,18870.00
1187,1188,2022121401005933,NBL,28,38,10,276.00,2760.00
1188,1189,2022121401005932,SGHC,33,45,10,254.10,2541.00
1189,1190,2022121401005931,DORDI,41,43,10,230.00,2300.00
1190,1191,2022121401005930,DORDI,41,43,10,230.00,2300.00
1191,1192,2022121401005929,DORDI,16,43,10,230.00,2300.00
1192,1193,2022121403003755,GUFL,42,45,10,518.50,5185.00
1193,1194,2022121403003754,GUFL,42,45,890,518.50,461465.00
1194,1195,2022121403003753,GUFL,3,45,200,518.60,103720.00
1195,1196,2022121403003752,NMFBS,19,45,10,1995.20,19952.00
1196,1197,2022121401005928,HDL,51,14,10,3815.00,38150.00
1197,1198,2022121401005927,HDL,21,14,25,3815.00,95375.00
1198,1199,2022121401005926,HDL,21,14,70,3815.00,267050.00
1199,1200,2022121401005925,HDL,37,14,30,3815.30,114459.00
1200,1201,2022121401005924,HDL,39,14,40,3815.40,152616.00
1201,1202,2022121401005923,HDL,37,14,30,3815.50,114465.00
1202,1203,2022121401005922,HDL,52,14,25,3816.00,95400.00
1203,1204,2022121401005921,HDL,14,14,10,3816.00,38160.00
1204,1205,2022121401005920,HDL,25,14,10,3816.00,38160.00
1205,1206,2022121401005919,HDL,56,14,20,3816.00,76320.00
1206,1207,2022121401005918,HDL,41,14,10,3816.00,38160.00
1207,1208,2022121401005917,HDL,59,14,10,3817.00,38170.00
1208,1209,2022121401005916,HDL,22,14,10,3817.00,38170.00
1209,1210,2022121403003751,SMFDB,42,22,37,1152.00,42624.00
1210,1211,2022121403003750,ALICL,57,13,200,510.00,102000.00
1211,1212,2022121401005915,NABIL,49,19,12,809.00,9708.00
1212,1213,2022121401005914,SHIVM,49,58,100,545.00,54500.00
1213,1214,2022121401005913,SHIVM,45,58,50,545.00,27250.00
1214,1215,2022121401005912,SHIVM,34,58,11,545.00,5995.00
1215,1216,2022121401005911,PPL,28,41,10,204.00,2040.00
1216,1217,2022121401005910,SGHC,33,21,10,254.10,2541.00
1217,1218,2022121404003621,SSHL,7,10,10,171.00,1710.00
1218,1219,2022121403003749,MNBBL,22,45,34,417.20,14184.80
1219,1220,2022121403003748,LBBL,6,36,43,317.00,13631.00
1220,1221,2022121401005909,NABIL,36,19,20,809.00,16180.00
1221,1222,2022121401005908,PPL,28,58,10,201.00,2010.00
1222,1223,2022121404003620,GLH,25,17,10,231.50,2315.00
1223,1224,2022121401005907,BOKL,16,42,87,205.50,17878.50
1224,1225,2022121401005906,NABIL,45,19,10,809.00,8090.00
1225,1226,2022121401005905,KBL,34,57,177,184.50,32656.50
1226,1227,2022121401005904,ADBL,53,42,38,312.00,11856.00
1227,1228,2022121401005903,ADBL,58,42,20,312.00,6240.00
1228,1229,2022121401005902,ADBL,58,42,45,312.00,14040.00
1229,1230,2022121401005901,ADBL,21,42,10,312.00,3120.00
1230,1231,2022121401005900,ADBL,41,42,16,312.00,4992.00
1231,1232,2022121402001201,PHCL,14,28,10,270.00,2700.00
1232,1233,2022121403003747,FOWAD,58,14,11,2580.00,28380.00
1233,1234,2022121403003746,ICFC,34,43,50,423.00,21150.00
1234,1235,2022121404003619,NGPL,1,20,10,206.00,2060.00
1235,1236,2022121401005899,NABIL,17,19,58,809.00,46922.00
1236,1237,2022121401005898,NABIL,17,39,22,809.00,17798.00
1237,1238,2022121404003618,SHEL,47,45,10,229.40,2294.00
1238,1239,2022121405000980,MBJC,35,58,10,215.70,2157.00
1239,1240,2022121401005897,PPL,56,28,10,200.30,2003.00
1240,1241,2022121401005896,GBIME,47,19,20,207.70,4154.00
1241,1242,2022121404003617,SHPC,59,47,25,271.50,6787.50
1242,1243,2022121404003616,RHPL,21,29,48,247.10,11860.80
1243,1244,2022121403003745,RLFL,58,1,50,293.30,14665.00
1244,1245,2022121401005895,NCCB,49,58,40,181.80,7272.00
1245,1246,2022121401005894,NCCB,38,58,1648,181.80,299606.40
1246,1247,2022121401005893,NCCB,16,58,100,181.90,18190.00
1247,1248,2022121401005892,PRVU,10,26,23,200.90,4620.70
1248,1249,2022121401005891,PRVU,10,42,227,200.50,45513.50
1249,1250,2022121401005890,MHL,45,38,10,310.00,3100.00
1250,1251,2022121403003744,FMDBL,34,58,370,708.00,261960.00
1251,1252,2022121403003743,SIFC,42,57,500,300.80,150400.00
1252,1253,2022121403003742,FMDBL,34,41,27,708.00,19116.00
1253,1254,2022121403003741,EDBL,34,19,300,301.50,90450.00
1254,1255,2022121403003740,EDBL,43,19,100,301.70,30170.00
1255,1256,2022121403003739,EDBL,49,19,100,301.70,30170.00
1256,1257,2022121401005889,HHL,22,38,10,214.20,2142.00
1257,1258,2022121404003615,JOSHI,6,56,20,191.00,3820.00
1258,1259,2022121404003614,JOSHI,6,32,130,190.00,24700.00
1259,1260,2022121403003738,KSBBL,1,41,100,305.00,30500.00
1260,1261,2022121401005888,NABIL,32,39,10,809.00,8090.00
1261,1262,2022121404003613,NIL,45,37,50,712.00,35600.00
1262,1263,2022121404003612,NIL,58,37,460,712.00,327520.00
1263,1264,2022121404003611,NIL,25,37,50,712.10,35605.00
1264,1265,2022121401005887,BOKL,57,42,13,205.50,2671.50
1265,1266,2022121404003610,NHPC,38,40,500,199.00,99500.00
1266,1267,2022121404003609,NHPC,36,40,500,199.10,99550.00
1267,1268,2022121404003608,RURU,43,42,10,742.90,7429.00
1268,1269,2022121404003607,SICL,58,1,20,760.10,15202.00
1269,1270,2022121401005886,NBF3,58,45,600,7.22,4332.00
1270,1271,2022121401005885,NBF3,57,45,6900,7.22,49818.00
1271,1272,2022121401005884,NBF3,45,45,500,7.24,3620.00
1272,1273,2022121401005883,NMB,33,54,15,231.00,3465.00
1273,1274,2022121405000979,JBLB,58,57,10,2731.00,27310.00
1274,1275,2022121404003606,UPPER,49,34,92,389.00,35788.00
1275,1276,2022121404003605,UPPER,42,34,58,389.00,22562.00
1276,1277,2022121404003604,UPPER,17,34,50,389.00,19450.00
1277,1278,2022121401005882,CYCL,56,35,10,2486.20,24862.00
1278,1279,2022121401005881,SGHC,33,58,10,254.10,2541.00
1279,1280,2022121404003603,UPPER,6,56,10,389.00,3890.00
1280,1281,2022121404003602,STC,33,58,100,3600.00,360000.00
1281,1282,2022121401005880,HDL,18,19,25,3818.00,95450.00
1282,1283,2022121401005879,SIKLES,34,42,500,378.00,189000.00
1283,1284,2022121401005878,NABIL,13,39,50,809.00,40450.00
1284,1285,2022121404003601,RIDI,34,41,19,480.00,9120.00
1285,1286,2022121404003600,RIDI,34,45,31,480.00,14880.00
1286,1287,2022121401005877,CBL,1,25,100,214.80,21480.00
1287,1288,2022121403003737,NIFRA,52,49,16,184.60,2953.60
1288,1289,2022121403003736,NIFRA,42,49,28,184.60,5168.80
1289,1290,2022121403003735,NIFRA,58,49,10,184.70,1847.00
1290,1291,2022121403003734,MERO,45,14,42,756.00,31752.00
1291,1292,2022121403003733,MERO,41,14,58,757.00,43906.00
1292,1293,2022121404003599,RHPL,21,49,80,248.00,19840.00
1293,1294,2022121404003598,RHPL,21,50,390,247.10,96369.00
1294,1295,2022121401005876,BNT,28,22,10,12970.00,129700.00
1295,1296,2022121404003597,NGPL,19,32,14,206.50,2891.00
1296,1297,2022121404003596,AIL,47,48,50,365.00,18250.00
1297,1298,2022121404003595,AIL,47,48,40,365.00,14600.00
1298,1299,2022121401005875,USHEC,53,39,40,249.20,9968.00
1299,1300,2022121401005874,USHEC,47,39,170,249.20,42364.00
1300,1301,2022121401005873,USHEC,10,39,10,249.30,2493.00
1301,1302,2022121404003594,SICL,5,44,17,760.10,12921.70
1302,1303,2022121403003732,NIFRA,45,45,1,185.00,185.00
1303,1304,2022121403003731,NIFRA,45,8,19,185.00,3515.00
1304,1305,2022121405000978,MBJC,35,52,10,215.70,2157.00
1305,1306,2022121404003593,NHPC,38,41,100,199.00,19900.00
1306,1307,2022121403003730,JBBL,39,1,80,275.50,22040.00
1307,1308,2022121401005872,AVYAN,59,35,10,699.00,6990.00
1308,1309,2022121403003729,ALICL,57,57,70,510.00,35700.00
1309,1310,2022121403003728,MFIL,58,21,13,418.00,5434.00
1310,1311,2022121404003592,GLH,25,14,15,231.50,3472.50
1311,1312,2022121404003591,GLH,35,14,10,231.70,2317.00
1312,1313,2022121404003590,GLH,8,14,400,232.00,92800.00
1313,1314,2022121404003589,GLH,45,14,50,232.10,11605.00
1314,1315,2022121404003588,GLH,34,14,25,232.30,5807.50
1315,1316,2022121403003727,NLIC,58,21,11,607.00,6677.00
1316,1317,2022121403003726,GFCL,25,45,146,450.00,65700.00
1317,1318,2022121404003587,NEF,37,6,575,7.91,4548.25
1318,1319,2022121401005871,KBL,46,8,77,184.30,14191.10
1319,1320,2022121401005870,KBL,41,8,29,184.30,5344.70
1320,1321,2022121403003725,MLBSL,40,46,10,4000.00,40000.00
1321,1322,2022121404003586,PRIN,7,38,40,412.00,16480.00
1322,1323,2022121404003585,SHEL,48,58,10,229.50,2295.00
1323,1324,2022121404003584,UNHPL,7,6,10,189.50,1895.00
1324,1325,2022121403003724,MNBBL,34,45,20,417.20,8344.00
1325,1326,2022121404003583,BPCL,32,19,100,303.00,30300.00
1326,1327,2022121404003582,BPCL,35,19,20,303.00,6060.00
1327,1328,2022121404003581,BPCL,22,19,25,303.00,7575.00
1328,1329,2022121404003580,BPCL,38,19,120,303.50,36420.00
1329,1330,2022121401005869,USHEC,10,16,400,249.30,99720.00
1330,1331,2022121404003579,UIC,25,34,105,338.00,35490.00
1331,1332,2022121404003578,UIC,8,34,100,339.00,33900.00
1332,1333,2022121404003577,UIC,59,34,20,339.00,6780.00
1333,1334,2022121404003576,UIC,19,34,10,340.00,3400.00
1334,1335,2022121401005868,NABIL,43,39,100,809.00,80900.00
1335,1336,2022121401005867,NABIL,45,39,10,809.00,8090.00
1336,1337,2022121403003723,CIT,5,17,162,1853.00,300186.00
1337,1338,2022121404003575,UPPER,42,21,850,389.10,330735.00
1338,1339,2022121404003574,UPPER,6,21,150,389.20,58380.00
1339,1340,2022121401005866,BNT,34,28,100,12651.00,1265100.00
1340,1341,2022121401005865,NBL,17,38,50,276.80,13840.00
1341,1342,2022121404003573,NGPL,1,34,157,206.00,32342.00
1342,1343,2022121404003572,AKPL,14,38,200,343.20,68640.00
1343,1344,2022121403003722,NRIC,53,49,50,690.00,34500.00
1344,1345,2022121404003571,RIDI,44,21,15,479.00,7185.00
1345,1346,2022121404003570,RIDI,6,21,85,479.00,40715.00
1346,1347,2022121401005864,DORDI,45,28,47,230.00,10810.00
1347,1348,2022121405000977,SLI,44,45,10,332.00,3320.00
1348,1349,2022121401005863,NABIL,17,41,11,809.00,8899.00
1349,1350,2022121401005862,NABIL,52,41,30,809.00,24270.00
1350,1351,2022121401005861,EBL,7,50,19,438.40,8329.60
1351,1352,2022121401005860,EBL,45,50,50,438.40,21920.00
1352,1353,2022121401005859,EBL,25,50,31,438.50,13593.50
1353,1354,2022121405000976,JBLB,58,35,17,2731.00,46427.00
1354,1355,2022121403003721,JFL,49,59,516,370.50,191178.00
1355,1356,2022121401005858,BOKL,16,28,234,205.30,48040.20
1356,1357,2022121403003720,SADBL,49,22,305,299.00,91195.00
1357,1358,2022121404003569,LUK,17,51,3482,7.86,27368.52
1358,1359,2022121404003568,UMRH,50,33,100,409.50,40950.00
1359,1360,2022121404003567,UMRH,48,33,50,409.60,20480.00
1360,1361,2022121401005857,CYCL,56,45,10,2486.20,24862.00
1361,1362,2022121403003719,EDBL,44,14,10,302.00,3020.00
1362,1363,2022121404003566,SJCL,5,14,500,236.00,118000.00
1363,1364,2022121404003565,SJCL,45,14,50,236.00,11800.00
1364,1365,2022121404003564,SJCL,39,14,100,236.00,23600.00
1365,1366,2022121404003563,SJCL,47,14,20,238.00,4760.00
1366,1367,2022121404003562,SJCL,59,14,50,238.00,11900.00
1367,1368,2022121403003718,PROFL,52,14,50,282.10,14105.00
1368,1369,2022121401005856,NABIL,22,42,19,809.00,15371.00
1369,1370,2022121401005855,NABIL,19,42,11,809.00,8899.00
1370,1371,2022121403003717,RLFL,56,42,229,293.40,67188.60
1371,1372,2022121401005854,NBL,28,42,21,276.00,5796.00
1372,1373,2022121403003716,MLBL,36,45,190,343.00,65170.00
1373,1374,2022121403003715,MLBL,36,45,310,343.50,106485.00
1374,1375,2022121401005853,SBI,13,6,100,276.40,27640.00
1375,1376,2022121403003714,NTC,42,36,85,895.00,76075.00
1376,1377,2022121403003713,NTC,53,36,10,895.00,8950.00
1377,1378,2022121404003561,AIL,47,48,960,365.00,350400.00
1378,1379,2022121404003560,AIL,48,48,260,365.00,94900.00
1379,1380,2022121404003559,AIL,32,48,20,365.00,7300.00
1380,1381,2022121404003558,AIL,44,48,100,365.00,36500.00
1381,1382,2022121404003557,AIL,56,48,100,365.00,36500.00
1382,1383,2022121404003556,AIL,50,48,50,365.00,18250.00
1383,1384,2022121404003555,AIL,43,48,100,365.00,36500.00
1384,1385,2022121404003554,AIL,42,48,100,365.00,36500.00
1385,1386,2022121404003553,AIL,50,48,50,365.10,18255.00
1386,1387,2022121404003552,AIL,35,48,30,366.00,10980.00
1387,1388,2022121404003551,AIL,58,48,110,367.00,40370.00
1388,1389,2022121404003550,AIL,53,48,120,367.50,44100.00
1389,1390,2022121401005852,NIBPO,43,29,200,209.00,41800.00
1390,1391,2022121401005851,NCCB,28,58,500,182.00,91000.00
1391,1392,2022121401005850,NCCB,13,58,20,182.00,3640.00
1392,1393,2022121404003549,UPPER,6,45,50,389.20,19460.00
1393,1394,2022121404003548,UPPER,14,45,50,389.20,19460.00
1394,1395,2022121403003712,SAPDBL,36,38,90,218.00,19620.00
1395,1396,2022121403003711,SAPDBL,34,38,200,218.20,43640.00
1396,1397,2022121403003710,SAPDBL,19,38,250,218.30,54575.00
1397,1398,2022121403003709,SAPDBL,48,38,200,218.40,43680.00
1398,1399,2022121403003708,GUFL,42,13,60,519.00,31140.00
1399,1400,2022121401005849,CCBL,42,17,12,189.00,2268.00
1400,1401,2022121404003547,CHCL,35,36,10,388.00,3880.00
1401,1402,2022121404003546,CHCL,35,49,90,387.90,34911.00
1402,1403,2022121401005848,ADBL,41,34,29,312.00,9048.00
1403,1404,2022121401005847,ADBL,59,34,100,312.00,31200.00
1404,1405,2022121401005846,ADBL,34,34,32,312.00,9984.00
1405,1406,2022121403003707,DDBL,49,58,40,1030.00,41200.00
1406,1407,2022121401005845,SGHC,33,49,10,254.10,2541.00
1407,1408,2022121405000975,SAHAS,45,49,190,447.30,84987.00
1408,1409,2022121405000974,SAHAS,44,49,10,447.30,4473.00
1409,1410,2022121403003706,NFS,17,58,200,254.00,50800.00
1410,1411,2022121401005844,SGHC,33,35,10,254.10,2541.00
1411,1412,2022121404003545,API,7,6,17,209.00,3553.00
1412,1413,2022121405000973,SLI,44,4,10,332.00,3320.00
1413,1414,2022121404003544,RIDI,34,45,200,480.00,96000.00
1414,1415,2022121401005843,DORDI,45,35,10,230.00,2300.00
1415,1416,2022121404003543,BARUN,32,58,10,200.50,2005.00
1416,1417,2022121401005842,NIB,38,54,412,218.00,89816.00
1417,1418,2022121401005841,NIB,38,54,20,218.00,4360.00
1418,1419,2022121401005840,NIB,56,54,38,218.00,8284.00
1419,1420,2022121401005839,NIB,7,54,30,218.10,6543.00
1420,1421,2022121404003542,UPPER,14,49,250,389.20,97300.00
1421,1422,2022121403003705,NLIC,58,49,56,605.10,33885.60
1422,1423,2022121404003541,SPDL,42,44,100,261.00,26100.00
1423,1424,2022121403003704,NIFRA,42,8,20,185.00,3700.00
1424,1425,2022121401005838,NICA,10,41,50,675.40,33770.00
1425,1426,2022121405000972,JALPA,21,49,18,3335.20,60033.60
1426,1427,2022121403003703,NRN,49,56,60,401.00,24060.00
1427,1428,2022121403003702,NRIC,3,49,50,690.00,34500.00
1428,1429,2022121403003701,RSDC,22,47,14,533.00,7462.00
1429,1430,2022121404003540,RADHI,42,13,195,217.00,42315.00
1430,1431,2022121403003700,MFIL,25,21,10,418.10,4181.00
1431,1432,2022121403003699,ALICL,57,34,60,510.00,30600.00
1432,1433,2022121404003539,SHEL,42,58,80,230.00,18400.00
1433,1434,2022121404003538,SHEL,26,58,10,230.00,2300.00
1434,1435,2022121404003537,SHEL,28,58,20,230.00,4600.00
1435,1436,2022121401005837,GBIME,47,45,18,207.50,3735.00
1436,1437,2022121403003698,HIDCL,54,8,20,166.00,3320.00
1437,1438,2022121404003536,RHPL,21,13,80,249.90,19992.00
1438,1439,2022121404003535,STC,26,58,50,3600.00,180000.00
1439,1440,2022121403003697,NLIC,45,41,100,605.10,60510.00
1440,1441,2022121401005836,SGHC,33,35,10,254.10,2541.00
1441,1442,2022121401005835,DORDI,41,43,30,230.10,6903.00
1442,1443,2022121401005834,DORDI,16,43,90,230.10,20709.00
1443,1444,2022121405000971,SAHAS,44,17,10,447.30,4473.00
1444,1445,2022121404003534,RADHI,42,45,35,217.00,7595.00
1445,1446,2022121404003533,RADHI,48,45,65,217.00,14105.00
1446,1447,2022121405000970,MBJC,57,29,275,216.10,59427.50
1447,1448,2022121405000969,MBJC,19,29,20,217.00,4340.00
1448,1449,2022121405000968,MBJC,53,46,200,219.60,43920.00
1449,1450,2022121405000967,MBJC,53,58,100,219.50,21950.00
1450,1451,2022121405000966,MBJC,53,42,30,219.50,6585.00
1451,1452,2022121405000965,MBJC,53,33,100,219.50,21950.00
1452,1453,2022121405000964,MBJC,53,51,10,219.50,2195.00
1453,1454,2022121405000963,MBJC,53,42,20,219.40,4388.00
1454,1455,2022121401005833,MEGA,58,21,10,193.30,1933.00
1455,1456,2022121401005832,DORDI,16,58,10,230.10,2301.00
1456,1457,2022121401005831,SGHC,33,18,10,254.10,2541.00
1457,1458,2022121401005830,RFPL,21,48,10,218.80,2188.00
1458,1459,2022121404003532,RIDI,6,44,15,479.00,7185.00
1459,1460,2022121404003531,RIDI,42,44,50,479.00,23950.00
1460,1461,2022121404003530,RIDI,57,44,100,479.00,47900.00
1461,1462,2022121404003529,RIDI,57,44,500,479.00,239500.00
1462,1463,2022121404003528,RIDI,40,44,100,479.00,47900.00
1463,1464,2022121404003527,RIDI,21,44,50,479.00,23950.00
1464,1465,2022121404003526,RIDI,42,44,23,479.00,11017.00
1465,1466,2022121404003525,RIDI,21,44,50,479.00,23950.00
1466,1467,2022121404003524,RIDI,45,44,50,479.00,23950.00
1467,1468,2022121404003523,RIDI,13,44,300,479.00,143700.00
1468,1469,2022121404003522,RIDI,7,44,40,479.00,19160.00
1469,1470,2022121404003521,RIDI,54,44,267,479.00,127893.00
1470,1471,2022121404003520,RIDI,26,44,300,479.10,143730.00
1471,1472,2022121404003519,RIDI,52,44,20,479.10,9582.00
1472,1473,2022121404003518,RIDI,10,44,35,479.10,16768.50
1473,1474,2022121404003517,RIDI,21,44,100,479.20,47920.00
1474,1475,2022121401005829,NBL,38,42,29,276.00,8004.00
1475,1476,2022121401005828,NBL,38,21,11,276.00,3036.00
1476,1477,2022121401005827,NESDO,47,58,15,3290.00,49350.00
1477,1478,2022121401005826,PCBL,26,45,100,225.00,22500.00
1478,1479,2022121401005825,PCBL,26,39,500,225.00,112500.00
1479,1480,2022121401005824,PCBL,26,5,11,225.00,2475.00
1480,1481,2022121401005823,PCBL,26,40,100,225.00,22500.00
1481,1482,2022121401005822,PCBL,26,26,57,225.00,12825.00
1482,1483,2022121401005821,PCBL,26,39,144,225.00,32400.00
1483,1484,2022121401005820,HDL,26,4,10,3818.00,38180.00
1484,1485,2022121401005819,CBL,35,25,17,214.80,3651.60
1485,1486,2022121403003696,SLBBL,46,6,100,824.00,82400.00
1486,1487,2022121401005818,UHEWA,33,14,42,341.20,14330.40
1487,1488,2022121401005817,UHEWA,33,14,300,341.20,102360.00
1488,1489,2022121401005816,UHEWA,40,14,30,341.30,10239.00
1489,1490,2022121401005815,UHEWA,33,14,200,342.00,68400.00
1490,1491,2022121401005814,UHEWA,34,14,100,343.00,34300.00
1491,1492,2022121401005813,UHEWA,6,14,100,345.00,34500.00
1492,1493,2022121401005812,UHEWA,26,14,178,345.00,61410.00
1493,1494,2022121401005811,UHEWA,19,14,50,345.10,17255.00
1494,1495,2022121401005810,PRVU,32,29,70,200.10,14007.00
1495,1496,2022121401005809,HDL,49,34,28,3817.00,106876.00
1496,1497,2022121401005808,GVL,43,35,10,306.30,3063.00
1497,1498,2022121404003516,AKJCL,41,51,100,170.50,17050.00
1498,1499,2022121403003695,JBBL,22,34,150,276.00,41400.00
1499,1500,2022121403003694,JBBL,58,34,1500,276.00,414000.00
1500,1501,2022121403003693,JBBL,48,34,100,276.00,27600.00
1501,1502,2022121403003692,JBBL,38,34,10,276.00,2760.00
1502,1503,2022121403003691,JBBL,52,34,30,276.00,8280.00
1503,1504,2022121403003690,JBBL,59,34,30,276.00,8280.00
1504,1505,2022121403003689,JBBL,4,34,10,276.00,2760.00
1505,1506,2022121403003688,JBBL,6,34,50,276.00,13800.00
1506,1507,2022121403003687,JBBL,35,34,62,276.00,17112.00
1507,1508,2022121403003686,JBBL,25,34,20,276.10,5522.00
1508,1509,2022121403003685,JBBL,53,34,10,276.20,2762.00
1509,1510,2022121403003684,JBBL,25,34,86,276.20,23753.20
1510,1511,2022121403003683,JBBL,22,34,500,276.40,138200.00
1511,1512,2022121403003682,JBBL,49,34,500,276.50,138250.00
1512,1513,2022121401005807,BHL,28,34,10,245.10,2451.00
1513,1514,2022121404003515,SJCL,59,19,100,238.00,23800.00
1514,1515,2022121401005806,GBIME,25,45,50,207.50,10375.00
1515,1516,2022121403003681,NMFBS,38,21,10,1999.00,19990.00
1516,1517,2022121405000962,MBJC,40,41,10,218.00,2180.00
1517,1518,2022121405000961,MBJC,40,50,10,218.00,2180.00
1518,1519,2022121405000960,NYADI,34,46,10,271.40,2714.00
1519,1520,2022121401005805,NMB,33,25,417,231.00,96327.00
1520,1521,2022121404003514,AKPL,58,47,10,344.00,3440.00
1521,1522,2022121404003513,AKPL,47,47,809,344.00,278296.00
1522,1523,2022121401005804,CZBIL,38,35,50,180.00,9000.00
1523,1524,2022121404003512,STC,49,58,40,3600.00,144000.00
1524,1525,2022121405000959,SLI,49,25,10,333.00,3330.00
1525,1526,2022121405000958,RULB,58,49,10,870.10,8701.00
1526,1527,2022121403003680,GRDBL,35,49,50,230.00,11500.00
1527,1528,2022121403003679,NLIC,28,41,50,606.00,30300.00
1528,1529,2022121402001200,PHCL,39,54,10,270.00,2700.00
1529,1530,2022121401005803,KBL,41,53,71,184.30,13085.30
1530,1531,2022121401005802,KBL,45,53,29,184.30,5344.70
1531,1532,2022121405000957,SLI,49,52,10,333.00,3330.00
1532,1533,2022121402001199,PHCL,39,58,10,270.00,2700.00
1533,1534,2022121403003678,SADBL,49,41,100,299.00,29900.00
1534,1535,2022121404003511,SHPC,33,34,70,274.90,19243.00
1535,1536,2022121404003510,SHPC,33,13,430,274.80,118164.00
1536,1537,2022121401005801,NABIL,16,34,10,809.50,8095.00
1537,1538,2022121401005800,SANIMA,1,58,10,224.00,2240.00
1538,1539,2022121401005799,SANIMA,1,35,185,224.00,41440.00
1539,1540,2022121403003677,SAPDBL,35,34,20,219.00,4380.00
1540,1541,2022121403003676,SAPDBL,34,34,200,219.00,43800.00
1541,1542,2022121403003675,SAPDBL,34,34,250,219.10,54775.00
1542,1543,2022121403003674,SAPDBL,41,34,250,219.20,54800.00
1543,1544,2022121403003673,SAPDBL,48,34,200,219.30,43860.00
1544,1545,2022121404003509,NGPL,1,38,535,206.00,110210.00
1545,1546,2022121404003508,NGPL,21,38,465,206.00,95790.00
1546,1547,2022121403003672,SIFC,49,54,296,301.00,89096.00
1547,1548,2022121403003671,SHINE,16,41,30,329.00,9870.00
1548,1549,2022121403003670,NTC,53,58,90,895.00,80550.00
1549,1550,2022121403003669,NTC,58,58,100,895.00,89500.00
1550,1551,2022121403003668,NTC,38,58,10,895.20,8952.00
1551,1552,2022121401005798,MEGA,11,21,300,193.30,57990.00
1552,1553,2022121401005797,GBIME,58,45,10,207.50,2075.00
1553,1554,2022121405000956,RULB,58,17,10,870.10,8701.00
1554,1555,2022121404003507,UPCL,18,58,277,214.20,59333.40
1555,1556,2022121404003506,UPCL,34,58,100,214.20,21420.00
1556,1557,2022121401005796,CBL,28,25,200,214.80,42960.00
1557,1558,2022121404003505,AKJCL,41,59,500,170.50,85250.00
1558,1559,2022121401005795,CZBIL,38,50,12,180.00,2160.00
1559,1560,2022121401005794,CZBIL,48,50,20,180.00,3600.00
1560,1561,2022121401005793,CZBIL,47,50,100,180.00,18000.00
1561,1562,2022121401005792,CZBIL,58,50,10,180.00,1800.00
1562,1563,2022121401005791,CZBIL,21,50,58,180.00,10440.00
1563,1564,2022121404003504,NHPC,38,22,70,199.00,13930.00
1564,1565,2022121401005790,PCBL,26,45,200,224.50,44900.00
1565,1566,2022121401005789,PCBL,26,38,990,224.50,222255.00
1566,1567,2022121404003503,UMHL,25,47,165,225.00,37125.00
1567,1568,2022121403003667,FOWAD,21,58,111,2581.00,286491.00
1568,1569,2022121403003666,NMFBS,10,57,100,2000.00,200000.00
1569,1570,2022121403003665,NMFBS,55,57,50,2000.00,100000.00
1570,1571,2022121404003502,GLH,34,14,25,232.30,5807.50
1571,1572,2022121404003501,GLH,7,14,50,232.60,11630.00
1572,1573,2022121404003500,GLH,13,14,10,232.80,2328.00
1573,1574,2022121404003499,GLH,11,14,415,233.00,96695.00
1574,1575,2022121401005788,PRVU,32,14,65,200.10,13006.50
1575,1576,2022121401005787,PRVU,22,14,135,200.10,27013.50
1576,1577,2022121401005786,GBIME,32,45,100,207.50,20750.00
1577,1578,2022121403003664,NIFRA,37,8,46,185.00,8510.00
1578,1579,2022121401005785,PRVU,56,26,200,200.90,40180.00
1579,1580,2022121404003498,AKJCL,41,34,1000,170.50,170500.00
1580,1581,2022121401005784,AVYAN,21,38,10,699.00,6990.00
1581,1582,2022121404003497,UPPER,42,49,200,389.10,77820.00
1582,1583,2022121404003496,SJCL,59,22,200,238.00,47600.00
1583,1584,2022121404003495,AIL,53,57,30,367.50,11025.00
1584,1585,2022121405000955,JBLB,58,45,35,2731.00,95585.00
1585,1586,2022121401005783,SRBL,5,58,10,183.30,1833.00
1586,1587,2022121404003494,API,7,58,162,209.00,33858.00
1587,1588,2022121403003663,NLICL,33,41,175,505.00,88375.00
1588,1589,2022121403003662,NLICL,33,21,40,505.00,20200.00
1589,1590,2022121403003661,NLICL,33,11,100,504.00,50400.00
1590,1591,2022121403003660,NLICL,33,46,30,504.00,15120.00
1591,1592,2022121404003493,NGPL,21,38,35,206.00,7210.00
1592,1593,2022121404003492,NGPL,57,38,15,206.00,3090.00
1593,1594,2022121404003491,NGPL,39,38,500,206.10,103050.00
1594,1595,2022121404003490,NGPL,29,38,1000,206.10,206100.00
1595,1596,2022121404003489,NGPL,3,38,150,206.20,30930.00
1596,1597,2022121404003488,NGPL,25,38,50,206.20,10310.00
1597,1598,2022121404003487,NGPL,6,38,200,206.20,41240.00
1598,1599,2022121403003659,FMDBL,34,19,10,708.00,7080.00
1599,1600,2022121403003658,MLBL,36,51,190,343.50,65265.00
1600,1601,2022121403003657,MLBL,44,51,260,343.60,89336.00
1601,1602,2022121403003656,MLBL,53,51,50,343.70,17185.00
1602,1603,2022121401005782,GBIME,17,45,100,207.50,20750.00
1603,1604,2022121404003486,PIC,57,33,14,527.00,7378.00
1604,1605,2022121404003485,PIC,57,13,11,526.00,5786.00
1605,1606,2022121404003484,PIC,57,22,12,521.00,6252.00
1606,1607,2022121404003483,PIC,57,56,23,520.90,11980.70
1607,1608,2022121403003655,NTC,39,32,20,896.00,17920.00
1608,1609,2022121403003654,NTC,4,32,958,896.00,858368.00
1609,1610,2022121401005781,HDL,39,14,15,3818.00,57270.00
1610,1611,2022121401005780,HDL,32,14,13,3818.00,49634.00
1611,1612,2022121403003653,SIFC,49,29,200,301.00,60200.00
1612,1613,2022121401005779,NABIL,21,32,10,809.00,8090.00
1613,1614,2022121404003482,SHL,48,32,380,220.00,83600.00
1614,1615,2022121404003481,SHL,14,32,3250,220.00,715000.00
1615,1616,2022121404003480,BARUN,32,58,264,200.50,52932.00
1616,1617,2022121404003479,NHPC,33,56,100,199.00,19900.00
1617,1618,2022121404003478,NHPC,37,56,100,199.10,19910.00
1618,1619,2022121401005778,SANIMA,58,35,150,224.00,33600.00
1619,1620,2022121403003652,NTC,4,17,42,896.00,37632.00
1620,1621,2022121403003651,NTC,59,17,18,896.00,16128.00
1621,1622,2022121403003650,NTC,36,17,100,897.00,89700.00
1622,1623,2022121403003649,NTC,25,17,20,898.00,17960.00
1623,1624,2022121403003648,ALBSL,25,40,100,920.00,92000.00
1624,1625,2022121403003647,ALBSL,25,19,60,920.00,55200.00
1625,1626,2022121403003646,ALBSL,25,58,200,920.00,184000.00
1626,1627,2022121401005777,GVL,43,49,70,306.30,21441.00
1627,1628,2022121401005776,GVL,29,49,30,306.40,9192.00
1628,1629,2022121401005775,GVL,59,49,60,306.50,18390.00
1629,1630,2022121401005774,GVL,50,49,20,306.60,6132.00
1630,1631,2022121404003477,KPCL,57,22,49,317.00,15533.00
1631,1632,2022121404003476,RHPL,56,14,675,247.10,166792.50
1632,1633,2022121403003645,NIFRA,45,52,10,184.80,1848.00
1633,1634,2022121403003644,NIFRA,51,52,38,184.90,7026.20
1634,1635,2022121403003643,MLBSL,48,49,18,3988.00,71784.00
1635,1636,2022121401005773,SIKLES,34,58,10,378.00,3780.00
1636,1637,2022121403003642,KSBBL,40,34,35,305.00,10675.00
1637,1638,2022121403003641,KSBBL,58,34,235,305.50,71792.50
1638,1639,2022121403003640,SFCL,17,59,30,253.30,7599.00
1639,1640,2022121401005772,PPL,32,35,10,200.20,2002.00
1640,1641,2022121403003639,ICFC,22,43,100,423.00,42300.00
1641,1642,2022121401005771,GBIME,57,45,19,207.50,3942.50
1642,1643,2022121403003638,HIDCL,6,8,20,166.00,3320.00
1643,1644,2022121401005770,MBL,37,49,10,213.00,2130.00
1644,1645,2022121405000954,SLI,49,38,10,336.00,3360.00
1645,1646,2022121401005769,PPL,32,49,10,200.20,2002.00
1646,1647,2022121404003475,AHPC,37,25,10,269.10,2691.00
1647,1648,2022121404003474,GHL,10,56,200,191.00,38200.00
1648,1649,2022121403003637,MSLB,56,38,24,1020.00,24480.00
1649,1650,2022121403003636,MSLB,52,38,17,1020.00,17340.00
1650,1651,2022121403003635,MSLB,59,38,10,1025.00,10250.00
1651,1652,2022121403003634,MSLB,39,38,90,1030.00,92700.00
1652,1653,2022121401005768,NABIL,45,32,10,809.00,8090.00
1653,1654,2022121401005767,NABIL,45,32,130,809.00,105170.00
1654,1655,2022121403003633,MPFL,26,53,500,301.00,150500.00
1655,1656,2022121403003632,JBBL,49,1,400,276.50,110600.00
1656,1657,2022121404003473,SHEL,57,58,200,231.00,46200.00
1657,1658,2022121403003631,NFS,55,40,52,253.00,13156.00
1658,1659,2022121404003472,API,44,35,10,208.40,2084.00
1659,1660,2022121401005766,BOKL,16,44,103,204.50,21063.50
1660,1661,2022121403003630,NRIC,21,49,100,690.00,69000.00
1661,1662,2022121404003471,AIL,39,57,120,367.60,44112.00
1662,1663,2022121403003629,GMFIL,58,58,100,308.80,30880.00
1663,1664,2022121401005765,NABIL,45,49,20,809.00,16180.00
1664,1665,2022121401005764,NABIL,7,49,80,809.00,64720.00
1665,1666,2022121401005763,SHIVM,34,22,14,545.00,7630.00
1666,1667,2022121401005762,GVL,50,17,10,306.60,3066.00
1667,1668,2022121404003470,AKJCL,41,34,1900,170.50,323950.00
1668,1669,2022121401005761,SHIVM,26,22,10,545.00,5450.00
1669,1670,2022121401005760,SHIVM,43,22,90,545.00,49050.00
1670,1671,2022121401005759,SHIVM,58,22,18,545.00,9810.00
1671,1672,2022121401005758,SHIVM,59,22,50,545.00,27250.00
1672,1673,2022121401005757,SHIVM,47,22,20,545.00,10900.00
1673,1674,2022121401005756,PCBL,56,38,10,224.50,2245.00
1674,1675,2022121401005755,SBL,7,49,113,310.20,35052.60
1675,1676,2022121404003469,UNHPL,36,39,275,186.50,51287.50
1676,1677,2022121404003468,UNHPL,22,39,25,186.60,4665.00
1677,1678,2022121403003628,NIFRA,33,8,100,185.00,18500.00
1678,1679,2022121405000953,SAHAS,44,38,10,447.30,4473.00
1679,1680,2022121404003467,DHPL,28,58,100,175.00,17500.00
1680,1681,2022121403003627,ICFC,45,43,100,423.00,42300.00
1681,1682,2022121404003466,SHPC,33,34,60,275.00,16500.00
1682,1683,2022121404003465,SHPC,33,39,73,275.00,20075.00
1683,1684,2022121404003464,SHPC,33,34,190,274.90,52231.00
1684,1685,2022121404003463,SHPC,33,57,11,274.00,3014.00
1685,1686,2022121404003462,SHPC,33,34,100,274.00,27400.00
1686,1687,2022121404003461,SHPC,33,1,190,274.00,52060.00
1687,1688,2022121403003626,FMDBL,37,58,10,709.90,7099.00
1688,1689,2022121401005754,KBL,52,57,11,184.50,2029.50
1689,1690,2022121404003460,NGPL,58,32,42,206.50,8673.00
1690,1691,2022121401005753,SIKLES,34,45,100,378.00,37800.00
1691,1692,2022121403003625,NRIC,42,49,10,690.00,6900.00
1692,1693,2022121403003624,NRIC,10,49,50,690.00,34500.00
1693,1694,2022121403003623,NRIC,58,49,20,690.00,13800.00
1694,1695,2022121403003622,NRIC,41,49,50,690.00,34500.00
1695,1696,2022121403003621,NRIC,57,49,200,690.00,138000.00
1696,1697,2022121403003620,NRIC,21,49,100,690.00,69000.00
1697,1698,2022121403003619,NRIC,39,49,100,690.10,69010.00
1698,1699,2022121403003618,NRIC,37,49,70,691.00,48370.00
1699,1700,2022121403003617,NRIC,34,49,20,692.00,13840.00
1700,1701,2022121403003616,NRIC,34,49,30,692.00,20760.00
1701,1702,2022121403003615,NRIC,55,49,100,694.00,69400.00
1702,1703,2022121403003614,NRIC,50,49,50,694.00,34700.00
1703,1704,2022121403003613,DDBL,40,14,10,1031.00,10310.00
1704,1705,2022121404003459,GLH,11,14,85,233.00,19805.00
1705,1706,2022121404003458,GLH,39,14,10,233.00,2330.00
1706,1707,2022121404003457,GLH,59,14,40,233.10,9324.00
1707,1708,2022121404003456,GLH,14,14,300,234.00,70200.00
1708,1709,2022121404003455,GLH,32,14,15,234.00,3510.00
1709,1710,2022121404003454,GLH,43,14,90,234.10,21069.00
1710,1711,2022121404003453,GLH,14,14,460,235.00,108100.00
1711,1712,2022121403003612,ICFC,49,43,190,422.50,80275.00
1712,1713,2022121403003611,FOWAD,52,58,20,2581.00,51620.00
1713,1714,2022121401005752,BOKL,58,44,20,204.60,4092.00
1714,1715,2022121404003452,JOSHI,59,34,1250,190.00,237500.00
1715,1716,2022121404003451,UPPER,6,36,89,389.00,34621.00
1716,1717,2022121404003450,UPPER,39,36,20,389.00,7780.00
1717,1718,2022121404003449,UPPER,45,36,56,389.10,21789.60
1718,1719,2022121404003448,UPPER,19,36,15,389.60,5844.00
1719,1720,2022121404003447,UPPER,14,36,20,389.70,7794.00
1720,1721,2022121404003446,NGPL,42,42,1,205.10,205.10
1721,1722,2022121404003445,SHL,37,13,477,220.10,104987.70
1722,1723,2022121404003444,SHL,49,13,100,221.00,22100.00
1723,1724,2022121404003443,SHL,46,13,100,221.00,22100.00
1724,1725,2022121404003442,SHL,49,13,100,221.10,22110.00
1725,1726,2022121401005751,HDL,32,44,87,3818.00,332166.00
1726,1727,2022121401005750,HDL,34,44,10,3818.00,38180.00
1727,1728,2022121401005749,HDL,25,44,10,3819.00,38190.00
1728,1729,2022121403003610,NIFRA,22,8,15,185.00,2775.00
1729,1730,2022121401005748,MBL,37,49,24,212.90,5109.60
1730,1731,2022121403003609,FMDBL,34,37,50,708.00,35400.00
1731,1732,2022121404003441,RIDI,42,45,25,480.00,12000.00
1732,1733,2022121403003608,SLBSL,11,7,30,1198.10,35943.00
1733,1734,2022121403003607,JBBL,49,47,70,276.50,19355.00
1734,1735,2022121401005747,GBIME,47,45,275,207.50,57062.50
1735,1736,2022121403003606,MLBSL,21,45,30,3989.00,119670.00
1736,1737,2022121403003605,MLBSL,35,45,10,3989.00,39890.00
1737,1738,2022121403003604,MLBSL,1,45,10,3990.00,39900.00
1738,1739,2022121404003440,RIDI,40,45,125,480.00,60000.00
1739,1740,2022121404003439,RIDI,42,45,20,480.00,9600.00
1740,1741,2022121404003438,RIDI,21,45,100,480.00,48000.00
1741,1742,2022121404003437,RIDI,19,45,399,480.00,191520.00
1742,1743,2022121404003436,RIDI,28,45,100,480.10,48010.00
1743,1744,2022121401005746,ULBSL,29,57,10,3430.00,34300.00
1744,1745,2022121403003603,GMFIL,32,58,100,308.90,30890.00
1745,1746,2022121404003435,AHPC,55,34,21,266.50,5596.50
1746,1747,2022121403003602,DDBL,43,5,30,1030.00,30900.00
1747,1748,2022121404003434,RHPL,56,17,325,247.10,80307.50
1748,1749,2022121404003433,RHPL,19,17,500,247.20,123600.00
1749,1750,2022121404003432,RHPL,16,17,175,248.00,43400.00
1750,1751,2022121404003431,NGPL,42,42,1,205.10,205.10
1751,1752,2022121403003601,NTC,25,57,45,898.00,40410.00
1752,1753,2022121403003600,NTC,18,57,75,898.00,67350.00
1753,1754,2022121403003599,NTC,22,57,100,899.00,89900.00
1754,1755,2022121401005745,GBIME,28,45,2428,207.50,503810.00
1755,1756,2022121401005744,RFPL,21,38,10,218.80,2188.00
1756,1757,2022121405000952,RULB,58,25,10,870.00,8700.00
1757,1758,2022121404003430,SJCL,59,19,150,238.00,35700.00
1758,1759,2022121404003429,SJCL,11,19,40,238.00,9520.00
1759,1760,2022121404003428,UPCL,20,58,55,215.00,11825.00
1760,1761,2022121404003427,AIL,37,57,50,368.00,18400.00
1761,1762,2022121404003426,NGPL,56,32,40,206.50,8260.00
1762,1763,2022121404003425,NGPL,58,32,20,206.50,4130.00
1763,1764,2022121405000951,JBLB,58,21,17,2731.00,46427.00
1764,1765,2022121403003598,FMDBL,34,41,100,708.00,70800.00
1765,1766,2022121401005743,SGHC,33,44,20,254.10,5082.00
1766,1767,2022121404003424,UMRH,50,36,500,409.50,204750.00
1767,1768,2022121403003597,MFIL,45,21,477,418.20,199481.40
1768,1769,2022121401005742,PPL,11,1,10,200.30,2003.00
1769,1770,2022121401005741,PPL,34,1,490,200.30,98147.00
1770,1771,2022121401005740,NCCB,7,40,10,182.20,1822.00
1771,1772,2022121404003423,NGPL,58,48,100,206.50,20650.00
1772,1773,2022121404003422,NGPL,42,42,1,205.10,205.10
1773,1774,2022121401005739,SHIVM,47,53,80,545.00,43600.00
1774,1775,2022121401005738,SHIVM,22,53,50,545.00,27250.00
1775,1776,2022121401005737,SHIVM,38,53,20,545.00,10900.00
1776,1777,2022121401005736,SHIVM,45,53,50,545.00,27250.00
1777,1778,2022121404003421,NGPL,56,34,30,206.60,6198.00
1778,1779,2022121404003420,RIDI,34,34,50,481.00,24050.00
1779,1780,2022121403003596,CIT,49,49,169,1851.00,312819.00
1780,1781,2022121401005735,SANIMA,6,58,10,223.80,2238.00
1781,1782,2022121403003595,NMFBS,1,45,30,2001.00,60030.00
1782,1783,2022121403003594,NMFBS,50,45,10,2005.00,20050.00
1783,1784,2022121403003593,NMFBS,38,45,10,2007.00,20070.00
1784,1785,2022121403003592,NMBMF,47,19,140,650.00,91000.00
1785,1786,2022121401005734,RHGCL,58,58,10,206.00,2060.00
1786,1787,2022121403003591,JBBL,38,51,156,276.60,43149.60
1787,1788,2022121404003419,SHPC,37,1,10,274.00,2740.00
1788,1789,2022121403003590,MLBL,42,16,300,344.90,103470.00
1789,1790,2022121404003418,DHPL,49,20,25,173.20,4330.00
1790,1791,2022121401005733,KBL,42,57,50,184.50,9225.00
1791,1792,2022121404003417,STC,51,58,15,3600.00,54000.00
1792,1793,2022121401005732,PCBL,56,54,540,223.10,120474.00
1793,1794,2022121404003416,HDHPC,49,1,3140,174.20,546988.00
1794,1795,2022121404003415,HDHPC,57,1,960,174.20,167232.00
1795,1796,2022121404003414,HDHPC,33,1,400,174.30,69720.00
1796,1797,2022121403003589,NUBL,45,49,70,889.00,62230.00
1797,1798,2022121401005731,LBL,49,17,1000,193.00,193000.00
1798,1799,2022121401005730,ADBL,34,25,30,312.00,9360.00
1799,1800,2022121401005729,ADBL,51,25,20,312.00,6240.00
1800,1801,2022121403003588,MFIL,7,35,37,420.00,15540.00
1801,1802,2022121403003587,MFIL,7,25,63,419.90,26453.70
1802,1803,2022121401005728,SBL,7,17,114,310.20,35362.80
1803,1804,2022121401005727,SBL,26,17,50,311.00,15550.00
1804,1805,2022121403003586,NLIC,45,34,66,605.10,39936.60
1805,1806,2022121403003585,NIFRA,7,8,100,185.00,18500.00
1806,1807,2022121401005726,GBIME,33,51,50,208.00,10400.00
1807,1808,2022121403003584,KSBBL,58,45,50,305.50,15275.00
1808,1809,2022121401005725,SANIMA,6,38,40,223.80,8952.00
1809,1810,2022121404003413,AHPC,42,34,250,266.50,66625.00
1810,1811,2022121404003412,NHPC,33,54,10,199.00,1990.00
1811,1812,2022121403003583,CFCL,6,38,14,300.00,4200.00
1812,1813,2022121401005724,SGHC,33,44,10,254.10,2541.00
1813,1814,2022121404003411,RHPL,19,20,80,248.20,19856.00
1814,1815,2022121401005723,SHIVM,58,53,10,545.50,5455.00
1815,1816,2022121401005722,SHIVM,6,53,50,545.50,27275.00
1816,1817,2022121404003410,GLH,14,28,10,235.00,2350.00
1817,1818,2022121403003582,EDBL,43,44,100,301.80,30180.00
1818,1819,2022121403003581,HIDCL,45,11,50,165.50,8275.00
1819,1820,2022121403003580,HIDCL,8,11,10,165.50,1655.00
1820,1821,2022121401005721,HDL,39,59,12,3820.00,45840.00
1821,1822,2022121404003409,HDHPC,33,54,50,175.50,8775.00
1822,1823,2022121401005720,RFPL,42,14,400,218.70,87480.00
1823,1824,2022121401005719,RFPL,34,14,10,219.00,2190.00
1824,1825,2022121401005718,RFPL,26,14,150,220.00,33000.00
1825,1826,2022121401005717,RFPL,45,14,500,220.00,110000.00
1826,1827,2022121401005716,RFPL,55,14,20,220.50,4410.00
1827,1828,2022121401005715,RFPL,56,14,50,221.00,11050.00
1828,1829,2022121401005714,RFPL,49,14,200,221.00,44200.00
1829,1830,2022121401005713,RFPL,42,14,100,221.00,22100.00
1830,1831,2022121401005712,RFPL,25,14,100,221.30,22130.00
1831,1832,2022121401005711,RFPL,49,14,50,221.30,11065.00
1832,1833,2022121401005710,RFPL,35,14,120,221.50,26580.00
1833,1834,2022121401005709,RFPL,49,14,50,223.20,11160.00
1834,1835,2022121401005708,RFPL,56,14,50,223.30,11165.00
1835,1836,2022121401005707,RFPL,49,14,20,223.50,4470.00
1836,1837,2022121401005706,RFPL,4,14,20,224.00,4480.00
1837,1838,2022121401005705,RFPL,28,14,220,224.60,49412.00
1838,1839,2022121401005704,RFPL,16,14,440,224.70,98868.00
1839,1840,2022121404003408,NGPL,21,34,28,206.60,5784.80
1840,1841,2022121404003407,NGPL,6,34,100,206.60,20660.00
1841,1842,2022121404003406,RURU,33,38,11,735.50,8090.50
1842,1843,2022121401005703,NABIL,7,25,320,809.00,258880.00
1843,1844,2022121401005702,NABIL,22,25,17,809.00,13753.00
1844,1845,2022121401005701,NABIL,51,25,50,809.00,40450.00
1845,1846,2022121401005700,NABIL,26,25,150,809.00,121350.00
1846,1847,2022121401005699,NABIL,37,25,100,809.00,80900.00
1847,1848,2022121401005698,NABIL,42,25,20,809.00,16180.00
1848,1849,2022121401005697,NABIL,42,25,10,809.00,8090.00
1849,1850,2022121401005696,NABIL,41,25,50,809.00,40450.00
1850,1851,2022121401005695,NABIL,45,25,20,809.00,16180.00
1851,1852,2022121401005694,NABIL,55,25,30,809.00,24270.00
1852,1853,2022121401005693,NABIL,4,25,10,809.00,8090.00
1853,1854,2022121401005692,NABIL,8,25,223,809.10,180429.30
1854,1855,2022121401005691,EBL,25,13,19,438.50,8331.50
1855,1856,2022121401005690,EBL,5,13,20,438.50,8770.00
1856,1857,2022121401005689,EBL,52,13,32,438.50,14032.00
1857,1858,2022121401005688,EBL,39,13,32,438.60,14035.20
1858,1859,2022121401005687,EBL,25,13,30,438.60,13158.00
1859,1860,2022121401005686,EBL,5,13,30,438.60,13158.00
1860,1861,2022121401005685,EBL,42,13,100,438.70,43870.00
1861,1862,2022121401005684,EBL,25,13,20,438.70,8774.00
1862,1863,2022121401005683,EBL,57,13,50,438.70,21935.00
1863,1864,2022121403003579,ALICL,57,49,100,510.00,51000.00
1864,1865,2022121404003405,API,48,45,221,210.00,46410.00
1865,1866,2022121401005682,CBL,58,38,100,214.50,21450.00
1866,1867,2022121401005681,SGHC,33,44,10,254.10,2541.00
1867,1868,2022121404003404,PRIN,7,16,20,410.00,8200.00
1868,1869,2022121405000950,JALPA,8,34,10,3325.00,33250.00
1869,1870,2022121405000949,JALPA,53,34,10,3325.00,33250.00
1870,1871,2022121403003578,NFS,55,49,10,253.00,2530.00
1871,1872,2022121401005680,ADBL,51,51,100,312.00,31200.00
1872,1873,2022121403003577,MPFL,26,48,13,301.00,3913.00
1873,1874,2022121403003576,KSBBL,58,14,55,305.50,16802.50
1874,1875,2022121403003575,KSBBL,57,14,20,305.50,6110.00
1875,1876,2022121403003574,SWBBL,42,41,19,1168.50,22201.50
1876,1877,2022121404003403,UMHL,21,49,10,225.90,2259.00
1877,1878,2022121401005679,NBL,4,57,30,276.00,8280.00
1878,1879,2022121401005678,CCBL,4,25,12,190.00,2280.00
1879,1880,2022121401005677,CCBL,22,25,188,190.00,35720.00
1880,1881,2022121404003402,SHPC,33,54,376,273.90,102986.40
1881,1882,2022121404003401,PPCL,53,1,500,283.00,141500.00
1882,1883,2022121404003400,PPCL,37,1,260,283.00,73580.00
1883,1884,2022121404003399,PPCL,36,1,200,283.10,56620.00
1884,1885,2022121402001198,EHPL,55,35,10,237.60,2376.00
1885,1886,2022121403003573,NLICL,33,32,100,503.00,50300.00
1886,1887,2022121404003398,BARUN,49,33,761,200.00,152200.00
1887,1888,2022121403003572,NFS,55,49,215,253.00,54395.00
1888,1889,2022121403003571,NFS,17,49,200,253.10,50620.00
1889,1890,2022121403003570,NFS,34,49,15,254.00,3810.00
1890,1891,2022121402001197,PHCL,58,49,10,270.00,2700.00
1891,1892,2022121403003569,CHDC,44,38,10,653.10,6531.00
1892,1893,2022121402001196,PHCL,58,49,10,270.00,2700.00
1893,1894,2022121402001195,PHCL,58,47,10,270.00,2700.00
1894,1895,2022121401005676,BOKL,16,44,377,204.90,77247.30
1895,1896,2022121402001194,PHCL,58,19,10,270.00,2700.00
1896,1897,2022121402001193,PHCL,58,22,10,270.00,2700.00
1897,1898,2022121401005675,GBIME,28,8,2572,207.50,533690.00
1898,1899,2022121401005674,GBIME,51,8,100,207.60,20760.00
1899,1900,2022121401005673,GBIME,7,8,30,207.60,6228.00
1900,1901,2022121401005672,GBIME,21,8,30,207.60,6228.00
1901,1902,2022121401005671,GBIME,45,8,30,207.70,6231.00
1902,1903,2022121401005670,GBIME,25,8,50,207.80,10390.00
1903,1904,2022121401005669,GBIME,7,8,27,207.80,5610.60
1904,1905,2022121401005668,GBIME,5,8,100,207.80,20780.00
1905,1906,2022121401005667,GBIME,14,8,20,207.80,4156.00
1906,1907,2022121401005666,GBIME,44,8,41,207.80,8519.80
1907,1908,2022121402001192,PHCL,58,55,10,270.00,2700.00
1908,1909,2022121401005665,NIB,56,19,10,218.00,2180.00
1909,1910,2022121402001191,PHCL,58,58,10,270.00,2700.00
1910,1911,2022121402001190,PHCL,58,22,10,270.00,2700.00
1911,1912,2022121401005664,GBIME,40,51,20,208.00,4160.00
1912,1913,2022121404003397,GHL,10,56,37,191.00,7067.00
1913,1914,2022121404003396,GHL,14,56,327,191.00,62457.00
1914,1915,2022121404003395,GHL,7,56,100,191.80,19180.00
1915,1916,2022121404003394,GHL,4,56,50,192.50,9625.00
1916,1917,2022121404003393,GHL,26,56,86,192.60,16563.60
1917,1918,2022121402001189,PHCL,58,58,10,270.00,2700.00
1918,1919,2022121402001188,PHCL,58,47,10,270.00,2700.00
1919,1920,2022121401005663,SANIMA,6,57,200,223.80,44760.00
1920,1921,2022121404003392,NGPL,6,48,100,206.60,20660.00
1921,1922,2022121404003391,NGPL,22,48,100,206.60,20660.00
1922,1923,2022121404003390,BARUN,58,54,143,202.50,28957.50
1923,1924,2022121404003389,BARUN,58,39,20,202.40,4048.00
1924,1925,2022121404003388,BARUN,58,58,10,202.00,2020.00
1925,1926,2022121404003387,BARUN,58,19,10,201.90,2019.00
1926,1927,2022121404003386,BARUN,58,50,13,201.00,2613.00
1927,1928,2022121403003568,DDBL,43,57,70,1030.00,72100.00
1928,1929,2022121403003567,PFL,6,38,181,328.60,59476.60
1929,1930,2022121401005662,NABIL,8,14,207,809.10,167483.70
1930,1931,2022121401005661,NABIL,43,14,11,809.20,8901.20
1931,1932,2022121401005660,NABIL,58,14,22,809.20,17802.40
1932,1933,2022121404003385,HEI,50,44,1150,361.20,415380.00
1933,1934,2022121404003384,HEI,54,44,300,361.30,108390.00
1934,1935,2022121403003566,FMDBL,34,41,100,708.00,70800.00
1935,1936,2022121401005659,BOKL,16,45,50,204.90,10245.00
1936,1937,2022121401005658,BOKL,16,8,73,204.90,14957.70
1937,1938,2022121403003565,NTC,45,38,40,900.00,36000.00
1938,1939,2022121403003564,NTC,59,38,10,900.00,9000.00
1939,1940,2022121403003563,NTC,52,38,20,900.00,18000.00
1940,1941,2022121403003562,NTC,34,38,20,900.00,18000.00
1941,1942,2022121403003561,MMFDB,10,1,10,865.10,8651.00
1942,1943,2022121403003560,MMFDB,58,1,60,865.20,51912.00
1943,1944,2022121403003559,MMFDB,45,1,25,865.30,21632.50
1944,1945,2022121403003558,MMFDB,59,1,50,866.00,43300.00
1945,1946,2022121403003557,PROFL,52,45,100,282.10,28210.00
1946,1947,2022121404003383,JOSHI,19,34,10,190.00,1900.00
1947,1948,2022121404003382,CHCL,5,49,10,387.90,3879.00
1948,1949,2022121404003381,OHL,25,38,197,480.00,94560.00
1949,1950,2022121401005657,PCBL,1,54,460,224.00,103040.00
1950,1951,2022121401005656,PCBL,1,36,48,224.00,10752.00
1951,1952,2022121403003556,NUBL,13,32,50,888.00,44400.00
1952,1953,2022121403003555,NRN,55,56,40,401.00,16040.00
1953,1954,2022121401005655,NIB,56,29,17,218.00,3706.00
1954,1955,2022121401005654,SHIVM,36,58,20,546.00,10920.00
1955,1956,2022121403003554,JBBL,49,38,30,276.50,8295.00
1956,1957,2022121404003380,HPPL,4,42,90,246.00,22140.00
1957,1958,2022121403003553,NRIC,53,49,500,695.00,347500.00
1958,1959,2022121403003552,NRIC,36,49,100,695.00,69500.00
1959,1960,2022121403003551,NRIC,42,49,100,695.00,69500.00
1960,1961,2022121403003550,NRIC,35,49,100,695.00,69500.00
1961,1962,2022121403003549,NRIC,58,49,21,695.00,14595.00
1962,1963,2022121403003548,NRIC,14,49,31,695.00,21545.00
1963,1964,2022121403003547,NRIC,21,49,489,695.10,339903.90
1964,1965,2022121403003546,MSLB,5,47,15,1030.10,15451.50
1965,1966,2022121403003545,NRIC,21,34,11,695.10,7646.10
1966,1967,2022121403003544,NRIC,3,34,35,695.10,24328.50
1967,1968,2022121403003543,NADEP,16,43,40,672.00,26880.00
1968,1969,2022121401005653,GBIME,44,8,303,207.80,62963.40
1969,1970,2022121401005652,GBIME,45,8,62,207.90,12889.80
1970,1971,2022121404003379,SHEL,57,38,10,231.00,2310.00
1971,1972,2022121403003542,EDBL,49,14,410,302.00,123820.00
1972,1973,2022121404003378,NHPC,33,58,185,199.00,36815.00
1973,1974,2022121404003377,NHPC,58,58,50,199.00,9950.00
1974,1975,2022121404003376,NHPC,42,58,62,199.10,12344.20
1975,1976,2022121401005651,MHL,45,52,10,310.00,3100.00
1976,1977,2022121403003541,KRBL,58,29,10,252.00,2520.00
1977,1978,2022121403003540,KRBL,43,29,60,252.00,15120.00
1978,1979,2022121403003539,CIT,41,49,10,1850.00,18500.00
1979,1980,2022121401005650,NABIL,29,34,100,809.50,80950.00
1980,1981,2022121401005649,NICA,25,14,24,675.00,16200.00
1981,1982,2022121401005648,NICA,39,14,36,675.00,24300.00
1982,1983,2022121401005647,NICA,25,14,10,675.10,6751.00
1983,1984,2022121401005646,NICA,38,14,10,675.10,6751.00
1984,1985,2022121401005645,NICA,42,14,10,675.30,6753.00
1985,1986,2022121401005644,NICA,14,14,200,676.00,135200.00
1986,1987,2022121401005643,NICA,38,14,500,676.00,338000.00
1987,1988,2022121401005642,NICA,7,14,500,676.00,338000.00
1988,1989,2022121401005641,NICA,14,14,85,676.00,57460.00
1989,1990,2022121401005640,NICA,17,14,500,676.30,338150.00
1990,1991,2022121401005639,NICA,6,14,100,677.00,67700.00
1991,1992,2022121401005638,NICA,43,14,25,677.30,16932.50
1992,1993,2022121401005637,NBL,4,35,40,276.00,11040.00
1993,1994,2022121401005636,NBL,42,35,20,276.00,5520.00
1994,1995,2022121401005635,NBL,13,35,30,276.00,8280.00
1995,1996,2022121401005634,NBL,58,35,10,276.00,2760.00
1996,1997,2022121404003375,AHPC,55,34,200,266.50,53300.00
1997,1998,2022121401005633,MBL,37,32,10,212.00,2120.00
1998,1999,2022121404003374,UMHL,25,21,35,225.00,7875.00
1999,2000,2022121404003373,UMHL,38,21,15,225.00,3375.00
2000,2001,2022121404003372,UMHL,10,21,150,225.10,33765.00
2001,2002,2022121403003538,FOWAD,16,34,18,2580.10,46441.80
2002,2003,2022121403003537,FOWAD,47,34,10,2580.10,25801.00
2003,2004,2022121403003536,FOWAD,56,34,10,2581.00,25810.00
2004,2005,2022121403003535,FOWAD,34,34,37,2581.00,95497.00
2005,2006,2022121403003534,FOWAD,13,34,30,2581.20,77436.00
2006,2007,2022121403003533,FOWAD,42,34,11,2581.50,28396.50
2007,2008,2022121401005632,RHGCL,58,4,10,205.00,2050.00
2008,2009,2022121405000948,SLI,26,13,33,337.00,11121.00
2009,2010,2022121405000947,SLI,26,45,10,337.00,3370.00
2010,2011,2022121401005631,CBL,58,10,500,214.50,107250.00
2011,2012,2022121403003532,FMDBL,34,57,55,708.00,38940.00
2012,2013,2022121403003531,PROFL,52,13,250,282.10,70525.00
2013,2014,2022121403003530,JBBL,22,51,500,276.60,138300.00
2014,2015,2022121401005630,SANIMA,51,47,40,223.50,8940.00
2015,2016,2022121403003529,NTC,22,35,100,900.00,90000.00
2016,2017,2022121403003528,NTC,34,35,100,902.00,90200.00
2017,2018,2022121403003527,NTC,22,35,100,902.10,90210.00
2018,2019,2022121403003526,NTC,34,35,100,904.00,90400.00
2019,2020,2022121401005629,RFPL,52,38,10,225.20,2252.00
2020,2021,2022121404003371,UPCL,28,58,250,215.00,53750.00
2021,2022,2022121401005628,ADBL,43,58,25,312.90,7822.50
2022,2023,2022121401005627,NBL,40,49,104,276.00,28704.00
2023,2024,2022121401005626,NABIL,45,33,12,810.00,9720.00
2024,2025,2022121401005625,NABIL,25,33,64,810.00,51840.00
2025,2026,2022121401005624,NABIL,45,33,10,810.00,8100.00
2026,2027,2022121403003525,CIT,41,49,71,1850.00,131350.00
2027,2028,2022121403003524,NLICL,33,54,500,503.00,251500.00
2028,2029,2022121403003523,NLICL,33,20,55,503.00,27665.00
2029,2030,2022121404003370,NLG,49,44,308,470.10,144790.80
2030,2031,2022121405000946,MKLB,42,52,10,815.50,8155.00
2031,2032,2022121403003522,JBBL,47,38,40,277.00,11080.00
2032,2033,2022121404003369,AHPC,37,34,10,266.50,2665.00
2033,2034,2022121404003368,MHNL,47,50,500,246.50,123250.00
2034,2035,2022121405000945,NYADI,34,21,10,271.40,2714.00
2035,2036,2022121401005623,NBL,40,25,39,276.00,10764.00
2036,2037,2022121401005622,NBL,19,25,90,276.00,24840.00
2037,2038,2022121405000944,SLI,26,49,10,335.00,3350.00
2038,2039,2022121403003521,PFL,51,38,46,329.00,15134.00
2039,2040,2022121403003520,CLBSL,58,56,50,754.50,37725.00
2040,2041,2022121404003367,AIL,46,48,10,368.00,3680.00
2041,2042,2022121404003366,AIL,44,48,100,368.00,36800.00
2042,2043,2022121403003519,GUFL,49,19,10,523.00,5230.00
2043,2044,2022121403003518,NUBL,13,42,10,888.00,8880.00
2044,2045,2022121403003517,CBBL,41,45,25,1106.00,27650.00
2045,2046,2022121403003516,CBBL,45,45,50,1107.00,55350.00
2046,2047,2022121403003515,SABSL,51,14,22,892.50,19635.00
2047,2048,2022121403003514,SABSL,49,14,50,895.00,44750.00
2048,2049,2022121403003513,SABSL,34,14,50,900.00,45000.00
2049,2050,2022121403003512,SABSL,39,14,10,902.00,9020.00
2050,2051,2022121401005621,LBL,49,17,953,193.00,183929.00
2051,2052,2022121401005620,LBL,49,43,50,193.00,9650.00
2052,2053,2022121401005619,PCBL,57,54,47,223.00,10481.00
2053,2054,2022121401005618,PCBL,36,54,100,223.00,22300.00
2054,2055,2022121401005617,PCBL,34,54,10,223.00,2230.00
2055,2056,2022121401005616,PCBL,57,54,50,223.00,11150.00
2056,2057,2022121401005615,PCBL,57,54,200,223.00,44600.00
2057,2058,2022121401005614,PCBL,7,54,100,223.00,22300.00
2058,2059,2022121401005613,PCBL,45,54,30,223.10,6693.00
2059,2060,2022121401005612,PCBL,8,54,107,223.20,23882.40
2060,2061,2022121401005611,PCBL,6,54,50,223.30,11165.00
2061,2062,2022121401005610,PCBL,45,54,242,223.40,54062.80
2062,2063,2022121401005609,PCBL,58,54,19,223.70,4250.30
2063,2064,2022121401005608,PCBL,53,54,25,224.00,5600.00
2064,2065,2022121401005607,PCBL,34,54,20,224.00,4480.00
2065,2066,2022121404003365,NIL,44,47,10,714.00,7140.00
2066,2067,2022121401005606,GVL,50,17,10,307.00,3070.00
2067,2068,2022121403003511,NIFRA,51,38,64,184.90,11833.60
2068,2069,2022121403003510,FOWAD,34,34,145,2582.00,374390.00
2069,2070,2022121403003509,FOWAD,58,34,38,2583.00,98154.00
2070,2071,2022121403003508,FOWAD,45,34,15,2584.00,38760.00
2071,2072,2022121403003507,FOWAD,42,34,37,2585.00,95645.00
2072,2073,2022121403003506,FOWAD,58,34,40,2585.50,103420.00
2073,2074,2022121403003505,FOWAD,42,34,13,2585.60,33612.80
2074,2075,2022121403003504,FOWAD,51,34,15,2585.60,38784.00
2075,2076,2022121403003503,ALICL,57,41,10,510.00,5100.00
2076,2077,2022121404003364,UPPER,19,58,85,389.60,33116.00
2077,2078,2022121401005605,UHEWA,26,14,322,345.00,111090.00
2078,2079,2022121401005604,UHEWA,34,14,100,345.00,34500.00
2079,2080,2022121401005603,UHEWA,57,14,160,345.00,55200.00
2080,2081,2022121401005602,UHEWA,40,14,20,345.10,6902.00
2081,2082,2022121401005601,UHEWA,20,14,15,345.10,5176.50
2082,2083,2022121404003363,UMRH,34,20,140,412.00,57680.00
2083,2084,2022121404003362,UMRH,11,20,50,413.00,20650.00
2084,2085,2022121401005600,SGHC,33,44,50,254.10,12705.00
2085,2086,2022121403003502,GUFL,3,13,100,519.20,51920.00
2086,2087,2022121404003361,NGPL,39,22,100,207.00,20700.00
2087,2088,2022121403003501,WNLB,21,47,20,930.00,18600.00
2088,2089,2022121404003360,UPPER,29,33,20,390.00,7800.00
2089,2090,2022121404003359,UPPER,29,3,80,390.00,31200.00
2090,2091,2022121404003358,SHPC,33,54,225,273.90,61627.50
2091,2092,2022121404003357,SHPC,33,45,150,273.00,40950.00
2092,2093,2022121403003500,SADBL,D01,13,385,299.10,115153.50
2093,2094,2022121403003499,MNBBL,8,45,91,417.00,37947.00
2094,2095,2022121403003498,MNBBL,32,45,50,417.00,20850.00
2095,2096,2022121403003497,MNBBL,41,45,100,417.00,41700.00
2096,2097,2022121403003496,MNBBL,42,45,95,417.10,39624.50
2097,2098,2022121404003356,BARUN,42,42,1,200.10,200.10
2098,2099,2022121404003355,RIDI,19,57,601,480.00,288480.00
2099,2100,2022121404003354,RIDI,40,57,68,480.10,32646.80
2100,2101,2022121404003353,RIDI,49,57,10,480.10,4801.00
2101,2102,2022121404003352,RIDI,55,57,100,481.00,48100.00
2102,2103,2022121403003495,ICFC,29,43,20,423.00,8460.00
2103,2104,2022121403003494,ICFC,14,43,60,423.00,25380.00
2104,2105,2022121403003493,NTC,40,58,10,905.00,9050.00
2105,2106,2022121403003492,NTC,59,58,40,905.00,36200.00
2106,2107,2022121403003491,NTC,16,58,200,905.00,181000.00
2107,2108,2022121403003490,NTC,22,58,50,905.00,45250.00
2108,2109,2022121403003489,NTC,29,58,18,905.10,16291.80
2109,2110,2022121403003488,NTC,44,58,1900,905.10,1719690.00
2110,2111,2022121403003487,NTC,11,58,50,905.30,45265.00
2111,2112,2022121403003486,NTC,45,58,100,906.00,90600.00
2112,2113,2022121401005599,SGHC,33,44,100,254.10,25410.00
2113,2114,2022121404003351,MHNL,58,43,178,248.00,44144.00
2114,2115,2022121401005598,SHIVM,6,48,50,545.50,27275.00
2115,2116,2022121404003350,GHL,26,25,53,192.60,10207.80
2116,2117,2022121401005597,PPL,32,4,10,200.20,2002.00
2117,2118,2022121401005596,NABIL,17,49,19,810.00,15390.00
2118,2119,2022121401005595,NICA,43,57,35,677.30,23705.50
2119,2120,2022121404003349,API,45,14,155,209.00,32395.00
2120,2121,2022121404003348,API,47,14,25,209.00,5225.00
2121,2122,2022121404003347,API,22,14,100,209.00,20900.00
2122,2123,2022121404003346,API,29,14,20,209.00,4180.00
2123,2124,2022121401005594,PPL,28,49,10,203.00,2030.00
2124,2125,2022121401005593,PPL,28,58,10,202.00,2020.00
2125,2126,2022121403003485,NICLBSL,57,34,20,712.30,14246.00
2126,2127,2022121404003345,BARUN,42,42,1,200.10,200.10
2127,2128,2022121404003344,MHNL,45,52,70,249.00,17430.00
2128,2129,2022121403003484,ALICL,57,57,100,510.00,51000.00
2129,2130,2022121403003483,DDBL,25,33,135,1030.40,139104.00
2130,2131,2022121405000943,JBLB,14,49,11,2731.10,30042.10
2131,2132,2022121404003343,BARUN,1,58,19,201.00,3819.00
2132,2133,2022121403003482,CIT,49,49,50,1850.00,92500.00
2133,2134,2022121403003481,CIT,13,49,100,1850.00,185000.00
2134,2135,2022121403003480,CIT,33,49,50,1850.00,92500.00
2135,2136,2022121403003479,CIT,57,49,15,1850.00,27750.00
2136,2137,2022121403003478,CIT,44,49,10,1850.00,18500.00
2137,2138,2022121403003477,CIT,49,49,50,1850.00,92500.00
2138,2139,2022121403003476,CIT,39,49,10,1850.00,18500.00
2139,2140,2022121403003475,CIT,21,49,127,1850.00,234950.00
2140,2141,2022121403003474,CIT,6,49,10,1850.00,18500.00
2141,2142,2022121403003473,CIT,17,49,30,1850.00,55500.00
2142,2143,2022121403003472,CIT,42,49,20,1850.00,37000.00
2143,2144,2022121403003471,CIT,49,49,15,1850.00,27750.00
2144,2145,2022121403003470,CIT,45,49,77,1850.10,142457.70
2145,2146,2022121403003469,CIT,21,49,65,1850.20,120263.00
2146,2147,2022121401005592,BOKL,21,8,39,204.90,7991.10
2147,2148,2022121403003468,GFCL,6,21,250,450.00,112500.00
2148,2149,2022121403003467,CFCL,57,38,21,300.00,6300.00
2149,2150,2022121403003466,CFCL,35,38,100,300.00,30000.00
2150,2151,2022121403003465,CFCL,55,38,33,301.00,9933.00
2151,2152,2022121403003464,CFCL,17,38,800,302.10,241680.00
2152,2153,2022121403003463,CFCL,46,38,32,302.50,9680.00
2153,2154,2022121401005591,GVL,50,48,10,307.00,3070.00
2154,2155,2022121404003342,BARUN,49,34,51,200.00,10200.00
2155,2156,2022121404003341,BARUN,40,34,19,200.10,3801.90
2156,2157,2022121404003340,BARUN,35,34,10,200.10,2001.00
2157,2158,2022121404003339,BARUN,16,34,20,200.10,4002.00
2158,2159,2022121403003462,NTC,51,58,25,907.00,22675.00
2159,2160,2022121403003461,NTC,58,58,795,907.00,721065.00
2160,2161,2022121403003460,NTC,56,58,40,907.20,36288.00
2161,2162,2022121405000942,SAHAS,44,38,10,447.30,4473.00
2162,2163,2022121401005590,SIKLES,41,54,10,378.00,3780.00
2163,2164,2022121401005589,SIKLES,41,45,40,378.00,15120.00
2164,2165,2022121403003459,MFIL,25,14,90,418.10,37629.00
2165,2166,2022121403003458,MFIL,35,14,10,418.20,4182.00
2166,2167,2022121401005588,NABIL,49,49,10,810.00,8100.00
2167,2168,2022121403003457,GUFL,42,32,10,518.50,5185.00
2168,2169,2022121403003456,GUFL,14,32,1000,519.00,519000.00
2169,2170,2022121403003455,GUFL,17,32,1990,519.10,1033009.00
2170,2171,2022121403003454,NTC,56,45,10,907.20,9072.00
2171,2172,2022121401005587,NBL,19,44,200,276.00,55200.00
2172,2173,2022121403003453,HIDCL,51,8,70,166.00,11620.00
2173,2174,2022121403003452,HIDCL,51,57,230,166.00,38180.00
2174,2175,2022121401005586,SHIVM,6,34,100,545.50,54550.00
2175,2176,2022121401005585,CYCL,34,17,10,2486.20,24862.00
2176,2177,2022121403003451,MLBL,45,16,10,344.90,3449.00
2177,2178,2022121403003450,PROFL,59,25,119,282.10,33569.90
2178,2179,2022121403003449,CIT,21,49,35,1850.20,64757.00
2179,2180,2022121403003448,CIT,41,49,15,1850.50,27757.50
2180,2181,2022121403003447,CIT,17,49,50,1851.00,92550.00
2181,2182,2022121403003446,CIT,33,49,30,1851.10,55533.00
2182,2183,2022121403003445,CIT,35,49,10,1851.30,18513.00
2183,2184,2022121403003444,NFS,29,5,50,255.00,12750.00
2184,2185,2022121404003338,UMHL,21,47,50,225.90,11295.00
2185,2186,2022121404003337,MHNL,58,56,122,248.00,30256.00
2186,2187,2022121403003443,ICFC,14,14,340,423.00,143820.00
2187,2188,2022121403003442,ICFC,49,14,70,423.10,29617.00
2188,2189,2022121401005584,NIB,56,53,75,218.00,16350.00
2189,2190,2022121401005583,NIB,50,53,300,218.10,65430.00
2190,2191,2022121401005582,NIB,38,53,70,218.10,15267.00
2191,2192,2022121401005581,NIB,34,53,50,218.10,10905.00
2192,2193,2022121404003336,AIL,44,57,36,370.00,13320.00
2193,2194,2022121404003335,AIL,53,57,10,370.00,3700.00
2194,2195,2022121404003334,AIL,8,57,10,370.00,3700.00
2195,2196,2022121404003333,AIL,6,57,106,370.00,39220.00
2196,2197,2022121404003332,AIL,10,57,50,370.00,18500.00
2197,2198,2022121404003331,AIL,37,57,50,370.00,18500.00
2198,2199,2022121404003330,AIL,26,57,100,370.50,37050.00
2199,2200,2022121404003329,AIL,52,57,30,370.60,11118.00
2200,2201,2022121404003328,AIL,43,57,28,371.00,10388.00
2201,2202,2022121401005580,SRBL,5,44,52,183.30,9531.60
2202,2203,2022121401005579,SRBL,11,44,150,183.30,27495.00
2203,2204,2022121405000941,MBJC,53,51,20,217.90,4358.00
2204,2205,2022121405000940,MBJC,53,7,10,217.00,2170.00
2205,2206,2022121405000939,MBJC,53,48,10,216.00,2160.00
2206,2207,2022121401005578,BNT,21,14,200,12740.20,2548040.00
2207,2208,2022121401005577,BNT,34,14,10,12740.30,127403.00
2208,2209,2022121403003441,ILBS,49,45,26,860.00,22360.00
2209,2210,2022121403003440,MNBBL,25,45,100,417.30,41730.00
2210,2211,2022121403003439,NTC,56,1,10,907.20,9072.00
2211,2212,2022121403003438,WNLB,21,29,10,930.00,9300.00
2212,2213,2022121401005576,NABIL,42,49,71,810.00,57510.00
2213,2214,2022121403003437,RMDC,32,57,100,943.00,94300.00
2214,2215,2022121404003327,BARUN,42,42,1,200.10,200.10
2215,2216,2022121403003436,SAPDBL,36,22,20,220.00,4400.00
2216,2217,2022121401005575,RFPL,16,38,10,224.70,2247.00
2217,2218,2022121401005574,NABIL,42,42,29,810.00,23490.00
2218,2219,2022121404003326,NHPC,42,59,88,199.10,17520.80
2219,2220,2022121404003325,HDHPC,57,54,100,174.20,17420.00
2220,2221,2022121401005573,USHEC,56,52,10,250.00,2500.00
2221,2222,2022121401005572,USHEC,56,20,10,250.00,2500.00
2222,2223,2022121403003435,JBBL,40,38,100,277.00,27700.00
2223,2224,2022121401005571,PPL,32,21,10,200.20,2002.00
2224,2225,2022121401005570,CCBL,22,36,12,190.00,2280.00
2225,2226,2022121403003434,DDBL,59,58,10,1032.00,10320.00
2226,2227,2022121404003324,PIC,34,22,11,521.00,5731.00
2227,2228,2022121403003433,CIT,47,49,20,1852.00,37040.00
2228,2229,2022121403003432,CIT,58,49,30,1852.00,55560.00
2229,2230,2022121403003431,CIT,54,49,15,1853.00,27795.00
2230,2231,2022121403003430,CIT,28,49,30,1853.00,55590.00
2231,2232,2022121403003429,CIT,55,49,80,1853.00,148240.00
2232,2233,2022121403003428,CIT,13,49,10,1853.10,18531.00
2233,2234,2022121403003427,CIT,46,49,50,1853.20,92660.00
2234,2235,2022121405000938,JBLB,14,58,19,2731.10,51890.90
2235,2236,2022121403003426,NIFRA,51,10,64,184.90,11833.60
2236,2237,2022121401005569,PRVU,19,26,102,200.90,20491.80
2237,2238,2022121403003425,JBBL,43,38,1000,277.00,277000.00
2238,2239,2022121403003424,JBBL,19,38,28,277.00,7756.00
2239,2240,2022121403003423,JBBL,51,38,41,277.20,11365.20
2240,2241,2022121403003422,JBBL,51,38,200,277.30,55460.00
2241,2242,2022121403003421,JBBL,38,38,300,277.50,83250.00
2242,2243,2022121404003323,AIL,43,57,42,371.00,15582.00
2243,2244,2022121404003322,AIL,38,57,20,371.00,7420.00
2244,2245,2022121404003321,AIL,57,57,50,371.00,18550.00
2245,2246,2022121404003320,AIL,6,57,94,371.00,34874.00
2246,2247,2022121404003319,AIL,45,57,10,371.10,3711.00
2247,2248,2022121404003318,AIL,34,57,100,372.00,37200.00
2248,2249,2022121404003317,AIL,56,57,30,372.00,11160.00
2249,2250,2022121404003316,AIL,17,57,10,372.10,3721.00
2250,2251,2022121404003315,AIL,45,57,10,372.10,3721.00
2251,2252,2022121404003314,AIL,4,57,34,372.20,12654.80
2252,2253,2022121401005568,NBL,19,44,232,276.00,64032.00
2253,2254,2022121401005567,DORDI,45,14,23,230.00,5290.00
2254,2255,2022121401005566,DORDI,16,14,60,230.60,13836.00
2255,2256,2022121401005565,DORDI,58,14,17,230.70,3921.90
2256,2257,2022121403003420,CHDC,50,52,10,653.00,6530.00
2257,2258,2022121405000937,RULB,58,49,10,870.00,8700.00
2258,2259,2022121401005564,HDL,25,53,20,3819.00,76380.00
2259,2260,2022121404003313,HEI,54,53,200,361.30,72260.00
2260,2261,2022121403003419,BFC,58,21,20,308.80,6176.00
2261,2262,2022121404003312,GLH,14,38,10,235.00,2350.00
2262,2263,2022121404003311,NGPL,19,22,100,207.00,20700.00
2263,2264,2022121404003310,NGPL,16,22,290,207.00,60030.00
2264,2265,2022121404003309,NGPL,16,25,210,207.00,43470.00
2265,2266,2022121404003308,NGPL,17,25,200,207.00,41400.00
2266,2267,2022121404003307,NGPL,56,25,40,207.00,8280.00
2267,2268,2022121404003306,RIDI,54,33,533,479.00,255307.00
2268,2269,2022121404003305,RIDI,29,33,250,479.00,119750.00
2269,2270,2022121404003304,RIDI,57,33,500,479.00,239500.00
2270,2271,2022121404003303,RIDI,47,33,30,479.10,14373.00
2271,2272,2022121404003302,RIDI,48,33,500,479.30,239650.00
2272,2273,2022121404003301,RIDI,41,33,10,479.30,4793.00
2273,2274,2022121404003300,RIDI,45,33,100,479.30,47930.00
2274,2275,2022121404003299,RIDI,49,33,20,479.40,9588.00
2275,2276,2022121404003298,RIDI,58,33,20,479.50,9590.00
2276,2277,2022121404003297,RIDI,22,33,37,480.00,17760.00
2277,2278,2022121403003418,GFCL,6,42,50,450.00,22500.00
2278,2279,2022121403003417,GFCL,6,29,200,449.90,89980.00
2279,2280,2022121401005563,KBL,58,57,10,184.50,1845.00
2280,2281,2022121404003296,AKPL,47,42,14,344.00,4816.00
2281,2282,2022121403003416,DDBL,45,56,95,1032.20,98059.00
2282,2283,2022121403003415,SFCL,1,44,40,253.20,10128.00
2283,2284,2022121403003414,SFCL,45,44,100,253.30,25330.00
2284,2285,2022121403003413,SFCL,57,44,60,253.30,15198.00
2285,2286,2022121403003412,NFS,34,50,185,254.00,46990.00
2286,2287,2022121403003411,NFS,45,50,100,254.00,25400.00
2287,2288,2022121401005562,SANIMA,51,40,23,223.50,5140.50
2288,2289,2022121401005561,SANIMA,46,40,200,223.60,44720.00
2289,2290,2022121401005560,SANIMA,40,40,282,223.60,63055.20
2290,2291,2022121401005559,SANIMA,28,40,100,223.70,22370.00
2291,2292,2022121401005558,SANIMA,57,40,50,223.80,11190.00
2292,2293,2022121401005557,SANIMA,11,40,100,223.80,22380.00
2293,2294,2022121401005556,SANIMA,58,40,80,223.90,17912.00
2294,2295,2022121401005555,SANIMA,57,40,40,223.90,8956.00
2295,2296,2022121404003295,OHL,25,14,157,480.00,75360.00
2296,2297,2022121403003410,EDBL,47,14,115,302.20,34753.00
2297,2298,2022121401005554,GBIME,45,34,38,207.90,7900.20
2298,2299,2022121401005553,GBIME,22,34,87,207.90,18087.30
2299,2300,2022121404003294,API,29,34,200,209.00,41800.00
2300,2301,2022121403003409,MNBBL,32,45,300,417.50,125250.00
2301,2302,2022121401005552,GBIME,47,51,90,208.00,18720.00
2302,2303,2022121401005551,GBIME,47,10,50,208.00,10400.00
2303,2304,2022121401005550,GBIME,47,8,60,208.00,12480.00
2304,2305,2022121404003293,RIDI,22,45,463,480.00,222240.00
2305,2306,2022121403003408,RMDC,32,50,299,943.00,281957.00
2306,2307,2022121403003407,RMDC,28,50,45,943.00,42435.00
2307,2308,2022121403003406,RMDC,20,50,274,943.10,258409.40
2308,2309,2022121403003405,RMDC,48,50,50,943.20,47160.00
2309,2310,2022121404003292,AKPL,47,3,50,344.00,17200.00
2310,2311,2022121404003291,NIBSF2,58,10,100,7.00,700.00
2311,2312,2022121403003404,MMFDB,59,56,10,870.00,8700.00
2312,2313,2022121403003403,MMFDB,17,56,20,870.00,17400.00
2313,2314,2022121404003290,RIDI,58,47,20,479.50,9590.00
2314,2315,2022121403003402,NIFRA,51,38,54,184.90,9984.60
2315,2316,2022121403003401,NLICL,33,20,445,503.00,223835.00
2316,2317,2022121405000936,MLBS,34,49,10,1004.90,10049.00
2317,2318,2022121404003289,NGPL,56,57,60,207.00,12420.00
2318,2319,2022121404003288,AKPL,47,57,127,344.00,43688.00
2319,2320,2022121404003287,AKPL,22,57,373,344.00,128312.00
2320,2321,2022121403003400,SFCL,57,59,120,253.30,30396.00
2321,2322,2022121404003286,AKPL,22,33,127,344.00,43688.00
2322,2323,2022121404003285,AKPL,48,33,80,344.00,27520.00
2323,2324,2022121403003399,SWBBL,59,35,10,1170.00,11700.00
2324,2325,2022121403003398,SWBBL,25,35,10,1170.00,11700.00
2325,2326,2022121403003397,KLBSL,37,57,19,785.00,14915.00
2326,2327,2022121404003284,HDHPC,57,6,290,174.20,50518.00
2327,2328,2022121404003283,HDHPC,59,6,60,174.20,10452.00
2328,2329,2022121404003282,HDHPC,33,6,400,174.30,69720.00
2329,2330,2022121401005549,CZBIL,58,58,10,180.90,1809.00
2330,2331,2022121401005548,CCBLPO,5,39,17852,103.00,1838756.00
2331,2332,2022121401005547,GVL,53,58,10,307.00,3070.00
2332,2333,2022121404003281,SICL,5,44,47,760.10,35724.70
2333,2334,2022121401005546,BOKL,22,8,10,204.90,2049.00
2334,2335,2022121401005545,NIB,11,56,42,218.10,9160.20
2335,2336,2022121401005544,NIB,33,56,101,218.10,22028.10
2336,2337,2022121401005543,NIB,5,56,40,218.10,8724.00
2337,2338,2022121401005542,NIB,58,56,80,218.10,17448.00
2338,2339,2022121403003396,NLIC,26,49,20,605.00,12100.00
2339,2340,2022121403003395,NSLB,42,26,17,737.00,12529.00
2340,2341,2022121403003394,HIDCL,22,57,70,166.00,11620.00
2341,2342,2022121402001187,PHCL,42,59,10,270.00,2700.00
2342,2343,2022121404003280,UMHL,10,49,150,225.10,33765.00
2343,2344,2022121404003279,UMHL,56,49,50,225.10,11255.00
2344,2345,2022121402001186,PHCL,42,58,10,270.00,2700.00
2345,2346,2022121404003278,NGPL,56,52,140,207.00,28980.00
2346,2347,2022121402001185,PHCL,42,38,10,270.00,2700.00
2347,2348,2022121403003393,SMFDB,42,48,25,1150.20,28755.00
2348,2349,2022121402001184,PHCL,42,38,10,270.00,2700.00
2349,2350,2022121405000935,SAHAS,44,58,10,447.30,4473.00
2350,2351,2022121404003277,AHPC,47,28,142,266.20,37800.40
2351,2352,2022121404003276,AHPC,45,28,500,266.30,133150.00
2352,2353,2022121404003275,AHPC,17,28,40,266.50,10660.00
2353,2354,2022121404003274,AHPC,43,28,150,267.00,40050.00
2354,2355,2022121404003273,AHPC,17,28,20,267.50,5350.00
2355,2356,2022121404003272,AHPC,45,28,18,268.00,4824.00
2356,2357,2022121402001183,PHCL,42,35,10,270.00,2700.00
2357,2358,2022121404003271,HDHPC,33,38,100,174.30,17430.00
2358,2359,2022121402001182,PHCL,42,58,10,270.00,2700.00
2359,2360,2022121401005541,NESDO,47,47,10,3286.00,32860.00
2360,2361,2022121405000934,JALPA,14,13,10,3325.10,33251.00
2361,2362,2022121402001181,PHCL,42,10,10,270.00,2700.00
2362,2363,2022121403003392,SADBL,D01,38,615,299.10,183946.50
2363,2364,2022121403003391,SADBL,49,38,100,299.10,29910.00
2364,2365,2022121403003390,SADBL,41,38,40,299.10,11964.00
2365,2366,2022121403003389,SADBL,22,38,245,299.20,73304.00
2366,2367,2022121403003388,ICFC,36,41,20,424.00,8480.00
2367,2368,2022121403003387,ICFC,45,41,30,424.00,12720.00
2368,2369,2022121403003386,NUBL,13,47,12,888.00,10656.00
2369,2370,2022121402001180,PHCL,42,49,10,270.00,2700.00
2370,2371,2022121402001179,PHCL,42,57,10,270.00,2700.00
2371,2372,2022121401005540,SGHC,25,45,10,256.00,2560.00
2372,2373,2022121401005539,SGHC,25,54,10,256.00,2560.00
2373,2374,2022121403003385,NIFRA,25,38,24,185.00,4440.00
2374,2375,2022121404003270,NHPC,51,59,500,199.60,99800.00
2375,2376,2022121404003269,NHPC,6,59,200,199.60,39920.00
2376,2377,2022121403003384,NTC,58,45,40,907.00,36280.00
2377,2378,2022121404003268,NGPL,56,59,260,207.00,53820.00
2378,2379,2022121404003267,NGPL,51,59,100,207.00,20700.00
2379,2380,2022121404003266,NGPL,56,59,450,207.00,93150.00
2380,2381,2022121404003265,NGPL,32,59,280,207.10,57988.00
2381,2382,2022121404003264,NGPL,44,59,310,207.20,64232.00
2382,2383,2022121403003383,NICLBSL,51,33,17,713.00,12121.00
2383,2384,2022121401005538,HDL,13,4,20,3818.00,76360.00
2384,2385,2022121404003263,RIDI,57,45,300,480.00,144000.00
2385,2386,2022121404003262,RIDI,36,45,50,480.00,24000.00
2386,2387,2022121405000933,SLI,21,35,10,336.90,3369.00
2387,2388,2022121405000932,SLI,21,58,10,336.00,3360.00
2388,2389,2022121405000931,SLI,21,58,10,336.00,3360.00
2389,2390,2022121405000930,SLI,21,49,10,335.90,3359.00
2390,2391,2022121405000929,SLI,21,35,10,335.00,3350.00
2391,2392,2022121401005537,GBIME,58,8,150,208.00,31200.00
2392,2393,2022121403003382,SAPDBL,36,33,60,220.00,13200.00
2393,2394,2022121403003381,NLICL,33,22,300,503.00,150900.00
2394,2395,2022121403003380,NLICL,33,20,255,502.00,128010.00
2395,2396,2022121405000928,MBJC,57,46,10,215.80,2158.00
2396,2397,2022121403003379,FMDBL,34,36,250,708.00,177000.00
2397,2398,2022121403003378,ALICL,25,34,40,512.00,20480.00
2398,2399,2022121404003261,SHPC,33,7,265,271.00,71815.00
2399,2400,2022121404003260,SHPC,38,7,10,272.00,2720.00
2400,2401,2022121401005536,MHL,45,35,10,310.00,3100.00
2401,2402,2022121404003259,NICSF,54,58,100,7.93,793.00
2402,2403,2022121404003258,NICSF,54,57,500,7.85,3925.00
2403,2404,2022121403003377,FOWAD,58,13,10,2585.50,25855.00
2404,2405,2022121403003376,NMFBS,50,1,20,2005.00,40100.00
2405,2406,2022121401005535,BHL,28,38,10,245.10,2451.00
2406,2407,2022121404003257,AKPL,48,54,20,344.00,6880.00
2407,2408,2022121404003256,AKPL,17,54,30,344.00,10320.00
2408,2409,2022121404003255,AKPL,47,54,950,344.00,326800.00
2409,2410,2022121403003375,FMDBL,34,58,120,709.90,85188.00
2410,2411,2022121403003374,FMDBL,34,33,300,709.00,212700.00
2411,2412,2022121401005534,PCBL,34,21,50,224.00,11200.00
2412,2413,2022121401005533,CCBL,58,36,10,190.50,1905.00
2413,2414,2022121404003254,UMHL,21,53,50,225.90,11295.00
2414,2415,2022121403003373,JFL,49,44,84,370.50,31122.00
2415,2416,2022121403003372,JFL,45,44,106,371.00,39326.00
2416,2417,2022121401005532,HDL,13,53,60,3818.00,229080.00
2417,2418,2022121403003371,CIT,43,45,20,1855.00,37100.00
2418,2419,2022121403003370,MNBBL,22,45,100,418.00,41800.00
2419,2420,2022121403003369,MNBBL,5,45,114,418.10,47663.40
2420,2421,2022121403003368,MNBBL,53,45,50,418.20,20910.00
2421,2422,2022121404003253,RIDI,56,58,258,480.00,123840.00
2422,2423,2022121403003367,NADEP,34,43,10,672.00,6720.00
2423,2424,2022121405000927,MBJC,57,58,10,215.80,2158.00
2424,2425,2022121403003366,NRIC,3,47,15,695.10,10426.50
2425,2426,2022121403003365,NRIC,19,47,86,695.20,59787.20
2426,2427,2022121403003364,HIDCL,22,10,10,166.00,1660.00
2427,2428,2022121404003252,PMHPL,58,56,150,191.00,28650.00
2428,2429,2022121403003363,HIDCL,6,58,200,166.80,33360.00
2429,2430,2022121401005531,SANIMA,57,35,20,224.00,4480.00
2430,2431,2022121401005530,HDL,42,59,23,3820.00,87860.00
2431,2432,2022121401005529,BHL,28,33,550,245.10,134805.00
2432,2433,2022121401005528,BHL,28,33,200,246.10,49220.00
2433,2434,2022121403003362,NRIC,19,44,14,695.20,9732.80
2434,2435,2022121403003361,NRIC,51,44,67,695.20,46578.40
2435,2436,2022121405000926,SLI,21,7,10,335.00,3350.00
2436,2437,2022121405000925,SLI,21,39,10,335.00,3350.00
2437,2438,2022121405000924,SLI,21,32,100,335.00,33500.00
2438,2439,2022121405000923,SLI,21,57,10,335.00,3350.00
2439,2440,2022121405000922,SLI,21,38,10,335.00,3350.00
2440,2441,2022121405000921,SLI,21,45,10,335.00,3350.00
2441,2442,2022121405000920,SLI,21,45,10,335.00,3350.00
2442,2443,2022121405000919,SLI,21,19,10,335.00,3350.00
2443,2444,2022121405000918,SLI,21,57,10,335.00,3350.00
2444,2445,2022121405000917,SLI,21,32,61,334.00,20374.00
2445,2446,2022121401005527,CCBL,8,3,9,190.00,1710.00
2446,2447,2022121401005526,CCBL,42,3,116,190.00,22040.00
2447,2448,2022121404003251,HEI,54,7,500,361.30,180650.00
2448,2449,2022121404003250,NIL,37,44,115,711.00,81765.00
2449,2450,2022121404003249,NIL,18,44,10,711.10,7111.00
2450,2451,2022121405000916,JALPA,45,51,25,3330.00,83250.00
2451,2452,2022121405000915,JALPA,41,51,10,3330.00,33300.00
2452,2453,2022121405000914,JALPA,45,51,25,3335.00,83375.00
2453,2454,2022121401005525,BOKL,35,8,10,204.90,2049.00
2454,2455,2022121403003360,NIFRA,58,38,10,185.00,1850.00
2455,2456,2022121403003359,NIFRA,8,38,20,185.00,3700.00
2456,2457,2022121403003358,GUFL,17,50,10,519.10,5191.00
2457,2458,2022121401005524,NIB,32,25,10,219.50,2195.00
2458,2459,2022121401005523,NIB,32,37,13,219.00,2847.00
2459,2460,2022121401005522,NMB,33,35,210,231.00,48510.00
2460,2461,2022121401005521,NMB,17,35,107,231.10,24727.70
2461,2462,2022121401005520,NMB,33,35,51,231.80,11821.80
2462,2463,2022121401005519,NMB,33,35,50,231.90,11595.00
2463,2464,2022121403003357,FMDBL,34,13,50,708.00,35400.00
2464,2465,2022121404003248,NHPC,36,59,200,199.70,39940.00
2465,2466,2022121404003247,NGPL,44,4,200,207.20,41440.00
2466,2467,2022121401005518,SANIMA,51,49,10,224.00,2240.00
2467,2468,2022121403003356,LBBL,58,10,18,317.00,5706.00
2468,2469,2022121403003355,RSDC,22,11,100,534.00,53400.00
2469,2470,2022121403003354,RSDC,22,38,43,534.00,22962.00
2470,2471,2022121403003353,GBBL,49,21,100,380.00,38000.00
2471,2472,2022121403003352,GBBL,26,21,100,380.00,38000.00
2472,2473,2022121401005517,AVYAN,21,43,10,699.00,6990.00
2473,2474,2022121401005516,SPHL,43,32,10,353.80,3538.00
2474,2475,2022121403003351,CORBL,10,58,10,272.00,2720.00
2475,2476,2022121401005515,ULBSL,26,34,10,3431.00,34310.00
2476,2477,2022121403003350,KLBSL,38,57,31,788.00,24428.00
2477,2478,2022121401005514,NABIL,1,35,24,810.00,19440.00
2478,2479,2022121401005513,NIB,7,52,40,218.90,8756.00
2479,2480,2022121405000913,MBJC,57,38,10,215.80,2158.00
2480,2481,2022121401005512,NABIL,11,35,43,810.00,34830.00
2481,2482,2022121403003349,NLIC,35,35,189,605.00,114345.00
2482,2483,2022121403003348,RMDC,20,59,96,943.10,90537.60
2483,2484,2022121403003347,RMDC,19,59,20,943.20,18864.00
2484,2485,2022121401005511,NIB,58,35,40,218.10,8724.00
2485,2486,2022121403003346,CIT,46,19,10,1853.20,18532.00
2486,2487,2022121405000912,JALPA,44,51,100,3335.10,333510.00
2487,2488,2022121405000911,SLI,21,32,60,334.00,20040.00
2488,2489,2022121405000910,SLI,21,34,10,334.00,3340.00
2489,2490,2022121405000909,SLI,21,57,10,333.00,3330.00
2490,2491,2022121405000908,SLI,21,57,10,333.00,3330.00
2491,2492,2022121405000907,SLI,21,53,10,332.00,3320.00
2492,2493,2022121405000906,SLI,21,49,10,332.00,3320.00
2493,2494,2022121401005510,RFPL,16,16,10,224.70,2247.00
2494,2495,2022121401005509,BNT,19,1,10,12741.00,127410.00
2495,2496,2022121401005508,BNT,28,1,20,12790.00,255800.00
2496,2497,2022121403003345,NTC,19,28,184,908.00,167072.00
2497,2498,2022121401005507,MEGA,1,10,216,193.20,41731.20
2498,2499,2022121403003344,SHINE,54,22,28,328.00,9184.00
2499,2500,2022121403003343,SHINE,22,22,172,328.00,56416.00
2500,2501,2022121401005506,NIB,38,13,100,218.10,21810.00
2501,2502,2022121401005505,NIB,16,13,297,218.10,64775.70
2502,2503,2022121401005504,NIB,1,13,87,218.20,18983.40
2503,2504,2022121401005503,NIB,43,13,1000,218.30,218300.00
2504,2505,2022121401005502,NIB,58,13,200,218.50,43700.00
2505,2506,2022121401005501,NIB,32,13,433,218.50,94610.50
2506,2507,2022121404003246,RIDI,58,58,50,480.00,24000.00
2507,2508,2022121401005500,NABIL,47,35,50,810.00,40500.00
2508,2509,2022121403003342,GBBL,57,21,100,380.10,38010.00
2509,2510,2022121403003341,GBBL,29,21,200,380.10,76020.00
2510,2511,2022121401005499,PRVU,58,26,15,200.90,3013.50
2511,2512,2022121401005498,KBL,34,21,50,184.40,9220.00
2512,2513,2022121401005497,RFPL,16,51,10,224.70,2247.00
2513,2514,2022121404003245,RIDI,32,58,50,480.00,24000.00
2514,2515,2022121401005496,MHL,45,58,270,310.00,83700.00
2515,2516,2022121401005495,MHL,48,58,230,310.00,71300.00
2516,2517,2022121404003244,RIDI,42,58,250,480.00,120000.00
2517,2518,2022121404003243,CHCL,5,32,250,387.00,96750.00
2518,2519,2022121403003340,EDBL,47,42,25,302.20,7555.00
2519,2520,2022121401005494,GBIME,58,8,80,208.00,16640.00
2520,2521,2022121403003339,NIFRA,32,42,10,186.00,1860.00
2521,2522,2022121403003338,LBBL,58,25,42,317.00,13314.00
2522,2523,2022121403003337,LBBL,49,25,35,317.00,11095.00
2523,2524,2022121404003242,HPPL,56,42,10,246.80,2468.00
2524,2525,2022121401005493,NABIL,34,35,30,810.00,24300.00
2525,2526,2022121404003241,RHPL,45,1,10,252.00,2520.00
2526,2527,2022121404003240,RHPL,45,19,90,251.90,22671.00
2527,2528,2022121404003239,RHPL,45,25,20,251.00,5020.00
2528,2529,2022121401005492,SGHC,33,44,2000,254.10,508200.00
2529,2530,2022121404003238,AHPC,37,34,10,269.30,2693.00
2530,2531,2022121401005491,RHGCL,58,58,10,205.00,2050.00
2531,2532,2022121404003237,UPCL,49,58,55,215.00,11825.00
2532,2533,2022121404003236,UPCL,13,58,553,215.00,118895.00
2533,2534,2022121401005490,RFPL,28,10,10,224.60,2246.00
2534,2535,2022121402001178,EHPL,55,58,10,237.60,2376.00
2535,2536,2022121403003336,NTC,58,28,16,908.00,14528.00
2536,2537,2022121404003235,NGPL,34,7,230,208.00,47840.00
2537,2538,2022121404003234,NGPL,34,51,50,208.00,10400.00
2538,2539,2022121401005489,NABIL,8,10,70,809.10,56637.00
2539,2540,2022121401005488,NABIL,45,10,20,809.20,16184.00
2540,2541,2022121401005487,NABIL,1,10,10,809.20,8092.00
2541,2542,2022121403003335,SIFC,49,16,418,301.00,125818.00
2542,2543,2022121403003334,SIFC,49,16,582,301.10,175240.20
2543,2544,2022121403003333,FMDBL,34,20,10,708.00,7080.00
2544,2545,2022121401005486,PCBL,56,6,30,224.20,6726.00
2545,2546,2022121404003233,RIDI,19,58,500,480.00,240000.00
2546,2547,2022121401005485,AVYAN,21,25,10,699.00,6990.00
2547,2548,2022121403003332,SMFDB,42,57,40,1150.20,46008.00
2548,2549,2022121404003232,UPCL,13,40,200,215.00,43000.00
2549,2550,2022121405000905,JBLB,14,17,10,2731.10,27311.00
2550,2551,2022121404003231,SHEL,7,10,10,232.00,2320.00
2551,2552,2022121401005484,AVYAN,21,46,10,699.00,6990.00
2552,2553,2022121401005483,SIKLES,34,56,50,376.00,18800.00
2553,2554,2022121401005482,SIKLES,34,58,50,376.00,18800.00
2554,2555,2022121404003230,SJCL,21,19,20,239.00,4780.00
2555,2556,2022121404003229,PSF,25,6,500,7.62,3810.00
2556,2557,2022121404003228,PSF,1,6,500,7.62,3810.00
2557,2558,2022121401005481,SGHC,33,44,500,254.10,127050.00
2558,2559,2022121404003227,NHPC,36,4,200,199.70,39940.00
2559,2560,2022121404003226,STC,33,58,48,3600.00,172800.00
2560,2561,2022121405000904,MBJC,57,8,10,215.80,2158.00
2561,2562,2022121401005480,EBL,6,26,25,438.70,10967.50
2562,2563,2022121401005479,SANIMA,58,38,35,224.00,7840.00
2563,2564,2022121401005478,SANIMA,58,38,10,224.00,2240.00
2564,2565,2022121404003225,AKPL,47,45,25,344.00,8600.00
2565,2566,2022121404003224,SJCL,29,11,47,240.00,11280.00
2566,2567,2022121404003223,MHNL,8,21,200,248.00,49600.00
2567,2568,2022121404003222,MHNL,25,21,50,248.00,12400.00
2568,2569,2022121404003221,MHNL,46,21,50,248.00,12400.00
2569,2570,2022121405000903,MBJC,57,50,95,215.80,20501.00
2570,2571,2022121401005477,SHIVM,22,33,10,546.00,5460.00
2571,2572,2022121403003331,CLBSL,33,4,27,754.60,20374.20
2572,2573,2022121401005476,GVL,53,49,10,307.00,3070.00
2573,2574,2022121401005475,NICA,47,8,100,678.90,67890.00
2574,2575,2022121403003330,PFL,6,10,19,328.60,6243.40
2575,2576,2022121403003329,PFL,35,10,89,329.00,29281.00
2576,2577,2022121404003220,RHPL,19,28,40,248.20,9928.00
2577,2578,2022121404003219,RIDI,47,58,10,480.00,4800.00
2578,2579,2022121401005474,NESDO,43,39,50,3283.10,164155.00
2579,2580,2022121401005473,NESDO,7,39,25,3283.20,82080.00
2580,2581,2022121401005472,NESDO,29,39,100,3283.40,328340.00
2581,2582,2022121401005471,NMB,33,34,100,231.90,23190.00
2582,2583,2022121403003328,NMFBS,21,3,54,2005.00,108270.00
2583,2584,2022121401005470,KBL,45,14,10,184.30,1843.00
2584,2585,2022121404003218,RHPL,56,41,30,248.30,7449.00
2585,2586,2022121401005469,GBIME,22,21,13,207.90,2702.70
2586,2587,2022121401005468,GBIME,25,21,50,207.90,10395.00
2587,2588,2022121401005467,GBIME,17,21,137,207.90,28482.30
2588,2589,2022121404003217,MHNL,5,21,200,248.10,49620.00
2589,2590,2022121401005466,NABIL,55,35,16,810.00,12960.00
2590,2591,2022121401005465,RFPL,28,52,10,224.60,2246.00
2591,2592,2022121401005464,SBID83,29,57,25,900.00,22500.00
2592,2593,2022121401005463,MEGA,28,58,51,193.20,9853.20
2593,2594,2022121404003216,STC,33,58,152,3600.00,547200.00
2594,2595,2022121403003327,NMFBS,21,4,21,2005.00,42105.00
2595,2596,2022121404003215,NGPL,44,5,100,207.20,20720.00
2596,2597,2022121404003214,SPDL,42,42,6,257.10,1542.60
2597,2598,2022121403003326,SABSL,22,33,18,902.10,16237.80
2598,2599,2022121401005462,CZBIL,6,58,50,180.90,9045.00
2599,2600,2022121404003213,GHL,3,33,100,193.00,19300.00
2600,2601,2022121403003325,CLBSL,33,6,20,754.60,15092.00
2601,2602,2022121401005461,HDL,13,4,20,3818.00,76360.00
2602,2603,2022121403003324,LICN,25,26,10,1419.90,14199.00
2603,2604,2022121404003212,NHPC,36,58,100,199.70,19970.00
2604,2605,2022121404003211,SSHL,32,10,450,169.00,76050.00
2605,2606,2022121404003210,SSHL,4,10,500,169.00,84500.00
2606,2607,2022121404003209,SSHL,58,10,100,169.00,16900.00
2607,2608,2022121404003208,LEC,4,47,10,221.00,2210.00
2608,2609,2022121404003207,LEC,4,38,30,220.90,6627.00
2609,2610,2022121403003323,ILBS,4,45,71,858.00,60918.00
2610,2611,2022121403003322,ILBS,59,45,10,859.00,8590.00
2611,2612,2022121401005460,GBIME,17,10,55,207.90,11434.50
2612,2613,2022121405000902,SLI,26,49,10,331.60,3316.00
2613,2614,2022121404003206,PRIN,7,33,10,406.00,4060.00
2614,2615,2022121404003205,PRIN,38,33,20,406.00,8120.00
2615,2616,2022121401005459,SHIVM,38,49,15,545.00,8175.00
2616,2617,2022121401005458,SHIVM,22,49,50,545.00,27250.00
2617,2618,2022121401005457,SHIVM,35,49,20,545.00,10900.00
2618,2619,2022121401005456,SHIVM,32,49,10,545.00,5450.00
2619,2620,2022121401005455,SHIVM,42,49,10,545.00,5450.00
2620,2621,2022121401005454,SHIVM,32,49,71,545.00,38695.00
2621,2622,2022121405000901,SLI,26,34,10,331.60,3316.00
2622,2623,2022121404003204,AKPL,47,26,25,344.00,8600.00
2623,2624,2022121404003203,AKPL,57,26,25,344.00,8600.00
2624,2625,2022121401005453,BHDC,14,34,10,348.00,3480.00
2625,2626,2022121402001177,PHCL,34,16,10,270.00,2700.00
2626,2627,2022121404003202,MEN,6,28,15,718.10,10771.50
2627,2628,2022121404003201,MEN,56,28,10,719.00,7190.00
2628,2629,2022121401005452,AVYAN,21,45,10,699.00,6990.00
2629,2630,2022121403003321,CLBSL,33,59,49,754.60,36975.40
2630,2631,2022121404003200,HDHPC,59,42,940,174.20,163748.00
2631,2632,2022121404003199,HDHPC,49,42,1000,174.20,174200.00
2632,2633,2022121404003198,HDHPC,58,42,25,175.00,4375.00
2633,2634,2022121404003197,HDHPC,51,42,35,175.00,6125.00
2634,2635,2022121401005451,CBL,58,50,200,214.50,42900.00
2635,2636,2022121404003196,SJCL,29,34,40,239.00,9560.00
2636,2637,2022121403003320,GRDBL,33,45,61,227.30,13865.30
2637,2638,2022121403003319,GRDBL,48,45,101,227.40,22967.40
2638,2639,2022121403003318,GRDBL,22,45,18,228.00,4104.00
2639,2640,2022121404003195,RHPL,19,55,100,248.20,24820.00
2640,2641,2022121403003317,SADBL,14,13,10,300.20,3002.00
2641,2642,2022121403003316,NRIC,14,33,250,695.00,173750.00
2642,2643,2022121403003315,NRIC,21,33,200,695.10,139020.00
2643,2644,2022121403003314,NRIC,34,33,50,695.10,34755.00
2644,2645,2022121401005450,BHL,28,14,10,246.30,2463.00
2645,2646,2022121401005449,SANIMA,58,44,110,224.80,24728.00
2646,2647,2022121404003194,AKPL,57,34,361,344.00,124184.00
2647,2648,2022121403003313,DDBL,56,56,10,1032.50,10325.00
2648,2649,2022121401005448,GBIME,17,35,100,207.90,20790.00
2649,2650,2022121403003312,ILBS,42,45,20,860.00,17200.00
2650,2651,2022121405000900,JBLB,14,13,10,2731.10,27311.00
2651,2652,2022121404003193,BPCL,36,10,200,304.00,60800.00
2652,2653,2022121404003192,BPCL,56,10,20,304.00,6080.00
2653,2654,2022121403003311,FMDBL,34,38,50,708.00,35400.00
2654,2655,2022121403003310,MDB,59,47,10,385.00,3850.00
2655,2656,2022121403003309,SHINE,22,53,328,328.00,107584.00
2656,2657,2022121403003308,SHINE,45,53,200,328.10,65620.00
2657,2658,2022121403003307,SHINE,32,53,1000,328.20,328200.00
2658,2659,2022121403003306,SHINE,59,53,472,328.30,154957.60
2659,2660,2022121401005447,SGHC,33,28,10,254.10,2541.00
2660,2661,2022121401005446,SPHL,43,22,10,353.80,3538.00
2661,2662,2022121403003305,GBBL,58,53,24,381.00,9144.00
2662,2663,2022121403003304,GBBL,29,53,150,381.00,57150.00
2663,2664,2022121403003303,GBBL,51,53,18,381.00,6858.00
2664,2665,2022121401005445,MHL,48,59,10,310.00,3100.00
2665,2666,2022121401005444,SBL,55,13,150,310.10,46515.00
2666,2667,2022121401005443,PCBL,56,11,50,224.20,11210.00
2667,2668,2022121404003191,STC,33,58,48,3600.00,172800.00
2668,2669,2022121402001176,EHPL,55,49,10,237.60,2376.00
2669,2670,2022121403003302,CIT,28,45,10,1855.00,18550.00
2670,2671,2022121403003301,CIT,38,45,10,1855.10,18551.00
2671,2672,2022121403003300,CIT,34,45,12,1855.40,22264.80
2672,2673,2022121405000899,SAHAS,44,50,10,447.30,4473.00
2673,2674,2022121401005442,HDL,56,32,10,3820.00,38200.00
2674,2675,2022121404003190,UMHL,56,34,300,225.10,67530.00
2675,2676,2022121404003189,UMHL,6,34,200,225.20,45040.00
2676,2677,2022121403003299,NTC,58,45,10,908.00,9080.00
2677,2678,2022121404003188,RHPL,56,44,215,249.00,53535.00
2678,2679,2022121405000898,MBJC,57,11,10,215.80,2158.00
2679,2680,2022121401005441,SIKLES,47,56,165,377.00,62205.00
2680,2681,2022121404003187,PPCL,6,1,400,284.00,113600.00
2681,2682,2022121401005440,SANIMA,25,22,46,224.00,10304.00
2682,2683,2022121401005439,SANIMA,19,22,130,224.00,29120.00
2683,2684,2022121401005438,SANIMA,51,22,10,224.10,2241.00
2684,2685,2022121401005437,SANIMA,19,22,12,224.50,2694.00
2685,2686,2022121401005436,NABIL,55,58,110,810.00,89100.00
2686,2687,2022121401005435,NABIL,55,25,100,810.00,81000.00
2687,2688,2022121401005434,NABIL,55,45,74,810.00,59940.00
2688,2689,2022121401005433,NABIL,57,45,100,810.00,81000.00
2689,2690,2022121405000897,MBJC,57,14,10,215.80,2158.00
2690,2691,2022121401005432,NABIL,47,45,15,810.00,12150.00
2691,2692,2022121404003186,TRH,35,1,140,343.90,48146.00
2692,2693,2022121404003185,RHPL,19,59,30,248.20,7446.00
2693,2694,2022121404003184,RHPL,19,59,20,248.30,4966.00
2694,2695,2022121404003183,UPPER,39,41,29,389.00,11281.00
2695,2696,2022121404003182,RIDI,1,58,50,480.00,24000.00
2696,2697,2022121404003181,RIDI,34,58,1500,480.00,720000.00
2697,2698,2022121404003180,RIDI,54,58,10,480.00,4800.00
2698,2699,2022121404003179,RIDI,4,58,50,480.00,24000.00
2699,2700,2022121404003178,RIDI,57,58,50,480.00,24000.00
2700,2701,2022121404003177,RIDI,57,58,100,480.00,48000.00
2701,2702,2022121404003176,RIDI,36,58,100,480.00,48000.00
2702,2703,2022121404003175,RIDI,38,58,10,480.00,4800.00
2703,2704,2022121404003174,RIDI,53,58,25,480.00,12000.00
2704,2705,2022121404003173,RIDI,41,58,20,480.00,9600.00
2705,2706,2022121404003172,RIDI,57,58,100,480.00,48000.00
2706,2707,2022121404003171,RIDI,13,58,500,480.00,240000.00
2707,2708,2022121404003170,RIDI,57,58,20,480.00,9600.00
2708,2709,2022121404003169,RIDI,42,58,15,480.00,7200.00
2709,2710,2022121404003168,RIDI,50,58,23,480.00,11040.00
2710,2711,2022121404003167,RIDI,58,58,210,480.00,100800.00
2711,2712,2022121404003166,RIDI,57,58,100,480.00,48000.00
2712,2713,2022121404003165,RIDI,58,58,65,480.00,31200.00
2713,2714,2022121404003164,RIDI,57,58,500,480.00,240000.00
2714,2715,2022121404003163,RIDI,34,58,500,480.00,240000.00
2715,2716,2022121404003162,RIDI,11,58,500,480.00,240000.00
2716,2717,2022121404003161,RIDI,47,58,400,480.00,192000.00
2717,2718,2022121404003160,RIDI,57,58,100,480.00,48000.00
2718,2719,2022121404003159,RIDI,57,58,100,480.00,48000.00
2719,2720,2022121404003158,RIDI,41,58,200,480.00,96000.00
2720,2721,2022121404003157,RIDI,21,58,30,480.00,14400.00
2721,2722,2022121404003156,RIDI,58,58,10,480.00,4800.00
2722,2723,2022121404003155,RIDI,58,58,416,480.00,199680.00
2723,2724,2022121404003154,RIDI,25,58,43,480.00,20640.00
2724,2725,2022121404003153,RIDI,58,58,50,480.00,24000.00
2725,2726,2022121404003152,RIDI,1,58,100,480.00,48000.00
2726,2727,2022121404003151,RIDI,58,58,5000,480.10,2400500.00
2727,2728,2022121404003150,RIDI,54,58,50,480.20,24010.00
2728,2729,2022121404003149,RIDI,38,58,20,480.20,9604.00
2729,2730,2022121404003148,RIDI,19,58,100,480.20,48020.00
2730,2731,2022121404003147,RIDI,35,58,500,480.20,240100.00
2731,2732,2022121404003146,RIDI,37,58,500,480.20,240100.00
2732,2733,2022121404003145,RIDI,16,58,250,480.30,120075.00
2733,2734,2022121404003144,RIDI,22,58,20,480.50,9610.00
2734,2735,2022121404003143,RIDI,17,58,25,480.50,12012.50
2735,2736,2022121404003142,RIDI,55,58,200,481.00,96200.00
2736,2737,2022121404003141,RIDI,56,58,1000,481.00,481000.00
2737,2738,2022121404003140,RIDI,38,58,200,481.00,96200.00
2738,2739,2022121404003139,RIDI,56,58,500,482.00,241000.00
2739,2740,2022121404003138,RIDI,41,58,20,482.00,9640.00
2740,2741,2022121404003137,RIDI,58,58,50,482.00,24100.00
2741,2742,2022121404003136,RIDI,42,58,200,483.00,96600.00
2742,2743,2022121404003135,RIDI,55,58,100,483.00,48300.00
2743,2744,2022121404003134,RIDI,43,58,100,483.00,48300.00
2744,2745,2022121404003133,RIDI,41,58,20,483.00,9660.00
2745,2746,2022121404003132,RIDI,1,58,100,483.00,48300.00
2746,2747,2022121404003131,RIDI,38,58,15,483.00,7245.00
2747,2748,2022121404003130,RIDI,56,58,50,483.10,24155.00
2748,2749,2022121404003129,RIDI,49,58,20,483.10,9662.00
2749,2750,2022121404003128,RIDI,35,58,25,483.50,12087.50
2750,2751,2022121404003127,RIDI,45,58,20,483.60,9672.00
2751,2752,2022121404003126,RIDI,56,58,50,483.60,24180.00
2752,2753,2022121404003125,RIDI,33,58,800,483.60,386880.00
2753,2754,2022121401005431,KBL,45,49,142,184.30,26170.60
2754,2755,2022121401005430,NMB,33,6,100,231.90,23190.00
2755,2756,2022121403003298,CIT,34,35,13,1855.40,24120.20
2756,2757,2022121403003297,CIT,32,35,10,1855.50,18555.00
2757,2758,2022121403003296,ALICL,45,1,10,512.90,5129.00
2758,2759,2022121401005429,NICFC,29,41,100,7.73,773.00
2759,2760,2022121404003124,UMRH,11,57,150,413.00,61950.00
2760,2761,2022121401005428,GBIME,45,8,10,208.00,2080.00
2761,2762,2022121404003123,STC,33,55,10,3600.00,36000.00
2762,2763,2022121404003122,UPCL,5,36,190,215.10,40869.00
2763,2764,2022121404003121,NHDL,34,8,300,316.00,94800.00
2764,2765,2022121404003120,NHDL,34,8,126,316.00,39816.00
2765,2766,2022121401005427,GVL,53,28,965,307.00,296255.00
2766,2767,2022121401005426,GVL,56,28,535,307.10,164298.50
2767,2768,2022121404003119,AIL,4,16,10,372.20,3722.00
2768,2769,2022121401005425,USHEC,10,42,10,249.30,2493.00
2769,2770,2022121403003295,CLBSL,18,59,100,755.00,75500.00
2770,2771,2022121404003118,AHPC,45,22,18,268.00,4824.00
2771,2772,2022121404003117,SHPC,33,54,399,273.90,109286.10
2772,2773,2022121401005424,SBL,55,36,186,310.10,57678.60
2773,2774,2022121401005423,SBL,57,36,100,310.60,31060.00
2774,2775,2022121401005422,SBL,58,36,17,311.00,5287.00
2775,2776,2022121401005421,NABIL,56,45,50,810.00,40500.00
2776,2777,2022121404003116,GLH,14,38,10,235.00,2350.00
2777,2778,2022121401005420,SIKLES,34,45,960,378.00,362880.00
2778,2779,2022121401005419,MEGA,28,6,46,193.20,8887.20
2779,2780,2022121401005418,RFPL,28,58,10,224.60,2246.00
2780,2781,2022121403003294,ALICL,32,1,10,512.90,5129.00
2781,2782,2022121404003115,SSHL,44,10,1000,170.00,170000.00
2782,2783,2022121404003114,API,29,22,780,209.00,163020.00
2783,2784,2022121404003113,API,36,22,200,209.50,41900.00
2784,2785,2022121404003112,API,51,22,20,209.50,4190.00
2785,2786,2022121405000896,JALPA,29,54,100,3349.00,334900.00
2786,2787,2022121404003111,RHPL,19,5,10,248.30,2483.00
2787,2788,2022121401005417,PPL,28,34,10,201.00,2010.00
2788,2789,2022121403003293,BFC,26,49,154,306.00,47124.00
2789,2790,2022121403003292,BFC,53,49,50,306.00,15300.00
2790,2791,2022121401005416,PCBL,35,19,96,224.20,21523.20
2791,2792,2022121405000895,MKJC,17,28,500,401.00,200500.00
2792,2793,2022121405000894,MKJC,58,28,300,402.10,120630.00
2793,2794,2022121405000893,MKJC,39,28,1000,402.20,402200.00
2794,2795,2022121401005415,SHIVM,32,22,129,545.00,70305.00
2795,2796,2022121401005414,SHIVM,17,22,71,545.00,38695.00
2796,2797,2022121404003110,STC,33,58,142,3600.00,511200.00
2797,2798,2022121401005413,SHIVM,48,33,10,546.00,5460.00
2798,2799,2022121401005412,SHIVM,48,57,100,546.00,54600.00
2799,2800,2022121401005411,SHIVM,48,49,15,546.00,8190.00
2800,2801,2022121403003291,NIFRA,51,46,64,184.90,11833.60
2801,2802,2022121401005410,AVYAN,21,22,40,699.00,27960.00
2802,2803,2022121401005409,PPL,58,8,10,200.30,2003.00
2803,2804,2022121401005408,GBIME,42,8,200,208.00,41600.00
2804,2805,2022121405000892,JBLB,4,58,23,2733.00,62859.00
2805,2806,2022121403003290,SHINE,59,21,28,328.30,9192.40
2806,2807,2022121404003109,SICL,55,42,25,761.00,19025.00
2807,2808,2022121404003108,SHL,46,32,300,221.00,66300.00
2808,2809,2022121401005407,MEGA,25,6,20,193.30,3866.00
2809,2810,2022121401005406,MEGA,34,6,24,193.30,4639.20
2810,2811,2022121401005405,PPL,58,1,20,200.40,4008.00
2811,2812,2022121401005404,GVL,13,58,10,308.20,3082.00
2812,2813,2022121405000891,SAHAS,44,38,10,447.30,4473.00
2813,2814,2022121401005403,HDL,25,58,40,3820.00,152800.00
2814,2815,2022121404003107,RHPL,19,5,70,248.20,17374.00
2815,2816,2022121404003106,RHPL,56,34,70,249.00,17430.00
2816,2817,2022121401005402,CZBIL,21,22,23,180.00,4140.00
2817,2818,2022121402001175,EHPL,55,58,10,237.60,2376.00
2818,2819,2022121401005401,SHIVM,17,45,30,545.00,16350.00
2819,2820,2022121403003289,MFIL,58,14,20,418.00,8360.00
2820,2821,2022121401005400,PPL,58,58,10,200.40,2004.00
2821,2822,2022121401005399,AVYAN,21,52,10,699.00,6990.00
2822,2823,2022121404003105,GLH,14,46,10,235.00,2350.00
2823,2824,2022121401005398,SIKLES,34,49,10,378.00,3780.00
2824,2825,2022121403003288,SHINE,19,41,100,329.00,32900.00
2825,2826,2022121403003287,MLBSL,1,7,10,3991.10,39911.00
2826,2827,2022121403003286,MLBSL,38,7,10,3992.00,39920.00
2827,2828,2022121404003104,AKPL,57,11,30,344.00,10320.00
2828,2829,2022121404003103,IGI,55,58,800,358.00,286400.00
2829,2830,2022121404003102,IGI,58,58,100,358.00,35800.00
2830,2831,2022121404003101,IGI,45,58,500,358.00,179000.00
2831,2832,2022121404003100,IGI,26,58,100,358.00,35800.00
2832,2833,2022121404003099,IGI,25,58,1000,359.00,359000.00
2833,2834,2022121404003098,IGI,7,58,40,359.00,14360.00
2834,2835,2022121401005397,NCCB,14,26,1000,182.00,182000.00
2835,2836,2022121403003285,NIFRA,32,42,10,186.00,1860.00
2836,2837,2022121403003284,SMFDB,43,41,10,1150.10,11501.00
2837,2838,2022121403003283,FMDBL,34,57,101,708.00,71508.00
2838,2839,2022121404003097,AIL,45,7,10,372.30,3723.00
2839,2840,2022121401005396,SGHC,33,43,10,254.10,2541.00
2840,2841,2022121403003282,GBBL,56,53,13,382.00,4966.00
2841,2842,2022121403003281,GBBL,7,53,10,382.00,3820.00
2842,2843,2022121403003280,GBBL,41,53,100,382.00,38200.00
2843,2844,2022121403003279,GBBL,7,53,10,382.00,3820.00
2844,2845,2022121404003096,CHL,42,22,168,205.30,34490.40
2845,2846,2022121401005395,HDL,55,58,25,3819.00,95475.00
2846,2847,2022121401005394,HDL,4,58,10,3819.00,38190.00
2847,2848,2022121403003278,SHINE,52,21,50,328.50,16425.00
2848,2849,2022121402001174,PHCL,36,6,10,270.00,2700.00
2849,2850,2022121401005393,NBL,49,25,100,276.10,27610.00
2850,2851,2022121402001173,PHCL,36,39,10,270.00,2700.00
2851,2852,2022121401005392,SIKLES,45,42,50,379.00,18950.00
2852,2853,2022121403003277,KLBSL,34,57,50,788.00,39400.00
2853,2854,2022121402001172,PHCL,36,44,10,270.00,2700.00
2854,2855,2022121402001171,PHCL,36,59,10,270.00,2700.00
2855,2856,2022121401005391,NMB,33,13,175,231.90,40582.50
2856,2857,2022121401005390,NMB,33,39,50,231.90,11595.00
2857,2858,2022121401005389,SIKLES,34,18,500,378.00,189000.00
2858,2859,2022121402001170,PHCL,36,6,10,270.00,2700.00
2859,2860,2022121401005388,CBL,58,6,200,214.50,42900.00
2860,2861,2022121404003095,IGI,19,58,300,360.00,108000.00
2861,2862,2022121404003094,IGI,8,58,100,360.00,36000.00
2862,2863,2022121404003093,IGI,25,58,100,360.00,36000.00
2863,2864,2022121404003092,IGI,25,58,100,360.00,36000.00
2864,2865,2022121404003091,IGI,38,58,50,360.00,18000.00
2865,2866,2022121404003090,IGI,58,58,1000,360.20,360200.00
2866,2867,2022121404003089,IGI,26,58,200,360.20,72040.00
2867,2868,2022121404003088,IGI,26,58,97,360.20,34939.40
2868,2869,2022121404003087,IGI,38,58,100,360.30,36030.00
2869,2870,2022121404003086,IGI,56,58,50,361.00,18050.00
2870,2871,2022121404003085,IGI,44,58,500,361.00,180500.00
2871,2872,2022121404003084,IGI,49,58,500,361.20,180600.00
2872,2873,2022121404003083,IGI,33,58,50,361.40,18070.00
2873,2874,2022121404003082,IGI,48,58,1000,361.50,361500.00
2874,2875,2022121402001169,PHCL,36,48,10,270.00,2700.00
2875,2876,2022121403003276,JBBL,38,51,100,279.00,27900.00
2876,2877,2022121403003275,NIFRA,47,38,20,185.00,3700.00
2877,2878,2022121404003081,RBCL,16,58,16,12505.00,200080.00
2878,2879,2022121404003080,RBCL,25,58,10,12510.00,125100.00
2879,2880,2022121404003079,RBCL,16,58,20,12511.00,250220.00
2880,2881,2022121404003078,RBCL,16,58,20,12512.00,250240.00
2881,2882,2022121404003077,RBCL,16,58,20,12512.00,250240.00
2882,2883,2022121404003076,RBCL,16,58,20,12512.00,250240.00
2883,2884,2022121404003075,RBCL,54,58,14,12513.00,175182.00
2884,2885,2022121401005387,NIB,32,52,300,218.50,65550.00
2885,2886,2022121404003074,IGI,40,17,19,362.00,6878.00
2886,2887,2022121404003073,BPCL,25,41,100,305.00,30500.00
2887,2888,2022121404003072,BPCL,41,41,46,305.00,14030.00
2888,2889,2022121404003071,BPCL,49,41,10,305.00,3050.00
2889,2890,2022121404003070,BPCL,13,41,72,305.00,21960.00
2890,2891,2022121404003069,IGI,16,17,100,361.60,36160.00
2891,2892,2022121403003274,NUBL,13,18,35,888.00,31080.00
2892,2893,2022121404003068,RIDI,33,38,200,483.60,96720.00
2893,2894,2022121404003067,RIDI,45,38,200,483.70,96740.00
2894,2895,2022121404003066,RIDI,57,38,200,483.80,96760.00
2895,2896,2022121403003273,CHDC,50,44,100,653.00,65300.00
2896,2897,2022121404003065,HPPL,42,22,190,243.40,46246.00
2897,2898,2022121404003064,HPPL,52,22,200,243.50,48700.00
2898,2899,2022121404003063,HPPL,22,22,100,243.70,24370.00
2899,2900,2022121404003062,HPPL,56,22,200,244.10,48820.00
2900,2901,2022121404003061,HPPL,22,22,50,244.10,12205.00
2901,2902,2022121404003060,HPPL,56,22,100,245.00,24500.00
2902,2903,2022121404003059,HPPL,56,22,150,245.00,36750.00
2903,2904,2022121403003272,NMFBS,21,22,25,2005.00,50125.00
2904,2905,2022121403003271,NMFBS,19,22,20,2005.00,40100.00
2905,2906,2022121403003270,NMFBS,36,22,25,2005.50,50137.50
2906,2907,2022121403003269,SMFBS,38,38,1,1381.00,1381.00
2907,2908,2022121404003058,RHPL,19,43,80,248.00,19840.00
2908,2909,2022121405000890,JALPA,59,46,30,3340.00,100200.00
2909,2910,2022121403003268,JFL,16,55,10,375.00,3750.00
2910,2911,2022121405000889,SAHAS,44,5,10,447.30,4473.00
2911,2912,2022121404003057,RHPL,19,55,100,248.00,24800.00
2912,2913,2022121401005386,SHIVM,22,49,100,546.00,54600.00
2913,2914,2022121401005385,SHIVM,28,49,685,546.00,374010.00
2914,2915,2022121401005384,MEGA,34,35,50,193.30,9665.00
2915,2916,2022121401005383,MHL,48,44,50,310.00,15500.00
2916,2917,2022121404003056,SHL,46,19,100,221.00,22100.00
2917,2918,2022121403003267,ALICL,57,34,25,510.00,12750.00
2918,2919,2022121403003266,ALICL,54,34,50,510.10,25505.00
2919,2920,2022121403003265,ALICL,58,34,12,511.00,6132.00
2920,2921,2022121403003264,NTC,58,53,10,908.00,9080.00
2921,2922,2022121404003055,AKPL,57,34,84,344.00,28896.00
2922,2923,2022121404003054,AKPL,13,34,10,344.00,3440.00
2923,2924,2022121404003053,AKPL,43,34,53,344.00,18232.00
2924,2925,2022121404003052,AKPL,58,34,30,344.00,10320.00
2925,2926,2022121404003051,AKPL,16,34,323,344.10,111144.30
2926,2927,2022121404003050,NGPL,44,22,390,207.20,80808.00
2927,2928,2022121404003049,NGPL,58,22,100,207.30,20730.00
2928,2929,2022121404003048,NGPL,58,22,10,207.40,2074.00
2929,2930,2022121404003047,NGPL,58,58,10,208.00,2080.00
2930,2931,2022121404003046,STC,33,58,58,3600.00,208800.00
2931,2932,2022121403003263,HIDCL,6,17,112,166.80,18681.60
2932,2933,2022121403003262,HIDCL,6,20,18,166.80,3002.40
2933,2934,2022121401005382,NICA,52,33,10,680.00,6800.00
2934,2935,2022121404003045,IGI,42,17,81,362.00,29322.00
2935,2936,2022121401005381,BHL,28,38,10,246.30,2463.00
2936,2937,2022121401005380,GBIME,17,57,157,207.90,32640.30
2937,2938,2022121402001168,PHCL,36,22,10,270.00,2700.00
2938,2939,2022121401005379,NIB,43,37,487,219.00,106653.00
2939,2940,2022121401005378,NIB,43,39,13,218.70,2843.10
2940,2941,2022121403003261,ICFC,45,43,70,424.00,29680.00
2941,2942,2022121404003044,RHPL,19,55,220,247.00,54340.00
2942,2943,2022121404003043,RHPL,57,55,80,247.00,19760.00
2943,2944,2022121401005377,SHIVM,28,50,15,546.00,8190.00
2944,2945,2022121405000888,MBJC,57,43,10,215.80,2158.00
2945,2946,2022121403003260,MFIL,42,58,50,417.00,20850.00
2946,2947,2022121403003259,GBLBS,34,21,100,588.00,58800.00
2947,2948,2022121404003042,SSHL,51,10,1000,170.00,170000.00
2948,2949,2022121404003041,SSHL,48,10,350,170.00,59500.00
2949,2950,2022121405000887,NYADI,34,22,20,271.40,5428.00
2950,2951,2022121405000886,NYADI,40,22,30,271.50,8145.00
2951,2952,2022121405000885,NYADI,40,22,20,271.50,5430.00
2952,2953,2022121405000884,NYADI,33,22,20,271.60,5432.00
2953,2954,2022121404003040,NHPC,42,58,28,200.00,5600.00
2954,2955,2022121403003258,NFS,48,5,140,255.00,35700.00
2955,2956,2022121403003257,NFS,48,58,10,255.00,2550.00
2956,2957,2022121401005376,SIKLES,34,58,10,378.00,3780.00
2957,2958,2022121403003256,NTC,58,53,10,908.00,9080.00
2958,2959,2022121401005375,HDL,55,59,45,3820.00,171900.00
2959,2960,2022121403003255,EDBL,55,19,100,302.40,30240.00
2960,2961,2022121403003254,EDBL,49,19,200,302.40,60480.00
2961,2962,2022121403003253,EDBL,47,19,200,302.50,60500.00
2962,2963,2022121403003252,NFS,48,42,388,254.10,98590.80
2963,2964,2022121403003251,NFS,56,42,12,254.40,3052.80
2964,2965,2022121403003250,NFS,6,42,100,254.40,25440.00
2965,2966,2022121401005374,NICA,49,49,17,679.00,11543.00
2966,2967,2022121404003039,SFMF,35,14,490,9.00,4410.00
2967,2968,2022121401005373,USHEC,10,5,10,249.30,2493.00
2968,2969,2022121404003038,RIDI,45,45,187,484.00,90508.00
2969,2970,2022121403003249,EDBL,47,19,300,302.50,90750.00
2970,2971,2022121403003248,EDBL,41,19,200,303.00,60600.00
2971,2972,2022121404003037,RIDI,38,52,20,485.00,9700.00
2972,2973,2022121404003036,SHPC,37,34,10,273.90,2739.00
2973,2974,2022121403003247,SHINE,58,41,30,329.10,9873.00
2974,2975,2022121403003246,SHINE,32,41,20,329.10,6582.00
2975,2976,2022121403003245,SHINE,14,33,37,330.00,12210.00
2976,2977,2022121403003244,SHINE,14,17,63,329.90,20783.70
2977,2978,2022121401005372,RFPL,28,22,150,224.60,33690.00
2978,2979,2022121401005371,RFPL,39,22,60,225.10,13506.00
2979,2980,2022121401005370,RFPL,21,22,460,225.20,103592.00
2980,2981,2022121404003035,STC,33,58,42,3600.00,151200.00
2981,2982,2022121405000883,MBJC,14,11,30,220.00,6600.00
2982,2983,2022121405000882,MBJC,14,35,100,220.00,22000.00
2983,2984,2022121405000881,MBJC,14,46,50,220.00,11000.00
2984,2985,2022121405000880,MBJC,14,42,20,219.90,4398.00
2985,2986,2022121405000879,MBJC,14,53,10,219.80,2198.00
2986,2987,2022121405000878,MBJC,14,42,20,219.80,4396.00
2987,2988,2022121405000877,MBJC,14,47,10,219.00,2190.00
2988,2989,2022121405000876,MBJC,14,29,100,219.00,21900.00
2989,2990,2022121405000875,MBJC,14,32,240,218.00,52320.00
2990,2991,2022121405000874,MBJC,14,55,10,216.00,2160.00
2991,2992,2022121403003243,CORBL,40,14,10,277.00,2770.00
2992,2993,2022121403003242,CORBL,40,11,10,273.00,2730.00
2993,2994,2022121403003241,KSBBL,57,58,20,305.50,6110.00
2994,2995,2022121405000873,MBJC,35,46,10,215.70,2157.00
2995,2996,2022121404003034,GHL,11,57,1000,192.70,192700.00
2996,2997,2022121403003240,BFC,58,57,100,306.10,30610.00
2997,2998,2022121403003239,NLIC,38,34,10,607.90,6079.00
2998,2999,2022121401005369,SHIVM,58,44,10,546.50,5465.00
2999,3000,2022121404003033,RHPL,54,49,600,249.00,149400.00
3000,3001,2022121403003238,NTC,39,53,20,908.10,18162.00
3001,3002,2022121404003032,MHNL,57,52,500,249.00,124500.00
3002,3003,2022121404003031,MHNL,54,52,71,250.00,17750.00
3003,3004,2022121403003237,HIDCL,6,49,59,166.00,9794.00
3004,3005,2022121404003030,AHPC,45,37,10,268.00,2680.00
3005,3006,2022121403003236,SHINE,22,21,118,329.20,38845.60
3006,3007,2022121401005368,MEGA,34,54,426,193.30,82345.80
3007,3008,2022121401005367,MEGA,28,54,300,193.30,57990.00
3008,3009,2022121401005366,MEGA,13,54,100,193.30,19330.00
3009,3010,2022121401005365,MEGA,51,54,61,193.30,11791.30
3010,3011,2022121401005364,MEGA,25,54,50,193.40,9670.00
3011,3012,2022121401005363,MEGA,52,54,330,193.50,63855.00
3012,3013,2022121402001167,EHPL,55,58,10,237.60,2376.00
3013,3014,2022121403003235,CIT,54,45,10,1856.00,18560.00
3014,3015,2022121403003234,CIT,17,45,90,1856.10,167049.00
3015,3016,2022121404003029,RIDI,45,45,313,484.00,151492.00
3016,3017,2022121404003028,RIDI,6,45,85,484.00,41140.00
3017,3018,2022121404003027,RHPL,57,49,10,247.00,2470.00
3018,3019,2022121401005362,NMB,4,39,150,231.90,34785.00
3019,3020,2022121404003026,SICL,5,20,30,760.10,22803.00
3020,3021,2022121403003233,CORBL,40,11,10,273.00,2730.00
3021,3022,2022121404003025,UNHPL,36,22,1380,186.50,257370.00
3022,3023,2022121404003024,UNHPL,21,22,100,186.50,18650.00
3023,3024,2022121404003023,UNHPL,53,22,10,186.80,1868.00
3024,3025,2022121404003022,UNHPL,52,22,10,188.00,1880.00
3025,3026,2022121403003232,PROFL,39,58,10,284.00,2840.00
3026,3027,2022121404003021,LEC,32,56,10,223.00,2230.00
3027,3028,2022121404003020,LEC,32,51,10,222.00,2220.00
3028,3029,2022121404003019,LEC,32,5,10,220.00,2200.00
3029,3030,2022121403003231,GUFL,42,7,110,520.00,57200.00
3030,3031,2022121403003230,GUFL,42,7,295,520.00,153400.00
3031,3032,2022121403003229,GUFL,42,7,50,520.00,26000.00
3032,3033,2022121403003228,GUFL,48,7,175,520.10,91017.50
3033,3034,2022121401005361,MBL,1,8,100,210.10,21010.00
3034,3035,2022121401005360,MBL,34,8,300,210.10,63030.00
3035,3036,2022121403003227,NUBL,10,17,38,888.10,33747.80
3036,3037,2022121403003226,NTC,39,53,30,908.10,27243.00
3037,3038,2022121401005359,GBIME,17,1,500,207.90,103950.00
3038,3039,2022121401005358,NICA,18,49,100,679.00,67900.00
3039,3040,2022121403003225,NIFRA,56,38,30,185.00,5550.00
3040,3041,2022121404003018,NIL,37,40,200,711.00,142200.00
3041,3042,2022121401005357,NBL,58,25,10,276.10,2761.00
3042,3043,2022121401005356,LBL,7,43,10,193.00,1930.00
3043,3044,2022121401005355,LBL,35,43,100,193.00,19300.00
3044,3045,2022121401005354,LBL,21,43,30,193.00,5790.00
3045,3046,2022121403003224,SDLBSL,59,33,10,925.00,9250.00
3046,3047,2022121405000872,MBJC,35,8,10,215.70,2157.00
3047,3048,2022121404003017,UPPER,40,3,120,390.00,46800.00
3048,3049,2022121403003223,NRIC,49,51,115,698.00,80270.00
3049,3050,2022121403003222,NRIC,53,51,76,698.00,53048.00
3050,3051,2022121404003016,CHCL,5,6,40,386.00,15440.00
3051,3052,2022121401005353,NIB,25,39,50,218.70,10935.00
3052,3053,2022121401005352,SPHL,43,21,10,353.80,3538.00
3053,3054,2022121405000871,SAHAS,44,6,80,447.30,35784.00
3054,3055,2022121405000870,SAHAS,56,6,50,447.50,22375.00
3055,3056,2022121405000869,SAHAS,39,6,40,448.00,17920.00
3056,3057,2022121404003015,JOSHI,57,48,333,190.00,63270.00
3057,3058,2022121405000868,MBJC,35,34,10,215.70,2157.00
3058,3059,2022121404003014,NIBLPF,58,58,253,8.05,2036.65
3059,3060,2022121403003221,GILB,47,43,16,1140.00,18240.00
3060,3061,2022121401005351,HDL,41,59,10,3820.00,38200.00
3061,3062,2022121404003013,STC,32,58,34,3600.00,122400.00
3062,3063,2022121404003012,STC,47,58,46,3600.00,165600.00
3063,3064,2022121405000867,SLI,49,16,10,331.30,3313.00
3064,3065,2022121403003220,CHDC,50,5,10,653.00,6530.00
3065,3066,2022121401005350,NICA,18,8,50,678.00,33900.00
3066,3067,2022121403003219,SMFDB,59,20,60,1150.00,69000.00
3067,3068,2022121403003218,SMFDB,45,20,100,1150.00,115000.00
3068,3069,2022121403003217,SMFDB,45,20,200,1150.00,230000.00
3069,3070,2022121403003216,SMFDB,22,20,50,1151.00,57550.00
3070,3071,2022121403003215,SMFDB,57,20,90,1155.00,103950.00
3071,3072,2022121401005349,UHEWA,57,58,10,345.00,3450.00
3072,3073,2022121403003214,SFCL,1,57,272,253.20,68870.40
3073,3074,2022121401005348,NMB,17,33,100,231.10,23110.00
3074,3075,2022121401005347,MBL,40,8,100,210.20,21020.00
3075,3076,2022121404003011,SICL,22,20,30,761.00,22830.00
3076,3077,2022121401005346,NICA,35,8,20,678.00,13560.00
3077,3078,2022121401005345,NICA,26,8,500,678.00,339000.00
3078,3079,2022121401005344,NICA,22,8,300,678.10,203430.00
3079,3080,2022121401005343,NICA,28,8,30,679.00,20370.00
3080,3081,2022121401005342,NICA,4,8,100,679.00,67900.00
3081,3082,2022121404003010,RHPL,57,49,10,247.00,2470.00
3082,3083,2022121402001166,PHCL,49,52,10,270.00,2700.00
3083,3084,2022121405000866,MBJC,35,28,123,215.70,26531.10
3084,3085,2022121405000865,SAHAS,39,34,10,448.00,4480.00
3085,3086,2022121403003213,PROFL,59,45,51,282.10,14387.10
3086,3087,2022121403003212,PROFL,38,45,100,282.20,28220.00
3087,3088,2022121403003211,PROFL,6,45,60,282.50,16950.00
3088,3089,2022121401005341,RHGCL,58,1,196,205.00,40180.00
3089,3090,2022121401005340,RHGCL,45,1,1000,205.00,205000.00
3090,3091,2022121401005339,RHGCL,4,1,30,205.00,6150.00
3091,3092,2022121401005338,RHGCL,42,1,100,205.00,20500.00
3092,3093,2022121401005337,RHGCL,57,1,950,205.00,194750.00
3093,3094,2022121401005336,RHGCL,26,1,50,205.00,10250.00
3094,3095,2022121401005335,RHGCL,22,1,200,205.00,41000.00
3095,3096,2022121401005334,RHGCL,22,1,60,205.20,12312.00
3096,3097,2022121401005333,RHGCL,45,1,30,205.30,6159.00
3097,3098,2022121401005332,RHGCL,45,1,40,205.30,8212.00
3098,3099,2022121401005331,RHGCL,22,1,40,205.60,8224.00
3099,3100,2022121401005330,RHGCL,49,1,24,206.20,4948.80
3100,3101,2022121404003009,SHEL,7,49,10,232.00,2320.00
3101,3102,2022121403003210,NLICL,33,20,145,502.00,72790.00
3102,3103,2022121401005329,AVYAN,34,48,50,700.00,35000.00
3103,3104,2022121403003209,MPFL,26,45,10,301.00,3010.00
3104,3105,2022121403003208,GUFL,48,53,25,520.10,13002.50
3105,3106,2022121404003008,SJCL,29,40,100,239.00,23900.00
3106,3107,2022121403003207,KLBSL,42,57,50,788.10,39405.00
3107,3108,2022121405000864,MBJC,35,34,10,215.70,2157.00
3108,3109,2022121404003007,UPPER,39,50,51,389.00,19839.00
3109,3110,2022121404003006,UPPER,53,50,29,389.00,11281.00
3110,3111,2022121404003005,UPPER,58,50,20,389.00,7780.00
3111,3112,2022121403003206,GUFL,48,19,100,520.10,52010.00
3112,3113,2022121403003205,NICLBSL,51,49,10,712.00,7120.00
3113,3114,2022121403003204,SMFDB,57,48,35,1155.00,40425.00
3114,3115,2022121403003203,NTC,58,45,20,908.00,18160.00
3115,3116,2022121403003202,NMFBS,20,50,20,2010.00,40200.00
3116,3117,2022121404003004,HDHPC,51,19,30,175.00,5250.00
3117,3118,2022121403003201,SHINE,22,58,32,329.20,10534.40
3118,3119,2022121403003200,SHINE,25,58,35,329.20,11522.00
3119,3120,2022121404003003,GIMES1,38,22,1850,8.29,15336.50
3120,3121,2022121404003002,SHL,14,56,1750,220.00,385000.00
3121,3122,2022121404003001,SHL,4,56,250,220.00,55000.00
3122,3123,2022121404003000,LEC,32,33,210,218.60,45906.00
3123,3124,2022121404002999,LEC,32,33,200,219.00,43800.00
3124,3125,2022121404002998,LEC,14,33,10,219.00,2190.00
3125,3126,2022121403003199,NIFRA,58,42,25,186.00,4650.00
3126,3127,2022121403003198,NIFRA,58,40,15,186.00,2790.00
3127,3128,2022121403003197,NMFBS,5,50,22,2011.10,44244.20
3128,3129,2022121401005328,CCBL,42,43,27,190.00,5130.00
3129,3130,2022121401005327,CCBL,28,43,159,190.00,30210.00
3130,3131,2022121403003196,NTC,58,22,45,910.00,40950.00
3131,3132,2022121403003195,NTC,58,43,10,910.00,9100.00
3132,3133,2022121403003194,LICN,14,1,13,1404.00,18252.00
3133,3134,2022121403003193,HIDCL,14,39,10,166.00,1660.00
3134,3135,2022121401005326,NBL,45,25,50,276.10,13805.00
3135,3136,2022121403003192,PFL,35,42,11,329.00,3619.00
3136,3137,2022121401005325,MBL,34,35,100,210.10,21010.00
3137,3138,2022121404002997,BPCL,13,11,20,305.00,6100.00
3138,3139,2022121403003191,NIFRA,51,50,216,184.90,39938.40
3139,3140,2022121403003190,NIFRA,40,50,84,185.00,15540.00
3140,3141,2022121405000863,TPC,34,58,120,318.00,38160.00
3141,3142,2022121405000862,TPC,26,58,100,318.00,31800.00
3142,3143,2022121405000861,TPC,1,58,50,318.20,15910.00
3143,3144,2022121405000860,TPC,49,58,20,318.20,6364.00
3144,3145,2022121405000859,TPC,45,58,20,318.50,6370.00
3145,3146,2022121405000858,TPC,10,58,190,319.00,60610.00
3146,3147,2022121401005324,UHEWA,57,42,10,345.00,3450.00
3147,3148,2022121401005323,RFPL,28,57,10,227.50,2275.00
3148,3149,2022121405000857,NYADI,52,40,310,275.50,85405.00
3149,3150,2022121401005322,SHIVM,28,35,200,546.00,109200.00
3150,3151,2022121403003189,MLBSL,1,41,10,4000.00,40000.00
3151,3152,2022121404002996,AKPL,16,58,100,344.10,34410.00
3152,3153,2022121403003188,NMFBS,5,57,30,2011.10,60333.00
3153,3154,2022121405000856,NYADI,52,39,10,275.50,2755.00
3154,3155,2022121403003187,NTC,58,32,90,907.00,81630.00
3155,3156,2022121404002995,SHEL,7,45,10,232.00,2320.00
3156,3157,2022121404002994,UMHL,56,53,150,225.10,33765.00
3157,3158,2022121401005321,GBIME,17,19,100,207.90,20790.00
3158,3159,2022121404002993,SJCL,29,40,100,239.00,23900.00
3159,3160,2022121401005320,PPL,28,7,10,202.60,2026.00
3160,3161,2022121401005319,PPL,28,42,10,202.00,2020.00
3161,3162,2022121401005318,PPL,28,58,10,201.00,2010.00
3162,3163,2022121403003186,GILB,29,43,30,1140.00,34200.00
3163,3164,2022121403003185,GILB,29,58,20,1140.00,22800.00
3164,3165,2022121403003184,GILB,29,8,100,1139.00,113900.00
3165,3166,2022121403003183,GILB,29,6,50,1138.80,56940.00
3166,3167,2022121404002992,PRIN,7,45,30,405.00,12150.00
3167,3168,2022121401005317,HDL,21,59,15,3820.00,57300.00
3168,3169,2022121401005316,HDL,55,59,20,3820.00,76400.00
3169,3170,2022121401005315,HDL,58,59,10,3820.00,38200.00
3170,3171,2022121402001165,EHPL,55,58,10,237.60,2376.00
3171,3172,2022121404002991,GIMES1,49,22,900,8.30,7470.00
3172,3173,2022121401005314,SIKLES,34,35,10,378.00,3780.00
3173,3174,2022121404002990,JOSHI,7,48,500,190.00,95000.00
3174,3175,2022121401005313,EBL,34,3,23,439.00,10097.00
3175,3176,2022121401005312,EBL,16,3,182,439.00,79898.00
3176,3177,2022121404002989,CHL,16,49,65,208.00,13520.00
3177,3178,2022121403003182,FOWAD,55,25,100,2585.00,258500.00
3178,3179,2022121403003181,NRIC,53,34,11,698.00,7678.00
3179,3180,2022121401005311,MBL,34,8,100,210.10,21010.00
3180,3181,2022121401005310,MBL,1,8,300,210.10,63030.00
3181,3182,2022121401005309,ADBL,57,19,100,312.10,31210.00
3182,3183,2022121403003180,SMFDB,34,41,10,1160.00,11600.00
3183,3184,2022121404002988,RIDI,6,44,115,484.00,55660.00
3184,3185,2022121404002987,RIDI,35,44,75,484.00,36300.00
3185,3186,2022121404002986,RIDI,55,44,100,484.00,48400.00
3186,3187,2022121404002985,RIDI,22,44,200,484.00,96800.00
3187,3188,2022121404002984,RIDI,45,44,200,484.00,96800.00
3188,3189,2022121404002983,RIDI,11,44,30,484.00,14520.00
3189,3190,2022121404002982,RIDI,38,44,20,484.00,9680.00
3190,3191,2022121404002981,RIDI,49,44,50,484.00,24200.00
3191,3192,2022121404002980,RIDI,42,44,100,484.00,48400.00
3192,3193,2022121404002979,RIDI,56,44,50,484.10,24205.00
3193,3194,2022121404002978,RIDI,56,44,10,484.10,4841.00
3194,3195,2022121404002977,RIDI,13,44,500,484.10,242050.00
3195,3196,2022121404002976,RIDI,56,44,50,484.20,24210.00
3196,3197,2022121401005308,BOKL,49,44,11,204.10,2245.10
3197,3198,2022121401005307,BOKL,26,44,181,204.10,36942.10
3198,3199,2022121403003179,NUBL,10,29,29,888.10,25754.90
3199,3200,2022121401005306,USHEC,10,42,10,249.30,2493.00
3200,3201,2022121403003178,NIFRA,34,40,20,186.00,3720.00
3201,3202,2022121403003177,NIFRA,40,5,16,185.00,2960.00
3202,3203,2022121403003176,NIFRA,49,5,38,185.00,7030.00
3203,3204,2022121405000855,NYADI,52,34,10,275.50,2755.00
3204,3205,2022121403003175,NLIC,58,39,33,604.10,19935.30
3205,3206,2022121403003174,NADEP,45,42,25,671.00,16775.00
3206,3207,2022121401005305,ULBSL,45,38,10,3470.00,34700.00
3207,3208,2022121401005304,AVYAN,34,22,10,701.00,7010.00
3208,3209,2022121404002975,PPCL,29,56,150,284.00,42600.00
3209,3210,2022121404002974,PPCL,36,56,10,284.00,2840.00
3210,3211,2022121401005303,SBL,58,19,14,311.00,4354.00
3211,3212,2022121401005302,SBL,33,19,86,311.00,26746.00
3212,3213,2022121404002973,CHCL,34,13,145,385.50,55897.50
3213,3214,2022121404002972,CHCL,5,13,185,386.00,71410.00
3214,3215,2022121403003173,CBBL,41,45,150,1106.00,165900.00
3215,3216,2022121403003172,CBBL,57,45,50,1106.00,55300.00
3216,3217,2022121403003171,CBBL,6,45,50,1106.10,55305.00
3217,3218,2022121403003170,CBBL,17,45,20,1107.00,22140.00
3218,3219,2022121403003169,CBBL,33,45,100,1107.00,110700.00
3219,3220,2022121403003168,CBBL,57,45,30,1107.00,33210.00
3220,3221,2022121403003167,CBBL,32,45,100,1107.10,110710.00
3221,3222,2022121403003166,CBBL,13,45,100,1108.00,110800.00
3222,3223,2022121404002971,KKHC,34,35,345,178.50,61582.50
3223,3224,2022121403003165,SFCL,45,57,100,254.00,25400.00
3224,3225,2022121404002970,NIBSF2,42,58,100,7.14,714.00
3225,3226,2022121401005301,PRVU,42,26,500,200.90,100450.00
3226,3227,2022121401005300,NABIL,44,45,50,810.00,40500.00
3227,3228,2022121401005299,GBIME,25,21,51,208.00,10608.00
3228,3229,2022121404002969,NIL,14,6,240,711.10,170664.00
3229,3230,2022121404002968,NIL,33,6,101,711.30,71841.30
3230,3231,2022121401005298,SIKLES,34,11,10,378.00,3780.00
3231,3232,2022121403003164,NIFRA,49,21,30,185.00,5550.00
3232,3233,2022121404002967,JOSHI,26,48,167,190.00,31730.00
3233,3234,2022121404002966,IGI,48,56,40,363.00,14520.00
3234,3235,2022121405000854,MKJC,45,28,100,410.00,41000.00
3235,3236,2022121404002965,AKJCL,45,52,200,171.90,34380.00
3236,3237,2022121403003163,MERO,10,43,64,758.00,48512.00
3237,3238,2022121403003162,NADEP,45,1,33,671.00,22143.00
3238,3239,2022121405000853,SAHAS,39,54,10,448.00,4480.00
3239,3240,2022121401005297,PPL,58,38,10,200.40,2004.00
3240,3241,2022121401005296,PCBL,58,49,23,224.50,5163.50
3241,3242,2022121401005295,PCBL,34,49,66,224.50,14817.00
3242,3243,2022121404002964,RHPL,4,19,10,250.30,2503.00
3243,3244,2022121401005294,GBIME,42,21,100,208.00,20800.00
3244,3245,2022121401005293,GBIME,36,21,49,208.00,10192.00
3245,3246,2022121404002963,RHPL,4,5,90,250.30,22527.00
3246,3247,2022121401005292,PCBL,58,19,10,224.60,2246.00
3247,3248,2022121403003161,NTC,58,6,75,907.00,68025.00
3248,3249,2022121401005291,PPL,58,16,10,200.40,2004.00
3249,3250,2022121401005290,SHIVM,58,33,100,545.20,54520.00
3250,3251,2022121401005289,SANIMA,19,14,70,224.00,15680.00
3251,3252,2022121401005288,NESDO,43,49,10,3283.10,32831.00
3252,3253,2022121401005287,GBIME,36,46,45,208.00,9360.00
3253,3254,2022121401005286,GBIME,14,46,32,208.00,6656.00
3254,3255,2022121403003160,SFCL,45,57,100,255.00,25500.00
3255,3256,2022121404002962,NGPL,42,45,341,209.00,71269.00
3256,3257,2022121404002961,NGPL,42,58,100,209.00,20900.00
3257,3258,2022121404002960,NGPL,42,53,59,209.00,12331.00
3258,3259,2022121403003159,NICLBSL,51,57,32,712.00,22784.00
3259,3260,2022121403003158,SMFDB,1,41,10,1160.10,11601.00
3260,3261,2022121401005285,EBL,16,34,600,439.00,263400.00
3261,3262,2022121401005284,NBF3,45,58,500,7.24,3620.00
3262,3263,2022121403003157,MNBBL,1,28,10,421.00,4210.00
3263,3264,2022121404002959,HPPL,56,8,850,245.00,208250.00
3264,3265,2022121404002958,HPPL,22,8,150,245.10,36765.00
3265,3266,2022121405000852,SLI,49,54,10,331.30,3313.00
3266,3267,2022121401005283,MBL,46,37,282,211.00,59502.00
3267,3268,2022121404002957,STC,47,38,10,3600.00,36000.00
3268,3269,2022121404002956,SJCL,29,6,100,240.00,24000.00
3269,3270,2022121401005282,MBL,46,35,300,210.20,63060.00
3270,3271,2022121403003156,SADBL,22,4,255,300.20,76551.00
3271,3272,2022121403003155,SADBL,42,4,95,300.30,28528.50
3272,3273,2022121403003154,SADBL,22,4,150,300.40,45060.00
3273,3274,2022121403003153,SADBL,D01,4,1000,300.50,300500.00
3274,3275,2022121401005281,CCBL,28,57,100,190.00,19000.00
3275,3276,2022121404002955,RHPL,50,55,95,251.00,23845.00
3276,3277,2022121401005280,SIKLES,34,42,500,378.00,189000.00
3277,3278,2022121403003152,SLBBL,57,21,10,833.00,8330.00
3278,3279,2022121401005279,NABIL,8,45,33,810.00,26730.00
3279,3280,2022121404002954,HDHPC,51,1,435,175.00,76125.00
3280,3281,2022121404002953,HDHPC,58,1,100,175.00,17500.00
3281,3282,2022121404002952,HDHPC,16,1,200,175.00,35000.00
3282,3283,2022121404002951,HDHPC,36,1,1000,175.00,175000.00
3283,3284,2022121404002950,HDHPC,22,1,10,175.00,1750.00
3284,3285,2022121404002949,HDHPC,40,1,300,176.00,52800.00
3285,3286,2022121404002948,HDHPC,45,1,20,176.00,3520.00
3286,3287,2022121404002947,HDHPC,33,1,8835,176.00,1554960.00
3287,3288,2022121404002946,HDHPC,10,1,100,176.10,17610.00
3288,3289,2022121403003151,NIFRA,49,25,10,185.00,1850.00
3289,3290,2022121403003150,NRIC,53,34,163,698.00,113774.00
3290,3291,2022121404002945,PPCL,36,45,190,284.00,53960.00
3291,3292,2022121404002944,PPCL,58,45,10,284.10,2841.00
3292,3293,2022121401005278,EBL,16,42,218,439.00,95702.00
3293,3294,2022121401005277,EBL,53,42,500,439.00,219500.00
3294,3295,2022121401005276,EBL,22,42,282,439.00,123798.00
3295,3296,2022121401005275,MBL,38,37,35,211.00,7385.00
3296,3297,2022121403003149,CORBL,10,58,20,273.00,5460.00
3297,3298,2022121404002943,RHPL,50,14,905,251.00,227155.00
3298,3299,2022121404002942,RHPL,19,14,30,251.00,7530.00
3299,3300,2022121404002941,RHPL,38,14,65,251.00,16315.00
3300,3301,2022121401005274,SHIVM,17,49,99,545.00,53955.00
3301,3302,2022121401005273,SHIVM,38,49,50,545.00,27250.00
3302,3303,2022121401005272,SHIVM,11,49,20,545.00,10900.00
3303,3304,2022121401005271,SHIVM,5,49,25,545.00,13625.00
3304,3305,2022121401005270,SHIVM,41,49,100,545.00,54500.00
3305,3306,2022121401005269,SHIVM,57,49,10,545.00,5450.00
3306,3307,2022121401005268,SHIVM,35,49,90,545.00,49050.00
3307,3308,2022121401005267,SHIVM,57,49,20,545.00,10900.00
3308,3309,2022121401005266,SHIVM,50,49,100,545.00,54500.00
3309,3310,2022121401005265,SHIVM,45,49,10,545.00,5450.00
3310,3311,2022121401005264,SHIVM,58,49,50,545.00,27250.00
3311,3312,2022121401005263,SHIVM,38,49,30,545.00,16350.00
3312,3313,2022121401005262,SHIVM,58,49,10,545.00,5450.00
3313,3314,2022121401005261,SHIVM,10,49,100,545.00,54500.00
3314,3315,2022121401005260,SHIVM,13,49,500,545.00,272500.00
3315,3316,2022121401005259,SHIVM,42,49,50,545.00,27250.00
3316,3317,2022121401005258,SHIVM,29,49,20,545.00,10900.00
3317,3318,2022121401005257,SHIVM,34,49,500,545.00,272500.00
3318,3319,2022121401005256,SHIVM,42,49,20,545.00,10900.00
3319,3320,2022121401005255,SHIVM,14,49,10,545.00,5450.00
3320,3321,2022121401005254,SHIVM,57,49,100,545.10,54510.00
3321,3322,2022121401005253,SHIVM,55,49,548,546.00,299208.00
3322,3323,2022121401005252,SHIVM,35,49,180,546.00,98280.00
3323,3324,2022121401005251,SHIVM,33,49,100,546.00,54600.00
3324,3325,2022121401005250,SHIVM,22,49,10,546.00,5460.00
3325,3326,2022121401005249,SHIVM,56,49,10,546.00,5460.00
3326,3327,2022121401005248,SHIVM,25,49,238,546.00,129948.00
3327,3328,2022121401005247,KBL,42,57,100,184.50,18450.00
3328,3329,2022121401005246,KBL,34,57,100,184.50,18450.00
3329,3330,2022121401005245,KBL,56,57,100,184.60,18460.00
3330,3331,2022121401005244,KBL,44,57,17,185.00,3145.00
3331,3332,2022121401005243,KBL,55,57,10,185.10,1851.00
3332,3333,2022121401005242,USHEC,10,3,10,249.30,2493.00
3333,3334,2022121404002940,NHPC,39,39,200,200.00,40000.00
3334,3335,2022121404002939,NHPC,39,39,195,200.00,39000.00
3335,3336,2022121401005241,SCB,38,29,35,400.00,14000.00
3336,3337,2022121404002938,NIL,33,42,99,711.30,70418.70
3337,3338,2022121404002937,NIL,41,42,25,712.00,17800.00
3338,3339,2022121404002936,NIL,42,42,10,712.00,7120.00
3339,3340,2022121404002935,NIL,22,42,10,712.10,7121.00
3340,3341,2022121404002934,HPPL,47,49,60,248.90,14934.00
3341,3342,2022121404002933,HPPL,47,17,20,248.80,4976.00
3342,3343,2022121404002932,UMHL,54,36,20,226.00,4520.00
3343,3344,2022121404002931,UMHL,6,36,100,226.10,22610.00
3344,3345,2022121403003148,SFCL,45,57,28,255.10,7142.80
3345,3346,2022121401005240,UHEWA,57,56,270,345.00,93150.00
3346,3347,2022121404002930,SJCL,29,10,40,240.00,9600.00
3347,3348,2022121403003147,KSBBL,1,28,160,306.00,48960.00
3348,3349,2022121401005239,MBL,49,35,263,211.00,55493.00
3349,3350,2022121401005238,MBL,48,35,467,211.00,98537.00
3350,3351,2022121401005237,RFPL,21,34,10,225.20,2252.00
3351,3352,2022121401005236,RHGCL,22,54,10,206.20,2062.00
3352,3353,2022121404002929,BPCL,13,22,108,305.00,32940.00
3353,3354,2022121404002928,BPCL,56,22,10,305.10,3051.00
3354,3355,2022121401005235,HDL,58,59,20,3820.00,76400.00
3355,3356,2022121401005234,HDL,57,59,10,3820.00,38200.00
3356,3357,2022121401005233,HDL,42,59,10,3820.00,38200.00
3357,3358,2022121403003146,NIFRA,49,38,64,185.00,11840.00
3358,3359,2022121405000851,SLI,13,55,45,332.00,14940.00
3359,3360,2022121403003145,NLIC,58,34,261,604.00,157644.00
3360,3361,2022121403003144,NLIC,36,34,249,604.90,150620.10
3361,3362,2022121401005232,BHL,28,33,780,248.00,193440.00
3362,3363,2022121403003143,NIFRA,49,42,40,185.00,7400.00
3363,3364,2022121403003142,HIDCL,6,45,220,166.00,36520.00
3364,3365,2022121401005231,GVL,13,48,67,308.20,20649.40
3365,3366,2022121404002927,AKPL,16,45,25,344.10,8602.50
3366,3367,2022121404002926,CMF1,57,6,1000,7.60,7600.00
3367,3368,2022121403003141,MLBL,7,32,10,346.00,3460.00
3368,3369,2022121401005230,AVYAN,49,35,20,700.00,14000.00
3369,3370,2022121404002925,RHPL,38,46,935,251.00,234685.00
3370,3371,2022121404002924,RHPL,17,46,65,251.10,16321.50
3371,3372,2022121404002923,NGPL,58,14,500,208.00,104000.00
3372,3373,2022121404002922,NGPL,58,14,12,208.00,2496.00
3373,3374,2022121404002921,RHPL,17,45,100,251.10,25110.00
3374,3375,2022121401005229,SGHC,33,34,10,255.70,2557.00
3375,3376,2022121403003140,SMFDB,21,41,30,1166.90,35007.00
3376,3377,2022121403003139,SMFDB,58,41,20,1167.00,23340.00
3377,3378,2022121403003138,SMFDB,54,41,35,1167.00,40845.00
3378,3379,2022121405000850,JALPA,38,46,10,3340.10,33401.00
3379,3380,2022121401005228,PPL,58,58,10,200.40,2004.00
3380,3381,2022121401005227,SHIVM,25,35,62,546.00,33852.00
3381,3382,2022121401005226,SHIVM,21,35,100,546.30,54630.00
3382,3383,2022121401005225,SHIVM,48,35,138,546.60,75430.80
3383,3384,2022121403003137,NLIC,36,34,151,604.90,91339.90
3384,3385,2022121403003136,NLIC,10,34,100,605.00,60500.00
3385,3386,2022121403003135,NLIC,49,34,30,605.00,18150.00
3386,3387,2022121403003134,NLIC,47,34,10,605.00,6050.00
3387,3388,2022121403003133,NLIC,7,34,100,605.00,60500.00
3388,3389,2022121403003132,NLIC,45,34,20,605.00,12100.00
3389,3390,2022121403003131,NLIC,45,34,30,605.30,18159.00
3390,3391,2022121403003130,NLIC,13,34,39,605.60,23618.40
3391,3392,2022121403003129,NLIC,58,34,30,606.00,18180.00
3392,3393,2022121403003128,NLIC,17,34,10,607.00,6070.00
3393,3394,2022121401005224,UHEWA,57,54,10,345.00,3450.00
3394,3395,2022121403003127,GUFL,42,50,10,520.00,5200.00
3395,3396,2022121403003126,MERO,8,43,140,758.00,106120.00
3396,3397,2022121403003125,MERO,21,43,46,759.00,34914.00
3397,3398,2022121403003124,MERO,44,43,10,760.00,7600.00
3398,3399,2022121401005223,SGHC,33,3,10,255.70,2557.00
3399,3400,2022121403003123,NTC,58,1,10,907.00,9070.00
3400,3401,2022121403003122,NTC,1,1,168,907.00,152376.00
3401,3402,2022121401005222,NESDO,6,47,45,3285.00,147825.00
3402,3403,2022121401005221,NESDO,54,47,10,3285.00,32850.00
3403,3404,2022121401005220,NESDO,54,47,10,3285.00,32850.00
3404,3405,2022121404002920,SJCL,29,51,200,240.00,48000.00
3405,3406,2022121404002919,STC,47,1,30,3600.00,108000.00
3406,3407,2022121401005219,NABIL,4,45,15,809.00,12135.00
3407,3408,2022121404002918,SICL,45,55,14,761.00,10654.00
3408,3409,2022121403003121,GMFIL,22,25,150,309.10,46365.00
3409,3410,2022121404002917,JOSHI,59,34,152,191.00,29032.00
3410,3411,2022121404002916,KKHC,58,4,16,178.50,2856.00
3411,3412,2022121404002915,BARUN,49,42,50,200.00,10000.00
3412,3413,2022121404002914,GLH,43,38,10,234.10,2341.00
3413,3414,2022121404002913,RHPL,17,4,80,251.10,20088.00
3414,3415,2022121403003120,GILB,35,42,11,1135.00,12485.00
3415,3416,2022121401005218,GBIME,14,38,18,208.00,3744.00
3416,3417,2022121401005217,GBIME,42,38,10,208.00,2080.00
3417,3418,2022121401005216,NABIL,44,45,11,810.00,8910.00
3418,3419,2022121401005215,PCBL,34,54,34,224.50,7633.00
3419,3420,2022121401005214,PCBL,34,54,66,224.50,14817.00
3420,3421,2022121404002912,SICL,44,55,20,762.00,15240.00
3421,3422,2022121404002911,SICL,26,55,101,762.00,76962.00
3422,3423,2022121404002910,SICL,50,55,15,762.20,11433.00
3423,3424,2022121404002909,SICL,38,55,50,763.10,38155.00
3424,3425,2022121404002908,KKHC,25,4,16,179.50,2872.00
3425,3426,2022121403003119,MNBBL,5,45,30,418.10,12543.00
3426,3427,2022121403003118,MNBBL,18,45,100,418.20,41820.00
3427,3428,2022121403003117,MNBBL,57,45,50,418.30,20915.00
3428,3429,2022121401005213,HDL,7,59,10,3829.00,38290.00
3429,3430,2022121403003116,NLICL,33,20,500,502.00,251000.00
3430,3431,2022121405000849,MBJC,57,13,20,216.00,4320.00
3431,3432,2022121405000848,JBLB,4,19,17,2733.00,46461.00
3432,3433,2022121403003115,NRIC,53,59,250,698.00,174500.00
3433,3434,2022121403003114,NRIC,34,59,20,698.60,13972.00
3434,3435,2022121403003113,NRIC,43,59,70,699.00,48930.00
3435,3436,2022121401005212,CZBIL,21,4,19,180.00,3420.00
3436,3437,2022121401005211,CZBIL,57,4,80,180.00,14400.00
3437,3438,2022121404002907,RURU,56,6,10,737.10,7371.00
3438,3439,2022121401005210,SIKLES,47,44,225,378.00,85050.00
3439,3440,2022121401005209,SIKLES,47,44,370,378.10,139897.00
3440,3441,2022121401005208,SIKLES,58,44,20,378.10,7562.00
3441,3442,2022121401005207,SIKLES,58,44,385,378.20,145607.00
3442,3443,2022121405000847,SLI,13,3,10,332.00,3320.00
3443,3444,2022121403003112,SHINE,6,33,10,330.00,3300.00
3444,3445,2022121403003111,SHINE,44,33,100,330.00,33000.00
3445,3446,2022121403003110,SHINE,49,33,200,330.00,66000.00
3446,3447,2022121403003109,SHINE,49,33,45,330.60,14877.00
3447,3448,2022121403003108,SHINE,6,33,25,330.60,8265.00
3448,3449,2022121404002906,UNHPL,16,28,410,189.00,77490.00
3449,3450,2022121403003107,MLBSL,40,42,14,4000.00,56000.00
3450,3451,2022121404002905,UMHL,6,34,100,226.10,22610.00
3451,3452,2022121404002904,UMHL,6,34,100,226.10,22610.00
3452,3453,2022121405000846,SAHAS,39,46,10,448.00,4480.00
3453,3454,2022121403003106,CIT,17,1,10,1856.10,18561.00
3454,3455,2022121403003105,CIT,57,1,30,1856.20,55686.00
3455,3456,2022121403003104,CIT,57,1,10,1856.50,18565.00
3456,3457,2022121401005206,SGHC,33,45,430,255.70,109951.00
3457,3458,2022121405000845,JALPA,21,46,120,3330.00,399600.00
3458,3459,2022121403003103,SIFC,49,25,18,301.10,5419.80
3459,3460,2022121403003102,MDB,37,45,300,381.00,114300.00
3460,3461,2022121401005205,MEGA,52,4,170,193.50,32895.00
3461,3462,2022121404002903,UPPER,3,21,50,390.00,19500.00
3462,3463,2022121403003101,NMFBS,50,34,100,2015.00,201500.00
3463,3464,2022121404002902,KKHC,58,35,100,180.00,18000.00
3464,3465,2022121401005204,GVL,13,3,10,308.20,3082.00
3465,3466,2022121403003100,NIFRA,49,49,64,185.00,11840.00
3466,3467,2022121404002901,GHL,26,25,641,192.60,123456.60
3467,3468,2022121404002900,GHL,6,25,100,192.60,19260.00
3468,3469,2022121404002899,GHL,58,25,229,192.90,44174.10
3469,3470,2022121404002898,GHL,45,25,30,193.00,5790.00
3470,3471,2022121401005203,MBL,48,8,33,211.00,6963.00
3471,3472,2022121401005202,MBL,35,8,100,211.00,21100.00
3472,3473,2022121401005201,MBL,20,8,100,211.00,21100.00
3473,3474,2022121401005200,MBL,55,8,67,211.00,14137.00
3474,3475,2022121405000844,MBJC,59,13,80,216.00,17280.00
3475,3476,2022121401005199,CCBL,28,25,10,190.00,1900.00
3476,3477,2022121401005198,CCBL,28,25,10,190.00,1900.00
3477,3478,2022121403003099,MPFL,26,47,450,301.00,135450.00
3478,3479,2022121401005197,MBL,55,35,433,211.00,91363.00
3479,3480,2022121401005196,MBL,3,35,100,211.00,21100.00
3480,3481,2022121401005195,HDL,4,47,25,3828.00,95700.00
3481,3482,2022121403003098,CFCL,17,44,200,302.10,60420.00
3482,3483,2022121401005194,CCBL,8,57,1000,190.00,190000.00
3483,3484,2022121401005193,CCBL,8,4,129,190.00,24510.00
3484,3485,2022121401005192,NABIL,58,7,50,809.00,40450.00
3485,3486,2022121404002897,UPPER,17,49,100,390.00,39000.00
3486,3487,2022121401005191,KBL,38,32,35,186.00,6510.00
3487,3488,2022121401005190,KBL,38,8,965,185.90,179393.50
3488,3489,2022121404002896,CHL,59,53,37,208.20,7703.40
3489,3490,2022121403003097,FOWAD,34,42,10,2582.00,25820.00
3490,3491,2022121403003096,MDB,37,59,40,381.00,15240.00
3491,3492,2022121403003095,MDB,59,59,10,381.00,3810.00
3492,3493,2022121404002895,CHL,59,58,127,208.20,26441.40
3493,3494,2022121405000843,JALPA,20,1,10,3340.00,33400.00
3494,3495,2022121405000842,JALPA,14,1,20,3340.00,66800.00
3495,3496,2022121403003094,HIDCL,37,45,110,166.10,18271.00
3496,3497,2022121403003093,SDLBSL,29,5,14,926.00,12964.00
3497,3498,2022121401005189,RHGCL,22,58,10,206.20,2062.00
3498,3499,2022121403003092,SMFDB,54,41,15,1167.00,17505.00
3499,3500,2022121404002894,AKPL,16,57,57,344.10,19613.70
3500,3501,2022121403003091,NIFRA,35,40,18,186.00,3348.00
3501,3502,2022121403003090,NTC,1,13,12,907.00,10884.00
3502,3503,2022121403003089,NTC,57,13,10,907.30,9073.00
3503,3504,2022121403003088,GUFL,43,13,25,524.00,13100.00
3504,3505,2022121403003087,GUFL,43,58,40,520.00,20800.00
3505,3506,2022121404002893,UPPER,17,3,92,390.00,35880.00
3506,3507,2022121404002892,UPPER,6,3,100,390.00,39000.00
3507,3508,2022121404002891,UPPER,58,3,38,390.10,14823.80
3508,3509,2022121401005188,NABIL,32,45,70,810.00,56700.00
3509,3510,2022121401005187,SCB,58,45,20,400.10,8002.00
3510,3511,2022121401005186,BOKL,26,34,119,204.10,24287.90
3511,3512,2022121401005185,BOKL,22,34,50,204.10,10205.00
3512,3513,2022121401005184,BOKL,49,34,100,204.20,20420.00
3513,3514,2022121401005183,BOKL,22,34,86,204.30,17569.80
3514,3515,2022121401005182,BOKL,49,34,40,204.40,8176.00
3515,3516,2022121403003086,PFL,58,34,50,331.00,16550.00
3516,3517,2022121403003085,PFL,39,34,10,331.00,3310.00
3517,3518,2022121403003084,PFL,58,34,22,331.00,7282.00
3518,3519,2022121405000841,MBJC,41,32,60,218.00,13080.00
3519,3520,2022121405000840,MBJC,41,44,10,218.00,2180.00
3520,3521,2022121405000839,MBJC,41,59,100,218.00,21800.00
3521,3522,2022121405000838,MBJC,41,38,10,218.00,2180.00
3522,3523,2022121405000837,MBJC,41,42,10,217.50,2175.00
3523,3524,2022121405000836,MBJC,41,49,10,216.20,2162.00
3524,3525,2022121401005181,KDBY,42,58,100,8.00,800.00
3525,3526,2022121401005180,MBL,44,35,100,211.10,21110.00
3526,3527,2022121404002890,SJCL,29,34,30,240.00,7200.00
3527,3528,2022121404002889,SJCL,56,34,20,241.00,4820.00
3528,3529,2022121404002888,SJCL,21,34,50,241.00,12050.00
3529,3530,2022121404002887,NGPL,42,14,88,208.00,18304.00
3530,3531,2022121404002886,NGPL,42,32,432,208.00,89856.00
3531,3532,2022121404002885,NGPL,42,58,1480,208.00,307840.00
3532,3533,2022121403003083,NIFRA,49,36,54,185.00,9990.00
3533,3534,2022121403003082,MERO,29,22,500,766.00,383000.00
3534,3535,2022121401005179,SIKLES,16,42,110,379.00,41690.00
3535,3536,2022121401005178,SIKLES,45,42,40,380.00,15200.00
3536,3537,2022121401005177,NBL,11,34,40,277.00,11080.00
3537,3538,2022121401005176,SIKLES,45,17,10,380.00,3800.00
3538,3539,2022121401005175,SIKLES,45,49,10,380.00,3800.00
3539,3540,2022121401005174,SIKLES,45,54,10,380.00,3800.00
3540,3541,2022121401005173,SIKLES,45,42,10,380.00,3800.00
3541,3542,2022121401005172,SIKLES,45,58,10,380.00,3800.00
3542,3543,2022121401005171,SIKLES,45,45,10,380.00,3800.00
3543,3544,2022121401005170,SIKLES,16,34,110,379.00,41690.00
3544,3545,2022121401005169,UHEWA,41,56,10,346.00,3460.00
3545,3546,2022121401005168,AVYAN,49,58,10,700.00,7000.00
3546,3547,2022121404002884,RIDI,42,40,40,485.00,19400.00
3547,3548,2022121401005167,NICFC,41,32,500,7.71,3855.00
3548,3549,2022121401005166,NICFC,13,32,1000,7.71,7710.00
3549,3550,2022121401005165,EBL,22,26,50,439.00,21950.00
3550,3551,2022121401005164,EBL,42,26,30,439.00,13170.00
3551,3552,2022121401005163,EBL,58,26,20,439.10,8782.00
3552,3553,2022121401005162,MBL,56,35,67,211.20,14150.40
3553,3554,2022121401005161,NABIL,34,45,10,810.00,8100.00
3554,3555,2022121401005160,NABIL,36,45,40,810.00,32400.00
3555,3556,2022121401005159,NABIL,43,45,47,810.00,38070.00
3556,3557,2022121403003081,GLBSL,43,58,50,776.00,38800.00
3557,3558,2022121403003080,DDBL,58,36,133,1035.00,137655.00
3558,3559,2022121403003079,DDBL,6,36,12,1035.10,12421.20
3559,3560,2022121405000835,TPC,49,41,50,320.00,16000.00
3560,3561,2022121405000834,SLI,13,32,15,332.00,4980.00
3561,3562,2022121401005158,MBL,56,59,33,211.20,6969.60
3562,3563,2022121403003078,GRDBL,22,49,300,228.00,68400.00
3563,3564,2022121403003077,GRDBL,7,49,30,228.10,6843.00
3564,3565,2022121403003076,GRDBL,1,49,50,228.10,11405.00
3565,3566,2022121403003075,GRDBL,38,49,20,230.00,4600.00
3566,3567,2022121404002883,SJCL,59,6,210,241.10,50631.00
3567,3568,2022121401005157,PRVU,52,45,40,201.00,8040.00
3568,3569,2022121401005156,SHIVM,48,21,500,546.60,273300.00
3569,3570,2022121401005155,ADBL,25,8,100,313.00,31300.00
3570,3571,2022121401005154,ADBL,5,8,17,313.00,5321.00
3571,3572,2022121401005153,ADBL,34,8,40,313.00,12520.00
3572,3573,2022121404002882,MHNL,54,43,29,250.00,7250.00
3573,3574,2022121404002881,RHPL,58,14,78,252.00,19656.00
3574,3575,2022121403003074,NTC,25,34,100,908.00,90800.00
3575,3576,2022121403003073,MERO,14,16,10,761.00,7610.00
3576,3577,2022121404002880,NHPC,39,59,90,200.00,18000.00
3577,3578,2022121401005152,NABIL,43,58,218,810.00,176580.00
3578,3579,2022121401005151,NABIL,13,58,50,810.00,40500.00
3579,3580,2022121401005150,NABIL,45,58,500,810.00,405000.00
3580,3581,2022121401005149,NABIL,58,58,50,810.00,40500.00
3581,3582,2022121401005148,NABIL,49,58,25,810.00,20250.00
3582,3583,2022121401005147,NABIL,38,58,55,810.00,44550.00
3583,3584,2022121401005146,NABIL,42,58,10,810.00,8100.00
3584,3585,2022121401005145,NABIL,7,58,10,810.00,8100.00
3585,3586,2022121401005144,NABIL,44,58,100,810.00,81000.00
3586,3587,2022121401005143,NABIL,41,58,40,810.00,32400.00
3587,3588,2022121401005142,NABIL,52,58,10,810.00,8100.00
3588,3589,2022121401005141,NABIL,4,58,25,810.00,20250.00
3589,3590,2022121401005140,NABIL,38,58,10,810.00,8100.00
3590,3591,2022121401005139,NABIL,58,58,55,810.00,44550.00
3591,3592,2022121401005138,SIKLES,16,43,40,379.00,15160.00
3592,3593,2022121401005137,RHGCL,22,49,10,206.20,2062.00
3593,3594,2022121401005136,NABIL,58,49,45,810.00,36450.00
3594,3595,2022121401005135,NABIL,35,49,50,810.00,40500.00
3595,3596,2022121401005134,NABIL,14,49,30,810.00,24300.00
3596,3597,2022121401005133,NABIL,38,49,100,810.00,81000.00
3597,3598,2022121401005132,NABIL,35,49,40,810.00,32400.00
3598,3599,2022121401005131,NABIL,1,49,10,810.00,8100.00
3599,3600,2022121401005130,NABIL,18,49,27,810.00,21870.00
3600,3601,2022121404002879,RHPL,58,7,32,252.00,8064.00
3601,3602,2022121403003072,MDB,44,35,510,381.10,194361.00
3602,3603,2022121401005129,NABIL,18,58,73,810.00,59130.00
3603,3604,2022121401005128,NABIL,49,58,10,810.00,8100.00
3604,3605,2022121401005127,NABIL,48,58,20,810.00,16200.00
3605,3606,2022121401005126,NABIL,34,58,30,810.00,24300.00
3606,3607,2022121401005125,NABIL,14,58,20,810.00,16200.00
3607,3608,2022121401005124,NABIL,57,58,50,810.00,40500.00
3608,3609,2022121401005123,NABIL,45,58,10,810.00,8100.00
3609,3610,2022121401005122,NABIL,34,58,15,810.00,12150.00
3610,3611,2022121401005121,NABIL,58,58,30,810.00,24300.00
3611,3612,2022121401005120,NABIL,36,58,20,810.00,16200.00
3612,3613,2022121401005119,NABIL,13,58,15,810.00,12150.00
3613,3614,2022121401005118,NABIL,19,58,50,810.00,40500.00
3614,3615,2022121401005117,NABIL,43,58,20,810.00,16200.00
3615,3616,2022121401005116,NABIL,19,58,50,810.00,40500.00
3616,3617,2022121401005115,NABIL,49,58,150,810.00,121500.00
3617,3618,2022121401005114,NABIL,44,58,20,810.00,16200.00
3618,3619,2022121401005113,NABIL,35,58,10,810.00,8100.00
3619,3620,2022121401005112,NABIL,14,58,50,810.00,40500.00
3620,3621,2022121401005111,NABIL,55,58,20,810.00,16200.00
3621,3622,2022121401005110,NABIL,52,58,200,810.00,162000.00
3622,3623,2022121401005109,NABIL,35,58,50,810.00,40500.00
3623,3624,2022121401005108,NABIL,42,58,124,810.00,100440.00
3624,3625,2022121401005107,NABIL,50,58,10,810.00,8100.00
3625,3626,2022121401005106,NABIL,34,58,20,810.00,16200.00
3626,3627,2022121401005105,NABIL,34,58,200,810.00,162000.00
3627,3628,2022121401005104,NABIL,54,58,150,810.00,121500.00
3628,3629,2022121401005103,NABIL,53,58,10,810.00,8100.00
3629,3630,2022121401005102,NABIL,52,58,200,810.00,162000.00
3630,3631,2022121401005101,NABIL,55,58,10,810.00,8100.00
3631,3632,2022121401005100,NABIL,32,58,50,810.10,40505.00
3632,3633,2022121401005099,NABIL,38,58,10,810.20,8102.00
3633,3634,2022121404002878,RURU,58,6,90,738.00,66420.00
3634,3635,2022121404002877,SHEL,57,58,10,231.00,2310.00
3635,3636,2022121404002876,PIC,34,34,1,525.00,525.00
3636,3637,2022121402001164,PHCL,57,42,10,270.00,2700.00
3637,3638,2022121402001163,PHCL,57,38,10,270.00,2700.00
3638,3639,2022121401005098,ADBL,57,41,14,313.00,4382.00
3639,3640,2022121401005097,ADBL,22,41,52,313.00,16276.00
3640,3641,2022121401005096,ADBL,41,41,134,313.00,41942.00
3641,3642,2022121402001162,PHCL,57,47,10,270.00,2700.00
3642,3643,2022121403003071,GUFL,43,53,150,519.50,77925.00
3643,3644,2022121401005095,NIB,32,56,19,218.70,4155.30
3644,3645,2022121402001161,PHCL,57,6,10,270.00,2700.00
3645,3646,2022121401005094,CCBL,8,57,3500,190.00,665000.00
3646,3647,2022121403003070,SIFC,32,54,281,302.00,84862.00
3647,3648,2022121402001160,PHCL,57,58,10,270.00,2700.00
3648,3649,2022121403003069,ICFC,45,43,10,425.00,4250.00
3649,3650,2022121403003068,ICFC,58,43,90,425.00,38250.00
3650,3651,2022121402001159,PHCL,57,21,10,270.00,2700.00
3651,3652,2022121401005093,SBL,33,5,14,311.00,4354.00
3652,3653,2022121401005092,SBL,35,5,486,311.50,151389.00
3653,3654,2022121404002875,UPPER,49,41,100,390.00,39000.00
3654,3655,2022121404002874,UPPER,47,41,30,390.00,11700.00
3655,3656,2022121404002873,UPPER,49,41,11,390.00,4290.00
3656,3657,2022121403003067,NRIC,43,58,30,700.00,21000.00
3657,3658,2022121402001158,PHCL,57,19,10,270.00,2700.00
3658,3659,2022121403003066,GBBL,42,1,64,382.00,24448.00
3659,3660,2022121401005091,NESDO,21,59,50,3286.00,164300.00
3660,3661,2022121401005090,NESDO,59,59,10,3290.00,32900.00
3661,3662,2022121402001157,PHCL,57,55,10,270.00,2700.00
3662,3663,2022121405000833,SLI,41,57,10,334.00,3340.00
3663,3664,2022121401005089,CZBIL,57,25,20,180.00,3600.00
3664,3665,2022121401005088,CZBIL,25,25,200,180.10,36020.00
3665,3666,2022121401005087,CZBIL,7,25,110,180.10,19811.00
3666,3667,2022121401005086,CZBIL,45,25,2000,180.10,360200.00
3667,3668,2022121401005085,CZBIL,22,25,170,180.20,30634.00
3668,3669,2022121402001156,PHCL,57,45,10,270.00,2700.00
3669,3670,2022121401005084,SGHC,33,44,500,255.70,127850.00
3670,3671,2022121403003065,SHINE,41,56,310,330.90,102579.00
3671,3672,2022121401005083,USHEC,47,32,10,249.20,2492.00
3672,3673,2022121401005082,NABIL,21,49,10,811.00,8110.00
3673,3674,2022121403003064,NTC,22,32,100,909.20,90920.00
3674,3675,2022121403003063,SMFDB,14,20,96,1167.00,112032.00
3675,3676,2022121403003062,SMFDB,22,20,50,1169.00,58450.00
3676,3677,2022121403003061,SMFDB,59,20,74,1170.00,86580.00
3677,3678,2022121403003060,SMFDB,14,20,180,1171.00,210780.00
3678,3679,2022121404002872,HEI,58,50,3919,361.30,1415934.70
3679,3680,2022121404002871,HEI,49,50,500,361.40,180700.00
3680,3681,2022121404002870,HEI,33,50,300,361.50,108450.00
3681,3682,2022121404002869,HEI,57,50,100,361.50,36150.00
3682,3683,2022121404002868,HEI,43,50,100,362.00,36200.00
3683,3684,2022121404002867,HEI,59,50,81,362.00,29322.00
3684,3685,2022121401005081,NABIL,25,49,11,811.00,8921.00
3685,3686,2022121401005080,NABIL,13,49,50,811.00,40550.00
3686,3687,2022121401005079,NABIL,43,49,40,811.00,32440.00
3687,3688,2022121401005078,NABIL,1,49,20,811.00,16220.00
3688,3689,2022121401005077,NABIL,4,49,20,811.00,16220.00
3689,3690,2022121401005076,NABIL,6,49,200,811.00,162200.00
3690,3691,2022121401005075,NABIL,58,49,30,811.00,24330.00
3691,3692,2022121401005074,NABIL,38,49,150,811.00,121650.00
3692,3693,2022121401005073,NABIL,7,49,17,811.00,13787.00
3693,3694,2022121401005072,NABIL,38,49,15,811.50,12172.50
3694,3695,2022121401005071,NABIL,4,49,25,811.50,20287.50
3695,3696,2022121405000832,MBJC,59,58,10,216.00,2160.00
3696,3697,2022121404002866,SJCL,59,58,40,241.10,9644.00
3697,3698,2022121404002865,UPPER,49,45,92,390.00,35880.00
3698,3699,2022121404002864,UPPER,41,45,41,390.00,15990.00
3699,3700,2022121404002863,UPPER,58,45,20,390.00,7800.00
3700,3701,2022121404002862,UPPER,54,45,10,390.10,3901.00
3701,3702,2022121404002861,UPPER,6,45,237,390.10,92453.70
3702,3703,2022121404002860,IGI,48,25,60,363.00,21780.00
3703,3704,2022121404002859,IGI,40,25,50,363.00,18150.00
3704,3705,2022121404002858,NHPC,39,7,10,200.00,2000.00
3705,3706,2022121404002857,NHPC,36,7,20,200.00,4000.00
3706,3707,2022121404002856,NHPC,57,7,50,200.00,10000.00
3707,3708,2022121404002855,NHPC,35,7,25,200.00,5000.00
3708,3709,2022121401005070,NABIL,19,58,100,812.00,81200.00
3709,3710,2022121401005069,NABIL,49,58,20,812.00,16240.00
3710,3711,2022121401005068,NABIL,28,58,100,812.00,81200.00
3711,3712,2022121401005067,NABIL,52,58,252,812.00,204624.00
3712,3713,2022121401005066,SGHC,33,58,10,255.70,2557.00
3713,3714,2022121403003059,ALICL,34,57,50,514.50,25725.00
3714,3715,2022121401005065,CZBIL,22,22,80,180.20,14416.00
3715,3716,2022121401005064,CZBIL,54,22,110,180.30,19833.00
3716,3717,2022121401005063,NICA,43,1,250,679.10,169775.00
3717,3718,2022121405000831,JALPA,57,1,10,3345.00,33450.00
3718,3719,2022121401005062,ADBL,41,17,65,313.00,20345.00
3719,3720,2022121405000830,SLI,13,45,10,332.00,3320.00
3720,3721,2022121404002854,SJCL,59,34,10,241.10,2411.00
3721,3722,2022121401005061,RFPL,21,32,10,225.20,2252.00
3722,3723,2022121404002853,GLH,56,29,80,235.30,18824.00
3723,3724,2022121401005060,SIKLES,16,35,10,379.00,3790.00
3724,3725,2022121403003058,ICFC,58,38,10,425.00,4250.00
3725,3726,2022121403003057,ICFC,48,38,10,425.00,4250.00
3726,3727,2022121403003056,ICFC,4,38,100,425.00,42500.00
3727,3728,2022121401005059,PPL,58,58,10,200.40,2004.00
3728,3729,2022121401005058,NABIL,29,58,27,813.00,21951.00
3729,3730,2022121401005057,NABIL,51,58,20,813.00,16260.00
3730,3731,2022121401005056,NABIL,48,58,20,813.00,16260.00
3731,3732,2022121401005055,NABIL,44,58,100,813.00,81300.00
3732,3733,2022121401005054,NABIL,57,58,100,813.50,81350.00
3733,3734,2022121404002852,API,51,22,480,209.50,100560.00
3734,3735,2022121404002851,API,38,22,89,209.60,18654.40
3735,3736,2022121404002850,API,49,22,30,209.70,6291.00
3736,3737,2022121404002849,API,29,22,13,210.00,2730.00
3737,3738,2022121404002848,API,25,22,22,210.00,4620.00
3738,3739,2022121404002847,JOSHI,59,46,100,191.00,19100.00
3739,3740,2022121404002846,JOSHI,59,58,20,191.00,3820.00
3740,3741,2022121401005053,GBIME,42,58,8,208.00,1664.00
3741,3742,2022121401005052,GBIME,42,14,12,208.00,2496.00
3742,3743,2022121401005051,SANIMA,58,14,10,224.00,2240.00
3743,3744,2022121404002845,RIDI,42,40,100,485.00,48500.00
3744,3745,2022121404002844,RIDI,55,40,200,485.00,97000.00
3745,3746,2022121404002843,RIDI,58,40,50,485.00,24250.00
3746,3747,2022121404002842,RIDI,36,40,100,485.00,48500.00
3747,3748,2022121404002841,RIDI,50,40,100,485.00,48500.00
3748,3749,2022121404002840,RIDI,34,40,216,485.00,104760.00
3749,3750,2022121404002839,RIDI,19,40,100,485.10,48510.00
3750,3751,2022121404002838,RIDI,14,40,85,485.20,41242.00
3751,3752,2022121401005050,CCBL,4,34,500,190.10,95050.00
3752,3753,2022121405000829,SLI,38,38,10,332.50,3325.00
3753,3754,2022121403003055,NUBL,29,18,185,891.00,164835.00
3754,3755,2022121403003054,NUBL,29,1,15,890.00,13350.00
3755,3756,2022121404002837,UMRH,34,42,10,412.00,4120.00
3756,3757,2022121401005049,LBL,50,52,100,193.10,19310.00
3757,3758,2022121401005048,LBL,48,52,100,193.10,19310.00
3758,3759,2022121401005047,LBL,39,52,50,193.20,9660.00
3759,3760,2022121404002836,RIDI,44,44,100,486.00,48600.00
3760,3761,2022121404002835,RHPL,58,58,70,252.00,17640.00
3761,3762,2022121405000828,SLI,57,13,10,333.00,3330.00
3762,3763,2022121405000827,SLI,57,57,10,333.00,3330.00
3763,3764,2022121401005046,SHIVM,48,1,200,546.60,109320.00
3764,3765,2022121404002834,MEN,7,6,10,720.00,7200.00
3765,3766,2022121404002833,RADHI,4,58,218,218.00,47524.00
3766,3767,2022121403003053,NLICL,33,34,955,502.00,479410.00
3767,3768,2022121403003052,SWMF,22,40,101,707.70,71477.70
3768,3769,2022121403003051,SWMF,59,40,20,708.00,14160.00
3769,3770,2022121403003050,SWMF,42,40,20,708.00,14160.00
3770,3771,2022121403003049,ICFC,38,38,27,426.00,11502.00
3771,3772,2022121403003048,ICFC,39,38,10,426.00,4260.00
3772,3773,2022121403003047,ICFC,52,38,43,426.00,18318.00
3773,3774,2022121401005045,NABIL,42,48,50,813.60,40680.00
3774,3775,2022121405000826,SLI,13,46,10,332.00,3320.00
3775,3776,2022121403003046,DDBL,6,32,10,1035.10,10351.00
3776,3777,2022121403003045,NIFRA,42,32,10,184.60,1846.00
3777,3778,2022121401005044,SHIVM,55,49,200,547.00,109400.00
3778,3779,2022121403003044,NTC,58,53,20,910.00,18200.00
3779,3780,2022121401005043,NABIL,58,48,28,813.60,22780.80
3780,3781,2022121404002832,RHPL,58,20,20,252.00,5040.00
3781,3782,2022121404002831,RHPL,16,20,30,252.00,7560.00
3782,3783,2022121403003043,GUFL,48,19,200,519.40,103880.00
3783,3784,2022121403003042,CIT,45,19,10,1860.00,18600.00
3784,3785,2022121403003041,CIT,34,57,20,1860.00,37200.00
3785,3786,2022121403003040,NADEP,7,57,25,671.30,16782.50
3786,3787,2022121401005042,NIB,32,59,197,218.50,43044.50
3787,3788,2022121404002830,BARUN,45,49,10,201.80,2018.00
3788,3789,2022121404002829,UPPER,6,58,52,390.10,20285.20
3789,3790,2022121401005041,MHL,48,58,10,310.00,3100.00
3790,3791,2022121405000825,SAHAS,39,46,10,448.00,4480.00
3791,3792,2022121401005040,AVYAN,21,22,100,701.00,70100.00
3792,3793,2022121401005039,AVYAN,49,22,10,701.00,7010.00
3793,3794,2022121403003039,NLICL,33,34,500,502.00,251000.00
3794,3795,2022121403003038,NLICL,33,34,475,502.00,238450.00
3795,3796,2022121404002828,RHPL,16,6,70,252.00,17640.00
3796,3797,2022121401005038,NICFC,58,32,500,7.72,3860.00
3797,3798,2022121403003037,NRIC,21,56,66,699.10,46140.60
3798,3799,2022121401005037,BHDC,47,22,150,354.30,53145.00
3799,3800,2022121401005036,NABIL,28,25,320,813.80,260416.00
3800,3801,2022121401005035,NABIL,28,1,80,813.80,65104.00
3801,3802,2022121401005034,SHIVM,5,1,297,546.70,162369.90
3802,3803,2022121401005033,SHIVM,22,1,50,547.00,27350.00
3803,3804,2022121401005032,SHIVM,11,1,73,547.00,39931.00
3804,3805,2022121403003036,NTC,58,34,10,910.00,9100.00
3805,3806,2022121403003035,NTC,4,34,20,910.00,18200.00
3806,3807,2022121403003034,NTC,34,34,50,910.00,45500.00
3807,3808,2022121403003033,NTC,22,34,100,910.00,91000.00
3808,3809,2022121403003032,NTC,34,34,20,910.00,18200.00
3809,3810,2022121403003031,SKBBL,22,22,78,1110.00,86580.00
3810,3811,2022121403003030,SKBBL,4,22,22,1110.00,24420.00
3811,3812,2022121404002827,AKJCL,42,48,40,172.00,6880.00
3812,3813,2022121401005031,NICA,34,33,10,680.00,6800.00
3813,3814,2022121403003029,NIFRA,38,38,64,185.00,11840.00
3814,3815,2022121403003028,NTC,34,58,480,910.00,436800.00
3815,3816,2022121403003027,NTC,45,58,500,910.20,455100.00
3816,3817,2022121403003026,NTC,45,58,20,910.50,18210.00
3817,3818,2022121403003025,ICFC,52,41,80,426.00,34080.00
3818,3819,2022121404002826,SJCL,59,6,40,241.10,9644.00
3819,3820,2022121401005030,NICA,25,33,10,680.00,6800.00
3820,3821,2022121401005029,NICA,26,33,36,680.00,24480.00
3821,3822,2022121404002825,RBCL,52,58,20,12527.00,250540.00
3822,3823,2022121404002824,RBCL,16,58,10,12530.00,125300.00
3823,3824,2022121404002823,RIDI,14,34,15,485.20,7278.00
3824,3825,2022121403003024,NRIC,21,45,500,699.10,349550.00
3825,3826,2022121405000824,MBJC,59,58,380,216.00,82080.00
3826,3827,2022121401005028,ADBL,41,36,500,313.00,156500.00
3827,3828,2022121401005027,ADBL,41,57,95,313.00,29735.00
3828,3829,2022121401005026,BHDC,47,58,90,354.30,31887.00
3829,3830,2022121403003023,CIT,34,39,10,1860.00,18600.00
3830,3831,2022121403003022,SHINE,41,36,260,331.00,86060.00
3831,3832,2022121401005025,BHDC,47,52,120,354.50,42540.00
3832,3833,2022121403003021,NTC,57,53,30,911.00,27330.00
3833,3834,2022121403003020,NTC,18,53,10,911.00,9110.00
3834,3835,2022121401005024,GBIME,42,14,50,208.00,10400.00
3835,3836,2022121403003019,NADEP,19,18,100,672.10,67210.00
3836,3837,2022121403003018,NADEP,46,18,150,672.20,100830.00
3837,3838,2022121403003017,NADEP,50,18,14,672.30,9412.20
3838,3839,2022121403003016,NADEP,25,18,25,672.40,16810.00
3839,3840,2022121403003015,NADEP,35,18,10,673.00,6730.00
3840,3841,2022121404002822,RIDI,45,34,50,485.30,24265.00
3841,3842,2022121404002821,API,38,22,35,210.40,7364.00
3842,3843,2022121404002820,UPPER,51,3,10,391.00,3910.00
3843,3844,2022121404002819,UPPER,19,3,60,391.00,23460.00
3844,3845,2022121401005023,KDBY,42,32,300,8.00,2400.00
3845,3846,2022121401005022,RBCLPO,45,16,10,10200.00,102000.00
3846,3847,2022121401005021,RBCLPO,16,16,20,10201.00,204020.00
3847,3848,2022121403003014,ICFC,52,41,10,426.00,4260.00
3848,3849,2022121403003013,ICFC,7,41,50,427.00,21350.00
3849,3850,2022121405000823,MKJC,19,28,70,405.20,28364.00
3850,3851,2022121404002818,GLH,56,54,320,235.30,75296.00
3851,3852,2022121404002817,GLH,35,54,250,235.40,58850.00
3852,3853,2022121404002816,GLH,13,54,140,235.50,32970.00
3853,3854,2022121401005020,SGHC,33,44,755,255.70,193053.50
3854,3855,2022121401005019,SGHC,26,44,245,256.10,62744.50
3855,3856,2022121401005018,NABIL,57,1,10,813.80,8138.00
3856,3857,2022121404002815,MEN,7,5,10,720.00,7200.00
3857,3858,2022121403003012,NTC,18,58,800,911.00,728800.00
3858,3859,2022121401005017,PRVU,43,34,312,200.00,62400.00
3859,3860,2022121401005016,PRVU,29,34,500,200.00,100000.00
3860,3861,2022121401005015,PRVU,42,34,108,200.00,21600.00
3861,3862,2022121401005014,PRVU,10,34,50,200.10,10005.00
3862,3863,2022121401005013,PRVU,42,34,30,200.60,6018.00
3863,3864,2022121403003011,RLFL,17,45,500,296.00,148000.00
3864,3865,2022121403003010,SDLBSL,29,7,12,926.00,11112.00
3865,3866,2022121405000822,MBJC,59,58,10,216.00,2160.00
3866,3867,2022121404002814,NICSF,42,58,100,7.80,780.00
3867,3868,2022121404002813,DHPL,19,4,11,173.10,1904.10
3868,3869,2022121405000821,MBJC,59,38,10,216.00,2160.00
3869,3870,2022121401005012,RHGCL,22,25,260,206.20,53612.00
3870,3871,2022121403003009,JBBL,56,52,50,280.00,14000.00
3871,3872,2022121404002812,CHCL,5,6,15,386.00,5790.00
3872,3873,2022121401005011,BHDC,47,52,20,354.50,7090.00
3873,3874,2022121404002811,RIDI,58,34,35,486.00,17010.00
3874,3875,2022121403003008,NTC,41,53,20,911.90,18238.00
3875,3876,2022121405000820,SLI,52,25,110,332.50,36575.00
3876,3877,2022121404002810,HPPL,44,49,22,249.90,5497.80
3877,3878,2022121403003007,NTC,18,36,50,911.00,45550.00
3878,3879,2022121403003006,FMDBL,34,33,550,707.00,388850.00
3879,3880,2022121401005010,ADBL,41,48,39,313.00,12207.00
3880,3881,2022121401005009,ADBL,5,48,50,313.20,15660.00
3881,3882,2022121403003005,NADEP,34,40,100,675.00,67500.00
3882,3883,2022121403003004,NADEP,17,40,136,676.00,91936.00
3883,3884,2022121403003003,SKBBL,57,48,21,1111.00,23331.00
3884,3885,2022121403003002,SKBBL,58,48,100,1112.00,111200.00
3885,3886,2022121403003001,SKBBL,36,48,30,1115.00,33450.00
3886,3887,2022121403003000,SKBBL,39,48,27,1115.00,30105.00
3887,3888,2022121403002999,NRIC,21,58,500,700.00,350000.00
3888,3889,2022121403002998,NRIC,45,58,454,701.10,318299.40
3889,3890,2022121403002997,NRIC,41,58,100,701.10,70110.00
3890,3891,2022121403002996,NRIC,36,58,200,702.10,140420.00
3891,3892,2022121403002995,NRIC,25,58,100,702.50,70250.00
3892,3893,2022121403002994,NRIC,43,58,289,702.50,203022.50
3893,3894,2022121404002809,PPCL,51,1,480,285.00,136800.00
3894,3895,2022121404002808,PPCL,58,1,100,285.10,28510.00
3895,3896,2022121401005008,NABIL,35,1,10,813.80,8138.00
3896,3897,2022121401005007,RHGCL,22,58,10,206.20,2062.00
3897,3898,2022121403002993,GUFL,43,32,275,519.30,142807.50
3898,3899,2022121403002992,NRIC,43,32,11,702.50,7727.50
3899,3900,2022121404002807,DHPL,7,4,10,174.00,1740.00
3900,3901,2022121403002991,SKBBL,25,22,50,1115.50,55775.00
3901,3902,2022121404002806,MHNL,29,43,270,250.00,67500.00
3902,3903,2022121405000819,MBJC,59,59,10,216.00,2160.00
3903,3904,2022121403002990,NIFRA,32,58,60,186.00,11160.00
3904,3905,2022121403002989,NTC,18,55,140,911.00,127540.00
3905,3906,2022121403002988,NTC,49,55,20,911.10,18222.00
3906,3907,2022121401005006,RFPL,21,58,10,225.20,2252.00
3907,3908,2022121401005005,UHEWA,41,11,10,346.00,3460.00
3908,3909,2022121403002987,CIT,57,49,50,1863.00,93150.00
3909,3910,2022121401005004,SANIMA,55,14,20,224.00,4480.00
3910,3911,2022121401005003,PPL,50,56,10,200.60,2006.00
3911,3912,2022121401005002,SGHC,26,16,10,256.10,2561.00
3912,3913,2022121404002805,API,25,28,78,210.00,16380.00
3913,3914,2022121404002804,API,4,28,22,210.00,4620.00
3914,3915,2022121401005001,PRVU,11,45,200,201.00,40200.00
3915,3916,2022121401005000,SANIMA,55,14,80,224.00,17920.00
3916,3917,2022121404002803,AHPC,45,22,149,267.10,39797.90
3917,3918,2022121401004999,GVL,13,32,10,308.20,3082.00
3918,3919,2022121404002802,AKPL,36,34,24,345.00,8280.00
3919,3920,2022121404002801,AKPL,17,34,215,345.00,74175.00
3920,3921,2022121401004998,HDL,6,58,10,3825.00,38250.00
3921,3922,2022121401004997,HDL,14,58,10,3825.00,38250.00
3922,3923,2022121401004996,HDL,7,58,10,3825.00,38250.00
3923,3924,2022121401004995,HDL,42,58,49,3825.00,187425.00
3924,3925,2022121401004994,HDL,33,58,25,3825.00,95625.00
3925,3926,2022121404002800,UPPER,57,49,50,391.50,19575.00
3926,3927,2022121401004993,BHDC,47,17,50,354.30,17715.00
3927,3928,2022121403002986,NRIC,21,6,100,703.00,70300.00
3928,3929,2022121403002985,NRIC,43,6,89,703.10,62575.90
3929,3930,2022121403002984,SHINE,41,36,200,331.00,66200.00
3930,3931,2022121403002983,SHINE,34,36,40,331.00,13240.00
3931,3932,2022121401004992,ADBL,53,57,100,313.10,31310.00
3932,3933,2022121403002982,KLBSL,42,4,50,803.60,40180.00
3933,3934,2022121403002981,NRIC,43,34,11,703.10,7734.10
3934,3935,2022121401004991,SANIMA,51,14,20,224.00,4480.00
3935,3936,2022121404002799,TRH,35,25,200,344.00,68800.00
3936,3937,2022121404002798,TRH,35,1,110,344.00,37840.00
3937,3938,2022121401004990,NMB,17,38,10,231.10,2311.00
3938,3939,2022121404002797,RADHI,45,58,186,218.00,40548.00
3939,3940,2022121404002796,NHPC,35,39,975,200.00,195000.00
3940,3941,2022121404002795,NHPC,39,39,275,200.00,55000.00
3941,3942,2022121404002794,NHPC,52,39,500,200.10,100050.00
3942,3943,2022121404002793,NHPC,41,39,100,200.50,20050.00
3943,3944,2022121401004989,RHGCL,49,25,40,207.00,8280.00
3944,3945,2022121404002792,SHEL,57,58,10,231.00,2310.00
3945,3946,2022121405000818,SLI,52,49,10,332.50,3325.00
3946,3947,2022121403002980,KRBL,43,49,40,252.00,10080.00
3947,3948,2022121403002979,KRBL,58,49,45,254.00,11430.00
3948,3949,2022121401004988,RHGCL,49,35,10,207.00,2070.00
3949,3950,2022121401004987,NABIL,35,49,10,813.90,8139.00
3950,3951,2022121401004986,HHL,44,38,10,221.20,2212.00
3951,3952,2022121401004985,HHL,44,35,10,221.10,2211.00
3952,3953,2022121404002791,RIDI,59,45,202,487.00,98374.00
3953,3954,2022121403002978,RSDC,29,38,93,531.00,49383.00
3954,3955,2022121401004984,NCCB,34,3,58,183.20,10625.60
3955,3956,2022121404002790,UMHL,45,45,69,227.00,15663.00
3956,3957,2022121404002789,UMHL,45,18,81,227.00,18387.00
3957,3958,2022121404002788,UMHL,45,33,100,226.90,22690.00
3958,3959,2022121403002977,CHDC,38,38,10,653.00,6530.00
3959,3960,2022121401004983,GBIME,48,14,20,208.00,4160.00
3960,3961,2022121401004982,GBIME,6,14,28,208.00,5824.00
3961,3962,2022121401004981,NMB,17,38,30,231.10,6933.00
3962,3963,2022121405000817,SAHAS,39,58,410,448.00,183680.00
3963,3964,2022121405000816,SAHAS,19,58,30,448.10,13443.00
3964,3965,2022121404002787,API,4,34,85,210.00,17850.00
3965,3966,2022121401004980,BHDC,47,58,10,350.00,3500.00
3966,3967,2022121403002976,LBBL,57,42,65,316.50,20572.50
3967,3968,2022121401004979,CCBL,8,34,10,190.00,1900.00
3968,3969,2022121404002786,API,50,28,200,210.10,42020.00
3969,3970,2022121403002975,NIFRA,16,39,240,185.00,44400.00
3970,3971,2022121404002785,SHPC,33,35,10,271.00,2710.00
3971,3972,2022121401004978,CBL,28,41,893,214.00,191102.00
3972,3973,2022121401004977,CBL,28,58,10,214.00,2140.00
3973,3974,2022121401004976,CBL,28,18,97,214.00,20758.00
3974,3975,2022121401004975,SIKLES,34,43,60,379.00,22740.00
3975,3976,2022121405000815,MBJC,57,5,10,215.20,2152.00
3976,3977,2022121401004974,NMB,17,33,100,231.10,23110.00
3977,3978,2022121403002974,SFCL,17,55,660,256.00,168960.00
3978,3979,2022121403002973,NLIC,36,34,424,609.50,258428.00
3979,3980,2022121403002972,NLIC,36,19,76,609.00,46284.00
3980,3981,2022121405000814,MKJC,17,28,1000,406.00,406000.00
3981,3982,2022121401004973,CBL,28,18,300,214.00,64200.00
3982,3983,2022121403002971,SADBL,35,49,10,302.00,3020.00
3983,3984,2022121405000813,RULB,58,32,10,870.00,8700.00
3984,3985,2022121404002784,AIL,45,16,10,372.30,3723.00
3985,3986,2022121401004972,SANIMA,51,22,100,224.00,22400.00
3986,3987,2022121404002783,SICL,55,55,2,765.00,1530.00
3987,3988,2022121401004971,SGHC,26,34,10,256.10,2561.00
3988,3989,2022121403002970,SHINE,45,33,200,331.30,66260.00
3989,3990,2022121401004970,CZBIL,45,42,14,181.00,2534.00
3990,3991,2022121401004969,USHEC,47,59,10,249.20,2492.00
3991,3992,2022121404002782,SHPC,11,35,990,271.20,268488.00
3992,3993,2022121404002781,RIDI,59,6,152,487.00,74024.00
3993,3994,2022121404002780,RIDI,45,6,100,487.10,48710.00
3994,3995,2022121403002969,DDBL,46,14,92,1036.00,95312.00
3995,3996,2022121403002968,MLBL,36,55,100,343.00,34300.00
3996,3997,2022121403002967,NTC,58,34,648,911.90,590911.20
3997,3998,2022121403002966,NTC,25,34,62,911.90,56537.80
3998,3999,2022121403002965,NTC,58,34,240,911.90,218856.00
3999,4000,2022121403002964,NTC,57,34,50,912.00,45600.00
4000,4001,2022121404002779,HDHPC,10,40,100,177.00,17700.00
4001,4002,2022121404002778,HDHPC,10,45,500,177.00,88500.00
4002,4003,2022121404002777,NGPL,45,56,10,207.20,2072.00
4003,4004,2022121401004968,UHEWA,41,58,10,346.00,3460.00
4004,4005,2022121405000812,MBJC,57,49,10,215.20,2152.00
4005,4006,2022121403002963,LICN,14,26,30,1410.00,42300.00
4006,4007,2022121403002962,LICN,25,26,10,1413.10,14131.00
4007,4008,2022121403002961,LICN,29,26,20,1413.20,28264.00
4008,4009,2022121403002960,ILBS,14,48,32,859.00,27488.00
4009,4010,2022121401004967,SIKLES,34,55,10,379.00,3790.00
4010,4011,2022121401004966,BHDC,47,52,140,354.50,49630.00
4011,4012,2022121403002959,LBBL,54,42,172,316.60,54455.20
4012,4013,2022121401004965,HBL,38,6,62,321.50,19933.00
4013,4014,2022121401004964,HBL,19,6,10,323.00,3230.00
4014,4015,2022121404002776,HDHPC,33,35,250,176.00,44000.00
4015,4016,2022121403002958,NADEP,17,34,25,676.00,16900.00
4016,4017,2022121401004963,PRVU,52,45,100,201.00,20100.00
4017,4018,2022121404002775,NGPL,57,56,50,207.20,10360.00
4018,4019,2022121401004962,UHEWA,41,45,50,346.00,17300.00
4019,4020,2022121404002774,RHPL,58,20,25,252.20,6305.00
4020,4021,2022121401004961,SHIVM,11,16,37,547.00,20239.00
4021,4022,2022121401004960,SHIVM,56,16,25,547.00,13675.00
4022,4023,2022121401004959,SHIVM,29,16,200,547.00,109400.00
4023,4024,2022121401004958,SHIVM,5,16,200,547.10,109420.00
4024,4025,2022121401004957,SHIVM,38,16,30,547.50,16425.00
4025,4026,2022121401004956,SHIVM,44,16,460,547.70,251942.00
4026,4027,2022121401004955,SHIVM,49,16,60,548.00,32880.00
4027,4028,2022121401004954,SHIVM,37,16,10,548.00,5480.00
4028,4029,2022121401004953,SHIVM,7,16,90,548.00,49320.00
4029,4030,2022121401004952,SHIVM,37,16,88,548.00,48224.00
4030,4031,2022121401004951,SHIVM,18,16,100,548.00,54800.00
4031,4032,2022121401004950,SHIVM,50,16,100,548.00,54800.00
4032,4033,2022121401004949,SHIVM,48,16,1000,548.10,548100.00
4033,4034,2022121401004948,SHIVM,14,16,500,548.20,274100.00
4034,4035,2022121401004947,SHIVM,22,16,100,548.30,54830.00
4035,4036,2022121403002957,GBBL,42,25,22,382.00,8404.00
4036,4037,2022121403002956,GBBL,6,25,140,382.00,53480.00
4037,4038,2022121401004946,AVYAN,57,21,10,702.00,7020.00
4038,4039,2022121404002773,AHPC,55,41,10,270.00,2700.00
4039,4040,2022121403002955,FMDBL,11,33,20,708.00,14160.00
4040,4041,2022121403002954,FMDBL,6,33,448,708.00,317184.00
4041,4042,2022121403002953,FMDBL,34,33,1397,708.00,989076.00
4042,4043,2022121403002952,FMDBL,35,33,50,708.10,35405.00
4043,4044,2022121403002951,RMDC,20,48,130,943.10,122603.00
4044,4045,2022121403002950,RMDC,14,48,50,943.20,47160.00
4045,4046,2022121403002949,RMDC,34,48,20,943.30,18866.00
4046,4047,2022121403002948,RMDC,11,48,30,945.00,28350.00
4047,4048,2022121403002947,RMDC,57,48,10,945.00,9450.00
4048,4049,2022121403002946,NLICL,33,20,25,502.00,12550.00
4049,4050,2022121404002772,CHL,59,45,90,208.20,18738.00
4050,4051,2022121404002771,UNHPL,16,17,20,189.00,3780.00
4051,4052,2022121401004945,SIKLES,34,59,300,379.00,113700.00
4052,4053,2022121401004944,BHDC,47,58,10,350.00,3500.00
4053,4054,2022121404002770,BPCL,56,33,80,305.10,24408.00
4054,4055,2022121401004943,MBL,22,37,10,212.00,2120.00
4055,4056,2022121401004942,MBL,6,37,250,212.00,53000.00
4056,4057,2022121401004941,MBL,28,37,25,212.00,5300.00
4057,4058,2022121401004940,MBL,14,37,650,212.10,137865.00
4058,4059,2022121401004939,KBL,8,58,10,185.20,1852.00
4059,4060,2022121404002769,AHPC,36,55,208,268.60,55868.80
4060,4061,2022121401004938,EBL,36,38,12,439.00,5268.00
4061,4062,2022121401004937,BHDC,47,52,10,354.50,3545.00
4062,4063,2022121401004936,BHDC,47,58,10,354.00,3540.00
4063,4064,2022121401004935,BHDC,47,3,50,353.90,17695.00
4064,4065,2022121401004934,BHDC,47,54,20,353.00,7060.00
4065,4066,2022121401004933,BHDC,47,25,100,352.90,35290.00
4066,4067,2022121401004932,RFPL,39,8,10,225.10,2251.00
4067,4068,2022121404002768,UPPER,57,46,50,391.00,19550.00
4068,4069,2022121403002945,LBBL,25,42,100,317.00,31700.00
4069,4070,2022121403002944,NTC,16,34,10,912.50,9125.00
4070,4071,2022121403002943,NLICL,49,20,575,502.00,288650.00
4071,4072,2022121403002942,NLICL,49,38,25,502.00,12550.00
4072,4073,2022121401004931,NIB,28,56,95,218.70,20776.50
4073,4074,2022121401004930,GBIME,6,20,72,208.00,14976.00
4074,4075,2022121404002767,RHPL,58,45,150,252.20,37830.00
4075,4076,2022121401004929,SGHC,26,49,10,256.10,2561.00
4076,4077,2022121401004928,AVYAN,50,43,10,702.00,7020.00
4077,4078,2022121403002941,USLB,56,37,20,885.00,17700.00
4078,4079,2022121404002766,RHPL,58,35,100,252.20,25220.00
4079,4080,2022121404002765,CGH,56,21,40,1005.00,40200.00
4080,4081,2022121404002764,CGH,33,21,10,1006.00,10060.00
4081,4082,2022121403002940,NRN,44,17,10,407.00,4070.00
4082,4083,2022121403002939,NRN,44,57,10,405.90,4059.00
4083,4084,2022121404002763,UPCL,5,56,10,215.10,2151.00
4084,4085,2022121404002762,UPCL,28,56,10,215.20,2152.00
4085,4086,2022121401004927,SHIVM,34,28,185,548.30,101435.50
4086,4087,2022121405000811,MBJC,35,45,10,215.10,2151.00
4087,4088,2022121401004926,GBIME,48,20,54,208.00,11232.00
4088,4089,2022121401004925,CYCL,34,18,10,2486.20,24862.00
4089,4090,2022121403002938,LBBL,37,42,150,317.10,47565.00
4090,4091,2022121403002937,LBBL,17,42,13,318.00,4134.00
4091,4092,2022121401004924,RHGCL,22,59,10,206.20,2062.00
4092,4093,2022121401004923,UHEWA,41,45,10,346.00,3460.00
4093,4094,2022121403002936,PFL,42,6,234,331.20,77500.80
4094,4095,2022121404002761,KKHC,16,35,145,180.00,26100.00
4095,4096,2022121404002760,KKHC,19,35,10,180.00,1800.00
4096,4097,2022121404002759,KKHC,21,35,100,181.10,18110.00
4097,4098,2022121401004922,LBL,17,17,10,194.00,1940.00
4098,4099,2022121401004921,MEGA,51,39,70,193.30,13531.00
4099,4100,2022121401004920,MEGA,32,39,30,193.40,5802.00
4100,4101,2022121401004919,MEGA,32,45,50,193.40,9670.00
4101,4102,2022121401004918,MEGA,11,45,50,193.60,9680.00
4102,4103,2022121404002758,CHCL,34,22,289,385.50,111409.50
4103,4104,2022121404002757,CHCL,5,22,200,386.00,77200.00
4104,4105,2022121404002756,CHCL,49,22,161,386.10,62162.10
4105,4106,2022121403002935,SAPDBL,36,35,15,220.00,3300.00
4106,4107,2022121405000810,JBLB,34,46,7,2709.80,18968.60
4107,4108,2022121401004917,AVYAN,50,29,10,702.00,7020.00
4108,4109,2022121404002755,SICL,22,55,20,765.00,15300.00
4109,4110,2022121404002754,SICL,58,55,10,766.00,7660.00
4110,4111,2022121404002753,SICL,52,55,18,766.10,13789.80
4111,4112,2022121404002752,SICL,29,55,50,766.50,38325.00
4112,4113,2022121403002934,NUBL,51,16,15,890.20,13353.00
4113,4114,2022121403002933,SHINE,34,44,210,331.00,69510.00
4114,4115,2022121403002932,SHINE,34,44,100,331.10,33110.00
4115,4116,2022121403002931,SHINE,33,44,190,331.20,62928.00
4116,4117,2022121401004916,NCCB,34,57,42,183.20,7694.40
4117,4118,2022121401004915,RHGCL,22,22,150,206.20,30930.00
4118,4119,2022121403002930,SADBL,48,49,30,302.00,9060.00
4119,4120,2022121403002929,NTC,58,45,50,911.90,45595.00
4120,4121,2022121404002751,SICL,38,38,12,770.90,9250.80
4121,4122,2022121401004914,MEGA,57,38,70,194.00,13580.00
4122,4123,2022121401004913,MEGA,57,38,30,194.00,5820.00
4123,4124,2022121404002750,NHPC,7,59,10,201.00,2010.00
4124,4125,2022121404002749,RADHI,45,56,39,218.00,8502.00
4125,4126,2022121403002928,NIFRA,42,39,46,184.60,8491.60
4126,4127,2022121403002927,NIFRA,16,39,18,185.00,3330.00
4127,4128,2022121403002926,NLICL,49,20,400,502.00,200800.00
4128,4129,2022121403002925,NLICL,33,20,100,504.00,50400.00
4129,4130,2022121403002924,NLICL,33,20,400,504.00,201600.00
4130,4131,2022121401004912,KBL,58,8,35,185.90,6506.50
4131,4132,2022121401004911,KBL,58,48,20,185.90,3718.00
4132,4133,2022121404002748,SIL,39,33,10,493.00,4930.00
4133,4134,2022121404002747,API,4,5,13,210.00,2730.00
4134,4135,2022121403002923,NIFRA,16,18,179,185.00,33115.00
4135,4136,2022121403002922,ACLBSL,45,34,13,710.00,9230.00
4136,4137,2022121403002921,DDBL,10,14,10,1039.50,10395.00
4137,4138,2022121401004910,HDL,20,41,10,3825.10,38251.00
4138,4139,2022121403002920,NMBMF,52,28,14,650.00,9100.00
4139,4140,2022121403002919,NMBMF,34,28,44,650.00,28600.00
4140,4141,2022121401004909,NMB,17,39,130,231.10,30043.00
4141,4142,2022121401004908,NMB,6,39,57,231.50,13195.50
4142,4143,2022121403002918,RLFL,56,38,161,295.00,47495.00
4143,4144,2022121401004907,RHGCL,50,17,10,206.60,2066.00
4144,4145,2022121404002746,STC,47,5,14,3600.00,50400.00
4145,4146,2022121403002917,NTC,58,45,10,911.90,9119.00
4146,4147,2022121404002745,SHEL,57,38,10,231.00,2310.00
4147,4148,2022121403002916,KSBBL,38,28,250,306.00,76500.00
4148,4149,2022121401004906,SIKLES,34,59,50,379.00,18950.00
4149,4150,2022121403002915,GFCL,48,45,49,452.00,22148.00
4150,4151,2022121403002914,GFCL,48,45,10,451.90,4519.00
4151,4152,2022121403002913,GFCL,48,25,26,450.00,11700.00
4152,4153,2022121403002912,GFCL,48,5,35,450.00,15750.00
4153,4154,2022121404002744,SHPC,33,16,600,272.00,163200.00
4154,4155,2022121404002743,API,29,52,37,210.00,7770.00
4155,4156,2022121404002742,API,41,52,13,210.00,2730.00
4156,4157,2022121405000809,MLBS,34,49,10,1004.90,10049.00
4157,4158,2022121401004905,LBL,14,17,37,194.00,7178.00
4158,4159,2022121403002911,KSBBL,38,28,1000,306.00,306000.00
4159,4160,2022121404002741,API,41,58,30,210.00,6300.00
4160,4161,2022121404002740,SIL,55,44,60,492.00,29520.00
4161,4162,2022121404002739,BARUN,49,49,373,200.00,74600.00
4162,4163,2022121404002738,BARUN,44,49,27,200.10,5402.70
4163,4164,2022121404002737,RHPL,58,45,170,252.20,42874.00
4164,4165,2022121404002736,RHPL,19,45,30,253.00,7590.00
4165,4166,2022121401004904,HDL,20,59,30,3825.10,114753.00
4166,4167,2022121401004903,HDL,38,59,10,3825.20,38252.00
4167,4168,2022121401004902,HDL,49,59,10,3826.10,38261.00
4168,4169,2022121405000808,SLI,52,35,10,332.50,3325.00
4169,4170,2022121404002735,NIL,22,48,20,712.10,14242.00
4170,4171,2022121401004901,SIKLES,34,59,50,379.00,18950.00
4171,4172,2022121403002910,NIFRA,42,58,16,184.60,2953.60
4172,4173,2022121403002909,SMFDB,14,6,20,1171.00,23420.00
4173,4174,2022121401004900,CZBIL,45,10,150,181.00,27150.00
4174,4175,2022121401004899,SHIVM,34,49,15,548.30,8224.50
4175,4176,2022121401004898,SHIVM,55,49,15,548.30,8224.50
4176,4177,2022121401004897,NABIL,34,49,50,813.90,40695.00
4177,4178,2022121404002734,SHPC,33,16,1000,272.00,272000.00
4178,4179,2022121403002908,SKBBL,1,48,10,1118.00,11180.00
4179,4180,2022121401004896,NICA,4,22,10,681.50,6815.00
4180,4181,2022121401004895,BHDC,47,16,10,350.00,3500.00
4181,4182,2022121404002733,NGPL,56,58,500,208.00,104000.00
4182,4183,2022121405000807,JALPA,32,33,10,3345.00,33450.00
4183,4184,2022121401004894,GBIME,48,41,50,208.00,10400.00
4184,4185,2022121404002732,STC,33,5,38,3600.00,136800.00
4185,4186,2022121401004893,SIKLES,34,58,10,379.00,3790.00
4186,4187,2022121404002731,MHNL,57,56,35,251.00,8785.00
4187,4188,2022121404002730,NGPL,56,58,500,208.00,104000.00
4188,4189,2022121404002729,NIL,37,6,500,713.00,356500.00
4189,4190,2022121404002728,NIL,29,6,60,714.00,42840.00
4190,4191,2022121401004892,GBIME,48,8,296,208.00,61568.00
4191,4192,2022121401004891,GBIME,58,8,100,208.00,20800.00
4192,4193,2022121401004890,GBIME,11,8,12,208.00,2496.00
4193,4194,2022121403002907,RLFL,56,58,110,295.00,32450.00
4194,4195,2022121403002906,RLFL,42,58,10,295.50,2955.00
4195,4196,2022121401004889,GVL,53,48,33,309.00,10197.00
4196,4197,2022121404002727,RIDI,59,21,100,487.00,48700.00
4197,4198,2022121401004888,SCB,55,6,100,400.00,40000.00
4198,4199,2022121404002726,SPDL,10,21,460,262.00,120520.00
4199,4200,2022121401004887,USHEC,20,53,260,250.00,65000.00
4200,4201,2022121403002905,NTC,58,43,110,911.90,100309.00
4201,4202,2022121403002904,NMFBS,42,48,10,2018.00,20180.00
4202,4203,2022121401004886,SIKLES,34,58,10,379.00,3790.00
4203,4204,2022121403002903,NLIC,49,19,15,609.00,9135.00
4204,4205,2022121401004885,CBL,28,18,203,214.00,43442.00
4205,4206,2022121401004884,CBL,28,35,101,214.00,21614.00
4206,4207,2022121401004883,CBL,28,39,21,214.00,4494.00
4207,4208,2022121401004882,CBL,28,28,125,213.90,26737.50
4208,4209,2022121401004881,CBL,28,10,550,213.70,117535.00
4209,4210,2022121404002725,IGI,40,56,50,363.00,18150.00
4210,4211,2022121401004880,NIB,32,25,70,218.50,15295.00
4211,4212,2022121401004879,NIB,17,25,30,218.50,6555.00
4212,4213,2022121401004878,NIB,22,25,200,218.50,43700.00
4213,4214,2022121401004877,NIB,51,25,500,218.60,109300.00
4214,4215,2022121401004876,NIB,11,25,100,218.70,21870.00
4215,4216,2022121401004875,NIB,51,25,100,219.00,21900.00
4216,4217,2022121403002902,GBBL,6,34,100,382.00,38200.00
4217,4218,2022121401004874,BHDC,47,48,170,352.00,59840.00
4218,4219,2022121401004873,USHEC,20,38,10,250.00,2500.00
4219,4220,2022121401004872,GBIME,28,8,35,208.50,7297.50
4220,4221,2022121403002901,CBBL,17,10,50,1107.00,55350.00
4221,4222,2022121404002724,API,41,57,130,210.00,27300.00
4222,4223,2022121401004871,RFPL,39,38,10,225.10,2251.00
4223,4224,2022121401004870,PPL,50,58,10,200.60,2006.00
4224,4225,2022121401004869,BHDC,47,32,10,352.00,3520.00
4225,4226,2022121404002723,AKPL,17,39,15,345.00,5175.00
4226,4227,2022121404002722,API,41,38,30,210.00,6300.00
4227,4228,2022121404002721,API,22,38,20,210.00,4200.00
4228,4229,2022121404002720,SPDL,22,21,500,262.00,131000.00
4229,4230,2022121404002719,SHEL,57,49,10,231.00,2310.00
4230,4231,2022121401004868,HDL,45,58,25,3830.00,95750.00
4231,4232,2022121405000806,JBLB,6,4,10,2732.00,27320.00
4232,4233,2022121401004867,MHL,48,38,10,310.00,3100.00
4233,4234,2022121404002718,UPPER,6,21,211,390.10,82311.10
4234,4235,2022121404002717,UPPER,45,21,89,390.10,34718.90
4235,4236,2022121401004866,NMB,6,16,43,231.50,9954.50
4236,4237,2022121401004865,MBL,11,35,91,212.20,19310.20
4237,4238,2022121403002900,SKBBL,40,48,10,1118.00,11180.00
4238,4239,2022121401004864,HDL,58,58,58,3830.00,222140.00
4239,4240,2022121405000805,ENL,8,58,10,578.20,5782.00
4240,4241,2022121401004863,NICFC,29,58,100,7.73,773.00
4241,4242,2022121404002716,RIDI,59,16,50,487.10,24355.00
4242,4243,2022121404002715,HDHPC,33,26,815,176.00,143440.00
4243,4244,2022121404002714,HDHPC,45,26,100,176.10,17610.00
4244,4245,2022121404002713,HDHPC,48,26,85,176.10,14968.50
4245,4246,2022121404002712,JOSHI,32,13,10,191.40,1914.00
4246,4247,2022121404002711,JOSHI,32,13,10,191.30,1913.00
4247,4248,2022121404002710,JOSHI,32,13,10,191.20,1912.00
4248,4249,2022121401004862,BHDC,47,54,30,352.00,10560.00
4249,4250,2022121401004861,BHDC,47,58,10,352.00,3520.00
4250,4251,2022121401004860,BHDC,47,38,10,352.00,3520.00
4251,4252,2022121401004859,BHDC,47,49,10,350.00,3500.00
4252,4253,2022121401004858,BHDC,47,32,10,349.00,3490.00
4253,4254,2022121403002899,GBBL,6,56,50,382.00,19100.00
4254,4255,2022121401004857,HDL,22,58,50,3826.20,191310.00
4255,4256,2022121401004856,RFPL,39,49,10,225.10,2251.00
4256,4257,2022121403002898,SLBBL,56,57,50,827.00,41350.00
4257,4258,2022121403002897,SLBBL,11,57,10,830.00,8300.00
4258,4259,2022121403002896,SLBBL,56,57,10,831.00,8310.00
4259,4260,2022121403002895,NLICL,49,20,100,504.00,50400.00
4260,4261,2022121401004855,ADBL,41,40,40,313.00,12520.00
4261,4262,2022121403002894,KSBBL,54,14,50,306.70,15335.00
4262,4263,2022121403002893,SFCL,17,55,340,256.00,87040.00
4263,4264,2022121401004854,NABIL,28,49,500,813.90,406950.00
4264,4265,2022121403002892,CFCL,48,39,10,306.00,3060.00
4265,4266,2022121403002891,SADBL,42,4,105,300.30,31531.50
4266,4267,2022121401004853,NABIL,22,57,40,813.00,32520.00
4267,4268,2022121401004852,SHIVM,34,17,38,549.70,20888.60
4268,4269,2022121401004851,SHIVM,55,19,100,548.30,54830.00
4269,4270,2022121401004850,SHIVM,57,19,100,548.40,54840.00
4270,4271,2022121401004849,BOKL,21,8,400,204.90,81960.00
4271,4272,2022121403002890,SWBBL,25,41,50,1172.00,58600.00
4272,4273,2022121403002889,CBBL,22,13,19,1111.00,21109.00
4273,4274,2022121403002888,NIFRA,44,18,35,185.00,6475.00
4274,4275,2022121401004848,NMB,17,44,23,231.10,5315.30
4275,4276,2022121405000804,MBJC,44,18,42,216.20,9080.40
4276,4277,2022121403002887,NIFRA,53,46,64,184.50,11808.00
4277,4278,2022121403002886,NTC,21,50,100,912.90,91290.00
4278,4279,2022121403002885,PFL,34,34,10,331.30,3313.00
4279,4280,2022121401004847,MBL,26,8,100,212.40,21240.00
4280,4281,2022121401004846,USHEC,20,53,100,250.00,25000.00
4281,4282,2022121403002884,WNLB,57,29,10,927.40,9274.00
4282,4283,2022121404002709,KKHC,4,58,10,183.50,1835.00
4283,4284,2022121401004845,SCB,34,13,100,400.10,40010.00
4284,4285,2022121401004844,RFPL,39,58,10,225.10,2251.00
4285,4286,2022121403002883,NIFRA,53,49,10,184.50,1845.00
4286,4287,2022121404002708,NGPL,56,45,50,207.00,10350.00
4287,4288,2022121404002707,NGPL,43,45,150,207.00,31050.00
4288,4289,2022121404002706,NGPL,35,45,300,207.00,62100.00
4289,4290,2022121404002705,RHPL,50,49,500,253.00,126500.00
4290,4291,2022121403002882,NLIC,17,19,11,607.00,6677.00
4291,4292,2022121401004843,NABIL,34,49,50,813.90,40695.00
4292,4293,2022121403002881,SADBL,45,4,150,301.00,45150.00
4293,4294,2022121403002880,CLBSL,33,39,13,754.60,9809.80
4294,4295,2022121403002879,MNBBL,5,45,56,418.10,23413.60
4295,4296,2022121403002878,MLBL,36,41,25,343.00,8575.00
4296,4297,2022121403002877,MLBL,41,41,25,343.00,8575.00
4297,4298,2022121404002704,GLH,13,46,10,235.50,2355.00
4298,4299,2022121405000803,SLI,42,51,10,332.60,3326.00
4299,4300,2022121401004842,SIKLES,17,49,10,380.00,3800.00
4300,4301,2022121401004841,SIKLES,17,39,10,380.00,3800.00
4301,4302,2022121401004840,SIKLES,17,58,10,380.00,3800.00
4302,4303,2022121401004839,SIKLES,17,57,90,380.00,34200.00
4303,4304,2022121401004838,SIKLES,17,16,10,380.00,3800.00
4304,4305,2022121403002876,CHDC,6,44,100,653.00,65300.00
4305,4306,2022121403002875,NRIC,58,54,98,704.00,68992.00
4306,4307,2022121403002874,NRIC,41,54,122,704.00,85888.00
4307,4308,2022121403002873,NTC,6,50,300,912.90,273870.00
4308,4309,2022121403002872,USLB,51,37,30,880.00,26400.00
4309,4310,2022121404002703,KKHC,4,58,10,183.00,1830.00
4310,4311,2022121405000802,MBJC,44,49,10,216.20,2162.00
4311,4312,2022121404002702,PICL,13,10,40,347.00,13880.00
4312,4313,2022121401004837,NICA,58,22,10,681.50,6815.00
4313,4314,2022121401004836,MMF1,35,6,100,7.12,712.00
4314,4315,2022121401004835,SBL,26,38,25,311.00,7775.00
4315,4316,2022121404002701,MHNL,21,56,115,251.00,28865.00
4316,4317,2022121404002700,MHNL,21,58,385,251.00,96635.00
4317,4318,2022121404002699,HDHPC,48,57,15,176.10,2641.50
4318,4319,2022121401004834,SHIVM,49,42,415,549.80,228167.00
4319,4320,2022121401004833,SHIVM,49,58,85,549.80,46733.00
4320,4321,2022121403002871,NLICL,49,22,400,504.00,201600.00
4321,4322,2022121403002870,NLICL,49,20,500,504.00,252000.00
4322,4323,2022121403002869,FOWAD,34,45,263,2581.00,678803.00
4323,4324,2022121403002868,FOWAD,26,45,10,2582.00,25820.00
4324,4325,2022121403002867,FOWAD,48,45,10,2582.00,25820.00
4325,4326,2022121403002866,FOWAD,5,45,20,2583.00,51660.00
4326,4327,2022121401004832,SANIMA,11,25,80,224.00,17920.00
4327,4328,2022121401004831,SANIMA,8,25,10,224.00,2240.00
4328,4329,2022121401004830,SANIMA,58,25,100,224.00,22400.00
4329,4330,2022121404002698,RURU,58,1,11,738.00,8118.00
4330,4331,2022121404002697,HEI,19,7,500,363.00,181500.00
4331,4332,2022121401004829,NMB,33,33,51,231.00,11781.00
4332,4333,2022121401004828,NMB,25,16,207,231.50,47920.50
4333,4334,2022121401004827,NICA,26,6,10,680.00,6800.00
4334,4335,2022121405000801,JBLB,58,45,17,2743.00,46631.00
4335,4336,2022121403002865,NUBL,13,16,43,890.00,38270.00
4336,4337,2022121404002696,SSHL,17,10,500,172.00,86000.00
4337,4338,2022121404002695,SSHL,17,10,500,172.00,86000.00
4338,4339,2022121401004826,GBIME,58,8,10,208.50,2085.00
4339,4340,2022121403002864,SFCL,45,25,72,255.10,18367.20
4340,4341,2022121401004825,SPHL,32,49,10,362.00,3620.00
4341,4342,2022121402001155,PHCL,44,53,10,270.00,2700.00
4342,4343,2022121401004824,SGHC,17,41,10,260.00,2600.00
4343,4344,2022121401004823,SGHC,17,58,10,260.00,2600.00
4344,4345,2022121401004822,SGHC,17,20,40,260.00,10400.00
4345,4346,2022121401004821,SGHC,17,42,10,258.00,2580.00
4346,4347,2022121402001154,PHCL,44,38,10,270.00,2700.00
4347,4348,2022121402001153,PHCL,44,38,10,270.00,2700.00
4348,4349,2022121401004820,SBL,26,38,10,311.00,3110.00
4349,4350,2022121402001152,PHCL,44,58,10,270.00,2700.00
4350,4351,2022121402001151,PHCL,44,58,10,270.00,2700.00
4351,4352,2022121402001150,PHCL,44,58,10,270.00,2700.00
4352,4353,2022121402001149,PHCL,44,19,10,270.00,2700.00
4353,4354,2022121403002863,FOWAD,56,45,20,2595.00,51900.00
4354,4355,2022121405000800,MKJC,28,14,300,406.00,121800.00
4355,4356,2022121402001148,PHCL,44,57,10,270.00,2700.00
4356,4357,2022121401004819,GBIME,11,41,50,208.00,10400.00
4357,4358,2022121402001147,PHCL,44,45,10,270.00,2700.00
4358,4359,2022121402001146,PHCL,44,16,10,270.00,2700.00
4359,4360,2022121404002694,AHPC,57,55,60,269.00,16140.00
4360,4361,2022121404002693,UPCL,5,39,205,215.40,44157.00
4361,4362,2022121401004818,MBL,4,35,10,212.90,2129.00
4362,4363,2022121401004817,MBL,4,48,20,212.90,4258.00
4363,4364,2022121403002862,FOWAD,49,45,65,2595.00,168675.00
4364,4365,2022121403002861,NTC,17,11,30,912.00,27360.00
4365,4366,2022121403002860,NTC,59,11,60,912.00,54720.00
4366,4367,2022121401004816,LBL,14,17,500,194.00,97000.00
4367,4368,2022121403002859,EDBL,19,49,10,305.00,3050.00
4368,4369,2022121403002858,NLIC,43,19,100,607.00,60700.00
4369,4370,2022121404002692,AKJCL,42,57,150,171.00,25650.00
4370,4371,2022121404002691,SHPC,33,35,500,274.00,137000.00
4371,4372,2022121404002690,SHPC,33,41,200,274.00,54800.00
4372,4373,2022121404002689,SHPC,33,47,311,274.00,85214.00
4373,4374,2022121404002688,SHPC,33,10,90,273.00,24570.00
4374,4375,2022121401004815,HBL,19,34,100,324.00,32400.00
4375,4376,2022121401004814,UHEWA,41,58,10,346.00,3460.00
4376,4377,2022121405000799,SAHAS,39,57,10,448.00,4480.00
4377,4378,2022121404002687,API,22,22,99,210.40,20829.60
4378,4379,2022121404002686,UNHPL,45,16,200,189.80,37960.00
4379,4380,2022121401004813,SHIVM,41,58,10,549.80,5498.00
4380,4381,2022121403002857,NIFRA,54,18,16,185.00,2960.00
4381,4382,2022121401004812,SIKLES,34,34,10,379.00,3790.00
4382,4383,2022121405000798,MBJC,56,42,40,217.00,8680.00
4383,4384,2022121401004811,SHIVM,41,19,100,548.50,54850.00
4384,4385,2022121401004810,SHIVM,56,19,50,549.00,27450.00
4385,4386,2022121401004809,SHIVM,36,19,50,549.00,27450.00
4386,4387,2022121403002856,NRIC,41,33,78,704.00,54912.00
4387,4388,2022121403002855,NRIC,41,33,150,704.00,105600.00
4388,4389,2022121404002685,PPCL,58,37,400,286.00,114400.00
4389,4390,2022121401004808,SBL,26,38,12,311.00,3732.00
4390,4391,2022121401004807,HDL,42,53,20,3829.00,76580.00
4391,4392,2022121403002854,CBBL,45,52,50,1110.00,55500.00
4392,4393,2022121401004806,NCCB,8,11,250,181.50,45375.00
4393,4394,2022121403002853,NICLBSL,16,38,20,713.00,14260.00
4394,4395,2022121404002684,JOSHI,22,39,100,190.70,19070.00
4395,4396,2022121404002683,JOSHI,22,16,100,190.70,19070.00
4396,4397,2022121404002682,UNHPL,16,40,70,189.00,13230.00
4397,4398,2022121401004805,SPHL,43,6,10,353.80,3538.00
4398,4399,2022121403002852,NRIC,41,28,100,704.00,70400.00
4399,4400,2022121403002851,VLBS,58,4,27,813.00,21951.00
4400,4401,2022121403002850,HIDCL,52,32,40,166.90,6676.00
4401,4402,2022121405000797,SLI,42,29,10,332.60,3326.00
4402,4403,2022121403002849,SMFDB,59,22,26,1170.00,30420.00
4403,4404,2022121403002848,SMFDB,39,22,15,1170.10,17551.50
4404,4405,2022121403002847,SMFDB,28,22,14,1170.10,16381.40
4405,4406,2022121401004804,GBIME,11,58,18,208.00,3744.00
4406,4407,2022121401004803,GBIME,1,58,42,208.00,8736.00
4407,4408,2022121405000796,SLI,55,57,10,333.00,3330.00
4408,4409,2022121403002846,NTC,45,46,100,912.00,91200.00
4409,4410,2022121401004802,NICA,26,34,54,680.00,36720.00
4410,4411,2022121401004801,NICA,7,34,20,680.10,13602.00
4411,4412,2022121403002845,NADEP,17,21,110,676.00,74360.00
4412,4413,2022121403002844,SADBL,35,4,22,301.00,6622.00
4413,4414,2022121404002681,AHPC,57,38,40,269.00,10760.00
4414,4415,2022121403002843,SADBL,41,4,500,301.00,150500.00
4415,4416,2022121403002842,SADBL,17,4,50,301.10,15055.00
4416,4417,2022121403002841,SADBL,D01,4,473,301.20,142467.60
4417,4418,2022121403002840,SADBL,43,4,200,302.00,60400.00
4418,4419,2022121404002680,PPCL,14,37,100,286.00,28600.00
4419,4420,2022121404002679,PIC,21,29,12,529.00,6348.00
4420,4421,2022121404002678,PIC,21,49,10,529.00,5290.00
4421,4422,2022121404002677,JOSHI,59,25,43,190.00,8170.00
4422,4423,2022121404002676,JOSHI,59,38,390,190.00,74100.00
4423,4424,2022121404002675,HDHPC,22,32,200,176.20,35240.00
4424,4425,2022121404002674,HDHPC,50,32,200,177.10,35420.00
4425,4426,2022121403002839,NMFBS,47,56,10,2015.00,20150.00
4426,4427,2022121403002838,USLB,51,6,15,875.00,13125.00
4427,4428,2022121403002837,PFL,54,34,30,331.30,9939.00
4428,4429,2022121403002836,SHINE,34,41,50,331.10,16555.00
4429,4430,2022121403002835,NLIC,39,19,20,609.00,12180.00
4430,4431,2022121404002673,NLG,49,16,200,475.00,95000.00
4431,4432,2022121404002672,NLG,49,40,99,474.80,47005.20
4432,4433,2022121404002671,NLG,49,38,100,474.50,47450.00
4433,4434,2022121404002670,UPCL,3,39,294,215.40,63327.60
4434,4435,2022121401004800,KBL,16,10,500,185.10,92550.00
4435,4436,2022121403002834,NLICL,33,20,500,505.00,252500.00
4436,4437,2022121403002833,NLICL,33,20,500,504.00,252000.00
4437,4438,2022121401004799,HIDCLP,52,28,20,97.60,1952.00
4438,4439,2022121403002832,CFCL,41,28,15,305.00,4575.00
4439,4440,2022121404002669,BPCL,41,19,165,306.00,50490.00
4440,4441,2022121403002831,NRIC,3,58,100,705.00,70500.00
4441,4442,2022121401004798,SHIVM,50,58,10,549.80,5498.00
4442,4443,2022121404002668,KKHC,4,58,20,183.50,3670.00
4443,4444,2022121401004797,UHEWA,57,18,10,345.00,3450.00
4444,4445,2022121401004796,NABIL,58,8,20,814.00,16280.00
4445,4446,2022121403002830,CBBL,58,52,20,1111.00,22220.00
4446,4447,2022121403002829,SADBL,43,41,30,302.00,9060.00
4447,4448,2022121404002667,HDHPC,58,21,200,177.00,35400.00
4448,4449,2022121403002828,NLICL,33,22,100,503.00,50300.00
4449,4450,2022121403002827,NLICL,33,20,400,503.00,201200.00
4450,4451,2022121404002666,PIC,21,58,23,525.00,12075.00
4451,4452,2022121403002826,NIFRA,54,26,10,185.00,1850.00
4452,4453,2022121403002825,NRIC,49,6,16,705.00,11280.00
4453,4454,2022121403002824,NRIC,49,20,34,705.00,23970.00
4454,4455,2022121403002823,NRIC,49,8,50,705.00,35250.00
4455,4456,2022121403002822,CIT,42,49,10,1863.00,18630.00
4456,4457,2022121401004795,PRVU,54,45,22,201.00,4422.00
4457,4458,2022121401004794,GVL,50,51,10,309.10,3091.00
4458,4459,2022121404002665,NGPL,45,58,1000,208.00,208000.00
4459,4460,2022121401004793,PCBL,58,39,20,225.00,4500.00
4460,4461,2022121404002664,HPPL,56,14,940,249.80,234812.00
4461,4462,2022121401004792,GBIME,1,41,50,208.00,10400.00
4462,4463,2022121405000795,MBJC,56,18,10,217.00,2170.00
4463,4464,2022121401004791,BHL,28,41,10,253.00,2530.00
4464,4465,2022121401004790,BHL,28,49,10,252.90,2529.00
4465,4466,2022121401004789,BHL,28,57,10,252.10,2521.00
4466,4467,2022121401004788,SBL,1,58,190,312.00,59280.00
4467,4468,2022121403002821,GUFL,43,50,10,518.60,5186.00
4468,4469,2022121404002663,JOSHI,32,38,10,190.00,1900.00
4469,4470,2022121404002662,SHPC,32,10,10,273.00,2730.00
4470,4471,2022121403002820,CBBL,49,52,30,1112.00,33360.00
4471,4472,2022121401004787,NICA,29,22,50,681.50,34075.00
4472,4473,2022121403002819,NTC,45,6,10,912.80,9128.00
4473,4474,2022121401004786,RHGCL,22,58,10,206.20,2062.00
4474,4475,2022121401004785,RHGCL,22,46,10,206.20,2062.00
4475,4476,2022121401004784,NCCB,8,34,40,181.50,7260.00
4476,4477,2022121404002661,SHPC,33,1,1000,273.90,273900.00
4477,4478,2022121404002660,STC,33,55,28,3610.00,101080.00
4478,4479,2022121404002659,STC,33,58,10,3610.00,36100.00
4479,4480,2022121404002658,GHL,45,48,100,194.00,19400.00
4480,4481,2022121403002818,GUFL,25,26,20,520.00,10400.00
4481,4482,2022121403002817,GUFL,58,26,10,520.00,5200.00
4482,4483,2022121401004783,BOKL,21,8,10,204.90,2049.00
4483,4484,2022121401004782,USHEC,20,38,10,250.00,2500.00
4484,4485,2022121405000794,MBJC,56,28,50,217.00,10850.00
4485,4486,2022121405000793,MBJC,56,28,50,217.00,10850.00
4486,4487,2022121401004781,NICA,26,33,290,682.00,197780.00
4487,4488,2022121404002657,AHPC,42,38,250,269.00,67250.00
4488,4489,2022121401004780,NMB,33,33,100,231.00,23100.00
4489,4490,2022121403002816,NIFRA,54,38,64,185.00,11840.00
4490,4491,2022121403002815,NIFRA,54,32,10,185.00,1850.00
4491,4492,2022121405000792,MKJC,6,17,20,408.90,8178.00
4492,4493,2022121403002814,HIDCL,26,32,100,166.90,16690.00
4493,4494,2022121403002813,NMFBS,5,5,10,2010.10,20101.00
4494,4495,2022121403002812,NTC,45,48,80,912.00,72960.00
4495,4496,2022121403002811,KSBBL,55,38,55,306.80,16874.00
4496,4497,2022121401004779,SANIMA,22,54,180,225.00,40500.00
4497,4498,2022121403002810,NRIC,37,8,50,705.00,35250.00
4498,4499,2022121401004778,BHL,28,58,10,252.00,2520.00
4499,4500,2022121401004777,BHL,28,16,10,252.00,2520.00
4500,4501,2022121401004776,BHL,28,41,10,251.00,2510.00
4501,4502,2022121401004775,BHL,28,6,10,251.00,2510.00
4502,4503,2022121401004774,BHL,28,39,10,251.00,2510.00
4503,4504,2022121401004773,BHL,28,58,10,250.00,2500.00
4504,4505,2022121401004772,BHL,28,42,10,250.00,2500.00
4505,4506,2022121401004771,BHL,28,54,10,250.00,2500.00
4506,4507,2022121401004770,SHIVM,16,58,220,549.80,120956.00
4507,4508,2022121403002809,SMFDB,28,13,36,1170.10,42123.60
4508,4509,2022121403002808,SMFDB,35,13,10,1172.00,11720.00
4509,4510,2022121403002807,SMFDB,43,13,34,1172.00,39848.00
4510,4511,2022121404002656,HURJA,33,53,50,205.90,10295.00
4511,4512,2022121404002655,HURJA,33,49,20,204.00,4080.00
4512,4513,2022121404002654,HURJA,33,7,10,204.00,2040.00
4513,4514,2022121401004769,RFPL,28,58,10,227.00,2270.00
4514,4515,2022121401004768,RFPL,28,49,10,227.00,2270.00
4515,4516,2022121401004767,RHGCL,22,32,10,206.20,2062.00
4516,4517,2022121403002806,NMFBS,5,5,38,2010.10,76383.80
4517,4518,2022121402001145,PHCL,36,53,10,270.00,2700.00
4518,4519,2022121401004766,HDL,49,53,10,3829.00,38290.00
4519,4520,2022121401004765,GBIME,58,14,10,209.00,2090.00
4520,4521,2022121404002653,UPPER,16,4,809,391.80,316966.20
4521,4522,2022121403002805,NADEP,17,18,29,676.00,19604.00
4522,4523,2022121401004764,CCBL,45,41,50,190.80,9540.00
4523,4524,2022121401004763,NCCB,58,57,10,183.20,1832.00
4524,4525,2022121404002652,NGPL,58,58,20,208.00,4160.00
4525,4526,2022121401004762,GBIME,1,8,416,208.00,86528.00
4526,4527,2022121401004761,GBIME,5,8,84,208.00,17472.00
4527,4528,2022121403002804,GUFL,38,26,20,521.00,10420.00
4528,4529,2022121403002803,ICFC,58,14,10,429.00,4290.00
4529,4530,2022121405000791,SLI,42,38,10,332.60,3326.00
4530,4531,2022121405000790,MBJC,56,49,10,217.00,2170.00
4531,4532,2022121401004760,SIKLES,58,59,20,378.10,7562.00
4532,4533,2022121401004759,BOKL,22,58,114,204.30,23290.20
4533,4534,2022121401004758,BOKL,11,58,200,204.40,40880.00
4534,4535,2022121404002651,CGH,51,41,90,1009.00,90810.00
4535,4536,2022121405000789,MBJC,56,20,100,217.00,21700.00
4536,4537,2022121404002650,HDHPC,58,28,100,177.00,17700.00
4537,4538,2022121403002802,SMFDB,43,32,16,1172.00,18752.00
4538,4539,2022121403002801,SMFDB,57,32,12,1173.30,14079.60
4539,4540,2022121403002800,SMFDB,58,32,17,1173.80,19954.60
4540,4541,2022121401004757,NIB,45,32,50,219.90,10995.00
4541,4542,2022121403002799,CFCL,48,33,10,307.90,3079.00
4542,4543,2022121401004756,HHL,56,6,10,222.90,2229.00
4543,4544,2022121403002798,WNLB,57,29,10,909.30,9093.00
4544,4545,2022121403002797,NRIC,41,54,50,704.00,35200.00
4545,4546,2022121401004755,GVL,53,32,10,309.00,3090.00
4546,4547,2022121401004754,NICA,42,33,10,682.00,6820.00
4547,4548,2022121405000788,MBJC,56,49,10,217.00,2170.00
4548,4549,2022121403002796,MLBSL,42,35,4,3940.00,15760.00
4549,4550,2022121401004753,PRVU,22,45,143,201.00,28743.00
4550,4551,2022121404002649,PPCL,51,26,10,285.00,2850.00
4551,4552,2022121404002648,CHL,59,25,177,208.20,36851.40
4552,4553,2022121403002795,NTC,6,6,20,912.80,18256.00
4553,4554,2022121404002647,AIL,47,48,35,378.00,13230.00
4554,4555,2022121403002794,ALICL,57,1,91,515.00,46865.00
4555,4556,2022121403002793,ALICL,57,38,152,515.00,78280.00
4556,4557,2022121401004752,SIKLES,58,59,30,378.10,11343.00
4557,4558,2022121403002792,NUBL,13,57,40,890.00,35600.00
4558,4559,2022121403002791,CIT,1,35,70,1862.90,130403.00
4559,4560,2022121401004751,ADBL,41,14,100,314.00,31400.00
4560,4561,2022121401004750,NMB,33,33,100,231.00,23100.00
4561,4562,2022121401004749,MHL,48,34,10,310.00,3100.00
4562,4563,2022121401004748,NABIL,45,8,10,814.00,8140.00
4563,4564,2022121401004747,HHL,56,57,20,221.20,4424.00
4564,4565,2022121401004746,HHL,56,49,10,220.00,2200.00
4565,4566,2022121404002646,HURJA,33,7,10,204.00,2040.00
4566,4567,2022121404002645,HURJA,33,57,20,204.00,4080.00
4567,4568,2022121404002644,HURJA,33,7,20,203.50,4070.00
4568,4569,2022121404002643,HURJA,33,29,50,203.40,10170.00
4569,4570,2022121404002642,HURJA,33,45,100,203.00,20300.00
4570,4571,2022121401004745,PCBL,58,39,18,225.00,4050.00
4571,4572,2022121404002641,BARUN,47,49,10,201.90,2019.00
4572,4573,2022121403002790,CIT,34,38,14,1860.00,26040.00
4573,4574,2022121401004744,HDL,55,53,50,3826.10,191305.00
4574,4575,2022121405000787,MBJC,56,22,10,217.00,2170.00
4575,4576,2022121405000786,MBJC,56,28,100,217.00,21700.00
4576,4577,2022121403002789,WNLB,57,22,10,908.00,9080.00
4577,4578,2022121405000785,MBJC,56,32,10,217.00,2170.00
4578,4579,2022121403002788,GFCL,46,5,15,450.00,6750.00
4579,4580,2022121401004743,NABIL,52,25,48,812.00,38976.00
4580,4581,2022121401004742,NABIL,59,25,20,812.00,16240.00
4581,4582,2022121401004741,NABIL,57,25,250,812.00,203000.00
4582,4583,2022121401004740,NABIL,58,25,10,812.00,8120.00
4583,4584,2022121401004739,NABIL,1,25,100,812.00,81200.00
4584,4585,2022121401004738,NABIL,48,25,30,812.00,24360.00
4585,4586,2022121401004737,NABIL,4,25,50,812.00,40600.00
4586,4587,2022121401004736,NABIL,36,25,50,812.00,40600.00
4587,4588,2022121401004735,NABIL,28,25,30,812.00,24360.00
4588,4589,2022121401004734,NABIL,55,25,10,812.00,8120.00
4589,4590,2022121401004733,NABIL,53,25,60,812.00,48720.00
4590,4591,2022121401004732,NABIL,52,25,20,812.00,16240.00
4591,4592,2022121401004731,NABIL,52,25,20,812.00,16240.00
4592,4593,2022121401004730,NABIL,35,25,1000,812.10,812100.00
4593,4594,2022121401004729,NABIL,58,25,10,812.10,8121.00
4594,4595,2022121401004728,NABIL,28,25,500,812.50,406250.00
4595,4596,2022121401004727,NABIL,56,25,50,813.00,40650.00
4596,4597,2022121401004726,NABIL,37,25,500,813.00,406500.00
4597,4598,2022121401004725,NABIL,56,25,100,813.00,81300.00
4598,4599,2022121401004724,NABIL,58,25,50,813.00,40650.00
4599,4600,2022121401004723,NABIL,37,25,500,813.00,406500.00
4600,4601,2022121401004722,NABIL,19,25,110,813.00,89430.00
4601,4602,2022121401004721,NABIL,45,25,30,813.00,24390.00
4602,4603,2022121401004720,NABIL,14,25,20,813.00,16260.00
4603,4604,2022121401004719,NABIL,44,25,332,813.00,269916.00
4604,4605,2022121401004718,NABIL,28,25,100,813.50,81350.00
4605,4606,2022121403002787,NTC,45,25,16,912.00,14592.00
4606,4607,2022121401004717,BHDC,47,5,10,348.00,3480.00
4607,4608,2022121401004716,PCBL,56,39,10,225.00,2250.00
4608,4609,2022121403002786,NLICL,28,20,100,503.00,50300.00
4609,4610,2022121403002785,NADEP,19,18,200,677.00,135400.00
4610,4611,2022121403002784,NADEP,54,18,110,678.00,74580.00
4611,4612,2022121403002783,NADEP,25,18,20,679.00,13580.00
4612,4613,2022121405000784,NYADI,45,16,50,281.00,14050.00
4613,4614,2022121405000783,NYADI,45,1,100,280.00,28000.00
4614,4615,2022121405000782,NYADI,45,58,10,278.50,2785.00
4615,4616,2022121405000781,NYADI,45,25,135,278.40,37584.00
4616,4617,2022121405000780,NYADI,45,29,20,278.40,5568.00
4617,4618,2022121405000779,NYADI,45,51,100,278.40,27840.00
4618,4619,2022121405000778,NYADI,45,32,16,278.00,4448.00
4619,4620,2022121405000777,NYADI,45,16,30,278.00,8340.00
4620,4621,2022121405000776,NYADI,45,32,40,277.90,11116.00
4621,4622,2022121405000775,NYADI,45,29,20,277.80,5556.00
4622,4623,2022121401004715,AVYAN,1,50,10,702.90,7029.00
4623,4624,2022121403002782,NRIC,10,42,118,704.00,83072.00
4624,4625,2022121401004714,SBL,58,58,10,312.00,3120.00
4625,4626,2022121401004713,NBL,58,34,10,277.00,2770.00
4626,4627,2022121403002781,SLBBL,46,6,10,835.00,8350.00
4627,4628,2022121404002640,UIC,51,54,400,341.00,136400.00
4628,4629,2022121401004712,HDL,21,14,14,3826.00,53564.00
4629,4630,2022121401004711,GBIME,5,32,50,208.00,10400.00
4630,4631,2022121401004710,GBIME,5,8,16,208.00,3328.00
4631,4632,2022121401004709,PPL,34,48,10,204.00,2040.00
4632,4633,2022121401004708,PPL,34,16,10,202.00,2020.00
4633,4634,2022121401004707,MHL,48,58,10,310.00,3100.00
4634,4635,2022121401004706,SCB,48,57,19,401.00,7619.00
4635,4636,2022121401004705,NBL,19,16,101,276.00,27876.00
4636,4637,2022121401004704,NBL,54,16,25,276.10,6902.50
4637,4638,2022121404002639,HPPL,19,14,60,249.80,14988.00
4638,4639,2022121401004703,GVL,50,34,10,309.10,3091.00
4639,4640,2022121401004702,BHL,28,49,10,248.00,2480.00
4640,4641,2022121403002780,NRIC,44,42,582,704.00,409728.00
4641,4642,2022121403002779,NRIC,44,32,85,704.00,59840.00
4642,4643,2022121401004701,SBL,26,37,50,311.00,15550.00
4643,4644,2022121401004700,SBL,40,37,50,311.00,15550.00
4644,4645,2022121403002778,MFIL,42,54,60,417.00,25020.00
4645,4646,2022121404002638,UPPER,6,50,100,391.90,39190.00
4646,4647,2022121405000774,MBJC,56,38,10,217.00,2170.00
4647,4648,2022121401004699,PCBL,34,6,1000,224.50,224500.00
4648,4649,2022121401004698,PCBL,56,39,10,225.00,2250.00
4649,4650,2022121404002637,AHPC,42,38,10,269.00,2690.00
4650,4651,2022121404002636,AHPC,42,28,990,269.00,266310.00
4651,4652,2022121401004697,NICA,32,33,400,683.00,273200.00
4652,4653,2022121401004696,NICA,32,19,100,682.00,68200.00
4653,4654,2022121403002777,NLIC,37,19,40,610.00,24400.00
4654,4655,2022121401004695,NABIL,58,8,10,814.00,8140.00
4655,4656,2022121405000773,JALPA,32,6,10,3345.00,33450.00
4656,4657,2022121404002635,RHPL,19,49,630,253.00,159390.00
4657,4658,2022121404002634,NGPL,40,14,290,208.90,60581.00
4658,4659,2022121404002633,NGPL,40,52,10,208.80,2088.00
4659,4660,2022121403002776,NUBL,13,38,37,890.00,32930.00
4660,4661,2022121403002775,CFCL,48,33,10,307.90,3079.00
4661,4662,2022121405000772,TPC,49,50,20,325.00,6500.00
4662,4663,2022121405000771,TPC,49,47,10,322.00,3220.00
4663,4664,2022121404002632,CGH,58,41,10,1009.00,10090.00
4664,4665,2022121401004694,NABIL,44,41,10,813.00,8130.00
4665,4666,2022121401004693,NCCB,8,11,250,181.50,45375.00
4666,4667,2022121405000770,JBLB,6,38,17,2732.00,46444.00
4667,4668,2022121403002774,NLICL,33,20,500,503.00,251500.00
4668,4669,2022121403002773,SMFDB,1,32,17,1174.00,19958.00
4669,4670,2022121404002631,AHPC,58,56,36,268.90,9680.40
4670,4671,2022121403002772,NIFRA,38,38,54,185.00,9990.00
4671,4672,2022121404002630,UPPER,16,49,145,391.80,56811.00
4672,4673,2022121404002629,UPPER,16,16,46,391.00,17986.00
4673,4674,2022121403002771,NRIC,47,47,6,690.00,4140.00
4674,4675,2022121401004692,NABIL,42,8,13,814.00,10582.00
4675,4676,2022121401004691,NABIL,44,58,50,813.00,40650.00
4676,4677,2022121401004690,PCBL,34,54,74,224.50,16613.00
4677,4678,2022121401004689,UHEWA,11,49,10,345.10,3451.00
4678,4679,2022121403002770,ILBS,28,45,20,860.00,17200.00
4679,4680,2022121403002769,ILBS,14,45,40,860.00,34400.00
4680,4681,2022121402001144,PHCL,17,36,10,270.00,2700.00
4681,4682,2022121405000769,MKJC,6,28,30,409.00,12270.00
4682,4683,2022121403002768,NIFRA,53,21,15,184.50,2767.50
4683,4684,2022121403002767,NIFRA,51,21,15,184.60,2769.00
4684,4685,2022121403002766,HIDCL,46,32,10,166.90,1669.00
4685,4686,2022121401004688,KBL,22,32,30,186.00,5580.00
4686,4687,2022121401004687,KBL,22,32,200,186.00,37200.00
4687,4688,2022121403002765,NIFRA,47,47,4,181.00,724.00
4688,4689,2022121404002628,NGPL,17,58,3000,207.00,621000.00
4689,4690,2022121404002627,NGPL,35,58,500,207.00,103500.00
4690,4691,2022121401004686,NABIL,59,8,10,814.00,8140.00
4691,4692,2022121403002764,SLBBL,46,49,50,834.00,41700.00
4692,4693,2022121401004685,SPHL,32,21,10,361.00,3610.00
4693,4694,2022121401004684,SPHL,32,58,10,353.00,3530.00
4694,4695,2022121403002763,CBBL,6,54,50,1112.00,55600.00
4695,4696,2022121404002626,AHPC,39,56,50,268.90,13445.00
4696,4697,2022121404002625,NMBHF1,38,36,1248,9.13,11394.24
4697,4698,2022121401004683,BOKL,58,8,26,205.00,5330.00
4698,4699,2022121401004682,BOKL,58,28,364,205.00,74620.00
4699,4700,2022121401004681,SGHC,25,20,10,260.00,2600.00
4700,4701,2022121403002762,CHDC,38,38,10,653.00,6530.00
4701,4702,2022121405000768,SLI,55,58,10,333.00,3330.00
4702,4703,2022121401004680,CBL,45,28,1000,213.90,213900.00
4703,4704,2022121403002761,SWMF,54,14,200,710.00,142000.00
4704,4705,2022121403002760,SWMF,56,14,20,710.00,14200.00
4705,4706,2022121403002759,SWMF,39,14,10,711.00,7110.00
4706,4707,2022121401004679,PCBL,46,39,31,225.00,6975.00
4707,4708,2022121401004678,PCBL,46,49,19,224.90,4273.10
4708,4709,2022121403002758,NTC,35,11,10,912.00,9120.00
4709,4710,2022121403002757,SMB,10,57,10,1221.00,12210.00
4710,4711,2022121401004677,NIB,41,49,100,219.00,21900.00
4711,4712,2022121404002624,MHNL,20,58,115,251.00,28865.00
4712,4713,2022121404002623,MHNL,20,38,40,251.00,10040.00
4713,4714,2022121404002622,RIDI,34,59,342,488.00,166896.00
4714,4715,2022121404002621,RIDI,34,58,200,487.90,97580.00
4715,4716,2022121404002620,RIDI,34,7,50,487.80,24390.00
4716,4717,2022121404002619,RIDI,34,50,100,487.70,48770.00
4717,4718,2022121403002756,CIT,25,41,21,1860.00,39060.00
4718,4719,2022121403002755,CIT,25,49,21,1860.00,39060.00
4719,4720,2022121404002618,RHPL,57,59,825,253.90,209467.50
4720,4721,2022121404002617,RHPL,57,41,150,253.90,38085.00
4721,4722,2022121404002616,RHPL,57,6,25,253.90,6347.50
4722,4723,2022121401004676,ULBSL,42,45,10,3474.90,34749.00
4723,4724,2022121405000767,MKJC,39,28,1000,406.10,406100.00
4724,4725,2022121401004675,SGHC,25,57,10,260.00,2600.00
4725,4726,2022121401004674,SGHC,25,58,10,260.00,2600.00
4726,4727,2022121403002754,HIDCL,45,17,110,166.00,18260.00
4727,4728,2022121405000766,MBJC,56,28,87,220.30,19166.10
4728,4729,2022121405000765,MBJC,56,58,83,220.00,18260.00
4729,4730,2022121405000764,MBJC,56,41,30,220.00,6600.00
4730,4731,2022121404002615,UPCL,3,28,56,215.40,12062.40
4731,4732,2022121404002614,UPCL,1,28,116,215.50,24998.00
4732,4733,2022121404002613,UPCL,58,28,45,215.60,9702.00
4733,4734,2022121404002612,UPCL,46,28,400,215.60,86240.00
4734,4735,2022121404002611,UPCL,48,28,300,215.60,64680.00
4735,4736,2022121401004673,NABIL,11,8,300,814.00,244200.00
4736,4737,2022121401004672,NABIL,14,8,150,814.00,122100.00
4737,4738,2022121401004671,NABIL,7,8,30,814.00,24420.00
4738,4739,2022121401004670,NABIL,41,8,10,814.00,8140.00
4739,4740,2022121401004669,NABIL,56,8,50,814.00,40700.00
4740,4741,2022121401004668,NABIL,34,8,30,814.00,24420.00
4741,4742,2022121401004667,NABIL,41,8,50,814.00,40700.00
4742,4743,2022121401004666,NABIL,25,8,30,814.00,24420.00
4743,4744,2022121403002753,CIT,42,38,10,1859.00,18590.00
4744,4745,2022121401004665,MHL,48,49,10,310.00,3100.00
4745,4746,2022121403002752,NTC,1,6,65,912.80,59332.00
4746,4747,2022121404002610,AIL,47,48,1100,378.00,415800.00
4747,4748,2022121404002609,JOSHI,56,25,157,189.90,29814.30
4748,4749,2022121404002608,JOSHI,56,7,43,189.90,8165.70
4749,4750,2022121401004664,CBL,32,28,14,213.90,2994.60
4750,4751,2022121401004663,CBL,32,41,12,213.00,2556.00
4751,4752,2022121401004662,CBL,32,58,24,213.00,5112.00
4752,4753,2022121401004661,PRVU,22,34,80,200.80,16064.00
4753,4754,2022121404002607,SICL,55,42,15,770.90,11563.50
4754,4755,2022121404002606,BARUN,49,37,81,200.00,16200.00
4755,4756,2022121404002605,BARUN,58,37,29,200.10,5802.90
4756,4757,2022121401004660,HHL,56,58,10,220.00,2200.00
4757,4758,2022121401004659,HHL,56,22,158,220.00,34760.00
4758,4759,2022121403002751,SWBBL,26,41,20,1177.00,23540.00
4759,4760,2022121403002750,SWBBL,26,22,19,1177.00,22363.00
4760,4761,2022121404002604,IGI,42,59,19,362.00,6878.00
4761,4762,2022121401004658,AVYAN,39,11,10,701.00,7010.00
4762,4763,2022121405000763,MBJC,46,21,10,220.00,2200.00
4763,4764,2022121404002603,SICL,55,6,30,770.00,23100.00
4764,4765,2022121401004657,NABIL,49,58,50,815.00,40750.00
4765,4766,2022121401004656,PCBL,34,54,100,224.50,22450.00
4766,4767,2022121404002602,CHCL,49,42,75,385.00,28875.00
4767,4768,2022121403002749,CFCL,48,33,50,307.90,15395.00
4768,4769,2022121403002748,NRIC,41,32,65,704.00,45760.00
4769,4770,2022121403002747,NRIC,41,34,45,704.00,31680.00
4770,4771,2022121403002746,NRIC,41,58,40,704.00,28160.00
4771,4772,2022121401004655,SCB,25,57,50,401.00,20050.00
4772,4773,2022121404002601,AIL,47,48,100,378.00,37800.00
4773,4774,2022121404002600,AIL,47,48,200,377.00,75400.00
4774,4775,2022121404002599,AIL,47,8,225,375.00,84375.00
4775,4776,2022121404002598,AIL,47,22,10,375.00,3750.00
4776,4777,2022121404002597,AIL,47,48,330,375.00,123750.00
4777,4778,2022121401004654,PPL,32,17,10,200.50,2005.00
4778,4779,2022121403002745,NRN,55,36,10,401.00,4010.00
4779,4780,2022121402001143,PHCL,6,45,10,270.00,2700.00
4780,4781,2022121402001142,PHCL,6,48,10,270.00,2700.00
4781,4782,2022121404002596,UPCL,16,28,1000,216.00,216000.00
4782,4783,2022121404002595,RHPL,19,55,100,253.00,25300.00
4783,4784,2022121404002594,RHPL,19,18,50,253.00,12650.00
4784,4785,2022121404002593,RHPL,19,41,20,253.00,5060.00
4785,4786,2022121404002592,RHPL,19,54,100,253.00,25300.00
4786,4787,2022121404002591,RHPL,19,1,100,252.90,25290.00
4787,4788,2022121401004653,HHL,56,22,42,220.00,9240.00
4788,4789,2022121401004652,HHL,56,41,10,219.30,2193.00
4789,4790,2022121401004651,HHL,56,14,90,219.00,19710.00
4790,4791,2022121401004650,HHL,56,38,10,219.00,2190.00
4791,4792,2022121401004649,HHL,56,43,10,219.00,2190.00
4792,4793,2022121401004648,HHL,56,44,10,218.60,2186.00
4793,4794,2022121401004647,HHL,56,52,10,218.60,2186.00
4794,4795,2022121401004646,HHL,56,57,168,218.60,36724.80
4795,4796,2022121401004645,HHL,56,47,20,218.50,4370.00
4796,4797,2022121401004644,HHL,56,47,10,218.30,2183.00
4797,4798,2022121401004643,HHL,56,33,10,218.00,2180.00
4798,4799,2022121401004642,HHL,56,17,10,218.00,2180.00
4799,4800,2022121401004641,HHL,56,57,10,218.00,2180.00
4800,4801,2022121401004640,HHL,56,58,10,218.00,2180.00
4801,4802,2022121401004639,HHL,56,14,10,218.00,2180.00
4802,4803,2022121401004638,HHL,56,57,10,218.00,2180.00
4803,4804,2022121401004637,HHL,56,58,10,217.50,2175.00
4804,4805,2022121401004636,SPHL,43,51,10,351.20,3512.00
4805,4806,2022121404002590,HPPL,50,1,11,247.00,2717.00
4806,4807,2022121404002589,UPPER,1,16,152,391.00,59432.00
4807,4808,2022121404002588,UPPER,1,57,778,391.00,304198.00
4808,4809,2022121404002587,UPPER,1,34,50,390.60,19530.00
4809,4810,2022121403002744,SWBBL,26,6,36,1176.90,42368.40
4810,4811,2022121404002586,RHPL,58,44,100,252.20,25220.00
4811,4812,2022121401004635,RHGCL,22,59,10,206.20,2062.00
4812,4813,2022121403002743,NRN,58,33,10,405.00,4050.00
4813,4814,2022121403002742,NRN,58,25,205,405.00,83025.00
4814,4815,2022121403002741,NRN,58,54,10,404.90,4049.00
4815,4816,2022121403002740,NRN,58,33,100,404.00,40400.00
4816,4817,2022121403002739,NRN,58,40,10,403.00,4030.00
4817,4818,2022121403002738,NICLBSL,25,57,10,711.10,7111.00
4818,4819,2022121401004634,KDBY,42,28,1500,8.00,12000.00
4819,4820,2022121401004633,LBL,14,40,90,194.00,17460.00
4820,4821,2022121405000762,JBLB,6,57,17,2732.00,46444.00
4821,4822,2022121401004632,HHL,56,55,500,217.20,108600.00
4822,4823,2022121401004631,HHL,56,38,10,217.10,2171.00
4823,4824,2022121401004630,HHL,56,35,10,217.00,2170.00
4824,4825,2022121401004629,HHL,56,48,10,216.90,2169.00
4825,4826,2022121401004628,HHL,56,8,10,216.00,2160.00
4826,4827,2022121401004627,HHL,56,58,10,216.00,2160.00
4827,4828,2022121403002737,NTC,58,39,17,911.90,15502.30
4828,4829,2022121401004626,CBL,25,58,28,213.00,5964.00
4829,4830,2022121401004625,CBL,25,43,18,213.00,3834.00
4830,4831,2022121401004624,CBL,25,32,54,213.00,11502.00
4831,4832,2022121401004623,MEGA,20,40,50,194.00,9700.00
4832,4833,2022121403002736,NRIC,3,58,20,704.00,14080.00
4833,4834,2022121403002735,NRIC,3,4,230,704.00,161920.00
4834,4835,2022121404002585,RMF1,57,45,100,7.53,753.00
4835,4836,2022121401004622,GVL,53,28,27,309.00,8343.00
4836,4837,2022121401004621,GVL,29,28,270,309.20,83484.00
4837,4838,2022121401004620,GVL,10,28,55,310.00,17050.00
4838,4839,2022121404002584,JOSHI,58,7,40,189.90,7596.00
4839,4840,2022121404002583,HEI,59,21,319,362.00,115478.00
4840,4841,2022121401004619,NESDO,45,59,10,3299.40,32994.00
4841,4842,2022121401004618,NESDO,45,59,10,3299.30,32993.00
4842,4843,2022121401004617,NESDO,45,59,10,3299.20,32992.00
4843,4844,2022121401004616,NESDO,45,59,10,3299.10,32991.00
4844,4845,2022121401004615,NESDO,45,58,10,3299.00,32990.00
4845,4846,2022121405000761,MKJC,28,14,864,409.00,353376.00
4846,4847,2022121404002582,SHPC,33,1,1000,273.90,273900.00
4847,4848,2022121401004614,NABIL,54,45,1,815.00,815.00
4848,4849,2022121405000760,MBJC,56,28,170,220.30,37451.00
4849,4850,2022121405000759,MBJC,56,49,10,220.30,2203.00
4850,4851,2022121405000758,MBJC,56,57,30,220.30,6609.00
4851,4852,2022121405000757,MBJC,56,47,10,220.30,2203.00
4852,4853,2022121405000756,MBJC,56,42,30,220.30,6609.00
4853,4854,2022121405000755,MBJC,56,42,30,220.20,6606.00
4854,4855,2022121405000754,MBJC,56,57,10,220.00,2200.00
4855,4856,2022121405000753,MBJC,56,56,10,220.00,2200.00
4856,4857,2022121405000752,MBJC,56,34,10,220.00,2200.00
4857,4858,2022121405000751,MBJC,56,42,140,220.00,30800.00
4858,4859,2022121405000750,MBJC,56,28,30,219.80,6594.00
4859,4860,2022121405000749,MBJC,56,42,20,219.50,4390.00
4860,4861,2022121401004613,HDL,21,41,11,3826.00,42086.00
4861,4862,2022121403002734,RMDC,33,55,40,945.00,37800.00
4862,4863,2022121403002733,RMDC,56,55,80,946.00,75680.00
4863,4864,2022121403002732,RMDC,25,55,60,947.00,56820.00
4864,4865,2022121403002731,RMDC,49,55,20,947.00,18940.00
4865,4866,2022121403002730,SADBL,43,35,50,303.00,15150.00
4866,4867,2022121403002729,SADBL,43,34,100,302.80,30280.00
4867,4868,2022121403002728,SADBL,43,38,100,302.80,30280.00
4868,4869,2022121403002727,SADBL,43,43,20,302.70,6054.00
4869,4870,2022121401004612,GVL,10,17,10,310.00,3100.00
4870,4871,2022121405000748,SAHAS,49,38,10,449.00,4490.00
4871,4872,2022121405000747,SAHAS,49,48,10,448.70,4487.00
4872,4873,2022121401004611,PPL,32,32,10,200.50,2005.00
4873,4874,2022121403002726,NFS,7,49,70,257.00,17990.00
4874,4875,2022121401004610,NESDO,47,35,10,3282.00,32820.00
4875,4876,2022121403002725,NTC,58,45,30,911.90,27357.00
4876,4877,2022121401004609,CCBL,13,32,50,190.10,9505.00
4877,4878,2022121401004608,USHEC,20,55,10,250.00,2500.00
4878,4879,2022121404002581,SHL,28,41,200,222.20,44440.00
4879,4880,2022121401004607,RHGCL,41,1,80,207.80,16624.00
4880,4881,2022121404002580,HDHPC,55,49,65,178.00,11570.00
4881,4882,2022121404002579,HDHPC,55,57,35,178.00,6230.00
4882,4883,2022121401004606,NMB,46,33,49,231.80,11358.20
4883,4884,2022121404002578,CHCL,49,10,125,385.00,48125.00
4884,4885,2022121404002577,RIDI,59,6,46,487.00,22402.00
4885,4886,2022121403002724,ICFC,6,14,300,429.00,128700.00
4886,4887,2022121403002723,SAPDBL,57,35,10,221.50,2215.00
4887,4888,2022121404002576,AKPL,17,41,50,345.00,17250.00
4888,4889,2022121404002575,SSHL,26,34,100,171.00,17100.00
4889,4890,2022121401004605,BHL,28,49,10,248.00,2480.00
4890,4891,2022121401004604,BHL,28,56,100,247.70,24770.00
4891,4892,2022121401004603,PCBL,34,10,70,224.50,15715.00
4892,4893,2022121401004602,PCBL,39,10,30,224.60,6738.00
4893,4894,2022121401004601,BHL,38,19,800,247.60,198080.00
4894,4895,2022121401004600,NBF3,57,41,100,7.22,722.00
4895,4896,2022121403002722,ALICL,41,38,10,515.00,5150.00
4896,4897,2022121403002721,NRIC,21,4,60,704.00,42240.00
4897,4898,2022121403002720,HIDCL,49,47,1000,165.00,165000.00
4898,4899,2022121403002719,SHINE,34,33,750,331.00,248250.00
4899,4900,2022121403002718,SHINE,58,33,150,331.00,49650.00
4900,4901,2022121403002717,SHINE,22,33,100,331.10,33110.00
4901,4902,2022121401004599,GVL,10,32,10,310.00,3100.00
4902,4903,2022121401004598,RFPL,4,45,10,225.00,2250.00
4903,4904,2022121404002574,BARUN,58,46,21,200.10,4202.10
4904,4905,2022121403002716,SFCL,7,55,10,256.00,2560.00
4905,4906,2022121403002715,RLFL,41,38,450,296.00,133200.00
4906,4907,2022121401004597,NABIL,59,58,50,815.00,40750.00
4907,4908,2022121403002714,NUBL,45,38,100,890.00,89000.00
4908,4909,2022121401004596,HDL,1,41,10,3830.00,38300.00
4909,4910,2022121404002573,API,46,17,56,210.80,11804.80
4910,4911,2022121403002713,MPFL,36,47,100,305.00,30500.00
4911,4912,2022121401004595,BOKL,14,28,136,205.00,27880.00
4912,4913,2022121405000746,MBJC,25,28,970,219.80,213206.00
4913,4914,2022121405000745,MBJC,25,39,500,219.70,109850.00
4914,4915,2022121405000744,MBJC,25,42,30,219.60,6588.00
4915,4916,2022121401004594,HDL,16,41,10,3830.00,38300.00
4916,4917,2022121403002712,WNLB,43,57,10,891.50,8915.00
4917,4918,2022121404002572,NIBSF2,42,6,100,7.14,714.00
4918,4919,2022121404002571,JOSHI,58,7,407,189.90,77289.30
4919,4920,2022121403002711,NTC,58,42,35,911.90,31916.50
4920,4921,2022121403002710,NTC,58,42,200,911.90,182380.00
4921,4922,2022121403002709,NTC,58,42,26390,911.90,24065041.00
4922,4923,2022121403002708,NTC,32,42,60,912.00,54720.00
4923,4924,2022121403002707,NTC,35,42,10,912.00,9120.00
4924,4925,2022121403002706,NTC,22,42,130,912.00,118560.00
4925,4926,2022121403002705,NTC,25,42,175,912.00,159600.00
4926,4927,2022121401004593,UHEWA,11,16,10,345.10,3451.00
4927,4928,2022121404002570,TRH,41,1,40,344.00,13760.00
4928,4929,2022121404002569,TRH,41,45,30,344.00,10320.00
4929,4930,2022121405000743,MBJC,44,32,10,216.00,2160.00
4930,4931,2022121401004592,HDL,35,58,20,3829.00,76580.00
4931,4932,2022121401004591,HDL,58,58,10,3829.00,38290.00
4932,4933,2022121401004590,HDL,57,58,15,3829.00,57435.00
4933,4934,2022121401004589,GBIME,7,8,40,208.00,8320.00
4934,4935,2022121401004588,GBIME,42,8,100,208.00,20800.00
4935,4936,2022121401004587,GBIME,19,8,108,208.00,22464.00
4936,4937,2022121401004586,GBIME,1,8,100,208.00,20800.00
4937,4938,2022121401004585,GBIME,46,8,31,208.00,6448.00
4938,4939,2022121401004584,GBIME,41,8,25,208.00,5200.00
4939,4940,2022121401004583,GBIME,4,8,24,208.00,4992.00
4940,4941,2022121401004582,GBIME,10,8,100,208.00,20800.00
4941,4942,2022121401004581,GBIME,19,8,10,208.00,2080.00
4942,4943,2022121401004580,GBIME,58,8,50,208.00,10400.00
4943,4944,2022121401004579,GBIME,32,8,10,208.00,2080.00
4944,4945,2022121401004578,GBIME,7,8,10,208.00,2080.00
4945,4946,2022121401004577,GBIME,11,8,50,208.00,10400.00
4946,4947,2022121401004576,GBIME,57,8,137,208.00,28496.00
4947,4948,2022121401004575,GBIME,21,8,15,208.00,3120.00
4948,4949,2022121401004574,GBIME,58,8,40,208.00,8320.00
4949,4950,2022121401004573,GBIME,5,8,134,208.00,27872.00
4950,4951,2022121403002704,NMFBS,17,45,49,2014.00,98686.00
4951,4952,2022121403002703,ICFC,17,14,80,429.00,34320.00
4952,4953,2022121404002568,API,46,22,47,210.80,9907.60
4953,4954,2022121404002567,UPPER,45,59,11,390.10,4291.10
4954,4955,2022121404002566,UPPER,40,59,26,390.10,10142.60
4955,4956,2022121404002565,UPPER,49,59,13,390.20,5072.60
4956,4957,2022121404002564,CGH,56,56,10,1005.00,10050.00
4957,4958,2022121404002563,KPCL,32,40,29,318.00,9222.00
4958,4959,2022121404002562,KPCL,32,14,11,315.90,3474.90
4959,4960,2022121404002561,KPCL,32,53,50,315.20,15760.00
4960,4961,2022121404002560,KPCL,32,19,10,315.00,3150.00
4961,4962,2022121403002702,HIDCL,49,47,1000,165.00,165000.00
4962,4963,2022121403002701,NMFBS,58,43,40,2015.00,80600.00
4963,4964,2022121403002700,NMFBS,58,45,10,2015.00,20150.00
4964,4965,2022121401004572,SPHL,58,21,10,351.10,3511.00
4965,4966,2022121401004571,GBIME,5,38,25,208.00,5200.00
4966,4967,2022121401004570,SIKLES,58,38,10,378.10,3781.00
4967,4968,2022121401004569,SIKLES,58,39,10,378.10,3781.00
4968,4969,2022121403002699,FOWAD,57,49,20,2600.00,52000.00
4969,4970,2022121401004568,RFPL,4,51,10,225.00,2250.00
4970,4971,2022121404002559,UIC,46,21,100,338.00,33800.00
4971,4972,2022121404002558,UIC,13,21,100,338.00,33800.00
4972,4973,2022121404002557,UIC,53,21,200,338.10,67620.00
4973,4974,2022121404002556,UIC,45,21,315,339.00,106785.00
4974,4975,2022121404002555,UIC,19,21,10,339.00,3390.00
4975,4976,2022121401004567,GBIME,42,14,70,209.00,14630.00
4976,4977,2022121404002554,SHEL,28,59,10,230.00,2300.00
4977,4978,2022121401004566,GVL,45,58,20,310.50,6210.00
4978,4979,2022121405000742,SLI,38,38,10,332.70,3327.00
4979,4980,2022121404002553,NGPL,14,58,1000,207.00,207000.00
4980,4981,2022121404002552,NGPL,44,58,500,207.00,103500.00
4981,4982,2022121404002551,NGPL,58,58,28,207.00,5796.00
4982,4983,2022121404002550,NGPL,25,58,20,207.00,4140.00
4983,4984,2022121404002549,NGPL,17,58,120,207.00,24840.00
4984,4985,2022121404002548,NGPL,49,58,2000,207.10,414200.00
4985,4986,2022121401004565,PRVU,45,45,50,201.00,10050.00
4986,4987,2022121404002547,NMB50,10,49,100,9.12,912.00
4987,4988,2022121401004564,NIB,25,49,29,219.90,6377.10
4988,4989,2022121403002698,MLBL,1,3,151,347.00,52397.00
4989,4990,2022121403002697,MLBL,1,33,120,347.00,41640.00
4990,4991,2022121403002696,MLBL,1,39,640,346.90,222016.00
4991,4992,2022121403002695,MLBL,1,1,550,346.70,190685.00
4992,4993,2022121403002694,MLBL,1,44,29,345.00,10005.00
4993,4994,2022121403002693,MLBL,1,57,300,345.00,103500.00
4994,4995,2022121403002692,MLBL,1,11,20,345.00,6900.00
4995,4996,2022121403002691,MLBL,1,19,10,345.00,3450.00
4996,4997,2022121403002690,MLBL,1,58,500,345.00,172500.00
4997,4998,2022121403002689,MLBL,1,51,500,345.00,172500.00
4998,4999,2022121403002688,MLBL,1,22,30,345.00,10350.00
4999,5000,2022121403002687,MLBL,1,56,300,344.00,103200.00
5000,5001,2022121403002686,MLBL,1,51,450,344.00,154800.00
5001,5002,2022121403002685,MLBL,1,51,400,343.00,137200.00
5002,5003,2022121401004563,RHGCL,22,22,150,207.00,31050.00
5003,5004,2022121401004562,CBL,28,35,84,213.00,17892.00
5004,5005,2022121401004561,CBL,28,7,845,213.00,179985.00
5005,5006,2022121401004560,USHEC,20,34,10,250.00,2500.00
5006,5007,2022121401004559,SGHC,26,38,10,255.80,2558.00
5007,5008,2022121404002546,AKPL,17,54,20,345.00,6900.00
5008,5009,2022121401004558,MEGA,29,40,25,194.00,4850.00
5009,5010,2022121404002545,API,46,35,126,210.80,26560.80
5010,5011,2022121401004557,PPL,58,47,10,200.40,2004.00
5011,5012,2022121404002544,SSHL,26,34,100,171.00,17100.00
5012,5013,2022121401004556,RHGCL,22,39,10,207.00,2070.00
5013,5014,2022121401004555,NABIL,25,54,34,814.00,27676.00
5014,5015,2022121401004554,NABIL,56,54,16,814.00,13024.00
5015,5016,2022121401004553,ADBL,58,51,10,314.00,3140.00
5016,5017,2022121403002684,FOWAD,57,42,12,2595.00,31140.00
5017,5018,2022121401004552,DORDI,6,49,50,237.00,11850.00
5018,5019,2022121404002543,NGPL,46,58,50,208.00,10400.00
5019,5020,2022121403002683,NIFRA,53,51,54,184.50,9963.00
5020,5021,2022121404002542,TRH,41,49,60,340.00,20400.00
5021,5022,2022121401004551,SPHL,43,47,10,355.00,3550.00
5022,5023,2022121401004550,SPHL,43,36,10,355.00,3550.00
5023,5024,2022121403002682,ALICL,21,38,38,515.00,19570.00
5024,5025,2022121403002681,ALICL,21,32,11,515.00,5665.00
5025,5026,2022121403002680,ALICL,21,45,20,515.00,10300.00
5026,5027,2022121403002679,ALICL,21,58,31,515.00,15965.00
5027,5028,2022121403002678,ALICL,41,38,26,514.50,13377.00
5028,5029,2022121404002541,DHPL,34,58,45,175.00,7875.00
5029,5030,2022121404002540,DHPL,34,58,300,175.00,52500.00
5030,5031,2022121401004549,RFPL,4,39,10,225.00,2250.00
5031,5032,2022121401004548,SGHC,26,58,10,255.80,2558.00
5032,5033,2022121401004547,DORDI,34,49,10,237.00,2370.00
5033,5034,2022121401004546,HDL,17,41,10,3830.00,38300.00
5034,5035,2022121401004545,HDL,6,41,20,3830.10,76602.00
5035,5036,2022121401004544,HDL,45,41,19,3830.40,72777.60
5036,5037,2022121401004543,HDL,45,53,30,3830.40,114912.00
5037,5038,2022121403002677,CORBL,40,14,10,277.00,2770.00
5038,5039,2022121405000741,JBLB,58,44,17,2731.00,46427.00
5039,5040,2022121401004542,BHL,28,39,10,246.30,2463.00
5040,5041,2022121404002539,PPCL,51,38,10,285.00,2850.00
5041,5042,2022121404002538,API,10,35,50,210.80,10540.00
5042,5043,2022121404002537,API,10,35,150,210.70,31605.00
5043,5044,2022121404002536,API,10,35,250,210.60,52650.00
5044,5045,2022121404002535,API,10,58,200,210.50,42100.00
5045,5046,2022121404002534,API,10,29,200,210.50,42100.00
5046,5047,2022121404002533,API,10,35,50,210.40,10520.00
5047,5048,2022121404002532,API,10,35,100,210.30,21030.00
5048,5049,2022121401004541,NIB,42,52,20,219.10,4382.00
5049,5050,2022121401004540,PPL,50,47,10,200.30,2003.00
5050,5051,2022121404002531,AKPL,36,20,15,345.10,5176.50
5051,5052,2022121401004539,RHGCL,22,45,10,207.00,2070.00
5052,5053,2022121401004538,NICA,58,14,10,682.90,6829.00
5053,5054,2022121401004537,RFPL,38,38,10,226.00,2260.00
5054,5055,2022121404002530,SHPC,33,1,1000,273.90,273900.00
5055,5056,2022121403002676,CORBL,40,28,30,275.40,8262.00
5056,5057,2022121401004536,SPHL,43,17,10,354.80,3548.00
5057,5058,2022121401004535,SPHL,43,21,10,354.80,3548.00
5058,5059,2022121401004534,SPHL,43,58,10,354.80,3548.00
5059,5060,2022121401004533,RHGCL,22,49,10,207.00,2070.00
5060,5061,2022121404002529,RIDI,34,6,54,487.00,26298.00
5061,5062,2022121404002528,RIDI,34,1,170,487.00,82790.00
5062,5063,2022121404002527,RIDI,34,32,100,487.00,48700.00
5063,5064,2022121404002526,RIDI,34,33,126,487.00,61362.00
5064,5065,2022121404002525,RIDI,34,38,50,486.90,24345.00
5065,5066,2022121403002675,MFIL,3,54,100,418.00,41800.00
5066,5067,2022121403002674,MFIL,58,54,10,418.00,4180.00
5067,5068,2022121403002673,MFIL,36,54,29,418.00,12122.00
5068,5069,2022121401004532,GBIME,58,14,10,209.00,2090.00
5069,5070,2022121401004531,RHGCL,22,58,10,207.00,2070.00
5070,5071,2022121403002672,GMFIL,41,18,10,313.00,3130.00
5071,5072,2022121401004530,SIKLES,58,22,10,378.10,3781.00
5072,5073,2022121403002671,NIFRA,58,39,10,185.50,1855.00
5073,5074,2022121405000740,SAHAS,57,49,10,448.00,4480.00
5074,5075,2022121401004529,MEGA,49,40,17,194.00,3298.00
5075,5076,2022121401004528,MEGA,49,49,10,194.00,1940.00
5076,5077,2022121401004527,UHEWA,11,34,10,345.10,3451.00
5077,5078,2022121404002524,RHPL,58,36,210,252.20,52962.00
5078,5079,2022121401004526,HDL,45,39,30,3830.40,114912.00
5079,5080,2022121401004525,SIKLES,58,39,10,378.10,3781.00
5080,5081,2022121401004524,NIBPO,34,56,100,211.00,21100.00
5081,5082,2022121404002523,NHDL,45,34,186,319.90,59501.40
5082,5083,2022121404002522,NHDL,45,38,14,317.00,4438.00
5083,5084,2022121401004523,PRVU,45,45,50,201.00,10050.00
5084,5085,2022121403002670,NTC,1,50,100,912.90,91290.00
5085,5086,2022121401004522,PPL,50,49,10,200.30,2003.00
5086,5087,2022121401004521,GBIME,5,34,341,208.00,70928.00
5087,5088,2022121401004520,GBIME,5,34,490,208.00,101920.00
5088,5089,2022121401004519,GBIME,17,34,200,208.10,41620.00
5089,5090,2022121401004518,GBIME,58,34,45,208.10,9364.50
5090,5091,2022121401004517,GBIME,55,34,178,208.10,37041.80
5091,5092,2022121401004516,GBIME,57,34,15,208.20,3123.00
5092,5093,2022121401004515,GBIME,1,34,12,208.20,2498.40
5093,5094,2022121401004514,GBIME,52,34,50,208.30,10415.00
5094,5095,2022121401004513,GBIME,58,34,118,208.50,24603.00
5095,5096,2022121401004512,GBIME,58,34,10,208.50,2085.00
5096,5097,2022121401004511,GBIME,59,34,50,208.50,10425.00
5097,5098,2022121401004510,GBIME,36,34,16,208.50,3336.00
5098,5099,2022121401004509,GBIME,11,34,175,208.60,36505.00
5099,5100,2022121403002669,NIFRA,53,45,14,184.50,2583.00
5100,5101,2022121405000739,MBJC,38,38,10,217.00,2170.00
5101,5102,2022121404002521,SPDL,49,43,500,263.00,131500.00
5102,5103,2022121404002520,SPDL,49,41,500,263.00,131500.00
5103,5104,2022121403002668,LICN,42,53,10,1423.00,14230.00
5104,5105,2022121404002519,API,38,42,36,210.00,7560.00
5105,5106,2022121404002518,API,38,5,200,210.00,42000.00
5106,5107,2022121404002517,API,38,45,100,210.00,21000.00
5107,5108,2022121404002516,API,38,45,20,210.00,4200.00
5108,5109,2022121404002515,API,38,40,3000,210.00,630000.00
5109,5110,2022121404002514,API,38,57,255,210.00,53550.00
5110,5111,2022121403002667,NTC,22,38,10,912.00,9120.00
5111,5112,2022121404002513,NHPC,57,33,20,202.00,4040.00
5112,5113,2022121404002512,NHPC,57,33,50,202.00,10100.00
5113,5114,2022121401004508,KDBY,51,41,100,8.00,800.00
5114,5115,2022121403002666,GUFL,28,21,10,524.50,5245.00
5115,5116,2022121401004507,AVYAN,57,35,10,701.00,7010.00
5116,5117,2022121401004506,AVYAN,57,58,10,701.00,7010.00
5117,5118,2022121401004505,AVYAN,57,58,10,701.00,7010.00
5118,5119,2022121403002665,HIDCL,17,17,100,166.00,16600.00
5119,5120,2022121403002664,HIDCL,40,17,90,166.00,14940.00
5120,5121,2022121403002663,HIDCL,51,17,100,166.50,16650.00
5121,5122,2022121403002662,NRIC,58,4,10,704.00,7040.00
5122,5123,2022121401004504,PPL,50,39,10,200.30,2003.00
5123,5124,2022121401004503,BHL,22,45,10,246.40,2464.00
5124,5125,2022121403002661,MLBSL,42,7,10,4000.00,40000.00
5125,5126,2022121404002511,GLH,50,45,91,238.50,21703.50
5126,5127,2022121403002660,JFL,41,21,10,378.00,3780.00
5127,5128,2022121401004502,NESDO,28,35,10,3281.00,32810.00
5128,5129,2022121401004501,NESDO,59,35,60,3281.10,196866.00
5129,5130,2022121401004500,NESDO,33,35,30,3282.00,98460.00
5130,5131,2022121401004499,NESDO,59,35,60,3283.00,196980.00
5131,5132,2022121401004498,NESDO,54,35,10,3285.00,32850.00
5132,5133,2022121401004497,NESDO,6,35,50,3285.10,164255.00
5133,5134,2022121401004496,NESDO,13,35,20,3286.00,65720.00
5134,5135,2022121401004495,NESDO,35,35,10,3287.00,32870.00
5135,5136,2022121401004494,NESDO,6,35,50,3290.00,164500.00
5136,5137,2022121403002659,NIFRA,53,51,64,184.50,11808.00
5137,5138,2022121401004493,PCBL,42,39,267,225.00,60075.00
5138,5139,2022121401004492,PCBL,42,39,233,225.00,52425.00
5139,5140,2022121403002658,NRIC,58,39,160,700.50,112080.00
5140,5141,2022121403002657,NRIC,58,4,10,704.00,7040.00
5141,5142,2022121403002656,NRIC,58,54,50,703.00,35150.00
5142,5143,2022121403002655,SKBBL,16,22,20,1118.90,22378.00
5143,5144,2022121401004491,CYCL,34,58,10,2486.20,24862.00
5144,5145,2022121405000738,MBJC,44,49,10,216.00,2160.00
5145,5146,2022121403002654,NTC,22,38,10,912.00,9120.00
5146,5147,2022121403002653,NTC,29,50,266,912.90,242831.40
5147,5148,2022121403002652,NTC,29,14,10,912.80,9128.00
5148,5149,2022121403002651,NTC,29,41,179,912.80,163391.20
5149,5150,2022121403002650,NTC,29,6,30,912.70,27381.00
5150,5151,2022121403002649,GUFL,42,57,40,523.00,20920.00
5151,5152,2022121403002648,PROFL,28,49,10,286.00,2860.00
5152,5153,2022121404002510,SHL,44,8,200,222.00,44400.00
5153,5154,2022121405000737,JBLB,41,49,10,2740.00,27400.00
5154,5155,2022121401004490,NICA,7,39,10,680.10,6801.00
5155,5156,2022121404002509,API,59,57,1000,210.00,210000.00
5156,5157,2022121401004489,SHIVM,39,58,10,549.80,5498.00
5157,5158,2022121403002647,GBBL,51,42,24,381.00,9144.00
5158,5159,2022121403002646,GBBL,18,42,50,381.00,19050.00
5159,5160,2022121404002508,API,45,57,100,210.00,21000.00
5160,5161,2022121403002645,KLBSL,49,57,10,818.00,8180.00
5161,5162,2022121404002507,JOSHI,58,7,500,189.90,94950.00
5162,5163,2022121403002644,MNBBL,16,16,20,421.50,8430.00
5163,5164,2022121403002643,NRIC,58,39,46,700.50,32223.00
5164,5165,2022121403002642,NRIC,41,39,50,701.20,35060.00
5165,5166,2022121401004488,GVL,4,58,10,311.00,3110.00
5166,5167,2022121401004487,RFPL,4,49,10,225.00,2250.00
5167,5168,2022121401004486,SGHC,26,39,10,255.80,2558.00
5168,5169,2022121403002641,NADEP,17,28,100,683.00,68300.00
5169,5170,2022121403002640,CFCL,48,22,10,308.00,3080.00
5170,5171,2022121401004485,NICA,16,14,20,682.90,13658.00
5171,5172,2022121401004484,NMB,42,33,100,231.80,23180.00
5172,5173,2022121401004483,NMB,42,52,10,231.80,2318.00
5173,5174,2022121404002506,JOSHI,21,58,26,189.00,4914.00
5174,5175,2022121404002505,JOSHI,21,58,20,189.00,3780.00
5175,5176,2022121401004482,SGHC,26,21,10,255.80,2558.00
5176,5177,2022121404002504,SHPC,33,47,189,274.00,51786.00
5177,5178,2022121404002503,SHPC,33,25,500,274.00,137000.00
5178,5179,2022121404002502,SHPC,33,28,1000,274.00,274000.00
5179,5180,2022121404002501,SHPC,33,37,100,274.00,27400.00
5180,5181,2022121404002500,SHPC,33,44,100,274.00,27400.00
5181,5182,2022121404002499,SHPC,33,6,70,273.90,19173.00
5182,5183,2022121404002498,SHPC,33,47,500,273.50,136750.00
5183,5184,2022121404002497,SHPC,33,14,41,273.00,11193.00
5184,5185,2022121403002639,GBBL,58,42,26,382.00,9932.00
5185,5186,2022121401004481,DORDI,34,34,10,234.50,2345.00
5186,5187,2022121404002496,UMHL,7,41,200,226.00,45200.00
5187,5188,2022121404002495,UMHL,7,41,200,226.00,45200.00
5188,5189,2022121404002494,API,57,57,42,210.00,8820.00
5189,5190,2022121404002493,UPPER,40,57,50,390.10,19505.00
5190,5191,2022121401004480,MEGA,49,48,80,193.90,15512.00
5191,5192,2022121403002638,NTC,22,38,10,912.00,9120.00
5192,5193,2022121403002637,NMBMF,34,55,129,650.00,83850.00
5193,5194,2022121403002636,NMBMF,56,55,35,650.10,22753.50
5194,5195,2022121403002635,NMBMF,39,55,10,652.00,6520.00
5195,5196,2022121404002492,SJCL,56,36,80,242.00,19360.00
5196,5197,2022121404002491,SJCL,25,36,15,242.10,3631.50
5197,5198,2022121401004479,PPL,50,39,10,200.30,2003.00
5198,5199,2022121404002490,STC,39,58,10,3610.00,36100.00
5199,5200,2022121401004478,KBL,34,32,300,186.00,55800.00
5200,5201,2022121403002634,JBBL,38,52,100,280.00,28000.00
5201,5202,2022121404002489,GLH,56,51,10,235.30,2353.00
5202,5203,2022121403002633,NTC,44,41,10,912.80,9128.00
5203,5204,2022121401004477,SGHC,26,28,10,255.80,2558.00
5204,5205,2022121403002632,SWBBL,41,48,53,1170.00,62010.00
5205,5206,2022121401004476,RFPL,4,58,10,225.00,2250.00
5206,5207,2022121403002631,CHDC,38,19,10,655.00,6550.00
5207,5208,2022121403002630,CBBL,16,50,20,1113.00,22260.00
5208,5209,2022121403002629,PROFL,59,45,30,284.00,8520.00
5209,5210,2022121404002488,TRH,45,38,5,350.80,1754.00
5210,5211,2022121401004475,KBL,45,11,319,184.30,58791.70
5211,5212,2022121401004474,KBL,46,11,100,184.50,18450.00
5212,5213,2022121401004473,KBL,34,11,861,184.50,158854.50
5213,5214,2022121401004472,KBL,42,11,20,184.60,3692.00
5214,5215,2022121401004471,KBL,13,11,500,184.70,92350.00
5215,5216,2022121401004470,KBL,48,11,100,184.80,18480.00
5216,5217,2022121401004469,KBL,43,11,50,185.00,9250.00
5217,5218,2022121401004468,KBL,34,11,30,185.00,5550.00
5218,5219,2022121403002628,NRIC,43,4,190,704.00,133760.00
5219,5220,2022121403002627,NRIC,43,35,13,704.00,9152.00
5220,5221,2022121403002626,NRIC,43,45,197,704.00,138688.00
5221,5222,2022121404002487,SHPC,11,32,10,271.20,2712.00
5222,5223,2022121404002486,CHCL,50,33,10,388.90,3889.00
5223,5224,2022121405000736,MBJC,25,42,10,220.00,2200.00
5224,5225,2022121405000735,MBJC,25,42,30,219.90,6597.00
5225,5226,2022121405000734,MBJC,25,29,500,219.80,109900.00
5226,5227,2022121405000733,MBJC,25,58,10,219.50,2195.00
5227,5228,2022121405000732,MBJC,25,21,10,219.00,2190.00
5228,5229,2022121405000731,MBJC,25,41,10,219.00,2190.00
5229,5230,2022121405000730,MBJC,25,45,10,219.00,2190.00
5230,5231,2022121405000729,MBJC,25,34,10,217.00,2170.00
5231,5232,2022121405000728,MBJC,25,50,10,217.00,2170.00
5232,5233,2022121403002625,NUBL,57,18,220,891.00,196020.00
5233,5234,2022121403002624,NTC,22,38,10,912.00,9120.00
5234,5235,2022121403002623,CHDC,38,38,10,655.00,6550.00
5235,5236,2022121403002622,KSBBL,49,38,483,306.80,148184.40
5236,5237,2022121404002485,NGPL,49,33,50,207.10,10355.00
5237,5238,2022121401004467,RFPL,4,57,10,225.00,2250.00
5238,5239,2022121403002621,LICN,50,26,10,1423.70,14237.00
5239,5240,2022121403002620,CFCL,46,22,20,308.00,6160.00
5240,5241,2022121403002619,SLBBL,56,49,50,834.00,41700.00
5241,5242,2022121401004466,GBIME,11,58,25,208.60,5215.00
5242,5243,2022121401004465,CZBIL,22,16,78,181.50,14157.00
5243,5244,2022121403002618,SFCL,47,55,650,256.00,166400.00
5244,5245,2022121403002617,NLICL,42,38,171,505.00,86355.00
5245,5246,2022121403002616,NLICL,42,34,79,505.00,39895.00
5246,5247,2022121403002615,NLICL,42,16,100,505.00,50500.00
5247,5248,2022121405000727,MBJC,44,49,10,216.00,2160.00
5248,5249,2022121404002484,SJCL,25,56,25,242.10,6052.50
5249,5250,2022121403002614,RSDC,22,55,142,530.10,75274.20
5250,5251,2022121401004464,SHIVM,57,42,500,549.50,274750.00
5251,5252,2022121401004463,SHIVM,57,53,85,549.50,46707.50
5252,5253,2022121405000726,SLI,42,49,10,332.60,3326.00
5253,5254,2022121405000725,NYADI,40,36,40,276.40,11056.00
5254,5255,2022121404002483,UPCL,1,57,50,215.50,10775.00
5255,5256,2022121401004462,DORDI,34,6,10,234.50,2345.00
5256,5257,2022121403002613,SINDU,43,55,89,263.00,23407.00
5257,5258,2022121403002612,SINDU,43,33,50,262.90,13145.00
5258,5259,2022121403002611,SINDU,43,45,54,262.00,14148.00
5259,5260,2022121403002610,SINDU,43,42,118,262.00,30916.00
5260,5261,2022121403002609,SINDU,43,1,35,262.00,9170.00
5261,5262,2022121403002608,SINDU,43,55,54,262.00,14148.00
5262,5263,2022121403002607,SINDU,43,6,100,261.00,26100.00
5263,5264,2022121401004461,PPL,50,39,10,200.30,2003.00
5264,5265,2022121401004460,PPL,45,52,10,200.40,2004.00
5265,5266,2022121403002606,GMFIL,58,18,30,313.00,9390.00
5266,5267,2022121403002605,NIFRA,53,48,54,184.50,9963.00
5267,5268,2022121401004459,RFPL,4,16,10,225.00,2250.00
5268,5269,2022121401004458,NBL,16,34,36,277.00,9972.00
5269,5270,2022121403002604,CFCL,48,22,50,308.00,15400.00
5270,5271,2022121404002482,SJCL,50,10,10,243.00,2430.00
5271,5272,2022121403002603,SKBBL,39,57,23,1115.00,25645.00
5272,5273,2022121403002602,SKBBL,40,57,10,1115.00,11150.00
5273,5274,2022121403002601,NLICL,6,11,200,505.00,101000.00
5274,5275,2022121404002481,UPPER,39,57,150,391.00,58650.00
5275,5276,2022121404002480,UPPER,39,7,50,390.90,19545.00
5276,5277,2022121403002600,NTC,22,38,10,912.00,9120.00
5277,5278,2022121405000724,SLI,42,49,10,332.60,3326.00
5278,5279,2022121404002479,SJCL,25,34,40,242.10,9684.00
5279,5280,2022121405000723,MBJC,44,22,10,216.00,2160.00
5280,5281,2022121401004457,PPL,28,58,10,201.00,2010.00
5281,5282,2022121401004456,PPL,28,55,10,201.00,2010.00
5282,5283,2022121404002478,SJCL,16,10,400,243.00,97200.00
5283,5284,2022121404002477,SJCL,16,18,50,242.90,12145.00
5284,5285,2022121404002476,RIDI,52,33,130,487.00,63310.00
5285,5286,2022121403002599,NUBL,57,18,60,891.00,53460.00
5286,5287,2022121403002598,NUBL,57,58,20,891.00,17820.00
5287,5288,2022121403002597,NUBL,57,18,60,890.00,53400.00
5288,5289,2022121403002596,NUBL,57,48,80,889.90,71192.00
5289,5290,2022121401004455,HDL,6,58,30,3835.00,115050.00
5290,5291,2022121401004454,GBIME,41,14,10,209.00,2090.00
5291,5292,2022121401004453,MEGA,49,28,203,193.90,39361.70
5292,5293,2022121403002595,MMFDB,4,55,37,867.00,32079.00
5293,5294,2022121403002594,MMFDB,34,55,14,868.00,12152.00
5294,5295,2022121403002593,MMFDB,45,55,25,868.10,21702.50
5295,5296,2022121403002592,MMFDB,28,55,154,869.00,133826.00
5296,5297,2022121403002591,MMFDB,48,55,20,869.00,17380.00
5297,5298,2022121405000722,MBJC,44,13,100,216.00,21600.00
5298,5299,2022121404002475,API,33,57,52,210.00,10920.00
5299,5300,2022121401004452,PPL,13,35,10,200.50,2005.00
5300,5301,2022121401004451,SGHC,17,39,10,257.00,2570.00
5301,5302,2022121401004450,SHIVM,57,59,25,548.50,13712.50
5302,5303,2022121403002590,MNBBL,29,45,300,420.00,126000.00
5303,5304,2022121403002589,GUFL,58,57,100,523.00,52300.00
5304,5305,2022121403002588,NTC,58,41,11,912.80,10040.80
5305,5306,2022121403002587,MLBL,43,32,85,342.00,29070.00
5306,5307,2022121404002474,AKPL,58,37,100,346.00,34600.00
5307,5308,2022121403002586,NTC,35,38,10,912.00,9120.00
5308,5309,2022121403002585,NLIC,50,19,10,610.00,6100.00
5309,5310,2022121404002473,JOSHI,58,58,180,189.00,34020.00
5310,5311,2022121404002472,JOSHI,58,44,20,189.00,3780.00
5311,5312,2022121404002471,SHEL,28,16,10,230.00,2300.00
5312,5313,2022121404002470,GIMES1,57,22,250,8.41,2102.50
5313,5314,2022121403002584,NRIC,58,45,11,704.00,7744.00
5314,5315,2022121404002469,NGPL,49,58,1950,207.10,403845.00
5315,5316,2022121404002468,NGPL,22,58,50,207.10,10355.00
5316,5317,2022121403002583,NTC,58,34,500,911.90,455950.00
5317,5318,2022121403002582,SFCL,28,55,40,255.00,10200.00
5318,5319,2022121404002467,SHPC,50,14,159,273.00,43407.00
5319,5320,2022121404002466,SHPC,50,47,500,273.00,136500.00
5320,5321,2022121404002465,SHPC,50,58,200,273.00,54600.00
5321,5322,2022121404002464,SHPC,50,58,10,273.00,2730.00
5322,5323,2022121404002463,SHPC,50,25,500,273.00,136500.00
5323,5324,2022121404002462,SHPC,50,14,150,273.00,40950.00
5324,5325,2022121404002461,SHPC,50,35,490,272.90,133721.00
5325,5326,2022121404002460,SHPC,50,34,50,272.90,13645.00
5326,5327,2022121404002459,SHPC,50,1,641,272.90,174928.90
5327,5328,2022121404002458,SHPC,50,47,500,272.80,136400.00
5328,5329,2022121404002457,PSF,25,6,200,7.64,1528.00
5329,5330,2022121403002581,NRIC,45,57,46,700.00,32200.00
5330,5331,2022121403002580,MNBBL,29,45,100,420.00,42000.00
5331,5332,2022121403002579,GUFL,58,57,10,523.00,5230.00
5332,5333,2022121403002578,CIT,5,49,50,1860.00,93000.00
5333,5334,2022121401004449,SCB,50,57,10,401.00,4010.00
5334,5335,2022121404002456,API,59,57,450,210.00,94500.00
5335,5336,2022121403002577,NTC,34,19,90,912.70,82143.00
5336,5337,2022121403002576,NTC,58,38,10,911.90,9119.00
5337,5338,2022121403002575,CFCL,46,22,50,308.00,15400.00
5338,5339,2022121404002455,NGPL,16,48,15,208.00,3120.00
5339,5340,2022121404002454,RIDI,34,33,284,485.00,137740.00
5340,5341,2022121404002453,RIDI,36,33,166,485.00,80510.00
5341,5342,2022121404002452,RIDI,56,33,17,485.10,8246.70
5342,5343,2022121404002451,RIDI,56,33,200,485.10,97020.00
5343,5344,2022121404002450,RIDI,21,33,20,485.10,9702.00
5344,5345,2022121404002449,RIDI,58,33,10,486.00,4860.00
5345,5346,2022121404002448,RIDI,41,33,203,486.00,98658.00
5346,5347,2022121404002447,RIDI,57,33,100,486.20,48620.00
5347,5348,2022121401004448,NICA,50,14,10,682.90,6829.00
5348,5349,2022121401004447,GIBF1,1,48,1200,8.00,9600.00
5349,5350,2022121403002574,NICLBSL,25,34,10,711.10,7111.00
5350,5351,2022121401004446,BOKL,26,28,36,205.30,7390.80
5351,5352,2022121401004445,GBIME,14,57,25,208.80,5220.00
5352,5353,2022121403002573,FMDBL,34,55,64,708.00,45312.00
5353,5354,2022121403002572,FMDBL,44,55,10,709.00,7090.00
5354,5355,2022121401004444,DORDI,34,49,10,237.00,2370.00
5355,5356,2022121403002571,NRIC,10,45,200,704.00,140800.00
5356,5357,2022121404002446,AKPL,36,22,78,345.10,26917.80
5357,5358,2022121403002570,GUFL,28,21,10,524.50,5245.00
5358,5359,2022121403002569,NRIC,21,45,92,704.00,64768.00
5359,5360,2022121403002568,NRIC,21,26,23,704.00,16192.00
5360,5361,2022121403002567,NRIC,21,29,25,703.90,17597.50
5361,5362,2022121403002566,GUFL,28,6,10,523.90,5239.00
5362,5363,2022121403002565,JBBL,39,52,247,280.00,69160.00
5363,5364,2022121403002564,JBBL,39,36,555,280.00,155400.00
5364,5365,2022121403002563,JBBL,39,49,198,280.00,55440.00
5365,5366,2022121404002445,BARUN,48,57,1060,201.00,213060.00
5366,5367,2022121404002444,RIDI,34,38,40,486.30,19452.00
5367,5368,2022121403002562,NLIC,32,19,29,610.00,17690.00
5368,5369,2022121401004443,CBL,29,10,500,212.40,106200.00
5369,5370,2022121403002561,NTC,58,38,10,911.90,9119.00
5370,5371,2022121401004442,NABIL,50,58,10,815.00,8150.00
5371,5372,2022121404002443,DHPL,45,58,100,175.00,17500.00
5372,5373,2022121404002442,BPCL,56,48,106,305.10,32340.60
5373,5374,2022121401004441,MEGA,11,40,50,193.60,9680.00
5374,5375,2022121403002560,NRIC,44,52,10,703.90,7039.00
5375,5376,2022121403002559,NRIC,44,45,25,703.80,17595.00
5376,5377,2022121405000721,MBJC,14,57,10,215.50,2155.00
5377,5378,2022121401004440,KBL,22,57,930,185.90,172887.00
5378,5379,2022121401004439,KBL,22,11,340,185.90,63206.00
5379,5380,2022121401004438,SHIVM,45,59,25,548.50,13712.50
5380,5381,2022121401004437,SGHC,58,45,10,257.00,2570.00
5381,5382,2022121403002558,NFS,48,58,58,256.10,14853.80
5382,5383,2022121401004436,GVL,10,49,10,310.00,3100.00
5383,5384,2022121404002441,RHPL,41,36,250,252.30,63075.00
5384,5385,2022121401004435,NESDO,5,49,10,3286.00,32860.00
5385,5386,2022121401004434,NESDO,42,49,10,3290.00,32900.00
5386,5387,2022121401004433,NESDO,52,49,10,3293.00,32930.00
5387,5388,2022121401004432,RHGCL,22,53,10,207.00,2070.00
5388,5389,2022121402001141,EHPL,55,58,10,237.60,2376.00
5389,5390,2022121401004431,LBL,32,40,10,195.70,1957.00
5390,5391,2022121401004430,CYCL,34,49,10,2486.20,24862.00
5391,5392,2022121403002557,NTC,58,38,10,911.90,9119.00
5392,5393,2022121401004429,CCBL,13,38,130,190.10,24713.00
5393,5394,2022121402001140,PHCL,47,57,10,270.00,2700.00
5394,5395,2022121405000720,JBLB,55,16,6,2700.00,16200.00
5395,5396,2022121404002440,CGH,56,45,200,1004.90,200980.00
5396,5397,2022121404002439,SJCL,21,10,50,243.00,12150.00
5397,5398,2022121403002556,NLICL,1,20,36,502.00,18072.00
5398,5399,2022121404002438,SHL,48,22,100,221.00,22100.00
5399,5400,2022121403002555,ACLBSL,41,29,2,709.00,1418.00
5400,5401,2022121403002554,ACLBSL,41,34,17,709.00,12053.00
5401,5402,2022121403002553,ACLBSL,34,34,10,710.00,7100.00
5402,5403,2022121401004428,EBL,58,29,10,443.00,4430.00
5403,5404,2022121401004427,SHIVM,57,53,15,549.50,8242.50
5404,5405,2022121403002552,CFCL,48,22,50,308.00,15400.00
5405,5406,2022121401004426,RFPL,38,38,10,226.00,2260.00
5406,5407,2022121403002551,LBBL,39,36,500,320.00,160000.00
5407,5408,2022121401004425,SIKLES,17,58,10,380.00,3800.00
5408,5409,2022121401004424,SIKLES,17,58,10,380.00,3800.00
5409,5410,2022121401004423,SIKLES,17,58,10,380.00,3800.00
5410,5411,2022121401004422,SIKLES,17,44,689,380.00,261820.00
5411,5412,2022121405000719,MBJC,57,47,10,215.20,2152.00
5412,5413,2022121401004421,NABIL,58,58,12,815.00,9780.00
5413,5414,2022121404002437,BARUN,58,40,50,200.10,10005.00
5414,5415,2022121401004420,NIB,53,49,12,219.90,2638.80
5415,5416,2022121403002550,NTC,58,38,10,911.90,9119.00
5416,5417,2022121401004419,SIKLES,17,44,311,380.00,118180.00
5417,5418,2022121401004418,SIKLES,17,44,10,380.00,3800.00
5418,5419,2022121401004417,SIKLES,17,57,10,380.00,3800.00
5419,5420,2022121401004416,SIKLES,17,56,10,380.00,3800.00
5420,5421,2022121401004415,SIKLES,17,21,10,380.00,3800.00
5421,5422,2022121401004414,SIKLES,17,6,10,380.00,3800.00
5422,5423,2022121401004413,SIKLES,17,40,10,380.00,3800.00
5423,5424,2022121401004412,SIKLES,17,49,10,380.00,3800.00
5424,5425,2022121401004411,SIKLES,17,3,100,380.00,38000.00
5425,5426,2022121401004410,SIKLES,17,34,200,380.00,76000.00
5426,5427,2022121401004409,SIKLES,17,59,10,380.00,3800.00
5427,5428,2022121401004408,SIKLES,17,58,10,380.00,3800.00
5428,5429,2022121401004407,SIKLES,17,6,10,380.00,3800.00
5429,5430,2022121401004406,SIKLES,17,57,10,380.00,3800.00
5430,5431,2022121401004405,SIKLES,17,48,10,380.00,3800.00
5431,5432,2022121401004404,SIKLES,17,44,49,380.00,18620.00
5432,5433,2022121401004403,SIKLES,17,58,10,380.00,3800.00
5433,5434,2022121401004402,SIKLES,17,42,200,379.90,75980.00
5434,5435,2022121401004401,SIKLES,17,42,10,379.60,3796.00
5435,5436,2022121403002549,NTC,45,42,150,912.00,136800.00
5436,5437,2022121403002548,NICLBSL,22,42,30,711.00,21330.00
5437,5438,2022121403002547,NICLBSL,25,42,50,711.10,35555.00
5438,5439,2022121404002436,AKPL,45,22,600,345.90,207540.00
5439,5440,2022121401004400,LBL,46,34,540,195.00,105300.00
5440,5441,2022121403002546,NTC,45,19,10,912.80,9128.00
5441,5442,2022121403002545,RSDC,22,6,51,530.10,27035.10
5442,5443,2022121404002435,SHL,6,22,100,221.00,22100.00
5443,5444,2022121404002434,AHPC,37,56,10,268.90,2689.00
5444,5445,2022121403002544,NLIC,42,19,10,610.00,6100.00
5445,5446,2022121403002543,CIT,55,49,29,1860.00,53940.00
5446,5447,2022121403002542,CIT,55,6,16,1860.00,29760.00
5447,5448,2022121404002433,API,58,57,60,210.00,12600.00
5448,5449,2022121401004399,CZBIL,32,16,31,181.50,5626.50
5449,5450,2022121401004398,CZBIL,32,16,96,181.50,17424.00
5450,5451,2022121401004397,CZBIL,32,20,45,181.50,8167.50
5451,5452,2022121401004396,HDL,50,58,25,3835.00,95875.00
5452,5453,2022121401004395,SIKLES,17,42,190,379.60,72124.00
5453,5454,2022121401004394,SIKLES,17,19,10,379.40,3794.00
5454,5455,2022121401004393,SIKLES,17,42,10,379.00,3790.00
5455,5456,2022121401004392,SIKLES,17,56,290,378.90,109881.00
5456,5457,2022121401004391,SIKLES,34,56,370,378.90,140193.00
5457,5458,2022121401004390,SIKLES,34,5,10,378.90,3789.00
5458,5459,2022121403002541,ALBSL,28,34,16,916.00,14656.00
5459,5460,2022121401004389,SIKLES,34,5,10,378.80,3788.00
5460,5461,2022121401004388,SIKLES,34,49,10,378.00,3780.00
5461,5462,2022121401004387,SIKLES,34,58,10,378.00,3780.00
5462,5463,2022121401004386,SIKLES,34,28,10,378.00,3780.00
5463,5464,2022121401004385,SIKLES,34,58,10,378.00,3780.00
5464,5465,2022121401004384,SIKLES,34,52,10,378.00,3780.00
5465,5466,2022121401004383,SIKLES,34,58,10,378.00,3780.00
5466,5467,2022121401004382,SIKLES,34,21,10,377.00,3770.00
5467,5468,2022121401004381,SIKLES,34,13,10,377.00,3770.00
5468,5469,2022121401004380,SIKLES,34,49,10,377.00,3770.00
5469,5470,2022121401004379,SIKLES,34,59,10,377.00,3770.00
5470,5471,2022121401004378,SIKLES,34,54,10,377.00,3770.00
5471,5472,2022121401004377,DORDI,34,20,10,234.50,2345.00
5472,5473,2022121401004376,USHEC,25,35,10,249.00,2490.00
5473,5474,2022121401004375,KBL,48,21,30,185.00,5550.00
5474,5475,2022121401004374,SCB,45,57,100,401.00,40100.00
5475,5476,2022121404002432,PIC,58,58,2,522.00,1044.00
5476,5477,2022121403002540,NTC,45,38,10,912.00,9120.00
5477,5478,2022121403002539,NIFRA,38,38,64,185.00,11840.00
5478,5479,2022121403002538,NTC,45,16,45,912.00,41040.00
5479,5480,2022121404002431,RHPL,41,11,80,252.30,20184.00
5480,5481,2022121401004373,NESDO,45,58,10,3299.00,32990.00
5481,5482,2022121405000718,JALPA,38,57,10,3345.00,33450.00
5482,5483,2022121401004372,NCCB,14,35,900,183.00,164700.00
5483,5484,2022121401004371,GVL,50,22,10,310.00,3100.00
5484,5485,2022121403002537,SMFDB,57,32,10,1180.10,11801.00
5485,5486,2022121403002536,NIFRA,53,22,44,184.50,8118.00
5486,5487,2022121404002430,SJCL,56,19,200,243.00,48600.00
5487,5488,2022121405000717,SAHAS,7,58,10,448.00,4480.00
5488,5489,2022121403002535,NTC,45,6,100,912.00,91200.00
5489,5490,2022121401004370,RHGCL,50,47,10,206.10,2061.00
5490,5491,2022121401004369,NBF3,57,38,400,7.22,2888.00
5491,5492,2022121403002534,SFCL,57,55,1000,255.00,255000.00
5492,5493,2022121401004368,SGHC,59,40,90,262.00,23580.00
5493,5494,2022121401004367,SGHC,59,4,10,261.60,2616.00
5494,5495,2022121401004366,SGHC,59,58,10,261.60,2616.00
5495,5496,2022121401004365,SGHC,59,21,80,261.60,20928.00
5496,5497,2022121401004364,SGHC,59,58,10,261.00,2610.00
5497,5498,2022121401004363,SGHC,59,44,200,261.00,52200.00
5498,5499,2022121401004362,SGHC,59,54,70,261.00,18270.00
5499,5500,2022121401004361,SGHC,59,6,130,260.90,33917.00
5500,5501,2022121401004360,SHIVM,57,53,55,548.30,30156.50
5501,5502,2022121401004359,NICA,44,14,100,682.90,68290.00
5502,5503,2022121401004358,NABIL,42,58,10,815.00,8150.00
5503,5504,2022121403002533,MFIL,49,19,59,420.00,24780.00
5504,5505,2022121404002429,RHPL,41,42,50,252.30,12615.00
5505,5506,2022121403002532,NIFRA,21,57,54,185.00,9990.00
5506,5507,2022121403002531,ALICL,57,20,72,514.00,37008.00
5507,5508,2022121403002530,ALICL,57,34,213,514.00,109482.00
5508,5509,2022121403002529,ALICL,57,25,100,514.00,51400.00
5509,5510,2022121403002528,ALICL,57,58,56,514.00,28784.00
5510,5511,2022121403002527,ALICL,57,49,114,513.90,58584.60
5511,5512,2022121403002526,ALICL,57,45,100,513.80,51380.00
5512,5513,2022121403002525,ALICL,57,26,87,513.00,44631.00
5513,5514,2022121403002524,ALICL,57,28,15,513.00,7695.00
5514,5515,2022121403002523,NTC,45,38,10,912.00,9120.00
5515,5516,2022121401004357,LBL,46,17,43,195.00,8385.00
5516,5517,2022121401004356,LBL,46,17,43,195.00,8385.00
5517,5518,2022121401004355,LBL,46,20,27,195.00,5265.00
5518,5519,2022121401004354,LBL,46,28,1000,194.90,194900.00
5519,5520,2022121401004353,LBL,46,34,247,194.90,48140.30
5520,5521,2022121401004352,LBL,46,49,100,194.20,19420.00
5521,5522,2022121403002522,CBBL,57,43,250,1112.00,278000.00
5522,5523,2022121403002521,CBBL,57,43,250,1112.00,278000.00
5523,5524,2022121403002520,CBBL,57,22,200,1112.00,222400.00
5524,5525,2022121403002519,ILBS,1,45,80,860.00,68800.00
5525,5526,2022121401004351,HDL,17,49,10,3830.00,38300.00
5526,5527,2022121403002518,NTC,38,50,200,912.90,182580.00
5527,5528,2022121403002517,NIFRA,11,45,40,186.00,7440.00
5528,5529,2022121403002516,NIFRA,11,36,252,186.00,46872.00
5529,5530,2022121404002428,UNHPL,49,58,50,189.50,9475.00
5530,5531,2022121403002515,NTC,50,50,500,912.90,456450.00
5531,5532,2022121401004350,GVL,4,47,10,309.40,3094.00
5532,5533,2022121401004349,SHIVM,50,58,45,549.00,24705.00
5533,5534,2022121401004348,HBL,35,49,297,325.00,96525.00
5534,5535,2022121401004347,HDL,38,49,10,3830.00,38300.00
5535,5536,2022121404002427,JOSHI,10,42,100,188.00,18800.00
5536,5537,2022121404002426,JOSHI,10,26,200,188.00,37600.00
5537,5538,2022121404002425,JOSHI,10,6,500,188.00,94000.00
5538,5539,2022121401004346,MHL,48,59,10,310.00,3100.00
5539,5540,2022121404002424,OHL,6,38,100,485.00,48500.00
5540,5541,2022121401004345,NABIL,51,58,20,815.00,16300.00
5541,5542,2022121401004344,NABIL,51,16,10,815.00,8150.00
5542,5543,2022121403002514,JBBL,35,56,1400,279.90,391860.00
5543,5544,2022121403002513,JBBL,35,56,60,279.90,16794.00
5544,5545,2022121403002512,JBBL,35,35,60,279.00,16740.00
5545,5546,2022121403002511,JBBL,35,44,26,278.00,7228.00
5546,5547,2022121404002423,IGI,46,57,300,361.60,108480.00
5547,5548,2022121401004343,SGHC,59,6,270,260.90,70443.00
5548,5549,2022121401004342,SGHC,59,22,10,260.60,2606.00
5549,5550,2022121401004341,SGHC,59,4,10,260.10,2601.00
5550,5551,2022121401004340,SGHC,59,58,10,260.10,2601.00
5551,5552,2022121401004339,SGHC,59,43,10,260.10,2601.00
5552,5553,2022121401004338,SGHC,59,1,200,260.10,52020.00
5553,5554,2022121401004337,SGHC,59,42,40,260.10,10404.00
5554,5555,2022121401004336,SGHC,59,22,10,260.00,2600.00
5555,5556,2022121401004335,SGHC,59,25,69,260.00,17940.00
5556,5557,2022121401004334,SGHC,59,10,371,260.00,96460.00
5557,5558,2022121405000716,MBJC,38,38,10,216.00,2160.00
5558,5559,2022121403002510,NLBBL,42,50,100,815.00,81500.00
5559,5560,2022121403002509,NLBBL,42,58,100,815.00,81500.00
5560,5561,2022121403002508,NTC,58,38,10,911.90,9119.00
5561,5562,2022121403002507,ALICL,42,28,10,513.00,5130.00
5562,5563,2022121403002506,SMFDB,57,20,10,1180.10,11801.00
5563,5564,2022121403002505,NIFRA,58,36,10,186.00,1860.00
5564,5565,2022121404002422,HEI,59,53,100,362.00,36200.00
5565,5566,2022121405000715,JALPA,38,47,10,3345.00,33450.00
5566,5567,2022121404002421,CHL,59,21,60,207.00,12420.00
5567,5568,2022121404002420,PIC,58,58,2,522.00,1044.00
5568,5569,2022121403002504,NTC,1,50,920,912.90,839868.00
5569,5570,2022121403002503,NTC,1,36,20,912.20,18244.00
5570,5571,2022121403002502,NTC,34,45,10,912.00,9120.00
5571,5572,2022121403002501,USLB,56,46,19,863.00,16397.00
5572,5573,2022121404002419,AKPL,58,22,500,345.90,172950.00
5573,5574,2022121404002418,UPPER,51,57,23,391.00,8993.00
5574,5575,2022121404002417,NICSF,42,6,300,7.80,2340.00
5575,5576,2022121401004333,NESDO,42,56,10,3293.00,32930.00
5576,5577,2022121403002500,NIFRA,53,52,14,184.50,2583.00
5577,5578,2022121403002499,NIFRA,57,52,40,185.00,7400.00
5578,5579,2022121401004332,HDL,29,49,30,3830.00,114900.00
5579,5580,2022121401004331,HDL,42,49,10,3830.00,38300.00
5580,5581,2022121401004330,HDL,40,49,30,3830.00,114900.00
5581,5582,2022121401004329,HDL,20,49,10,3830.20,38302.00
5582,5583,2022121404002416,UPPER,40,38,34,390.10,13263.40
5583,5584,2022121403002498,NTC,58,38,10,911.90,9119.00
5584,5585,2022121404002415,SJCL,25,33,320,242.10,77472.00
5585,5586,2022121401004328,CZBIL,22,20,12,181.50,2178.00
5586,5587,2022121401004327,CZBIL,22,16,13,181.50,2359.50
5587,5588,2022121401004326,SGHC,59,10,139,260.00,36140.00
5588,5589,2022121401004325,SGHC,59,58,10,260.00,2600.00
5589,5590,2022121401004324,SGHC,59,58,10,260.00,2600.00
5590,5591,2022121401004323,SGHC,59,58,10,260.00,2600.00
5591,5592,2022121401004322,SGHC,59,58,10,260.00,2600.00
5592,5593,2022121401004321,SGHC,59,16,10,260.00,2600.00
5593,5594,2022121401004320,SGHC,59,58,10,260.00,2600.00
5594,5595,2022121401004319,SGHC,59,32,10,260.00,2600.00
5595,5596,2022121401004318,SGHC,59,41,200,260.00,52000.00
5596,5597,2022121401004317,SGHC,59,21,40,260.00,10400.00
5597,5598,2022121401004316,SGHC,59,45,100,260.00,26000.00
5598,5599,2022121401004315,SGHC,59,16,10,260.00,2600.00
5599,5600,2022121401004314,SGHC,59,58,10,260.00,2600.00
5600,5601,2022121401004313,SGHC,59,25,40,260.00,10400.00
5601,5602,2022121401004312,SGHC,59,58,20,260.00,5200.00
5602,5603,2022121401004311,SGHC,59,39,10,259.90,2599.00
5603,5604,2022121401004310,SGHC,59,22,15,259.70,3895.50
5604,5605,2022121401004309,SGHC,59,44,346,259.00,89614.00
5605,5606,2022121403002497,SWBBL,42,34,100,1176.00,117600.00
5606,5607,2022121401004308,GBIME,45,57,119,208.90,24859.10
5607,5608,2022121403002496,NUBL,13,18,20,890.00,17800.00
5608,5609,2022121404002414,KPCL,38,38,11,313.30,3446.30
5609,5610,2022121403002495,CIT,26,6,10,1860.00,18600.00
5610,5611,2022121403002494,NRIC,32,13,90,703.00,63270.00
5611,5612,2022121403002493,NIFRA,57,22,10,185.00,1850.00
5612,5613,2022121401004307,PCBL,34,44,910,224.50,204295.00
5613,5614,2022121403002492,SWBBL,42,44,10,1170.00,11700.00
5614,5615,2022121401004306,SGHC,59,44,654,259.00,169386.00
5615,5616,2022121401004305,SGHC,59,38,10,259.00,2590.00
5616,5617,2022121401004304,SGHC,59,44,200,259.00,51800.00
5617,5618,2022121401004303,SGHC,59,43,10,258.00,2580.00
5618,5619,2022121401004302,SGHC,59,32,10,258.00,2580.00
5619,5620,2022121401004301,SGHC,59,44,116,258.00,29928.00
5620,5621,2022121405000714,SLI,52,58,10,332.50,3325.00
5621,5622,2022121403002491,NLICL,42,20,10,502.00,5020.00
5622,5623,2022121403002490,NLIC,36,34,500,609.00,304500.00
5623,5624,2022121401004300,PPL,45,58,10,200.40,2004.00
5624,5625,2022121401004299,MEGA,10,28,267,193.90,51771.30
5625,5626,2022121405000713,JALPA,38,22,10,3345.00,33450.00
5626,5627,2022121403002489,SFCL,56,57,40,257.00,10280.00
5627,5628,2022121403002488,SFCL,56,55,950,255.00,242250.00
5628,5629,2022121403002487,SFCL,56,58,10,254.00,2540.00
5629,5630,2022121404002413,AKJCL,50,48,240,172.00,41280.00
5630,5631,2022121401004298,AVYAN,57,6,10,700.00,7000.00
5631,5632,2022121404002412,SAEF,36,47,400,9.62,3848.00
5632,5633,2022121404002411,BARUN,57,51,100,201.90,20190.00
5633,5634,2022121404002410,BARUN,57,49,290,201.90,58551.00
5634,5635,2022121405000712,NYADI,40,58,10,275.00,2750.00
5635,5636,2022121401004297,HDL,25,58,10,3830.30,38303.00
5636,5637,2022121401004296,HDL,28,58,18,3830.30,68945.40
5637,5638,2022121403002486,NTC,58,38,10,911.90,9119.00
5638,5639,2022121401004295,NABIL,56,13,53,814.00,43142.00
5639,5640,2022121401004294,NABIL,42,13,25,814.00,20350.00
5640,5641,2022121401004293,NABIL,38,13,30,814.00,24420.00
5641,5642,2022121401004292,NABIL,14,13,15,814.00,12210.00
5642,5643,2022121401004291,NABIL,7,13,600,814.00,488400.00
5643,5644,2022121401004290,NABIL,58,13,10,814.00,8140.00
5644,5645,2022121401004289,NABIL,59,13,32,814.00,26048.00
5645,5646,2022121401004288,NABIL,5,13,20,814.50,16290.00
5646,5647,2022121401004287,NABIL,46,13,15,814.50,12217.50
5647,5648,2022121401004286,PPL,45,43,10,200.40,2004.00
5648,5649,2022121403002485,NRIC,58,13,10,703.00,7030.00
5649,5650,2022121401004285,GBIME,45,41,50,208.90,10445.00
5650,5651,2022121401004284,GBIME,45,53,31,208.90,6475.90
5651,5652,2022121404002409,UPPER,58,57,21,391.00,8211.00
5652,5653,2022121401004283,CBL,32,7,10,213.00,2130.00
5653,5654,2022121404002408,SHPC,33,28,500,272.50,136250.00
5654,5655,2022121404002407,SHPC,33,47,500,272.50,136250.00
5655,5656,2022121404002406,SHPC,33,35,10,272.40,2724.00
5656,5657,2022121404002405,SHPC,33,28,1000,272.40,272400.00
5657,5658,2022121404002404,SHPC,33,47,500,272.40,136200.00
5658,5659,2022121404002403,SHPC,33,47,500,272.00,136000.00
5659,5660,2022121404002402,SHPC,33,40,240,272.00,65280.00
5660,5661,2022121404002401,SHPC,33,56,150,271.90,40785.00
5661,5662,2022121405000711,MKJC,44,28,690,410.00,282900.00
5662,5663,2022121405000710,MKJC,44,14,300,409.90,122970.00
5663,5664,2022121405000709,MKJC,44,28,10,408.00,4080.00
5664,5665,2022121401004282,GIBF1,48,34,100,8.00,800.00
5665,5666,2022121401004281,SCB,55,49,23,400.00,9200.00
5666,5667,2022121403002484,NTC,58,50,266,912.90,242831.40
5667,5668,2022121403002483,NTC,58,49,1000,912.60,912600.00
5668,5669,2022121404002400,API,53,57,141,210.00,29610.00
5669,5670,2022121404002399,API,53,58,300,210.00,63000.00
5670,5671,2022121404002398,API,53,40,59,210.00,12390.00
5671,5672,2022121403002482,NIFRA,42,56,50,184.60,9230.00
5672,5673,2022121405000708,JBLB,58,58,17,2731.00,46427.00
5673,5674,2022121405000707,NYADI,40,51,10,274.00,2740.00
5674,5675,2022121405000706,NYADI,40,42,10,274.00,2740.00
5675,5676,2022121401004280,KDBY,51,45,100,8.00,800.00
5676,5677,2022121403002481,DDBL,45,34,11,1039.50,11434.50
5677,5678,2022121401004279,KDBY,58,56,100,8.10,810.00
5678,5679,2022121404002397,API,40,40,300,210.00,63000.00
5679,5680,2022121403002480,SADBL,D01,57,200,301.00,60200.00
5680,5681,2022121401004278,BOKL,14,34,50,205.00,10250.00
5681,5682,2022121403002479,MDB,34,4,24,386.00,9264.00
5682,5683,2022121403002478,HIDCL,35,58,50,166.90,8345.00
5683,5684,2022121404002396,NICL,3,41,20,424.80,8496.00
5684,5685,2022121401004277,GIBF1,8,38,100,7.90,790.00
5685,5686,2022121403002477,NTC,58,38,15,911.90,13678.50
5686,5687,2022121403002476,ILBS,14,57,14,859.00,12026.00
5687,5688,2022121403002475,BFC,58,42,31,309.80,9603.80
5688,5689,2022121405000705,NYADI,40,46,10,272.00,2720.00
5689,5690,2022121401004276,CZBIL,45,21,50,181.00,9050.00
5690,5691,2022121401004275,CZBIL,45,57,36,181.00,6516.00
5691,5692,2022121403002474,CIT,49,51,60,1859.00,111540.00
5692,5693,2022121403002473,CIT,49,32,50,1859.00,92950.00
5693,5694,2022121403002472,CIT,49,22,90,1858.00,167220.00
5694,5695,2022121401004274,SANIMA,42,54,80,225.00,18000.00
5695,5696,2022121404002395,API,26,40,36,210.00,7560.00
5696,5697,2022121404002394,API,26,45,24,210.00,5040.00
5697,5698,2022121404002393,API,26,17,30,209.90,6297.00
5698,5699,2022121403002471,NADEP,58,58,1,680.00,680.00
5699,5700,2022121401004273,SIKLES,17,58,40,376.00,15040.00
5700,5701,2022121401004272,KBL,34,35,129,185.00,23865.00
5701,5702,2022121404002392,BARUN,57,48,20,201.00,4020.00
5702,5703,2022121403002470,NTC,52,50,329,912.90,300344.10
5703,5704,2022121403002469,NTC,52,40,48,912.80,43814.40
5704,5705,2022121403002468,NTC,52,21,13,912.00,11856.00
5705,5706,2022121403002467,RLFL,6,4,10,295.00,2950.00
5706,5707,2022121403002466,RLFL,6,44,190,295.00,56050.00
5707,5708,2022121403002465,DDBL,57,34,39,1039.50,40540.50
5708,5709,2022121403002464,DDBL,57,34,31,1038.00,32178.00
5709,5710,2022121401004271,HIDCLP,57,28,50,97.60,4880.00
5710,5711,2022121403002463,ICFC,45,14,200,429.00,85800.00
5711,5712,2022121404002391,AHPC,45,28,100,268.50,26850.00
5712,5713,2022121405000704,SLI,57,42,10,333.00,3330.00
5713,5714,2022121401004270,NABIL,57,58,10,815.00,8150.00
5714,5715,2022121401004269,NABIL,25,58,10,815.00,8150.00
5715,5716,2022121403002462,NRIC,41,33,54,700.00,37800.00
5716,5717,2022121403002461,NRIC,55,33,123,700.50,86161.50
5717,5718,2022121403002460,GUFL,42,6,40,522.00,20880.00
5718,5719,2022121404002390,SPDL,38,41,100,263.00,26300.00
5719,5720,2022121401004268,CZBIL,58,25,4778,180.00,860040.00
5720,5721,2022121401004267,CZBIL,14,25,222,180.00,39960.00
5721,5722,2022121401004266,NIB,8,13,500,220.00,110000.00
5722,5723,2022121401004265,EBL,36,45,288,439.00,126432.00
5723,5724,2022121401004264,EBL,38,45,50,439.00,21950.00
5724,5725,2022121401004263,EBL,41,45,10,439.00,4390.00
5725,5726,2022121401004262,EBL,11,45,41,439.00,17999.00
5726,5727,2022121401004261,EBL,32,45,111,440.00,48840.00
5727,5728,2022121403002459,NTC,45,21,87,912.00,79344.00
5728,5729,2022121403002458,NTC,45,54,313,912.00,285456.00
5729,5730,2022121404002389,NHPC,57,41,35,202.00,7070.00
5730,5731,2022121404002388,NHPC,57,7,45,202.00,9090.00
5731,5732,2022121401004260,RFPL,4,58,10,225.00,2250.00
5732,5733,2022121405000703,TPC,10,58,10,319.00,3190.00
5733,5734,2022121401004259,AVYAN,28,6,90,700.00,63000.00
5734,5735,2022121401004258,AVYAN,28,29,10,700.00,7000.00
5735,5736,2022121401004257,PRVU,28,13,31,200.00,6200.00
5736,5737,2022121404002387,AKPL,45,22,100,345.90,34590.00
5737,5738,2022121403002457,FOWAD,26,42,30,2595.00,77850.00
5738,5739,2022121401004256,CBL,28,41,30,212.10,6363.00
5739,5740,2022121404002386,AKJCL,45,48,168,172.00,28896.00
5740,5741,2022121404002385,AKJCL,45,58,10,171.90,1719.00
5741,5742,2022121403002456,NTC,58,38,25,911.90,22797.50
5742,5743,2022121403002455,GUFL,42,6,11,522.00,5742.00
5743,5744,2022121401004255,PRVU,34,45,50,201.00,10050.00
5744,5745,2022121405000702,MKJC,26,17,10,405.00,4050.00
5745,5746,2022121401004254,SCB,34,19,142,400.00,56800.00
5746,5747,2022121401004253,KBL,22,35,100,185.00,18500.00
5747,5748,2022121401004252,CZBIL,45,57,164,181.00,29684.00
5748,5749,2022121405000701,JALPA,38,34,10,3355.00,33550.00
5749,5750,2022121405000700,JALPA,38,47,10,3355.00,33550.00
5750,5751,2022121401004251,UHEWA,11,58,10,345.10,3451.00
5751,5752,2022121404002384,SJCL,16,40,15,245.00,3675.00
5752,5753,2022121404002383,SJCL,16,49,20,244.80,4896.00
5753,5754,2022121404002382,SJCL,16,20,100,244.80,24480.00
5754,5755,2022121404002381,SJCL,16,41,100,244.60,24460.00
5755,5756,2022121404002380,SJCL,16,45,200,244.60,48920.00
5756,5757,2022121404002379,SJCL,16,16,50,244.60,12230.00
5757,5758,2022121404002378,SJCL,16,33,10,244.50,2445.00
5758,5759,2022121404002377,SJCL,16,59,105,244.00,25620.00
5759,5760,2022121405000699,MKLB,38,44,10,815.00,8150.00
5760,5761,2022121403002454,ICFC,41,18,10,428.90,4289.00
5761,5762,2022121404002376,NEF,25,47,200,7.90,1580.00
5762,5763,2022121403002453,NMFBS,58,58,8,2011.00,16088.00
5763,5764,2022121404002375,PPCL,53,38,10,285.00,2850.00
5764,5765,2022121401004250,HDL,32,58,21,3835.00,80535.00
5765,5766,2022121401004249,HDL,34,57,10,3835.00,38350.00
5766,5767,2022121403002452,SMFBS,38,38,1,1381.00,1381.00
5767,5768,2022121405000698,SLI,57,32,30,333.00,9990.00
5768,5769,2022121405000697,SLI,57,32,70,333.00,23310.00
5769,5770,2022121403002451,GILB,35,44,15,1131.00,16965.00
5770,5771,2022121403002450,NIFRA,32,36,10,186.00,1860.00
5771,5772,2022121401004248,CZBIL,45,28,990,180.80,178992.00
5772,5773,2022121401004247,CZBIL,45,25,800,180.70,144560.00
5773,5774,2022121401004246,CZBIL,45,59,490,180.50,88445.00
5774,5775,2022121403002449,USLB,39,46,10,863.00,8630.00
5775,5776,2022121401004245,NABIL,54,58,60,815.00,48900.00
5776,5777,2022121403002448,NRN,32,58,10,402.00,4020.00
5777,5778,2022121403002447,NRN,32,32,10,402.00,4020.00
5778,5779,2022121403002446,NRN,32,44,10,402.00,4020.00
5779,5780,2022121401004244,NABIL,45,58,60,815.00,48900.00
5780,5781,2022121401004243,NABIL,42,58,20,815.00,16300.00
5781,5782,2022121401004242,NABIL,46,6,10,814.50,8145.00
5782,5783,2022121405000696,RULB,55,6,10,870.00,8700.00
5783,5784,2022121403002445,NMFBS,28,59,20,2014.00,40280.00
5784,5785,2022121401004241,UHEWA,11,49,10,345.10,3451.00
5785,5786,2022121403002444,GUFL,58,6,105,522.00,54810.00
5786,5787,2022121401004240,GBIME,34,14,50,209.00,10450.00
5787,5788,2022121401004239,GBIME,25,14,11,209.00,2299.00
5788,5789,2022121401004238,GBIME,16,14,45,209.00,9405.00
5789,5790,2022121403002443,NTC,29,38,15,910.10,13651.50
5790,5791,2022121404002374,GLH,58,38,10,238.10,2381.00
5791,5792,2022121404002373,OHL,42,38,249,477.00,118773.00
5792,5793,2022121404002372,OHL,20,38,50,477.00,23850.00
5793,5794,2022121404002371,OHL,56,38,200,478.40,95680.00
5794,5795,2022121404002370,OHL,44,38,100,478.40,47840.00
5795,5796,2022121404002369,OHL,53,38,50,478.40,23920.00
5796,5797,2022121404002368,OHL,25,38,300,480.00,144000.00
5797,5798,2022121404002367,OHL,11,38,20,480.00,9600.00
5798,5799,2022121404002366,OHL,54,38,20,484.00,9680.00
5799,5800,2022121404002365,OHL,20,38,11,485.00,5335.00
5800,5801,2022121404002364,IGI,49,58,15,362.00,5430.00
5801,5802,2022121403002442,ALBSL,58,57,10,916.00,9160.00
5802,5803,2022121404002363,AKPL,45,22,1000,345.90,345900.00
5803,5804,2022121405000695,SLI,50,21,10,335.00,3350.00
5804,5805,2022121404002362,RHPL,41,53,80,252.50,20200.00
5805,5806,2022121403002441,NIFRA,53,44,64,184.50,11808.00
5806,5807,2022121404002361,PMHPL,58,38,10,192.00,1920.00
5807,5808,2022121401004237,SGHC,33,58,10,254.00,2540.00
5808,5809,2022121403002440,NIFRA,32,36,10,186.00,1860.00
5809,5810,2022121404002360,API,41,57,20,209.90,4198.00
5810,5811,2022121401004236,DORDI,16,42,10,235.60,2356.00
5811,5812,2022121401004235,DORDI,16,55,10,235.10,2351.00
5812,5813,2022121401004234,DORDI,16,49,10,235.00,2350.00
5813,5814,2022121401004233,DORDI,16,21,10,234.60,2346.00
5814,5815,2022121401004232,DORDI,16,16,100,234.60,23460.00
5815,5816,2022121401004231,DORDI,16,1,30,234.60,7038.00
5816,5817,2022121403002439,CIT,49,47,14,1857.00,25998.00
5817,5818,2022121401004230,RHGCL,41,38,10,206.00,2060.00
5818,5819,2022121405000694,RULB,58,6,40,870.00,34800.00
5819,5820,2022121401004229,RHGCL,41,48,10,206.00,2060.00
5820,5821,2022121401004228,SRBL,32,22,10,186.00,1860.00
5821,5822,2022121403002438,GUFL,22,6,50,522.00,26100.00
5822,5823,2022121401004227,CBL,49,7,32,213.00,6816.00
5823,5824,2022121401004226,CBL,49,45,102,213.00,21726.00
5824,5825,2022121401004225,CBL,49,48,36,213.00,7668.00
5825,5826,2022121401004224,SRBL,58,22,10,186.00,1860.00
5826,5827,2022121401004223,GVL,50,58,10,310.00,3100.00
5827,5828,2022121401004222,GVL,50,38,10,310.00,3100.00
5828,5829,2022121404002359,UPPER,40,46,50,390.10,19505.00
5829,5830,2022121404002358,CHCL,49,19,126,388.50,48951.00
5830,5831,2022121404002357,CHCL,49,35,100,388.00,38800.00
5831,5832,2022121404002356,CHCL,49,7,450,387.00,174150.00
5832,5833,2022121401004221,SCB,49,19,10,400.00,4000.00
5833,5834,2022121401004220,SCB,58,19,480,400.00,192000.00
5834,5835,2022121401004219,SCB,55,19,400,400.00,160000.00
5835,5836,2022121401004218,SCB,34,19,50,400.00,20000.00
5836,5837,2022121401004217,SCB,16,19,442,400.00,176800.00
5837,5838,2022121401004216,SCB,38,19,100,400.10,40010.00
5838,5839,2022121401004215,SCB,17,19,100,400.10,40010.00
5839,5840,2022121401004214,SCB,11,19,50,400.10,20005.00
5840,5841,2022121401004213,SCB,34,19,77,400.10,30807.70
5841,5842,2022121401004212,CCBL,13,35,400,190.10,76040.00
5842,5843,2022121403002437,NIFRA,53,44,54,184.50,9963.00
5843,5844,2022121401004211,AVYAN,50,58,10,700.00,7000.00
5844,5845,2022121403002436,MFIL,49,19,30,420.00,12600.00
5845,5846,2022121403002435,MFIL,49,34,20,420.00,8400.00
5846,5847,2022121401004210,LBL,14,58,50,194.00,9700.00
5847,5848,2022121401004209,LBL,14,17,500,194.00,97000.00
5848,5849,2022121401004208,LBL,14,44,1000,194.00,194000.00
5849,5850,2022121401004207,LBL,14,8,54,194.00,10476.00
5850,5851,2022121401004206,LBL,14,11,269,194.00,52186.00
5851,5852,2022121401004205,LBL,14,11,131,194.00,25414.00
5852,5853,2022121401004204,LBL,14,11,50,194.00,9700.00
5853,5854,2022121401004203,LBL,14,10,19,193.90,3684.10
5854,5855,2022121401004202,NABIL,10,58,200,815.00,163000.00
5855,5856,2022121401004201,SRBL,28,49,100,183.30,18330.00
5856,5857,2022121401004200,SRBL,29,49,100,183.30,18330.00
5857,5858,2022121401004199,NBL,41,34,40,277.00,11080.00
5858,5859,2022121405000693,MBJC,38,38,10,216.00,2160.00
5859,5860,2022121401004198,BOKL,14,57,314,205.00,64370.00
5860,5861,2022121404002355,SPDL,6,41,400,263.00,105200.00
5861,5862,2022121404002354,SPDL,6,55,500,262.90,131450.00
5862,5863,2022121404002353,SPDL,6,28,100,262.50,26250.00
5863,5864,2022121401004197,NICA,58,33,16,683.00,10928.00
5864,5865,2022121401004196,NICA,58,14,154,680.00,104720.00
5865,5866,2022121405000692,JBLB,58,47,17,2731.00,46427.00
5866,5867,2022121403002434,NIFRA,32,36,10,186.00,1860.00
5867,5868,2022121401004195,NABIL,48,58,30,815.00,24450.00
5868,5869,2022121401004194,NIB,28,13,100,220.00,22000.00
5869,5870,2022121403002433,NIFRA,53,44,64,184.50,11808.00
5870,5871,2022121401004193,SGHC,59,44,84,258.00,21672.00
5871,5872,2022121401004192,SGHC,59,44,1000,258.00,258000.00
5872,5873,2022121401004191,SGHC,59,6,10,257.00,2570.00
5873,5874,2022121401004190,SGHC,59,49,10,257.00,2570.00
5874,5875,2022121401004189,SGHC,59,36,10,257.00,2570.00
5875,5876,2022121401004188,SGHC,59,44,100,256.90,25690.00
5876,5877,2022121401004187,SGHC,59,55,40,256.50,10260.00
5877,5878,2022121401004186,SGHC,59,49,10,255.50,2555.00
5878,5879,2022121401004185,SGHC,59,55,36,255.50,9198.00
5879,5880,2022121403002432,NTC,58,54,11,912.00,10032.00
5880,5881,2022121401004184,HDL,7,58,20,3832.00,76640.00
5881,5882,2022121403002431,NTC,52,14,50,910.00,45500.00
5882,5883,2022121403002430,NTC,45,14,50,910.20,45510.00
5883,5884,2022121403002429,GUFL,22,6,300,522.00,156600.00
5884,5885,2022121403002428,GUFL,45,6,50,522.00,26100.00
5885,5886,2022121404002352,SHPC,33,47,350,271.00,94850.00
5886,5887,2022121404002351,SHPC,56,47,100,271.00,27100.00
5887,5888,2022121404002350,SHPC,58,47,50,271.00,13550.00
5888,5889,2022121403002427,RMDC,1,48,20,950.00,19000.00
5889,5890,2022121401004183,CZBIL,14,46,13,180.00,2340.00
5890,5891,2022121401004182,HHL,38,34,10,214.10,2141.00
5891,5892,2022121405000691,BNHC,49,13,10,335.50,3355.00
5892,5893,2022121403002426,NLIC,58,28,50,611.90,30595.00
5893,5894,2022121403002425,NLIC,58,28,50,606.90,30345.00
5894,5895,2022121403002424,GMFIL,54,33,50,313.00,15650.00
5895,5896,2022121404002349,SSHL,16,10,390,171.00,66690.00
5896,5897,2022121401004181,NBF3,57,6,100,7.22,722.00
5897,5898,2022121404002348,BPCL,56,21,304,305.10,92750.40
5898,5899,2022121404002347,BPCL,32,21,26,305.10,7932.60
5899,5900,2022121401004180,PCBL,34,39,30,225.00,6750.00
5900,5901,2022121403002423,NIFRA,53,44,64,184.50,11808.00
5901,5902,2022121403002422,NTC,45,38,25,910.20,22755.00
5902,5903,2022121401004179,HDL,42,57,10,3835.00,38350.00
5903,5904,2022121403002421,NLIC,58,4,200,604.00,120800.00
5904,5905,2022121403002420,NLIC,58,19,100,603.00,60300.00
5905,5906,2022121401004178,SANIMA,57,58,10,223.70,2237.00
5906,5907,2022121403002419,GUFL,55,6,20,522.00,10440.00
5907,5908,2022121401004177,NESDO,42,49,10,3295.00,32950.00
5908,5909,2022121403002418,NLIC,29,4,150,602.00,90300.00
5909,5910,2022121403002417,NLIC,58,4,50,602.20,30110.00
5910,5911,2022121405000690,BNHC,49,33,10,329.40,3294.00
5911,5912,2022121403002416,SADBL,D01,58,14,301.00,4214.00
5912,5913,2022121405000689,SLI,55,21,10,334.00,3340.00
5913,5914,2022121403002415,GILB,52,14,15,1138.00,17070.00
5914,5915,2022121401004176,NICA,6,14,10,680.00,6800.00
5915,5916,2022121401004175,NICA,49,14,20,680.00,13600.00
5916,5917,2022121401004174,NICA,39,14,96,680.00,65280.00
5917,5918,2022121401004173,NICA,22,14,200,680.10,136020.00
5918,5919,2022121401004172,NICA,17,14,440,680.50,299420.00
5919,5920,2022121401004171,NICA,14,14,40,681.00,27240.00
5920,5921,2022121401004170,NICA,56,14,40,681.00,27240.00
5921,5922,2022121404002346,UPPER,40,36,40,390.10,15604.00
5922,5923,2022121403002414,SKBBL,40,41,20,1115.00,22300.00
5923,5924,2022121403002413,SMFBS,57,46,10,1385.00,13850.00
5924,5925,2022121403002412,NLIC,29,4,132,602.00,79464.00
5925,5926,2022121403002411,NLIC,50,4,10,602.00,6020.00
5926,5927,2022121403002410,NLIC,44,4,50,602.00,30100.00
5927,5928,2022121403002409,NLIC,46,4,158,602.00,95116.00
5928,5929,2022121403002408,NLIC,22,4,10,602.10,6021.00
5929,5930,2022121403002407,NLIC,7,4,50,602.10,30105.00
5930,5931,2022121403002406,NLIC,6,4,90,602.20,54198.00
5931,5932,2022121403002405,GUFL,41,6,100,522.00,52200.00
5932,5933,2022121404002345,RIDI,19,44,1000,486.00,486000.00
5933,5934,2022121403002404,GUFL,49,6,20,522.00,10440.00
5934,5935,2022121403002403,NIFRA,53,44,64,184.50,11808.00
5935,5936,2022121403002402,NRIC,44,33,38,703.00,26714.00
5936,5937,2022121401004169,LBL,14,10,30,193.90,5817.00
5937,5938,2022121401004168,LBL,14,45,20,193.50,3870.00
5938,5939,2022121405000688,MBJC,59,42,15,219.30,3289.50
5939,5940,2022121405000687,MBJC,59,36,10,219.00,2190.00
5940,5941,2022121404002344,CGH,56,16,120,1005.00,120600.00
5941,5942,2022121404002343,API,10,57,140,209.90,29386.00
5942,5943,2022121404002342,API,10,29,100,209.90,20990.00
5943,5944,2022121404002341,API,10,45,260,209.50,54470.00
5944,5945,2022121401004167,RFPL,4,38,10,225.00,2250.00
5945,5946,2022121403002401,NTC,45,38,35,910.20,31857.00
5946,5947,2022121401004166,NABIL,42,58,100,815.00,81500.00
5947,5948,2022121404002340,AKJCL,45,58,730,171.90,125487.00
5948,5949,2022121404002339,AKJCL,45,47,10,171.80,1718.00
5949,5950,2022121401004165,SGHC,33,49,10,255.00,2550.00
5950,5951,2022121401004164,SGHC,33,26,10,255.00,2550.00
5951,5952,2022121401004163,SGHC,33,6,10,255.00,2550.00
5952,5953,2022121401004162,SGHC,33,49,10,255.00,2550.00
5953,5954,2022121401004161,GBIME,45,40,49,209.90,10285.10
5954,5955,2022121403002400,NLIC,6,4,110,602.20,66242.00
5955,5956,2022121403002399,NLIC,6,4,90,602.40,54216.00
5956,5957,2022121404002338,NIL,22,6,20,719.80,14396.00
5957,5958,2022121401004160,ADBL,41,14,532,313.00,166516.00
5958,5959,2022121401004159,ADBL,45,14,468,313.10,146530.80
5959,5960,2022121404002337,CGH,56,16,280,1005.00,281400.00
5960,5961,2022121403002398,GUFL,58,6,225,522.00,117450.00
5961,5962,2022121403002397,PFL,38,57,20,333.00,6660.00
5962,5963,2022121401004158,PRVU,35,45,60,201.00,12060.00
5963,5964,2022121401004157,PRVU,28,13,200,200.00,40000.00
5964,5965,2022121403002396,NLIC,6,4,10,602.40,6024.00
5965,5966,2022121403002395,NLIC,26,4,100,602.40,60240.00
5966,5967,2022121403002394,NLIC,47,4,57,602.50,34342.50
5967,5968,2022121403002393,NLIC,16,4,33,603.00,19899.00
5968,5969,2022121405000686,SAHAS,44,21,10,447.30,4473.00
5969,5970,2022121401004156,SIKLES,58,32,10,375.20,3752.00
5970,5971,2022121403002392,SIFC,32,22,19,302.00,5738.00
5971,5972,2022121403002391,FMDBL,29,11,93,710.00,66030.00
5972,5973,2022121404002336,SJCL,29,46,10,240.00,2400.00
5973,5974,2022121403002390,EDBL,49,33,590,302.00,178180.00
5974,5975,2022121403002389,EDBL,47,33,1400,302.50,423500.00
5975,5976,2022121403002388,LLBS,57,45,65,1035.00,67275.00
5976,5977,2022121401004155,RHGCL,58,20,10,206.00,2060.00
5977,5978,2022121403002387,MDB,44,4,823,386.00,317678.00
5978,5979,2022121403002386,MDB,44,52,100,386.00,38600.00
5979,5980,2022121403002385,MDB,44,52,150,386.00,57900.00
5980,5981,2022121403002384,MDB,44,17,18,386.00,6948.00
5981,5982,2022121403002383,MDB,44,54,164,385.90,63287.60
5982,5983,2022121403002382,MDB,44,45,45,385.00,17325.00
5983,5984,2022121401004154,CBL,32,48,10,213.00,2130.00
5984,5985,2022121403002381,CBBL,4,6,20,1111.90,22238.00
5985,5986,2022121403002380,NLIC,16,4,150,603.00,90450.00
5986,5987,2022121401004153,NABIL,42,1,10,814.90,8149.00
5987,5988,2022121404002335,MHNL,29,19,10,251.00,2510.00
5988,5989,2022121404002334,CGH,56,16,300,1005.00,301500.00
5989,5990,2022121404002333,API,49,28,26,208.40,5418.40
5990,5991,2022121401004152,RHGCL,58,49,10,206.00,2060.00
5991,5992,2022121405000685,MBJC,25,42,15,219.30,3289.50
5992,5993,2022121405000684,MBJC,25,28,375,219.30,82237.50
5993,5994,2022121405000683,MBJC,25,38,10,215.00,2150.00
5994,5995,2022121404002332,CHCL,28,7,50,387.00,19350.00
5995,5996,2022121401004151,SHIVM,36,58,310,549.00,170190.00
5996,5997,2022121403002379,NLIC,16,4,162,603.00,97686.00
5997,5998,2022121403002378,KSBBL,55,58,30,306.00,9180.00
5998,5999,2022121403002377,KSBBL,55,59,14,306.00,4284.00
5999,6000,2022121403002376,NTC,34,38,49,911.00,44639.00
6000,6001,2022121403002375,GFCL,19,49,360,450.00,162000.00
6001,6002,2022121403002374,GFCL,19,42,40,449.90,17996.00
6002,6003,2022121401004150,CZBIL,58,59,10,180.50,1805.00
6003,6004,2022121401004149,RFPL,4,48,10,225.00,2250.00
6004,6005,2022121405000682,MBJC,25,28,1625,219.30,356362.50
6005,6006,2022121405000681,MBJC,25,41,138,219.30,30263.40
6006,6007,2022121405000680,MBJC,25,22,97,218.20,21165.40
6007,6008,2022121405000679,MBJC,25,41,10,218.20,2182.00
6008,6009,2022121405000678,MBJC,25,42,30,218.00,6540.00
6009,6010,2022121405000677,MBJC,25,7,30,218.00,6540.00
6010,6011,2022121405000676,MBJC,25,51,30,218.00,6540.00
6011,6012,2022121405000675,MBJC,25,39,500,217.90,108950.00
6012,6013,2022121405000674,MBJC,25,58,10,217.00,2170.00
6013,6014,2022121405000673,MBJC,25,17,120,216.50,25980.00
6014,6015,2022121405000672,MBJC,25,42,30,216.20,6486.00
6015,6016,2022121405000671,MBJC,25,56,10,216.00,2160.00
6016,6017,2022121405000670,MBJC,25,42,30,215.40,6462.00
6017,6018,2022121405000669,MBJC,25,17,10,215.40,2154.00
6018,6019,2022121405000668,MBJC,25,34,300,215.40,64620.00
6019,6020,2022121405000667,MBJC,25,42,30,215.30,6459.00
6020,6021,2022121401004148,HDL,58,51,15,3835.00,57525.00
6021,6022,2022121401004147,SHIVM,57,36,30,548.30,16449.00
6022,6023,2022121401004146,SHIVM,34,36,20,548.90,10978.00
6023,6024,2022121401004145,CZBIL,14,14,1265,180.00,227700.00
6024,6025,2022121403002373,NLIC,3,4,100,603.00,60300.00
6025,6026,2022121403002372,NLIC,45,4,38,603.00,22914.00
6026,6027,2022121403002371,NIFRA,58,36,10,186.00,1860.00
6027,6028,2022121401004144,PPL,34,46,10,200.20,2002.00
6028,6029,2022121403002370,FMDBL,44,20,20,709.00,14180.00
6029,6030,2022121405000666,MBJC,56,58,20,215.00,4300.00
6030,6031,2022121404002331,RHPL,58,46,20,252.20,5044.00
6031,6032,2022121404002330,UPPER,6,57,28,391.00,10948.00
6032,6033,2022121404002329,UPPER,6,56,350,391.00,136850.00
6033,6034,2022121404002328,UPPER,6,22,100,391.00,39100.00
6034,6035,2022121404002327,UPPER,6,56,22,390.90,8599.80
6035,6036,2022121404002326,SJCL,16,7,500,243.80,121900.00
6036,6037,2022121401004143,SPHL,32,21,10,362.00,3620.00
6037,6038,2022121401004142,SPHL,32,41,10,353.00,3530.00
6038,6039,2022121405000665,RULB,55,21,70,870.00,60900.00
6039,6040,2022121401004141,SRBL,32,22,20,186.00,3720.00
6040,6041,2022121403002369,NIFRA,53,5,398,184.50,73431.00
6041,6042,2022121403002368,NIFRA,42,5,30,184.60,5538.00
6042,6043,2022121401004140,SHIVM,45,58,50,549.00,27450.00
6043,6044,2022121403002367,NLIC,45,4,62,603.00,37386.00
6044,6045,2022121403002366,NLIC,37,4,38,603.00,22914.00
6045,6046,2022121401004139,SHIVM,57,58,150,549.00,82350.00
6046,6047,2022121403002365,JSLBB,54,49,10,1623.00,16230.00
6047,6048,2022121404002325,SHPC,17,7,10,271.00,2710.00
6048,6049,2022121401004138,NCCB,58,32,10,183.40,1834.00
6049,6050,2022121405000664,SAHAS,44,59,10,447.30,4473.00
6050,6051,2022121401004137,HDL,38,51,35,3835.00,134225.00
6051,6052,2022121401004136,HDL,38,53,50,3835.00,191750.00
6052,6053,2022121403002364,GRDBL,10,33,100,231.00,23100.00
6053,6054,2022121401004135,PRVU,35,45,14,201.00,2814.00
6054,6055,2022121405000663,BNHC,34,21,10,323.20,3232.00
6055,6056,2022121402001139,PHCL,45,42,10,270.00,2700.00
6056,6057,2022121402001138,PHCL,45,58,10,270.00,2700.00
6057,6058,2022121402001137,PHCL,45,59,10,270.00,2700.00
6058,6059,2022121401004134,PCBL,29,39,37,225.00,8325.00
6059,6060,2022121401004133,PCBL,29,45,55,225.00,12375.00
6060,6061,2022121403002363,MNBBL,39,45,10,420.00,4200.00
6061,6062,2022121403002362,MNBBL,28,45,200,420.00,84000.00
6062,6063,2022121403002361,MNBBL,32,45,240,420.00,100800.00
6063,6064,2022121403002360,MNBBL,57,45,63,420.00,26460.00
6064,6065,2022121401004132,NCCB,14,20,80,183.00,14640.00
6065,6066,2022121401004131,NCCB,14,1,900,183.00,164700.00
6066,6067,2022121401004130,NCCB,14,58,238,183.00,43554.00
6067,6068,2022121401004129,NCCB,14,34,300,183.00,54900.00
6068,6069,2022121401004128,NCCB,14,32,681,183.00,124623.00
6069,6070,2022121401004127,NCCB,14,48,294,182.90,53772.60
6070,6071,2022121404002324,RHPL,58,58,60,252.20,15132.00
6071,6072,2022121401004126,SGHC,26,41,10,253.10,2531.00
6072,6073,2022121403002359,NRIC,58,33,20,703.00,14060.00
6073,6074,2022121402001136,EHPL,55,49,10,237.60,2376.00
6074,6075,2022121405000662,JBLB,34,38,17,2742.00,46614.00
6075,6076,2022121401004125,NABIL,58,28,20,814.90,16298.00
6076,6077,2022121401004124,ADBL,38,51,20,314.00,6280.00
6077,6078,2022121404002323,NMB50,17,48,4500,8.95,40275.00
6078,6079,2022121405000661,RULB,14,21,90,870.00,78300.00
6079,6080,2022121405000660,RULB,17,21,10,870.00,8700.00
6080,6081,2022121405000659,RULB,45,21,20,870.00,17400.00
6081,6082,2022121405000658,RULB,42,21,40,875.00,35000.00
6082,6083,2022121401004123,PPL,13,20,10,200.20,2002.00
6083,6084,2022121403002358,CBBL,49,34,20,1110.00,22200.00
6084,6085,2022121403002357,CBBL,6,34,10,1110.00,11100.00
6085,6086,2022121401004122,NBL,58,34,10,277.00,2770.00
6086,6087,2022121405000657,RULB,42,57,10,875.00,8750.00
6087,6088,2022121401004121,NABIL,49,28,480,814.90,391152.00
6088,6089,2022121403002356,HIDCL,32,41,10,166.90,1669.00
6089,6090,2022121403002355,HIDCL,32,58,10,166.80,1668.00
6090,6091,2022121401004120,SBL,1,10,409,312.00,127608.00
6091,6092,2022121404002322,HDHPC,48,5,100,178.50,17850.00
6092,6093,2022121403002354,SFCL,13,36,25,253.10,6327.50
6093,6094,2022121403002353,SFCL,21,36,150,253.10,37965.00
6094,6095,2022121403002352,SFCL,33,36,20,256.00,5120.00
6095,6096,2022121403002351,SFCL,33,36,30,257.00,7710.00
6096,6097,2022121403002350,NRIC,55,57,27,700.50,18913.50
6097,6098,2022121401004119,MHL,48,48,10,310.00,3100.00
6098,6099,2022121404002321,UMHL,39,54,1000,226.00,226000.00
6099,6100,2022121401004118,SGHC,26,41,10,253.10,2531.00
6100,6101,2022121401004117,SIKLES,17,58,10,376.00,3760.00
6101,6102,2022121401004116,SIKLES,17,57,10,375.70,3757.00
6102,6103,2022121404002320,CHCL,49,50,490,386.00,189140.00
6103,6104,2022121401004115,NABIL,45,28,50,814.90,40745.00
6104,6105,2022121401004114,NESDO,42,42,10,3299.00,32990.00
6105,6106,2022121405000656,MBJC,13,59,10,213.40,2134.00
6106,6107,2022121403002349,HIDCL,33,58,10,166.70,1667.00
6107,6108,2022121403002348,HIDCL,33,58,15,166.60,2499.00
6108,6109,2022121403002347,HIDCL,33,28,50,166.20,8310.00
6109,6110,2022121403002346,PFL,42,46,13,331.20,4305.60
6110,6111,2022121404002319,HDHPC,44,6,31,178.40,5530.40
6111,6112,2022121404002318,HDHPC,44,6,30,178.30,5349.00
6112,6113,2022121404002317,HDHPC,44,19,30,178.30,5349.00
6113,6114,2022121404002316,HDHPC,44,52,300,178.00,53400.00
6114,6115,2022121404002315,HDHPC,44,36,100,178.00,17800.00
6115,6116,2022121404002314,HDHPC,44,8,10,178.00,1780.00
6116,6117,2022121404002313,HDHPC,44,29,100,178.00,17800.00
6117,6118,2022121404002312,HDHPC,44,41,65,178.00,11570.00
6118,6119,2022121404002311,HDHPC,44,25,625,178.00,111250.00
6119,6120,2022121405000655,SAHAS,44,8,10,447.30,4473.00
6120,6121,2022121401004113,NIB,25,13,20,220.00,4400.00
6121,6122,2022121401004112,NBL,19,34,1000,276.00,276000.00
6122,6123,2022121401004111,NBL,19,21,77,276.00,21252.00
6123,6124,2022121404002310,AKPL,45,22,200,345.90,69180.00
6124,6125,2022121403002345,NTC,34,38,45,910.30,40963.50
6125,6126,2022121403002344,NIFRA,32,36,10,186.00,1860.00
6126,6127,2022121401004110,NABIL,51,28,20,814.90,16298.00
6127,6128,2022121401004109,SIKLES,58,41,10,375.20,3752.00
6128,6129,2022121404002309,DHPL,44,58,100,175.00,17500.00
6129,6130,2022121401004108,SHIVM,45,58,389,549.00,213561.00
6130,6131,2022121403002343,NTC,58,54,31,912.00,28272.00
6131,6132,2022121403002342,NTC,58,38,10,911.90,9119.00
6132,6133,2022121403002341,NTC,58,26,12,911.90,10942.80
6133,6134,2022121403002340,NTC,58,42,10,911.90,9119.00
6134,6135,2022121403002339,NTC,58,45,10,911.70,9117.00
6135,6136,2022121403002338,NTC,58,58,27,911.00,24597.00
6136,6137,2022121401004107,RHGCL,58,34,10,206.00,2060.00
6137,6138,2022121405000654,NYADI,33,58,10,271.00,2710.00
6138,6139,2022121404002308,AKPL,58,22,10,345.90,3459.00
6139,6140,2022121404002307,JOSHI,21,38,20,187.90,3758.00
6140,6141,2022121401004106,SGHC,26,58,75,253.10,18982.50
6141,6142,2022121403002337,NFS,48,42,62,256.10,15878.20
6142,6143,2022121403002336,HIDCL,45,47,300,166.00,49800.00
6143,6144,2022121403002335,HIDCL,45,57,46,166.00,7636.00
6144,6145,2022121404002306,AKPL,58,22,12,345.90,4150.80
6145,6146,2022121401004105,SHIVM,45,44,200,549.00,109800.00
6146,6147,2022121401004104,SHIVM,45,58,192,549.00,105408.00
6147,6148,2022121403002334,NABBC,21,5,20,357.00,7140.00
6148,6149,2022121403002333,NTC,7,58,28,911.00,25508.00
6149,6150,2022121401004103,SPHL,58,58,10,352.00,3520.00
6150,6151,2022121404002305,RIDI,36,44,334,485.00,161990.00
6151,6152,2022121404002304,RIDI,5,44,10,485.00,4850.00
6152,6153,2022121404002303,RIDI,22,44,15,485.00,7275.00
6153,6154,2022121404002302,RIDI,58,44,16,485.00,7760.00
6154,6155,2022121404002301,RIDI,40,44,25,485.10,12127.50
6155,6156,2022121401004102,UHEWA,57,38,10,345.00,3450.00
6156,6157,2022121401004101,DORDI,34,1,10,234.60,2346.00
6157,6158,2022121403002332,NIFRA,53,46,64,184.50,11808.00
6158,6159,2022121403002331,NIFRA,58,36,10,186.00,1860.00
6159,6160,2022121403002330,NLICL,33,20,454,502.00,227908.00
6160,6161,2022121403002329,NLICL,33,17,410,502.00,205820.00
6161,6162,2022121403002328,NLICL,33,20,36,501.00,18036.00
6162,6163,2022121403002327,NIFRA,58,8,46,184.60,8491.60
6163,6164,2022121401004100,CZBIL,42,14,140,180.00,25200.00
6164,6165,2022121401004099,HHL,38,38,10,214.10,2141.00
6165,6166,2022121401004098,NICA,58,33,10,683.00,6830.00
6166,6167,2022121401004097,CBL,28,58,36,212.10,7635.60
6167,6168,2022121404002300,NLG,29,16,200,471.00,94200.00
6168,6169,2022121404002299,NLG,46,16,100,471.10,47110.00
6169,6170,2022121404002298,RURU,56,41,11,737.10,8108.10
6170,6171,2022121401004096,MHL,48,16,10,310.00,3100.00
6171,6172,2022121403002326,NIFRA,38,38,64,184.70,11820.80
6172,6173,2022121405000653,MBJC,57,20,10,213.20,2132.00
6173,6174,2022121401004095,SRBL,32,1,80,185.00,14800.00
6174,6175,2022121404002297,NGPL,51,48,20,208.00,4160.00
6175,6176,2022121401004094,SHIVM,14,58,100,549.00,54900.00
6176,6177,2022121401004093,NICA,56,33,10,681.00,6810.00
6177,6178,2022121404002296,UPPER,29,22,50,390.10,19505.00
6178,6179,2022121404002295,UPPER,58,22,196,390.20,76479.20
6179,6180,2022121405000652,SAHAS,45,42,10,450.00,4500.00
6180,6181,2022121405000651,SAHAS,45,58,10,450.00,4500.00
6181,6182,2022121405000650,SAHAS,45,35,10,450.00,4500.00
6182,6183,2022121405000649,SAHAS,45,49,10,450.00,4500.00
6183,6184,2022121405000648,SAHAS,45,49,10,450.00,4500.00
6184,6185,2022121405000647,SAHAS,45,28,10,450.00,4500.00
6185,6186,2022121403002325,MLBL,26,57,500,341.00,170500.00
6186,6187,2022121403002324,MLBL,26,22,199,341.00,67859.00
6187,6188,2022121403002323,MLBL,26,38,78,341.00,26598.00
6188,6189,2022121403002322,MLBL,26,55,42,341.00,14322.00
6189,6190,2022121403002321,GUFL,17,26,10,521.40,5214.00
6190,6191,2022121403002320,NIFRA,58,36,10,186.00,1860.00
6191,6192,2022121403002319,NIFRA,58,39,100,185.00,18500.00
6192,6193,2022121401004092,NABIL,22,28,30,814.90,24447.00
6193,6194,2022121403002318,NABBC,49,5,50,357.00,17850.00
6194,6195,2022121403002317,HIDCL,32,57,20,166.00,3320.00
6195,6196,2022121402001135,EHPL,55,35,10,237.60,2376.00
6196,6197,2022121403002316,NICLBSL,22,46,10,711.00,7110.00
6197,6198,2022121404002294,SICL,55,46,15,765.00,11475.00
6198,6199,2022121405000646,SAHAS,45,58,10,449.00,4490.00
6199,6200,2022121405000645,SAHAS,45,39,10,449.00,4490.00
6200,6201,2022121405000644,SAHAS,45,38,10,448.50,4485.00
6201,6202,2022121405000643,SAHAS,45,58,10,448.00,4480.00
6202,6203,2022121401004091,AVYAN,39,10,10,698.10,6981.00
6203,6204,2022121403002315,NLIC,58,4,10,604.00,6040.00
6204,6205,2022121403002314,NADEP,42,44,25,683.00,17075.00
6205,6206,2022121405000642,SAHAS,56,49,10,447.60,4476.00
6206,6207,2022121403002313,NIFRA,58,50,235,184.60,43381.00
6207,6208,2022121403002312,NLIC,37,45,45,603.00,27135.00
6208,6209,2022121403002311,PFL,42,45,53,331.20,17553.60
6209,6210,2022121401004090,NABIL,5,58,150,815.00,122250.00
6210,6211,2022121404002293,UMHL,34,58,10,225.00,2250.00
6211,6212,2022121403002310,SADBL,D01,43,10,301.00,3010.00
6212,6213,2022121404002292,RADHI,42,56,11,219.00,2409.00
6213,6214,2022121404002291,RADHI,42,38,15,219.00,3285.00
6214,6215,2022121404002290,HDHPC,42,25,25,178.00,4450.00
6215,6216,2022121403002309,NLBBL,41,32,10,810.00,8100.00
6216,6217,2022121405000641,MBJC,19,58,10,213.10,2131.00
6217,6218,2022121405000640,MBJC,19,8,10,213.10,2131.00
6218,6219,2022121401004089,NABIL,46,33,10,814.50,8145.00
6219,6220,2022121404002289,KEF,42,6,100,7.95,795.00
6220,6221,2022121401004088,CCBL,13,5,260,190.10,49426.00
6221,6222,2022121403002308,KSBBL,58,59,85,306.00,26010.00
6222,6223,2022121403002307,HIDCL,41,58,10,164.80,1648.00
6223,6224,2022121403002306,NLIC,58,4,90,604.00,54360.00
6224,6225,2022121403002305,JBBL,35,47,200,276.00,55200.00
6225,6226,2022121404002288,NHDL,34,46,12,316.00,3792.00
6226,6227,2022121403002304,MPFL,20,1,183,306.00,55998.00
6227,6228,2022121403002303,MPFL,20,32,1000,306.00,306000.00
6228,6229,2022121403002302,MPFL,20,14,30,306.00,9180.00
6229,6230,2022121403002301,MPFL,20,53,100,306.00,30600.00
6230,6231,2022121403002300,MPFL,20,34,100,305.00,30500.00
6231,6232,2022121403002299,MPFL,20,49,10,305.00,3050.00
6232,6233,2022121403002298,MPFL,20,33,200,305.00,61000.00
6233,6234,2022121403002297,MPFL,20,33,77,303.50,23369.50
6234,6235,2022121401004087,HHL,38,20,10,214.10,2141.00
6235,6236,2022121401004086,SGHC,59,38,10,253.00,2530.00
6236,6237,2022121401004085,RHGCL,58,49,10,206.00,2060.00
6237,6238,2022121401004084,SHIVM,45,58,100,549.00,54900.00
6238,6239,2022121404002287,CHCL,44,50,344,385.00,132440.00
6239,6240,2022121401004083,GBIME,58,40,10,209.90,2099.00
6240,6241,2022121404002286,NICGF,50,48,3000,9.00,27000.00
6241,6242,2022121401004082,NABIL,58,58,56,815.00,45640.00
6242,6243,2022121403002296,JFL,19,21,20,378.00,7560.00
6243,6244,2022121401004081,BHDC,47,49,10,348.00,3480.00
6244,6245,2022121401004080,BOKL,58,54,10,205.30,2053.00
6245,6246,2022121401004079,BOKL,58,21,22,205.00,4510.00
6246,6247,2022121401004078,BOKL,58,19,68,205.00,13940.00
6247,6248,2022121401004077,RHGCL,58,58,10,206.00,2060.00
6248,6249,2022121401004076,DORDI,33,8,10,231.00,2310.00
6249,6250,2022121401004075,SBI,17,49,100,279.00,27900.00
6250,6251,2022121404002285,SHL,14,5,100,222.00,22200.00
6251,6252,2022121404002284,SHL,14,13,1000,222.00,222000.00
6252,6253,2022121404002283,SHL,14,14,1000,222.00,222000.00
6253,6254,2022121404002282,SHL,14,58,500,222.00,111000.00
6254,6255,2022121404002281,SHL,14,11,400,222.00,88800.00
6255,6256,2022121404002280,SHL,14,41,350,222.00,77700.00
6256,6257,2022121401004074,DORDI,47,1,10,234.60,2346.00
6257,6258,2022121403002295,MLBSL,20,22,50,3990.00,199500.00
6258,6259,2022121404002279,API,25,33,20,208.10,4162.00
6259,6260,2022121401004073,MHL,58,49,10,310.00,3100.00
6260,6261,2022121404002278,HDHPC,44,58,104,177.90,18501.60
6261,6262,2022121401004072,BOKL,10,19,100,205.00,20500.00
6262,6263,2022121401004071,BOKL,59,19,13,205.00,2665.00
6263,6264,2022121401004070,BOKL,41,19,43,205.00,8815.00
6264,6265,2022121401004069,BOKL,14,19,250,205.00,51250.00
6265,6266,2022121401004068,BOKL,11,19,26,205.00,5330.00
6266,6267,2022121401004067,PPL,13,58,10,200.30,2003.00
6267,6268,2022121401004066,NIBPO,6,33,790,210.00,165900.00
6268,6269,2022121404002277,NMBHF1,38,48,1554,9.13,14188.02
6269,6270,2022121404002276,NMBHF1,38,48,2800,9.14,25592.00
6270,6271,2022121404002275,NMBHF1,38,48,1700,9.14,15538.00
6271,6272,2022121404002274,NMBHF1,38,48,4000,9.14,36560.00
6272,6273,2022121404002273,NMBHF1,21,48,843,9.20,7755.60
6273,6274,2022121404002272,MEN,10,46,10,718.10,7181.00
6274,6275,2022121405000639,MBJC,19,58,190,215.00,40850.00
6275,6276,2022121405000638,MBJC,19,38,10,214.00,2140.00
6276,6277,2022121402001134,PHCL,42,7,10,270.00,2700.00
6277,6278,2022121401004065,SHIVM,58,58,90,549.00,49410.00
6278,6279,2022121404002271,UMHL,34,48,100,224.20,22420.00
6279,6280,2022121404002270,RIDI,42,44,500,486.00,243000.00
6280,6281,2022121401004064,UHEWA,57,34,10,345.00,3450.00
6281,6282,2022121403002294,NLIC,42,4,195,604.00,117780.00
6282,6283,2022121403002293,NLIC,42,4,105,604.00,63420.00
6283,6284,2022121401004063,NESDO,42,29,10,3285.00,32850.00
6284,6285,2022121403002292,CIT,42,22,10,1858.00,18580.00
6285,6286,2022121403002291,NLIC,58,4,10,604.00,6040.00
6286,6287,2022121403002290,KRBL,38,29,146,256.00,37376.00
6287,6288,2022121404002269,RIDI,58,58,19,485.00,9215.00
6288,6289,2022121402001133,PHCL,58,57,10,270.00,2700.00
6289,6290,2022121403002289,NABBC,58,5,10,360.00,3600.00
6290,6291,2022121404002268,RIDI,58,45,15,485.00,7275.00
6291,6292,2022121404002267,RIDI,56,45,15,485.00,7275.00
6292,6293,2022121401004062,MHL,58,38,10,310.00,3100.00
6293,6294,2022121401004061,NABIL,14,58,15,815.00,12225.00
6294,6295,2022121404002266,BARUN,32,49,10,201.90,2019.00
6295,6296,2022121404002265,HDHPC,44,21,515,177.90,91618.50
6296,6297,2022121404002264,HDHPC,44,57,15,177.50,2662.50
6297,6298,2022121404002263,HDHPC,44,19,766,177.00,135582.00
6298,6299,2022121404002262,HDHPC,44,56,200,176.90,35380.00
6299,6300,2022121404002261,HDHPC,44,38,100,176.90,17690.00
6300,6301,2022121404002260,HDHPC,44,1,500,176.80,88400.00
6301,6302,2022121403002288,SAPDBL,14,35,325,221.50,71987.50
6302,6303,2022121403002287,SAPDBL,14,59,675,220.00,148500.00
6303,6304,2022121401004060,KBL,58,11,10,185.90,1859.00
6304,6305,2022121403002286,JBBL,35,48,90,276.00,24840.00
6305,6306,2022121403002285,JBBL,25,48,90,276.10,24849.00
6306,6307,2022121403002284,JBBL,38,48,20,276.50,5530.00
6307,6308,2022121403002283,MERO,22,58,26,759.00,19734.00
6308,6309,2022121401004059,BHL,28,58,10,246.30,2463.00
6309,6310,2022121404002259,SAEF,47,48,9100,9.61,87451.00
6310,6311,2022121404002258,SAEF,39,48,10000,9.63,96300.00
6311,6312,2022121404002257,SAEF,11,48,5000,9.63,48150.00
6312,6313,2022121404002256,SAEF,58,48,5000,9.64,48200.00
6313,6314,2022121404002255,SAEF,25,48,1000,9.64,9640.00
6314,6315,2022121404002254,SAEF,59,48,5000,9.65,48250.00
6315,6316,2022121404002253,SAEF,48,48,400,9.66,3864.00
6316,6317,2022121403002282,MPFL,20,57,200,302.00,60400.00
6317,6318,2022121403002281,MPFL,20,21,565,302.00,170630.00
6318,6319,2022121401004058,SHIVM,42,53,45,549.00,24705.00
6319,6320,2022121403002280,RMDC,38,48,100,950.00,95000.00
6320,6321,2022121405000637,NYADI,34,58,10,270.20,2702.00
6321,6322,2022121404002252,UPPER,29,53,350,390.10,136535.00
6322,6323,2022121401004057,SANIMA,1,54,30,225.00,6750.00
6323,6324,2022121401004056,KBL,42,34,10,184.60,1846.00
6324,6325,2022121401004055,MEGA,50,28,500,193.90,96950.00
6325,6326,2022121401004054,GVL,29,35,10,309.20,3092.00
6326,6327,2022121404002251,UNHPL,8,6,1500,189.00,283500.00
6327,6328,2022121401004053,KBL,32,10,100,185.00,18500.00
6328,6329,2022121401004052,RHGCL,22,19,10,205.60,2056.00
6329,6330,2022121405000636,JBLB,22,58,7,2700.00,18900.00
6330,6331,2022121401004051,SBL,35,36,14,310.00,4340.00
6331,6332,2022121401004050,SBL,41,36,100,311.00,31100.00
6332,6333,2022121404002250,KKHC,49,5,103,183.60,18910.80
6333,6334,2022121404002249,KKHC,49,34,37,183.00,6771.00
6334,6335,2022121404002248,KKHC,49,43,20,183.00,3660.00
6335,6336,2022121404002247,UMHL,34,38,10,224.20,2242.00
6336,6337,2022121401004049,DORDI,47,58,10,234.50,2345.00
6337,6338,2022121401004048,DORDI,47,32,10,234.00,2340.00
6338,6339,2022121401004047,DORDI,47,56,10,234.00,2340.00
6339,6340,2022121404002246,KPCL,38,46,11,313.30,3446.30
6340,6341,2022121404002245,UIC,28,21,500,338.00,169000.00
6341,6342,2022121404002244,UIC,19,21,10,338.00,3380.00
6342,6343,2022121404002243,UIC,26,21,50,338.10,16905.00
6343,6344,2022121404002242,UIC,38,21,100,338.10,33810.00
6344,6345,2022121403002279,NLIC,37,58,17,603.00,10251.00
6345,6346,2022121403002278,NLIC,47,58,50,603.00,30150.00
6346,6347,2022121403002277,NLIC,36,58,46,603.00,27738.00
6347,6348,2022121405000635,SAHAS,51,25,10,448.00,4480.00
6348,6349,2022121401004046,SGHC,59,44,600,255.00,153000.00
6349,6350,2022121401004045,PPL,13,35,10,200.40,2004.00
6350,6351,2022121403002276,MLBL,44,55,100,341.00,34100.00
6351,6352,2022121403002275,SHINE,1,33,10,330.00,3300.00
6352,6353,2022121403002274,SHINE,52,33,60,330.00,19800.00
6353,6354,2022121403002273,SHINE,45,33,300,330.00,99000.00
6354,6355,2022121403002272,SHINE,38,33,10,330.00,3300.00
6355,6356,2022121403002271,SHINE,57,33,405,330.00,133650.00
6356,6357,2022121403002270,SHINE,21,33,1000,330.00,330000.00
6357,6358,2022121403002269,SHINE,54,33,10,330.00,3300.00
6358,6359,2022121403002268,SHINE,58,33,10,331.00,3310.00
6359,6360,2022121403002267,SHINE,58,33,187,331.00,61897.00
6360,6361,2022121401004044,CBL,32,48,10,213.00,2130.00
6361,6362,2022121403002266,CHDC,38,7,10,652.00,6520.00
6362,6363,2022121401004043,RHGCL,22,58,10,205.60,2056.00
6363,6364,2022121401004042,BOKL,11,5,74,205.00,15170.00
6364,6365,2022121401004041,BOKL,45,5,20,205.00,4100.00
6365,6366,2022121401004040,BOKL,14,5,66,205.00,13530.00
6366,6367,2022121401004039,SANIMA,34,22,48,224.00,10752.00
6367,6368,2022121401004038,SANIMA,57,22,17,224.00,3808.00
6368,6369,2022121403002265,SABSL,34,36,10,900.00,9000.00
6369,6370,2022121403002264,HIDCL,41,13,115,164.80,18952.00
6370,6371,2022121403002263,HIDCL,6,13,93,164.80,15326.40
6371,6372,2022121403002262,GLBSL,43,46,12,766.10,9193.20
6372,6373,2022121403002261,NIFRA,5,39,100,185.00,18500.00
6373,6374,2022121405000634,NYADI,34,42,10,270.20,2702.00
6374,6375,2022121401004037,NICA,57,33,30,683.00,20490.00
6375,6376,2022121405000633,SAHAS,51,13,10,448.00,4480.00
6376,6377,2022121401004036,SBL,56,10,91,312.00,28392.00
6377,6378,2022121401004035,SBL,56,55,309,312.00,96408.00
6378,6379,2022121404002241,API,33,33,45700,208.10,9510170.00
6379,6380,2022121404002240,RIDI,42,44,500,486.00,243000.00
6380,6381,2022121401004034,NCCB,29,32,465,183.00,85095.00
6381,6382,2022121401004033,NCCB,29,26,102,182.90,18655.80
6382,6383,2022121401004032,NCCB,29,17,33,182.90,6035.70
6383,6384,2022121401004031,NABIL,35,58,20,815.00,16300.00
6384,6385,2022121401004030,NABIL,29,58,80,815.00,65200.00
6385,6386,2022121401004029,NABIL,37,58,101,815.00,82315.00
6386,6387,2022121403002260,MFIL,6,57,246,416.60,102483.60
6387,6388,2022121403002259,NADEP,25,45,12,682.00,8184.00
6388,6389,2022121404002239,API,42,50,500,208.00,104000.00
6389,6390,2022121401004028,PCBL,58,45,10,225.00,2250.00
6390,6391,2022121404002238,PIC,13,13,11,520.20,5722.20
6391,6392,2022121403002258,GBLBS,45,46,10,588.00,5880.00
6392,6393,2022121401004027,SPHL,35,6,10,357.00,3570.00
6393,6394,2022121401004026,SPHL,35,5,22,357.00,7854.00
6394,6395,2022121405000632,BNHC,34,25,10,323.40,3234.00
6395,6396,2022121401004025,NABIL,38,1,100,815.60,81560.00
6396,6397,2022121401004024,GVL,4,35,10,309.30,3093.00
6397,6398,2022121401004023,DORDI,48,57,10,234.00,2340.00
6398,6399,2022121403002257,NUBL,32,22,10,891.00,8910.00
6399,6400,2022121404002237,CGH,56,29,10,1001.00,10010.00
6400,6401,2022121401004022,DORDI,34,28,10,234.00,2340.00
6401,6402,2022121401004021,DORDI,34,56,600,233.00,139800.00
6402,6403,2022121401004020,DORDI,34,56,300,233.00,69900.00
6403,6404,2022121401004019,DORDI,34,58,100,232.50,23250.00
6404,6405,2022121401004018,NABIL,37,58,399,815.00,325185.00
6405,6406,2022121401004017,NABIL,58,58,20,815.00,16300.00
6406,6407,2022121401004016,NABIL,22,58,31,815.10,25268.10
6407,6408,2022121401004015,NABIL,37,58,500,815.10,407550.00
6408,6409,2022121401004014,NABIL,57,58,50,815.50,40775.00
6409,6410,2022121403002256,NICLBSL,22,36,10,711.00,7110.00
6410,6411,2022121403002255,CBBL,6,37,40,1110.00,44400.00
6411,6412,2022121403002254,CBBL,34,37,20,1110.00,22200.00
6412,6413,2022121401004013,PCBL,29,38,28,224.00,6272.00
6413,6414,2022121401004012,PCBL,29,49,80,224.00,17920.00
6414,6415,2022121403002253,NIFRA,58,32,19,184.60,3507.40
6415,6416,2022121403002252,NIFRA,58,32,10,184.70,1847.00
6416,6417,2022121403002251,NIFRA,41,32,25,185.00,4625.00
6417,6418,2022121401004011,HDL,40,6,10,3830.00,38300.00
6418,6419,2022121404002236,RIDI,56,48,50,485.00,24250.00
6419,6420,2022121405000631,SLI,57,8,10,333.00,3330.00
6420,6421,2022121404002235,CGH,29,35,10,1000.10,10001.00
6421,6422,2022121405000630,NYADI,34,38,10,270.20,2702.00
6422,6423,2022121403002250,DDBL,58,25,69,1035.00,71415.00
6423,6424,2022121403002249,DDBL,41,25,30,1036.00,31080.00
6424,6425,2022121403002248,NLIC,36,19,104,603.00,62712.00
6425,6426,2022121403002247,NLIC,5,19,100,603.00,60300.00
6426,6427,2022121404002234,API,57,28,1746,209.00,364914.00
6427,6428,2022121404002233,API,57,25,54,208.90,11280.60
6428,6429,2022121403002246,HIDCL,6,39,128,164.80,21094.40
6429,6430,2022121405000629,SLI,55,42,10,335.00,3350.00
6430,6431,2022121403002245,CBBL,49,6,23,1111.90,25573.70
6431,6432,2022121403002244,NABBC,58,49,80,360.00,28800.00
6432,6433,2022121404002232,CGH,29,45,120,1000.10,120012.00
6433,6434,2022121405000628,SAHAS,51,13,10,448.00,4480.00
6434,6435,2022121401004010,SGHC,59,58,10,255.00,2550.00
6435,6436,2022121403002243,NRIC,58,26,10,704.00,7040.00
6436,6437,2022121403002242,NLIC,35,4,50,604.00,30200.00
6437,6438,2022121404002231,STC,52,35,10,3600.00,36000.00
6438,6439,2022121403002241,JBBL,25,33,10,276.10,2761.00
6439,6440,2022121404002230,LEC,32,38,10,223.70,2237.00
6440,6441,2022121404002229,LEC,32,47,10,223.00,2230.00
6441,6442,2022121404002228,LEC,32,58,10,223.00,2230.00
6442,6443,2022121404002227,LEC,32,58,10,222.00,2220.00
6443,6444,2022121404002226,LEC,32,36,30,220.00,6600.00
6444,6445,2022121405000627,NYADI,34,45,10,270.20,2702.00
6445,6446,2022121403002240,NTC,58,45,10,911.00,9110.00
6446,6447,2022121403002239,NIFRA,49,58,7,185.00,1295.00
6447,6448,2022121403002238,NIFRA,49,21,54,185.00,9990.00
6448,6449,2022121401004009,NBL,58,21,10,276.00,2760.00
6449,6450,2022121405000626,SLI,57,19,10,333.00,3330.00
6450,6451,2022121403002237,NRIC,41,13,46,700.00,32200.00
6451,6452,2022121404002225,SJCL,29,45,100,240.00,24000.00
6452,6453,2022121401004008,BHL,28,56,190,247.10,46949.00
6453,6454,2022121401004007,SGHC,59,54,10,255.00,2550.00
6454,6455,2022121403002236,SMFDB,45,45,50,1174.00,58700.00
6455,6456,2022121401004006,USHEC,46,49,10,249.10,2491.00
6456,6457,2022121401004005,RHGCL,58,8,10,205.50,2055.00
6457,6458,2022121401004004,NBL,38,36,27,275.60,7441.20
6458,6459,2022121401004003,NBL,34,36,66,275.70,18196.20
6459,6460,2022121401004002,NBL,21,36,43,275.80,11859.40
6460,6461,2022121401004001,NBL,57,36,55,275.90,15174.50
6461,6462,2022121403002235,PROFL,38,49,100,286.00,28600.00
6462,6463,2022121401004000,SRBL,32,1,10,185.00,1850.00
6463,6464,2022121401003999,PRVU,58,45,20,201.00,4020.00
6464,6465,2022121401003998,NABIL,56,7,333,815.90,271694.70
6465,6466,2022121401003997,NABIL,56,56,117,815.90,95460.30
6466,6467,2022121405000625,MKLB,42,58,27,816.50,22045.50
6467,6468,2022121405000624,MKLB,34,58,10,816.60,8166.00
6468,6469,2022121404002224,PRIN,26,35,88,405.00,35640.00
6469,6470,2022121405000623,SAHAS,51,45,10,448.00,4480.00
6470,6471,2022121401003996,SHIVM,10,58,18,549.60,9892.80
6471,6472,2022121401003995,SHIVM,10,41,100,549.60,54960.00
6472,6473,2022121401003994,SHIVM,10,13,382,549.00,209718.00
6473,6474,2022121402001132,EHPL,55,57,10,237.60,2376.00
6474,6475,2022121401003993,MEGA,41,28,30,193.90,5817.00
6475,6476,2022121404002223,RHPL,17,45,100,251.10,25110.00
6476,6477,2022121401003992,RHGCL,58,19,10,205.50,2055.00
6477,6478,2022121403002234,NTC,45,38,90,910.20,81918.00
6478,6479,2022121401003991,SHIVM,10,13,300,549.00,164700.00
6479,6480,2022121401003990,SHIVM,10,36,200,548.90,109780.00
6480,6481,2022121403002233,NLIC,58,19,10,603.00,6030.00
6481,6482,2022121403002232,NLIC,37,19,76,603.00,45828.00
6482,6483,2022121401003989,SHIVM,57,48,50,548.00,27400.00
6483,6484,2022121401003988,SHIVM,58,48,10,548.00,5480.00
6484,6485,2022121401003987,SHIVM,52,48,40,548.00,21920.00
6485,6486,2022121401003986,BHL,28,50,10,247.00,2470.00
6486,6487,2022121401003985,BHL,28,57,10,247.00,2470.00
6487,6488,2022121405000622,RULB,42,21,30,875.00,26250.00
6488,6489,2022121404002222,SICL,52,49,52,762.10,39629.20
6489,6490,2022121404002221,JOSHI,26,5,333,185.50,61771.50
6490,6491,2022121404002220,JOSHI,34,5,50,185.50,9275.00
6491,6492,2022121404002219,JOSHI,39,5,20,186.00,3720.00
6492,6493,2022121403002231,RMDC,49,38,20,949.00,18980.00
6493,6494,2022121405000621,MBJC,56,42,10,215.00,2150.00
6494,6495,2022121403002230,NRIC,58,26,17,704.00,11968.00
6495,6496,2022121403002229,NRIC,58,29,33,703.00,23199.00
6496,6497,2022121401003984,SRBL,5,29,51,184.00,9384.00
6497,6498,2022121403002228,FMDBL,38,11,50,710.00,35500.00
6498,6499,2022121404002218,SPDL,8,38,11,260.20,2862.20
6499,6500,2022121403002227,NMFBS,50,57,39,2010.00,78390.00
6500,6501,2022121401003983,MHL,41,5,10,310.00,3100.00
6501,6502,2022121401003982,MHL,41,49,10,310.00,3100.00
6502,6503,2022121401003981,RFPL,16,19,10,225.10,2251.00
6503,6504,2022121401003980,PCBL,58,49,10,224.00,2240.00
6504,6505,2022121404002217,CHCL,26,50,100,385.00,38500.00
6505,6506,2022121404002216,CHCL,13,50,56,385.00,21560.00
6506,6507,2022121403002226,NRIC,38,29,17,703.00,11951.00
6507,6508,2022121405000620,SAHAS,51,55,960,448.00,430080.00
6508,6509,2022121404002215,SICL,52,33,10,762.10,7621.00
6509,6510,2022121403002225,NRIC,38,58,33,703.00,23199.00
6510,6511,2022121405000619,MBJC,57,49,10,212.20,2122.00
6511,6512,2022121401003979,PPL,13,17,10,200.50,2005.00
6512,6513,2022121403002224,JBBL,25,45,100,276.10,27610.00
6513,6514,2022121401003978,BHL,28,35,10,246.30,2463.00
6514,6515,2022121402001131,EHPL,55,4,10,237.60,2376.00
6515,6516,2022121404002214,MHNL,29,36,30,250.00,7500.00
6516,6517,2022121401003977,SPHL,35,5,18,357.00,6426.00
6517,6518,2022121401003976,SPHL,35,49,10,357.00,3570.00
6518,6519,2022121401003975,SPHL,35,35,10,357.00,3570.00
6519,6520,2022121401003974,SPHL,35,36,10,357.00,3570.00
6520,6521,2022121401003973,SPHL,35,38,10,357.00,3570.00
6521,6522,2022121401003972,SPHL,35,58,10,357.00,3570.00
6522,6523,2022121401003971,SPHL,35,58,292,357.00,104244.00
6523,6524,2022121401003970,SPHL,35,38,10,357.00,3570.00
6524,6525,2022121401003969,SPHL,35,57,10,357.00,3570.00
6525,6526,2022121401003968,SPHL,35,22,10,357.00,3570.00
6526,6527,2022121401003967,SPHL,35,26,10,357.00,3570.00
6527,6528,2022121401003966,SPHL,35,21,100,356.00,35600.00
6528,6529,2022121401003965,SPHL,35,21,100,356.00,35600.00
6529,6530,2022121401003964,SPHL,35,40,10,356.00,3560.00
6530,6531,2022121401003963,SPHL,35,49,10,355.00,3550.00
6531,6532,2022121401003962,SPHL,35,21,10,355.00,3550.00
6532,6533,2022121401003961,SPHL,35,58,230,355.00,81650.00
6533,6534,2022121401003960,SPHL,35,58,10,355.00,3550.00
6534,6535,2022121401003959,SPHL,35,6,10,355.00,3550.00
6535,6536,2022121401003958,SPHL,35,39,10,355.00,3550.00
6536,6537,2022121401003957,SPHL,35,49,10,355.00,3550.00
6537,6538,2022121403002223,CIT,42,25,20,1857.00,37140.00
6538,6539,2022121403002222,NLIC,48,4,15,604.00,9060.00
6539,6540,2022121403002221,NIFRA,49,8,64,185.00,11840.00
6540,6541,2022121401003956,MBL,58,34,10,213.90,2139.00
6541,6542,2022121403002220,HIDCL,6,21,279,164.80,45979.20
6542,6543,2022121404002213,SBCF,14,58,3058,7.57,23149.06
6543,6544,2022121404002212,AKJCL,45,21,62,171.00,10602.00
6544,6545,2022121404002211,BPCL,32,46,14,305.10,4271.40
6545,6546,2022121403002219,MERO,22,58,10,759.00,7590.00
6546,6547,2022121401003955,MBL,14,42,50,212.10,10605.00
6547,6548,2022121404002210,SHL,49,4,100,221.00,22100.00
6548,6549,2022121401003954,NABIL,6,56,100,815.90,81590.00
6549,6550,2022121403002218,SMFDB,1,45,40,1170.10,46804.00
6550,6551,2022121403002217,SMFDB,43,45,10,1170.10,11701.00
6551,6552,2022121401003953,HBL,58,53,10,327.00,3270.00
6552,6553,2022121404002209,SJCL,10,7,10,244.00,2440.00
6553,6554,2022121404002208,SJCL,10,57,300,244.00,73200.00
6554,6555,2022121405000618,MBJC,56,45,10,215.00,2150.00
6555,6556,2022121405000617,MBJC,56,42,10,215.00,2150.00
6556,6557,2022121405000616,MBJC,56,36,10,215.00,2150.00
6557,6558,2022121405000615,MBJC,56,49,10,215.00,2150.00
6558,6559,2022121405000614,MBJC,56,57,161,215.00,34615.00
6559,6560,2022121405000613,SLI,57,8,10,333.00,3330.00
6560,6561,2022121401003952,SHIVM,52,45,10,548.00,5480.00
6561,6562,2022121404002207,RHPL,16,50,100,256.00,25600.00
6562,6563,2022121401003951,EBL,58,29,10,443.00,4430.00
6563,6564,2022121401003950,EBL,58,48,10,440.00,4400.00
6564,6565,2022121404002206,RHPL,17,59,20,251.10,5022.00
6565,6566,2022121405000612,MBJC,56,57,322,215.00,69230.00
6566,6567,2022121405000611,MBJC,56,1,10,215.00,2150.00
6567,6568,2022121405000610,MBJC,56,16,40,214.50,8580.00
6568,6569,2022121405000609,MBJC,56,56,10,214.50,2145.00
6569,6570,2022121405000608,MBJC,56,17,30,214.50,6435.00
6570,6571,2022121405000607,MBJC,56,49,65,214.40,13936.00
6571,6572,2022121405000606,MBJC,56,16,13,214.20,2784.60
6572,6573,2022121405000605,MBJC,56,35,10,213.00,2130.00
6573,6574,2022121401003949,CBL,55,14,220,212.00,46640.00
6574,6575,2022121401003948,CBL,55,14,500,212.00,106000.00
6575,6576,2022121401003947,CBL,37,14,80,212.00,16960.00
6576,6577,2022121403002216,HIDCL,45,21,24,165.00,3960.00
6577,6578,2022121403002215,HIDCL,41,21,50,165.00,8250.00
6578,6579,2022121403002214,HIDCL,22,21,10,165.00,1650.00
6579,6580,2022121403002213,HIDCL,34,21,110,165.00,18150.00
6580,6581,2022121403002212,HIDCL,55,21,100,165.00,16500.00
6581,6582,2022121403002211,HIDCL,29,21,100,165.00,16500.00
6582,6583,2022121403002210,HIDCL,54,21,207,165.00,34155.00
6583,6584,2022121403002209,ALICL,32,1,10,512.00,5120.00
6584,6585,2022121403002208,ALICL,32,54,20,510.00,10200.00
6585,6586,2022121403002207,GBBL,38,25,100,383.00,38300.00
6586,6587,2022121401003946,HDL,40,53,50,3830.00,191500.00
6587,6588,2022121403002206,SMFDB,32,45,10,1171.00,11710.00
6588,6589,2022121401003945,NMB,58,52,10,231.80,2318.00
6589,6590,2022121403002205,LBBL,54,58,28,316.60,8864.80
6590,6591,2022121401003944,NMB,25,33,200,230.00,46000.00
6591,6592,2022121404002205,CGH,49,45,80,1000.20,80016.00
6592,6593,2022121404002204,AKJCL,45,46,20,170.00,3400.00
6593,6594,2022121401003943,EBL,11,14,184,439.00,80776.00
6594,6595,2022121401003942,EBL,46,14,100,439.00,43900.00
6595,6596,2022121401003941,EBL,58,14,50,439.00,21950.00
6596,6597,2022121401003940,EBL,22,14,10,439.00,4390.00
6597,6598,2022121401003939,EBL,53,14,156,439.00,68484.00
6598,6599,2022121404002203,RHPL,57,33,100,255.90,25590.00
6599,6600,2022121404002202,CHCL,13,50,144,385.00,55440.00
6600,6601,2022121404002201,CHCL,29,50,100,385.00,38500.00
6601,6602,2022121404002200,CHCL,42,50,226,385.00,87010.00
6602,6603,2022121404002199,CHCL,51,50,20,385.00,7700.00
6603,6604,2022121404002198,CHCL,4,50,10,385.10,3851.00
6604,6605,2022121404002197,BPCL,32,26,200,305.10,61020.00
6605,6606,2022121401003938,GVL,29,8,10,310.00,3100.00
6606,6607,2022121401003937,GVL,29,41,10,310.00,3100.00
6607,6608,2022121405000604,SAHAS,56,59,10,447.60,4476.00
6608,6609,2022121401003936,PRVU,35,28,80,200.10,16008.00
6609,6610,2022121401003935,NIB,22,13,25,220.00,5500.00
6610,6611,2022121404002196,SJCL,10,56,100,243.00,24300.00
6611,6612,2022121401003934,HDL,40,49,270,3830.00,1034100.00
6612,6613,2022121401003933,ULBSL,48,13,10,3421.00,34210.00
6613,6614,2022121401003932,SGHC,59,32,10,255.00,2550.00
6614,6615,2022121401003931,HDL,40,53,140,3830.00,536200.00
6615,6616,2022121401003930,HDL,41,53,10,3830.00,38300.00
6616,6617,2022121401003929,SRBL,38,29,19,184.00,3496.00
6617,6618,2022121402001130,PHCL,41,59,10,270.00,2700.00
6618,6619,2022121401003928,AVYAN,39,57,10,700.00,7000.00
6619,6620,2022121402001129,PHCL,41,42,10,270.00,2700.00
6620,6621,2022121402001128,PHCL,41,58,10,270.00,2700.00
6621,6622,2022121404002195,BARUN,49,46,137,200.00,27400.00
6622,6623,2022121404002194,BARUN,58,46,25,200.00,5000.00
6623,6624,2022121404002193,BARUN,55,46,1000,200.00,200000.00
6624,6625,2022121404002192,BARUN,50,46,10,200.00,2000.00
6625,6626,2022121404002191,BARUN,38,46,100,200.00,20000.00
6626,6627,2022121404002190,BARUN,11,46,10,200.00,2000.00
6627,6628,2022121404002189,BARUN,41,46,395,200.00,79000.00
6628,6629,2022121404002188,BARUN,55,46,323,200.10,64632.30
6629,6630,2022121404002187,SJCL,10,56,590,243.00,143370.00
6630,6631,2022121404002186,SJCL,10,45,50,243.00,12150.00
6631,6632,2022121404002185,SJCL,10,34,100,243.00,24300.00
6632,6633,2022121404002184,SJCL,10,10,100,242.00,24200.00
6633,6634,2022121403002204,NLIC,37,21,124,603.00,74772.00
6634,6635,2022121403002203,NLIC,42,21,17,603.00,10251.00
6635,6636,2022121403002202,NLIC,47,21,105,603.00,63315.00
6636,6637,2022121401003927,DORDI,16,17,10,230.60,2306.00
6637,6638,2022121401003926,GVL,10,57,375,309.10,115912.50
6638,6639,2022121404002183,CHCL,4,50,500,385.10,192550.00
6639,6640,2022121404002182,CHCL,49,50,500,385.10,192550.00
6640,6641,2022121404002181,RIDI,56,44,35,485.00,16975.00
6641,6642,2022121401003925,SHIVM,52,32,50,548.00,27400.00
6642,6643,2022121404002180,GIMES1,49,49,100,8.50,850.00
6643,6644,2022121401003924,NICA,58,33,10,683.00,6830.00
6644,6645,2022121401003923,NMB,25,33,500,230.00,115000.00
6645,6646,2022121404002179,SHL,49,28,300,221.90,66570.00
6646,6647,2022121404002178,RHPL,57,50,442,256.00,113152.00
6647,6648,2022121404002177,RHPL,19,7,32,254.00,8128.00
6648,6649,2022121405000603,JBLB,58,38,150,2742.00,411300.00
6649,6650,2022121401003922,SHIVM,18,45,390,548.00,213720.00
6650,6651,2022121401003921,SHIVM,18,58,260,548.00,142480.00
6651,6652,2022121403002201,KSBBL,38,59,75,306.00,22950.00
6652,6653,2022121403002200,KSBBL,13,59,10,306.00,3060.00
6653,6654,2022121403002199,KSBBL,57,59,25,306.00,7650.00
6654,6655,2022121404002176,CHCL,45,50,10,387.80,3878.00
6655,6656,2022121401003920,NBF3,22,48,500,7.25,3625.00
6656,6657,2022121403002198,ALICL,41,49,100,507.00,50700.00
6657,6658,2022121403002197,GBLBS,38,6,10,589.00,5890.00
6658,6659,2022121404002175,UIC,38,54,100,341.00,34100.00
6659,6660,2022121401003919,SGHC,59,16,10,255.00,2550.00
6660,6661,2022121405000602,MBJC,46,59,10,212.00,2120.00
6661,6662,2022121404002174,SJCL,10,16,200,242.70,48540.00
6662,6663,2022121404002173,SJCL,10,16,100,242.70,24270.00
6663,6664,2022121404002172,SJCL,10,42,150,242.00,36300.00
6664,6665,2022121404002171,SJCL,10,16,100,241.70,24170.00
6665,6666,2022121404002170,SJCL,10,19,200,241.70,48340.00
6666,6667,2022121404002169,SJCL,10,26,100,241.70,24170.00
6667,6668,2022121404002168,SJCL,10,20,50,241.60,12080.00
6668,6669,2022121402001127,EHPL,55,4,10,237.60,2376.00
6669,6670,2022121401003918,NICA,39,38,104,680.00,70720.00
6670,6671,2022121401003917,NICA,58,38,20,680.00,13600.00
6671,6672,2022121401003916,NICA,14,38,100,680.00,68000.00
6672,6673,2022121401003915,NICA,45,38,25,680.00,17000.00
6673,6674,2022121401003914,NICA,22,38,200,680.10,136020.00
6674,6675,2022121401003913,NICA,21,38,10,680.10,6801.00
6675,6676,2022121401003912,NICA,32,38,27,680.10,18362.70
6676,6677,2022121401003911,NICA,19,38,10,681.00,6810.00
6677,6678,2022121401003910,NICA,19,38,10,681.00,6810.00
6678,6679,2022121401003909,NICA,26,38,500,681.00,340500.00
6679,6680,2022121401003908,NICA,38,38,500,681.10,340550.00
6680,6681,2022121401003907,NICA,51,38,20,681.10,13622.00
6681,6682,2022121401003906,NICA,39,38,90,681.10,61299.00
6682,6683,2022121401003905,NICA,22,38,50,681.20,34060.00
6683,6684,2022121401003904,NICA,51,38,300,681.30,204390.00
6684,6685,2022121401003903,NICA,14,38,15,682.00,10230.00
6685,6686,2022121401003902,NICA,21,38,19,682.00,12958.00
6686,6687,2022121401003901,UHEWA,57,58,10,345.00,3450.00
6687,6688,2022121404002167,RIDI,16,44,300,485.00,145500.00
6688,6689,2022121404002166,RIDI,14,44,100,485.00,48500.00
6689,6690,2022121404002165,RIDI,57,44,50,485.00,24250.00
6690,6691,2022121404002164,RIDI,46,44,50,485.00,24250.00
6691,6692,2022121404002163,RIDI,29,44,383,485.00,185755.00
6692,6693,2022121404002162,AKPL,45,37,800,346.00,276800.00
6693,6694,2022121401003900,GVL,10,38,10,309.10,3091.00
6694,6695,2022121405000601,MBJC,46,58,10,212.00,2120.00
6695,6696,2022121401003899,CZBIL,58,28,10,180.80,1808.00
6696,6697,2022121401003898,NIB,22,13,50,220.00,11000.00
6697,6698,2022121401003897,CCBL,8,33,10,190.00,1900.00
6698,6699,2022121401003896,MMF1,42,58,100,7.15,715.00
6699,6700,2022121403002196,NIFRA,49,22,10,185.00,1850.00
6700,6701,2022121404002161,RHPL,45,50,3484,256.00,891904.00
6701,6702,2022121404002160,RHPL,45,46,1000,256.00,256000.00
6702,6703,2022121404002159,RHPL,45,8,439,255.90,112340.10
6703,6704,2022121404002158,RHPL,45,29,50,255.50,12775.00
6704,6705,2022121404002157,RHPL,45,22,27,255.00,6885.00
6705,6706,2022121401003895,RFPL,16,53,180,225.10,40518.00
6706,6707,2022121404002156,RHPL,45,22,73,255.00,18615.00
6707,6708,2022121404002155,SHL,38,28,200,221.90,44380.00
6708,6709,2022121403002195,SADBL,D01,49,65,300.50,19532.50
6709,6710,2022121403002194,SADBL,29,49,45,300.50,13522.50
6710,6711,2022121401003894,NABIL,41,45,10,815.80,8158.00
6711,6712,2022121402001126,EHPL,55,49,10,237.60,2376.00
6712,6713,2022121405000600,SLI,55,36,10,334.00,3340.00
6713,6714,2022121401003893,CBL,32,48,10,213.00,2130.00
6714,6715,2022121401003892,PRVU,43,38,28,199.00,5572.00
6715,6716,2022121401003891,PRVU,53,38,1000,199.00,199000.00
6716,6717,2022121401003890,PRVU,3,38,30,199.00,5970.00
6717,6718,2022121401003889,PRVU,47,38,20,199.00,3980.00
6718,6719,2022121401003888,PRVU,35,38,10,199.00,1990.00
6719,6720,2022121401003887,PRVU,49,38,18,199.00,3582.00
6720,6721,2022121401003886,PRVU,34,38,50,199.00,9950.00
6721,6722,2022121401003885,PRVU,58,38,20,199.00,3980.00
6722,6723,2022121401003884,PRVU,58,38,50,199.00,9950.00
6723,6724,2022121401003883,PRVU,52,38,100,199.00,19900.00
6724,6725,2022121401003882,PRVU,58,38,128,199.00,25472.00
6725,6726,2022121401003881,PRVU,56,38,300,199.10,59730.00
6726,6727,2022121401003880,PRVU,32,38,1500,199.20,298800.00
6727,6728,2022121401003879,PRVU,14,38,250,199.20,49800.00
6728,6729,2022121401003878,PRVU,57,38,120,199.30,23916.00
6729,6730,2022121401003877,PRVU,34,38,100,199.50,19950.00
6730,6731,2022121401003876,PRVU,45,38,75,200.00,15000.00
6731,6732,2022121401003875,PRVU,39,38,50,200.00,10000.00
6732,6733,2022121401003874,PRVU,57,38,36,200.00,7200.00
6733,6734,2022121401003873,PRVU,50,38,100,200.10,20010.00
6734,6735,2022121401003872,PRVU,59,38,15,200.80,3012.00
6735,6736,2022121404002154,UMRH,11,39,30,410.00,12300.00
6736,6737,2022121404002153,UNHPL,8,58,10,188.00,1880.00
6737,6738,2022121403002193,LBBL,38,58,100,316.70,31670.00
6738,6739,2022121404002152,LEC,19,36,10,220.00,2200.00
6739,6740,2022121401003871,RHGCL,45,49,10,205.30,2053.00
6740,6741,2022121404002151,API,57,18,19,208.00,3952.00
6741,6742,2022121404002150,API,50,18,100,208.00,20800.00
6742,6743,2022121404002149,API,14,18,1000,208.00,208000.00
6743,6744,2022121404002148,API,14,18,100,208.00,20800.00
6744,6745,2022121404002147,API,56,18,100,208.00,20800.00
6745,6746,2022121404002146,API,41,18,670,208.00,139360.00
6746,6747,2022121404002145,API,11,18,10,208.00,2080.00
6747,6748,2022121401003870,NMB,58,52,10,231.80,2318.00
6748,6749,2022121404002144,SJCL,29,42,233,241.00,56153.00
6749,6750,2022121404002143,SJCL,19,42,202,241.00,48682.00
6750,6751,2022121401003869,HDL,58,28,10,3835.00,38350.00
6751,6752,2022121404002142,RHPL,45,33,10,255.00,2550.00
6752,6753,2022121404002141,RHPL,45,1,120,255.00,30600.00
6753,6754,2022121404002140,RHPL,45,34,50,255.00,12750.00
6754,6755,2022121404002139,RHPL,45,14,40,255.00,10200.00
6755,6756,2022121404002138,RHPL,45,51,40,255.00,10200.00
6756,6757,2022121404002137,RHPL,45,41,100,255.00,25500.00
6757,6758,2022121404002136,RHPL,45,29,500,255.00,127500.00
6758,6759,2022121404002135,RHPL,45,1,200,255.00,51000.00
6759,6760,2022121404002134,RHPL,45,28,1200,255.00,306000.00
6760,6761,2022121404002133,RHPL,45,34,270,255.00,68850.00
6761,6762,2022121404002132,RHPL,45,35,300,255.00,76500.00
6762,6763,2022121404002131,RHPL,45,17,80,254.80,20384.00
6763,6764,2022121404002130,RHPL,45,39,30,254.80,7644.00
6764,6765,2022121404002129,RHPL,45,7,100,254.80,25480.00
6765,6766,2022121404002128,RHPL,45,6,50,254.80,12740.00
6766,6767,2022121404002127,RHPL,45,43,337,254.00,85598.00
6767,6768,2022121404002126,RHPL,45,55,200,254.00,50800.00
6768,6769,2022121404002125,SSHL,38,10,100,171.00,17100.00
6769,6770,2022121401003868,CZBIL,52,19,30,179.30,5379.00
6770,6771,2022121403002192,NADEP,42,48,11,680.00,7480.00
6771,6772,2022121403002191,MFIL,34,57,50,417.00,20850.00
6772,6773,2022121403002190,NLIC,49,4,10,604.00,6040.00
6773,6774,2022121405000599,MBJC,46,13,10,212.00,2120.00
6774,6775,2022121404002124,UPPER,58,13,480,390.00,187200.00
6775,6776,2022121404002123,UPPER,58,13,50,390.00,19500.00
6776,6777,2022121404002122,UPPER,7,13,170,390.00,66300.00
6777,6778,2022121401003867,NMB,25,19,93,230.00,21390.00
6778,6779,2022121404002121,RURU,56,58,10,737.10,7371.00
6779,6780,2022121403002189,CHDC,36,59,10,650.10,6501.00
6780,6781,2022121404002120,RHPL,57,22,500,253.80,126900.00
6781,6782,2022121404002119,SAEF,48,59,100,9.66,966.00
6782,6783,2022121401003866,GVL,4,38,10,309.20,3092.00
6783,6784,2022121401003865,NMB,19,19,200,230.00,46000.00
6784,6785,2022121401003864,NMB,14,19,20,230.00,4600.00
6785,6786,2022121401003863,NMB,49,19,100,230.00,23000.00
6786,6787,2022121401003862,NMB,39,19,10,230.00,2300.00
6787,6788,2022121401003861,NMB,11,19,100,230.00,23000.00
6788,6789,2022121401003860,NMB,57,19,141,230.00,32430.00
6789,6790,2022121401003859,NMB,35,19,336,230.00,77280.00
6790,6791,2022121401003858,SGHC,59,5,10,255.00,2550.00
6791,6792,2022121403002188,NLIC,58,4,10,604.00,6040.00
6792,6793,2022121403002187,NLIC,58,4,10,604.00,6040.00
6793,6794,2022121405000598,MBJC,28,16,187,214.20,40055.40
6794,6795,2022121405000597,MBJC,28,8,200,214.20,42840.00
6795,6796,2022121405000596,MBJC,28,43,48,214.20,10281.60
6796,6797,2022121405000595,MBJC,28,42,30,214.20,6426.00
6797,6798,2022121405000594,MBJC,28,42,30,214.10,6423.00
6798,6799,2022121405000593,MBJC,28,58,10,214.00,2140.00
6799,6800,2022121405000592,MBJC,28,35,10,214.00,2140.00
6800,6801,2022121405000591,MBJC,28,41,10,214.00,2140.00
6801,6802,2022121405000590,MBJC,28,58,30,214.00,6420.00
6802,6803,2022121405000589,MBJC,28,58,10,214.00,2140.00
6803,6804,2022121405000588,MBJC,28,45,10,214.00,2140.00
6804,6805,2022121405000587,MBJC,28,49,10,214.00,2140.00
6805,6806,2022121405000586,MBJC,28,35,10,214.00,2140.00
6806,6807,2022121405000585,MBJC,28,21,10,214.00,2140.00
6807,6808,2022121405000584,MBJC,28,44,10,214.00,2140.00
6808,6809,2022121405000583,MBJC,28,34,10,214.00,2140.00
6809,6810,2022121405000582,MBJC,28,34,10,214.00,2140.00
6810,6811,2022121405000581,MBJC,28,38,10,214.00,2140.00
6811,6812,2022121405000580,MBJC,28,42,20,213.90,4278.00
6812,6813,2022121401003857,SIKLES,47,16,10,375.10,3751.00
6813,6814,2022121401003856,NABIL,1,52,65,815.00,52975.00
6814,6815,2022121403002186,RSDC,22,8,50,530.10,26505.00
6815,6816,2022121401003855,GBIME,16,36,55,209.00,11495.00
6816,6817,2022121403002185,NLIC,35,4,190,604.00,114760.00
6817,6818,2022121404002118,SBCF,14,58,1852,7.57,14019.64
6818,6819,2022121404002117,SBCF,14,21,2655,7.56,20071.80
6819,6820,2022121404002116,SBCF,14,21,1000,7.43,7430.00
6820,6821,2022121404002115,SBCF,14,56,300,7.40,2220.00
6821,6822,2022121404002114,SBCF,14,48,1970,7.40,14578.00
6822,6823,2022121404002113,RHPL,19,32,130,253.00,32890.00
6823,6824,2022121405000579,JBLB,39,28,17,2731.50,46435.50
6824,6825,2022121404002112,SHL,58,41,150,222.00,33300.00
6825,6826,2022121404002111,SHL,58,1,100,222.00,22200.00
6826,6827,2022121405000578,NYADI,34,49,10,270.20,2702.00
6827,6828,2022121403002184,MSLB,56,45,35,1030.00,36050.00
6828,6829,2022121403002183,MSLB,56,34,25,1025.00,25625.00
6829,6830,2022121405000577,MBJC,46,13,10,212.00,2120.00
6830,6831,2022121403002182,NTC,45,34,285,910.00,259350.00
6831,6832,2022121404002110,UNHPL,52,58,150,188.10,28215.00
6832,6833,2022121403002181,NLIC,58,19,10,606.90,6069.00
6833,6834,2022121403002180,NLIC,35,4,200,604.00,120800.00
6834,6835,2022121405000576,JBLB,49,58,10,2735.00,27350.00
6835,6836,2022121404002109,SJCL,19,34,30,241.00,7230.00
6836,6837,2022121403002179,ACLBSL,42,29,20,710.00,14200.00
6837,6838,2022121401003854,BOKL,14,51,100,205.00,20500.00
6838,6839,2022121401003853,SBL,58,55,10,312.00,3120.00
6839,6840,2022121403002178,SMFDB,42,58,10,1170.10,11701.00
6840,6841,2022121404002108,AHPC,55,49,10,268.50,2685.00
6841,6842,2022121405000575,MBJC,46,49,10,212.00,2120.00
6842,6843,2022121403002177,MERO,8,28,10,758.00,7580.00
6843,6844,2022121404002107,RHPL,19,53,100,253.00,25300.00
6844,6845,2022121404002106,RHPL,19,58,193,253.00,48829.00
6845,6846,2022121404002105,RHPL,19,8,25,252.90,6322.50
6846,6847,2022121404002104,RHPL,19,49,20,252.80,5056.00
6847,6848,2022121403002176,NLIC,35,4,110,604.00,66440.00
6848,6849,2022121403002175,NLIC,58,4,90,604.00,54360.00
6849,6850,2022121401003852,NABIL,51,52,50,815.00,40750.00
6850,6851,2022121403002174,RLFL,38,36,100,294.00,29400.00
6851,6852,2022121403002173,LBBL,39,58,160,317.00,50720.00
6852,6853,2022121405000574,JALPA,58,57,10,3355.00,33550.00
6853,6854,2022121402001125,EHPL,55,58,10,237.60,2376.00
6854,6855,2022121401003851,NABIL,58,52,20,815.00,16300.00
6855,6856,2022121401003850,SBI,58,49,10,279.00,2790.00
6856,6857,2022121404002103,NGPL,17,58,1880,207.00,389160.00
6857,6858,2022121404002102,NGPL,52,58,50,208.00,10400.00
6858,6859,2022121404002101,NGPL,47,58,100,208.00,20800.00
6859,6860,2022121404002100,NGPL,53,58,70,208.00,14560.00
6860,6861,2022121401003849,NABIL,41,52,100,815.00,81500.00
6861,6862,2022121401003848,NABIL,13,52,100,815.00,81500.00
6862,6863,2022121401003847,NABIL,35,52,85,815.00,69275.00
6863,6864,2022121401003846,NABIL,11,52,23,815.50,18756.50
6864,6865,2022121401003845,NABIL,13,52,57,815.60,46489.20
6865,6866,2022121404002099,RIDI,29,44,117,485.00,56745.00
6866,6867,2022121404002098,RIDI,26,44,100,485.00,48500.00
6867,6868,2022121404002097,RIDI,43,44,100,485.00,48500.00
6868,6869,2022121404002096,RIDI,55,44,100,485.00,48500.00
6869,6870,2022121404002095,RIDI,41,44,33,485.00,16005.00
6870,6871,2022121404002094,RIDI,40,44,50,485.20,24260.00
6871,6872,2022121404002093,RIDI,36,44,500,485.20,242600.00
6872,6873,2022121403002172,FMDBL,34,28,389,708.00,275412.00
6873,6874,2022121403002171,FMDBL,43,28,11,708.00,7788.00
6874,6875,2022121403002170,FMDBL,34,28,100,708.20,70820.00
6875,6876,2022121401003844,SGHC,59,13,10,255.00,2550.00
6876,6877,2022121401003843,PPL,13,49,10,200.60,2006.00
6877,6878,2022121404002092,RHPL,57,56,58,252.00,14616.00
6878,6879,2022121401003842,SGHC,59,34,140,255.00,35700.00
6879,6880,2022121401003841,SGHC,59,44,200,254.90,50980.00
6880,6881,2022121403002169,MLBSL,58,22,29,3990.00,115710.00
6881,6882,2022121401003840,EBL,58,29,10,443.00,4430.00
6882,6883,2022121403002168,ILBS,53,36,16,857.00,13712.00
6883,6884,2022121405000573,SAHAS,56,55,40,448.00,17920.00
6884,6885,2022121405000572,MBJC,35,25,10,211.70,2117.00
6885,6886,2022121401003839,NABIL,21,45,30,815.80,24474.00
6886,6887,2022121401003838,RHGCL,45,16,10,205.30,2053.00
6887,6888,2022121401003837,SPHL,58,35,10,352.00,3520.00
6888,6889,2022121401003836,SPHL,58,47,10,352.00,3520.00
6889,6890,2022121401003835,SPHL,58,1,10,352.00,3520.00
6890,6891,2022121404002091,GHL,14,5,673,191.00,128543.00
6891,6892,2022121404002090,GHL,58,5,1000,192.00,192000.00
6892,6893,2022121404002089,GHL,53,5,952,192.00,182784.00
6893,6894,2022121404002088,GHL,41,5,925,192.10,177692.50
6894,6895,2022121404002087,GHL,16,5,450,192.20,86490.00
6895,6896,2022121404002086,RHPL,21,56,30,252.00,7560.00
6896,6897,2022121403002167,DDBL,45,26,100,1036.00,103600.00
6897,6898,2022121401003834,SBI,20,34,305,277.00,84485.00
6898,6899,2022121401003833,DORDI,16,17,10,230.60,2306.00
6899,6900,2022121403002166,ILBS,57,38,1,854.00,854.00
6900,6901,2022121404002085,SBCF,1,21,100,7.35,735.00
6901,6902,2022121403002165,HIDCL,54,54,16,165.00,2640.00
6902,6903,2022121404002084,BARUN,38,37,70,202.00,14140.00
6903,6904,2022121404002083,BARUN,38,45,40,202.00,8080.00
6904,6905,2022121401003832,SHIVM,52,58,40,548.00,21920.00
6905,6906,2022121401003831,EBL,58,48,100,440.00,44000.00
6906,6907,2022121405000571,MBJC,56,13,10,211.60,2116.00
6907,6908,2022121401003830,RHGCL,45,25,10,205.30,2053.00
6908,6909,2022121401003829,SHIVM,38,58,200,548.00,109600.00
6909,6910,2022121401003828,BHL,28,49,10,246.30,2463.00
6910,6911,2022121401003827,LBL,22,10,188,193.90,36453.20
6911,6912,2022121401003826,LBL,22,48,312,193.30,60309.60
6912,6913,2022121404002082,AIL,56,57,10,372.00,3720.00
6913,6914,2022121404002081,IGI,57,38,1,355.00,355.00
6914,6915,2022121404002080,PMHPL,58,11,40,191.00,7640.00
6915,6916,2022121404002079,UPCL,42,59,1425,217.00,309225.00
6916,6917,2022121404002078,UPCL,42,42,475,216.90,103027.50
6917,6918,2022121404002077,UPCL,42,47,100,216.00,21600.00
6918,6919,2022121401003825,AVYAN,21,42,10,703.00,7030.00
6919,6920,2022121404002076,AKJCL,45,21,403,171.00,68913.00
6920,6921,2022121404002075,AKJCL,45,38,20,170.50,3410.00
6921,6922,2022121405000570,MBJC,56,25,10,211.60,2116.00
6922,6923,2022121403002164,NTC,57,34,200,910.00,182000.00
6923,6924,2022121404002074,PIC,38,38,1,516.00,516.00
6924,6925,2022121403002163,SMFDB,42,41,20,1170.10,23402.00
6925,6926,2022121403002162,JBBL,13,38,107,277.00,29639.00
6926,6927,2022121401003824,PCBL,45,34,58,223.40,12957.20
6927,6928,2022121403002161,CBBL,49,58,30,1111.00,33330.00
6928,6929,2022121401003823,BHDC,47,38,10,347.00,3470.00
6929,6930,2022121401003822,RFPL,16,50,10,225.10,2251.00
6930,6931,2022121401003821,GBIME,54,36,55,209.00,11495.00
6931,6932,2022121401003820,NESDO,59,59,90,3285.00,295650.00
6932,6933,2022121401003819,SBL,49,10,300,311.00,93300.00
6933,6934,2022121405000569,MBJC,28,7,10,211.50,2115.00
6934,6935,2022121404002073,BARUN,55,43,17,200.10,3401.70
6935,6936,2022121401003818,NCCB,56,48,10,182.80,1828.00
6936,6937,2022121405000568,JBLB,6,38,23,2735.00,62905.00
6937,6938,2022121401003817,BHL,19,56,110,247.10,27181.00
6938,6939,2022121403002160,KRBL,32,34,10,257.00,2570.00
6939,6940,2022121404002072,SHL,10,34,100,221.90,22190.00
6940,6941,2022121404002071,SHL,10,32,500,221.90,110950.00
6941,6942,2022121404002070,AKJCL,42,21,525,171.00,89775.00
6942,6943,2022121404002069,AKJCL,42,44,15,171.00,2565.00
6943,6944,2022121404002068,AKJCL,42,14,40,171.00,6840.00
6944,6945,2022121404002067,UPPER,51,56,18,390.90,7036.20
6945,6946,2022121402001124,EHPL,55,11,10,237.60,2376.00
6946,6947,2022121401003816,AVYAN,21,17,10,703.00,7030.00
6947,6948,2022121403002159,NTC,38,34,15,910.00,13650.00
6948,6949,2022121403002158,NIFRA,38,38,64,185.10,11846.40
6949,6950,2022121401003815,NABIL,11,6,13,815.50,10601.50
6950,6951,2022121403002157,GBBL,7,25,60,383.00,22980.00
6951,6952,2022121401003814,SGHC,25,34,60,255.00,15300.00
6952,6953,2022121401003813,SGHC,25,44,200,255.00,51000.00
6953,6954,2022121401003812,SGHC,25,38,10,255.00,2550.00
6954,6955,2022121401003811,SGHC,25,44,200,254.90,50980.00
6955,6956,2022121401003810,SGHC,25,49,20,254.90,5098.00
6956,6957,2022121401003809,SGHC,25,36,10,253.00,2530.00
6957,6958,2022121401003808,SGHC,26,35,10,251.80,2518.00
6958,6959,2022121403002156,NLIC,51,4,100,603.10,60310.00
6959,6960,2022121404002066,RIDI,1,44,100,486.00,48600.00
6960,6961,2022121405000567,SAHAS,56,58,10,448.00,4480.00
6961,6962,2022121403002155,SMFDB,42,26,50,1170.10,58505.00
6962,6963,2022121404002065,RHPL,17,33,85,251.10,21343.50
6963,6964,2022121403002154,KRBL,38,26,40,255.00,10200.00
6964,6965,2022121403002153,KRBL,38,20,114,255.00,29070.00
6965,6966,2022121401003807,CCBL,8,36,132,190.00,25080.00
6966,6967,2022121403002152,SKBBL,4,57,15,1110.00,16650.00
6967,6968,2022121403002151,SKBBL,51,57,15,1111.00,16665.00
6968,6969,2022121403002150,SKBBL,7,57,20,1112.00,22240.00
6969,6970,2022121403002149,NTC,52,49,50,909.10,45455.00
6970,6971,2022121401003806,MEGA,32,38,20,193.40,3868.00
6971,6972,2022121403002148,NUBL,13,47,10,890.00,8900.00
6972,6973,2022121403002147,MMFDB,28,58,46,868.00,39928.00
6973,6974,2022121403002146,MMFDB,6,58,50,868.00,43400.00
6974,6975,2022121403002145,MMFDB,22,58,10,868.00,8680.00
6975,6976,2022121403002144,MMFDB,42,58,39,868.10,33855.90
6976,6977,2022121401003805,BHDC,47,49,10,347.00,3470.00
6977,6978,2022121401003804,NESDO,6,32,10,3286.00,32860.00
6978,6979,2022121401003803,NABIL,45,6,12,815.50,9786.00
6979,6980,2022121401003802,MMF1,35,32,2000,7.16,14320.00
6980,6981,2022121401003801,MMF1,58,32,450,7.16,3222.00
6981,6982,2022121403002143,GBLBS,13,58,10,590.00,5900.00
6982,6983,2022121403002142,NADEP,42,45,25,680.00,17000.00
6983,6984,2022121404002064,KPCL,55,38,11,313.20,3445.20
6984,6985,2022121404002063,MEN,10,58,10,718.10,7181.00
6985,6986,2022121405000566,MKJC,38,38,10,404.50,4045.00
6986,6987,2022121401003800,BHL,19,45,10,247.10,2471.00
6987,6988,2022121403002141,NTC,52,34,10,909.10,9091.00
6988,6989,2022121403002140,MNBBL,19,45,38,421.00,15998.00
6989,6990,2022121404002062,NBF2,10,45,100,8.16,816.00
6990,6991,2022121404002061,NBF2,10,17,100,8.10,810.00
6991,6992,2022121404002060,NBF2,10,38,100,8.00,800.00
6992,6993,2022121404002059,GLH,36,29,10,242.90,2429.00
6993,6994,2022121401003799,DORDI,16,7,10,230.60,2306.00
6994,6995,2022121401003798,SPHL,14,58,10,351.00,3510.00
6995,6996,2022121401003797,SPHL,14,44,10,351.00,3510.00
6996,6997,2022121401003796,SPHL,14,6,10,350.50,3505.00
6997,6998,2022121401003795,NABIL,45,22,10,815.50,8155.00
6998,6999,2022121403002139,SHINE,58,33,13,331.00,4303.00
6999,7000,2022121403002138,SHINE,58,33,15,331.00,4965.00
7000,7001,2022121403002137,SHINE,49,33,100,331.00,33100.00
7001,7002,2022121403002136,SHINE,52,33,400,331.00,132400.00
7002,7003,2022121403002135,SHINE,49,33,472,331.00,156232.00
7003,7004,2022121401003794,NABIL,45,32,42,815.50,34251.00
7004,7005,2022121401003793,SIKLES,47,25,10,375.10,3751.00
7005,7006,2022121404002058,SJCL,16,33,100,241.50,24150.00
7006,7007,2022121404002057,SJCL,16,6,50,241.50,12075.00
7007,7008,2022121401003792,ADBL,46,51,89,314.00,27946.00
7008,7009,2022121401003791,ADBL,46,36,100,314.00,31400.00
7009,7010,2022121401003790,ADBL,46,45,61,313.90,19147.90
7010,7011,2022121404002056,GLH,36,58,10,240.00,2400.00
7011,7012,2022121404002055,BPCL,32,36,110,305.10,33561.00
7012,7013,2022121401003789,SBL,57,10,200,311.00,62200.00
7013,7014,2022121401003788,NIB,32,49,47,219.00,10293.00
7014,7015,2022121404002054,UPPER,7,4,150,390.00,58500.00
7015,7016,2022121404002053,UPPER,19,4,850,390.00,331500.00
7016,7017,2022121404002052,GLH,36,41,10,237.60,2376.00
7017,7018,2022121403002134,MLBL,25,53,11,340.00,3740.00
7018,7019,2022121403002133,MLBL,44,53,79,340.00,26860.00
7019,7020,2022121401003787,BOKL,14,19,88,205.00,18040.00
7020,7021,2022121404002051,AKJCL,45,16,77,170.00,13090.00
7021,7022,2022121404002050,AKJCL,38,16,23,170.00,3910.00
7022,7023,2022121403002132,SMFDB,22,20,50,1170.00,58500.00
7023,7024,2022121403002131,SMFDB,42,20,200,1170.10,234020.00
7024,7025,2022121401003786,UHEWA,43,39,150,345.00,51750.00
7025,7026,2022121401003785,HDL,41,53,10,3830.00,38300.00
7026,7027,2022121401003784,HDL,41,53,10,3830.00,38300.00
7027,7028,2022121404002049,API,46,6,20,209.00,4180.00
7028,7029,2022121401003783,PCBL,56,49,10,224.00,2240.00
7029,7030,2022121404002048,SJCL,19,58,10,241.00,2410.00
7030,7031,2022121403002130,NTC,57,42,80,911.00,72880.00
7031,7032,2022121405000565,JBLB,34,46,7,2701.80,18912.60
7032,7033,2022121403002129,RMDC,29,38,30,949.00,28470.00
7033,7034,2022121401003782,BOKL,14,19,19,205.00,3895.00
7034,7035,2022121401003781,BOKL,51,19,300,205.10,61530.00
7035,7036,2022121401003780,USHEC,41,53,10,250.50,2505.00
7036,7037,2022121403002128,NRIC,21,26,50,704.00,35200.00
7037,7038,2022121404002047,HDHPC,1,1,500,176.80,88400.00
7038,7039,2022121403002127,ACLBSL,38,38,13,710.00,9230.00
7039,7040,2022121403002126,GUFL,46,6,10,522.00,5220.00
7040,7041,2022121403002125,SAPDBL,58,59,25,220.00,5500.00
7041,7042,2022121401003779,NABIL,32,32,38,815.50,30989.00
7042,7043,2022121403002124,NTC,57,38,20,911.00,18220.00
7043,7044,2022121401003778,BOKL,51,19,200,205.10,41020.00
7044,7045,2022121401003777,BOKL,4,19,200,205.20,41040.00
7045,7046,2022121401003776,BOKL,32,19,100,205.30,20530.00
7046,7047,2022121401003775,SIKLES,47,35,10,375.10,3751.00
7047,7048,2022121401003774,BNT,41,16,10,13000.00,130000.00
7048,7049,2022121403002123,NLIC,42,4,200,605.00,121000.00
7049,7050,2022121401003773,SCB,42,57,20,401.00,8020.00
7050,7051,2022121404002046,SHL,49,54,500,221.80,110900.00
7051,7052,2022121404002045,SHL,49,34,100,221.80,22180.00
7052,7053,2022121401003772,UHEWA,58,39,10,345.00,3450.00
7053,7054,2022121401003771,UHEWA,45,39,100,345.00,34500.00
7054,7055,2022121401003770,UHEWA,57,39,90,345.00,31050.00
7055,7056,2022121401003769,GBIME,40,48,60,210.00,12600.00
7056,7057,2022121401003768,GBIME,40,40,102,210.00,21420.00
7057,7058,2022121403002122,ICFC,41,48,100,428.00,42800.00
7058,7059,2022121404002044,GLH,56,49,85,235.30,20000.50
7059,7060,2022121401003767,PRVU,58,14,100,200.80,20080.00
7060,7061,2022121403002121,HIDCL,4,13,50,166.00,8300.00
7061,7062,2022121403002120,HIDCL,4,28,450,166.00,74700.00
7062,7063,2022121403002119,HIDCL,4,38,14,166.00,2324.00
7063,7064,2022121403002118,HIDCL,4,45,119,166.00,19754.00
7064,7065,2022121403002117,HIDCL,4,57,1500,166.00,249000.00
7065,7066,2022121403002116,HIDCL,4,25,29,166.00,4814.00
7066,7067,2022121403002115,HIDCL,4,45,14,166.00,2324.00
7067,7068,2022121401003766,DORDI,16,17,10,230.60,2306.00
7068,7069,2022121402001123,EHPL,55,58,10,237.60,2376.00
7069,7070,2022121401003765,SPHL,58,28,10,350.10,3501.00
7070,7071,2022121401003764,SHIVM,44,34,40,547.70,21908.00
7071,7072,2022121401003763,SHIVM,25,34,60,547.80,32868.00
7072,7073,2022121401003762,HHL,7,29,10,215.00,2150.00
7073,7074,2022121404002043,KPCL,20,17,11,312.10,3433.10
7074,7075,2022121404002042,API,11,36,90,208.00,18720.00
7075,7076,2022121404002041,API,38,36,40,208.00,8320.00
7076,7077,2022121404002040,API,38,36,10,208.50,2085.00
7077,7078,2022121404002039,GLH,13,49,10,235.30,2353.00
7078,7079,2022121401003761,SIKLES,47,35,10,375.10,3751.00
7079,7080,2022121401003760,NIB,32,58,153,219.00,33507.00
7080,7081,2022121404002038,SJCL,19,48,500,241.00,120500.00
7081,7082,2022121404002037,SJCL,19,36,500,241.00,120500.00
7082,7083,2022121404002036,SJCL,19,8,300,241.00,72300.00
7083,7084,2022121404002035,SJCL,19,29,20,241.00,4820.00
7084,7085,2022121404002034,SJCL,19,1,103,241.00,24823.00
7085,7086,2022121404002033,SJCL,19,7,95,240.00,22800.00
7086,7087,2022121404002032,SJCL,19,48,40,240.00,9600.00
7087,7088,2022121404002031,SJCL,19,1,300,240.00,72000.00
7088,7089,2022121404002030,SJCL,19,10,200,240.00,48000.00
7089,7090,2022121404002029,SJCL,19,10,500,239.90,119950.00
7090,7091,2022121404002028,SJCL,19,13,100,239.90,23990.00
7091,7092,2022121404002027,SJCL,19,16,10,239.90,2399.00
7092,7093,2022121404002026,SJCL,19,51,50,239.00,11950.00
7093,7094,2022121404002025,SJCL,19,35,40,239.00,9560.00
7094,7095,2022121401003759,NBL,42,21,66,276.00,18216.00
7095,7096,2022121401003758,NBL,42,41,191,276.00,52716.00
7096,7097,2022121401003757,NABIL,58,32,50,815.50,40775.00
7097,7098,2022121404002024,RIDI,34,44,82,486.00,39852.00
7098,7099,2022121403002114,SHINE,49,33,28,331.00,9268.00
7099,7100,2022121403002113,SHINE,54,33,450,331.10,148995.00
7100,7101,2022121403002112,SHINE,37,33,100,331.20,33120.00
7101,7102,2022121403002111,SHINE,29,33,200,331.20,66240.00
7102,7103,2022121401003756,BNT,41,22,10,12990.00,129900.00
7103,7104,2022121404002023,RHPL,17,33,50,251.10,12555.00
7104,7105,2022121403002110,DDBL,38,13,45,1038.00,46710.00
7105,7106,2022121403002109,SLBSL,11,34,70,1198.10,83867.00
7106,7107,2022121403002108,SLBSL,17,34,30,1200.00,36000.00
7107,7108,2022121401003755,DORDI,38,58,10,230.60,2306.00
7108,7109,2022121403002107,CIT,38,6,10,1855.10,18551.00
7109,7110,2022121401003754,BNT,41,22,20,12990.00,259800.00
7110,7111,2022121403002106,FMDBL,56,58,10,710.90,7109.00
7111,7112,2022121403002105,NFS,52,56,25,256.00,6400.00
7112,7113,2022121401003753,HDL,57,47,15,3829.00,57435.00
7113,7114,2022121401003752,HDL,25,47,10,3829.00,38290.00
7114,7115,2022121403002104,GUFL,58,50,10,518.00,5180.00
7115,7116,2022121401003751,CZBIL,33,42,24,180.80,4339.20
7116,7117,2022121403002103,GUFL,58,6,69,522.00,36018.00
7117,7118,2022121403002102,GUFL,58,20,100,521.90,52190.00
7118,7119,2022121401003750,AVYAN,21,42,50,703.00,35150.00
7119,7120,2022121401003749,AVYAN,21,43,10,703.00,7030.00
7120,7121,2022121401003748,AVYAN,21,58,10,703.00,7030.00
7121,7122,2022121401003747,AVYAN,21,58,10,702.00,7020.00
7122,7123,2022121403002101,CORBL,58,34,160,270.00,43200.00
7123,7124,2022121403002100,CORBL,34,34,40,270.10,10804.00
7124,7125,2022121401003746,MHL,48,56,10,308.00,3080.00
7125,7126,2022121403002099,NLIC,47,4,45,603.00,27135.00
7126,7127,2022121404002022,KKHC,43,39,13,183.00,2379.00
7127,7128,2022121404002021,KKHC,43,45,10,182.90,1829.00
7128,7129,2022121401003745,CZBIL,33,56,55,180.00,9900.00
7129,7130,2022121401003744,GVL,53,34,10,309.00,3090.00
7130,7131,2022121404002020,AHPC,38,59,370,266.00,98420.00
7131,7132,2022121404002019,AHPC,41,59,300,266.20,79860.00
7132,7133,2022121404002018,AHPC,7,59,10,266.20,2662.00
7133,7134,2022121404002017,AHPC,7,59,80,266.80,21344.00
7134,7135,2022121404002016,AHPC,38,59,10,267.00,2670.00
7135,7136,2022121404002015,UPPER,19,22,130,390.00,50700.00
7136,7137,2022121404002014,UPPER,36,22,70,390.10,27307.00
7137,7138,2022121405000564,MBJC,35,51,10,211.20,2112.00
7138,7139,2022121403002098,NABBC,49,25,120,363.20,43584.00
7139,7140,2022121404002013,UMHL,38,45,35,224.00,7840.00
7140,7141,2022121404002012,UMHL,34,45,31,224.00,6944.00
7141,7142,2022121404002011,UMHL,39,45,34,224.00,7616.00
7142,7143,2022121403002097,CBBL,35,50,176,1113.00,195888.00
7143,7144,2022121403002096,CBBL,35,49,12,1112.00,13344.00
7144,7145,2022121401003743,SIKLES,47,28,10,375.10,3751.00
7145,7146,2022121403002095,NICLBSL,22,58,10,711.00,7110.00
7146,7147,2022121404002010,NGPL,53,59,30,208.00,6240.00
7147,7148,2022121404002009,NGPL,11,59,100,208.00,20800.00
7148,7149,2022121404002008,NGPL,25,59,20,208.00,4160.00
7149,7150,2022121404002007,NGPL,25,59,200,208.50,41700.00
7150,7151,2022121401003742,SANIMA,19,55,100,225.00,22500.00
7151,7152,2022121401003741,GVL,53,38,10,309.00,3090.00
7152,7153,2022121404002006,RADHI,45,6,15,218.00,3270.00
7153,7154,2022121403002094,NLIC,19,4,10,603.00,6030.00
7154,7155,2022121403002093,NRIC,22,42,112,702.90,78724.80
7155,7156,2022121401003740,SGHC,33,44,200,254.00,50800.00
7156,7157,2022121401003739,SGHC,33,42,10,254.00,2540.00
7157,7158,2022121401003738,SGHC,33,7,10,252.00,2520.00
7158,7159,2022121401003737,SGHC,33,57,10,252.00,2520.00
7159,7160,2022121405000563,MKJC,58,47,10,404.80,4048.00
7160,7161,2022121404002005,RIDI,41,42,17,485.00,8245.00
7161,7162,2022121404002004,RIDI,57,42,300,485.00,145500.00
7162,7163,2022121404002003,RIDI,38,42,135,485.00,65475.00
7163,7164,2022121404002002,RIDI,47,42,100,485.10,48510.00
7164,7165,2022121404002001,RIDI,21,42,14,485.10,6791.40
7165,7166,2022121404002000,RIDI,14,42,104,485.20,50460.80
7166,7167,2022121401003736,MBL,14,8,300,212.10,63630.00
7167,7168,2022121401003735,AVYAN,42,29,10,698.00,6980.00
7168,7169,2022121401003734,NESDO,33,41,10,3300.00,33000.00
7169,7170,2022121404001999,KKHC,43,45,10,182.90,1829.00
7170,7171,2022121404001998,RHPL,19,56,12,252.00,3024.00
7171,7172,2022121401003733,SIKLES,47,56,10,375.10,3751.00
7172,7173,2022121403002092,HIDCL,34,38,100,165.90,16590.00
7173,7174,2022121404001997,MHNL,51,58,300,249.00,74700.00
7174,7175,2022121404001996,MHNL,52,58,30,249.00,7470.00
7175,7176,2022121404001995,MHNL,45,58,200,249.10,49820.00
7176,7177,2022121403002091,NTC,58,42,40,910.00,36400.00
7177,7178,2022121403002090,NRIC,22,26,100,703.00,70300.00
7178,7179,2022121403002089,NRIC,22,47,20,703.00,14060.00
7179,7180,2022121403002088,NRIC,22,6,20,703.00,14060.00
7180,7181,2022121403002087,NRIC,22,58,78,703.00,54834.00
7181,7182,2022121401003732,SANIMA,35,41,10,225.00,2250.00
7182,7183,2022121403002086,NIFRA,49,57,10,185.00,1850.00
7183,7184,2022121403002085,CBBL,34,35,30,1110.00,33300.00
7184,7185,2022121401003731,NMB,35,34,1500,230.00,345000.00
7185,7186,2022121404001994,OHL,20,17,10,486.00,4860.00
7186,7187,2022121401003730,SBI,38,34,110,277.00,30470.00
7187,7188,2022121401003729,SBI,38,22,170,277.00,47090.00
7188,7189,2022121404001993,GHL,16,54,50,192.20,9610.00
7189,7190,2022121403002084,NIFRA,49,38,54,185.00,9990.00
7190,7191,2022121403002083,NIFRA,49,54,101,185.00,18685.00
7191,7192,2022121403002082,NLIC,45,4,25,603.00,15075.00
7192,7193,2022121403002081,NLIC,28,4,120,603.00,72360.00
7193,7194,2022121403002080,JBBL,13,58,84,277.00,23268.00
7194,7195,2022121405000562,SLI,38,38,10,334.00,3340.00
7195,7196,2022121404001992,RHPL,19,49,40,251.90,10076.00
7196,7197,2022121404001991,UPPER,49,56,50,390.90,19545.00
7197,7198,2022121404001990,AKJCL,38,52,27,170.00,4590.00
7198,7199,2022121404001989,RIDI,34,44,500,486.00,243000.00
7199,7200,2022121404001988,UPPER,51,56,30,390.90,11727.00
7200,7201,2022121401003728,NMB,35,38,19,230.00,4370.00
7201,7202,2022121403002079,NLIC,28,4,200,603.00,120600.00
7202,7203,2022121401003727,NABIL,35,56,160,814.50,130320.00
7203,7204,2022121403002078,NMFBS,7,57,50,2010.00,100500.00
7204,7205,2022121405000561,JBLB,6,21,17,2735.00,46495.00
7205,7206,2022121405000560,MBJC,13,49,10,211.30,2113.00
7206,7207,2022121404001987,SJCL,58,19,10,237.00,2370.00
7207,7208,2022121404001986,SJCL,58,40,10,237.00,2370.00
7208,7209,2022121403002077,NLIC,28,4,30,603.00,18090.00
7209,7210,2022121401003726,NABIL,59,35,68,814.00,55352.00
7210,7211,2022121401003725,NABIL,29,35,10,814.00,8140.00
7211,7212,2022121401003724,NABIL,19,35,50,814.00,40700.00
7212,7213,2022121401003723,NABIL,38,35,122,814.00,99308.00
7213,7214,2022121404001985,RIDI,22,44,200,486.00,97200.00
7214,7215,2022121404001984,RIDI,49,44,100,486.00,48600.00
7215,7216,2022121404001983,RIDI,58,44,100,486.50,48650.00
7216,7217,2022121401003722,PPL,47,58,10,200.00,2000.00
7217,7218,2022121401003721,UHEWA,57,58,10,345.00,3450.00
7218,7219,2022121403002076,NICLBSL,22,57,10,711.00,7110.00
7219,7220,2022121401003720,CCBL,39,41,10,190.80,1908.00
7220,7221,2022121403002075,MMFDB,42,58,111,868.10,96359.10
7221,7222,2022121403002074,MMFDB,13,58,50,870.00,43500.00
7222,7223,2022121403002073,MMFDB,13,58,10,873.00,8730.00
7223,7224,2022121403002072,MMFDB,36,58,19,874.00,16606.00
7224,7225,2022121403002071,MMFDB,39,58,10,875.00,8750.00
7225,7226,2022121404001982,SJCL,11,58,200,236.00,47200.00
7226,7227,2022121403002070,NLIC,28,4,170,603.00,102510.00
7227,7228,2022121403002069,NLIC,58,4,30,603.10,18093.00
7228,7229,2022121401003719,NABIL,42,56,20,814.50,16290.00
7229,7230,2022121403002068,NLIC,22,4,17,604.00,10268.00
7230,7231,2022121401003718,BOKL,4,38,37,205.20,7592.40
7231,7232,2022121403002067,NLIC,28,4,200,603.00,120600.00
7232,7233,2022121404001981,SJCL,53,40,10,237.00,2370.00
7233,7234,2022121401003717,PCBL,8,4,43,223.20,9597.60
7234,7235,2022121401003716,PCBL,51,4,166,223.30,37067.80
7235,7236,2022121401003715,PCBL,22,4,300,223.50,67050.00
7236,7237,2022121401003714,PCBL,1,4,21,223.70,4697.70
7237,7238,2022121401003713,PCBL,22,4,100,223.80,22380.00
7238,7239,2022121401003712,GBIME,54,11,18,209.00,3762.00
7239,7240,2022121402001122,PHCL,57,57,9,275.00,2475.00
7240,7241,2022121401003711,RHGCL,41,34,10,206.00,2060.00
7241,7242,2022121401003710,GVL,53,49,10,309.00,3090.00
7242,7243,2022121401003709,MBL,44,8,100,212.20,21220.00
7243,7244,2022121403002066,VLBS,22,26,22,825.00,18150.00
7244,7245,2022121403002065,VLBS,22,26,22,825.00,18150.00
7245,7246,2022121401003708,CCBL,8,29,60,190.00,11400.00
7246,7247,2022121403002064,NLIC,28,4,100,603.00,60300.00
7247,7248,2022121403002063,NIFRA,38,38,64,184.90,11833.60
7248,7249,2022121404001980,RHPL,19,50,200,251.00,50200.00
7249,7250,2022121401003707,HHL,13,58,10,215.00,2150.00
7250,7251,2022121404001979,KKHC,43,34,10,181.50,1815.00
7251,7252,2022121403002062,MPFL,6,57,90,300.00,27000.00
7252,7253,2022121401003706,SRBL,35,34,100,184.00,18400.00
7253,7254,2022121403002061,NLIC,28,4,180,603.00,108540.00
7254,7255,2022121403002060,NLIC,55,4,10,603.00,6030.00
7255,7256,2022121403002059,NLIC,45,4,10,603.10,6031.00
7256,7257,2022121401003705,SIKLES,47,17,10,375.10,3751.00
7257,7258,2022121401003704,RHGCL,41,35,10,206.00,2060.00
7258,7259,2022121401003703,BHDC,47,35,10,347.00,3470.00
7259,7260,2022121403002058,NRIC,22,58,12,703.00,8436.00
7260,7261,2022121403002057,NRIC,22,19,50,702.90,35145.00
7261,7262,2022121403002056,NRIC,22,50,10,702.00,7020.00
7262,7263,2022121403002055,NRIC,22,14,40,702.00,28080.00
7263,7264,2022121403002054,NRIC,22,57,14,701.00,9814.00
7264,7265,2022121403002053,NRIC,22,29,100,701.00,70100.00
7265,7266,2022121403002052,NRIC,22,48,24,701.00,16824.00
7266,7267,2022121401003702,LBL,43,35,25,192.50,4812.50
7267,7268,2022121401003701,DORDI,33,35,10,230.50,2305.00
7268,7269,2022121401003700,HHL,38,57,10,214.10,2141.00
7269,7270,2022121403002051,SKBBL,28,48,200,1119.00,223800.00
7270,7271,2022121403002050,SKBBL,28,47,200,1118.00,223600.00
7271,7272,2022121403002049,HIDCL,54,45,111,165.00,18315.00
7272,7273,2022121403002048,HIDCL,50,45,47,165.10,7759.70
7273,7274,2022121403002047,HIDCL,25,45,30,165.20,4956.00
7274,7275,2022121403002046,HIDCL,36,45,12,165.20,1982.40
7275,7276,2022121401003699,GBIME,40,40,60,210.00,12600.00
7276,7277,2022121401003698,GBIME,40,20,102,210.00,21420.00
7277,7278,2022121404001978,HDHPC,33,17,100,176.00,17600.00
7278,7279,2022121404001977,UPPER,38,13,140,390.50,54670.00
7279,7280,2022121403002045,NLIC,45,4,190,603.10,114589.00
7280,7281,2022121403002044,NLIC,45,4,10,603.10,6031.00
7281,7282,2022121401003697,NMB,35,6,145,230.00,33350.00
7282,7283,2022121401003696,NMB,38,6,1655,230.10,380815.50
7283,7284,2022121401003695,HHL,38,13,10,214.10,2141.00
7284,7285,2022121401003694,SBL,35,55,21,312.00,6552.00
7285,7286,2022121401003693,SBL,39,55,10,312.00,3120.00
7286,7287,2022121401003692,MEGA,51,51,175,193.30,33827.50
7287,7288,2022121401003691,MEGA,25,51,495,193.40,95733.00
7288,7289,2022121404001976,BARUN,41,46,605,200.00,121000.00
7289,7290,2022121404001975,BARUN,39,46,100,200.00,20000.00
7290,7291,2022121404001974,BARUN,16,46,390,200.10,78039.00
7291,7292,2022121404001973,BARUN,16,46,200,200.10,40020.00
7292,7293,2022121404001972,BARUN,19,46,10,200.20,2002.00
7293,7294,2022121404001971,BARUN,6,46,245,201.00,49245.00
7294,7295,2022121404001970,BARUN,4,46,150,201.00,30150.00
7295,7296,2022121404001969,BARUN,58,46,100,201.10,20110.00
7296,7297,2022121404001968,BARUN,16,46,200,201.10,40220.00
7297,7298,2022121403002043,NLIC,16,4,58,604.00,35032.00
7298,7299,2022121403002042,NLIC,51,4,100,604.00,60400.00
7299,7300,2022121403002041,NLIC,10,4,15,604.00,9060.00
7300,7301,2022121403002040,NLIC,40,4,10,604.50,6045.00
7301,7302,2022121401003690,SGHC,26,17,10,251.40,2514.00
7302,7303,2022121404001967,SJCL,11,33,40,236.00,9440.00
7303,7304,2022121404001966,STC,33,59,30,3600.00,108000.00
7304,7305,2022121403002039,FOWAD,58,55,10,2580.00,25800.00
7305,7306,2022121403002038,FOWAD,55,55,20,2580.00,51600.00
7306,7307,2022121403002037,FOWAD,42,55,10,2580.00,25800.00
7307,7308,2022121403002036,FOWAD,38,55,10,2580.00,25800.00
7308,7309,2022121403002035,FOWAD,16,55,10,2580.10,25801.00
7309,7310,2022121403002034,FOWAD,51,55,10,2585.30,25853.00
7310,7311,2022121401003689,KDBY,33,43,100,8.10,810.00
7311,7312,2022121403002033,SMFDB,1,41,28,1169.00,32732.00
7312,7313,2022121403002032,SMFDB,34,41,200,1170.00,234000.00
7313,7314,2022121404001965,AIL,40,22,10,372.10,3721.00
7314,7315,2022121404001964,HDHPC,57,17,168,176.20,29601.60
7315,7316,2022121404001963,HDHPC,19,17,20,176.20,3524.00
7316,7317,2022121404001962,SJCL,11,32,20,236.00,4720.00
7317,7318,2022121401003688,EBL,53,45,344,439.00,151016.00
7318,7319,2022121401003687,EBL,42,45,50,439.00,21950.00
7319,7320,2022121401003686,EBL,33,45,66,439.00,28974.00
7320,7321,2022121401003685,EBL,26,45,40,440.00,17600.00
7321,7322,2022121404001961,GLH,38,38,10,236.00,2360.00
7322,7323,2022121402001121,PHCL,28,8,10,270.00,2700.00
7323,7324,2022121402001120,PHCL,28,48,10,270.00,2700.00
7324,7325,2022121401003684,NABIL,7,56,180,814.50,146610.00
7325,7326,2022121401003683,NABIL,16,56,270,814.50,219915.00
7326,7327,2022121402001119,PHCL,28,48,10,270.00,2700.00
7327,7328,2022121402001118,PHCL,28,14,10,270.00,2700.00
7328,7329,2022121402001117,PHCL,28,42,10,270.00,2700.00
7329,7330,2022121404001960,AIL,40,22,10,372.10,3721.00
7330,7331,2022121401003682,GVL,53,46,10,309.00,3090.00
7331,7332,2022121402001116,PHCL,28,51,10,270.00,2700.00
7332,7333,2022121404001959,NHPC,58,7,25,202.00,5050.00
7333,7334,2022121402001115,PHCL,28,58,10,270.00,2700.00
7334,7335,2022121402001114,PHCL,28,59,10,270.00,2700.00
7335,7336,2022121405000559,SAHAS,56,35,10,448.00,4480.00
7336,7337,2022121405000558,SAHAS,4,35,60,448.00,26880.00
7337,7338,2022121405000557,SAHAS,39,35,860,448.00,385280.00
7338,7339,2022121405000556,SAHAS,38,35,30,448.50,13455.00
7339,7340,2022121402001113,PHCL,28,6,10,270.00,2700.00
7340,7341,2022121402001112,PHCL,28,58,10,270.00,2700.00
7341,7342,2022121401003681,BOKL,4,38,63,205.20,12927.60
7342,7343,2022121401003680,BOKL,40,38,37,205.20,7592.40
7343,7344,2022121401003679,PPL,47,17,10,200.00,2000.00
7344,7345,2022121401003678,NABIL,16,38,180,814.50,146610.00
7345,7346,2022121401003677,NABIL,58,59,10,814.60,8146.00
7346,7347,2022121401003676,USHEC,41,57,10,250.50,2505.00
7347,7348,2022121404001958,RHPL,10,51,550,251.50,138325.00
7348,7349,2022121404001957,RHPL,10,35,40,251.50,10060.00
7349,7350,2022121401003675,SGHC,44,42,10,251.30,2513.00
7350,7351,2022121401003674,GVL,53,38,360,309.00,111240.00
7351,7352,2022121403002031,SMFDB,1,20,415,1169.00,485135.00
7352,7353,2022121403002030,SMFDB,47,20,100,1173.10,117310.00
7353,7354,2022121403002029,SMFDB,21,20,85,1175.10,99883.50
7354,7355,2022121404001956,UPPER,19,38,10,390.00,3900.00
7355,7356,2022121403002028,NTC,58,45,20,910.00,18200.00
7356,7357,2022121404001955,SJCL,53,38,20,235.00,4700.00
7357,7358,2022121401003673,NABIL,16,38,320,814.60,260672.00
7358,7359,2022121401003672,MHL,49,17,10,308.10,3081.00
7359,7360,2022121401003671,SANIMA,57,36,73,224.00,16352.00
7360,7361,2022121401003670,SANIMA,35,36,27,224.00,6048.00
7361,7362,2022121403002027,JBBL,35,29,206,276.00,56856.00
7362,7363,2022121403002026,JBBL,35,29,100,276.30,27630.00
7363,7364,2022121403002025,JBBL,49,29,50,276.50,13825.00
7364,7365,2022121403002024,JBBL,19,29,80,277.00,22160.00
7365,7366,2022121403002023,JBBL,25,29,64,277.00,17728.00
7366,7367,2022121404001954,RHPL,19,42,130,251.00,32630.00
7367,7368,2022121404001953,RHPL,19,14,65,251.00,16315.00
7368,7369,2022121404001952,RHPL,19,26,80,251.00,20080.00
7369,7370,2022121404001951,RHPL,19,46,135,251.00,33885.00
7370,7371,2022121403002022,ACLBSL,38,38,13,710.00,9230.00
7371,7372,2022121404001950,NGPL,53,53,10,209.00,2090.00
7372,7373,2022121404001949,RIDI,52,33,15,487.00,7305.00
7373,7374,2022121401003669,GVL,53,38,10,309.00,3090.00
7374,7375,2022121401003668,BNT,34,16,10,13000.00,130000.00
7375,7376,2022121403002021,NRIC,33,29,10,700.00,7000.00
7376,7377,2022121403002020,KRBL,58,42,30,254.00,7620.00
7377,7378,2022121401003667,BHL,19,57,10,247.10,2471.00
7378,7379,2022121401003666,MBL,17,8,50,212.30,10615.00
7379,7380,2022121401003665,SIKLES,47,34,10,375.10,3751.00
7380,7381,2022121404001948,UPCL,13,1,167,215.00,35905.00
7381,7382,2022121404001947,UPCL,57,1,50,215.10,10755.00
7382,7383,2022121404001946,UPCL,14,1,320,215.10,68832.00
7383,7384,2022121403002019,NLIC,59,4,50,605.00,30250.00
7384,7385,2022121403002018,SMFDB,21,20,15,1175.10,17626.50
7385,7386,2022121403002017,SMFDB,35,20,500,1175.10,587550.00
7386,7387,2022121403002016,SMFDB,10,20,200,1176.00,235200.00
7387,7388,2022121403002015,SMFDB,34,20,20,1176.00,23520.00
7388,7389,2022121403002014,SMFDB,33,20,100,1176.00,117600.00
7389,7390,2022121403002013,SMFDB,22,20,50,1180.00,59000.00
7390,7391,2022121403002012,SMFDB,57,20,20,1180.00,23600.00
7391,7392,2022121403002011,SMFDB,34,20,20,1180.00,23600.00
7392,7393,2022121403002010,SMFDB,59,20,100,1180.00,118000.00
7393,7394,2022121403002009,SMFDB,48,20,90,1180.00,106200.00
7394,7395,2022121403002008,SMFDB,43,20,85,1180.00,100300.00
7395,7396,2022121401003664,BOKL,52,8,68,205.40,13967.20
7396,7397,2022121401003663,NBL,58,41,10,276.00,2760.00
7397,7398,2022121404001945,NGPL,35,26,1,203.90,203.90
7398,7399,2022121401003662,NABIL,16,8,73,814.60,59465.80
7399,7400,2022121401003661,NABIL,41,8,25,814.70,20367.50
7400,7401,2022121401003660,NABIL,5,8,22,814.70,17923.40
7401,7402,2022121401003659,NABIL,34,32,10,815.50,8155.00
7402,7403,2022121401003658,NABIL,34,35,15,815.00,12225.00
7403,7404,2022121401003657,NABIL,34,45,15,815.00,12225.00
7404,7405,2022121404001944,RHPL,38,46,500,251.00,125500.00
7405,7406,2022121401003656,NABIL,58,45,185,815.00,150775.00
7406,7407,2022121401003655,NABIL,58,6,60,815.00,48900.00
7407,7408,2022121401003654,NABIL,21,38,40,814.80,32592.00
7408,7409,2022121401003653,NABIL,13,38,10,814.80,8148.00
7409,7410,2022121401003652,PCBL,6,4,30,224.00,6720.00
7410,7411,2022121401003651,GVL,13,38,40,309.10,12364.00
7411,7412,2022121404001943,HDHPC,52,19,177,177.00,31329.00
7412,7413,2022121401003650,NABIL,58,6,50,815.00,40750.00
7413,7414,2022121405000555,SLI,52,58,10,332.50,3325.00
7414,7415,2022121404001942,PRIN,53,5,20,400.00,8000.00
7415,7416,2022121404001941,PRIN,45,5,10,401.00,4010.00
7416,7417,2022121404001940,PRIN,42,5,50,402.00,20100.00
7417,7418,2022121404001939,PRIN,55,5,10,406.70,4067.00
7418,7419,2022121404001938,PRIN,55,5,10,406.70,4067.00
7419,7420,2022121404001937,RHPL,38,46,500,251.00,125500.00
7420,7421,2022121401003649,SANIMA,4,41,100,225.00,22500.00
7421,7422,2022121404001936,UPCL,5,38,80,216.00,17280.00
7422,7423,2022121404001935,UPCL,5,34,75,216.00,16200.00
7423,7424,2022121401003648,GVL,13,38,10,309.10,3091.00
7424,7425,2022121403002007,ICFC,29,48,66,428.00,28248.00
7425,7426,2022121403002006,ICFC,29,26,20,427.90,8558.00
7426,7427,2022121405000554,RULB,42,53,20,875.00,17500.00
7427,7428,2022121401003647,SPHL,35,32,200,350.00,70000.00
7428,7429,2022121401003646,SPHL,35,20,10,350.00,3500.00
7429,7430,2022121401003645,UHEWA,57,34,10,345.00,3450.00
7430,7431,2022121401003644,NABIL,57,6,330,815.00,268950.00
7431,7432,2022121404001934,NHPC,38,7,30,202.00,6060.00
7432,7433,2022121403002005,ILBS,37,45,50,870.00,43500.00
7433,7434,2022121401003643,KBL,34,8,149,184.50,27490.50
7434,7435,2022121401003642,GVL,38,38,42,310.00,13020.00
7435,7436,2022121401003641,GVL,25,38,308,310.00,95480.00
7436,7437,2022121401003640,PRVU,58,6,10,200.80,2008.00
7437,7438,2022121403002004,CHDC,38,35,10,655.00,6550.00
7438,7439,2022121403002003,CHDC,38,57,10,655.00,6550.00
7439,7440,2022121404001933,RHPL,19,46,80,251.00,20080.00
7440,7441,2022121404001932,RHPL,19,49,20,251.00,5020.00
7441,7442,2022121403002002,NMFBS,7,42,10,2010.00,20100.00
7442,7443,2022121403002001,NMFBS,7,8,21,2010.00,42210.00
7443,7444,2022121403002000,HIDCL,34,45,94,166.00,15604.00
7444,7445,2022121404001931,RHPL,19,56,70,250.00,17500.00
7445,7446,2022121404001930,RHPL,19,37,200,250.00,50000.00
7446,7447,2022121404001929,RHPL,19,58,10,250.00,2500.00
7447,7448,2022121404001928,RHPL,19,45,58,250.00,14500.00
7448,7449,2022121404001927,RHPL,38,45,242,250.00,60500.00
7449,7450,2022121404001926,RHPL,38,44,50,250.00,12500.00
7450,7451,2022121404001925,RHPL,38,26,708,250.00,177000.00
7451,7452,2022121401003639,NABIL,49,6,560,815.00,456400.00
7452,7453,2022121401003638,PPL,47,53,10,200.00,2000.00
7453,7454,2022121403001999,NRN,58,5,100,400.10,40010.00
7454,7455,2022121405000553,JBLB,34,47,7,2700.00,18900.00
7455,7456,2022121401003637,PPL,57,17,10,200.00,2000.00
7456,7457,2022121404001924,SHPC,33,28,500,271.50,135750.00
7457,7458,2022121404001923,SHPC,33,50,1400,271.50,380100.00
7458,7459,2022121404001922,RHPL,19,26,910,250.00,227500.00
7459,7460,2022121404001921,RHPL,19,38,50,250.00,12500.00
7460,7461,2022121404001920,RHPL,19,36,30,250.00,7500.00
7461,7462,2022121404001919,RHPL,19,45,200,250.00,50000.00
7462,7463,2022121404001918,RHPL,19,16,10,250.00,2500.00
7463,7464,2022121404001917,RHPL,19,16,50,250.00,12500.00
7464,7465,2022121404001916,RHPL,19,28,30,250.00,7500.00
7465,7466,2022121404001915,RHPL,19,57,100,250.00,25000.00
7466,7467,2022121404001914,RHPL,19,58,305,250.00,76250.00
7467,7468,2022121404001913,RHPL,19,44,85,250.00,21250.00
7468,7469,2022121404001912,RHPL,19,33,200,249.90,49980.00
7469,7470,2022121404001911,RHPL,19,45,30,249.90,7497.00
7470,7471,2022121401003636,MHL,58,42,10,308.10,3081.00
7471,7472,2022121401003635,AVYAN,42,17,10,698.00,6980.00
7472,7473,2022121404001910,HDHPC,44,19,57,177.00,10089.00
7473,7474,2022121401003634,BOKL,26,8,49,205.40,10064.60
7474,7475,2022121403001998,FOWAD,58,49,20,2586.00,51720.00
7475,7476,2022121403001997,FOWAD,53,49,52,2586.00,134472.00
7476,7477,2022121401003633,SHIVM,45,58,1119,547.20,612316.80
7477,7478,2022121401003632,SHIVM,4,58,50,547.30,27365.00
7478,7479,2022121401003631,SHIVM,45,58,17,548.00,9316.00
7479,7480,2022121401003630,SHIVM,50,58,180,548.00,98640.00
7480,7481,2022121401003629,SHIVM,58,58,50,548.00,27400.00
7481,7482,2022121401003628,SHIVM,44,58,100,548.00,54800.00
7482,7483,2022121401003627,SHIVM,5,58,25,548.00,13700.00
7483,7484,2022121401003626,SHIVM,43,58,329,548.00,180292.00
7484,7485,2022121401003625,SHIVM,22,58,130,548.10,71253.00
7485,7486,2022121401003624,GVL,25,42,10,310.00,3100.00
7486,7487,2022121405000552,MBJC,35,38,10,211.20,2112.00
7487,7488,2022121401003623,CCBL,8,29,150,190.00,28500.00
7488,7489,2022121401003622,NABIL,41,32,15,815.50,12232.50
7489,7490,2022121403001996,NRN,48,5,200,400.20,80040.00
7490,7491,2022121404001909,RHPL,19,45,170,249.90,42483.00
7491,7492,2022121404001908,RHPL,19,57,100,249.80,24980.00
7492,7493,2022121404001907,RHPL,19,19,20,249.00,4980.00
7493,7494,2022121404001906,RHPL,19,13,100,249.00,24900.00
7494,7495,2022121404001905,RHPL,19,36,20,249.00,4980.00
7495,7496,2022121404001904,RHPL,19,45,90,248.50,22365.00
7496,7497,2022121403001995,FOWAD,53,55,50,2586.00,129300.00
7497,7498,2022121401003621,SRBL,39,34,10,184.00,1840.00
7498,7499,2022121401003620,HDL,25,53,20,3829.00,76580.00
7499,7500,2022121401003619,KDBY,33,42,100,8.10,810.00
7500,7501,2022121403001994,NLIC,40,4,10,605.00,6050.00
7501,7502,2022121404001903,RHPL,19,45,10,248.50,2485.00
7502,7503,2022121405000551,JALPA,58,41,10,3355.00,33550.00
7503,7504,2022121405000550,JALPA,58,22,10,3355.00,33550.00
7504,7505,2022121401003618,PPL,13,57,10,200.10,2001.00
7505,7506,2022121403001993,NIFRA,38,38,54,184.80,9979.20
7506,7507,2022121401003617,UHEWA,57,58,10,345.00,3450.00
7507,7508,2022121404001902,BBC,49,48,10,3268.00,32680.00
7508,7509,2022121401003616,GIBF1,8,42,100,7.90,790.00
7509,7510,2022121405000549,MKJC,6,58,10,404.00,4040.00
7510,7511,2022121401003615,UHEWA,57,55,100,345.00,34500.00
7511,7512,2022121401003614,UHEWA,33,55,200,345.10,69020.00
7512,7513,2022121401003613,MBL,17,6,950,212.30,201685.00
7513,7514,2022121401003612,MBL,43,6,50,212.30,10615.00
7514,7515,2022121401003611,RHGCL,41,54,10,206.00,2060.00
7515,7516,2022121401003610,SHIVM,43,45,176,548.00,96448.00
7516,7517,2022121401003609,SHIVM,43,45,500,548.00,274000.00
7517,7518,2022121401003608,SHIVM,35,45,34,548.00,18632.00
7518,7519,2022121401003607,SHIVM,26,45,200,548.00,109600.00
7519,7520,2022121401003606,SHIVM,5,45,100,548.10,54810.00
7520,7521,2022121405000548,MBJC,19,42,10,211.50,2115.00
7521,7522,2022121401003605,PRVU,50,45,100,201.00,20100.00
7522,7523,2022121404001901,RHPL,56,45,100,248.50,24850.00
7523,7524,2022121403001992,HIDCL,44,32,2000,165.90,331800.00
7524,7525,2022121403001991,SHINE,59,33,222,331.40,73570.80
7525,7526,2022121401003604,MHL,58,37,10,308.10,3081.00
7526,7527,2022121404001900,UPPER,19,47,10,390.00,3900.00
7527,7528,2022121404001899,HDHPC,44,55,100,177.00,17700.00
7528,7529,2022121404001898,HDHPC,44,14,200,177.00,35400.00
7529,7530,2022121404001897,HDHPC,44,42,1000,177.00,177000.00
7530,7531,2022121404001896,HDHPC,44,39,1000,177.00,177000.00
7531,7532,2022121404001895,HDHPC,44,35,1000,177.00,177000.00
7532,7533,2022121404001894,HDHPC,44,16,100,176.90,17690.00
7533,7534,2022121404001893,HDHPC,44,49,100,176.30,17630.00
7534,7535,2022121404001892,HDHPC,44,33,743,176.30,130990.90
7535,7536,2022121401003603,SGHC,26,39,10,252.00,2520.00
7536,7537,2022121401003602,RHGCL,41,34,10,206.00,2060.00
7537,7538,2022121401003601,RFPL,16,46,10,224.30,2243.00
7538,7539,2022121403001990,NUBL,13,57,26,890.00,23140.00
7539,7540,2022121403001989,SMFDB,22,20,77,1185.00,91245.00
7540,7541,2022121403001988,SMFDB,58,20,1000,1185.00,1185000.00
7541,7542,2022121403001987,SMFDB,47,20,160,1185.10,189616.00
7542,7543,2022121403001986,SMFDB,53,20,50,1185.20,59260.00
7543,7544,2022121403001985,SMFDB,57,20,23,1190.00,27370.00
7544,7545,2022121403001984,NLIC,17,4,10,605.00,6050.00
7545,7546,2022121403001983,GLBSL,43,58,38,766.10,29111.80
7546,7547,2022121403001982,GLBSL,38,58,10,770.00,7700.00
7547,7548,2022121403001981,GLBSL,34,58,10,771.00,7710.00
7548,7549,2022121403001980,SAPDBL,34,59,300,220.00,66000.00
7549,7550,2022121403001979,NIFRA,44,54,17,185.00,3145.00
7550,7551,2022121403001978,NIFRA,44,32,183,185.00,33855.00
7551,7552,2022121404001891,LUK,51,48,600,7.90,4740.00
7552,7553,2022121401003600,NABIL,17,32,10,815.50,8155.00
7553,7554,2022121401003599,NBF3,58,48,130,7.25,942.50
7554,7555,2022121405000547,MBJC,56,38,10,211.50,2115.00
7555,7556,2022121401003598,KBL,52,8,10,184.90,1849.00
7556,7557,2022121403001977,SHINE,11,33,1000,331.40,331400.00
7557,7558,2022121405000546,MBJC,38,41,10,211.30,2113.00
7558,7559,2022121401003597,GVL,25,34,20,310.00,6200.00
7559,7560,2022121401003596,PRVU,58,38,250,200.80,50200.00
7560,7561,2022121401003595,PRVU,58,5,134,200.80,26907.20
7561,7562,2022121404001890,RURU,58,13,10,742.90,7429.00
7562,7563,2022121403001976,NMFBS,3,32,12,2009.00,24108.00
7563,7564,2022121405000545,JBLB,44,38,10,2744.00,27440.00
7564,7565,2022121401003594,USHEC,41,58,10,250.50,2505.00
7565,7566,2022121401003593,UHEWA,26,39,100,346.00,34600.00
7566,7567,2022121403001975,ACLBSL,58,32,10,709.10,7091.00
7567,7568,2022121403001974,GBBL,57,25,34,383.00,13022.00
7568,7569,2022121405000544,MBJC,13,38,10,211.30,2113.00
7569,7570,2022121404001889,NBF2,26,17,100,8.07,807.00
7570,7571,2022121404001888,NBF2,26,17,100,8.05,805.00
7571,7572,2022121401003592,PCBL,17,4,20,224.00,4480.00
7572,7573,2022121401003591,HDL,25,58,10,3829.00,38290.00
7573,7574,2022121401003590,HDL,50,58,10,3830.00,38300.00
7574,7575,2022121403001973,NTC,58,58,80,910.00,72800.00
7575,7576,2022121404001887,NIL,53,6,56,721.70,40415.20
7576,7577,2022121404001886,NIL,53,57,34,721.60,24534.40
7577,7578,2022121404001885,NHDL,34,57,12,316.00,3792.00
7578,7579,2022121401003589,NIB,17,49,300,219.00,65700.00
7579,7580,2022121403001972,GBBL,18,26,100,381.00,38100.00
7580,7581,2022121401003588,HHL,58,58,10,214.00,2140.00
7581,7582,2022121403001971,NIFRA,13,32,10,185.00,1850.00
7582,7583,2022121403001970,NIFRA,32,32,80,185.00,14800.00
7583,7584,2022121403001969,NIFRA,56,32,50,185.00,9250.00
7584,7585,2022121403001968,NIFRA,56,32,50,185.00,9250.00
7585,7586,2022121403001967,NIFRA,36,32,101,185.00,18685.00
7586,7587,2022121403001966,NIFRA,11,32,26,185.00,4810.00
7587,7588,2022121404001884,CHCL,43,19,27,388.50,10489.50
7588,7589,2022121401003587,RFPL,16,25,10,224.30,2243.00
7589,7590,2022121401003586,NBF3,21,58,100,7.25,725.00
7590,7591,2022121403001965,NICLBSL,22,26,70,711.00,49770.00
7591,7592,2022121401003585,MHL,58,17,10,308.10,3081.00
7592,7593,2022121403001964,NTC,58,45,390,910.00,354900.00
7593,7594,2022121405000543,JBLB,6,55,6,2733.00,16398.00
7594,7595,2022121405000542,JBLB,6,29,17,2733.00,46461.00
7595,7596,2022121401003584,RHGCL,41,25,10,206.00,2060.00
7596,7597,2022121401003583,NICA,22,33,15,683.00,10245.00
7597,7598,2022121404001883,AIL,21,48,50,375.00,18750.00
7598,7599,2022121401003582,UHEWA,32,49,10,345.20,3452.00
7599,7600,2022121401003581,ULBSL,21,50,10,3490.00,34900.00
7600,7601,2022121401003580,ULBSL,21,45,10,3458.00,34580.00
7601,7602,2022121401003579,BHDC,47,58,10,351.00,3510.00
7602,7603,2022121401003578,BHDC,47,7,30,351.00,10530.00
7603,7604,2022121403001963,NTC,58,45,10,910.00,9100.00
7604,7605,2022121404001882,NBF2,26,45,300,8.02,2406.00
7605,7606,2022121401003577,GBIME,11,50,10,210.00,2100.00
7606,7607,2022121401003576,PPL,28,25,10,201.00,2010.00
7607,7608,2022121403001962,NTC,58,38,100,910.00,91000.00
7608,7609,2022121401003575,PRVU,57,46,14,200.00,2800.00
7609,7610,2022121401003574,PRVU,32,46,100,200.00,20000.00
7610,7611,2022121401003573,PRVU,13,46,32,200.00,6400.00
7611,7612,2022121401003572,PRVU,56,46,126,200.00,25200.00
7612,7613,2022121404001881,RIDI,57,33,100,487.00,48700.00
7613,7614,2022121401003571,NICA,26,33,101,683.00,68983.00
7614,7615,2022121401003570,NICA,58,33,10,683.00,6830.00
7615,7616,2022121401003569,NICA,10,33,500,683.00,341500.00
7616,7617,2022121401003568,NICA,10,33,263,683.00,179629.00
7617,7618,2022121401003567,NICA,29,33,303,683.10,206979.30
7618,7619,2022121403001961,SABSL,34,59,50,908.80,45440.00
7619,7620,2022121401003566,BHDC,47,7,20,351.00,7020.00
7620,7621,2022121405000541,SLI,38,52,10,333.00,3330.00
7621,7622,2022121403001960,SMFDB,57,20,77,1190.00,91630.00
7622,7623,2022121403001959,SMFDB,22,20,50,1190.00,59500.00
7623,7624,2022121403001958,SMFDB,35,20,45,1190.00,53550.00
7624,7625,2022121403001957,SMFDB,34,20,100,1190.00,119000.00
7625,7626,2022121403001956,SMFDB,57,20,100,1190.00,119000.00
7626,7627,2022121403001955,SMFDB,17,20,50,1190.00,59500.00
7627,7628,2022121403001954,SMFDB,28,20,50,1190.10,59505.00
7628,7629,2022121403001953,SMFDB,36,20,28,1190.20,33325.60
7629,7630,2022121401003565,NMB,38,49,254,230.10,58445.40
7630,7631,2022121401003564,NMB,43,49,746,230.20,171729.20
7631,7632,2022121404001880,HDHPC,57,6,300,176.10,52830.00
7632,7633,2022121404001879,HDHPC,57,26,47,176.10,8276.70
7633,7634,2022121403001952,NMFBS,17,39,11,2006.00,22066.00
7634,7635,2022121403001951,NMFBS,17,52,12,2005.90,24070.80
7635,7636,2022121404001878,SHL,56,53,100,220.00,22000.00
7636,7637,2022121401003563,NABIL,3,32,70,815.50,57085.00
7637,7638,2022121403001950,NADEP,41,48,7,658.00,4606.00
7638,7639,2022121403001949,NLIC,38,4,10,605.00,6050.00
7639,7640,2022121401003562,SHIVM,16,58,101,550.00,55550.00
7640,7641,2022121401003561,NMB,43,13,1254,230.20,288670.80
7641,7642,2022121401003560,CBL,37,38,20,212.00,4240.00
7642,7643,2022121401003559,GBIME,41,8,450,208.90,94005.00
7643,7644,2022121404001877,NBF2,26,38,100,8.02,802.00
7644,7645,2022121401003558,NICA,43,41,14,685.00,9590.00
7645,7646,2022121401003557,NICA,43,33,100,684.90,68490.00
7646,7647,2022121401003556,NICA,43,40,10,684.90,6849.00
7647,7648,2022121401003555,NICA,43,6,16,684.00,10944.00
7648,7649,2022121404001876,SBCF,21,48,700,7.40,5180.00
7649,7650,2022121401003554,BOKL,40,35,13,205.20,2667.60
7650,7651,2022121405000540,SLI,38,17,10,333.00,3330.00
7651,7652,2022121402001111,PHCL,38,5,10,270.00,2700.00
7652,7653,2022121404001875,HDHPC,57,6,100,176.10,17610.00
7653,7654,2022121402001110,PHCL,38,58,10,270.00,2700.00
7654,7655,2022121402001109,PHCL,38,32,10,270.00,2700.00
7655,7656,2022121402001108,PHCL,38,19,10,270.00,2700.00
7656,7657,2022121403001948,NMFBS,17,32,177,2005.00,354885.00
7657,7658,2022121403001947,NLIC,28,4,30,605.00,18150.00
7658,7659,2022121403001946,NLIC,13,4,60,605.00,36300.00
7659,7660,2022121403001945,SFCL,7,55,50,258.00,12900.00
7660,7661,2022121401003553,SHIVM,16,58,35,550.00,19250.00
7661,7662,2022121401003552,KBL,7,28,127,184.50,23431.50
7662,7663,2022121403001944,NLIC,13,4,200,605.00,121000.00
7663,7664,2022121403001943,LBBL,5,58,180,320.00,57600.00
7664,7665,2022121403001942,NIFRA,11,53,20,185.00,3700.00
7665,7666,2022121403001941,NMFBS,34,32,100,2005.00,200500.00
7666,7667,2022121401003551,NBF3,34,57,205,7.20,1476.00
7667,7668,2022121403001940,NLIC,35,4,10,605.00,6050.00
7668,7669,2022121403001939,NLIC,48,4,37,605.00,22385.00
7669,7670,2022121403001938,NLIC,58,4,10,605.00,6050.00
7670,7671,2022121403001937,NLIC,48,4,50,605.00,30250.00
7671,7672,2022121403001936,NLIC,42,4,10,605.00,6050.00
7672,7673,2022121403001935,NLIC,22,4,10,605.00,6050.00
7673,7674,2022121403001934,NLIC,41,4,50,605.00,30250.00
7674,7675,2022121403001933,NLIC,8,4,21,605.00,12705.00
7675,7676,2022121403001932,NLIC,8,4,79,605.00,47795.00
7676,7677,2022121403001931,NLIC,55,4,60,605.00,36300.00
7677,7678,2022121403001930,NLIC,1,4,25,605.00,15125.00
7678,7679,2022121403001929,NLIC,42,4,36,605.00,21780.00
7679,7680,2022121404001874,API,35,6,200,209.00,41800.00
7680,7681,2022121403001928,SFCL,7,55,200,258.00,51600.00
7681,7682,2022121403001927,NLIC,42,4,23,605.00,13915.00
7682,7683,2022121403001926,NLIC,32,4,25,605.00,15125.00
7683,7684,2022121403001925,NLIC,42,4,10,605.00,6050.00
7684,7685,2022121403001924,NLIC,58,4,20,605.00,12100.00
7685,7686,2022121403001923,NLIC,44,4,42,605.00,25410.00
7686,7687,2022121403001922,NLIC,59,4,15,605.10,9076.50
7687,7688,2022121403001921,NLIC,21,4,10,605.50,6055.00
7688,7689,2022121403001920,NLIC,6,4,35,605.80,21203.00
7689,7690,2022121403001919,NLIC,38,4,20,605.90,12118.00
7690,7691,2022121401003550,AVYAN,42,57,10,698.00,6980.00
7691,7692,2022121404001873,RURU,33,13,10,742.70,7427.00
7692,7693,2022121404001872,RURU,33,13,10,742.60,7426.00
7693,7694,2022121404001871,RURU,33,13,10,742.50,7425.00
7694,7695,2022121404001870,RURU,33,13,10,742.40,7424.00
7695,7696,2022121404001869,RURU,33,10,50,742.00,37100.00
7696,7697,2022121404001868,RHPL,19,38,50,247.00,12350.00
7697,7698,2022121404001867,RADHI,42,6,70,219.00,15330.00
7698,7699,2022121405000539,NYADI,34,54,10,270.00,2700.00
7699,7700,2022121403001918,HIDCL,49,45,50,166.00,8300.00
7700,7701,2022121401003549,PRVU,56,6,10,200.00,2000.00
7701,7702,2022121401003548,BOKL,5,8,50,205.40,10270.00
7702,7703,2022121403001917,HIDCL,32,45,10,166.00,1660.00
7703,7704,2022121404001866,RHPL,19,21,440,247.00,108680.00
7704,7705,2022121403001916,NTC,58,37,1000,910.00,910000.00
7705,7706,2022121404001865,RADHI,57,6,30,220.00,6600.00
7706,7707,2022121403001915,GBBL,57,25,149,383.00,57067.00
7707,7708,2022121401003547,SHIVM,5,58,100,550.00,55000.00
7708,7709,2022121401003546,SHIVM,34,58,84,550.00,46200.00
7709,7710,2022121401003545,GVL,25,49,10,310.00,3100.00
7710,7711,2022121404001864,RADHI,57,28,30,220.00,6600.00
7711,7712,2022121404001863,API,52,6,100,209.00,20900.00
7712,7713,2022121404001862,NHPC,45,52,475,202.90,96377.50
7713,7714,2022121404001861,RADHI,57,57,100,220.00,22000.00
7714,7715,2022121404001860,RADHI,57,39,10,220.00,2200.00
7715,7716,2022121404001859,RADHI,57,17,50,220.00,11000.00
7716,7717,2022121404001858,RADHI,57,58,10,220.00,2200.00
7717,7718,2022121401003544,RHGCL,41,58,10,206.00,2060.00
7718,7719,2022121401003543,SIKLES,47,49,10,375.10,3751.00
7719,7720,2022121401003542,GVL,25,4,10,310.00,3100.00
7720,7721,2022121403001914,NLIC,6,4,500,605.80,302900.00
7721,7722,2022121403001913,ILBS,57,45,50,856.00,42800.00
7722,7723,2022121401003541,GIBF1,8,38,100,7.90,790.00
7723,7724,2022121401003540,NABIL,14,35,10,815.00,8150.00
7724,7725,2022121404001857,CHCL,6,19,62,388.50,24087.00
7725,7726,2022121403001912,NLIC,6,4,465,605.80,281697.00
7726,7727,2022121403001911,NLIC,38,4,35,605.80,21203.00
7727,7728,2022121401003539,CCBL,13,58,20,190.00,3800.00
7728,7729,2022121404001856,HDHPC,57,32,20,176.10,3522.00
7729,7730,2022121401003538,NICA,58,6,54,684.00,36936.00
7730,7731,2022121401003537,NICA,58,41,46,684.00,31464.00
7731,7732,2022121404001855,NHPC,45,56,200,202.00,40400.00
7732,7733,2022121404001854,NHPC,45,49,1000,202.00,202000.00
7733,7734,2022121404001853,NHPC,45,36,210,202.00,42420.00
7734,7735,2022121403001910,NLIC,38,4,65,605.80,39377.00
7735,7736,2022121403001909,NLIC,45,4,30,606.00,18180.00
7736,7737,2022121403001908,NLIC,47,4,30,606.00,18180.00
7737,7738,2022121403001907,NLIC,49,4,375,606.00,227250.00
7738,7739,2022121403001906,ILBS,53,28,16,860.00,13760.00
7739,7740,2022121403001905,SFCL,29,55,200,259.00,51800.00
7740,7741,2022121401003536,MHL,58,58,10,308.10,3081.00
7741,7742,2022121404001852,NIBSF2,48,48,7420,7.14,52978.80
7742,7743,2022121404001851,NHPC,45,49,70,201.00,14070.00
7743,7744,2022121401003535,SIKLES,47,58,10,375.10,3751.00
7744,7745,2022121401003534,SHIVM,34,34,16,550.00,8800.00
7745,7746,2022121404001850,RIDI,49,33,20,487.00,9740.00
7746,7747,2022121401003533,PRVU,52,5,43,200.80,8634.40
7747,7748,2022121401003532,PRVU,52,47,57,200.80,11445.60
7748,7749,2022121401003531,PRVU,56,13,101,200.00,20200.00
7749,7750,2022121401003530,NBF3,28,57,325,7.20,2340.00
7750,7751,2022121404001849,BPCL,4,42,20,306.00,6120.00
7751,7752,2022121404001848,NICSF,1,42,850,7.78,6613.00
7752,7753,2022121404001847,SHEL,13,32,10,230.00,2300.00
7753,7754,2022121401003529,DLBS,57,54,10,440.80,4408.00
7754,7755,2022121404001846,KEF,42,58,100,7.95,795.00
7755,7756,2022121401003528,KBL,7,28,55,184.50,10147.50
7756,7757,2022121401003527,KBL,41,28,30,184.50,5535.00
7757,7758,2022121401003526,NABIL,14,34,20,815.00,16300.00
7758,7759,2022121403001904,KLBSL,58,13,10,814.90,8149.00
7759,7760,2022121401003525,PPL,28,49,10,201.00,2010.00
7760,7761,2022121401003524,NBF3,16,57,100,7.22,722.00
7761,7762,2022121401003523,NBF3,25,57,370,7.22,2671.40
7762,7763,2022121404001845,BARUN,58,32,400,202.00,80800.00
7763,7764,2022121404001844,BARUN,58,45,60,202.00,12120.00
7764,7765,2022121404001843,RADHI,57,26,170,219.00,37230.00
7765,7766,2022121403001903,NLIC,49,19,55,606.00,33330.00
7766,7767,2022121403001902,NLIC,50,19,10,606.00,6060.00
7767,7768,2022121403001901,NLIC,45,19,25,606.00,15150.00
7768,7769,2022121403001900,NLIC,52,19,100,606.00,60600.00
7769,7770,2022121403001899,NLIC,35,19,359,606.10,217589.90
7770,7771,2022121403001898,NLIC,49,19,330,606.20,200046.00
7771,7772,2022121403001897,NLIC,54,19,121,606.30,73362.30
7772,7773,2022121401003522,SANIMA,35,56,43,224.00,9632.00
7773,7774,2022121403001896,CORBL,34,41,10,270.10,2701.00
7774,7775,2022121401003521,RFPL,16,47,350,228.00,79800.00
7775,7776,2022121401003520,RFPL,16,35,10,227.90,2279.00
7776,7777,2022121401003519,RFPL,16,49,10,227.90,2279.00
7777,7778,2022121401003518,RFPL,16,17,10,227.00,2270.00
7778,7779,2022121403001895,NIFRA,11,29,54,185.00,9990.00
7779,7780,2022121401003517,RHGCL,41,58,10,206.00,2060.00
7780,7781,2022121404001842,NGPL,17,58,380,208.00,79040.00
7781,7782,2022121404001841,HDHPC,57,10,50,176.10,8805.00
7782,7783,2022121404001840,RIDI,36,33,400,487.00,194800.00
7783,7784,2022121404001839,RBCL,58,55,10,12545.00,125450.00
7784,7785,2022121401003516,AVYAN,42,35,10,698.00,6980.00
7785,7786,2022121401003515,BOKL,57,8,10,205.40,2054.00
7786,7787,2022121401003514,PCBL,1,4,40,224.00,8960.00
7787,7788,2022121404001838,AIL,47,48,100,375.00,37500.00
7788,7789,2022121401003513,SHIVM,57,34,10,550.00,5500.00
7789,7790,2022121401003512,NIB,5,49,79,219.90,17372.10
7790,7791,2022121401003511,NICFC,29,49,100,7.73,773.00
7791,7792,2022121401003510,PRVU,39,47,10,200.80,2008.00
7792,7793,2022121403001894,NIFRA,16,56,14,185.00,2590.00
7793,7794,2022121401003509,SPHL,35,46,10,350.00,3500.00
7794,7795,2022121404001837,UMHL,32,48,260,224.10,58266.00
7795,7796,2022121403001893,SFCL,29,55,300,259.00,77700.00
7796,7797,2022121402001107,PHCL,57,57,1,275.00,275.00
7797,7798,2022121403001892,NIFRA,16,56,50,185.00,9250.00
7798,7799,2022121404001836,API,38,39,200,208.00,41600.00
7799,7800,2022121403001891,SKBBL,59,48,102,1119.00,114138.00
7800,7801,2022121403001890,SKBBL,59,11,15,1117.00,16755.00
7801,7802,2022121403001889,SKBBL,59,47,60,1117.00,67020.00
7802,7803,2022121402001106,PHCL,49,29,10,270.00,2700.00
7803,7804,2022121401003508,PPL,28,38,10,201.00,2010.00
7804,7805,2022121401003507,SCB,25,57,10,401.00,4010.00
7805,7806,2022121401003506,RHGCL,41,13,10,206.00,2060.00
7806,7807,2022121403001888,MDB,59,17,10,386.00,3860.00
7807,7808,2022121404001835,NMB50,17,10,500,8.95,4475.00
7808,7809,2022121404001834,PRIN,26,4,47,407.00,19129.00
7809,7810,2022121401003505,NABIL,45,35,15,815.00,12225.00
7810,7811,2022121403001887,NTC,38,42,80,911.90,72952.00
7811,7812,2022121401003504,CCBL,44,49,2000,190.00,380000.00
7812,7813,2022121401003503,CCBL,44,48,205,190.00,38950.00
7813,7814,2022121401003502,CCBL,44,14,400,190.00,76000.00
7814,7815,2022121403001886,SHINE,59,6,478,331.30,158361.40
7815,7816,2022121403001885,SHINE,49,6,10,331.40,3314.00
7816,7817,2022121403001884,SHINE,5,6,12,333.10,3997.20
7817,7818,2022121401003501,HHL,56,38,10,213.90,2139.00
7818,7819,2022121404001833,UPPER,58,58,48,390.00,18720.00
7819,7820,2022121401003500,DORDI,33,38,10,231.00,2310.00
7820,7821,2022121403001883,SMFDB,32,29,10,1195.00,11950.00
7821,7822,2022121403001882,SMFDB,57,29,90,1195.00,107550.00
7822,7823,2022121404001832,NLG,16,40,10,474.00,4740.00
7823,7824,2022121401003499,NMB,38,33,25,230.10,5752.50
7824,7825,2022121401003498,GBIME,13,8,50,209.00,10450.00
7825,7826,2022121404001831,UPPER,28,56,70,390.90,27363.00
7826,7827,2022121404001830,JOSHI,11,25,50,188.00,9400.00
7827,7828,2022121401003497,ADBL,45,41,30,313.10,9393.00
7828,7829,2022121401003496,SIKLES,47,52,10,375.10,3751.00
7829,7830,2022121403001881,KMCDB,22,19,62,887.00,54994.00
7830,7831,2022121401003495,NABIL,49,35,10,815.00,8150.00
7831,7832,2022121403001880,SHINE,5,25,50,333.10,16655.00
7832,7833,2022121403001879,KMCDB,57,19,10,893.00,8930.00
7833,7834,2022121403001878,KMCDB,51,19,10,895.00,8950.00
7834,7835,2022121401003494,RHGCL,41,38,10,206.00,2060.00
7835,7836,2022121401003493,GBIME,51,8,50,209.00,10450.00
7836,7837,2022121401003492,GBIME,58,8,100,209.00,20900.00
7837,7838,2022121401003491,GBIME,38,8,150,209.00,31350.00
7838,7839,2022121401003490,GBIME,26,8,50,209.00,10450.00
7839,7840,2022121401003489,GBIME,36,8,1542,209.00,322278.00
7840,7841,2022121405000538,JALPA,44,50,10,3355.00,33550.00
7841,7842,2022121405000537,JALPA,44,58,10,3355.00,33550.00
7842,7843,2022121405000536,JALPA,44,35,10,3350.00,33500.00
7843,7844,2022121405000535,JALPA,44,55,10,3350.00,33500.00
7844,7845,2022121401003488,NBL,45,41,14,276.00,3864.00
7845,7846,2022121401003487,USHEC,41,58,10,250.50,2505.00
7846,7847,2022121401003486,PCBL,56,4,10,224.00,2240.00
7847,7848,2022121404001829,HDHPC,57,21,15,176.10,2641.50
7848,7849,2022121404001828,HDHPC,19,21,10,176.20,1762.00
7849,7850,2022121405000534,MKJC,57,47,10,404.80,4048.00
7850,7851,2022121403001877,SFCL,47,55,300,259.00,77700.00
7851,7852,2022121401003485,GBIME,36,8,500,209.00,104500.00
7852,7853,2022121401003484,SRBL,48,45,190,184.50,35055.00
7853,7854,2022121402001105,PHCL,49,28,1,270.10,270.10
7854,7855,2022121401003483,UHEWA,32,38,10,345.20,3452.00
7855,7856,2022121401003482,UHEWA,32,16,10,345.20,3452.00
7856,7857,2022121401003481,NESDO,59,59,10,3290.00,32900.00
7857,7858,2022121401003480,KBL,39,8,100,184.90,18490.00
7858,7859,2022121401003479,GBIME,1,50,10,210.00,2100.00
7859,7860,2022121401003478,GVL,25,34,20,310.00,6200.00
7860,7861,2022121401003477,CZBIL,45,41,500,180.00,90000.00
7861,7862,2022121401003476,CZBIL,45,45,20,180.00,3600.00
7862,7863,2022121401003475,CZBIL,45,34,1039,180.00,187020.00
7863,7864,2022121401003474,CZBIL,45,14,997,179.90,179360.30
7864,7865,2022121401003473,PPL,28,53,10,201.00,2010.00
7865,7866,2022121401003472,KDBY,33,49,100,8.10,810.00
7866,7867,2022121401003471,NABIL,5,17,16,814.70,13035.20
7867,7868,2022121404001827,RIDI,32,33,10,487.00,4870.00
7868,7869,2022121401003470,NICA,29,21,50,683.10,34155.00
7869,7870,2022121402001104,EHPL,55,45,10,237.60,2376.00
7870,7871,2022121401003469,HDL,49,58,10,3836.00,38360.00
7871,7872,2022121401003468,MBL,17,37,1000,213.00,213000.00
7872,7873,2022121403001876,NIFRA,16,19,54,185.00,9990.00
7873,7874,2022121401003467,NABIL,57,17,30,815.00,24450.00
7874,7875,2022121404001826,UNHPL,8,36,310,188.00,58280.00
7875,7876,2022121401003466,SANIMA,11,56,13,224.00,2912.00
7876,7877,2022121401003465,MEGA,39,49,10,194.00,1940.00
7877,7878,2022121403001875,NLIC,39,4,100,607.00,60700.00
7878,7879,2022121401003464,SANIMA,40,17,18,223.60,4024.80
7879,7880,2022121401003463,SANIMA,35,17,10,223.70,2237.00
7880,7881,2022121403001874,HIDCL,54,58,16,165.00,2640.00
7881,7882,2022121401003462,SIKLES,17,52,10,376.00,3760.00
7882,7883,2022121401003461,SIKLES,17,48,10,376.00,3760.00
7883,7884,2022121401003460,SIKLES,17,52,10,376.00,3760.00
7884,7885,2022121401003459,GVL,25,45,100,310.00,31000.00
7885,7886,2022121403001873,SHINE,5,25,38,333.10,12657.80
7886,7887,2022121401003458,KBL,42,8,50,185.00,9250.00
7887,7888,2022121401003457,KBL,57,8,191,185.00,35335.00
7888,7889,2022121403001872,NLIC,54,51,79,606.30,47897.70
7889,7890,2022121403001871,NLIC,33,51,21,606.40,12734.40
7890,7891,2022121403001870,RLFL,35,58,315,293.00,92295.00
7891,7892,2022121403001869,HIDCL,54,39,150,165.00,24750.00
7892,7893,2022121403001868,HIDCL,57,39,350,165.10,57785.00
7893,7894,2022121401003456,NABIL,57,59,11,815.00,8965.00
7894,7895,2022121401003455,SGHC,13,14,10,255.00,2550.00
7895,7896,2022121401003454,SGHC,13,48,10,255.00,2550.00
7896,7897,2022121401003453,SGHC,13,58,10,253.00,2530.00
7897,7898,2022121405000533,SAHAS,38,17,10,448.50,4485.00
7898,7899,2022121401003452,GBIME,39,50,10,210.00,2100.00
7899,7900,2022121405000532,JBLB,7,46,10,2735.00,27350.00
7900,7901,2022121403001867,NLIC,33,4,200,606.40,121280.00
7901,7902,2022121403001866,NRIC,42,33,58,700.00,40600.00
7902,7903,2022121403001865,NIFRA,16,44,64,185.00,11840.00
7903,7904,2022121404001825,SHEL,16,58,10,234.60,2346.00
7904,7905,2022121404001824,SHEL,16,58,10,233.50,2335.00
7905,7906,2022121404001823,SHEL,16,25,10,233.50,2335.00
7906,7907,2022121404001822,SHEL,16,4,10,233.00,2330.00
7907,7908,2022121404001821,PIC,55,17,11,520.10,5721.10
7908,7909,2022121401003451,RHGCL,41,16,10,206.00,2060.00
7909,7910,2022121404001820,HDHPC,33,33,50,176.30,8815.00
7910,7911,2022121401003450,SBI,40,22,15,277.00,4155.00
7911,7912,2022121401003449,PPL,28,35,10,201.00,2010.00
7912,7913,2022121401003448,NESDO,38,58,10,3290.00,32900.00
7913,7914,2022121403001864,NIFRA,16,17,10,185.00,1850.00
7914,7915,2022121401003447,GBIME,36,44,216,209.00,45144.00
7915,7916,2022121404001819,CGH,49,44,10,1000.20,10002.00
7916,7917,2022121403001863,LBBL,5,35,20,320.00,6400.00
7917,7918,2022121401003446,BHL,22,17,10,247.20,2472.00
7918,7919,2022121401003445,SANIMA,51,56,50,224.00,11200.00
7919,7920,2022121404001818,HDHPC,48,33,90,176.30,15867.00
7920,7921,2022121401003444,NICA,29,17,12,683.10,8197.20
7921,7922,2022121403001862,NRIC,42,38,46,700.00,32200.00
7922,7923,2022121405000531,MBJC,35,38,10,211.20,2112.00
7923,7924,2022121404001817,AIL,11,48,100,372.10,37210.00
7924,7925,2022121401003443,AVYAN,42,58,10,698.00,6980.00
7925,7926,2022121401003442,NABIL,7,1,10,815.00,8150.00
7926,7927,2022121403001861,CIT,29,25,25,1859.00,46475.00
7927,7928,2022121404001816,HDHPC,57,6,300,176.10,52830.00
7928,7929,2022121401003441,USHEC,41,38,10,250.50,2505.00
7929,7930,2022121401003440,CZBIL,39,14,10,179.90,1799.00
7930,7931,2022121404001815,JOSHI,48,36,47,188.00,8836.00
7931,7932,2022121404001814,RADHI,45,58,10,218.00,2180.00
7932,7933,2022121401003439,NMB,38,42,50,230.10,11505.00
7933,7934,2022121403001860,MPFL,28,57,10,300.00,3000.00
7934,7935,2022121401003438,SGHC,17,13,10,250.10,2501.00
7935,7936,2022121401003437,NIB,5,45,50,219.90,10995.00
7936,7937,2022121401003436,ADBL,45,11,11,313.10,3444.10
7937,7938,2022121401003435,ULBSL,21,11,10,3450.00,34500.00
7938,7939,2022121401003434,ULBSL,21,50,10,3450.00,34500.00
7939,7940,2022121401003433,NICFC,29,56,100,7.73,773.00
7940,7941,2022121404001813,SHEL,16,38,300,232.00,69600.00
7941,7942,2022121404001812,SHEL,16,13,10,231.90,2319.00
7942,7943,2022121404001811,JOSHI,48,36,53,188.00,9964.00
7943,7944,2022121404001810,JOSHI,48,47,47,188.00,8836.00
7944,7945,2022121404001809,UNHPL,16,36,200,188.00,37600.00
7945,7946,2022121403001859,RMDC,58,48,40,954.00,38160.00
7946,7947,2022121401003432,USHEC,41,35,10,250.50,2505.00
7947,7948,2022121404001808,JOSHI,50,47,413,188.00,77644.00
7948,7949,2022121401003431,PRVU,6,5,500,200.50,100250.00
7949,7950,2022121401003430,NCCB,56,4,213,181.20,38595.60
7950,7951,2022121401003429,NCCB,1,4,400,181.30,72520.00
7951,7952,2022121401003428,NCCB,22,4,20,181.30,3626.00
7952,7953,2022121401003427,NCCB,41,4,75,181.40,13605.00
7953,7954,2022121401003426,NCCB,16,4,38,182.00,6916.00
7954,7955,2022121403001858,NIFRA,13,36,100,186.00,18600.00
7955,7956,2022121401003425,SPHL,35,20,10,350.00,3500.00
7956,7957,2022121401003424,NABIL,57,1,20,815.90,16318.00
7957,7958,2022121401003423,NABIL,57,32,80,815.90,65272.00
7958,7959,2022121404001807,JOSHI,25,47,20,188.00,3760.00
7959,7960,2022121401003422,SANIMA,13,56,17,224.00,3808.00
7960,7961,2022121401003421,KDBY,33,56,100,8.10,810.00
7961,7962,2022121404001806,GLH,36,6,10,235.20,2352.00
7962,7963,2022121404001805,GLH,36,49,10,235.20,2352.00
7963,7964,2022121404001804,GLH,36,13,10,235.00,2350.00
7964,7965,2022121404001803,GLH,36,58,10,235.00,2350.00
7965,7966,2022121403001857,GRDBL,22,21,10,229.00,2290.00
7966,7967,2022121401003420,SHIVM,49,34,24,550.00,13200.00
7967,7968,2022121401003419,SHIVM,49,34,76,550.00,41800.00
7968,7969,2022121404001802,SLCF,52,57,500,7.10,3550.00
7969,7970,2022121401003418,GVL,25,6,10,310.00,3100.00
7970,7971,2022121401003417,SHIVM,5,43,200,548.10,109620.00
7971,7972,2022121401003416,SHIVM,39,43,200,548.20,109640.00
7972,7973,2022121401003415,SHIVM,58,43,100,548.30,54830.00
7973,7974,2022121401003414,NIB,5,25,145,219.90,31885.50
7974,7975,2022121401003413,SPHL,58,32,90,350.10,31509.00
7975,7976,2022121404001801,UPPER,25,1,77,391.00,30107.00
7976,7977,2022121403001856,ICFC,50,48,12,428.00,5136.00
7977,7978,2022121403001855,GILB,4,58,100,1140.00,114000.00
7978,7979,2022121403001854,GILB,4,55,85,1140.00,96900.00
7979,7980,2022121403001853,GILB,4,57,15,1140.00,17100.00
7980,7981,2022121405000530,MBJC,35,17,10,211.20,2112.00
7981,7982,2022121404001800,JOSHI,50,58,500,187.00,93500.00
7982,7983,2022121404001799,JOSHI,50,34,87,187.00,16269.00
7983,7984,2022121404001798,SLCF,52,13,200,7.09,1418.00
7984,7985,2022121401003412,GBIME,36,17,30,209.00,6270.00
7985,7986,2022121403001852,RLFL,28,44,10,295.00,2950.00
7986,7987,2022121404001797,PICL,58,10,11,347.00,3817.00
7987,7988,2022121404001796,PICL,58,21,21,346.00,7266.00
7988,7989,2022121401003411,ADBL,45,17,15,313.10,4696.50
7989,7990,2022121405000529,NYADI,34,58,10,270.00,2700.00
7990,7991,2022121404001795,SLCF,59,21,200,7.06,1412.00
7991,7992,2022121405000528,ENL,28,56,10,577.80,5778.00
7992,7993,2022121404001794,NGPL,21,58,112,208.00,23296.00
7993,7994,2022121401003410,HDL,50,17,10,3838.50,38385.00
7994,7995,2022121401003409,HDL,50,53,40,3838.00,153520.00
7995,7996,2022121404001793,BARUN,49,45,100,202.00,20200.00
7996,7997,2022121403001851,NLIC,33,17,21,606.40,12734.40
7997,7998,2022121401003408,GVL,25,50,512,310.00,158720.00
7998,7999,2022121401003407,GVL,45,50,28,310.10,8682.80
7999,8000,2022121401003406,GBIME,57,38,70,210.00,14700.00
8000,8001,2022121403001850,GBBL,59,32,112,383.00,42896.00
8001,8002,2022121403001849,SKBBL,47,47,40,1117.00,44680.00
8002,8003,2022121401003405,USHEC,25,57,10,252.00,2520.00
8003,8004,2022121401003404,USHEC,25,42,10,252.00,2520.00
8004,8005,2022121401003403,USHEC,25,58,10,252.00,2520.00
8005,8006,2022121401003402,USHEC,25,19,10,252.00,2520.00
8006,8007,2022121401003401,USHEC,25,6,10,252.00,2520.00
8007,8008,2022121401003400,USHEC,25,10,100,252.00,25200.00
8008,8009,2022121401003399,USHEC,25,7,10,251.00,2510.00
8009,8010,2022121401003398,USHEC,25,57,10,251.00,2510.00
8010,8011,2022121401003397,KDBY,42,38,100,8.16,816.00
8011,8012,2022121401003396,KDBY,42,7,100,8.16,816.00
8012,8013,2022121401003395,NBL,49,41,25,276.00,6900.00
8013,8014,2022121403001848,NIFRA,16,17,10,185.00,1850.00
8014,8015,2022121401003394,PPL,1,1,380,205.00,77900.00
8015,8016,2022121401003393,PPL,1,53,10,205.00,2050.00
8016,8017,2022121401003392,PPL,1,21,10,205.00,2050.00
8017,8018,2022121401003391,PPL,1,16,10,205.00,2050.00
8018,8019,2022121401003390,PPL,1,57,10,205.00,2050.00
8019,8020,2022121401003389,PPL,1,14,10,205.00,2050.00
8020,8021,2022121401003388,PPL,1,16,10,205.00,2050.00
8021,8022,2022121401003387,PPL,1,45,10,205.00,2050.00
8022,8023,2022121403001847,FOWAD,53,43,48,2586.00,124128.00
8023,8024,2022121401003386,GBIME,42,38,30,210.00,6300.00
8024,8025,2022121403001846,CBBL,35,48,55,1110.00,61050.00
8025,8026,2022121405000527,MBJC,35,13,10,211.20,2112.00
8026,8027,2022121404001792,RHPL,41,46,255,246.00,62730.00
8027,8028,2022121404001791,RHPL,19,46,245,246.00,60270.00
8028,8029,2022121401003385,AVYAN,58,39,10,699.00,6990.00
8029,8030,2022121403001845,GBBL,59,50,100,383.00,38300.00
8030,8031,2022121403001844,GBBL,59,44,499,382.90,191067.10
8031,8032,2022121403001843,GBBL,59,22,266,382.70,101798.20
8032,8033,2022121403001842,GBBL,59,35,18,382.60,6886.80
8033,8034,2022121401003384,SANIMA,5,56,100,224.00,22400.00
8034,8035,2022121401003383,GBIME,54,8,10,210.50,2105.00
8035,8036,2022121405000526,MBJC,35,17,10,211.20,2112.00
8036,8037,2022121401003382,SANIMA,16,56,18,224.00,4032.00
8037,8038,2022121403001841,CFCL,1,49,18,308.90,5560.20
8038,8039,2022121403001840,CFCL,1,33,100,308.70,30870.00
8039,8040,2022121403001839,CFCL,1,20,80,308.50,24680.00
8040,8041,2022121403001838,CFCL,1,5,102,306.90,31303.80
8041,8042,2022121403001837,CFCL,1,36,200,306.00,61200.00
8042,8043,2022121403001836,NTC,45,42,335,910.00,304850.00
8043,8044,2022121403001835,NTC,52,42,415,910.00,377650.00
8044,8045,2022121404001790,KEF,42,45,200,7.95,1590.00
8045,8046,2022121405000525,SLI,13,13,10,332.00,3320.00
8046,8047,2022121403001834,NIFRA,16,44,64,185.00,11840.00
8047,8048,2022121403001833,ALICL,41,17,13,506.00,6578.00
8048,8049,2022121404001789,UPPER,25,13,83,390.00,32370.00
8049,8050,2022121401003381,MEGA,51,34,11,193.30,2126.30
8050,8051,2022121404001788,API,38,58,535,208.00,111280.00
8051,8052,2022121404001787,API,44,58,308,208.00,64064.00
8052,8053,2022121404001786,API,26,58,87,208.20,18113.40
8053,8054,2022121404001785,API,34,58,70,208.20,14574.00
8054,8055,2022121404001784,NHPC,7,6,100,200.00,20000.00
8055,8056,2022121404001783,NHPC,42,6,100,200.00,20000.00
8056,8057,2022121404001782,SHEL,26,21,10,229.20,2292.00
8057,8058,2022121402001103,PHCL,45,28,3,270.00,810.00
8058,8059,2022121401003380,NCCB,16,52,162,182.00,29484.00
8059,8060,2022121401003379,NCCB,57,52,88,182.00,16016.00
8060,8061,2022121402001102,EHPL,55,45,10,237.60,2376.00
8061,8062,2022121403001832,NTC,52,4,60,910.00,54600.00
8062,8063,2022121403001831,HIDCL,17,45,35,166.00,5810.00
8063,8064,2022121401003378,NESDO,38,42,10,3290.00,32900.00
8064,8065,2022121401003377,NESDO,48,42,10,3290.00,32900.00
8065,8066,2022121401003376,PPL,1,49,10,203.00,2030.00
8066,8067,2022121401003375,PPL,1,58,10,203.00,2030.00
8067,8068,2022121401003374,PPL,1,35,10,203.00,2030.00
8068,8069,2022121401003373,PPL,1,41,10,203.00,2030.00
8069,8070,2022121401003372,HDL,35,59,40,3835.00,153400.00
8070,8071,2022121401003371,AVYAN,50,13,10,700.00,7000.00
8071,8072,2022121403001830,NTC,52,17,25,910.00,22750.00
8072,8073,2022121401003370,PPL,28,16,10,201.00,2010.00
8073,8074,2022121404001781,PIC,55,17,11,520.10,5721.10
8074,8075,2022121404001780,UPPER,8,13,27,390.00,10530.00
8075,8076,2022121403001829,MLBL,50,55,20,341.00,6820.00
8076,8077,2022121403001828,MLBSL,17,54,10,3985.00,39850.00
8077,8078,2022121403001827,GUFL,17,34,1945,522.00,1015290.00
8078,8079,2022121401003369,SHIVM,32,34,101,550.00,55550.00
8079,8080,2022121405000524,JALPA,14,22,10,3340.00,33400.00
8080,8081,2022121401003368,SBL,49,19,900,312.00,280800.00
8081,8082,2022121401003367,PCBL,1,17,19,223.70,4250.30
8082,8083,2022121401003366,NABIL,53,32,21,815.90,17133.90
8083,8084,2022121403001826,NIFRA,54,36,10,186.00,1860.00
8084,8085,2022121401003365,SCB,34,45,190,400.90,76171.00
8085,8086,2022121403001825,NRIC,42,17,11,700.00,7700.00
8086,8087,2022121401003364,SHIVM,4,51,50,548.40,27420.00
8087,8088,2022121403001824,NIFRA,16,52,54,185.00,9990.00
8088,8089,2022121402001101,EHPL,55,46,10,237.60,2376.00
8089,8090,2022121405000523,SLI,13,35,10,332.00,3320.00
8090,8091,2022121401003363,NMB,38,17,16,230.10,3681.60
8091,8092,2022121403001823,NIFRA,16,49,54,185.00,9990.00
8092,8093,2022121402001100,PHCL,57,7,1,275.00,275.00
8093,8094,2022121403001822,NLIC,45,4,200,607.00,121400.00
8094,8095,2022121403001821,NLIC,45,4,200,607.00,121400.00
8095,8096,2022121403001820,NLIC,45,4,167,607.00,101369.00
8096,8097,2022121402001099,PHCL,45,7,10,270.00,2700.00
8097,8098,2022121404001779,NHPC,7,39,50,201.00,10050.00
8098,8099,2022121404001778,NHPC,52,39,216,201.00,43416.00
8099,8100,2022121403001819,NIFRA,16,35,10,185.00,1850.00
8100,8101,2022121402001098,PHCL,45,34,10,270.00,2700.00
8101,8102,2022121403001818,NLIC,33,17,21,606.40,12734.40
8102,8103,2022121401003362,GBIME,54,21,50,210.00,10500.00
8103,8104,2022121401003361,BOKL,58,8,24,205.50,4932.00
8104,8105,2022121404001777,RHPL,32,21,60,249.00,14940.00
8105,8106,2022121404001776,RHPL,32,58,40,248.80,9952.00
8106,8107,2022121401003360,NICFC,29,38,100,7.73,773.00
8107,8108,2022121403001817,CBBL,35,34,25,1110.00,27750.00
8108,8109,2022121403001816,CBBL,35,4,20,1110.00,22200.00
8109,8110,2022121403001815,CBBL,35,43,25,1110.00,27750.00
8110,8111,2022121404001775,SICL,58,45,75,771.00,57825.00
8111,8112,2022121401003359,PPL,28,51,10,201.00,2010.00
8112,8113,2022121402001097,PHCL,57,7,9,275.00,2475.00
8113,8114,2022121404001774,UNHPL,32,36,30,188.00,5640.00
8114,8115,2022121403001814,NLIC,33,4,137,606.40,83076.80
8115,8116,2022121403001813,NLIC,6,4,63,606.40,38203.20
8116,8117,2022121404001773,NGPL,21,53,31,209.00,6479.00
8117,8118,2022121404001772,NGPL,21,58,172,208.90,35930.80
8118,8119,2022121404001771,NGPL,21,58,83,208.80,17330.40
8119,8120,2022121404001770,NGPL,21,11,90,208.50,18765.00
8120,8121,2022121404001769,NGPL,21,51,30,208.00,6240.00
8121,8122,2022121403001812,NIFRA,16,17,10,185.00,1850.00
8122,8123,2022121405000522,MBJC,35,35,10,211.20,2112.00
8123,8124,2022121401003358,NBL,56,41,15,276.00,4140.00
8124,8125,2022121401003357,NBL,49,41,75,276.00,20700.00
8125,8126,2022121401003356,NBL,34,41,20,276.00,5520.00
8126,8127,2022121402001096,PHCL,45,38,10,270.00,2700.00
8127,8128,2022121404001768,UNHPL,16,36,250,188.00,47000.00
8128,8129,2022121401003355,NABIL,5,26,12,814.70,9776.40
8129,8130,2022121403001811,NICLBSL,48,10,10,714.00,7140.00
8130,8131,2022121401003354,GBIME,36,52,96,209.00,20064.00
8131,8132,2022121401003353,HHL,56,35,10,213.90,2139.00
8132,8133,2022121404001767,UPPER,33,13,100,390.00,39000.00
8133,8134,2022121401003352,PPL,28,8,10,201.00,2010.00
8134,8135,2022121405000521,SLI,13,36,10,332.00,3320.00
8135,8136,2022121401003351,NBL,34,17,20,276.00,5520.00
8136,8137,2022121403001810,SMFDB,57,20,10,1195.00,11950.00
8137,8138,2022121403001809,SMFDB,55,20,15,1195.00,17925.00
8138,8139,2022121403001808,SMFDB,43,20,80,1195.00,95600.00
8139,8140,2022121403001807,SMFDB,53,20,50,1195.10,59755.00
8140,8141,2022121403001806,SMFDB,36,20,50,1195.20,59760.00
8141,8142,2022121403001805,SMFDB,35,20,30,1197.00,35910.00
8142,8143,2022121403001804,SMFDB,41,20,15,1197.00,17955.00
8143,8144,2022121403001803,NLIC,59,4,33,607.00,20031.00
8144,8145,2022121401003350,NIB,25,13,35,220.00,7700.00
8145,8146,2022121401003349,SHIVM,6,51,40,549.00,21960.00
8146,8147,2022121401003348,SHIVM,58,51,10,549.00,5490.00
8147,8148,2022121405000520,MBJC,35,58,10,211.20,2112.00
8148,8149,2022121404001766,NGPL,16,51,20,208.00,4160.00
8149,8150,2022121401003347,SHIVM,58,57,10,549.00,5490.00
8150,8151,2022121401003346,SHIVM,38,57,100,549.20,54920.00
8151,8152,2022121401003345,KDBY,33,38,100,8.10,810.00
8152,8153,2022121401003344,RHGCL,49,49,10,207.00,2070.00
8153,8154,2022121401003343,RHGCL,49,29,10,206.00,2060.00
8154,8155,2022121401003342,SHIVM,38,6,50,549.20,27460.00
8155,8156,2022121403001802,NIFRA,16,39,277,185.00,51245.00
8156,8157,2022121403001801,JBBL,25,58,14,277.00,3878.00
8157,8158,2022121401003341,DORDI,33,48,10,231.00,2310.00
8158,8159,2022121403001800,CBBL,17,43,50,1110.00,55500.00
8159,8160,2022121401003340,NCCB,57,45,50,182.00,9100.00
8160,8161,2022121401003339,GIBF1,8,49,100,7.90,790.00
8161,8162,2022121401003338,BOKL,5,19,400,206.00,82400.00
8162,8163,2022121401003337,GIBF1,8,38,100,7.90,790.00
8163,8164,2022121403001799,JSLBB,22,34,10,1610.00,16100.00
8164,8165,2022121403001798,NMFBS,19,32,50,2005.00,100250.00
8165,8166,2022121403001797,NMFBS,19,59,20,2004.00,40080.00
8166,8167,2022121403001796,NLIC,6,4,300,606.40,181920.00
8167,8168,2022121405000519,JBLB,7,19,10,2735.00,27350.00
8168,8169,2022121403001795,NLIC,6,4,500,606.40,303200.00
8169,8170,2022121405000518,SAHAS,38,17,10,448.50,4485.00
8170,8171,2022121401003336,BOKL,5,19,12,206.00,2472.00
8171,8172,2022121403001794,MNBBL,51,10,100,421.00,42100.00
8172,8173,2022121403001793,MNBBL,51,36,100,421.00,42100.00
8173,8174,2022121401003335,SGHC,17,58,10,250.10,2501.00
8174,8175,2022121403001792,NLIC,6,4,137,606.40,83076.80
8175,8176,2022121403001791,NLIC,42,4,33,606.50,20014.50
8176,8177,2022121403001790,NLIC,58,4,30,610.00,18300.00
8177,8178,2022121401003334,SHIVM,58,53,50,549.00,27450.00
8178,8179,2022121401003333,SHIVM,21,53,50,549.10,27455.00
8179,8180,2022121401003332,PPL,28,54,10,201.00,2010.00
8180,8181,2022121401003331,GBIME,36,8,500,209.00,104500.00
8181,8182,2022121401003330,SIKLES,16,38,10,376.00,3760.00
8182,8183,2022121403001789,NLIC,42,4,47,606.50,28505.50
8183,8184,2022121404001765,UPCL,21,46,240,216.00,51840.00
8184,8185,2022121401003329,HDL,49,59,10,3835.00,38350.00
8185,8186,2022121405000517,SAHAS,38,36,10,448.50,4485.00
8186,8187,2022121401003328,SPHL,58,58,10,350.10,3501.00
8187,8188,2022121401003327,PRVU,48,47,100,200.80,20080.00
8188,8189,2022121403001788,NIFRA,42,58,6,184.00,1104.00
8189,8190,2022121403001787,NLIC,37,4,50,607.00,30350.00
8190,8191,2022121403001786,NLIC,4,4,103,607.00,62521.00
8191,8192,2022121404001764,SPDL,8,53,100,260.20,26020.00
8192,8193,2022121404001763,PIC,55,17,11,520.10,5721.10
8193,8194,2022121403001785,NSLB,42,59,18,736.00,13248.00
8194,8195,2022121404001762,HDHPC,59,33,117,176.30,20627.10
8195,8196,2022121403001784,NLIC,4,4,97,607.00,58879.00
8196,8197,2022121403001783,NLIC,58,4,103,608.00,62624.00
8197,8198,2022121403001782,SMB,38,47,10,1245.50,12455.00
8198,8199,2022121403001781,LBBL,57,35,82,316.50,25953.00
8199,8200,2022121401003326,CZBIL,1,34,1000,180.00,180000.00
8200,8201,2022121405000516,NYADI,34,17,10,270.00,2700.00
8201,8202,2022121403001780,NLIC,58,4,47,608.00,28576.00
8202,8203,2022121403001779,NLIC,29,4,153,608.10,93039.30
8203,8204,2022121403001778,GUFL,21,34,500,522.00,261000.00
8204,8205,2022121401003325,NIB,5,34,63,219.90,13853.70
8205,8206,2022121401003324,NIB,5,34,63,219.90,13853.70
8206,8207,2022121401003323,CCBL,44,58,100,189.00,18900.00
8207,8208,2022121401003322,CCBL,44,19,79,189.00,14931.00
8208,8209,2022121403001777,NLIC,29,4,200,608.10,121620.00
8209,8210,2022121401003321,SIKLES,34,16,10,374.00,3740.00
8210,8211,2022121404001761,SBCF,1,45,100,7.35,735.00
8211,8212,2022121403001776,NLIC,28,17,19,609.00,11571.00
8212,8213,2022121401003320,PPL,28,16,10,202.00,2020.00
8213,8214,2022121403001775,CHDC,50,20,170,650.00,110500.00
8214,8215,2022121403001774,CHDC,45,20,50,651.00,32550.00
8215,8216,2022121403001773,CHDC,56,20,80,651.00,52080.00
8216,8217,2022121403001772,NIFRA,16,17,10,185.00,1850.00
8217,8218,2022121401003319,MEGA,33,59,40,193.50,7740.00
8218,8219,2022121401003318,MEGA,41,59,10,193.60,1936.00
8219,8220,2022121401003317,GVL,45,58,10,310.10,3101.00
8220,8221,2022121401003316,RFPL,16,50,10,224.30,2243.00
8221,8222,2022121401003315,BHL,29,49,10,248.00,2480.00
8222,8223,2022121401003314,BHL,29,57,10,248.00,2480.00
8223,8224,2022121401003313,SBL,7,19,50,312.00,15600.00
8224,8225,2022121403001771,SIFC,49,34,86,301.00,25886.00
8225,8226,2022121403001770,SADBL,22,58,90,300.20,27018.00
8226,8227,2022121401003312,CYCL,34,38,10,2486.20,24862.00
8227,8228,2022121405000515,MBJC,58,29,10,214.00,2140.00
8228,8229,2022121404001760,BARUN,49,45,40,202.00,8080.00
8229,8230,2022121403001769,NMFBS,20,59,100,2004.00,200400.00
8230,8231,2022121401003311,SBL,7,19,20,312.00,6240.00
8231,8232,2022121401003310,ADBL,40,58,12,314.00,3768.00
8232,8233,2022121404001759,SHL,45,32,150,221.90,33285.00
8233,8234,2022121404001758,SHL,45,1,100,221.80,22180.00
8234,8235,2022121403001768,CIT,48,45,35,1855.00,64925.00
8235,8236,2022121401003309,HDL,38,56,25,3832.00,95800.00
8236,8237,2022121401003308,SBL,7,19,10,312.00,3120.00
8237,8238,2022121401003307,PCBL,21,4,10,224.00,2240.00
8238,8239,2022121401003306,NIB,1,34,13,218.20,2836.60
8239,8240,2022121401003305,HBL,35,59,21,325.00,6825.00
8240,8241,2022121401003304,SBL,7,19,20,312.00,6240.00
8241,8242,2022121401003303,PRVU,58,47,10,200.80,2008.00
8242,8243,2022121405000514,MBJC,46,17,10,211.10,2111.00
8243,8244,2022121403001767,NUBL,6,1,14,885.00,12390.00
8244,8245,2022121401003302,CZBIL,42,14,360,179.50,64620.00
8245,8246,2022121401003301,GVL,45,29,10,310.10,3101.00
8246,8247,2022121401003300,SIKLES,56,14,10,375.50,3755.00
8247,8248,2022121403001766,HIDCL,58,45,20,166.00,3320.00
8248,8249,2022121401003299,MBL,35,37,500,213.00,106500.00
8249,8250,2022121401003298,CBL,32,38,30,212.00,6360.00
8250,8251,2022121401003297,CBL,32,38,214,212.00,45368.00
8251,8252,2022121401003296,CBL,32,10,50,212.00,10600.00
8252,8253,2022121405000513,NYADI,34,35,200,270.00,54000.00
8253,8254,2022121404001757,RHPL,19,54,245,246.00,60270.00
8254,8255,2022121404001756,API,11,6,30,209.00,6270.00
8255,8256,2022121403001765,CHDC,38,58,200,654.00,130800.00
8256,8257,2022121401003295,SHIVM,58,58,30,549.00,16470.00
8257,8258,2022121403001764,RSDC,57,1,50,533.00,26650.00
8258,8259,2022121404001755,SICL,45,28,30,761.00,22830.00
8259,8260,2022121404001754,SICL,56,28,20,761.00,15220.00
8260,8261,2022121401003294,NBL,5,34,20,276.00,5520.00
8261,8262,2022121401003293,NBL,5,45,115,276.00,31740.00
8262,8263,2022121401003292,SIKLES,56,44,220,375.00,82500.00
8263,8264,2022121402001095,PHCL,43,59,8,270.00,2160.00
8264,8265,2022121401003291,PPL,28,25,10,201.00,2010.00
8265,8266,2022121401003290,KBL,57,35,500,185.00,92500.00
8266,8267,2022121403001763,NIFRA,1,36,10,186.00,1860.00
8267,8268,2022121405000512,MBJC,35,58,10,211.00,2110.00
8268,8269,2022121404001753,AKPL,42,47,10,346.70,3467.00
8269,8270,2022121401003289,SIKLES,34,44,780,375.00,292500.00
8270,8271,2022121403001762,CFCL,48,20,10,305.00,3050.00
8271,8272,2022121403001761,CFCL,38,20,100,305.00,30500.00
8272,8273,2022121403001760,CFCL,41,20,10,305.00,3050.00
8273,8274,2022121401003288,NCCB,58,45,10,182.00,1820.00
8274,8275,2022121401003287,KDBY,33,57,100,8.10,810.00
8275,8276,2022121403001759,MNBBL,19,29,13,420.50,5466.50
8276,8277,2022121401003286,HBL,35,49,182,325.00,59150.00
8277,8278,2022121401003285,HBL,1,49,18,325.00,5850.00
8278,8279,2022121404001752,GLH,36,50,10,233.00,2330.00
8279,8280,2022121404001751,UPPER,51,45,27,389.00,10503.00
8280,8281,2022121404001750,UPPER,6,45,90,389.00,35010.00
8281,8282,2022121401003284,DORDI,33,36,10,231.00,2310.00
8282,8283,2022121403001758,NADEP,36,36,3,663.00,1989.00
8283,8284,2022121403001757,NRIC,42,44,65,700.00,45500.00
8284,8285,2022121401003283,PCBL,11,4,100,224.00,22400.00
8285,8286,2022121401003282,PCBL,22,4,150,224.10,33615.00
8286,8287,2022121401003281,PCBL,28,4,10,224.20,2242.00
8287,8288,2022121401003280,NICFC,29,57,100,7.73,773.00
8288,8289,2022121401003279,CYCL,34,22,10,2486.20,24862.00
8289,8290,2022121401003278,AVYAN,50,21,10,700.00,7000.00
8290,8291,2022121404001749,UPPER,6,48,10,389.00,3890.00
8291,8292,2022121405000511,JBLB,26,8,18,2745.00,49410.00
8292,8293,2022121405000510,JBLB,26,34,17,2744.00,46648.00
8293,8294,2022121405000509,JBLB,26,57,10,2740.00,27400.00
8294,8295,2022121401003277,SIKLES,34,44,970,375.00,363750.00
8295,8296,2022121401003276,SIKLES,7,44,30,375.00,11250.00
8296,8297,2022121404001748,AKPL,13,22,500,344.00,172000.00
8297,8298,2022121401003275,SIKLES,7,59,20,375.00,7500.00
8298,8299,2022121401003274,NABIL,6,25,234,816.00,190944.00
8299,8300,2022121401003273,NABIL,6,45,50,815.90,40795.00
8300,8301,2022121403001756,GILB,4,58,64,1137.00,72768.00
8301,8302,2022121403001755,GILB,4,48,30,1137.00,34110.00
8302,8303,2022121401003272,SGHC,17,25,10,250.10,2501.00
8303,8304,2022121401003271,NICA,10,54,14,683.00,9562.00
8304,8305,2022121404001747,NGPL,58,11,10,208.50,2085.00
8305,8306,2022121401003270,ADBL,59,58,20,314.00,6280.00
8306,8307,2022121404001746,CHCL,6,20,11,387.80,4265.80
8307,8308,2022121401003269,KDBY,33,38,100,8.10,810.00
8308,8309,2022121403001754,DDBL,43,43,9,1029.00,9261.00
8309,8310,2022121401003268,NABIL,38,45,50,815.90,40795.00
8310,8311,2022121401003267,NESDO,48,38,10,3290.00,32900.00
8311,8312,2022121401003266,SHIVM,1,34,123,550.00,67650.00
8312,8313,2022121401003265,SHIVM,1,58,77,550.00,42350.00
8313,8314,2022121401003264,USHEC,41,50,10,250.50,2505.00
8314,8315,2022121401003263,RFPL,4,36,10,224.00,2240.00
8315,8316,2022121401003262,BNT,41,34,60,13000.00,780000.00
8316,8317,2022121404001745,UPPER,59,13,500,390.00,195000.00
8317,8318,2022121403001753,NLBBL,41,58,100,810.00,81000.00
8318,8319,2022121403001752,NLBBL,41,52,49,810.00,39690.00
8319,8320,2022121401003261,NICA,10,57,50,683.00,34150.00
8320,8321,2022121401003260,NICA,10,54,173,683.00,118159.00
8321,8322,2022121401003259,USHEC,41,7,10,250.50,2505.00
8322,8323,2022121403001751,CBBL,38,43,83,1110.00,92130.00
8323,8324,2022121403001750,CBBL,38,22,70,1110.00,77700.00
8324,8325,2022121403001749,CBBL,38,45,10,1110.00,11100.00
8325,8326,2022121403001748,CBBL,38,58,10,1110.00,11100.00
8326,8327,2022121403001747,CBBL,38,34,156,1110.00,173160.00
8327,8328,2022121403001746,CBBL,38,58,13,1110.00,14430.00
8328,8329,2022121403001745,CBBL,38,42,100,1110.00,111000.00
8329,8330,2022121403001744,CBBL,38,22,20,1110.00,22200.00
8330,8331,2022121403001743,CBBL,38,6,38,1108.00,42104.00
8331,8332,2022121401003258,CCBL,19,19,57,189.00,10773.00
8332,8333,2022121404001744,CHCL,49,58,500,387.50,193750.00
8333,8334,2022121401003257,KBL,57,45,50,185.00,9250.00
8334,8335,2022121401003256,KBL,57,36,200,185.00,37000.00
8335,8336,2022121401003255,KBL,57,45,59,185.00,10915.00
8336,8337,2022121401003254,GIBF1,8,38,100,7.90,790.00
8337,8338,2022121401003253,SIKLES,34,51,10,375.50,3755.00
8338,8339,2022121401003252,SHIVM,5,58,115,550.00,63250.00
8339,8340,2022121403001742,RMDC,56,34,100,950.00,95000.00
8340,8341,2022121403001741,RMDC,6,34,10,950.00,9500.00
8341,8342,2022121404001743,HDHPC,59,14,40,176.30,7052.00
8342,8343,2022121401003251,NICA,21,48,10,682.00,6820.00
8343,8344,2022121401003250,HDL,50,45,10,3830.00,38300.00
8344,8345,2022121401003249,CZBIL,40,14,130,179.50,23335.00
8345,8346,2022121401003248,NABIL,28,10,200,815.90,163180.00
8346,8347,2022121401003247,ADBL,21,38,10,314.00,3140.00
8347,8348,2022121405000508,MBJC,35,58,10,210.40,2104.00
8348,8349,2022121405000507,SAHAS,38,50,10,448.50,4485.00
8349,8350,2022121404001742,NICL,55,32,50,420.00,21000.00
8350,8351,2022121404001741,NICL,55,53,240,418.90,100536.00
8351,8352,2022121404001740,UNHPL,41,36,60,188.00,11280.00
8352,8353,2022121403001740,NIFRA,16,39,64,185.00,11840.00
8353,8354,2022121403001739,PFL,58,33,30,331.00,9930.00
8354,8355,2022121405000506,JBLB,6,58,10,2735.00,27350.00
8355,8356,2022121403001738,NRIC,42,42,20,700.00,14000.00
8356,8357,2022121401003246,RFPL,4,58,10,224.00,2240.00
8357,8358,2022121404001739,UPCL,14,58,100,215.10,21510.00
8358,8359,2022121404001738,SHEL,26,55,10,229.20,2292.00
8359,8360,2022121401003245,NIBPO,49,33,10,210.00,2100.00
8360,8361,2022121401003244,NICA,57,54,117,683.00,79911.00
8361,8362,2022121404001737,BPCL,13,42,11,306.00,3366.00
8362,8363,2022121404001736,HDHPC,46,57,50,176.10,8805.00
8363,8364,2022121401003243,USHEC,45,48,10,251.00,2510.00
8364,8365,2022121403001737,CORBL,57,39,20,275.00,5500.00
8365,8366,2022121404001735,SJCL,34,48,40,235.20,9408.00
8366,8367,2022121401003242,PPL,28,50,10,201.00,2010.00
8367,8368,2022121401003241,PRVU,56,34,63,200.00,12600.00
8368,8369,2022121401003240,PRVU,58,34,20,200.00,4000.00
8369,8370,2022121401003239,PRVU,40,34,50,200.00,10000.00
8370,8371,2022121401003238,PRVU,33,34,67,200.20,13413.40
8371,8372,2022121401003237,BOKL,40,58,30,205.50,6165.00
8372,8373,2022121404001734,NGPL,58,58,10,207.00,2070.00
8373,8374,2022121404001733,NGPL,58,58,30,207.00,6210.00
8374,8375,2022121404001732,NGPL,58,58,140,207.00,28980.00
8375,8376,2022121404001731,NGPL,34,58,50,207.20,10360.00
8376,8377,2022121404001730,NGPL,50,58,40,207.90,8316.00
8377,8378,2022121404001729,NGPL,35,58,150,207.90,31185.00
8378,8379,2022121403001736,HIDCL,54,19,10,165.00,1650.00
8379,8380,2022121403001735,HIDCL,54,32,290,165.00,47850.00
8380,8381,2022121403001734,MNBBL,57,1,20,420.00,8400.00
8381,8382,2022121404001728,UPPER,59,13,500,390.00,195000.00
8382,8383,2022121401003236,USHEC,41,34,10,250.50,2505.00
8383,8384,2022121401003235,NABIL,38,25,11,816.00,8976.00
8384,8385,2022121404001727,PPCL,59,36,200,284.00,56800.00
8385,8386,2022121404001726,PPCL,45,36,100,284.10,28410.00
8386,8387,2022121403001733,KRBL,52,4,50,254.00,12700.00
8387,8388,2022121405000505,MBJC,35,38,10,210.40,2104.00
8388,8389,2022121401003234,RHGCL,22,58,10,205.20,2052.00
8389,8390,2022121402001094,EHPL,57,13,4,233.00,932.00
8390,8391,2022121403001732,NICLBSL,35,4,10,710.10,7101.00
8391,8392,2022121403001731,NICLBSL,43,4,40,710.20,28408.00
8392,8393,2022121401003233,EBL,41,45,10,444.00,4440.00
8393,8394,2022121401003232,SIKLES,6,11,10,375.60,3756.00
8394,8395,2022121401003231,RHGCL,22,29,10,205.20,2052.00
8395,8396,2022121401003230,PPL,28,45,10,201.00,2010.00
8396,8397,2022121404001725,API,26,1,113,208.70,23583.10
8397,8398,2022121401003229,DORDI,33,50,10,231.00,2310.00
8398,8399,2022121404001724,GIMES1,26,34,1000,8.50,8500.00
8399,8400,2022121404001723,UMHL,32,58,80,224.10,17928.00
8400,8401,2022121401003228,SHIVM,58,39,10,549.00,5490.00
8401,8402,2022121403001730,GILB,34,58,43,1135.00,48805.00
8402,8403,2022121402001093,EHPL,57,13,6,233.00,1398.00
8403,8404,2022121403001729,NIFRA,56,36,48,186.00,8928.00
8404,8405,2022121403001728,NIFRA,56,58,52,186.00,9672.00
8405,8406,2022121403001727,SMFDB,41,45,25,1197.00,29925.00
8406,8407,2022121401003227,SHIVM,19,58,50,550.00,27500.00
8407,8408,2022121403001726,GBBL,49,35,13,382.60,4973.80
8408,8409,2022121401003226,NESDO,48,34,10,3290.00,32900.00
8409,8410,2022121403001725,NRIC,48,16,190,700.00,133000.00
8410,8411,2022121401003225,NICA,57,58,51,683.00,34833.00
8411,8412,2022121401003224,SPHL,35,38,10,350.00,3500.00
8412,8413,2022121404001722,BPCL,57,57,80,306.00,24480.00
8413,8414,2022121404001721,BPCL,57,40,588,306.00,179928.00
8414,8415,2022121403001724,NIFRA,35,58,28,186.00,5208.00
8415,8416,2022121403001723,NIFRA,35,57,22,186.00,4092.00
8416,8417,2022121401003223,SHIVM,58,58,40,550.00,22000.00
8417,8418,2022121401003222,SHIVM,58,58,70,550.00,38500.00
8418,8419,2022121401003221,SHIVM,42,58,91,550.00,50050.00
8419,8420,2022121401003220,SHIVM,58,58,10,550.00,5500.00
8420,8421,2022121403001722,FOWAD,39,34,10,2585.30,25853.00
8421,8422,2022121401003219,GVL,53,58,10,309.00,3090.00
8422,8423,2022121401003218,NBL,47,38,52,276.00,14352.00
8423,8424,2022121401003217,NBL,47,45,10,276.00,2760.00
8424,8425,2022121401003216,NABIL,41,51,15,816.00,12240.00
8425,8426,2022121403001721,NICLBSL,48,6,10,714.00,7140.00
8426,8427,2022121403001720,KRBL,14,20,60,255.00,15300.00
8427,8428,2022121401003215,SIKLES,6,42,10,375.60,3756.00
8428,8429,2022121401003214,NMB,42,43,64,232.00,14848.00
8429,8430,2022121401003213,NMB,42,22,19,232.00,4408.00
8430,8431,2022121401003212,NMB,42,33,100,232.00,23200.00
8431,8432,2022121401003211,NMB,42,38,230,232.00,53360.00
8432,8433,2022121401003210,NMB,42,6,587,232.00,136184.00
8433,8434,2022121403001719,GBBL,35,35,14,382.60,5356.40
8434,8435,2022121404001720,CGH,35,58,10,1003.00,10030.00
8435,8436,2022121401003209,SHIVM,38,58,47,552.00,25944.00
8436,8437,2022121401003208,GVL,58,52,10,312.00,3120.00
8437,8438,2022121401003207,GVL,58,42,10,312.00,3120.00
8438,8439,2022121401003206,RHGCL,45,34,20,205.30,4106.00
8439,8440,2022121401003205,NIBPO,6,33,200,210.00,42000.00
8440,8441,2022121403001718,HIDCL,40,32,120,165.00,19800.00
8441,8442,2022121401003204,SCB,34,48,23,400.10,9202.30
8442,8443,2022121401003203,BOKL,11,58,50,205.50,10275.00
8443,8444,2022121401003202,BOKL,32,58,10,205.50,2055.00
8444,8445,2022121403001717,HIDCL,16,32,50,165.00,8250.00
8445,8446,2022121401003201,RFPL,4,58,10,224.00,2240.00
8446,8447,2022121401003200,RHGCL,22,34,180,206.00,37080.00
8447,8448,2022121404001719,AIL,35,48,250,372.10,93025.00
8448,8449,2022121405000504,RULB,42,50,10,875.00,8750.00
8449,8450,2022121401003199,CCBL,13,22,27,188.60,5092.20
8450,8451,2022121401003198,SIKLES,58,59,30,375.60,11268.00
8451,8452,2022121401003197,SHIVM,38,25,53,552.00,29256.00
8452,8453,2022121401003196,LBL,21,10,27,193.00,5211.00
8453,8454,2022121403001716,HIDCL,37,32,200,165.00,33000.00
8454,8455,2022121404001718,RIDI,33,38,200,486.00,97200.00
8455,8456,2022121404001717,RIDI,49,38,100,486.00,48600.00
8456,8457,2022121401003195,AVYAN,38,42,40,704.00,28160.00
8457,8458,2022121401003194,AVYAN,38,49,10,704.00,7040.00
8458,8459,2022121401003193,AVYAN,38,7,10,704.00,7040.00
8459,8460,2022121401003192,GVL,58,16,10,310.00,3100.00
8460,8461,2022121405000503,SAHAS,38,16,10,448.50,4485.00
8461,8462,2022121403001715,GBBL,42,35,20,382.60,7652.00
8462,8463,2022121401003191,PRVU,33,28,100,200.20,20020.00
8463,8464,2022121404001716,RIDI,29,38,200,486.00,97200.00
8464,8465,2022121404001715,TRH,41,21,200,344.00,68800.00
8465,8466,2022121401003190,NABIL,28,58,128,815.90,104435.20
8466,8467,2022121405000502,JALPA,45,47,10,3345.00,33450.00
8467,8468,2022121404001714,NHPC,52,49,212,201.00,42612.00
8468,8469,2022121401003189,SHIVM,56,25,17,552.00,9384.00
8469,8470,2022121401003188,GVL,53,16,10,309.00,3090.00
8470,8471,2022121401003187,MHL,48,58,10,310.00,3100.00
8471,8472,2022121401003186,MHL,48,11,10,310.00,3100.00
8472,8473,2022121401003185,MHL,48,58,10,310.00,3100.00
8473,8474,2022121401003184,MHL,48,34,10,310.00,3100.00
8474,8475,2022121401003183,MHL,48,32,10,310.00,3100.00
8475,8476,2022121403001714,SHINE,48,26,40,332.00,13280.00
8476,8477,2022121405000501,TPC,7,34,10,324.00,3240.00
8477,8478,2022121405000500,TPC,7,58,10,324.00,3240.00
8478,8479,2022121405000499,TPC,7,47,10,323.90,3239.00
8479,8480,2022121405000498,TPC,7,7,10,323.90,3239.00
8480,8481,2022121403001713,GMFBS,34,35,48,802.00,38496.00
8481,8482,2022121404001713,API,44,4,469,208.00,97552.00
8482,8483,2022121401003182,NABIL,42,58,52,815.90,42426.80
8483,8484,2022121404001712,GLH,16,16,10,234.00,2340.00
8484,8485,2022121402001092,PHCL,38,47,10,270.00,2700.00
8485,8486,2022121402001091,PHCL,38,35,10,270.00,2700.00
8486,8487,2022121403001712,NTC,7,11,100,912.00,91200.00
8487,8488,2022121402001090,PHCL,38,58,10,270.00,2700.00
8488,8489,2022121401003181,SHIVM,45,25,30,552.00,16560.00
8489,8490,2022121402001089,PHCL,57,13,1,275.00,275.00
8490,8491,2022121401003180,PRVU,50,47,130,200.80,26104.00
8491,8492,2022121404001711,TRH,41,21,70,344.00,24080.00
8492,8493,2022121401003179,PPL,28,22,10,201.00,2010.00
8493,8494,2022121401003178,GBIME,36,22,71,209.00,14839.00
8494,8495,2022121401003177,GBIME,34,22,10,209.10,2091.00
8495,8496,2022121403001711,NLICL,57,49,16,500.10,8001.60
8496,8497,2022121404001710,SHEL,7,16,10,229.10,2291.00
8497,8498,2022121403001710,NLIC,42,54,320,611.00,195520.00
8498,8499,2022121401003176,RHGCL,29,16,10,207.00,2070.00
8499,8500,2022121401003175,RHGCL,29,16,10,207.00,2070.00
8500,8501,2022121401003174,RHGCL,29,59,10,207.00,2070.00
8501,8502,2022121401003173,RHGCL,29,38,10,207.00,2070.00
8502,8503,2022121401003172,CCBL,13,22,27,188.60,5092.20
8503,8504,2022121402001088,PHCL,57,13,9,275.00,2475.00
8504,8505,2022121404001709,SPDL,8,53,100,260.20,26020.00
8505,8506,2022121403001709,SLBBL,46,1,12,837.00,10044.00
8506,8507,2022121403001708,NTC,38,32,45,910.00,40950.00
8507,8508,2022121403001707,HIDCL,56,32,44,165.00,7260.00
8508,8509,2022121403001706,DDBL,58,14,10,1050.00,10500.00
8509,8510,2022121403001705,DDBL,58,43,10,1042.00,10420.00
8510,8511,2022121403001704,DDBL,58,56,10,1041.00,10410.00
8511,8512,2022121404001708,API,44,50,100,208.00,20800.00
8512,8513,2022121403001703,HIDCL,46,32,12,165.00,1980.00
8513,8514,2022121405000497,JALPA,38,46,10,3345.00,33450.00
8514,8515,2022121401003171,BHDC,47,52,150,351.00,52650.00
8515,8516,2022121401003170,BHDC,47,52,100,351.00,35100.00
8516,8517,2022121403001702,NMFBS,53,32,100,2005.00,200500.00
8517,8518,2022121405000496,MBJC,46,16,10,210.00,2100.00
8518,8519,2022121404001707,OHL,20,22,39,486.00,18954.00
8519,8520,2022121401003169,HDL,21,45,10,3830.00,38300.00
8520,8521,2022121401003168,SGHC,17,34,10,250.10,2501.00
8521,8522,2022121401003167,HHL,21,56,40,216.90,8676.00
8522,8523,2022121401003166,HHL,21,58,10,216.50,2165.00
8523,8524,2022121403001701,NIFRA,16,4,80,185.00,14800.00
8524,8525,2022121401003165,NABIL,32,58,10,815.90,8159.00
8525,8526,2022121403001700,NMFBS,41,32,24,2005.00,48120.00
8526,8527,2022121404001706,API,44,28,123,208.00,25584.00
8527,8528,2022121404001705,API,34,28,74,208.00,15392.00
8528,8529,2022121404001704,API,20,28,200,208.10,41620.00
8529,8530,2022121404001703,API,43,28,50,208.10,10405.00
8530,8531,2022121404001702,API,41,28,504,208.20,104932.80
8531,8532,2022121404001701,API,22,28,39,208.30,8123.70
8532,8533,2022121404001700,API,7,28,10,208.40,2084.00
8533,8534,2022121404001699,UMHL,57,41,500,226.30,113150.00
8534,8535,2022121403001699,NTC,49,14,100,910.00,91000.00
8535,8536,2022121401003164,RFPL,4,45,10,224.00,2240.00
8536,8537,2022121403001698,NLIC,33,54,13,611.00,7943.00
8537,8538,2022121401003163,DORDI,59,56,300,233.00,69900.00
8538,8539,2022121403001697,NMFBS,7,22,22,1999.00,43978.00
8539,8540,2022121403001696,NMFBS,52,22,20,2000.00,40000.00
8540,8541,2022121402001087,PHCL,58,21,10,270.00,2700.00
8541,8542,2022121403001695,CIT,21,45,40,1855.00,74200.00
8542,8543,2022121401003162,HDL,50,34,10,3830.00,38300.00
8543,8544,2022121404001698,GLH,36,16,10,233.00,2330.00
8544,8545,2022121404001697,CGH,35,32,10,1003.00,10030.00
8545,8546,2022121403001694,NMFBS,20,32,380,2005.00,761900.00
8546,8547,2022121403001693,NMFBS,20,53,20,2004.00,40080.00
8547,8548,2022121403001692,DDBL,58,43,191,1040.00,198640.00
8548,8549,2022121403001691,DDBL,58,59,10,1040.00,10400.00
8549,8550,2022121403001690,DDBL,58,56,30,1040.00,31200.00
8550,8551,2022121403001689,DDBL,58,56,50,1040.00,52000.00
8551,8552,2022121403001688,DDBL,58,19,300,1040.00,312000.00
8552,8553,2022121403001687,DDBL,58,50,30,1040.00,31200.00
8553,8554,2022121403001686,DDBL,58,32,100,1039.90,103990.00
8554,8555,2022121403001685,NLIC,57,54,167,611.00,102037.00
8555,8556,2022121403001684,NLIC,57,22,33,610.00,20130.00
8556,8557,2022121404001696,RIDI,19,56,500,486.00,243000.00
8557,8558,2022121401003161,AVYAN,38,6,10,702.00,7020.00
8558,8559,2022121401003160,BHDC,47,52,100,351.00,35100.00
8559,8560,2022121401003159,SIKLES,58,42,10,375.60,3756.00
8560,8561,2022121403001683,DDBL,58,57,92,1039.00,95588.00
8561,8562,2022121403001682,DDBL,58,34,100,1039.00,103900.00
8562,8563,2022121403001681,DDBL,58,58,100,1039.00,103900.00
8563,8564,2022121403001680,DDBL,58,57,78,1039.00,81042.00
8564,8565,2022121403001679,DDBL,58,17,30,1039.00,31170.00
8565,8566,2022121401003158,NABIL,42,58,250,815.90,203975.00
8566,8567,2022121403001678,NTC,48,11,100,911.00,91100.00
8567,8568,2022121405000495,JBLB,6,14,20,2735.00,54700.00
8568,8569,2022121405000494,JBLB,51,14,10,2736.00,27360.00
8569,8570,2022121401003157,SIKLES,58,41,10,375.60,3756.00
8570,8571,2022121405000493,SAHAS,38,16,10,448.50,4485.00
8571,8572,2022121403001677,DDBL,58,17,220,1039.00,228580.00
8572,8573,2022121403001676,DDBL,58,41,200,1038.90,207780.00
8573,8574,2022121403001675,DDBL,58,32,80,1038.90,83112.00
8574,8575,2022121404001695,UPPER,6,4,400,389.00,155600.00
8575,8576,2022121404001694,UPPER,45,4,200,389.10,77820.00
8576,8577,2022121401003156,BHDC,47,52,150,351.00,52650.00
8577,8578,2022121405000492,SAHAS,38,48,10,448.50,4485.00
8578,8579,2022121404001693,UIC,41,58,10,340.00,3400.00
8579,8580,2022121401003155,RFPL,4,16,10,224.00,2240.00
8580,8581,2022121404001692,UMHL,41,20,200,226.00,45200.00
8581,8582,2022121404001691,UMHL,41,58,980,226.00,221480.00
8582,8583,2022121404001690,UMHL,41,55,20,226.00,4520.00
8583,8584,2022121404001689,UMHL,41,19,310,226.00,70060.00
8584,8585,2022121404001688,CGH,56,49,10,1005.00,10050.00
8585,8586,2022121404001687,CGH,56,41,10,1005.00,10050.00
8586,8587,2022121401003154,NABIL,42,51,20,815.50,16310.00
8587,8588,2022121403001674,NABBC,49,25,20,363.20,7264.00
8588,8589,2022121401003153,RFPL,4,21,10,224.00,2240.00
8589,8590,2022121403001673,NMFBS,14,32,100,2005.00,200500.00
8590,8591,2022121401003152,NICA,14,41,37,684.00,25308.00
8591,8592,2022121401003151,NICA,14,45,63,684.00,43092.00
8592,8593,2022121401003150,KDBY,42,57,100,8.16,816.00
8593,8594,2022121404001686,RADHI,45,38,50,218.00,10900.00
8594,8595,2022121401003149,BHDC,47,52,250,351.00,87750.00
8595,8596,2022121404001685,HURJA,46,29,20,201.90,4038.00
8596,8597,2022121401003148,PPL,28,16,10,201.00,2010.00
8597,8598,2022121404001684,UMHL,41,36,500,225.90,112950.00
8598,8599,2022121405000491,MBJC,35,58,10,213.50,2135.00
8599,8600,2022121405000490,MBJC,35,16,100,213.40,21340.00
8600,8601,2022121404001683,TRH,41,21,230,344.00,79120.00
8601,8602,2022121404001682,TRH,41,58,10,340.90,3409.00
8602,8603,2022121403001672,NRIC,59,16,67,700.00,46900.00
8603,8604,2022121403001671,NRIC,59,32,23,700.00,16100.00
8604,8605,2022121403001670,NRIC,59,17,10,700.00,7000.00
8605,8606,2022121401003147,AVYAN,38,49,10,702.00,7020.00
8606,8607,2022121403001669,MNBBL,59,29,10,420.50,4205.00
8607,8608,2022121401003146,DORDI,33,55,10,231.00,2310.00
8608,8609,2022121404001681,NHDL,34,37,850,316.00,268600.00
8609,8610,2022121404001680,NHDL,45,37,150,316.10,47415.00
8610,8611,2022121403001668,GUFL,58,34,675,522.00,352350.00
8611,8612,2022121403001667,GUFL,58,38,50,521.90,26095.00
8612,8613,2022121404001679,UMHL,41,25,200,225.00,45000.00
8613,8614,2022121401003145,CYCL,34,41,10,2486.20,24862.00
8614,8615,2022121403001666,KRBL,52,4,250,254.00,63500.00
8615,8616,2022121404001678,UNHPL,41,36,50,188.00,9400.00
8616,8617,2022121404001677,TRH,41,45,10,339.00,3390.00
8617,8618,2022121404001676,RIDI,38,38,65,485.00,31525.00
8618,8619,2022121404001675,RIDI,49,38,45,485.00,21825.00
8619,8620,2022121404001674,RIDI,57,38,10,485.00,4850.00
8620,8621,2022121404001673,RIDI,3,38,10,485.00,4850.00
8621,8622,2022121404001672,RIDI,13,38,165,485.00,80025.00
8622,8623,2022121404001671,RIDI,4,38,205,485.10,99445.50
8623,8624,2022121401003144,PPL,50,8,10,201.30,2013.00
8624,8625,2022121404001670,PICL,44,41,11,340.20,3742.20
8625,8626,2022121403001665,NLICL,59,20,100,501.00,50100.00
8626,8627,2022121401003143,SHIVM,32,41,25,552.00,13800.00
8627,8628,2022121401003142,SHIVM,32,56,300,552.00,165600.00
8628,8629,2022121401003141,SHIVM,32,50,500,552.00,276000.00
8629,8630,2022121401003140,SHIVM,32,58,1000,551.90,551900.00
8630,8631,2022121401003139,SHIVM,32,11,100,551.40,55140.00
8631,8632,2022121401003138,SHIVM,32,33,75,551.00,41325.00
8632,8633,2022121405000489,SLI,34,16,10,331.50,3315.00
8633,8634,2022121401003137,NABIL,34,58,12,815.90,9790.80
8634,8635,2022121403001664,CBBL,57,6,162,1108.00,179496.00
8635,8636,2022121403001663,SLBBL,46,58,63,837.00,52731.00
8636,8637,2022121401003136,NABIL,42,58,4,815.00,3260.00
8637,8638,2022121401003135,NABIL,42,20,57,815.00,46455.00
8638,8639,2022121401003134,NABIL,51,20,30,815.00,24450.00
8639,8640,2022121401003133,NABIL,14,20,20,815.00,16300.00
8640,8641,2022121401003132,NABIL,1,20,10,815.00,8150.00
8641,8642,2022121401003131,NABIL,41,20,110,815.00,89650.00
8642,8643,2022121401003130,NABIL,8,20,18,815.00,14670.00
8643,8644,2022121401003129,NABIL,55,20,120,815.00,97800.00
8644,8645,2022121401003128,NABIL,32,20,30,815.00,24450.00
8645,8646,2022121401003127,NABIL,39,20,210,815.00,171150.00
8646,8647,2022121401003126,NABIL,16,20,395,815.10,321964.50
8647,8648,2022121403001662,HIDCL,7,32,100,165.00,16500.00
8648,8649,2022121404001669,AKPL,35,37,290,343.80,99702.00
8649,8650,2022121404001668,AKPL,36,37,150,343.80,51570.00
8650,8651,2022121404001667,AKPL,58,37,500,343.90,171950.00
8651,8652,2022121404001666,AKPL,56,37,50,344.00,17200.00
8652,8653,2022121404001665,AKPL,58,37,10,344.00,3440.00
8653,8654,2022121405000488,MBJC,56,58,10,210.00,2100.00
8654,8655,2022121405000487,MBJC,56,25,10,210.00,2100.00
8655,8656,2022121403001661,RMDC,57,28,26,951.00,24726.00
8656,8657,2022121401003125,SBI,46,22,23,277.00,6371.00
8657,8658,2022121405000486,MBJC,13,16,10,209.10,2091.00
8658,8659,2022121403001660,NFS,49,33,20,255.90,5118.00
8659,8660,2022121403001659,DDBL,56,32,10,1038.90,10389.00
8660,8661,2022121403001658,DDBL,56,25,20,1038.80,20776.00
8661,8662,2022121401003124,AVYAN,38,21,10,702.00,7020.00
8662,8663,2022121405000485,SAHAS,58,58,10,450.00,4500.00
8663,8664,2022121404001664,RIDI,14,56,500,486.00,243000.00
8664,8665,2022121404001663,RIDI,14,56,500,486.00,243000.00
8665,8666,2022121403001657,ILBS,26,45,200,853.00,170600.00
8666,8667,2022121403001656,ILBS,14,45,10,853.00,8530.00
8667,8668,2022121403001655,ILBS,41,45,16,853.00,13648.00
8668,8669,2022121403001654,ILBS,41,45,16,853.00,13648.00
8669,8670,2022121403001653,ILBS,14,45,95,855.00,81225.00
8670,8671,2022121403001652,ILBS,41,45,10,855.00,8550.00
8671,8672,2022121403001651,ILBS,14,45,50,855.00,42750.00
8672,8673,2022121403001650,ILBS,58,45,12,856.00,10272.00
8673,8674,2022121403001649,ILBS,44,45,10,857.00,8570.00
8674,8675,2022121401003123,NICA,48,45,25,684.00,17100.00
8675,8676,2022121401003122,HHL,58,45,10,216.20,2162.00
8676,8677,2022121401003121,HHL,58,25,10,215.00,2150.00
8677,8678,2022121401003120,SHIVM,58,1,50,550.00,27500.00
8678,8679,2022121401003119,SHIVM,58,38,40,549.50,21980.00
8679,8680,2022121401003118,NABIL,1,54,10,815.50,8155.00
8680,8681,2022121401003117,RFPL,4,6,10,224.00,2240.00
8681,8682,2022121403001648,KSBBL,57,49,45,306.00,13770.00
8682,8683,2022121403001647,KSBBL,57,41,200,306.00,61200.00
8683,8684,2022121403001646,KSBBL,57,56,230,305.90,70357.00
8684,8685,2022121404001662,NHPC,52,34,500,201.00,100500.00
8685,8686,2022121401003116,SIKLES,34,6,10,375.50,3755.00
8686,8687,2022121401003115,SIKLES,34,42,200,375.50,75100.00
8687,8688,2022121401003114,SIKLES,34,35,10,375.50,3755.00
8688,8689,2022121401003113,SIKLES,34,35,10,375.00,3750.00
8689,8690,2022121401003112,SIKLES,34,58,10,375.00,3750.00
8690,8691,2022121401003111,HBL,57,53,20,327.00,6540.00
8691,8692,2022121403001645,GUFL,45,20,50,521.80,26090.00
8692,8693,2022121401003110,NABIL,58,58,13,815.90,10606.70
8693,8694,2022121403001644,JFL,56,21,10,380.10,3801.00
8694,8695,2022121402001086,PHCL,58,58,4,270.00,1080.00
8695,8696,2022121404001661,TRH,41,41,50,336.00,16800.00
8696,8697,2022121404001660,NGPL,35,38,50,207.90,10395.00
8697,8698,2022121401003109,MEGA,33,16,58,193.50,11223.00
8698,8699,2022121401003108,SGHC,7,6,10,250.50,2505.00
8699,8700,2022121404001659,BARUN,58,45,210,202.00,42420.00
8700,8701,2022121404001658,UMHL,4,25,50,225.00,11250.00
8701,8702,2022121404001657,UPPER,49,32,30,390.00,11700.00
8702,8703,2022121404001656,RIDI,13,58,335,485.00,162475.00
8703,8704,2022121404001655,RIDI,35,58,100,485.20,48520.00
8704,8705,2022121404001654,RIDI,25,58,65,485.20,31538.00
8705,8706,2022121401003107,NABIL,58,58,25,815.90,20397.50
8706,8707,2022121403001643,MFIL,6,59,112,416.10,46603.20
8707,8708,2022121404001653,RIDI,25,58,135,485.20,65502.00
8708,8709,2022121404001652,RIDI,14,58,241,485.30,116957.30
8709,8710,2022121404001651,RIDI,43,58,124,485.40,60189.60
8710,8711,2022121403001642,MLBL,21,55,55,341.00,18755.00
8711,8712,2022121404001650,JOSHI,58,34,13,187.00,2431.00
8712,8713,2022121401003106,HBL,35,17,215,327.90,70498.50
8713,8714,2022121401003105,HBL,35,13,250,327.80,81950.00
8714,8715,2022121401003104,USHEC,56,32,10,250.00,2500.00
8715,8716,2022121401003103,USHEC,56,43,10,250.00,2500.00
8716,8717,2022121401003102,USHEC,56,16,10,250.00,2500.00
8717,8718,2022121401003101,USHEC,56,22,10,250.00,2500.00
8718,8719,2022121403001641,BFC,29,58,14,306.00,4284.00
8719,8720,2022121401003100,BHDC,47,52,100,351.00,35100.00
8720,8721,2022121401003099,BHDC,47,52,150,351.00,52650.00
8721,8722,2022121401003098,BHDC,47,52,70,351.00,24570.00
8722,8723,2022121404001649,HDHPC,50,14,100,176.30,17630.00
8723,8724,2022121401003097,SGHC,59,55,300,255.50,76650.00
8724,8725,2022121401003096,SBL,29,45,48,311.00,14928.00
8725,8726,2022121401003095,SHIVM,50,1,50,550.00,27500.00
8726,8727,2022121401003094,NABIL,21,58,10,815.90,8159.00
8727,8728,2022121401003093,RHGCL,22,45,10,205.50,2055.00
8728,8729,2022121404001648,RBCL,22,50,10,12640.00,126400.00
8729,8730,2022121403001640,MNBBL,57,28,117,420.00,49140.00
8730,8731,2022121401003092,RHGCL,22,6,10,205.50,2055.00
8731,8732,2022121404001647,RIDI,43,58,76,485.40,36890.40
8732,8733,2022121404001646,RIDI,36,58,100,485.40,48540.00
8733,8734,2022121404001645,RIDI,51,58,104,485.50,50492.00
8734,8735,2022121404001644,RIDI,42,58,50,485.50,24275.00
8735,8736,2022121404001643,RIDI,58,58,80,485.50,38840.00
8736,8737,2022121404001642,RIDI,42,58,50,485.60,24280.00
8737,8738,2022121404001641,RIDI,17,58,10,485.60,4856.00
8738,8739,2022121404001640,AHPC,46,56,12,268.90,3226.80
8739,8740,2022121401003091,SIKLES,58,40,10,373.10,3731.00
8740,8741,2022121401003090,CZBIL,16,14,1503,179.50,269788.50
8741,8742,2022121401003089,PPL,50,32,10,201.30,2013.00
8742,8743,2022121401003088,AVYAN,38,54,10,702.00,7020.00
8743,8744,2022121401003087,PRVU,33,45,33,200.20,6606.60
8744,8745,2022121401003086,RFPL,4,6,10,224.00,2240.00
8745,8746,2022121403001639,NRIC,44,7,20,699.00,13980.00
8746,8747,2022121403001638,NRIC,44,33,100,699.00,69900.00
8747,8748,2022121403001637,NRIC,44,39,40,699.00,27960.00
8748,8749,2022121403001636,NRIC,44,19,100,698.90,69890.00
8749,8750,2022121403001635,GILB,34,58,12,1135.00,13620.00
8750,8751,2022121403001634,GILB,34,5,11,1135.00,12485.00
8751,8752,2022121403001633,GILB,34,7,15,1134.00,17010.00
8752,8753,2022121401003085,PCBL,42,45,133,225.00,29925.00
8753,8754,2022121401003084,PCBL,42,32,67,225.00,15075.00
8754,8755,2022121401003083,NABIL,33,56,100,815.90,81590.00
8755,8756,2022121401003082,NICA,49,45,30,684.00,20520.00
8756,8757,2022121401003081,HBL,1,35,12,325.00,3900.00
8757,8758,2022121401003080,SGHC,25,55,10,255.50,2555.00
8758,8759,2022121401003079,SGHC,25,41,10,255.00,2550.00
8759,8760,2022121401003078,SGHC,25,45,10,255.00,2550.00
8760,8761,2022121401003077,SGHC,25,48,10,253.00,2530.00
8761,8762,2022121401003076,SGHC,25,49,10,252.10,2521.00
8762,8763,2022121401003075,SGHC,25,55,10,252.00,2520.00
8763,8764,2022121401003074,SGHC,25,21,10,251.00,2510.00
8764,8765,2022121401003073,SGHC,25,38,10,251.00,2510.00
8765,8766,2022121404001639,HDHPC,59,25,100,176.00,17600.00
8766,8767,2022121402001085,PHCL,42,58,5,270.00,1350.00
8767,8768,2022121401003072,SGHC,7,34,10,250.50,2505.00
8768,8769,2022121403001632,JFL,56,21,10,373.30,3733.00
8769,8770,2022121401003071,USHEC,10,35,10,248.10,2481.00
8770,8771,2022121401003070,SIKLES,58,40,10,373.10,3731.00
8771,8772,2022121404001638,UPCL,18,46,10,217.00,2170.00
8772,8773,2022121405000484,MBJC,13,57,10,209.20,2092.00
8773,8774,2022121401003069,NBL,52,45,151,276.00,41676.00
8774,8775,2022121401003068,NBL,52,38,349,276.00,96324.00
8775,8776,2022121401003067,NBL,57,38,130,276.00,35880.00
8776,8777,2022121403001631,GFCL,42,42,450,449.90,202455.00
8777,8778,2022121403001630,GFCL,42,38,50,449.00,22450.00
8778,8779,2022121403001629,JBBL,25,38,22,277.00,6094.00
8779,8780,2022121403001628,JBBL,58,38,18,278.00,5004.00
8780,8781,2022121403001627,JBBL,50,38,60,278.10,16686.00
8781,8782,2022121404001637,AHPC,42,56,100,268.90,26890.00
8782,8783,2022121401003066,SGHC,7,49,10,250.50,2505.00
8783,8784,2022121404001636,HDHPC,58,14,10,176.30,1763.00
8784,8785,2022121401003065,NABIL,38,56,100,815.90,81590.00
8785,8786,2022121404001635,UPPER,49,46,40,390.00,15600.00
8786,8787,2022121404001634,UPPER,49,13,112,390.00,43680.00
8787,8788,2022121404001633,NICL,56,32,200,420.00,84000.00
8788,8789,2022121401003064,SIKLES,58,58,10,374.50,3745.00
8789,8790,2022121401003063,NABIL,4,56,15,815.90,12238.50
8790,8791,2022121405000483,SLI,22,44,10,331.50,3315.00
8791,8792,2022121404001632,PPCL,36,7,10,285.00,2850.00
8792,8793,2022121403001626,SADBL,D01,46,50,300.00,15000.00
8793,8794,2022121401003062,GVL,50,35,10,310.00,3100.00
8794,8795,2022121401003061,GVL,50,38,10,310.00,3100.00
8795,8796,2022121401003060,GVL,50,21,10,310.00,3100.00
8796,8797,2022121401003059,GVL,50,44,10,310.00,3100.00
8797,8798,2022121401003058,GVL,50,19,10,310.00,3100.00
8798,8799,2022121401003057,GVL,50,56,10,310.00,3100.00
8799,8800,2022121401003056,GVL,50,41,25,310.00,7750.00
8800,8801,2022121403001625,NLICL,49,54,1800,500.00,900000.00
8801,8802,2022121403001624,NLICL,34,54,200,500.10,100020.00
8802,8803,2022121403001623,GMFBS,57,42,14,795.00,11130.00
8803,8804,2022121405000482,SLI,13,38,20,337.50,6750.00
8804,8805,2022121405000481,SLI,13,38,30,337.40,10122.00
8805,8806,2022121405000480,SLI,13,7,10,337.00,3370.00
8806,8807,2022121405000479,SLI,13,58,10,337.00,3370.00
8807,8808,2022121405000478,SLI,13,6,10,335.00,3350.00
8808,8809,2022121405000477,SLI,13,7,10,335.00,3350.00
8809,8810,2022121405000476,SLI,13,21,10,333.00,3330.00
8810,8811,2022121401003055,BOKL,57,19,40,207.00,8280.00
8811,8812,2022121401003054,SANIMA,42,56,200,224.00,44800.00
8812,8813,2022121403001622,NLIC,1,28,100,612.00,61200.00
8813,8814,2022121401003053,BOKL,38,4,100,205.50,20550.00
8814,8815,2022121401003052,BOKL,26,4,145,205.60,29812.00
8815,8816,2022121401003051,BOKL,58,4,24,205.70,4936.80
8816,8817,2022121403001621,NIFRA,26,57,18,187.00,3366.00
8817,8818,2022121401003050,NICA,8,45,10,684.00,6840.00
8818,8819,2022121405000475,MBJC,13,38,10,209.30,2093.00
8819,8820,2022121401003049,SIKLES,58,49,10,373.10,3731.00
8820,8821,2022121403001620,NIFRA,26,17,64,187.00,11968.00
8821,8822,2022121403001619,NIFRA,26,57,10,187.00,1870.00
8822,8823,2022121403001618,NIFRA,26,25,29,187.00,5423.00
8823,8824,2022121403001617,NIFRA,26,42,250,187.00,46750.00
8824,8825,2022121403001616,NIFRA,26,34,54,187.00,10098.00
8825,8826,2022121403001615,NIFRA,26,34,64,187.00,11968.00
8826,8827,2022121403001614,NIFRA,26,34,511,187.00,95557.00
8827,8828,2022121403001613,GUFL,48,50,10,517.20,5172.00
8828,8829,2022121401003048,NCCB,45,17,70,182.90,12803.00
8829,8830,2022121403001612,GBLBS,57,41,10,588.00,5880.00
8830,8831,2022121403001611,KRBL,52,29,200,253.90,50780.00
8831,8832,2022121404001631,HURJA,50,58,20,198.00,3960.00
8832,8833,2022121401003047,GVL,42,41,375,310.00,116250.00
8833,8834,2022121401003046,GVL,42,58,10,310.00,3100.00
8834,8835,2022121401003045,GVL,42,54,65,309.90,20143.50
8835,8836,2022121401003044,GVL,42,58,10,309.80,3098.00
8836,8837,2022121403001610,NIFRA,26,34,133,187.00,24871.00
8837,8838,2022121403001609,NIFRA,26,21,60,187.00,11220.00
8838,8839,2022121403001608,NIFRA,26,34,54,187.00,10098.00
8839,8840,2022121403001607,NIFRA,26,49,64,187.00,11968.00
8840,8841,2022121403001606,NIFRA,26,49,32,187.00,5984.00
8841,8842,2022121403001605,NIFRA,26,16,800,187.00,149600.00
8842,8843,2022121403001604,NIFRA,26,41,54,187.00,10098.00
8843,8844,2022121403001603,NIFRA,26,21,64,187.00,11968.00
8844,8845,2022121403001602,NIFRA,26,58,50,186.50,9325.00
8845,8846,2022121403001601,NIFRA,26,45,500,186.50,93250.00
8846,8847,2022121403001600,NIFRA,26,18,64,186.50,11936.00
8847,8848,2022121403001599,NIFRA,26,14,20,186.40,3728.00
8848,8849,2022121403001598,NIFRA,26,36,16,186.00,2976.00
8849,8850,2022121401003043,DLBS,54,42,10,432.20,4322.00
8850,8851,2022121401003042,CZBIL,35,34,130,180.00,23400.00
8851,8852,2022121401003041,CZBIL,11,34,44,180.00,7920.00
8852,8853,2022121401003040,CZBIL,45,34,50,180.00,9000.00
8853,8854,2022121401003039,CZBIL,16,34,37,180.00,6660.00
8854,8855,2022121405000474,JBLB,6,58,10,2735.00,27350.00
8855,8856,2022121401003038,NESDO,42,57,10,3315.00,33150.00
8856,8857,2022121401003037,SHIVM,34,36,300,550.00,165000.00
8857,8858,2022121401003036,SHIVM,34,57,100,550.00,55000.00
8858,8859,2022121401003035,SHIVM,34,35,11,550.00,6050.00
8859,8860,2022121404001630,HDHPC,59,36,100,176.00,17600.00
8860,8861,2022121404001629,HDHPC,59,5,28,176.00,4928.00
8861,8862,2022121404001628,HDHPC,59,21,115,176.00,20240.00
8862,8863,2022121401003034,UHEWA,33,6,10,347.00,3470.00
8863,8864,2022121404001627,UPPER,49,22,55,390.00,21450.00
8864,8865,2022121404001626,UPPER,49,22,38,390.00,14820.00
8865,8866,2022121403001597,GBBL,28,13,300,382.50,114750.00
8866,8867,2022121401003033,GVL,56,53,10,309.00,3090.00
8867,8868,2022121401003032,GVL,56,58,10,309.00,3090.00
8868,8869,2022121401003031,GVL,56,56,10,309.00,3090.00
8869,8870,2022121401003030,GVL,56,58,10,309.00,3090.00
8870,8871,2022121401003029,GVL,56,59,10,309.00,3090.00
8871,8872,2022121401003028,GVL,56,49,100,309.00,30900.00
8872,8873,2022121404001625,HDHPC,50,21,160,176.00,28160.00
8873,8874,2022121404001624,HDHPC,50,56,400,175.90,70360.00
8874,8875,2022121404001623,SIL,55,42,20,493.00,9860.00
8875,8876,2022121403001596,NTC,19,42,90,913.00,82170.00
8876,8877,2022121403001595,MNBBL,51,45,14,420.00,5880.00
8877,8878,2022121404001622,SIL,55,39,10,492.00,4920.00
8878,8879,2022121401003027,BHDC,47,52,180,351.00,63180.00
8879,8880,2022121401003026,BHL,22,7,10,247.20,2472.00
8880,8881,2022121401003025,GVL,50,21,10,308.00,3080.00
8881,8882,2022121401003024,GVL,50,44,10,308.00,3080.00
8882,8883,2022121403001594,SADBL,D01,46,150,300.00,45000.00
8883,8884,2022121403001593,RSDC,41,22,10,533.90,5339.00
8884,8885,2022121403001592,GUFL,58,51,38,521.00,19798.00
8885,8886,2022121403001591,GUFL,58,48,72,521.00,37512.00
8886,8887,2022121403001590,GUFL,58,21,90,520.90,46881.00
8887,8888,2022121401003023,SIKLES,58,6,10,373.10,3731.00
8888,8889,2022121401003022,BHDC,47,52,150,351.00,52650.00
8889,8890,2022121403001589,NLICL,38,20,210,501.00,105210.00
8890,8891,2022121401003021,SBL,49,51,871,311.00,270881.00
8891,8892,2022121401003020,SBL,49,45,15,310.90,4663.50
8892,8893,2022121403001588,NIFRA,16,35,62,185.00,11470.00
8893,8894,2022121405000473,MBJC,13,7,10,209.40,2094.00
8894,8895,2022121401003019,NICFC,39,49,100,7.73,773.00
8895,8896,2022121403001587,HIDCL,53,32,84,165.00,13860.00
8896,8897,2022121403001586,NRIC,14,48,18,695.00,12510.00
8897,8898,2022121401003018,PPL,50,6,10,201.30,2013.00
8898,8899,2022121401003017,BHDC,47,52,150,351.00,52650.00
8899,8900,2022121401003016,HDL,51,34,10,3830.00,38300.00
8900,8901,2022121403001585,FMDBL,56,20,41,710.00,29110.00
8901,8902,2022121403001584,FMDBL,56,29,74,710.00,52540.00
8902,8903,2022121403001583,FMDBL,56,19,15,710.00,10650.00
8903,8904,2022121404001621,KPCL,45,25,230,311.00,71530.00
8904,8905,2022121403001582,NLBBL,43,52,22,810.00,17820.00
8905,8906,2022121403001581,NTC,45,35,131,912.00,119472.00
8906,8907,2022121403001580,NTC,45,58,122,912.00,111264.00
8907,8908,2022121403001579,NTC,45,29,20,912.00,18240.00
8908,8909,2022121404001620,SHL,49,37,500,221.80,110900.00
8909,8910,2022121404001619,SHL,49,44,100,221.00,22100.00
8910,8911,2022121404001618,SHL,49,22,240,220.50,52920.00
8911,8912,2022121404001617,SHL,49,1,100,220.30,22030.00
8912,8913,2022121401003015,ADBL,45,54,200,313.00,62600.00
8913,8914,2022121401003014,ADBL,45,45,102,313.00,31926.00
8914,8915,2022121403001578,MLBL,40,55,40,341.00,13640.00
8915,8916,2022121403001577,NADEP,7,43,20,671.30,13426.00
8916,8917,2022121403001576,NADEP,16,43,200,671.40,134280.00
8917,8918,2022121403001575,NADEP,39,43,70,675.00,47250.00
8918,8919,2022121403001574,NADEP,22,43,10,676.00,6760.00
8919,8920,2022121401003013,NABIL,56,56,278,815.90,226820.20
8920,8921,2022121401003012,NABIL,56,55,74,815.80,60369.20
8921,8922,2022121401003011,NABIL,56,25,45,815.80,36711.00
8922,8923,2022121401003010,NABIL,56,54,93,815.70,75860.10
8923,8924,2022121401003009,USHEC,10,4,10,248.10,2481.00
8924,8925,2022121401003008,BHDC,47,52,20,351.00,7020.00
8925,8926,2022121401003007,BHDC,47,57,10,351.00,3510.00
8926,8927,2022121401003006,BHDC,47,57,10,351.00,3510.00
8927,8928,2022121401003005,BHDC,47,32,10,351.00,3510.00
8928,8929,2022121401003004,BHDC,47,52,50,350.90,17545.00
8929,8930,2022121401003003,SGHC,7,25,10,250.50,2505.00
8930,8931,2022121403001573,GUFL,48,50,10,517.20,5172.00
8931,8932,2022121404001616,AKPL,16,54,945,344.00,325080.00
8932,8933,2022121404001615,AKPL,58,54,55,344.10,18925.50
8933,8934,2022121405000472,MLBS,4,1,10,985.20,9852.00
8934,8935,2022121405000471,MKLB,38,6,10,815.00,8150.00
8935,8936,2022121403001572,JFL,45,58,84,369.20,31012.80
8936,8937,2022121404001614,UMHL,39,4,14,224.00,3136.00
8937,8938,2022121403001571,MLBL,58,55,43,341.00,14663.00
8938,8939,2022121403001570,MLBL,58,34,100,341.00,34100.00
8939,8940,2022121403001569,MLBL,58,32,10,341.00,3410.00
8940,8941,2022121401003002,BOKL,16,19,28,207.00,5796.00
8941,8942,2022121401003001,BHDC,47,52,100,350.90,35090.00
8942,8943,2022121401003000,RHGCL,45,32,10,205.30,2053.00
8943,8944,2022121401002999,CCBL,53,58,60,188.70,11322.00
8944,8945,2022121404001613,RHPL,38,56,100,249.90,24990.00
8945,8946,2022121403001568,NTC,45,33,20,910.00,18200.00
8946,8947,2022121403001567,NTC,45,17,170,910.00,154700.00
8947,8948,2022121403001566,NRIC,14,42,15,695.00,10425.00
8948,8949,2022121403001565,NRIC,45,42,25,696.00,17400.00
8949,8950,2022121404001612,SJCL,48,16,90,239.90,21591.00
8950,8951,2022121403001564,SWMF,41,4,34,705.70,23993.80
8951,8952,2022121403001563,NUBL,17,57,40,890.00,35600.00
8952,8953,2022121403001562,NUBL,17,8,10,890.00,8900.00
8953,8954,2022121401002998,NABIL,35,54,20,815.70,16314.00
8954,8955,2022121402001084,EHPL,55,35,10,237.60,2376.00
8955,8956,2022121401002997,BHDC,47,52,150,350.90,52635.00
8956,8957,2022121403001561,CORBL,34,58,250,274.00,68500.00
8957,8958,2022121403001560,SWMF,43,4,10,706.00,7060.00
8958,8959,2022121403001559,DDBL,56,25,10,1038.80,10388.00
8959,8960,2022121404001611,RIDI,58,29,80,485.50,38840.00
8960,8961,2022121404001610,SJCL,48,16,100,239.70,23970.00
8961,8962,2022121401002996,NBL,34,38,320,276.00,88320.00
8962,8963,2022121402001083,EHPL,55,59,10,237.60,2376.00
8963,8964,2022121404001609,SHL,56,32,200,220.00,44000.00
8964,8965,2022121401002995,PRVU,58,45,10,200.20,2002.00
8965,8966,2022121403001558,SMFDB,42,20,50,1200.00,60000.00
8966,8967,2022121404001608,SJCL,48,7,10,239.60,2396.00
8967,8968,2022121403001557,RLFL,43,58,125,292.00,36500.00
8968,8969,2022121401002994,LBL,8,44,240,192.30,46152.00
8969,8970,2022121404001607,JOSHI,6,58,13,186.00,2418.00
8970,8971,2022121404001606,JOSHI,6,48,87,186.00,16182.00
8971,8972,2022121401002993,BHDC,47,52,150,350.90,52635.00
8972,8973,2022121403001556,MLBSL,38,34,15,3990.00,59850.00
8973,8974,2022121401002992,GVL,42,58,10,307.10,3071.00
8974,8975,2022121403001555,JFL,56,21,10,373.30,3733.00
8975,8976,2022121401002991,BHDC,47,25,100,350.80,35080.00
8976,8977,2022121401002990,SCB,16,4,58,400.00,23200.00
8977,8978,2022121401002989,SCB,22,4,10,400.10,4001.00
8978,8979,2022121402001082,EHPL,55,59,10,237.60,2376.00
8979,8980,2022121404001605,AKPL,38,25,70,345.00,24150.00
8980,8981,2022121404001604,AKPL,38,54,134,344.50,46163.00
8981,8982,2022121404001603,AIL,11,41,100,372.00,37200.00
8982,8983,2022121401002988,NABIL,8,54,50,815.70,40785.00
8983,8984,2022121401002987,BHDC,47,52,150,350.90,52635.00
8984,8985,2022121404001602,AKJCL,50,58,17,170.00,2890.00
8985,8986,2022121403001554,RSDC,34,4,152,530.00,80560.00
8986,8987,2022121401002986,BOKL,33,19,100,207.00,20700.00
8987,8988,2022121404001601,NGPL,49,58,250,208.90,52225.00
8988,8989,2022121401002985,BHDC,47,52,250,350.90,87725.00
8989,8990,2022121401002984,NICA,57,34,96,683.00,65568.00
8990,8991,2022121403001553,NICLBSL,35,1,10,710.10,7101.00
8991,8992,2022121405000470,BNHC,58,58,20,323.00,6460.00
8992,8993,2022121405000469,BNHC,17,58,15,323.00,4845.00
8993,8994,2022121405000468,BNHC,13,58,10,323.10,3231.00
8994,8995,2022121405000467,BNHC,13,58,10,323.20,3232.00
8995,8996,2022121405000466,BNHC,34,58,10,323.30,3233.00
8996,8997,2022121405000465,BNHC,13,58,10,323.30,3233.00
8997,8998,2022121403001552,NLIC,28,59,1000,613.90,613900.00
8998,8999,2022121403001551,NLIC,28,58,10,613.00,6130.00
8999,9000,2022121403001550,NLIC,28,48,50,610.00,30500.00
9000,9001,2022121403001549,NLIC,28,57,66,610.00,40260.00
9001,9002,2022121403001548,NLIC,28,49,20,610.00,12200.00
9002,9003,2022121403001547,NLIC,28,17,30,610.00,18300.00
9003,9004,2022121403001546,NLIC,28,57,301,609.50,183459.50
9004,9005,2022121401002983,PCBL,56,32,10,225.00,2250.00
9005,9006,2022121401002982,KDBY,33,49,100,8.10,810.00
9006,9007,2022121404001600,RHPL,38,33,100,249.90,24990.00
9007,9008,2022121404001599,RHPL,38,45,150,249.50,37425.00
9008,9009,2022121404001598,AKPL,28,54,100,344.50,34450.00
9009,9010,2022121401002981,PPL,50,1,10,201.30,2013.00
9010,9011,2022121401002980,CZBIL,16,58,13,180.00,2340.00
9011,9012,2022121401002979,BHDC,47,52,50,350.80,17540.00
9012,9013,2022121401002978,SHIVM,49,35,100,550.00,55000.00
9013,9014,2022121405000464,SAHAS,39,58,10,448.00,4480.00
9014,9015,2022121401002977,SIKLES,34,49,10,373.00,3730.00
9015,9016,2022121403001545,HIDCL,7,32,100,165.00,16500.00
9016,9017,2022121401002976,SANIMA,22,56,10,224.00,2240.00
9017,9018,2022121401002975,SANIMA,25,56,30,224.00,6720.00
9018,9019,2022121401002974,NABIL,1,11,53,815.50,43221.50
9019,9020,2022121401002973,NABIL,1,6,36,815.50,29358.00
9020,9021,2022121401002972,USHEC,10,48,10,248.10,2481.00
9021,9022,2022121401002971,CCBL,53,1,64,188.70,12076.80
9022,9023,2022121403001544,HIDCL,53,1,26,164.60,4279.60
9023,9024,2022121403001543,HIDCL,41,1,50,164.70,8235.00
9024,9025,2022121401002970,RFPL,57,38,10,224.00,2240.00
9025,9026,2022121404001597,PIC,55,4,12,520.10,6241.20
9026,9027,2022121401002969,SBL,49,22,29,310.00,8990.00
9027,9028,2022121401002968,SHIVM,48,35,89,550.00,48950.00
9028,9029,2022121401002967,SHIVM,48,13,50,550.00,27500.00
9029,9030,2022121401002966,SHIVM,48,21,100,550.00,55000.00
9030,9031,2022121401002965,SHIVM,48,58,120,550.00,66000.00
9031,9032,2022121401002964,SHIVM,48,58,641,549.90,352485.90
9032,9033,2022121404001596,UPPER,1,13,18,390.00,7020.00
9033,9034,2022121404001595,UPPER,26,13,88,390.00,34320.00
9034,9035,2022121401002963,BHDC,47,52,250,350.80,87700.00
9035,9036,2022121403001542,NRN,22,48,10,400.00,4000.00
9036,9037,2022121403001541,DDBL,58,33,100,1038.00,103800.00
9037,9038,2022121403001540,DDBL,58,44,100,1037.00,103700.00
9038,9039,2022121403001539,DDBL,58,39,250,1036.90,259225.00
9039,9040,2022121404001594,KPCL,13,53,10,315.20,3152.00
9040,9041,2022121404001593,KPCL,21,53,10,315.30,3153.00
9041,9042,2022121404001592,KPCL,13,53,10,315.30,3153.00
9042,9043,2022121404001591,KPCL,13,53,10,315.40,3154.00
9043,9044,2022121404001590,KPCL,13,53,10,315.50,3155.00
9044,9045,2022121401002962,SBL,49,28,960,310.00,297600.00
9045,9046,2022121403001538,NMBMF,34,4,10,650.00,6500.00
9046,9047,2022121401002961,SBL,1,28,40,310.00,12400.00
9047,9048,2022121401002960,GBIME,36,50,45,209.00,9405.00
9048,9049,2022121404001589,AKPL,50,25,30,345.00,10350.00
9049,9050,2022121405000463,SLI,38,45,60,331.60,19896.00
9050,9051,2022121405000462,SLI,25,45,38,332.00,12616.00
9051,9052,2022121404001588,CHCL,6,45,21,387.00,8127.00
9052,9053,2022121401002959,BHDC,47,52,100,350.80,35080.00
9053,9054,2022121401002958,SIKLES,34,41,10,375.00,3750.00
9054,9055,2022121401002957,SIKLES,34,49,100,375.00,37500.00
9055,9056,2022121401002956,SIKLES,34,45,10,375.00,3750.00
9056,9057,2022121401002955,SIKLES,34,42,10,374.00,3740.00
9057,9058,2022121401002954,SIKLES,34,6,10,374.00,3740.00
9058,9059,2022121403001537,NIFRA,16,38,45,185.00,8325.00
9059,9060,2022121401002953,CCBL,22,58,139,188.70,26229.30
9060,9061,2022121401002952,BOKL,16,58,22,206.10,4534.20
9061,9062,2022121403001536,NMBMF,34,4,17,650.00,11050.00
9062,9063,2022121403001535,NMBMF,34,4,10,650.00,6500.00
9063,9064,2022121403001534,NMBMF,41,4,54,650.00,35100.00
9064,9065,2022121403001533,NMBMF,20,4,50,652.00,32600.00
9065,9066,2022121401002951,NMB,8,58,19,230.00,4370.00
9066,9067,2022121404001587,AHPC,55,56,10,268.90,2689.00
9067,9068,2022121401002950,HDL,42,56,10,3830.00,38300.00
9068,9069,2022121403001532,DDBL,11,39,100,1036.90,103690.00
9069,9070,2022121403001531,SWMF,26,35,10,720.00,7200.00
9070,9071,2022121401002949,RHGCL,45,58,10,205.10,2051.00
9071,9072,2022121401002948,SPHL,35,14,10,350.00,3500.00
9072,9073,2022121404001586,AKJCL,50,7,30,170.00,5100.00
9073,9074,2022121404001585,AKJCL,38,7,20,170.00,3400.00
9074,9075,2022121401002947,CBL,14,10,450,212.00,95400.00
9075,9076,2022121401002946,SANIMA,26,41,10,225.00,2250.00
9076,9077,2022121401002945,SBI,33,4,10,274.20,2742.00
9077,9078,2022121401002944,BHDC,47,52,190,350.80,66652.00
9078,9079,2022121401002943,RHGCL,13,19,10,206.00,2060.00
9079,9080,2022121401002942,SBI,5,22,15,277.00,4155.00
9080,9081,2022121405000461,RULB,58,53,13,880.00,11440.00
9081,9082,2022121401002941,GBIME,38,50,35,209.00,7315.00
9082,9083,2022121403001530,NMFBS,26,32,10,2005.00,20050.00
9083,9084,2022121401002940,MHL,50,57,10,307.80,3078.00
9084,9085,2022121404001584,KPCL,13,58,10,315.60,3156.00
9085,9086,2022121403001529,NUBL,57,8,20,890.00,17800.00
9086,9087,2022121401002939,GBIME,26,50,10,209.00,2090.00
9087,9088,2022121403001528,BFC,29,58,100,306.00,30600.00
9088,9089,2022121403001527,BFC,45,58,86,306.00,26316.00
9089,9090,2022121403001526,NIFRA,16,7,50,185.00,9250.00
9090,9091,2022121401002938,SBI,33,4,21,274.20,5758.20
9091,9092,2022121401002937,SBI,34,4,20,274.30,5486.00
9092,9093,2022121401002936,RHGCL,13,49,10,206.00,2060.00
9093,9094,2022121401002935,BHDC,47,52,260,350.80,91208.00
9094,9095,2022121401002934,BHDC,47,25,200,350.80,70160.00
9095,9096,2022121401002933,BHDC,47,45,10,350.00,3500.00
9096,9097,2022121401002932,BHDC,47,47,30,350.00,10500.00
9097,9098,2022121403001525,SMFDB,22,20,200,1198.00,239600.00
9098,9099,2022121403001524,SMFDB,41,20,100,1199.00,119900.00
9099,9100,2022121404001583,API,26,1,10,208.70,2087.00
9100,9101,2022121404001582,NICL,56,16,450,424.00,190800.00
9101,9102,2022121405000460,SLI,25,58,10,332.00,3320.00
9102,9103,2022121402001081,PHCL,28,14,10,270.00,2700.00
9103,9104,2022121401002931,SHIVM,32,58,359,549.90,197414.10
9104,9105,2022121401002930,GVL,42,58,10,306.90,3069.00
9105,9106,2022121404001581,RIDI,1,58,30,487.00,14610.00
9106,9107,2022121401002929,GBIME,34,50,20,209.00,4180.00
9107,9108,2022121401002928,CBL,14,19,1000,212.00,212000.00
9108,9109,2022121401002927,CBL,14,53,50,212.00,10600.00
9109,9110,2022121401002926,CBL,14,22,50,212.00,10600.00
9110,9111,2022121401002925,CBL,14,16,134,212.00,28408.00
9111,9112,2022121403001523,SLBBL,51,43,10,839.00,8390.00
9112,9113,2022121403001522,GILB,14,58,85,1130.00,96050.00
9113,9114,2022121403001521,NLIC,29,4,282,609.00,171738.00
9114,9115,2022121404001580,NGPL,26,58,10,208.90,2089.00
9115,9116,2022121401002924,AVYAN,58,58,10,700.00,7000.00
9116,9117,2022121401002923,BHDC,47,47,10,350.00,3500.00
9117,9118,2022121401002922,BHDC,47,58,10,350.00,3500.00
9118,9119,2022121401002921,BHDC,47,49,10,350.00,3500.00
9119,9120,2022121401002920,BHDC,47,54,10,350.00,3500.00
9120,9121,2022121401002919,BHDC,47,57,10,350.00,3500.00
9121,9122,2022121401002918,BHDC,47,55,10,350.00,3500.00
9122,9123,2022121401002917,BHDC,47,39,230,349.90,80477.00
9123,9124,2022121401002916,BHDC,47,16,50,349.00,17450.00
9124,9125,2022121401002915,BHDC,47,26,10,346.00,3460.00
9125,9126,2022121401002914,GBIME,55,57,33,208.10,6867.30
9126,9127,2022121403001520,MNBBL,26,45,10,420.00,4200.00
9127,9128,2022121404001579,BPCL,51,33,20,305.00,6100.00
9128,9129,2022121404001578,SHL,16,32,800,220.00,176000.00
9129,9130,2022121404001577,SHL,16,42,100,220.00,22000.00
9130,9131,2022121404001576,SHL,16,59,100,220.00,22000.00
9131,9132,2022121404001575,SICL,58,4,2,760.00,1520.00
9132,9133,2022121404001574,SICL,44,4,30,760.00,22800.00
9133,9134,2022121404001573,SICL,51,4,20,760.00,15200.00
9134,9135,2022121403001519,NIFRA,16,34,18,185.00,3330.00
9135,9136,2022121401002913,NIB,16,4,501,218.10,109268.10
9136,9137,2022121403001518,CIT,21,45,50,1860.00,93000.00
9137,9138,2022121403001517,DDBL,56,45,10,1037.00,10370.00
9138,9139,2022121401002912,SHIVM,32,57,85,549.90,46741.50
9139,9140,2022121403001516,HIDCL,33,45,77,166.00,12782.00
9140,9141,2022121403001515,HIDCL,33,49,23,166.00,3818.00
9141,9142,2022121403001514,HIDCL,33,19,100,166.00,16600.00
9142,9143,2022121401002911,SHIVM,32,58,500,549.90,274950.00
9143,9144,2022121401002910,SHIVM,32,42,14,549.90,7698.60
9144,9145,2022121401002909,SHIVM,32,41,90,549.40,49446.00
9145,9146,2022121401002908,SHIVM,32,51,10,549.00,5490.00
9146,9147,2022121401002907,SHIVM,32,58,249,549.00,136701.00
9147,9148,2022121403001513,NLICL,38,51,190,501.00,95190.00
9148,9149,2022121403001512,NLIC,29,44,40,609.00,24360.00
9149,9150,2022121403001511,NLIC,29,26,60,609.00,36540.00
9150,9151,2022121403001510,NLIC,29,58,15,609.00,9135.00
9151,9152,2022121404001572,PICL,44,34,50,340.20,17010.00
9152,9153,2022121401002906,BHL,19,49,10,247.10,2471.00
9153,9154,2022121401002905,HHL,56,19,10,213.90,2139.00
9154,9155,2022121403001509,NABBC,28,43,10,356.10,3561.00
9155,9156,2022121405000459,SLI,38,58,10,331.60,3316.00
9156,9157,2022121403001508,SKBBL,26,58,45,1115.00,50175.00
9157,9158,2022121401002904,NABIL,53,6,14,815.50,11417.00
9158,9159,2022121402001080,EHPL,55,19,10,237.60,2376.00
9159,9160,2022121403001507,MMFDB,4,4,10,867.00,8670.00
9160,9161,2022121403001506,HIDCL,16,58,100,164.50,16450.00
9161,9162,2022121404001571,UPPER,49,39,300,391.00,117300.00
9162,9163,2022121404001570,UPPER,49,1,100,391.00,39100.00
9163,9164,2022121404001569,UPPER,49,48,95,391.00,37145.00
9164,9165,2022121401002903,SGHC,7,42,10,250.50,2505.00
9165,9166,2022121404001568,SHL,58,34,1000,219.30,219300.00
9166,9167,2022121401002902,GBIME,55,8,102,208.10,21226.20
9167,9168,2022121405000458,NYADI,34,8,10,270.00,2700.00
9168,9169,2022121403001505,MMFDB,4,4,37,867.00,32079.00
9169,9170,2022121403001504,MMFDB,51,4,50,870.00,43500.00
9170,9171,2022121401002901,KBL,38,45,100,185.00,18500.00
9171,9172,2022121401002900,SCB,5,45,10,400.90,4009.00
9172,9173,2022121405000457,JBLB,22,4,4,2700.00,10800.00
9173,9174,2022121402001079,PHCL,58,57,10,270.00,2700.00
9174,9175,2022121403001503,ALICL,41,41,11,506.00,5566.00
9175,9176,2022121405000456,SAHAS,39,58,10,448.00,4480.00
9176,9177,2022121404001567,SHPC,4,47,200,271.50,54300.00
9177,9178,2022121404001566,HEI,58,45,300,361.00,108300.00
9178,9179,2022121404001565,HEI,34,45,200,361.10,72220.00
9179,9180,2022121401002899,HHL,56,19,10,213.90,2139.00
9180,9181,2022121403001502,MERO,41,4,42,757.00,31794.00
9181,9182,2022121403001501,MERO,26,4,39,758.00,29562.00
9182,9183,2022121403001500,MERO,49,4,39,759.00,29601.00
9183,9184,2022121403001499,SLBBL,51,43,10,839.00,8390.00
9184,9185,2022121401002898,AVYAN,50,43,40,700.00,28000.00
9185,9186,2022121401002897,BHL,19,58,10,247.10,2471.00
9186,9187,2022121403001498,ICFC,52,57,137,425.20,58252.40
9187,9188,2022121405000455,JALPA,34,21,10,3340.00,33400.00
9188,9189,2022121401002896,NESDO,14,53,10,3315.00,33150.00
9189,9190,2022121404001564,RIDI,58,38,40,485.50,19420.00
9190,9191,2022121404001563,RIDI,21,38,10,485.50,4855.00
9191,9192,2022121404001562,RIDI,56,38,50,485.60,24280.00
9192,9193,2022121401002895,KBL,33,4,115,184.50,21217.50
9193,9194,2022121401002894,CCBL,32,19,14,189.00,2646.00
9194,9195,2022121401002893,NABIL,42,6,10,815.50,8155.00
9195,9196,2022121401002892,SBI,5,22,15,277.00,4155.00
9196,9197,2022121405000454,JALPA,22,47,10,3330.00,33300.00
9197,9198,2022121405000453,JALPA,58,47,23,3330.00,76590.00
9198,9199,2022121405000452,JALPA,6,47,10,3330.00,33300.00
9199,9200,2022121405000451,JALPA,42,47,20,3330.00,66600.00
9200,9201,2022121405000450,JALPA,49,47,10,3333.00,33330.00
9201,9202,2022121405000449,JALPA,39,47,20,3335.00,66700.00
9202,9203,2022121405000448,JALPA,49,47,40,3335.00,133400.00
9203,9204,2022121405000447,JALPA,45,47,25,3335.00,83375.00
9204,9205,2022121405000446,JALPA,48,47,10,3335.00,33350.00
9205,9206,2022121405000445,JALPA,38,47,12,3336.00,40032.00
9206,9207,2022121401002891,NABIL,56,6,40,815.50,32620.00
9207,9208,2022121401002890,NABIL,56,6,60,815.50,48930.00
9208,9209,2022121403001497,VLBS,42,28,13,820.00,10660.00
9209,9210,2022121403001496,ICFC,52,49,30,425.20,12756.00
9210,9211,2022121403001495,NRIC,43,50,11,697.00,7667.00
9211,9212,2022121401002889,CZBIL,16,25,950,180.00,171000.00
9212,9213,2022121401002888,CZBIL,38,25,100,180.10,18010.00
9213,9214,2022121401002887,CZBIL,25,25,150,180.10,27015.00
9214,9215,2022121403001494,SADBL,D01,34,38,300.00,11400.00
9215,9216,2022121405000444,SLI,38,1,10,331.60,3316.00
9216,9217,2022121401002886,SIKLES,58,35,10,372.20,3722.00
9217,9218,2022121401002885,GBIMEP,44,39,27298,121.00,3303058.00
9218,9219,2022121403001493,NIFRA,55,8,10,185.00,1850.00
9219,9220,2022121405000443,SAHAS,39,1,10,448.00,4480.00
9220,9221,2022121403001492,NLICL,41,51,10,501.00,5010.00
9221,9222,2022121404001561,UPCL,14,16,30,215.10,6453.00
9222,9223,2022121401002884,AVYAN,50,53,10,700.00,7000.00
9223,9224,2022121401002883,AVYAN,50,42,50,700.00,35000.00
9224,9225,2022121401002882,NIB,6,56,322,219.90,70807.80
9225,9226,2022121403001491,NIFRA,55,1,40,185.00,7400.00
9226,9227,2022121401002881,SBL,7,45,185,310.90,57516.50
9227,9228,2022121405000442,SLI,38,19,10,331.60,3316.00
9228,9229,2022121401002880,NBL,45,38,10,276.00,2760.00
9229,9230,2022121404001560,RMF1,19,49,2000,7.65,15300.00
9230,9231,2022121403001490,BFC,45,58,350,306.00,107100.00
9231,9232,2022121403001489,BFC,11,58,70,307.00,21490.00
9232,9233,2022121403001488,NTC,54,11,10,908.00,9080.00
9233,9234,2022121403001487,NIFRA,1,8,52,186.00,9672.00
9234,9235,2022121403001486,CHDC,56,54,10,651.00,6510.00
9235,9236,2022121401002879,SPHL,35,59,10,350.00,3500.00
9236,9237,2022121401002878,SANIMA,55,41,75,225.00,16875.00
9237,9238,2022121401002877,SANIMA,55,17,25,225.00,5625.00
9238,9239,2022121405000441,ENL,8,19,10,577.50,5775.00
9239,9240,2022121401002876,GVL,42,49,10,306.90,3069.00
9240,9241,2022121405000440,MBJC,3,58,130,210.00,27300.00
9241,9242,2022121404001559,GHL,22,58,30,192.10,5763.00
9242,9243,2022121403001485,SIFC,45,51,11,302.00,3322.00
9243,9244,2022121404001558,AHPC,55,49,20,267.00,5340.00
9244,9245,2022121401002875,GBIME,55,58,140,208.10,29134.00
9245,9246,2022121403001484,DDBL,58,33,40,1036.00,41440.00
9246,9247,2022121403001483,DDBL,58,32,100,1035.80,103580.00
9247,9248,2022121403001482,DDBL,58,43,300,1035.00,310500.00
9248,9249,2022121403001481,DDBL,58,29,10,1035.00,10350.00
9249,9250,2022121403001480,MLBSL,57,36,20,4000.00,80000.00
9250,9251,2022121404001557,SJCL,58,20,37,238.00,8806.00
9251,9252,2022121404001556,HDHPC,50,56,200,174.60,34920.00
9252,9253,2022121401002874,PPL,58,14,10,202.00,2020.00
9253,9254,2022121401002873,GBIME,49,8,10,210.50,2105.00
9254,9255,2022121401002872,SBI,59,34,34,275.00,9350.00
9255,9256,2022121401002871,SBI,47,34,16,275.00,4400.00
9256,9257,2022121404001555,HDHPC,46,34,320,175.00,56000.00
9257,9258,2022121401002870,NESDO,38,41,10,3310.00,33100.00
9258,9259,2022121401002869,NESDO,38,56,20,3310.00,66200.00
9259,9260,2022121402001078,EHPL,55,35,10,237.60,2376.00
9260,9261,2022121404001554,SHPC,17,57,200,271.00,54200.00
9261,9262,2022121404001553,AHPC,49,49,22,267.00,5874.00
9262,9263,2022121405000439,MBJC,11,58,100,210.20,21020.00
9263,9264,2022121405000438,MBJC,3,58,70,210.40,14728.00
9264,9265,2022121405000437,MBJC,13,58,10,210.50,2105.00
9265,9266,2022121405000436,MBJC,13,58,10,210.60,2106.00
9266,9267,2022121405000435,MBJC,13,58,10,210.70,2107.00
9267,9268,2022121405000434,MBJC,14,58,50,211.00,10550.00
9268,9269,2022121405000433,MBJC,41,58,120,211.10,25332.00
9269,9270,2022121401002868,KDBY,33,58,100,8.10,810.00
9270,9271,2022121403001479,GFCL,4,53,64,445.00,28480.00
9271,9272,2022121401002867,BOKL,16,59,400,206.10,82440.00
9272,9273,2022121401002866,SBL,7,10,115,310.00,35650.00
9273,9274,2022121404001552,API,22,28,382,208.30,79570.60
9274,9275,2022121404001551,API,48,28,250,208.40,52100.00
9275,9276,2022121404001550,API,33,28,25,208.60,5215.00
9276,9277,2022121403001478,KSBBL,43,33,50,304.60,15230.00
9277,9278,2022121404001549,KPCL,13,43,10,315.70,3157.00
9278,9279,2022121403001477,GBBL,35,6,11,382.00,4202.00
9279,9280,2022121404001548,RBCL,10,33,10,12625.00,126250.00
9280,9281,2022121403001476,CBBL,38,17,30,1105.00,33150.00
9281,9282,2022121403001475,CBBL,38,17,50,1105.00,55250.00
9282,9283,2022121403001474,CBBL,58,17,10,1105.00,11050.00
9283,9284,2022121403001473,CBBL,50,17,15,1106.00,16590.00
9284,9285,2022121403001472,CBBL,4,17,25,1106.00,27650.00
9285,9286,2022121403001471,CBBL,58,17,43,1106.00,47558.00
9286,9287,2022121403001470,CBBL,51,17,15,1107.00,16605.00
9287,9288,2022121401002865,HDL,45,53,20,3830.00,76600.00
9288,9289,2022121404001547,SSHL,5,6,50,169.00,8450.00
9289,9290,2022121404001546,SSHL,35,6,13,169.00,2197.00
9290,9291,2022121404001545,SSHL,41,6,450,169.00,76050.00
9291,9292,2022121401002864,NABIL,49,3,79,815.00,64385.00
9292,9293,2022121401002863,NABIL,4,3,270,815.00,220050.00
9293,9294,2022121401002862,NABIL,33,6,10,815.50,8155.00
9294,9295,2022121401002861,HHL,41,49,10,216.00,2160.00
9295,9296,2022121404001544,RHPL,19,1,10,246.00,2460.00
9296,9297,2022121401002860,SBL,58,10,335,310.00,103850.00
9297,9298,2022121401002859,CYCL,34,32,10,2486.20,24862.00
9298,9299,2022121401002858,NABIL,4,25,330,815.00,268950.00
9299,9300,2022121401002857,NABIL,51,25,10,815.00,8150.00
9300,9301,2022121401002856,NABIL,4,25,600,815.00,489000.00
9301,9302,2022121401002855,NABIL,4,25,60,815.00,48900.00
9302,9303,2022121405000432,SAHAS,56,45,140,450.00,63000.00
9303,9304,2022121405000431,SAHAS,56,58,10,450.00,4500.00
9304,9305,2022121405000430,SAHAS,56,46,10,450.00,4500.00
9305,9306,2022121405000429,SAHAS,56,35,10,450.00,4500.00
9306,9307,2022121401002854,PPL,58,58,10,202.00,2020.00
9307,9308,2022121404001543,HDHPC,50,52,240,174.60,41904.00
9308,9309,2022121404001542,RHPL,5,44,50,250.00,12500.00
9309,9310,2022121404001541,RHPL,5,58,750,249.90,187425.00
9310,9311,2022121404001540,RHPL,5,49,500,249.50,124750.00
9311,9312,2022121404001539,RHPL,5,45,200,248.50,49700.00
9312,9313,2022121401002853,SPHL,35,7,10,350.00,3500.00
9313,9314,2022121404001538,API,32,1,65,208.70,13565.50
9314,9315,2022121404001537,UPPER,6,13,382,390.00,148980.00
9315,9316,2022121401002852,BHDC,47,50,10,344.30,3443.00
9316,9317,2022121401002851,DORDI,45,50,10,230.00,2300.00
9317,9318,2022121401002850,NIB,16,16,90,218.10,19629.00
9318,9319,2022121401002849,HHL,41,49,10,216.00,2160.00
9319,9320,2022121401002848,HHL,41,57,10,216.00,2160.00
9320,9321,2022121401002847,HHL,41,58,10,216.00,2160.00
9321,9322,2022121401002846,HHL,41,58,10,216.00,2160.00
9322,9323,2022121401002845,HHL,41,50,10,216.00,2160.00
9323,9324,2022121404001536,RADHI,16,48,80,218.00,17440.00
9324,9325,2022121404001535,RADHI,16,1,10,218.00,2180.00
9325,9326,2022121401002844,SANIMA,25,53,20,224.00,4480.00
9326,9327,2022121404001534,SSHL,58,6,500,169.10,84550.00
9327,9328,2022121402001077,EHPL,55,47,10,237.60,2376.00
9328,9329,2022121403001469,NLIC,58,58,14,609.00,8526.00
9329,9330,2022121403001468,GFCL,45,53,15,447.00,6705.00
9330,9331,2022121403001467,MNBBL,32,45,100,420.00,42000.00
9331,9332,2022121403001466,ALBSL,51,17,10,915.20,9152.00
9332,9333,2022121401002843,HHL,41,55,10,215.00,2150.00
9333,9334,2022121401002842,HHL,41,46,10,215.00,2150.00
9334,9335,2022121403001465,NICLBSL,35,57,10,710.10,7101.00
9335,9336,2022121403001464,HIDCL,36,4,335,164.40,55074.00
9336,9337,2022121403001463,HIDCL,58,4,300,165.00,49500.00
9337,9338,2022121401002841,SIKLES,17,41,10,372.10,3721.00
9338,9339,2022121401002840,SHIVM,58,58,25,549.00,13725.00
9339,9340,2022121403001462,NICLBSL,35,53,10,710.10,7101.00
9340,9341,2022121405000428,NYADI,34,14,10,270.00,2700.00
9341,9342,2022121403001461,GFCL,45,53,10,447.00,4470.00
9342,9343,2022121404001533,NGPL,4,34,100,208.80,20880.00
9343,9344,2022121404001532,RADHI,32,1,90,218.00,19620.00
9344,9345,2022121404001531,RADHI,32,6,10,218.00,2180.00
9345,9346,2022121404001530,HDHPC,41,52,760,174.60,132696.00
9346,9347,2022121403001460,NADEP,16,42,25,680.00,17000.00
9347,9348,2022121403001459,NADEP,16,6,100,680.00,68000.00
9348,9349,2022121404001529,RURU,56,13,10,740.00,7400.00
9349,9350,2022121403001458,RMDC,35,28,60,951.00,57060.00
9350,9351,2022121405000427,SLI,38,19,10,331.60,3316.00
9351,9352,2022121401002839,HDL,45,53,30,3830.00,114900.00
9352,9353,2022121401002838,HDL,34,53,20,3830.00,76600.00
9353,9354,2022121401002837,PRVU,25,43,8,200.00,1600.00
9354,9355,2022121401002836,PRVU,25,48,12,200.00,2400.00
9355,9356,2022121403001457,MSLB,38,45,10,1030.00,10300.00
9356,9357,2022121401002835,SANIMA,57,17,20,225.00,4500.00
9357,9358,2022121401002834,UHEWA,14,53,10,346.00,3460.00
9358,9359,2022121401002833,UHEWA,14,55,155,346.00,53630.00
9359,9360,2022121403001456,PROFL,33,49,20,286.00,5720.00
9360,9361,2022121404001528,HPPL,22,4,60,242.20,14532.00
9361,9362,2022121401002832,SHIVM,10,58,20,549.00,10980.00
9362,9363,2022121401002831,USHEC,7,58,10,249.00,2490.00
9363,9364,2022121401002830,USHEC,7,35,10,249.00,2490.00
9364,9365,2022121403001455,CHDC,56,7,10,651.00,6510.00
9365,9366,2022121401002829,GVL,29,58,100,307.50,30750.00
9366,9367,2022121401002828,GVL,29,38,10,307.00,3070.00
9367,9368,2022121401002827,GVL,29,57,10,307.00,3070.00
9368,9369,2022121401002826,HDL,49,59,5,3830.00,19150.00
9369,9370,2022121401002825,HDL,50,59,10,3830.00,38300.00
9370,9371,2022121401002824,SHIVM,42,58,60,549.00,32940.00
9371,9372,2022121403001454,GBLBS,48,4,10,588.00,5880.00
9372,9373,2022121403001453,GBBL,45,35,70,382.60,26782.00
9373,9374,2022121403001452,HIDCL,32,19,100,166.00,16600.00
9374,9375,2022121401002823,NESDO,59,42,10,3285.00,32850.00
9375,9376,2022121404001527,SHPC,40,47,300,271.50,81450.00
9376,9377,2022121404001526,SHPC,40,28,700,271.50,190050.00
9377,9378,2022121403001451,NTC,25,17,30,910.00,27300.00
9378,9379,2022121403001450,NTC,25,42,50,910.00,45500.00
9379,9380,2022121403001449,NTC,25,42,40,910.00,36400.00
9380,9381,2022121403001448,GLBSL,43,33,53,772.00,40916.00
9381,9382,2022121401002822,PRVU,58,45,10,200.20,2002.00
9382,9383,2022121401002821,NICA,39,53,10,681.10,6811.00
9383,9384,2022121403001447,GILB,14,4,86,1130.00,97180.00
9384,9385,2022121403001446,NRIC,56,45,10,697.00,6970.00
9385,9386,2022121401002820,ADBL,32,45,100,313.00,31300.00
9386,9387,2022121404001525,SHL,58,32,123,220.00,27060.00
9387,9388,2022121401002819,HDL,56,59,25,3830.00,95750.00
9388,9389,2022121401002818,UHEWA,57,51,10,345.00,3450.00
9389,9390,2022121401002817,BOKL,8,19,13,207.00,2691.00
9390,9391,2022121401002816,GBIME,55,4,100,208.10,20810.00
9391,9392,2022121404001524,STC,56,13,20,3600.00,72000.00
9392,9393,2022121404001523,NHPC,52,4,72,199.10,14335.20
9393,9394,2022121401002815,NCCB,1,53,10,181.30,1813.00
9394,9395,2022121401002814,NCCB,4,53,200,181.30,36260.00
9395,9396,2022121403001445,NADEP,42,19,10,680.00,6800.00
9396,9397,2022121403001444,NIFRA,1,19,14,186.00,2604.00
9397,9398,2022121401002813,SANIMA,53,17,10,225.00,2250.00
9398,9399,2022121403001443,NIFRA,1,45,56,186.00,10416.00
9399,9400,2022121403001442,SMFDB,58,49,1000,1199.00,1199000.00
9400,9401,2022121403001441,ALBSL,42,50,10,925.00,9250.00
9401,9402,2022121401002812,SIKLES,34,36,10,372.00,3720.00
9402,9403,2022121403001440,MNBBL,32,45,20,420.00,8400.00
9403,9404,2022121401002811,RHGCL,13,46,10,206.00,2060.00
9404,9405,2022121405000426,NYADI,34,41,10,270.00,2700.00
9405,9406,2022121403001439,FMDBL,34,22,30,707.00,21210.00
9406,9407,2022121403001438,FMDBL,42,22,20,707.00,14140.00
9407,9408,2022121401002810,GBIME,35,8,20,210.50,4210.00
9408,9409,2022121401002809,SIKLES,34,8,10,372.00,3720.00
9409,9410,2022121403001437,NLIC,55,58,20,609.00,12180.00
9410,9411,2022121404001522,RHPL,41,36,30,248.00,7440.00
9411,9412,2022121404001521,UPPER,6,42,118,390.00,46020.00
9412,9413,2022121404001520,UPPER,58,42,10,390.00,3900.00
9413,9414,2022121404001519,UPPER,6,42,102,390.00,39780.00
9414,9415,2022121404001518,UPPER,57,42,10,390.00,3900.00
9415,9416,2022121404001517,UPPER,11,42,110,390.00,42900.00
9416,9417,2022121404001516,UPPER,6,42,500,390.10,195050.00
9417,9418,2022121404001515,UPPER,1,42,150,390.20,58530.00
9418,9419,2022121404001514,NHPC,46,4,100,199.00,19900.00
9419,9420,2022121405000425,MBJC,14,19,10,211.00,2110.00
9420,9421,2022121401002808,SHIVM,53,58,35,549.00,19215.00
9421,9422,2022121401002807,SIKLES,34,36,10,372.00,3720.00
9422,9423,2022121404001513,HDHPC,45,34,120,175.00,21000.00
9423,9424,2022121404001512,SHL,58,32,177,220.00,38940.00
9424,9425,2022121404001511,SHL,58,16,500,220.00,110000.00
9425,9426,2022121404001510,SHL,58,40,1000,220.00,220000.00
9426,9427,2022121404001509,SHL,58,17,200,220.00,44000.00
9427,9428,2022121401002806,CBL,32,4,10,211.50,2115.00
9428,9429,2022121401002805,NBL,32,35,26,275.00,7150.00
9429,9430,2022121401002804,NBL,34,35,224,275.00,61600.00
9430,9431,2022121401002803,HDL,56,59,10,3830.00,38300.00
9431,9432,2022121403001436,NIFRA,1,42,250,186.00,46500.00
9432,9433,2022121403001435,NIFRA,1,13,64,186.00,11904.00
9433,9434,2022121403001434,NIFRA,1,49,64,186.00,11904.00
9434,9435,2022121403001433,NIFRA,1,7,100,186.00,18600.00
9435,9436,2022121403001432,NIFRA,1,58,10,186.00,1860.00
9436,9437,2022121403001431,NIFRA,1,56,24,186.00,4464.00
9437,9438,2022121401002802,SIKLES,34,36,10,372.00,3720.00
9438,9439,2022121403001430,NTC,55,42,10,910.00,9100.00
9439,9440,2022121403001429,RMDC,32,28,100,951.00,95100.00
9440,9441,2022121401002801,NABIL,16,28,50,815.00,40750.00
9441,9442,2022121401002800,NABIL,16,13,55,815.00,44825.00
9442,9443,2022121401002799,PRVU,58,45,10,200.20,2002.00
9443,9444,2022121404001508,SSHL,17,6,500,169.10,84550.00
9444,9445,2022121404001507,RIDI,38,26,20,485.60,9712.00
9445,9446,2022121404001506,RIDI,57,26,18,486.00,8748.00
9446,9447,2022121405000424,JBLB,6,28,17,2733.00,46461.00
9447,9448,2022121404001505,JOSHI,21,25,50,186.00,9300.00
9448,9449,2022121401002798,RHGCL,13,58,10,206.00,2060.00
9449,9450,2022121401002797,NABIL,45,13,50,815.00,40750.00
9450,9451,2022121401002796,CBL,32,4,97,211.50,20515.50
9451,9452,2022121401002795,CBL,52,4,40,211.50,8460.00
9452,9453,2022121404001504,SHL,16,32,100,219.90,21990.00
9453,9454,2022121401002794,NABIL,25,13,50,815.00,40750.00
9454,9455,2022121404001503,SSHL,41,10,10,171.00,1710.00
9455,9456,2022121404001502,UPPER,1,49,50,390.20,19510.00
9456,9457,2022121405000423,SLI,36,28,10,331.50,3315.00
9457,9458,2022121401002793,GBIME,17,8,50,210.50,10525.00
9458,9459,2022121403001428,MNBBL,32,45,100,420.00,42000.00
9459,9460,2022121404001501,RHPL,41,20,20,248.00,4960.00
9460,9461,2022121401002792,GVL,42,14,10,306.70,3067.00
9461,9462,2022121401002791,UHEWA,57,36,10,345.00,3450.00
9462,9463,2022121404001500,UMRH,50,49,10,409.50,4095.00
9463,9464,2022121403001427,FMDBL,34,20,19,708.00,13452.00
9464,9465,2022121403001426,NLIC,58,13,50,608.00,30400.00
9465,9466,2022121401002790,SHIVM,56,58,30,549.00,16470.00
9466,9467,2022121401002789,UHEWA,54,55,30,346.00,10380.00
9467,9468,2022121401002788,BHDC,47,51,10,344.10,3441.00
9468,9469,2022121401002787,NABIL,51,13,15,815.00,12225.00
9469,9470,2022121403001425,SWMF,46,36,1,706.00,706.00
9470,9471,2022121404001499,CHCL,33,58,10,384.00,3840.00
9471,9472,2022121405000422,NYADI,34,32,10,270.00,2700.00
9472,9473,2022121404001498,RHPL,41,36,50,248.00,12400.00
9473,9474,2022121405000421,SLI,38,49,10,331.60,3316.00
9474,9475,2022121401002786,SGHC,19,35,10,250.00,2500.00
9475,9476,2022121402001076,PHCL,13,34,10,270.00,2700.00
9476,9477,2022121401002785,UHEWA,57,36,10,345.00,3450.00
9477,9478,2022121404001497,SJCL,3,51,10,238.90,2389.00
9478,9479,2022121404001496,SJCL,3,16,67,238.90,16006.30
9479,9480,2022121404001495,SJCL,3,16,50,238.60,11930.00
9480,9481,2022121404001494,SJCL,3,46,50,238.00,11900.00
9481,9482,2022121404001493,SJCL,3,59,50,237.50,11875.00
9482,9483,2022121403001424,CBBL,55,22,10,1110.00,11100.00
9483,9484,2022121405000420,JBLB,58,51,10,2735.00,27350.00
9484,9485,2022121405000419,SAHAS,39,58,10,448.00,4480.00
9485,9486,2022121404001492,OHL,19,17,15,488.10,7321.50
9486,9487,2022121403001423,NIFRA,1,35,100,185.00,18500.00
9487,9488,2022121404001491,NIBSF2,13,49,200,7.00,1400.00
9488,9489,2022121404001490,RIDI,57,49,12,486.00,5832.00
9489,9490,2022121404001489,PMHPL,58,50,10,191.00,1910.00
9490,9491,2022121404001488,PMHPL,45,50,990,191.00,189090.00
9491,9492,2022121405000418,JBLB,58,45,10,2735.00,27350.00
9492,9493,2022121401002784,UHEWA,57,36,10,345.00,3450.00
9493,9494,2022121404001487,RADHI,49,6,40,218.00,8720.00
9494,9495,2022121404001486,SJCL,58,6,23,235.00,5405.00
9495,9496,2022121403001422,NADEP,56,59,25,680.00,17000.00
9496,9497,2022121401002783,NABIL,21,13,20,815.00,16300.00
9497,9498,2022121401002782,AVYAN,42,51,10,698.00,6980.00
9498,9499,2022121401002781,SIKLES,34,49,10,372.00,3720.00
9499,9500,2022121401002780,SGHC,19,41,10,250.00,2500.00
9500,9501,2022121405000417,JBLB,58,35,10,2735.00,27350.00
9501,9502,2022121403001421,NLIC,57,13,50,608.00,30400.00
9502,9503,2022121401002779,NIB,16,53,112,218.10,24427.20
9503,9504,2022121404001485,PIC,46,36,1,525.00,525.00
9504,9505,2022121403001420,NRIC,14,49,46,695.00,31970.00
9505,9506,2022121401002778,UHEWA,57,36,10,345.00,3450.00
9506,9507,2022121403001419,ICFC,50,58,19,425.10,8076.90
9507,9508,2022121403001418,NIFRA,1,58,540,185.00,99900.00
9508,9509,2022121401002777,RHGCL,58,58,10,206.50,2065.00
9509,9510,2022121404001484,SPDL,10,43,169,260.10,43956.90
9510,9511,2022121404001483,AIL,13,4,10,374.00,3740.00
9511,9512,2022121403001417,NADEP,56,26,10,679.00,6790.00
9512,9513,2022121403001416,NIFRA,1,49,10,185.00,1850.00
9513,9514,2022121401002776,CYCL,34,38,10,2486.20,24862.00
9514,9515,2022121405000416,JBLB,21,55,11,2735.00,30085.00
9515,9516,2022121401002775,UHEWA,57,6,10,345.00,3450.00
9516,9517,2022121401002774,NABIL,38,49,18,814.00,14652.00
9517,9518,2022121404001482,NGPL,45,58,70,208.00,14560.00
9518,9519,2022121403001415,NUBL,54,26,10,880.00,8800.00
9519,9520,2022121403001414,NUBL,52,26,10,881.00,8810.00
9520,9521,2022121404001481,NGPL,4,58,100,208.80,20880.00
9521,9522,2022121405000415,SAHAS,39,41,10,448.00,4480.00
9522,9523,2022121405000414,MBJC,14,13,10,211.00,2110.00
9523,9524,2022121401002773,NICA,55,45,20,684.00,13680.00
9524,9525,2022121403001413,NIFRA,1,49,44,185.00,8140.00
9525,9526,2022121403001412,LLBS,44,35,14,1025.00,14350.00
9526,9527,2022121404001480,SICL,55,58,10,771.00,7710.00
9527,9528,2022121401002772,SIKLES,34,41,10,372.00,3720.00
9528,9529,2022121401002771,HDL,59,33,20,3838.90,76778.00
9529,9530,2022121403001411,NLIC,46,36,1,609.00,609.00
9530,9531,2022121404001479,NEF,37,49,1414,7.86,11114.04
9531,9532,2022121404001478,NEF,56,49,1000,7.87,7870.00
9532,9533,2022121404001477,MHNL,51,29,200,250.00,50000.00
9533,9534,2022121404001476,MHNL,4,29,50,250.00,12500.00
9534,9535,2022121401002770,NCCB,4,48,100,181.30,18130.00
9535,9536,2022121401002769,NCCB,43,48,100,181.50,18150.00
9536,9537,2022121401002768,NCCB,11,48,150,181.60,27240.00
9537,9538,2022121401002767,NBL,34,53,100,275.00,27500.00
9538,9539,2022121401002766,PCBL,35,58,50,223.60,11180.00
9539,9540,2022121401002765,NABIL,58,13,10,815.00,8150.00
9540,9541,2022121401002764,SHIVM,36,34,200,548.00,109600.00
9541,9542,2022121404001475,RHPL,19,44,400,250.00,100000.00
9542,9543,2022121403001410,DDBL,58,34,100,1034.90,103490.00
9543,9544,2022121403001409,DDBL,58,43,300,1034.80,310440.00
9544,9545,2022121405000413,MBJC,3,16,200,213.10,42620.00
9545,9546,2022121401002763,RHGCL,13,46,10,206.00,2060.00
9546,9547,2022121403001408,MLBL,44,49,10,340.00,3400.00
9547,9548,2022121405000412,SAHAS,39,16,10,448.00,4480.00
9548,9549,2022121404001474,NHPC,40,45,11,199.50,2194.50
9549,9550,2022121403001407,MDB,4,42,43,379.00,16297.00
9550,9551,2022121401002762,SHIVM,45,58,50,549.00,27450.00
9551,9552,2022121401002761,SGHC,19,35,10,250.00,2500.00
9552,9553,2022121403001406,NIFRA,1,4,54,185.00,9990.00
9553,9554,2022121405000411,MBJC,3,32,10,213.00,2130.00
9554,9555,2022121403001405,MLBL,44,49,36,340.00,12240.00
9555,9556,2022121403001404,MLBL,42,49,30,340.00,10200.00
9556,9557,2022121401002760,SGHC,19,6,10,250.00,2500.00
9557,9558,2022121405000410,MBJC,3,49,10,213.00,2130.00
9558,9559,2022121405000409,MBJC,3,38,10,213.00,2130.00
9559,9560,2022121405000408,MBJC,3,16,100,213.00,21300.00
9560,9561,2022121405000407,MBJC,3,19,10,213.00,2130.00
9561,9562,2022121405000406,MBJC,3,42,30,213.00,6390.00
9562,9563,2022121405000405,MBJC,3,49,500,212.90,106450.00
9563,9564,2022121405000404,MBJC,3,58,20,212.80,4256.00
9564,9565,2022121405000403,MBJC,3,1,10,212.40,2124.00
9565,9566,2022121405000402,MBJC,3,1,10,212.40,2124.00
9566,9567,2022121405000401,MBJC,3,58,10,212.30,2123.00
9567,9568,2022121405000400,MBJC,3,58,10,212.30,2123.00
9568,9569,2022121404001473,API,26,6,35,209.00,7315.00
9569,9570,2022121401002759,NABIL,38,58,10,814.00,8140.00
9570,9571,2022121405000399,MBJC,14,16,10,211.00,2110.00
9571,9572,2022121401002758,RFPL,4,46,10,225.00,2250.00
9572,9573,2022121403001403,CIT,58,58,20,1852.00,37040.00
9573,9574,2022121401002757,HDL,58,21,100,3830.00,383000.00
9574,9575,2022121404001472,SPDL,47,36,1000,260.50,260500.00
9575,9576,2022121401002756,HHL,56,16,10,213.90,2139.00
9576,9577,2022121403001402,MERO,26,49,61,758.00,46238.00
9577,9578,2022121404001471,SJCL,46,6,10,235.00,2350.00
9578,9579,2022121404001470,RHPL,58,44,10,250.00,2500.00
9579,9580,2022121404001469,UMHL,39,35,203,224.00,45472.00
9580,9581,2022121401002755,SHIVM,53,58,31,549.00,17019.00
9581,9582,2022121401002754,MEGA,51,49,101,193.30,19523.30
9582,9583,2022121401002753,GBIME,25,40,500,210.40,105200.00
9583,9584,2022121404001468,RHPL,34,44,455,250.00,113750.00
9584,9585,2022121404001467,RHPL,34,7,30,250.00,7500.00
9585,9586,2022121404001466,RHPL,34,16,625,250.00,156250.00
9586,9587,2022121404001465,RHPL,34,6,400,250.00,100000.00
9587,9588,2022121404001464,RHPL,34,4,40,250.00,10000.00
9588,9589,2022121404001463,RHPL,34,4,70,250.00,17500.00
9589,9590,2022121404001462,RHPL,34,21,40,250.00,10000.00
9590,9591,2022121404001461,RHPL,34,4,80,250.00,20000.00
9591,9592,2022121404001460,RHPL,34,4,80,250.00,20000.00
9592,9593,2022121404001459,RHPL,34,4,70,250.00,17500.00
9593,9594,2022121404001458,RHPL,34,4,100,250.00,25000.00
9594,9595,2022121404001457,RHPL,34,4,10,250.00,2500.00
9595,9596,2022121404001456,NLG,42,40,85,474.00,40290.00
9596,9597,2022121404001455,NLG,42,28,15,474.00,7110.00
9597,9598,2022121405000398,NYADI,34,16,10,270.00,2700.00
9598,9599,2022121401002752,BHL,19,58,10,247.10,2471.00
9599,9600,2022121403001401,GBBL,42,36,100,382.00,38200.00
9600,9601,2022121403001400,NLICL,49,34,69,500.00,34500.00
9601,9602,2022121404001454,SJCL,11,6,200,234.00,46800.00
9602,9603,2022121404001453,HPPL,7,49,20,245.00,4900.00
9603,9604,2022121401002751,HDL,58,33,50,3820.00,191000.00
9604,9605,2022121401002750,HDL,34,33,50,3820.10,191005.00
9605,9606,2022121401002749,HDL,26,33,15,3820.20,57303.00
9606,9607,2022121401002748,HDL,25,33,30,3822.00,114660.00
9607,9608,2022121401002747,HDL,21,33,25,3825.00,95625.00
9608,9609,2022121401002746,SHIVM,58,41,10,549.40,5494.00
9609,9610,2022121404001452,TRH,7,45,10,335.00,3350.00
9610,9611,2022121403001399,HIDCL,43,49,10,164.20,1642.00
9611,9612,2022121401002745,UHEWA,57,55,200,345.00,69000.00
9612,9613,2022121405000397,BNHC,19,16,10,325.00,3250.00
9613,9614,2022121403001398,NRIC,14,45,140,695.00,97300.00
9614,9615,2022121401002744,HHL,17,49,10,215.00,2150.00
9615,9616,2022121403001397,HIDCL,43,49,59,164.20,9687.80
9616,9617,2022121401002743,SHIVM,53,58,24,549.00,13176.00
9617,9618,2022121401002742,SHIVM,5,58,457,549.00,250893.00
9618,9619,2022121401002741,SHIVM,5,44,43,548.00,23564.00
9619,9620,2022121401002740,SHIVM,43,44,97,548.00,53156.00
9620,9621,2022121401002739,UHEWA,57,58,10,345.00,3450.00
9621,9622,2022121404001451,BARUN,32,49,20,202.00,4040.00
9622,9623,2022121401002738,CYCL,34,46,10,2486.20,24862.00
9623,9624,2022121404001450,GLH,36,49,10,233.00,2330.00
9624,9625,2022121401002737,USHEC,10,45,10,248.10,2481.00
9625,9626,2022121401002736,SHIVM,43,13,90,548.00,49320.00
9626,9627,2022121401002735,SHIVM,29,13,10,548.00,5480.00
9627,9628,2022121404001449,SJCL,22,6,128,235.00,30080.00
9628,9629,2022121404001448,SJCL,57,6,20,235.00,4700.00
9629,9630,2022121404001447,SJCL,53,6,19,235.10,4466.90
9630,9631,2022121401002734,NMB,8,6,380,230.00,87400.00
9631,9632,2022121401002733,NMB,53,6,1500,230.00,345000.00
9632,9633,2022121401002732,NMB,42,6,320,230.00,73600.00
9633,9634,2022121403001396,NRIC,55,19,100,694.50,69450.00
9634,9635,2022121401002731,SGHC,19,25,10,250.00,2500.00
9635,9636,2022121405000396,MBJC,14,58,10,211.00,2110.00
9636,9637,2022121401002730,PPL,58,58,10,202.00,2020.00
9637,9638,2022121404001446,SPDL,49,4,11,261.00,2871.00
9638,9639,2022121401002729,PPL,58,45,10,202.00,2020.00
9639,9640,2022121401002728,AVYAN,1,16,10,699.00,6990.00
9640,9641,2022121403001395,GBLBS,48,49,10,588.00,5880.00
9641,9642,2022121401002727,CYCL,34,38,10,2486.20,24862.00
9642,9643,2022121403001394,LBBL,6,33,474,316.00,149784.00
9643,9644,2022121403001393,LBBL,55,33,300,316.00,94800.00
9644,9645,2022121403001392,LBBL,55,33,200,316.10,63220.00
9645,9646,2022121403001391,LBBL,57,33,10,317.00,3170.00
9646,9647,2022121403001390,LBBL,54,33,84,317.20,26644.80
9647,9648,2022121403001389,LBBL,22,33,10,318.00,3180.00
9648,9649,2022121401002726,HHL,32,14,100,214.00,21400.00
9649,9650,2022121401002725,SGHC,19,35,10,250.00,2500.00
9650,9651,2022121405000395,MBJC,14,48,10,211.00,2110.00
9651,9652,2022121401002724,RHGCL,13,25,10,206.00,2060.00
9652,9653,2022121401002723,MHL,17,47,10,307.80,3078.00
9653,9654,2022121403001388,NLICL,45,34,10,500.00,5000.00
9654,9655,2022121401002722,SHIVM,33,58,19,549.00,10431.00
9655,9656,2022121403001387,CBBL,45,45,50,1109.00,55450.00
9656,9657,2022121401002721,CZBIL,16,49,10,179.50,1795.00
9657,9658,2022121403001386,GMFBS,22,35,10,802.00,8020.00
9658,9659,2022121401002720,SRBL,32,45,100,183.10,18310.00
9659,9660,2022121401002719,SPHL,35,16,10,350.00,3500.00
9660,9661,2022121404001445,SSHL,58,6,200,169.20,33840.00
9661,9662,2022121404001444,SSHL,58,6,90,169.20,15228.00
9662,9663,2022121401002718,NIB,56,25,24,218.00,5232.00
9663,9664,2022121403001385,NIFRA,1,47,50,185.00,9250.00
9664,9665,2022121403001384,NIFRA,1,34,68,185.00,12580.00
9665,9666,2022121401002717,SBL,42,10,50,310.00,15500.00
9666,9667,2022121403001383,SWBBL,58,8,20,1167.00,23340.00
9667,9668,2022121404001443,RHPL,19,4,30,250.00,7500.00
9668,9669,2022121404001442,RHPL,19,54,100,250.00,25000.00
9669,9670,2022121404001441,RHPL,19,4,80,250.00,20000.00
9670,9671,2022121404001440,RHPL,19,38,30,250.00,7500.00
9671,9672,2022121404001439,RHPL,19,13,40,250.00,10000.00
9672,9673,2022121404001438,RHPL,19,34,250,249.90,62475.00
9673,9674,2022121404001437,RHPL,19,33,100,249.90,24990.00
9674,9675,2022121404001436,RHPL,19,4,80,249.00,19920.00
9675,9676,2022121404001435,RHPL,19,29,1000,248.80,248800.00
9676,9677,2022121404001434,RHPL,19,40,100,248.80,24880.00
9677,9678,2022121404001433,RHPL,19,56,90,248.80,22392.00
9678,9679,2022121404001432,RHPL,19,57,100,248.00,24800.00
9679,9680,2022121404001431,RADHI,42,53,17,216.00,3672.00
9680,9681,2022121403001382,CIT,54,55,32,1851.50,59248.00
9681,9682,2022121401002716,CZBIL,16,49,237,179.50,42541.50
9682,9683,2022121401002715,CZBIL,5,49,324,179.50,58158.00
9683,9684,2022121401002714,CZBIL,49,49,35,179.50,6282.50
9684,9685,2022121401002713,CZBIL,32,49,100,179.60,17960.00
9685,9686,2022121401002712,CZBIL,50,49,15,179.70,2695.50
9686,9687,2022121405000394,MBJC,41,26,10,210.30,2103.00
9687,9688,2022121403001381,NIFRA,26,22,35,184.40,6454.00
9688,9689,2022121401002711,PPL,58,16,10,202.00,2020.00
9689,9690,2022121401002710,SGHC,6,58,10,251.40,2514.00
9690,9691,2022121401002709,SIKLES,34,58,10,372.00,3720.00
9691,9692,2022121401002708,AVYAN,1,25,10,699.00,6990.00
9692,9693,2022121401002707,PRVU,1,45,86,200.20,17217.20
9693,9694,2022121403001380,MNBBL,44,42,91,417.10,37956.10
9694,9695,2022121403001379,MNBBL,11,42,20,417.50,8350.00
9695,9696,2022121403001378,MNBBL,58,42,50,418.00,20900.00
9696,9697,2022121403001377,MNBBL,34,42,39,419.00,16341.00
9697,9698,2022121403001376,HIDCL,13,57,700,165.50,115850.00
9698,9699,2022121401002706,NABIL,16,13,50,813.10,40655.00
9699,9700,2022121401002705,NABIL,32,13,100,813.10,81310.00
9700,9701,2022121401002704,NABIL,22,13,250,813.20,203300.00
9701,9702,2022121405000393,NYADI,40,32,10,275.40,2754.00
9702,9703,2022121401002703,PPL,28,35,10,203.00,2030.00
9703,9704,2022121401002702,USHEC,58,35,10,248.00,2480.00
9704,9705,2022121403001375,CIT,13,55,20,1855.00,37100.00
9705,9706,2022121401002701,RFPL,4,13,10,225.00,2250.00
9706,9707,2022121402001075,EHPL,55,58,10,237.60,2376.00
9707,9708,2022121401002700,HDL,54,33,10,3830.00,38300.00
9708,9709,2022121401002699,HDL,45,33,10,3830.00,38300.00
9709,9710,2022121401002698,HDL,49,33,10,3830.00,38300.00
9710,9711,2022121401002697,HDL,52,21,30,3831.00,114930.00
9711,9712,2022121404001430,NGPL,45,52,30,208.00,6240.00
9712,9713,2022121403001374,NIFRA,26,40,54,184.40,9957.60
9713,9714,2022121401002696,NABIL,38,13,50,813.20,40660.00
9714,9715,2022121401002695,NABIL,32,13,50,813.20,40660.00
9715,9716,2022121404001429,HURJA,46,14,20,198.00,3960.00
9716,9717,2022121405000392,JBLB,58,34,10,2742.00,27420.00
9717,9718,2022121403001373,HIDCL,13,45,300,165.00,49500.00
9718,9719,2022121401002694,RHGCL,13,58,10,206.00,2060.00
9719,9720,2022121405000391,NYADI,40,16,10,275.00,2750.00
9720,9721,2022121405000390,NYADI,40,53,10,275.00,2750.00
9721,9722,2022121404001428,GHL,33,40,20,192.00,3840.00
9722,9723,2022121404001427,PIC,55,16,11,520.10,5721.10
9723,9724,2022121401002693,NBL,22,38,260,276.00,71760.00
9724,9725,2022121401002692,NBL,22,57,400,276.00,110400.00
9725,9726,2022121401002691,NBL,22,39,340,276.00,93840.00
9726,9727,2022121403001372,CIT,54,33,40,1851.50,74060.00
9727,9728,2022121403001371,CIT,5,33,50,1852.00,92600.00
9728,9729,2022121403001370,CIT,11,33,10,1852.10,18521.00
9729,9730,2022121401002690,PRVU,52,6,20,200.30,4006.00
9730,9731,2022121403001369,RMDC,52,28,27,951.00,25677.00
9731,9732,2022121403001368,RMDC,51,28,15,952.00,14280.00
9732,9733,2022121401002689,GVL,59,58,100,306.50,30650.00
9733,9734,2022121401002688,DORDI,45,26,10,230.00,2300.00
9734,9735,2022121401002687,GBIME,55,52,347,208.10,72210.70
9735,9736,2022121401002686,GBIME,7,52,50,208.10,10405.00
9736,9737,2022121405000389,JALPA,20,57,10,3340.00,33400.00
9737,9738,2022121404001426,LEC,32,47,10,224.30,2243.00
9738,9739,2022121404001425,LEC,32,32,100,222.00,22200.00
9739,9740,2022121403001367,NRIC,42,19,50,694.60,34730.00
9740,9741,2022121404001424,AKPL,58,4,10,343.70,3437.00
9741,9742,2022121401002685,NCCB,14,45,194,182.00,35308.00
9742,9743,2022121403001366,NRN,18,56,22,404.00,8888.00
9743,9744,2022121401002684,SHIVM,5,32,100,549.00,54900.00
9744,9745,2022121401002683,DORDI,45,40,10,230.00,2300.00
9745,9746,2022121401002682,NBL,13,39,100,276.00,27600.00
9746,9747,2022121404001423,SHPC,17,47,500,271.00,135500.00
9747,9748,2022121401002681,NIB,56,14,86,218.00,18748.00
9748,9749,2022121401002680,NIB,17,14,40,218.00,8720.00
9749,9750,2022121401002679,NIB,42,14,20,218.00,4360.00
9750,9751,2022121401002678,NIB,55,14,100,218.00,21800.00
9751,9752,2022121401002677,NIB,5,14,230,218.00,50140.00
9752,9753,2022121401002676,NIB,55,14,30,218.00,6540.00
9753,9754,2022121401002675,NIB,51,14,600,218.00,130800.00
9754,9755,2022121401002674,NIB,56,14,200,218.00,43600.00
9755,9756,2022121401002673,NIB,1,14,406,218.00,88508.00
9756,9757,2022121401002672,NIB,34,14,100,218.10,21810.00
9757,9758,2022121401002671,NIB,22,14,174,218.10,37949.40
9758,9759,2022121401002670,NIB,13,14,14,218.20,3054.80
9759,9760,2022121401002669,UHEWA,58,58,10,345.50,3455.00
9760,9761,2022121401002668,PRVU,52,34,50,200.30,10015.00
9761,9762,2022121404001422,GHL,33,14,30,192.00,5760.00
9762,9763,2022121404001421,AKPL,58,4,53,343.70,18216.10
9763,9764,2022121403001365,CIT,56,33,100,1855.00,185500.00
9764,9765,2022121404001420,UMRH,33,35,40,414.00,16560.00
9765,9766,2022121401002667,USHEC,58,40,10,248.00,2480.00
9766,9767,2022121404001419,NGPL,45,52,50,208.00,10400.00
9767,9768,2022121404001418,CHCL,33,49,10,384.00,3840.00
9768,9769,2022121404001417,SICL,58,56,29,760.00,22040.00
9769,9770,2022121404001416,SICL,33,56,71,760.00,53960.00
9770,9771,2022121404001415,SICL,22,56,50,760.00,38000.00
9771,9772,2022121404001414,SICL,5,56,50,760.00,38000.00
9772,9773,2022121404001413,SICL,42,56,100,760.00,76000.00
9773,9774,2022121404001412,SICL,45,56,100,760.00,76000.00
9774,9775,2022121404001411,SICL,51,56,80,760.00,60800.00
9775,9776,2022121404001410,SICL,58,56,40,761.70,30468.00
9776,9777,2022121404001409,SICL,43,56,10,764.00,7640.00
9777,9778,2022121404001408,SICL,45,56,10,764.40,7644.00
9778,9779,2022121404001407,SICL,42,56,100,765.00,76500.00
9779,9780,2022121404001406,SICL,25,56,15,766.00,11490.00
9780,9781,2022121404001405,SICL,42,56,10,770.00,7700.00
9781,9782,2022121404001404,RIDI,50,58,100,486.00,48600.00
9782,9783,2022121401002666,GVL,59,58,10,306.50,3065.00
9783,9784,2022121404001403,SHEL,59,6,10,228.60,2286.00
9784,9785,2022121401002665,RFPL,4,58,10,225.00,2250.00
9785,9786,2022121401002664,NESDO,38,40,10,3300.00,33000.00
9786,9787,2022121402001074,EHPL,55,17,10,237.60,2376.00
9787,9788,2022121403001364,DDBL,56,33,10,1036.00,10360.00
9788,9789,2022121403001363,DDBL,56,32,20,1035.90,20718.00
9789,9790,2022121404001402,HDHPC,22,34,180,175.00,31500.00
9790,9791,2022121404001401,CHCL,33,49,138,384.00,52992.00
9791,9792,2022121404001400,CHCL,16,49,50,384.00,19200.00
9792,9793,2022121401002663,SIKLES,34,14,10,372.00,3720.00
9793,9794,2022121401002662,SGHC,45,16,10,252.00,2520.00
9794,9795,2022121401002661,MBL,8,19,20,215.00,4300.00
9795,9796,2022121404001399,API,32,4,35,208.70,7304.50
9796,9797,2022121404001398,RHPL,19,56,110,248.80,27368.00
9797,9798,2022121404001397,RHPL,19,6,300,248.20,74460.00
9798,9799,2022121404001396,RHPL,19,58,90,248.00,22320.00
9799,9800,2022121401002660,BHL,19,26,10,247.10,2471.00
9800,9801,2022121402001073,EHPL,55,17,10,237.60,2376.00
9801,9802,2022121404001395,NGPL,45,52,50,208.00,10400.00
9802,9803,2022121404001394,HEI,58,56,483,361.00,174363.00
9803,9804,2022121404001393,HEI,45,56,20,361.00,7220.00
9804,9805,2022121404001392,HEI,59,56,20,363.00,7260.00
9805,9806,2022121403001362,GRDBL,7,41,10,228.10,2281.00
9806,9807,2022121401002659,CCBL,22,49,134,188.70,25285.80
9807,9808,2022121404001391,RIDI,21,58,15,486.00,7290.00
9808,9809,2022121401002658,UHEWA,57,19,10,345.00,3450.00
9809,9810,2022121403001361,NLIC,14,6,10,608.00,6080.00
9810,9811,2022121401002657,BHDC,47,58,10,344.10,3441.00
9811,9812,2022121401002656,CCBL,32,58,10,189.00,1890.00
9812,9813,2022121402001072,PHCL,45,35,10,270.00,2700.00
9813,9814,2022121402001071,PHCL,45,59,10,270.00,2700.00
9814,9815,2022121402001070,PHCL,45,21,10,270.00,2700.00
9815,9816,2022121402001069,PHCL,45,49,10,270.00,2700.00
9816,9817,2022121402001068,PHCL,45,46,10,270.00,2700.00
9817,9818,2022121403001360,MNBBL,34,6,35,419.00,14665.00
9818,9819,2022121403001359,MNBBL,4,6,50,419.00,20950.00
9819,9820,2022121403001358,MNBBL,35,6,20,419.00,8380.00
9820,9821,2022121403001357,MNBBL,38,6,38,419.00,15922.00
9821,9822,2022121403001356,NICLBSL,35,6,10,710.10,7101.00
9822,9823,2022121401002655,SHIVM,57,42,36,549.90,19796.40
9823,9824,2022121403001355,CIT,42,45,80,1860.00,148800.00
9824,9825,2022121403001354,CIT,8,45,10,1860.00,18600.00
9825,9826,2022121401002654,RFPL,4,49,10,225.00,2250.00
9826,9827,2022121401002653,MBL,22,37,10,213.00,2130.00
9827,9828,2022121401002652,MBL,35,37,100,213.00,21300.00
9828,9829,2022121401002651,MBL,56,37,45,213.00,9585.00
9829,9830,2022121401002650,MBL,4,37,25,214.00,5350.00
9830,9831,2022121401002649,MBL,35,37,100,214.00,21400.00
9831,9832,2022121401002648,MBL,17,37,420,214.00,89880.00
9832,9833,2022121404001390,AKPL,58,49,15,343.70,5155.50
9833,9834,2022121403001353,GBBL,11,21,30,381.00,11430.00
9834,9835,2022121403001352,GBBL,32,21,70,381.00,26670.00
9835,9836,2022121401002647,GVL,59,25,10,306.50,3065.00
9836,9837,2022121404001389,SSHL,58,35,10,169.20,1692.00
9837,9838,2022121401002646,MHL,33,40,10,308.00,3080.00
9838,9839,2022121401002645,BHL,19,42,10,247.10,2471.00
9839,9840,2022121401002644,NESDO,38,58,10,3300.00,33000.00
9840,9841,2022121401002643,NABIL,34,6,14,813.50,11389.00
9841,9842,2022121403001351,ALICL,50,1,22,510.00,11220.00
9842,9843,2022121403001350,ALICL,50,1,1000,510.00,510000.00
9843,9844,2022121405000388,SLI,36,54,10,331.50,3315.00
9844,9845,2022121401002642,SGHC,4,25,10,252.00,2520.00
9845,9846,2022121401002641,CYCL,34,38,10,2486.20,24862.00
9846,9847,2022121403001349,ACLBSL,38,16,10,710.00,7100.00
9847,9848,2022121401002640,ADBL,41,49,10,312.00,3120.00
9848,9849,2022121401002639,CCBL,32,45,37,188.90,6989.30
9849,9850,2022121401002638,NESDO,38,45,10,3300.00,33000.00
9850,9851,2022121401002637,PPL,58,21,10,202.00,2020.00
9851,9852,2022121401002636,CCBL,58,45,20,188.90,3778.00
9852,9853,2022121401002635,RFPL,4,25,10,225.00,2250.00
9853,9854,2022121401002634,ADBL,41,49,85,312.00,26520.00
9854,9855,2022121401002633,ADBL,35,49,10,312.00,3120.00
9855,9856,2022121401002632,ADBL,57,49,51,312.00,15912.00
9856,9857,2022121404001388,HDHPC,57,34,80,175.00,14000.00
9857,9858,2022121404001387,HDHPC,57,49,10,175.00,1750.00
9858,9859,2022121404001386,HDHPC,57,58,10,175.00,1750.00
9859,9860,2022121404001385,MHNL,17,58,174,254.00,44196.00
9860,9861,2022121404001384,RHPL,41,16,625,248.00,155000.00
9861,9862,2022121404001383,RHPL,41,22,500,248.00,124000.00
9862,9863,2022121401002631,PPL,34,59,10,205.00,2050.00
9863,9864,2022121403001348,NRN,26,49,10,401.00,4010.00
9864,9865,2022121401002630,NABIL,41,4,30,814.00,24420.00
9865,9866,2022121401002629,SGHC,4,17,10,252.00,2520.00
9866,9867,2022121404001382,PIC,55,16,11,520.10,5721.10
9867,9868,2022121404001381,SSHL,22,6,1000,169.30,169300.00
9868,9869,2022121404001380,API,1,6,58,209.00,12122.00
9869,9870,2022121404001379,API,1,28,12,209.00,2508.00
9870,9871,2022121401002628,MHL,17,53,10,307.80,3078.00
9871,9872,2022121401002627,BHDC,47,57,10,344.10,3441.00
9872,9873,2022121401002626,CYCL,34,49,10,2486.20,24862.00
9873,9874,2022121403001347,MLBL,42,32,70,340.00,23800.00
9874,9875,2022121403001346,MLBL,14,32,20,340.00,6800.00
9875,9876,2022121403001345,MLBL,5,32,10,340.00,3400.00
9876,9877,2022121401002625,NICA,56,40,80,684.90,54792.00
9877,9878,2022121401002624,NICA,56,41,10,684.90,6849.00
9878,9879,2022121401002623,NICA,56,33,10,684.90,6849.00
9879,9880,2022121404001378,RHPL,16,44,50,247.90,12395.00
9880,9881,2022121404001377,RHPL,16,49,10,247.90,2479.00
9881,9882,2022121404001376,RHPL,16,49,10,247.80,2478.00
9882,9883,2022121404001375,RHPL,16,47,50,247.00,12350.00
9883,9884,2022121404001374,RHPL,16,57,10,246.50,2465.00
9884,9885,2022121403001344,DDBL,58,38,20,1035.00,20700.00
9885,9886,2022121403001343,DDBL,58,50,135,1035.00,139725.00
9886,9887,2022121403001342,DDBL,58,44,100,1035.00,103500.00
9887,9888,2022121403001341,DDBL,58,18,25,1035.00,25875.00
9888,9889,2022121403001340,DDBL,58,56,50,1035.00,51750.00
9889,9890,2022121403001339,DDBL,58,56,97,1035.00,100395.00
9890,9891,2022121403001338,DDBL,58,41,100,1034.50,103450.00
9891,9892,2022121403001337,DDBL,58,34,10,1033.00,10330.00
9892,9893,2022121403001336,DDBL,58,53,93,1033.00,96069.00
9893,9894,2022121403001335,DDBL,58,42,80,1033.00,82640.00
9894,9895,2022121402001067,EHPL,55,21,10,237.60,2376.00
9895,9896,2022121401002622,NBL,19,39,100,276.00,27600.00
9896,9897,2022121401002621,KBL,32,45,41,185.00,7585.00
9897,9898,2022121404001373,MHNL,17,33,200,254.00,50800.00
9898,9899,2022121404001372,MHNL,17,47,100,253.00,25300.00
9899,9900,2022121404001371,MHNL,17,54,26,252.90,6575.40
9900,9901,2022121404001370,AKPL,58,49,210,343.70,72177.00
9901,9902,2022121401002620,SRBL,38,22,50,183.00,9150.00
9902,9903,2022121401002619,GVL,58,58,10,307.00,3070.00
9903,9904,2022121401002618,SGHC,4,57,10,252.00,2520.00
9904,9905,2022121404001369,CGH,49,8,10,1000.20,10002.00
9905,9906,2022121403001334,ALICL,50,34,98,507.00,49686.00
9906,9907,2022121401002617,SGHC,4,41,10,252.00,2520.00
9907,9908,2022121404001368,PIC,14,28,1,525.00,525.00
9908,9909,2022121401002616,KBL,32,17,59,185.00,10915.00
9909,9910,2022121401002615,KBL,42,17,10,185.00,1850.00
9910,9911,2022121401002614,KBL,57,17,30,185.00,5550.00
9911,9912,2022121401002613,KBL,41,17,500,185.00,92500.00
9912,9913,2022121401002612,KBL,49,17,20,185.00,3700.00
9913,9914,2022121401002611,KBL,46,17,32,185.00,5920.00
9914,9915,2022121401002610,KBL,46,17,100,185.00,18500.00
9915,9916,2022121401002609,KBL,38,17,40,185.00,7400.00
9916,9917,2022121401002608,KBL,44,17,100,185.10,18510.00
9917,9918,2022121401002607,KBL,33,17,109,185.10,20175.90
9918,9919,2022121403001333,HIDCL,43,35,50,164.20,8210.00
9919,9920,2022121403001332,ILBS,26,45,25,860.00,21500.00
9920,9921,2022121403001331,ILBS,39,45,27,860.00,23220.00
9921,9922,2022121403001330,ILBS,25,45,36,862.00,31032.00
9922,9923,2022121403001329,ILBS,6,45,10,863.00,8630.00
9923,9924,2022121403001328,ILBS,13,45,44,865.00,38060.00
9924,9925,2022121403001327,ILBS,4,45,100,867.00,86700.00
9925,9926,2022121404001367,RIDI,48,58,50,486.00,24300.00
9926,9927,2022121404001366,RIDI,36,58,100,486.00,48600.00
9927,9928,2022121404001365,RIDI,35,58,50,486.00,24300.00
9928,9929,2022121404001364,RIDI,45,58,25,486.00,12150.00
9929,9930,2022121401002606,ULBSL,21,41,10,3430.00,34300.00
9930,9931,2022121404001363,HEI,59,22,25,363.00,9075.00
9931,9932,2022121402001066,EHPL,55,35,10,237.60,2376.00
9932,9933,2022121401002605,GVL,59,32,10,306.50,3065.00
9933,9934,2022121401002604,NABIL,58,4,24,814.00,19536.00
9934,9935,2022121401002603,NABIL,59,4,100,814.00,81400.00
9935,9936,2022121401002602,NABIL,49,4,200,814.00,162800.00
9936,9937,2022121401002601,NABIL,49,4,500,814.00,407000.00
9937,9938,2022121401002600,NABIL,22,4,12,814.00,9768.00
9938,9939,2022121401002599,NABIL,51,4,10,814.00,8140.00
9939,9940,2022121401002598,NABIL,5,4,10,814.00,8140.00
9940,9941,2022121401002597,NABIL,14,4,50,814.00,40700.00
9941,9942,2022121401002596,NABIL,29,4,30,814.10,24423.00
9942,9943,2022121401002595,NABIL,21,4,17,814.10,13839.70
9943,9944,2022121401002594,NABIL,59,4,16,815.00,13040.00
9944,9945,2022121401002593,GVL,59,49,10,306.50,3065.00
9945,9946,2022121401002592,NBL,45,39,50,276.00,13800.00
9946,9947,2022121401002591,RFPL,11,16,10,226.00,2260.00
9947,9948,2022121401002590,BHL,19,58,10,247.10,2471.00
9948,9949,2022121401002589,BHL,19,49,10,247.10,2471.00
9949,9950,2022121401002588,GBIME,5,22,10,208.00,2080.00
9950,9951,2022121401002587,GBIME,14,22,30,208.00,6240.00
9951,9952,2022121403001326,SKBBL,16,45,10,1115.00,11150.00
9952,9953,2022121404001362,RHPL,46,57,15,246.50,3697.50
9953,9954,2022121403001325,NTC,44,42,590,909.00,536310.00
9954,9955,2022121404001361,RIDI,5,58,60,487.00,29220.00
9955,9956,2022121404001360,RIDI,42,58,50,487.00,24350.00
9956,9957,2022121404001359,RIDI,58,58,40,487.00,19480.00
9957,9958,2022121404001358,RIDI,38,58,10,487.00,4870.00
9958,9959,2022121403001324,KSBBL,40,45,52,304.20,15818.40
9959,9960,2022121403001323,KSBBL,6,45,80,304.20,24336.00
9960,9961,2022121405000387,MBJC,41,16,10,210.30,2103.00
9961,9962,2022121401002586,NABIL,59,8,34,815.00,27710.00
9962,9963,2022121401002585,NABIL,42,8,10,815.00,8150.00
9963,9964,2022121401002584,NABIL,40,8,16,815.00,13040.00
9964,9965,2022121401002583,NABIL,4,8,48,815.00,39120.00
9965,9966,2022121401002582,NABIL,6,8,292,815.00,237980.00
9966,9967,2022121401002581,CYCL,34,8,10,2486.20,24862.00
9967,9968,2022121405000386,RULB,58,6,10,880.00,8800.00
9968,9969,2022121405000385,RULB,58,36,10,880.00,8800.00
9969,9970,2022121405000384,RULB,58,14,10,880.00,8800.00
9970,9971,2022121401002580,GVL,29,16,10,306.40,3064.00
9971,9972,2022121401002579,SIKLES,58,35,10,373.10,3731.00
9972,9973,2022121401002578,SPHL,35,58,10,350.00,3500.00
9973,9974,2022121401002577,GVL,29,54,10,306.40,3064.00
9974,9975,2022121401002576,RFPL,11,35,10,226.00,2260.00
9975,9976,2022121401002575,BOKL,16,22,50,206.10,10305.00
9976,9977,2022121403001322,GILB,36,53,25,1130.00,28250.00
9977,9978,2022121401002574,AVYAN,42,16,10,698.00,6980.00
9978,9979,2022121403001321,CIT,10,19,10,1862.00,18620.00
9979,9980,2022121403001320,ICFC,35,48,15,428.00,6420.00
9980,9981,2022121401002573,EBL,42,54,60,444.20,26652.00
9981,9982,2022121404001357,UPCL,14,43,50,215.10,10755.00
9982,9983,2022121403001319,NADEP,38,29,10,678.90,6789.00
9983,9984,2022121401002572,ADBL,57,22,20,312.00,6240.00
9984,9985,2022121401002571,ADBL,58,22,20,312.20,6244.00
9985,9986,2022121401002570,KBL,45,11,50,185.90,9295.00
9986,9987,2022121404001356,SSHL,42,6,50,169.50,8475.00
9987,9988,2022121404001355,SSHL,41,6,1000,169.50,169500.00
9988,9989,2022121401002569,SIKLES,58,56,10,373.10,3731.00
9989,9990,2022121401002568,SIKLES,58,56,290,373.50,108315.00
9990,9991,2022121404001354,SHEL,56,35,10,228.50,2285.00
9991,9992,2022121403001318,NIFRA,4,34,86,185.00,15910.00
9992,9993,2022121401002567,CYCL,34,38,10,2486.20,24862.00
9993,9994,2022121404001353,RIDI,19,59,300,488.00,146400.00
9994,9995,2022121404001352,RIDI,19,14,200,488.00,97600.00
9995,9996,2022121405000383,SAHAS,39,16,10,448.00,4480.00
9996,9997,2022121404001351,RHPL,11,36,50,246.00,12300.00
9997,9998,2022121404001350,RHPL,11,57,44,246.00,10824.00
9998,9999,2022121404001349,RHPL,11,10,40,246.00,9840.00
9999,10000,2022121404001348,SHPC,50,28,50,271.50,13575.00
10000,10001,2022121405000382,MBJC,41,16,10,210.30,2103.00
10001,10002,2022121401002566,HHL,32,53,10,214.00,2140.00
10002,10003,2022121401002565,RHGCL,22,58,10,206.10,2061.00
10003,10004,2022121401002564,SHIVM,29,58,290,548.00,158920.00
10004,10005,2022121403001317,MMFDB,4,40,11,867.00,9537.00
10005,10006,2022121403001316,MMFDB,36,40,30,867.00,26010.00
10006,10007,2022121401002563,SHIVM,58,58,10,548.00,5480.00
10007,10008,2022121401002562,SANIMA,58,6,20,223.90,4478.00
10008,10009,2022121404001347,NHPC,21,58,19,199.50,3790.50
10009,10010,2022121403001315,NRIC,33,11,26,694.10,18046.60
10010,10011,2022121403001314,NRIC,33,11,64,694.20,44428.80
10011,10012,2022121401002561,CYCL,34,17,10,2486.20,24862.00
10012,10013,2022121401002560,MEGA,51,43,82,193.30,15850.60
10013,10014,2022121401002559,MEGA,45,43,10,193.50,1935.00
10014,10015,2022121401002558,MEGA,11,43,60,193.50,11610.00
10015,10016,2022121401002557,MEGA,52,43,40,193.50,7740.00
10016,10017,2022121401002556,MEGA,41,43,50,193.50,9675.00
10017,10018,2022121401002555,MEGA,49,43,40,193.50,7740.00
10018,10019,2022121401002554,MEGA,52,43,35,193.50,6772.50
10019,10020,2022121401002553,MEGA,19,43,129,193.60,24974.40
10020,10021,2022121401002552,USHEC,10,58,10,247.50,2475.00
10021,10022,2022121401002551,GBIME,16,8,1000,208.50,208500.00
10022,10023,2022121401002550,AVYAN,42,58,10,698.00,6980.00
10023,10024,2022121404001346,SSHL,29,6,200,170.00,34000.00
10024,10025,2022121401002549,SHIVM,43,58,200,548.00,109600.00
10025,10026,2022121401002548,HHL,32,49,10,214.00,2140.00
10026,10027,2022121401002547,HHL,32,58,10,214.00,2140.00
10027,10028,2022121401002546,HHL,32,13,10,214.00,2140.00
10028,10029,2022121401002545,ULBSL,21,34,10,3430.00,34300.00
10029,10030,2022121403001313,HIDCL,43,8,133,164.20,21838.60
10030,10031,2022121401002544,PRVU,41,47,93,200.80,18674.40
10031,10032,2022121401002543,RHGCL,22,58,10,206.10,2061.00
10032,10033,2022121401002542,BHDC,47,58,10,344.10,3441.00
10033,10034,2022121401002541,DORDI,48,49,10,230.10,2301.00
10034,10035,2022121403001312,SKBBL,42,45,50,1115.00,55750.00
10035,10036,2022121403001311,NIFRA,29,43,44,184.20,8104.80
10036,10037,2022121401002540,RHGCL,22,17,10,206.10,2061.00
10037,10038,2022121401002539,NABIL,6,38,208,815.00,169520.00
10038,10039,2022121401002538,NABIL,56,38,200,815.00,163000.00
10039,10040,2022121401002537,NABIL,42,38,10,815.00,8150.00
10040,10041,2022121401002536,NABIL,13,38,10,815.00,8150.00
10041,10042,2022121401002535,NABIL,8,38,50,815.00,40750.00
10042,10043,2022121401002534,NABIL,14,38,50,815.00,40750.00
10043,10044,2022121401002533,NABIL,7,38,10,815.00,8150.00
10044,10045,2022121401002532,NABIL,36,38,11,815.10,8966.10
10045,10046,2022121401002531,NABIL,58,38,51,815.40,41585.40
10046,10047,2022121404001345,UPPER,58,48,40,391.00,15640.00
10047,10048,2022121401002530,USHEC,10,29,10,247.50,2475.00
10048,10049,2022121403001310,GUFL,46,48,10,521.00,5210.00
10049,10050,2022121403001309,GBBL,32,28,10,380.10,3801.00
10050,10051,2022121403001308,NADEP,58,38,12,678.00,8136.00
10051,10052,2022121403001307,NLIC,42,58,50,609.00,30450.00
10052,10053,2022121401002529,KDBY,33,58,100,8.10,810.00
10053,10054,2022121403001306,GBBL,40,28,70,380.10,26607.00
10054,10055,2022121403001305,GBBL,32,28,100,380.10,38010.00
10055,10056,2022121403001304,GBBL,49,28,50,380.10,19005.00
10056,10057,2022121401002528,PPL,58,49,10,202.00,2020.00
10057,10058,2022121401002527,GVL,29,35,10,306.40,3064.00
10058,10059,2022121401002526,NBL,34,34,68,275.00,18700.00
10059,10060,2022121401002525,NBL,34,45,108,275.00,29700.00
10060,10061,2022121401002524,PCBL,42,32,100,225.00,22500.00
10061,10062,2022121404001344,RHPL,45,10,50,246.00,12300.00
10062,10063,2022121401002523,SGHC,4,47,374,252.00,94248.00
10063,10064,2022121403001303,NADEP,58,38,12,678.00,8136.00
10064,10065,2022121403001302,HIDCL,43,29,1536,164.20,252211.20
10065,10066,2022121403001301,HIDCL,58,29,15,164.20,2463.00
10066,10067,2022121403001300,HIDCL,50,29,49,164.20,8045.80
10067,10068,2022121403001299,HIDCL,35,29,100,164.30,16430.00
10068,10069,2022121403001298,HIDCL,42,29,20,164.50,3290.00
10069,10070,2022121403001297,HIDCL,38,29,80,164.60,13168.00
10070,10071,2022121403001296,HIDCL,11,29,100,165.00,16500.00
10071,10072,2022121403001295,HIDCL,32,29,100,165.00,16500.00
10072,10073,2022121403001294,DDBL,56,42,10,1033.00,10330.00
10073,10074,2022121403001293,DDBL,56,50,10,1032.90,10329.00
10074,10075,2022121403001292,DDBL,56,34,20,1032.50,20650.00
10075,10076,2022121401002522,HBL,35,53,200,327.50,65500.00
10076,10077,2022121404001343,SAEF,26,10,1500,9.80,14700.00
10077,10078,2022121403001291,NTC,44,45,10,909.00,9090.00
10078,10079,2022121401002521,UHEWA,6,55,15,346.00,5190.00
10079,10080,2022121401002520,PRVU,7,47,100,200.80,20080.00
10080,10081,2022121404001342,UPPER,42,48,200,391.00,78200.00
10081,10082,2022121403001290,GUFL,46,48,58,521.00,30218.00
10082,10083,2022121405000381,SAHAS,39,39,10,448.00,4480.00
10083,10084,2022121401002519,RHGCL,22,49,10,206.10,2061.00
10084,10085,2022121403001289,NLIC,48,58,15,609.00,9135.00
10085,10086,2022121403001288,NTC,44,5,150,909.00,136350.00
10086,10087,2022121401002518,EBL,5,54,10,444.20,4442.00
10087,10088,2022121403001287,MNBBL,38,53,60,419.00,25140.00
10088,10089,2022121401002517,KBL,33,32,735,185.10,136048.50
10089,10090,2022121405000380,NYADI,40,58,10,274.60,2746.00
10090,10091,2022121405000379,NYADI,40,44,10,274.60,2746.00
10091,10092,2022121401002516,GBIME,14,51,20,208.00,4160.00
10092,10093,2022121404001341,BARUN,58,41,10,202.00,2020.00
10093,10094,2022121405000378,MBJC,41,35,10,210.30,2103.00
10094,10095,2022121401002515,SIKLES,58,58,10,373.50,3735.00
10095,10096,2022121403001286,NTC,44,5,241,909.00,219069.00
10096,10097,2022121404001340,SJCL,57,36,40,235.00,9400.00
10097,10098,2022121404001339,UPPER,48,48,100,391.00,39100.00
10098,10099,2022121401002514,SBI,5,34,35,278.00,9730.00
10099,10100,2022121401002513,NBL,26,45,92,275.00,25300.00
10100,10101,2022121401002512,NBL,26,49,58,275.00,15950.00
10101,10102,2022121401002511,PPL,58,57,10,202.00,2020.00
10102,10103,2022121403001285,NRIC,50,29,20,695.00,13900.00
10103,10104,2022121401002510,PPL,50,38,10,205.00,2050.00
10104,10105,2022121401002509,PPL,50,58,10,203.00,2030.00
10105,10106,2022121401002508,PRVU,58,47,10,200.80,2008.00
10106,10107,2022121403001284,KSBBL,6,53,20,304.20,6084.00
10107,10108,2022121403001283,ALICL,41,29,62,505.10,31316.20
10108,10109,2022121403001282,ALICL,25,29,10,506.00,5060.00
10109,10110,2022121405000377,NYADI,40,19,10,274.40,2744.00
10110,10111,2022121405000376,NYADI,40,20,10,274.40,2744.00
10111,10112,2022121401002507,SCB,34,40,50,400.00,20000.00
10112,10113,2022121404001338,SSHL,58,6,500,169.50,84750.00
10113,10114,2022121401002506,NABIL,58,6,10,815.50,8155.00
10114,10115,2022121403001281,NTC,44,5,259,910.00,235690.00
10115,10116,2022121401002505,SGHC,4,57,10,252.00,2520.00
10116,10117,2022121405000375,NYADI,40,34,10,274.00,2740.00
10117,10118,2022121401002504,RHGCL,22,38,59,206.10,12159.90
10118,10119,2022121401002503,HDL,58,29,10,3835.00,38350.00
10119,10120,2022121401002502,HDL,58,42,30,3835.00,115050.00
10120,10121,2022121401002501,ULBSL,21,43,10,3430.00,34300.00
10121,10122,2022121403001280,NTC,44,14,100,910.00,91000.00
10122,10123,2022121403001279,NTC,44,33,100,910.00,91000.00
10123,10124,2022121403001278,NTC,44,5,100,910.00,91000.00
10124,10125,2022121403001277,NTC,44,39,50,910.00,45500.00
10125,10126,2022121403001276,NTC,44,43,59,910.00,53690.00
10126,10127,2022121403001275,NTC,44,53,200,909.90,181980.00
10127,10128,2022121401002500,SIKLES,38,56,10,374.00,3740.00
10128,10129,2022121401002499,SIKLES,58,56,300,374.00,112200.00
10129,10130,2022121401002498,SIKLES,45,56,20,374.00,7480.00
10130,10131,2022121401002497,UHEWA,6,44,10,346.00,3460.00
10131,10132,2022121404001337,AHPC,55,56,10,268.90,2689.00
10132,10133,2022121401002496,USHEC,10,58,10,248.10,2481.00
10133,10134,2022121404001336,SSHL,34,6,100,170.00,17000.00
10134,10135,2022121404001335,SSHL,38,6,180,170.00,30600.00
10135,10136,2022121401002495,HDL,58,42,20,3835.00,76700.00
10136,10137,2022121401002494,HDL,58,53,50,3834.00,191700.00
10137,10138,2022121401002493,HDL,58,21,30,3834.00,115020.00
10138,10139,2022121405000374,NYADI,40,16,10,273.90,2739.00
10139,10140,2022121401002492,NABIL,58,6,10,815.50,8155.00
10140,10141,2022121403001274,HIDCL,58,57,16,165.50,2648.00
10141,10142,2022121403001273,HIDCL,58,48,169,165.50,27969.50
10142,10143,2022121403001272,HIDCL,58,45,15,165.40,2481.00
10143,10144,2022121401002491,MBL,17,53,80,214.00,17120.00
10144,10145,2022121403001271,NTC,44,38,22,909.00,19998.00
10145,10146,2022121403001270,NTC,44,49,10,909.00,9090.00
10146,10147,2022121403001269,NTC,44,50,100,909.00,90900.00
10147,10148,2022121404001334,SHL,6,32,400,219.90,87960.00
10148,10149,2022121401002490,RHGCL,22,32,10,206.10,2061.00
10149,10150,2022121403001268,SKBBL,44,47,100,1109.00,110900.00
10150,10151,2022121404001333,BARUN,58,51,65,203.00,13195.00
10151,10152,2022121401002489,NABIL,58,36,10,815.40,8154.00
10152,10153,2022121404001332,AIL,45,48,10,375.00,3750.00
10153,10154,2022121404001331,AIL,20,19,20,372.00,7440.00
10154,10155,2022121401002488,GBIME,44,51,50,207.80,10390.00
10155,10156,2022121401002487,GBIME,14,51,100,207.90,20790.00
10156,10157,2022121401002486,GBIME,42,51,50,207.90,10395.00
10157,10158,2022121401002485,NABIL,58,45,64,815.40,52185.60
10158,10159,2022121401002484,KBL,33,53,156,185.10,28875.60
10159,10160,2022121401002483,KBL,16,53,20,185.30,3706.00
10160,10161,2022121401002482,KBL,33,53,24,185.30,4447.20
10161,10162,2022121404001330,CHCL,45,41,27,385.00,10395.00
10162,10163,2022121404001329,BARUN,58,57,29,203.00,5887.00
10163,10164,2022121401002481,BHL,28,54,10,246.30,2463.00
10164,10165,2022121401002480,MHL,17,56,10,307.80,3078.00
10165,10166,2022121404001328,RIDI,41,4,100,488.00,48800.00
10166,10167,2022121403001267,NIFRA,32,43,10,185.00,1850.00
10167,10168,2022121401002479,NABIL,58,45,26,815.40,21200.40
10168,10169,2022121401002478,NABIL,58,6,24,815.40,19569.60
10169,10170,2022121403001266,SDLBSL,14,28,14,935.00,13090.00
10170,10171,2022121401002477,KBL,34,32,105,185.50,19477.50
10171,10172,2022121404001327,BARUN,58,57,301,203.00,61103.00
10172,10173,2022121404001326,BARUN,58,42,200,203.00,40600.00
10173,10174,2022121401002476,MEGA,19,38,171,193.60,33105.60
10174,10175,2022121401002475,BHL,28,58,10,246.30,2463.00
10175,10176,2022121401002474,SPHL,35,43,10,350.00,3500.00
10176,10177,2022121401002473,PPL,58,58,10,202.00,2020.00
10177,10178,2022121401002472,SIKLES,34,54,10,375.00,3750.00
10178,10179,2022121403001265,GLBSL,38,33,35,772.00,27020.00
10179,10180,2022121403001264,GLBSL,39,33,12,772.10,9265.20
10180,10181,2022121401002471,KBL,13,32,140,185.60,25984.00
10181,10182,2022121401002470,SIKLES,34,37,990,375.00,371250.00
10182,10183,2022121401002469,SIKLES,34,37,370,375.00,138750.00
10183,10184,2022121401002468,SIKLES,58,37,10,375.50,3755.00
10184,10185,2022121403001263,BFC,45,6,64,306.00,19584.00
10185,10186,2022121401002467,NMB,52,6,83,232.00,19256.00
10186,10187,2022121401002466,NMB,52,57,17,232.00,3944.00
10187,10188,2022121401002465,SANIMA,53,56,10,224.00,2240.00
10188,10189,2022121403001262,SWBBL,17,52,10,1176.90,11769.00
10189,10190,2022121405000373,SLI,45,50,10,338.00,3380.00
10190,10191,2022121405000372,SLI,45,49,10,338.00,3380.00
10191,10192,2022121405000371,SLI,45,29,10,338.00,3380.00
10192,10193,2022121405000370,SLI,45,49,10,337.00,3370.00
10193,10194,2022121405000369,SLI,45,42,10,337.00,3370.00
10194,10195,2022121405000368,SLI,45,32,10,337.00,3370.00
10195,10196,2022121405000367,SLI,45,7,10,335.00,3350.00
10196,10197,2022121405000366,SLI,45,58,10,333.00,3330.00
10197,10198,2022121405000365,SLI,45,32,10,333.00,3330.00
10198,10199,2022121405000364,SLI,45,54,10,332.50,3325.00
10199,10200,2022121403001261,NICLBSL,36,28,20,710.00,14200.00
10200,10201,2022121401002464,NESDO,38,46,10,3300.00,33000.00
10201,10202,2022121401002463,NESDO,38,51,15,3290.00,49350.00
10202,10203,2022121403001260,NMFBS,14,32,49,2005.00,98245.00
10203,10204,2022121405000363,SLI,36,16,10,331.50,3315.00
10204,10205,2022121401002462,SGHC,4,41,10,252.00,2520.00
10205,10206,2022121401002461,SGHC,4,58,10,252.00,2520.00
10206,10207,2022121401002460,USHEC,10,13,10,248.10,2481.00
10207,10208,2022121401002459,MHL,17,53,10,307.80,3078.00
10208,10209,2022121401002458,SPHL,35,44,10,350.00,3500.00
10209,10210,2022121401002457,NABIL,26,6,62,815.40,50554.80
10210,10211,2022121401002456,NABIL,26,32,138,815.40,112525.20
10211,10212,2022121403001259,NIFRA,29,35,32,184.20,5894.40
10212,10213,2022121403001258,NIFRA,7,35,22,184.20,4052.40
10213,10214,2022121401002455,SGHC,4,58,10,252.00,2520.00
10214,10215,2022121401002454,CZBIL,14,37,85,179.90,15291.50
10215,10216,2022121401002453,HHL,22,38,10,214.00,2140.00
10216,10217,2022121401002452,SCB,14,28,23,400.00,9200.00
10217,10218,2022121401002451,SIKLES,34,41,10,375.00,3750.00
10218,10219,2022121401002450,PPL,58,45,10,202.00,2020.00
10219,10220,2022121404001325,SIL,38,42,10,493.00,4930.00
10220,10221,2022121404001324,SIL,38,41,12,493.00,5916.00
10221,10222,2022121401002449,GBIME,44,16,106,207.80,22026.80
10222,10223,2022121401002448,GBIME,26,16,10,207.80,2078.00
10223,10224,2022121401002447,GBIME,32,16,12,207.80,2493.60
10224,10225,2022121401002446,NABIL,51,22,60,815.30,48918.00
10225,10226,2022121403001257,ICFC,35,48,10,427.10,4271.00
10226,10227,2022121401002445,USHEC,10,43,10,248.10,2481.00
10227,10228,2022121401002444,PPL,58,35,10,202.00,2020.00
10228,10229,2022121404001323,HEI,59,17,10,363.00,3630.00
10229,10230,2022121403001256,RMDC,35,42,20,950.00,19000.00
10230,10231,2022121403001255,CHDC,49,50,10,651.00,6510.00
10231,10232,2022121404001322,AKPL,13,32,75,343.10,25732.50
10232,10233,2022121404001321,AKPL,35,32,25,343.20,8580.00
10233,10234,2022121403001254,ICFC,35,58,25,427.10,10677.50
10234,10235,2022121404001320,UPPER,45,16,202,391.50,79083.00
10235,10236,2022121404001319,UPPER,45,36,150,391.40,58710.00
10236,10237,2022121403001253,NLIC,14,45,10,608.00,6080.00
10237,10238,2022121404001318,UNHPL,41,43,50,186.80,9340.00
10238,10239,2022121401002443,SANIMA,58,56,150,224.00,33600.00
10239,10240,2022121403001252,MLBSL,1,26,10,4018.90,40189.00
10240,10241,2022121401002442,BOKL,40,16,50,205.70,10285.00
10241,10242,2022121401002441,BOKL,45,16,11,205.70,2262.70
10242,10243,2022121401002440,BOKL,38,16,11,206.00,2266.00
10243,10244,2022121403001251,DDBL,58,33,20,1031.00,20620.00
10244,10245,2022121403001250,DDBL,58,43,100,1031.00,103100.00
10245,10246,2022121403001249,DDBL,58,43,100,1030.90,103090.00
10246,10247,2022121401002439,PRVU,52,1,200,200.30,40060.00
10247,10248,2022121404001317,SICL,55,13,30,770.00,23100.00
10248,10249,2022121401002438,PPL,50,58,10,201.30,2013.00
10249,10250,2022121401002437,NABIL,13,22,50,815.30,40765.00
10250,10251,2022121401002436,SIKLES,34,38,10,375.00,3750.00
10251,10252,2022121404001316,RHPL,58,49,10,244.00,2440.00
10252,10253,2022121405000362,MBJC,41,46,10,210.30,2103.00
10253,10254,2022121404001315,RHPL,58,58,185,244.00,45140.00
10254,10255,2022121401002435,PCBL,53,32,108,225.00,24300.00
10255,10256,2022121404001314,UPPER,11,43,40,390.00,15600.00
10256,10257,2022121403001248,GBBL,49,14,150,380.10,57015.00
10257,10258,2022121403001247,SKBBL,21,53,50,1110.00,55500.00
10258,10259,2022121401002434,MBL,17,42,1500,214.00,321000.00
10259,10260,2022121403001246,NTC,41,49,10,908.00,9080.00
10260,10261,2022121401002433,RHGCL,22,38,40,206.10,8244.00
10261,10262,2022121401002432,USHEC,10,49,10,248.10,2481.00
10262,10263,2022121405000361,MBJC,41,58,30,210.30,6309.00
10263,10264,2022121403001245,GILB,58,54,10,1130.00,11300.00
10264,10265,2022121403001244,NTC,45,3,264,905.50,239052.00
10265,10266,2022121403001243,NTC,45,3,36,905.60,32601.60
10266,10267,2022121401002431,CBL,52,53,10,211.50,2115.00
10267,10268,2022121401002430,LBL,8,19,520,192.30,99996.00
10268,10269,2022121401002429,LBL,14,19,20,193.50,3870.00
10269,10270,2022121402001065,EHPL,55,49,10,237.60,2376.00
10270,10271,2022121405000360,MKJC,44,28,1000,404.00,404000.00
10271,10272,2022121405000359,MKJC,44,35,10,404.00,4040.00
10272,10273,2022121404001313,SHPC,17,34,290,271.00,78590.00
10273,10274,2022121401002428,MHL,17,28,10,307.80,3078.00
10274,10275,2022121401002427,PPL,50,58,500,201.30,100650.00
10275,10276,2022121401002426,BHDC,47,58,10,344.10,3441.00
10276,10277,2022121403001242,CHDC,49,46,10,651.00,6510.00
10277,10278,2022121403001241,RSDC,55,58,22,528.00,11616.00
10278,10279,2022121401002425,NESDO,38,56,20,3300.00,66000.00
10279,10280,2022121401002424,NESDO,38,59,12,3298.00,39576.00
10280,10281,2022121401002423,AVYAN,34,58,10,697.10,6971.00
10281,10282,2022121401002422,SANIMA,58,56,89,224.00,19936.00
10282,10283,2022121403001240,NLICL,41,34,100,500.00,50000.00
10283,10284,2022121404001312,PRIN,34,8,10,406.70,4067.00
10284,10285,2022121401002421,GVL,29,44,10,306.40,3064.00
10285,10286,2022121401002420,ADBL,57,53,29,312.00,9048.00
10286,10287,2022121401002419,HDL,6,21,10,3834.00,38340.00
10287,10288,2022121403001239,NADEP,14,28,25,675.00,16875.00
10288,10289,2022121401002418,GVL,29,25,10,306.40,3064.00
10289,10290,2022121403001238,KSBBL,57,34,65,305.00,19825.00
10290,10291,2022121403001237,KSBBL,57,34,35,305.00,10675.00
10291,10292,2022121401002417,NABIL,45,22,24,815.30,19567.20
10292,10293,2022121405000358,JBLB,42,8,13,2745.00,35685.00
10293,10294,2022121405000357,JBLB,42,48,10,2743.00,27430.00
10294,10295,2022121405000356,JBLB,42,19,17,2740.00,46580.00
10295,10296,2022121403001236,MLBSL,49,34,18,4001.00,72018.00
10296,10297,2022121401002416,GVL,29,13,10,306.40,3064.00
10297,10298,2022121401002415,GBIME,22,8,30,208.00,6240.00
10298,10299,2022121401002414,GBIME,41,8,44,208.00,9152.00
10299,10300,2022121401002413,GBIME,42,8,72,208.00,14976.00
10300,10301,2022121401002412,GBIME,58,8,100,208.00,20800.00
10301,10302,2022121401002411,GBIME,4,8,200,208.00,41600.00
10302,10303,2022121401002410,GBIME,49,8,25,208.00,5200.00
10303,10304,2022121401002409,GBIME,38,8,220,208.00,45760.00
10304,10305,2022121401002408,GBIME,8,8,500,208.00,104000.00
10305,10306,2022121401002407,GBIME,22,8,50,208.00,10400.00
10306,10307,2022121401002406,GBIME,44,8,20,208.00,4160.00
10307,10308,2022121401002405,GBIME,54,8,100,208.00,20800.00
10308,10309,2022121401002404,GBIME,54,8,16,208.00,3328.00
10309,10310,2022121401002403,GBIME,11,8,44,208.00,9152.00
10310,10311,2022121401002402,SCB,16,57,10,401.00,4010.00
10311,10312,2022121403001235,NIFRA,7,35,64,184.20,11788.80
10312,10313,2022121404001311,UMHL,39,43,14,224.00,3136.00
10313,10314,2022121401002401,NABIL,6,22,25,815.30,20382.50
10314,10315,2022121403001234,GBBL,14,14,50,380.20,19010.00
10315,10316,2022121405000355,MBJC,41,28,10,210.30,2103.00
10316,10317,2022121401002400,PCBL,16,19,10,225.40,2254.00
10317,10318,2022121401002399,GBIME,28,8,5000,208.10,1040500.00
10318,10319,2022121401002398,GBIME,28,8,100,208.10,20810.00
10319,10320,2022121401002397,GBIME,38,8,100,208.10,20810.00
10320,10321,2022121401002396,GBIME,35,8,400,208.10,83240.00
10321,10322,2022121401002395,GBIME,58,8,140,208.20,29148.00
10322,10323,2022121401002394,GBIME,28,8,20,208.20,4164.00
10323,10324,2022121401002393,GBIME,28,8,100,208.30,20830.00
10324,10325,2022121401002392,GBIME,56,8,200,208.50,41700.00
10325,10326,2022121401002391,GBIME,59,8,100,208.50,20850.00
10326,10327,2022121401002390,GBIME,49,8,200,208.50,41700.00
10327,10328,2022121401002389,RHGCL,22,7,10,206.10,2061.00
10328,10329,2022121401002388,BHL,28,13,10,246.30,2463.00
10329,10330,2022121401002387,GVL,41,42,10,309.00,3090.00
10330,10331,2022121401002386,NICA,16,40,10,683.90,6839.00
10331,10332,2022121401002385,SRBL,38,43,121,183.00,22143.00
10332,10333,2022121405000354,JBLB,21,32,10,2735.00,27350.00
10333,10334,2022121401002384,SGHC,4,53,10,252.00,2520.00
10334,10335,2022121401002383,SBL,54,45,200,309.90,61980.00
10335,10336,2022121401002382,SBL,41,45,100,310.00,31000.00
10336,10337,2022121401002381,SBL,20,45,152,310.00,47120.00
10337,10338,2022121401002380,RHGCL,22,49,10,206.10,2061.00
10338,10339,2022121401002379,BHDC,47,44,10,344.10,3441.00
10339,10340,2022121401002378,UHEWA,6,34,125,346.00,43250.00
10340,10341,2022121401002377,UHEWA,58,34,100,346.00,34600.00
10341,10342,2022121401002376,UHEWA,33,34,20,346.30,6926.00
10342,10343,2022121401002375,UHEWA,33,34,130,346.50,45045.00
10343,10344,2022121401002374,UHEWA,55,34,80,346.60,27728.00
10344,10345,2022121401002373,UHEWA,41,34,150,346.70,52005.00
10345,10346,2022121401002372,UHEWA,6,34,20,346.90,6938.00
10346,10347,2022121404001310,UMHL,39,36,500,224.00,112000.00
10347,10348,2022121401002371,NABIL,45,22,20,815.30,16306.00
10348,10349,2022121403001233,NICLBSL,38,21,21,710.00,14910.00
10349,10350,2022121403001232,NICLBSL,44,21,15,710.00,10650.00
10350,10351,2022121403001231,NICLBSL,42,21,10,710.00,7100.00
10351,10352,2022121403001230,NICLBSL,58,21,10,710.00,7100.00
10352,10353,2022121401002370,SGHC,4,49,10,252.00,2520.00
10353,10354,2022121401002369,GVL,29,51,10,306.40,3064.00
10354,10355,2022121405000353,MBJC,41,21,10,210.40,2104.00
10355,10356,2022121403001229,SADBL,17,41,10,300.00,3000.00
10356,10357,2022121403001228,SADBL,22,41,380,300.00,114000.00
10357,10358,2022121402001064,PHCL,41,57,10,270.00,2700.00
10358,10359,2022121403001227,NADEP,40,29,75,669.00,50175.00
10359,10360,2022121403001226,NADEP,17,29,25,669.20,16730.00
10360,10361,2022121403001225,NADEP,26,29,170,670.00,113900.00
10361,10362,2022121403001224,NADEP,46,29,100,670.10,67010.00
10362,10363,2022121401002368,PPL,50,45,10,201.30,2013.00
10363,10364,2022121401002367,CBL,45,16,40,212.00,8480.00
10364,10365,2022121401002366,CBL,45,58,60,212.00,12720.00
10365,10366,2022121401002365,NMB,42,21,12,230.00,2760.00
10366,10367,2022121401002364,KBL,13,57,50,185.60,9280.00
10367,10368,2022121403001223,MNBBL,21,59,96,419.50,40272.00
10368,10369,2022121403001222,KRBL,28,43,33,252.00,8316.00
10369,10370,2022121403001221,ALBSL,14,28,1,925.00,925.00
10370,10371,2022121401002363,DORDI,45,53,10,230.00,2300.00
10371,10372,2022121404001309,AKPL,58,32,100,343.20,34320.00
10372,10373,2022121403001220,ALICL,57,34,16,507.00,8112.00
10373,10374,2022121404001308,SJCL,11,43,10,234.00,2340.00
10374,10375,2022121401002362,SBL,20,41,170,310.00,52700.00
10375,10376,2022121401002361,SBL,58,41,10,310.00,3100.00
10376,10377,2022121401002360,SBL,45,41,100,310.00,31000.00
10377,10378,2022121401002359,SBL,17,41,200,310.00,62000.00
10378,10379,2022121401002358,SBL,13,41,20,310.00,6200.00
10379,10380,2022121403001219,NLIC,39,45,200,608.00,121600.00
10380,10381,2022121401002357,SCB,34,43,30,400.00,12000.00
10381,10382,2022121405000352,SLI,36,46,10,331.50,3315.00
10382,10383,2022121401002356,NBL,42,6,25,274.60,6865.00
10383,10384,2022121401002355,SGHC,4,51,10,252.00,2520.00
10384,10385,2022121404001307,RIDI,45,41,50,486.00,24300.00
10385,10386,2022121404001306,RIDI,25,41,600,486.10,291660.00
10386,10387,2022121404001305,RIDI,21,41,100,486.20,48620.00
10387,10388,2022121404001304,RIDI,41,41,100,486.30,48630.00
10388,10389,2022121401002354,NESDO,14,21,10,3280.00,32800.00
10389,10390,2022121405000351,MBJC,41,13,10,210.30,2103.00
10390,10391,2022121403001218,SHINE,59,41,300,331.10,99330.00
10391,10392,2022121403001217,SHINE,49,41,100,331.10,33110.00
10392,10393,2022121403001216,SHINE,49,41,100,331.20,33120.00
10393,10394,2022121403001215,KRBL,28,43,100,252.00,25200.00
10394,10395,2022121401002353,SCB,17,43,30,400.00,12000.00
10395,10396,2022121401002352,RFPL,11,25,10,226.00,2260.00
10396,10397,2022121405000350,JBLB,21,32,32,2735.00,87520.00
10397,10398,2022121405000349,JBLB,21,49,17,2735.00,46495.00
10398,10399,2022121403001214,NIFRA,7,8,14,184.20,2578.80
10399,10400,2022121403001213,NIFRA,50,8,40,184.30,7372.00
10400,10401,2022121403001212,FOWAD,16,55,10,2585.20,25852.00
10401,10402,2022121403001211,FOWAD,47,55,10,2585.30,25853.00
10402,10403,2022121403001210,HIDCL,49,45,485,165.40,80219.00
10403,10404,2022121401002351,SIKLES,34,47,10,375.00,3750.00
10404,10405,2022121401002350,SHIVM,48,55,50,546.60,27330.00
10405,10406,2022121401002349,SHIVM,6,55,200,547.00,109400.00
10406,10407,2022121403001209,CLBSL,18,28,21,753.00,15813.00
10407,10408,2022121401002348,LBL,14,28,300,193.50,58050.00
10408,10409,2022121401002347,MMF1,47,4,1500,7.16,10740.00
10409,10410,2022121403001208,ICFC,33,17,25,428.00,10700.00
10410,10411,2022121404001303,UNHPL,16,21,50,186.50,9325.00
10411,10412,2022121401002346,SIKLES,34,42,500,375.00,187500.00
10412,10413,2022121404001302,AHPC,38,55,190,266.00,50540.00
10413,10414,2022121404001301,AHPC,46,55,10,266.10,2661.00
10414,10415,2022121402001063,PHCL,18,45,10,270.00,2700.00
10415,10416,2022121402001062,PHCL,18,58,10,270.00,2700.00
10416,10417,2022121402001061,PHCL,18,49,10,270.00,2700.00
10417,10418,2022121402001060,PHCL,18,48,10,270.00,2700.00
10418,10419,2022121402001059,PHCL,18,19,10,270.00,2700.00
10419,10420,2022121402001058,PHCL,18,38,10,270.00,2700.00
10420,10421,2022121402001057,PHCL,18,38,10,270.00,2700.00
10421,10422,2022121402001056,PHCL,18,38,10,270.00,2700.00
10422,10423,2022121402001055,PHCL,18,29,10,270.00,2700.00
10423,10424,2022121402001054,PHCL,18,11,10,270.00,2700.00
10424,10425,2022121401002345,GBIME,34,8,91,209.00,19019.00
10425,10426,2022121401002344,GBIME,7,8,50,209.00,10450.00
10426,10427,2022121401002343,GBIME,36,8,25,209.00,5225.00
10427,10428,2022121401002342,GBIME,54,8,145,209.00,30305.00
10428,10429,2022121401002341,GBIME,22,8,100,209.00,20900.00
10429,10430,2022121401002340,GBIME,13,8,128,209.00,26752.00
10430,10431,2022121401002339,GBIME,3,8,50,209.50,10475.00
10431,10432,2022121401002338,GBIME,57,8,211,209.50,44204.50
10432,10433,2022121404001300,UNHPL,47,21,100,186.60,18660.00
10433,10434,2022121401002337,HHL,56,50,90,213.90,19251.00
10434,10435,2022121401002336,HHL,52,50,40,214.00,8560.00
10435,10436,2022121404001299,AHPC,37,56,10,268.90,2689.00
10436,10437,2022121404001298,PMHPL,45,43,10,191.00,1910.00
10437,10438,2022121404001297,IGI,44,34,100,361.00,36100.00
10438,10439,2022121401002335,SGHC,4,25,10,252.00,2520.00
10439,10440,2022121401002334,NABIL,38,32,40,815.40,32616.00
10440,10441,2022121403001207,NLICL,28,34,110,500.00,55000.00
10441,10442,2022121403001206,NLICL,57,34,10,500.10,5001.00
10442,10443,2022121401002333,NABIL,21,32,10,815.40,8154.00
10443,10444,2022121404001296,RIDI,41,50,95,486.50,46217.50
10444,10445,2022121404001295,UPCL,28,58,10,218.00,2180.00
10445,10446,2022121401002332,KLBS,14,57,10,505.70,5057.00
10446,10447,2022121403001205,PFL,58,43,48,331.00,15888.00
10447,10448,2022121401002331,NIB,22,38,26,218.10,5670.60
10448,10449,2022121401002330,NIB,34,38,37,218.20,8073.40
10449,10450,2022121401002329,DORDI,45,49,10,230.00,2300.00
10450,10451,2022121404001294,RHPL,58,55,400,244.00,97600.00
10451,10452,2022121404001293,SJCL,11,22,102,234.00,23868.00
10452,10453,2022121404001292,SJCL,39,22,100,234.00,23400.00
10453,10454,2022121404001291,NHPC,16,45,10,200.00,2000.00
10454,10455,2022121401002328,NABIL,16,32,112,815.40,91324.80
10455,10456,2022121401002327,NABIL,16,21,25,815.40,20385.00
10456,10457,2022121403001204,GBBL,26,14,150,380.20,57030.00
10457,10458,2022121405000348,MBJC,41,14,10,210.30,2103.00
10458,10459,2022121401002326,NICA,32,21,73,680.10,49647.30
10459,10460,2022121405000347,SLI,36,4,10,331.50,3315.00
10460,10461,2022121401002325,KBL,21,32,20,185.80,3716.00
10461,10462,2022121403001203,NFS,58,56,20,256.00,5120.00
10462,10463,2022121404001290,BPCL,38,6,10,303.50,3035.00
10463,10464,2022121401002324,USHEC,10,8,10,248.10,2481.00
10464,10465,2022121401002323,RHGCL,22,45,10,206.10,2061.00
10465,10466,2022121405000346,SLI,36,8,10,331.50,3315.00
10466,10467,2022121404001289,UMHL,39,46,23,224.00,5152.00
10467,10468,2022121403001202,NRN,22,43,10,400.00,4000.00
10468,10469,2022121401002322,NICA,22,21,27,680.20,18365.40
10469,10470,2022121401002321,NBF3,45,17,100,7.31,731.00
10470,10471,2022121401002320,NBF3,45,16,1000,7.31,7310.00
10471,10472,2022121401002319,NBF3,45,1,100,7.31,731.00
10472,10473,2022121403001201,FMDBL,34,49,20,708.00,14160.00
10473,10474,2022121401002318,GBIME,57,36,17,209.50,3561.50
10474,10475,2022121404001288,SHEL,56,8,10,228.50,2285.00
10475,10476,2022121403001200,KRBL,48,43,200,252.00,50400.00
10476,10477,2022121401002317,SHIVM,48,55,112,546.60,61219.20
10477,10478,2022121401002316,SHIVM,6,55,11,547.00,6017.00
10478,10479,2022121401002315,SHIVM,53,55,33,548.00,18084.00
10479,10480,2022121401002314,SHIVM,53,55,44,548.10,24116.40
10480,10481,2022121404001287,NGPL,16,52,10,208.90,2089.00
10481,10482,2022121404001286,SJCL,56,22,145,236.20,34249.00
10482,10483,2022121404001285,SJCL,41,22,50,236.20,11810.00
10483,10484,2022121403001199,NRIC,33,43,46,694.20,31933.20
10484,10485,2022121401002313,PRVU,7,47,20,200.80,4016.00
10485,10486,2022121405000345,NYADI,14,28,10,273.00,2730.00
10486,10487,2022121401002312,ULBSL,21,34,10,3430.00,34300.00
10487,10488,2022121403001198,NIFRA,50,49,10,184.30,1843.00
10488,10489,2022121403001197,FOWAD,22,55,25,2585.40,64635.00
10489,10490,2022121403001196,FOWAD,17,55,25,2586.00,64650.00
10490,10491,2022121403001195,FOWAD,45,55,10,2586.10,25861.00
10491,10492,2022121403001194,FOWAD,25,55,10,2587.00,25870.00
10492,10493,2022121401002311,NMB,35,57,65,232.00,15080.00
10493,10494,2022121401002310,NMB,35,33,100,232.00,23200.00
10494,10495,2022121401002309,NMB,35,45,25,232.00,5800.00
10495,10496,2022121401002308,NMB,35,7,10,232.00,2320.00
10496,10497,2022121401002307,NMB,35,42,200,232.00,46400.00
10497,10498,2022121404001284,SJCL,57,10,200,236.30,47260.00
10498,10499,2022121401002306,NBL,17,49,42,275.00,11550.00
10499,10500,2022121401002305,NBL,17,37,20,275.00,5500.00
10500,10501,2022121401002304,SIKLES,34,38,10,375.00,3750.00
10501,10502,2022121401002303,RHGCL,22,16,10,206.10,2061.00
10502,10503,2022121405000344,NYADI,34,8,10,269.50,2695.00
10503,10504,2022121401002302,NMB,42,43,98,230.00,22540.00
10504,10505,2022121403001193,MLBL,5,32,90,340.00,30600.00
10505,10506,2022121403001192,MLBL,57,32,200,340.00,68000.00
10506,10507,2022121403001191,MLBL,32,32,10,340.00,3400.00
10507,10508,2022121403001190,FMDBL,34,33,300,708.00,212400.00
10508,10509,2022121404001283,AHPC,38,45,370,266.00,98420.00
10509,10510,2022121404001282,AHPC,16,45,130,266.10,34593.00
10510,10511,2022121403001189,MLBL,16,32,10,341.00,3410.00
10511,10512,2022121404001281,DHPL,43,11,14,175.00,2450.00
10512,10513,2022121404001280,NGPL,25,43,26,206.50,5369.00
10513,10514,2022121401002301,NBF3,25,4,730,7.22,5270.60
10514,10515,2022121404001279,AHPC,16,55,170,266.10,45237.00
10515,10516,2022121404001278,AHPC,52,55,30,266.20,7986.00
10516,10517,2022121404001277,AHPC,47,55,100,266.50,26650.00
10517,10518,2022121404001276,DHPL,43,11,20,175.00,3500.00
10518,10519,2022121402001053,EHPL,55,46,10,237.60,2376.00
10519,10520,2022121403001188,PFL,49,51,49,334.00,16366.00
10520,10521,2022121401002300,MHL,17,8,10,307.80,3078.00
10521,10522,2022121403001187,SMFDB,22,45,50,1199.00,59950.00
10522,10523,2022121403001186,MNBBL,34,45,200,420.00,84000.00
10523,10524,2022121404001275,DHPL,43,11,21,175.00,3675.00
10524,10525,2022121404001274,DHPL,43,52,29,174.90,5072.10
10525,10526,2022121401002299,PPL,50,56,10,201.30,2013.00
10526,10527,2022121401002298,SGHC,25,49,20,256.90,5138.00
10527,10528,2022121401002297,KBL,13,49,10,185.60,1856.00
10528,10529,2022121401002296,KDBY,33,32,100,8.10,810.00
10529,10530,2022121405000343,MBJC,41,8,10,210.30,2103.00
10530,10531,2022121401002295,BHL,28,56,10,247.00,2470.00
10531,10532,2022121401002294,BHL,28,53,10,247.00,2470.00
10532,10533,2022121401002293,BHL,28,57,10,247.00,2470.00
10533,10534,2022121401002292,SHIVM,45,42,450,549.90,247455.00
10534,10535,2022121401002291,SHIVM,45,22,50,549.00,27450.00
10535,10536,2022121403001185,MLBL,32,32,1000,340.00,340000.00
10536,10537,2022121403001184,LBBL,54,8,16,317.20,5075.20
10537,10538,2022121403001183,LBBL,42,8,84,318.00,26712.00
10538,10539,2022121403001182,CBBL,54,48,10,1109.00,11090.00
10539,10540,2022121404001273,STC,33,38,15,3600.00,54000.00
10540,10541,2022121404001272,SJCL,43,16,33,238.90,7883.70
10541,10542,2022121403001181,MLBL,32,32,890,340.00,302600.00
10542,10543,2022121403001180,MLBL,11,32,10,340.00,3400.00
10543,10544,2022121403001179,MLBL,58,32,100,340.30,34030.00
10544,10545,2022121401002290,NBF3,42,4,270,7.23,1952.10
10545,10546,2022121404001271,AHPC,47,55,900,266.50,239850.00
10546,10547,2022121404001270,AHPC,17,55,100,267.00,26700.00
10547,10548,2022121403001178,GBBL,26,8,150,380.20,57030.00
10548,10549,2022121403001177,GBBL,58,8,200,380.20,76040.00
10549,10550,2022121403001176,GBBL,17,8,100,380.30,38030.00
10550,10551,2022121403001175,GBBL,57,8,40,380.30,15212.00
10551,10552,2022121403001174,GBBL,41,8,132,381.10,50305.20
10552,10553,2022121403001173,GBBL,46,8,168,382.00,64176.00
10553,10554,2022121403001172,GBBL,47,8,100,382.10,38210.00
10554,10555,2022121404001269,AKPL,58,45,450,343.20,154440.00
10555,10556,2022121404001268,AKPL,38,45,50,344.00,17200.00
10556,10557,2022121403001171,NICLBSL,54,43,20,710.10,14202.00
10557,10558,2022121403001170,NICLBSL,25,43,20,710.20,14204.00
10558,10559,2022121404001267,UMHL,39,54,352,224.00,78848.00
10559,10560,2022121404001266,UMHL,10,54,300,224.20,67260.00
10560,10561,2022121404001265,UMHL,44,54,48,225.00,10800.00
10561,10562,2022121404001264,UMHL,58,54,100,225.20,22520.00
10562,10563,2022121404001263,UMHL,10,54,200,225.20,45040.00
10563,10564,2022121403001169,MNBBL,35,45,50,420.00,21000.00
10564,10565,2022121401002289,HHL,56,8,10,213.90,2139.00
10565,10566,2022121401002288,RHGCL,22,35,10,206.10,2061.00
10566,10567,2022121403001168,GFCL,59,53,22,450.00,9900.00
10567,10568,2022121401002287,PPL,50,56,10,201.30,2013.00
10568,10569,2022121403001167,NICLBSL,41,16,188,713.00,134044.00
10569,10570,2022121404001262,NGPL,33,43,10,206.50,2065.00
10570,10571,2022121404001261,RHPL,58,49,20,244.00,4880.00
10571,10572,2022121401002286,PPL,50,49,10,201.30,2013.00
10572,10573,2022121401002285,CZBIL,16,42,10,180.80,1808.00
10573,10574,2022121401002284,CYCL,34,57,10,2486.20,24862.00
10574,10575,2022121404001260,UPPER,33,46,20,391.00,7820.00
10575,10576,2022121403001166,RLFL,41,44,50,291.00,14550.00
10576,10577,2022121403001165,RLFL,58,44,100,291.10,29110.00
10577,10578,2022121403001164,RLFL,4,44,100,291.20,29120.00
10578,10579,2022121401002283,NIB,34,43,13,218.20,2836.60
10579,10580,2022121401002282,NIB,25,43,50,218.20,10910.00
10580,10581,2022121401002281,RHGCL,22,53,10,206.10,2061.00
10581,10582,2022121401002280,AVYAN,34,21,10,703.00,7030.00
10582,10583,2022121401002279,NBL,57,37,10,275.00,2750.00
10583,10584,2022121403001163,FMDBL,34,46,654,708.00,463032.00
10584,10585,2022121403001162,FMDBL,6,46,500,708.00,354000.00
10585,10586,2022121403001161,FMDBL,34,46,346,709.00,245314.00
10586,10587,2022121403001160,NTC,45,57,22,905.60,19923.20
10587,10588,2022121403001159,NTC,38,57,15,905.70,13585.50
10588,10589,2022121401002278,PPL,34,38,10,201.20,2012.00
10589,10590,2022121403001158,MLBL,14,32,150,341.00,51150.00
10590,10591,2022121403001157,MLBL,37,32,400,341.00,136400.00
10591,10592,2022121403001156,MLBL,34,32,30,341.20,10236.00
10592,10593,2022121404001259,NMBHF1,21,40,2157,9.20,19844.40
10593,10594,2022121404001258,RIDI,38,41,100,487.00,48700.00
10594,10595,2022121401002277,PPL,34,53,10,201.20,2012.00
10595,10596,2022121404001257,PPCL,55,57,100,285.00,28500.00
10596,10597,2022121404001256,BPCL,38,57,20,303.50,6070.00
10597,10598,2022121403001155,MLBL,21,32,15,342.00,5130.00
10598,10599,2022121401002276,GBIME,21,56,21,210.00,4410.00
10599,10600,2022121401002275,GBIME,49,56,122,210.00,25620.00
10600,10601,2022121401002274,HBL,35,32,300,328.00,98400.00
10601,10602,2022121401002273,HBL,35,45,50,327.00,16350.00
10602,10603,2022121401002272,HBL,35,29,50,327.00,16350.00
10603,10604,2022121401002271,HBL,35,3,78,326.00,25428.00
10604,10605,2022121401002270,ULBSL,21,49,10,3430.00,34300.00
10605,10606,2022121401002269,PRVU,52,21,29,200.30,5808.70
10606,10607,2022121404001255,HURJA,45,48,918,196.00,179928.00
10607,10608,2022121404001254,HURJA,43,48,500,196.00,98000.00
10608,10609,2022121404001253,HURJA,14,48,50,196.00,9800.00
10609,10610,2022121404001252,HURJA,36,48,35,196.00,6860.00
10610,10611,2022121404001251,HURJA,32,48,1000,196.00,196000.00
10611,10612,2022121404001250,HURJA,29,48,100,196.00,19600.00
10612,10613,2022121404001249,HURJA,58,48,100,196.00,19600.00
10613,10614,2022121404001248,HURJA,19,48,30,196.00,5880.00
10614,10615,2022121404001247,HURJA,42,48,10,196.00,1960.00
10615,10616,2022121404001246,HURJA,54,48,200,197.00,39400.00
10616,10617,2022121404001245,HURJA,41,48,20,198.00,3960.00
10617,10618,2022121404001244,HURJA,48,48,300,198.00,59400.00
10618,10619,2022121404001243,HURJA,21,48,200,198.00,39600.00
10619,10620,2022121404001242,HURJA,26,48,1000,198.10,198100.00
10620,10621,2022121404001241,HURJA,49,48,100,198.20,19820.00
10621,10622,2022121404001240,HURJA,58,48,57,200.00,11400.00
10622,10623,2022121403001154,FMDBL,34,53,100,709.00,70900.00
10623,10624,2022121401002268,NABIL,49,48,300,815.50,244650.00
10624,10625,2022121403001153,NADEP,56,29,65,677.00,44005.00
10625,10626,2022121403001152,KRBL,13,34,75,251.00,18825.00
10626,10627,2022121401002267,NABIL,36,22,50,815.10,40755.00
10627,10628,2022121401002266,SRBL,38,57,10,183.00,1830.00
10628,10629,2022121401002265,SRBL,38,49,10,183.00,1830.00
10629,10630,2022121403001151,CBBL,29,48,15,1109.00,16635.00
10630,10631,2022121403001150,CBBL,29,49,10,1109.00,11090.00
10631,10632,2022121401002264,CZBIL,46,43,11,180.00,1980.00
10632,10633,2022121403001149,NRIC,33,46,40,694.20,27768.00
10633,10634,2022121403001148,NRIC,35,46,10,694.20,6942.00
10634,10635,2022121403001147,NRIC,56,46,50,694.30,34715.00
10635,10636,2022121401002263,GBIME,49,37,78,210.00,16380.00
10636,10637,2022121404001239,UNHPL,29,36,100,188.00,18800.00
10637,10638,2022121404001238,AKJCL,7,52,10,171.00,1710.00
10638,10639,2022121403001146,NLIC,35,3,57,606.10,34547.70
10639,10640,2022121403001145,NLIC,53,3,500,606.20,303100.00
10640,10641,2022121403001144,ALBSL,17,58,10,915.00,9150.00
10641,10642,2022121401002262,NICA,22,38,23,680.20,15644.60
10642,10643,2022121401002261,NICA,14,38,100,681.00,68100.00
10643,10644,2022121401002260,NICA,20,38,20,681.20,13624.00
10644,10645,2022121405000342,SLI,55,21,10,332.00,3320.00
10645,10646,2022121401002259,SIKLES,34,49,10,375.00,3750.00
10646,10647,2022121404001237,RIDI,4,41,50,487.00,24350.00
10647,10648,2022121401002258,SHIVM,6,22,40,549.00,21960.00
10648,10649,2022121401002257,NIB,22,13,100,220.00,22000.00
10649,10650,2022121401002256,NABIL,53,6,40,815.80,32632.00
10650,10651,2022121404001236,RHPL,58,22,500,244.00,122000.00
10651,10652,2022121401002255,NABIL,32,6,50,815.80,40790.00
10652,10653,2022121404001235,AKPL,38,47,50,344.00,17200.00
10653,10654,2022121401002254,NIB,45,13,150,220.00,33000.00
10654,10655,2022121401002253,GIBF1,8,48,100,7.90,790.00
10655,10656,2022121401002252,NABIL,36,43,39,815.10,31788.90
10656,10657,2022121401002251,NABIL,6,43,84,815.20,68476.80
10657,10658,2022121401002250,NABIL,57,43,10,815.50,8155.00
10658,10659,2022121401002249,NABIL,49,43,10,815.50,8155.00
10659,10660,2022121401002248,SIKLES,34,36,10,375.00,3750.00
10660,10661,2022121403001143,NLIC,42,3,40,607.00,24280.00
10661,10662,2022121404001234,CGH,42,25,10,1000.20,10002.00
10662,10663,2022121403001142,SMFDB,57,57,10,1204.00,12040.00
10663,10664,2022121401002247,SIKLES,34,34,10,375.00,3750.00
10664,10665,2022121401002246,NCCB,52,32,15,183.00,2745.00
10665,10666,2022121403001141,ILBS,53,4,16,870.00,13920.00
10666,10667,2022121403001140,ILBS,53,45,20,870.00,17400.00
10667,10668,2022121401002245,SIKLES,34,36,10,375.00,3750.00
10668,10669,2022121404001233,CHCL,41,41,54,385.00,20790.00
10669,10670,2022121401002244,NABIL,39,59,10,815.50,8155.00
10670,10671,2022121401002243,NABIL,49,59,40,815.50,32620.00
10671,10672,2022121401002242,NICFC,39,48,100,7.73,773.00
10672,10673,2022121405000341,SLI,36,3,10,331.50,3315.00
10673,10674,2022121404001232,AKPL,58,32,150,343.20,51480.00
10674,10675,2022121403001139,MFIL,36,38,17,416.00,7072.00
10675,10676,2022121401002241,SIKLES,34,29,10,375.00,3750.00
10676,10677,2022121401002240,HDL,43,33,20,3833.90,76678.00
10677,10678,2022121403001138,GMFIL,13,33,20,314.00,6280.00
10678,10679,2022121403001137,CORBL,59,28,20,275.40,5508.00
10679,10680,2022121403001136,CORBL,59,58,10,275.30,2753.00
10680,10681,2022121403001135,CORBL,59,58,20,274.90,5498.00
10681,10682,2022121402001052,PHCL,28,58,10,270.00,2700.00
10682,10683,2022121402001051,PHCL,28,4,10,270.00,2700.00
10683,10684,2022121402001050,PHCL,28,38,10,270.00,2700.00
10684,10685,2022121403001134,MFIL,6,58,10,422.50,4225.00
10685,10686,2022121403001133,BFC,44,42,35,310.00,10850.00
10686,10687,2022121403001132,BFC,19,42,10,310.00,3100.00
10687,10688,2022121402001049,PHCL,28,43,10,270.00,2700.00
10688,10689,2022121402001048,PHCL,28,49,10,270.00,2700.00
10689,10690,2022121402001047,PHCL,28,49,10,270.00,2700.00
10690,10691,2022121404001231,MEN,10,43,10,718.10,7181.00
10691,10692,2022121401002239,NABIL,49,6,10,815.50,8155.00
10692,10693,2022121401002238,GBIME,45,20,10,211.00,2110.00
10693,10694,2022121404001230,HEI,49,32,1000,365.00,365000.00
10694,10695,2022121404001229,HEI,49,58,125,365.00,45625.00
10695,10696,2022121404001228,HEI,49,58,125,365.00,45625.00
10696,10697,2022121404001227,HEI,49,34,100,365.00,36500.00
10697,10698,2022121401002237,NABIL,14,6,10,815.80,8158.00
10698,10699,2022121402001046,PHCL,34,29,10,270.00,2700.00
10699,10700,2022121402001045,PHCL,34,49,10,270.00,2700.00
10700,10701,2022121402001044,PHCL,34,58,10,270.00,2700.00
10701,10702,2022121402001043,PHCL,34,35,10,270.00,2700.00
10702,10703,2022121402001042,PHCL,34,6,10,270.00,2700.00
10703,10704,2022121402001041,PHCL,34,8,10,270.00,2700.00
10704,10705,2022121402001040,PHCL,34,49,10,270.00,2700.00
10705,10706,2022121402001039,PHCL,34,46,10,270.00,2700.00
10706,10707,2022121402001038,PHCL,34,52,10,270.00,2700.00
10707,10708,2022121402001037,PHCL,34,19,10,270.00,2700.00
10708,10709,2022121401002236,NABIL,19,25,12,815.90,9790.80
10709,10710,2022121402001036,PHCL,34,7,10,270.00,2700.00
10710,10711,2022121402001035,PHCL,34,6,10,270.00,2700.00
10711,10712,2022121402001034,PHCL,34,32,10,270.00,2700.00
10712,10713,2022121402001033,PHCL,34,34,10,270.00,2700.00
10713,10714,2022121402001032,PHCL,34,47,10,270.00,2700.00
10714,10715,2022121402001031,PHCL,34,38,10,270.00,2700.00
10715,10716,2022121401002235,NMB,17,6,500,231.00,115500.00
10716,10717,2022121401002234,NMB,33,6,30,231.50,6945.00
10717,10718,2022121402001030,PHCL,34,38,10,270.00,2700.00
10718,10719,2022121402001029,PHCL,34,58,10,270.00,2700.00
10719,10720,2022121402001028,PHCL,34,35,10,270.00,2700.00
10720,10721,2022121404001226,RIDI,1,6,21,487.00,10227.00
10721,10722,2022121402001027,PHCL,34,48,10,270.00,2700.00
10722,10723,2022121402001026,PHCL,34,29,10,270.00,2700.00
10723,10724,2022121402001025,PHCL,34,4,10,270.00,2700.00
10724,10725,2022121404001225,GIMES1,33,34,500,8.54,4270.00
10725,10726,2022121404001224,GIMES1,33,49,500,8.54,4270.00
10726,10727,2022121402001024,PHCL,34,51,10,270.00,2700.00
10727,10728,2022121402001023,PHCL,34,56,10,270.00,2700.00
10728,10729,2022121402001022,PHCL,34,53,10,270.00,2700.00
10729,10730,2022121402001021,PHCL,34,3,10,270.00,2700.00
10730,10731,2022121402001020,PHCL,34,19,10,270.00,2700.00
10731,10732,2022121403001131,LBBL,42,38,16,318.00,5088.00
10732,10733,2022121402001019,PHCL,34,49,10,270.00,2700.00
10733,10734,2022121402001018,PHCL,34,42,10,270.00,2700.00
10734,10735,2022121402001017,PHCL,34,47,10,270.00,2700.00
10735,10736,2022121404001223,RHPL,58,50,6441,244.00,1571604.00
10736,10737,2022121404001222,RHPL,44,50,200,244.10,48820.00
10737,10738,2022121404001221,RHPL,3,50,100,244.10,24410.00
10738,10739,2022121404001220,RHPL,11,50,250,245.00,61250.00
10739,10740,2022121403001130,CLBSL,18,59,56,753.00,42168.00
10740,10741,2022121403001129,CLBSL,43,59,100,753.20,75320.00
10741,10742,2022121404001219,LEC,32,54,10,224.50,2245.00
10742,10743,2022121404001218,SICL,42,55,40,765.00,30600.00
10743,10744,2022121404001217,SICL,41,55,10,765.00,7650.00
10744,10745,2022121404001216,SICL,41,55,100,765.00,76500.00
10745,10746,2022121404001215,SICL,44,55,100,766.00,76600.00
10746,10747,2022121404001214,SICL,54,55,50,767.00,38350.00
10747,10748,2022121401002233,SCB,25,52,190,400.00,76000.00
10748,10749,2022121404001213,SICL,57,13,18,770.00,13860.00
10749,10750,2022121401002232,SIKLES,34,59,10,375.00,3750.00
10750,10751,2022121404001212,LEC,36,32,30,220.50,6615.00
10751,10752,2022121403001128,NTC,34,49,10,909.00,9090.00
10752,10753,2022121404001211,AIL,53,48,10,375.10,3751.00
10753,10754,2022121401002231,NABIL,8,25,200,815.90,163180.00
10754,10755,2022121401002230,LBL,14,32,30,193.50,5805.00
10755,10756,2022121404001210,NIBLPF,17,4,1500,8.02,12030.00
10756,10757,2022121403001127,NADEP,56,29,65,677.00,44005.00
10757,10758,2022121404001209,NGPL,41,38,43,206.50,8879.50
10758,10759,2022121404001208,NGPL,21,38,20,206.50,4130.00
10759,10760,2022121404001207,NGPL,42,38,15,207.00,3105.00
10760,10761,2022121401002229,CBL,52,16,450,211.50,95175.00
10761,10762,2022121401002228,CBL,39,16,50,211.50,10575.00
10762,10763,2022121401002227,PPL,50,52,10,201.10,2011.00
10763,10764,2022121404001206,API,21,28,20,209.00,4180.00
10764,10765,2022121401002226,PPL,50,56,10,201.10,2011.00
10765,10766,2022121404001205,AHPC,55,47,100,267.00,26700.00
10766,10767,2022121404001204,RIDI,11,6,29,487.00,14123.00
10767,10768,2022121404001203,UPPER,33,42,30,391.00,11730.00
10768,10769,2022121401002225,KDBY,33,48,100,8.10,810.00
10769,10770,2022121401002224,CZBIL,48,43,200,180.00,36000.00
10770,10771,2022121401002223,ADBL,45,57,100,311.20,31120.00
10771,10772,2022121401002222,NICA,43,41,15,685.00,10275.00
10772,10773,2022121401002221,NICA,43,41,35,683.00,23905.00
10773,10774,2022121404001202,LEC,36,43,30,220.50,6615.00
10774,10775,2022121401002220,MHL,17,45,10,307.80,3078.00
10775,10776,2022121404001201,UPPER,33,10,50,391.00,19550.00
10776,10777,2022121405000340,BNHC,34,49,10,325.00,3250.00
10777,10778,2022121401002219,NABIL,11,25,10,815.90,8159.00
10778,10779,2022121403001126,CIT,49,55,6,1828.00,10968.00
10779,10780,2022121401002218,NABIL,14,10,40,815.80,32632.00
10780,10781,2022121401002217,NICA,20,6,10,681.20,6812.00
10781,10782,2022121401002216,GBIME,34,20,15,211.00,3165.00
10782,10783,2022121401002215,GBIME,34,36,20,211.00,4220.00
10783,10784,2022121401002214,GBIME,34,49,15,211.00,3165.00
10784,10785,2022121401002213,CZBIL,14,26,2415,179.90,434458.50
10785,10786,2022121402001016,EHPL,55,49,10,237.60,2376.00
10786,10787,2022121401002212,SBL,13,36,10,310.00,3100.00
10787,10788,2022121401002211,SBL,57,36,10,310.10,3101.00
10788,10789,2022121401002210,EBL,33,57,20,439.00,8780.00
10789,10790,2022121401002209,EBL,44,57,20,439.00,8780.00
10790,10791,2022121401002208,EBL,58,57,10,439.10,4391.00
10791,10792,2022121401002207,EBL,45,57,50,439.10,21955.00
10792,10793,2022121401002206,RHGCL,13,7,10,206.00,2060.00
10793,10794,2022121401002205,SCB,58,44,10,399.10,3991.00
10794,10795,2022121403001125,NIFRA,25,34,100,185.00,18500.00
10795,10796,2022121403001124,NIFRA,26,34,100,185.00,18500.00
10796,10797,2022121403001123,CBBL,56,49,40,1109.00,44360.00
10797,10798,2022121401002204,MHL,17,34,10,307.80,3078.00
10798,10799,2022121403001122,NICLBSL,41,16,70,713.00,49910.00
10799,10800,2022121405000339,SAHAS,39,47,10,448.00,4480.00
10800,10801,2022121401002203,SHIVM,50,42,61,548.80,33476.80
10801,10802,2022121403001121,NTC,57,49,50,909.00,45450.00
10802,10803,2022121401002202,SANIMA,1,59,96,223.40,21446.40
10803,10804,2022121401002201,SANIMA,6,59,90,223.40,20106.00
10804,10805,2022121401002200,SANIMA,45,59,14,223.50,3129.00
10805,10806,2022121404001200,RHPL,11,48,50,245.00,12250.00
10806,10807,2022121401002199,NBL,42,49,30,274.60,8238.00
10807,10808,2022121403001120,KSBBL,57,50,240,305.00,73200.00
10808,10809,2022121405000338,JBLB,17,44,20,2735.00,54700.00
10809,10810,2022121403001119,NRN,22,52,10,400.00,4000.00
10810,10811,2022121404001199,IGI,17,47,100,361.00,36100.00
10811,10812,2022121401002198,LBL,14,45,1000,193.50,193500.00
10812,10813,2022121401002197,LBL,14,21,68,193.00,13124.00
10813,10814,2022121401002196,LBL,14,32,82,193.00,15826.00
10814,10815,2022121401002195,ADBL,45,22,52,311.20,16182.40
10815,10816,2022121401002194,MEGA,52,35,50,193.50,9675.00
10816,10817,2022121401002193,KDBY,33,57,100,8.10,810.00
10817,10818,2022121401002192,RHGCL,22,19,40,206.10,8244.00
10818,10819,2022121404001198,CHCL,59,41,100,385.90,38590.00
10819,10820,2022121404001197,CHCL,41,41,100,386.00,38600.00
10820,10821,2022121404001196,CHCL,33,41,19,386.00,7334.00
10821,10822,2022121401002191,NABIL,16,8,50,815.80,40790.00
10822,10823,2022121403001118,FOWAD,5,47,10,2601.00,26010.00
10823,10824,2022121401002190,NABIL,16,49,50,815.80,40790.00
10824,10825,2022121401002189,DORDI,45,35,10,230.00,2300.00
10825,10826,2022121401002188,SGHC,45,8,10,252.00,2520.00
10826,10827,2022121401002187,DORDI,16,39,10,232.00,2320.00
10827,10828,2022121404001195,UPPER,45,34,18,390.00,7020.00
10828,10829,2022121403001117,CLBSL,18,56,100,755.00,75500.00
10829,10830,2022121404001194,RIDI,11,58,121,487.00,58927.00
10830,10831,2022121401002186,SHIVM,25,42,439,548.80,240923.20
10831,10832,2022121401002185,SHIVM,25,45,61,548.70,33470.70
10832,10833,2022121404001193,UPPER,45,46,82,390.00,31980.00
10833,10834,2022121404001192,UPPER,45,46,18,390.10,7021.80
10834,10835,2022121404001191,AHPC,57,47,50,267.00,13350.00
10835,10836,2022121401002184,CCBL,22,19,350,188.70,66045.00
10836,10837,2022121403001116,KSBBL,52,50,11,305.00,3355.00
10837,10838,2022121403001115,KSBBL,32,50,16,305.00,4880.00
10838,10839,2022121401002183,SBL,18,28,12,310.00,3720.00
10839,10840,2022121401002182,SBL,14,28,822,310.10,254902.20
10840,10841,2022121401002181,SBL,57,28,10,310.10,3101.00
10841,10842,2022121401002180,SBL,16,28,120,310.10,37212.00
10842,10843,2022121401002179,SBL,19,28,34,310.50,10557.00
10843,10844,2022121404001190,AKJCL,33,52,15,171.00,2565.00
10844,10845,2022121403001114,NRIC,50,29,200,694.30,138860.00
10845,10846,2022121402001015,PHCL,49,47,10,270.00,2700.00
10846,10847,2022121404001189,HDHPC,54,36,100,175.00,17500.00
10847,10848,2022121404001188,UPPER,45,38,34,390.10,13263.40
10848,10849,2022121401002178,GBIME,49,49,46,210.00,9660.00
10849,10850,2022121401002177,GBIME,49,21,55,210.00,11550.00
10850,10851,2022121401002176,GBIME,49,19,10,210.00,2100.00
10851,10852,2022121401002175,GBIME,49,49,76,210.00,15960.00
10852,10853,2022121401002174,GBIME,49,49,13,210.00,2730.00
10853,10854,2022121405000337,JBLB,39,38,17,2731.50,46435.50
10854,10855,2022121404001187,RIDI,25,41,900,486.10,437490.00
10855,10856,2022121404001186,RIDI,38,41,100,486.30,48630.00
10856,10857,2022121403001113,NIFRA,43,52,54,185.00,9990.00
10857,10858,2022121404001185,AKPL,34,47,50,344.00,17200.00
10858,10859,2022121404001184,AKPL,38,47,50,344.00,17200.00
10859,10860,2022121404001183,RADHI,16,58,10,218.00,2180.00
10860,10861,2022121404001182,RADHI,16,41,260,218.00,56680.00
10861,10862,2022121404001181,NMB50,10,10,100,9.11,911.00
10862,10863,2022121403001112,HIDCL,57,48,29,165.50,4799.50
10863,10864,2022121401002173,BHL,28,49,18,247.00,4446.00
10864,10865,2022121404001180,NGPL,21,19,10,206.50,2065.00
10865,10866,2022121404001179,RHPL,19,57,40,246.50,9860.00
10866,10867,2022121403001111,GBBL,11,35,100,382.90,38290.00
10867,10868,2022121401002172,NABIL,19,55,26,815.80,21210.80
10868,10869,2022121401002171,NABIL,19,57,27,815.50,22018.50
10869,10870,2022121401002170,ADBL,45,47,22,311.20,6846.40
10870,10871,2022121404001178,RHPL,19,57,40,246.50,9860.00
10871,10872,2022121401002169,KBL,34,35,18,186.00,3348.00
10872,10873,2022121401002168,KBL,34,32,32,186.00,5952.00
10873,10874,2022121405000336,MBJC,59,7,10,212.40,2124.00
10874,10875,2022121405000335,MBJC,59,57,30,212.40,6372.00
10875,10876,2022121405000334,MBJC,59,58,10,212.40,2124.00
10876,10877,2022121405000333,MBJC,59,45,10,212.00,2120.00
10877,10878,2022121405000332,MBJC,59,42,10,212.00,2120.00
10878,10879,2022121405000331,MBJC,59,5,10,212.00,2120.00
10879,10880,2022121405000330,MBJC,59,49,10,211.60,2116.00
10880,10881,2022121405000329,MBJC,59,57,10,211.00,2110.00
10881,10882,2022121401002167,NABIL,33,57,10,815.50,8155.00
10882,10883,2022121401002166,ADBL,19,47,27,311.40,8407.80
10883,10884,2022121403001110,NMFBS,49,32,10,2005.00,20050.00
10884,10885,2022121403001109,SADBL,22,43,10,300.00,3000.00
10885,10886,2022121404001177,UPPER,45,38,48,390.10,18724.80
10886,10887,2022121401002165,RHGCL,22,34,10,206.10,2061.00
10887,10888,2022121401002164,NESDO,28,50,10,3285.00,32850.00
10888,10889,2022121404001176,KKHC,58,43,10,178.00,1780.00
10889,10890,2022121405000328,SAHAS,39,49,10,448.00,4480.00
10890,10891,2022121403001108,MNBBL,38,1,14,419.00,5866.00
10891,10892,2022121404001175,BARUN,8,49,40,203.00,8120.00
10892,10893,2022121405000327,NYADI,26,38,10,270.00,2700.00
10893,10894,2022121403001107,CFCL,1,41,58,310.00,17980.00
10894,10895,2022121403001106,CFCL,1,25,100,310.00,31000.00
10895,10896,2022121403001105,CFCL,1,34,50,310.00,15500.00
10896,10897,2022121403001104,CFCL,1,10,100,307.00,30700.00
10897,10898,2022121403001103,CFCL,1,16,17,306.00,5202.00
10898,10899,2022121403001102,CFCL,1,16,115,306.00,35190.00
10899,10900,2022121403001101,CFCL,1,49,50,306.00,15300.00
10900,10901,2022121403001100,CFCL,1,57,20,306.00,6120.00
10901,10902,2022121403001099,CFCL,1,58,50,305.00,15250.00
10902,10903,2022121403001098,CFCL,1,29,100,305.00,30500.00
10903,10904,2022121403001097,CFCL,1,6,340,304.00,103360.00
10904,10905,2022121401002163,NABIL,41,57,53,815.50,43221.50
10905,10906,2022121403001096,JFL,58,35,15,366.00,5490.00
10906,10907,2022121405000326,SLI,14,38,10,331.10,3311.00
10907,10908,2022121405000325,MKJC,19,52,10,397.50,3975.00
10908,10909,2022121401002162,ADBL,51,47,50,312.00,15600.00
10909,10910,2022121401002161,ADBL,34,47,101,312.00,31512.00
10910,10911,2022121405000324,BNHC,52,35,10,330.00,3300.00
10911,10912,2022121401002160,NICA,20,14,970,681.20,660764.00
10912,10913,2022121401002159,NICA,49,14,1000,682.30,682300.00
10913,10914,2022121401002158,NICA,21,14,30,682.40,20472.00
10914,10915,2022121401002157,KBL,39,32,11,186.00,2046.00
10915,10916,2022121404001174,NMB50,42,10,1000,8.97,8970.00
10916,10917,2022121403001095,GRDBL,22,25,72,228.00,16416.00
10917,10918,2022121401002156,NIB,22,45,40,219.00,8760.00
10918,10919,2022121404001173,UPPER,43,16,100,391.50,39150.00
10919,10920,2022121401002155,RHGCL,22,38,10,206.10,2061.00
10920,10921,2022121403001094,NIFRA,43,35,64,185.00,11840.00
10921,10922,2022121404001172,JOSHI,32,43,20,187.00,3740.00
10922,10923,2022121401002154,MEGA,55,16,369,194.00,71586.00
10923,10924,2022121404001171,CHCL,14,45,84,387.00,32508.00
10924,10925,2022121401002153,NABIL,6,26,116,815.20,94563.20
10925,10926,2022121404001170,API,42,28,100,209.00,20900.00
10926,10927,2022121404001169,API,58,28,107,209.00,22363.00
10927,10928,2022121404001168,API,14,28,806,209.00,168454.00
10928,10929,2022121404001167,API,26,28,210,209.10,43911.00
10929,10930,2022121404001166,API,49,28,50,209.20,10460.00
10930,10931,2022121401002152,SIKLES,38,41,10,375.00,3750.00
10931,10932,2022121404001165,CGH,56,26,15,1005.00,15075.00
10932,10933,2022121404001164,CGH,56,57,30,1004.00,30120.00
10933,10934,2022121403001093,HIDCL,57,43,121,165.00,19965.00
10934,10935,2022121401002151,GBIME,34,49,27,210.00,5670.00
10935,10936,2022121405000323,SLI,14,6,10,331.10,3311.00
10936,10937,2022121401002150,SRBL,38,57,10,183.00,1830.00
10937,10938,2022121404001163,IGI,17,47,14,361.00,5054.00
10938,10939,2022121404001162,BARUN,8,45,10,203.00,2030.00
10939,10940,2022121404001161,RHPL,19,38,20,246.50,4930.00
10940,10941,2022121405000322,SLI,14,49,10,331.10,3311.00
10941,10942,2022121404001160,CHCL,14,52,16,387.00,6192.00
10942,10943,2022121403001092,ALICL,38,1,29,504.00,14616.00
10943,10944,2022121403001091,ALICL,34,1,100,504.00,50400.00
10944,10945,2022121403001090,ALICL,42,1,43,504.00,21672.00
10945,10946,2022121403001089,ALICL,35,1,452,504.00,227808.00
10946,10947,2022121403001088,ALICL,11,1,25,504.10,12602.50
10947,10948,2022121403001087,ALICL,50,1,316,504.20,159327.20
10948,10949,2022121403001086,ALICL,32,1,20,505.00,10100.00
10949,10950,2022121403001085,ALICL,58,1,15,505.00,7575.00
10950,10951,2022121404001159,SHPC,32,34,10,271.00,2710.00
10951,10952,2022121404001158,MEN,6,52,10,718.00,7180.00
10952,10953,2022121401002149,SBID83,29,58,400,900.00,360000.00
10953,10954,2022121403001084,GBBL,46,51,232,382.00,88624.00
10954,10955,2022121404001157,SHL,14,49,152,220.00,33440.00
10955,10956,2022121404001156,SHL,14,16,500,220.00,110000.00
10956,10957,2022121404001155,SHL,14,17,200,220.00,44000.00
10957,10958,2022121404001154,SHL,14,49,560,220.00,123200.00
10958,10959,2022121404001153,SHL,14,58,120,220.00,26400.00
10959,10960,2022121404001152,SHL,14,17,100,220.00,22000.00
10960,10961,2022121404001151,SHL,14,32,500,219.90,109950.00
10961,10962,2022121404001150,SHL,14,26,500,219.80,109900.00
10962,10963,2022121404001149,SHL,14,57,2297,219.80,504880.60
10963,10964,2022121404001148,PRIN,49,33,10,406.70,4067.00
10964,10965,2022121405000321,NYADI,29,35,10,270.00,2700.00
10965,10966,2022121405000320,SLI,14,36,10,331.10,3311.00
10966,10967,2022121404001147,SHL,14,28,150,219.10,32865.00
10967,10968,2022121403001083,KRBL,11,4,50,252.50,12625.00
10968,10969,2022121404001146,RADHI,26,41,90,218.00,19620.00
10969,10970,2022121404001145,RADHI,26,6,10,218.00,2180.00
10970,10971,2022121401002148,BOKL,38,32,45,206.00,9270.00
10971,10972,2022121401002147,CBLD88,58,1,25,838.00,20950.00
10972,10973,2022121401002146,RHGCL,22,38,10,206.10,2061.00
10973,10974,2022121405000319,MBJC,13,49,10,210.20,2102.00
10974,10975,2022121404001144,NGPL,33,19,10,207.00,2070.00
10975,10976,2022121401002145,MHL,42,35,10,308.00,3080.00
10976,10977,2022121404001143,JOSHI,58,47,500,188.00,94000.00
10977,10978,2022121401002144,GBIME,57,58,22,209.50,4609.00
10978,10979,2022121401002143,GBIME,34,58,64,209.50,13408.00
10979,10980,2022121401002142,GBIME,25,58,94,209.60,19702.40
10980,10981,2022121401002141,AVYAN,34,58,10,697.10,6971.00
10981,10982,2022121401002140,CZBIL,49,58,10,179.50,1795.00
10982,10983,2022121404001142,BBC,57,45,10,3210.00,32100.00
10983,10984,2022121401002139,SHIVM,6,58,189,547.00,103383.00
10984,10985,2022121403001082,NMBMF,41,41,35,650.00,22750.00
10985,10986,2022121405000318,SLI,55,56,10,331.20,3312.00
10986,10987,2022121404001141,UPPER,33,38,30,390.00,11700.00
10987,10988,2022121403001081,JFL,45,50,10,365.20,3652.00
10988,10989,2022121401002138,PCBL,56,58,10,225.00,2250.00
10989,10990,2022121403001080,HIDCL,58,43,12,165.00,1980.00
10990,10991,2022121404001140,API,33,28,50,210.00,10500.00
10991,10992,2022121401002137,NABIL,34,57,10,815.50,8155.00
10992,10993,2022121404001139,HURJA,58,58,20,200.00,4000.00
10993,10994,2022121405000317,MBJC,13,57,10,210.40,2104.00
10994,10995,2022121401002136,NICA,34,41,100,683.00,68300.00
10995,10996,2022121401002135,SHIVM,59,58,110,547.00,60170.00
10996,10997,2022121401002134,GBIME,25,41,100,209.60,20960.00
10997,10998,2022121405000316,SLI,42,45,10,331.30,3313.00
10998,10999,2022121403001079,HIDCL,45,45,27,165.00,4455.00
10999,11000,2022121403001078,HIDCL,42,45,25,165.00,4125.00
11000,11001,2022121403001077,HIDCL,20,45,81,165.00,13365.00
11001,11002,2022121404001138,PRIN,46,58,10,407.00,4070.00
11002,11003,2022121402001014,EHPL,55,58,10,237.60,2376.00
11003,11004,2022121404001137,UPPER,33,38,34,390.00,13260.00
11004,11005,2022121401002133,NICA,41,41,120,684.00,82080.00
11005,11006,2022121403001076,HIDCL,58,48,100,165.50,16550.00
11006,11007,2022121402001013,PHCL,51,52,10,270.00,2700.00
11007,11008,2022121402001012,PHCL,40,57,10,270.00,2700.00
11008,11009,2022121402001011,PHCL,40,57,10,270.00,2700.00
11009,11010,2022121403001075,NICLBSL,25,48,20,710.20,14204.00
11010,11011,2022121402001010,PHCL,40,49,10,270.00,2700.00
11011,11012,2022121402001009,PHCL,40,49,10,270.00,2700.00
11012,11013,2022121402001008,PHCL,40,42,10,270.00,2700.00
11013,11014,2022121402001007,PHCL,40,59,10,270.00,2700.00
11014,11015,2022121402001006,PHCL,40,58,10,270.00,2700.00
11015,11016,2022121404001136,AIL,11,52,10,375.00,3750.00
11016,11017,2022121402001005,PHCL,40,6,10,270.00,2700.00
11017,11018,2022121402001004,PHCL,40,49,10,270.00,2700.00
11018,11019,2022121402001003,PHCL,40,49,10,270.00,2700.00
11019,11020,2022121404001135,RHPL,19,57,100,246.50,24650.00
11020,11021,2022121403001074,NIFRA,43,56,76,186.00,14136.00
11021,11022,2022121403001073,NIFRA,43,55,64,185.60,11878.40
11022,11023,2022121403001072,NIFRA,43,53,60,185.50,11130.00
11023,11024,2022121401002132,MEGA,55,58,31,193.80,6007.80
11024,11025,2022121401002131,MEGA,41,58,90,193.90,17451.00
11025,11026,2022121404001134,HDHPC,44,43,50,174.00,8700.00
11026,11027,2022121404001133,UPPER,6,49,48,391.00,18768.00
11027,11028,2022121403001071,KRBL,13,28,110,251.00,27610.00
11028,11029,2022121401002130,NICA,41,11,100,684.00,68400.00
11029,11030,2022121401002129,ADBL,45,49,500,313.00,156500.00
11030,11031,2022121404001132,PRIN,49,58,10,406.70,4067.00
11031,11032,2022121401002128,NABIL,54,25,100,815.90,81590.00
11032,11033,2022121403001070,NIFRA,43,54,50,185.40,9270.00
11033,11034,2022121401002127,NIB,22,33,50,219.00,10950.00
11034,11035,2022121403001069,RLFL,57,58,80,292.00,23360.00
11035,11036,2022121403001068,MLBSL,1,39,30,4000.00,120000.00
11036,11037,2022121401002126,PPL,28,49,10,205.00,2050.00
11037,11038,2022121401002125,PPL,28,57,10,205.00,2050.00
11038,11039,2022121401002124,PPL,28,25,10,205.00,2050.00
11039,11040,2022121401002123,PPL,28,35,10,205.00,2050.00
11040,11041,2022121401002122,PPL,28,45,10,204.00,2040.00
11041,11042,2022121401002121,PPL,28,14,10,204.00,2040.00
11042,11043,2022121403001067,CBBL,58,26,20,1105.00,22100.00
11043,11044,2022121403001066,SKBBL,49,47,500,1110.00,555000.00
11044,11045,2022121403001065,SKBBL,13,47,75,1110.00,83250.00
11045,11046,2022121403001064,SKBBL,41,47,15,1110.00,16650.00
11046,11047,2022121403001063,SKBBL,58,47,10,1111.00,11110.00
11047,11048,2022121403001062,JFL,49,51,77,381.30,29360.10
11048,11049,2022121401002120,HBL,1,13,70,325.00,22750.00
11049,11050,2022121401002119,HBL,42,13,30,325.00,9750.00
11050,11051,2022121403001061,SDLBSL,41,58,10,921.00,9210.00
11051,11052,2022121401002118,CBL,29,58,114,212.00,24168.00
11052,11053,2022121404001131,SICL,57,29,13,766.00,9958.00
11053,11054,2022121404001130,SICL,10,29,300,766.00,229800.00
11054,11055,2022121404001129,SICL,47,29,37,766.00,28342.00
11055,11056,2022121404001128,SICL,45,29,50,767.00,38350.00
11056,11057,2022121404001127,AKPL,55,32,50,345.00,17250.00
11057,11058,2022121404001126,RBCL,34,10,10,12639.00,126390.00
11058,11059,2022121404001125,RBCL,34,6,10,12638.00,126380.00
11059,11060,2022121404001124,RBCL,34,33,10,12625.00,126250.00
11060,11061,2022121403001060,PROFL,28,45,10,287.00,2870.00
11061,11062,2022121405000315,SLI,55,35,10,331.20,3312.00
11062,11063,2022121401002117,NABIL,35,25,40,815.90,32636.00
11063,11064,2022121401002116,NABIL,41,25,35,815.90,28556.50
11064,11065,2022121403001059,GBLBS,48,43,15,588.00,8820.00
11065,11066,2022121401002115,NMB,41,43,40,231.50,9260.00
11066,11067,2022121402001002,PHCL,45,34,10,270.00,2700.00
11067,11068,2022121402001001,PHCL,45,42,10,270.00,2700.00
11068,11069,2022121402001000,PHCL,45,38,10,270.00,2700.00
11069,11070,2022121402000999,PHCL,45,59,10,270.00,2700.00
11070,11071,2022121402000998,PHCL,45,58,10,270.00,2700.00
11071,11072,2022121401002114,SIKLES,34,44,1000,375.00,375000.00
11072,11073,2022121403001058,FMDBL,56,42,30,710.00,21300.00
11073,11074,2022121401002113,NESDO,48,59,100,3280.00,328000.00
11074,11075,2022121401002112,NESDO,58,59,50,3280.00,164000.00
11075,11076,2022121401002111,NESDO,36,59,20,3280.00,65600.00
11076,11077,2022121401002110,NESDO,55,59,10,3280.00,32800.00
11077,11078,2022121401002109,NESDO,58,59,13,3280.00,42640.00
11078,11079,2022121401002108,NESDO,56,59,50,3280.00,164000.00
11079,11080,2022121401002107,NESDO,29,59,20,3280.00,65600.00
11080,11081,2022121401002106,NESDO,57,59,10,3280.00,32800.00
11081,11082,2022121401002105,NESDO,49,59,20,3280.00,65600.00
11082,11083,2022121401002104,NESDO,7,59,25,3280.10,82002.50
11083,11084,2022121401002103,NESDO,26,59,10,3280.20,32802.00
11084,11085,2022121401002102,NESDO,8,59,10,3280.50,32805.00
11085,11086,2022121401002101,SBI,47,58,84,275.00,23100.00
11086,11087,2022121405000314,SLI,14,35,10,331.10,3311.00
11087,11088,2022121405000313,MBJC,41,45,10,210.00,2100.00
11088,11089,2022121401002100,NIB,22,13,30,219.90,6597.00
11089,11090,2022121404001123,HDHPC,49,50,100,175.00,17500.00
11090,11091,2022121401002099,NESDO,33,59,22,3281.00,72182.00
11091,11092,2022121401002098,NESDO,39,59,10,3281.00,32810.00
11092,11093,2022121401002097,NESDO,57,59,10,3282.00,32820.00
11093,11094,2022121401002096,NESDO,47,59,38,3282.10,124719.80
11094,11095,2022121401002095,NESDO,38,59,10,3282.20,32822.00
11095,11096,2022121401002094,NESDO,28,59,50,3283.00,164150.00
11096,11097,2022121401002093,NESDO,20,59,10,3283.10,32831.00
11097,11098,2022121401002092,SIKLES,34,45,10,375.00,3750.00
11098,11099,2022121404001122,RIDI,46,36,50,486.10,24305.00
11099,11100,2022121404001121,RIDI,40,36,50,486.10,24305.00
11100,11101,2022121404001120,RIDI,41,36,100,486.10,48610.00
11101,11102,2022121401002091,SANIMA,34,21,117,224.00,26208.00
11102,11103,2022121404001119,AKPL,55,47,50,345.00,17250.00
11103,11104,2022121405000312,SLI,14,53,10,331.10,3311.00
11104,11105,2022121404001118,UPPER,6,58,50,391.00,19550.00
11105,11106,2022121404001117,API,26,35,392,210.00,82320.00
11106,11107,2022121404001116,UPPER,33,50,100,391.80,39180.00
11107,11108,2022121401002090,NABIL,5,25,467,815.90,381025.30
11108,11109,2022121404001115,SSHL,32,44,10,172.00,1720.00
11109,11110,2022121401002089,GBIME,34,43,36,209.50,7542.00
11110,11111,2022121405000311,MBJC,41,59,10,210.00,2100.00
11111,11112,2022121401002088,RHGCL,22,45,10,206.10,2061.00
11112,11113,2022121401002087,BOKL,38,58,15,206.00,3090.00
11113,11114,2022121405000310,MBJC,41,35,10,210.00,2100.00
11114,11115,2022121404001114,NICSF,1,49,100,7.76,776.00
11115,11116,2022121401002086,SHIVM,25,58,70,547.00,38290.00
11116,11117,2022121401002085,GVL,10,58,10,306.20,3062.00
11117,11118,2022121404001113,API,26,58,200,210.00,42000.00
11118,11119,2022121404001112,API,26,49,56,210.00,11760.00
11119,11120,2022121404001111,API,26,34,115,210.00,24150.00
11120,11121,2022121404001110,API,26,17,27,210.00,5670.00
11121,11122,2022121402000997,EHPL,55,28,10,237.60,2376.00
11122,11123,2022121403001057,NRIC,56,45,40,699.00,27960.00
11123,11124,2022121401002084,UHEWA,33,34,10,349.00,3490.00
11124,11125,2022121404001109,API,22,17,100,210.00,21000.00
11125,11126,2022121405000309,SLI,25,45,10,331.70,3317.00
11126,11127,2022121403001056,MNBBL,55,59,20,420.00,8400.00
11127,11128,2022121403001055,NIFRA,43,21,53,185.00,9805.00
11128,11129,2022121403001054,NIFRA,43,40,60,185.00,11100.00
11129,11130,2022121401002083,GVL,10,47,10,306.20,3062.00
11130,11131,2022121402000996,EHPL,55,58,10,237.60,2376.00
11131,11132,2022121405000308,MBJC,41,58,10,210.00,2100.00
11132,11133,2022121401002082,CZBIL,42,43,10,180.00,1800.00
11133,11134,2022121401002081,CZBIL,45,43,10,180.00,1800.00
11134,11135,2022121405000307,MKJC,19,28,10,397.50,3975.00
11135,11136,2022121403001053,RMDC,58,34,10,955.00,9550.00
11136,11137,2022121401002080,KLBS,38,34,10,495.80,4958.00
11137,11138,2022121403001052,NLBBL,43,5,10,809.00,8090.00
11138,11139,2022121401002079,UHEWA,55,58,10,346.60,3466.00
11139,11140,2022121404001108,RURU,56,14,20,740.00,14800.00
11140,11141,2022121401002078,RFPL,11,58,10,226.00,2260.00
11141,11142,2022121401002077,GBIME,55,49,35,210.00,7350.00
11142,11143,2022121401002076,NABIL,57,25,15,815.90,12238.50
11143,11144,2022121401002075,GVL,10,57,10,306.20,3062.00
11144,11145,2022121401002074,RHGCL,41,59,10,206.20,2062.00
11145,11146,2022121404001107,RURU,56,45,11,737.10,8108.10
11146,11147,2022121401002073,AVYAN,34,35,10,697.10,6971.00
11147,11148,2022121401002072,RFPL,11,45,10,226.00,2260.00
11148,11149,2022121404001106,BPCL,57,40,12,306.00,3672.00
11149,11150,2022121404001105,BPCL,57,42,200,306.00,61200.00
11150,11151,2022121404001104,BPCL,57,58,88,306.00,26928.00
11151,11152,2022121401002071,PPL,28,34,10,201.00,2010.00
11152,11153,2022121401002070,DORDI,45,6,10,230.00,2300.00
11153,11154,2022121404001103,PRIN,34,45,12,406.80,4881.60
11154,11155,2022121401002069,HHL,7,44,10,213.90,2139.00
11155,11156,2022121401002068,PPL,28,42,10,201.00,2010.00
11156,11157,2022121402000995,EHPL,55,22,10,237.60,2376.00
11157,11158,2022121401002067,SRBL,49,1,10,185.00,1850.00
11158,11159,2022121404001102,NMB50,10,10,100,9.15,915.00
11159,11160,2022121403001051,NIFRA,51,57,50,185.00,9250.00
11160,11161,2022121404001101,STC,56,54,20,3610.00,72200.00
11161,11162,2022121404001100,SHEL,56,10,10,228.50,2285.00
11162,11163,2022121403001050,NRIC,49,17,10,700.00,7000.00
11163,11164,2022121404001099,SICL,32,13,50,770.00,38500.00
11164,11165,2022121401002066,KBL,17,32,160,186.00,29760.00
11165,11166,2022121403001049,NIFRA,57,45,54,184.10,9941.40
11166,11167,2022121404001098,RHPL,35,57,100,248.00,24800.00
11167,11168,2022121403001048,NIFRA,57,10,25,184.10,4602.50
11168,11169,2022121401002065,NABIL,34,25,11,815.90,8974.90
11169,11170,2022121404001097,API,22,17,873,210.00,183330.00
11170,11171,2022121405000306,SLI,25,58,10,331.70,3317.00
11171,11172,2022121405000305,JBLB,35,44,70,2735.00,191450.00
11172,11173,2022121405000304,JBLB,29,44,70,2735.00,191450.00
11173,11174,2022121405000303,JBLB,10,44,50,2735.10,136755.00
11174,11175,2022121405000302,JBLB,20,44,16,2735.50,43768.00
11175,11176,2022121405000301,JBLB,32,44,73,2735.60,199698.80
11176,11177,2022121401002064,NABIL,54,25,15,815.90,12238.50
11177,11178,2022121401002063,KBL,32,32,10,186.00,1860.00
11178,11179,2022121405000300,SAHAS,39,45,10,448.00,4480.00
11179,11180,2022121403001047,NICLBSL,25,45,10,710.20,7102.00
11180,11181,2022121401002062,GBIME,17,49,38,210.00,7980.00
11181,11182,2022121401002061,GBIME,17,49,12,210.00,2520.00
11182,11183,2022121401002060,HDL,25,45,75,3830.00,287250.00
11183,11184,2022121401002059,HDL,25,53,18,3825.00,68850.00
11184,11185,2022121404001096,AHPC,55,28,10,269.00,2690.00
11185,11186,2022121405000299,MBJC,40,57,10,210.00,2100.00
11186,11187,2022121405000298,SAHAS,39,47,10,448.00,4480.00
11187,11188,2022121401002058,SIKLES,34,41,10,375.00,3750.00
11188,11189,2022121401002057,HDL,46,53,12,3825.00,45900.00
11189,11190,2022121401002056,RFPL,11,10,10,226.00,2260.00
11190,11191,2022121401002055,GBIME,58,49,46,210.00,9660.00
11191,11192,2022121401002054,GBIME,58,49,204,210.00,42840.00
11192,11193,2022121404001095,MEN,6,45,10,718.00,7180.00
11193,11194,2022121403001046,MDB,59,42,10,383.00,3830.00
11194,11195,2022121401002053,CCBL,22,43,67,188.70,12642.90
11195,11196,2022121401002052,AVYAN,34,32,10,700.00,7000.00
11196,11197,2022121401002051,AVYAN,34,58,10,700.00,7000.00
11197,11198,2022121401002050,AVYAN,34,51,10,700.00,7000.00
11198,11199,2022121401002049,GBIME,6,49,160,210.00,33600.00
11199,11200,2022121404001094,GLH,35,45,10,231.40,2314.00
11200,11201,2022121405000297,MBJC,45,10,10,209.10,2091.00
11201,11202,2022121401002048,CBL,37,16,326,212.50,69275.00
11202,11203,2022121401002047,KBL,34,17,65,185.50,12057.50
11203,11204,2022121401002046,KBL,34,17,25,185.50,4637.50
11204,11205,2022121401002045,KBL,33,17,10,185.70,1857.00
11205,11206,2022121401002044,BNT,41,26,10,13050.00,130500.00
11206,11207,2022121401002043,NIB,45,13,1902,220.00,418440.00
11207,11208,2022121401002042,NIB,45,58,98,220.00,21560.00
11208,11209,2022121401002041,NABIL,58,25,10,815.90,8159.00
11209,11210,2022121404001093,STC,33,54,20,3600.00,72000.00
11210,11211,2022121404001092,STC,33,21,20,3600.00,72000.00
11211,11212,2022121404001091,STC,33,54,17,3590.00,61030.00
11212,11213,2022121401002040,NABIL,5,51,33,815.00,26895.00
11213,11214,2022121401002039,NABIL,5,51,17,815.00,13855.00
11214,11215,2022121403001045,SLBBL,46,59,59,837.00,49383.00
11215,11216,2022121402000994,PHCL,38,42,10,270.00,2700.00
11216,11217,2022121402000993,PHCL,38,38,10,270.00,2700.00
11217,11218,2022121402000992,PHCL,38,38,10,270.00,2700.00
11218,11219,2022121405000296,SAHAS,39,45,10,448.00,4480.00
11219,11220,2022121403001044,SAPDBL,39,57,100,220.00,22000.00
11220,11221,2022121403001043,MFIL,35,29,10,423.00,4230.00
11221,11222,2022121401002038,SGHC,25,17,100,257.00,25700.00
11222,11223,2022121401002037,BNT,41,28,10,13040.00,130400.00
11223,11224,2022121401002036,NIB,13,58,50,220.00,11000.00
11224,11225,2022121403001042,ALICL,37,1,10,510.00,5100.00
11225,11226,2022121401002035,HHL,7,58,10,213.90,2139.00
11226,11227,2022121401002034,AVYAN,34,45,10,699.00,6990.00
11227,11228,2022121401002033,GBIME,26,59,100,209.90,20990.00
11228,11229,2022121404001090,AIL,44,45,10,372.00,3720.00
11229,11230,2022121401002032,NABIL,35,25,40,815.90,32636.00
11230,11231,2022121401002031,SIKLES,34,58,10,375.00,3750.00
11231,11232,2022121404001089,NMB50,48,10,1500,9.01,13515.00
11232,11233,2022121401002030,UHEWA,55,39,10,346.60,3466.00
11233,11234,2022121404001088,NHDL,34,29,25,320.00,8000.00
11234,11235,2022121404001087,API,14,43,130,209.00,27170.00
11235,11236,2022121401002029,SHIVM,1,21,420,545.30,229026.00
11236,11237,2022121403001041,PROFL,59,45,50,284.10,14205.00
11237,11238,2022121403001040,NIFRA,57,57,116,184.10,21355.60
11238,11239,2022121403001039,NIFRA,45,57,264,184.20,48628.80
11239,11240,2022121403001038,NIFRA,14,57,228,184.50,42066.00
11240,11241,2022121405000295,JBLB,20,32,17,2735.50,46503.50
11241,11242,2022121403001037,NIFRA,38,57,50,185.00,9250.00
11242,11243,2022121403001036,NIFRA,38,54,50,185.00,9250.00
11243,11244,2022121401002028,SPHL,35,13,10,350.00,3500.00
11244,11245,2022121401002027,PPL,28,39,10,201.00,2010.00
11245,11246,2022121401002026,AVYAN,34,49,10,698.00,6980.00
11246,11247,2022121404001086,UPPER,33,17,128,390.00,49920.00
11247,11248,2022121401002025,PCBL,8,54,220,223.20,49104.00
11248,11249,2022121404001085,RIDI,56,58,300,487.00,146100.00
11249,11250,2022121401002024,BNT,41,28,10,13040.00,130400.00
11250,11251,2022121401002023,BNT,41,58,90,13040.00,1173600.00
11251,11252,2022121405000294,JBLB,48,49,3,2735.50,8206.50
11252,11253,2022121401002022,NESDO,47,57,10,3282.10,32821.00
11253,11254,2022121404001084,STC,33,54,10,3580.00,35800.00
11254,11255,2022121402000991,EHPL,55,8,10,237.60,2376.00
11255,11256,2022121401002021,SHIVM,57,21,72,546.00,39312.00
11256,11257,2022121401002020,SGHC,21,52,10,252.00,2520.00
11257,11258,2022121404001083,AKJCL,57,34,35,170.00,5950.00
11258,11259,2022121401002019,NESDO,47,11,10,3282.10,32821.00
11259,11260,2022121401002018,CYCL,34,55,10,2486.20,24862.00
11260,11261,2022121401002017,RFPL,11,45,10,226.00,2260.00
11261,11262,2022121401002016,NABIL,34,45,10,816.00,8160.00
11262,11263,2022121401002015,BNT,41,58,20,13040.00,260800.00
11263,11264,2022121404001082,UIC,46,55,100,336.00,33600.00
11264,11265,2022121404001081,UIC,43,55,50,336.00,16800.00
11265,11266,2022121404001080,UIC,41,55,100,336.10,33610.00
11266,11267,2022121404001079,UIC,39,55,50,336.10,16805.00
11267,11268,2022121404001078,NGPL,17,52,10,208.90,2089.00
11268,11269,2022121402000990,EHPL,55,42,10,237.60,2376.00
11269,11270,2022121401002014,NABIL,5,57,133,815.00,108395.00
11270,11271,2022121404001077,PPCL,55,43,100,287.90,28790.00
11271,11272,2022121401002013,GVL,44,39,10,306.10,3061.00
11272,11273,2022121401002012,HDL,45,53,10,3825.00,38250.00
11273,11274,2022121401002011,GBIME,6,34,103,209.50,21578.50
11274,11275,2022121402000989,EHPL,55,34,223,237.60,52984.80
11275,11276,2022121401002010,HHL,7,13,10,213.90,2139.00
11276,11277,2022121404001076,RURU,56,41,11,745.00,8195.00
11277,11278,2022121404001075,RURU,56,45,80,745.00,59600.00
11278,11279,2022121404001074,RURU,56,10,20,745.00,14900.00
11279,11280,2022121404001073,MEN,6,57,10,718.00,7180.00
11280,11281,2022121403001035,MLBL,34,42,110,341.20,37532.00
11281,11282,2022121404001072,SBCF,1,49,100,7.35,735.00
11282,11283,2022121404001071,UPPER,45,49,48,389.00,18672.00
11283,11284,2022121404001070,SJCL,16,1,97,241.00,23377.00
11284,11285,2022121404001069,SJCL,16,29,65,241.00,15665.00
11285,11286,2022121404001068,SJCL,16,26,1529,240.00,366960.00
11286,11287,2022121404001067,SJCL,16,7,230,239.90,55177.00
11287,11288,2022121404001066,SJCL,16,17,50,237.60,11880.00
11288,11289,2022121404001065,SJCL,16,55,47,237.50,11162.50
11289,11290,2022121404001064,AKJCL,38,34,65,171.00,11115.00
11290,11291,2022121404001063,SICL,45,13,64,770.00,49280.00
11291,11292,2022121401002009,NESDO,47,32,12,3282.10,39385.20
11292,11293,2022121401002008,MEGA,41,57,100,193.60,19360.00
11293,11294,2022121401002007,MEGA,57,57,20,193.70,3874.00
11294,11295,2022121401002006,MEGA,59,57,44,193.70,8522.80
11295,11296,2022121401002005,MEGA,46,57,29,194.00,5626.00
11296,11297,2022121401002004,NIB,34,58,100,220.00,22000.00
11297,11298,2022121401002003,PRVU,49,47,20,200.80,4016.00
11298,11299,2022121404001062,NHDL,34,58,100,319.90,31990.00
11299,11300,2022121401002002,BNT,41,58,90,13040.00,1173600.00
11300,11301,2022121401002001,BNT,41,19,10,13040.00,130400.00
11301,11302,2022121405000293,SAHAS,39,39,10,448.00,4480.00
11302,11303,2022121401002000,NIBPO,6,33,1374,210.00,288540.00
11303,11304,2022121403001034,NIFRA,38,58,10,185.00,1850.00
11304,11305,2022121403001033,NIFRA,38,56,14,185.00,2590.00
11305,11306,2022121401001999,NCCB,34,32,25,183.00,4575.00
11306,11307,2022121401001998,NCCB,13,32,14,183.00,2562.00
11307,11308,2022121401001997,NCCB,44,32,200,183.10,36620.00
11308,11309,2022121401001996,NCCB,41,32,100,183.20,18320.00
11309,11310,2022121403001032,SMB,43,43,10,1270.90,12709.00
11310,11311,2022121404001061,API,22,25,63,209.90,13223.70
11311,11312,2022121404001060,API,22,59,45,209.90,9445.50
11312,11313,2022121405000292,MBJC,13,57,10,208.90,2089.00
11313,11314,2022121401001995,GVL,44,39,10,306.10,3061.00
11314,11315,2022121401001994,BNT,41,22,30,12990.00,389700.00
11315,11316,2022121401001993,NESDO,47,32,30,3282.10,98463.00
11316,11317,2022121401001992,NESDO,33,32,10,3283.00,32830.00
11317,11318,2022121401001991,NESDO,57,32,10,3284.00,32840.00
11318,11319,2022121402000988,EHPL,55,34,99,237.60,23522.40
11319,11320,2022121402000987,EHPL,26,34,300,237.60,71280.00
11320,11321,2022121402000986,EHPL,5,34,495,237.60,117612.00
11321,11322,2022121405000291,BNHC,52,57,10,329.00,3290.00
11322,11323,2022121404001059,SSHL,54,47,400,171.00,68400.00
11323,11324,2022121404001058,AKJCL,38,43,10,171.00,1710.00
11324,11325,2022121401001990,BNT,41,37,10,12980.00,129800.00
11325,11326,2022121404001057,AHPC,38,55,170,266.00,45220.00
11326,11327,2022121404001056,AHPC,22,55,30,266.00,7980.00
11327,11328,2022121404001055,AHPC,45,55,100,266.10,26610.00
11328,11329,2022121401001989,NABIL,5,46,50,815.00,40750.00
11329,11330,2022121401001988,NABIL,5,3,300,815.00,244500.00
11330,11331,2022121401001987,MHL,33,17,10,310.00,3100.00
11331,11332,2022121401001986,MHL,33,34,10,310.00,3100.00
11332,11333,2022121401001985,MHL,33,58,10,310.00,3100.00
11333,11334,2022121401001984,MHL,33,56,10,310.00,3100.00
11334,11335,2022121401001983,MHL,33,39,10,310.00,3100.00
11335,11336,2022121405000290,JBLB,20,57,17,2735.50,46503.50
11336,11337,2022121404001054,JOSHI,32,47,10,188.00,1880.00
11337,11338,2022121404001053,SJCL,39,16,90,236.90,21321.00
11338,11339,2022121405000289,SLI,55,36,10,331.80,3318.00
11339,11340,2022121404001052,SSHL,35,47,10,171.00,1710.00
11340,11341,2022121401001982,BNT,41,28,20,12970.00,259400.00
11341,11342,2022121401001981,BNT,41,1,20,12970.00,259400.00
11342,11343,2022121403001031,KMCDB,32,55,10,911.00,9110.00
11343,11344,2022121404001051,CHCL,41,52,100,387.00,38700.00
11344,11345,2022121401001980,NIBPO,6,33,1978,210.00,415380.00
11345,11346,2022121402000985,EHPL,5,34,1117,237.60,265399.20
11346,11347,2022121405000288,MBJC,40,35,10,210.00,2100.00
11347,11348,2022121405000287,MBJC,40,25,10,210.00,2100.00
11348,11349,2022121405000286,MBJC,40,49,10,210.00,2100.00
11349,11350,2022121405000285,MBJC,40,52,10,210.00,2100.00
11350,11351,2022121402000984,PHCL,58,32,10,270.00,2700.00
11351,11352,2022121401001979,NABIL,58,13,30,814.90,24447.00
11352,11353,2022121401001978,NIBPO,6,33,1000,210.00,210000.00
11353,11354,2022121401001977,NESDO,21,45,30,3324.90,99747.00
11354,11355,2022121401001976,MEGA,58,16,73,194.50,14198.50
11355,11356,2022121404001050,NIL,1,6,15,722.80,10842.00
11356,11357,2022121404001049,RURU,21,58,10,744.90,7449.00
11357,11358,2022121401001975,NCCB,52,26,128,183.40,23475.20
11358,11359,2022121401001974,GVL,44,57,10,306.10,3061.00
11359,11360,2022121404001048,NGPL,57,52,50,208.90,10445.00
11360,11361,2022121401001973,BOKL,16,40,112,207.90,23284.80
11361,11362,2022121401001972,NIB,35,58,40,220.00,8800.00
11362,11363,2022121401001971,NABIL,58,8,13,814.90,10593.70
11363,11364,2022121401001970,NABIL,58,58,80,814.90,65192.00
11364,11365,2022121404001047,API,46,59,25,209.90,5247.50
11365,11366,2022121401001969,SGHC,25,17,155,257.00,39835.00
11366,11367,2022121401001968,SGHC,25,13,500,257.00,128500.00
11367,11368,2022121401001967,SGHC,25,45,100,256.90,25690.00
11368,11369,2022121401001966,SGHC,25,4,125,256.30,32037.50
11369,11370,2022121401001965,SGHC,25,20,100,256.00,25600.00
11370,11371,2022121401001964,SGHC,25,35,10,255.00,2550.00
11371,11372,2022121401001963,SGHC,25,32,10,255.00,2550.00
11372,11373,2022121404001046,AIL,22,57,40,371.00,14840.00
11373,11374,2022121404001045,AIL,4,57,10,371.00,3710.00
11374,11375,2022121403001030,GBLBS,41,29,30,600.00,18000.00
11375,11376,2022121401001962,NIB,29,58,50,220.00,11000.00
11376,11377,2022121401001961,NIB,29,41,50,219.90,10995.00
11377,11378,2022121401001960,SHIVM,57,58,228,546.00,124488.00
11378,11379,2022121401001959,HDL,59,53,10,3825.00,38250.00
11379,11380,2022121404001044,AIL,11,19,10,372.40,3724.00
11380,11381,2022121404001043,AIL,38,19,110,372.40,40964.00
11381,11382,2022121404001042,AIL,42,19,50,372.40,18620.00
11382,11383,2022121404001041,AIL,42,19,40,372.50,14900.00
11383,11384,2022121401001958,NESDO,21,16,10,3320.00,33200.00
11384,11385,2022121401001957,NICA,45,33,50,682.40,34120.00
11385,11386,2022121401001956,NICA,36,33,29,683.60,19824.40
11386,11387,2022121401001955,NICA,7,33,15,683.70,10255.50
11387,11388,2022121404001040,RHPL,52,19,500,250.00,125000.00
11388,11389,2022121404001039,RHPL,52,21,28,250.00,7000.00
11389,11390,2022121401001954,NABIL,17,58,20,814.90,16298.00
11390,11391,2022121401001953,CBL,37,34,200,212.00,42400.00
11391,11392,2022121401001952,BHL,16,49,12,249.90,2998.80
11392,11393,2022121401001951,CBL,37,29,24,212.00,5088.00
11393,11394,2022121401001950,CBL,37,19,450,212.00,95400.00
11394,11395,2022121401001949,NABIL,8,58,100,814.90,81490.00
11395,11396,2022121403001029,FMDBL,37,4,10,711.00,7110.00
11396,11397,2022121401001948,GBIME,34,49,42,210.00,8820.00
11397,11398,2022121401001947,GBIME,34,19,58,210.00,12180.00
11398,11399,2022121401001946,USHEC,7,49,10,248.00,2480.00
11399,11400,2022121403001028,FMDBL,34,37,50,709.00,35450.00
11400,11401,2022121402000983,EHPL,5,29,10,237.60,2376.00
11401,11402,2022121401001945,BOKL,16,57,50,207.00,10350.00
11402,11403,2022121403001027,CFCL,28,6,10,304.00,3040.00
11403,11404,2022121403001026,NADEP,47,48,48,676.00,32448.00
11404,11405,2022121403001025,NABBC,49,43,10,360.00,3600.00
11405,11406,2022121404001038,UPCL,5,57,50,215.00,10750.00
11406,11407,2022121403001024,NMBMF,25,58,77,660.00,50820.00
11407,11408,2022121403001023,NMBMF,25,58,100,660.00,66000.00
11408,11409,2022121403001022,NMBMF,25,58,23,655.00,15065.00
11409,11410,2022121403001021,NLIC,35,45,65,606.10,39396.50
11410,11411,2022121403001020,NLIC,22,45,50,606.20,30310.00
11411,11412,2022121401001944,NESDO,38,22,10,3300.50,33005.00
11412,11413,2022121403001019,NRIC,43,29,500,694.30,347150.00
11413,11414,2022121402000982,EHPL,5,42,10,237.60,2376.00
11414,11415,2022121403001018,PFL,28,57,10,337.00,3370.00
11415,11416,2022121404001037,SSHL,58,47,500,171.00,85500.00
11416,11417,2022121401001943,SIKLES,34,4,10,375.00,3750.00
11417,11418,2022121402000981,EHPL,5,8,10,237.60,2376.00
11418,11419,2022121403001017,NABBC,43,28,10,387.00,3870.00
11419,11420,2022121401001942,BOKL,16,40,250,207.90,51975.00
11420,11421,2022121404001036,GLH,59,58,10,231.30,2313.00
11421,11422,2022121403001016,PFL,49,49,10,335.00,3350.00
11422,11423,2022121403001015,ICFC,28,17,10,428.00,4280.00
11423,11424,2022121405000284,SLI,55,45,10,331.80,3318.00
11424,11425,2022121404001035,HDHPC,25,17,70,175.00,12250.00
11425,11426,2022121403001014,MLBSL,1,58,10,3990.00,39900.00
11426,11427,2022121401001941,NESDO,21,7,10,3300.00,33000.00
11427,11428,2022121401001940,CCBL,49,40,1000,189.70,189700.00
11428,11429,2022121405000283,TPC,45,57,10,318.00,3180.00
11429,11430,2022121404001034,SHPC,28,45,30,270.00,8100.00
11430,11431,2022121404001033,SHPC,42,45,20,270.00,5400.00
11431,11432,2022121404001032,SHPC,43,45,50,270.10,13505.00
11432,11433,2022121405000282,SAHAS,33,45,10,450.00,4500.00
11433,11434,2022121401001939,CYCL,34,11,10,2486.20,24862.00
11434,11435,2022121404001031,RHPL,17,28,1800,251.50,452700.00
11435,11436,2022121404001030,RHPL,17,34,200,251.00,50200.00
11436,11437,2022121404001029,RHPL,58,34,100,251.00,25100.00
11437,11438,2022121404001028,STC,34,45,10,3555.00,35550.00
11438,11439,2022121404001027,CHCL,59,52,284,387.00,109908.00
11439,11440,2022121404001026,CHCL,59,18,100,387.00,38700.00
11440,11441,2022121404001025,CHCL,59,45,13,387.00,5031.00
11441,11442,2022121404001024,CHCL,59,34,500,386.00,193000.00
11442,11443,2022121401001938,NABIL,21,52,83,814.10,67570.30
11443,11444,2022121401001937,NABIL,32,52,115,814.20,93633.00
11444,11445,2022121401001936,NABIL,41,52,10,814.20,8142.00
11445,11446,2022121401001935,NABIL,32,52,115,814.20,93633.00
11446,11447,2022121404001023,SJCL,46,16,10,236.90,2369.00
11447,11448,2022121401001934,PPL,28,58,10,204.50,2045.00
11448,11449,2022121401001933,PPL,28,58,10,204.50,2045.00
11449,11450,2022121401001932,PPL,28,57,10,204.50,2045.00
11450,11451,2022121401001931,PPL,28,44,10,204.20,2042.00
11451,11452,2022121401001930,PPL,28,38,10,204.00,2040.00
11452,11453,2022121401001929,PPL,28,56,10,204.00,2040.00
11453,11454,2022121401001928,PPL,28,49,10,202.00,2020.00
11454,11455,2022121403001013,PFL,49,53,10,335.00,3350.00
11455,11456,2022121404001022,UPPER,1,6,20,388.50,7770.00
11456,11457,2022121401001927,PRVU,5,47,100,200.80,20080.00
11457,11458,2022121401001926,BHDC,45,47,10,344.00,3440.00
11458,11459,2022121401001925,MHL,42,57,10,308.00,3080.00
11459,11460,2022121401001924,NIB,6,58,162,220.00,35640.00
11460,11461,2022121401001923,NIB,6,13,4838,220.00,1064360.00
11461,11462,2022121403001012,NABBC,43,28,10,379.70,3797.00
11462,11463,2022121401001922,RFPL,28,45,10,230.00,2300.00
11463,11464,2022121403001011,NIFRA,14,35,64,184.50,11808.00
11464,11465,2022121403001010,ALICL,50,25,12,504.20,6050.40
11465,11466,2022121401001921,RFPL,49,57,10,223.50,2235.00
11466,11467,2022121403001009,GUFL,28,21,10,521.50,5215.00
11467,11468,2022121404001021,SJCL,25,55,23,237.50,5462.50
11468,11469,2022121404001020,SJCL,25,58,22,237.50,5225.00
11469,11470,2022121404001019,SJCL,25,49,500,237.50,118750.00
11470,11471,2022121404001018,SJCL,25,20,50,237.50,11875.00
11471,11472,2022121404001017,SJCL,25,16,100,237.50,23750.00
11472,11473,2022121404001016,SJCL,25,16,105,237.00,24885.00
11473,11474,2022121404001015,RIDI,42,58,40,487.00,19480.00
11474,11475,2022121403001008,NICLBSL,54,16,10,710.10,7101.00
11475,11476,2022121403001007,GBBL,49,35,15,382.90,5743.50
11476,11477,2022121401001920,RHGCL,41,45,10,206.20,2062.00
11477,11478,2022121405000281,NYADI,34,57,10,271.00,2710.00
11478,11479,2022121404001014,SHEL,3,19,10,230.00,2300.00
11479,11480,2022121401001919,BHL,16,52,10,249.50,2495.00
11480,11481,2022121401001918,NBL,57,39,10,276.00,2760.00
11481,11482,2022121401001917,BHDC,45,47,10,344.00,3440.00
11482,11483,2022121401001916,RHGCL,41,14,10,206.20,2062.00
11483,11484,2022121402000980,EHPL,5,8,10,237.60,2376.00
11484,11485,2022121403001006,ICFC,49,48,230,423.10,97313.00
11485,11486,2022121401001915,DORDI,45,49,10,230.00,2300.00
11486,11487,2022121404001013,KPCL,6,40,166,318.00,52788.00
11487,11488,2022121404001012,KPCL,6,40,300,317.00,95100.00
11488,11489,2022121404001011,KPCL,6,49,11,316.00,3476.00
11489,11490,2022121404001010,CHCL,44,58,19,385.00,7315.00
11490,11491,2022121403001005,CIT,5,42,10,1865.00,18650.00
11491,11492,2022121403001004,NLICL,28,34,90,500.00,45000.00
11492,11493,2022121403001003,NLICL,52,34,10,500.00,5000.00
11493,11494,2022121404001009,RHPL,17,8,561,251.50,141091.50
11494,11495,2022121404001008,RHPL,17,13,50,251.50,12575.00
11495,11496,2022121404001007,RHPL,17,37,1000,251.50,251500.00
11496,11497,2022121404001006,RHPL,17,43,300,251.50,75450.00
11497,11498,2022121404001005,RHPL,17,19,89,251.50,22383.50
11498,11499,2022121403001002,NIFRA,14,32,54,184.50,9963.00
11499,11500,2022121403001001,NABBC,43,25,10,372.30,3723.00
11500,11501,2022121403001000,PFL,49,50,10,334.30,3343.00
11501,11502,2022121404001004,SSHL,34,47,50,171.00,8550.00
11502,11503,2022121401001914,PPL,28,16,10,201.00,2010.00
11503,11504,2022121401001913,GBIME,6,45,41,209.50,8589.50
11504,11505,2022121403000999,ALICL,50,55,172,504.20,86722.40
11505,11506,2022121403000998,ALICL,34,55,100,505.00,50500.00
11506,11507,2022121401001912,NIBPO,6,56,13,207.60,2698.80
11507,11508,2022121401001911,NIBPO,6,43,506,207.60,105045.60
11508,11509,2022121405000280,SAHAS,33,58,10,450.00,4500.00
11509,11510,2022121404001003,HURJA,58,49,10,200.00,2000.00
11510,11511,2022121401001910,SPHL,35,35,10,350.00,3500.00
11511,11512,2022121403000997,NIFRA,14,45,54,184.50,9963.00
11512,11513,2022121403000996,PFL,49,11,31,334.30,10363.30
11513,11514,2022121401001909,UHEWA,33,6,10,346.50,3465.00
11514,11515,2022121403000995,MFIL,44,29,10,423.00,4230.00
11515,11516,2022121404001002,SJCL,25,16,395,237.00,93615.00
11516,11517,2022121404001001,SJCL,25,6,300,237.00,71100.00
11517,11518,2022121404001000,SJCL,25,44,950,237.00,225150.00
11518,11519,2022121404000999,SJCL,25,22,80,237.00,18960.00
11519,11520,2022121404000998,SJCL,25,55,235,236.90,55671.50
11520,11521,2022121404000997,SJCL,25,16,40,233.90,9356.00
11521,11522,2022121403000994,NICLBSL,20,45,10,710.50,7105.00
11522,11523,2022121404000996,CHCL,57,58,11,385.00,4235.00
11523,11524,2022121404000995,API,50,59,800,209.90,167920.00
11524,11525,2022121403000993,NRIC,56,17,20,700.00,14000.00
11525,11526,2022121404000994,SSHL,34,51,10,170.00,1700.00
11526,11527,2022121401001908,NICA,36,21,21,683.00,14343.00
11527,11528,2022121401001907,SPHL,35,5,10,350.00,3500.00
11528,11529,2022121401001906,SIKLES,34,6,10,375.00,3750.00
11529,11530,2022121404000993,UPPER,45,6,50,388.90,19445.00
11530,11531,2022121404000992,RHPL,17,19,411,251.50,103366.50
11531,11532,2022121404000991,RHPL,17,59,1000,251.50,251500.00
11532,11533,2022121404000990,RHPL,17,17,100,251.50,25150.00
11533,11534,2022121404000989,RHPL,17,49,1000,251.50,251500.00
11534,11535,2022121404000988,RHPL,17,25,200,251.50,50300.00
11535,11536,2022121404000987,RHPL,17,6,200,251.50,50300.00
11536,11537,2022121404000986,RHPL,17,21,10,251.00,2510.00
11537,11538,2022121404000985,RHPL,17,56,100,251.00,25100.00
11538,11539,2022121404000984,RHPL,17,40,150,251.00,37650.00
11539,11540,2022121404000983,RHPL,17,21,100,250.00,25000.00
11540,11541,2022121404000982,RHPL,17,35,100,250.00,25000.00
11541,11542,2022121404000981,RHPL,17,58,95,250.00,23750.00
11542,11543,2022121404000980,RHPL,17,1,200,250.00,50000.00
11543,11544,2022121404000979,RHPL,17,8,100,250.00,25000.00
11544,11545,2022121404000978,RHPL,17,57,1002,249.90,250399.80
11545,11546,2022121404000977,RHPL,17,13,200,249.00,49800.00
11546,11547,2022121404000976,RHPL,17,47,32,249.00,7968.00
11547,11548,2022121401001905,HHL,7,35,10,213.90,2139.00
11548,11549,2022121401001904,SGHC,25,25,10,251.50,2515.00
11549,11550,2022121401001903,HDL,38,53,20,3815.00,76300.00
11550,11551,2022121401001902,HDL,21,53,25,3815.00,95375.00
11551,11552,2022121401001901,HDL,22,53,15,3815.00,57225.00
11552,11553,2022121401001900,HDL,49,53,10,3820.00,38200.00
11553,11554,2022121401001899,GBIME,6,14,940,209.50,196930.00
11554,11555,2022121401001898,EBL,46,54,16,444.20,7107.20
11555,11556,2022121403000992,PFL,49,1,190,334.00,63460.00
11556,11557,2022121404000975,AIL,42,45,10,372.50,3725.00
11557,11558,2022121401001897,MHL,42,6,10,308.00,3080.00
11558,11559,2022121404000974,IGI,26,29,103,360.20,37100.60
11559,11560,2022121404000973,IGI,5,29,10,360.20,3602.00
11560,11561,2022121404000972,IGI,50,29,387,360.30,139436.10
11561,11562,2022121401001896,SHIVM,58,7,30,545.30,16359.00
11562,11563,2022121401001895,SHIVM,42,7,20,546.00,10920.00
11563,11564,2022121401001894,SHIVM,53,7,45,546.00,24570.00
11564,11565,2022121401001893,SHIVM,32,7,75,546.00,40950.00
11565,11566,2022121401001892,SHIVM,6,7,50,546.10,27305.00
11566,11567,2022121403000991,ILBS,11,52,10,865.00,8650.00
11567,11568,2022121401001891,SIKLES,11,56,10,377.00,3770.00
11568,11569,2022121404000971,RHPL,17,47,18,249.00,4482.00
11569,11570,2022121404000970,RHPL,17,26,100,248.80,24880.00
11570,11571,2022121404000969,RHPL,17,26,200,248.80,49760.00
11571,11572,2022121404000968,RHPL,17,6,500,248.80,124400.00
11572,11573,2022121404000967,RHPL,17,45,20,248.80,4976.00
11573,11574,2022121404000966,RHPL,17,16,80,248.00,19840.00
11574,11575,2022121404000965,RHPL,17,29,500,248.00,124000.00
11575,11576,2022121404000964,RHPL,17,22,10,248.00,2480.00
11576,11577,2022121404000963,RHPL,17,52,76,248.00,18848.00
11577,11578,2022121404000962,RHPL,17,16,1000,247.00,247000.00
11578,11579,2022121404000961,RHPL,17,6,145,246.90,35800.50
11579,11580,2022121404000960,RHPL,17,25,71,246.80,17522.80
11580,11581,2022121404000959,RHPL,17,46,80,246.50,19720.00
11581,11582,2022121404000958,RHPL,17,51,200,246.00,49200.00
11582,11583,2022121403000990,NABBC,18,16,10,365.00,3650.00
11583,11584,2022121404000957,AKPL,17,47,43,345.00,14835.00
11584,11585,2022121405000279,JALPA,48,7,10,3335.00,33350.00
11585,11586,2022121404000956,AHPC,22,55,170,266.00,45220.00
11586,11587,2022121404000955,AHPC,55,55,100,266.10,26610.00
11587,11588,2022121404000954,AHPC,25,55,30,266.50,7995.00
11588,11589,2022121401001890,PRVU,6,47,10,200.80,2008.00
11589,11590,2022121401001889,GBIME,13,7,50,209.00,10450.00
11590,11591,2022121401001888,DORDI,45,6,10,230.00,2300.00
11591,11592,2022121404000953,API,7,59,10,209.90,2099.00
11592,11593,2022121404000952,SJCL,25,16,60,233.90,14034.00
11593,11594,2022121404000951,AIL,19,19,200,373.00,74600.00
11594,11595,2022121404000950,AIL,6,19,100,373.00,37300.00
11595,11596,2022121403000989,ALBSL,26,43,10,930.00,9300.00
11596,11597,2022121403000988,HIDCL,42,48,50,165.50,8275.00
11597,11598,2022121402000979,PHCL,13,45,10,270.00,2700.00
11598,11599,2022121401001887,NICA,21,21,30,683.00,20490.00
11599,11600,2022121401001886,PPL,28,49,10,201.00,2010.00
11600,11601,2022121401001885,AVYAN,45,6,10,696.00,6960.00
11601,11602,2022121401001884,SIKLES,11,58,10,376.00,3760.00
11602,11603,2022121401001883,SIKLES,11,35,10,376.00,3760.00
11603,11604,2022121401001882,SIKLES,11,34,10,376.00,3760.00
11604,11605,2022121401001881,SIKLES,11,49,10,376.00,3760.00
11605,11606,2022121401001880,NBF3,25,55,100,7.22,722.00
11606,11607,2022121401001879,CCBL,44,50,139,189.00,26271.00
11607,11608,2022121401001878,CCBL,44,50,1847,189.00,349083.00
11608,11609,2022121401001877,NABIL,42,52,30,815.00,24450.00
11609,11610,2022121401001876,NABIL,1,52,60,815.00,48900.00
11610,11611,2022121401001875,SGHC,25,6,10,251.50,2515.00
11611,11612,2022121404000949,AIL,38,19,100,373.10,37310.00
11612,11613,2022121404000948,AIL,22,19,50,373.40,18670.00
11613,11614,2022121404000947,AIL,20,19,20,374.00,7480.00
11614,11615,2022121404000946,AIL,13,19,30,374.00,11220.00
11615,11616,2022121404000945,SJCL,25,54,40,236.00,9440.00
11616,11617,2022121404000944,SJCL,25,1,50,235.00,11750.00
11617,11618,2022121404000943,SJCL,25,6,200,234.30,46860.00
11618,11619,2022121404000942,SJCL,25,16,50,234.00,11700.00
11619,11620,2022121403000987,JBBL,45,49,52,280.00,14560.00
11620,11621,2022121403000986,JBBL,45,4,50,280.00,14000.00
11621,11622,2022121403000985,JBBL,45,14,17,280.00,4760.00
11622,11623,2022121401001874,NESDO,33,7,10,3283.00,32830.00
11623,11624,2022121401001873,CCBL,44,7,50,188.50,9425.00
11624,11625,2022121404000941,BPCL,6,29,214,302.60,64756.40
11625,11626,2022121404000940,BPCL,39,29,100,302.70,30270.00
11626,11627,2022121404000939,BPCL,1,29,186,302.70,56302.20
11627,11628,2022121401001872,PPL,28,34,10,201.00,2010.00
11628,11629,2022121403000984,PFL,28,1,10,334.00,3340.00
11629,11630,2022121404000938,API,14,51,10,209.00,2090.00
11630,11631,2022121403000983,NTC,41,49,10,909.00,9090.00
11631,11632,2022121403000982,NTC,41,42,10,906.00,9060.00
11632,11633,2022121404000937,RIDI,26,58,10,487.00,4870.00
11633,11634,2022121401001871,GBIME,13,52,22,209.00,4598.00
11634,11635,2022121401001870,GBIME,57,52,50,209.00,10450.00
11635,11636,2022121401001869,GBIME,45,52,128,209.00,26752.00
11636,11637,2022121401001868,PRVU,58,47,340,200.80,68272.00
11637,11638,2022121403000981,NTC,44,8,100,905.10,90510.00
11638,11639,2022121401001867,EBL,48,38,10,440.00,4400.00
11639,11640,2022121404000936,SHPC,51,28,900,270.30,243270.00
11640,11641,2022121404000935,SHPC,32,28,150,270.40,40560.00
11641,11642,2022121404000934,SHEL,26,58,10,228.00,2280.00
11642,11643,2022121401001866,ADBL,11,49,50,313.00,15650.00
11643,11644,2022121403000980,CORBL,58,28,40,272.00,10880.00
11644,11645,2022121403000979,JBBL,38,14,10,280.00,2800.00
11645,11646,2022121401001865,NIB,22,58,458,219.00,100302.00
11646,11647,2022121401001864,NICA,51,58,18,685.00,12330.00
11647,11648,2022121403000978,ALBSL,26,6,16,930.00,14880.00
11648,11649,2022121401001863,NABIL,5,22,20,815.80,16316.00
11649,11650,2022121404000933,AHPC,47,28,1000,267.00,267000.00
11650,11651,2022121401001862,SANIMA,6,57,10,223.40,2234.00
11651,11652,2022121403000977,CHDC,50,58,10,650.00,6500.00
11652,11653,2022121404000932,NGPL,57,21,10,206.00,2060.00
11653,11654,2022121404000931,UPPER,41,14,345,389.00,134205.00
11654,11655,2022121404000930,UPPER,41,58,40,388.90,15556.00
11655,11656,2022121401001861,GBIME,17,14,50,209.50,10475.00
11656,11657,2022121401001860,PPL,28,21,10,204.10,2041.00
11657,11658,2022121401001859,PPL,28,34,10,204.10,2041.00
11658,11659,2022121401001858,PPL,28,58,10,204.10,2041.00
11659,11660,2022121401001857,PPL,28,49,10,204.00,2040.00
11660,11661,2022121401001856,PPL,28,55,10,204.00,2040.00
11661,11662,2022121401001855,PPL,28,25,10,204.00,2040.00
11662,11663,2022121401001854,PPL,28,32,10,204.00,2040.00
11663,11664,2022121401001853,PPL,28,54,10,203.00,2030.00
11664,11665,2022121401001852,DORDI,45,58,10,230.00,2300.00
11665,11666,2022121403000976,DDBL,58,58,56,1025.00,57400.00
11666,11667,2022121401001851,USHEC,10,58,10,248.00,2480.00
11667,11668,2022121403000975,KLBSL,32,13,20,820.00,16400.00
11668,11669,2022121403000974,CIT,54,33,13,1850.00,24050.00
11669,11670,2022121403000973,CIT,45,33,20,1850.00,37000.00
11670,11671,2022121403000972,CIT,43,33,100,1850.00,185000.00
11671,11672,2022121403000971,CIT,17,33,18,1850.00,33300.00
11672,11673,2022121403000970,CIT,33,33,39,1850.00,72150.00
11673,11674,2022121403000969,CIT,11,33,10,1850.10,18501.00
11674,11675,2022121403000968,NMFBS,47,35,10,1999.00,19990.00
11675,11676,2022121403000967,NMFBS,3,35,20,1999.00,39980.00
11676,11677,2022121401001850,NIB,22,49,42,218.50,9177.00
11677,11678,2022121401001849,SPHL,35,58,10,350.00,3500.00
11678,11679,2022121401001848,NIB,10,49,30,218.50,6555.00
11679,11680,2022121403000966,NRIC,32,19,284,695.00,197380.00
11680,11681,2022121403000965,DDBL,50,43,380,1025.00,389500.00
11681,11682,2022121404000929,SSHL,54,47,10,170.00,1700.00
11682,11683,2022121404000928,SSHL,7,47,10,170.10,1701.00
11683,11684,2022121404000927,SSHL,34,47,20,170.50,3410.00
11684,11685,2022121403000964,SMFDB,22,58,50,1199.00,59950.00
11685,11686,2022121403000963,SMFDB,43,58,50,1199.00,59950.00
11686,11687,2022121404000926,HDHPC,44,7,10,174.00,1740.00
11687,11688,2022121401001847,NCCB,48,26,470,183.40,86198.00
11688,11689,2022121401001846,NCCB,48,58,30,183.10,5493.00
11689,11690,2022121403000962,MNBBL,51,45,200,420.00,84000.00
11690,11691,2022121401001845,CBL,58,19,50,212.00,10600.00
11691,11692,2022121404000925,RIDI,42,48,60,486.00,29160.00
11692,11693,2022121404000924,RIDI,34,48,50,486.00,24300.00
11693,11694,2022121403000961,NICLBSL,7,10,28,712.00,19936.00
11694,11695,2022121401001844,RHGCL,41,38,10,206.20,2062.00
11695,11696,2022121404000923,CHCL,59,58,103,384.00,39552.00
11696,11697,2022121403000960,FMDBL,34,6,490,709.00,347410.00
11697,11698,2022121401001843,ADBL,21,6,100,311.00,31100.00
11698,11699,2022121401001842,MHL,42,45,10,308.00,3080.00
11699,11700,2022121403000959,NMFBS,42,55,10,2000.00,20000.00
11700,11701,2022121404000922,TRH,7,26,10,334.30,3343.00
11701,11702,2022121402000978,EHPL,5,38,10,237.60,2376.00
11702,11703,2022121404000921,BARUN,42,42,3,200.10,600.30
11703,11704,2022121404000920,RADHI,48,38,10,216.10,2161.00
11704,11705,2022121401001841,SIKLES,11,58,10,375.50,3755.00
11705,11706,2022121404000919,NGPL,57,34,135,206.00,27810.00
11706,11707,2022121404000918,CHL,42,42,1,201.10,201.10
11707,11708,2022121403000958,SHINE,49,1,30,331.00,9930.00
11708,11709,2022121404000917,NLG,52,25,30,474.00,14220.00
11709,11710,2022121404000916,SHEL,56,58,10,227.50,2275.00
11710,11711,2022121404000915,NGPL,21,34,25,206.00,5150.00
11711,11712,2022121401001840,NBL,19,59,10,275.00,2750.00
11712,11713,2022121403000957,FOWAD,42,42,1,2575.50,2575.50
11713,11714,2022121403000956,FMDBL,25,14,10,711.00,7110.00
11714,11715,2022121401001839,SRBL,38,41,780,183.00,142740.00
11715,11716,2022121401001838,SRBL,17,41,100,183.00,18300.00
11716,11717,2022121401001837,SRBL,42,41,25,183.00,4575.00
11717,11718,2022121401001836,SRBL,52,41,161,183.00,29463.00
11718,11719,2022121405000278,SAHAS,22,39,10,451.00,4510.00
11719,11720,2022121401001835,RFPL,28,21,10,225.00,2250.00
11720,11721,2022121401001834,RFPL,49,22,10,223.50,2235.00
11721,11722,2022121401001833,NABIL,58,52,10,815.90,8159.00
11722,11723,2022121401001832,SPHL,35,56,210,350.00,73500.00
11723,11724,2022121403000955,NUBL,41,33,20,890.00,17800.00
11724,11725,2022121404000914,RHPL,44,14,450,246.60,110970.00
11725,11726,2022121403000954,HIDCL,42,42,1,162.90,162.90
11726,11727,2022121404000913,AIL,35,19,20,378.00,7560.00
11727,11728,2022121404000912,TRH,7,1,10,334.30,3343.00
11728,11729,2022121401001831,PPL,28,41,10,203.00,2030.00
11729,11730,2022121401001830,PPL,28,54,10,203.00,2030.00
11730,11731,2022121401001829,PPL,28,45,10,203.00,2030.00
11731,11732,2022121401001828,PPL,28,22,10,202.00,2020.00
11732,11733,2022121401001827,PPL,28,28,10,202.00,2020.00
11733,11734,2022121401001826,PPL,28,58,10,202.00,2020.00
11734,11735,2022121404000911,RIDI,34,17,50,486.00,24300.00
11735,11736,2022121401001825,PPL,50,38,10,200.50,2005.00
11736,11737,2022121404000910,NIBSF2,39,42,100,6.97,697.00
11737,11738,2022121403000953,FOWAD,49,20,36,2610.00,93960.00
11738,11739,2022121401001824,HIDCLP,17,49,100,97.80,9780.00
11739,11740,2022121403000952,NLIC,35,57,519,606.10,314565.90
11740,11741,2022121403000951,NLIC,51,57,50,606.20,30310.00
11741,11742,2022121403000950,NLIC,58,57,10,606.50,6065.00
11742,11743,2022121403000949,NLIC,57,57,11,606.50,6671.50
11743,11744,2022121401001823,NESDO,28,59,50,3282.00,164100.00
11744,11745,2022121401001822,NIBPO,6,56,129,207.00,26703.00
11745,11746,2022121403000948,NMFBS,42,42,1,1965.00,1965.00
11746,11747,2022121403000947,FMDBL,25,32,10,711.00,7110.00
11747,11748,2022121401001821,SGHC,25,38,10,251.50,2515.00
11748,11749,2022121401001820,SGHC,44,21,10,251.60,2516.00
11749,11750,2022121403000946,NUBL,41,55,15,889.90,13348.50
11750,11751,2022121404000909,LEC,32,39,10,225.00,2250.00
11751,11752,2022121404000908,LEC,32,39,238,224.90,53526.20
11752,11753,2022121405000277,MLBS,43,47,10,983.20,9832.00
11753,11754,2022121403000945,NTC,45,42,40,906.00,36240.00
11754,11755,2022121403000944,NIFRA,45,6,14,184.20,2578.80
11755,11756,2022121401001819,HDL,22,33,35,3815.00,133525.00
11756,11757,2022121401001818,HDL,37,33,20,3816.00,76320.00
11757,11758,2022121401001817,HDL,26,33,27,3817.10,103061.70
11758,11759,2022121401001816,HDL,55,33,25,3817.20,95430.00
11759,11760,2022121403000943,GBBL,49,44,1000,380.30,380300.00
11760,11761,2022121403000942,GBBL,13,44,200,380.30,76060.00
11761,11762,2022121403000941,GBBL,7,44,22,380.30,8366.60
11762,11763,2022121403000940,GBBL,35,44,20,381.00,7620.00
11763,11764,2022121403000939,GBBL,53,44,100,381.00,38100.00
11764,11765,2022121403000938,GBBL,47,44,50,381.00,19050.00
11765,11766,2022121403000937,GBBL,45,44,21,382.00,8022.00
11766,11767,2022121401001815,NABIL,28,6,10,816.00,8160.00
11767,11768,2022121401001814,NABIL,28,43,60,816.00,48960.00
11768,11769,2022121404000907,CHL,25,38,30,205.00,6150.00
11769,11770,2022121404000906,RHPL,44,3,50,246.60,12330.00
11770,11771,2022121401001813,SIKLES,11,49,10,375.50,3755.00
11771,11772,2022121403000936,NIFRA,45,38,54,184.20,9946.80
11772,11773,2022121403000935,NLIC,11,57,50,607.00,30350.00
11773,11774,2022121403000934,NLIC,58,57,20,607.00,12140.00
11774,11775,2022121403000933,NLIC,45,57,50,607.00,30350.00
11775,11776,2022121403000932,NLIC,36,57,50,607.00,30350.00
11776,11777,2022121403000931,NLIC,29,57,200,607.20,121440.00
11777,11778,2022121403000930,NLIC,22,57,50,608.00,30400.00
11778,11779,2022121403000929,NLIC,51,57,90,608.30,54747.00
11779,11780,2022121401001812,SHIVM,32,11,25,546.00,13650.00
11780,11781,2022121401001811,SHIVM,53,11,50,546.00,27300.00
11781,11782,2022121401001810,SHIVM,16,11,50,546.00,27300.00
11782,11783,2022121401001809,SHIVM,57,11,25,546.00,13650.00
11783,11784,2022121401001808,SHIVM,29,11,250,546.00,136500.00
11784,11785,2022121404000905,SJCL,57,58,20,232.00,4640.00
11785,11786,2022121403000928,USLB,32,6,12,870.00,10440.00
11786,11787,2022121403000927,MNBBL,17,45,30,420.00,12600.00
11787,11788,2022121401001807,NMB,33,58,135,229.00,30915.00
11788,11789,2022121404000904,KPCL,6,19,11,315.80,3473.80
11789,11790,2022121401001806,PRVU,41,26,1000,200.70,200700.00
11790,11791,2022121401001805,CCBL,45,50,11,189.00,2079.00
11791,11792,2022121401001804,SIKLES,11,47,10,375.50,3755.00
11792,11793,2022121401001803,HHL,7,38,10,213.90,2139.00
11793,11794,2022121401001802,CCBL,58,50,42,189.00,7938.00
11794,11795,2022121401001801,NMB,10,58,30,229.00,6870.00
11795,11796,2022121401001800,PPL,28,47,10,200.40,2004.00
11796,11797,2022121404000903,RMF1,17,25,100,7.50,750.00
11797,11798,2022121404000902,NGPL,35,34,140,206.00,28840.00
11798,11799,2022121403000926,CIT,33,33,46,1850.00,85100.00
11799,11800,2022121403000925,CIT,50,33,154,1851.00,285054.00
11800,11801,2022121401001799,NABIL,58,3,12,815.00,9780.00
11801,11802,2022121405000276,SLI,58,45,10,331.90,3319.00
11802,11803,2022121404000901,JOSHI,25,6,20,185.10,3702.00
11803,11804,2022121401001798,SGHC,44,47,490,251.60,123284.00
11804,11805,2022121401001797,SGHC,44,47,50,251.70,12585.00
11805,11806,2022121401001796,SGHC,44,47,50,251.70,12585.00
11806,11807,2022121401001795,SGHC,44,47,40,251.80,10072.00
11807,11808,2022121401001794,SGHC,34,47,10,251.90,2519.00
11808,11809,2022121401001793,SGHC,34,47,160,252.00,40320.00
11809,11810,2022121401001792,SHIVM,48,11,420,546.10,229362.00
11810,11811,2022121403000924,MNBBL,38,58,40,419.00,16760.00
11811,11812,2022121404000900,RHPL,7,25,29,246.80,7157.20
11812,11813,2022121404000899,RHPL,7,29,21,246.80,5182.80
11813,11814,2022121401001791,GBIME,45,1,22,209.00,4598.00
11814,11815,2022121401001790,GBIME,17,1,20,209.00,4180.00
11815,11816,2022121401001789,GBIME,47,1,10,209.00,2090.00
11816,11817,2022121405000275,SLI,55,17,10,332.00,3320.00
11817,11818,2022121401001788,SIKLES,11,58,10,375.50,3755.00
11818,11819,2022121401001787,NABIL,45,3,11,815.00,8965.00
11819,11820,2022121405000274,MBJC,18,45,50,210.00,10500.00
11820,11821,2022121405000273,MBJC,18,58,10,209.00,2090.00
11821,11822,2022121404000898,OHL,19,56,10,488.10,4881.00
11822,11823,2022121403000923,NIFRA,45,45,64,184.20,11788.80
11823,11824,2022121404000897,LEC,42,39,170,224.90,38233.00
11824,11825,2022121404000896,LEC,42,48,100,224.70,22470.00
11825,11826,2022121404000895,LEC,42,1,230,224.60,51658.00
11826,11827,2022121403000922,NIFRA,45,35,10,184.20,1842.00
11827,11828,2022121401001786,NABIL,4,3,100,815.00,81500.00
11828,11829,2022121401001785,NABIL,53,3,11,815.00,8965.00
11829,11830,2022121401001784,NABIL,22,3,56,815.60,45673.60
11830,11831,2022121401001783,NABIL,45,3,30,815.70,24471.00
11831,11832,2022121403000921,NIFRA,45,6,54,184.20,9946.80
11832,11833,2022121404000894,UPPER,41,38,120,388.00,46560.00
11833,11834,2022121401001782,RHGCL,41,25,10,206.20,2062.00
11834,11835,2022121403000920,SKBBL,49,45,10,1115.00,11150.00
11835,11836,2022121401001781,HIDCLP,42,49,315,97.80,30807.00
11836,11837,2022121403000919,NICLBSL,7,45,10,712.00,7120.00
11837,11838,2022121403000918,NRIC,21,6,11,695.00,7645.00
11838,11839,2022121401001780,UHEWA,33,38,10,346.50,3465.00
11839,11840,2022121401001779,NMB,19,58,50,229.00,11450.00
11840,11841,2022121401001778,NMB,42,58,15,229.00,3435.00
11841,11842,2022121401001777,NMB,45,58,20,229.00,4580.00
11842,11843,2022121405000272,MKLB,34,28,10,820.00,8200.00
11843,11844,2022121404000893,UPPER,43,38,20,388.00,7760.00
11844,11845,2022121403000917,KLBSL,42,7,10,831.00,8310.00
11845,11846,2022121401001776,NIB,25,5,51,219.00,11169.00
11846,11847,2022121405000271,MKJC,19,28,400,404.80,161920.00
11847,11848,2022121403000916,SDLBSL,36,6,10,921.00,9210.00
11848,11849,2022121404000892,PIC,38,38,1,520.00,520.00
11849,11850,2022121403000915,NTC,57,38,3,906.00,2718.00
11850,11851,2022121403000914,NTC,57,42,37,906.00,33522.00
11851,11852,2022121403000913,NTC,45,42,20,906.00,18120.00
11852,11853,2022121403000912,NTC,34,42,17,906.00,15402.00
11853,11854,2022121403000911,NTC,34,42,60,906.00,54360.00
11854,11855,2022121403000910,NTC,34,42,56,906.00,50736.00
11855,11856,2022121403000909,NIFRA,45,6,10,184.50,1845.00
11856,11857,2022121403000908,SMB,43,4,10,1248.40,12484.00
11857,11858,2022121404000891,SHPC,45,34,200,271.50,54300.00
11858,11859,2022121404000890,SHPC,42,42,1,267.10,267.10
11859,11860,2022121401001775,SIKLES,11,41,10,375.50,3755.00
11860,11861,2022121403000907,CIT,50,33,96,1851.00,177696.00
11861,11862,2022121403000906,CIT,25,33,70,1855.00,129850.00
11862,11863,2022121403000905,CIT,57,33,14,1855.00,25970.00
11863,11864,2022121403000904,CIT,25,33,20,1856.00,37120.00
11864,11865,2022121403000903,KLBSL,42,41,30,830.00,24900.00
11865,11866,2022121404000889,UPPER,51,6,50,387.20,19360.00
11866,11867,2022121404000888,NGPL,35,58,1860,206.00,383160.00
11867,11868,2022121404000887,NGPL,35,58,2000,206.00,412000.00
11868,11869,2022121404000886,NGPL,17,58,125,206.00,25750.00
11869,11870,2022121404000885,NGPL,32,58,15,207.00,3105.00
11870,11871,2022121401001774,NABIL,29,40,10,815.90,8159.00
11871,11872,2022121401001773,PPL,56,25,10,200.30,2003.00
11872,11873,2022121401001772,PCBL,45,56,10,224.00,2240.00
11873,11874,2022121403000902,KLBSL,42,13,10,829.90,8299.00
11874,11875,2022121404000884,CHCL,58,1,16,383.20,6131.20
11875,11876,2022121401001771,PPL,56,55,10,200.30,2003.00
11876,11877,2022121403000901,SMFDB,58,20,36,1205.00,43380.00
11877,11878,2022121401001770,ULBSL,21,38,10,3430.00,34300.00
11878,11879,2022121401001769,PPL,28,49,10,201.00,2010.00
11879,11880,2022121401001768,PPL,28,42,10,201.00,2010.00
11880,11881,2022121405000270,MKLB,34,28,10,820.00,8200.00
11881,11882,2022121404000883,AIL,35,45,10,378.00,3780.00
11882,11883,2022121404000882,DHPL,25,52,790,174.90,138171.00
11883,11884,2022121404000881,DHPL,25,28,10,174.90,1749.00
11884,11885,2022121403000900,FMDBL,25,13,74,711.00,52614.00
11885,11886,2022121401001767,USHEC,7,42,10,248.00,2480.00
11886,11887,2022121401001766,NCCB,41,41,87,183.10,15929.70
11887,11888,2022121401001765,RHGCL,41,34,10,206.20,2062.00
11888,11889,2022121401001764,SIKLES,34,45,10,375.00,3750.00
11889,11890,2022121401001763,SANIMA,1,56,200,223.10,44620.00
11890,11891,2022121401001762,RFPL,49,35,10,223.50,2235.00
11891,11892,2022121401001761,NESDO,28,59,40,3286.00,131440.00
11892,11893,2022121402000977,PHCL,49,56,10,270.00,2700.00
11893,11894,2022121401001760,NBL,19,59,15,275.00,4125.00
11894,11895,2022121401001759,RHGCL,41,38,10,206.20,2062.00
11895,11896,2022121404000880,NMB50,10,10,100,9.19,919.00
11896,11897,2022121401001758,MMF1,50,16,798,7.30,5825.40
11897,11898,2022121401001757,MMF1,50,33,552,7.30,4029.60
11898,11899,2022121401001756,MMF1,50,25,100,7.16,716.00
11899,11900,2022121403000899,NIFRA,38,38,64,184.40,11801.60
11900,11901,2022121404000879,SJCL,58,34,175,233.00,40775.00
11901,11902,2022121401001755,PPL,50,49,10,200.20,2002.00
11902,11903,2022121404000878,BPCL,1,25,14,302.70,4237.80
11903,11904,2022121404000877,BPCL,38,25,75,302.80,22710.00
11904,11905,2022121404000876,API,49,57,10,209.10,2091.00
11905,11906,2022121401001754,NMB,33,43,88,230.00,20240.00
11906,11907,2022121401001753,SGHC,34,6,10,252.00,2520.00
11907,11908,2022121403000898,FMDBL,25,13,26,711.50,18499.00
11908,11909,2022121401001752,PPL,50,38,10,200.20,2002.00
11909,11910,2022121401001751,RHGCL,41,38,10,206.20,2062.00
11910,11911,2022121403000897,NIFRA,38,22,50,184.20,9210.00
11911,11912,2022121401001750,NESDO,39,59,90,3281.00,295290.00
11912,11913,2022121401001749,NESDO,1,59,43,3281.00,141083.00
11913,11914,2022121401001748,NESDO,58,59,70,3284.00,229880.00
11914,11915,2022121401001747,NESDO,42,59,10,3285.00,32850.00
11915,11916,2022121401001746,NESDO,33,59,10,3285.00,32850.00
11916,11917,2022121401001745,NESDO,33,59,20,3285.00,65700.00
11917,11918,2022121401001744,NMB,20,49,18,229.00,4122.00
11918,11919,2022121403000896,USLB,33,6,22,870.10,19142.20
11919,11920,2022121405000269,MKLB,20,28,10,820.00,8200.00
11920,11921,2022121405000268,JALPA,34,47,10,3335.50,33355.00
11921,11922,2022121403000895,NTC,34,58,40,906.00,36240.00
11922,11923,2022121403000894,NIFRA,57,58,64,184.20,11788.80
11923,11924,2022121404000875,NMB50,10,10,100,9.06,906.00
11924,11925,2022121404000874,NGPL,33,58,100,206.10,20610.00
11925,11926,2022121403000893,NICLBSL,49,35,20,712.50,14250.00
11926,11927,2022121404000873,CHCL,58,58,209,383.20,80088.80
11927,11928,2022121404000872,CHCL,41,58,100,383.30,38330.00
11928,11929,2022121402000976,EHPL,5,45,10,237.60,2376.00
11929,11930,2022121404000871,RHPL,58,57,998,246.60,246106.80
11930,11931,2022121404000870,RHPL,58,14,100,246.00,24600.00
11931,11932,2022121404000869,RHPL,58,54,50,246.00,12300.00
11932,11933,2022121404000868,RHPL,58,4,100,245.80,24580.00
11933,11934,2022121404000867,RHPL,58,1,250,245.80,61450.00
11934,11935,2022121404000866,RHPL,58,42,30,245.00,7350.00
11935,11936,2022121404000865,RHPL,58,35,300,245.00,73500.00
11936,11937,2022121404000864,RHPL,58,34,100,245.00,24500.00
11937,11938,2022121404000863,RHPL,58,29,572,245.00,140140.00
11938,11939,2022121403000892,SABSL,26,6,16,891.00,14256.00
11939,11940,2022121401001743,HIDCLP,42,29,200,97.20,19440.00
11940,11941,2022121403000891,NIFRA,57,47,64,184.20,11788.80
11941,11942,2022121401001742,SIKLES,34,33,80,375.00,30000.00
11942,11943,2022121403000890,NMFBS,55,39,36,2000.00,72000.00
11943,11944,2022121401001741,NABIL,58,52,12,815.90,9790.80
11944,11945,2022121404000862,SJCL,46,34,15,233.00,3495.00
11945,11946,2022121401001740,EBL,34,1,50,440.00,22000.00
11946,11947,2022121404000861,PIC,58,6,23,519.00,11937.00
11947,11948,2022121401001739,RHGCL,41,28,10,206.20,2062.00
11948,11949,2022121401001738,RHGCL,41,49,10,206.20,2062.00
11949,11950,2022121403000889,RSDC,28,52,10,533.00,5330.00
11950,11951,2022121401001737,NMB,32,43,20,230.00,4600.00
11951,11952,2022121401001736,SHIVM,48,57,290,546.10,158369.00
11952,11953,2022121401001735,SHIVM,49,57,10,546.20,5462.00
11953,11954,2022121405000267,SLI,21,57,10,332.10,3321.00
11954,11955,2022121404000860,NMBHF1,38,48,2732,9.14,24970.48
11955,11956,2022121404000859,NMBHF1,38,48,1600,9.16,14656.00
11956,11957,2022121404000858,NMBHF1,38,48,668,9.16,6118.88
11957,11958,2022121401001734,NABIL,21,52,50,815.90,40795.00
11958,11959,2022121403000888,ILBS,38,38,16,853.00,13648.00
11959,11960,2022121401001733,RHGCL,22,38,10,206.10,2061.00
11960,11961,2022121403000887,NICLBSL,41,6,10,715.00,7150.00
11961,11962,2022121403000886,NMFBS,55,35,14,2000.00,28000.00
11962,11963,2022121401001732,DORDI,45,34,10,230.00,2300.00
11963,11964,2022121401001731,RHGCL,22,35,10,206.10,2061.00
11964,11965,2022121404000857,NHPC,33,45,100,200.00,20000.00
11965,11966,2022121404000856,RHPL,46,29,10,245.00,2450.00
11966,11967,2022121401001730,NCCB,41,8,70,183.10,12817.00
11967,11968,2022121403000885,HIDCL,20,33,119,165.00,19635.00
11968,11969,2022121403000884,HIDCL,42,33,10,165.00,1650.00
11969,11970,2022121403000883,HIDCL,34,33,60,165.00,9900.00
11970,11971,2022121401001729,HDL,25,6,12,3829.00,45948.00
11971,11972,2022121401001728,GVL,44,45,10,306.10,3061.00
11972,11973,2022121401001727,NABIL,33,52,15,815.90,12238.50
11973,11974,2022121404000855,KPCL,6,6,11,315.80,3473.80
11974,11975,2022121403000882,NMFBS,45,57,11,2004.00,22044.00
11975,11976,2022121405000266,MBJC,1,25,10,208.20,2082.00
11976,11977,2022121404000854,NIBLPF,17,34,1000,8.02,8020.00
11977,11978,2022121404000853,AKJCL,49,21,10,173.00,1730.00
11978,11979,2022121404000852,NHPC,21,58,50,199.50,9975.00
11979,11980,2022121401001726,GBIME,55,42,15,209.10,3136.50
11980,11981,2022121403000881,NTC,34,45,14,906.00,12684.00
11981,11982,2022121403000880,NTC,49,45,86,906.00,77916.00
11982,11983,2022121401001725,SIKLES,34,8,10,375.00,3750.00
11983,11984,2022121401001724,SHIVM,53,58,22,547.00,12034.00
11984,11985,2022121404000851,NICL,44,35,24,421.40,10113.60
11985,11986,2022121403000879,NICLBSL,41,47,10,715.00,7150.00
11986,11987,2022121403000878,SWBBL,25,52,20,1166.00,23320.00
11987,11988,2022121405000265,SAHAS,22,34,490,451.00,220990.00
11988,11989,2022121404000850,AIL,45,19,20,375.00,7500.00
11989,11990,2022121404000849,AIL,51,19,100,377.40,37740.00
11990,11991,2022121403000877,SMFDB,55,3,11,1210.00,13310.00
11991,11992,2022121403000876,SMFDB,55,35,70,1210.00,84700.00
11992,11993,2022121403000875,SMFDB,55,35,40,1210.00,48400.00
11993,11994,2022121401001723,SIKLES,34,14,10,375.00,3750.00
11994,11995,2022121401001722,PPL,50,49,10,200.20,2002.00
11995,11996,2022121401001721,RHGCL,22,38,10,206.10,2061.00
11996,11997,2022121401001720,CCBL,35,50,100,189.00,18900.00
11997,11998,2022121401001719,PCBL,45,32,11,225.00,2475.00
11998,11999,2022121401001718,PCBL,45,32,314,225.00,70650.00
11999,12000,2022121405000264,MBJC,1,57,10,208.20,2082.00
12000,12001,2022121405000263,MBJC,1,38,10,208.20,2082.00
12001,12002,2022121403000874,NMFBS,50,57,100,2001.00,200100.00
12002,12003,2022121403000873,NRN,22,19,10,400.00,4000.00
12003,12004,2022121405000262,BNHC,34,45,10,329.00,3290.00
12004,12005,2022121403000872,NTC,49,45,10,906.00,9060.00
12005,12006,2022121401001717,RHGCL,22,38,10,206.10,2061.00
12006,12007,2022121404000848,RHPL,19,29,418,245.00,102410.00
12007,12008,2022121404000847,RHPL,19,21,100,245.00,24500.00
12008,12009,2022121404000846,RHPL,19,51,50,244.90,12245.00
12009,12010,2022121404000845,RHPL,19,50,200,244.00,48800.00
12010,12011,2022121404000844,RHPL,19,56,232,244.00,56608.00
12011,12012,2022121404000843,AIL,38,19,65,377.50,24537.50
12012,12013,2022121404000842,RURU,33,32,151,735.30,111030.30
12013,12014,2022121404000841,RURU,43,32,100,736.00,73600.00
12014,12015,2022121401001716,PRVU,58,38,60,200.60,12036.00
12015,12016,2022121401001715,KDBY,51,7,100,8.00,800.00
12016,12017,2022121404000840,CGH,42,35,10,1000.10,10001.00
12017,12018,2022121403000871,NTC,49,45,104,906.00,94224.00
12018,12019,2022121403000870,NTC,22,45,40,906.00,36240.00
12019,12020,2022121401001714,RHGCL,22,38,10,206.10,2061.00
12020,12021,2022121403000869,GBBL,45,22,23,382.00,8786.00
12021,12022,2022121401001713,RHGCL,22,58,10,206.10,2061.00
12022,12023,2022121404000839,GLH,59,7,10,235.20,2352.00
12023,12024,2022121403000868,SMFDB,55,20,25,1205.00,30125.00
12024,12025,2022121401001712,UHEWA,33,47,50,348.00,17400.00
12025,12026,2022121403000867,RMDC,25,34,60,955.00,57300.00
12026,12027,2022121401001711,RHGCL,22,38,10,206.10,2061.00
12027,12028,2022121401001710,SPHL,35,35,10,350.00,3500.00
12028,12029,2022121405000261,MKLB,38,28,38,820.00,31160.00
12029,12030,2022121405000260,MKLB,32,28,10,820.10,8201.00
12030,12031,2022121405000259,MKLB,42,28,13,820.50,10666.50
12031,12032,2022121401001709,NIB,25,56,280,219.90,61572.00
12032,12033,2022121404000838,RHPL,43,56,268,244.00,65392.00
12033,12034,2022121404000837,RHPL,43,20,60,244.00,14640.00
12034,12035,2022121404000836,RHPL,43,16,42,244.00,10248.00
12035,12036,2022121404000835,RHPL,43,6,100,243.90,24390.00
12036,12037,2022121404000834,RHPL,43,25,30,243.90,7317.00
12037,12038,2022121402000975,EHPL,5,58,10,237.60,2376.00
12038,12039,2022121403000866,NIFRA,43,6,30,184.50,5535.00
12039,12040,2022121401001708,AVYAN,45,33,60,696.00,41760.00
12040,12041,2022121403000865,FMDBL,34,13,14,709.00,9926.00
12041,12042,2022121404000833,SHEL,16,39,10,230.00,2300.00
12042,12043,2022121404000832,SHEL,16,56,10,230.00,2300.00
12043,12044,2022121404000831,SHEL,16,49,10,230.00,2300.00
12044,12045,2022121403000864,DDBL,11,8,25,1025.10,25627.50
12045,12046,2022121401001707,SBL,32,5,13,310.00,4030.00
12046,12047,2022121401001706,RHGCL,22,38,10,206.10,2061.00
12047,12048,2022121404000830,UPPER,52,6,40,388.00,15520.00
12048,12049,2022121404000829,PMHPL,22,45,10,191.00,1910.00
12049,12050,2022121401001705,NESDO,57,59,10,3290.00,32900.00
12050,12051,2022121401001704,NESDO,57,59,50,3290.00,164500.00
12051,12052,2022121401001703,NESDO,28,59,20,3290.00,65800.00
12052,12053,2022121401001702,GVL,38,38,10,307.00,3070.00
12053,12054,2022121401001701,AVYAN,50,33,10,696.10,6961.00
12054,12055,2022121403000863,SMB,43,4,10,1224.00,12240.00
12055,12056,2022121405000258,SLI,21,49,10,332.10,3321.00
12056,12057,2022121401001700,RHGCL,22,38,10,206.10,2061.00
12057,12058,2022121404000828,AIL,19,19,25,378.00,9450.00
12058,12059,2022121404000827,AIL,19,19,10,378.00,3780.00
12059,12060,2022121401001699,HDL,39,33,23,3828.00,88044.00
12060,12061,2022121405000257,MBJC,1,33,602,208.20,125336.40
12061,12062,2022121403000862,NIFRA,57,7,64,184.20,11788.80
12062,12063,2022121403000861,NLIC,48,48,1,608.40,608.40
12063,12064,2022121401001698,SGHC,34,21,10,252.00,2520.00
12064,12065,2022121403000860,MFIL,6,32,238,415.00,98770.00
12065,12066,2022121403000859,MFIL,35,32,82,416.00,34112.00
12066,12067,2022121403000858,SMFDB,55,45,25,1204.00,30100.00
12067,12068,2022121401001697,NIB,25,56,20,219.90,4398.00
12068,12069,2022121401001696,PCBL,45,58,20,225.00,4500.00
12069,12070,2022121403000857,NADEP,22,29,372,667.10,248161.20
12070,12071,2022121403000856,NADEP,32,29,50,668.00,33400.00
12071,12072,2022121403000855,NADEP,58,29,78,670.00,52260.00
12072,12073,2022121405000256,SAHAS,33,47,10,450.00,4500.00
12073,12074,2022121401001695,SHIVM,32,58,100,547.00,54700.00
12074,12075,2022121401001694,SHIVM,53,58,100,547.00,54700.00
12075,12076,2022121401001693,SHIVM,58,58,144,547.00,78768.00
12076,12077,2022121401001692,SHIVM,58,58,200,547.00,109400.00
12077,12078,2022121401001691,SHIVM,11,58,65,547.20,35568.00
12078,12079,2022121405000255,MKJC,21,28,200,404.80,80960.00
12079,12080,2022121401001690,RHGCL,13,38,10,206.00,2060.00
12080,12081,2022121405000254,SLI,21,49,10,332.10,3321.00
12081,12082,2022121403000854,NTC,22,45,10,906.00,9060.00
12082,12083,2022121401001689,KBL,33,26,476,185.30,88202.80
12083,12084,2022121401001688,KBL,4,26,24,185.50,4452.00
12084,12085,2022121401001687,RHGCL,22,38,10,206.10,2061.00
12085,12086,2022121401001686,CCBL,44,50,3000,189.00,567000.00
12086,12087,2022121403000853,NLIC,51,59,10,608.30,6083.00
12087,12088,2022121401001685,NBL,19,59,125,275.00,34375.00
12088,12089,2022121401001684,NBL,45,21,10,274.20,2742.00
12089,12090,2022121402000974,EHPL,5,22,10,237.60,2376.00
12090,12091,2022121401001683,RHGCL,22,38,10,206.10,2061.00
12091,12092,2022121405000253,JBLB,19,56,12,2731.00,32772.00
12092,12093,2022121405000252,JBLB,47,56,10,2731.00,27310.00
12093,12094,2022121405000251,SLI,19,49,10,332.00,3320.00
12094,12095,2022121403000852,CHDC,49,49,20,649.00,12980.00
12095,12096,2022121404000826,PIC,58,53,23,519.00,11937.00
12096,12097,2022121404000825,SJCL,7,34,10,233.00,2330.00
12097,12098,2022121401001682,NIB,1,56,44,218.00,9592.00
12098,12099,2022121401001681,NIB,34,56,200,218.10,43620.00
12099,12100,2022121401001680,NIB,42,56,56,219.00,12264.00
12100,12101,2022121401001679,NABIL,29,43,10,816.00,8160.00
12101,12102,2022121401001678,NABIL,29,58,90,815.00,73350.00
12102,12103,2022121401001677,RHGCL,22,38,10,206.10,2061.00
12103,12104,2022121404000824,AHPC,36,45,300,267.00,80100.00
12104,12105,2022121404000823,AHPC,48,45,50,267.00,13350.00
12105,12106,2022121404000822,UPPER,41,39,43,388.00,16684.00
12106,12107,2022121401001676,SRBL,52,36,39,183.00,7137.00
12107,12108,2022121401001675,SRBL,22,36,20,183.00,3660.00
12108,12109,2022121401001674,NABIL,6,58,10,815.00,8150.00
12109,12110,2022121403000851,NADEP,58,5,10,670.00,6700.00
12110,12111,2022121401001673,PRVU,58,38,290,200.60,58174.00
12111,12112,2022121401001672,PRVU,58,50,500,200.50,100250.00
12112,12113,2022121401001671,PRVU,58,21,210,200.50,42105.00
12113,12114,2022121403000850,MFIL,35,14,23,416.00,9568.00
12114,12115,2022121403000849,MFIL,35,14,37,416.00,15392.00
12115,12116,2022121403000848,MFIL,44,14,20,417.00,8340.00
12116,12117,2022121404000821,NHPC,51,45,10,200.00,2000.00
12117,12118,2022121405000250,NYADI,50,6,10,269.30,2693.00
12118,12119,2022121401001670,SANIMA,1,58,20,223.10,4462.00
12119,12120,2022121401001669,GBIME,48,14,10,209.50,2095.00
12120,12121,2022121401001668,SHIVM,45,45,45,548.00,24660.00
12121,12122,2022121401001667,RHGCL,22,38,10,206.10,2061.00
12122,12123,2022121401001666,NICA,19,39,105,683.00,71715.00
12123,12124,2022121405000249,SAHAS,33,42,10,450.00,4500.00
12124,12125,2022121403000847,GBLBS,38,29,20,600.00,12000.00
12125,12126,2022121404000820,PIC,58,6,23,519.00,11937.00
12126,12127,2022121401001665,NESDO,47,59,70,3291.00,230370.00
12127,12128,2022121401001664,NESDO,47,59,30,3291.00,98730.00
12128,12129,2022121401001663,NESDO,42,59,10,3292.00,32920.00
12129,12130,2022121405000248,JBLB,53,53,7,2700.10,18900.70
12130,12131,2022121401001662,PPL,28,45,10,201.00,2010.00
12131,12132,2022121401001661,UHEWA,33,47,30,348.00,10440.00
12132,12133,2022121401001660,NIB,42,56,44,219.00,9636.00
12133,12134,2022121401001659,NIB,11,56,100,219.00,21900.00
12134,12135,2022121401001658,NIB,6,56,156,219.00,34164.00
12135,12136,2022121401001657,ADBL,21,1,140,311.00,43540.00
12136,12137,2022121401001656,ADBL,54,1,10,311.00,3110.00
12137,12138,2022121401001655,RHGCL,22,38,10,206.10,2061.00
12138,12139,2022121403000846,SHINE,57,36,195,330.00,64350.00
12139,12140,2022121403000845,SHINE,28,36,150,330.00,49500.00
12140,12141,2022121403000844,SHINE,39,36,200,330.50,66100.00
12141,12142,2022121401001654,PRVU,1,41,10,200.20,2002.00
12142,12143,2022121401001653,PPL,28,49,10,201.00,2010.00
12143,12144,2022121404000819,UNHPL,58,16,50,189.80,9490.00
12144,12145,2022121404000818,UNHPL,58,38,50,189.00,9450.00
12145,12146,2022121404000817,AHPC,48,32,110,267.00,29370.00
12146,12147,2022121402000973,PHCL,57,49,10,270.00,2700.00
12147,12148,2022121402000972,PHCL,57,36,10,270.00,2700.00
12148,12149,2022121402000971,PHCL,57,58,10,270.00,2700.00
12149,12150,2022121402000970,PHCL,57,57,10,270.00,2700.00
12150,12151,2022121402000969,PHCL,57,57,10,270.00,2700.00
12151,12152,2022121403000843,RLFL,57,36,120,292.00,35040.00
12152,12153,2022121401001652,NMB,20,6,19,229.00,4351.00
12153,12154,2022121403000842,GLBSL,38,44,15,772.00,11580.00
12154,12155,2022121401001651,ADBL,54,1,90,311.00,27990.00
12155,12156,2022121401001650,ADBL,33,1,10,312.00,3120.00
12156,12157,2022121401001649,ADBL,45,1,30,312.00,9360.00
12157,12158,2022121403000841,NICLBSL,45,53,10,715.00,7150.00
12158,12159,2022121401001648,EBL,13,3,962,440.00,423280.00
12159,12160,2022121401001647,CYCL,34,58,10,2486.20,24862.00
12160,12161,2022121401001646,HHL,7,58,10,213.90,2139.00
12161,12162,2022121403000840,NTC,44,49,420,909.00,381780.00
12162,12163,2022121403000839,NTC,44,58,10,909.00,9090.00
12163,12164,2022121401001645,EBL,13,59,38,440.00,16720.00
12164,12165,2022121401001644,EBL,55,59,50,440.00,22000.00
12165,12166,2022121401001643,EBL,54,59,12,440.00,5280.00
12166,12167,2022121404000816,AHPC,58,49,10,270.00,2700.00
12167,12168,2022121401001642,CBL,37,48,39,213.00,8307.00
12168,12169,2022121401001641,CBL,37,29,1530,212.90,325737.00
12169,12170,2022121401001640,CBL,37,16,200,212.50,42500.00
12170,12171,2022121401001639,CBL,37,32,231,212.00,48972.00
12171,12172,2022121403000838,GUFL,22,36,490,520.00,254800.00
12172,12173,2022121403000837,SHINE,28,1,15,331.00,4965.00
12173,12174,2022121401001638,PCBL,45,39,300,225.00,67500.00
12174,12175,2022121401001637,PCBL,45,43,11,225.00,2475.00
12175,12176,2022121401001636,PCBL,45,41,25,225.00,5625.00
12176,12177,2022121401001635,PCBL,45,45,330,225.00,74250.00
12177,12178,2022121401001634,KBL,57,32,250,186.00,46500.00
12178,12179,2022121401001633,KBL,1,32,37,186.00,6882.00
12179,12180,2022121404000815,GHL,32,5,300,193.00,57900.00
12180,12181,2022121404000814,UPPER,41,39,29,388.40,11263.60
12181,12182,2022121403000836,ALICL,50,57,202,508.90,102797.80
12182,12183,2022121401001632,PPL,28,34,10,201.00,2010.00
12183,12184,2022121405000247,MBJC,1,6,10,208.20,2082.00
12184,12185,2022121405000246,MBJC,1,6,10,208.20,2082.00
12185,12186,2022121405000245,SAHAS,33,38,10,450.00,4500.00
12186,12187,2022121403000835,MMFDB,10,52,10,863.10,8631.00
12187,12188,2022121403000834,MMFDB,33,52,10,863.20,8632.00
12188,12189,2022121403000833,MMFDB,5,52,10,864.00,8640.00
12189,12190,2022121403000832,GUFL,22,45,80,519.00,41520.00
12190,12191,2022121403000831,NTC,22,14,50,906.00,45300.00
12191,12192,2022121401001631,GBIME,7,21,10,209.00,2090.00
12192,12193,2022121404000813,API,3,55,16,210.00,3360.00
12193,12194,2022121404000812,NMBHF1,38,36,732,9.16,6705.12
12194,12195,2022121404000811,NMBHF1,58,36,100,9.28,928.00
12195,12196,2022121401001630,RHGCL,13,38,10,206.00,2060.00
12196,12197,2022121403000830,NLIC,51,57,100,609.00,60900.00
12197,12198,2022121401001629,NABIL,4,43,20,816.00,16320.00
12198,12199,2022121403000829,CBBL,6,8,15,1105.00,16575.00
12199,12200,2022121403000828,CBBL,58,8,10,1106.00,11060.00
12200,12201,2022121404000810,PIC,38,38,1,520.00,520.00
12201,12202,2022121405000244,SLI,25,58,10,331.70,3317.00
12202,12203,2022121405000243,MBJC,7,33,20,209.00,4180.00
12203,12204,2022121401001628,SPHL,35,11,10,350.00,3500.00
12204,12205,2022121403000827,RLFL,42,36,130,294.00,38220.00
12205,12206,2022121403000826,RLFL,45,36,100,294.00,29400.00
12206,12207,2022121403000825,RLFL,57,36,200,294.30,58860.00
12207,12208,2022121401001627,RHGCL,41,38,10,206.00,2060.00
12208,12209,2022121401001626,NABIL,44,58,50,815.00,40750.00
12209,12210,2022121401001625,NABIL,17,58,100,815.00,81500.00
12210,12211,2022121403000824,KSBBL,41,41,10,306.00,3060.00
12211,12212,2022121401001624,PCBL,45,56,10,224.00,2240.00
12212,12213,2022121403000823,NLIC,47,57,250,609.00,152250.00
12213,12214,2022121404000809,UPPER,41,22,434,388.40,168565.60
12214,12215,2022121404000808,UPPER,41,55,52,388.30,20191.60
12215,12216,2022121405000242,MBJC,58,33,340,209.10,71094.00
12216,12217,2022121401001623,RHGCL,41,38,10,206.00,2060.00
12217,12218,2022121401001622,CCBL,14,50,2990,189.00,565110.00
12218,12219,2022121401001621,BHL,16,49,20,249.90,4998.00
12219,12220,2022121402000968,EHPL,5,58,10,237.60,2376.00
12220,12221,2022121403000822,RSDC,5,8,50,530.00,26500.00
12221,12222,2022121403000821,SMFDB,41,57,50,1197.00,59850.00
12222,12223,2022121401001620,MEGA,46,44,50,194.00,9700.00
12223,12224,2022121403000820,NLIC,49,57,49,609.00,29841.00
12224,12225,2022121404000807,NMB50,42,10,2000,8.89,17780.00
12225,12226,2022121404000806,NMB50,10,10,1000,8.90,8900.00
12226,12227,2022121404000805,NMB50,42,10,200,9.06,1812.00
12227,12228,2022121401001619,BHDC,58,26,180,345.00,62100.00
12228,12229,2022121401001618,GVL,44,14,10,306.10,3061.00
12229,12230,2022121404000804,SPDL,10,36,10,265.00,2650.00
12230,12231,2022121404000803,JOSHI,32,47,10,188.00,1880.00
12231,12232,2022121401001617,NICA,19,47,10,682.00,6820.00
12232,12233,2022121401001616,SPHL,35,45,10,350.00,3500.00
12233,12234,2022121404000802,DHPL,52,57,10,173.00,1730.00
12234,12235,2022121403000819,MPFL,32,58,49,296.00,14504.00
12235,12236,2022121403000818,MPFL,58,58,951,296.10,281591.10
12236,12237,2022121401001615,KBL,49,42,31,186.00,5766.00
12237,12238,2022121401001614,RHGCL,41,38,10,206.00,2060.00
12238,12239,2022121403000817,NUBL,56,55,10,889.90,8899.00
12239,12240,2022121401001613,SBID83,34,58,100,900.00,90000.00
12240,12241,2022121401001612,BOKL,5,40,20,207.90,4158.00
12241,12242,2022121401001611,AVYAN,58,14,15,698.00,10470.00
12242,12243,2022121401001610,NMB,20,58,1000,229.00,229000.00
12243,12244,2022121401001609,PPL,28,41,10,201.00,2010.00
12244,12245,2022121401001608,MHL,42,18,10,308.00,3080.00
12245,12246,2022121401001607,SIKLES,56,58,10,375.10,3751.00
12246,12247,2022121401001606,SIKLES,56,51,10,375.10,3751.00
12247,12248,2022121403000816,NIFRA,38,38,64,184.50,11808.00
12248,12249,2022121401001605,NABIL,29,43,10,816.00,8160.00
12249,12250,2022121401001604,NABIL,29,54,100,816.00,81600.00
12250,12251,2022121401001603,NABIL,29,17,40,816.00,32640.00
12251,12252,2022121401001602,RHGCL,41,38,10,206.00,2060.00
12252,12253,2022121403000815,KRBL,58,1,10,250.00,2500.00
12253,12254,2022121404000801,API,14,25,177,209.00,36993.00
12254,12255,2022121401001601,SIKLES,34,49,10,375.00,3750.00
12255,12256,2022121401001600,PCBL,58,45,10,225.00,2250.00
12256,12257,2022121404000800,AKPL,17,57,87,345.00,30015.00
12257,12258,2022121401001599,NABIL,44,17,27,816.00,22032.00
12258,12259,2022121401001598,NICA,19,47,65,682.00,44330.00
12259,12260,2022121401001597,SIKLES,34,41,10,375.00,3750.00
12260,12261,2022121401001596,RHGCL,41,38,10,206.00,2060.00
12261,12262,2022121401001595,BHDC,47,26,220,345.00,75900.00
12262,12263,2022121401001594,BHDC,58,26,100,345.10,34510.00
12263,12264,2022121405000241,MBJC,14,33,1990,209.20,416308.00
12264,12265,2022121401001593,NMB,20,58,20,229.00,4580.00
12265,12266,2022121403000814,SMFDB,41,52,10,1197.00,11970.00
12266,12267,2022121403000813,SMFDB,22,52,50,1198.00,59900.00
12267,12268,2022121401001592,BOKL,26,56,122,205.60,25083.20
12268,12269,2022121401001591,SGHC,34,22,10,252.00,2520.00
12269,12270,2022121405000240,SLI,25,49,10,335.00,3350.00
12270,12271,2022121405000239,SLI,25,56,10,335.00,3350.00
12271,12272,2022121403000812,MPFL,58,58,49,296.10,14508.90
12272,12273,2022121403000811,MPFL,32,58,58,296.20,17179.60
12273,12274,2022121403000810,KMCDB,1,6,12,881.00,10572.00
12274,12275,2022121401001590,PRVU,1,28,123,200.20,24624.60
12275,12276,2022121404000799,RHPL,19,10,100,242.00,24200.00
12276,12277,2022121403000809,CORBL,58,1,10,270.00,2700.00
12277,12278,2022121401001589,NIB,6,32,20,219.00,4380.00
12278,12279,2022121401001588,AVYAN,40,14,30,696.20,20886.00
12279,12280,2022121401001587,NICFC,39,58,1000,7.73,7730.00
12280,12281,2022121405000238,MBJC,46,33,140,210.10,29414.00
12281,12282,2022121403000808,NRIC,21,19,279,696.00,194184.00
12282,12283,2022121403000807,ILBS,29,40,50,851.00,42550.00
12283,12284,2022121403000806,ILBS,43,40,14,851.50,11921.00
12284,12285,2022121401001586,MHL,17,16,10,307.80,3078.00
12285,12286,2022121401001585,NBL,58,38,10,276.00,2760.00
12286,12287,2022121403000805,GBBL,45,58,10,382.00,3820.00
12287,12288,2022121404000798,UPPER,3,22,36,388.40,13982.40
12288,12289,2022121404000797,UPPER,3,58,24,388.30,9319.20
12289,12290,2022121403000804,EDBL,42,1,10,300.00,3000.00
12290,12291,2022121401001584,NABIL,26,59,27,814.00,21978.00
12291,12292,2022121403000803,MPFL,32,29,142,296.20,42060.40
12292,12293,2022121403000802,MPFL,5,29,50,296.30,14815.00
12293,12294,2022121401001583,SIKLES,34,22,10,375.00,3750.00
12294,12295,2022121401001582,GIBF1,8,58,100,7.87,787.00
12295,12296,2022121403000801,NLBBL,14,1,110,805.00,88550.00
12296,12297,2022121404000796,UPPER,35,17,10,388.30,3883.00
12297,12298,2022121404000795,JOSHI,21,6,20,185.50,3710.00
12298,12299,2022121401001581,NICA,19,58,20,681.20,13624.00
12299,12300,2022121401001580,HHL,56,16,10,213.70,2137.00
12300,12301,2022121403000800,RSDC,5,52,10,533.00,5330.00
12301,12302,2022121403000799,ILBS,38,38,16,852.00,13632.00
12302,12303,2022121401001579,NABIL,55,58,73,815.00,59495.00
12303,12304,2022121401001578,NABIL,58,58,35,815.00,28525.00
12304,12305,2022121401001577,NABIL,36,58,42,815.00,34230.00
12305,12306,2022121401001576,GVL,53,16,10,306.00,3060.00
12306,12307,2022121402000967,PHCL,41,29,10,270.00,2700.00
12307,12308,2022121402000966,PHCL,41,19,10,270.00,2700.00
12308,12309,2022121401001575,USHEC,26,52,10,247.20,2472.00
12309,12310,2022121401001574,NICA,43,58,60,681.20,40872.00
12310,12311,2022121405000237,MBJC,46,41,10,210.10,2101.00
12311,12312,2022121404000794,API,14,14,100,209.00,20900.00
12312,12313,2022121401001573,GBIME,57,44,20,209.00,4180.00
12313,12314,2022121401001572,PRVU,1,58,10,200.20,2002.00
12314,12315,2022121403000798,NRIC,21,29,21,696.00,14616.00
12315,12316,2022121404000793,RHPL,19,10,200,242.00,48400.00
12316,12317,2022121401001571,MEGA,46,29,21,194.00,4074.00
12317,12318,2022121401001570,MEGA,1,29,95,194.00,18430.00
12318,12319,2022121401001569,MEGA,58,29,13,194.10,2523.30
12319,12320,2022121401001568,NIB,6,33,24,219.00,5256.00
12320,12321,2022121401001567,NIB,28,33,549,219.00,120231.00
12321,12322,2022121401001566,HHL,56,52,10,213.70,2137.00
12322,12323,2022121404000792,SHEL,38,32,10,230.00,2300.00
12323,12324,2022121403000797,HIDCL,46,54,11,165.00,1815.00
12324,12325,2022121405000236,JBLB,47,45,10,2731.00,27310.00
12325,12326,2022121403000796,NIFRA,13,58,58,185.00,10730.00
12326,12327,2022121401001565,UHEWA,33,16,10,346.50,3465.00
12327,12328,2022121403000795,NICLBSL,7,52,12,712.00,8544.00
12328,12329,2022121401001564,PRVU,1,59,200,200.00,40000.00
12329,12330,2022121401001563,PRVU,1,48,72,200.00,14400.00
12330,12331,2022121403000794,LBBL,58,17,90,318.10,28629.00
12331,12332,2022121403000793,MFIL,44,21,42,422.00,17724.00
12332,12333,2022121401001562,PPL,28,38,10,201.00,2010.00
12333,12334,2022121401001561,BHDC,47,38,10,345.00,3450.00
12334,12335,2022121401001560,NIB,19,13,50,220.00,11000.00
12335,12336,2022121401001559,NIB,25,13,112,220.00,24640.00
12336,12337,2022121401001558,NABIL,35,17,100,816.00,81600.00
12337,12338,2022121401001557,NIB,25,51,38,220.00,8360.00
12338,12339,2022121401001556,NBL,45,29,230,274.20,63066.00
12339,12340,2022121403000792,RSDC,42,21,50,529.00,26450.00
12340,12341,2022121403000791,RSDC,34,21,525,530.00,278250.00
12341,12342,2022121404000791,HDHPC,44,7,200,176.00,35200.00
12342,12343,2022121404000790,HDHPC,44,21,860,176.00,151360.00
12343,12344,2022121404000789,UPPER,6,55,187,388.00,72556.00
12344,12345,2022121402000965,EHPL,5,16,10,237.60,2376.00
12345,12346,2022121403000790,HIDCL,46,17,24,165.00,3960.00
12346,12347,2022121402000964,EHPL,5,45,10,237.60,2376.00
12347,12348,2022121403000789,PFL,51,29,14,327.30,4582.20
12348,12349,2022121401001555,NABIL,13,17,50,816.00,40800.00
12349,12350,2022121404000788,RHPL,43,1,250,242.00,60500.00
12350,12351,2022121401001554,USHEC,26,38,10,247.20,2472.00
12351,12352,2022121401001553,RFPL,28,34,10,227.00,2270.00
12352,12353,2022121403000788,NIFRA,29,52,60,185.10,11106.00
12353,12354,2022121401001552,PPL,28,38,10,201.00,2010.00
12354,12355,2022121404000787,HDHPC,44,21,1140,176.00,200640.00
12355,12356,2022121404000786,HDHPC,44,42,1000,176.00,176000.00
12356,12357,2022121404000785,HDHPC,44,16,1310,175.90,230429.00
12357,12358,2022121404000784,HDHPC,44,21,4550,175.80,799890.00
12358,12359,2022121404000783,HDHPC,44,17,1000,175.00,175000.00
12359,12360,2022121401001551,GBIME,34,19,100,210.00,21000.00
12360,12361,2022121402000963,EHPL,5,8,10,237.60,2376.00
12361,12362,2022121403000787,GBBL,33,8,10,383.00,3830.00
12362,12363,2022121401001550,NMB,20,29,200,229.00,45800.00
12363,12364,2022121401001549,SCB,25,32,150,401.00,60150.00
12364,12365,2022121401001548,SHIVM,42,16,10,548.00,5480.00
12365,12366,2022121401001547,HDL,26,16,48,3817.10,183220.80
12366,12367,2022121401001546,HDL,35,16,20,3817.10,76342.00
12367,12368,2022121401001545,NABIL,6,17,20,816.00,16320.00
12368,12369,2022121403000786,PROFL,59,28,200,284.10,56820.00
12369,12370,2022121403000785,RSDC,34,51,475,530.00,251750.00
12370,12371,2022121403000784,RSDC,34,51,413,530.00,218890.00
12371,12372,2022121401001544,GBIME,4,58,10,209.10,2091.00
12372,12373,2022121401001543,GBIME,57,58,10,209.50,2095.00
12373,12374,2022121403000783,DDBL,50,41,10,1025.00,10250.00
12374,12375,2022121401001542,PPL,28,38,10,201.00,2010.00
12375,12376,2022121401001541,SCB,19,29,124,398.20,49376.80
12376,12377,2022121401001540,SCB,34,29,50,398.30,19915.00
12377,12378,2022121401001539,SCB,52,29,30,398.30,11949.00
12378,12379,2022121403000782,KSBBL,52,41,300,305.00,91500.00
12379,12380,2022121401001538,ULBSL,45,16,10,3405.10,34051.00
12380,12381,2022121404000782,AKPL,17,29,100,345.00,34500.00
12381,12382,2022121401001537,BHL,28,21,10,247.00,2470.00
12382,12383,2022121404000781,NHDL,45,55,50,316.10,15805.00
12383,12384,2022121404000780,MEN,18,54,10,738.00,7380.00
12384,12385,2022121404000779,MEN,18,42,10,725.00,7250.00
12385,12386,2022121404000778,MEN,18,17,10,724.00,7240.00
12386,12387,2022121404000777,MEN,18,45,60,724.00,43440.00
12387,12388,2022121401001536,ADBL,22,49,40,313.00,12520.00
12388,12389,2022121401001535,SPHL,35,35,10,350.00,3500.00
12389,12390,2022121401001534,CYCL,34,49,10,2486.20,24862.00
12390,12391,2022121402000962,EHPL,5,57,10,237.60,2376.00
12391,12392,2022121401001533,NIB,43,32,180,220.10,39618.00
12392,12393,2022121401001532,PPL,28,38,10,201.00,2010.00
12393,12394,2022121401001531,NABIL,13,13,100,815.50,81550.00
12394,12395,2022121401001530,NABIL,13,6,200,815.50,163100.00
12395,12396,2022121401001529,NABIL,13,32,150,815.50,122325.00
12396,12397,2022121401001528,HDL,58,33,10,3820.00,38200.00
12397,12398,2022121401001527,HDL,57,33,20,3820.00,76400.00
12398,12399,2022121401001526,HDL,38,33,10,3820.00,38200.00
12399,12400,2022121401001525,HDL,49,33,100,3825.00,382500.00
12400,12401,2022121401001524,HDL,6,33,10,3825.00,38250.00
12401,12402,2022121401001523,HDL,58,33,10,3826.00,38260.00
12402,12403,2022121401001522,HDL,54,33,10,3826.10,38261.00
12403,12404,2022121401001521,ADBL,34,49,12,313.00,3756.00
12404,12405,2022121401001520,KBL,6,57,30,187.00,5610.00
12405,12406,2022121404000776,SHL,43,32,500,219.00,109500.00
12406,12407,2022121404000775,SHL,35,32,100,219.00,21900.00
12407,12408,2022121401001519,UHEWA,33,16,10,346.50,3465.00
12408,12409,2022121401001518,GVL,19,57,10,305.50,3055.00
12409,12410,2022121404000774,UPPER,6,41,313,388.00,121444.00
12410,12411,2022121404000773,UPPER,34,41,25,388.00,9700.00
12411,12412,2022121404000772,RIDI,21,5,40,485.50,19420.00
12412,12413,2022121405000235,MBJC,46,39,10,210.10,2101.00
12413,12414,2022121401001517,PPL,28,38,10,201.00,2010.00
12414,12415,2022121401001516,SHIVM,19,16,210,548.00,115080.00
12415,12416,2022121404000771,UPPER,34,1,20,388.00,7760.00
12416,12417,2022121404000770,UPPER,57,1,150,388.30,58245.00
12417,12418,2022121401001515,SIKLES,58,20,10,375.10,3751.00
12418,12419,2022121403000781,JBBL,35,34,45,276.00,12420.00
12419,12420,2022121401001514,SHIVM,42,16,50,548.00,27400.00
12420,12421,2022121401001513,BHL,28,57,10,247.00,2470.00
12421,12422,2022121403000780,KRBL,58,28,10,251.00,2510.00
12422,12423,2022121401001512,RHGCL,41,16,10,206.00,2060.00
12423,12424,2022121403000779,MPFL,3,58,100,297.00,29700.00
12424,12425,2022121403000778,MPFL,28,58,500,297.50,148750.00
12425,12426,2022121403000777,MPFL,32,58,200,297.60,59520.00
12426,12427,2022121403000776,MPFL,10,58,93,298.00,27714.00
12427,12428,2022121403000775,SFCL,57,58,384,262.90,100953.60
12428,12429,2022121401001511,NIB,43,17,20,220.10,4402.00
12429,12430,2022121403000774,SMB,43,41,10,1200.00,12000.00
12430,12431,2022121405000234,SLI,39,25,10,332.00,3320.00
12431,12432,2022121403000773,EDBL,54,44,10,298.00,2980.00
12432,12433,2022121403000772,EDBL,43,44,20,302.90,6058.00
12433,12434,2022121401001510,UHEWA,33,57,10,346.70,3467.00
12434,12435,2022121404000769,SAEF,21,58,900,9.65,8685.00
12435,12436,2022121404000768,NGPL,45,58,296,205.00,60680.00
12436,12437,2022121404000767,NGPL,38,58,500,205.00,102500.00
12437,12438,2022121404000766,NGPL,35,58,50,205.00,10250.00
12438,12439,2022121404000765,NGPL,41,58,130,205.00,26650.00
12439,12440,2022121404000764,NGPL,49,58,2500,205.00,512500.00
12440,12441,2022121404000763,NGPL,35,58,570,205.00,116850.00
12441,12442,2022121404000762,NGPL,45,58,500,205.00,102500.00
12442,12443,2022121404000761,NGPL,45,58,1000,205.50,205500.00
12443,12444,2022121404000760,NGPL,21,58,100,205.70,20570.00
12444,12445,2022121404000759,NGPL,40,58,100,205.70,20570.00
12445,12446,2022121404000758,NGPL,59,58,200,205.80,41160.00
12446,12447,2022121404000757,NGPL,35,58,54,206.00,11124.00
12447,12448,2022121401001509,PPL,28,38,10,201.00,2010.00
12448,12449,2022121403000771,HIDCL,38,17,20,164.60,3292.00
12449,12450,2022121401001508,SHIVM,42,16,100,548.00,54800.00
12450,12451,2022121401001507,SHIVM,42,16,60,548.00,32880.00
12451,12452,2022121404000756,SHL,45,57,450,219.80,98910.00
12452,12453,2022121404000755,SHL,45,29,100,219.80,21980.00
12453,12454,2022121404000754,SHL,45,29,100,219.80,21980.00
12454,12455,2022121401001506,CCBL,44,50,10,189.00,1890.00
12455,12456,2022121401001505,PPL,28,50,10,201.00,2010.00
12456,12457,2022121404000753,UPPER,58,22,30,388.40,11652.00
12457,12458,2022121401001504,RFPL,52,16,10,223.60,2236.00
12458,12459,2022121405000233,SLI,21,55,10,331.60,3316.00
12459,12460,2022121401001503,HIDCLP,16,49,200,97.00,19400.00
12460,12461,2022121401001502,NESDO,28,38,10,3292.00,32920.00
12461,12462,2022121404000752,SHPC,37,40,10,272.00,2720.00
12462,12463,2022121401001501,PPL,28,38,10,201.00,2010.00
12463,12464,2022121404000751,MHNL,45,47,200,253.00,50600.00
12464,12465,2022121404000750,NHPC,55,45,100,200.00,20000.00
12465,12466,2022121401001500,UHEWA,33,57,10,346.50,3465.00
12466,12467,2022121401001499,NCCB,13,57,87,183.00,15921.00
12467,12468,2022121403000770,NRIC,52,19,20,696.10,13922.00
12468,12469,2022121405000232,NYADI,6,38,10,269.20,2692.00
12469,12470,2022121404000749,NHPC,58,45,18,200.00,3600.00
12470,12471,2022121404000748,NGPL,35,58,545,206.00,112270.00
12471,12472,2022121404000747,NGPL,40,58,200,206.00,41200.00
12472,12473,2022121404000746,NGPL,36,58,25,206.00,5150.00
12473,12474,2022121404000745,NGPL,14,58,500,206.00,103000.00
12474,12475,2022121404000744,NGPL,39,58,500,206.00,103000.00
12475,12476,2022121404000743,NGPL,13,58,10,206.10,2061.00
12476,12477,2022121404000742,NGPL,13,58,10,206.20,2062.00
12477,12478,2022121404000741,NGPL,13,58,10,206.30,2063.00
12478,12479,2022121401001498,HHL,56,16,10,213.70,2137.00
12479,12480,2022121401001497,HBL,7,3,50,326.00,16300.00
12480,12481,2022121401001496,PPL,28,38,10,201.00,2010.00
12481,12482,2022121401001495,CZBIL,45,25,10,180.00,1800.00
12482,12483,2022121401001494,CZBIL,16,25,1000,180.00,180000.00
12483,12484,2022121401001493,CZBIL,14,25,915,180.00,164700.00
12484,12485,2022121401001492,CZBIL,42,25,30,180.00,5400.00
12485,12486,2022121401001491,CZBIL,10,25,45,180.10,8104.50
12486,12487,2022121401001490,NABIL,28,32,50,815.50,40775.00
12487,12488,2022121405000231,MBJC,46,57,10,210.10,2101.00
12488,12489,2022121403000769,NUBL,34,55,25,889.90,22247.50
12489,12490,2022121404000740,MHNL,10,19,170,252.00,42840.00
12490,12491,2022121401001489,MHL,17,37,10,307.80,3078.00
12491,12492,2022121401001488,SHIVM,42,58,40,548.00,21920.00
12492,12493,2022121404000739,API,14,6,100,209.00,20900.00
12493,12494,2022121403000768,NIFRA,13,45,20,185.00,3700.00
12494,12495,2022121403000767,MPFL,5,58,46,299.00,13754.00
12495,12496,2022121401001487,PPL,28,38,10,201.00,2010.00
12496,12497,2022121401001486,ADBL,34,49,44,313.00,13772.00
12497,12498,2022121404000738,AKPL,17,32,270,345.00,93150.00
12498,12499,2022121401001485,SHIVM,11,39,15,547.20,8208.00
12499,12500,2022121402000961,PHCL,46,34,10,270.00,2700.00
12500,12501,2022121404000737,API,14,38,100,209.00,20900.00
12501,12502,2022121401001484,NABIL,11,3,20,815.50,16310.00
12502,12503,2022121401001483,NABIL,55,3,200,815.50,163100.00
12503,12504,2022121404000736,UPPER,22,14,77,389.00,29953.00
12504,12505,2022121405000230,SAHAS,45,34,10,451.00,4510.00
12505,12506,2022121404000735,NGPL,13,58,10,206.40,2064.00
12506,12507,2022121404000734,NGPL,36,58,17,206.50,3510.50
12507,12508,2022121404000733,NGPL,13,58,10,206.50,2065.00
12508,12509,2022121404000732,NGPL,4,58,21,206.60,4338.60
12509,12510,2022121403000766,CIT,25,33,180,1856.00,334080.00
12510,12511,2022121403000765,CIT,48,33,20,1860.00,37200.00
12511,12512,2022121404000731,UMHL,44,52,24,225.00,5400.00
12512,12513,2022121401001482,UHEWA,33,16,10,346.50,3465.00
12513,12514,2022121403000764,SWBBL,25,52,10,1178.80,11788.00
12514,12515,2022121403000763,CORBL,58,58,87,270.00,23490.00
12515,12516,2022121404000730,PIC,58,7,10,519.00,5190.00
12516,12517,2022121401001481,PPL,28,38,10,201.00,2010.00
12517,12518,2022121401001480,GVL,19,34,10,305.50,3055.00
12518,12519,2022121401001479,SHIVM,11,51,50,547.20,27360.00
12519,12520,2022121401001478,SHIVM,49,58,10,548.00,5480.00
12520,12521,2022121401001477,PPL,28,38,10,201.00,2010.00
12521,12522,2022121404000729,UPCL,25,57,100,215.00,21500.00
12522,12523,2022121404000728,UPCL,56,57,150,215.00,32250.00
12523,12524,2022121404000727,UPCL,22,57,10,215.00,2150.00
12524,12525,2022121404000726,UPCL,58,57,190,215.10,40869.00
12525,12526,2022121404000725,UPPER,36,14,50,389.00,19450.00
12526,12527,2022121404000724,UPPER,38,14,200,389.00,77800.00
12527,12528,2022121404000723,UPPER,22,14,30,389.10,11673.00
12528,12529,2022121404000722,AKPL,58,57,53,346.00,18338.00
12529,12530,2022121401001476,CCBL,44,6,18,189.00,3402.00
12530,12531,2022121401001475,CCBL,44,50,2990,189.00,565110.00
12531,12532,2022121401001474,GVL,25,16,10,305.30,3053.00
12532,12533,2022121403000762,SMFDB,33,20,100,1200.00,120000.00
12533,12534,2022121403000761,SMFDB,54,20,50,1200.00,60000.00
12534,12535,2022121401001473,USHEC,26,33,10,247.20,2472.00
12535,12536,2022121401001472,PPL,28,38,10,201.00,2010.00
12536,12537,2022121404000721,SHEL,26,37,10,228.00,2280.00
12537,12538,2022121401001471,SHIVM,42,58,50,548.00,27400.00
12538,12539,2022121401001470,SHIVM,42,49,10,548.00,5480.00
12539,12540,2022121401001469,SHIVM,42,58,340,548.00,186320.00
12540,12541,2022121402000960,EHPL,5,49,10,237.60,2376.00
12541,12542,2022121403000760,HIDCL,57,32,391,165.00,64515.00
12542,12543,2022121403000759,HIDCL,55,32,50,165.00,8250.00
12543,12544,2022121403000758,HIDCL,45,32,253,165.00,41745.00
12544,12545,2022121403000757,HIDCL,17,32,25,165.00,4125.00
12545,12546,2022121403000756,HIDCL,35,32,20,165.00,3300.00
12546,12547,2022121403000755,HIDCL,58,32,100,165.00,16500.00
12547,12548,2022121403000754,HIDCL,19,32,75,165.00,12375.00
12548,12549,2022121403000753,HIDCL,42,32,86,165.20,14207.20
12549,12550,2022121405000229,SLI,21,52,10,331.60,3316.00
12550,12551,2022121401001468,BHL,28,6,10,247.00,2470.00
12551,12552,2022121403000752,SFCL,28,45,10,265.00,2650.00
12552,12553,2022121403000751,SFCL,57,16,50,262.90,13145.00
12553,12554,2022121404000720,CHCL,41,25,100,383.10,38310.00
12554,12555,2022121404000719,SPDL,53,52,19,260.00,4940.00
12555,12556,2022121403000750,FMDBL,52,26,50,708.00,35400.00
12556,12557,2022121403000749,FMDBL,34,26,925,708.00,654900.00
12557,12558,2022121405000228,JBLB,38,54,17,2730.00,46410.00
12558,12559,2022121401001467,MHL,56,37,10,307.90,3079.00
12559,12560,2022121402000959,PHCL,58,42,10,270.00,2700.00
12560,12561,2022121401001466,PPL,28,38,10,201.00,2010.00
12561,12562,2022121402000958,PHCL,58,25,10,270.00,2700.00
12562,12563,2022121401001465,USHEC,26,16,10,247.20,2472.00
12563,12564,2022121401001464,HHL,7,57,10,213.70,2137.00
12564,12565,2022121401001463,NBL,45,1,10,274.20,2742.00
12565,12566,2022121403000748,SADBL,41,43,10,299.10,2991.00
12566,12567,2022121403000747,NTC,41,43,10,910.00,9100.00
12567,12568,2022121401001462,KBL,45,13,100,186.10,18610.00
12568,12569,2022121401001461,PRVU,45,48,10,200.00,2000.00
12569,12570,2022121401001460,PRVU,51,48,24,200.00,4800.00
12570,12571,2022121401001459,ADBL,45,49,100,313.00,31300.00
12571,12572,2022121401001458,ADBL,58,49,120,313.00,37560.00
12572,12573,2022121401001457,ADBL,41,49,55,313.00,17215.00
12573,12574,2022121401001456,ADBL,14,49,75,313.00,23475.00
12574,12575,2022121405000227,JBLB,53,35,7,2730.00,19110.00
12575,12576,2022121401001455,PRVU,21,21,10,200.50,2005.00
12576,12577,2022121404000718,UMRH,50,52,10,409.50,4095.00
12577,12578,2022121401001454,UHEWA,6,35,10,346.40,3464.00
12578,12579,2022121403000746,EDBL,43,44,280,302.90,84812.00
12579,12580,2022121403000745,EDBL,47,44,300,302.90,90870.00
12580,12581,2022121403000744,EDBL,49,44,50,302.90,15145.00
12581,12582,2022121403000743,EDBL,49,44,1000,303.00,303000.00
12582,12583,2022121403000742,EDBL,42,44,500,303.00,151500.00
12583,12584,2022121403000741,EDBL,19,44,10,303.10,3031.00
12584,12585,2022121403000740,EDBL,19,44,10,303.20,3032.00
12585,12586,2022121401001453,HHL,7,16,10,213.70,2137.00
12586,12587,2022121401001452,GVL,25,37,10,305.30,3053.00
12587,12588,2022121402000957,EHPL,5,17,10,237.60,2376.00
12588,12589,2022121403000739,SHINE,50,1,952,331.00,315112.00
12589,12590,2022121404000717,UPPER,58,49,50,389.10,19455.00
12590,12591,2022121403000738,MNBBL,38,53,48,419.00,20112.00
12591,12592,2022121401001451,AVYAN,50,57,10,696.10,6961.00
12592,12593,2022121401001450,HHL,7,38,10,213.70,2137.00
12593,12594,2022121401001449,NABIL,55,40,100,815.50,81550.00
12594,12595,2022121403000737,HIDCL,58,57,50,165.90,8295.00
12595,12596,2022121403000736,LBBL,58,1,10,318.10,3181.00
12596,12597,2022121402000956,PHCL,58,17,10,270.00,2700.00
12597,12598,2022121403000735,SFCL,57,26,500,262.90,131450.00
12598,12599,2022121401001448,SANIMA,1,53,17,223.10,3792.70
12599,12600,2022121401001447,BHDC,47,57,10,345.00,3450.00
12600,12601,2022121403000734,SFCL,57,39,50,262.90,13145.00
12601,12602,2022121403000733,NTC,22,25,44,907.00,39908.00
12602,12603,2022121401001446,PPL,28,38,10,204.00,2040.00
12603,12604,2022121403000732,SFCL,57,34,16,262.90,4206.40
12604,12605,2022121401001445,BHDC,47,37,10,345.00,3450.00
12605,12606,2022121403000731,CIT,37,42,50,1865.00,93250.00
12606,12607,2022121403000730,CIT,37,44,30,1864.00,55920.00
12607,12608,2022121401001444,CCBL,11,50,10,189.00,1890.00
12608,12609,2022121403000729,SFCL,57,16,100,262.00,26200.00
12609,12610,2022121404000716,STC,33,29,12,3540.00,42480.00
12610,12611,2022121405000226,MBJC,46,53,10,210.10,2101.00
12611,12612,2022121404000715,GLH,59,52,10,235.20,2352.00
12612,12613,2022121404000714,PIC,58,7,20,523.90,10478.00
12613,12614,2022121401001443,SGHC,34,58,10,252.00,2520.00
12614,12615,2022121401001442,PPL,58,38,10,202.40,2024.00
12615,12616,2022121403000728,NRIC,4,19,73,698.10,50961.30
12616,12617,2022121401001441,NABIL,42,6,200,816.00,163200.00
12617,12618,2022121401001440,NABIL,42,45,100,816.00,81600.00
12618,12619,2022121401001439,MEGA,1,53,10,194.00,1940.00
12619,12620,2022121403000727,FMDBL,57,13,136,710.00,96560.00
12620,12621,2022121403000726,NMBMF,41,5,11,650.00,7150.00
12621,12622,2022121404000713,RHPL,58,37,1680,241.00,404880.00
12622,12623,2022121404000712,RHPL,19,37,30,241.00,7230.00
12623,12624,2022121404000711,RHPL,3,37,290,241.10,69919.00
12624,12625,2022121401001438,KBL,45,26,500,186.10,93050.00
12625,12626,2022121403000725,KSBBL,52,8,40,305.00,12200.00
12626,12627,2022121403000724,NIFRA,13,6,22,185.00,4070.00
12627,12628,2022121403000723,NIFRA,57,6,32,185.00,5920.00
12628,12629,2022121403000722,FMDBL,57,44,264,710.00,187440.00
12629,12630,2022121404000710,NMBHF1,58,48,100,9.28,928.00
12630,12631,2022121402000955,PHCL,4,7,10,270.00,2700.00
12631,12632,2022121402000954,PHCL,4,59,10,270.00,2700.00
12632,12633,2022121402000953,PHCL,4,58,10,270.00,2700.00
12633,12634,2022121402000952,PHCL,4,58,10,270.00,2700.00
12634,12635,2022121405000225,SAHAS,45,53,10,451.00,4510.00
12635,12636,2022121402000951,PHCL,4,48,10,270.00,2700.00
12636,12637,2022121402000950,PHCL,4,53,10,270.00,2700.00
12637,12638,2022121402000949,PHCL,4,36,10,270.00,2700.00
12638,12639,2022121402000948,PHCL,4,55,10,270.00,2700.00
12639,12640,2022121405000224,SAHAS,45,58,10,452.00,4520.00
12640,12641,2022121402000947,PHCL,4,58,10,270.00,2700.00
12641,12642,2022121402000946,PHCL,4,58,10,270.00,2700.00
12642,12643,2022121402000945,PHCL,4,19,10,270.00,2700.00
12643,12644,2022121402000944,PHCL,4,38,10,270.00,2700.00
12644,12645,2022121402000943,PHCL,4,38,10,270.00,2700.00
12645,12646,2022121402000942,PHCL,4,38,10,270.00,2700.00
12646,12647,2022121402000941,PHCL,4,47,10,270.00,2700.00
12647,12648,2022121402000940,PHCL,4,44,10,270.00,2700.00
12648,12649,2022121402000939,PHCL,4,49,10,270.00,2700.00
12649,12650,2022121403000721,NICLBSL,54,6,10,710.10,7101.00
12650,12651,2022121402000938,PHCL,4,48,10,270.00,2700.00
12651,12652,2022121402000937,PHCL,4,28,10,270.00,2700.00
12652,12653,2022121402000936,PHCL,4,57,10,270.00,2700.00
12653,12654,2022121401001437,PPL,28,58,10,201.00,2010.00
12654,12655,2022121404000709,SHPC,17,28,180,271.00,48780.00
12655,12656,2022121402000935,PHCL,41,35,10,270.00,2700.00
12656,12657,2022121404000708,SAEF,11,58,400,9.65,3860.00
12657,12658,2022121401001436,PPL,28,33,10,201.00,2010.00
12658,12659,2022121404000707,SHL,45,29,200,219.00,43800.00
12659,12660,2022121401001435,USHEC,26,37,10,247.20,2472.00
12660,12661,2022121404000706,JOSHI,21,6,20,185.50,3710.00
12661,12662,2022121401001434,PPL,28,48,200,204.00,40800.00
12662,12663,2022121401001433,PPL,28,7,10,204.00,2040.00
12663,12664,2022121401001432,SHIVM,25,39,10,547.20,5472.00
12664,12665,2022121401001431,HDL,58,45,10,3832.00,38320.00
12665,12666,2022121401001430,HDL,33,45,15,3832.00,57480.00
12666,12667,2022121403000720,GUFL,10,1,200,517.20,103440.00
12667,12668,2022121403000719,FMDBL,57,17,100,710.00,71000.00
12668,12669,2022121405000223,SLI,55,52,10,331.60,3316.00
12669,12670,2022121401001429,SBL,32,19,97,310.00,30070.00
12670,12671,2022121401001428,SBL,50,19,50,310.00,15500.00
12671,12672,2022121401001427,SBL,3,19,10,310.00,3100.00
12672,12673,2022121401001426,SBL,51,19,350,310.30,108605.00
12673,12674,2022121401001425,HHL,7,44,10,213.70,2137.00
12674,12675,2022121401001424,GBIME,25,42,67,209.50,14036.50
12675,12676,2022121404000705,RADHI,42,4,15,216.00,3240.00
12676,12677,2022121403000718,KSBBL,39,41,82,306.00,25092.00
12677,12678,2022121405000222,SLI,55,6,10,332.00,3320.00
12678,12679,2022121404000704,UMRH,50,53,10,409.50,4095.00
12679,12680,2022121405000221,JBLB,22,34,17,2747.00,46699.00
12680,12681,2022121401001423,BHL,28,58,10,247.00,2470.00
12681,12682,2022121401001422,SBI,50,29,386,274.00,105764.00
12682,12683,2022121401001421,SBI,17,29,500,274.10,137050.00
12683,12684,2022121401001420,SBI,17,29,100,275.00,27500.00
12684,12685,2022121401001419,SBI,35,29,100,277.00,27700.00
12685,12686,2022121401001418,UHEWA,6,32,10,346.40,3464.00
12686,12687,2022121401001417,SGHC,21,53,10,252.00,2520.00
12687,12688,2022121401001416,HHL,7,37,10,213.70,2137.00
12688,12689,2022121404000703,NMB50,59,48,100,9.06,906.00
12689,12690,2022121403000717,SABSL,26,53,16,891.00,14256.00
12690,12691,2022121401001415,GVL,25,58,10,305.30,3053.00
12691,12692,2022121404000702,SHPC,17,34,500,271.00,135500.00
12692,12693,2022121404000701,MEN,6,42,10,718.00,7180.00
12693,12694,2022121403000716,RSDC,34,33,37,530.00,19610.00
12694,12695,2022121401001414,RHGCL,45,55,10,206.20,2062.00
12695,12696,2022121403000715,SHINE,50,52,48,331.00,15888.00
12696,12697,2022121401001413,PPL,50,53,10,200.20,2002.00
12697,12698,2022121404000700,RHPL,19,14,35,241.10,8438.50
12698,12699,2022121403000714,SFCL,57,33,300,262.00,78600.00
12699,12700,2022121401001412,PPL,50,38,10,200.20,2002.00
12700,12701,2022121401001411,CYCL,34,19,10,2486.20,24862.00
12701,12702,2022121403000713,MNBBL,41,45,100,420.00,42000.00
12702,12703,2022121403000712,MNBBL,14,45,190,420.00,79800.00
12703,12704,2022121403000711,NRN,49,53,10,399.10,3991.00
12704,12705,2022121403000710,NRIC,4,53,11,698.10,7679.10
12705,12706,2022121403000709,NADEP,58,40,12,670.00,8040.00
12706,12707,2022121403000708,GBBL,41,32,20,383.60,7672.00
12707,12708,2022121403000707,GBBL,44,34,20,383.00,7660.00
12708,12709,2022121403000706,GBBL,25,34,180,383.00,68940.00
12709,12710,2022121402000934,PHCL,54,22,10,270.00,2700.00
12710,12711,2022121403000705,SWBBL,58,52,10,1178.00,11780.00
12711,12712,2022121403000704,NIFRA,7,53,46,185.00,8510.00
12712,12713,2022121401001410,SRBL,45,29,66,183.00,12078.00
12713,12714,2022121403000703,RSDC,34,33,90,530.00,47700.00
12714,12715,2022121401001409,PPL,50,38,10,200.20,2002.00
12715,12716,2022121401001408,NABIL,36,56,58,815.00,47270.00
12716,12717,2022121403000702,HIDCL,42,32,414,165.20,68392.80
12717,12718,2022121403000701,HIDCL,38,32,64,165.30,10579.20
12718,12719,2022121403000700,HIDCL,58,32,150,165.30,24795.00
12719,12720,2022121404000699,UPCL,58,18,10,215.10,2151.00
12720,12721,2022121403000699,NICLBSL,54,53,10,710.10,7101.00
12721,12722,2022121403000698,ILBS,40,40,16,850.10,13601.60
12722,12723,2022121401001407,PPL,28,49,10,204.00,2040.00
12723,12724,2022121401001406,PPL,28,58,10,204.00,2040.00
12724,12725,2022121401001405,PPL,28,58,10,204.00,2040.00
12725,12726,2022121401001404,PPL,28,45,10,204.00,2040.00
12726,12727,2022121401001403,PPL,28,58,10,204.00,2040.00
12727,12728,2022121401001402,PPL,28,49,10,204.00,2040.00
12728,12729,2022121401001401,PPL,28,34,10,204.00,2040.00
12729,12730,2022121401001400,PPL,28,58,10,204.00,2040.00
12730,12731,2022121401001399,PPL,28,42,10,204.00,2040.00
12731,12732,2022121401001398,PPL,28,42,10,204.00,2040.00
12732,12733,2022121401001397,PPL,28,57,10,204.00,2040.00
12733,12734,2022121401001396,PPL,28,47,10,203.90,2039.00
12734,12735,2022121401001395,PPL,28,7,10,203.90,2039.00
12735,12736,2022121401001394,PPL,28,47,10,203.90,2039.00
12736,12737,2022121401001393,PPL,28,47,10,203.90,2039.00
12737,12738,2022121401001392,PPL,28,7,10,203.90,2039.00
12738,12739,2022121401001391,PPL,28,58,10,203.00,2030.00
12739,12740,2022121401001390,PPL,28,7,10,203.00,2030.00
12740,12741,2022121401001389,PPL,28,58,10,203.00,2030.00
12741,12742,2022121401001388,PPL,28,46,10,203.00,2030.00
12742,12743,2022121401001387,PPL,28,58,10,203.00,2030.00
12743,12744,2022121401001386,PPL,28,6,10,203.00,2030.00
12744,12745,2022121401001385,PPL,28,6,10,203.00,2030.00
12745,12746,2022121401001384,PPL,28,37,10,203.00,2030.00
12746,12747,2022121401001383,PPL,28,35,10,203.00,2030.00
12747,12748,2022121401001382,SIKLES,58,51,10,375.10,3751.00
12748,12749,2022121401001381,PPL,50,38,10,200.20,2002.00
12749,12750,2022121401001380,NABIL,16,56,30,815.00,24450.00
12750,12751,2022121404000698,MEN,42,53,10,718.50,7185.00
12751,12752,2022121401001379,SIKLES,58,58,10,375.10,3751.00
12752,12753,2022121404000697,UPPER,33,17,100,390.00,39000.00
12753,12754,2022121404000696,UPPER,6,17,100,390.00,39000.00
12754,12755,2022121404000695,UPPER,34,17,172,390.00,67080.00
12755,12756,2022121401001378,PPL,50,38,10,200.20,2002.00
12756,12757,2022121404000694,UMHL,14,41,500,225.00,112500.00
12757,12758,2022121402000933,PHCL,58,7,10,270.00,2700.00
12758,12759,2022121401001377,SGHC,25,44,100,254.80,25480.00
12759,12760,2022121403000697,NIFRA,7,53,24,185.00,4440.00
12760,12761,2022121403000696,NIFRA,33,53,30,185.00,5550.00
12761,12762,2022121401001376,SRBL,45,47,261,183.00,47763.00
12762,12763,2022121401001375,SRBL,45,47,100,183.00,18300.00
12763,12764,2022121401001374,SRBL,34,47,90,183.10,16479.00
12764,12765,2022121404000693,NGPL,49,41,1000,208.00,208000.00
12765,12766,2022121404000692,NGPL,49,41,200,208.00,41600.00
12766,12767,2022121401001373,PPL,28,48,10,203.00,2030.00
12767,12768,2022121405000220,MBJC,46,53,10,210.10,2101.00
12768,12769,2022121403000695,SFCL,57,54,100,258.00,25800.00
12769,12770,2022121401001372,PPL,28,44,10,202.00,2020.00
12770,12771,2022121401001371,PPL,50,38,10,200.20,2002.00
12771,12772,2022121401001370,PPL,50,32,10,200.20,2002.00
12772,12773,2022121403000694,NIFRA,1,57,64,185.00,11840.00
12773,12774,2022121403000693,PFL,51,52,40,327.30,13092.00
12774,12775,2022121403000692,ILBS,17,53,10,855.00,8550.00
12775,12776,2022121401001369,PPL,50,38,10,200.20,2002.00
12776,12777,2022121404000691,GLH,59,53,10,235.20,2352.00
12777,12778,2022121401001368,PCBL,51,47,334,222.70,74381.80
12778,12779,2022121401001367,PCBL,21,47,22,223.00,4906.00
12779,12780,2022121403000691,SHINE,58,38,10,332.00,3320.00
12780,12781,2022121403000690,SHINE,28,38,90,332.00,29880.00
12781,12782,2022121404000690,SPDL,53,52,30,261.00,7830.00
12782,12783,2022121402000932,EHPL,5,58,10,237.60,2376.00
12783,12784,2022121401001366,SGHC,13,44,70,255.00,17850.00
12784,12785,2022121403000689,ACLBSL,41,53,13,709.00,9217.00
12785,12786,2022121404000689,AKJCL,58,1,10,174.00,1740.00
12786,12787,2022121405000219,SLI,38,38,10,332.00,3320.00
12787,12788,2022121401001365,EBL,42,44,12,440.00,5280.00
12788,12789,2022121401001364,EBL,7,44,44,440.00,19360.00
12789,12790,2022121401001363,EBL,53,44,200,440.00,88000.00
12790,12791,2022121401001362,EBL,1,44,10,440.00,4400.00
12791,12792,2022121401001361,EBL,58,44,10,441.00,4410.00
12792,12793,2022121401001360,NABIL,57,56,27,815.00,22005.00
12793,12794,2022121401001359,NABIL,7,56,61,815.00,49715.00
12794,12795,2022121401001358,NABIL,11,56,50,815.00,40750.00
12795,12796,2022121401001357,NABIL,21,56,1000,815.00,815000.00
12796,12797,2022121401001356,NABIL,1,56,30,815.00,24450.00
12797,12798,2022121401001355,NABIL,41,56,10,815.20,8152.00
12798,12799,2022121401001354,NABIL,57,56,33,815.20,26901.60
12799,12800,2022121403000688,SLBBL,46,38,20,837.00,16740.00
12800,12801,2022121403000687,FOWAD,17,49,20,2615.00,52300.00
12801,12802,2022121401001353,RFPL,28,57,10,225.40,2254.00
12802,12803,2022121401001352,NABIL,17,19,10,816.00,8160.00
12803,12804,2022121401001351,SHIVM,48,17,100,546.10,54610.00
12804,12805,2022121401001350,SHIVM,8,17,50,546.20,27310.00
12805,12806,2022121401001349,SHIVM,47,17,50,546.20,27310.00
12806,12807,2022121401001348,NABIL,25,19,90,816.00,73440.00
12807,12808,2022121401001347,NABIL,25,45,10,816.00,8160.00
12808,12809,2022121404000688,API,14,3,300,209.00,62700.00
12809,12810,2022121404000687,API,40,3,200,209.10,41820.00
12810,12811,2022121401001346,NMB,20,29,743,229.00,170147.00
12811,12812,2022121401001345,NMB,59,29,20,229.00,4580.00
12812,12813,2022121401001344,NMB,33,29,277,229.00,63433.00
12813,12814,2022121401001343,NMB,25,29,410,229.10,93931.00
12814,12815,2022121401001342,NMB,11,29,50,229.50,11475.00
12815,12816,2022121401001341,MEGA,1,47,145,194.00,28130.00
12816,12817,2022121401001340,MEGA,41,47,90,194.10,17469.00
12817,12818,2022121401001339,MEGA,45,47,11,194.20,2136.20
12818,12819,2022121404000686,SHEL,26,53,10,228.00,2280.00
12819,12820,2022121403000686,NMFBS,29,5,50,2002.00,100100.00
12820,12821,2022121401001338,MHL,56,57,10,307.90,3079.00
12821,12822,2022121403000685,JBBL,35,1,10,276.00,2760.00
12822,12823,2022121405000218,MKJC,51,28,400,404.80,161920.00
12823,12824,2022121401001337,RFPL,52,53,10,223.10,2231.00
12824,12825,2022121403000684,SMFDB,54,57,19,1201.00,22819.00
12825,12826,2022121401001336,SIKLES,58,7,10,375.10,3751.00
12826,12827,2022121402000931,EHPL,5,19,10,237.60,2376.00
12827,12828,2022121405000217,JBLB,47,45,14,2747.00,38458.00
12828,12829,2022121403000683,DDBL,50,58,150,1032.00,154800.00
12829,12830,2022121401001335,SGHC,13,22,10,255.00,2550.00
12830,12831,2022121401001334,CZBIL,10,47,55,180.10,9905.50
12831,12832,2022121401001333,CZBIL,42,47,82,180.20,14776.40
12832,12833,2022121403000682,SHINE,44,54,1000,333.00,333000.00
12833,12834,2022121403000681,GRDBL,7,1,10,227.30,2273.00
12834,12835,2022121401001332,SGHC,13,38,10,255.00,2550.00
12835,12836,2022121403000680,HIDCL,57,32,72,165.90,11944.80
12836,12837,2022121401001331,USHEC,10,32,300,247.10,74130.00
12837,12838,2022121401001330,GBIME,25,35,49,209.50,10265.50
12838,12839,2022121401001329,GBIME,10,35,30,209.50,6285.00
12839,12840,2022121401001328,GBIME,42,35,31,209.50,6494.50
12840,12841,2022121402000930,EHPL,5,58,10,237.60,2376.00
12841,12842,2022121403000679,FMDBL,56,17,100,713.00,71300.00
12842,12843,2022121401001327,NABIL,35,45,40,816.00,32640.00
12843,12844,2022121403000678,NRIC,4,53,46,698.10,32112.60
12844,12845,2022121401001326,BOKL,26,58,13,206.00,2678.00
12845,12846,2022121401001325,BOKL,26,45,110,206.00,22660.00
12846,12847,2022121401001324,BOKL,26,53,200,206.00,41200.00
12847,12848,2022121401001323,BOKL,26,34,110,206.00,22660.00
12848,12849,2022121401001322,SIKLES,58,35,10,375.10,3751.00
12849,12850,2022121404000685,SSHL,41,42,550,169.00,92950.00
12850,12851,2022121404000684,SSHL,16,42,100,169.00,16900.00
12851,12852,2022121404000683,SSHL,36,42,500,169.10,84550.00
12852,12853,2022121404000682,SSHL,42,42,250,169.20,42300.00
12853,12854,2022121404000681,SSHL,40,42,500,169.30,84650.00
12854,12855,2022121404000680,SSHL,50,42,100,170.00,17000.00
12855,12856,2022121405000216,MKJC,17,28,1000,404.80,404800.00
12856,12857,2022121404000679,CHCL,56,58,39,385.00,15015.00
12857,12858,2022121405000215,SLI,55,45,10,331.60,3316.00
12858,12859,2022121403000677,NIFRA,1,53,54,185.00,9990.00
12859,12860,2022121405000214,SAHAS,45,38,10,451.00,4510.00
12860,12861,2022121403000676,NIFRA,1,42,54,185.00,9990.00
12861,12862,2022121403000675,NICLBSL,54,53,10,710.10,7101.00
12862,12863,2022121403000674,CBBL,19,48,41,1108.00,45428.00
12863,12864,2022121404000678,NGPL,57,5,299,208.90,62461.10
12864,12865,2022121403000673,MNBBL,14,1,10,420.00,4200.00
12865,12866,2022121401001321,PPL,34,38,10,201.00,2010.00
12866,12867,2022121405000213,MKLB,42,53,10,820.50,8205.00
12867,12868,2022121404000677,RHPL,19,20,30,242.00,7260.00
12868,12869,2022121403000672,SMFDB,57,57,20,1201.00,24020.00
12869,12870,2022121401001320,RHGCL,45,35,10,206.20,2062.00
12870,12871,2022121403000671,DDBL,56,58,10,1032.00,10320.00
12871,12872,2022121401001319,NESDO,57,45,10,3291.00,32910.00
12872,12873,2022121404000676,LEC,32,1,10,224.90,2249.00
12873,12874,2022121404000675,LEC,32,45,100,223.00,22300.00
12874,12875,2022121404000674,UPCL,42,45,1000,218.80,218800.00
12875,12876,2022121401001318,GVL,45,53,10,306.00,3060.00
12876,12877,2022121401001317,PPL,34,44,10,201.00,2010.00
12877,12878,2022121403000670,KSBBL,39,58,10,306.00,3060.00
12878,12879,2022121401001316,SRBL,38,26,1223,184.00,225032.00
12879,12880,2022121403000669,NTC,58,43,21,910.00,19110.00
12880,12881,2022121404000673,UPPER,34,39,28,390.00,10920.00
12881,12882,2022121404000672,UPPER,41,39,40,390.00,15600.00
12882,12883,2022121404000671,UPPER,58,39,182,390.00,70980.00
12883,12884,2022121403000668,GUFL,58,51,10,520.00,5200.00
12884,12885,2022121404000670,RIDI,14,59,159,485.30,77162.70
12885,12886,2022121404000669,RIDI,52,59,20,486.00,9720.00
12886,12887,2022121404000668,RIDI,45,59,41,486.00,19926.00
12887,12888,2022121404000667,RIDI,25,59,200,486.10,97220.00
12888,12889,2022121404000666,RIDI,6,59,100,486.20,48620.00
12889,12890,2022121404000665,RIDI,45,59,100,486.50,48650.00
12890,12891,2022121404000664,RIDI,58,59,50,487.00,24350.00
12891,12892,2022121404000663,RIDI,54,59,50,487.10,24355.00
12892,12893,2022121404000662,RIDI,39,59,11,487.20,5359.20
12893,12894,2022121404000661,RIDI,57,59,200,487.50,97500.00
12894,12895,2022121404000660,RIDI,1,59,100,488.00,48800.00
12895,12896,2022121404000659,RIDI,57,59,80,488.00,39040.00
12896,12897,2022121403000667,NABBC,49,1,10,355.00,3550.00
12897,12898,2022121404000658,BPCL,38,52,40,302.50,12100.00
12898,12899,2022121401001315,USHEC,3,53,20,250.00,5000.00
12899,12900,2022121401001314,BHL,28,53,10,247.00,2470.00
12900,12901,2022121401001313,SPHL,35,35,10,350.00,3500.00
12901,12902,2022121404000657,AIL,19,53,10,378.00,3780.00
12902,12903,2022121403000666,NLICL,4,20,10,505.00,5050.00
12903,12904,2022121403000665,MLBSL,58,49,10,3975.10,39751.00
12904,12905,2022121404000656,SICL,47,58,13,766.00,9958.00
12905,12906,2022121403000664,SKBBL,42,35,10,1110.00,11100.00
12906,12907,2022121403000663,NRIC,43,58,10,703.00,7030.00
12907,12908,2022121403000662,NRIC,43,52,10,702.90,7029.00
12908,12909,2022121401001312,NABIL,19,33,10,817.00,8170.00
12909,12910,2022121402000929,EHPL,5,56,10,237.60,2376.00
12910,12911,2022121403000661,ACLBSL,41,6,13,709.00,9217.00
12911,12912,2022121403000660,MLBSL,51,49,12,3980.00,47760.00
12912,12913,2022121401001311,SBL,42,19,200,311.00,62200.00
12913,12914,2022121401001310,SBL,42,19,200,311.00,62200.00
12914,12915,2022121401001309,SBL,49,19,320,312.00,99840.00
12915,12916,2022121401001308,SBL,16,19,50,313.00,15650.00
12916,12917,2022121401001307,SBL,51,19,18,313.00,5634.00
12917,12918,2022121401001306,NCCB,49,57,13,183.00,2379.00
12918,12919,2022121401001305,GBIME,58,19,143,210.00,30030.00
12919,12920,2022121403000659,NADEP,22,1,12,667.10,8005.20
12920,12921,2022121401001304,NESDO,45,49,10,3300.00,33000.00
12921,12922,2022121402000928,EHPL,5,56,10,237.60,2376.00
12922,12923,2022121404000655,AIL,49,19,90,379.00,34110.00
12923,12924,2022121402000927,EHPL,5,56,10,237.60,2376.00
12924,12925,2022121401001303,BHL,28,52,10,247.00,2470.00
12925,12926,2022121402000926,PHCL,57,57,10,270.00,2700.00
12926,12927,2022121402000925,PHCL,57,21,10,270.00,2700.00
12927,12928,2022121402000924,PHCL,57,46,10,270.00,2700.00
12928,12929,2022121404000654,RADHI,42,53,11,216.00,2376.00
12929,12930,2022121404000653,PIC,38,38,1,523.90,523.90
12930,12931,2022121401001302,USHEC,7,4,10,250.00,2500.00
12931,12932,2022121401001301,USHEC,7,22,10,250.00,2500.00
12932,12933,2022121401001300,USHEC,7,6,10,250.00,2500.00
12933,12934,2022121401001299,USHEC,7,48,10,248.00,2480.00
12934,12935,2022121401001298,USHEC,7,38,10,248.00,2480.00
12935,12936,2022121402000923,EHPL,5,56,10,237.60,2376.00
12936,12937,2022121401001297,PPL,34,42,10,201.00,2010.00
12937,12938,2022121401001296,PPL,34,35,10,201.00,2010.00
12938,12939,2022121402000922,EHPL,5,58,10,237.60,2376.00
12939,12940,2022121404000652,LEC,32,1,10,224.90,2249.00
12940,12941,2022121404000651,HDHPC,10,33,389,175.00,68075.00
12941,12942,2022121405000212,ENL,33,58,10,577.00,5770.00
12942,12943,2022121405000211,JBLB,57,49,17,2725.00,46325.00
12943,12944,2022121405000210,ENL,50,58,10,577.00,5770.00
12944,12945,2022121401001295,HDL,21,56,50,3835.00,191750.00
12945,12946,2022121401001294,DLBS,18,57,10,423.80,4238.00
12946,12947,2022121401001293,SANIMA,42,55,157,226.50,35560.50
12947,12948,2022121401001292,RHGCL,45,57,10,206.20,2062.00
12948,12949,2022121404000650,NIBLPF,17,19,1868,8.02,14981.36
12949,12950,2022121403000658,MLBL,58,51,50,344.00,17200.00
12950,12951,2022121403000657,NTC,42,43,10,910.00,9100.00
12951,12952,2022121405000209,SAHAS,45,58,10,455.00,4550.00
12952,12953,2022121405000208,SAHAS,45,6,10,452.00,4520.00
12953,12954,2022121405000207,SAHAS,45,35,10,452.00,4520.00
12954,12955,2022121401001291,NABIL,35,33,40,817.00,32680.00
12955,12956,2022121401001290,NICA,43,54,140,681.20,95368.00
12956,12957,2022121401001289,NICA,49,54,25,682.00,17050.00
12957,12958,2022121401001288,NICA,39,54,15,683.00,10245.00
12958,12959,2022121401001287,NICA,55,54,10,684.00,6840.00
12959,12960,2022121401001286,NICA,51,54,10,685.00,6850.00
12960,12961,2022121401001285,NIB,34,16,10,221.00,2210.00
12961,12962,2022121401001284,PPL,50,34,10,200.20,2002.00
12962,12963,2022121404000649,HDHPC,34,33,11,175.00,1925.00
12963,12964,2022121401001283,NABIL,14,40,20,816.00,16320.00
12964,12965,2022121404000648,SPDL,6,52,70,261.00,18270.00
12965,12966,2022121404000647,NIBLPF,17,19,2020,8.02,16200.40
12966,12967,2022121403000656,SINDU,43,55,136,262.00,35632.00
12967,12968,2022121403000655,SINDU,43,42,59,261.90,15452.10
12968,12969,2022121403000654,SINDU,43,42,490,261.80,128282.00
12969,12970,2022121403000653,SINDU,43,38,15,261.00,3915.00
12970,12971,2022121403000652,NADEP,22,29,88,667.10,58704.80
12971,12972,2022121403000651,NADEP,51,29,20,667.20,13344.00
12972,12973,2022121403000650,NADEP,26,29,100,667.20,66720.00
12973,12974,2022121403000649,NADEP,18,29,50,667.50,33375.00
12974,12975,2022121403000648,NADEP,19,29,10,667.60,6676.00
12975,12976,2022121403000647,CBBL,45,48,10,1108.00,11080.00
12976,12977,2022121401001282,PRVU,52,21,100,200.50,20050.00
12977,12978,2022121403000646,HIDCL,59,57,14,166.00,2324.00
12978,12979,2022121404000646,LEC,45,35,100,223.00,22300.00
12979,12980,2022121404000645,NHPC,39,45,71,200.00,14200.00
12980,12981,2022121403000645,JBBL,35,52,387,276.00,106812.00
12981,12982,2022121403000644,JBBL,47,52,43,276.50,11889.50
12982,12983,2022121401001281,GVL,45,50,10,306.00,3060.00
12983,12984,2022121403000643,NADEP,58,29,12,671.00,8052.00
12984,12985,2022121403000642,NADEP,38,29,100,671.50,67150.00
12985,12986,2022121403000641,NADEP,33,29,10,671.60,6716.00
12986,12987,2022121403000640,NADEP,29,29,100,671.70,67170.00
12987,12988,2022121403000639,NADEP,1,29,10,672.00,6720.00
12988,12989,2022121403000638,SMFDB,33,57,100,1201.00,120100.00
12989,12990,2022121403000637,SMFDB,51,57,100,1201.20,120120.00
12990,12991,2022121403000636,SMFDB,42,57,140,1201.30,168182.00
12991,12992,2022121401001280,NMB,25,33,90,229.10,20619.00
12992,12993,2022121401001279,NMB,34,33,10,229.10,2291.00
12993,12994,2022121401001278,PCBL,49,48,380,222.50,84550.00
12994,12995,2022121401001277,PCBL,55,48,100,223.00,22300.00
12995,12996,2022121401001276,PCBL,35,48,10,223.00,2230.00
12996,12997,2022121401001275,PCBL,22,48,10,223.00,2230.00
12997,12998,2022121405000206,JBLB,49,22,10,2750.00,27500.00
12998,12999,2022121401001274,SIKLES,58,32,10,375.10,3751.00
12999,13000,2022121404000644,CHCL,57,58,22,385.00,8470.00
13000,13001,2022121404000643,CHCL,57,16,30,385.00,11550.00
13001,13002,2022121404000642,NIBLPF,58,19,152,8.05,1223.60
13002,13003,2022121404000641,UPPER,58,7,218,390.00,85020.00
13003,13004,2022121404000640,UPPER,19,7,50,390.00,19500.00
13004,13005,2022121404000639,UPPER,6,7,20,390.00,7800.00
13005,13006,2022121404000638,UPPER,42,7,30,390.00,11700.00
13006,13007,2022121404000637,UPPER,14,7,100,390.00,39000.00
13007,13008,2022121404000636,UPPER,53,7,10,390.00,3900.00
13008,13009,2022121404000635,UPPER,32,7,100,390.00,39000.00
13009,13010,2022121404000634,UPPER,25,7,136,390.00,53040.00
13010,13011,2022121404000633,UPPER,14,7,500,390.10,195050.00
13011,13012,2022121404000632,UPPER,58,7,200,390.10,78020.00
13012,13013,2022121404000631,UPPER,38,7,16,390.10,6241.60
13013,13014,2022121404000630,UPPER,33,7,100,390.20,39020.00
13014,13015,2022121404000629,UPPER,22,7,20,391.70,7834.00
13015,13016,2022121404000628,SICL,55,13,13,770.00,10010.00
13016,13017,2022121401001273,SPHL,35,22,10,350.00,3500.00
13017,13018,2022121404000627,SAEF,58,58,300,9.65,2895.00
13018,13019,2022121403000635,NIFRA,57,53,10,185.50,1855.00
13019,13020,2022121404000626,SHEL,45,7,10,226.20,2262.00
13020,13021,2022121403000634,GBBL,25,5,80,383.00,30640.00
13021,13022,2022121403000633,GBBL,17,5,20,383.00,7660.00
13022,13023,2022121401001272,CBL,1,59,10,212.40,2124.00
13023,13024,2022121401001271,NABIL,52,40,20,816.00,16320.00
13024,13025,2022121401001270,NABIL,34,40,60,816.00,48960.00
13025,13026,2022121401001269,SANIMA,42,46,10,226.00,2260.00
13026,13027,2022121401001268,RHGCL,45,34,10,206.20,2062.00
13027,13028,2022121403000632,NFS,44,16,200,259.00,51800.00
13028,13029,2022121403000631,NFS,44,52,100,259.00,25900.00
13029,13030,2022121401001267,PRVU,50,21,280,200.50,56140.00
13030,13031,2022121401001266,SHIVM,58,58,35,548.00,19180.00
13031,13032,2022121401001265,SHIVM,58,58,15,547.90,8218.50
13032,13033,2022121401001264,HHL,59,49,10,213.40,2134.00
13033,13034,2022121403000630,FMDBL,56,7,20,713.50,14270.00
13034,13035,2022121403000629,FMDBL,56,33,50,713.40,35670.00
13035,13036,2022121403000628,FMDBL,56,20,30,713.30,21399.00
13036,13037,2022121404000625,SHEL,45,38,10,226.20,2262.00
13037,13038,2022121403000627,NTC,41,32,10,910.00,9100.00
13038,13039,2022121401001263,GBIME,42,19,79,210.00,16590.00
13039,13040,2022121404000624,SPDL,29,49,33,260.00,8580.00
13040,13041,2022121401001262,SANIMA,14,56,200,225.00,45000.00
13041,13042,2022121401001261,USHEC,10,53,10,247.10,2471.00
13042,13043,2022121402000921,EHPL,5,51,10,237.60,2376.00
13043,13044,2022121401001260,DORDI,16,58,10,230.00,2300.00
13044,13045,2022121403000626,NLIC,25,3,200,610.00,122000.00
13045,13046,2022121403000625,CIT,35,19,10,1867.00,18670.00
13046,13047,2022121403000624,LBBL,38,25,123,322.00,39606.00
13047,13048,2022121403000623,LBBL,38,36,327,322.00,105294.00
13048,13049,2022121401001259,NCCB,52,1,10,182.40,1824.00
13049,13050,2022121401001258,GVL,41,3,10,306.00,3060.00
13050,13051,2022121401001257,HDL,41,56,12,3835.00,46020.00
13051,13052,2022121404000623,NHPC,39,48,29,200.00,5800.00
13052,13053,2022121404000622,NHPC,29,48,300,200.00,60000.00
13053,13054,2022121404000621,NHPC,57,48,100,200.00,20000.00
13054,13055,2022121404000620,NHPC,21,48,30,200.00,6000.00
13055,13056,2022121404000619,NHPC,58,48,50,200.00,10000.00
13056,13057,2022121404000618,NHPC,14,48,50,200.00,10000.00
13057,13058,2022121404000617,NHPC,48,48,500,200.00,100000.00
13058,13059,2022121404000616,NHPC,39,48,70,200.00,14000.00
13059,13060,2022121401001256,GBIME,49,19,120,210.00,25200.00
13060,13061,2022121402000920,EHPL,5,58,10,237.60,2376.00
13061,13062,2022121401001255,HDL,58,56,20,3835.00,76700.00
13062,13063,2022121402000919,EHPL,5,41,10,237.60,2376.00
13063,13064,2022121401001254,MBL,56,58,55,213.00,11715.00
13064,13065,2022121403000622,NLIC,58,3,80,610.00,48800.00
13065,13066,2022121403000621,NLIC,58,46,20,609.00,12180.00
13066,13067,2022121403000620,CIT,42,33,22,1860.00,40920.00
13067,13068,2022121403000619,NLIC,13,46,30,609.00,18270.00
13068,13069,2022121401001253,SHIVM,58,58,25,547.90,13697.50
13069,13070,2022121401001252,HHL,7,53,10,213.40,2134.00
13070,13071,2022121404000615,PPCL,57,34,50,289.00,14450.00
13071,13072,2022121403000618,ILBS,58,45,10,864.00,8640.00
13072,13073,2022121403000617,ILBS,33,45,20,864.00,17280.00
13073,13074,2022121404000614,RIDI,36,58,200,489.00,97800.00
13074,13075,2022121403000616,CBBL,19,57,32,1106.00,35392.00
13075,13076,2022121403000615,CBBL,6,57,27,1106.10,29864.70
13076,13077,2022121403000614,CBBL,32,57,30,1106.20,33186.00
13077,13078,2022121404000613,JOSHI,57,11,40,185.50,7420.00
13078,13079,2022121403000613,FOWAD,35,39,15,2610.00,39150.00
13079,13080,2022121401001251,SHIVM,58,58,10,547.90,5479.00
13080,13081,2022121404000612,SJCL,16,16,40,232.90,9316.00
13081,13082,2022121401001250,PPL,13,58,10,200.20,2002.00
13082,13083,2022121403000612,FMDBL,32,20,10,713.30,7133.00
13083,13084,2022121403000611,GBBL,45,32,22,383.60,8439.20
13084,13085,2022121401001249,MEGA,41,49,50,194.10,9705.00
13085,13086,2022121401001248,SCB,58,29,15,398.00,5970.00
13086,13087,2022121401001247,SCB,57,29,50,398.00,19900.00
13087,13088,2022121401001246,SCB,49,29,210,398.00,83580.00
13088,13089,2022121401001245,SCB,17,29,25,399.00,9975.00
13089,13090,2022121401001244,SCB,44,29,200,399.00,79800.00
13090,13091,2022121401001243,SCB,52,29,30,399.00,11970.00
13091,13092,2022121401001242,SCB,5,29,100,399.10,39910.00
13092,13093,2022121401001241,SCB,28,29,300,399.50,119850.00
13093,13094,2022121401001240,SCB,55,29,50,400.00,20000.00
13094,13095,2022121401001239,SCB,16,29,63,400.00,25200.00
13095,13096,2022121401001238,SCB,41,29,297,400.00,118800.00
13096,13097,2022121401001237,SCB,34,29,50,400.10,20005.00
13097,13098,2022121401001236,SCB,34,29,100,400.10,40010.00
13098,13099,2022121401001235,SCB,58,29,30,401.00,12030.00
13099,13100,2022121401001234,SCB,44,29,480,401.00,192480.00
13100,13101,2022121401001233,NABIL,34,45,40,816.00,32640.00
13101,13102,2022121401001232,NABIL,41,45,30,816.00,24480.00
13102,13103,2022121401001231,NABIL,54,45,10,816.00,8160.00
13103,13104,2022121401001230,NABIL,35,45,20,816.00,16320.00
13104,13105,2022121401001229,SHIVM,38,58,50,548.00,27400.00
13105,13106,2022121401001228,SHIVM,21,58,40,548.00,21920.00
13106,13107,2022121401001227,SHIVM,19,58,35,548.00,19180.00
13107,13108,2022121401001226,GBIME,53,19,15,210.00,3150.00
13108,13109,2022121403000610,NTC,22,49,35,907.00,31745.00
13109,13110,2022121405000205,SLI,39,53,10,332.00,3320.00
13110,13111,2022121403000609,LLBS,34,20,12,1026.00,12312.00
13111,13112,2022121405000204,MBJC,14,45,10,210.00,2100.00
13112,13113,2022121404000611,SPDL,14,49,250,260.00,65000.00
13113,13114,2022121401001225,GBIME,44,19,10,210.00,2100.00
13114,13115,2022121404000610,UPPER,36,4,250,391.70,97925.00
13115,13116,2022121401001224,SHIVM,19,58,50,548.00,27400.00
13116,13117,2022121404000609,AKJCL,46,58,50,171.00,8550.00
13117,13118,2022121404000608,AKJCL,46,45,100,171.00,17100.00
13118,13119,2022121404000607,AKJCL,46,38,327,171.00,55917.00
13119,13120,2022121404000606,AKJCL,46,53,10,170.00,1700.00
13120,13121,2022121403000608,SABSL,58,53,10,900.00,9000.00
13121,13122,2022121402000918,EHPL,5,38,10,237.60,2376.00
13122,13123,2022121401001223,SANIMA,42,56,300,224.00,67200.00
13123,13124,2022121403000607,NTC,22,38,21,907.00,19047.00
13124,13125,2022121402000917,EHPL,5,58,10,237.60,2376.00
13125,13126,2022121401001222,HDL,51,41,15,3831.50,57472.50
13126,13127,2022121404000605,RURU,43,53,11,735.10,8086.10
13127,13128,2022121401001221,GBIME,42,42,60,209.50,12570.00
13128,13129,2022121404000604,SJCL,11,16,90,233.00,20970.00
13129,13130,2022121404000603,JOSHI,25,11,50,185.10,9255.00
13130,13131,2022121401001220,GBIME,42,19,192,209.50,40224.00
13131,13132,2022121403000606,NLIC,13,36,70,609.00,42630.00
13132,13133,2022121401001219,PPL,33,49,10,202.10,2021.00
13133,13134,2022121401001218,PPL,33,44,10,202.00,2020.00
13134,13135,2022121401001217,PPL,33,44,10,202.00,2020.00
13135,13136,2022121401001216,PPL,33,36,40,202.00,8080.00
13136,13137,2022121401001215,PPL,33,58,10,202.00,2020.00
13137,13138,2022121401001214,PPL,33,32,10,202.00,2020.00
13138,13139,2022121401001213,PPL,33,54,10,202.00,2020.00
13139,13140,2022121403000605,NTC,10,3,50,907.00,45350.00
13140,13141,2022121401001212,SHIVM,1,58,18,548.90,9880.20
13141,13142,2022121401001211,UHEWA,33,50,10,346.30,3463.00
13142,13143,2022121401001210,SIKLES,51,42,10,375.50,3755.00
13143,13144,2022121401001209,SHIVM,49,58,15,548.90,8233.50
13144,13145,2022121403000604,CBBL,6,48,76,1108.00,84208.00
13145,13146,2022121403000603,CBBL,6,44,24,1108.00,26592.00
13146,13147,2022121403000602,NICLBSL,20,53,10,710.00,7100.00
13147,13148,2022121402000916,EHPL,5,26,10,237.60,2376.00
13148,13149,2022121404000602,NGPL,45,58,50,208.90,10445.00
13149,13150,2022121404000601,SHPC,7,40,50,272.00,13600.00
13150,13151,2022121401001208,NBF3,48,45,400,7.20,2880.00
13151,13152,2022121404000600,SHPC,17,38,10,271.00,2710.00
13152,13153,2022121401001207,PPL,33,53,10,200.40,2004.00
13153,13154,2022121401001206,PPL,33,53,10,200.40,2004.00
13154,13155,2022121403000601,NFS,22,46,90,255.00,22950.00
13155,13156,2022121403000600,GLBSL,49,53,10,772.00,7720.00
13156,13157,2022121401001205,SRBL,38,58,122,184.00,22448.00
13157,13158,2022121401001204,SRBL,19,58,20,184.00,3680.00
13158,13159,2022121405000203,MBJC,46,38,10,209.00,2090.00
13159,13160,2022121404000599,UPPER,29,4,500,391.70,195850.00
13160,13161,2022121403000599,KSBBL,52,48,151,305.00,46055.00
13161,13162,2022121403000598,KSBBL,45,48,18,305.00,5490.00
13162,13163,2022121403000597,KSBBL,58,48,30,305.20,9156.00
13163,13164,2022121401001203,DORDI,16,16,84,232.50,19530.00
13164,13165,2022121401001202,SBL,51,45,22,313.00,6886.00
13165,13166,2022121404000598,AIL,49,53,10,379.00,3790.00
13166,13167,2022121404000597,RURU,43,13,10,745.00,7450.00
13167,13168,2022121404000596,RURU,43,13,10,744.00,7440.00
13168,13169,2022121404000595,RURU,43,13,10,743.00,7430.00
13169,13170,2022121404000594,RURU,43,28,10,742.00,7420.00
13170,13171,2022121404000593,RURU,43,13,10,742.00,7420.00
13171,13172,2022121404000592,RURU,43,13,10,741.00,7410.00
13172,13173,2022121401001201,CCBL,14,50,1531,189.00,289359.00
13173,13174,2022121401001200,CCBL,14,38,300,188.00,56400.00
13174,13175,2022121401001199,CCBL,14,19,54,188.00,10152.00
13175,13176,2022121401001198,SHIVM,32,58,179,548.90,98253.10
13176,13177,2022121401001197,SHIVM,32,4,71,548.80,38964.80
13177,13178,2022121403000596,NLIC,53,36,30,609.00,18270.00
13178,13179,2022121401001196,SHIVM,48,55,190,547.90,104101.00
13179,13180,2022121403000595,NTC,49,11,50,908.00,45400.00
13180,13181,2022121403000594,ACLBSL,49,53,10,709.10,7091.00
13181,13182,2022121404000591,SICL,55,40,27,767.00,20709.00
13182,13183,2022121404000590,SHPC,17,38,10,271.00,2710.00
13183,13184,2022121401001195,RHGCL,4,58,10,208.00,2080.00
13184,13185,2022121404000589,RHPL,57,16,100,244.00,24400.00
13185,13186,2022121404000588,RHPL,57,40,200,244.00,48800.00
13186,13187,2022121404000587,RHPL,57,45,100,244.00,24400.00
13187,13188,2022121404000586,AHPC,52,28,120,270.70,32484.00
13188,13189,2022121401001194,PPL,13,58,10,200.30,2003.00
13189,13190,2022121404000585,PMHPL,58,34,128,193.00,24704.00
13190,13191,2022121401001193,AVYAN,41,35,30,700.00,21000.00
13191,13192,2022121402000915,EHPL,5,58,10,237.60,2376.00
13192,13193,2022121401001192,GBIME,42,58,217,209.50,45461.50
13193,13194,2022121401001191,GBIME,4,58,50,209.50,10475.00
13194,13195,2022121401001190,GBIME,41,58,10,209.50,2095.00
13195,13196,2022121401001189,GBIME,47,58,100,209.60,20960.00
13196,13197,2022121401001188,GBIME,40,58,23,209.60,4820.80
13197,13198,2022121404000584,UPPER,21,48,52,392.00,20384.00
13198,13199,2022121404000583,UPPER,21,28,48,391.80,18806.40
13199,13200,2022121401001187,NBL,58,29,18,274.00,4932.00
13200,13201,2022121401001186,NBL,42,29,41,274.00,11234.00
13201,13202,2022121401001185,NBL,35,29,180,274.10,49338.00
13202,13203,2022121401001184,NBL,35,29,500,274.10,137050.00
13203,13204,2022121401001183,NBL,41,29,100,274.10,27410.00
13204,13205,2022121401001182,NBL,39,29,803,274.10,220102.30
13205,13206,2022121401001181,NBL,41,29,15,274.20,4113.00
13206,13207,2022121401001180,NBL,22,29,70,274.20,19194.00
13207,13208,2022121401001179,NBL,20,29,72,274.20,19742.40
13208,13209,2022121403000593,HIDCL,45,57,50,166.00,8300.00
13209,13210,2022121404000582,RIDI,54,38,45,488.00,21960.00
13210,13211,2022121404000581,RURU,33,38,25,740.00,18500.00
13211,13212,2022121404000580,RURU,33,10,50,739.80,36990.00
13212,13213,2022121403000592,NLICL,42,20,50,505.00,25250.00
13213,13214,2022121403000591,PROFL,28,3,10,289.70,2897.00
13214,13215,2022121404000579,UPCL,22,54,100,216.00,21600.00
13215,13216,2022121404000578,UPCL,22,32,500,216.00,108000.00
13216,13217,2022121404000577,AKPL,38,48,500,344.00,172000.00
13217,13218,2022121404000576,AKPL,7,48,50,344.00,17200.00
13218,13219,2022121404000575,SJCL,11,58,10,233.00,2330.00
13219,13220,2022121404000574,JOSHI,56,11,10,185.50,1855.00
13220,13221,2022121401001178,HDL,49,56,10,3835.00,38350.00
13221,13222,2022121404000573,UMHL,39,36,395,226.00,89270.00
13222,13223,2022121405000202,MBJC,46,29,10,210.00,2100.00
13223,13224,2022121405000201,MBJC,46,50,10,210.00,2100.00
13224,13225,2022121403000590,NFS,38,46,10,255.00,2550.00
13225,13226,2022121404000572,RIDI,34,38,100,488.00,48800.00
13226,13227,2022121401001177,BHDC,14,49,10,346.00,3460.00
13227,13228,2022121404000571,UPPER,26,28,52,391.80,20373.60
13228,13229,2022121401001176,SBL,51,13,273,313.00,85449.00
13229,13230,2022121404000570,RHPL,19,57,1000,243.90,243900.00
13230,13231,2022121403000589,GILB,19,21,10,1126.00,11260.00
13231,13232,2022121402000914,EHPL,5,39,10,237.60,2376.00
13232,13233,2022121404000569,RIDI,53,38,50,488.00,24400.00
13233,13234,2022121403000588,NIFRA,45,53,43,185.50,7976.50
13234,13235,2022121401001175,NABIL,46,6,47,818.00,38446.00
13235,13236,2022121404000568,PMHPL,53,11,50,190.00,9500.00
13236,13237,2022121404000567,AKPL,38,48,150,344.00,51600.00
13237,13238,2022121405000200,JBLB,43,59,15,2747.10,41206.50
13238,13239,2022121403000587,NLIC,36,52,55,607.00,33385.00
13239,13240,2022121403000586,NLIC,58,52,10,607.00,6070.00
13240,13241,2022121404000566,HPPL,33,20,100,249.40,24940.00
13241,13242,2022121404000565,HPPL,33,52,600,249.00,149400.00
13242,13243,2022121404000564,HPPL,33,7,10,249.00,2490.00
13243,13244,2022121401001174,NABIL,58,6,13,818.00,10634.00
13244,13245,2022121401001173,HDL,49,48,10,3835.00,38350.00
13245,13246,2022121401001172,HDL,49,53,15,3835.00,57525.00
13246,13247,2022121401001171,NABIL,58,6,10,818.00,8180.00
13247,13248,2022121404000563,GLH,59,49,10,235.20,2352.00
13248,13249,2022121403000585,NIFRA,1,42,54,185.00,9990.00
13249,13250,2022121403000584,ALICL,25,57,10,508.90,5089.00
13250,13251,2022121401001170,BHL,28,7,10,247.00,2470.00
13251,13252,2022121404000562,RIDI,56,38,200,488.00,97600.00
13252,13253,2022121404000561,AKJCL,21,13,120,169.00,20280.00
13253,13254,2022121401001169,SCB,41,58,70,401.00,28070.00
13254,13255,2022121401001168,GBIME,13,39,27,210.00,5670.00
13255,13256,2022121403000583,DDBL,50,38,60,1030.00,61800.00
13256,13257,2022121404000560,SPDL,45,49,100,260.00,26000.00
13257,13258,2022121403000582,CHDC,13,32,10,650.00,6500.00
13258,13259,2022121404000559,SHL,45,47,100,219.00,21900.00
13259,13260,2022121404000558,SIL,25,41,10,493.00,4930.00
13260,13261,2022121403000581,SFCL,4,54,10,258.00,2580.00
13261,13262,2022121401001167,NABIL,51,6,10,818.00,8180.00
13262,13263,2022121401001166,NABIL,51,39,50,818.00,40900.00
13263,13264,2022121401001165,NICA,58,33,20,685.90,13718.00
13264,13265,2022121404000557,SJCL,16,16,100,232.90,23290.00
13265,13266,2022121401001164,NIB,22,47,490,221.00,108290.00
13266,13267,2022121401001163,CBL,13,59,50,212.40,10620.00
13267,13268,2022121403000580,SHINE,28,58,60,332.00,19920.00
13268,13269,2022121403000579,CIT,49,33,110,1860.00,204600.00
13269,13270,2022121403000578,CIT,49,29,150,1859.00,278850.00
13270,13271,2022121404000556,SHL,45,32,100,219.00,21900.00
13271,13272,2022121405000199,JBLB,43,49,10,2740.00,27400.00
13272,13273,2022121404000555,SHL,48,47,100,219.10,21910.00
13273,13274,2022121401001162,NABIL,45,39,10,818.00,8180.00
13274,13275,2022121404000554,UMHL,44,36,200,226.00,45200.00
13275,13276,2022121401001161,RHGCL,22,54,10,206.10,2061.00
13276,13277,2022121404000553,RIDI,17,38,100,488.00,48800.00
13277,13278,2022121403000577,NLICL,58,20,10,505.00,5050.00
13278,13279,2022121401001160,DORDI,17,16,16,232.50,3720.00
13279,13280,2022121405000198,SLI,55,14,10,332.00,3320.00
13280,13281,2022121403000576,KSBBL,54,11,70,307.00,21490.00
13281,13282,2022121403000575,SHINE,50,58,100,332.00,33200.00
13282,13283,2022121404000552,LEC,32,34,32,224.80,7193.60
13283,13284,2022121402000913,PHCL,45,57,10,270.00,2700.00
13284,13285,2022121401001159,PPL,13,8,10,200.40,2004.00
13285,13286,2022121401001158,ADBL,58,38,20,314.00,6280.00
13286,13287,2022121403000574,CIT,33,1,10,1850.00,18500.00
13287,13288,2022121403000573,CIT,50,1,10,1850.00,18500.00
13288,13289,2022121401001157,SGHC,13,49,10,255.00,2550.00
13289,13290,2022121404000551,PIC,25,7,10,534.50,5345.00
13290,13291,2022121401001156,CBL,49,18,20,212.00,4240.00
13291,13292,2022121404000550,MHNL,38,47,300,253.00,75900.00
13292,13293,2022121403000572,NADEP,16,53,15,671.00,10065.00
13293,13294,2022121403000571,NADEP,33,53,10,672.00,6720.00
13294,13295,2022121401001155,CCBL,13,38,100,187.30,18730.00
13295,13296,2022121401001154,CCBL,41,38,100,187.30,18730.00
13296,13297,2022121401001153,GBIME,40,41,177,209.60,37099.20
13297,13298,2022121401001152,GBIME,57,41,15,209.60,3144.00
13298,13299,2022121401001151,GBIME,47,41,28,209.60,5868.80
13299,13300,2022121403000570,GBBL,17,37,20,383.00,7660.00
13300,13301,2022121403000569,RSDC,6,33,10,534.00,5340.00
13301,13302,2022121401001150,GIBF1,8,54,100,7.85,785.00
13302,13303,2022121401001149,AVYAN,45,52,10,696.00,6960.00
13303,13304,2022121405000197,ENL,13,28,10,576.50,5765.00
13304,13305,2022121405000196,SLI,55,49,10,332.00,3320.00
13305,13306,2022121403000568,ICFC,28,41,10,430.80,4308.00
13306,13307,2022121404000549,SJCL,43,20,43,234.00,10062.00
13307,13308,2022121404000548,SJCL,43,34,300,234.00,70200.00
13308,13309,2022121403000567,NICLBSL,41,58,10,715.00,7150.00
13309,13310,2022121403000566,NICLBSL,41,38,10,715.00,7150.00
13310,13311,2022121403000565,NICLBSL,41,13,60,715.00,42900.00
13311,13312,2022121403000564,NLICL,42,37,100,504.00,50400.00
13312,13313,2022121403000563,NLICL,42,17,500,504.00,252000.00
13313,13314,2022121403000562,NLICL,42,16,300,503.90,151170.00
13314,13315,2022121403000561,HIDCL,58,57,24,166.00,3984.00
13315,13316,2022121401001148,GBIME,47,58,10,209.60,2096.00
13316,13317,2022121401001147,SIKLES,34,35,10,375.00,3750.00
13317,13318,2022121403000560,FMDBL,38,38,200,712.00,142400.00
13318,13319,2022121401001146,PCBL,41,58,30,224.00,6720.00
13319,13320,2022121404000547,SJCL,58,16,991,233.00,230903.00
13320,13321,2022121404000546,SJCL,58,44,59,233.00,13747.00
13321,13322,2022121403000559,GFCL,28,42,10,452.80,4528.00
13322,13323,2022121403000558,RMDC,19,34,45,955.00,42975.00
13323,13324,2022121403000557,RMDC,19,43,15,954.90,14323.50
13324,13325,2022121404000545,SICL,59,40,100,767.00,76700.00
13325,13326,2022121401001145,SIKLES,34,19,10,375.00,3750.00
13326,13327,2022121403000556,GUFL,28,48,10,523.00,5230.00
13327,13328,2022121403000555,SHINE,7,58,100,332.00,33200.00
13328,13329,2022121401001144,BOKL,56,29,200,206.00,41200.00
13329,13330,2022121402000912,EHPL,5,38,10,237.60,2376.00
13330,13331,2022121404000544,SJCL,16,17,50,232.90,11645.00
13331,13332,2022121403000554,FMDBL,34,20,15,708.00,10620.00
13332,13333,2022121402000911,EHPL,5,38,10,237.60,2376.00
13333,13334,2022121404000543,SJCL,43,16,100,232.00,23200.00
13334,13335,2022121404000542,SJCL,43,1,50,232.00,11600.00
13335,13336,2022121404000541,AIL,20,53,10,380.00,3800.00
13336,13337,2022121404000540,SICL,34,40,70,767.00,53690.00
13337,13338,2022121401001143,SHIVM,1,55,50,547.90,27395.00
13338,13339,2022121401001142,CYCL,34,32,10,2486.20,24862.00
13339,13340,2022121403000553,HIDCL,42,57,200,166.00,33200.00
13340,13341,2022121401001141,GBIME,34,39,130,210.00,27300.00
13341,13342,2022121402000910,EHPL,5,38,10,237.60,2376.00
13342,13343,2022121401001140,KBL,22,57,240,187.00,44880.00
13343,13344,2022121401001139,KBL,22,33,220,187.00,41140.00
13344,13345,2022121401001138,KBL,22,10,40,187.00,7480.00
13345,13346,2022121401001137,RHGCL,41,53,10,206.00,2060.00
13346,13347,2022121401001136,PPL,57,28,10,200.00,2000.00
13347,13348,2022121402000909,PHCL,42,55,10,270.00,2700.00
13348,13349,2022121405000195,SLI,55,49,10,332.00,3320.00
13349,13350,2022121402000908,PHCL,42,6,10,270.00,2700.00
13350,13351,2022121403000552,NIFRA,33,53,25,185.50,4637.50
13351,13352,2022121401001135,USHEC,10,49,10,247.10,2471.00
13352,13353,2022121403000551,RSDC,19,33,33,534.00,17622.00
13353,13354,2022121403000550,RSDC,19,45,10,533.90,5339.00
13354,13355,2022121403000549,NLICL,42,19,490,501.00,245490.00
13355,13356,2022121403000548,ALBSL,14,53,10,945.00,9450.00
13356,13357,2022121402000907,EHPL,5,4,10,237.60,2376.00
13357,13358,2022121401001134,HBL,56,3,10,326.00,3260.00
13358,13359,2022121404000539,RHPL,58,29,1000,243.00,243000.00
13359,13360,2022121404000538,RHPL,58,42,150,243.00,36450.00
13360,13361,2022121404000537,RHPL,58,1,200,243.00,48600.00
13361,13362,2022121404000536,RHPL,58,8,70,243.00,17010.00
13362,13363,2022121404000535,RHPL,58,34,80,243.00,19440.00
13363,13364,2022121404000534,RHPL,58,57,1765,242.90,428718.50
13364,13365,2022121403000547,SMATA,58,58,10,748.00,7480.00
13365,13366,2022121404000533,BARUN,45,32,78,203.90,15904.20
13366,13367,2022121404000532,BARUN,45,51,122,203.00,24766.00
13367,13368,2022121403000546,NIFRA,51,53,32,185.50,5936.00
13368,13369,2022121403000545,NLICL,42,19,100,500.90,50090.00
13369,13370,2022121402000906,EHPL,5,38,10,237.60,2376.00
13370,13371,2022121401001133,NABIL,11,39,30,818.00,24540.00
13371,13372,2022121403000544,NIFRA,1,49,64,185.00,11840.00
13372,13373,2022121404000531,MHNL,57,29,150,249.00,37350.00
13373,13374,2022121404000530,HURJA,45,42,20,200.00,4000.00
13374,13375,2022121403000543,RSDC,28,33,10,534.00,5340.00
13375,13376,2022121404000529,MEN,56,45,10,724.00,7240.00
13376,13377,2022121404000528,SPDL,38,49,300,260.00,78000.00
13377,13378,2022121401001132,BHL,28,28,10,247.00,2470.00
13378,13379,2022121401001131,UHEWA,33,58,10,346.30,3463.00
13379,13380,2022121403000542,RSDC,58,33,10,532.00,5320.00
13380,13381,2022121402000905,EHPL,5,38,10,237.60,2376.00
13381,13382,2022121401001130,KBL,25,10,10,187.00,1870.00
13382,13383,2022121403000541,SMFDB,21,20,100,1200.00,120000.00
13383,13384,2022121403000540,SMFDB,20,20,13,1200.00,15600.00
13384,13385,2022121404000527,AIL,20,42,10,380.00,3800.00
13385,13386,2022121403000539,MFIL,58,56,500,417.00,208500.00
13386,13387,2022121401001129,BHDC,14,53,10,345.00,3450.00
13387,13388,2022121401001128,SHIVM,58,58,60,548.00,32880.00
13388,13389,2022121404000526,PPCL,57,26,738,289.00,213282.00
13389,13390,2022121403000538,CHDC,41,58,120,647.60,77712.00
13390,13391,2022121404000525,RHPL,19,57,235,242.90,57081.50
13391,13392,2022121404000524,RHPL,19,43,100,242.70,24270.00
13392,13393,2022121404000523,RHPL,19,26,105,242.00,25410.00
13393,13394,2022121404000522,UPPER,32,28,50,391.80,19590.00
13394,13395,2022121404000521,SIL,55,40,200,485.00,97000.00
13395,13396,2022121404000520,SIL,55,45,82,485.00,39770.00
13396,13397,2022121401001127,CZBIL,14,38,400,180.70,72280.00
13397,13398,2022121403000537,JFL,28,42,10,389.00,3890.00
13398,13399,2022121401001126,KBL,49,10,20,187.00,3740.00
13399,13400,2022121401001125,NABIL,25,39,10,818.00,8180.00
13400,13401,2022121404000519,LEC,32,34,10,224.80,2248.00
13401,13402,2022121404000518,LEC,32,45,10,223.00,2230.00
13402,13403,2022121402000904,EHPL,5,4,10,237.60,2376.00
13403,13404,2022121403000536,SFCL,6,54,90,258.00,23220.00
13404,13405,2022121403000535,GRDBL,19,16,10,229.50,2295.00
13405,13406,2022121404000517,SSHL,16,10,1300,170.00,221000.00
13406,13407,2022121404000516,SSHL,50,10,500,170.00,85000.00
13407,13408,2022121401001124,GBIME,47,22,62,209.60,12995.20
13408,13409,2022121401001123,CCBL,44,29,15,187.20,2808.00
13409,13410,2022121401001122,CBL,39,18,580,212.00,122960.00
13410,13411,2022121401001121,CBL,39,59,20,212.00,4240.00
13411,13412,2022121404000515,PPCL,57,14,150,288.00,43200.00
13412,13413,2022121401001120,NESDO,25,38,10,3310.00,33100.00
13413,13414,2022121401001119,NESDO,25,35,10,3310.00,33100.00
13414,13415,2022121401001118,NESDO,25,29,10,3310.00,33100.00
13415,13416,2022121401001117,BOKL,14,52,200,205.00,41000.00
13416,13417,2022121401001116,BOKL,14,57,27,205.00,5535.00
13417,13418,2022121401001115,NBL,25,38,20,276.00,5520.00
13418,13419,2022121402000903,EHPL,5,29,10,237.60,2376.00
13419,13420,2022121404000514,PPCL,57,19,250,287.00,71750.00
13420,13421,2022121401001114,CCBL,8,57,200,187.90,37580.00
13421,13422,2022121403000534,JFL,28,49,10,382.20,3822.00
13422,13423,2022121403000533,KRBL,58,34,30,253.00,7590.00
13423,13424,2022121402000902,EHPL,5,58,10,237.60,2376.00
13424,13425,2022121404000513,RHPL,16,26,395,242.00,95590.00
13425,13426,2022121404000512,RHPL,16,16,15,242.00,3630.00
13426,13427,2022121404000511,RHPL,16,53,70,241.50,16905.00
13427,13428,2022121404000510,RHPL,16,58,20,241.00,4820.00
13428,13429,2022121401001113,RFPL,28,58,10,230.00,2300.00
13429,13430,2022121401001112,RFPL,28,38,10,228.00,2280.00
13430,13431,2022121404000509,API,14,50,85,209.00,17765.00
13431,13432,2022121403000532,NADEP,33,26,15,679.00,10185.00
13432,13433,2022121403000531,NADEP,33,43,10,678.00,6780.00
13433,13434,2022121403000530,NIFRA,1,32,10,185.00,1850.00
13434,13435,2022121403000529,ALBSL,14,45,10,927.10,9271.00
13435,13436,2022121403000528,ALBSL,14,42,10,927.00,9270.00
13436,13437,2022121401001111,HHL,52,28,10,213.00,2130.00
13437,13438,2022121401001110,SHIVM,57,58,89,545.10,48513.90
13438,13439,2022121401001109,SHIVM,53,58,11,546.00,6006.00
13439,13440,2022121401001108,KBL,34,10,30,187.00,5610.00
13440,13441,2022121401001107,NABIL,35,6,59,817.00,48203.00
13441,13442,2022121401001106,GBIME,16,39,90,210.00,18900.00
13442,13443,2022121401001105,GBIME,16,29,10,210.00,2100.00
13443,13444,2022121401001104,NBL,45,38,25,276.00,6900.00
13444,13445,2022121403000527,PFL,28,29,10,333.00,3330.00
13445,13446,2022121401001103,NBL,34,38,100,276.00,27600.00
13446,13447,2022121403000526,NRIC,35,52,10,701.50,7015.00
13447,13448,2022121404000508,PPCL,57,43,90,286.90,25821.00
13448,13449,2022121401001102,SPHL,35,34,10,350.00,3500.00
13449,13450,2022121403000525,SIFC,59,42,457,306.90,140253.30
13450,13451,2022121403000524,SIFC,59,29,43,305.00,13115.00
13451,13452,2022121404000507,SJCL,14,44,500,231.00,115500.00
13452,13453,2022121404000506,SJCL,14,16,100,231.00,23100.00
13453,13454,2022121403000523,NTC,4,42,60,913.00,54780.00
13454,13455,2022121401001101,CCBL,58,19,10,188.00,1880.00
13455,13456,2022121401001100,NABIL,49,6,41,817.50,33517.50
13456,13457,2022121401001099,NABIL,49,7,20,817.00,16340.00
13457,13458,2022121401001098,PPL,57,46,10,200.00,2000.00
13458,13459,2022121401001097,ICFCD83,16,22,25,1020.00,25500.00
13459,13460,2022121402000901,EHPL,5,8,306,237.60,72705.60
13460,13461,2022121401001096,PPL,57,50,10,200.00,2000.00
13461,13462,2022121401001095,USHEC,10,29,10,247.10,2471.00
13462,13463,2022121403000522,ALBSL,14,17,16,925.00,14800.00
13463,13464,2022121404000505,API,20,25,200,209.90,41980.00
13464,13465,2022121403000521,HIDCL,56,46,54,166.00,8964.00
13465,13466,2022121403000520,HIDCL,56,38,800,166.00,132800.00
13466,13467,2022121403000519,HIDCL,56,58,245,166.00,40670.00
13467,13468,2022121401001094,BOKL,58,57,30,205.00,6150.00
13468,13469,2022121401001093,BOKL,49,57,15,205.00,3075.00
13469,13470,2022121401001092,BOKL,42,57,28,205.00,5740.00
13470,13471,2022121401001091,NIB,28,16,24,221.00,5304.00
13471,13472,2022121401001090,NIB,28,34,200,221.00,44200.00
13472,13473,2022121401001089,CCBL,33,50,469,189.00,88641.00
13473,13474,2022121401001088,CCBL,33,50,20,189.00,3780.00
13474,13475,2022121401001087,CCBL,33,41,11,188.90,2077.90
13475,13476,2022121404000504,RIDI,34,38,100,488.00,48800.00
13476,13477,2022121401001086,KDBY,51,50,100,8.00,800.00
13477,13478,2022121402000900,PHCL,57,58,10,270.00,2700.00
13478,13479,2022121402000899,PHCL,57,35,10,270.00,2700.00
13479,13480,2022121402000898,PHCL,57,35,10,270.00,2700.00
13480,13481,2022121402000897,PHCL,57,32,10,270.00,2700.00
13481,13482,2022121402000896,PHCL,57,49,10,270.00,2700.00
13482,13483,2022121402000895,PHCL,57,52,10,270.00,2700.00
13483,13484,2022121404000503,RIDI,34,38,20,488.00,9760.00
13484,13485,2022121402000894,PHCL,57,55,10,270.00,2700.00
13485,13486,2022121402000893,PHCL,57,47,10,270.00,2700.00
13486,13487,2022121402000892,PHCL,57,58,10,270.00,2700.00
13487,13488,2022121402000891,PHCL,57,53,10,270.00,2700.00
13488,13489,2022121401001085,NIB,28,41,70,220.00,15400.00
13489,13490,2022121403000518,NLICL,45,19,10,500.90,5009.00
13490,13491,2022121404000502,AKPL,53,57,60,346.00,20760.00
13491,13492,2022121403000517,GBBL,25,41,100,383.00,38300.00
13492,13493,2022121403000516,GBBL,25,20,50,382.90,19145.00
13493,13494,2022121405000194,SAHAS,45,32,40,450.00,18000.00
13494,13495,2022121405000193,SAHAS,45,42,40,450.00,18000.00
13495,13496,2022121404000501,SJCL,58,36,465,229.90,106903.50
13496,13497,2022121404000500,SJCL,58,16,100,229.80,22980.00
13497,13498,2022121404000499,SJCL,58,36,100,229.70,22970.00
13498,13499,2022121403000515,CIT,45,33,42,1860.00,78120.00
13499,13500,2022121404000498,NGPL,45,58,90,209.00,18810.00
13500,13501,2022121404000497,NGPL,45,58,10,209.00,2090.00
13501,13502,2022121401001084,NBL,34,38,26,276.00,7176.00
13502,13503,2022121401001083,NBL,34,14,74,276.00,20424.00
13503,13504,2022121404000496,PPCL,57,39,10,286.80,2868.00
13504,13505,2022121405000192,BNHC,52,58,10,329.00,3290.00
13505,13506,2022121403000514,CIT,56,38,14,1859.50,26033.00
13506,13507,2022121404000495,SPDL,53,49,300,260.00,78000.00
13507,13508,2022121402000890,EHPL,5,43,10,237.60,2376.00
13508,13509,2022121403000513,SHINE,26,41,180,332.00,59760.00
13509,13510,2022121403000512,ALICL,35,38,48,503.50,24168.00
13510,13511,2022121403000511,ALICL,49,38,10,503.60,5036.00
13511,13512,2022121403000510,ALICL,49,38,42,503.70,21155.40
13512,13513,2022121403000509,NADEP,57,29,50,671.10,33555.00
13513,13514,2022121403000508,NADEP,46,29,50,671.10,33555.00
13514,13515,2022121401001082,MEGA,11,6,10,195.00,1950.00
13515,13516,2022121403000507,NIFRA,1,32,74,185.00,13690.00
13516,13517,2022121404000494,RHPL,58,57,2000,241.90,483800.00
13517,13518,2022121401001081,SHIVM,34,55,20,548.90,10978.00
13518,13519,2022121401001080,SHIVM,34,34,80,548.80,43904.00
13519,13520,2022121401001079,SHIVM,22,6,20,546.00,10920.00
13520,13521,2022121404000493,UPCL,52,58,15,216.00,3240.00
13521,13522,2022121404000492,RIDI,10,38,10,488.00,4880.00
13522,13523,2022121401001078,NABIL,35,1,40,817.00,32680.00
13523,13524,2022121404000491,AHPC,33,21,50,270.50,13525.00
13524,13525,2022121402000889,EHPL,5,45,10,237.60,2376.00
13525,13526,2022121403000506,FOWAD,36,48,20,2595.00,51900.00
13526,13527,2022121403000505,FOWAD,36,58,59,2595.00,153105.00
13527,13528,2022121404000490,RADHI,42,6,25,218.00,5450.00
13528,13529,2022121404000489,API,14,42,50,209.00,10450.00
13529,13530,2022121404000488,RADHI,42,58,10,218.00,2180.00
13530,13531,2022121403000504,JFL,28,44,10,374.80,3748.00
13531,13532,2022121403000503,NRIC,43,58,34,702.00,23868.00
13532,13533,2022121403000502,NRIC,43,6,200,702.00,140400.00
13533,13534,2022121403000501,NRIC,43,6,22,702.00,15444.00
13534,13535,2022121403000500,PFL,51,46,140,331.00,46340.00
13535,13536,2022121401001077,NICA,55,33,10,686.00,6860.00
13536,13537,2022121401001076,HDL,49,53,15,3835.00,57525.00
13537,13538,2022121403000499,NTC,4,6,30,913.00,27390.00
13538,13539,2022121403000498,NTC,4,42,10,913.00,9130.00
13539,13540,2022121403000497,NTC,4,45,20,913.00,18260.00
13540,13541,2022121403000496,GLBSL,43,45,50,772.10,38605.00
13541,13542,2022121405000191,SLI,55,59,10,331.20,3312.00
13542,13543,2022121404000487,UIC,49,58,490,340.00,166600.00
13543,13544,2022121404000486,UIC,49,19,10,338.00,3380.00
13544,13545,2022121401001075,NIB,28,19,30,220.00,6600.00
13545,13546,2022121401001074,NIB,28,29,127,220.00,27940.00
13546,13547,2022121405000190,MBJC,14,34,10,210.00,2100.00
13547,13548,2022121405000189,MBJC,14,49,10,210.00,2100.00
13548,13549,2022121405000188,MBJC,14,16,10,210.00,2100.00
13549,13550,2022121405000187,MBJC,14,19,10,210.00,2100.00
13550,13551,2022121405000186,MBJC,14,48,10,210.00,2100.00
13551,13552,2022121405000185,MBJC,14,22,60,210.00,12600.00
13552,13553,2022121405000184,MBJC,14,11,10,210.00,2100.00
13553,13554,2022121405000183,MBJC,14,39,10,210.00,2100.00
13554,13555,2022121405000182,MBJC,14,53,10,210.00,2100.00
13555,13556,2022121403000495,SFCL,28,54,10,258.00,2580.00
13556,13557,2022121404000485,SHPC,40,40,300,272.00,81600.00
13557,13558,2022121402000888,PHCL,38,57,10,270.00,2700.00
13558,13559,2022121402000887,PHCL,38,34,10,270.00,2700.00
13559,13560,2022121402000886,PHCL,38,42,10,270.00,2700.00
13560,13561,2022121402000885,PHCL,38,45,10,270.00,2700.00
13561,13562,2022121404000484,UMHL,42,36,155,226.00,35030.00
13562,13563,2022121404000483,UMHL,42,49,20,226.00,4520.00
13563,13564,2022121403000494,CIT,45,38,10,1859.50,18595.00
13564,13565,2022121404000482,UPPER,45,4,30,391.70,11751.00
13565,13566,2022121402000884,PHCL,38,49,10,270.00,2700.00
13566,13567,2022121402000883,PHCL,38,57,10,270.00,2700.00
13567,13568,2022121401001073,LBL,14,29,1240,193.00,239320.00
13568,13569,2022121402000882,PHCL,38,58,10,270.00,2700.00
13569,13570,2022121402000881,PHCL,38,49,10,270.00,2700.00
13570,13571,2022121402000880,PHCL,38,19,10,270.00,2700.00
13571,13572,2022121403000493,MFIL,57,26,90,420.00,37800.00
13572,13573,2022121402000879,PHCL,38,47,10,270.00,2700.00
13573,13574,2022121403000492,NTC,19,45,10,913.00,9130.00
13574,13575,2022121401001072,NABIL,35,1,20,817.00,16340.00
13575,13576,2022121401001071,HDL,49,53,20,3835.00,76700.00
13576,13577,2022121403000491,PROFL,28,58,10,285.00,2850.00
13577,13578,2022121403000490,SFCL,6,53,10,253.90,2539.00
13578,13579,2022121401001070,NABIL,42,1,12,817.00,9804.00
13579,13580,2022121403000489,GLBSL,19,45,20,773.00,15460.00
13580,13581,2022121403000488,GLBSL,34,45,10,774.00,7740.00
13581,13582,2022121403000487,GLBSL,39,45,10,775.00,7750.00
13582,13583,2022121403000486,KSBBL,54,42,30,305.10,9153.00
13583,13584,2022121405000181,JBLB,34,45,10,2748.00,27480.00
13584,13585,2022121404000481,RHPL,19,16,185,242.00,44770.00
13585,13586,2022121404000480,RHPL,19,35,145,242.00,35090.00
13586,13587,2022121404000479,RHPL,19,53,40,241.70,9668.00
13587,13588,2022121404000478,RHPL,19,7,30,241.50,7245.00
13588,13589,2022121404000477,RHPL,19,20,70,241.00,16870.00
13589,13590,2022121404000476,RHPL,19,57,30,240.70,7221.00
13590,13591,2022121404000475,RHPL,19,6,500,240.30,120150.00
13591,13592,2022121401001069,MEGA,1,33,50,194.00,9700.00
13592,13593,2022121403000485,NRIC,35,38,10,701.90,7019.00
13593,13594,2022121401001068,AVYAN,40,21,10,695.00,6950.00
13594,13595,2022121403000484,SFCL,28,54,10,258.00,2580.00
13595,13596,2022121403000483,NTC,19,11,35,912.00,31920.00
13596,13597,2022121401001067,NMB,41,48,10,230.00,2300.00
13597,13598,2022121404000474,RHPL,45,8,100,240.00,24000.00
13598,13599,2022121404000473,RHPL,45,57,2000,240.00,480000.00
13599,13600,2022121404000472,RHPL,45,29,164,239.90,39343.60
13600,13601,2022121404000471,NGPL,42,41,300,209.00,62700.00
13601,13602,2022121405000180,MBJC,40,16,200,209.90,41980.00
13602,13603,2022121405000179,MBJC,40,44,10,209.00,2090.00
13603,13604,2022121401001066,AVYAN,45,58,10,708.90,7089.00
13604,13605,2022121404000470,NGPL,45,58,50,208.90,10445.00
13605,13606,2022121404000469,RHPL,41,29,636,239.90,152576.40
13606,13607,2022121404000468,RHPL,41,16,200,239.90,47980.00
13607,13608,2022121404000467,RHPL,41,36,500,239.80,119900.00
13608,13609,2022121404000466,RHPL,41,17,60,239.80,14388.00
13609,13610,2022121404000465,RHPL,41,38,600,239.70,143820.00
13610,13611,2022121404000464,RHPL,41,57,1004,239.60,240558.40
13611,13612,2022121403000482,GBBL,13,20,50,382.90,19145.00
13612,13613,2022121403000481,NTC,19,11,10,912.00,9120.00
13613,13614,2022121401001065,NABIL,17,1,20,817.00,16340.00
13614,13615,2022121405000178,SLI,55,42,10,331.20,3312.00
13615,13616,2022121401001064,NICA,17,33,25,686.00,17150.00
13616,13617,2022121405000177,JBLB,53,59,17,2717.00,46189.00
13617,13618,2022121401001063,GBIME,57,29,10,210.00,2100.00
13618,13619,2022121403000480,ICFC,45,41,10,420.30,4203.00
13619,13620,2022121403000479,LICN,1,59,10,1428.00,14280.00
13620,13621,2022121403000478,NRIC,43,34,11,697.10,7668.10
13621,13622,2022121403000477,NLIC,53,40,404,607.00,245228.00
13622,13623,2022121401001062,ADBL,39,38,20,314.00,6280.00
13623,13624,2022121401001061,RFPL,28,45,10,227.40,2274.00
13624,13625,2022121401001060,RFPL,28,58,10,227.40,2274.00
13625,13626,2022121403000476,MNBBL,58,10,30,424.90,12747.00
13626,13627,2022121403000475,CIT,35,19,10,1858.00,18580.00
13627,13628,2022121403000474,ACLBSL,16,49,10,709.00,7090.00
13628,13629,2022121404000463,RHPL,19,22,610,239.00,145790.00
13629,13630,2022121403000473,GBBL,45,48,46,382.00,17572.00
13630,13631,2022121404000462,RHPL,3,50,70,237.10,16597.00
13631,13632,2022121401001059,MBL,53,38,40,213.00,8520.00
13632,13633,2022121401001058,CCBL,14,50,2980,189.00,563220.00
13633,13634,2022121401001057,CCBL,14,32,20,189.00,3780.00
13634,13635,2022121405000176,SAHAS,45,42,10,450.00,4500.00
13635,13636,2022121404000461,SICL,35,40,124,767.00,95108.00
13636,13637,2022121403000472,SMFDB,34,52,40,1212.00,48480.00
13637,13638,2022121401001056,SBI,58,49,10,279.00,2790.00
13638,13639,2022121401001055,PPL,57,35,10,200.00,2000.00
13639,13640,2022121401001054,NICFC,29,52,100,7.71,771.00
13640,13641,2022121401001053,SGHC,25,56,10,260.00,2600.00
13641,13642,2022121402000878,PHCL,26,38,10,270.00,2700.00
13642,13643,2022121402000877,PHCL,26,38,10,270.00,2700.00
13643,13644,2022121402000876,PHCL,26,59,10,270.00,2700.00
13644,13645,2022121402000875,PHCL,26,58,10,270.00,2700.00
13645,13646,2022121402000874,PHCL,26,49,10,270.00,2700.00
13646,13647,2022121402000873,PHCL,26,38,10,270.00,2700.00
13647,13648,2022121404000460,RHPL,19,57,650,238.90,155285.00
13648,13649,2022121403000471,NRN,42,58,10,400.00,4000.00
13649,13650,2022121402000872,PHCL,26,58,10,270.00,2700.00
13650,13651,2022121402000871,PHCL,26,58,10,270.00,2700.00
13651,13652,2022121403000470,LICN,32,58,50,1420.00,71000.00
13652,13653,2022121402000870,PHCL,26,19,10,270.00,2700.00
13653,13654,2022121402000869,PHCL,26,19,10,270.00,2700.00
13654,13655,2022121402000868,PHCL,26,7,10,270.00,2700.00
13655,13656,2022121402000867,PHCL,26,42,10,270.00,2700.00
13656,13657,2022121402000866,PHCL,26,45,10,270.00,2700.00
13657,13658,2022121402000865,PHCL,26,59,10,270.00,2700.00
13658,13659,2022121404000459,SICL,53,40,50,767.00,38350.00
13659,13660,2022121402000864,PHCL,26,49,10,270.00,2700.00
13660,13661,2022121402000863,PHCL,26,49,10,270.00,2700.00
13661,13662,2022121402000862,PHCL,26,48,10,270.00,2700.00
13662,13663,2022121402000861,PHCL,26,43,10,270.00,2700.00
13663,13664,2022121402000860,PHCL,26,56,10,270.00,2700.00
13664,13665,2022121403000469,CHDC,38,41,10,650.00,6500.00
13665,13666,2022121403000468,CBBL,42,44,26,1108.00,28808.00
13666,13667,2022121401001052,HHL,7,58,10,212.50,2125.00
13667,13668,2022121401001051,PRVU,4,50,400,200.00,80000.00
13668,13669,2022121401001050,SGHC,34,21,20,261.60,5232.00
13669,13670,2022121405000175,SLI,57,29,10,333.00,3330.00
13670,13671,2022121403000467,SHINE,45,41,30,332.00,9960.00
13671,13672,2022121403000466,NLIC,38,40,72,607.00,43704.00
13672,13673,2022121403000465,NRIC,41,58,10,699.00,6990.00
13673,13674,2022121401001049,SHIVM,19,58,15,545.00,8175.00
13674,13675,2022121402000859,PHCL,42,35,10,270.00,2700.00
13675,13676,2022121404000458,NGPL,49,58,230,208.00,47840.00
13676,13677,2022121404000457,SHEL,26,39,10,230.00,2300.00
13677,13678,2022121402000858,PHCL,3,52,10,270.00,2700.00
13678,13679,2022121402000857,PHCL,3,42,10,270.00,2700.00
13679,13680,2022121402000856,PHCL,3,17,10,270.00,2700.00
13680,13681,2022121402000855,PHCL,3,58,10,270.00,2700.00
13681,13682,2022121402000854,PHCL,3,52,10,270.00,2700.00
13682,13683,2022121402000853,PHCL,3,52,10,270.00,2700.00
13683,13684,2022121402000852,PHCL,3,19,10,270.00,2700.00
13684,13685,2022121402000851,PHCL,3,25,10,270.00,2700.00
13685,13686,2022121402000850,PHCL,3,58,10,270.00,2700.00
13686,13687,2022121402000849,PHCL,3,49,10,270.00,2700.00
13687,13688,2022121402000848,PHCL,3,38,10,270.00,2700.00
13688,13689,2022121402000847,PHCL,3,38,10,270.00,2700.00
13689,13690,2022121402000846,PHCL,3,58,10,270.00,2700.00
13690,13691,2022121402000845,PHCL,3,35,10,270.00,2700.00
13691,13692,2022121402000844,PHCL,3,38,10,270.00,2700.00
13692,13693,2022121402000843,PHCL,3,29,10,270.00,2700.00
13693,13694,2022121402000842,PHCL,3,29,10,270.00,2700.00
13694,13695,2022121402000841,PHCL,3,35,10,270.00,2700.00
13695,13696,2022121402000840,PHCL,3,48,10,270.00,2700.00
13696,13697,2022121402000839,PHCL,3,58,10,270.00,2700.00
13697,13698,2022121402000838,PHCL,3,49,10,270.00,2700.00
13698,13699,2022121401001048,KBL,57,10,200,187.00,37400.00
13699,13700,2022121402000837,PHCL,3,49,10,270.00,2700.00
13700,13701,2022121402000836,PHCL,3,7,10,270.00,2700.00
13701,13702,2022121402000835,PHCL,3,52,10,270.00,2700.00
13702,13703,2022121402000834,PHCL,3,52,10,270.00,2700.00
13703,13704,2022121402000833,PHCL,3,19,10,270.00,2700.00
13704,13705,2022121401001047,RFPL,45,29,10,223.00,2230.00
13705,13706,2022121401001046,AVYAN,45,57,10,708.90,7089.00
13706,13707,2022121401001045,AVYAN,45,32,10,708.00,7080.00
13707,13708,2022121401001044,AVYAN,45,49,10,708.00,7080.00
13708,13709,2022121401001043,AVYAN,45,56,10,708.00,7080.00
13709,13710,2022121401001042,AVYAN,45,46,10,707.00,7070.00
13710,13711,2022121401001041,AVYAN,45,58,10,707.00,7070.00
13711,13712,2022121401001040,AVYAN,45,58,10,706.80,7068.00
13712,13713,2022121401001039,AVYAN,45,49,10,706.70,7067.00
13713,13714,2022121401001038,AVYAN,45,45,10,706.00,7060.00
13714,13715,2022121401001037,AVYAN,45,34,10,706.00,7060.00
13715,13716,2022121401001036,AVYAN,45,1,10,700.00,7000.00
13716,13717,2022121401001035,AVYAN,45,56,10,700.00,7000.00
13717,13718,2022121401001034,AVYAN,45,39,10,700.00,7000.00
13718,13719,2022121402000832,PHCL,3,47,10,270.00,2700.00
13719,13720,2022121402000831,PHCL,3,58,10,270.00,2700.00
13720,13721,2022121402000830,PHCL,3,49,10,270.00,2700.00
13721,13722,2022121402000829,PHCL,3,42,10,270.00,2700.00
13722,13723,2022121402000828,PHCL,3,58,10,270.00,2700.00
13723,13724,2022121402000827,PHCL,3,32,10,270.00,2700.00
13724,13725,2022121404000456,BARUN,58,51,56,203.00,11368.00
13725,13726,2022121402000826,PHCL,3,35,10,270.00,2700.00
13726,13727,2022121402000825,PHCL,3,19,10,270.00,2700.00
13727,13728,2022121402000824,PHCL,3,47,10,270.00,2700.00
13728,13729,2022121402000823,PHCL,3,56,10,270.00,2700.00
13729,13730,2022121402000822,PHCL,3,6,10,270.00,2700.00
13730,13731,2022121402000821,PHCL,3,49,10,270.00,2700.00
13731,13732,2022121403000464,GBBL,7,48,14,382.00,5348.00
13732,13733,2022121405000174,MBJC,58,48,10,208.30,2083.00
13733,13734,2022121403000463,NTC,41,26,10,914.00,9140.00
13734,13735,2022121404000455,RIDI,43,38,200,488.00,97600.00
13735,13736,2022121401001033,NABIL,25,20,136,815.00,110840.00
13736,13737,2022121401001032,NABIL,25,22,80,815.00,65200.00
13737,13738,2022121401001031,NABIL,25,57,133,815.00,108395.00
13738,13739,2022121401001030,NABIL,25,42,100,815.00,81500.00
13739,13740,2022121401001029,NABIL,25,47,300,815.00,244500.00
13740,13741,2022121401001028,NABIL,25,49,240,815.00,195600.00
13741,13742,2022121401001027,NABIL,25,58,20,815.00,16300.00
13742,13743,2022121405000173,MBJC,58,29,10,208.30,2083.00
13743,13744,2022121401001026,DORDI,7,58,10,230.00,2300.00
13744,13745,2022121401001025,DORDI,7,48,10,230.00,2300.00
13745,13746,2022121403000462,SHINE,58,41,40,332.00,13280.00
13746,13747,2022121401001024,BHDC,45,58,10,350.00,3500.00
13747,13748,2022121402000820,PHCL,4,38,10,270.00,2700.00
13748,13749,2022121402000819,PHCL,4,58,10,270.00,2700.00
13749,13750,2022121405000172,MBJC,47,17,10,208.40,2084.00
13750,13751,2022121402000818,PHCL,4,45,10,270.00,2700.00
13751,13752,2022121401001023,RFPL,49,38,10,223.10,2231.00
13752,13753,2022121401001022,NCCB,41,49,43,182.30,7838.90
13753,13754,2022121401001021,MEGA,14,38,500,195.00,97500.00
13754,13755,2022121401001020,MEGA,14,34,136,195.00,26520.00
13755,13756,2022121401001019,MEGA,14,16,500,195.00,97500.00
13756,13757,2022121401001018,NABIL,26,6,100,814.00,81400.00
13757,13758,2022121401001017,NABIL,26,45,13,814.00,10582.00
13758,13759,2022121403000461,PROFL,6,29,40,281.50,11260.00
13759,13760,2022121404000454,SICL,45,40,93,767.00,71331.00
13760,13761,2022121404000453,BARUN,38,51,12,203.00,2436.00
13761,13762,2022121403000460,HIDCL,17,58,2,166.00,332.00
13762,13763,2022121403000459,MLBL,44,49,90,339.00,30510.00
13763,13764,2022121403000458,NICLBSL,20,34,10,710.00,7100.00
13764,13765,2022121404000452,RADHI,42,58,50,218.00,10900.00
13765,13766,2022121404000451,RADHI,42,19,16,218.00,3488.00
13766,13767,2022121404000450,UMHL,42,17,25,225.00,5625.00
13767,13768,2022121401001016,PPL,57,49,10,200.00,2000.00
13768,13769,2022121401001015,NABIL,1,45,10,814.00,8140.00
13769,13770,2022121401001014,PPL,57,45,10,200.00,2000.00
13770,13771,2022121401001013,PPL,57,49,10,200.00,2000.00
13771,13772,2022121401001012,PPL,57,57,10,200.00,2000.00
13772,13773,2022121401001011,PPL,57,49,10,200.00,2000.00
13773,13774,2022121403000457,HIDCL,57,58,10,166.00,1660.00
13774,13775,2022121403000456,HIDCL,57,19,190,166.00,31540.00
13775,13776,2022121403000455,SMFDB,34,20,30,1210.00,36300.00
13776,13777,2022121403000454,NRIC,41,6,178,702.00,124956.00
13777,13778,2022121403000453,NRIC,41,38,22,701.00,15422.00
13778,13779,2022121404000449,RHPL,3,17,40,236.10,9444.00
13779,13780,2022121404000448,STC,28,40,50,3580.00,179000.00
13780,13781,2022121401001010,GBIME,41,58,40,209.50,8380.00
13781,13782,2022121404000447,API,14,19,142,209.00,29678.00
13782,13783,2022121401001009,CBL,28,5,530,211.50,112095.00
13783,13784,2022121405000171,SLI,57,3,10,339.00,3390.00
13784,13785,2022121405000170,SLI,57,1,10,338.60,3386.00
13785,13786,2022121401001008,SGHC,25,47,1000,260.00,260000.00
13786,13787,2022121401001007,SGHC,25,22,10,257.00,2570.00
13787,13788,2022121401001006,SGHC,25,57,10,257.00,2570.00
13788,13789,2022121401001005,SGHC,25,39,10,257.00,2570.00
13789,13790,2022121401001004,SGHC,25,38,10,257.00,2570.00
13790,13791,2022121401001003,SGHC,25,58,10,256.50,2565.00
13791,13792,2022121401001002,SGHC,25,45,10,256.50,2565.00
13792,13793,2022121401001001,SGHC,25,45,100,256.40,25640.00
13793,13794,2022121403000452,NTC,59,38,48,910.00,43680.00
13794,13795,2022121403000451,NTC,59,49,12,910.00,10920.00
13795,13796,2022121403000450,NTC,59,38,20,910.00,18200.00
13796,13797,2022121403000449,NTC,59,38,400,910.00,364000.00
13797,13798,2022121403000448,NTC,59,41,10,910.00,9100.00
13798,13799,2022121403000447,NTC,59,32,100,910.00,91000.00
13799,13800,2022121403000446,NTC,59,5,10,910.00,9100.00
13800,13801,2022121403000445,SHINE,56,41,250,332.00,83000.00
13801,13802,2022121405000169,SAHAS,45,58,10,450.00,4500.00
13802,13803,2022121405000168,SAHAS,45,6,10,450.00,4500.00
13803,13804,2022121403000444,NIFRA,51,53,20,186.00,3720.00
13804,13805,2022121403000443,MPFL,3,21,1000,302.00,302000.00
13805,13806,2022121403000442,HIDCL,57,53,27,165.50,4468.50
13806,13807,2022121403000441,HIDCL,57,48,311,165.50,51470.50
13807,13808,2022121403000440,SKBBL,57,47,27,1100.00,29700.00
13808,13809,2022121403000439,SKBBL,58,47,12,1100.00,13200.00
13809,13810,2022121403000438,SKBBL,21,47,200,1100.00,220000.00
13810,13811,2022121403000437,SKBBL,34,47,90,1100.00,99000.00
13811,13812,2022121403000436,SKBBL,26,47,20,1100.00,22000.00
13812,13813,2022121403000435,SKBBL,22,47,200,1100.10,220020.00
13813,13814,2022121403000434,SKBBL,21,47,100,1100.10,110010.00
13814,13815,2022121403000433,SKBBL,22,47,200,1100.20,220040.00
13815,13816,2022121403000432,SKBBL,19,47,30,1100.30,33009.00
13816,13817,2022121403000431,SKBBL,48,47,21,1105.00,23205.00
13817,13818,2022121403000430,SKBBL,28,47,100,1105.00,110500.00
13818,13819,2022121403000429,SKBBL,44,47,100,1106.00,110600.00
13819,13820,2022121403000428,SKBBL,34,47,100,1107.00,110700.00
13820,13821,2022121401001000,BHDC,45,58,5,350.00,1750.00
13821,13822,2022121401000999,BHDC,45,19,25,350.00,8750.00
13822,13823,2022121404000446,RADHI,28,58,10,217.00,2170.00
13823,13824,2022121405000167,SLI,57,57,10,338.00,3380.00
13824,13825,2022121405000166,SLI,57,17,10,337.80,3378.00
13825,13826,2022121405000165,SLI,57,57,10,336.70,3367.00
13826,13827,2022121404000445,CHL,58,20,130,205.00,26650.00
13827,13828,2022121404000444,CHL,58,46,370,205.00,75850.00
13828,13829,2022121403000427,NMFBS,41,1,40,2001.10,80044.00
13829,13830,2022121401000998,HHL,38,38,10,212.30,2123.00
13830,13831,2022121403000426,NTC,7,14,50,910.00,45500.00
13831,13832,2022121404000443,SJCL,16,36,400,229.70,91880.00
13832,13833,2022121404000442,SJCL,16,16,100,229.60,22960.00
13833,13834,2022121401000997,SHIVM,49,6,30,546.00,16380.00
13834,13835,2022121401000996,CYCL,34,58,10,2486.20,24862.00
13835,13836,2022121403000425,CHDC,41,56,80,647.60,51808.00
13836,13837,2022121404000441,JOSHI,39,29,130,185.00,24050.00
13837,13838,2022121404000440,JOSHI,21,29,70,185.00,12950.00
13838,13839,2022121401000995,NABIL,26,19,30,813.90,24417.00
13839,13840,2022121404000439,RIDI,34,38,100,488.00,48800.00
13840,13841,2022121401000994,SHIVM,52,6,150,546.00,81900.00
13841,13842,2022121404000438,RIDI,43,38,55,488.00,26840.00
13842,13843,2022121401000993,UHEWA,47,34,10,350.70,3507.00
13843,13844,2022121401000992,RHGCL,41,53,20,206.00,4120.00
13844,13845,2022121402000817,EHPL,5,42,10,237.60,2376.00
13845,13846,2022121403000424,NIFRA,1,58,54,185.00,9990.00
13846,13847,2022121405000164,JALPA,39,1,10,3350.00,33500.00
13847,13848,2022121405000163,SLI,57,6,10,335.00,3350.00
13848,13849,2022121404000437,RIDI,43,59,45,487.90,21955.50
13849,13850,2022121403000423,NTC,44,35,70,909.00,63630.00
13850,13851,2022121405000162,SLI,57,35,10,335.00,3350.00
13851,13852,2022121405000161,SLI,57,58,10,335.00,3350.00
13852,13853,2022121405000160,SLI,57,22,10,335.00,3350.00
13853,13854,2022121405000159,SLI,57,49,10,335.00,3350.00
13854,13855,2022121405000158,SLI,57,6,10,335.00,3350.00
13855,13856,2022121405000157,SLI,57,6,10,335.00,3350.00
13856,13857,2022121405000156,SLI,57,6,10,335.00,3350.00
13857,13858,2022121405000155,SLI,57,6,10,335.00,3350.00
13858,13859,2022121405000154,SLI,57,6,10,335.00,3350.00
13859,13860,2022121405000153,SLI,57,6,10,335.00,3350.00
13860,13861,2022121401000991,PPL,50,16,10,199.90,1999.00
13861,13862,2022121405000152,SLI,55,57,10,334.00,3340.00
13862,13863,2022121405000151,SLI,55,21,10,334.00,3340.00
13863,13864,2022121401000990,NBL,1,14,10,276.00,2760.00
13864,13865,2022121404000436,GHL,33,56,15,193.00,2895.00
13865,13866,2022121401000989,HDL,38,57,12,3835.00,46020.00
13866,13867,2022121401000988,SGHC,34,58,10,256.00,2560.00
13867,13868,2022121404000435,UPCL,22,58,10,216.00,2160.00
13868,13869,2022121405000150,MBJC,47,6,10,208.40,2084.00
13869,13870,2022121404000434,UMHL,57,49,50,226.00,11300.00
13870,13871,2022121404000433,API,34,38,110,208.00,22880.00
13871,13872,2022121401000987,SRD80,17,17,500,990.00,495000.00
13872,13873,2022121404000432,RIDI,52,59,50,487.90,24395.00
13873,13874,2022121401000986,HDL,11,57,10,3835.00,38350.00
13874,13875,2022121401000985,NBL,57,14,16,276.00,4416.00
13875,13876,2022121401000984,NBL,57,4,162,276.00,44712.00
13876,13877,2022121401000983,MEGA,38,49,50,195.00,9750.00
13877,13878,2022121401000982,MEGA,38,48,45,195.00,8775.00
13878,13879,2022121401000981,SHIVM,28,6,200,546.00,109200.00
13879,13880,2022121401000980,NABIL,26,48,176,813.60,143193.60
13880,13881,2022121403000422,NRIC,35,38,14,701.00,9814.00
13881,13882,2022121403000421,NRIC,35,4,26,701.00,18226.00
13882,13883,2022121403000420,NRIC,35,6,30,700.90,21027.00
13883,13884,2022121403000419,NRIC,35,42,30,700.00,21000.00
13884,13885,2022121404000431,API,34,51,16,208.00,3328.00
13885,13886,2022121404000430,RHPL,16,57,500,239.70,119850.00
13886,13887,2022121401000979,RFPL,49,57,10,223.10,2231.00
13887,13888,2022121401000978,SGHC,34,39,10,255.00,2550.00
13888,13889,2022121401000977,SGHC,34,58,10,254.00,2540.00
13889,13890,2022121405000149,SLI,57,56,10,333.00,3330.00
13890,13891,2022121401000976,CZBIL,14,29,200,180.00,36000.00
13891,13892,2022121403000418,HIDCL,10,45,90,165.30,14877.00
13892,13893,2022121401000975,NABIL,1,48,10,813.60,8136.00
13893,13894,2022121401000974,UHEWA,41,58,10,350.00,3500.00
13894,13895,2022121401000973,UHEWA,41,58,10,350.00,3500.00
13895,13896,2022121401000972,UHEWA,41,39,10,350.00,3500.00
13896,13897,2022121403000417,GRDBL,19,16,50,229.50,11475.00
13897,13898,2022121401000971,NESDO,28,34,10,3290.00,32900.00
13898,13899,2022121403000416,NIFRA,1,49,40,185.00,7400.00
13899,13900,2022121403000415,HIDCL,34,45,100,165.30,16530.00
13900,13901,2022121404000429,UPCL,22,58,20,216.00,4320.00
13901,13902,2022121403000414,SMFDB,20,52,27,1205.00,32535.00
13902,13903,2022121405000148,SLI,57,58,10,333.00,3330.00
13903,13904,2022121405000147,SLI,57,45,10,332.50,3325.00
13904,13905,2022121401000970,HHL,22,49,10,212.00,2120.00
13905,13906,2022121404000428,UPPER,38,38,24,390.10,9362.40
13906,13907,2022121401000969,NABIL,21,32,17,813.00,13821.00
13907,13908,2022121401000968,CYCL,34,21,10,2486.20,24862.00
13908,13909,2022121401000967,NABIL,45,48,50,813.00,40650.00
13909,13910,2022121401000966,NABIL,45,49,10,813.00,8130.00
13910,13911,2022121401000965,NABIL,45,6,160,813.00,130080.00
13911,13912,2022121405000146,SLI,44,8,10,331.00,3310.00
13912,13913,2022121404000427,RHPL,19,3,1000,238.00,238000.00
13913,13914,2022121401000964,MEGA,46,48,10,195.00,1950.00
13914,13915,2022121401000963,GVL,22,48,10,309.00,3090.00
13915,13916,2022121401000962,GVL,22,3,190,309.00,58710.00
13916,13917,2022121404000426,UPPER,25,48,34,390.00,13260.00
13917,13918,2022121403000413,RLFL,46,36,25,296.00,7400.00
13918,13919,2022121403000412,NTC,14,35,10,909.00,9090.00
13919,13920,2022121403000411,NTC,41,58,10,910.00,9100.00
13920,13921,2022121404000425,BARUN,13,51,10,203.00,2030.00
13921,13922,2022121404000424,RIDI,56,59,200,487.90,97580.00
13922,13923,2022121404000423,UPPER,55,38,16,390.10,6241.60
13923,13924,2022121401000961,SIKLES,34,32,10,375.00,3750.00
13924,13925,2022121404000422,RHPL,19,22,40,239.00,9560.00
13925,13926,2022121404000421,RHPL,19,18,100,239.00,23900.00
13926,13927,2022121404000420,HDHPC,44,33,500,176.40,88200.00
13927,13928,2022121404000419,HDHPC,44,28,500,176.40,88200.00
13928,13929,2022121404000418,HDHPC,44,16,1500,176.40,264600.00
13929,13930,2022121404000417,HDHPC,44,55,300,176.40,52920.00
13930,13931,2022121404000416,HDHPC,44,55,500,176.40,88200.00
13931,13932,2022121404000415,HDHPC,44,50,475,176.30,83742.50
13932,13933,2022121404000414,HDHPC,44,33,1000,176.30,176300.00
13933,13934,2022121404000413,HDHPC,44,8,210,176.00,36960.00
13934,13935,2022121404000412,HDHPC,44,49,1000,176.00,176000.00
13935,13936,2022121404000411,HDHPC,44,17,500,176.00,88000.00
13936,13937,2022121404000410,HDHPC,44,36,100,175.00,17500.00
13937,13938,2022121404000409,HDHPC,44,21,100,175.00,17500.00
13938,13939,2022121404000408,HDHPC,44,48,175,175.00,30625.00
13939,13940,2022121404000407,UPCL,22,36,50,215.00,10750.00
13940,13941,2022121401000960,RHGCL,41,36,10,206.00,2060.00
13941,13942,2022121403000410,PFL,38,34,50,326.00,16300.00
13942,13943,2022121402000816,PHCL,4,48,10,270.00,2700.00
13943,13944,2022121401000959,BHL,28,52,20,249.80,4996.00
13944,13945,2022121404000406,API,58,38,264,207.30,54727.20
13945,13946,2022121404000405,API,25,38,10,207.30,2073.00
13946,13947,2022121404000404,API,50,38,100,207.40,20740.00
13947,13948,2022121404000403,API,50,38,100,207.50,20750.00
13948,13949,2022121404000402,API,45,38,50,207.50,10375.00
13949,13950,2022121404000401,API,48,38,330,208.00,68640.00
13950,13951,2022121401000958,BHDC,45,57,10,344.00,3440.00
13951,13952,2022121403000409,RSDC,5,33,10,531.90,5319.00
13952,13953,2022121404000400,AKPL,20,19,12,345.00,4140.00
13953,13954,2022121404000399,SHPC,17,40,300,271.00,81300.00
13954,13955,2022121403000408,MFIL,58,49,119,417.00,49623.00
13955,13956,2022121401000957,PPL,50,36,10,199.90,1999.00
13956,13957,2022121404000398,UPCL,38,36,50,215.00,10750.00
13957,13958,2022121401000956,NCCB,14,28,690,183.00,126270.00
13958,13959,2022121401000955,NCCB,14,42,1000,182.90,182900.00
13959,13960,2022121401000954,NCCB,14,34,100,182.80,18280.00
13960,13961,2022121401000953,NCCB,14,18,27,182.00,4914.00
13961,13962,2022121403000407,CBBL,16,44,50,1108.00,55400.00
13962,13963,2022121402000815,EHPL,5,42,10,237.60,2376.00
13963,13964,2022121403000406,NMFBS,50,38,100,2001.00,200100.00
13964,13965,2022121404000397,RHPL,19,41,1125,238.00,267750.00
13965,13966,2022121405000145,SAHAS,56,42,10,450.00,4500.00
13966,13967,2022121405000144,SAHAS,56,4,10,450.00,4500.00
13967,13968,2022121404000396,BPCL,1,49,60,302.00,18120.00
13968,13969,2022121404000395,UPPER,55,26,34,390.10,13263.40
13969,13970,2022121404000394,UPCL,22,36,400,215.00,86000.00
13970,13971,2022121401000952,MEGA,1,4,200,194.00,38800.00
13971,13972,2022121404000393,HDHPC,44,38,190,174.00,33060.00
13972,13973,2022121403000405,GUFL,57,51,10,520.00,5200.00
13973,13974,2022121404000392,RIDI,49,59,20,487.90,9758.00
13974,13975,2022121404000391,RIDI,49,3,90,487.00,43830.00
13975,13976,2022121401000951,NBL,49,22,10,275.00,2750.00
13976,13977,2022121403000404,NADEP,37,44,13,670.00,8710.00
13977,13978,2022121401000950,PRVU,42,50,100,200.00,20000.00
13978,13979,2022121401000949,NABIL,1,6,10,813.00,8130.00
13979,13980,2022121403000403,NTC,45,14,10,907.00,9070.00
13980,13981,2022121403000402,NTC,45,48,17,907.00,15419.00
13981,13982,2022121404000390,UPCL,10,38,50,214.00,10700.00
13982,13983,2022121401000948,SGHC,34,36,10,251.90,2519.00
13983,13984,2022121405000143,SLI,55,29,10,330.10,3301.00
13984,13985,2022121401000947,BHL,28,50,10,254.80,2548.00
13985,13986,2022121401000946,BHL,28,11,10,254.80,2548.00
13986,13987,2022121402000814,PHCL,58,19,10,270.00,2700.00
13987,13988,2022121402000813,PHCL,58,58,10,270.00,2700.00
13988,13989,2022121401000945,BHDC,45,58,10,349.00,3490.00
13989,13990,2022121401000944,BHDC,45,19,10,349.00,3490.00
13990,13991,2022121401000943,BHDC,45,54,10,349.00,3490.00
13991,13992,2022121402000812,PHCL,58,14,10,270.00,2700.00
13992,13993,2022121402000811,EHPL,34,34,5,233.30,1166.50
13993,13994,2022121403000401,CIT,38,35,10,1855.50,18555.00
13994,13995,2022121404000389,GHL,26,56,85,193.00,16405.00
13995,13996,2022121403000400,NIFRA,56,58,4,181.30,725.20
13996,13997,2022121401000942,NBL,57,45,22,274.50,6039.00
13997,13998,2022121403000399,SMFDB,20,52,23,1205.00,27715.00
13998,13999,2022121404000388,SPDL,47,58,83,259.90,21571.70
13999,14000,2022121404000387,API,48,43,13,208.00,2704.00
14000,14001,2022121404000386,AKPL,38,1,350,344.00,120400.00
14001,14002,2022121404000385,NBF2,10,45,100,8.18,818.00
14002,14003,2022121405000142,JBLB,59,48,10,2720.00,27200.00
14003,14004,2022121404000384,BPCL,38,49,20,302.00,6040.00
14004,14005,2022121404000383,SHL,45,28,250,219.00,54750.00
14005,14006,2022121404000382,NGPL,33,58,100,208.00,20800.00
14006,14007,2022121401000941,GBIME,4,5,15,209.10,3136.50
14007,14008,2022121405000141,MKJC,45,55,27,397.00,10719.00
14008,14009,2022121401000940,RHGCL,32,35,10,207.00,2070.00
14009,14010,2022121401000939,RHGCL,32,34,10,207.00,2070.00
14010,14011,2022121401000938,RHGCL,32,32,10,207.00,2070.00
14011,14012,2022121405000140,SLI,41,49,10,331.00,3310.00
14012,14013,2022121403000398,NTC,45,38,40,905.00,36200.00
14013,14014,2022121401000937,RFPL,28,29,10,227.00,2270.00
14014,14015,2022121403000397,NIFRA,1,39,54,185.00,9990.00
14015,14016,2022121404000381,BPCL,1,49,56,302.00,16912.00
14016,14017,2022121401000936,RFPL,49,49,10,223.50,2235.00
14017,14018,2022121401000935,NABIL,26,1,71,812.50,57687.50
14018,14019,2022121401000934,NABIL,26,19,80,812.40,64992.00
14019,14020,2022121401000933,USHEC,10,46,10,248.20,2482.00
14020,14021,2022121403000396,MLBL,58,57,200,344.00,68800.00
14021,14022,2022121403000395,NIFRA,1,29,20,185.00,3700.00
14022,14023,2022121403000394,NRN,46,48,10,400.00,4000.00
14023,14024,2022121401000932,MHL,56,38,10,307.90,3079.00
14024,14025,2022121402000810,PHCL,44,47,10,270.00,2700.00
14025,14026,2022121402000809,PHCL,44,59,10,270.00,2700.00
14026,14027,2022121402000808,PHCL,44,55,10,270.00,2700.00
14027,14028,2022121401000931,MEGA,41,45,60,193.80,11628.00
14028,14029,2022121404000380,NICSF,29,29,100,7.72,772.00
14029,14030,2022121402000807,PHCL,44,59,10,270.00,2700.00
14030,14031,2022121402000806,PHCL,44,8,10,270.00,2700.00
14031,14032,2022121402000805,PHCL,44,49,10,270.00,2700.00
14032,14033,2022121402000804,PHCL,44,34,10,270.00,2700.00
14033,14034,2022121402000803,PHCL,44,49,10,270.00,2700.00
14034,14035,2022121402000802,PHCL,44,22,10,270.00,2700.00
14035,14036,2022121402000801,PHCL,44,37,10,270.00,2700.00
14036,14037,2022121404000379,NIL,38,57,10,723.90,7239.00
14037,14038,2022121404000378,NGPL,42,58,167,208.00,34736.00
14038,14039,2022121404000377,NGPL,42,58,10,208.00,2080.00
14039,14040,2022121404000376,NGPL,42,58,123,207.50,25522.50
14040,14041,2022121403000393,NLIC,59,26,35,605.10,21178.50
14041,14042,2022121401000930,AVYAN,40,58,10,695.00,6950.00
14042,14043,2022121403000392,NLIC,57,40,100,607.00,60700.00
14043,14044,2022121401000929,NIB,1,13,50,218.00,10900.00
14044,14045,2022121405000139,JBLB,45,1,14,2715.00,38010.00
14045,14046,2022121404000375,SICL,21,40,26,767.00,19942.00
14046,14047,2022121404000374,SICL,38,40,10,768.00,7680.00
14047,14048,2022121403000391,NTC,49,32,90,905.00,81450.00
14048,14049,2022121403000390,NTC,49,14,10,904.00,9040.00
14049,14050,2022121401000928,CCBL,44,50,3000,188.00,564000.00
14050,14051,2022121401000927,CCBL,44,48,15,188.00,2820.00
14051,14052,2022121404000373,NGPL,45,58,500,206.00,103000.00
14052,14053,2022121401000926,KBL,49,45,195,186.00,36270.00
14053,14054,2022121403000389,HIDCL,56,45,60,165.30,9918.00
14054,14055,2022121405000138,SLI,41,58,10,331.00,3310.00
14055,14056,2022121402000800,PHCL,43,16,10,270.00,2700.00
14056,14057,2022121401000925,SHIVM,25,58,30,545.00,16350.00
14057,14058,2022121402000799,EHPL,34,34,5,233.30,1166.50
14058,14059,2022121401000924,GIBF1,8,1,200,7.85,1570.00
14059,14060,2022121403000388,NTC,45,34,75,902.00,67650.00
14060,14061,2022121404000372,SHPC,32,26,475,270.00,128250.00
14061,14062,2022121404000371,SHL,19,43,120,219.80,26376.00
14062,14063,2022121401000923,CBL,14,59,1000,211.50,211500.00
14063,14064,2022121404000370,RHPL,19,19,80,237.00,18960.00
14064,14065,2022121404000369,IGI,26,47,69,365.00,25185.00
14065,14066,2022121404000368,SICL,54,13,20,770.00,15400.00
14066,14067,2022121401000922,GBIME,58,41,71,209.00,14839.00
14067,14068,2022121401000921,GBIME,58,41,10,209.00,2090.00
14068,14069,2022121401000920,GBIME,5,41,100,209.10,20910.00
14069,14070,2022121401000919,GBIME,28,41,19,209.10,3972.90
14070,14071,2022121403000387,NIFRA,1,52,32,185.00,5920.00
14071,14072,2022121401000918,NICA,55,33,10,686.00,6860.00
14072,14073,2022121402000798,EHPL,5,56,10,237.60,2376.00
14073,14074,2022121403000386,NIFRA,19,39,17,186.00,3162.00
14074,14075,2022121403000385,NIFRA,19,58,56,186.00,10416.00
14075,14076,2022121403000384,NIFRA,19,29,50,186.00,9300.00
14076,14077,2022121403000383,NIFRA,19,41,54,186.00,10044.00
14077,14078,2022121403000382,NIFRA,19,58,13,186.00,2418.00
14078,14079,2022121403000381,GLBSL,43,35,30,775.00,23250.00
14079,14080,2022121401000917,RHGCL,32,49,10,206.00,2060.00
14080,14081,2022121402000797,EHPL,5,56,10,237.60,2376.00
14081,14082,2022121401000916,HHL,28,38,10,211.10,2111.00
14082,14083,2022121404000367,RHPL,19,26,200,236.00,47200.00
14083,14084,2022121403000380,NLIC,21,40,500,607.00,303500.00
14084,14085,2022121403000379,NTC,41,26,10,902.00,9020.00
14085,14086,2022121403000378,NTC,41,16,10,900.00,9000.00
14086,14087,2022121403000377,NIFRA,1,29,10,185.00,1850.00
14087,14088,2022121404000366,SHPC,6,26,25,270.00,6750.00
14088,14089,2022121403000376,MFIL,35,46,13,416.00,5408.00
14089,14090,2022121403000375,MFIL,7,46,50,416.00,20800.00
14090,14091,2022121401000915,KDBY,51,1,100,8.00,800.00
14091,14092,2022121401000914,PPL,50,46,10,199.90,1999.00
14092,14093,2022121404000365,SHL,45,34,200,219.00,43800.00
14093,14094,2022121404000364,UMHL,38,38,3,225.00,675.00
14094,14095,2022121403000374,CORBL,58,28,10,270.00,2700.00
14095,14096,2022121401000913,UHEWA,33,29,10,346.10,3461.00
14096,14097,2022121401000912,NICA,55,33,10,686.00,6860.00
14097,14098,2022121403000373,NRIC,21,42,490,700.00,343000.00
14098,14099,2022121403000372,NRIC,21,33,10,700.00,7000.00
14099,14100,2022121404000363,UPPER,25,49,30,390.00,11700.00
14100,14101,2022121404000362,UPPER,19,49,20,390.00,7800.00
14101,14102,2022121404000361,API,48,6,183,208.00,38064.00
14102,14103,2022121403000371,NIFRA,1,38,254,185.00,46990.00
14103,14104,2022121401000911,RHGCL,45,56,10,204.70,2047.00
14104,14105,2022121402000796,PHCL,45,58,10,270.00,2700.00
14105,14106,2022121402000795,PHCL,45,35,10,270.00,2700.00
14106,14107,2022121402000794,PHCL,45,48,10,270.00,2700.00
14107,14108,2022121402000793,PHCL,45,14,10,270.00,2700.00
14108,14109,2022121402000792,PHCL,45,1,10,270.00,2700.00
14109,14110,2022121405000137,MBJC,47,6,10,208.40,2084.00
14110,14111,2022121401000910,SIKLES,34,34,10,375.00,3750.00
14111,14112,2022121405000136,SLI,22,50,10,330.00,3300.00
14112,14113,2022121405000135,SAHAS,56,58,10,447.60,4476.00
14113,14114,2022121401000909,NICFC,29,1,100,7.71,771.00
14114,14115,2022121403000370,NRIC,43,33,20,700.00,14000.00
14115,14116,2022121403000369,NRIC,43,47,10,700.00,7000.00
14116,14117,2022121403000368,NRIC,43,53,100,699.90,69990.00
14117,14118,2022121403000367,NRIC,43,14,70,699.00,48930.00
14118,14119,2022121401000908,GVL,44,38,10,304.20,3042.00
14119,14120,2022121402000791,EHPL,5,49,10,237.60,2376.00
14120,14121,2022121404000360,API,48,35,30,208.00,6240.00
14121,14122,2022121401000907,NABIL,42,1,58,812.50,47125.00
14122,14123,2022121401000906,SHIVM,42,58,20,545.00,10900.00
14123,14124,2022121401000905,PPL,42,46,10,200.20,2002.00
14124,14125,2022121401000904,BHDC,45,11,10,344.00,3440.00
14125,14126,2022121402000790,PHCL,32,35,10,270.00,2700.00
14126,14127,2022121402000789,PHCL,32,38,10,270.00,2700.00
14127,14128,2022121402000788,PHCL,32,38,10,270.00,2700.00
14128,14129,2022121402000787,PHCL,32,45,10,270.00,2700.00
14129,14130,2022121402000786,PHCL,32,49,10,270.00,2700.00
14130,14131,2022121402000785,PHCL,32,35,10,270.00,2700.00
14131,14132,2022121402000784,PHCL,32,53,10,270.00,2700.00
14132,14133,2022121402000783,PHCL,32,19,10,270.00,2700.00
14133,14134,2022121402000782,PHCL,32,16,10,270.00,2700.00
14134,14135,2022121403000366,LLBS,1,26,10,1026.00,10260.00
14135,14136,2022121402000781,PHCL,32,6,10,270.00,2700.00
14136,14137,2022121403000365,SMFDB,20,52,50,1205.00,60250.00
14137,14138,2022121401000903,DORDI,16,58,10,230.00,2300.00
14138,14139,2022121401000902,DORDI,16,49,10,230.00,2300.00
14139,14140,2022121401000901,NIB,11,49,118,219.00,25842.00
14140,14141,2022121404000359,UMHL,42,29,89,225.00,20025.00
14141,14142,2022121401000900,GVL,44,49,10,304.20,3042.00
14142,14143,2022121403000364,CORBL,58,28,50,270.00,13500.00
14143,14144,2022121401000899,LBL,14,20,102,191.60,19543.20
14144,14145,2022121401000898,CBL,22,16,300,212.50,63750.00
14145,14146,2022121403000363,CBBL,32,58,8,1106.00,8848.00
14146,14147,2022121404000358,RBCL,14,49,10,12650.00,126500.00
14147,14148,2022121404000357,RBCL,14,49,10,12625.00,126250.00
14148,14149,2022121404000356,RBCL,14,47,10,12624.00,126240.00
14149,14150,2022121401000897,CCBL,41,32,200,187.00,37400.00
14150,14151,2022121401000896,SHIVM,19,58,50,545.00,27250.00
14151,14152,2022121403000362,NLIC,58,40,17,607.00,10319.00
14152,14153,2022121402000780,EHPL,5,41,10,237.60,2376.00
14153,14154,2022121401000895,CCBL,44,50,2000,187.20,374400.00
14154,14155,2022121401000894,SCB,46,51,65,401.00,26065.00
14155,14156,2022121403000361,NTC,58,3,872,896.50,781748.00
14156,14157,2022121403000360,NTC,42,3,25,897.00,22425.00
14157,14158,2022121401000893,NICA,55,33,10,686.00,6860.00
14158,14159,2022121401000892,BHDC,47,6,10,343.50,3435.00
14159,14160,2022121401000891,LBL,19,20,108,191.70,20703.60
14160,14161,2022121401000890,SANIMA,50,56,500,223.00,111500.00
14161,14162,2022121401000889,SANIMA,50,56,50,223.00,11150.00
14162,14163,2022121403000359,GFCL,48,51,80,444.00,35520.00
14163,14164,2022121405000134,SLI,17,13,10,331.00,3310.00
14164,14165,2022121404000355,NGPL,41,58,1000,206.00,206000.00
14165,14166,2022121404000354,NGPL,21,58,100,206.00,20600.00
14166,14167,2022121404000353,NGPL,21,58,10,206.00,2060.00
14167,14168,2022121405000133,SLI,17,50,10,331.00,3310.00
14168,14169,2022121401000888,PCBL,41,54,50,224.00,11200.00
14169,14170,2022121401000887,NABIL,26,1,21,812.50,17062.50
14170,14171,2022121401000886,PRVU,6,21,100,200.00,20000.00
14171,14172,2022121404000352,NIL,28,57,10,723.90,7239.00
14172,14173,2022121402000779,EHPL,5,46,10,237.60,2376.00
14173,14174,2022121404000351,BPCL,34,49,100,302.00,30200.00
14174,14175,2022121404000350,UMHL,38,29,11,225.00,2475.00
14175,14176,2022121401000885,PPL,42,41,10,200.20,2002.00
14176,14177,2022121405000132,MLBS,58,34,10,983.10,9831.00
14177,14178,2022121404000349,PMHPL,53,35,50,190.00,9500.00
14178,14179,2022121405000131,MBJC,47,58,10,208.40,2084.00
14179,14180,2022121401000884,KBL,49,35,15,186.00,2790.00
14180,14181,2022121403000358,MPFL,34,33,33,302.00,9966.00
14181,14182,2022121401000883,GBIME,28,53,81,209.10,16937.10
14182,14183,2022121401000882,GBIME,58,53,100,209.10,20910.00
14183,14184,2022121401000881,GBIME,8,53,100,209.20,20920.00
14184,14185,2022121401000880,GBIME,53,53,19,209.20,3974.80
14185,14186,2022121401000879,GBIME,59,53,200,209.20,41840.00
14186,14187,2022121401000878,NICA,55,13,10,684.10,6841.00
14187,14188,2022121401000877,CBL,8,5,15,212.00,3180.00
14188,14189,2022121401000876,CBL,8,4,75,212.00,15900.00
14189,14190,2022121402000778,EHPL,5,42,10,237.60,2376.00
14190,14191,2022121401000875,SANIMA,52,56,70,223.00,15610.00
14191,14192,2022121403000357,NLIC,44,45,158,605.00,95590.00
14192,14193,2022121403000356,NLIC,54,45,10,605.00,6050.00
14193,14194,2022121403000355,NLIC,40,45,10,605.00,6050.00
14194,14195,2022121403000354,NLIC,26,45,272,605.10,164587.20
14195,14196,2022121403000353,NLIC,49,45,50,605.20,30260.00
14196,14197,2022121404000348,API,48,6,144,208.00,29952.00
14197,14198,2022121404000347,API,21,6,44,208.00,9152.00
14198,14199,2022121404000346,API,3,6,12,208.00,2496.00
14199,14200,2022121401000874,RFPL,28,8,10,228.00,2280.00
14200,14201,2022121401000873,RHGCL,32,53,10,205.00,2050.00
14201,14202,2022121401000872,SIKLES,34,49,10,375.00,3750.00
14202,14203,2022121403000352,NIFRA,1,49,162,185.00,29970.00
14203,14204,2022121405000130,SLI,17,36,71,331.00,23501.00
14204,14205,2022121405000129,SLI,49,36,38,331.00,12578.00
14205,14206,2022121405000128,SLI,35,36,490,331.00,162190.00
14206,14207,2022121405000127,SLI,7,36,50,331.20,16560.00
14207,14208,2022121405000126,SLI,17,36,100,332.00,33200.00
14208,14209,2022121405000125,SLI,41,36,70,332.00,23240.00
14209,14210,2022121405000124,SLI,1,36,170,332.20,56474.00
14210,14211,2022121401000871,EBL,53,3,107,441.00,47187.00
14211,14212,2022121401000870,RFPL,49,46,10,223.10,2231.00
14212,14213,2022121401000869,GVL,44,11,10,304.20,3042.00
14213,14214,2022121401000868,NABIL,44,36,10,812.00,8120.00
14214,14215,2022121404000345,CHL,21,51,105,201.00,21105.00
14215,14216,2022121404000344,CHL,40,51,10,203.80,2038.00
14216,14217,2022121404000343,CHL,14,51,80,205.00,16400.00
14217,14218,2022121405000123,SAHAS,45,11,10,447.50,4475.00
14218,14219,2022121404000342,AKPL,38,32,47,344.10,16172.70
14219,14220,2022121402000777,EHPL,5,25,10,237.60,2376.00
14220,14221,2022121402000776,EHPL,5,58,10,237.60,2376.00
14221,14222,2022121401000867,CYCL,34,57,10,2486.20,24862.00
14222,14223,2022121401000866,EBL,54,3,120,441.00,52920.00
14223,14224,2022121402000775,PHCL,51,58,10,270.00,2700.00
14224,14225,2022121402000774,PHCL,51,32,10,270.00,2700.00
14225,14226,2022121402000773,PHCL,51,36,10,270.00,2700.00
14226,14227,2022121402000772,PHCL,51,45,10,270.00,2700.00
14227,14228,2022121402000771,PHCL,51,35,10,270.00,2700.00
14228,14229,2022121402000770,PHCL,51,46,10,270.00,2700.00
14229,14230,2022121402000769,PHCL,51,42,10,270.00,2700.00
14230,14231,2022121402000768,PHCL,51,47,10,270.00,2700.00
14231,14232,2022121402000767,PHCL,51,58,10,270.00,2700.00
14232,14233,2022121402000766,PHCL,51,49,10,270.00,2700.00
14233,14234,2022121401000865,BOKL,42,42,10,205.00,2050.00
14234,14235,2022121401000864,RHGCL,32,16,10,205.00,2050.00
14235,14236,2022121402000765,EHPL,5,42,10,237.60,2376.00
14236,14237,2022121402000764,PHCL,49,52,10,270.00,2700.00
14237,14238,2022121401000863,UHEWA,33,55,10,346.10,3461.00
14238,14239,2022121403000351,NTC,41,16,10,900.00,9000.00
14239,14240,2022121401000862,HDL,57,7,10,3830.00,38300.00
14240,14241,2022121402000763,EHPL,5,38,10,237.60,2376.00
14241,14242,2022121401000861,SGHC,34,16,10,251.90,2519.00
14242,14243,2022121401000860,SIKLES,34,41,10,375.00,3750.00
14243,14244,2022121404000341,OHL,38,28,135,498.00,67230.00
14244,14245,2022121404000340,OHL,38,58,200,498.00,99600.00
14245,14246,2022121404000339,OHL,38,25,20,497.00,9940.00
14246,14247,2022121404000338,OHL,38,53,95,495.00,47025.00
14247,14248,2022121404000337,OHL,38,21,50,494.00,24700.00
14248,14249,2022121402000762,PHCL,49,1,10,270.00,2700.00
14249,14250,2022121404000336,UMHL,45,38,11,224.10,2465.10
14250,14251,2022121401000859,HDL,38,33,83,3815.00,316645.00
14251,14252,2022121401000858,HDL,35,33,10,3815.00,38150.00
14252,14253,2022121401000857,HDL,10,33,40,3815.50,152620.00
14253,14254,2022121401000856,HDL,21,33,20,3816.00,76320.00
14254,14255,2022121401000855,HDL,21,33,10,3817.00,38170.00
14255,14256,2022121401000854,HDL,51,33,25,3820.00,95500.00
14256,14257,2022121404000335,SSHL,36,51,500,169.10,84550.00
14257,14258,2022121404000334,SIL,8,44,1,475.30,475.30
14258,14259,2022121405000122,SLI,41,58,10,332.00,3320.00
14259,14260,2022121401000853,CBL,58,4,14,212.00,2968.00
14260,14261,2022121401000852,SIKLES,34,58,10,375.00,3750.00
14261,14262,2022121401000851,GVL,44,32,10,304.20,3042.00
14262,14263,2022121405000121,MKLB,32,34,10,820.10,8201.00
14263,14264,2022121403000350,PROFL,11,13,18,284.20,5115.60
14264,14265,2022121402000761,EHPL,5,38,10,237.60,2376.00
14265,14266,2022121401000850,CBL,38,4,100,212.00,21200.00
14266,14267,2022121402000760,EHPL,5,49,10,237.60,2376.00
14267,14268,2022121402000759,EHPL,5,58,10,237.60,2376.00
14268,14269,2022121401000849,NIB,22,39,15,219.00,3285.00
14269,14270,2022121401000848,RHGCL,32,53,10,205.00,2050.00
14270,14271,2022121404000333,RHPL,19,52,60,232.00,13920.00
14271,14272,2022121401000847,NESDO,28,39,10,3286.00,32860.00
14272,14273,2022121402000758,PHCL,4,53,10,270.00,2700.00
14273,14274,2022121401000846,NABIL,44,55,50,812.00,40600.00
14274,14275,2022121405000120,SLI,41,53,10,332.00,3320.00
14275,14276,2022121402000757,PHCL,42,19,10,270.00,2700.00
14276,14277,2022121402000756,PHCL,42,57,10,270.00,2700.00
14277,14278,2022121402000755,PHCL,42,47,10,270.00,2700.00
14278,14279,2022121401000845,EBL,49,3,10,442.00,4420.00
14279,14280,2022121401000844,GBIME,39,42,70,209.20,14644.00
14280,14281,2022121401000843,NIBPO,52,43,10,207.60,2076.00
14281,14282,2022121401000842,SGHC,25,38,10,256.00,2560.00
14282,14283,2022121401000841,SGHC,25,21,10,256.00,2560.00
14283,14284,2022121401000840,SGHC,25,21,10,256.00,2560.00
14284,14285,2022121401000839,SGHC,25,58,10,255.00,2550.00
14285,14286,2022121401000838,SGHC,25,56,10,255.00,2550.00
14286,14287,2022121401000837,SGHC,25,58,10,255.00,2550.00
14287,14288,2022121401000836,SGHC,25,49,10,254.00,2540.00
14288,14289,2022121401000835,SGHC,25,17,10,253.90,2539.00
14289,14290,2022121401000834,SGHC,25,42,10,252.00,2520.00
14290,14291,2022121401000833,USHEC,7,40,10,250.00,2500.00
14291,14292,2022121401000832,USHEC,7,58,10,250.00,2500.00
14292,14293,2022121401000831,GVL,58,1,10,304.10,3041.00
14293,14294,2022121404000332,NHPC,22,36,50,202.00,10100.00
14294,14295,2022121401000830,MHL,50,16,10,307.90,3079.00
14295,14296,2022121403000349,MNBBL,35,10,97,427.00,41419.00
14296,14297,2022121404000331,UPPER,57,51,250,390.00,97500.00
14297,14298,2022121405000119,RULB,17,55,10,880.00,8800.00
14298,14299,2022121401000829,SHIVM,5,16,85,543.00,46155.00
14299,14300,2022121401000828,SHIVM,38,16,21,543.10,11405.10
14300,14301,2022121404000330,AKPL,54,32,100,344.10,34410.00
14301,14302,2022121401000827,SCB,34,51,150,401.00,60150.00
14302,14303,2022121403000348,MLBSL,41,40,10,4020.00,40200.00
14303,14304,2022121401000826,GVL,1,3,10,309.00,3090.00
14304,14305,2022121401000825,NABIL,44,6,48,812.00,38976.00
14305,14306,2022121403000347,SMFDB,10,10,50,1205.00,60250.00
14306,14307,2022121401000824,NABIL,44,6,152,812.00,123424.00
14307,14308,2022121401000823,NABIL,44,55,200,812.00,162400.00
14308,14309,2022121401000822,NABIL,44,22,148,812.00,120176.00
14309,14310,2022121401000821,BHDC,47,47,10,343.50,3435.00
14310,14311,2022121403000346,NIFRA,42,49,108,185.00,19980.00
14311,14312,2022121405000118,BNHC,13,16,10,323.30,3233.00
14312,14313,2022121401000820,NIB,14,39,25,219.00,5475.00
14313,14314,2022121401000819,NBL,20,34,390,274.20,106938.00
14314,14315,2022121401000818,SGHC,34,58,10,251.90,2519.00
14315,14316,2022121401000817,PPL,56,21,10,202.90,2029.00
14316,14317,2022121403000345,MNBBL,35,38,100,427.00,42700.00
14317,14318,2022121403000344,MNBBL,35,51,53,425.00,22525.00
14318,14319,2022121404000329,HDHPC,58,25,100,174.90,17490.00
14319,14320,2022121404000328,AKJCL,42,35,50,168.00,8400.00
14320,14321,2022121404000327,SICL,38,58,10,768.00,7680.00
14321,14322,2022121401000816,BHL,19,33,90,259.90,23391.00
14322,14323,2022121405000117,MBJC,11,11,10,209.00,2090.00
14323,14324,2022121404000326,SPDL,38,49,17,260.00,4420.00
14324,14325,2022121404000325,CMF1,42,45,1000,7.70,7700.00
14325,14326,2022121403000343,ALICL,36,43,10,503.00,5030.00
14326,14327,2022121403000342,GBBL,35,48,136,382.00,51952.00
14327,14328,2022121401000815,NABIL,16,36,10,811.00,8110.00
14328,14329,2022121401000814,BHL,5,55,10,260.00,2600.00
14329,14330,2022121401000813,HDL,14,48,10,3838.00,38380.00
14330,14331,2022121405000116,MBJC,11,49,10,209.00,2090.00
14331,14332,2022121405000115,RULB,17,16,10,880.00,8800.00
14332,14333,2022121405000114,SAHAS,45,38,10,448.00,4480.00
14333,14334,2022121405000113,SLI,41,50,10,332.00,3320.00
14334,14335,2022121401000812,SPHL,35,49,10,350.00,3500.00
14335,14336,2022121401000811,BOKL,42,45,12,205.00,2460.00
14336,14337,2022121404000324,UMHL,39,44,500,224.00,112000.00
14337,14338,2022121401000810,HDL,55,34,10,3817.00,38170.00
14338,14339,2022121401000809,CBL,29,59,200,211.20,42240.00
14339,14340,2022121401000808,CBL,58,59,200,211.20,42240.00
14340,14341,2022121401000807,CBL,44,59,1400,211.30,295820.00
14341,14342,2022121401000806,CBL,44,59,1500,211.40,317100.00
14342,14343,2022121401000805,CBL,51,59,125,211.50,26437.50
14343,14344,2022121401000804,CBL,44,59,550,211.50,116325.00
14344,14345,2022121403000341,ILBS,42,40,10,864.00,8640.00
14345,14346,2022121403000340,ILBS,58,40,10,864.00,8640.00
14346,14347,2022121403000339,ILBS,43,40,14,864.00,12096.00
14347,14348,2022121401000803,NICFC,29,56,300,7.71,2313.00
14348,14349,2022121401000802,RHGCL,34,36,10,204.50,2045.00
14349,14350,2022121401000801,GVL,58,16,10,304.10,3041.00
14350,14351,2022121401000800,NABIL,21,36,50,811.00,40550.00
14351,14352,2022121401000799,NBL,49,34,10,275.00,2750.00
14352,14353,2022121401000798,USHEC,10,35,10,247.30,2473.00
14353,14354,2022121402000754,EHPL,5,4,10,237.60,2376.00
14354,14355,2022121401000797,UHEWA,33,58,10,346.10,3461.00
14355,14356,2022121404000323,SPDL,26,38,17,258.00,4386.00
14356,14357,2022121402000753,EHPL,5,4,10,237.60,2376.00
14357,14358,2022121403000338,GBBL,35,48,164,382.00,62648.00
14358,14359,2022121405000112,MBJC,11,46,10,209.00,2090.00
14359,14360,2022121403000337,RSDC,5,49,110,529.00,58190.00
14360,14361,2022121403000336,NLIC,26,36,228,605.10,137962.80
14361,14362,2022121403000335,NLIC,17,36,50,605.10,30255.00
14362,14363,2022121403000334,NLIC,51,36,24,605.10,14522.40
14363,14364,2022121403000333,NLIC,38,36,10,606.00,6060.00
14364,14365,2022121403000332,NLIC,34,36,30,606.00,18180.00
14365,14366,2022121404000322,SJCL,43,52,40,225.40,9016.00
14366,14367,2022121401000796,ULBSL,58,26,10,3390.30,33903.00
14367,14368,2022121404000321,NMB50,10,10,100,9.24,924.00
14368,14369,2022121401000795,UNL,22,38,10,18965.00,189650.00
14369,14370,2022121401000794,SIKLES,34,35,10,375.00,3750.00
14370,14371,2022121401000793,SPHL,35,52,10,350.00,3500.00
14371,14372,2022121401000792,CBL,57,59,425,212.00,90100.00
14372,14373,2022121401000791,CBL,14,59,506,212.00,107272.00
14373,14374,2022121405000111,NYADI,45,48,10,269.10,2691.00
14374,14375,2022121401000790,BHL,28,50,10,255.00,2550.00
14375,14376,2022121401000789,BHL,28,25,50,255.00,12750.00
14376,14377,2022121401000788,BHL,28,58,10,255.00,2550.00
14377,14378,2022121401000787,BHL,28,42,130,254.90,33137.00
14378,14379,2022121401000786,GBIME,39,40,27,209.20,5648.40
14379,14380,2022121405000110,JBLB,45,57,17,2715.00,46155.00
14380,14381,2022121404000320,BARUN,57,55,300,203.00,60900.00
14381,14382,2022121402000752,EHPL,5,42,10,237.60,2376.00
14382,14383,2022121403000331,CHDC,6,6,10,647.40,6474.00
14383,14384,2022121401000785,BOKL,14,45,488,205.00,100040.00
14384,14385,2022121401000784,BOKL,14,19,500,205.00,102500.00
14385,14386,2022121401000783,BOKL,14,19,12,205.00,2460.00
14386,14387,2022121404000319,RIDI,20,3,10,487.00,4870.00
14387,14388,2022121401000782,MEGA,59,35,56,193.70,10847.20
14388,14389,2022121401000781,MEGA,46,35,10,194.00,1940.00
14389,14390,2022121404000318,MEN,56,48,10,724.00,7240.00
14390,14391,2022121401000780,CBL,14,19,494,212.00,104728.00
14391,14392,2022121401000779,ADBL,45,38,50,314.00,15700.00
14392,14393,2022121401000778,NBL,13,34,100,275.00,27500.00
14393,14394,2022121404000317,UMHL,39,3,260,224.00,58240.00
14394,14395,2022121401000777,NABIL,55,21,20,810.00,16200.00
14395,14396,2022121401000776,CYCL,34,42,10,2486.20,24862.00
14396,14397,2022121405000109,MBJC,11,4,10,209.00,2090.00
14397,14398,2022121403000330,NTC,10,35,10,897.00,8970.00
14398,14399,2022121401000775,BHL,28,42,70,254.90,17843.00
14399,14400,2022121403000329,RSDC,34,58,460,526.00,241960.00
14400,14401,2022121403000328,RSDC,7,58,20,527.00,10540.00
14401,14402,2022121403000327,FMDBL,34,55,60,705.00,42300.00
14402,14403,2022121401000774,USHEC,10,6,10,248.00,2480.00
14403,14404,2022121404000316,UPPER,58,48,13,392.00,5096.00
14404,14405,2022121401000773,NABIL,50,21,10,810.00,8100.00
14405,14406,2022121403000326,SHINE,46,25,12,334.80,4017.60
14406,14407,2022121403000325,SHINE,46,6,44,334.50,14718.00
14407,14408,2022121403000324,NLIC,34,6,20,606.00,12120.00
14408,14409,2022121403000323,NLIC,33,6,180,606.00,109080.00
14409,14410,2022121401000772,NMB,6,35,11,228.30,2511.30
14410,14411,2022121404000315,UMHL,39,51,100,224.00,22400.00
14411,14412,2022121404000314,SJCL,38,36,10,229.90,2299.00
14412,14413,2022121401000771,USHEC,10,6,10,248.00,2480.00
14413,14414,2022121404000313,UPPER,57,43,250,390.00,97500.00
14414,14415,2022121401000770,NBL,45,4,30,276.00,8280.00
14415,14416,2022121401000769,NABIL,35,21,40,810.00,32400.00
14416,14417,2022121401000768,NABIL,11,36,20,811.00,16220.00
14417,14418,2022121401000767,NABIL,35,25,60,810.00,48600.00
14418,14419,2022121401000766,BHDC,47,32,10,343.50,3435.00
14419,14420,2022121401000765,NIB,10,26,250,217.30,54325.00
14420,14421,2022121401000764,BHDC,47,38,10,343.50,3435.00
14421,14422,2022121401000763,USHEC,10,6,10,248.00,2480.00
14422,14423,2022121401000762,USHEC,10,6,10,248.00,2480.00
14423,14424,2022121401000761,USHEC,10,6,10,248.00,2480.00
14424,14425,2022121401000760,USHEC,10,6,10,248.00,2480.00
14425,14426,2022121401000759,BHL,28,6,10,250.00,2500.00
14426,14427,2022121401000758,USHEC,10,6,10,247.20,2472.00
14427,14428,2022121401000757,CBL,14,19,1000,212.00,212000.00
14428,14429,2022121405000108,SLI,55,50,10,331.20,3312.00
14429,14430,2022121401000756,CZBIL,14,26,85,178.20,15147.00
14430,14431,2022121401000755,CZBIL,59,26,15,179.00,2685.00
14431,14432,2022121403000322,KSBBL,50,11,10,307.00,3070.00
14432,14433,2022121401000754,PRVU,7,35,160,200.00,32000.00
14433,14434,2022121401000753,SPHL,35,49,10,350.00,3500.00
14434,14435,2022121401000752,SHIVM,38,40,19,544.00,10336.00
14435,14436,2022121401000751,SHIVM,32,40,70,544.00,38080.00
14436,14437,2022121401000750,SHIVM,35,40,11,544.10,5985.10
14437,14438,2022121402000751,EHPL,5,41,10,237.60,2376.00
14438,14439,2022121403000321,NRIC,34,3,27,694.00,18738.00
14439,14440,2022121403000320,NRIC,56,3,19,694.00,13186.00
14440,14441,2022121405000107,MLBS,38,58,10,983.00,9830.00
14441,14442,2022121401000749,SBL,35,36,100,314.00,31400.00
14442,14443,2022121401000748,SBL,35,45,200,313.90,62780.00
14443,14444,2022121405000106,JBLB,58,34,12,2716.00,32592.00
14444,14445,2022121401000747,BOKL,16,26,100,204.10,20410.00
14445,14446,2022121401000746,USHEC,10,6,10,247.20,2472.00
14446,14447,2022121401000745,NESDO,58,57,10,3284.00,32840.00
14447,14448,2022121404000312,NMB50,10,10,1000,9.07,9070.00
14448,14449,2022121403000319,CBBL,32,17,12,1106.00,13272.00
14449,14450,2022121404000311,BARUN,54,38,84,200.00,16800.00
14450,14451,2022121401000744,LBL,14,57,556,192.00,106752.00
14451,14452,2022121401000743,NABIL,20,36,10,811.00,8110.00
14452,14453,2022121401000742,NBL,46,4,10,276.00,2760.00
14453,14454,2022121404000310,SJCL,43,38,42,225.40,9466.80
14454,14455,2022121401000741,SRBL,34,8,30,183.10,5493.00
14455,14456,2022121403000318,NTC,10,38,42,897.00,37674.00
14456,14457,2022121403000317,NIFRA,19,26,25,184.00,4600.00
14457,14458,2022121403000316,NIFRA,51,26,23,185.00,4255.00
14458,14459,2022121401000740,USHEC,46,38,10,247.10,2471.00
14459,14460,2022121405000105,SAHAS,45,52,10,448.00,4480.00
14460,14461,2022121403000315,NUBL,17,45,100,875.60,87560.00
14461,14462,2022121403000314,NIFRA,51,58,30,185.00,5550.00
14462,14463,2022121401000739,RHGCL,45,38,10,204.40,2044.00
14463,14464,2022121401000738,HBL,17,32,14,325.00,4550.00
14464,14465,2022121401000737,BOKL,49,19,38,205.00,7790.00
14465,14466,2022121401000736,NICA,39,49,20,683.00,13660.00
14466,14467,2022121403000313,NADEP,37,25,37,670.00,24790.00
14467,14468,2022121405000104,JBLB,45,49,17,2715.00,46155.00
14468,14469,2022121401000735,NABIL,20,32,30,811.00,24330.00
14469,14470,2022121401000734,CYCL,34,58,10,2486.20,24862.00
14470,14471,2022121405000103,SLI,55,29,10,331.20,3312.00
14471,14472,2022121401000733,SGHC,34,21,10,251.90,2519.00
14472,14473,2022121404000309,SJCL,43,38,10,225.40,2254.00
14473,14474,2022121401000732,GVL,1,45,10,308.00,3080.00
14474,14475,2022121404000308,UPPER,57,43,50,390.00,19500.00
14475,14476,2022121401000731,NABIL,49,21,20,810.00,16200.00
14476,14477,2022121401000730,NABIL,38,21,10,810.00,8100.00
14477,14478,2022121401000729,NABIL,42,21,10,810.00,8100.00
14478,14479,2022121401000728,NABIL,6,21,30,810.00,24300.00
14479,14480,2022121401000727,NABIL,14,21,100,810.00,81000.00
14480,14481,2022121401000726,NABIL,21,21,90,810.00,72900.00
14481,14482,2022121401000725,NABIL,40,21,50,810.00,40500.00
14482,14483,2022121401000724,NABIL,38,21,20,810.00,16200.00
14483,14484,2022121401000723,NABIL,5,21,500,810.00,405000.00
14484,14485,2022121401000722,NABIL,14,21,100,810.00,81000.00
14485,14486,2022121401000721,RFPL,21,29,10,222.90,2229.00
14486,14487,2022121401000720,MHL,50,4,10,307.90,3079.00
14487,14488,2022121401000719,SPHL,35,38,10,350.00,3500.00
14488,14489,2022121401000718,PPL,42,58,10,200.20,2002.00
14489,14490,2022121403000312,NUBL,44,45,50,875.70,43785.00
14490,14491,2022121401000717,SIKLES,34,21,10,375.00,3750.00
14491,14492,2022121404000307,GHL,26,35,15,193.00,2895.00
14492,14493,2022121404000306,GHL,21,35,35,193.00,6755.00
14493,14494,2022121403000311,NTC,10,14,40,897.00,35880.00
14494,14495,2022121404000305,API,58,6,90,208.10,18729.00
14495,14496,2022121404000304,RHPL,19,52,10,234.00,2340.00
14496,14497,2022121403000310,NIFRA,51,21,11,185.00,2035.00
14497,14498,2022121404000303,NGPL,21,49,11,206.00,2266.00
14498,14499,2022121403000309,NFS,22,21,78,251.00,19578.00
14499,14500,2022121401000716,NIB,34,5,46,218.00,10028.00
14500,14501,2022121401000715,GVL,45,38,10,304.00,3040.00
14501,14502,2022121401000714,MHL,50,21,10,307.90,3079.00
14502,14503,2022121403000308,DDBL,50,42,10,1033.00,10330.00
14503,14504,2022121401000713,RHGCL,34,34,10,204.50,2045.00
14504,14505,2022121403000307,NADEP,21,17,10,670.00,6700.00
14505,14506,2022121403000306,NIFRA,19,35,29,184.00,5336.00
14506,14507,2022121401000712,NABIL,11,32,20,811.00,16220.00
14507,14508,2022121405000102,MLBS,43,39,100,990.00,99000.00
14508,14509,2022121405000101,MLBS,55,39,20,991.00,19820.00
14509,14510,2022121403000305,NIFRA,42,3,30,184.00,5520.00
14510,14511,2022121403000304,NIFRA,7,3,24,184.00,4416.00
14511,14512,2022121401000711,AVYAN,45,49,10,706.80,7068.00
14512,14513,2022121401000710,AVYAN,45,57,10,706.80,7068.00
14513,14514,2022121401000709,AVYAN,45,11,10,706.80,7068.00
14514,14515,2022121401000708,AVYAN,45,56,10,705.00,7050.00
14515,14516,2022121401000707,AVYAN,45,34,10,705.00,7050.00
14516,14517,2022121401000706,AVYAN,45,58,10,705.00,7050.00
14517,14518,2022121401000705,AVYAN,45,58,10,702.00,7020.00
14518,14519,2022121401000704,AVYAN,45,47,10,700.00,7000.00
14519,14520,2022121401000703,AVYAN,45,38,10,700.00,7000.00
14520,14521,2022121401000702,AVYAN,45,49,10,700.00,7000.00
14521,14522,2022121401000701,AVYAN,45,42,10,700.00,7000.00
14522,14523,2022121401000700,AVYAN,45,58,10,700.00,7000.00
14523,14524,2022121401000699,AVYAN,45,51,10,700.00,7000.00
14524,14525,2022121401000698,SHIVM,42,58,10,546.80,5468.00
14525,14526,2022121403000303,NADEP,21,17,15,670.00,10050.00
14526,14527,2022121405000100,TPC,45,49,10,318.00,3180.00
14527,14528,2022121401000697,HDL,58,33,100,3820.00,382000.00
14528,14529,2022121401000696,HDL,16,33,45,3820.00,171900.00
14529,14530,2022121401000695,HDL,34,33,10,3830.00,38300.00
14530,14531,2022121404000302,CHL,14,8,20,205.00,4100.00
14531,14532,2022121401000694,NMB,6,6,44,228.30,10045.20
14532,14533,2022121401000693,UHEWA,33,38,10,346.10,3461.00
14533,14534,2022121401000692,NABIL,1,36,10,811.00,8110.00
14534,14535,2022121401000691,CYCL,34,21,10,2486.20,24862.00
14535,14536,2022121401000690,NABIL,58,42,1,810.00,810.00
14536,14537,2022121401000689,SRBL,19,14,90,184.50,16605.00
14537,14538,2022121404000301,API,7,6,10,208.10,2081.00
14538,14539,2022121403000302,NIFRA,7,48,54,184.00,9936.00
14539,14540,2022121401000688,PCBL,26,6,15,222.00,3330.00
14540,14541,2022121401000687,PCBL,33,6,50,222.00,11100.00
14541,14542,2022121401000686,PCBL,8,6,225,222.00,49950.00
14542,14543,2022121401000685,PCBL,58,6,10,222.00,2220.00
14543,14544,2022121401000684,PCBL,17,6,100,222.10,22210.00
14544,14545,2022121401000683,PCBL,22,6,100,222.10,22210.00
14545,14546,2022121404000300,NGPL,58,49,39,207.00,8073.00
14546,14547,2022121404000299,NGPL,3,49,50,207.00,10350.00
14547,14548,2022121404000298,NGPL,49,49,100,207.10,20710.00
14548,14549,2022121402000750,PHCL,49,6,10,270.00,2700.00
14549,14550,2022121401000682,SIKLES,34,58,10,375.00,3750.00
14550,14551,2022121401000681,NABIL,6,36,500,811.00,405500.00
14551,14552,2022121403000301,MNBBL,22,43,20,420.00,8400.00
14552,14553,2022121401000680,SANIMA,14,35,17,222.10,3775.70
14553,14554,2022121403000300,GILB,7,25,15,1126.10,16891.50
14554,14555,2022121405000099,SLI,11,55,10,332.00,3320.00
14555,14556,2022121405000098,SLI,11,6,10,332.00,3320.00
14556,14557,2022121405000097,SLI,11,6,10,332.00,3320.00
14557,14558,2022121405000096,SLI,11,6,10,332.00,3320.00
14558,14559,2022121401000679,NBL,35,4,79,276.00,21804.00
14559,14560,2022121403000299,NIFRA,7,38,54,184.00,9936.00
14560,14561,2022121405000095,MBJC,11,58,10,209.00,2090.00
14561,14562,2022121405000094,JBLB,7,21,4,2750.00,11000.00
14562,14563,2022121404000297,JOSHI,21,8,30,185.00,5550.00
14563,14564,2022121404000296,UPPER,51,6,15,389.00,5835.00
14564,14565,2022121404000295,UPPER,32,6,15,389.00,5835.00
14565,14566,2022121402000749,PHCL,32,58,10,270.00,2700.00
14566,14567,2022121403000298,SINDU,34,55,10,262.00,2620.00
14567,14568,2022121404000294,NIL,50,45,10,725.70,7257.00
14568,14569,2022121403000297,GRDBL,48,32,20,225.20,4504.00
14569,14570,2022121401000678,MHL,50,7,10,307.90,3079.00
14570,14571,2022121402000748,PHCL,52,58,10,270.00,2700.00
14571,14572,2022121402000747,PHCL,52,49,10,270.00,2700.00
14572,14573,2022121402000746,PHCL,52,52,10,270.00,2700.00
14573,14574,2022121402000745,PHCL,52,51,10,270.00,2700.00
14574,14575,2022121402000744,PHCL,52,58,10,270.00,2700.00
14575,14576,2022121401000677,SHIVM,32,38,20,544.00,10880.00
14576,14577,2022121403000296,MFIL,4,42,18,415.00,7470.00
14577,14578,2022121401000676,CBL,44,10,1000,211.50,211500.00
14578,14579,2022121403000295,NRN,13,17,100,398.10,39810.00
14579,14580,2022121401000675,NABIL,7,42,30,810.00,24300.00
14580,14581,2022121401000674,NABIL,6,42,500,810.00,405000.00
14581,14582,2022121401000673,NABIL,32,42,10,810.00,8100.00
14582,14583,2022121401000672,NABIL,58,42,30,810.10,24303.00
14583,14584,2022121401000671,NABIL,1,42,50,810.10,40505.00
14584,14585,2022121401000670,NABIL,39,42,75,810.10,60757.50
14585,14586,2022121401000669,NABIL,8,42,10,810.50,8105.00
14586,14587,2022121401000668,NICA,42,13,40,684.00,27360.00
14587,14588,2022121401000667,NICA,42,58,50,684.00,34200.00
14588,14589,2022121401000666,NICA,42,42,10,684.00,6840.00
14589,14590,2022121401000665,RHGCL,34,58,10,204.50,2045.00
14590,14591,2022121402000743,PHCL,34,52,10,270.00,2700.00
14591,14592,2022121402000742,PHCL,34,52,10,270.00,2700.00
14592,14593,2022121402000741,PHCL,34,29,10,270.00,2700.00
14593,14594,2022121402000740,PHCL,34,58,10,270.00,2700.00
14594,14595,2022121402000739,PHCL,34,49,10,270.00,2700.00
14595,14596,2022121401000664,UNL,22,45,10,18965.00,189650.00
14596,14597,2022121402000738,PHCL,34,32,10,270.00,2700.00
14597,14598,2022121402000737,PHCL,34,39,10,270.00,2700.00
14598,14599,2022121402000736,PHCL,34,59,10,270.00,2700.00
14599,14600,2022121401000663,HDL,25,55,30,3835.00,115050.00
14600,14601,2022121402000735,PHCL,34,58,10,270.00,2700.00
14601,14602,2022121402000734,PHCL,34,58,10,270.00,2700.00
14602,14603,2022121402000733,PHCL,34,8,10,270.00,2700.00
14603,14604,2022121402000732,PHCL,34,32,10,270.00,2700.00
14604,14605,2022121402000731,PHCL,34,4,10,270.00,2700.00
14605,14606,2022121402000730,PHCL,34,29,10,270.00,2700.00
14606,14607,2022121405000093,NYADI,45,52,10,269.10,2691.00
14607,14608,2022121402000729,PHCL,34,59,10,270.00,2700.00
14608,14609,2022121402000728,PHCL,34,49,10,270.00,2700.00
14609,14610,2022121402000727,PHCL,34,49,10,270.00,2700.00
14610,14611,2022121401000662,SPHL,35,49,10,350.00,3500.00
14611,14612,2022121402000726,PHCL,34,52,10,270.00,2700.00
14612,14613,2022121402000725,PHCL,34,29,10,270.00,2700.00
14613,14614,2022121402000724,PHCL,34,1,10,270.00,2700.00
14614,14615,2022121402000723,PHCL,34,14,10,270.00,2700.00
14615,14616,2022121402000722,PHCL,34,34,10,270.00,2700.00
14616,14617,2022121402000721,PHCL,34,16,10,270.00,2700.00
14617,14618,2022121402000720,PHCL,34,58,10,270.00,2700.00
14618,14619,2022121402000719,PHCL,34,49,10,270.00,2700.00
14619,14620,2022121401000661,NIB,11,5,89,218.00,19402.00
14620,14621,2022121401000660,SANIMA,14,58,10,222.10,2221.00
14621,14622,2022121403000294,CIT,14,33,35,1845.00,64575.00
14622,14623,2022121404000293,GHL,21,41,50,193.00,9650.00
14623,14624,2022121401000659,CBL,44,46,450,211.30,95085.00
14624,14625,2022121401000658,SPHL,35,32,10,350.00,3500.00
14625,14626,2022121402000718,EHPL,5,4,10,237.60,2376.00
14626,14627,2022121401000657,NMB,14,6,500,228.50,114250.00
14627,14628,2022121401000656,NMB,13,6,200,229.00,45800.00
14628,14629,2022121401000655,NMB,17,6,415,229.00,95035.00
14629,14630,2022121401000654,NMB,41,6,60,229.10,13746.00
14630,14631,2022121403000293,SINDU,45,42,200,258.10,51620.00
14631,14632,2022121401000653,SRBL,58,8,20,185.00,3700.00
14632,14633,2022121404000292,BARUN,16,38,16,200.00,3200.00
14633,14634,2022121401000652,SCB,38,49,258,403.20,104025.60
14634,14635,2022121401000651,CBL,57,46,50,211.30,10565.00
14635,14636,2022121401000650,SIKLES,34,39,10,375.00,3750.00
14636,14637,2022121401000649,SPHL,35,11,10,356.00,3560.00
14637,14638,2022121401000648,SPHL,35,21,100,356.00,35600.00
14638,14639,2022121401000647,SPHL,35,47,10,356.00,3560.00
14639,14640,2022121404000291,AHPC,37,28,10,270.70,2707.00
14640,14641,2022121405000092,SAHAS,45,34,10,448.00,4480.00
14641,14642,2022121404000290,AKJCL,49,54,250,168.00,42000.00
14642,14643,2022121404000289,AKJCL,58,54,217,168.00,36456.00
14643,14644,2022121404000288,AKJCL,14,54,500,168.00,84000.00
14644,14645,2022121401000646,BOKL,58,13,100,205.00,20500.00
14645,14646,2022121401000645,PRVU,58,35,85,200.00,17000.00
14646,14647,2022121402000717,EHPL,5,25,10,237.60,2376.00
14647,14648,2022121403000292,CIT,58,33,24,1850.00,44400.00
14648,14649,2022121403000291,CIT,26,33,10,1850.00,18500.00
14649,14650,2022121403000290,CIT,34,33,10,1850.00,18500.00
14650,14651,2022121403000289,CIT,50,33,20,1851.10,37022.00
14651,14652,2022121403000288,CIT,52,33,25,1851.20,46280.00
14652,14653,2022121405000091,JBLB,56,59,16,2740.00,43840.00
14653,14654,2022121401000644,PPL,42,39,10,200.20,2002.00
14654,14655,2022121403000287,MLBBL,58,43,10,1015.00,10150.00
14655,14656,2022121403000286,MLBBL,58,43,10,1020.00,10200.00
14656,14657,2022121403000285,NIFRA,53,58,187,186.00,34782.00
14657,14658,2022121403000284,NIFRA,53,49,14,186.00,2604.00
14658,14659,2022121403000283,NIFRA,53,14,100,186.00,18600.00
14659,14660,2022121403000282,NIFRA,53,36,64,186.00,11904.00
14660,14661,2022121403000281,NIFRA,53,43,73,186.00,13578.00
14661,14662,2022121403000280,NIFRA,53,14,44,186.00,8184.00
14662,14663,2022121403000279,NIFRA,53,22,18,185.00,3330.00
14663,14664,2022121403000278,NIFRA,53,35,46,185.00,8510.00
14664,14665,2022121403000277,NIFRA,53,52,54,184.10,9941.40
14665,14666,2022121401000643,PRVU,52,35,255,200.00,51000.00
14666,14667,2022121401000642,SANIMA,42,56,30,223.00,6690.00
14667,14668,2022121403000276,NIFRA,7,16,31,184.00,5704.00
14668,14669,2022121403000275,NIFRA,54,16,10,184.00,1840.00
14669,14670,2022121403000274,NIFRA,14,16,13,184.00,2392.00
14670,14671,2022121403000273,CHDC,33,42,10,647.30,6473.00
14671,14672,2022121405000090,SLI,51,6,10,332.00,3320.00
14672,14673,2022121405000089,SLI,11,41,10,333.00,3330.00
14673,14674,2022121405000088,SLI,11,39,10,333.00,3330.00
14674,14675,2022121404000287,BARUN,16,17,34,200.00,6800.00
14675,14676,2022121403000272,SINDU,43,41,150,260.00,39000.00
14676,14677,2022121403000271,NICLBSL,28,38,10,710.00,7100.00
14677,14678,2022121405000087,JBLB,56,52,40,2740.00,109600.00
14678,14679,2022121404000286,UPPER,32,29,500,388.00,194000.00
14679,14680,2022121403000270,NIFRA,14,35,17,184.00,3128.00
14680,14681,2022121403000269,NIFRA,20,35,37,184.10,6811.70
14681,14682,2022121401000641,HHL,56,14,60,215.00,12900.00
14682,14683,2022121405000086,SLI,51,6,10,332.00,3320.00
14683,14684,2022121405000085,SLI,51,16,10,332.00,3320.00
14684,14685,2022121401000640,NICA,39,33,50,683.00,34150.00
14685,14686,2022121403000268,MFIL,58,42,32,416.00,13312.00
14686,14687,2022121403000267,MFIL,25,42,50,416.00,20800.00
14687,14688,2022121401000639,RFPL,46,58,100,227.40,22740.00
14688,14689,2022121404000285,MHNL,4,29,50,249.00,12450.00
14689,14690,2022121401000638,PPL,50,58,10,200.50,2005.00
14690,14691,2022121403000266,NTC,28,14,10,898.00,8980.00
14691,14692,2022121402000716,EHPL,5,49,10,237.60,2376.00
14692,14693,2022121405000084,SAHAS,45,42,10,448.00,4480.00
14693,14694,2022121401000637,HDL,25,37,10,3835.00,38350.00
14694,14695,2022121405000083,SAHAS,45,59,10,448.00,4480.00
14695,14696,2022121403000265,MNBBL,22,56,17,420.00,7140.00
14696,14697,2022121404000284,UPPER,45,29,65,387.00,25155.00
14697,14698,2022121405000082,SLI,51,6,10,332.00,3320.00
14698,14699,2022121401000636,NBL,35,42,321,275.50,88435.50
14699,14700,2022121404000283,UPPER,43,29,280,387.00,108360.00
14700,14701,2022121404000282,UPPER,42,29,26,387.00,10062.00
14701,14702,2022121404000281,UPPER,47,29,100,387.00,38700.00
14702,14703,2022121404000280,UPPER,34,29,207,387.10,80129.70
14703,14704,2022121404000279,UPPER,43,29,250,387.20,96800.00
14704,14705,2022121405000081,SAHAS,45,16,10,448.00,4480.00
14705,14706,2022121402000715,EHPL,5,21,10,237.60,2376.00
14706,14707,2022121401000635,SCB,41,38,58,400.00,23200.00
14707,14708,2022121401000634,SCB,58,38,200,400.10,80020.00
14708,14709,2022121403000264,NLIC,33,29,70,606.00,42420.00
14709,14710,2022121403000263,NLIC,45,29,30,606.10,18183.00
14710,14711,2022121401000633,NMB,39,38,20,233.00,4660.00
14711,14712,2022121403000262,NRIC,56,34,11,694.00,7634.00
14712,14713,2022121401000632,NIB,11,4,11,218.00,2398.00
14713,14714,2022121401000631,RFPL,45,8,50,228.00,11400.00
14714,14715,2022121401000630,RFPL,49,8,80,228.00,18240.00
14715,14716,2022121403000261,NADEP,21,39,25,670.00,16750.00
14716,14717,2022121403000260,ICFC,34,41,10,424.90,4249.00
14717,14718,2022121403000259,NTC,58,40,50,898.00,44900.00
14718,14719,2022121403000258,NIFRA,20,58,54,184.10,9941.40
14719,14720,2022121401000629,RFPL,49,16,10,228.00,2280.00
14720,14721,2022121401000628,PCBL,58,47,50,222.10,11105.00
14721,14722,2022121401000627,SHIVM,41,38,30,547.50,16425.00
14722,14723,2022121401000626,SHIVM,41,29,70,545.10,38157.00
14723,14724,2022121403000257,NIFRA,49,35,88,185.00,16280.00
14724,14725,2022121401000625,SIKLES,34,39,10,375.00,3750.00
14725,14726,2022121401000624,NABIL,57,36,60,811.00,48660.00
14726,14727,2022121401000623,NABIL,57,19,40,810.90,32436.00
14727,14728,2022121403000256,JBBL,57,58,45,280.00,12600.00
14728,14729,2022121405000080,SLI,51,59,10,332.00,3320.00
14729,14730,2022121402000714,EHPL,5,42,10,237.60,2376.00
14730,14731,2022121404000278,UPPER,1,29,72,387.50,27900.00
14731,14732,2022121401000622,PRVU,52,58,15,200.00,3000.00
14732,14733,2022121403000255,LBBL,35,51,50,320.00,16000.00
14733,14734,2022121402000713,EHPL,5,21,10,237.60,2376.00
14734,14735,2022121401000621,NABIL,58,19,10,810.90,8109.00
14735,14736,2022121401000620,SHIVM,40,29,30,545.10,16353.00
14736,14737,2022121402000712,PHCL,25,49,10,270.00,2700.00
14737,14738,2022121404000277,UPPER,1,7,428,387.50,165850.00
14738,14739,2022121404000276,UPPER,57,7,30,387.60,11628.00
14739,14740,2022121404000275,UPPER,45,7,20,387.70,7754.00
14740,14741,2022121404000274,UPPER,38,7,22,388.00,8536.00
14741,14742,2022121403000254,PROFL,28,55,10,289.90,2899.00
14742,14743,2022121401000619,NIBD84,29,36,25,800.00,20000.00
14743,14744,2022121403000253,MFIL,6,19,500,416.10,208050.00
14744,14745,2022121405000079,RULB,38,49,10,887.50,8875.00
14745,14746,2022121405000078,RULB,38,58,10,887.50,8875.00
14746,14747,2022121401000618,LBL,58,57,25,192.00,4800.00
14747,14748,2022121401000617,SIKLES,34,39,10,375.00,3750.00
14748,14749,2022121401000616,UHEWA,33,38,10,346.10,3461.00
14749,14750,2022121401000615,PCBL,44,47,95,222.10,21099.50
14750,14751,2022121401000614,USHEC,45,7,10,248.00,2480.00
14751,14752,2022121405000077,NYADI,45,16,10,269.10,2691.00
14752,14753,2022121403000252,NTC,58,38,50,898.00,44900.00
14753,14754,2022121403000251,NTC,49,38,100,898.00,89800.00
14754,14755,2022121405000076,MKJC,17,59,10,397.10,3971.00
14755,14756,2022121404000273,RHPL,38,19,20,237.00,4740.00
14756,14757,2022121404000272,NMB50,59,46,100,9.06,906.00
14757,14758,2022121401000613,NBL,20,33,38,274.20,10419.60
14758,14759,2022121401000612,NBL,58,33,12,274.20,3290.40
14759,14760,2022121405000075,JBLB,7,22,10,2750.00,27500.00
14760,14761,2022121404000271,HDHPC,34,41,30,172.10,5163.00
14761,14762,2022121401000611,SBL,19,33,74,309.60,22910.40
14762,14763,2022121401000610,PPL,50,57,10,200.50,2005.00
14763,14764,2022121404000270,AKPL,10,32,123,344.10,42324.30
14764,14765,2022121401000609,SANIMA,50,42,510,223.00,113730.00
14765,14766,2022121401000608,SANIMA,50,57,98,223.00,21854.00
14766,14767,2022121401000607,SANIMA,50,58,20,223.00,4460.00
14767,14768,2022121401000606,KBL,42,46,37,186.00,6882.00
14768,14769,2022121401000605,KBL,33,46,263,186.00,48918.00
14769,14770,2022121401000604,SIKLES,34,55,10,375.00,3750.00
14770,14771,2022121401000603,SIKLES,34,33,50,375.00,18750.00
14771,14772,2022121401000602,SPHL,35,39,10,350.00,3500.00
14772,14773,2022121404000269,API,3,45,288,208.00,59904.00
14773,14774,2022121404000268,API,34,45,150,208.00,31200.00
14774,14775,2022121403000250,NADEP,21,29,198,670.00,132660.00
14775,14776,2022121403000249,NADEP,14,29,32,670.00,21440.00
14776,14777,2022121403000248,NADEP,1,29,10,670.00,6700.00
14777,14778,2022121403000247,NADEP,38,29,50,670.50,33525.00
14778,14779,2022121403000246,NADEP,41,29,25,671.00,16775.00
14779,14780,2022121403000245,NADEP,17,29,10,671.00,6710.00
14780,14781,2022121403000244,NADEP,45,29,75,674.00,50550.00
14781,14782,2022121405000074,RULB,42,55,12,885.00,10620.00
14782,14783,2022121405000073,JBLB,56,7,17,2740.00,46580.00
14783,14784,2022121401000601,SBL,57,33,10,309.80,3098.00
14784,14785,2022121401000600,SBL,44,33,10,309.80,3098.00
14785,14786,2022121401000599,SBL,54,33,200,309.90,61980.00
14786,14787,2022121401000598,NESDO,58,16,10,3284.00,32840.00
14787,14788,2022121403000243,HIDCL,56,19,10,166.00,1660.00
14788,14789,2022121403000242,GUFL,43,50,10,514.00,5140.00
14789,14790,2022121404000267,AKPL,10,29,330,344.10,113553.00
14790,14791,2022121401000597,GVL,1,22,10,308.00,3080.00
14791,14792,2022121401000596,GVL,1,34,10,306.00,3060.00
14792,14793,2022121401000595,GVL,1,47,10,305.00,3050.00
14793,14794,2022121401000594,ULBSL,36,36,10,3390.10,33901.00
14794,14795,2022121404000266,JOSHI,7,1,491,188.20,92406.20
14795,14796,2022121401000593,SIKLES,34,38,10,375.00,3750.00
14796,14797,2022121401000592,KBL,4,1,20,186.70,3734.00
14797,14798,2022121402000711,PHCL,58,19,10,270.00,2700.00
14798,14799,2022121403000241,NIFRA,1,35,866,185.00,160210.00
14799,14800,2022121403000240,NIFRA,1,38,34,185.00,6290.00
14800,14801,2022121403000239,NIFRA,1,1,54,185.00,9990.00
14801,14802,2022121403000238,NIFRA,1,39,46,185.00,8510.00
14802,14803,2022121404000265,UPPER,38,22,48,388.00,18624.00
14803,14804,2022121403000237,GRDBL,48,32,20,229.70,4594.00
14804,14805,2022121402000710,PHCL,47,57,10,270.00,2700.00
14805,14806,2022121401000591,SIKLES,34,14,500,375.00,187500.00
14806,14807,2022121401000590,PCBL,44,33,105,222.10,23320.50
14807,14808,2022121401000589,PCBL,57,33,50,222.20,11110.00
14808,14809,2022121401000588,PCBL,45,33,60,223.00,13380.00
14809,14810,2022121401000587,PCBL,26,33,20,223.00,4460.00
14810,14811,2022121401000586,SIKLES,34,55,10,375.00,3750.00
14811,14812,2022121404000264,UPPER,38,29,30,388.00,11640.00
14812,14813,2022121404000263,UPPER,49,29,10,388.00,3880.00
14813,14814,2022121404000262,UPPER,58,29,10,388.00,3880.00
14814,14815,2022121401000585,GVL,45,16,10,304.00,3040.00
14815,14816,2022121401000584,NABIL,8,45,240,810.50,194520.00
14816,14817,2022121401000583,CCBL,53,29,90,187.00,16830.00
14817,14818,2022121404000261,API,34,42,50,208.00,10400.00
14818,14819,2022121402000709,PHCL,38,59,10,270.00,2700.00
14819,14820,2022121401000582,NABIL,36,36,50,811.00,40550.00
14820,14821,2022121401000581,NABIL,36,32,100,810.80,81080.00
14821,14822,2022121402000708,PHCL,38,19,10,270.00,2700.00
14822,14823,2022121401000580,SHIVM,57,38,100,545.00,54500.00
14823,14824,2022121401000579,SHIVM,34,38,100,545.00,54500.00
14824,14825,2022121403000236,SKBBL,4,45,50,1110.00,55500.00
14825,14826,2022121405000072,JBLB,56,4,17,2740.00,46580.00
14826,14827,2022121405000071,JBLB,56,45,10,2720.00,27200.00
14827,14828,2022121401000578,RFPL,28,59,10,232.00,2320.00
14828,14829,2022121401000577,RFPL,28,25,10,230.00,2300.00
14829,14830,2022121401000576,RFPL,28,56,10,230.00,2300.00
14830,14831,2022121403000235,DDBL,28,5,10,1033.00,10330.00
14831,14832,2022121401000575,BHL,28,16,10,246.70,2467.00
14832,14833,2022121404000260,RHPL,19,38,20,234.00,4680.00
14833,14834,2022121404000259,API,51,7,28,209.00,5852.00
14834,14835,2022121404000258,AKPL,10,42,47,344.10,16172.70
14835,14836,2022121403000234,SMFDB,21,45,10,1200.00,12000.00
14836,14837,2022121401000574,SANIMA,22,58,20,222.50,4450.00
14837,14838,2022121401000573,SIKLES,34,55,10,375.00,3750.00
14838,14839,2022121401000572,SCB,41,33,145,400.00,58000.00
14839,14840,2022121401000571,SCB,45,33,10,400.00,4000.00
14840,14841,2022121401000570,SCB,41,33,70,400.10,28007.00
14841,14842,2022121401000569,SCB,1,33,10,402.00,4020.00
14842,14843,2022121401000568,NABIL,8,32,200,810.50,162100.00
14843,14844,2022121401000567,LBL,57,57,15,192.00,2880.00
14844,14845,2022121401000566,NICA,39,14,100,683.00,68300.00
14845,14846,2022121403000233,CBBL,32,47,10,1106.00,11060.00
14846,14847,2022121401000565,RFPL,49,36,10,228.00,2280.00
14847,14848,2022121401000564,NBL,58,42,107,275.50,29478.50
14848,14849,2022121401000563,ADBL,41,42,40,315.00,12600.00
14849,14850,2022121404000257,SHPC,58,28,20,273.00,5460.00
14850,14851,2022121404000256,HDHPC,44,17,1000,173.00,173000.00
14851,14852,2022121404000255,HDHPC,44,51,28,173.00,4844.00
14852,14853,2022121401000562,NICA,39,22,15,683.00,10245.00
14853,14854,2022121401000561,MEGA,52,58,15,193.50,2902.50
14854,14855,2022121404000254,AHPC,48,42,40,266.00,10640.00
14855,14856,2022121401000560,NABIL,8,19,50,810.50,40525.00
14856,14857,2022121401000559,PPL,50,34,10,200.50,2005.00
14857,14858,2022121403000232,NTC,58,45,521,900.00,468900.00
14858,14859,2022121401000558,CYCL,34,58,10,2486.20,24862.00
14859,14860,2022121404000253,UPPER,40,6,50,390.00,19500.00
14860,14861,2022121404000252,BPCL,42,33,32,302.20,9670.40
14861,14862,2022121404000251,BPCL,17,33,100,302.30,30230.00
14862,14863,2022121404000250,BPCL,16,33,14,305.00,4270.00
14863,14864,2022121401000557,MHL,50,39,10,307.90,3079.00
14864,14865,2022121404000249,LUK,17,16,300,7.86,2358.00
14865,14866,2022121403000231,MLBL,35,41,50,345.00,17250.00
14866,14867,2022121401000556,NABIL,14,36,55,811.00,44605.00
14867,14868,2022121405000070,TPC,58,38,10,318.00,3180.00
14868,14869,2022121404000248,SPDL,17,29,500,258.40,129200.00
14869,14870,2022121404000247,SPDL,6,29,500,258.50,129250.00
14870,14871,2022121404000246,SPDL,55,29,250,258.60,64650.00
14871,14872,2022121401000555,BHL,28,38,10,246.70,2467.00
14872,14873,2022121404000245,SHL,45,32,1500,219.00,328500.00
14873,14874,2022121403000230,NTC,45,3,50,901.00,45050.00
14874,14875,2022121401000554,NABIL,58,36,25,811.00,20275.00
14875,14876,2022121401000553,SGHC,56,35,10,252.00,2520.00
14876,14877,2022121402000707,EHPL,5,52,10,237.60,2376.00
14877,14878,2022121402000706,EHPL,5,11,10,237.60,2376.00
14878,14879,2022121401000552,UHEWA,33,39,10,346.10,3461.00
14879,14880,2022121403000229,NADEP,45,39,25,674.00,16850.00
14880,14881,2022121404000244,HDHPC,17,41,20,172.50,3450.00
14881,14882,2022121403000228,SMFDB,21,52,90,1200.00,108000.00
14882,14883,2022121403000227,SMFDB,35,52,40,1200.00,48000.00
14883,14884,2022121403000226,SMFDB,25,52,30,1200.10,36003.00
14884,14885,2022121403000225,SMFDB,43,52,20,1202.00,24040.00
14885,14886,2022121403000224,SMFDB,13,52,60,1202.00,72120.00
14886,14887,2022121403000223,SMFDB,43,52,10,1203.00,12030.00
14887,14888,2022121403000222,SMFDB,22,52,50,1203.00,60150.00
14888,14889,2022121404000243,RURU,43,43,10,728.00,7280.00
14889,14890,2022121403000221,RMDC,56,29,59,950.00,56050.00
14890,14891,2022121404000242,RIDI,58,38,10,488.00,4880.00
14891,14892,2022121404000241,UPPER,45,38,48,388.00,18624.00
14892,14893,2022121402000705,EHPL,5,51,10,237.60,2376.00
14893,14894,2022121401000551,MBL,14,37,200,212.70,42540.00
14894,14895,2022121401000550,MBL,37,37,100,212.70,21270.00
14895,14896,2022121401000549,MBL,52,37,232,213.00,49416.00
14896,14897,2022121401000548,MBL,58,37,26,213.00,5538.00
14897,14898,2022121403000220,KRBL,17,43,420,250.00,105000.00
14898,14899,2022121404000240,CHCL,40,33,65,380.20,24713.00
14899,14900,2022121404000239,CHCL,57,33,104,380.30,39551.20
14900,14901,2022121401000547,SPHL,35,38,10,350.00,3500.00
14901,14902,2022121401000546,MEGA,10,58,30,194.00,5820.00
14902,14903,2022121404000238,PPCL,6,16,700,282.00,197400.00
14903,14904,2022121402000704,EHPL,5,11,10,237.60,2376.00
14904,14905,2022121401000545,PPL,50,39,10,200.50,2005.00
14905,14906,2022121404000237,UPPER,42,48,26,388.00,10088.00
14906,14907,2022121404000236,UPPER,4,48,10,388.10,3881.00
14907,14908,2022121404000235,UPPER,41,48,200,388.10,77620.00
14908,14909,2022121404000234,UPPER,46,48,20,388.20,7764.00
14909,14910,2022121404000233,UPPER,41,48,100,389.00,38900.00
14910,14911,2022121404000232,UPPER,1,48,48,389.00,18672.00
14911,14912,2022121404000231,RADHI,42,58,23,216.00,4968.00
14912,14913,2022121401000544,SHIVM,41,38,100,545.00,54500.00
14913,14914,2022121401000543,CYCL,34,56,10,2486.20,24862.00
14914,14915,2022121402000703,EHPL,5,49,10,237.60,2376.00
14915,14916,2022121403000219,CIT,57,19,10,1860.00,18600.00
14916,14917,2022121404000230,SHL,45,36,500,219.00,109500.00
14917,14918,2022121403000218,NRIC,41,42,160,700.00,112000.00
14918,14919,2022121401000542,GBIME,45,19,175,209.00,36575.00
14919,14920,2022121401000541,GBIME,59,19,200,209.10,41820.00
14920,14921,2022121401000540,GBIME,59,19,23,209.10,4809.30
14921,14922,2022121404000229,AKJCL,48,38,13,171.00,2223.00
14922,14923,2022121401000539,PPL,50,16,10,200.50,2005.00
14923,14924,2022121401000538,KBL,4,22,20,186.70,3734.00
14924,14925,2022121404000228,SJCL,43,36,405,225.40,91287.00
14925,14926,2022121404000227,SJCL,14,36,100,225.50,22550.00
14926,14927,2022121404000226,SJCL,41,36,520,230.00,119600.00
14927,14928,2022121401000537,CZBIL,57,38,122,178.00,21716.00
14928,14929,2022121401000536,CZBIL,52,38,30,178.10,5343.00
14929,14930,2022121401000535,CZBIL,19,38,108,179.00,19332.00
14930,14931,2022121401000534,BOKL,40,13,200,205.00,41000.00
14931,14932,2022121404000225,SJCL,41,3,10,230.00,2300.00
14932,14933,2022121404000224,SJCL,41,42,20,229.00,4580.00
14933,14934,2022121401000533,SHIVM,41,58,50,545.00,27250.00
14934,14935,2022121405000069,BNHC,13,58,10,323.40,3234.00
14935,14936,2022121405000068,MKLB,38,28,22,820.00,18040.00
14936,14937,2022121403000217,NRIC,41,53,100,700.00,70000.00
14937,14938,2022121401000532,BOKL,16,33,238,204.10,48575.80
14938,14939,2022121401000531,GBIME,59,38,25,209.10,5227.50
14939,14940,2022121401000530,SPHL,35,39,10,350.00,3500.00
14940,14941,2022121401000529,HHL,56,55,10,215.00,2150.00
14941,14942,2022121403000216,NTC,45,36,200,901.10,180220.00
14942,14943,2022121402000702,PHCL,58,45,10,270.00,2700.00
14943,14944,2022121402000701,PHCL,49,58,10,270.00,2700.00
14944,14945,2022121401000528,NABIL,18,36,50,811.00,40550.00
14945,14946,2022121401000527,NABIL,45,36,100,811.00,81100.00
14946,14947,2022121401000526,NABIL,14,36,50,811.00,40550.00
14947,14948,2022121403000215,NRIC,41,53,100,700.00,70000.00
14948,14949,2022121401000525,NIB,49,33,300,217.00,65100.00
14949,14950,2022121401000524,NIB,37,33,100,217.00,21700.00
14950,14951,2022121401000523,NIB,17,33,100,218.00,21800.00
14951,14952,2022121401000522,NIB,17,33,25,218.00,5450.00
14952,14953,2022121401000521,NIB,58,33,100,218.60,21860.00
14953,14954,2022121401000520,BHDC,47,38,10,343.50,3435.00
14954,14955,2022121401000519,DORDI,16,16,10,228.00,2280.00
14955,14956,2022121401000518,PPL,50,39,10,200.50,2005.00
14956,14957,2022121401000517,SHIVM,41,38,47,545.00,25615.00
14957,14958,2022121401000516,NABIL,49,25,20,812.00,16240.00
14958,14959,2022121403000214,KRBL,59,43,80,251.00,20080.00
14959,14960,2022121403000213,RSDC,28,49,10,529.00,5290.00
14960,14961,2022121401000515,NABIL,44,47,15,811.00,12165.00
14961,14962,2022121401000514,HHL,56,28,200,215.00,43000.00
14962,14963,2022121401000513,BHDC,47,16,10,343.50,3435.00
14963,14964,2022121401000512,NICA,35,13,150,684.10,102615.00
14964,14965,2022121404000223,UPPER,58,48,10,390.00,3900.00
14965,14966,2022121401000511,SIKLES,40,45,10,378.10,3781.00
14966,14967,2022121401000510,SIKLES,40,58,10,377.00,3770.00
14967,14968,2022121401000509,SIKLES,40,49,10,377.00,3770.00
14968,14969,2022121401000508,SIKLES,40,7,10,376.00,3760.00
14969,14970,2022121401000507,SIKLES,40,32,10,376.00,3760.00
14970,14971,2022121401000506,HHL,56,49,10,215.00,2150.00
14971,14972,2022121401000505,SIKLES,34,32,10,375.00,3750.00
14972,14973,2022121404000222,RURU,43,38,122,740.00,90280.00
14973,14974,2022121404000221,RURU,43,53,75,740.00,55500.00
14974,14975,2022121404000220,RURU,43,13,10,740.00,7400.00
14975,14976,2022121404000219,RURU,43,38,25,739.50,18487.50
14976,14977,2022121404000218,SPDL,55,29,250,258.60,64650.00
14977,14978,2022121404000217,SPDL,53,29,100,258.70,25870.00
14978,14979,2022121404000216,SPDL,43,29,50,258.80,12940.00
14979,14980,2022121404000215,SPDL,53,29,100,258.90,25890.00
14980,14981,2022121402000700,PHCL,49,47,10,270.00,2700.00
14981,14982,2022121402000699,PHCL,49,54,10,270.00,2700.00
14982,14983,2022121402000698,PHCL,49,42,10,270.00,2700.00
14983,14984,2022121401000504,BHL,28,29,140,256.60,35924.00
14984,14985,2022121405000067,MBJC,19,7,10,209.00,2090.00
14985,14986,2022121401000503,SIKLES,34,39,10,375.00,3750.00
14986,14987,2022121404000214,UPPER,1,38,48,389.00,18672.00
14987,14988,2022121401000502,NABIL,49,25,20,812.00,16240.00
14988,14989,2022121401000501,NIB,17,33,250,218.70,54675.00
14989,14990,2022121401000500,NIB,52,33,30,218.80,6564.00
14990,14991,2022121401000499,NIB,14,33,100,218.90,21890.00
14991,14992,2022121401000498,NIB,42,33,417,218.90,91281.30
14992,14993,2022121401000497,NIB,21,33,17,219.00,3723.00
14993,14994,2022121401000496,NIB,16,33,110,219.00,24090.00
14994,14995,2022121401000495,NIB,22,33,100,219.00,21900.00
14995,14996,2022121404000213,CGH,49,46,10,995.00,9950.00
14996,14997,2022121401000494,USHEC,10,14,17,245.30,4170.10
14997,14998,2022121401000493,USHEC,48,14,10,250.00,2500.00
14998,14999,2022121403000212,RMDC,42,29,11,950.00,10450.00
14999,15000,2022121405000066,MBJC,19,42,10,209.00,2090.00
15000,15001,2022121404000212,NLG,25,3,10,483.50,4835.00
15001,15002,2022121404000211,UMRH,58,57,10,415.00,4150.00
15002,15003,2022121401000492,BHL,28,29,360,256.60,92376.00
15003,15004,2022121401000491,BHL,28,25,300,256.50,76950.00
15004,15005,2022121401000490,BHL,28,6,10,256.40,2564.00
15005,15006,2022121401000489,BHL,28,25,290,251.60,72964.00
15006,15007,2022121401000488,BHL,28,17,40,251.50,10060.00
15007,15008,2022121401000487,EBL,53,57,36,441.00,15876.00
15008,15009,2022121404000210,JOSHI,7,25,200,188.20,37640.00
15009,15010,2022121404000209,UPPER,41,48,82,390.00,31980.00
15010,15011,2022121401000486,SIKLES,34,46,10,375.00,3750.00
15011,15012,2022121401000485,SIKLES,34,10,10,375.00,3750.00
15012,15013,2022121401000484,NBL,29,42,50,275.50,13775.00
15013,15014,2022121404000208,RMF1,17,58,300,7.50,2250.00
15014,15015,2022121404000207,AKPL,38,38,11,344.50,3789.50
15015,15016,2022121405000065,TPC,58,7,10,318.00,3180.00
15016,15017,2022121402000697,EHPL,5,22,10,237.60,2376.00
15017,15018,2022121401000483,SANIMA,45,56,200,222.20,44440.00
15018,15019,2022121403000211,NIFRA,58,39,18,185.00,3330.00
15019,15020,2022121404000206,RURU,33,13,10,739.20,7392.00
15020,15021,2022121404000205,RURU,33,13,10,739.10,7391.00
15021,15022,2022121404000204,RURU,33,37,50,739.00,36950.00
15022,15023,2022121401000482,MEGA,21,58,100,194.00,19400.00
15023,15024,2022121401000481,SIKLES,34,58,10,375.00,3750.00
15024,15025,2022121401000480,NABIL,21,58,10,812.00,8120.00
15025,15026,2022121405000064,SAHAS,45,42,10,448.00,4480.00
15026,15027,2022121401000479,BOKL,16,19,250,204.00,51000.00
15027,15028,2022121401000478,HDL,25,35,15,3835.00,57525.00
15028,15029,2022121401000477,NMB,17,33,229,229.00,52441.00
15029,15030,2022121401000476,NMB,42,33,50,229.50,11475.00
15030,15031,2022121403000210,NTC,45,58,80,901.00,72080.00
15031,15032,2022121403000209,NTC,45,58,100,901.10,90110.00
15032,15033,2022121403000208,NTC,38,58,20,901.50,18030.00
15033,15034,2022121401000475,NABIL,44,38,59,811.00,47849.00
15034,15035,2022121401000474,NABIL,56,38,25,811.50,20287.50
15035,15036,2022121401000473,NABIL,41,38,20,811.50,16230.00
15036,15037,2022121401000472,NABIL,45,38,13,812.00,10556.00
15037,15038,2022121401000471,NABIL,51,38,73,812.00,59276.00
15038,15039,2022121401000470,KDBY,51,21,100,8.00,800.00
15039,15040,2022121403000207,GUFL,35,7,80,518.00,41440.00
15040,15041,2022121403000206,GUFL,50,7,20,518.10,10362.00
15041,15042,2022121401000469,NBL,19,42,22,275.50,6061.00
15042,15043,2022121403000205,NICLBSL,25,34,10,706.20,7062.00
15043,15044,2022121401000468,BOKL,16,19,500,204.00,102000.00
15044,15045,2022121401000467,CYCL,34,6,10,2486.20,24862.00
15045,15046,2022121403000204,NIFRA,58,34,517,185.00,95645.00
15046,15047,2022121403000203,NIFRA,58,34,15,185.00,2775.00
15047,15048,2022121403000202,NIFRA,1,34,268,185.00,49580.00
15048,15049,2022121401000466,SIKLES,34,58,10,375.00,3750.00
15049,15050,2022121402000696,EHPL,5,58,10,237.60,2376.00
15050,15051,2022121404000203,AKJCL,39,38,10,171.00,1710.00
15051,15052,2022121401000465,RHGCL,34,56,10,204.50,2045.00
15052,15053,2022121401000464,ULBSL,36,52,10,3390.10,33901.00
15053,15054,2022121404000202,RIDI,57,38,10,488.00,4880.00
15054,15055,2022121403000201,NIFRA,1,36,345,185.00,63825.00
15055,15056,2022121401000463,BHL,28,25,10,251.60,2516.00
15056,15057,2022121402000695,PHCL,42,47,10,270.00,2700.00
15057,15058,2022121402000694,PHCL,42,49,10,270.00,2700.00
15058,15059,2022121402000693,PHCL,42,32,10,270.00,2700.00
15059,15060,2022121402000692,PHCL,42,1,10,270.00,2700.00
15060,15061,2022121402000691,PHCL,42,58,10,270.00,2700.00
15061,15062,2022121403000200,SHINE,45,57,30,330.00,9900.00
15062,15063,2022121403000199,SHINE,57,57,100,330.00,33000.00
15063,15064,2022121403000198,SHINE,32,57,30,330.10,9903.00
15064,15065,2022121403000197,SHINE,25,57,385,330.50,127242.50
15065,15066,2022121403000196,SHINE,42,57,13,330.70,4299.10
15066,15067,2022121404000201,RHPL,18,22,450,238.00,107100.00
15067,15068,2022121404000200,JOSHI,7,25,80,188.20,15056.00
15068,15069,2022121405000063,MBJC,47,58,10,208.40,2084.00
15069,15070,2022121403000195,ALBSL,14,58,16,909.00,14544.00
15070,15071,2022121402000690,PHCL,58,49,10,270.00,2700.00
15071,15072,2022121402000689,PHCL,58,49,10,270.00,2700.00
15072,15073,2022121402000688,PHCL,58,49,10,270.00,2700.00
15073,15074,2022121404000199,PPCL,54,43,100,284.00,28400.00
15074,15075,2022121401000462,NCCB,14,57,400,182.00,72800.00
15075,15076,2022121401000461,NCCB,14,57,80,182.00,14560.00
15076,15077,2022121405000062,NYADI,29,57,10,270.00,2700.00
15077,15078,2022121401000460,USHEC,47,14,500,250.00,125000.00
15078,15079,2022121401000459,USHEC,46,14,93,250.10,23259.30
15079,15080,2022121401000458,GVL,58,38,10,304.10,3041.00
15080,15081,2022121401000457,NIB,34,39,25,219.00,5475.00
15081,15082,2022121401000456,NIB,51,39,38,219.00,8322.00
15082,15083,2022121404000198,UPPER,41,41,48,390.00,18720.00
15083,15084,2022121404000197,RURU,33,13,10,739.00,7390.00
15084,15085,2022121404000196,RURU,33,5,30,738.00,22140.00
15085,15086,2022121404000195,RURU,33,43,40,738.00,29520.00
15086,15087,2022121404000194,RURU,33,10,50,737.80,36890.00
15087,15088,2022121401000455,SBL,58,33,80,312.00,24960.00
15088,15089,2022121401000454,SBL,58,45,20,311.90,6238.00
15089,15090,2022121403000194,CHDC,33,49,10,647.30,6473.00
15090,15091,2022121402000687,EHPL,5,49,10,237.60,2376.00
15091,15092,2022121401000453,CBL,57,59,50,211.30,10565.00
15092,15093,2022121401000452,CBL,42,59,50,211.50,10575.00
15093,15094,2022121401000451,CBL,14,59,1000,211.50,211500.00
15094,15095,2022121405000061,SAHAS,45,43,10,448.00,4480.00
15095,15096,2022121403000193,NLICL,36,38,300,500.00,150000.00
15096,15097,2022121403000192,NLICL,6,38,150,500.50,75075.00
15097,15098,2022121403000191,NIFRA,1,58,54,185.00,9990.00
15098,15099,2022121401000450,NICA,19,33,10,686.10,6861.00
15099,15100,2022121403000190,SKBBL,14,47,100,1115.00,111500.00
15100,15101,2022121401000449,SHIVM,14,19,10,545.00,5450.00
15101,15102,2022121401000448,GVL,45,6,10,304.00,3040.00
15102,15103,2022121401000447,NABIL,51,6,17,812.00,13804.00
15103,15104,2022121401000446,HHL,56,50,10,215.00,2150.00
15104,15105,2022121401000445,SANIMA,14,58,10,222.10,2221.00
15105,15106,2022121401000444,SIKLES,58,33,30,375.10,11253.00
15106,15107,2022121405000060,MBJC,58,46,10,208.30,2083.00
15107,15108,2022121401000443,NABIL,34,6,15,812.00,12180.00
15108,15109,2022121405000059,NYADI,45,58,10,269.10,2691.00
15109,15110,2022121401000442,SBL,58,45,80,311.90,24952.00
15110,15111,2022121401000441,SBL,58,26,20,311.00,6220.00
15111,15112,2022121401000440,HDL,25,49,40,3835.00,153400.00
15112,15113,2022121401000439,HDL,51,49,10,3836.00,38360.00
15113,15114,2022121401000438,NABIL,43,6,250,812.00,203000.00
15114,15115,2022121403000189,ILBS,43,59,16,864.00,13824.00
15115,15116,2022121404000193,RIDI,38,38,100,488.00,48800.00
15116,15117,2022121405000058,MBJC,47,34,10,208.20,2082.00
15117,15118,2022121401000437,PPL,50,19,50,200.50,10025.00
15118,15119,2022121401000436,NABIL,56,6,15,812.00,12180.00
15119,15120,2022121401000435,HDL,49,28,20,3840.00,76800.00
15120,15121,2022121401000434,PPL,50,52,10,200.50,2005.00
15121,15122,2022121401000433,NIB,11,39,24,220.00,5280.00
15122,15123,2022121404000192,RHPL,19,57,30,239.00,7170.00
15123,15124,2022121405000057,MBJC,58,21,10,210.00,2100.00
15124,15125,2022121405000056,MBJC,58,3,10,210.00,2100.00
15125,15126,2022121405000055,MBJC,58,38,10,210.00,2100.00
15126,15127,2022121405000054,MBJC,58,57,10,210.00,2100.00
15127,15128,2022121405000053,MBJC,58,5,10,210.00,2100.00
15128,15129,2022121405000052,MBJC,58,39,10,209.00,2090.00
15129,15130,2022121405000051,MBJC,58,39,10,209.00,2090.00
15130,15131,2022121405000050,MBJC,58,34,10,209.00,2090.00
15131,15132,2022121401000432,NICA,19,13,100,687.00,68700.00
15132,15133,2022121404000191,BARUN,47,17,22,200.00,4400.00
15133,15134,2022121402000686,EHPL,5,22,10,237.60,2376.00
15134,15135,2022121404000190,HDHPC,21,51,32,173.00,5536.00
15135,15136,2022121404000189,AKPL,13,58,365,344.10,125596.50
15136,15137,2022121401000431,SHIVM,14,25,35,545.00,19075.00
15137,15138,2022121401000430,SPHL,35,32,10,350.00,3500.00
15138,15139,2022121404000188,JOSHI,7,54,100,188.20,18820.00
15139,15140,2022121401000429,BHL,28,7,10,246.70,2467.00
15140,15141,2022121401000428,BHL,16,58,10,246.00,2460.00
15141,15142,2022121401000427,BHL,16,32,18,245.00,4410.00
15142,15143,2022121401000426,BHL,16,54,10,245.00,2450.00
15143,15144,2022121404000187,SICL,50,58,10,767.00,7670.00
15144,15145,2022121403000188,NLIC,53,40,166,607.00,100762.00
15145,15146,2022121401000425,NABIL,25,13,18,812.00,14616.00
15146,15147,2022121401000424,NABIL,41,13,100,812.00,81200.00
15147,15148,2022121401000423,NABIL,41,13,36,812.00,29232.00
15148,15149,2022121401000422,NABIL,45,13,10,812.00,8120.00
15149,15150,2022121401000421,NABIL,49,13,20,812.00,16240.00
15150,15151,2022121401000420,NABIL,6,13,113,812.00,91756.00
15151,15152,2022121403000187,SMFDB,41,6,135,1218.00,164430.00
15152,15153,2022121403000186,SMFDB,41,36,50,1217.00,60850.00
15153,15154,2022121403000185,SMFDB,41,20,15,1217.00,18255.00
15154,15155,2022121403000184,NLICL,58,19,10,501.00,5010.00
15155,15156,2022121401000419,NMB,25,57,10,230.00,2300.00
15156,15157,2022121402000685,PHCL,14,53,10,270.00,2700.00
15157,15158,2022121402000684,PHCL,14,19,10,270.00,2700.00
15158,15159,2022121402000683,PHCL,14,42,10,270.00,2700.00
15159,15160,2022121402000682,PHCL,14,58,10,270.00,2700.00
15160,15161,2022121402000681,PHCL,14,35,10,270.00,2700.00
15161,15162,2022121402000680,PHCL,14,7,10,270.00,2700.00
15162,15163,2022121403000183,SKBBL,4,35,15,1110.00,16650.00
15163,15164,2022121402000679,PHCL,14,55,10,270.00,2700.00
15164,15165,2022121402000678,PHCL,14,42,10,270.00,2700.00
15165,15166,2022121402000677,PHCL,14,45,10,270.00,2700.00
15166,15167,2022121402000676,PHCL,14,4,10,270.00,2700.00
15167,15168,2022121401000418,PCBL,4,45,220,225.00,49500.00
15168,15169,2022121403000182,MNBBL,40,49,17,415.20,7058.40
15169,15170,2022121401000417,NABIL,45,6,10,813.00,8130.00
15170,15171,2022121404000186,HDHPC,17,52,30,172.50,5175.00
15171,15172,2022121404000185,HDHPC,44,52,70,172.60,12082.00
15172,15173,2022121403000181,ACLBSL,38,38,3,721.00,2163.00
15173,15174,2022121404000184,UPPER,6,34,20,392.00,7840.00
15174,15175,2022121404000183,UPPER,49,34,20,392.00,7840.00
15175,15176,2022121401000416,NABIL,6,16,150,812.00,121800.00
15176,15177,2022121404000182,JOSHI,7,46,29,188.20,5457.80
15177,15178,2022121401000415,CYCL,34,6,10,2486.20,24862.00
15178,15179,2022121402000675,EHPL,5,47,10,237.60,2376.00
15179,15180,2022121403000180,HIDCL,42,3,10,166.00,1660.00
15180,15181,2022121403000179,HIDCL,42,36,40,166.00,6640.00
15181,15182,2022121401000414,GBIME,38,19,47,210.00,9870.00
15182,15183,2022121401000413,GBIME,6,19,40,210.00,8400.00
15183,15184,2022121401000412,GBIME,49,19,40,210.00,8400.00
15184,15185,2022121401000411,SIKLES,58,47,10,375.10,3751.00
15185,15186,2022121404000181,RURU,43,45,500,737.00,368500.00
15186,15187,2022121405000049,JBLB,21,58,10,2720.00,27200.00
15187,15188,2022121404000180,UPPER,41,13,90,393.00,35370.00
15188,15189,2022121401000410,SHIVM,29,25,65,546.00,35490.00
15189,15190,2022121403000178,KSBBL,22,14,50,307.00,15350.00
15190,15191,2022121401000409,NMB,42,57,50,230.00,11500.00
15191,15192,2022121401000408,HHL,56,47,10,215.00,2150.00
15192,15193,2022121401000407,SHIVM,5,38,18,546.80,9842.40
15193,15194,2022121401000406,DORDI,16,46,10,228.00,2280.00
15194,15195,2022121401000405,RHGCL,34,21,10,204.50,2045.00
15195,15196,2022121403000177,ILBS,58,34,14,864.00,12096.00
15196,15197,2022121401000404,NICA,14,58,15,687.00,10305.00
15197,15198,2022121401000403,GVL,58,47,10,303.80,3038.00
15198,15199,2022121402000674,EHPL,5,10,10,237.60,2376.00
15199,15200,2022121401000402,CCBL,59,48,90,188.00,16920.00
15200,15201,2022121405000048,SAHAS,44,47,10,447.30,4473.00
15201,15202,2022121401000401,UHEWA,33,57,10,350.00,3500.00
15202,15203,2022121404000179,KEF,14,38,200,7.94,1588.00
15203,15204,2022121405000047,JBLB,47,34,10,2713.10,27131.00
15204,15205,2022121401000400,DORDI,7,34,10,231.00,2310.00
15205,15206,2022121402000673,EHPL,5,10,10,237.60,2376.00
15206,15207,2022121404000178,RHPL,19,57,20,239.00,4780.00
15207,15208,2022121401000399,SHIVM,29,25,300,546.00,163800.00
15208,15209,2022121401000398,USHEC,46,34,10,250.10,2501.00
15209,15210,2022121401000397,RHGCL,34,49,10,205.00,2050.00
15210,15211,2022121401000396,GBIME,35,19,10,211.00,2110.00
15211,15212,2022121401000395,NIB,51,17,12,219.00,2628.00
15212,15213,2022121402000672,EHPL,5,10,10,237.60,2376.00
15213,15214,2022121401000394,CYCL,34,45,10,2486.20,24862.00
15214,15215,2022121404000177,RHPL,19,57,70,239.00,16730.00
15215,15216,2022121401000393,NABIL,25,6,20,813.00,16260.00
15216,15217,2022121401000392,SPHL,35,21,100,357.00,35700.00
15217,15218,2022121401000391,SPHL,35,21,100,356.50,35650.00
15218,15219,2022121401000390,SPHL,35,21,100,356.00,35600.00
15219,15220,2022121401000389,SPHL,35,6,10,351.00,3510.00
15220,15221,2022121403000176,NLIC,53,40,200,607.00,121400.00
15221,15222,2022121403000175,NLIC,38,40,10,608.00,6080.00
15222,15223,2022121403000174,NLIC,49,40,100,608.00,60800.00
15223,15224,2022121401000388,NABIL,6,16,139,812.00,112868.00
15224,15225,2022121404000176,API,51,26,20,207.50,4150.00
15225,15226,2022121404000175,BARUN,25,17,25,200.00,5000.00
15226,15227,2022121404000174,BARUN,1,17,19,200.00,3800.00
15227,15228,2022121404000173,JOSHI,6,46,270,188.30,50841.00
15228,15229,2022121402000671,EHPL,5,10,10,237.60,2376.00
15229,15230,2022121404000172,SICL,45,4,19,766.10,14555.90
15230,15231,2022121402000670,PHCL,14,42,10,270.00,2700.00
15231,15232,2022121402000669,PHCL,14,56,10,270.00,2700.00
15232,15233,2022121402000668,PHCL,14,49,10,270.00,2700.00
15233,15234,2022121402000667,PHCL,14,42,10,270.00,2700.00
15234,15235,2022121401000387,SBID83,45,14,25,892.00,22300.00
15235,15236,2022121402000666,PHCL,14,38,10,270.00,2700.00
15236,15237,2022121402000665,PHCL,14,45,10,270.00,2700.00
15237,15238,2022121402000664,PHCL,14,59,10,270.00,2700.00
15238,15239,2022121402000663,PHCL,14,58,10,270.00,2700.00
15239,15240,2022121402000662,PHCL,14,35,10,270.00,2700.00
15240,15241,2022121402000661,PHCL,14,57,10,270.00,2700.00
15241,15242,2022121402000660,EHPL,5,38,10,237.60,2376.00
15242,15243,2022121401000386,SHIVM,29,54,10,545.00,5450.00
15243,15244,2022121402000659,EHPL,5,58,10,237.60,2376.00
15244,15245,2022121401000385,GVL,25,42,10,303.60,3036.00
15245,15246,2022121401000384,NBL,14,4,75,276.00,20700.00
15246,15247,2022121404000171,RHPL,14,57,906,239.00,216534.00
15247,15248,2022121404000170,RHPL,14,16,50,239.00,11950.00
15248,15249,2022121404000169,RHPL,14,52,44,239.00,10516.00
15249,15250,2022121404000168,RHPL,14,29,500,238.90,119450.00
15250,15251,2022121404000167,RHPL,14,41,500,238.80,119400.00
15251,15252,2022121401000383,SIKLES,58,40,10,375.10,3751.00
15252,15253,2022121403000173,JSLBB,54,45,10,1640.00,16400.00
15253,15254,2022121403000172,NLIC,53,3,200,610.00,122000.00
15254,15255,2022121402000658,EHPL,5,10,10,237.60,2376.00
15255,15256,2022121403000171,GRDBL,38,34,100,234.30,23430.00
15256,15257,2022121401000382,SPHL,35,13,10,350.00,3500.00
15257,15258,2022121405000046,MBJC,19,4,10,208.00,2080.00
15258,15259,2022121403000170,GBBL,59,57,10,383.00,3830.00
15259,15260,2022121401000381,NABIL,22,16,61,813.00,49593.00
15260,15261,2022121403000169,NTC,45,25,70,901.00,63070.00
15261,15262,2022121403000168,NTC,41,25,10,904.00,9040.00
15262,15263,2022121403000167,NTC,41,25,10,905.00,9050.00
15263,15264,2022121403000166,NTC,41,25,10,906.00,9060.00
15264,15265,2022121401000380,SGHC,56,34,10,252.00,2520.00
15265,15266,2022121401000379,NABIL,4,38,10,813.70,8137.00
15266,15267,2022121405000045,MBJC,19,58,10,208.00,2080.00
15267,15268,2022121401000378,SPHL,35,58,10,350.00,3500.00
15268,15269,2022121401000377,SPHL,35,49,10,350.00,3500.00
15269,15270,2022121401000376,SPHL,35,19,10,350.00,3500.00
15270,15271,2022121404000166,RIDI,57,59,600,489.00,293400.00
15271,15272,2022121402000657,PHCL,45,16,10,270.00,2700.00
15272,15273,2022121402000656,PHCL,45,35,10,270.00,2700.00
15273,15274,2022121402000655,PHCL,45,53,10,270.00,2700.00
15274,15275,2022121402000654,PHCL,45,53,10,270.00,2700.00
15275,15276,2022121402000653,PHCL,45,7,10,270.00,2700.00
15276,15277,2022121402000652,PHCL,45,57,10,270.00,2700.00
15277,15278,2022121401000375,GBIME,45,33,33,210.00,6930.00
15278,15279,2022121401000374,GBIME,17,33,20,210.00,4200.00
15279,15280,2022121401000373,GBIME,4,33,13,210.00,2730.00
15280,15281,2022121402000651,PHCL,45,42,10,270.00,2700.00
15281,15282,2022121402000650,PHCL,45,47,10,270.00,2700.00
15282,15283,2022121402000649,PHCL,45,58,10,270.00,2700.00
15283,15284,2022121402000648,PHCL,45,19,10,270.00,2700.00
15284,15285,2022121404000165,RIDI,58,59,12,489.00,5868.00
15285,15286,2022121401000372,SHIVM,28,54,40,545.00,21800.00
15286,15287,2022121401000371,SGHC,56,13,10,252.00,2520.00
15287,15288,2022121404000164,RHPL,19,34,200,238.50,47700.00
15288,15289,2022121404000163,JOSHI,6,25,80,188.30,15064.00
15289,15290,2022121405000044,MKJC,17,57,10,397.10,3971.00
15290,15291,2022121402000647,EHPL,5,10,10,237.60,2376.00
15291,15292,2022121403000165,JBBL,28,58,50,280.00,14000.00
15292,15293,2022121403000164,NLIC,53,3,20,610.00,12200.00
15293,15294,2022121403000163,NLIC,53,26,280,610.00,170800.00
15294,15295,2022121401000370,NICA,55,57,10,699.90,6999.00
15295,15296,2022121402000646,EHPL,5,10,10,237.60,2376.00
15296,15297,2022121404000162,RHPL,18,16,1000,238.00,238000.00
15297,15298,2022121404000161,IGI,44,47,10,366.90,3669.00
15298,15299,2022121401000369,PPL,50,44,10,200.50,2005.00
15299,15300,2022121405000043,JBLB,48,57,17,2712.00,46104.00
15300,15301,2022121401000368,UHEWA,33,34,10,350.00,3500.00
15301,15302,2022121401000367,UHEWA,33,39,10,350.00,3500.00
15302,15303,2022121402000645,PHCL,58,45,10,270.00,2700.00
15303,15304,2022121402000644,PHCL,58,6,10,270.00,2700.00
15304,15305,2022121404000160,AKPL,13,36,35,344.10,12043.50
15305,15306,2022121402000643,PHCL,58,58,10,270.00,2700.00
15306,15307,2022121402000642,PHCL,58,45,10,270.00,2700.00
15307,15308,2022121403000162,NICLBSL,25,42,10,706.20,7062.00
15308,15309,2022121402000641,PHCL,58,56,10,270.00,2700.00
15309,15310,2022121402000640,PHCL,58,59,10,270.00,2700.00
15310,15311,2022121402000639,PHCL,58,58,10,270.00,2700.00
15311,15312,2022121402000638,PHCL,58,8,10,270.00,2700.00
15312,15313,2022121402000637,PHCL,58,1,10,270.00,2700.00
15313,15314,2022121401000366,DORDI,16,16,10,228.00,2280.00
15314,15315,2022121403000161,ACLBSL,38,43,10,721.00,7210.00
15315,15316,2022121402000636,EHPL,5,10,10,237.60,2376.00
15316,15317,2022121401000365,GBIME,14,33,50,210.10,10505.00
15317,15318,2022121401000364,GBIME,59,33,15,211.00,3165.00
15318,15319,2022121401000363,NBL,19,4,144,276.00,39744.00
15319,15320,2022121401000362,GBIME,58,1,97,211.00,20467.00
15320,15321,2022121405000042,SLI,55,41,100,335.50,33550.00
15321,15322,2022121403000160,FMDBL,25,29,26,714.00,18564.00
15322,15323,2022121401000361,HDL,51,28,20,3840.00,76800.00
15323,15324,2022121401000360,SGHC,56,47,10,252.00,2520.00
15324,15325,2022121401000359,RHGCL,34,57,10,205.00,2050.00
15325,15326,2022121403000159,NIFRA,1,42,64,185.00,11840.00
15326,15327,2022121401000358,USHEC,46,34,10,250.10,2501.00
15327,15328,2022121401000357,CYCL,34,41,10,2486.20,24862.00
15328,15329,2022121404000159,UPPER,19,13,70,393.00,27510.00
15329,15330,2022121405000041,SLI,1,45,10,331.10,3311.00
15330,15331,2022121401000356,SHIVM,59,38,45,546.80,24606.00
15331,15332,2022121401000355,DORDI,16,47,10,228.00,2280.00
15332,15333,2022121404000158,RHPL,19,59,100,237.90,23790.00
15333,15334,2022121402000635,EHPL,5,10,10,237.60,2376.00
15334,15335,2022121403000158,NIFRA,1,44,14,185.00,2590.00
15335,15336,2022121405000040,SLI,1,44,10,331.10,3311.00
15336,15337,2022121402000634,PHCL,36,35,10,270.00,2700.00
15337,15338,2022121402000633,PHCL,36,22,10,270.00,2700.00
15338,15339,2022121401000354,SIKLES,58,45,10,375.10,3751.00
15339,15340,2022121402000632,EHPL,5,10,10,237.60,2376.00
15340,15341,2022121403000157,SMFDB,14,42,10,1226.00,12260.00
15341,15342,2022121402000631,PHCL,50,19,10,270.00,2700.00
15342,15343,2022121402000630,PHCL,50,45,10,270.00,2700.00
15343,15344,2022121405000039,SLI,1,58,10,331.10,3311.00
15344,15345,2022121402000629,PHCL,50,6,10,270.00,2700.00
15345,15346,2022121403000156,ICFC,34,49,91,433.50,39448.50
15346,15347,2022121402000628,EHPL,5,10,10,237.60,2376.00
15347,15348,2022121405000038,MBJC,47,52,10,207.50,2075.00
15348,15349,2022121401000353,KBL,33,33,737,186.00,137082.00
15349,15350,2022121403000155,NRN,46,42,10,398.00,3980.00
15350,15351,2022121405000037,SAHAS,45,45,10,447.10,4471.00
15351,15352,2022121401000352,EBL,45,49,45,445.00,20025.00
15352,15353,2022121401000351,EBL,45,58,55,445.00,24475.00
15353,15354,2022121401000350,SIKLES,58,41,10,375.10,3751.00
15354,15355,2022121404000157,GHL,21,44,15,193.00,2895.00
15355,15356,2022121401000349,KLBS,1,34,10,486.10,4861.00
15356,15357,2022121402000627,PHCL,41,28,10,270.00,2700.00
15357,15358,2022121402000626,PHCL,41,35,10,270.00,2700.00
15358,15359,2022121402000625,PHCL,41,34,10,270.00,2700.00
15359,15360,2022121402000624,PHCL,41,38,10,270.00,2700.00
15360,15361,2022121402000623,EHPL,5,41,10,237.60,2376.00
15361,15362,2022121404000156,UPPER,34,13,10,393.00,3930.00
15362,15363,2022121403000154,GRDBL,35,34,50,235.00,11750.00
15363,15364,2022121401000348,NABIL,58,6,10,813.00,8130.00
15364,15365,2022121402000622,PHCL,41,21,10,270.00,2700.00
15365,15366,2022121402000621,PHCL,41,58,10,270.00,2700.00
15366,15367,2022121402000620,PHCL,41,48,10,270.00,2700.00
15367,15368,2022121402000619,PHCL,41,14,10,270.00,2700.00
15368,15369,2022121401000347,NCCB,57,41,120,183.50,22020.00
15369,15370,2022121404000155,UPPER,41,13,50,393.00,19650.00
15370,15371,2022121405000036,SLI,35,41,10,331.00,3310.00
15371,15372,2022121401000346,NABIL,41,6,90,813.00,73170.00
15372,15373,2022121401000345,NABIL,41,28,80,813.00,65040.00
15373,15374,2022121401000344,NABIL,41,33,30,813.00,24390.00
15374,15375,2022121403000153,ICFC,34,28,41,433.00,17753.00
15375,15376,2022121404000154,UPPER,41,13,50,393.00,19650.00
15376,15377,2022121403000152,GBBL,41,57,100,383.00,38300.00
15377,15378,2022121401000343,NICA,55,49,10,708.90,7089.00
15378,15379,2022121402000618,EHPL,5,10,10,237.60,2376.00
15379,15380,2022121401000342,BOKL,14,13,500,204.00,102000.00
15380,15381,2022121401000341,PCBL,16,45,10,225.00,2250.00
15381,15382,2022121401000340,PCBL,26,45,10,225.00,2250.00
15382,15383,2022121403000151,NLIC,55,26,20,610.00,12200.00
15383,15384,2022121405000035,SAHAS,45,58,10,447.10,4471.00
15384,15385,2022121402000617,PHCL,59,57,10,270.00,2700.00
15385,15386,2022121402000616,PHCL,59,58,10,270.00,2700.00
15386,15387,2022121402000615,PHCL,59,3,10,270.00,2700.00
15387,15388,2022121402000614,PHCL,59,13,10,270.00,2700.00
15388,15389,2022121402000613,PHCL,59,19,10,270.00,2700.00
15389,15390,2022121402000612,PHCL,59,38,10,270.00,2700.00
15390,15391,2022121402000611,PHCL,59,59,10,270.00,2700.00
15391,15392,2022121402000610,PHCL,59,28,10,270.00,2700.00
15392,15393,2022121402000609,PHCL,59,47,10,270.00,2700.00
15393,15394,2022121402000608,PHCL,59,14,10,270.00,2700.00
15394,15395,2022121404000153,UPPER,8,42,50,392.00,19600.00
15395,15396,2022121402000607,EHPL,5,10,10,237.60,2376.00
15396,15397,2022121401000339,CCBL,32,44,15,186.00,2790.00
15397,15398,2022121401000338,SGHC,56,47,10,252.00,2520.00
15398,15399,2022121404000152,UPPER,47,13,20,393.00,7860.00
15399,15400,2022121404000151,RHPL,19,42,40,237.00,9480.00
15400,15401,2022121401000337,DORDI,16,45,10,228.00,2280.00
15401,15402,2022121401000336,KBL,38,10,212,188.00,39856.00
15402,15403,2022121402000606,PHCL,51,58,5,270.00,1350.00
15403,15404,2022121403000150,NIFRA,56,14,10,186.00,1860.00
15404,15405,2022121402000605,EHPL,5,10,10,237.60,2376.00
15405,15406,2022121405000034,NYADI,45,47,10,269.10,2691.00
15406,15407,2022121403000149,SMFDB,20,25,10,1214.00,12140.00
15407,15408,2022121403000148,SMFDB,20,44,20,1214.00,24280.00
15408,15409,2022121403000147,SMFDB,20,16,17,1214.00,20638.00
15409,15410,2022121402000604,EHPL,5,49,10,237.60,2376.00
15410,15411,2022121401000335,DLBS,22,58,10,415.50,4155.00
15411,15412,2022121401000334,NABIL,1,33,20,813.00,16260.00
15412,15413,2022121404000150,UPPER,8,58,144,392.00,56448.00
15413,15414,2022121403000146,NIFRA,1,49,54,185.00,9990.00
15414,15415,2022121402000603,EHPL,5,10,10,237.60,2376.00
15415,15416,2022121401000333,RHGCL,22,53,10,204.20,2042.00
15416,15417,2022121403000145,SMFDB,14,45,10,1213.00,12130.00
15417,15418,2022121404000149,RHPL,19,11,50,237.00,11850.00
15418,15419,2022121401000332,SIKLES,6,45,10,376.00,3760.00
15419,15420,2022121401000331,UHEWA,33,52,10,350.00,3500.00
15420,15421,2022121401000330,SIKLES,58,34,10,375.10,3751.00
15421,15422,2022121402000602,EHPL,5,10,10,237.60,2376.00
15422,15423,2022121402000601,PHCL,17,58,5,270.00,1350.00
15423,15424,2022121401000329,NESDO,28,57,10,3281.00,32810.00
15424,15425,2022121401000328,EBL,50,58,100,445.00,44500.00
15425,15426,2022121401000327,PPL,50,19,50,200.50,10025.00
15426,15427,2022121401000326,GVL,25,47,10,303.60,3036.00
15427,15428,2022121405000033,JBLB,38,58,10,2712.00,27120.00
15428,15429,2022121401000325,NABIL,6,16,98,812.00,79576.00
15429,15430,2022121401000324,PPL,50,1,10,200.50,2005.00
15430,15431,2022121401000323,SHIVM,49,38,40,546.50,21860.00
15431,15432,2022121403000144,NTC,58,37,479,900.00,431100.00
15432,15433,2022121403000143,NTC,22,37,500,900.00,450000.00
15433,15434,2022121403000142,NTC,16,37,500,900.00,450000.00
15434,15435,2022121403000141,NTC,22,37,100,900.20,90020.00
15435,15436,2022121403000140,NTC,45,37,100,900.30,90030.00
15436,15437,2022121403000139,NTC,25,37,100,901.00,90100.00
15437,15438,2022121401000322,DORDI,16,55,10,228.00,2280.00
15438,15439,2022121401000321,PRVU,7,8,100,200.00,20000.00
15439,15440,2022121403000138,JBBL,45,58,50,280.00,14000.00
15440,15441,2022121403000137,NLIC,53,45,84,609.90,51231.60
15441,15442,2022121404000148,UPPER,11,58,50,392.00,19600.00
15442,15443,2022121401000320,SGHC,44,35,10,251.80,2518.00
15443,15444,2022121402000600,EHPL,5,58,10,237.60,2376.00
15444,15445,2022121403000136,ACLBSL,58,38,10,710.00,7100.00
15445,15446,2022121401000319,MEGA,22,58,50,194.00,9700.00
15446,15447,2022121401000318,HDL,25,28,30,3840.00,115200.00
15447,15448,2022121401000317,PCBL,45,33,66,225.00,14850.00
15448,15449,2022121402000599,EHPL,5,38,10,237.60,2376.00
15449,15450,2022121401000316,BOKL,8,57,36,203.10,7311.60
15450,15451,2022121404000147,RHPL,1,59,900,237.90,214110.00
15451,15452,2022121404000146,RHPL,1,52,70,237.90,16653.00
15452,15453,2022121404000145,AIL,58,45,13,385.00,5005.00
15453,15454,2022121401000315,NABIL,5,36,506,812.00,410872.00
15454,15455,2022121405000032,SLI,22,13,10,330.00,3300.00
15455,15456,2022121401000314,GBIME,49,19,15,212.00,3180.00
15456,15457,2022121401000313,NICA,58,58,40,717.00,28680.00
15457,15458,2022121401000312,NBL,19,51,80,275.00,22000.00
15458,15459,2022121403000135,KRBL,22,7,65,250.00,16250.00
15459,15460,2022121401000311,HDL,25,55,40,3840.00,153600.00
15460,15461,2022121403000134,NLICL,44,17,90,501.00,45090.00
15461,15462,2022121405000031,TPC,58,3,80,318.00,25440.00
15462,15463,2022121405000030,TPC,11,3,100,318.10,31810.00
15463,15464,2022121405000029,TPC,50,3,20,318.20,6364.00
15464,15465,2022121401000310,RFPL,28,17,10,232.00,2320.00
15465,15466,2022121401000309,RFPL,28,58,10,227.00,2270.00
15466,15467,2022121401000308,RFPL,28,48,10,226.00,2260.00
15467,15468,2022121401000307,RFPL,28,34,10,225.50,2255.00
15468,15469,2022121402000598,PHCL,34,34,10,270.00,2700.00
15469,15470,2022121402000597,PHCL,34,38,10,270.00,2700.00
15470,15471,2022121402000596,PHCL,34,6,10,270.00,2700.00
15471,15472,2022121402000595,PHCL,34,29,10,270.00,2700.00
15472,15473,2022121402000594,PHCL,34,8,10,270.00,2700.00
15473,15474,2022121402000593,PHCL,34,52,10,270.00,2700.00
15474,15475,2022121402000592,PHCL,34,49,10,270.00,2700.00
15475,15476,2022121402000591,PHCL,34,35,10,270.00,2700.00
15476,15477,2022121402000590,PHCL,34,59,10,270.00,2700.00
15477,15478,2022121402000589,PHCL,34,42,10,270.00,2700.00
15478,15479,2022121402000588,PHCL,34,16,10,270.00,2700.00
15479,15480,2022121402000587,PHCL,34,16,10,270.00,2700.00
15480,15481,2022121401000306,RHGCL,22,34,10,204.20,2042.00
15481,15482,2022121402000586,PHCL,34,49,10,270.00,2700.00
15482,15483,2022121402000585,PHCL,34,38,10,270.00,2700.00
15483,15484,2022121401000305,NICA,58,58,10,703.50,7035.00
15484,15485,2022121402000584,PHCL,34,58,10,270.00,2700.00
15485,15486,2022121402000583,PHCL,34,36,10,270.00,2700.00
15486,15487,2022121402000582,PHCL,34,58,10,270.00,2700.00
15487,15488,2022121402000581,PHCL,34,58,10,270.00,2700.00
15488,15489,2022121402000580,PHCL,34,49,10,270.00,2700.00
15489,15490,2022121405000028,MBJC,47,19,10,207.50,2075.00
15490,15491,2022121402000579,PHCL,34,48,10,270.00,2700.00
15491,15492,2022121402000578,PHCL,34,35,10,270.00,2700.00
15492,15493,2022121402000577,PHCL,34,13,10,270.00,2700.00
15493,15494,2022121402000576,PHCL,34,45,10,270.00,2700.00
15494,15495,2022121402000575,PHCL,34,59,10,270.00,2700.00
15495,15496,2022121402000574,PHCL,34,58,10,270.00,2700.00
15496,15497,2022121402000573,PHCL,34,49,10,270.00,2700.00
15497,15498,2022121402000572,PHCL,34,57,10,270.00,2700.00
15498,15499,2022121402000571,PHCL,34,57,10,270.00,2700.00
15499,15500,2022121402000570,PHCL,34,45,10,270.00,2700.00
15500,15501,2022121402000569,PHCL,34,17,10,270.00,2700.00
15501,15502,2022121401000304,PCBL,45,33,30,226.00,6780.00
15502,15503,2022121401000303,HDL,25,58,30,3840.00,115200.00
15503,15504,2022121401000302,RFPL,56,55,10,225.00,2250.00
15504,15505,2022121401000301,NICA,58,35,90,689.80,62082.00
15505,15506,2022121401000300,NICA,58,45,14,689.80,9657.20
15506,15507,2022121401000299,NICA,58,53,300,689.80,206940.00
15507,15508,2022121401000298,NICA,58,48,50,689.00,34450.00
15508,15509,2022121401000297,NICA,58,14,100,689.00,68900.00
15509,15510,2022121401000296,NICA,58,49,82,689.00,56498.00
15510,15511,2022121401000295,NICA,58,58,106,688.00,72928.00
15511,15512,2022121401000294,NICA,58,33,100,688.00,68800.00
15512,15513,2022121401000293,NICA,58,53,25,685.00,17125.00
15513,15514,2022121401000292,NICA,58,47,130,680.00,88400.00
15514,15515,2022121401000291,NICA,58,4,300,680.00,204000.00
15515,15516,2022121401000290,CCBL,32,43,500,186.00,93000.00
15516,15517,2022121401000289,HDL,25,32,93,3840.00,357120.00
15517,15518,2022121401000288,NIB,42,6,83,218.90,18168.70
15518,15519,2022121401000287,NIB,42,6,10,219.00,2190.00
15519,15520,2022121402000568,EHPL,5,56,10,237.60,2376.00
15520,15521,2022121404000144,API,51,48,14,207.30,2902.20
15521,15522,2022121405000027,JALPA,38,4,10,3355.00,33550.00
15522,15523,2022121405000026,JALPA,38,54,10,3355.00,33550.00
15523,15524,2022121404000143,AHPC,21,55,380,267.00,101460.00
15524,15525,2022121404000142,SPDL,6,48,127,260.00,33020.00
15525,15526,2022121401000286,PRVU,58,33,40,199.00,7960.00
15526,15527,2022121401000285,CCBL,32,43,934,186.00,173724.00
15527,15528,2022121401000284,CCBL,32,43,66,186.00,12276.00
15528,15529,2022121401000283,NICA,25,4,400,680.00,272000.00
15529,15530,2022121401000282,NICA,25,57,100,678.00,67800.00
15530,15531,2022121404000141,RHPL,19,16,50,237.00,11850.00
15531,15532,2022121403000133,NLIC,53,45,50,609.80,30490.00
15532,15533,2022121401000281,NICA,14,56,10,676.00,6760.00
15533,15534,2022121404000140,UPPER,39,58,200,392.00,78400.00
15534,15535,2022121401000280,GBIME,21,19,20,212.00,4240.00
15535,15536,2022121405000025,SLI,55,14,10,330.00,3300.00
15536,15537,2022121401000279,SIKLES,58,49,10,375.10,3751.00
15537,15538,2022121402000567,EHPL,5,58,10,237.60,2376.00
15538,15539,2022121404000139,UPPER,45,58,86,392.00,33712.00
15539,15540,2022121404000138,UPPER,45,48,166,392.00,65072.00
15540,15541,2022121401000278,KBL,38,40,211,188.00,39668.00
15541,15542,2022121403000132,KSBBL,13,29,100,306.00,30600.00
15542,15543,2022121403000131,SKBBL,58,35,100,1115.00,111500.00
15543,15544,2022121404000137,NHPC,51,49,1000,203.00,203000.00
15544,15545,2022121401000277,SIKLES,34,45,10,375.00,3750.00
15545,15546,2022121404000136,UPPER,1,51,404,389.00,157156.00
15546,15547,2022121404000135,UPPER,32,51,100,389.00,38900.00
15547,15548,2022121404000134,UPPER,59,51,100,390.00,39000.00
15548,15549,2022121404000133,UPPER,57,51,30,390.00,11700.00
15549,15550,2022121404000132,UPPER,25,51,20,390.00,7800.00
15550,15551,2022121404000131,UPPER,45,51,500,390.00,195000.00
15551,15552,2022121404000130,UPPER,45,51,100,390.00,39000.00
15552,15553,2022121404000129,UPPER,45,51,100,390.00,39000.00
15553,15554,2022121404000128,UPPER,51,51,13,390.00,5070.00
15554,15555,2022121404000127,UPPER,56,51,100,390.00,39000.00
15555,15556,2022121404000126,UPPER,58,51,33,390.00,12870.00
15556,15557,2022121403000130,GRDBL,35,32,200,239.00,47800.00
15557,15558,2022121401000276,HDL,51,58,20,3840.00,76800.00
15558,15559,2022121401000275,CCBL,32,43,934,186.00,173724.00
15559,15560,2022121401000274,CCBL,32,43,66,186.00,12276.00
15560,15561,2022121403000129,NMFBS,3,35,30,1999.00,59970.00
15561,15562,2022121401000273,AVYAN,36,55,10,693.00,6930.00
15562,15563,2022121404000125,UPPER,22,48,50,392.00,19600.00
15563,15564,2022121404000124,AIL,39,38,10,385.00,3850.00
15564,15565,2022121404000123,AIL,39,48,10,384.00,3840.00
15565,15566,2022121403000128,HIDCL,19,36,10,166.00,1660.00
15566,15567,2022121402000566,PHCL,25,8,10,270.00,2700.00
15567,15568,2022121401000272,CCBL,32,43,800,186.00,148800.00
15568,15569,2022121401000271,CCBL,3,43,200,186.10,37220.00
15569,15570,2022121401000270,PPL,50,57,10,200.10,2001.00
15570,15571,2022121403000127,NTC,45,16,15,907.00,13605.00
15571,15572,2022121401000269,PPL,50,25,10,201.00,2010.00
15572,15573,2022121401000268,HHL,14,17,10,218.60,2186.00
15573,15574,2022121401000267,HHL,14,56,10,218.60,2186.00
15574,15575,2022121403000126,NRN,49,58,100,399.00,39900.00
15575,15576,2022121401000266,SANIMA,47,11,95,222.00,21090.00
15576,15577,2022121401000265,SANIMA,58,11,80,222.10,17768.00
15577,15578,2022121401000264,KBL,38,26,211,188.40,39752.40
15578,15579,2022121404000122,NHPC,39,49,30,200.00,6000.00
15579,15580,2022121405000024,MBJC,47,14,10,207.50,2075.00
15580,15581,2022121402000565,PHCL,58,19,10,270.00,2700.00
15581,15582,2022121402000564,PHCL,58,38,10,270.00,2700.00
15582,15583,2022121403000125,NIFRA,1,39,54,185.00,9990.00
15583,15584,2022121404000121,UPPER,32,48,100,392.00,39200.00
15584,15585,2022121401000263,NABIL,14,36,50,812.00,40600.00
15585,15586,2022121404000120,UPPER,42,48,100,392.00,39200.00
15586,15587,2022121401000262,RHGCL,42,14,10,204.10,2041.00
15587,15588,2022121404000119,RIDI,34,59,10,489.00,4890.00
15588,15589,2022121401000261,CYCL,34,21,10,2486.20,24862.00
15589,15590,2022121401000260,NABIL,20,36,120,812.00,97440.00
15590,15591,2022121405000023,MBJC,47,22,10,207.50,2075.00
15591,15592,2022121403000124,SMFDB,58,36,100,1202.00,120200.00
15592,15593,2022121403000123,SMFDB,58,21,169,1200.00,202800.00
15593,15594,2022121404000118,KKHC,56,45,10,180.00,1800.00
15594,15595,2022121403000122,NIFRA,1,57,124,185.00,22940.00
15595,15596,2022121403000121,NIFRA,1,44,21,185.00,3885.00
15596,15597,2022121403000120,NIFRA,1,14,88,185.00,16280.00
15597,15598,2022121402000563,PHCL,49,58,10,270.00,2700.00
15598,15599,2022121402000562,PHCL,49,10,10,270.00,2700.00
15599,15600,2022121404000117,RHPL,19,14,20,236.00,4720.00
15600,15601,2022121402000561,EHPL,5,21,10,237.60,2376.00
15601,15602,2022121404000116,KPCL,13,6,10,315.80,3158.00
15602,15603,2022121401000259,PRVU,58,11,82,199.00,16318.00
15603,15604,2022121401000258,PRVU,58,11,30,199.00,5970.00
15604,15605,2022121403000119,SFCL,45,53,46,249.00,11454.00
15605,15606,2022121402000560,PHCL,6,46,10,270.00,2700.00
15606,15607,2022121401000257,RFPL,56,58,10,225.00,2250.00
15607,15608,2022121401000256,SIKLES,34,45,10,375.00,3750.00
15608,15609,2022121403000118,SFCL,58,53,200,249.00,49800.00
15609,15610,2022121401000255,HDL,34,28,30,3849.00,115470.00
15610,15611,2022121401000254,SBL,58,36,97,314.00,30458.00
15611,15612,2022121401000253,SBL,58,45,28,314.00,8792.00
15612,15613,2022121401000252,SIKLES,58,57,10,375.10,3751.00
15613,15614,2022121404000115,UPPER,19,48,59,392.00,23128.00
15614,15615,2022121404000114,UPPER,19,34,11,391.00,4301.00
15615,15616,2022121401000251,RFPL,56,58,10,225.00,2250.00
15616,15617,2022121401000250,SIKLES,58,36,10,375.10,3751.00
15617,15618,2022121402000559,PHCL,6,53,10,270.00,2700.00
15618,15619,2022121401000249,CCBL,32,43,134,186.00,24924.00
15619,15620,2022121401000248,CCBL,25,43,361,186.00,67146.00
15620,15621,2022121401000247,CCBL,32,43,505,186.10,93980.50
15621,15622,2022121404000113,LEC,45,39,460,222.90,102534.00
15622,15623,2022121401000246,GVL,44,47,10,303.40,3034.00
15623,15624,2022121401000245,UHEWA,22,39,50,351.00,17550.00
15624,15625,2022121401000244,NABIL,50,36,100,812.00,81200.00
15625,15626,2022121404000112,UPPER,35,34,30,391.00,11730.00
15626,15627,2022121403000117,NIFRA,20,58,55,184.10,10125.50
15627,15628,2022121403000116,NIFRA,20,45,54,184.10,9941.40
15628,15629,2022121401000243,NABIL,22,36,10,812.00,8120.00
15629,15630,2022121404000111,UPPER,45,34,200,391.00,78200.00
15630,15631,2022121404000110,UPPER,51,34,62,391.00,24242.00
15631,15632,2022121401000242,RHGCL,22,34,10,204.00,2040.00
15632,15633,2022121404000109,RHPL,19,14,30,236.00,7080.00
15633,15634,2022121402000558,PHCL,6,38,10,270.00,2700.00
15634,15635,2022121403000115,NTC,45,49,85,906.90,77086.50
15635,15636,2022121403000114,NTC,45,26,100,906.00,90600.00
15636,15637,2022121403000113,KLBSL,34,33,70,835.00,58450.00
15637,15638,2022121403000112,KLBSL,34,58,63,835.00,52605.00
15638,15639,2022121403000111,KLBSL,34,7,10,835.00,8350.00
15639,15640,2022121401000241,SGHC,25,45,90,256.50,23085.00
15640,15641,2022121401000240,SGHC,25,35,10,256.00,2560.00
15641,15642,2022121401000239,SGHC,25,57,10,255.00,2550.00
15642,15643,2022121401000238,SGHC,25,28,10,253.00,2530.00
15643,15644,2022121401000237,SIKLES,58,45,10,375.10,3751.00
15644,15645,2022121401000236,RHGCL,22,48,10,204.00,2040.00
15645,15646,2022121403000110,MNBBL,45,56,13,420.00,5460.00
15646,15647,2022121401000235,NABIL,25,36,200,812.00,162400.00
15647,15648,2022121401000234,NABIL,28,36,14,812.00,11368.00
15648,15649,2022121401000233,ADBL,56,42,10,315.00,3150.00
15649,15650,2022121401000232,CCBL,25,43,239,186.00,44454.00
15650,15651,2022121401000231,CCBL,42,43,23,186.00,4278.00
15651,15652,2022121401000230,CCBL,32,43,395,186.00,73470.00
15652,15653,2022121401000229,CCBL,58,43,143,186.60,26683.80
15653,15654,2022121401000228,CCBL,1,43,200,187.00,37400.00
15654,15655,2022121402000557,EHPL,5,57,10,237.60,2376.00
15655,15656,2022121401000227,HDL,19,7,40,3850.00,154000.00
15656,15657,2022121401000226,HDL,19,58,10,3849.50,38495.00
15657,15658,2022121401000225,HIDCLP,52,14,50,95.30,4765.00
15658,15659,2022121404000108,UPPER,58,48,25,392.00,9800.00
15659,15660,2022121402000556,EHPL,5,56,10,237.60,2376.00
15660,15661,2022121402000555,EHPL,5,58,10,237.60,2376.00
15661,15662,2022121404000107,LEC,45,49,520,222.90,115908.00
15662,15663,2022121403000109,SFCL,58,53,19,252.60,4799.40
15663,15664,2022121403000108,SFCL,4,53,35,253.00,8855.00
15664,15665,2022121403000107,SFCL,20,53,100,253.00,25300.00
15665,15666,2022121401000224,PPL,42,57,10,200.00,2000.00
15666,15667,2022121401000223,RHGCL,22,52,10,204.00,2040.00
15667,15668,2022121401000222,NABIL,8,8,499,812.00,405188.00
15668,15669,2022121401000221,NABIL,8,8,251,812.00,203812.00
15669,15670,2022121401000220,SGHC,6,39,10,254.90,2549.00
15670,15671,2022121404000106,AHPC,6,55,100,267.00,26700.00
15671,15672,2022121401000219,PPL,50,52,10,199.90,1999.00
15672,15673,2022121405000022,JBLB,6,58,15,2711.00,40665.00
15673,15674,2022121403000106,WNLB,43,43,10,874.10,8741.00
15674,15675,2022121403000105,HIDCL,44,14,50,164.00,8200.00
15675,15676,2022121404000105,HDHPC,11,36,1010,173.00,174730.00
15676,15677,2022121401000218,SPHL,35,58,10,345.00,3450.00
15677,15678,2022121401000217,CCBL,32,43,495,186.70,92416.50
15678,15679,2022121401000216,CCBL,32,43,505,187.00,94435.00
15679,15680,2022121402000554,EHPL,5,34,10,237.60,2376.00
15680,15681,2022121401000215,USHEC,8,34,10,253.00,2530.00
15681,15682,2022121403000104,NIFRA,56,14,10,185.00,1850.00
15682,15683,2022121404000104,LEC,45,58,20,220.00,4400.00
15683,15684,2022121401000214,NICA,39,42,64,675.00,43200.00
15684,15685,2022121401000213,SIKLES,58,45,10,375.10,3751.00
15685,15686,2022121401000212,RFPL,56,45,10,225.00,2250.00
15686,15687,2022121404000103,RIDI,22,59,63,489.00,30807.00
15687,15688,2022121401000211,NESDO,53,49,10,3280.20,32802.00
15688,15689,2022121403000103,RMDC,25,53,40,940.00,37600.00
15689,15690,2022121405000021,SLI,55,58,10,335.20,3352.00
15690,15691,2022121405000020,SAHAS,7,48,10,450.00,4500.00
15691,15692,2022121403000102,NICLBSL,1,48,10,705.30,7053.00
15692,15693,2022121401000210,UHEWA,8,34,15,352.00,5280.00
15693,15694,2022121403000101,GBBL,14,57,100,383.00,38300.00
15694,15695,2022121403000100,GBBL,14,20,100,382.90,38290.00
15695,15696,2022121404000102,UPPER,51,54,10,391.00,3910.00
15696,15697,2022121404000101,NGPL,39,57,100,211.00,21100.00
15697,15698,2022121401000209,SPHL,35,57,10,345.00,3450.00
15698,15699,2022121401000208,RHGCL,22,52,10,204.00,2040.00
15699,15700,2022121401000207,ADBLD83,43,6,25,931.00,23275.00
15700,15701,2022121404000100,SHL,49,32,100,220.00,22000.00
15701,15702,2022121403000099,NTC,1,49,100,897.00,89700.00
15702,15703,2022121403000098,NICLBSL,11,48,10,705.50,7055.00
15703,15704,2022121404000099,HDHPC,44,14,30,172.60,5178.00
15704,15705,2022121404000098,SPDL,10,48,83,260.00,21580.00
15705,15706,2022121402000553,PHCL,35,59,10,270.00,2700.00
15706,15707,2022121402000552,PHCL,35,58,10,270.00,2700.00
15707,15708,2022121402000551,PHCL,35,49,10,270.00,2700.00
15708,15709,2022121401000206,CZBIL,58,58,12,177.60,2131.20
15709,15710,2022121401000205,CZBIL,43,58,50,177.70,8885.00
15710,15711,2022121401000204,CZBIL,25,58,50,177.70,8885.00
15711,15712,2022121401000203,SHIVM,5,16,82,544.00,44608.00
15712,15713,2022121401000202,SHIVM,58,16,18,544.00,9792.00
15713,15714,2022121403000097,CBBL,6,38,50,1105.00,55250.00
15714,15715,2022121401000201,MEGA,32,33,200,195.90,39180.00
15715,15716,2022121403000096,NTC,58,49,15,906.90,13603.50
15716,15717,2022121403000095,NTC,58,17,25,904.00,22600.00
15717,15718,2022121401000200,NBF3,48,4,100,7.17,717.00
15718,15719,2022121404000097,NMB50,59,10,100,9.24,924.00
15719,15720,2022121402000550,EHPL,5,58,10,237.60,2376.00
15720,15721,2022121403000094,NRIC,58,52,10,708.00,7080.00
15721,15722,2022121401000199,CBL,43,3,1340,211.10,282874.00
15722,15723,2022121401000198,CBL,6,3,30,211.20,6336.00
15723,15724,2022121401000197,CBL,11,3,100,211.20,21120.00
15724,15725,2022121401000196,CBL,40,3,400,211.20,84480.00
15725,15726,2022121401000195,CBL,28,3,130,212.00,27560.00
15726,15727,2022121401000194,PPL,50,52,10,199.90,1999.00
15727,15728,2022121403000093,LICN,32,25,10,1400.00,14000.00
15728,15729,2022121403000092,LICN,14,25,30,1400.00,42000.00
15729,15730,2022121403000091,LICN,59,25,30,1401.00,42030.00
15730,15731,2022121401000193,PPL,50,58,10,199.90,1999.00
15731,15732,2022121403000090,NIFRA,25,14,100,185.00,18500.00
15732,15733,2022121401000192,GBIME,34,19,184,213.00,39192.00
15733,15734,2022121401000191,GBIME,34,19,16,212.90,3406.40
15734,15735,2022121403000089,MMFDB,42,53,27,855.00,23085.00
15735,15736,2022121403000088,MMFDB,45,53,10,855.10,8551.00
15736,15737,2022121403000087,MMFDB,59,53,50,856.00,42800.00
15737,15738,2022121403000086,MMFDB,43,53,28,861.00,24108.00
15738,15739,2022121401000190,BHDC,47,17,10,343.00,3430.00
15739,15740,2022121401000189,CBL,28,34,358,212.00,75896.00
15740,15741,2022121401000188,RHGCL,34,38,10,204.00,2040.00
15741,15742,2022121404000096,API,51,49,28,208.00,5824.00
15742,15743,2022121403000085,GLBSL,39,49,10,770.50,7705.00
15743,15744,2022121401000187,BHDC,47,59,10,343.00,3430.00
15744,15745,2022121403000084,HIDCL,44,14,200,164.00,32800.00
15745,15746,2022121403000083,NTC,58,59,150,896.50,134475.00
15746,15747,2022121401000186,RHGCL,34,45,10,204.00,2040.00
15747,15748,2022121403000082,NTC,34,1,50,900.00,45000.00
15748,15749,2022121401000185,GVL,25,59,10,303.10,3031.00
15749,15750,2022121404000095,SHL,39,32,300,220.00,66000.00
15750,15751,2022121403000081,NIFRA,38,38,2,184.20,368.40
15751,15752,2022121401000184,SIKLES,58,45,10,375.10,3751.00
15752,15753,2022121405000019,TPC,21,59,10,318.00,3180.00
15753,15754,2022121401000183,CYCL,34,38,10,2486.20,24862.00
15754,15755,2022121401000182,SHIVM,7,38,500,546.00,273000.00
15755,15756,2022121402000549,EHPL,5,50,10,237.60,2376.00
15756,15757,2022121404000094,SFMF,17,59,100,8.91,891.00
15757,15758,2022121401000181,PRVU,6,33,100,200.00,20000.00
15758,15759,2022121401000180,PRVU,6,33,100,200.00,20000.00
15759,15760,2022121403000080,CIT,34,33,10,1870.00,18700.00
15760,15761,2022121401000179,PPL,48,47,10,203.90,2039.00
15761,15762,2022121403000079,NIFRA,7,14,10,185.00,1850.00
15762,15763,2022121401000178,BHL,22,42,10,241.90,2419.00
15763,15764,2022121401000177,SHIVM,45,55,340,546.50,185810.00
15764,15765,2022121401000176,SANIMA,47,48,10,222.00,2220.00
15765,15766,2022121404000093,TRH,26,38,10,332.00,3320.00
15766,15767,2022121404000092,NMB50,10,59,100,9.42,942.00
15767,15768,2022121401000175,NBL,42,11,14,274.00,3836.00
15768,15769,2022121401000174,NABIL,8,19,200,812.00,162400.00
15769,15770,2022121403000078,KRBL,19,32,10,246.00,2460.00
15770,15771,2022121402000548,PHCL,51,35,10,270.00,2700.00
15771,15772,2022121402000547,PHCL,51,35,10,270.00,2700.00
15772,15773,2022121401000173,SHIVM,45,49,160,546.50,87440.00
15773,15774,2022121401000172,SHIVM,5,49,40,547.00,21880.00
15774,15775,2022121402000546,PHCL,51,20,10,270.00,2700.00
15775,15776,2022121402000545,PHCL,51,45,10,270.00,2700.00
15776,15777,2022121402000544,PHCL,51,8,10,270.00,2700.00
15777,15778,2022121402000543,PHCL,51,58,10,270.00,2700.00
15778,15779,2022121402000542,PHCL,51,58,10,270.00,2700.00
15779,15780,2022121402000541,PHCL,51,32,10,270.00,2700.00
15780,15781,2022121402000540,PHCL,51,35,10,270.00,2700.00
15781,15782,2022121402000539,PHCL,51,19,10,270.00,2700.00
15782,15783,2022121403000077,NTC,58,28,10,897.00,8970.00
15783,15784,2022121401000171,SIKLES,58,53,10,375.10,3751.00
15784,15785,2022121401000170,ADBL,56,42,20,315.00,6300.00
15785,15786,2022121404000091,UPPER,25,58,20,392.00,7840.00
15786,15787,2022121401000169,SIKLES,58,53,10,375.10,3751.00
15787,15788,2022121401000168,SIKLES,58,53,10,375.10,3751.00
15788,15789,2022121402000538,PHCL,35,51,10,270.00,2700.00
15789,15790,2022121402000537,PHCL,35,58,10,270.00,2700.00
15790,15791,2022121402000536,PHCL,35,49,10,270.00,2700.00
15791,15792,2022121402000535,PHCL,35,49,10,270.00,2700.00
15792,15793,2022121402000534,PHCL,35,4,10,270.00,2700.00
15793,15794,2022121403000076,NIFRA,7,48,20,185.00,3700.00
15794,15795,2022121401000167,SPHL,35,57,10,345.00,3450.00
15795,15796,2022121401000166,SHIVM,5,58,360,547.00,196920.00
15796,15797,2022121401000165,CYCL,34,39,10,2486.20,24862.00
15797,15798,2022121401000164,SGHC,25,42,10,251.50,2515.00
15798,15799,2022121401000163,PRVU,7,36,30,198.30,5949.00
15799,15800,2022121401000162,PRVU,56,36,530,198.30,105099.00
15800,15801,2022121404000090,NMB50,10,10,100,9.24,924.00
15801,15802,2022121401000161,SHIVM,29,58,40,547.00,21880.00
15802,15803,2022121403000075,NFS,36,53,90,250.00,22500.00
15803,15804,2022121403000074,NFS,52,53,100,250.10,25010.00
15804,15805,2022121403000073,NFS,50,53,20,250.10,5002.00
15805,15806,2022121403000072,NFS,43,53,90,254.00,22860.00
15806,15807,2022121402000533,EHPL,5,56,10,237.60,2376.00
15807,15808,2022121401000160,KDBY,51,36,100,8.00,800.00
15808,15809,2022121403000071,NTC,58,16,10,897.00,8970.00
15809,15810,2022121401000159,NABIL,8,58,49,812.00,39788.00
15810,15811,2022121401000158,CYCL,34,39,10,2486.20,24862.00
15811,15812,2022121405000018,SLI,44,55,35,342.00,11970.00
15812,15813,2022121405000017,SLI,44,55,20,339.00,6780.00
15813,15814,2022121405000016,SLI,44,55,20,339.00,6780.00
15814,15815,2022121405000015,SLI,44,55,15,335.50,5032.50
15815,15816,2022121405000014,SLI,44,38,10,335.00,3350.00
15816,15817,2022121401000157,SBL,39,55,100,314.40,31440.00
15817,15818,2022121401000156,SHIVM,5,58,200,547.00,109400.00
15818,15819,2022121402000532,EHPL,5,42,10,237.60,2376.00
15819,15820,2022121404000089,UPPER,58,40,17,390.00,6630.00
15820,15821,2022121404000088,UPPER,37,40,17,390.00,6630.00
15821,15822,2022121401000155,UHEWA,33,54,10,347.00,3470.00
15822,15823,2022121404000087,NMB50,42,10,500,9.06,4530.00
15823,15824,2022121401000154,NICA,58,28,100,672.00,67200.00
15824,15825,2022121401000153,CYCL,34,39,10,2486.20,24862.00
15825,15826,2022121403000070,KRBL,29,29,10,250.80,2508.00
15826,15827,2022121401000152,NABIL,44,48,40,811.00,32440.00
15827,15828,2022121401000151,NABIL,42,48,10,812.00,8120.00
15828,15829,2022121403000069,NICLBSL,1,36,57,705.30,40202.10
15829,15830,2022121403000068,NICLBSL,25,36,100,706.00,70600.00
15830,15831,2022121403000067,NICLBSL,11,36,10,706.10,7061.00
15831,15832,2022121403000066,NICLBSL,43,36,33,707.00,23331.00
15832,15833,2022121403000065,GFCL,7,50,10,440.00,4400.00
15833,15834,2022121402000531,PHCL,51,34,10,270.00,2700.00
15834,15835,2022121401000150,NIB,14,33,10,223.00,2230.00
15835,15836,2022121401000149,NIB,14,25,290,222.90,64641.00
15836,15837,2022121403000064,ICFC,52,50,10,417.50,4175.00
15837,15838,2022121401000148,CYCL,34,58,10,2486.20,24862.00
15838,15839,2022121401000147,NABIL,44,33,10,811.00,8110.00
15839,15840,2022121401000146,NABIL,58,33,10,811.00,8110.00
15840,15841,2022121403000063,NTC,58,42,238,897.00,213486.00
15841,15842,2022121403000062,SFCL,20,53,900,253.00,227700.00
15842,15843,2022121403000061,SFCL,16,53,100,254.00,25400.00
15843,15844,2022121403000060,SFCL,37,53,500,255.00,127500.00
15844,15845,2022121401000145,NABIL,55,33,100,811.00,81100.00
15845,15846,2022121405000013,SLI,45,58,10,329.00,3290.00
15846,15847,2022121404000086,RADHI,42,58,10,216.00,2160.00
15847,15848,2022121401000144,CZBIL,32,28,657,177.20,116420.40
15848,15849,2022121401000143,CZBIL,33,28,100,177.20,17720.00
15849,15850,2022121401000142,CZBIL,32,28,100,177.20,17720.00
15850,15851,2022121401000141,CZBIL,3,28,200,177.20,35440.00
15851,15852,2022121401000140,CZBIL,1,28,500,177.20,88600.00
15852,15853,2022121401000139,CZBIL,7,28,25,177.20,4430.00
15853,15854,2022121401000138,CZBIL,43,28,15,177.30,2659.50
15854,15855,2022121401000137,CZBIL,19,28,150,177.50,26625.00
15855,15856,2022121401000136,CZBIL,38,28,25,178.00,4450.00
15856,15857,2022121401000135,CZBIL,10,28,100,178.00,17800.00
15857,15858,2022121401000134,CZBIL,1,28,128,178.10,22796.80
15858,15859,2022121402000530,PHCL,32,43,10,270.00,2700.00
15859,15860,2022121402000529,PHCL,32,59,10,270.00,2700.00
15860,15861,2022121402000528,PHCL,32,54,10,270.00,2700.00
15861,15862,2022121401000133,SBL,14,57,178,309.00,55002.00
15862,15863,2022121402000527,PHCL,32,19,10,270.00,2700.00
15863,15864,2022121401000132,CZBIL,1,36,372,178.10,66253.20
15864,15865,2022121401000131,CZBIL,17,36,132,179.00,23628.00
15865,15866,2022121401000130,HDL,49,7,10,3850.00,38500.00
15866,15867,2022121404000085,KPCL,38,36,10,321.50,3215.00
15867,15868,2022121403000059,NTC,58,42,500,897.00,448500.00
15868,15869,2022121401000129,NABIL,11,19,10,813.90,8139.00
15869,15870,2022121401000128,RHGCL,34,38,10,204.00,2040.00
15870,15871,2022121401000127,KBL,21,21,60,189.00,11340.00
15871,15872,2022121401000126,AVYAN,58,4,10,695.00,6950.00
15872,15873,2022121401000125,NESDO,54,19,10,3280.00,32800.00
15873,15874,2022121401000124,NESDO,58,19,10,3300.00,33000.00
15874,15875,2022121401000123,CZBIL,17,28,868,179.00,155372.00
15875,15876,2022121401000122,CZBIL,17,28,1020,180.00,183600.00
15876,15877,2022121401000121,CZBIL,39,28,112,180.80,20249.60
15877,15878,2022121404000084,JOSHI,48,58,50,192.00,9600.00
15878,15879,2022121401000120,CZBIL,39,28,300,180.80,54240.00
15879,15880,2022121404000083,NICBF,43,47,100,8.90,890.00
15880,15881,2022121405000012,MBJC,47,6,30,208.00,6240.00
15881,15882,2022121403000058,SINDU,43,4,964,262.00,252568.00
15882,15883,2022121403000057,SINDU,43,22,200,261.00,52200.00
15883,15884,2022121403000056,SINDU,43,58,90,260.90,23481.00
15884,15885,2022121403000055,HIDCL,38,48,10,163.00,1630.00
15885,15886,2022121401000119,CYCL,34,45,10,2486.20,24862.00
15886,15887,2022121401000118,MHL,54,52,10,308.00,3080.00
15887,15888,2022121403000054,GLBSL,17,35,102,786.00,80172.00
15888,15889,2022121403000053,GLBSL,39,35,10,787.00,7870.00
15889,15890,2022121401000117,SGHC,25,40,10,251.50,2515.00
15890,15891,2022121401000116,BOKL,20,36,100,202.00,20200.00
15891,15892,2022121401000115,BOKL,32,36,400,203.00,81200.00
15892,15893,2022121401000114,BOKL,54,36,50,203.00,10150.00
15893,15894,2022121401000113,BOKL,35,36,100,203.10,20310.00
15894,15895,2022121401000112,BOKL,41,36,47,204.00,9588.00
15895,15896,2022121404000082,HDHPC,58,36,190,173.00,32870.00
15896,15897,2022121404000081,HDHPC,58,58,10,173.00,1730.00
15897,15898,2022121401000111,SIKLES,34,42,10,375.00,3750.00
15898,15899,2022121404000080,SHL,45,32,2000,218.00,436000.00
15899,15900,2022121404000079,SHL,57,32,1200,218.10,261720.00
15900,15901,2022121401000110,CYCL,34,7,10,2486.20,24862.00
15901,15902,2022121403000052,GBLBS,58,38,90,610.00,54900.00
15902,15903,2022121403000051,GBLBS,58,47,10,610.00,6100.00
15903,15904,2022121401000109,PRVU,56,49,470,198.30,93201.00
15904,15905,2022121401000108,MBL,56,44,20,217.00,4340.00
15905,15906,2022121401000107,RHGCL,34,38,10,204.00,2040.00
15906,15907,2022121405000011,SAHAS,56,55,10,452.00,4520.00
15907,15908,2022121401000106,USHEC,46,47,10,250.10,2501.00
15908,15909,2022121403000050,NFS,43,17,10,254.00,2540.00
15909,15910,2022121403000049,GLBSL,58,35,10,790.00,7900.00
15910,15911,2022121401000105,CYCL,34,54,10,2486.20,24862.00
15911,15912,2022121402000526,PHCL,57,19,10,270.00,2700.00
15912,15913,2022121401000104,SGHC,25,10,30,251.50,7545.00
15913,15914,2022121401000103,KBL,58,53,44,189.20,8324.80
15914,15915,2022121401000102,DORDI,19,43,10,230.00,2300.00
15915,15916,2022121403000048,HIDCL,21,19,40,166.00,6640.00
15916,15917,2022121401000101,CZBIL,39,49,188,180.80,33990.40
15917,15918,2022121403000047,NIFRA,44,34,146,187.60,27389.60
15918,15919,2022121403000046,NIFRA,44,11,54,185.90,10038.60
15919,15920,2022121404000078,NICGF,43,58,250,9.00,2250.00
15920,15921,2022121404000077,UPPER,11,21,58,391.00,22678.00
15921,15922,2022121403000045,HIDCL,58,19,10,166.00,1660.00
15922,15923,2022121401000100,CYCL,34,35,10,2486.20,24862.00
15923,15924,2022121401000099,CYCL,34,35,10,2486.20,24862.00
15924,15925,2022121401000098,UHEWA,33,17,10,347.00,3470.00
15925,15926,2022121403000044,SIFC,8,50,92,310.00,28520.00
15926,15927,2022121403000043,SIFC,8,18,538,309.90,166726.20
15927,15928,2022121403000042,SIFC,8,13,80,309.70,24776.00
15928,15929,2022121403000041,SIFC,8,22,170,309.00,52530.00
15929,15930,2022121403000040,SIFC,8,54,220,308.00,67760.00
15930,15931,2022121401000097,KBL,58,11,106,189.20,20055.20
15931,15932,2022121403000039,NIFRA,1,19,54,184.00,9936.00
15932,15933,2022121403000038,LLBS,50,39,50,1006.00,50300.00
15933,15934,2022121401000096,NABIL,21,16,100,811.00,81100.00
15934,15935,2022121402000525,PHCL,56,38,10,270.00,2700.00
15935,15936,2022121402000524,PHCL,56,38,10,270.00,2700.00
15936,15937,2022121403000037,KRBL,29,34,75,255.90,19192.50
15937,15938,2022121401000095,SIKLES,34,17,10,372.00,3720.00
15938,15939,2022121401000094,SIKLES,34,1,10,372.00,3720.00
15939,15940,2022121405000010,BNHC,17,17,10,323.00,3230.00
15940,15941,2022121403000036,HIDCL,16,19,13,166.00,2158.00
15941,15942,2022121404000076,SJCL,45,44,50,230.00,11500.00
15942,15943,2022121404000075,SJCL,19,44,250,230.00,57500.00
15943,15944,2022121403000035,NLIC,11,3,43,615.00,26445.00
15944,15945,2022121404000074,NMB50,10,10,100,9.24,924.00
15945,15946,2022121401000093,SGHC,25,17,10,251.50,2515.00
15946,15947,2022121404000073,BARUN,16,38,110,197.00,21670.00
15947,15948,2022121404000072,BARUN,49,38,10,198.00,1980.00
15948,15949,2022121401000092,NABIL,57,33,30,811.00,24330.00
15949,15950,2022121401000091,NABIL,48,33,50,811.00,40550.00
15950,15951,2022121401000090,NABIL,58,33,10,811.00,8110.00
15951,15952,2022121401000089,NABIL,17,33,10,811.00,8110.00
15952,15953,2022121404000071,RIDI,58,58,18,490.00,8820.00
15953,15954,2022121402000523,PHCL,11,45,10,270.00,2700.00
15954,15955,2022121402000522,PHCL,11,35,10,270.00,2700.00
15955,15956,2022121402000521,PHCL,11,43,10,270.00,2700.00
15956,15957,2022121402000520,PHCL,11,58,10,270.00,2700.00
15957,15958,2022121402000519,PHCL,51,1,10,270.00,2700.00
15958,15959,2022121402000518,PHCL,51,7,10,270.00,2700.00
15959,15960,2022121402000517,PHCL,51,13,10,270.00,2700.00
15960,15961,2022121402000516,PHCL,51,47,10,270.00,2700.00
15961,15962,2022121402000515,PHCL,51,38,10,270.00,2700.00
15962,15963,2022121402000514,PHCL,51,59,10,270.00,2700.00
15963,15964,2022121402000513,PHCL,51,49,10,270.00,2700.00
15964,15965,2022121402000512,PHCL,51,49,10,270.00,2700.00
15965,15966,2022121402000511,PHCL,51,22,10,270.00,2700.00
15966,15967,2022121402000510,PHCL,51,49,10,270.00,2700.00
15967,15968,2022121402000509,PHCL,51,32,10,270.00,2700.00
15968,15969,2022121401000088,SIKLES,34,38,10,372.00,3720.00
15969,15970,2022121402000508,PHCL,51,16,10,270.00,2700.00
15970,15971,2022121402000507,PHCL,51,49,10,270.00,2700.00
15971,15972,2022121402000506,PHCL,51,48,10,270.00,2700.00
15972,15973,2022121402000505,PHCL,51,13,10,270.00,2700.00
15973,15974,2022121402000504,PHCL,51,34,10,270.00,2700.00
15974,15975,2022121402000503,PHCL,51,19,10,270.00,2700.00
15975,15976,2022121402000502,PHCL,51,38,10,270.00,2700.00
15976,15977,2022121402000501,PHCL,51,16,10,270.00,2700.00
15977,15978,2022121402000500,PHCL,51,58,10,270.00,2700.00
15978,15979,2022121402000499,PHCL,51,36,10,270.00,2700.00
15979,15980,2022121402000498,PHCL,51,42,10,270.00,2700.00
15980,15981,2022121402000497,PHCL,51,42,10,270.00,2700.00
15981,15982,2022121402000496,PHCL,51,45,10,270.00,2700.00
15982,15983,2022121402000495,PHCL,51,29,10,270.00,2700.00
15983,15984,2022121402000494,PHCL,51,59,10,270.00,2700.00
15984,15985,2022121402000493,PHCL,51,58,10,270.00,2700.00
15985,15986,2022121402000492,PHCL,51,28,10,270.00,2700.00
15986,15987,2022121402000491,PHCL,51,49,10,270.00,2700.00
15987,15988,2022121402000490,PHCL,51,57,10,270.00,2700.00
15988,15989,2022121402000489,PHCL,51,38,10,270.00,2700.00
15989,15990,2022121402000488,PHCL,51,45,10,270.00,2700.00
15990,15991,2022121402000487,PHCL,51,16,10,270.00,2700.00
15991,15992,2022121402000486,PHCL,51,56,10,270.00,2700.00
15992,15993,2022121402000485,PHCL,51,29,10,270.00,2700.00
15993,15994,2022121402000484,PHCL,51,8,10,270.00,2700.00
15994,15995,2022121402000483,PHCL,51,49,10,270.00,2700.00
15995,15996,2022121402000482,PHCL,51,36,10,270.00,2700.00
15996,15997,2022121402000481,PHCL,51,42,10,270.00,2700.00
15997,15998,2022121402000480,PHCL,51,38,10,270.00,2700.00
15998,15999,2022121402000479,PHCL,51,32,10,270.00,2700.00
15999,16000,2022121402000478,PHCL,51,4,85,270.00,22950.00
16000,16001,2022121404000070,UPPER,11,47,85,391.00,33235.00
16001,16002,2022121401000087,RHGCL,34,17,10,204.00,2040.00
16002,16003,2022121401000086,CYCL,34,42,10,2486.20,24862.00
16003,16004,2022121403000034,NTC,14,59,200,900.00,180000.00
16004,16005,2022121403000033,NTC,22,59,100,900.00,90000.00
16005,16006,2022121403000032,NTC,22,59,50,901.00,45050.00
16006,16007,2022121404000069,SJCL,19,16,250,230.00,57500.00
16007,16008,2022121401000085,CCBL,32,58,105,186.00,19530.00
16008,16009,2022121404000068,UPPER,49,47,10,391.00,3910.00
16009,16010,2022121401000084,AVYAN,58,17,10,700.00,7000.00
16010,16011,2022121402000477,PHCL,11,4,200,270.00,54000.00
16011,16012,2022121403000031,NICLBSL,25,26,10,705.10,7051.00
16012,16013,2022121404000067,SHPC,58,6,330,274.00,90420.00
16013,16014,2022121404000066,RURU,33,10,20,739.80,14796.00
16014,16015,2022121404000065,RURU,33,38,30,739.80,22194.00
16015,16016,2022121405000009,SLI,25,55,10,335.50,3355.00
16016,16017,2022121404000064,AHPC,11,55,20,267.00,5340.00
16017,16018,2022121405000008,SLI,25,26,10,329.00,3290.00
16018,16019,2022121402000476,PHCL,45,4,10,270.00,2700.00
16019,16020,2022121403000030,NTC,51,32,100,902.00,90200.00
16020,16021,2022121404000063,UIC,19,54,190,335.00,63650.00
16021,16022,2022121401000083,CYCL,34,51,10,2486.20,24862.00
16022,16023,2022121403000029,LBBL,48,34,10,314.00,3140.00
16023,16024,2022121402000475,PHCL,42,4,100,270.00,27000.00
16024,16025,2022121402000474,PHCL,11,4,50,270.00,13500.00
16025,16026,2022121402000473,PHCL,45,4,20,270.00,5400.00
16026,16027,2022121404000062,RURU,43,8,10,739.80,7398.00
16027,16028,2022121404000061,UIC,45,54,200,335.00,67000.00
16028,16029,2022121404000060,UIC,19,54,110,335.10,36861.00
16029,16030,2022121401000082,DORDI,19,3,10,230.00,2300.00
16030,16031,2022121402000472,PHCL,13,4,10,270.00,2700.00
16031,16032,2022121404000059,HPPL,39,48,10,244.60,2446.00
16032,16033,2022121401000081,CCBL,32,43,495,187.00,92565.00
16033,16034,2022121401000080,CCBL,7,43,10,188.20,1882.00
16034,16035,2022121401000079,CCBL,58,43,100,188.20,18820.00
16035,16036,2022121401000078,CCBL,39,43,100,188.20,18820.00
16036,16037,2022121401000077,CCBL,38,43,275,188.20,51755.00
16037,16038,2022121401000076,CCBL,33,43,20,188.30,3766.00
16038,16039,2022121404000058,UPPER,22,47,50,391.00,19550.00
16039,16040,2022121401000075,LBL,21,57,50,195.00,9750.00
16040,16041,2022121403000028,NIFRA,56,4,19,185.00,3515.00
16041,16042,2022121404000057,API,58,19,22,207.20,4558.40
16042,16043,2022121403000027,GUFL,35,50,10,518.00,5180.00
16043,16044,2022121402000471,PHCL,42,4,25,270.00,6750.00
16044,16045,2022121402000470,PHCL,42,20,10,270.00,2700.00
16045,16046,2022121401000074,NABIL,17,45,10,814.00,8140.00
16046,16047,2022121401000073,CYCL,34,38,10,2486.20,24862.00
16047,16048,2022121401000072,PRVU,51,49,40,198.30,7932.00
16048,16049,2022121403000026,NICLBSL,11,19,10,702.20,7022.00
16049,16050,2022121403000025,KRBL,29,42,25,255.90,6397.50
16050,16051,2022121401000071,PRVU,52,49,50,198.30,9915.00
16051,16052,2022121402000469,PHCL,16,57,10,270.00,2700.00
16052,16053,2022121402000468,EHPL,5,28,10,237.60,2376.00
16053,16054,2022121401000070,USHEC,46,16,10,250.10,2501.00
16054,16055,2022121401000069,NABIL,57,45,10,814.00,8140.00
16055,16056,2022121404000056,UPPER,34,47,100,391.00,39100.00
16056,16057,2022121403000024,NIFRA,1,49,60,184.00,11040.00
16057,16058,2022121404000055,SJCL,43,44,250,232.50,58125.00
16058,16059,2022121404000054,RIDI,58,58,11,490.00,5390.00
16059,16060,2022121401000068,CYCL,34,4,10,2486.20,24862.00
16060,16061,2022121402000467,PHCL,42,34,10,270.00,2700.00
16061,16062,2022121402000466,PHCL,42,38,10,270.00,2700.00
16062,16063,2022121402000465,PHCL,42,32,10,270.00,2700.00
16063,16064,2022121402000464,PHCL,42,39,10,270.00,2700.00
16064,16065,2022121402000463,PHCL,42,42,10,270.00,2700.00
16065,16066,2022121402000462,PHCL,42,57,10,270.00,2700.00
16066,16067,2022121402000461,PHCL,42,17,10,270.00,2700.00
16067,16068,2022121402000460,PHCL,42,6,10,270.00,2700.00
16068,16069,2022121402000459,PHCL,42,59,10,270.00,2700.00
16069,16070,2022121402000458,PHCL,42,59,10,270.00,2700.00
16070,16071,2022121402000457,PHCL,42,58,10,270.00,2700.00
16071,16072,2022121402000456,PHCL,42,50,10,270.00,2700.00
16072,16073,2022121402000455,PHCL,42,49,10,270.00,2700.00
16073,16074,2022121402000454,PHCL,42,42,10,270.00,2700.00
16074,16075,2022121401000067,SIKLES,56,46,10,370.70,3707.00
16075,16076,2022121401000066,CYCL,34,55,10,2486.20,24862.00
16076,16077,2022121403000023,GRDBL,48,32,20,243.80,4876.00
16077,16078,2022121405000007,MKJC,50,28,10,396.90,3969.00
16078,16079,2022121403000022,SLBBL,59,7,10,854.00,8540.00
16079,16080,2022121403000021,EDBL,19,58,20,309.00,6180.00
16080,16081,2022121404000053,SJCL,43,54,20,232.30,4646.00
16081,16082,2022121404000052,SJCL,43,38,30,232.30,6969.00
16082,16083,2022121404000051,SJCL,43,42,50,232.30,11615.00
16083,16084,2022121404000050,SJCL,43,48,150,232.30,34845.00
16084,16085,2022121405000006,MBJC,19,56,10,206.30,2063.00
16085,16086,2022121401000065,NABIL,57,45,100,814.00,81400.00
16086,16087,2022121401000064,NABIL,49,45,40,814.00,32560.00
16087,16088,2022121403000020,NIFRA,39,4,35,185.00,6475.00
16088,16089,2022121402000453,PHCL,59,59,10,270.00,2700.00
16089,16090,2022121401000063,RFPL,56,56,10,225.00,2250.00
16090,16091,2022121405000005,MKJC,28,58,10,421.00,4210.00
16091,16092,2022121404000049,NEF,37,57,4000,7.83,31320.00
16092,16093,2022121402000452,EHPL,5,58,10,237.60,2376.00
16093,16094,2022121402000451,EHPL,5,42,10,237.60,2376.00
16094,16095,2022121403000019,GBBL,51,55,35,384.40,13454.00
16095,16096,2022121403000018,GBBL,51,58,65,384.00,24960.00
16096,16097,2022121403000017,GRDBL,48,54,20,239.10,4782.00
16097,16098,2022121402000450,PHCL,58,58,10,270.00,2700.00
16098,16099,2022121404000048,SHPC,58,34,170,274.00,46580.00
16099,16100,2022121404000047,UPPER,58,13,100,394.00,39400.00
16100,16101,2022121403000016,NIFRA,39,57,200,184.00,36800.00
16101,16102,2022121403000015,NIFRA,39,56,15,184.00,2760.00
16102,16103,2022121402000449,PHCL,34,1,10,270.00,2700.00
16103,16104,2022121402000448,PHCL,34,19,10,270.00,2700.00
16104,16105,2022121402000447,PHCL,34,47,10,270.00,2700.00
16105,16106,2022121402000446,PHCL,34,44,10,270.00,2700.00
16106,16107,2022121402000445,PHCL,34,32,10,270.00,2700.00
16107,16108,2022121402000444,EHPL,5,40,10,237.60,2376.00
16108,16109,2022121404000046,RIDI,45,58,300,490.00,147000.00
16109,16110,2022121401000062,HDL,57,58,10,3801.00,38010.00
16110,16111,2022121401000061,CYCL,34,58,10,2486.20,24862.00
16111,16112,2022121403000014,NIFRA,58,56,25,184.00,4600.00
16112,16113,2022121404000045,UPPER,53,21,100,393.00,39300.00
16113,16114,2022121404000044,AKPL,46,58,10,342.10,3421.00
16114,16115,2022121402000443,EHPL,5,49,10,237.60,2376.00
16115,16116,2022121405000004,MKJC,50,28,10,396.90,3969.00
16116,16117,2022121404000043,API,14,35,24,207.00,4968.00
16117,16118,2022121405000003,SLI,17,55,100,329.00,32900.00
16118,16119,2022121404000042,NICL,51,55,100,430.00,43000.00
16119,16120,2022121404000041,UPPER,34,13,50,394.00,19700.00
16120,16121,2022121402000442,PHCL,34,19,10,270.00,2700.00
16121,16122,2022121402000441,PHCL,34,47,10,270.00,2700.00
16122,16123,2022121402000440,PHCL,34,58,10,270.00,2700.00
16123,16124,2022121402000439,PHCL,34,58,10,270.00,2700.00
16124,16125,2022121402000438,PHCL,34,58,10,270.00,2700.00
16125,16126,2022121404000040,API,16,18,14,211.00,2954.00
16126,16127,2022121402000437,PHCL,3,58,10,270.00,2700.00
16127,16128,2022121402000436,PHCL,3,28,10,270.00,2700.00
16128,16129,2022121402000435,PHCL,3,49,10,270.00,2700.00
16129,16130,2022121402000434,PHCL,3,49,10,270.00,2700.00
16130,16131,2022121402000433,PHCL,3,7,10,270.00,2700.00
16131,16132,2022121402000432,PHCL,3,4,100,270.00,27000.00
16132,16133,2022121402000431,PHCL,3,13,10,270.00,2700.00
16133,16134,2022121402000430,PHCL,3,42,10,270.00,2700.00
16134,16135,2022121402000429,PHCL,3,19,10,270.00,2700.00
16135,16136,2022121402000428,PHCL,3,38,10,270.00,2700.00
16136,16137,2022121402000427,PHCL,3,8,10,270.00,2700.00
16137,16138,2022121402000426,PHCL,3,58,10,270.00,2700.00
16138,16139,2022121402000425,PHCL,3,49,10,270.00,2700.00
16139,16140,2022121402000424,PHCL,3,57,10,270.00,2700.00
16140,16141,2022121402000423,PHCL,3,38,10,270.00,2700.00
16141,16142,2022121402000422,PHCL,3,38,10,270.00,2700.00
16142,16143,2022121402000421,PHCL,3,38,10,270.00,2700.00
16143,16144,2022121402000420,PHCL,3,58,10,270.00,2700.00
16144,16145,2022121402000419,PHCL,3,49,10,270.00,2700.00
16145,16146,2022121402000418,PHCL,3,49,10,270.00,2700.00
16146,16147,2022121402000417,PHCL,3,48,10,270.00,2700.00
16147,16148,2022121402000416,PHCL,3,49,10,270.00,2700.00
16148,16149,2022121402000415,PHCL,3,49,10,270.00,2700.00
16149,16150,2022121402000414,PHCL,3,56,10,270.00,2700.00
16150,16151,2022121402000413,PHCL,3,21,10,270.00,2700.00
16151,16152,2022121402000412,PHCL,3,49,10,270.00,2700.00
16152,16153,2022121402000411,PHCL,3,3,10,270.00,2700.00
16153,16154,2022121402000410,PHCL,3,39,10,270.00,2700.00
16154,16155,2022121402000409,PHCL,3,8,10,270.00,2700.00
16155,16156,2022121402000408,PHCL,3,58,10,270.00,2700.00
16156,16157,2022121402000407,PHCL,3,4,100,270.00,27000.00
16157,16158,2022121402000406,PHCL,3,57,10,270.00,2700.00
16158,16159,2022121402000405,PHCL,3,38,10,270.00,2700.00
16159,16160,2022121402000404,PHCL,3,38,10,270.00,2700.00
16160,16161,2022121402000403,PHCL,3,49,10,270.00,2700.00
16161,16162,2022121402000402,PHCL,3,35,10,270.00,2700.00
16162,16163,2022121402000401,PHCL,3,35,10,270.00,2700.00
16163,16164,2022121402000400,PHCL,3,57,10,270.00,2700.00
16164,16165,2022121402000399,PHCL,3,16,10,270.00,2700.00
16165,16166,2022121402000398,PHCL,3,58,10,270.00,2700.00
16166,16167,2022121402000397,PHCL,3,49,10,270.00,2700.00
16167,16168,2022121402000396,PHCL,3,45,10,270.00,2700.00
16168,16169,2022121402000395,PHCL,3,59,10,270.00,2700.00
16169,16170,2022121402000394,PHCL,3,8,10,270.00,2700.00
16170,16171,2022121402000393,PHCL,3,48,10,270.00,2700.00
16171,16172,2022121402000392,PHCL,3,19,10,270.00,2700.00
16172,16173,2022121402000391,PHCL,3,19,10,270.00,2700.00
16173,16174,2022121402000390,PHCL,3,38,10,270.00,2700.00
16174,16175,2022121402000389,PHCL,3,38,10,270.00,2700.00
16175,16176,2022121402000388,PHCL,3,58,10,270.00,2700.00
16176,16177,2022121402000387,PHCL,3,58,10,270.00,2700.00
16177,16178,2022121402000386,PHCL,3,54,10,270.00,2700.00
16178,16179,2022121402000385,PHCL,3,49,10,270.00,2700.00
16179,16180,2022121402000384,PHCL,3,49,10,270.00,2700.00
16180,16181,2022121402000383,PHCL,3,48,10,270.00,2700.00
16181,16182,2022121402000382,PHCL,3,16,10,270.00,2700.00
16182,16183,2022121402000381,PHCL,3,59,10,270.00,2700.00
16183,16184,2022121402000380,PHCL,3,58,10,270.00,2700.00
16184,16185,2022121402000379,PHCL,3,46,10,270.00,2700.00
16185,16186,2022121402000378,PHCL,3,44,10,270.00,2700.00
16186,16187,2022121402000377,PHCL,3,56,10,270.00,2700.00
16187,16188,2022121402000376,PHCL,3,58,10,270.00,2700.00
16188,16189,2022121402000375,PHCL,3,48,10,270.00,2700.00
16189,16190,2022121402000374,PHCL,3,4,100,270.00,27000.00
16190,16191,2022121402000373,PHCL,3,45,10,270.00,2700.00
16191,16192,2022121402000372,PHCL,3,17,10,270.00,2700.00
16192,16193,2022121402000371,PHCL,3,52,10,270.00,2700.00
16193,16194,2022121402000370,PHCL,3,58,10,270.00,2700.00
16194,16195,2022121402000369,PHCL,3,48,10,270.00,2700.00
16195,16196,2022121402000368,PHCL,3,53,10,270.00,2700.00
16196,16197,2022121402000367,PHCL,3,38,10,270.00,2700.00
16197,16198,2022121402000366,PHCL,3,58,10,270.00,2700.00
16198,16199,2022121402000365,PHCL,3,49,10,270.00,2700.00
16199,16200,2022121402000364,PHCL,3,49,10,270.00,2700.00
16200,16201,2022121402000363,PHCL,3,22,10,270.00,2700.00
16201,16202,2022121402000362,PHCL,3,4,500,270.00,135000.00
16202,16203,2022121402000361,PHCL,3,20,10,270.00,2700.00
16203,16204,2022121402000360,PHCL,3,42,10,270.00,2700.00
16204,16205,2022121402000359,PHCL,3,49,10,270.00,2700.00
16205,16206,2022121402000358,PHCL,3,22,10,270.00,2700.00
16206,16207,2022121402000357,PHCL,3,45,10,270.00,2700.00
16207,16208,2022121402000356,PHCL,3,21,10,270.00,2700.00
16208,16209,2022121402000355,PHCL,3,58,10,270.00,2700.00
16209,16210,2022121402000354,PHCL,3,58,10,270.00,2700.00
16210,16211,2022121402000353,PHCL,3,42,10,270.00,2700.00
16211,16212,2022121402000352,PHCL,3,57,10,270.00,2700.00
16212,16213,2022121402000351,PHCL,3,59,10,270.00,2700.00
16213,16214,2022121402000350,PHCL,3,59,10,270.00,2700.00
16214,16215,2022121402000349,PHCL,3,52,10,270.00,2700.00
16215,16216,2022121402000348,PHCL,3,52,10,270.00,2700.00
16216,16217,2022121402000347,PHCL,3,58,10,270.00,2700.00
16217,16218,2022121402000346,PHCL,3,48,10,270.00,2700.00
16218,16219,2022121402000345,PHCL,3,34,10,270.00,2700.00
16219,16220,2022121402000344,PHCL,3,34,10,270.00,2700.00
16220,16221,2022121402000343,PHCL,3,57,10,270.00,2700.00
16221,16222,2022121402000342,PHCL,3,25,10,270.00,2700.00
16222,16223,2022121402000341,PHCL,3,38,1000,270.00,270000.00
16223,16224,2022121402000340,PHCL,3,38,10,270.00,2700.00
16224,16225,2022121402000339,PHCL,3,58,10,270.00,2700.00
16225,16226,2022121402000338,PHCL,3,58,10,270.00,2700.00
16226,16227,2022121402000337,PHCL,3,49,10,270.00,2700.00
16227,16228,2022121402000336,PHCL,3,36,10,270.00,2700.00
16228,16229,2022121402000335,PHCL,3,32,10,270.00,2700.00
16229,16230,2022121402000334,PHCL,3,4,100,270.00,27000.00
16230,16231,2022121402000333,PHCL,3,13,10,270.00,2700.00
16231,16232,2022121402000332,PHCL,3,58,10,270.00,2700.00
16232,16233,2022121402000331,PHCL,3,58,10,270.00,2700.00
16233,16234,2022121402000330,PHCL,3,49,10,270.00,2700.00
16234,16235,2022121402000329,PHCL,3,49,10,270.00,2700.00
16235,16236,2022121402000328,PHCL,3,49,10,270.00,2700.00
16236,16237,2022121402000327,PHCL,3,13,10,270.00,2700.00
16237,16238,2022121402000326,PHCL,3,37,10,270.00,2700.00
16238,16239,2022121402000325,PHCL,3,45,10,270.00,2700.00
16239,16240,2022121402000324,PHCL,3,21,10,270.00,2700.00
16240,16241,2022121402000323,PHCL,3,20,10,270.00,2700.00
16241,16242,2022121402000322,PHCL,3,34,10,270.00,2700.00
16242,16243,2022121402000321,PHCL,3,47,10,270.00,2700.00
16243,16244,2022121402000320,PHCL,3,59,10,270.00,2700.00
16244,16245,2022121402000319,PHCL,3,49,10,270.00,2700.00
16245,16246,2022121402000318,PHCL,3,42,10,270.00,2700.00
16246,16247,2022121402000317,PHCL,3,38,10,270.00,2700.00
16247,16248,2022121402000316,PHCL,3,38,10,270.00,2700.00
16248,16249,2022121402000315,PHCL,3,21,10,270.00,2700.00
16249,16250,2022121402000314,PHCL,3,56,10,270.00,2700.00
16250,16251,2022121402000313,PHCL,3,59,10,270.00,2700.00
16251,16252,2022121402000312,PHCL,3,58,10,270.00,2700.00
16252,16253,2022121402000311,PHCL,3,58,10,270.00,2700.00
16253,16254,2022121402000310,PHCL,3,49,10,270.00,2700.00
16254,16255,2022121402000309,PHCL,3,49,10,270.00,2700.00
16255,16256,2022121402000308,PHCL,3,32,10,270.00,2700.00
16256,16257,2022121402000307,PHCL,3,4,100,270.00,27000.00
16257,16258,2022121402000306,PHCL,3,49,10,270.00,2700.00
16258,16259,2022121402000305,PHCL,3,48,10,270.00,2700.00
16259,16260,2022121402000304,PHCL,3,53,10,270.00,2700.00
16260,16261,2022121402000303,PHCL,3,4,10,270.00,2700.00
16261,16262,2022121402000302,PHCL,3,25,10,270.00,2700.00
16262,16263,2022121402000301,PHCL,3,11,10,270.00,2700.00
16263,16264,2022121402000300,PHCL,3,16,10,270.00,2700.00
16264,16265,2022121402000299,PHCL,3,49,10,270.00,2700.00
16265,16266,2022121402000298,PHCL,3,49,10,270.00,2700.00
16266,16267,2022121402000297,PHCL,3,59,10,270.00,2700.00
16267,16268,2022121402000296,PHCL,3,8,10,270.00,2700.00
16268,16269,2022121402000295,PHCL,3,3,10,270.00,2700.00
16269,16270,2022121402000294,PHCL,3,19,10,270.00,2700.00
16270,16271,2022121402000293,PHCL,3,17,10,270.00,2700.00
16271,16272,2022121402000292,PHCL,3,7,10,270.00,2700.00
16272,16273,2022121402000291,PHCL,3,19,10,270.00,2700.00
16273,16274,2022121402000290,PHCL,3,38,10,270.00,2700.00
16274,16275,2022121402000289,PHCL,3,58,10,270.00,2700.00
16275,16276,2022121402000288,PHCL,3,58,10,270.00,2700.00
16276,16277,2022121402000287,PHCL,3,58,10,270.00,2700.00
16277,16278,2022121402000286,PHCL,3,19,10,270.00,2700.00
16278,16279,2022121402000285,PHCL,3,38,10,270.00,2700.00
16279,16280,2022121402000284,PHCL,3,17,10,270.00,2700.00
16280,16281,2022121402000283,PHCL,3,3,10,270.00,2700.00
16281,16282,2022121402000282,PHCL,3,58,10,270.00,2700.00
16282,16283,2022121402000281,PHCL,3,58,10,270.00,2700.00
16283,16284,2022121402000280,PHCL,3,48,10,270.00,2700.00
16284,16285,2022121402000279,PHCL,3,53,10,270.00,2700.00
16285,16286,2022121402000278,PHCL,3,4,10,270.00,2700.00
16286,16287,2022121402000277,PHCL,3,13,10,270.00,2700.00
16287,16288,2022121402000276,PHCL,3,20,10,270.00,2700.00
16288,16289,2022121402000275,PHCL,3,42,10,270.00,2700.00
16289,16290,2022121402000274,PHCL,3,57,10,270.00,2700.00
16290,16291,2022121402000273,PHCL,3,37,10,270.00,2700.00
16291,16292,2022121402000272,PHCL,3,59,10,270.00,2700.00
16292,16293,2022121402000271,PHCL,3,58,10,270.00,2700.00
16293,16294,2022121402000270,PHCL,3,49,10,270.00,2700.00
16294,16295,2022121402000269,PHCL,3,4,10,270.00,2700.00
16295,16296,2022121402000268,PHCL,3,26,10,270.00,2700.00
16296,16297,2022121402000267,PHCL,3,51,10,270.00,2700.00
16297,16298,2022121402000266,PHCL,3,58,10,270.00,2700.00
16298,16299,2022121402000265,PHCL,3,7,10,270.00,2700.00
16299,16300,2022121402000264,PHCL,3,21,10,270.00,2700.00
16300,16301,2022121402000263,PHCL,3,58,10,270.00,2700.00
16301,16302,2022121402000262,PHCL,3,48,10,270.00,2700.00
16302,16303,2022121402000261,PHCL,3,4,10,270.00,2700.00
16303,16304,2022121402000260,PHCL,3,47,10,270.00,2700.00
16304,16305,2022121402000259,PHCL,3,47,10,270.00,2700.00
16305,16306,2022121402000258,PHCL,3,38,10,270.00,2700.00
16306,16307,2022121402000257,PHCL,3,16,10,270.00,2700.00
16307,16308,2022121402000256,PHCL,3,21,10,270.00,2700.00
16308,16309,2022121402000255,PHCL,3,49,10,270.00,2700.00
16309,16310,2022121402000254,PHCL,3,49,10,270.00,2700.00
16310,16311,2022121402000253,PHCL,3,58,10,270.00,2700.00
16311,16312,2022121402000252,PHCL,3,55,10,270.00,2700.00
16312,16313,2022121402000251,PHCL,3,35,10,270.00,2700.00
16313,16314,2022121402000250,PHCL,3,57,10,270.00,2700.00
16314,16315,2022121402000249,PHCL,3,34,10,270.00,2700.00
16315,16316,2022121402000248,PHCL,3,19,10,270.00,2700.00
16316,16317,2022121402000247,PHCL,3,38,10,270.00,2700.00
16317,16318,2022121402000246,PHCL,3,38,10,270.00,2700.00
16318,16319,2022121402000245,PHCL,3,59,10,270.00,2700.00
16319,16320,2022121402000244,PHCL,3,38,10,270.00,2700.00
16320,16321,2022121402000243,PHCL,3,17,10,270.00,2700.00
16321,16322,2022121402000242,PHCL,3,46,10,270.00,2700.00
16322,16323,2022121402000241,PHCL,3,7,10,270.00,2700.00
16323,16324,2022121402000240,PHCL,3,5,10,270.00,2700.00
16324,16325,2022121402000239,PHCL,3,42,10,270.00,2700.00
16325,16326,2022121402000238,PHCL,3,57,10,270.00,2700.00
16326,16327,2022121402000237,PHCL,3,34,10,270.00,2700.00
16327,16328,2022121402000236,PHCL,3,38,10,270.00,2700.00
16328,16329,2022121402000235,PHCL,3,21,10,270.00,2700.00
16329,16330,2022121402000234,PHCL,3,32,10,270.00,2700.00
16330,16331,2022121402000233,PHCL,3,35,10,270.00,2700.00
16331,16332,2022121402000232,PHCL,3,44,10,270.00,2700.00
16332,16333,2022121402000231,PHCL,3,28,10,270.00,2700.00
16333,16334,2022121402000230,PHCL,3,49,10,270.00,2700.00
16334,16335,2022121402000229,PHCL,3,58,10,270.00,2700.00
16335,16336,2022121402000228,PHCL,3,14,10,270.00,2700.00
16336,16337,2022121402000227,PHCL,3,7,10,270.00,2700.00
16337,16338,2022121402000226,PHCL,3,22,10,270.00,2700.00
16338,16339,2022121402000225,PHCL,3,32,10,270.00,2700.00
16339,16340,2022121402000224,PHCL,3,35,10,270.00,2700.00
16340,16341,2022121402000223,PHCL,3,45,10,270.00,2700.00
16341,16342,2022121402000222,PHCL,3,58,10,270.00,2700.00
16342,16343,2022121402000221,PHCL,3,22,10,270.00,2700.00
16343,16344,2022121402000220,PHCL,3,53,10,270.00,2700.00
16344,16345,2022121402000219,PHCL,3,53,10,270.00,2700.00
16345,16346,2022121402000218,PHCL,3,11,10,270.00,2700.00
16346,16347,2022121402000217,PHCL,3,29,10,270.00,2700.00
16347,16348,2022121402000216,PHCL,3,46,10,270.00,2700.00
16348,16349,2022121402000215,PHCL,3,58,10,270.00,2700.00
16349,16350,2022121402000214,PHCL,3,58,10,270.00,2700.00
16350,16351,2022121402000213,PHCL,3,58,10,270.00,2700.00
16351,16352,2022121402000212,PHCL,3,7,10,270.00,2700.00
16352,16353,2022121402000211,PHCL,3,16,10,270.00,2700.00
16353,16354,2022121402000210,PHCL,3,49,10,270.00,2700.00
16354,16355,2022121402000209,PHCL,3,49,10,270.00,2700.00
16355,16356,2022121402000208,PHCL,3,58,10,270.00,2700.00
16356,16357,2022121402000207,PHCL,3,57,10,270.00,2700.00
16357,16358,2022121402000206,PHCL,3,26,10,270.00,2700.00
16358,16359,2022121402000205,PHCL,3,38,10,270.00,2700.00
16359,16360,2022121402000204,PHCL,3,38,10,270.00,2700.00
16360,16361,2022121402000203,PHCL,3,38,10,270.00,2700.00
16361,16362,2022121402000202,PHCL,3,43,10,270.00,2700.00
16362,16363,2022121402000201,PHCL,3,43,10,270.00,2700.00
16363,16364,2022121402000200,PHCL,3,56,10,270.00,2700.00
16364,16365,2022121402000199,PHCL,3,1,10,270.00,2700.00
16365,16366,2022121402000198,PHCL,3,3,10,270.00,2700.00
16366,16367,2022121402000197,PHCL,3,49,10,270.00,2700.00
16367,16368,2022121402000196,PHCL,3,58,10,270.00,2700.00
16368,16369,2022121402000195,PHCL,3,48,10,270.00,2700.00
16369,16370,2022121402000194,PHCL,3,55,10,270.00,2700.00
16370,16371,2022121402000193,PHCL,3,21,10,270.00,2700.00
16371,16372,2022121402000192,PHCL,3,29,10,270.00,2700.00
16372,16373,2022121402000191,PHCL,3,49,10,270.00,2700.00
16373,16374,2022121402000190,PHCL,3,20,10,270.00,2700.00
16374,16375,2022121402000189,PHCL,3,42,10,270.00,2700.00
16375,16376,2022121402000188,PHCL,3,19,10,270.00,2700.00
16376,16377,2022121402000187,PHCL,3,47,10,270.00,2700.00
16377,16378,2022121402000186,PHCL,3,38,10,270.00,2700.00
16378,16379,2022121402000185,PHCL,3,56,10,270.00,2700.00
16379,16380,2022121402000184,PHCL,3,49,10,270.00,2700.00
16380,16381,2022121402000183,PHCL,3,58,10,270.00,2700.00
16381,16382,2022121402000182,PHCL,3,32,10,270.00,2700.00
16382,16383,2022121402000181,PHCL,3,19,10,270.00,2700.00
16383,16384,2022121402000180,PHCL,3,47,10,270.00,2700.00
16384,16385,2022121402000179,PHCL,3,47,10,270.00,2700.00
16385,16386,2022121404000039,RIDI,36,19,100,490.10,49010.00
16386,16387,2022121402000178,PHCL,3,28,10,270.00,2700.00
16387,16388,2022121402000177,PHCL,3,54,10,270.00,2700.00
16388,16389,2022121402000176,PHCL,3,58,10,270.00,2700.00
16389,16390,2022121402000175,PHCL,3,36,10,270.00,2700.00
16390,16391,2022121402000174,PHCL,3,18,10,270.00,2700.00
16391,16392,2022121402000173,PHCL,3,43,10,270.00,2700.00
16392,16393,2022121402000172,PHCL,3,11,10,270.00,2700.00
16393,16394,2022121402000171,PHCL,3,59,10,270.00,2700.00
16394,16395,2022121402000170,PHCL,3,29,10,270.00,2700.00
16395,16396,2022121402000169,PHCL,3,58,10,270.00,2700.00
16396,16397,2022121402000168,PHCL,3,58,10,270.00,2700.00
16397,16398,2022121402000167,PHCL,3,58,10,270.00,2700.00
16398,16399,2022121402000166,PHCL,3,14,10,270.00,2700.00
16399,16400,2022121402000165,PHCL,3,53,10,270.00,2700.00
16400,16401,2022121402000164,PHCL,3,42,10,270.00,2700.00
16401,16402,2022121402000163,PHCL,3,17,10,270.00,2700.00
16402,16403,2022121402000162,PHCL,3,49,10,270.00,2700.00
16403,16404,2022121402000161,PHCL,3,57,10,270.00,2700.00
16404,16405,2022121402000160,PHCL,3,19,10,270.00,2700.00
16405,16406,2022121402000159,PHCL,3,38,10,270.00,2700.00
16406,16407,2022121402000158,PHCL,3,16,10,270.00,2700.00
16407,16408,2022121402000157,PHCL,3,21,10,270.00,2700.00
16408,16409,2022121402000156,PHCL,3,10,10,270.00,2700.00
16409,16410,2022121402000155,PHCL,3,46,10,270.00,2700.00
16410,16411,2022121402000154,PHCL,3,34,10,270.00,2700.00
16411,16412,2022121402000153,PHCL,3,38,10,270.00,2700.00
16412,16413,2022121402000152,PHCL,3,38,10,270.00,2700.00
16413,16414,2022121402000151,PHCL,3,51,10,270.00,2700.00
16414,16415,2022121402000150,PHCL,3,51,10,270.00,2700.00
16415,16416,2022121402000149,PHCL,3,54,10,270.00,2700.00
16416,16417,2022121402000148,PHCL,3,58,10,270.00,2700.00
16417,16418,2022121402000147,PHCL,3,58,10,270.00,2700.00
16418,16419,2022121402000146,PHCL,3,58,10,270.00,2700.00
16419,16420,2022121402000145,PHCL,3,42,10,270.00,2700.00
16420,16421,2022121402000144,PHCL,3,57,10,270.00,2700.00
16421,16422,2022121402000143,PHCL,3,6,10,270.00,2700.00
16422,16423,2022121402000142,PHCL,3,21,10,270.00,2700.00
16423,16424,2022121402000141,PHCL,3,51,10,270.00,2700.00
16424,16425,2022121402000140,PHCL,3,21,10,270.00,2700.00
16425,16426,2022121402000139,PHCL,3,29,10,270.00,2700.00
16426,16427,2022121402000138,PHCL,3,58,10,270.00,2700.00
16427,16428,2022121402000137,PHCL,3,7,10,270.00,2700.00
16428,16429,2022121402000136,PHCL,3,45,10,270.00,2700.00
16429,16430,2022121402000135,PHCL,3,46,10,270.00,2700.00
16430,16431,2022121402000134,PHCL,3,49,10,270.00,2700.00
16431,16432,2022121402000133,PHCL,3,58,10,270.00,2700.00
16432,16433,2022121402000132,PHCL,3,32,10,270.00,2700.00
16433,16434,2022121402000131,PHCL,3,32,10,270.00,2700.00
16434,16435,2022121404000038,GHL,11,29,10,196.80,1968.00
16435,16436,2022121404000037,GHL,11,56,2400,196.80,472320.00
16436,16437,2022121401000060,CYCL,34,52,10,2486.20,24862.00
16437,16438,2022121401000059,NABIL,32,13,50,811.00,40550.00
16438,16439,2022121402000130,EHPL,5,29,10,237.60,2376.00
16439,16440,2022121401000058,NABIL,47,13,70,811.00,56770.00
16440,16441,2022121401000057,AVYAN,38,6,12,721.00,8652.00
16441,16442,2022121401000056,AVYAN,38,16,58,720.00,41760.00
16442,16443,2022121401000055,AVYAN,38,28,10,718.00,7180.00
16443,16444,2022121401000054,AVYAN,38,58,10,706.00,7060.00
16444,16445,2022121401000053,AVYAN,38,4,10,705.00,7050.00
16445,16446,2022121401000052,CYCL,34,50,10,2486.20,24862.00
16446,16447,2022121402000129,EHPL,5,58,10,237.60,2376.00
16447,16448,2022121404000036,CMF1,45,33,100,7.72,772.00
16448,16449,2022121402000128,PHCL,58,57,10,270.00,2700.00
16449,16450,2022121405000002,MKJC,28,28,10,413.10,4131.00
16450,16451,2022121402000127,EHPL,5,16,10,237.60,2376.00
16451,16452,2022121402000126,EHPL,5,49,694,237.60,164894.40
16452,16453,2022121401000051,CYCL,34,29,10,2486.20,24862.00
16453,16454,2022121401000050,CYCL,34,39,10,2486.20,24862.00
16454,16455,2022121401000049,SGHC,25,39,100,256.50,25650.00
16455,16456,2022121404000035,UPCL,22,18,20,212.10,4242.00
16456,16457,2022121404000034,UPPER,42,49,25,390.00,9750.00
16457,16458,2022121404000033,UPPER,46,49,10,390.00,3900.00
16458,16459,2022121401000048,CBL,28,54,12,212.00,2544.00
16459,16460,2022121402000125,EHPL,5,4,10,237.60,2376.00
16460,16461,2022121402000124,EHPL,5,49,298,237.60,70804.80
16461,16462,2022121402000123,EHPL,47,49,200,237.60,47520.00
16462,16463,2022121402000122,EHPL,58,49,58,237.60,13780.80
16463,16464,2022121401000047,CBL,43,19,90,211.10,18999.00
16464,16465,2022121401000046,CBL,28,19,15,211.20,3168.00
16465,16466,2022121401000045,CYCL,34,16,10,2486.20,24862.00
16466,16467,2022121403000013,NABBC,43,43,10,351.10,3511.00
16467,16468,2022121401000044,SIKLES,5,7,10,370.50,3705.00
16468,16469,2022121401000043,SGHC,25,34,10,255.00,2550.00
16469,16470,2022121401000042,CCBL,38,43,25,188.20,4705.00
16470,16471,2022121401000041,CCBL,58,43,400,188.20,75280.00
16471,16472,2022121401000040,CCBL,45,43,30,188.40,5652.00
16472,16473,2022121401000039,CCBL,25,43,50,188.40,9420.00
16473,16474,2022121401000038,NIB,34,25,10,223.00,2230.00
16474,16475,2022121401000037,RHGCL,58,7,10,207.90,2079.00
16475,16476,2022121401000036,NABIL,11,13,35,811.00,28385.00
16476,16477,2022121403000012,GUFL,14,32,10,527.90,5279.00
16477,16478,2022121404000032,LEMF,10,10,100,8.14,814.00
16478,16479,2022121402000121,EHPL,58,57,10,237.60,2376.00
16479,16480,2022121403000011,NIFRA,58,35,10,183.60,1836.00
16480,16481,2022121402000120,EHPL,58,38,10,237.60,2376.00
16481,16482,2022121402000119,PHCL,25,26,10,270.00,2700.00
16482,16483,2022121402000118,PHCL,25,38,10,270.00,2700.00
16483,16484,2022121402000117,PHCL,25,56,10,270.00,2700.00
16484,16485,2022121402000116,PHCL,25,3,10,270.00,2700.00
16485,16486,2022121402000115,PHCL,25,49,10,270.00,2700.00
16486,16487,2022121402000114,PHCL,25,58,10,270.00,2700.00
16487,16488,2022121402000113,PHCL,25,58,10,270.00,2700.00
16488,16489,2022121402000112,PHCL,25,48,10,270.00,2700.00
16489,16490,2022121402000111,PHCL,25,4,10,270.00,2700.00
16490,16491,2022121402000110,PHCL,25,35,10,270.00,2700.00
16491,16492,2022121402000109,PHCL,25,57,10,270.00,2700.00
16492,16493,2022121402000108,PHCL,25,21,10,270.00,2700.00
16493,16494,2022121402000107,PHCL,25,59,10,270.00,2700.00
16494,16495,2022121402000106,PHCL,25,52,10,270.00,2700.00
16495,16496,2022121402000105,PHCL,25,40,10,270.00,2700.00
16496,16497,2022121402000104,PHCL,25,38,10,270.00,2700.00
16497,16498,2022121402000103,PHCL,25,6,10,270.00,2700.00
16498,16499,2022121402000102,PHCL,25,1,10,270.00,2700.00
16499,16500,2022121402000101,PHCL,25,58,10,270.00,2700.00
16500,16501,2022121402000100,PHCL,25,38,10,270.00,2700.00
16501,16502,2022121404000031,SPDL,10,54,17,258.10,4387.70
16502,16503,2022121401000035,CYCL,34,38,10,2486.20,24862.00
16503,16504,2022121401000034,CYCL,34,34,10,2486.20,24862.00
16504,16505,2022121401000033,SIKLES,5,14,10,370.50,3705.00
16505,16506,2022121402000099,EHPL,58,58,10,237.60,2376.00
16506,16507,2022121402000098,PHCL,14,38,10,270.00,2700.00
16507,16508,2022121402000097,PHCL,14,38,10,270.00,2700.00
16508,16509,2022121402000096,PHCL,14,38,10,270.00,2700.00
16509,16510,2022121402000095,PHCL,14,38,10,270.00,2700.00
16510,16511,2022121402000094,PHCL,14,38,10,270.00,2700.00
16511,16512,2022121402000093,PHCL,14,38,10,270.00,2700.00
16512,16513,2022121402000092,PHCL,14,38,10,270.00,2700.00
16513,16514,2022121402000091,PHCL,14,38,10,270.00,2700.00
16514,16515,2022121402000090,PHCL,14,38,10,270.00,2700.00
16515,16516,2022121402000089,PHCL,14,38,10,270.00,2700.00
16516,16517,2022121401000032,CYCL,34,16,10,2486.20,24862.00
16517,16518,2022121402000088,EHPL,58,38,668,237.60,158716.80
16518,16519,2022121401000031,UHEWA,43,34,10,354.00,3540.00
16519,16520,2022121401000030,MEGA,52,33,50,196.00,9800.00
16520,16521,2022121404000030,UPPER,45,49,500,395.00,197500.00
16521,16522,2022121404000029,UPPER,44,49,200,395.00,79000.00
16522,16523,2022121402000087,EHPL,58,8,10,237.60,2376.00
16523,16524,2022121402000086,EHPL,58,38,1234,237.60,293198.40
16524,16525,2022121402000085,EHPL,57,38,200,237.60,47520.00
16525,16526,2022121402000084,EHPL,57,38,800,237.60,190080.00
16526,16527,2022121402000083,EHPL,57,53,10,237.60,2376.00
16527,16528,2022121401000029,NABIL,39,42,25,810.10,20252.50
16528,16529,2022121404000028,UPPER,39,49,125,395.00,49375.00
16529,16530,2022121404000027,UPPER,42,49,30,395.00,11850.00
16530,16531,2022121404000026,RURU,43,43,10,715.10,7151.00
16531,16532,2022121402000082,EHPL,57,57,10,237.60,2376.00
16532,16533,2022121401000028,CYCL,47,3,10,2486.20,24862.00
16533,16534,2022121401000027,HHL,47,58,10,223.00,2230.00
16534,16535,2022121401000026,CYCL,47,36,10,2486.20,24862.00
16535,16536,2022121402000081,EHPL,57,58,10,237.60,2376.00
16536,16537,2022121401000025,CYCL,47,38,10,2486.20,24862.00
16537,16538,2022121401000024,NABIL,32,58,10,815.00,8150.00
16538,16539,2022121401000023,PPL,38,22,10,208.00,2080.00
16539,16540,2022121402000080,PHCL,45,38,10,270.00,2700.00
16540,16541,2022121402000079,EHPL,57,8,10,237.60,2376.00
16541,16542,2022121402000078,EHPL,57,25,10,237.60,2376.00
16542,16543,2022121401000022,DORDI,16,56,10,232.00,2320.00
16543,16544,2022121402000077,EHPL,57,38,10,237.60,2376.00
16544,16545,2022121402000076,EHPL,57,38,10,237.60,2376.00
16545,16546,2022121402000075,EHPL,57,38,10,237.60,2376.00
16546,16547,2022121402000074,EHPL,57,38,10,237.60,2376.00
16547,16548,2022121402000073,EHPL,57,38,10,237.60,2376.00
16548,16549,2022121402000072,EHPL,57,38,10,237.60,2376.00
16549,16550,2022121401000021,CYCL,47,36,10,2486.20,24862.00
16550,16551,2022121401000020,CYCL,47,29,10,2486.20,24862.00
16551,16552,2022121402000071,EHPL,57,37,10,233.60,2336.00
16552,16553,2022121404000025,UPPER,42,57,300,395.00,118500.00
16553,16554,2022121404000024,UPPER,42,53,50,395.00,19750.00
16554,16555,2022121401000019,CYCL,47,29,10,2486.20,24862.00
16555,16556,2022121402000070,EHPL,57,45,10,229.10,2291.00
16556,16557,2022121405000001,SLI,45,58,10,330.00,3300.00
16557,16558,2022121404000023,OHL,59,50,200,498.00,99600.00
16558,16559,2022121401000018,AVYAN,14,34,30,706.90,21207.00
16559,16560,2022121401000017,SGHC,25,42,10,246.50,2465.00
16560,16561,2022121404000022,RHPL,19,43,20,235.20,4704.00
16561,16562,2022121403000010,NLIC,58,13,90,605.00,54450.00
16562,16563,2022121402000069,PHCL,49,38,10,270.00,2700.00
16563,16564,2022121402000068,EHPL,57,54,10,224.70,2247.00
16564,16565,2022121402000067,PHCL,58,38,10,270.00,2700.00
16565,16566,2022121403000009,GUFL,35,50,10,518.00,5180.00
16566,16567,2022121404000021,UPPER,58,53,71,397.50,28222.50
16567,16568,2022121404000020,UPPER,58,58,149,397.00,59153.00
16568,16569,2022121404000019,UPPER,58,22,70,396.00,27720.00
16569,16570,2022121404000018,UPPER,58,49,10,395.00,3950.00
16570,16571,2022121404000017,UPPER,35,49,20,395.00,7900.00
16571,16572,2022121401000016,NABIL,22,58,30,815.00,24450.00
16572,16573,2022121401000015,SGHC,25,57,10,246.50,2465.00
16573,16574,2022121401000014,CYCL,47,16,10,2486.20,24862.00
16574,16575,2022121404000016,SICL,32,34,10,780.00,7800.00
16575,16576,2022121401000013,PCBL,58,22,90,229.20,20628.00
16576,16577,2022121404000015,UPPER,35,49,20,395.00,7900.00
16577,16578,2022121404000014,UPPER,45,49,50,395.00,19750.00
16578,16579,2022121401000012,CYCL,47,14,10,2486.20,24862.00
16579,16580,2022121404000013,UPPER,50,22,30,396.00,11880.00
16580,16581,2022121401000011,CYCL,47,34,10,2486.20,24862.00
16581,16582,2022121401000010,CYCL,47,16,10,2486.20,24862.00
16582,16583,2022121402000066,PHCL,17,21,10,270.00,2700.00
16583,16584,2022121402000065,PHCL,17,10,10,270.00,2700.00
16584,16585,2022121401000009,CYCL,56,20,10,2446.40,24464.00
16585,16586,2022121403000008,SINDU,34,42,10,263.00,2630.00
16586,16587,2022121401000008,CYCL,47,16,10,2398.50,23985.00
16587,16588,2022121404000012,UPPER,45,49,50,395.00,19750.00
16588,16589,2022121403000007,DDBL,58,32,10,1038.90,10389.00
16589,16590,2022121402000064,PHCL,26,48,10,273.40,2734.00
16590,16591,2022121401000007,CYCL,34,49,10,2351.50,23515.00
16591,16592,2022121404000011,UPPER,17,49,50,395.00,19750.00
16592,16593,2022121402000063,PHCL,26,49,10,278.90,2789.00
16593,16594,2022121402000062,PHCL,26,56,10,278.90,2789.00
16594,16595,2022121404000010,UPPER,53,58,300,397.00,119100.00
16595,16596,2022121404000009,UPPER,45,58,50,397.00,19850.00
16596,16597,2022121402000061,PHCL,13,59,10,284.50,2845.00
16597,16598,2022121404000008,UPCL,26,18,10,212.10,2121.00
16598,16599,2022121403000006,NLIC,58,13,10,609.00,6090.00
16599,16600,2022121401000006,NABIL,49,33,100,808.00,80800.00
16600,16601,2022121404000007,OHL,59,50,300,498.00,149400.00
16601,16602,2022121402000060,EHPL,11,28,10,220.30,2203.00
16602,16603,2022121402000059,PHCL,34,16,10,290.30,2903.00
16603,16604,2022121402000058,PHCL,32,3,10,296.20,2962.00
16604,16605,2022121402000057,PHCL,58,43,10,299.00,2990.00
16605,16606,2022121404000006,LUK,45,33,100,8.00,800.00
16606,16607,2022121404000005,HDHPC,42,58,10,176.00,1760.00
16607,16608,2022121403000005,NIFRA,49,56,10,184.00,1840.00
16608,16609,2022121403000004,GLBSL,26,34,10,802.00,8020.00
16609,16610,2022121403000003,GLBSL,26,7,50,802.00,40100.00
16610,16611,2022121401000005,PPL,20,34,20,208.90,4178.00
16611,16612,2022121401000004,PPL,20,29,10,208.90,2089.00
16612,16613,2022121401000003,AVYAN,14,35,20,706.00,14120.00
16613,16614,2022121401000002,CYCL,34,35,10,2305.40,23054.00
16614,16615,2022121404000004,RHPL,19,52,10,239.90,2399.00
16615,16616,2022121403000002,KRBL,32,39,10,261.10,2611.00
16616,16617,2022121404000003,UPCL,3,18,10,212.50,2125.00
16617,16618,2022121404000002,UPPER,52,4,120,398.70,47844.00
16618,16619,2022121404000001,UPPER,17,4,10,398.70,3987.00
16619,16620,2022121403000001,GUFL,16,58,10,528.30,5283.00
16620,16621,2022121401000001,NABIL,49,56,11,807.00,8877.00
16621,16622,2022121402000056,PHCL,36,49,10,300.00,3000.00
16622,16623,2022121402000055,PHCL,58,56,10,300.00,3000.00
16623,16624,2022121402000054,PHCL,58,39,10,300.00,3000.00
16624,16625,2022121402000053,PHCL,58,29,10,300.00,3000.00
16625,16626,2022121402000052,PHCL,58,49,10,300.00,3000.00
16626,16627,2022121402000051,PHCL,58,59,10,300.00,3000.00
16627,16628,2022121402000050,PHCL,58,52,10,300.00,3000.00
16628,16629,2022121402000049,PHCL,58,49,10,300.00,3000.00
16629,16630,2022121402000048,PHCL,58,42,10,300.00,3000.00
16630,16631,2022121402000047,PHCL,58,35,10,300.00,3000.00
16631,16632,2022121402000046,PHCL,58,56,10,300.00,3000.00
16632,16633,2022121402000045,PHCL,57,47,10,300.00,3000.00
16633,16634,2022121402000044,PHCL,59,39,10,300.00,3000.00
16634,16635,2022121402000043,PHCL,45,43,10,300.00,3000.00
16635,16636,2022121402000042,PHCL,3,58,10,300.00,3000.00
16636,16637,2022121402000041,PHCL,51,58,10,300.00,3000.00
16637,16638,2022121402000040,PHCL,51,43,10,300.00,3000.00
16638,16639,2022121402000039,PHCL,51,43,10,300.00,3000.00
16639,16640,2022121402000038,PHCL,51,43,10,300.00,3000.00
16640,16641,2022121402000037,PHCL,51,43,10,300.00,3000.00
16641,16642,2022121402000036,PHCL,51,43,10,300.00,3000.00
16642,16643,2022121402000035,PHCL,51,43,10,300.00,3000.00
16643,16644,2022121402000034,PHCL,51,43,10,300.00,3000.00
16644,16645,2022121402000033,PHCL,51,58,10,300.00,3000.00
16645,16646,2022121402000032,PHCL,51,16,10,300.00,3000.00
16646,16647,2022121402000031,PHCL,34,16,10,300.00,3000.00
16647,16648,2022121402000030,PHCL,32,16,10,300.00,3000.00
16648,16649,2022121402000029,PHCL,7,16,10,300.00,3000.00
16649,16650,2022121402000028,PHCL,13,16,10,300.00,3000.00
16650,16651,2022121402000027,PHCL,20,16,10,300.00,3000.00
16651,16652,2022121402000026,PHCL,58,16,10,300.00,3000.00
16652,16653,2022121402000025,PHCL,42,16,10,300.00,3000.00
16653,16654,2022121402000024,PHCL,42,16,10,300.00,3000.00
16654,16655,2022121402000023,PHCL,42,57,10,300.00,3000.00
16655,16656,2022121402000022,PHCL,42,4,10,300.00,3000.00
16656,16657,2022121402000021,PHCL,42,49,10,300.00,3000.00
16657,16658,2022121402000020,PHCL,42,49,10,300.00,3000.00
16658,16659,2022121402000019,PHCL,42,3,10,300.00,3000.00
16659,16660,2022121402000018,PHCL,42,3,10,300.00,3000.00
16660,16661,2022121402000017,PHCL,42,3,10,300.00,3000.00
16661,16662,2022121402000016,PHCL,42,3,10,300.00,3000.00
16662,16663,2022121402000015,PHCL,38,3,10,300.00,3000.00
16663,16664,2022121402000014,PHCL,4,3,10,300.00,3000.00
16664,16665,2022121402000013,PHCL,42,3,10,300.00,3000.00
16665,16666,2022121402000012,PHCL,42,3,10,300.00,3000.00
16666,16667,2022121402000011,PHCL,42,3,10,300.00,3000.00
16667,16668,2022121402000010,PHCL,42,38,10,300.00,3000.00
16668,16669,2022121402000009,PHCL,42,38,10,300.00,3000.00
16669,16670,2022121402000008,PHCL,57,49,10,300.00,3000.00
16670,16671,2022121402000007,PHCL,57,42,10,300.00,3000.00
16671,16672,2022121402000006,PHCL,47,56,10,300.00,3000.00
16672,16673,2022121402000005,PHCL,11,56,10,300.00,3000.00
16673,16674,2022121402000004,PHCL,11,56,10,300.00,3000.00
16674,16675,2022121402000003,EHPL,47,58,10,216.00,2160.00
16675,16676,2022121402000002,EHPL,11,22,10,216.00,2160.00
16676,16677,2022121402000001,EHPL,11,58,10,216.00,2160.00
