,S.N.,Contract No,Stock Symbol,Buyer Broker,Seller Broker,Quantity,Rate,Amount
0,1,2022121301006857,HDL,32,21,16,3825.10,61201.60
1,2,2022121301006856,HDL,20,21,50,3826.00,191300.00
2,3,2022121301006855,USHEC,45,45,20,254.50,5090.00
3,4,2022121303004720,NFS,38,58,20,254.00,5080.00
4,5,2022121304003839,KPCL,44,38,10,315.20,3152.00
5,6,2022121303004719,NFS,43,58,10,254.00,2540.00
6,7,2022121303004718,NRIC,58,33,500,699.00,349500.00
7,8,2022121303004717,SWBBL,17,6,10,1177.90,11779.00
8,9,2022121301006854,LBL,59,45,10,193.00,1930.00
9,10,2022121301006853,SCB,13,37,50,403.20,20160.00
10,11,2022121304003838,AKJCL,52,41,10,171.00,1710.00
11,12,2022121301006852,NCCB,8,32,10,183.50,1835.00
12,13,2022121304003837,SSHL,29,10,10,172.00,1720.00
13,14,2022121303004716,GRDBL,48,58,84,234.50,19698.00
14,15,2022121303004715,GRDBL,48,5,100,234.40,23440.00
15,16,2022121303004714,GRDBL,48,26,100,233.00,23300.00
16,17,2022121303004713,GRDBL,48,41,126,231.00,29106.00
17,18,2022121303004712,GRDBL,48,44,100,230.00,23000.00
18,19,2022121303004711,GRDBL,48,35,40,229.00,9160.00
19,20,2022121303004710,NABBC,7,58,10,358.00,3580.00
20,21,2022121304003836,HURJA,51,38,40,200.00,8000.00
21,22,2022121304003835,API,33,57,103,211.00,21733.00
22,23,2022121304003834,API,33,29,85,211.00,17935.00
23,24,2022121304003833,API,33,40,100,210.90,21090.00
24,25,2022121304003832,API,33,50,100,210.80,21080.00
25,26,2022121304003831,API,33,38,100,210.00,21000.00
26,27,2022121304003830,API,33,40,500,210.00,105000.00
27,28,2022121304003829,API,33,58,150,210.00,31500.00
28,29,2022121304003828,API,33,37,77,210.00,16170.00
29,30,2022121304003827,API,33,29,30,209.90,6297.00
30,31,2022121304003826,API,33,14,200,208.80,41760.00
31,32,2022121304003825,API,33,57,55,208.10,11445.50
32,33,2022121304003824,IGI,17,28,10,365.00,3650.00
33,34,2022121304003823,NGPL,34,34,67,208.00,13936.00
34,35,2022121303004709,MLBL,34,14,20,344.00,6880.00
35,36,2022121303004708,MLBL,34,22,70,343.90,24073.00
36,37,2022121301006851,GVL,41,34,110,307.20,33792.00
37,38,2022121301006850,GVL,55,34,10,309.00,3090.00
38,39,2022121301006849,GVL,34,34,90,309.00,27810.00
39,40,2022121301006848,GVL,4,34,55,309.60,17028.00
40,41,2022121301006847,GVL,10,34,35,310.00,10850.00
41,42,2022121301006846,NCCB,56,32,10,183.50,1835.00
42,43,2022121304003822,UMHL,57,53,100,225.50,22550.00
43,44,2022121304003821,JOSHI,28,46,10,188.70,1887.00
44,45,2022121303004707,NTC,58,45,20,909.90,18198.00
45,46,2022121303004706,JFL,51,41,100,367.50,36750.00
46,47,2022121301006845,BHDC,50,47,10,348.00,3480.00
47,48,2022121303004705,LICN,41,36,10,1428.00,14280.00
48,49,2022121303004704,LICN,41,39,10,1427.00,14270.00
49,50,2022121301006844,DORDI,57,51,10,232.00,2320.00
50,51,2022121303004703,MSLB,56,7,10,1039.00,10390.00
51,52,2022121301006843,PCBL,44,34,16,224.80,3596.80
52,53,2022121301006842,PCBL,44,56,10,224.80,2248.00
53,54,2022121301006841,PCBL,44,38,50,224.50,11225.00
54,55,2022121301006840,PCBL,44,16,24,224.50,5388.00
55,56,2022121303004702,NRIC,58,44,1000,699.00,699000.00
56,57,2022121303004701,ICFC,28,44,10,425.00,4250.00
57,58,2022121301006839,USHEC,16,58,10,254.00,2540.00
58,59,2022121301006838,DORDI,5,16,10,228.10,2281.00
59,60,2022121301006837,PRVU,32,58,121,198.30,23994.30
60,61,2022121301006836,PRVU,6,58,129,198.40,25593.60
61,62,2022121301006835,GBIME,58,57,34,212.00,7208.00
62,63,2022121301006834,GBIME,58,1,11,211.50,2326.50
63,64,2022121304003820,KPCL,59,38,10,316.00,3160.00
64,65,2022121303004700,NTC,58,38,100,909.90,90990.00
65,66,2022121304003819,KPCL,58,38,10,316.60,3166.00
66,67,2022121304003818,NGPL,43,49,10,208.40,2084.00
67,68,2022121303004699,NMFBS,1,50,10,2000.00,20000.00
68,69,2022121303004698,NMFBS,39,50,70,2000.00,140000.00
69,70,2022121303004697,NMFBS,58,50,10,2001.00,20010.00
70,71,2022121301006833,SBI,5,39,25,279.00,6975.00
71,72,2022121303004696,LBBL,19,32,290,316.00,91640.00
72,73,2022121303004695,LBBL,58,32,50,316.00,15800.00
73,74,2022121303004694,LBBL,44,32,60,316.00,18960.00
74,75,2022121303004693,LBBL,54,32,100,316.10,31610.00
75,76,2022121304003817,HEI,49,1,10,365.00,3650.00
76,77,2022121304003816,BARUN,14,45,68,200.00,13600.00
77,78,2022121304003815,BARUN,34,45,25,200.10,5002.50
78,79,2022121304003814,BARUN,45,45,15,200.10,3001.50
79,80,2022121303004692,NIFRA,34,38,10,184.00,1840.00
80,81,2022121301006832,BOKL,49,39,30,206.00,6180.00
81,82,2022121301006831,BOKL,57,39,30,206.00,6180.00
82,83,2022121301006830,GBIME,48,22,226,211.00,47686.00
83,84,2022121301006829,PPL,34,52,45,204.90,9220.50
84,85,2022121301006828,PPL,34,34,10,204.00,2040.00
85,86,2022121301006827,PPL,34,58,10,204.00,2040.00
86,87,2022121301006826,PPL,34,48,10,204.00,2040.00
87,88,2022121301006825,PPL,34,35,10,204.00,2040.00
88,89,2022121301006824,PPL,34,42,10,204.00,2040.00
89,90,2022121301006823,PPL,34,21,10,203.00,2030.00
90,91,2022121301006822,PPL,34,21,10,202.00,2020.00
91,92,2022121301006821,PPL,34,50,10,202.00,2020.00
92,93,2022121301006820,PPL,34,26,10,202.00,2020.00
93,94,2022121301006819,PPL,34,21,65,201.90,13123.50
94,95,2022121303004691,NTC,58,32,100,909.90,90990.00
95,96,2022121305000904,MBJC,58,52,12,210.20,2522.40
96,97,2022121305000903,MBJC,58,49,10,210.00,2100.00
97,98,2022121305000902,MBJC,58,51,10,210.00,2100.00
98,99,2022121305000901,MBJC,58,34,10,210.00,2100.00
99,100,2022121305000900,MBJC,58,58,10,210.00,2100.00
100,101,2022121305000899,MBJC,58,49,10,210.00,2100.00
101,102,2022121305000898,MBJC,58,42,10,210.00,2100.00
102,103,2022121305000897,MBJC,58,45,10,209.90,2099.00
103,104,2022121304003813,GLH,14,22,10,240.00,2400.00
104,105,2022121304003812,GLH,14,45,10,239.00,2390.00
105,106,2022121303004690,NICLBSL,11,58,10,715.00,7150.00
106,107,2022121304003811,NGPL,34,34,50,208.00,10400.00
107,108,2022121303004689,ICFC,42,56,39,423.10,16500.90
108,109,2022121303004688,ICFC,42,56,161,423.50,68183.50
109,110,2022121304003810,IGI,44,28,36,365.00,13140.00
110,111,2022121304003809,IGI,44,36,20,364.50,7290.00
111,112,2022121304003808,IGI,44,45,34,364.50,12393.00
112,113,2022121304003807,IGI,44,22,10,364.40,3644.00
113,114,2022121305000896,JBLB,52,38,50,2736.00,136800.00
114,115,2022121303004687,MDB,49,42,50,376.00,18800.00
115,116,2022121304003806,CHL,43,14,10,207.90,2079.00
116,117,2022121304003805,HDHPC,35,58,100,173.00,17300.00
117,118,2022121304003804,AHPC,26,33,20,267.00,5340.00
118,119,2022121304003803,AHPC,53,33,12,267.00,3204.00
119,120,2022121304003802,AHPC,52,33,50,267.70,13385.00
120,121,2022121303004686,GRDBL,17,35,10,229.00,2290.00
121,122,2022121304003801,PPCL,54,19,66,284.00,18744.00
122,123,2022121304003800,PPCL,42,19,80,284.00,22720.00
123,124,2022121304003799,HDHPC,14,42,50,172.30,8615.00
124,125,2022121304003798,HDHPC,33,42,50,172.40,8620.00
125,126,2022121301006818,PPL,34,48,10,199.10,1991.00
126,127,2022121303004685,FMDBL,6,14,52,708.00,36816.00
127,128,2022121301006817,MEGA,41,38,50,194.00,9700.00
128,129,2022121303004684,GUFL,21,17,200,518.00,103600.00
129,130,2022121303004683,PFL,22,21,190,331.00,62890.00
130,131,2022121304003797,UPCL,5,45,50,216.40,10820.00
131,132,2022121304003796,UPPER,45,58,31,391.00,12121.00
132,133,2022121304003795,UPPER,29,58,50,391.00,19550.00
133,134,2022121304003794,UPPER,43,58,119,391.00,46529.00
134,135,2022121303004682,ALICL,57,57,300,510.20,153060.00
135,136,2022121303004681,MLBL,32,22,10,343.90,3439.00
136,137,2022121303004680,NLIC,49,57,50,610.40,30520.00
137,138,2022121301006816,RHGCL,22,45,10,207.90,2079.00
138,139,2022121303004679,SIFC,22,41,10,304.00,3040.00
139,140,2022121303004678,CHDC,43,8,10,660.00,6600.00
140,141,2022121304003793,SSHL,40,25,96,168.60,16185.60
141,142,2022121304003792,SSHL,54,25,130,169.00,21970.00
142,143,2022121304003791,SSHL,59,25,100,169.00,16900.00
143,144,2022121304003790,SSHL,25,25,925,169.00,156325.00
144,145,2022121304003789,SSHL,50,25,49,169.10,8285.90
145,146,2022121304003788,SSHL,59,25,200,169.20,33840.00
146,147,2022121301006815,SANIMA,38,50,930,223.20,207576.00
147,148,2022121301006814,SANIMA,25,50,20,223.20,4464.00
148,149,2022121301006813,SANIMA,38,50,50,223.30,11165.00
149,150,2022121304003787,SPDL,17,48,10,263.00,2630.00
150,151,2022121304003786,SPDL,17,48,40,261.60,10464.00
151,152,2022121304003785,API,16,57,100,208.10,20810.00
152,153,2022121303004677,PROFL,6,56,10,284.90,2849.00
153,154,2022121304003784,KKHC,49,34,1455,183.00,266265.00
154,155,2022121304003783,KKHC,49,53,60,181.00,10860.00
155,156,2022121304003782,KKHC,49,53,100,180.90,18090.00
156,157,2022121304003781,KKHC,49,57,15,180.50,2707.50
157,158,2022121304003780,KKHC,49,48,20,180.40,3608.00
158,159,2022121303004676,HIDCL,58,58,124,165.50,20522.00
159,160,2022121303004675,NTC,58,33,40,909.90,36396.00
160,161,2022121301006812,NABIL,21,13,100,807.10,80710.00
161,162,2022121304003779,SIL,40,3,10,485.00,4850.00
162,163,2022121303004674,KRBL,32,48,20,256.00,5120.00
163,164,2022121303004673,KRBL,32,49,40,253.90,10156.00
164,165,2022121304003778,API,7,56,300,208.10,62430.00
165,166,2022121303004672,GUFL,53,17,10,518.00,5180.00
166,167,2022121304003777,CGH,58,38,10,1001.00,10010.00
167,168,2022121301006811,AVYAN,3,57,10,693.10,6931.00
168,169,2022121304003776,AKPL,41,11,111,343.00,38073.00
169,170,2022121304003775,AKPL,19,11,30,343.00,10290.00
170,171,2022121304003774,AKPL,55,11,200,344.00,68800.00
171,172,2022121304003773,AKPL,33,11,247,344.00,84968.00
172,173,2022121304003772,AKPL,3,11,12,344.50,4134.00
173,174,2022121304003771,HPPL,34,42,180,249.50,44910.00
174,175,2022121304003770,HPPL,34,48,200,246.10,49220.00
175,176,2022121304003769,AHPC,53,4,388,267.00,103596.00
176,177,2022121304003768,AHPC,56,4,100,267.00,26700.00
177,178,2022121304003767,AHPC,58,4,12,267.00,3204.00
178,179,2022121304003766,AHPC,53,4,105,267.60,28098.00
179,180,2022121304003765,NHPC,58,44,200,201.00,40200.00
180,181,2022121304003764,RHPL,34,58,160,235.20,37632.00
181,182,2022121301006810,SIKLES,43,49,10,378.00,3780.00
182,183,2022121303004671,LLBS,22,35,48,1024.00,49152.00
183,184,2022121303004670,RMDC,58,7,10,948.00,9480.00
184,185,2022121304003763,UPPER,43,46,31,391.00,12121.00
185,186,2022121304003762,UPPER,29,46,19,391.20,7432.80
186,187,2022121304003761,HPPL,5,45,200,245.00,49000.00
187,188,2022121304003760,SJCL,3,7,10,237.00,2370.00
188,189,2022121304003759,SJCL,3,6,40,235.00,9400.00
189,190,2022121303004669,NIFRA,39,14,10,185.80,1858.00
190,191,2022121303004668,KRBL,50,49,10,253.90,2539.00
191,192,2022121304003758,OHL,59,43,20,489.00,9780.00
192,193,2022121303004667,NLIC,32,57,16,610.50,9768.00
193,194,2022121303004666,ICFC,42,56,120,423.50,50820.00
194,195,2022121303004665,NTC,54,38,60,910.00,54600.00
195,196,2022121303004664,BFC,21,6,230,311.00,71530.00
196,197,2022121303004663,BFC,21,45,20,311.00,6220.00
197,198,2022121303004662,BFC,21,51,50,310.00,15500.00
198,199,2022121303004661,BFC,21,51,100,309.90,30990.00
199,200,2022121303004660,NTC,58,35,100,909.90,90990.00
200,201,2022121304003757,CGH,50,58,10,1010.00,10100.00
201,202,2022121304003756,SBCF,57,21,1000,7.43,7430.00
202,203,2022121303004659,HIDCL,48,38,100,166.00,16600.00
203,204,2022121303004658,SDLBSL,58,52,10,931.00,9310.00
204,205,2022121301006809,NMB,33,16,50,232.00,11600.00
205,206,2022121301006808,NICA,35,18,165,676.30,111589.50
206,207,2022121303004657,NTC,58,22,30,909.90,27297.00
207,208,2022121301006807,NIB,54,37,15,219.00,3285.00
208,209,2022121301006806,SPHL,8,56,90,350.00,31500.00
209,210,2022121301006805,SPHL,8,45,10,350.00,3500.00
210,211,2022121301006804,SPHL,8,17,10,350.00,3500.00
211,212,2022121301006803,SPHL,8,58,10,349.00,3490.00
212,213,2022121304003755,GHL,22,56,10,193.00,1930.00
213,214,2022121301006802,CCBL,44,6,172,192.00,33024.00
214,215,2022121301006801,CCBL,44,26,338,192.00,64896.00
215,216,2022121301006800,CCBL,44,35,100,192.00,19200.00
216,217,2022121301006799,CCBL,44,3,200,192.00,38400.00
217,218,2022121301006798,CCBL,44,26,200,191.90,38380.00
218,219,2022121301006797,CCBL,44,36,190,191.80,36442.00
219,220,2022121303004656,ICFC,42,42,19,423.50,8046.50
220,221,2022121304003754,SSHL,42,6,40,170.20,6808.00
221,222,2022121304003753,SSHL,42,10,53,170.00,9010.00
222,223,2022121301006796,USHEC,22,49,40,253.00,10120.00
223,224,2022121303004655,NLIC,14,55,20,611.00,12220.00
224,225,2022121303004654,NRIC,58,33,482,699.00,336918.00
225,226,2022121303004653,NRIC,21,33,500,699.20,349600.00
226,227,2022121303004652,NRIC,16,33,18,699.40,12589.20
227,228,2022121304003752,NHDL,34,6,10,320.00,3200.00
228,229,2022121301006795,SIKLES,34,19,10,376.00,3760.00
229,230,2022121301006794,SBL,49,42,32,309.20,9894.40
230,231,2022121301006793,SBL,54,42,100,309.20,30920.00
231,232,2022121301006792,SBL,14,42,10,309.50,3095.00
232,233,2022121301006791,SBL,22,42,58,309.50,17951.00
233,234,2022121305000895,SLI,49,34,40,335.00,13400.00
234,235,2022121305000894,SLI,49,58,10,335.00,3350.00
235,236,2022121303004651,JBBL,59,59,10,280.00,2800.00
236,237,2022121303004650,MLBSL,57,41,27,3985.00,107595.00
237,238,2022121301006790,KBL,34,16,30,186.90,5607.00
238,239,2022121301006789,KBL,34,45,20,186.00,3720.00
239,240,2022121301006788,KBL,34,13,100,186.00,18600.00
240,241,2022121301006787,KBL,34,56,18,186.00,3348.00
241,242,2022121301006786,KBL,34,32,100,186.00,18600.00
242,243,2022121301006785,KBL,34,52,100,185.90,18590.00
243,244,2022121303004649,SLBBL,56,19,10,838.00,8380.00
244,245,2022121301006784,HBL,13,58,100,322.00,32200.00
245,246,2022121303004648,NRIC,21,59,200,699.50,139900.00
246,247,2022121301006783,SHIVM,50,58,55,546.00,30030.00
247,248,2022121301006782,SHIVM,39,58,100,546.00,54600.00
248,249,2022121301006781,SHIVM,8,58,45,546.00,24570.00
249,250,2022121301006780,SHIVM,49,58,100,546.00,54600.00
250,251,2022121301006779,SHIVM,5,58,200,546.00,109200.00
251,252,2022121301006778,SHIVM,50,58,100,546.10,54610.00
252,253,2022121301006777,SHIVM,17,58,400,546.20,218480.00
253,254,2022121303004647,SLBSL,38,58,10,1222.40,12224.00
254,255,2022121303004646,MNBBL,38,55,40,420.00,16800.00
255,256,2022121304003751,UMRH,50,20,70,416.90,29183.00
256,257,2022121304003750,UMRH,50,16,15,416.00,6240.00
257,258,2022121305000893,JBLB,38,53,17,2735.10,46496.70
258,259,2022121303004645,NTC,26,22,11,910.00,10010.00
259,260,2022121303004644,ALBSL,46,35,16,909.00,14544.00
260,261,2022121304003749,AKPL,5,45,10,345.00,3450.00
261,262,2022121301006776,MHL,34,58,10,314.00,3140.00
262,263,2022121301006775,MHL,34,49,10,314.00,3140.00
263,264,2022121301006774,MHL,34,58,10,314.00,3140.00
264,265,2022121301006773,MHL,34,22,10,312.00,3120.00
265,266,2022121301006772,MHL,34,48,10,311.00,3110.00
266,267,2022121303004643,ALICL,57,57,100,510.20,51020.00
267,268,2022121301006771,NIB,44,37,200,219.00,43800.00
268,269,2022121301006770,HBL,44,43,74,324.00,23976.00
269,270,2022121301006769,HBL,44,39,11,324.00,3564.00
270,271,2022121304003748,UPCL,5,36,100,216.40,21640.00
271,272,2022121301006768,NBL,21,35,10,276.40,2764.00
272,273,2022121303004642,DDBL,58,26,27,1022.50,27607.50
273,274,2022121303004641,DDBL,58,26,13,1023.00,13299.00
274,275,2022121301006767,DORDI,5,26,85,228.10,19388.50
275,276,2022121301006766,DORDI,16,26,90,228.80,20592.00
276,277,2022121301006765,DORDI,41,26,10,229.50,2295.00
277,278,2022121301006764,DORDI,33,26,200,229.60,45920.00
278,279,2022121301006763,DORDI,32,26,15,230.00,3450.00
279,280,2022121301006762,SANIMA,40,22,500,224.00,112000.00
280,281,2022121304003747,AHPC,53,56,895,267.60,239502.00
281,282,2022121304003746,AHPC,38,56,105,267.60,28098.00
282,283,2022121301006761,SHIVM,16,58,30,547.00,16410.00
283,284,2022121303004640,SHINE,45,16,173,334.00,57782.00
284,285,2022121303004639,SHINE,45,41,53,334.00,17702.00
285,286,2022121303004638,SHINE,45,45,500,334.00,167000.00
286,287,2022121303004637,SHINE,45,44,88,334.00,29392.00
287,288,2022121304003745,UIC,7,45,100,339.30,33930.00
288,289,2022121303004636,GUFL,50,17,10,518.00,5180.00
289,290,2022121303004635,GUFL,45,17,10,518.00,5180.00
290,291,2022121303004634,GUFL,55,17,25,518.00,12950.00
291,292,2022121303004633,GUFL,38,17,100,518.00,51800.00
292,293,2022121303004632,GUFL,45,17,125,518.10,64762.50
293,294,2022121301006760,NABIL,49,55,15,806.00,12090.00
294,295,2022121301006759,NABIL,57,55,10,806.50,8065.00
295,296,2022121301006758,CZBIL,11,59,20,180.80,3616.00
296,297,2022121301006757,HHL,32,58,10,219.00,2190.00
297,298,2022121301006756,HHL,32,52,40,218.90,8756.00
298,299,2022121301006755,PCBL,49,16,26,224.50,5837.00
299,300,2022121303004631,NFS,49,58,100,254.00,25400.00
300,301,2022121303004630,NFS,52,58,100,254.20,25420.00
301,302,2022121303004629,NFS,51,58,30,254.30,7629.00
302,303,2022121303004628,DDBL,43,41,20,1027.80,20556.00
303,304,2022121303004627,JBBL,59,58,11,279.00,3069.00
304,305,2022121303004626,JBBL,59,3,61,278.00,16958.00
305,306,2022121301006754,BHL,5,56,20,246.80,4936.00
306,307,2022121301006753,BHL,5,45,10,246.70,2467.00
307,308,2022121301006752,BHL,5,29,10,246.00,2460.00
308,309,2022121303004625,SINDU,34,49,10,257.90,2579.00
309,310,2022121303004624,KSBBL,32,14,10,307.00,3070.00
310,311,2022121301006751,GVL,10,45,10,310.00,3100.00
311,312,2022121304003744,API,7,45,200,208.10,41620.00
312,313,2022121304003743,API,52,45,30,208.10,6243.00
313,314,2022121304003742,SPDL,35,48,10,261.60,2616.00
314,315,2022121304003741,SPDL,10,48,200,261.60,52320.00
315,316,2022121301006750,BHL,42,52,10,243.50,2435.00
316,317,2022121303004623,SWBBL,58,6,10,1177.90,11779.00
317,318,2022121304003740,GLH,33,14,34,235.00,7990.00
318,319,2022121304003739,GLH,34,14,200,235.30,47060.00
319,320,2022121304003738,GLH,34,14,30,235.50,7065.00
320,321,2022121304003737,GLH,50,14,100,235.50,23550.00
321,322,2022121304003736,GLH,7,14,50,235.60,11780.00
322,323,2022121304003735,GLH,43,14,26,236.20,6141.20
323,324,2022121304003734,GLH,36,14,30,237.00,7110.00
324,325,2022121304003733,SAEF,55,37,5000,9.65,48250.00
325,326,2022121303004622,NLIC,32,34,84,610.50,51282.00
326,327,2022121301006749,GBIME,16,1,19,211.50,4018.50
327,328,2022121301006748,GBIME,16,29,81,211.50,17131.50
328,329,2022121303004621,ALICL,57,21,151,510.20,77040.20
329,330,2022121303004620,ALICL,1,21,350,510.30,178605.00
330,331,2022121303004619,MPFL,21,45,10,302.00,3020.00
331,332,2022121304003732,BARUN,7,45,192,201.00,38592.00
332,333,2022121301006747,MBL,48,42,10,214.00,2140.00
333,334,2022121301006746,PRVU,32,43,269,198.30,53342.70
334,335,2022121303004618,FMDBL,34,14,218,709.00,154562.00
335,336,2022121304003731,RIDI,34,6,48,490.00,23520.00
336,337,2022121304003730,RIDI,34,59,952,490.00,466480.00
337,338,2022121301006745,MHL,48,58,60,310.00,18600.00
338,339,2022121303004617,NTC,58,14,1337,909.90,1216536.30
339,340,2022121304003729,BARUN,47,56,31,202.50,6277.50
340,341,2022121304003728,BARUN,47,58,10,202.00,2020.00
341,342,2022121305000892,NYADI,17,45,10,273.00,2730.00
342,343,2022121303004616,NTC,58,18,10,909.90,9099.00
343,344,2022121303004615,SHINE,45,45,182,333.90,60769.80
344,345,2022121303004614,SHINE,45,59,50,333.80,16690.00
345,346,2022121303004613,SHINE,45,43,110,333.70,36707.00
346,347,2022121303004612,SHINE,45,59,50,333.50,16675.00
347,348,2022121303004611,SHINE,45,25,50,333.40,16670.00
348,349,2022121303004610,SHINE,45,49,28,333.40,9335.20
349,350,2022121303004609,SHINE,45,33,50,332.10,16605.00
350,351,2022121304003727,BPCL,45,17,70,305.80,21406.00
351,352,2022121304003726,HEI,33,1,10,365.00,3650.00
352,353,2022121301006744,HHL,7,52,10,218.90,2189.00
353,354,2022121301006743,SGHC,43,42,110,251.50,27665.00
354,355,2022121303004608,JFL,13,49,12,368.00,4416.00
355,356,2022121303004607,VLBS,38,32,25,825.00,20625.00
356,357,2022121304003725,SPDL,47,36,478,261.50,124997.00
357,358,2022121304003724,SPDL,11,36,322,261.50,84203.00
358,359,2022121304003723,SPDL,45,36,200,261.60,52320.00
359,360,2022121303004606,GBBL,42,50,100,378.00,37800.00
360,361,2022121301006742,CBL,14,38,100,213.00,21300.00
361,362,2022121304003722,UPPER,38,6,219,391.90,85826.10
362,363,2022121305000891,ENL,13,34,10,588.00,5880.00
363,364,2022121304003721,UPCL,5,58,10,216.50,2165.00
364,365,2022121305000890,SLI,36,13,10,334.00,3340.00
365,366,2022121303004605,CIT,57,49,20,1859.00,37180.00
366,367,2022121304003720,NLG,33,19,20,475.70,9514.00
367,368,2022121301006741,HIDCLP,49,49,50,96.00,4800.00
368,369,2022121301006740,HIDCLP,46,49,100,96.00,9600.00
369,370,2022121304003719,UIC,58,45,40,339.30,13572.00
370,371,2022121303004604,ILBS,4,7,10,881.00,8810.00
371,372,2022121301006739,BOKL,41,26,500,208.00,104000.00
372,373,2022121301006738,CBL,13,28,139,214.90,29871.10
373,374,2022121301006737,CBL,13,50,100,214.00,21400.00
374,375,2022121301006736,CBL,13,38,100,214.00,21400.00
375,376,2022121301006735,CBL,13,38,120,214.00,25680.00
376,377,2022121301006734,CBL,13,6,31,213.90,6630.90
377,378,2022121301006733,CBL,13,57,10,213.10,2131.00
378,379,2022121304003718,BARUN,7,18,21,201.00,4221.00
379,380,2022121303004603,FMDBL,34,57,40,709.00,28360.00
380,381,2022121303004602,NRN,53,32,80,399.10,31928.00
381,382,2022121303004601,NRN,21,32,10,399.10,3991.00
382,383,2022121303004600,NRN,32,32,10,399.20,3992.00
383,384,2022121301006732,CCBL,44,36,110,191.80,21098.00
384,385,2022121304003717,AHPC,36,4,100,268.00,26800.00
385,386,2022121304003716,AHPC,45,4,50,268.00,13400.00
386,387,2022121304003715,AHPC,34,4,15,268.00,4020.00
387,388,2022121304003714,AHPC,42,4,50,268.00,13400.00
388,389,2022121304003713,AHPC,33,4,80,268.00,21440.00
389,390,2022121301006731,USHEC,22,45,10,253.00,2530.00
390,391,2022121301006730,EBL,29,45,152,445.00,67640.00
391,392,2022121301006729,EBL,29,45,395,445.00,175775.00
392,393,2022121301006728,EBL,29,5,240,444.00,106560.00
393,394,2022121301006727,EBL,29,7,213,442.00,94146.00
394,395,2022121303004599,NTC,58,22,30,910.00,27300.00
395,396,2022121301006726,CCBL,44,58,44,191.80,8439.20
396,397,2022121301006725,RHGCL,22,41,10,207.90,2079.00
397,398,2022121304003712,RIDI,34,59,48,490.00,23520.00
398,399,2022121304003711,RIDI,34,59,952,490.00,466480.00
399,400,2022121303004598,CIT,6,49,30,1859.00,55770.00
400,401,2022121303004597,CIT,6,33,15,1858.90,27883.50
401,402,2022121304003710,BARUN,7,45,274,201.00,55074.00
402,403,2022121304003709,PMHPL,19,29,200,193.00,38600.00
403,404,2022121305000889,JBLB,20,38,50,2736.00,136800.00
404,405,2022121301006724,NESDO,4,50,42,3311.00,139062.00
405,406,2022121301006723,NICA,17,18,25,677.00,16925.00
406,407,2022121304003708,NGPL,34,40,130,208.00,27040.00
407,408,2022121304003707,NGPL,34,19,160,208.00,33280.00
408,409,2022121304003706,NGPL,34,34,55,208.00,11440.00
409,410,2022121304003705,NGPL,34,53,1538,207.00,318366.00
410,411,2022121303004596,JFL,13,6,38,368.00,13984.00
411,412,2022121303004595,JFL,36,6,10,368.00,3680.00
412,413,2022121303004594,JFL,58,6,142,368.00,52256.00
413,414,2022121301006722,RHGCL,41,58,10,206.40,2064.00
414,415,2022121304003704,RBCL,10,33,10,12450.00,124500.00
415,416,2022121304003703,RBCL,35,33,10,12455.00,124550.00
416,417,2022121304003702,GHL,57,5,1300,191.00,248300.00
417,418,2022121304003701,GHL,6,5,100,191.50,19150.00
418,419,2022121301006721,ADBL,34,8,10,312.50,3125.00
419,420,2022121301006720,HDL,49,32,10,3827.00,38270.00
420,421,2022121304003700,AKJCL,40,51,414,170.10,70421.40
421,422,2022121301006719,SGHC,43,49,90,251.50,22635.00
422,423,2022121301006718,PRVU,48,47,130,199.00,25870.00
423,424,2022121303004593,LICN,25,39,10,1427.00,14270.00
424,425,2022121303004592,LICN,25,47,160,1412.00,225920.00
425,426,2022121301006717,SHIVM,4,58,70,547.00,38290.00
426,427,2022121303004591,CBBL,4,47,50,1109.90,55495.00
427,428,2022121301006716,SHIVM,42,58,450,547.00,246150.00
428,429,2022121301006715,SHIVM,5,58,11,547.00,6017.00
429,430,2022121301006714,SHIVM,33,58,100,547.00,54700.00
430,431,2022121301006713,SHIVM,13,58,40,547.00,21880.00
431,432,2022121301006712,SHIVM,58,58,10,548.00,5480.00
432,433,2022121301006711,NABIL,13,13,467,808.00,377336.00
433,434,2022121303004590,SLBSL,13,57,20,1200.00,24000.00
434,435,2022121303004589,SDLBSL,45,42,100,930.90,93090.00
435,436,2022121301006710,NABIL,13,35,33,808.00,26664.00
436,437,2022121304003699,UPPER,38,41,250,391.80,97950.00
437,438,2022121304003698,UPPER,38,4,31,391.20,12127.20
438,439,2022121305000888,RULB,11,47,20,870.10,17402.00
439,440,2022121304003697,GHL,22,56,10,193.00,1930.00
440,441,2022121303004588,SMFDB,58,53,184,1190.70,219088.80
441,442,2022121303004587,SMFDB,10,53,50,1190.70,59535.00
442,443,2022121303004586,SMFDB,22,53,10,1190.70,11907.00
443,444,2022121303004585,SMFDB,40,53,50,1190.90,59545.00
444,445,2022121303004584,SMFDB,39,53,20,1191.00,23820.00
445,446,2022121303004583,SMFDB,38,53,100,1196.00,119600.00
446,447,2022121303004582,SMFDB,38,53,20,1198.00,23960.00
447,448,2022121303004581,SMFDB,14,53,50,1200.00,60000.00
448,449,2022121303004580,SMFDB,43,53,30,1200.00,36000.00
449,450,2022121303004579,SMFDB,57,53,100,1200.00,120000.00
450,451,2022121303004578,SMFDB,47,53,100,1200.00,120000.00
451,452,2022121303004577,SMFDB,16,53,20,1201.00,24020.00
452,453,2022121303004576,SMFDB,45,53,100,1201.00,120100.00
453,454,2022121303004575,SMFDB,38,53,100,1202.00,120200.00
454,455,2022121303004574,SMFDB,59,53,500,1203.00,601500.00
455,456,2022121303004573,SMFDB,53,53,335,1205.00,403675.00
456,457,2022121303004572,SMFDB,1,53,500,1205.00,602500.00
457,458,2022121303004571,SMFDB,8,53,100,1205.40,120540.00
458,459,2022121303004570,SMFDB,16,53,40,1210.00,48400.00
459,460,2022121303004569,SMFDB,43,53,50,1210.00,60500.00
460,461,2022121303004568,SMFDB,22,53,50,1211.00,60550.00
461,462,2022121303004567,SMFDB,37,53,23,1212.00,27876.00
462,463,2022121303004566,SMFDB,58,53,500,1212.10,606050.00
463,464,2022121303004565,SMFDB,11,53,20,1214.00,24280.00
464,465,2022121303004564,SMFDB,43,53,50,1215.00,60750.00
465,466,2022121303004563,SMFDB,34,53,40,1215.00,48600.00
466,467,2022121303004562,SMFDB,22,53,29,1215.00,35235.00
467,468,2022121303004561,SMFDB,35,53,25,1216.00,30400.00
468,469,2022121303004560,SMFDB,10,53,50,1218.00,60900.00
469,470,2022121304003696,CHCL,38,17,40,385.00,15400.00
470,471,2022121301006709,LBL,14,34,1000,192.30,192300.00
471,472,2022121304003695,RIDI,34,59,48,490.00,23520.00
472,473,2022121304003694,RIDI,34,41,100,490.00,49000.00
473,474,2022121304003693,RIDI,34,6,80,490.00,39200.00
474,475,2022121304003692,RIDI,34,6,10,490.00,4900.00
475,476,2022121304003691,RIDI,34,59,500,489.90,244950.00
476,477,2022121304003690,RIDI,34,44,262,489.90,128353.80
477,478,2022121304003689,UPCL,34,58,10,216.50,2165.00
478,479,2022121304003688,UPCL,34,40,90,216.00,19440.00
479,480,2022121301006708,PRVU,32,38,178,198.30,35297.40
480,481,2022121301006707,PRVU,14,38,100,198.50,19850.00
481,482,2022121303004559,MFIL,16,21,100,416.10,41610.00
482,483,2022121304003687,BARUN,7,45,460,201.00,92460.00
483,484,2022121304003686,BARUN,52,45,40,201.10,8044.00
484,485,2022121303004558,NMFBS,39,45,19,2000.00,38000.00
485,486,2022121304003685,HURJA,51,25,95,200.00,19000.00
486,487,2022121304003684,IGI,48,14,51,359.00,18309.00
487,488,2022121304003683,IGI,7,14,30,360.00,10800.00
488,489,2022121304003682,IGI,49,14,19,360.00,6840.00
489,490,2022121303004557,MLBSL,39,18,10,3980.00,39800.00
490,491,2022121303004556,SMFDB,1,32,10,1219.00,12190.00
491,492,2022121301006706,HHL,7,38,10,218.00,2180.00
492,493,2022121301006705,PRVU,34,5,500,199.00,99500.00
493,494,2022121301006704,EBL,55,4,20,440.00,8800.00
494,495,2022121301006703,EBL,19,4,129,441.00,56889.00
495,496,2022121301006702,EBL,45,4,50,441.10,22055.00
496,497,2022121301006701,EBL,34,4,100,442.00,44200.00
497,498,2022121301006700,SIKLES,34,4,40,376.00,15040.00
498,499,2022121303004555,NTC,58,22,20,910.00,18200.00
499,500,2022121304003681,NGPL,38,53,344,207.00,71208.00
500,501,2022121303004554,JFL,58,7,300,368.00,110400.00
501,502,2022121303004553,HIDCL,35,38,75,166.00,12450.00
502,503,2022121303004552,DDBL,57,42,50,1025.00,51250.00
503,504,2022121304003680,RHPL,44,16,10,238.00,2380.00
504,505,2022121303004551,RMDC,36,34,100,950.00,95000.00
505,506,2022121303004550,JFL,28,41,10,369.00,3690.00
506,507,2022121301006699,HDL,45,53,30,3830.00,114900.00
507,508,2022121301006698,PPL,58,21,10,201.90,2019.00
508,509,2022121304003679,CHCL,49,39,430,384.00,165120.00
509,510,2022121304003678,HEI,58,22,200,361.10,72220.00
510,511,2022121304003677,CHCL,49,44,30,384.00,11520.00
511,512,2022121303004549,SIFC,48,22,150,304.00,45600.00
512,513,2022121303004548,SIFC,48,38,50,303.90,15195.00
513,514,2022121301006697,NCCB,14,50,100,183.00,18300.00
514,515,2022121303004547,PFL,50,21,10,334.00,3340.00
515,516,2022121304003676,RIDI,34,44,278,489.90,136192.20
516,517,2022121304003675,RIDI,34,57,500,489.80,244900.00
517,518,2022121304003674,RIDI,34,44,200,489.00,97800.00
518,519,2022121304003673,RIDI,34,41,22,489.00,10758.00
519,520,2022121303004546,NRN,53,44,140,400.00,56000.00
520,521,2022121301006696,CCBL,44,36,1000,191.80,191800.00
521,522,2022121303004545,NTC,58,58,100,909.90,90990.00
522,523,2022121303004544,SMB,47,18,36,1180.00,42480.00
523,524,2022121303004543,SMB,28,18,10,1181.00,11810.00
524,525,2022121303004542,SMB,1,18,10,1185.00,11850.00
525,526,2022121301006695,NIBPO,34,43,100,211.80,21180.00
526,527,2022121301006694,CCBL,44,25,500,191.80,95900.00
527,528,2022121301006693,CCBL,44,57,2746,191.80,526682.80
528,529,2022121301006692,CCBL,44,55,1000,191.80,191800.00
529,530,2022121301006691,CCBL,44,50,1000,191.70,191700.00
530,531,2022121301006690,CCBL,44,41,2000,191.70,383400.00
531,532,2022121301006689,CCBL,44,34,1500,191.60,287400.00
532,533,2022121301006688,CCBL,44,35,50,191.50,9575.00
533,534,2022121301006687,CCBL,44,35,50,191.00,9550.00
534,535,2022121304003672,HPPL,5,21,330,245.00,80850.00
535,536,2022121304003671,HPPL,35,21,170,245.00,41650.00
536,537,2022121301006686,RHGCL,41,55,10,206.40,2064.00
537,538,2022121303004541,MDB,49,20,74,376.00,27824.00
538,539,2022121303004540,MDB,51,20,26,376.10,9778.60
539,540,2022121301006685,NBL,50,34,30,276.00,8280.00
540,541,2022121301006684,NBL,50,35,150,276.00,41400.00
541,542,2022121301006683,NBL,50,59,372,276.00,102672.00
542,543,2022121301006682,NBL,50,39,250,276.00,69000.00
543,544,2022121301006681,PPL,21,57,10,200.10,2001.00
544,545,2022121303004539,SMFDB,39,32,35,1220.00,42700.00
545,546,2022121303004538,LBBL,43,50,25,316.50,7912.50
546,547,2022121303004537,MLBL,34,53,130,343.00,44590.00
547,548,2022121305000887,JALPA,38,21,10,3355.00,33550.00
548,549,2022121303004536,SFCL,58,55,960,257.70,247392.00
549,550,2022121303004535,SFCL,58,40,40,257.00,10280.00
550,551,2022121301006680,GBIME,22,29,149,211.50,31513.50
551,552,2022121301006679,GBIME,22,49,20,211.20,4224.00
552,553,2022121301006678,GBIME,22,59,111,211.20,23443.20
553,554,2022121301006677,HIDCLP,52,49,50,96.10,4805.00
554,555,2022121301006676,AVYAN,53,58,10,693.00,6930.00
555,556,2022121301006675,NCCB,14,45,118,183.00,21594.00
556,557,2022121303004534,SKBBL,58,21,41,1115.00,45715.00
557,558,2022121303004533,JSLBB,18,17,12,1611.00,19332.00
558,559,2022121303004532,NTC,34,22,29,910.00,26390.00
559,560,2022121303004531,NTC,34,4,31,910.00,28210.00
560,561,2022121303004530,NIFRA,34,19,50,184.00,9200.00
561,562,2022121304003670,RIDI,34,41,78,489.00,38142.00
562,563,2022121304003669,RIDI,34,32,50,488.50,24425.00
563,564,2022121304003668,RIDI,34,58,100,488.00,48800.00
564,565,2022121304003667,RIDI,34,4,100,488.00,48800.00
565,566,2022121304003666,RIDI,34,48,10,487.30,4873.00
566,567,2022121304003665,RIDI,34,45,500,487.00,243500.00
567,568,2022121304003664,RIDI,34,54,162,486.50,78813.00
568,569,2022121304003663,AIL,4,57,50,380.00,19000.00
569,570,2022121304003662,AIL,53,57,30,380.00,11400.00
570,571,2022121304003661,RIDI,41,55,90,486.20,43758.00
571,572,2022121304003660,RIDI,38,55,10,486.20,4862.00
572,573,2022121303004529,NSLB,7,55,11,747.00,8217.00
573,574,2022121304003659,UPCL,57,25,100,215.20,21520.00
574,575,2022121301006674,SHIVM,58,58,30,548.00,16440.00
575,576,2022121303004528,NTC,58,58,25,909.90,22747.50
576,577,2022121303004527,NTC,58,57,110,909.90,100089.00
577,578,2022121304003658,UPPER,36,4,250,391.20,97800.00
578,579,2022121301006673,HDL,58,34,10,3830.00,38300.00
579,580,2022121301006672,HDL,58,21,15,3830.00,57450.00
580,581,2022121303004526,RSDC,34,6,10,529.00,5290.00
581,582,2022121303004525,NTC,58,14,20,909.90,18198.00
582,583,2022121303004524,GBLBS,45,56,10,599.00,5990.00
583,584,2022121301006671,NESDO,16,47,30,3315.00,99450.00
584,585,2022121301006670,NBL,42,45,220,275.00,60500.00
585,586,2022121301006669,NBL,48,45,80,275.00,22000.00
586,587,2022121301006668,NBL,20,45,500,275.10,137550.00
587,588,2022121301006667,NBL,44,45,300,275.20,82560.00
588,589,2022121301006666,NBL,34,45,100,275.20,27520.00
589,590,2022121301006665,NBL,53,45,100,275.20,27520.00
590,591,2022121301006664,NBL,5,45,100,275.30,27530.00
591,592,2022121301006663,NBL,51,45,100,275.40,27540.00
592,593,2022121301006662,GBIME,47,59,43,211.20,9081.60
593,594,2022121304003657,AKPL,33,13,150,344.00,51600.00
594,595,2022121301006661,KBL,44,10,205,185.10,37945.50
595,596,2022121301006660,BOKL,14,29,1000,206.00,206000.00
596,597,2022121303004523,LBBL,58,50,19,316.60,6015.40
597,598,2022121301006659,GBIME,47,59,111,211.20,23443.20
598,599,2022121301006658,NBL,22,39,15,276.00,4140.00
599,600,2022121304003656,GHL,47,5,1790,192.10,343859.00
600,601,2022121304003655,GHL,14,5,200,192.20,38440.00
601,602,2022121303004522,NRN,59,41,10,404.00,4040.00
602,603,2022121303004521,NRN,59,35,10,403.90,4039.00
603,604,2022121303004520,NRN,59,46,10,403.00,4030.00
604,605,2022121303004519,NRN,59,6,10,402.50,4025.00
605,606,2022121303004518,NRN,59,57,10,401.00,4010.00
606,607,2022121304003654,JOSHI,22,46,10,188.70,1887.00
607,608,2022121301006657,BHL,22,56,20,243.60,4872.00
608,609,2022121301006656,NABIL,34,58,53,805.00,42665.00
609,610,2022121301006655,NABIL,41,58,60,805.00,48300.00
610,611,2022121301006654,NABIL,8,58,105,805.00,84525.00
611,612,2022121301006653,NABIL,58,58,60,805.00,48300.00
612,613,2022121301006652,NABIL,11,58,50,805.00,40250.00
613,614,2022121301006651,NABIL,34,58,120,805.00,96600.00
614,615,2022121301006650,NABIL,34,58,16,805.00,12880.00
615,616,2022121301006649,NABIL,42,58,20,805.00,16100.00
616,617,2022121301006648,NABIL,58,58,125,805.00,100625.00
617,618,2022121301006647,NABIL,19,58,10,805.00,8050.00
618,619,2022121301006646,NABIL,17,58,11,805.00,8855.00
619,620,2022121301006645,NABIL,33,58,215,805.00,173075.00
620,621,2022121301006644,NABIL,26,58,51,805.00,41055.00
621,622,2022121301006643,NABIL,41,58,50,805.00,40250.00
622,623,2022121301006642,NABIL,13,58,100,805.00,80500.00
623,624,2022121301006641,NABIL,42,58,75,805.00,60375.00
624,625,2022121301006640,NABIL,20,58,13,805.00,10465.00
625,626,2022121301006639,NABIL,50,58,50,805.00,40250.00
626,627,2022121301006638,NABIL,58,58,10,805.00,8050.00
627,628,2022121301006637,NABIL,58,58,10,805.00,8050.00
628,629,2022121301006636,NABIL,39,58,100,805.00,80500.00
629,630,2022121301006635,NABIL,44,58,104,805.00,83720.00
630,631,2022121301006634,NABIL,57,58,36,805.00,28980.00
631,632,2022121301006633,NABIL,38,58,32,805.10,25763.20
632,633,2022121301006632,NABIL,14,58,25,805.90,20147.50
633,634,2022121301006631,NABIL,45,58,100,805.90,80590.00
634,635,2022121301006630,NABIL,39,58,30,806.00,24180.00
635,636,2022121301006629,NABIL,32,58,100,806.00,80600.00
636,637,2022121301006628,NABIL,7,58,100,806.00,80600.00
637,638,2022121301006627,NABIL,51,58,20,806.00,16120.00
638,639,2022121301006626,NABIL,35,58,50,806.00,40300.00
639,640,2022121301006625,NABIL,28,58,320,806.00,257920.00
640,641,2022121301006624,NABIL,19,58,37,806.00,29822.00
641,642,2022121301006623,NABIL,11,58,10,806.00,8060.00
642,643,2022121301006622,NABIL,7,58,20,806.00,16120.00
643,644,2022121301006621,NABIL,57,58,150,806.00,120900.00
644,645,2022121301006620,NABIL,22,58,15,806.50,12097.50
645,646,2022121301006619,NABIL,52,58,30,806.60,24198.00
646,647,2022121301006618,NABIL,22,58,100,806.60,80660.00
647,648,2022121301006617,NABIL,45,58,100,807.00,80700.00
648,649,2022121301006616,NABIL,49,58,247,807.00,199329.00
649,650,2022121301006615,NABIL,39,58,70,807.00,56490.00
650,651,2022121304003653,SHPC,32,42,10,271.00,2710.00
651,652,2022121304003652,SHPC,32,56,190,270.90,51471.00
652,653,2022121301006614,SHIVM,53,58,150,548.00,82200.00
653,654,2022121301006613,NICA,35,26,12,676.30,8115.60
654,655,2022121301006612,PRVU,32,58,35,198.30,6940.50
655,656,2022121301006611,PRVU,11,58,100,198.30,19830.00
656,657,2022121301006610,PRVU,49,58,40,198.50,7940.00
657,658,2022121301006609,GVL,10,7,10,310.00,3100.00
658,659,2022121301006608,GVL,10,3,35,310.00,10850.00
659,660,2022121301006607,GVL,10,32,10,309.70,3097.00
660,661,2022121301006606,MEGA,57,38,21,194.00,4074.00
661,662,2022121304003651,UPPER,13,6,61,390.60,23826.60
662,663,2022121304003650,UPPER,13,6,37,391.00,14467.00
663,664,2022121301006605,NABIL,34,21,7,809.00,5663.00
664,665,2022121301006604,NABIL,34,55,13,808.00,10504.00
665,666,2022121303004517,NADEP,43,35,10,678.80,6788.00
666,667,2022121303004516,NADEP,22,35,15,678.90,10183.50
667,668,2022121301006603,SANIMA,34,58,110,223.10,24541.00
668,669,2022121301006602,SANIMA,38,58,120,223.50,26820.00
669,670,2022121301006601,SANIMA,38,58,50,223.50,11175.00
670,671,2022121301006600,SANIMA,38,58,55,223.50,12292.50
671,672,2022121301006599,SANIMA,38,58,75,223.50,16762.50
672,673,2022121301006598,SANIMA,38,58,110,223.50,24585.00
673,674,2022121301006597,SANIMA,38,58,380,223.50,84930.00
674,675,2022121303004515,CIT,56,33,10,1858.90,18589.00
675,676,2022121301006596,UHEWA,33,43,10,347.50,3475.00
676,677,2022121301006595,UHEWA,20,43,20,348.00,6960.00
677,678,2022121303004514,KSBBL,20,19,91,305.40,27791.40
678,679,2022121304003649,HPPL,35,25,300,245.00,73500.00
679,680,2022121304003648,HPPL,59,25,180,245.10,44118.00
680,681,2022121304003647,HPPL,22,25,20,246.00,4920.00
681,682,2022121303004513,HIDCL,47,38,29,166.00,4814.00
682,683,2022121301006594,SRBL,40,6,271,186.00,50406.00
683,684,2022121301006593,SRBL,40,13,29,186.00,5394.00
684,685,2022121301006592,SRBL,40,8,200,185.90,37180.00
685,686,2022121304003646,NHPC,58,34,30,200.00,6000.00
686,687,2022121303004512,MLBBL,44,47,10,1034.00,10340.00
687,688,2022121303004511,KSBBL,19,14,10,307.00,3070.00
688,689,2022121303004510,KSBBL,19,40,70,306.00,21420.00
689,690,2022121303004509,KSBBL,19,14,30,305.50,9165.00
690,691,2022121303004508,NTC,16,4,10,910.00,9100.00
691,692,2022121301006591,NICA,35,49,900,676.30,608670.00
692,693,2022121301006590,NESDO,33,43,17,3310.00,56270.00
693,694,2022121301006589,NESDO,49,43,15,3310.00,49650.00
694,695,2022121301006588,NESDO,55,43,68,3310.00,225080.00
695,696,2022121301006587,NESDO,55,14,10,3310.00,33100.00
696,697,2022121303004507,NLIC,58,34,16,610.50,9768.00
697,698,2022121303004506,NMFBS,39,55,10,2000.00,20000.00
698,699,2022121301006586,NMB,33,42,41,231.00,9471.00
699,700,2022121301006585,NMB,33,3,339,231.00,78309.00
700,701,2022121301006584,NMB,33,39,686,231.00,158466.00
701,702,2022121304003645,UPPER,13,33,25,391.00,9775.00
702,703,2022121304003644,NGPL,56,53,174,207.00,36018.00
703,704,2022121304003643,NGPL,51,53,150,207.00,31050.00
704,705,2022121304003642,NGPL,34,53,155,207.00,32085.00
705,706,2022121304003641,NGPL,40,53,500,207.10,103550.00
706,707,2022121304003640,NGPL,45,53,139,207.10,28786.90
707,708,2022121304003639,SHPC,49,28,1938,270.00,523260.00
708,709,2022121304003638,SHPC,14,28,32,270.00,8640.00
709,710,2022121303004505,SMFDB,49,20,45,1219.00,54855.00
710,711,2022121303004504,NTC,58,25,30,909.90,27297.00
711,712,2022121303004503,LICN,25,47,10,1412.00,14120.00
712,713,2022121303004502,LICN,25,26,10,1409.00,14090.00
713,714,2022121303004501,ILBS,34,5,10,895.00,8950.00
714,715,2022121303004500,NFS,57,36,10,255.00,2550.00
715,716,2022121303004499,NFS,1,36,50,255.00,12750.00
716,717,2022121303004498,NFS,26,36,158,255.00,40290.00
717,718,2022121301006583,NABIL,48,8,10,807.00,8070.00
718,719,2022121301006582,NABIL,45,8,31,807.00,25017.00
719,720,2022121303004497,NIFRA,34,50,90,184.00,16560.00
720,721,2022121303004496,NIFRA,51,50,10,184.00,1840.00
721,722,2022121301006581,CBL,14,59,106,213.00,22578.00
722,723,2022121301006580,NABIL,45,35,18,807.00,14526.00
723,724,2022121305000886,SLI,36,34,10,334.00,3340.00
724,725,2022121304003637,SSHL,58,10,17,170.00,2890.00
725,726,2022121301006579,ADBL,36,8,20,312.50,6250.00
726,727,2022121301006578,MEGA,33,38,50,194.00,9700.00
727,728,2022121303004495,NIFRA,51,38,10,184.00,1840.00
728,729,2022121303004494,GBBL,39,56,10,377.00,3770.00
729,730,2022121303004493,GBBL,32,56,20,377.00,7540.00
730,731,2022121303004492,GBBL,D01,56,120,377.00,45240.00
731,732,2022121301006577,NESDO,55,45,10,3310.00,33100.00
732,733,2022121303004491,ALICL,57,45,40,510.20,20408.00
733,734,2022121304003636,NGPL,45,43,1150,207.10,238165.00
734,735,2022121304003635,NGPL,45,43,40,207.20,8288.00
735,736,2022121304003634,NGPL,56,43,10,207.20,2072.00
736,737,2022121301006576,HDL,58,54,10,3829.00,38290.00
737,738,2022121301006575,NESDO,55,5,80,3310.00,264800.00
738,739,2022121304003633,MHNL,5,33,10,251.00,2510.00
739,740,2022121301006574,GBIME,47,34,146,211.20,30835.20
740,741,2022121303004490,PROFL,28,43,29,280.00,8120.00
741,742,2022121305000885,SLI,49,47,10,335.00,3350.00
742,743,2022121304003632,SJCL,3,26,40,233.30,9332.00
743,744,2022121304003631,UPPER,13,42,48,391.00,18768.00
744,745,2022121304003630,UPPER,13,54,50,391.00,19550.00
745,746,2022121304003629,SICL,44,5,200,768.10,153620.00
746,747,2022121301006573,PRVU,34,5,13,199.00,2587.00
747,748,2022121303004489,RLFL,4,36,60,294.00,17640.00
748,749,2022121303004488,NTC,58,45,20,909.90,18198.00
749,750,2022121304003628,SPDL,11,50,58,261.50,15167.00
750,751,2022121304003627,SPDL,13,50,42,262.00,11004.00
751,752,2022121301006572,KBL,56,10,15,185.10,2776.50
752,753,2022121304003626,HPPL,14,48,200,246.10,49220.00
753,754,2022121303004487,SLBBL,56,42,10,834.00,8340.00
754,755,2022121303004486,SHINE,45,45,176,332.00,58432.00
755,756,2022121303004485,SHINE,36,45,84,333.00,27972.00
756,757,2022121303004484,SHINE,57,45,130,333.00,43290.00
757,758,2022121303004483,SHINE,34,45,10,333.00,3330.00
758,759,2022121303004482,NTC,58,16,16,911.00,14576.00
759,760,2022121303004481,NTC,58,58,10,910.00,9100.00
760,761,2022121303004480,NTC,58,45,24,910.00,21840.00
761,762,2022121301006571,SANIMA,34,11,950,223.10,211945.00
762,763,2022121301006570,SANIMA,25,11,30,223.10,6693.00
763,764,2022121301006569,SANIMA,25,11,20,223.20,4464.00
764,765,2022121305000884,MLBS,6,22,10,1000.20,10002.00
765,766,2022121301006568,PPL,58,58,10,202.00,2020.00
766,767,2022121301006567,PPL,58,46,10,202.00,2020.00
767,768,2022121303004479,SFCL,57,47,20,255.00,5100.00
768,769,2022121303004478,SAPDBL,14,56,188,220.30,41416.40
769,770,2022121303004477,SAPDBL,16,56,212,221.00,46852.00
770,771,2022121301006566,NABIL,45,55,51,807.00,41157.00
771,772,2022121301006565,NABIL,43,55,10,807.00,8070.00
772,773,2022121301006564,NABIL,51,55,10,807.00,8070.00
773,774,2022121301006563,NABIL,49,55,16,807.00,12912.00
774,775,2022121301006562,NABIL,39,55,20,807.10,16142.00
775,776,2022121301006561,NABIL,34,55,80,807.50,64600.00
776,777,2022121301006560,NABIL,44,55,13,808.00,10504.00
777,778,2022121305000883,SAHAS,45,4,10,452.00,4520.00
778,779,2022121301006559,SBL,22,45,142,309.50,43949.00
779,780,2022121301006558,SBL,22,45,100,310.00,31000.00
780,781,2022121301006557,SBL,34,45,170,310.00,52700.00
781,782,2022121301006556,SBL,14,45,38,310.00,11780.00
782,783,2022121301006555,SBL,48,45,50,310.00,15500.00
783,784,2022121303004476,PFL,22,43,184,331.00,60904.00
784,785,2022121303004475,PFL,7,43,10,331.00,3310.00
785,786,2022121304003625,CHL,5,14,10,207.00,2070.00
786,787,2022121301006554,HHL,7,34,10,217.00,2170.00
787,788,2022121304003624,SSHL,57,10,200,170.00,34000.00
788,789,2022121304003623,SSHL,45,10,430,170.00,73100.00
789,790,2022121304003622,SSHL,26,10,100,170.10,17010.00
790,791,2022121303004474,ILBS,49,5,44,885.00,38940.00
791,792,2022121303004473,KSBBL,26,14,10,305.50,3055.00
792,793,2022121301006553,CBL,49,57,100,213.10,21310.00
793,794,2022121301006552,NABIL,49,58,10,809.00,8090.00
794,795,2022121303004472,GILB,3,45,100,1135.00,113500.00
795,796,2022121304003621,SIL,44,43,10,494.00,4940.00
796,797,2022121304003620,RHPL,34,20,80,235.20,18816.00
797,798,2022121301006551,SIKLES,34,57,290,376.00,109040.00
798,799,2022121301006550,SIKLES,56,57,10,376.00,3760.00
799,800,2022121303004471,NIFRA,39,21,769,185.90,142957.10
800,801,2022121303004470,NIFRA,39,34,280,185.50,51940.00
801,802,2022121303004469,NIFRA,39,8,280,185.00,51800.00
802,803,2022121301006549,NMB,33,39,50,230.90,11545.00
803,804,2022121301006548,NCCB,48,45,1307,183.00,239181.00
804,805,2022121301006547,RHGCL,22,47,50,206.30,10315.00
805,806,2022121303004468,ICFC,41,44,10,425.00,4250.00
806,807,2022121304003619,RIDI,10,54,84,486.50,40866.00
807,808,2022121304003618,API,53,57,125,208.90,26112.50
808,809,2022121304003617,SJCL,3,26,60,233.30,13998.00
809,810,2022121304003616,SJCL,3,17,40,233.20,9328.00
810,811,2022121304003615,HPPL,33,48,400,246.10,98440.00
811,812,2022121304003614,RBCL,16,6,30,12501.00,375030.00
812,813,2022121303004467,NTC,34,45,10,910.00,9100.00
813,814,2022121304003613,UMHL,57,50,60,225.50,13530.00
814,815,2022121304003612,NGPL,56,33,100,207.20,20720.00
815,816,2022121303004466,GFCL,28,56,10,446.90,4469.00
816,817,2022121303004465,NTC,58,50,10,909.90,9099.00
817,818,2022121304003611,BARUN,52,50,60,201.10,12066.00
818,819,2022121304003610,BARUN,56,50,30,201.10,6033.00
819,820,2022121304003609,BARUN,25,50,10,202.00,2020.00
820,821,2022121304003608,CHL,39,3,10,208.00,2080.00
821,822,2022121304003607,GHL,41,56,1000,193.00,193000.00
822,823,2022121303004464,MLBBL,44,49,10,1018.00,10180.00
823,824,2022121303004463,NTC,58,32,50,909.90,45495.00
824,825,2022121301006546,NCCB,48,7,20,183.00,3660.00
825,826,2022121305000882,TPC,34,1,181,320.00,57920.00
826,827,2022121305000881,TPC,17,1,70,320.00,22400.00
827,828,2022121305000880,TPC,46,1,60,321.00,19260.00
828,829,2022121305000879,TPC,41,1,10,321.20,3212.00
829,830,2022121305000878,TPC,14,1,75,321.20,24090.00
830,831,2022121303004462,NTC,58,18,10,909.90,9099.00
831,832,2022121304003606,SICL,45,55,20,770.00,15400.00
832,833,2022121304003605,SICL,45,57,40,770.00,30800.00
833,834,2022121304003604,NGPL,56,14,90,207.20,18648.00
834,835,2022121303004461,MLBL,35,51,500,343.00,171500.00
835,836,2022121304003603,NHPC,58,28,56,200.00,11200.00
836,837,2022121304003602,NHPC,35,28,100,200.00,20000.00
837,838,2022121304003601,NHPC,56,28,49,200.00,9800.00
838,839,2022121304003600,NHPC,55,28,500,200.00,100000.00
839,840,2022121304003599,NHPC,42,28,40,200.00,8000.00
840,841,2022121304003598,NHPC,50,28,200,200.10,40020.00
841,842,2022121304003597,NHPC,44,28,200,200.10,40020.00
842,843,2022121304003596,NHPC,57,28,20,200.80,4016.00
843,844,2022121304003595,NHPC,58,28,169,200.80,33935.20
844,845,2022121304003594,NHPC,39,28,66,200.80,13252.80
845,846,2022121303004460,RLFL,4,48,40,294.00,11760.00
846,847,2022121303004459,NLICL,42,58,100,500.00,50000.00
847,848,2022121303004458,SABSL,47,35,90,900.00,81000.00
848,849,2022121301006545,GBIME,44,29,15,211.50,3172.50
849,850,2022121304003593,UPPER,36,4,40,391.20,15648.00
850,851,2022121304003592,BARUN,39,56,10,202.50,2025.00
851,852,2022121303004457,MNBBL,28,55,10,420.00,4200.00
852,853,2022121303004456,GFCL,32,42,80,442.30,35384.00
853,854,2022121304003591,SJCL,3,46,50,233.00,11650.00
854,855,2022121304003590,SJCL,3,56,30,233.00,6990.00
855,856,2022121304003589,SJCL,3,1,50,233.00,11650.00
856,857,2022121304003588,SJCL,3,33,75,228.80,17160.00
857,858,2022121304003587,HDHPC,25,52,330,172.10,56793.00
858,859,2022121304003586,HDHPC,3,52,1000,172.10,172100.00
859,860,2022121304003585,HDHPC,32,52,500,172.20,86100.00
860,861,2022121304003584,HDHPC,52,52,1120,172.30,192976.00
861,862,2022121304003583,HDHPC,6,52,500,172.30,86150.00
862,863,2022121304003582,HDHPC,25,52,50,172.30,8615.00
863,864,2022121304003581,AHPC,6,56,100,269.90,26990.00
864,865,2022121304003580,SHPC,5,56,10,270.90,2709.00
865,866,2022121303004455,PFL,48,43,400,332.00,132800.00
866,867,2022121303004454,PFL,58,43,10,332.00,3320.00
867,868,2022121303004453,KSBBL,34,14,50,305.50,15275.00
868,869,2022121303004452,KSBBL,25,14,110,305.50,33605.00
869,870,2022121303004451,NRIC,58,57,10,702.00,7020.00
870,871,2022121301006544,GBIME,26,59,20,211.50,4230.00
871,872,2022121303004450,FOWAD,45,45,16,2595.00,41520.00
872,873,2022121301006543,NBL,58,39,22,276.00,6072.00
873,874,2022121304003579,DHPL,25,55,312,171.50,53508.00
874,875,2022121304003578,DHPL,34,55,111,173.40,19247.40
875,876,2022121304003577,DHPL,51,55,30,173.50,5205.00
876,877,2022121304003576,DHPL,49,55,34,173.50,5899.00
877,878,2022121304003575,DHPL,6,55,10,173.60,1736.00
878,879,2022121303004449,GILB,3,11,57,1134.00,64638.00
879,880,2022121301006542,CZBIL,22,42,10,180.70,1807.00
880,881,2022121301006541,CCBL,34,29,500,191.00,95500.00
881,882,2022121301006540,CCBL,34,58,12,191.00,2292.00
882,883,2022121303004448,NTC,21,45,160,910.00,145600.00
883,884,2022121303004447,NTC,21,45,40,910.00,36400.00
884,885,2022121303004446,NTC,21,33,50,910.00,45500.00
885,886,2022121305000877,MBJC,58,44,10,209.00,2090.00
886,887,2022121303004445,ICFC,28,42,16,424.00,6784.00
887,888,2022121301006539,NABIL,42,58,150,809.00,121350.00
888,889,2022121304003574,SHPC,5,50,20,270.90,5418.00
889,890,2022121301006538,SHIVM,13,58,960,547.00,525120.00
890,891,2022121301006537,SHIVM,49,58,20,547.00,10940.00
891,892,2022121301006536,SHIVM,40,58,20,547.10,10942.00
892,893,2022121304003573,UPCL,5,40,10,216.00,2160.00
893,894,2022121304003572,UPPER,42,42,200,390.50,78100.00
894,895,2022121304003571,UPPER,45,42,300,391.00,117300.00
895,896,2022121303004444,LICN,19,34,20,1405.00,28100.00
896,897,2022121304003570,IGI,44,19,114,360.00,41040.00
897,898,2022121304003569,IGI,45,19,30,360.00,10800.00
898,899,2022121304003568,IGI,49,19,20,360.00,7200.00
899,900,2022121304003567,IGI,38,19,37,360.00,13320.00
900,901,2022121304003566,SPDL,13,50,108,262.00,28296.00
901,902,2022121304003565,SPDL,49,50,42,262.00,11004.00
902,903,2022121301006535,NCCB,48,40,321,183.00,58743.00
903,904,2022121303004443,CBBL,43,8,10,1109.00,11090.00
904,905,2022121301006534,SGHC,43,45,100,251.20,25120.00
905,906,2022121301006533,DORDI,32,58,10,230.00,2300.00
906,907,2022121304003564,HEI,41,41,50,361.20,18060.00
907,908,2022121303004442,RLFL,22,36,25,295.00,7375.00
908,909,2022121304003563,SJCL,3,29,42,228.70,9605.40
909,910,2022121304003562,UPPER,22,4,229,391.20,89584.80
910,911,2022121301006532,NABIL,22,58,10,809.00,8090.00
911,912,2022121304003561,JOSHI,32,46,10,188.70,1887.00
912,913,2022121303004441,GBLBS,45,18,50,599.00,29950.00
913,914,2022121301006531,GBIME,41,57,10,212.00,2120.00
914,915,2022121301006530,PPL,21,44,10,200.10,2001.00
915,916,2022121303004440,ALBSL,28,4,19,910.00,17290.00
916,917,2022121301006529,PRVU,17,5,300,199.00,59700.00
917,918,2022121303004439,MSLB,22,38,19,1020.00,19380.00
918,919,2022121304003560,SHEL,39,38,10,229.00,2290.00
919,920,2022121304003559,RIDI,21,54,50,486.50,24325.00
920,921,2022121303004438,FMDBL,34,57,36,709.00,25524.00
921,922,2022121303004437,FMDBL,34,57,64,709.00,45376.00
922,923,2022121301006528,GVL,4,58,10,309.60,3096.00
923,924,2022121304003558,RHPL,57,6,15,239.00,3585.00
924,925,2022121303004436,NRIC,25,34,50,700.00,35000.00
925,926,2022121303004435,NRIC,6,34,20,700.00,14000.00
926,927,2022121303004434,NRIC,21,34,74,700.00,51800.00
927,928,2022121303004433,NRIC,43,34,50,700.00,35000.00
928,929,2022121304003557,UPPER,43,26,50,391.00,19550.00
929,930,2022121304003556,UPPER,43,33,47,391.00,18377.00
930,931,2022121303004432,NRIC,4,37,30,700.00,21000.00
931,932,2022121303004431,NRIC,33,37,68,700.00,47600.00
932,933,2022121304003555,AKJCL,40,50,300,170.10,51030.00
933,934,2022121303004430,NTC,58,38,25,909.90,22747.50
934,935,2022121304003554,AKPL,49,45,50,345.00,17250.00
935,936,2022121305000876,BNHC,29,45,10,329.50,3295.00
936,937,2022121304003553,SBCF,57,58,1000,7.44,7440.00
937,938,2022121303004429,NABBC,53,58,300,368.00,110400.00
938,939,2022121303004428,NMFBS,35,55,25,2000.00,50000.00
939,940,2022121301006527,KBL,6,10,80,185.10,14808.00
940,941,2022121301006526,PRVU,42,5,10,199.00,1990.00
941,942,2022121304003552,RBCL,16,55,13,12501.00,162513.00
942,943,2022121304003551,RBCL,33,55,20,12502.00,250040.00
943,944,2022121303004427,PROFL,21,43,100,280.00,28000.00
944,945,2022121303004426,PROFL,32,43,100,280.10,28010.00
945,946,2022121303004425,PROFL,33,43,711,280.10,199151.10
946,947,2022121303004424,PROFL,1,43,50,280.20,14010.00
947,948,2022121303004423,PROFL,46,43,10,282.00,2820.00
948,949,2022121301006525,NABIL,58,58,13,809.00,10517.00
949,950,2022121303004422,SFCL,57,47,100,255.00,25500.00
950,951,2022121301006524,BHDC,14,58,100,346.00,34600.00
951,952,2022121303004421,MDB,57,42,17,379.00,6443.00
952,953,2022121303004420,NRN,53,35,10,400.00,4000.00
953,954,2022121303004419,KRBL,4,29,200,250.00,50000.00
954,955,2022121303004418,KRBL,52,29,100,251.50,25150.00
955,956,2022121303004417,KRBL,58,29,10,252.00,2520.00
956,957,2022121303004416,CFCL,14,58,115,300.00,34500.00
957,958,2022121303004415,CFCL,58,58,50,300.00,15000.00
958,959,2022121303004414,CFCL,55,58,35,300.00,10500.00
959,960,2022121304003550,UPPER,41,33,100,391.00,39100.00
960,961,2022121304003549,RURU,43,43,10,725.30,7253.00
961,962,2022121304003548,NHPC,39,43,534,200.80,107227.20
962,963,2022121304003547,NHPC,33,43,400,200.80,80320.00
963,964,2022121304003546,NHPC,44,43,182,200.90,36563.80
964,965,2022121304003545,NHPC,6,43,67,201.00,13467.00
965,966,2022121304003544,NHPC,26,43,200,201.00,40200.00
966,967,2022121304003543,NHPC,57,43,17,201.00,3417.00
967,968,2022121303004413,SLBBL,57,42,40,835.00,33400.00
968,969,2022121303004412,SLBBL,57,7,10,834.00,8340.00
969,970,2022121303004411,NUBL,48,58,20,883.00,17660.00
970,971,2022121301006523,NESDO,55,33,97,3310.00,321070.00
971,972,2022121301006522,ADBL,49,8,10,312.50,3125.00
972,973,2022121303004410,MNBBL,49,1,170,418.20,71094.00
973,974,2022121303004409,MNBBL,44,1,49,418.30,20496.70
974,975,2022121303004408,MNBBL,1,1,100,419.00,41900.00
975,976,2022121303004407,MNBBL,39,1,200,419.00,83800.00
976,977,2022121303004406,CBBL,57,21,60,1109.10,66546.00
977,978,2022121301006521,PCBL,40,38,96,223.50,21456.00
978,979,2022121301006520,PCBL,41,38,50,223.50,11175.00
979,980,2022121301006519,PCBL,45,38,10,223.50,2235.00
980,981,2022121301006518,PCBL,25,38,100,223.50,22350.00
981,982,2022121301006517,PCBL,45,38,50,223.60,11180.00
982,983,2022121301006516,PCBL,36,38,70,223.60,15652.00
983,984,2022121301006515,PCBL,39,38,20,224.00,4480.00
984,985,2022121301006514,PCBL,42,38,224,224.00,50176.00
985,986,2022121301006513,PCBL,48,38,80,224.10,17928.00
986,987,2022121303004405,SLBBL,41,13,30,832.00,24960.00
987,988,2022121303004404,ICFC,41,17,10,423.00,4230.00
988,989,2022121303004403,ICFC,41,17,80,423.00,33840.00
989,990,2022121303004402,GFCL,32,57,75,442.30,33172.50
990,991,2022121303004401,GFCL,38,57,25,442.40,11060.00
991,992,2022121303004400,GFCL,48,57,200,444.00,88800.00
992,993,2022121303004399,NTC,49,33,100,910.00,91000.00
993,994,2022121304003542,API,45,52,172,209.00,35948.00
994,995,2022121304003541,OHL,6,38,790,472.00,372880.00
995,996,2022121301006512,SHIVM,34,58,20,548.00,10960.00
996,997,2022121301006511,SHIVM,5,58,10,548.00,5480.00
997,998,2022121301006510,SHIVM,58,58,25,548.00,13700.00
998,999,2022121301006509,SHIVM,33,58,100,548.00,54800.00
999,1000,2022121301006508,SHIVM,5,58,400,548.00,219200.00
1000,1001,2022121301006507,PRVU,42,53,190,199.00,37810.00
1001,1002,2022121301006506,PRVU,58,53,10,199.00,1990.00
1002,1003,2022121301006505,PCBL,48,38,120,224.10,26892.00
1003,1004,2022121304003540,KKHC,58,58,100,180.00,18000.00
1004,1005,2022121304003539,KKHC,58,58,100,180.00,18000.00
1005,1006,2022121303004398,NTC,10,33,300,910.00,273000.00
1006,1007,2022121301006504,PBD88,29,57,25,837.30,20932.50
1007,1008,2022121301006503,NCCB,22,32,1300,183.00,237900.00
1008,1009,2022121303004397,PFL,53,49,10,336.00,3360.00
1009,1010,2022121304003538,IGI,28,21,22,361.00,7942.00
1010,1011,2022121304003537,IGI,48,21,178,361.00,64258.00
1011,1012,2022121304003536,AKJCL,40,49,20,170.10,3402.00
1012,1013,2022121303004396,NTC,4,33,30,910.00,27300.00
1013,1014,2022121301006502,MHL,41,45,80,310.10,24808.00
1014,1015,2022121303004395,MLBL,44,14,50,342.00,17100.00
1015,1016,2022121303004394,MLBL,19,14,50,342.10,17105.00
1016,1017,2022121303004393,GBLBS,45,51,45,599.00,26955.00
1017,1018,2022121304003535,SJCL,3,33,53,224.30,11887.90
1018,1019,2022121304003534,NGPL,49,40,20,207.30,4146.00
1019,1020,2022121304003533,NGPL,36,40,50,207.30,10365.00
1020,1021,2022121303004392,ACLBSL,26,6,40,709.10,28364.00
1021,1022,2022121303004391,NLIC,45,34,21,610.00,12810.00
1022,1023,2022121303004390,GFCL,47,42,100,442.50,44250.00
1023,1024,2022121303004389,FMDBL,34,58,100,709.00,70900.00
1024,1025,2022121304003532,RURU,43,28,50,740.00,37000.00
1025,1026,2022121304003531,RURU,43,10,20,740.00,14800.00
1026,1027,2022121304003530,RURU,43,57,100,739.50,73950.00
1027,1028,2022121304003529,RURU,43,10,100,738.00,73800.00
1028,1029,2022121304003528,RURU,43,51,10,730.00,7300.00
1029,1030,2022121304003527,RURU,43,10,10,730.00,7300.00
1030,1031,2022121304003526,RURU,43,58,20,728.00,14560.00
1031,1032,2022121303004388,NIFRA,39,35,500,184.00,92000.00
1032,1033,2022121301006501,NABIL,45,13,25,810.00,20250.00
1033,1034,2022121301006500,NABIL,45,38,72,810.00,58320.00
1034,1035,2022121301006499,DORDI,32,50,25,230.00,5750.00
1035,1036,2022121301006498,DORDI,56,50,40,230.00,9200.00
1036,1037,2022121304003525,UPPER,7,33,50,391.00,19550.00
1037,1038,2022121304003524,UPPER,42,33,69,391.00,26979.00
1038,1039,2022121304003523,UPPER,54,33,30,391.00,11730.00
1039,1040,2022121304003522,UPPER,49,33,44,391.00,17204.00
1040,1041,2022121304003521,UPPER,34,33,100,391.10,39110.00
1041,1042,2022121304003520,UPPER,13,33,160,391.10,62576.00
1042,1043,2022121304003519,UPPER,38,33,400,391.20,156480.00
1043,1044,2022121304003518,UPPER,13,33,500,391.30,195650.00
1044,1045,2022121304003517,HPPL,33,34,200,246.10,49220.00
1045,1046,2022121303004387,EDBL,37,44,323,303.00,97869.00
1046,1047,2022121303004386,EDBL,59,44,67,303.10,20307.70
1047,1048,2022121304003516,API,41,34,330,208.00,68640.00
1048,1049,2022121304003515,API,7,34,10,208.00,2080.00
1049,1050,2022121304003514,API,41,34,828,208.00,172224.00
1050,1051,2022121303004385,NIFRA,32,34,10,185.50,1855.00
1051,1052,2022121303004384,VLBS,16,32,10,825.00,8250.00
1052,1053,2022121301006497,HHL,7,25,10,216.00,2160.00
1053,1054,2022121301006496,CBL,49,18,150,213.10,31965.00
1054,1055,2022121303004383,SFCL,28,40,10,257.00,2570.00
1055,1056,2022121303004382,SFCL,28,36,140,255.10,35714.00
1056,1057,2022121303004381,MFIL,49,54,10,418.00,4180.00
1057,1058,2022121303004380,SMFDB,45,20,10,1220.00,12200.00
1058,1059,2022121303004379,NTC,58,33,100,910.00,91000.00
1059,1060,2022121303004378,NTC,16,33,90,910.00,81900.00
1060,1061,2022121303004377,JBBL,35,3,550,278.00,152900.00
1061,1062,2022121303004376,JBBL,35,19,410,277.80,113898.00
1062,1063,2022121303004375,JBBL,35,38,40,277.80,11112.00
1063,1064,2022121304003513,CHCL,45,44,50,385.00,19250.00
1064,1065,2022121304003512,NLG,33,36,45,475.70,21406.50
1065,1066,2022121303004374,LICN,22,34,10,1405.00,14050.00
1066,1067,2022121301006495,HDL,37,55,10,3827.00,38270.00
1067,1068,2022121304003511,AIL,21,4,10,380.00,3800.00
1068,1069,2022121303004373,SWBBL,29,45,50,1170.00,58500.00
1069,1070,2022121303004372,NIFRA,39,38,10,184.00,1840.00
1070,1071,2022121301006494,ADBL,55,8,100,312.00,31200.00
1071,1072,2022121301006493,NABIL,44,38,987,808.00,797496.00
1072,1073,2022121301006492,NABIL,42,38,13,809.00,10517.00
1073,1074,2022121303004371,CIT,35,49,20,1859.00,37180.00
1074,1075,2022121303004370,RLFL,21,18,70,295.00,20650.00
1075,1076,2022121301006491,SBL,35,45,1000,311.00,311000.00
1076,1077,2022121301006490,SBL,14,45,70,311.00,21770.00
1077,1078,2022121301006489,SBL,58,45,60,311.00,18660.00
1078,1079,2022121301006488,SBL,42,45,30,311.00,9330.00
1079,1080,2022121305000875,NYADI,50,14,200,270.10,54020.00
1080,1081,2022121303004369,NTC,16,14,10,910.00,9100.00
1081,1082,2022121303004368,NTC,45,14,30,910.00,27300.00
1082,1083,2022121301006487,MEGA,58,38,10,194.00,1940.00
1083,1084,2022121301006486,NCCB,22,47,300,183.00,54900.00
1084,1085,2022121304003510,BARUN,25,45,226,202.90,45855.40
1085,1086,2022121301006485,KBL,35,10,100,185.10,18510.00
1086,1087,2022121301006484,HHL,36,44,10,215.10,2151.00
1087,1088,2022121304003509,NIL,29,58,93,718.80,66848.40
1088,1089,2022121304003508,NIL,29,6,80,718.00,57440.00
1089,1090,2022121301006483,HDL,38,32,10,3827.00,38270.00
1090,1091,2022121301006482,HDL,25,32,10,3827.00,38270.00
1091,1092,2022121301006481,HDL,42,32,50,3827.00,191350.00
1092,1093,2022121301006480,HDL,38,32,30,3827.00,114810.00
1093,1094,2022121301006479,HDL,44,32,10,3827.10,38271.00
1094,1095,2022121305000874,SAHAS,45,49,10,455.00,4550.00
1095,1096,2022121305000873,SAHAS,45,6,10,455.00,4550.00
1096,1097,2022121305000872,SAHAS,45,22,33,455.00,15015.00
1097,1098,2022121303004367,NRIC,33,34,32,700.00,22400.00
1098,1099,2022121303004366,NRIC,19,34,14,700.00,9800.00
1099,1100,2022121303004365,DDBL,56,42,130,1025.00,133250.00
1100,1101,2022121304003507,NGPL,39,34,10,208.00,2080.00
1101,1102,2022121301006478,NIB,13,34,76,218.20,16583.20
1102,1103,2022121301006477,NIB,43,34,125,218.30,27287.50
1103,1104,2022121301006476,NIB,34,34,24,218.50,5244.00
1104,1105,2022121301006475,MHL,41,49,10,310.10,3101.00
1105,1106,2022121303004364,SFCL,58,36,10,255.10,2551.00
1106,1107,2022121303004363,SFCL,26,36,350,255.10,89285.00
1107,1108,2022121303004362,JBBL,48,55,50,276.00,13800.00
1108,1109,2022121303004361,ICFC,41,4,20,423.00,8460.00
1109,1110,2022121303004360,NTC,25,43,100,911.00,91100.00
1110,1111,2022121303004359,NIFRA,39,59,489,184.00,89976.00
1111,1112,2022121304003506,UPPER,33,6,700,391.90,274330.00
1112,1113,2022121304003505,UPPER,33,4,300,391.90,117570.00
1113,1114,2022121303004358,ACLBSL,35,6,10,710.00,7100.00
1114,1115,2022121301006474,NABIL,42,48,40,809.00,32360.00
1115,1116,2022121301006473,MEGA,44,25,17,193.00,3281.00
1116,1117,2022121301006472,MEGA,18,25,20,193.00,3860.00
1117,1118,2022121301006471,NABIL,44,38,28,810.00,22680.00
1118,1119,2022121301006470,NABIL,44,8,196,810.00,158760.00
1119,1120,2022121301006469,NABIL,44,5,180,809.50,145710.00
1120,1121,2022121301006468,NABIL,44,42,328,809.00,265352.00
1121,1122,2022121301006467,NABIL,44,8,33,809.00,26697.00
1122,1123,2022121301006466,NABIL,44,58,115,809.00,93035.00
1123,1124,2022121301006465,NABIL,44,43,120,808.00,96960.00
1124,1125,2022121303004357,NTC,45,26,500,910.00,455000.00
1125,1126,2022121304003504,SICL,44,5,500,768.10,384050.00
1126,1127,2022121304003503,IGI,48,38,370,361.00,133570.00
1127,1128,2022121304003502,IGI,59,38,100,361.10,36110.00
1128,1129,2022121304003501,IGI,46,38,200,361.20,72240.00
1129,1130,2022121304003500,IGI,17,38,200,362.00,72400.00
1130,1131,2022121304003499,SJCL,3,33,10,224.40,2244.00
1131,1132,2022121304003498,UPPER,38,57,100,391.20,39120.00
1132,1133,2022121304003497,SHPC,5,28,30,271.00,8130.00
1133,1134,2022121303004356,NIFRA,32,34,10,185.50,1855.00
1134,1135,2022121301006464,NMB,42,39,90,230.90,20781.00
1135,1136,2022121304003496,API,45,34,1500,208.10,312150.00
1136,1137,2022121301006463,SHIVM,46,58,10,549.00,5490.00
1137,1138,2022121304003495,RIDI,14,10,200,486.50,97300.00
1138,1139,2022121304003494,UPCL,57,57,100,215.20,21520.00
1139,1140,2022121304003493,NGPL,58,34,45,208.00,9360.00
1140,1141,2022121303004355,NTC,45,53,20,910.00,18200.00
1141,1142,2022121304003492,HDHPC,45,58,153,173.00,26469.00
1142,1143,2022121304003491,HDHPC,45,42,47,173.00,8131.00
1143,1144,2022121303004354,SFCL,26,47,150,255.10,38265.00
1144,1145,2022121304003490,AIL,57,48,10,382.00,3820.00
1145,1146,2022121304003489,SHL,49,49,100,218.00,21800.00
1146,1147,2022121301006462,NICA,35,45,779,676.30,526837.70
1147,1148,2022121301006461,NICA,10,45,11,677.00,7447.00
1148,1149,2022121301006460,NICA,48,45,10,677.00,6770.00
1149,1150,2022121303004353,NRIC,19,42,50,700.00,35000.00
1150,1151,2022121301006459,SHIVM,5,20,100,548.00,54800.00
1151,1152,2022121301006458,SHIVM,58,20,100,548.00,54800.00
1152,1153,2022121304003488,AIL,11,48,80,380.10,30408.00
1153,1154,2022121303004352,CBBL,35,47,10,1109.90,11099.00
1154,1155,2022121303004351,NTC,45,14,20,910.00,18200.00
1155,1156,2022121303004350,JBBL,59,38,10,277.80,2778.00
1156,1157,2022121301006457,NESDO,55,50,35,3310.00,115850.00
1157,1158,2022121301006456,NESDO,35,50,10,3310.00,33100.00
1158,1159,2022121301006455,NESDO,33,50,50,3310.10,165505.00
1159,1160,2022121301006454,NESDO,33,50,50,3310.20,165510.00
1160,1161,2022121303004349,KSBBL,25,55,90,305.50,27495.00
1161,1162,2022121303004348,GUFL,28,17,10,520.00,5200.00
1162,1163,2022121304003487,UPCL,57,39,250,215.20,53800.00
1163,1164,2022121301006453,SBL,34,5,15,311.50,4672.50
1164,1165,2022121304003486,UPPER,57,47,10,392.00,3920.00
1165,1166,2022121304003485,UPPER,57,52,40,391.90,15676.00
1166,1167,2022121303004347,LBBL,49,35,150,317.00,47550.00
1167,1168,2022121303004346,LBBL,54,35,100,317.00,31700.00
1168,1169,2022121303004345,LBBL,13,35,100,317.00,31700.00
1169,1170,2022121303004344,LBBL,54,35,20,317.00,6340.00
1170,1171,2022121303004343,LBBL,29,35,100,317.00,31700.00
1171,1172,2022121303004342,LBBL,22,35,180,317.10,57078.00
1172,1173,2022121303004341,LBBL,37,35,100,317.20,31720.00
1173,1174,2022121303004340,CLBSL,18,7,50,761.00,38050.00
1174,1175,2022121301006452,SIKLES,58,58,10,376.10,3761.00
1175,1176,2022121304003484,SIL,6,45,86,485.00,41710.00
1176,1177,2022121304003483,SSHL,45,55,70,170.00,11900.00
1177,1178,2022121304003482,SSHL,22,55,40,170.00,6800.00
1178,1179,2022121304003481,SSHL,34,55,200,170.10,34020.00
1179,1180,2022121304003480,SSHL,39,55,40,170.20,6808.00
1180,1181,2022121303004339,SFCL,26,45,500,255.10,127550.00
1181,1182,2022121301006451,NIB,26,37,450,219.00,98550.00
1182,1183,2022121301006450,NIB,26,37,946,219.00,207174.00
1183,1184,2022121305000871,SAHAS,45,34,140,454.90,63686.00
1184,1185,2022121304003479,RIDI,14,17,135,486.50,65677.50
1185,1186,2022121304003478,RIDI,32,17,20,486.60,9732.00
1186,1187,2022121304003477,RIDI,38,17,10,487.00,4870.00
1187,1188,2022121304003476,RIDI,35,17,100,487.00,48700.00
1188,1189,2022121304003475,RIDI,22,17,35,487.00,17045.00
1189,1190,2022121303004338,SADBL,58,43,50,304.30,15215.00
1190,1191,2022121301006449,BHDC,14,34,30,346.00,10380.00
1191,1192,2022121303004337,CHDC,50,52,10,656.00,6560.00
1192,1193,2022121304003474,NGPL,1,34,590,208.00,122720.00
1193,1194,2022121304003473,NGPL,1,36,410,208.00,85280.00
1194,1195,2022121303004336,NTC,45,42,30,910.00,27300.00
1195,1196,2022121301006448,SPHL,58,19,10,347.00,3470.00
1196,1197,2022121301006447,SPHL,5,49,10,347.20,3472.00
1197,1198,2022121304003472,SJCL,57,33,15,228.80,3432.00
1198,1199,2022121303004335,NABBC,14,58,380,365.00,138700.00
1199,1200,2022121303004334,HIDCL,58,52,46,165.50,7613.00
1200,1201,2022121305000870,MKJC,36,28,150,405.00,60750.00
1201,1202,2022121304003471,SHPC,14,42,20,270.00,5400.00
1202,1203,2022121303004333,NLICL,42,17,307,500.00,153500.00
1203,1204,2022121301006446,NABIL,45,14,110,808.00,88880.00
1204,1205,2022121303004332,NRIC,19,4,46,700.00,32200.00
1205,1206,2022121304003470,NHPC,39,25,70,201.90,14133.00
1206,1207,2022121303004331,PROFL,33,58,269,280.10,75346.90
1207,1208,2022121303004330,PROFL,29,58,40,280.20,11208.00
1208,1209,2022121303004329,PROFL,22,58,200,281.00,56200.00
1209,1210,2022121304003469,GHL,58,56,15,193.00,2895.00
1210,1211,2022121304003468,API,25,34,200,208.10,41620.00
1211,1212,2022121304003467,API,16,34,132,208.10,27469.20
1212,1213,2022121304003466,AHPC,33,55,50,268.00,13400.00
1213,1214,2022121303004328,JBBL,59,22,10,277.00,2770.00
1214,1215,2022121301006445,MBL,1,35,34,210.10,7143.40
1215,1216,2022121301006444,MBL,44,35,200,210.20,42040.00
1216,1217,2022121301006443,MBL,37,35,200,210.20,42040.00
1217,1218,2022121301006442,MBL,44,35,200,210.50,42100.00
1218,1219,2022121301006441,MBL,42,35,50,210.50,10525.00
1219,1220,2022121301006440,MBL,18,35,10,211.00,2110.00
1220,1221,2022121301006439,MBL,45,35,20,211.00,4220.00
1221,1222,2022121301006438,MBL,45,35,200,211.00,42200.00
1222,1223,2022121301006437,MBL,57,35,100,211.00,21100.00
1223,1224,2022121301006436,MBL,14,35,10,211.00,2110.00
1224,1225,2022121301006435,MBL,58,35,240,211.10,50664.00
1225,1226,2022121301006434,MBL,1,35,300,211.10,63330.00
1226,1227,2022121301006433,MBL,5,35,50,211.20,10560.00
1227,1228,2022121301006432,MBL,57,35,200,211.20,42240.00
1228,1229,2022121301006431,MBL,17,35,940,211.30,198622.00
1229,1230,2022121301006430,MBL,58,35,50,211.40,10570.00
1230,1231,2022121301006429,MBL,1,35,300,211.40,63420.00
1231,1232,2022121301006428,MBL,48,35,150,211.40,31710.00
1232,1233,2022121301006427,MBL,34,35,300,211.50,63450.00
1233,1234,2022121301006426,MBL,43,35,63,211.50,13324.50
1234,1235,2022121301006425,MBL,54,35,400,211.60,84640.00
1235,1236,2022121301006424,MBL,11,35,100,211.70,21170.00
1236,1237,2022121303004327,NIFRA,39,38,10,184.00,1840.00
1237,1238,2022121303004326,NIFRA,28,38,21,184.10,3866.10
1238,1239,2022121303004325,NRIC,37,35,80,700.10,56008.00
1239,1240,2022121305000869,JALPA,38,57,10,3370.00,33700.00
1240,1241,2022121303004324,LICN,25,26,10,1409.90,14099.00
1241,1242,2022121301006423,KBL,35,10,100,185.10,18510.00
1242,1243,2022121303004323,ALICL,57,57,104,510.20,53060.80
1243,1244,2022121303004322,NRIC,37,44,17,700.10,11901.70
1244,1245,2022121303004321,NRIC,19,44,80,700.10,56008.00
1245,1246,2022121303004320,FMDBL,34,20,310,709.00,219790.00
1246,1247,2022121301006422,SHIVM,21,58,10,549.00,5490.00
1247,1248,2022121301006421,SHIVM,45,58,10,549.00,5490.00
1248,1249,2022121301006420,SHIVM,34,58,50,549.00,27450.00
1249,1250,2022121301006419,SHIVM,58,58,50,549.00,27450.00
1250,1251,2022121301006418,SHIVM,58,58,50,549.10,27455.00
1251,1252,2022121301006417,SHIVM,46,58,25,549.50,13737.50
1252,1253,2022121301006416,SHIVM,53,58,20,549.50,10990.00
1253,1254,2022121301006415,SHIVM,8,58,50,549.60,27480.00
1254,1255,2022121301006414,SHIVM,38,58,10,549.70,5497.00
1255,1256,2022121304003465,HPPL,22,34,100,246.20,24620.00
1256,1257,2022121303004319,SABSL,55,35,10,905.00,9050.00
1257,1258,2022121303004318,SABSL,55,35,50,903.00,45150.00
1258,1259,2022121303004317,MMFDB,14,45,20,872.00,17440.00
1259,1260,2022121303004316,MMFDB,46,45,10,873.00,8730.00
1260,1261,2022121303004315,MMFDB,42,45,20,873.00,17460.00
1261,1262,2022121304003464,BARUN,45,6,340,203.00,69020.00
1262,1263,2022121304003463,BARUN,45,45,600,202.90,121740.00
1263,1264,2022121304003462,BARUN,45,43,350,202.90,71015.00
1264,1265,2022121304003461,BARUN,45,43,10,202.80,2028.00
1265,1266,2022121301006413,BHL,22,52,10,243.60,2436.00
1266,1267,2022121304003460,LUK,48,58,100,7.85,785.00
1267,1268,2022121303004314,CHDC,50,54,20,656.00,13120.00
1268,1269,2022121301006412,HBL,34,39,100,324.00,32400.00
1269,1270,2022121301006411,CCBL,34,58,178,191.00,33998.00
1270,1271,2022121301006410,CCBL,34,19,120,191.00,22920.00
1271,1272,2022121301006409,CCBL,34,49,42,191.00,8022.00
1272,1273,2022121301006408,CCBL,34,35,100,191.00,19100.00
1273,1274,2022121301006407,CCBL,34,55,500,190.80,95400.00
1274,1275,2022121301006406,CCBL,34,11,12,190.70,2288.40
1275,1276,2022121301006405,CCBL,34,42,48,190.70,9153.60
1276,1277,2022121301006404,BHDC,43,46,70,345.00,24150.00
1277,1278,2022121301006403,BHDC,43,53,10,344.90,3449.00
1278,1279,2022121303004313,JBBL,48,59,893,276.00,246468.00
1279,1280,2022121303004312,JBBL,39,59,75,276.00,20700.00
1280,1281,2022121303004311,JBBL,1,59,36,276.00,9936.00
1281,1282,2022121301006402,SIKLES,58,58,10,376.10,3761.00
1282,1283,2022121305000868,MBJC,58,58,10,209.00,2090.00
1283,1284,2022121301006401,MHL,41,34,10,310.10,3101.00
1284,1285,2022121301006400,PPL,34,6,50,201.80,10090.00
1285,1286,2022121301006399,PPL,34,58,10,201.80,2018.00
1286,1287,2022121301006398,PPL,34,36,10,201.80,2018.00
1287,1288,2022121301006397,PPL,34,25,10,201.80,2018.00
1288,1289,2022121301006396,PPL,34,47,10,201.80,2018.00
1289,1290,2022121303004310,MFIL,19,32,150,416.00,62400.00
1290,1291,2022121301006395,HDL,49,32,21,3827.40,80375.40
1291,1292,2022121301006394,HDL,19,21,5,3754.00,18770.00
1292,1293,2022121303004309,NABBC,14,3,200,365.00,73000.00
1293,1294,2022121301006393,NICA,58,45,50,678.00,33900.00
1294,1295,2022121301006392,NICA,45,45,100,678.00,67800.00
1295,1296,2022121301006391,NICA,6,45,30,678.00,20340.00
1296,1297,2022121301006390,NICA,11,45,10,678.00,6780.00
1297,1298,2022121301006389,NICA,48,45,40,678.50,27140.00
1298,1299,2022121303004308,MLBSL,39,33,40,3977.00,159080.00
1299,1300,2022121303004307,ICFC,41,17,180,423.80,76284.00
1300,1301,2022121303004306,ICFC,35,17,50,423.90,21195.00
1301,1302,2022121303004305,ICFC,54,17,180,423.90,76302.00
1302,1303,2022121303004304,SKBBL,25,58,20,1118.00,22360.00
1303,1304,2022121303004303,SKBBL,45,58,14,1118.00,15652.00
1304,1305,2022121303004302,SKBBL,42,58,13,1118.50,14540.50
1305,1306,2022121304003459,HDHPC,26,35,500,172.20,86100.00
1306,1307,2022121301006388,MEGA,18,34,80,193.00,15440.00
1307,1308,2022121301006387,MEGA,16,34,100,193.00,19300.00
1308,1309,2022121303004301,NABBC,14,17,20,365.00,7300.00
1309,1310,2022121304003458,AHPC,33,58,370,268.00,99160.00
1310,1311,2022121304003457,AHPC,49,58,50,268.00,13400.00
1311,1312,2022121304003456,AHPC,25,58,30,268.00,8040.00
1312,1313,2022121304003455,AHPC,25,58,50,268.10,13405.00
1313,1314,2022121304003454,AHPC,43,58,44,268.50,11814.00
1314,1315,2022121304003453,UMRH,28,16,10,416.00,4160.00
1315,1316,2022121303004300,NMFBS,52,45,20,2000.00,40000.00
1316,1317,2022121303004299,NMFBS,17,45,18,2000.10,36001.80
1317,1318,2022121301006386,NABIL,39,58,280,809.00,226520.00
1318,1319,2022121304003452,UPPER,29,47,160,392.00,62720.00
1319,1320,2022121304003451,UPPER,29,5,40,391.90,15676.00
1320,1321,2022121301006385,NABIL,49,58,69,807.00,55683.00
1321,1322,2022121301006384,NABIL,44,58,300,807.00,242100.00
1322,1323,2022121301006383,NABIL,42,58,30,807.00,24210.00
1323,1324,2022121301006382,NABIL,49,58,50,807.00,40350.00
1324,1325,2022121301006381,NABIL,5,58,1000,807.00,807000.00
1325,1326,2022121301006380,NABIL,59,58,100,807.00,80700.00
1326,1327,2022121301006379,NABIL,13,58,1500,807.00,1210500.00
1327,1328,2022121301006378,NABIL,41,58,80,807.00,64560.00
1328,1329,2022121301006377,NABIL,49,58,30,807.10,24213.00
1329,1330,2022121301006376,NABIL,51,58,30,807.50,24225.00
1330,1331,2022121301006375,NABIL,22,58,50,808.00,40400.00
1331,1332,2022121301006374,NABIL,57,58,14,808.00,11312.00
1332,1333,2022121301006373,NABIL,49,58,120,808.00,96960.00
1333,1334,2022121301006372,NABIL,13,58,100,808.00,80800.00
1334,1335,2022121301006371,NABIL,33,58,327,808.00,264216.00
1335,1336,2022121303004298,NTC,45,55,300,910.00,273000.00
1336,1337,2022121303004297,NUBL,48,45,23,883.00,20309.00
1337,1338,2022121303004296,NUBL,58,45,27,883.10,23843.70
1338,1339,2022121303004295,NTC,45,39,100,910.00,91000.00
1339,1340,2022121305000867,JBLB,38,38,20,2739.00,54780.00
1340,1341,2022121304003450,OHL,34,38,100,475.40,47540.00
1341,1342,2022121304003449,OHL,22,38,390,477.00,186030.00
1342,1343,2022121304003448,OHL,57,38,500,477.10,238550.00
1343,1344,2022121304003447,OHL,6,38,200,477.20,95440.00
1344,1345,2022121304003446,OHL,25,38,20,477.20,9544.00
1345,1346,2022121303004294,NIFRA,32,16,10,186.00,1860.00
1346,1347,2022121301006370,UHEWA,20,55,10,348.00,3480.00
1347,1348,2022121304003445,AIL,11,18,10,380.10,3801.00
1348,1349,2022121301006369,UHEWA,20,58,10,348.00,3480.00
1349,1350,2022121304003444,RIDI,58,48,10,487.30,4873.00
1350,1351,2022121304003443,NLG,57,36,10,475.70,4757.00
1351,1352,2022121304003442,NGPL,45,36,711,207.10,147248.10
1352,1353,2022121304003441,NGPL,57,36,30,207.10,6213.00
1353,1354,2022121304003440,NGPL,53,36,10,207.20,2072.00
1354,1355,2022121304003439,NGPL,58,36,89,207.20,18440.80
1355,1356,2022121304003438,NGPL,5,36,90,207.30,18657.00
1356,1357,2022121304003437,NGPL,48,36,50,207.40,10370.00
1357,1358,2022121304003436,NGPL,49,36,20,207.50,4150.00
1358,1359,2022121301006368,CCBL,34,42,52,190.70,9916.40
1359,1360,2022121301006367,CCBL,34,35,76,190.70,14493.20
1360,1361,2022121301006366,CCBL,34,21,581,190.60,110738.60
1361,1362,2022121301006365,CCBL,34,22,500,190.60,95300.00
1362,1363,2022121301006364,CCBL,34,45,200,190.50,38100.00
1363,1364,2022121301006363,CCBL,34,58,47,190.50,8953.50
1364,1365,2022121301006362,CCBL,34,25,500,190.50,95250.00
1365,1366,2022121301006361,CCBL,34,44,100,190.50,19050.00
1366,1367,2022121301006360,CCBL,34,55,380,190.40,72352.00
1367,1368,2022121301006359,CCBL,34,47,50,190.30,9515.00
1368,1369,2022121301006358,CCBL,34,43,14,190.20,2662.80
1369,1370,2022121304003435,GLH,42,49,10,239.00,2390.00
1370,1371,2022121304003434,GLH,42,48,10,239.00,2390.00
1371,1372,2022121304003433,AKJCL,40,34,135,170.10,22963.50
1372,1373,2022121304003432,AKJCL,34,34,15,170.20,2553.00
1373,1374,2022121301006357,NESDO,39,14,15,3315.10,49726.50
1374,1375,2022121304003431,RADHI,39,58,10,216.00,2160.00
1375,1376,2022121304003430,RADHI,39,22,110,216.00,23760.00
1376,1377,2022121301006356,NICA,51,49,100,679.30,67930.00
1377,1378,2022121301006355,NABIL,43,58,12,809.00,9708.00
1378,1379,2022121301006354,NABIL,42,58,23,809.00,18607.00
1379,1380,2022121301006353,NABIL,48,58,60,809.00,48540.00
1380,1381,2022121301006352,NABIL,43,58,10,809.00,8090.00
1381,1382,2022121301006351,NABIL,45,58,500,809.00,404500.00
1382,1383,2022121304003429,NGPL,58,36,10,208.00,2080.00
1383,1384,2022121303004293,GBBL,D01,59,246,377.00,92742.00
1384,1385,2022121301006350,SBL,45,5,115,311.50,35822.50
1385,1386,2022121303004292,MLBSL,39,33,10,3977.00,39770.00
1386,1387,2022121304003428,SPDL,36,48,410,263.00,107830.00
1387,1388,2022121304003427,API,5,52,10,209.00,2090.00
1388,1389,2022121303004291,NTC,49,42,500,910.00,455000.00
1389,1390,2022121301006349,KBL,17,40,350,185.00,64750.00
1390,1391,2022121301006348,NICA,17,22,50,679.40,33970.00
1391,1392,2022121301006347,SBI,34,39,10,279.00,2790.00
1392,1393,2022121303004290,MFIL,32,53,50,416.20,20810.00
1393,1394,2022121304003426,RIDI,22,34,165,487.00,80355.00
1394,1395,2022121304003425,RIDI,6,34,10,487.00,4870.00
1395,1396,2022121304003424,RIDI,56,34,50,487.00,24350.00
1396,1397,2022121304003423,RIDI,47,34,125,487.10,60887.50
1397,1398,2022121304003422,RIDI,41,34,50,487.20,24360.00
1398,1399,2022121303004289,GBBL,45,50,50,378.00,18900.00
1399,1400,2022121303004288,NMFBS,17,56,10,2000.10,20001.00
1400,1401,2022121301006346,NBL,4,39,17,276.00,4692.00
1401,1402,2022121301006345,NABIL,38,5,100,809.50,80950.00
1402,1403,2022121303004287,FMDBL,34,22,22,709.00,15598.00
1403,1404,2022121303004286,NIFRA,39,38,10,184.00,1840.00
1404,1405,2022121301006344,SHIVM,17,58,50,550.00,27500.00
1405,1406,2022121301006343,SHIVM,17,42,75,550.00,41250.00
1406,1407,2022121303004285,GUFL,45,58,375,518.10,194287.50
1407,1408,2022121303004284,GUFL,22,58,40,518.10,20724.00
1408,1409,2022121303004283,SDLBSL,41,6,10,924.00,9240.00
1409,1410,2022121303004282,SMFBS,50,18,17,1380.00,23460.00
1410,1411,2022121303004281,NLICL,33,17,10,500.00,5000.00
1411,1412,2022121301006342,NIB,26,39,54,219.00,11826.00
1412,1413,2022121301006341,NIB,38,39,200,219.10,43820.00
1413,1414,2022121304003421,OHL,54,55,10,481.20,4812.00
1414,1415,2022121303004280,GFCL,47,55,250,442.50,110625.00
1415,1416,2022121301006340,HDL,54,21,15,3830.00,57450.00
1416,1417,2022121301006339,CBL,46,6,469,213.90,100319.10
1417,1418,2022121301006338,CBL,46,28,2531,213.90,541380.90
1418,1419,2022121301006337,UHEWA,20,52,10,348.00,3480.00
1419,1420,2022121305000866,SLI,36,13,20,334.00,6680.00
1420,1421,2022121303004279,GFCL,16,42,20,446.00,8920.00
1421,1422,2022121301006336,GBIME,42,57,235,212.00,49820.00
1422,1423,2022121301006335,SHIVM,8,58,50,549.60,27480.00
1423,1424,2022121303004278,SABSL,47,35,100,900.00,90000.00
1424,1425,2022121303004277,PFL,1,53,30,332.20,9966.00
1425,1426,2022121303004276,SABSL,47,35,50,903.00,45150.00
1426,1427,2022121304003420,SSHL,39,58,60,170.20,10212.00
1427,1428,2022121301006334,MEGA,35,34,100,193.10,19310.00
1428,1429,2022121301006333,MEGA,41,34,50,193.10,9655.00
1429,1430,2022121301006332,MEGA,52,34,20,193.20,3864.00
1430,1431,2022121301006331,SIKLES,58,49,10,376.10,3761.00
1431,1432,2022121301006330,SBLD2082,51,53,50,980.40,49020.00
1432,1433,2022121303004275,CIT,57,41,17,1859.50,31611.50
1433,1434,2022121303004274,SADBL,58,22,90,304.40,27396.00
1434,1435,2022121305000865,SLI,22,58,10,333.00,3330.00
1435,1436,2022121301006329,NABIL,41,5,10,809.50,8095.00
1436,1437,2022121301006328,SGHC,58,58,10,252.00,2520.00
1437,1438,2022121303004273,ACLBSL,34,6,10,711.00,7110.00
1438,1439,2022121301006327,NBL,4,14,71,275.90,19588.90
1439,1440,2022121301006326,NMB,17,19,1707,230.00,392610.00
1440,1441,2022121304003419,UIC,47,38,100,339.20,33920.00
1441,1442,2022121301006325,SHIVM,8,57,100,549.60,54960.00
1442,1443,2022121303004272,JSLBB,11,42,10,1580.00,15800.00
1443,1444,2022121303004271,NTC,45,45,93,910.00,84630.00
1444,1445,2022121303004270,MNBBL,44,52,50,418.30,20915.00
1445,1446,2022121303004269,SMFBS,17,48,11,1361.00,14971.00
1446,1447,2022121303004268,SMFBS,45,48,11,1361.10,14972.10
1447,1448,2022121301006324,CBL,58,28,50,213.90,10695.00
1448,1449,2022121303004267,NIFRA,32,16,10,186.00,1860.00
1449,1450,2022121301006323,KBL,17,29,731,185.00,135235.00
1450,1451,2022121301006322,SGHC,44,55,10,251.10,2511.00
1451,1452,2022121303004266,GBBL,48,50,50,378.10,18905.00
1452,1453,2022121303004265,RMDC,58,44,55,948.00,52140.00
1453,1454,2022121303004264,RMDC,57,44,10,948.00,9480.00
1454,1455,2022121304003418,CGH,56,55,75,1005.00,75375.00
1455,1456,2022121304003417,CGH,56,48,100,1004.00,100400.00
1456,1457,2022121301006321,MEGA,22,38,10,194.00,1940.00
1457,1458,2022121303004263,ALBSL,57,35,24,910.00,21840.00
1458,1459,2022121303004262,ALBSL,46,35,20,910.00,18200.00
1459,1460,2022121303004261,SAPDBL,16,32,20,221.00,4420.00
1460,1461,2022121303004260,PROFL,28,47,260,282.00,73320.00
1461,1462,2022121304003416,GLH,42,35,10,238.00,2380.00
1462,1463,2022121303004259,CLBSL,18,8,10,761.00,7610.00
1463,1464,2022121305000864,MBJC,14,51,10,208.40,2084.00
1464,1465,2022121304003415,JOSHI,32,47,400,185.10,74040.00
1465,1466,2022121301006320,NABIL,57,5,10,809.50,8095.00
1466,1467,2022121304003414,API,16,26,18,208.10,3745.80
1467,1468,2022121303004258,MLBBL,58,49,10,999.00,9990.00
1468,1469,2022121303004257,NTC,58,22,10,912.00,9120.00
1469,1470,2022121303004256,NTC,58,35,10,911.00,9110.00
1470,1471,2022121304003413,SICL,44,35,125,768.10,96012.50
1471,1472,2022121304003412,SICL,41,35,100,768.20,76820.00
1472,1473,2022121303004255,NTC,45,16,200,910.00,182000.00
1473,1474,2022121304003411,UPPER,13,47,94,392.00,36848.00
1474,1475,2022121304003410,UPPER,13,22,100,392.00,39200.00
1475,1476,2022121304003409,UPPER,13,35,50,392.00,19600.00
1476,1477,2022121304003408,UPPER,13,59,10,392.00,3920.00
1477,1478,2022121304003407,SHPC,14,28,48,270.00,12960.00
1478,1479,2022121304003406,SHPC,45,28,500,270.00,135000.00
1479,1480,2022121304003405,SHPC,49,28,200,270.00,54000.00
1480,1481,2022121304003404,SHPC,6,28,1000,270.00,270000.00
1481,1482,2022121304003403,SHPC,32,28,11,270.00,2970.00
1482,1483,2022121304003402,SHPC,49,28,50,270.10,13505.00
1483,1484,2022121304003401,SHPC,26,28,180,270.10,48618.00
1484,1485,2022121301006319,HBL,49,28,50,323.00,16150.00
1485,1486,2022121303004254,NTC,45,25,20,910.00,18200.00
1486,1487,2022121304003400,RIDI,38,48,20,488.00,9760.00
1487,1488,2022121305000863,NYADI,45,14,25,273.50,6837.50
1488,1489,2022121304003399,AHPC,35,58,100,269.00,26900.00
1489,1490,2022121304003398,AHPC,11,58,100,269.00,26900.00
1490,1491,2022121304003397,AHPC,53,58,156,269.00,41964.00
1491,1492,2022121304003396,AHPC,58,58,1000,269.10,269100.00
1492,1493,2022121304003395,AHPC,41,58,100,269.20,26920.00
1493,1494,2022121301006318,NABIL,1,5,50,809.50,40475.00
1494,1495,2022121303004253,NRIC,39,42,10,703.00,7030.00
1495,1496,2022121303004252,NMFBS,25,57,50,2000.20,100010.00
1496,1497,2022121305000862,MLBS,57,34,10,1000.10,10001.00
1497,1498,2022121301006317,NBL,19,14,231,275.90,63732.90
1498,1499,2022121304003394,GLH,29,35,90,238.00,21420.00
1499,1500,2022121301006316,GVL,4,59,10,309.60,3096.00
1500,1501,2022121303004251,NTC,45,11,121,910.00,110110.00
1501,1502,2022121303004250,NTC,45,45,10,910.00,9100.00
1502,1503,2022121303004249,NTC,45,45,910,910.00,828100.00
1503,1504,2022121304003393,UPPER,29,59,135,392.00,52920.00
1504,1505,2022121304003392,UPPER,29,33,60,391.90,23514.00
1505,1506,2022121303004248,NTC,32,45,25,910.00,22750.00
1506,1507,2022121304003391,AKPL,38,45,100,345.00,34500.00
1507,1508,2022121304003390,BPCL,58,35,12,305.00,3660.00
1508,1509,2022121301006315,NBL,4,18,12,275.50,3306.00
1509,1510,2022121301006314,PCBL,42,28,76,224.00,17024.00
1510,1511,2022121301006313,PCBL,49,28,10,224.00,2240.00
1511,1512,2022121301006312,PCBL,38,28,378,224.00,84672.00
1512,1513,2022121301006311,PCBL,45,28,26,224.10,5826.60
1513,1514,2022121301006310,SBL,38,13,100,312.00,31200.00
1514,1515,2022121301006309,BOKL,49,34,197,206.00,40582.00
1515,1516,2022121301006308,BOKL,14,34,50,206.00,10300.00
1516,1517,2022121301006307,BOKL,34,34,100,206.00,20600.00
1517,1518,2022121301006306,BOKL,19,34,51,206.10,10511.10
1518,1519,2022121301006305,BOKL,19,34,50,206.40,10320.00
1519,1520,2022121301006304,BOKL,34,34,12,206.40,2476.80
1520,1521,2022121301006303,BOKL,32,34,40,206.40,8256.00
1521,1522,2022121303004247,PROFL,42,47,90,282.00,25380.00
1522,1523,2022121305000861,SLI,22,17,10,333.00,3330.00
1523,1524,2022121304003389,RIDI,41,22,50,487.20,24360.00
1524,1525,2022121304003388,RIDI,32,22,100,487.50,48750.00
1525,1526,2022121304003387,SSHL,41,10,300,170.30,51090.00
1526,1527,2022121304003386,SSHL,16,10,900,170.30,153270.00
1527,1528,2022121303004246,HIDCL,32,38,10,166.00,1660.00
1528,1529,2022121304003385,HDHPC,57,42,28,173.00,4844.00
1529,1530,2022121304003384,HDHPC,57,44,72,172.20,12398.40
1530,1531,2022121305000860,SAHAS,45,58,10,451.00,4510.00
1531,1532,2022121303004245,SWBBL,33,56,40,1167.60,46704.00
1532,1533,2022121303004244,SWBBL,42,56,10,1167.60,11676.00
1533,1534,2022121303004243,CBBL,17,45,20,1109.00,22180.00
1534,1535,2022121305000859,MBJC,14,52,10,208.40,2084.00
1535,1536,2022121303004242,NTC,58,45,65,910.00,59150.00
1536,1537,2022121303004241,NTC,58,57,10,910.00,9100.00
1537,1538,2022121303004240,NTC,58,45,125,910.00,113750.00
1538,1539,2022121303004239,NTC,53,45,100,910.00,91000.00
1539,1540,2022121303004238,PROFL,42,38,40,282.00,11280.00
1540,1541,2022121303004237,PROFL,13,38,90,282.10,25389.00
1541,1542,2022121304003383,UPCL,16,57,100,215.10,21510.00
1542,1543,2022121304003382,HDHPC,7,44,200,172.20,34440.00
1543,1544,2022121304003381,HDHPC,17,44,228,172.20,39261.60
1544,1545,2022121301006302,SHIVM,57,42,30,550.00,16500.00
1545,1546,2022121303004236,NTC,1,45,100,910.00,91000.00
1546,1547,2022121303004235,NABBC,14,28,400,365.00,146000.00
1547,1548,2022121303004234,JFL,58,10,58,368.00,21344.00
1548,1549,2022121303004233,JFL,58,10,102,368.10,37546.20
1549,1550,2022121303004232,JFL,38,10,25,369.00,9225.00
1550,1551,2022121303004231,JFL,50,10,15,369.00,5535.00
1551,1552,2022121304003380,SHPC,26,34,20,270.10,5402.00
1552,1553,2022121301006301,SBL,46,13,34,312.00,10608.00
1553,1554,2022121304003379,CHCL,44,49,60,384.00,23040.00
1554,1555,2022121301006300,SHIVM,42,42,20,550.00,11000.00
1555,1556,2022121304003378,SHPC,45,42,50,270.20,13510.00
1556,1557,2022121301006299,NMB,25,39,100,230.40,23040.00
1557,1558,2022121305000858,SAHAS,45,35,10,454.90,4549.00
1558,1559,2022121305000857,SAHAS,45,54,30,454.00,13620.00
1559,1560,2022121304003377,PIC,57,47,10,529.50,5295.00
1560,1561,2022121303004230,NTC,41,45,90,910.00,81900.00
1561,1562,2022121304003376,NHPC,1,25,10,201.90,2019.00
1562,1563,2022121303004229,LBBL,32,36,20,317.30,6346.00
1563,1564,2022121303004228,ALICL,49,50,72,510.10,36727.20
1564,1565,2022121304003375,UPPER,56,58,50,391.90,19595.00
1565,1566,2022121304003374,UPPER,19,58,10,391.90,3919.00
1566,1567,2022121301006298,GVL,17,3,10,310.00,3100.00
1567,1568,2022121301006297,GVL,6,3,125,310.00,38750.00
1568,1569,2022121301006296,GVL,17,3,40,310.40,12416.00
1569,1570,2022121301006295,GVL,29,3,90,310.60,27954.00
1570,1571,2022121301006294,HDL,50,21,50,3830.00,191500.00
1571,1572,2022121301006293,HDL,49,41,17,3827.40,65065.80
1572,1573,2022121304003373,GLH,42,22,10,237.90,2379.00
1573,1574,2022121303004227,NTC,25,45,85,910.00,77350.00
1574,1575,2022121303004226,NTC,25,45,45,910.00,40950.00
1575,1576,2022121303004225,NTC,25,58,20,910.00,18200.00
1576,1577,2022121303004224,NTC,25,42,200,910.00,182000.00
1577,1578,2022121303004223,NTC,25,14,100,910.00,91000.00
1578,1579,2022121303004222,NTC,25,52,50,910.00,45500.00
1579,1580,2022121303004221,GBBL,13,59,151,378.20,57108.20
1580,1581,2022121303004220,GBBL,49,59,25,378.20,9455.00
1581,1582,2022121303004219,GBBL,51,59,78,378.20,29499.60
1582,1583,2022121303004218,SHINE,33,58,1000,333.00,333000.00
1583,1584,2022121301006292,AVYAN,36,49,10,693.00,6930.00
1584,1585,2022121303004217,LBBL,42,36,30,317.30,9519.00
1585,1586,2022121301006291,NBL,49,18,200,275.50,55100.00
1586,1587,2022121303004216,NRIC,41,35,20,704.00,14080.00
1587,1588,2022121305000856,SLI,22,46,10,333.00,3330.00
1588,1589,2022121304003372,UPCL,16,56,200,215.10,43020.00
1589,1590,2022121303004215,NLIC,58,55,10,610.00,6100.00
1590,1591,2022121303004214,NTC,57,38,100,910.00,91000.00
1591,1592,2022121303004213,MSLB,22,34,52,1020.00,53040.00
1592,1593,2022121304003371,GHL,36,56,724,193.00,139732.00
1593,1594,2022121301006290,AVYAN,36,57,10,693.00,6930.00
1594,1595,2022121304003370,PRIN,19,13,44,415.00,18260.00
1595,1596,2022121301006289,SANIMA,47,58,425,223.00,94775.00
1596,1597,2022121301006288,SANIMA,34,58,260,223.10,58006.00
1597,1598,2022121301006287,SANIMA,38,58,65,224.00,14560.00
1598,1599,2022121301006286,SANIMA,38,58,160,224.00,35840.00
1599,1600,2022121301006285,SANIMA,38,58,160,224.00,35840.00
1600,1601,2022121301006284,SANIMA,38,58,150,224.00,33600.00
1601,1602,2022121301006283,SANIMA,38,58,70,224.00,15680.00
1602,1603,2022121301006282,SANIMA,38,58,110,224.00,24640.00
1603,1604,2022121301006281,SANIMA,1,58,500,224.00,112000.00
1604,1605,2022121301006280,SANIMA,42,58,100,224.00,22400.00
1605,1606,2022121301006279,HHL,36,19,10,215.10,2151.00
1606,1607,2022121303004212,NTC,16,1,100,910.00,91000.00
1607,1608,2022121303004211,NTC,58,42,1000,909.90,909900.00
1608,1609,2022121305000855,MBJC,49,49,10,208.50,2085.00
1609,1610,2022121304003369,RHPL,34,42,100,237.10,23710.00
1610,1611,2022121301006278,SIKLES,56,38,10,376.10,3761.00
1611,1612,2022121301006277,PCBL,45,49,50,224.90,11245.00
1612,1613,2022121303004210,SMATA,48,58,10,748.00,7480.00
1613,1614,2022121304003368,AKPL,33,45,603,344.00,207432.00
1614,1615,2022121304003367,AKPL,21,45,10,344.00,3440.00
1615,1616,2022121304003366,AKPL,52,45,35,344.00,12040.00
1616,1617,2022121304003365,AKPL,34,45,50,345.00,17250.00
1617,1618,2022121304003364,AKPL,42,45,60,345.00,20700.00
1618,1619,2022121304003363,AKPL,49,45,242,345.00,83490.00
1619,1620,2022121301006276,NABIL,42,42,30,809.00,24270.00
1620,1621,2022121304003362,NICL,25,58,10,422.00,4220.00
1621,1622,2022121301006275,NESDO,38,5,10,3315.10,33151.00
1622,1623,2022121301006274,NESDO,4,5,30,3315.10,99453.00
1623,1624,2022121301006273,NMB,34,39,100,230.40,23040.00
1624,1625,2022121303004209,MNBBL,44,53,49,418.30,20496.70
1625,1626,2022121303004208,NTC,58,49,2000,909.90,1819800.00
1626,1627,2022121301006272,RHGCL,22,58,10,206.30,2063.00
1627,1628,2022121303004207,HIDCL,8,32,365,165.70,60480.50
1628,1629,2022121303004206,HIDCL,42,32,50,165.70,8285.00
1629,1630,2022121303004205,HIDCL,19,32,635,165.80,105283.00
1630,1631,2022121303004204,HIDCL,13,32,140,165.90,23226.00
1631,1632,2022121303004203,SMFDB,55,20,45,1221.00,54945.00
1632,1633,2022121303004202,NMFBS,58,45,33,2001.00,66033.00
1633,1634,2022121301006271,HHL,36,26,10,215.10,2151.00
1634,1635,2022121304003361,CHCL,29,49,34,384.00,13056.00
1635,1636,2022121304003360,BBC,52,38,10,3269.00,32690.00
1636,1637,2022121303004201,NTC,58,17,965,909.90,878053.50
1637,1638,2022121303004200,NTC,58,45,10,909.80,9098.00
1638,1639,2022121303004199,NTC,58,42,10,909.80,9098.00
1639,1640,2022121303004198,NTC,58,42,10,909.00,9090.00
1640,1641,2022121303004197,NTC,58,26,50,909.00,45450.00
1641,1642,2022121301006270,ADBL,55,45,50,312.00,15600.00
1642,1643,2022121301006269,ADBL,55,17,204,312.00,63648.00
1643,1644,2022121301006268,ADBL,55,5,450,311.50,140175.00
1644,1645,2022121301006267,ADBL,55,41,140,311.40,43596.00
1645,1646,2022121304003359,JOSHI,32,50,724,185.10,134012.40
1646,1647,2022121304003358,JOSHI,22,50,26,186.00,4836.00
1647,1648,2022121301006266,RHGCL,22,48,10,206.30,2063.00
1648,1649,2022121304003357,PIC,57,48,28,524.00,14672.00
1649,1650,2022121301006265,NIBPO,52,43,10,211.80,2118.00
1650,1651,2022121303004196,SKBBL,25,42,10,1118.90,11189.00
1651,1652,2022121303004195,NIFRA,39,38,64,184.00,11776.00
1652,1653,2022121303004194,MPFL,45,39,13,297.20,3863.60
1653,1654,2022121301006264,RHGCL,22,17,10,206.30,2063.00
1654,1655,2022121303004193,SADBL,44,22,20,304.40,6088.00
1655,1656,2022121301006263,SHIVM,57,42,25,550.00,13750.00
1656,1657,2022121304003356,UMRH,50,55,305,411.00,125355.00
1657,1658,2022121301006262,SANIMA,47,5,500,224.00,112000.00
1658,1659,2022121301006261,CZBIL,45,14,579,180.50,104509.50
1659,1660,2022121304003355,LEC,32,33,20,222.90,4458.00
1660,1661,2022121303004192,NLICL,19,17,20,500.00,10000.00
1661,1662,2022121303004191,PFL,1,58,200,332.20,66440.00
1662,1663,2022121303004190,SMFDB,55,45,30,1221.00,36630.00
1663,1664,2022121301006260,LBL,14,34,100,193.00,19300.00
1664,1665,2022121304003354,UPPER,59,59,55,392.00,21560.00
1665,1666,2022121304003353,UPPER,59,16,30,392.00,11760.00
1666,1667,2022121304003352,UPPER,59,44,20,392.00,7840.00
1667,1668,2022121303004189,KSBBL,26,45,200,306.00,61200.00
1668,1669,2022121303004188,KSBBL,21,45,65,306.00,19890.00
1669,1670,2022121303004187,KSBBL,22,45,76,306.00,23256.00
1670,1671,2022121304003351,AKPL,49,45,158,345.00,54510.00
1671,1672,2022121304003350,AKPL,29,45,22,345.00,7590.00
1672,1673,2022121304003349,AKPL,47,45,50,345.10,17255.00
1673,1674,2022121304003348,AKPL,45,45,670,345.10,231217.00
1674,1675,2022121304003347,AKPL,42,45,100,345.20,34520.00
1675,1676,2022121303004186,NTC,16,13,100,908.00,90800.00
1676,1677,2022121303004185,JBBL,1,52,444,276.00,122544.00
1677,1678,2022121301006259,SANIMA,34,58,1740,223.10,388194.00
1678,1679,2022121301006258,SANIMA,41,58,100,223.10,22310.00
1679,1680,2022121301006257,SANIMA,32,58,1000,223.20,223200.00
1680,1681,2022121301006256,SANIMA,25,58,20,223.30,4466.00
1681,1682,2022121301006255,SANIMA,45,58,100,223.30,22330.00
1682,1683,2022121301006254,SANIMA,25,58,20,223.50,4470.00
1683,1684,2022121301006253,SANIMA,25,58,10,223.50,2235.00
1684,1685,2022121301006252,SANIMA,5,58,10,223.50,2235.00
1685,1686,2022121301006251,GBIME,48,13,50,211.00,10550.00
1686,1687,2022121305000854,BNHC,45,49,10,327.10,3271.00
1687,1688,2022121304003346,HDHPC,17,6,22,172.20,3788.40
1688,1689,2022121301006250,NIB,58,13,80,220.00,17600.00
1689,1690,2022121304003345,LEC,37,32,10,219.00,2190.00
1690,1691,2022121303004184,DDBL,56,58,100,1025.00,102500.00
1691,1692,2022121303004183,DDBL,56,1,100,1024.90,102490.00
1692,1693,2022121303004182,NMBMF,44,8,21,655.10,13757.10
1693,1694,2022121304003344,AIL,11,45,10,380.10,3801.00
1694,1695,2022121304003343,UPPER,42,44,30,392.00,11760.00
1695,1696,2022121304003342,SSHL,16,6,500,170.30,85150.00
1696,1697,2022121301006249,GBIME,48,26,14,211.00,2954.00
1697,1698,2022121301006248,GBIME,36,26,25,211.00,5275.00
1698,1699,2022121301006247,GBIME,32,26,50,211.00,10550.00
1699,1700,2022121301006246,GBIME,38,26,50,211.00,10550.00
1700,1701,2022121301006245,GBIME,6,26,200,211.00,42200.00
1701,1702,2022121301006244,GBIME,44,26,20,211.00,4220.00
1702,1703,2022121301006243,GBIME,51,26,10,211.00,2110.00
1703,1704,2022121301006242,GBIME,17,26,456,211.00,96216.00
1704,1705,2022121301006241,SPHL,21,38,10,347.50,3475.00
1705,1706,2022121303004181,NIFRA,39,6,588,184.00,108192.00
1706,1707,2022121303004180,NIFRA,58,6,10,184.00,1840.00
1707,1708,2022121303004179,NIFRA,53,6,100,184.00,18400.00
1708,1709,2022121303004178,NIFRA,21,6,50,184.00,9200.00
1709,1710,2022121303004177,NIFRA,38,6,30,184.10,5523.00
1710,1711,2022121303004176,NIFRA,25,6,22,184.10,4050.20
1711,1712,2022121301006240,NCCB,43,32,500,183.40,91700.00
1712,1713,2022121303004175,NLIC,42,55,17,611.00,10387.00
1713,1714,2022121303004174,NLIC,42,49,10,611.00,6110.00
1714,1715,2022121303004173,NLIC,42,39,23,611.00,14053.00
1715,1716,2022121301006239,EBL,46,5,60,444.00,26640.00
1716,1717,2022121303004172,HIDCL,13,45,350,165.90,58065.00
1717,1718,2022121301006238,SHIVM,39,58,500,550.50,275250.00
1718,1719,2022121304003341,RHPL,34,20,160,236.00,37760.00
1719,1720,2022121304003340,SHPC,16,56,100,270.90,27090.00
1720,1721,2022121303004171,SKBBL,42,42,10,1118.90,11189.00
1721,1722,2022121303004170,CIT,42,48,20,1859.00,37180.00
1722,1723,2022121301006237,NABIL,33,19,173,808.00,139784.00
1723,1724,2022121301006236,NABIL,47,19,30,808.00,24240.00
1724,1725,2022121301006235,NABIL,6,19,20,808.00,16160.00
1725,1726,2022121301006234,NABIL,51,19,62,808.00,50096.00
1726,1727,2022121301006233,NABIL,11,19,40,808.10,32324.00
1727,1728,2022121301006232,NABIL,44,19,100,808.10,80810.00
1728,1729,2022121301006231,NABIL,17,19,25,808.20,20205.00
1729,1730,2022121301006230,NABIL,46,19,50,808.20,40410.00
1730,1731,2022121301006229,HDL,45,32,30,3828.00,114840.00
1731,1732,2022121301006228,HDL,10,32,30,3828.00,114840.00
1732,1733,2022121304003339,KKHC,58,43,180,180.00,32400.00
1733,1734,2022121304003338,KKHC,58,49,59,180.00,10620.00
1734,1735,2022121304003337,SJCL,3,33,10,228.80,2288.00
1735,1736,2022121301006227,HHL,36,55,10,215.10,2151.00
1736,1737,2022121301006226,GBIME,17,18,155,211.00,32705.00
1737,1738,2022121301006225,NABIL,48,8,10,810.00,8100.00
1738,1739,2022121303004169,SABSL,51,35,200,900.00,180000.00
1739,1740,2022121303004168,NTC,58,43,70,907.20,63504.00
1740,1741,2022121301006224,HDL,34,21,20,3830.00,76600.00
1741,1742,2022121303004167,FMDBL,34,41,164,709.00,116276.00
1742,1743,2022121303004166,NIFRA,58,16,23,186.00,4278.00
1743,1744,2022121303004165,NIFRA,58,57,15,186.00,2790.00
1744,1745,2022121303004164,NIFRA,58,17,43,186.00,7998.00
1745,1746,2022121303004163,NIFRA,58,58,14,186.00,2604.00
1746,1747,2022121303004162,NIFRA,58,43,300,185.90,55770.00
1747,1748,2022121303004161,NIFRA,58,58,100,185.90,18590.00
1748,1749,2022121303004160,NIFRA,58,48,87,185.90,16173.30
1749,1750,2022121303004159,NIFRA,58,22,100,185.50,18550.00
1750,1751,2022121303004158,NIFRA,58,38,218,185.00,40330.00
1751,1752,2022121301006223,GBIME,17,20,114,211.00,24054.00
1752,1753,2022121301006222,NBL,29,39,50,276.00,13800.00
1753,1754,2022121301006221,GBIME,14,41,40,211.90,8476.00
1754,1755,2022121304003336,PMHPL,25,50,10,193.80,1938.00
1755,1756,2022121303004157,NTC,19,34,80,908.00,72640.00
1756,1757,2022121303004156,LBBL,39,36,173,317.30,54892.90
1757,1758,2022121301006220,LBL,14,26,349,193.00,67357.00
1758,1759,2022121301006219,LBL,14,58,90,193.00,17370.00
1759,1760,2022121301006218,LBL,14,58,70,193.00,13510.00
1760,1761,2022121301006217,LBL,14,48,190,192.90,36651.00
1761,1762,2022121304003335,NGPL,50,36,30,208.00,6240.00
1762,1763,2022121304003334,API,34,52,794,209.00,165946.00
1763,1764,2022121303004155,KSBBL,55,45,100,307.00,30700.00
1764,1765,2022121303004154,KSBBL,1,45,45,307.00,13815.00
1765,1766,2022121301006216,CCBL,44,42,48,190.00,9120.00
1766,1767,2022121301006215,CCBL,44,47,22,190.00,4180.00
1767,1768,2022121301006214,CCBL,44,39,330,189.90,62667.00
1768,1769,2022121304003333,IGI,58,38,50,364.00,18200.00
1769,1770,2022121304003332,API,34,32,950,209.00,198550.00
1770,1771,2022121304003331,CMF1,45,33,150,7.65,1147.50
1771,1772,2022121301006213,RFPL,28,44,10,227.90,2279.00
1772,1773,2022121301006212,RFPL,28,25,10,227.00,2270.00
1773,1774,2022121301006211,RFPL,28,38,10,227.00,2270.00
1774,1775,2022121301006210,RFPL,28,36,20,225.00,4500.00
1775,1776,2022121304003330,RHPL,34,19,100,236.00,23600.00
1776,1777,2022121304003329,API,22,29,20,209.90,4198.00
1777,1778,2022121304003328,API,22,13,30,209.50,6285.00
1778,1779,2022121304003327,HURJA,45,34,82,202.00,16564.00
1779,1780,2022121301006209,BOKL,32,58,110,206.40,22704.00
1780,1781,2022121301006208,NESDO,45,14,20,3315.20,66304.00
1781,1782,2022121301006207,SHIVM,57,7,25,550.00,13750.00
1782,1783,2022121301006206,SHIVM,58,7,10,550.00,5500.00
1783,1784,2022121301006205,SHIVM,42,7,20,550.00,11000.00
1784,1785,2022121301006204,SHIVM,51,7,45,550.00,24750.00
1785,1786,2022121303004153,MNBBL,45,52,50,419.00,20950.00
1786,1787,2022121301006203,LBL,34,58,110,192.20,21142.00
1787,1788,2022121303004152,ACLBSL,34,39,13,711.50,9249.50
1788,1789,2022121303004151,NTC,58,42,1000,907.20,907200.00
1789,1790,2022121303004150,GBLBS,45,18,50,599.00,29950.00
1790,1791,2022121301006202,NABIL,49,8,50,810.00,40500.00
1791,1792,2022121301006201,SPHL,5,38,10,347.60,3476.00
1792,1793,2022121304003326,SBCF,57,41,100,7.30,730.00
1793,1794,2022121303004149,HIDCL,13,55,10,165.90,1659.00
1794,1795,2022121301006200,BOKL,51,58,100,206.40,20640.00
1795,1796,2022121301006199,BOKL,19,13,71,206.10,14633.10
1796,1797,2022121301006198,GVL,58,32,30,310.90,9327.00
1797,1798,2022121301006197,HDL,45,11,20,3830.00,76600.00
1798,1799,2022121301006196,HDL,45,21,30,3830.00,114900.00
1799,1800,2022121304003325,RHPL,34,20,160,236.00,37760.00
1800,1801,2022121303004148,NIFRA,25,54,28,184.10,5154.80
1801,1802,2022121303004147,NIFRA,58,54,36,184.70,6649.20
1802,1803,2022121303004146,NIFRA,38,54,28,184.80,5174.40
1803,1804,2022121303004145,NIFRA,38,55,14,184.80,2587.20
1804,1805,2022121303004144,NIFRA,42,46,55,184.90,10169.50
1805,1806,2022121305000853,MBJC,14,52,10,208.40,2084.00
1806,1807,2022121303004143,GUFL,28,6,10,523.00,5230.00
1807,1808,2022121304003324,UPPER,19,55,10,391.90,3919.00
1808,1809,2022121304003323,UPPER,19,49,30,391.90,11757.00
1809,1810,2022121301006195,CCBL,58,39,200,189.90,37980.00
1810,1811,2022121305000852,MLBS,49,22,10,1005.00,10050.00
1811,1812,2022121304003322,BARUN,7,57,53,201.00,10653.00
1812,1813,2022121304003321,BARUN,7,57,618,201.00,124218.00
1813,1814,2022121304003320,BARUN,29,57,100,201.10,20110.00
1814,1815,2022121304003319,BARUN,16,57,170,201.10,34187.00
1815,1816,2022121304003318,BARUN,25,57,10,201.30,2013.00
1816,1817,2022121304003317,BARUN,59,57,49,201.30,9863.70
1817,1818,2022121301006194,NABIL,45,13,30,809.00,24270.00
1818,1819,2022121301006193,NABIL,22,13,15,809.00,12135.00
1819,1820,2022121301006192,NABIL,57,13,14,809.00,11326.00
1820,1821,2022121301006191,NABIL,36,13,10,809.00,8090.00
1821,1822,2022121301006190,NABIL,38,13,10,809.00,8090.00
1822,1823,2022121301006189,NABIL,41,13,13,809.00,10517.00
1823,1824,2022121301006188,NABIL,58,13,10,809.00,8090.00
1824,1825,2022121301006187,NABIL,25,13,62,809.00,50158.00
1825,1826,2022121301006186,NABIL,57,13,100,809.00,80900.00
1826,1827,2022121301006185,NABIL,34,13,40,809.00,32360.00
1827,1828,2022121301006184,NABIL,17,13,20,809.00,16180.00
1828,1829,2022121301006183,NABIL,35,13,500,809.00,404500.00
1829,1830,2022121301006182,NABIL,22,13,50,809.00,40450.00
1830,1831,2022121301006181,NABIL,18,13,10,809.00,8090.00
1831,1832,2022121301006180,NABIL,45,13,10,809.00,8090.00
1832,1833,2022121301006179,NABIL,22,13,30,809.00,24270.00
1833,1834,2022121301006178,NABIL,6,13,173,809.00,139957.00
1834,1835,2022121301006177,DORDI,56,55,10,230.00,2300.00
1835,1836,2022121304003316,RHPL,45,7,500,236.00,118000.00
1836,1837,2022121304003315,RHPL,45,25,30,235.60,7068.00
1837,1838,2022121304003314,RHPL,45,42,50,235.60,11780.00
1838,1839,2022121304003313,RHPL,45,26,360,235.60,84816.00
1839,1840,2022121301006176,NICA,17,58,15,679.90,10198.50
1840,1841,2022121304003312,SHL,13,22,300,218.00,65400.00
1841,1842,2022121304003311,API,34,38,10,209.00,2090.00
1842,1843,2022121303004142,GUFL,43,47,14,519.00,7266.00
1843,1844,2022121301006175,ADBL,56,5,50,311.50,15575.00
1844,1845,2022121304003310,API,45,29,50,209.90,10495.00
1845,1846,2022121301006174,HDL,20,21,50,3830.00,191500.00
1846,1847,2022121301006173,GBIME,17,52,100,211.00,21100.00
1847,1848,2022121304003309,CMF1,45,58,250,7.50,1875.00
1848,1849,2022121303004141,PROFL,42,57,100,282.00,28200.00
1849,1850,2022121301006172,KBL,17,42,106,185.00,19610.00
1850,1851,2022121301006171,NICA,55,50,40,679.00,27160.00
1851,1852,2022121304003308,SIL,37,3,10,479.00,4790.00
1852,1853,2022121303004140,NLICL,47,17,100,500.00,50000.00
1853,1854,2022121301006170,NCCB,38,50,500,183.00,91500.00
1854,1855,2022121303004139,CIT,42,6,28,1859.00,52052.00
1855,1856,2022121303004138,NRIC,58,58,10,705.90,7059.00
1856,1857,2022121303004137,HIDCL,51,38,100,166.00,16600.00
1857,1858,2022121303004136,MNBBL,49,57,162,418.20,67748.40
1858,1859,2022121303004135,MNBBL,35,57,60,418.50,25110.00
1859,1860,2022121303004134,MNBBL,58,57,10,418.50,4185.00
1860,1861,2022121303004133,MNBBL,39,57,18,418.50,7533.00
1861,1862,2022121304003307,UPPER,42,49,30,391.90,11757.00
1862,1863,2022121304003306,RHPL,45,26,140,235.60,32984.00
1863,1864,2022121304003305,RHPL,45,40,100,235.50,23550.00
1864,1865,2022121304003304,RHPL,45,6,500,235.20,117600.00
1865,1866,2022121304003303,RHPL,45,52,870,235.00,204450.00
1866,1867,2022121304003302,RHPL,45,21,180,235.00,42300.00
1867,1868,2022121304003301,RHPL,45,39,490,235.00,115150.00
1868,1869,2022121304003300,RHPL,45,36,220,234.70,51634.00
1869,1870,2022121304003299,RHPL,18,49,10,233.00,2330.00
1870,1871,2022121301006169,DORDI,32,58,10,232.00,2320.00
1871,1872,2022121301006168,DORDI,32,42,10,232.00,2320.00
1872,1873,2022121301006167,DORDI,32,35,10,232.00,2320.00
1873,1874,2022121301006166,DORDI,32,42,10,231.00,2310.00
1874,1875,2022121301006165,NESDO,40,14,10,3316.00,33160.00
1875,1876,2022121301006164,NABIL,58,41,28,809.50,22666.00
1876,1877,2022121301006163,NABIL,42,41,22,809.50,17809.00
1877,1878,2022121304003298,KKHC,58,49,41,180.00,7380.00
1878,1879,2022121304003297,KKHC,58,21,459,180.00,82620.00
1879,1880,2022121303004132,SWBBL,58,56,80,1167.50,93400.00
1880,1881,2022121303004131,RLFL,22,34,20,295.00,5900.00
1881,1882,2022121301006162,SHIVM,51,58,35,550.00,19250.00
1882,1883,2022121301006161,SHIVM,17,58,965,550.00,530750.00
1883,1884,2022121301006160,HDL,10,53,70,3828.00,267960.00
1884,1885,2022121301006159,LBL,34,4,32,192.20,6150.40
1885,1886,2022121301006158,LBL,22,4,22,192.20,4228.40
1886,1887,2022121301006157,SIKLES,56,6,10,376.10,3761.00
1887,1888,2022121304003296,RIDI,53,44,135,487.20,65772.00
1888,1889,2022121304003295,RIDI,58,44,60,487.30,29238.00
1889,1890,2022121301006156,USHEC,10,54,10,250.10,2501.00
1890,1891,2022121303004130,NRIC,58,6,11,705.00,7755.00
1891,1892,2022121301006155,NIB,32,13,10,220.00,2200.00
1892,1893,2022121301006154,NIB,32,45,90,219.90,19791.00
1893,1894,2022121304003294,BBC,56,34,10,3250.00,32500.00
1894,1895,2022121304003293,BBC,56,51,20,3250.00,65000.00
1895,1896,2022121304003292,BBC,56,38,10,3250.00,32500.00
1896,1897,2022121303004129,HIDCL,49,38,20,166.00,3320.00
1897,1898,2022121304003291,SHPC,51,28,11,271.00,2981.00
1898,1899,2022121301006153,UHEWA,34,26,10,348.00,3480.00
1899,1900,2022121301006152,SGHC,45,42,60,251.20,15072.00
1900,1901,2022121301006151,SHIVM,25,57,20,551.00,11020.00
1901,1902,2022121304003290,SHL,49,22,100,218.00,21800.00
1902,1903,2022121303004128,NTC,33,26,50,909.00,45450.00
1903,1904,2022121303004127,NSLB,7,34,11,747.00,8217.00
1904,1905,2022121305000851,SLI,22,56,60,333.00,19980.00
1905,1906,2022121305000850,SLI,33,56,30,333.10,9993.00
1906,1907,2022121305000849,SLI,33,56,10,333.10,3331.00
1907,1908,2022121304003289,HDHPC,51,6,100,172.30,17230.00
1908,1909,2022121303004126,HIDCL,58,38,267,166.00,44322.00
1909,1910,2022121304003288,HDHPC,46,6,1000,172.30,172300.00
1910,1911,2022121304003287,HDHPC,33,6,13,172.30,2239.90
1911,1912,2022121304003286,HDHPC,25,6,20,172.50,3450.00
1912,1913,2022121304003285,HDHPC,1,6,30,172.60,5178.00
1913,1914,2022121304003284,HDHPC,44,6,15,172.60,2589.00
1914,1915,2022121301006150,RHGCL,22,6,10,206.30,2063.00
1915,1916,2022121303004125,GMFIL,17,25,10,313.50,3135.00
1916,1917,2022121304003283,NIL,37,6,200,718.00,143600.00
1917,1918,2022121304003282,NIL,53,6,220,718.10,157982.00
1918,1919,2022121301006149,GBIME,28,20,100,211.10,21110.00
1919,1920,2022121301006148,GBIME,16,20,96,211.10,20265.60
1920,1921,2022121303004124,NRIC,58,32,10,705.00,7050.00
1921,1922,2022121301006147,NABIL,42,8,55,810.00,44550.00
1922,1923,2022121301006146,NABIL,51,8,189,810.00,153090.00
1923,1924,2022121301006145,NABIL,51,22,211,810.00,170910.00
1924,1925,2022121304003281,RHPL,1,36,580,234.70,136126.00
1925,1926,2022121304003280,RHPL,1,17,100,234.70,23470.00
1926,1927,2022121304003279,RHPL,1,43,200,234.60,46920.00
1927,1928,2022121304003278,RHPL,1,49,10,234.00,2340.00
1928,1929,2022121304003277,RHPL,1,41,110,234.00,25740.00
1929,1930,2022121304003276,KKHC,58,22,20,179.00,3580.00
1930,1931,2022121301006144,NABIL,19,22,50,810.00,40500.00
1931,1932,2022121304003275,RIDI,53,1,365,487.20,177828.00
1932,1933,2022121304003274,API,34,38,197,209.00,41173.00
1933,1934,2022121304003273,UPPER,29,58,200,391.20,78240.00
1934,1935,2022121303004123,MNBBL,7,53,43,419.00,18017.00
1935,1936,2022121301006143,KBL,17,11,1655,185.00,306175.00
1936,1937,2022121301006142,KBL,7,11,605,185.00,111925.00
1937,1938,2022121303004122,CBBL,48,38,10,1109.30,11093.00
1938,1939,2022121304003272,UPCL,16,7,240,215.10,51624.00
1939,1940,2022121303004121,CBBL,40,47,20,1109.90,22198.00
1940,1941,2022121301006141,NMB,19,39,106,230.40,24422.40
1941,1942,2022121304003271,API,45,52,100,209.90,20990.00
1942,1943,2022121301006140,NIB,26,36,100,219.00,21900.00
1943,1944,2022121301006139,NIB,53,36,70,219.00,15330.00
1944,1945,2022121303004120,NFS,49,56,10,257.90,2579.00
1945,1946,2022121303004119,SFCL,28,57,200,255.30,51060.00
1946,1947,2022121303004118,SFCL,28,55,102,255.20,26030.40
1947,1948,2022121301006138,SRBL,32,13,10,186.00,1860.00
1948,1949,2022121301006137,SRBL,32,49,88,185.90,16359.20
1949,1950,2022121303004117,HIDCL,58,14,56,166.00,9296.00
1950,1951,2022121303004116,FMDBL,34,14,300,709.00,212700.00
1951,1952,2022121301006136,HHL,7,49,10,215.60,2156.00
1952,1953,2022121303004115,NTC,41,17,20,909.90,18198.00
1953,1954,2022121303004114,RLFL,19,34,30,295.00,8850.00
1954,1955,2022121304003270,CGH,32,34,30,1001.00,30030.00
1955,1956,2022121304003269,CGH,42,34,20,1001.80,20036.00
1956,1957,2022121304003268,CGH,45,34,41,1002.00,41082.00
1957,1958,2022121303004113,GUFL,41,47,20,519.00,10380.00
1958,1959,2022121303004112,GUFL,57,47,40,519.10,20764.00
1959,1960,2022121301006135,NABIL,59,22,17,810.00,13770.00
1960,1961,2022121303004111,MLBL,33,14,10,344.00,3440.00
1961,1962,2022121305000848,MBJC,14,42,10,208.20,2082.00
1962,1963,2022121303004110,NRIC,25,49,40,703.10,28124.00
1963,1964,2022121301006134,SHIVM,25,57,100,551.00,55100.00
1964,1965,2022121301006133,SANIMA,5,44,40,223.50,8940.00
1965,1966,2022121301006132,SANIMA,45,44,10,223.50,2235.00
1966,1967,2022121301006131,SANIMA,25,44,10,223.60,2236.00
1967,1968,2022121301006130,SANIMA,26,44,100,223.60,22360.00
1968,1969,2022121301006129,SANIMA,25,44,10,223.70,2237.00
1969,1970,2022121301006128,SANIMA,35,44,50,223.70,11185.00
1970,1971,2022121301006127,SANIMA,22,44,20,223.70,4474.00
1971,1972,2022121301006126,SANIMA,25,44,10,223.80,2238.00
1972,1973,2022121301006125,RFPL,42,7,10,223.50,2235.00
1973,1974,2022121301006124,GVL,29,32,100,310.90,31090.00
1974,1975,2022121301006123,SGHC,45,54,10,251.20,2512.00
1975,1976,2022121303004109,NTC,58,17,15,909.90,13648.50
1976,1977,2022121303004108,NTC,58,36,85,909.00,77265.00
1977,1978,2022121304003267,LEC,37,33,10,220.00,2200.00
1978,1979,2022121304003266,LEC,37,33,10,221.00,2210.00
1979,1980,2022121304003265,LEC,37,33,10,222.00,2220.00
1980,1981,2022121301006122,HDL,37,21,20,3830.00,76600.00
1981,1982,2022121303004107,RMDC,58,44,35,948.00,33180.00
1982,1983,2022121303004106,NTC,25,42,60,908.90,54534.00
1983,1984,2022121303004105,LICN,25,47,10,1412.00,14120.00
1984,1985,2022121304003264,NGPL,42,36,50,208.00,10400.00
1985,1986,2022121303004104,NIFRA,21,49,10,185.00,1850.00
1986,1987,2022121303004103,SMFDB,55,56,75,1221.00,91575.00
1987,1988,2022121303004102,SMFDB,4,56,50,1221.10,61055.00
1988,1989,2022121304003263,RURU,43,57,10,725.10,7251.00
1989,1990,2022121304003262,RIDI,34,32,950,488.50,464075.00
1990,1991,2022121304003261,RIDI,34,8,50,488.00,24400.00
1991,1992,2022121304003260,RIDI,34,56,480,488.00,234240.00
1992,1993,2022121303004101,LBBL,39,35,200,318.00,63600.00
1993,1994,2022121303004100,LBBL,57,35,100,318.00,31800.00
1994,1995,2022121303004099,LBBL,49,35,330,318.00,104940.00
1995,1996,2022121303004098,LBBL,22,35,160,318.10,50896.00
1996,1997,2022121303004097,LBBL,37,35,100,318.20,31820.00
1997,1998,2022121301006121,NABIL,26,22,20,810.00,16200.00
1998,1999,2022121301006120,UHEWA,34,58,10,348.00,3480.00
1999,2000,2022121301006119,DORDI,56,34,10,230.00,2300.00
2000,2001,2022121303004096,GBLBS,45,42,20,599.00,11980.00
2001,2002,2022121301006118,GBIME,44,20,10,211.20,2112.00
2002,2003,2022121303004095,GUFL,28,6,10,523.00,5230.00
2003,2004,2022121303004094,RSDC,42,6,30,526.00,15780.00
2004,2005,2022121301006117,HDL,49,21,30,3830.00,114900.00
2005,2006,2022121301006116,GVL,29,32,10,311.00,3110.00
2006,2007,2022121303004093,NTC,58,20,313,907.20,283953.60
2007,2008,2022121303004092,NTC,45,20,100,908.00,90800.00
2008,2009,2022121303004091,NTC,53,20,25,908.00,22700.00
2009,2010,2022121303004090,NTC,56,20,62,908.90,56351.80
2010,2011,2022121301006115,UHEWA,34,56,10,348.00,3480.00
2011,2012,2022121303004089,SHINE,45,45,10,332.00,3320.00
2012,2013,2022121301006114,BHDC,38,38,10,345.00,3450.00
2013,2014,2022121301006113,HDL,36,21,70,3830.00,268100.00
2014,2015,2022121301006112,HDL,36,53,30,3830.00,114900.00
2015,2016,2022121301006111,NABIL,36,22,105,810.00,85050.00
2016,2017,2022121301006110,NABIL,38,22,10,810.00,8100.00
2017,2018,2022121301006109,AVYAN,49,6,10,695.00,6950.00
2018,2019,2022121304003259,SHPC,5,22,10,271.00,2710.00
2019,2020,2022121301006108,NIB,41,36,30,219.20,6576.00
2020,2021,2022121301006107,NABIL,22,22,10,810.00,8100.00
2021,2022,2022121303004088,NIFRA,32,49,16,185.00,2960.00
2022,2023,2022121303004087,NIFRA,42,49,26,185.00,4810.00
2023,2024,2022121301006106,NIB,45,36,14,219.10,3067.40
2024,2025,2022121301006105,NIB,52,36,29,219.10,6353.90
2025,2026,2022121304003258,API,45,25,200,209.90,41980.00
2026,2027,2022121304003257,API,45,50,200,209.90,41980.00
2027,2028,2022121301006104,KBL,7,43,180,185.00,33300.00
2028,2029,2022121303004086,SFCL,34,55,100,255.20,25520.00
2029,2030,2022121303004085,SFCL,45,55,215,255.30,54889.50
2030,2031,2022121301006103,CBL,38,28,100,213.90,21390.00
2031,2032,2022121303004084,CFCL,14,33,200,306.00,61200.00
2032,2033,2022121305000847,SAHAS,45,22,17,455.00,7735.00
2033,2034,2022121305000846,SAHAS,45,52,10,455.00,4550.00
2034,2035,2022121305000845,SAHAS,45,58,10,455.00,4550.00
2035,2036,2022121305000844,SAHAS,45,16,10,455.00,4550.00
2036,2037,2022121305000843,SAHAS,45,46,10,455.00,4550.00
2037,2038,2022121305000842,SAHAS,45,34,10,455.00,4550.00
2038,2039,2022121305000841,SAHAS,45,26,70,455.00,31850.00
2039,2040,2022121305000840,SAHAS,45,7,10,455.00,4550.00
2040,2041,2022121305000839,SAHAS,45,17,240,455.00,109200.00
2041,2042,2022121305000838,SAHAS,45,58,10,455.00,4550.00
2042,2043,2022121305000837,SAHAS,45,45,10,455.00,4550.00
2043,2044,2022121305000836,SAHAS,45,58,10,455.00,4550.00
2044,2045,2022121305000835,SAHAS,45,11,10,454.50,4545.00
2045,2046,2022121305000834,SAHAS,45,32,50,454.00,22700.00
2046,2047,2022121305000833,SAHAS,45,5,10,454.00,4540.00
2047,2048,2022121305000832,SAHAS,45,58,10,454.00,4540.00
2048,2049,2022121305000831,SAHAS,45,47,10,454.00,4540.00
2049,2050,2022121305000830,SAHAS,45,47,10,454.00,4540.00
2050,2051,2022121305000829,SAHAS,45,34,10,454.00,4540.00
2051,2052,2022121305000828,SAHAS,45,32,10,454.00,4540.00
2052,2053,2022121305000827,SAHAS,45,52,10,454.00,4540.00
2053,2054,2022121305000826,SAHAS,45,6,10,454.00,4540.00
2054,2055,2022121305000825,SAHAS,45,7,10,454.00,4540.00
2055,2056,2022121305000824,SAHAS,45,46,10,453.90,4539.00
2056,2057,2022121305000823,SAHAS,45,6,13,453.90,5900.70
2057,2058,2022121305000822,SAHAS,45,34,10,452.00,4520.00
2058,2059,2022121305000821,JBLB,28,44,297,2740.00,813780.00
2059,2060,2022121305000820,JBLB,28,52,10,2740.00,27400.00
2060,2061,2022121305000819,JBLB,28,21,44,2739.00,120516.00
2061,2062,2022121305000818,JBLB,28,32,19,2739.00,52041.00
2062,2063,2022121305000817,JBLB,28,13,30,2739.00,82170.00
2063,2064,2022121305000816,JBLB,28,57,80,2739.00,219120.00
2064,2065,2022121305000815,JBLB,28,43,20,2739.00,54780.00
2065,2066,2022121301006102,USHEC,10,6,10,250.10,2501.00
2066,2067,2022121304003256,SSHL,41,50,20,171.00,3420.00
2067,2068,2022121304003255,SHL,48,22,100,218.00,21800.00
2068,2069,2022121304003254,SHL,48,55,100,218.00,21800.00
2069,2070,2022121304003253,SHL,48,32,100,218.00,21800.00
2070,2071,2022121304003252,API,34,52,220,209.00,45980.00
2071,2072,2022121301006101,BOKL,41,38,50,206.00,10300.00
2072,2073,2022121303004083,SABSL,6,32,15,905.00,13575.00
2073,2074,2022121303004082,SABSL,6,35,62,905.00,56110.00
2074,2075,2022121301006100,SHIVM,17,58,535,550.00,294250.00
2075,2076,2022121303004081,MNBBL,38,55,50,420.00,21000.00
2076,2077,2022121303004080,CIT,48,41,100,1859.50,185950.00
2077,2078,2022121303004079,ICFC,54,8,20,423.90,8478.00
2078,2079,2022121303004078,GBLBS,45,29,10,599.00,5990.00
2079,2080,2022121303004077,NTC,56,6,50,908.90,45445.00
2080,2081,2022121303004076,NRIC,25,32,74,705.00,52170.00
2081,2082,2022121304003251,HEI,51,28,30,364.00,10920.00
2082,2083,2022121304003250,HEI,51,32,300,364.00,109200.00
2083,2084,2022121303004075,RLFL,19,56,11,295.00,3245.00
2084,2085,2022121301006099,RHGCL,4,38,10,208.00,2080.00
2085,2086,2022121305000814,SAHAS,45,48,10,451.00,4510.00
2086,2087,2022121305000813,SAHAS,45,45,10,451.00,4510.00
2087,2088,2022121305000812,SAHAS,45,36,10,450.90,4509.00
2088,2089,2022121303004074,SAPDBL,16,43,28,221.00,6188.00
2089,2090,2022121304003249,UPPER,13,38,40,391.10,15644.00
2090,2091,2022121301006098,NABIL,33,22,50,810.00,40500.00
2091,2092,2022121304003248,RIDI,53,55,200,487.20,97440.00
2092,2093,2022121305000811,SAHAS,36,56,10,450.00,4500.00
2093,2094,2022121303004073,MLBL,44,14,50,342.00,17100.00
2094,2095,2022121303004072,NRIC,45,57,410,705.00,289050.00
2095,2096,2022121304003247,NIBSF2,35,8,100,7.10,710.00
2096,2097,2022121304003246,NIBSF2,35,57,100,7.10,710.00
2097,2098,2022121301006097,SHIVM,51,58,100,550.00,55000.00
2098,2099,2022121303004071,NFS,26,55,154,255.00,39270.00
2099,2100,2022121303004070,NFS,44,55,346,255.10,88264.60
2100,2101,2022121303004069,NFS,33,55,500,255.10,127550.00
2101,2102,2022121301006096,HDL,39,32,30,3830.00,114900.00
2102,2103,2022121303004068,NICLBSL,25,49,10,713.00,7130.00
2103,2104,2022121303004067,ILBS,49,14,16,885.00,14160.00
2104,2105,2022121303004066,MLBSL,42,41,10,3985.00,39850.00
2105,2106,2022121303004065,RMDC,13,34,31,950.00,29450.00
2106,2107,2022121305000810,MBJC,14,42,10,208.20,2082.00
2107,2108,2022121304003245,HURJA,45,41,20,202.00,4040.00
2108,2109,2022121301006095,EBL,38,7,27,444.90,12012.30
2109,2110,2022121304003244,SHPC,16,17,160,270.90,43344.00
2110,2111,2022121303004064,ICFC,50,42,34,424.00,14416.00
2111,2112,2022121303004063,SMFDB,55,25,100,1221.00,122100.00
2112,2113,2022121301006094,NMB,25,32,400,230.30,92120.00
2113,2114,2022121304003243,SHPC,44,17,100,270.90,27090.00
2114,2115,2022121304003242,SIGS2,36,42,900,7.99,7191.00
2115,2116,2022121301006093,SRBL,17,38,11,185.00,2035.00
2116,2117,2022121304003241,AIL,14,57,20,380.00,7600.00
2117,2118,2022121303004062,ICFC,50,43,300,424.00,127200.00
2118,2119,2022121303004061,GMFIL,34,7,49,308.00,15092.00
2119,2120,2022121303004060,GMFIL,41,7,458,308.00,141064.00
2120,2121,2022121303004059,GMFIL,38,7,250,308.10,77025.00
2121,2122,2022121303004058,GMFIL,29,7,395,308.10,121699.50
2122,2123,2022121303004057,GMFIL,45,7,30,308.20,9246.00
2123,2124,2022121301006092,NCCB,14,5,1500,183.00,274500.00
2124,2125,2022121304003240,RIDI,38,56,20,488.00,9760.00
2125,2126,2022121301006091,CZBIL,58,14,470,180.50,84835.00
2126,2127,2022121301006090,CZBIL,58,41,30,180.30,5409.00
2127,2128,2022121304003239,API,34,6,50,209.00,10450.00
2128,2129,2022121301006089,SHIVM,45,58,50,550.00,27500.00
2129,2130,2022121305000809,JALPA,20,51,40,3350.00,134000.00
2130,2131,2022121303004056,GBBL,58,50,80,379.00,30320.00
2131,2132,2022121303004055,GBBL,57,50,60,379.00,22740.00
2132,2133,2022121303004054,GBBL,16,50,10,379.00,3790.00
2133,2134,2022121303004053,GBBL,44,50,200,379.00,75800.00
2134,2135,2022121303004052,GBBL,48,50,30,379.10,11373.00
2135,2136,2022121303004051,NTC,29,36,430,909.00,390870.00
2136,2137,2022121303004050,NTC,29,57,20,909.00,18180.00
2137,2138,2022121303004049,NTC,29,26,50,909.00,45450.00
2138,2139,2022121303004048,HIDCL,58,58,300,166.00,49800.00
2139,2140,2022121303004047,HIDCL,58,32,1077,166.00,178782.00
2140,2141,2022121303004046,GUFL,17,42,500,520.00,260000.00
2141,2142,2022121305000808,JBLB,22,52,10,2735.00,27350.00
2142,2143,2022121303004045,HIDCL,34,32,100,166.00,16600.00
2143,2144,2022121304003238,CGH,45,56,10,1002.00,10020.00
2144,2145,2022121301006088,DORDI,56,58,10,230.00,2300.00
2145,2146,2022121301006087,ADBL,51,41,50,312.00,15600.00
2146,2147,2022121304003237,RIDI,22,34,190,488.00,92720.00
2147,2148,2022121304003236,NIBSF2,35,58,100,7.00,700.00
2148,2149,2022121305000807,SAHAS,36,38,15,450.00,6750.00
2149,2150,2022121301006086,NESDO,45,14,12,3316.00,39792.00
2150,2151,2022121304003235,UPPER,49,41,120,391.00,46920.00
2151,2152,2022121301006085,SIKLES,56,34,10,378.00,3780.00
2152,2153,2022121301006084,SIKLES,56,34,10,378.00,3780.00
2153,2154,2022121301006083,SIKLES,56,14,10,378.00,3780.00
2154,2155,2022121301006082,SIKLES,56,8,10,378.00,3780.00
2155,2156,2022121301006081,NABIL,33,22,15,810.00,12150.00
2156,2157,2022121301006080,HDL,7,21,100,3830.00,383000.00
2157,2158,2022121303004044,DDBL,58,59,50,1023.00,51150.00
2158,2159,2022121303004043,SWBBL,6,56,100,1167.60,116760.00
2159,2160,2022121301006079,CZBIL,34,34,264,180.10,47546.40
2160,2161,2022121301006078,CZBIL,25,34,100,180.10,18010.00
2161,2162,2022121301006077,CZBIL,4,34,36,180.10,6483.60
2162,2163,2022121303004042,NTC,56,33,500,908.80,454400.00
2163,2164,2022121303004041,NTC,56,43,150,908.00,136200.00
2164,2165,2022121301006076,GVL,22,32,90,311.00,27990.00
2165,2166,2022121304003234,MEN,22,49,10,725.00,7250.00
2166,2167,2022121304003233,RADHI,42,22,100,216.00,21600.00
2167,2168,2022121303004040,ICFC,50,8,425,424.00,180200.00
2168,2169,2022121303004039,ICFC,19,8,10,424.10,4241.00
2169,2170,2022121303004038,ICFC,58,8,15,424.50,6367.50
2170,2171,2022121304003232,API,34,45,10,209.00,2090.00
2171,2172,2022121303004037,NRIC,45,1,90,705.00,63450.00
2172,2173,2022121304003231,HDHPC,44,51,500,172.60,86300.00
2173,2174,2022121301006075,UHEWA,58,34,600,350.00,210000.00
2174,2175,2022121301006074,NABIL,45,22,12,810.00,9720.00
2175,2176,2022121301006073,NABIL,45,25,46,810.00,37260.00
2176,2177,2022121301006072,DORDI,56,49,10,230.00,2300.00
2177,2178,2022121301006071,BHDC,47,56,10,344.00,3440.00
2178,2179,2022121303004036,MNBBL,4,55,118,420.00,49560.00
2179,2180,2022121301006070,SANIMA,45,38,20,223.80,4476.00
2180,2181,2022121301006069,PRVU,26,58,200,199.00,39800.00
2181,2182,2022121304003230,SIGS2,48,42,2100,7.99,16779.00
2182,2183,2022121303004035,HIDCL,53,32,173,166.00,28718.00
2183,2184,2022121303004034,HIDCL,53,17,112,166.00,18592.00
2184,2185,2022121303004033,HIDCL,53,34,90,166.00,14940.00
2185,2186,2022121303004032,HIDCL,53,42,625,166.00,103750.00
2186,2187,2022121303004031,DDBL,58,43,100,1023.00,102300.00
2187,2188,2022121304003229,UPPER,29,58,9,391.00,3519.00
2188,2189,2022121304003228,UPPER,29,55,10,391.00,3910.00
2189,2190,2022121303004030,JBBL,1,34,20,276.00,5520.00
2190,2191,2022121301006068,GVL,25,26,10,312.00,3120.00
2191,2192,2022121301006067,NIB,42,36,70,219.20,15344.00
2192,2193,2022121304003227,SHL,34,32,100,218.00,21800.00
2193,2194,2022121301006066,SBL,42,13,100,312.00,31200.00
2194,2195,2022121301006065,SIKLES,33,41,10,377.10,3771.00
2195,2196,2022121303004029,NICLBSL,11,48,100,715.00,71500.00
2196,2197,2022121304003226,UPPER,58,49,40,391.90,15676.00
2197,2198,2022121303004028,RMDC,47,34,30,950.00,28500.00
2198,2199,2022121301006064,SIKLES,49,34,10,378.00,3780.00
2199,2200,2022121301006063,SIKLES,49,34,10,378.00,3780.00
2200,2201,2022121301006062,SIKLES,49,34,10,378.00,3780.00
2201,2202,2022121301006061,SIKLES,49,28,20,377.90,7558.00
2202,2203,2022121301006060,HDL,58,34,5,3830.00,19150.00
2203,2204,2022121301006059,HDL,49,34,15,3830.00,57450.00
2204,2205,2022121303004027,NTC,21,33,520,908.80,472576.00
2205,2206,2022121301006058,USHEC,10,26,10,250.10,2501.00
2206,2207,2022121301006057,NABIL,48,25,54,810.00,43740.00
2207,2208,2022121301006056,NABIL,48,34,40,810.00,32400.00
2208,2209,2022121301006055,NABIL,48,19,106,810.00,85860.00
2209,2210,2022121303004026,CFCL,14,19,600,306.00,183600.00
2210,2211,2022121301006054,NICA,50,49,150,680.00,102000.00
2211,2212,2022121301006053,SBL,33,13,20,312.00,6240.00
2212,2213,2022121303004025,NTC,21,42,480,908.80,436224.00
2213,2214,2022121303004024,NTC,45,42,20,908.80,18176.00
2214,2215,2022121301006052,NIB,42,50,30,219.20,6576.00
2215,2216,2022121303004023,SAPDBL,36,43,50,221.10,11055.00
2216,2217,2022121303004022,SAPDBL,34,43,90,221.10,19899.00
2217,2218,2022121301006051,SIKLES,33,58,10,377.10,3771.00
2218,2219,2022121301006050,NABIL,36,33,100,809.90,80990.00
2219,2220,2022121301006049,MBL,43,46,37,211.50,7825.50
2220,2221,2022121301006048,MBL,45,46,10,211.50,2115.00
2221,2222,2022121301006047,MBL,29,46,100,211.50,21150.00
2222,2223,2022121303004021,RSDC,32,58,20,530.00,10600.00
2223,2224,2022121301006046,SHIVM,58,58,50,550.00,27500.00
2224,2225,2022121303004020,JFL,58,8,142,368.10,52270.20
2225,2226,2022121301006045,HHL,32,49,50,215.50,10775.00
2226,2227,2022121303004019,NTC,38,51,352,908.90,319932.80
2227,2228,2022121303004018,NTC,38,51,410,908.90,372649.00
2228,2229,2022121301006044,SHIVM,17,58,1250,550.00,687500.00
2229,2230,2022121301006043,SHIVM,13,58,15,550.00,8250.00
2230,2231,2022121303004017,GBBL,34,41,10,379.80,3798.00
2231,2232,2022121304003225,SJCL,3,16,100,224.40,22440.00
2232,2233,2022121304003224,SJCL,3,57,100,224.40,22440.00
2233,2234,2022121304003223,SJCL,3,42,40,224.40,8976.00
2234,2235,2022121304003222,SJCL,3,1,50,224.40,11220.00
2235,2236,2022121304003221,SJCL,3,6,100,224.20,22420.00
2236,2237,2022121304003220,SJCL,3,42,20,224.00,4480.00
2237,2238,2022121304003219,SJCL,3,42,925,224.00,207200.00
2238,2239,2022121301006042,GVL,25,36,10,312.00,3120.00
2239,2240,2022121301006041,GVL,25,25,10,312.00,3120.00
2240,2241,2022121303004016,NSLB,7,25,130,747.00,97110.00
2241,2242,2022121303004015,MLBSL,39,35,10,3975.50,39755.00
2242,2243,2022121301006040,SIKLES,33,52,10,377.10,3771.00
2243,2244,2022121303004014,SHINE,28,45,11,333.90,3672.90
2244,2245,2022121301006039,SHIVM,56,41,224,552.00,123648.00
2245,2246,2022121301006038,SHIVM,56,7,100,551.90,55190.00
2246,2247,2022121301006037,SHIVM,56,34,76,551.90,41944.40
2247,2248,2022121301006036,SHIVM,56,58,100,551.80,55180.00
2248,2249,2022121303004013,CFCL,14,56,30,306.00,9180.00
2249,2250,2022121301006035,HDL,56,32,50,3828.00,191400.00
2250,2251,2022121301006034,NABIL,45,19,10,810.00,8100.00
2251,2252,2022121301006033,KBL,7,5,215,185.00,39775.00
2252,2253,2022121301006032,KBL,34,5,200,185.00,37000.00
2253,2254,2022121301006031,KBL,13,5,553,185.00,102305.00
2254,2255,2022121301006030,KBL,50,5,100,185.10,18510.00
2255,2256,2022121301006029,KBL,32,5,10,185.10,1851.00
2256,2257,2022121301006028,KBL,38,5,422,185.10,78112.20
2257,2258,2022121303004012,JSLBB,40,18,10,1588.00,15880.00
2258,2259,2022121301006027,RHGCL,22,1,10,206.30,2063.00
2259,2260,2022121301006026,AVYAN,7,26,10,693.00,6930.00
2260,2261,2022121304003218,RIDI,28,34,100,488.00,48800.00
2261,2262,2022121303004011,NTC,45,51,933,908.80,847910.40
2262,2263,2022121303004010,CIT,7,55,10,1860.00,18600.00
2263,2264,2022121303004009,LBBL,38,50,54,319.00,17226.00
2264,2265,2022121301006025,NBL,58,39,39,276.00,10764.00
2265,2266,2022121303004008,NTC,58,51,20,908.80,18176.00
2266,2267,2022121301006024,UHEWA,34,58,10,348.00,3480.00
2267,2268,2022121303004007,NIFRA,42,45,14,185.00,2590.00
2268,2269,2022121303004006,MNBBL,7,45,50,419.00,20950.00
2269,2270,2022121303004005,MNBBL,14,45,50,419.50,20975.00
2270,2271,2022121303004004,NLICL,7,17,100,500.00,50000.00
2271,2272,2022121303004003,FMDBL,34,5,40,709.00,28360.00
2272,2273,2022121301006023,SBI,35,39,10,279.00,2790.00
2273,2274,2022121303004002,NLIC,21,39,32,611.00,19552.00
2274,2275,2022121304003217,UPPER,57,58,10,391.00,3910.00
2275,2276,2022121304003216,AHPC,34,4,100,271.30,27130.00
2276,2277,2022121303004001,JBBL,22,25,400,276.00,110400.00
2277,2278,2022121303004000,NIFRA,42,45,10,185.00,1850.00
2278,2279,2022121303003999,NIFRA,38,45,30,185.00,5550.00
2279,2280,2022121303003998,NUBL,52,39,137,882.50,120902.50
2280,2281,2022121303003997,NUBL,1,39,100,882.60,88260.00
2281,2282,2022121303003996,NUBL,28,39,13,883.00,11479.00
2282,2283,2022121303003995,MPFL,19,52,200,301.00,60200.00
2283,2284,2022121301006022,NICA,38,49,250,680.00,170000.00
2284,2285,2022121301006021,DORDI,48,42,20,231.00,4620.00
2285,2286,2022121304003215,SHEL,56,58,10,230.00,2300.00
2286,2287,2022121301006020,NIBPO,52,33,10,216.10,2161.00
2287,2288,2022121301006019,SIKLES,33,1,10,377.10,3771.00
2288,2289,2022121304003214,API,34,45,370,209.00,77330.00
2289,2290,2022121304003213,API,50,45,20,209.10,4182.00
2290,2291,2022121301006018,SGHC,45,21,10,251.20,2512.00
2291,2292,2022121304003212,SJCL,14,39,20,223.50,4470.00
2292,2293,2022121304003211,SJCL,14,48,60,223.40,13404.00
2293,2294,2022121304003210,SJCL,14,49,20,223.30,4466.00
2294,2295,2022121304003209,SJCL,14,20,150,223.30,33495.00
2295,2296,2022121304003208,SJCL,14,16,50,223.30,11165.00
2296,2297,2022121304003207,SJCL,14,1,47,223.00,10481.00
2297,2298,2022121304003206,SJCL,14,16,100,222.60,22260.00
2298,2299,2022121304003205,UMHL,53,51,150,228.00,34200.00
2299,2300,2022121301006017,CYCL,34,7,10,2260.20,22602.00
2300,2301,2022121301006016,PCBL,57,28,30,225.00,6750.00
2301,2302,2022121303003994,NTC,58,42,500,907.00,453500.00
2302,2303,2022121304003204,API,50,52,480,209.10,100368.00
2303,2304,2022121301006015,SBL,19,13,15,312.00,4680.00
2304,2305,2022121304003203,RIDI,28,34,100,488.00,48800.00
2305,2306,2022121301006014,KBL,38,22,500,185.10,92550.00
2306,2307,2022121301006013,SRBL,32,49,20,185.90,3718.00
2307,2308,2022121301006012,HDL,4,29,10,3830.00,38300.00
2308,2309,2022121301006011,GVL,22,58,10,311.00,3110.00
2309,2310,2022121304003202,SHL,49,32,100,218.00,21800.00
2310,2311,2022121301006010,GBIME,58,41,10,211.90,2119.00
2311,2312,2022121304003201,AHPC,32,56,10,271.40,2714.00
2312,2313,2022121304003200,HDHPC,44,44,1850,172.60,319310.00
2313,2314,2022121304003199,HDHPC,28,44,1000,172.70,172700.00
2314,2315,2022121304003198,HDHPC,26,44,150,172.70,25905.00
2315,2316,2022121301006009,RHGCL,22,28,10,207.00,2070.00
2316,2317,2022121301006008,RHGCL,22,52,10,207.00,2070.00
2317,2318,2022121304003197,SHPC,16,22,30,271.00,8130.00
2318,2319,2022121304003196,SHPC,16,34,370,271.00,100270.00
2319,2320,2022121304003195,UPPER,29,58,86,391.00,33626.00
2320,2321,2022121301006007,CCBL,44,34,50,189.00,9450.00
2321,2322,2022121301006006,NABIL,43,19,84,810.00,68040.00
2322,2323,2022121301006005,NABIL,43,6,166,810.00,134460.00
2323,2324,2022121301006004,HDL,38,32,10,3828.00,38280.00
2324,2325,2022121301006003,SIKLES,48,38,10,377.80,3778.00
2325,2326,2022121301006002,SHIVM,52,13,100,551.00,55100.00
2326,2327,2022121303003993,NIFRA,19,21,210,185.00,38850.00
2327,2328,2022121301006001,NABIL,40,6,100,810.00,81000.00
2328,2329,2022121304003194,BARUN,25,43,90,202.80,18252.00
2329,2330,2022121304003193,BARUN,25,49,10,202.00,2020.00
2330,2331,2022121301006000,SRBL,17,45,450,185.00,83250.00
2331,2332,2022121301005999,SRBL,41,45,50,185.00,9250.00
2332,2333,2022121303003992,GMFIL,29,45,205,308.10,63160.50
2333,2334,2022121303003991,GMFIL,44,45,500,308.20,154100.00
2334,2335,2022121303003990,GMFIL,28,45,90,309.00,27810.00
2335,2336,2022121303003989,GMFIL,34,45,60,310.00,18600.00
2336,2337,2022121303003988,KRBL,44,29,245,252.00,61740.00
2337,2338,2022121301005998,GBIME,44,14,10,211.20,2112.00
2338,2339,2022121301005997,GBIME,38,14,190,211.20,40128.00
2339,2340,2022121301005996,EBL,29,45,105,445.00,46725.00
2340,2341,2022121301005995,EBL,29,22,100,444.90,44490.00
2341,2342,2022121301005994,EBL,29,35,30,444.50,13335.00
2342,2343,2022121301005993,EBL,29,52,265,444.20,117713.00
2343,2344,2022121301005992,EBL,29,50,500,444.00,222000.00
2344,2345,2022121304003192,UPPER,42,58,30,391.00,11730.00
2345,2346,2022121304003191,UPPER,6,58,15,391.60,5874.00
2346,2347,2022121301005991,NABIL,42,19,38,809.50,30761.00
2347,2348,2022121304003190,UPPER,5,33,11,392.90,4321.90
2348,2349,2022121301005990,AVYAN,58,58,10,693.00,6930.00
2349,2350,2022121303003987,SKBBL,57,32,15,1118.00,16770.00
2350,2351,2022121303003986,SKBBL,57,42,21,1118.00,23478.00
2351,2352,2022121304003189,AKPL,45,34,830,345.10,286433.00
2352,2353,2022121304003188,AKPL,38,34,170,345.20,58684.00
2353,2354,2022121304003187,UMHL,45,50,39,227.10,8856.90
2354,2355,2022121303003985,CBBL,21,47,20,1109.90,22198.00
2355,2356,2022121303003984,CBBL,21,33,30,1109.90,33297.00
2356,2357,2022121301005989,HDL,41,29,30,3830.00,114900.00
2357,2358,2022121301005988,HDL,41,21,40,3830.00,153200.00
2358,2359,2022121301005987,MEGA,58,38,10,194.00,1940.00
2359,2360,2022121301005986,NIB,21,45,10,219.90,2199.00
2360,2361,2022121301005985,MEGA,57,4,59,193.00,11387.00
2361,2362,2022121301005984,MEGA,57,4,61,193.00,11773.00
2362,2363,2022121301005983,MEGA,25,4,10,193.00,1930.00
2363,2364,2022121301005982,MEGA,10,4,50,193.00,9650.00
2364,2365,2022121301005981,MEGA,8,4,474,193.00,91482.00
2365,2366,2022121301005980,MEGA,20,4,200,193.00,38600.00
2366,2367,2022121301005979,MEGA,43,4,3446,193.00,665078.00
2367,2368,2022121304003186,CHL,45,45,100,208.50,20850.00
2368,2369,2022121304003185,BPCL,58,33,50,305.00,15250.00
2369,2370,2022121301005978,SHIVM,13,49,85,550.00,46750.00
2370,2371,2022121303003983,GILB,58,35,15,1135.00,17025.00
2371,2372,2022121301005977,ADBL,58,41,10,312.00,3120.00
2372,2373,2022121301005976,NABIL,43,20,590,809.90,477841.00
2373,2374,2022121303003982,NTC,26,51,32,908.80,29081.60
2374,2375,2022121303003981,NTC,26,33,338,908.70,307140.60
2375,2376,2022121303003980,NTC,26,40,130,908.60,118118.00
2376,2377,2022121304003184,UPPER,50,33,50,392.90,19645.00
2377,2378,2022121304003183,NICSF,7,49,100,7.85,785.00
2378,2379,2022121301005975,SBL,58,58,10,312.20,3122.00
2379,2380,2022121303003979,NIFRA,19,19,108,185.00,19980.00
2380,2381,2022121303003978,NIFRA,19,38,384,185.00,71040.00
2381,2382,2022121305000806,SLI,55,34,10,335.00,3350.00
2382,2383,2022121301005974,MEGA,43,26,100,193.00,19300.00
2383,2384,2022121305000805,SLI,22,57,10,333.00,3330.00
2384,2385,2022121304003182,API,32,25,480,209.10,100368.00
2385,2386,2022121304003181,RIDI,19,34,200,488.00,97600.00
2386,2387,2022121304003180,UPCL,5,52,10,216.90,2169.00
2387,2388,2022121303003977,KMCDB,55,44,12,896.00,10752.00
2388,2389,2022121304003179,SJCL,14,41,20,222.00,4440.00
2389,2390,2022121304003178,SJCL,14,58,10,222.00,2220.00
2390,2391,2022121304003177,SJCL,14,58,10,222.00,2220.00
2391,2392,2022121304003176,SJCL,14,1,80,221.00,17680.00
2392,2393,2022121301005973,RFPL,28,32,10,227.90,2279.00
2393,2394,2022121301005972,RFPL,28,58,10,226.00,2260.00
2394,2395,2022121304003175,RIDI,47,17,125,487.10,60887.50
2395,2396,2022121304003174,RIDI,42,17,25,487.10,12177.50
2396,2397,2022121304003173,RIDI,53,17,10,487.20,4872.00
2397,2398,2022121304003172,RIDI,53,17,10,487.30,4873.00
2398,2399,2022121304003171,RIDI,53,17,10,487.40,4874.00
2399,2400,2022121304003170,RIDI,53,17,10,487.50,4875.00
2400,2401,2022121304003169,RIDI,54,17,10,487.60,4876.00
2401,2402,2022121303003976,CBBL,6,34,10,1109.40,11094.00
2402,2403,2022121303003975,ALICL,57,34,24,510.00,12240.00
2403,2404,2022121303003974,KRBL,44,39,255,252.00,64260.00
2404,2405,2022121303003973,KRBL,51,39,25,252.00,6300.00
2405,2406,2022121303003972,KRBL,32,39,200,252.00,50400.00
2406,2407,2022121301005971,ADBL,58,8,10,312.50,3125.00
2407,2408,2022121304003168,STC,33,35,320,3580.00,1145600.00
2408,2409,2022121303003971,GBBL,57,41,16,379.80,6076.80
2409,2410,2022121304003167,SJCL,58,1,20,221.00,4420.00
2410,2411,2022121303003970,CFCL,14,49,140,306.00,42840.00
2411,2412,2022121301005970,SANIMA,47,58,1489,224.00,333536.00
2412,2413,2022121304003166,RADHI,48,22,40,216.00,8640.00
2413,2414,2022121305000804,MBJC,28,52,10,208.10,2081.00
2414,2415,2022121305000803,NYADI,17,45,10,272.00,2720.00
2415,2416,2022121305000802,NYADI,17,51,10,272.00,2720.00
2416,2417,2022121301005969,NMB,38,39,54,230.40,12441.60
2417,2418,2022121304003165,HDHPC,54,42,50,173.00,8650.00
2418,2419,2022121301005968,SANIMA,36,58,100,224.00,22400.00
2419,2420,2022121303003969,NLBBL,49,32,55,810.00,44550.00
2420,2421,2022121303003968,ALICL,57,14,100,510.00,51000.00
2421,2422,2022121303003967,SMB,4,34,14,1190.00,16660.00
2422,2423,2022121303003966,SMB,14,34,194,1190.00,230860.00
2423,2424,2022121301005967,MBL,42,35,40,212.00,8480.00
2424,2425,2022121303003965,SADBL,D01,41,25,303.00,7575.00
2425,2426,2022121303003964,SADBL,D01,50,100,303.00,30300.00
2426,2427,2022121303003963,SADBL,D01,26,990,303.00,299970.00
2427,2428,2022121303003962,SADBL,D01,10,100,303.00,30300.00
2428,2429,2022121303003961,SADBL,D01,43,50,302.90,15145.00
2429,2430,2022121304003164,AIL,14,48,43,380.00,16340.00
2430,2431,2022121304003163,AIL,45,48,100,380.00,38000.00
2431,2432,2022121304003162,AIL,57,48,50,380.00,19000.00
2432,2433,2022121304003161,AIL,6,48,52,380.00,19760.00
2433,2434,2022121304003160,AIL,56,48,70,380.00,26600.00
2434,2435,2022121304003159,AIL,32,48,100,380.00,38000.00
2435,2436,2022121304003158,AIL,38,48,50,380.00,19000.00
2436,2437,2022121304003157,AIL,59,48,290,380.00,110200.00
2437,2438,2022121304003156,AIL,41,48,60,380.00,22800.00
2438,2439,2022121304003155,AIL,49,48,20,380.10,7602.00
2439,2440,2022121304003154,AIL,36,48,20,381.00,7620.00
2440,2441,2022121304003153,AIL,32,48,475,381.00,180975.00
2441,2442,2022121304003152,AIL,37,48,40,382.00,15280.00
2442,2443,2022121304003151,AIL,4,48,30,382.00,11460.00
2443,2444,2022121304003150,AIL,1,48,100,382.10,38210.00
2444,2445,2022121303003960,NIFRA,38,38,100,185.00,18500.00
2445,2446,2022121303003959,NIFRA,5,38,16,185.00,2960.00
2446,2447,2022121301005966,GVL,41,38,10,311.00,3110.00
2447,2448,2022121301005965,HDL,41,21,10,3830.00,38300.00
2448,2449,2022121304003149,RIDI,20,34,210,488.00,102480.00
2449,2450,2022121304003148,RIDI,20,3,40,488.00,19520.00
2450,2451,2022121301005964,HDL,45,21,20,3830.00,76600.00
2451,2452,2022121303003958,CBBL,6,34,76,1109.40,84314.40
2452,2453,2022121303003957,CBBL,6,6,14,1109.00,15526.00
2453,2454,2022121301005963,SHIVM,17,49,415,550.00,228250.00
2454,2455,2022121303003956,CIT,7,53,50,1859.00,92950.00
2455,2456,2022121304003147,SHEL,20,46,10,228.70,2287.00
2456,2457,2022121303003955,EDBL,19,44,10,305.00,3050.00
2457,2458,2022121301005962,RHGCL,22,51,10,206.30,2063.00
2458,2459,2022121303003954,CFCL,14,6,65,306.00,19890.00
2459,2460,2022121303003953,CFCL,14,17,50,306.00,15300.00
2460,2461,2022121303003952,CFCL,14,41,170,305.00,51850.00
2461,2462,2022121303003951,CFCL,14,1,30,305.00,9150.00
2462,2463,2022121303003950,CFCL,14,39,300,304.00,91200.00
2463,2464,2022121303003949,CFCL,14,32,500,303.00,151500.00
2464,2465,2022121303003948,CFCL,14,19,300,302.00,90600.00
2465,2466,2022121301005961,PRVU,38,43,54,199.90,10794.60
2466,2467,2022121301005960,SANIMA,6,58,20,224.00,4480.00
2467,2468,2022121301005959,SANIMA,25,58,10,224.00,2240.00
2468,2469,2022121301005958,SANIMA,5,58,60,224.00,13440.00
2469,2470,2022121301005957,SANIMA,57,58,123,224.00,27552.00
2470,2471,2022121301005956,SANIMA,32,58,10,224.00,2240.00
2471,2472,2022121301005955,SANIMA,14,58,188,224.00,42112.00
2472,2473,2022121301005954,UHEWA,34,34,10,348.00,3480.00
2473,2474,2022121303003947,CBBL,35,6,10,1105.00,11050.00
2474,2475,2022121303003946,NSLB,7,57,20,747.00,14940.00
2475,2476,2022121301005953,CYCL,38,56,10,2260.20,22602.00
2476,2477,2022121304003146,NGPL,5,36,10,207.30,2073.00
2477,2478,2022121305000801,MBJC,28,38,10,208.10,2081.00
2478,2479,2022121303003945,SINDU,38,54,20,253.00,5060.00
2479,2480,2022121304003145,UPPER,41,33,300,392.00,117600.00
2480,2481,2022121301005952,NABIL,5,20,10,809.90,8099.00
2481,2482,2022121303003944,NTC,58,51,15,908.80,13632.00
2482,2483,2022121304003144,JOSHI,7,58,46,188.70,8680.20
2483,2484,2022121304003143,HURJA,32,46,20,202.00,4040.00
2484,2485,2022121301005951,PRVU,11,34,80,198.00,15840.00
2485,2486,2022121301005950,PRVU,6,34,120,198.00,23760.00
2486,2487,2022121301005949,PRVU,36,34,200,198.10,39620.00
2487,2488,2022121304003142,NHDL,34,4,115,319.00,36685.00
2488,2489,2022121304003141,NHDL,34,25,160,318.90,51024.00
2489,2490,2022121304003140,NHDL,34,55,100,317.20,31720.00
2490,2491,2022121304003139,SICL,58,38,25,768.10,19202.50
2491,2492,2022121303003943,SMFDB,55,20,100,1221.00,122100.00
2492,2493,2022121301005948,SPHL,32,46,10,350.00,3500.00
2493,2494,2022121304003138,AKJCL,41,56,40,170.00,6800.00
2494,2495,2022121304003137,AKJCL,56,56,50,170.00,8500.00
2495,2496,2022121304003136,AKJCL,33,56,10,170.00,1700.00
2496,2497,2022121304003135,AKJCL,41,56,175,170.50,29837.50
2497,2498,2022121303003942,NLIC,58,39,10,611.00,6110.00
2498,2499,2022121303003941,NLIC,58,32,10,610.00,6100.00
2499,2500,2022121301005947,NCCB,34,32,100,183.00,18300.00
2500,2501,2022121303003940,SHINE,50,41,44,331.00,14564.00
2501,2502,2022121303003939,SHINE,57,41,16,331.00,5296.00
2502,2503,2022121303003938,NTC,58,49,270,906.90,244863.00
2503,2504,2022121301005946,SANIMA,57,39,250,225.00,56250.00
2504,2505,2022121304003134,UPPER,45,33,20,392.00,7840.00
2505,2506,2022121304003133,UPPER,32,33,40,392.00,15680.00
2506,2507,2022121304003132,UPPER,37,33,200,392.00,78400.00
2507,2508,2022121304003131,UPPER,6,33,360,392.00,141120.00
2508,2509,2022121304003130,HDHPC,7,42,10,173.00,1730.00
2509,2510,2022121301005945,HIDCLP,49,29,10,97.40,974.00
2510,2511,2022121301005944,GVL,41,42,10,311.00,3110.00
2511,2512,2022121301005943,GVL,41,49,80,311.00,24880.00
2512,2513,2022121301005942,MEGA,43,4,252,193.00,48636.00
2513,2514,2022121301005941,MEGA,41,4,100,193.10,19310.00
2514,2515,2022121301005940,MEGA,26,4,500,193.10,96550.00
2515,2516,2022121301005939,MEGA,59,4,30,193.10,5793.00
2516,2517,2022121301005938,MEGA,11,4,85,193.10,16413.50
2517,2518,2022121301005937,MEGA,25,4,10,193.10,1931.00
2518,2519,2022121301005936,MEGA,28,4,23,193.10,4441.30
2519,2520,2022121303003937,NLIC,53,21,490,609.00,298410.00
2520,2521,2022121305000800,MBJC,58,22,10,208.20,2082.00
2521,2522,2022121301005935,SANIMA,33,39,50,225.00,11250.00
2522,2523,2022121305000799,MBJC,58,51,10,208.20,2082.00
2523,2524,2022121304003129,UPCL,16,57,600,215.10,129060.00
2524,2525,2022121304003128,UPCL,48,57,100,215.20,21520.00
2525,2526,2022121303003936,JFL,4,49,300,370.00,111000.00
2526,2527,2022121303003935,JFL,38,49,25,370.00,9250.00
2527,2528,2022121303003934,JFL,49,49,26,370.00,9620.00
2528,2529,2022121303003933,JFL,7,49,100,370.00,37000.00
2529,2530,2022121301005934,NABIL,42,43,60,809.50,48570.00
2530,2531,2022121304003127,PICL,6,21,21,341.60,7173.60
2531,2532,2022121301005933,MEGA,28,41,77,193.10,14868.70
2532,2533,2022121301005932,MEGA,29,41,16,193.10,3089.60
2533,2534,2022121301005931,MEGA,38,41,126,193.20,24343.20
2534,2535,2022121301005930,MEGA,25,41,10,193.20,1932.00
2535,2536,2022121301005929,MEGA,25,41,50,193.20,9660.00
2536,2537,2022121301005928,MEGA,7,41,21,193.20,4057.20
2537,2538,2022121301005927,MEGA,57,41,100,193.30,19330.00
2538,2539,2022121304003126,RIDI,53,3,10,488.00,4880.00
2539,2540,2022121304003125,RIDI,42,3,50,488.00,24400.00
2540,2541,2022121303003932,ALICL,57,58,17,510.00,8670.00
2541,2542,2022121303003931,NIFRA,5,38,20,185.00,3700.00
2542,2543,2022121303003930,NTC,33,51,38,908.70,34530.60
2543,2544,2022121303003929,FMDBL,34,41,50,710.00,35500.00
2544,2545,2022121305000798,MBJC,35,42,10,208.50,2085.00
2545,2546,2022121303003928,NTC,33,42,300,908.70,272610.00
2546,2547,2022121303003927,MNBBL,1,55,70,420.00,29400.00
2547,2548,2022121303003926,GUFL,28,6,10,523.00,5230.00
2548,2549,2022121304003124,STC,33,6,30,3565.00,106950.00
2549,2550,2022121303003925,NLIC,58,21,10,609.00,6090.00
2550,2551,2022121303003924,GBLBS,57,18,10,598.00,5980.00
2551,2552,2022121301005926,NABIL,6,29,92,809.00,74428.00
2552,2553,2022121301005925,NABIL,45,29,100,809.10,80910.00
2553,2554,2022121304003123,UPPER,6,21,640,392.00,250880.00
2554,2555,2022121304003122,UPPER,25,21,90,392.10,35289.00
2555,2556,2022121304003121,UPPER,13,21,200,392.20,78440.00
2556,2557,2022121304003120,UPPER,40,21,50,392.30,19615.00
2557,2558,2022121304003119,UPPER,45,21,500,392.30,196150.00
2558,2559,2022121304003118,UPPER,22,21,20,392.30,7846.00
2559,2560,2022121303003923,SADBL,D01,39,400,302.00,120800.00
2560,2561,2022121304003117,UMHL,32,50,61,227.10,13853.10
2561,2562,2022121301005924,GBIME,38,57,81,212.00,17172.00
2562,2563,2022121301005923,GBIME,38,47,27,212.00,5724.00
2563,2564,2022121301005922,RHGCL,22,7,10,206.30,2063.00
2564,2565,2022121303003922,NIFRA,5,46,64,185.00,11840.00
2565,2566,2022121303003921,NSLB,7,32,24,747.00,17928.00
2566,2567,2022121301005921,GBIME,38,58,10,211.20,2112.00
2567,2568,2022121301005920,NIB,1,13,100,220.00,22000.00
2568,2569,2022121301005919,USHEC,10,57,10,250.10,2501.00
2569,2570,2022121304003116,SICL,42,38,60,770.00,46200.00
2570,2571,2022121304003115,SICL,34,38,55,770.00,42350.00
2571,2572,2022121304003114,SICL,42,38,50,771.00,38550.00
2572,2573,2022121304003113,SICL,59,38,30,771.00,23130.00
2573,2574,2022121301005918,SHIVM,17,38,10,550.00,5500.00
2574,2575,2022121303003920,NTC,33,51,10,908.70,9087.00
2575,2576,2022121303003919,NTC,33,51,25,908.60,22715.00
2576,2577,2022121303003918,NTC,33,57,150,908.50,136275.00
2577,2578,2022121303003917,NTC,33,6,10,908.40,9084.00
2578,2579,2022121303003916,NTC,33,51,50,908.40,45420.00
2579,2580,2022121303003915,NTC,33,39,16,908.40,14534.40
2580,2581,2022121301005917,HHL,36,38,10,215.10,2151.00
2581,2582,2022121303003914,MMFDB,14,21,40,872.00,34880.00
2582,2583,2022121303003913,PFL,1,45,490,332.20,162778.00
2583,2584,2022121301005916,GVL,29,49,100,311.00,31100.00
2584,2585,2022121304003112,UPPER,22,8,30,392.30,11769.00
2585,2586,2022121303003912,NTC,58,53,100,906.90,90690.00
2586,2587,2022121301005915,NCCB,46,32,850,183.00,155550.00
2587,2588,2022121301005914,NCCB,7,32,50,183.00,9150.00
2588,2589,2022121303003911,DDBL,58,22,20,1023.00,20460.00
2589,2590,2022121304003111,NICL,19,19,11,416.10,4577.10
2590,2591,2022121303003910,SWBBL,56,56,20,1170.00,23400.00
2591,2592,2022121303003909,NLIC,49,6,70,608.00,42560.00
2592,2593,2022121301005913,MEGA,14,41,763,193.80,147869.40
2593,2594,2022121301005912,MEGA,14,10,500,193.50,96750.00
2594,2595,2022121301005911,NABIL,6,19,100,809.00,80900.00
2595,2596,2022121304003110,UPPER,48,4,40,393.00,15720.00
2596,2597,2022121304003109,UPPER,48,42,50,392.90,19645.00
2597,2598,2022121304003108,UPPER,48,41,10,392.80,3928.00
2598,2599,2022121303003908,JFL,55,7,184,371.00,68264.00
2599,2600,2022121303003907,JFL,48,7,16,371.10,5937.60
2600,2601,2022121304003107,RIDI,33,48,50,488.50,24425.00
2601,2602,2022121301005910,GVL,53,49,720,311.00,223920.00
2602,2603,2022121304003106,RADHI,48,49,10,216.00,2160.00
2603,2604,2022121303003906,SKBBL,17,42,19,1118.00,21242.00
2604,2605,2022121301005909,SANIMA,44,39,200,225.00,45000.00
2605,2606,2022121305000797,SLI,10,50,10,332.50,3325.00
2606,2607,2022121304003105,BPCL,39,17,12,305.80,3669.60
2607,2608,2022121301005908,CZBIL,4,58,16,180.10,2881.60
2608,2609,2022121303003905,NLIC,58,4,30,607.20,18216.00
2609,2610,2022121303003904,NLIC,45,4,20,607.30,12146.00
2610,2611,2022121303003903,MFIL,59,48,100,417.90,41790.00
2611,2612,2022121304003104,SJCL,58,36,20,220.00,4400.00
2612,2613,2022121304003103,SJCL,58,54,10,220.00,2200.00
2613,2614,2022121301005907,NMB,17,49,26,230.00,5980.00
2614,2615,2022121301005906,NMB,45,49,24,230.10,5522.40
2615,2616,2022121303003902,LBBL,14,50,25,319.00,7975.00
2616,2617,2022121303003901,LBBL,25,50,162,319.00,51678.00
2617,2618,2022121303003900,LBBL,19,50,200,319.60,63920.00
2618,2619,2022121303003899,LBBL,59,50,100,319.70,31970.00
2619,2620,2022121305000796,MBJC,35,56,10,208.50,2085.00
2620,2621,2022121303003898,MLBSL,39,14,10,3976.00,39760.00
2621,2622,2022121301005905,PRVU,6,57,80,198.00,15840.00
2622,2623,2022121301005904,PRVU,32,57,100,198.00,19800.00
2623,2624,2022121301005903,PRVU,13,57,55,198.00,10890.00
2624,2625,2022121301005902,PRVU,38,57,10,198.00,1980.00
2625,2626,2022121301005901,PRVU,34,57,27,198.00,5346.00
2626,2627,2022121301005900,PRVU,48,57,100,198.10,19810.00
2627,2628,2022121303003897,NFS,26,29,253,255.00,64515.00
2628,2629,2022121304003102,SICL,59,8,10,771.00,7710.00
2629,2630,2022121303003896,SWBBL,56,56,10,1170.00,11700.00
2630,2631,2022121303003895,SWBBL,45,56,30,1170.00,35100.00
2631,2632,2022121303003894,SWBBL,51,56,10,1170.00,11700.00
2632,2633,2022121304003101,NEF,7,29,450,7.83,3523.50
2633,2634,2022121304003100,BARUN,25,43,274,202.80,55567.20
2634,2635,2022121304003099,BARUN,25,33,100,202.70,20270.00
2635,2636,2022121303003893,NRIC,21,44,500,708.00,354000.00
2636,2637,2022121301005899,NABIL,22,43,20,809.50,16190.00
2637,2638,2022121303003892,NLIC,4,6,20,608.00,12160.00
2638,2639,2022121303003891,NLIC,4,4,25,608.00,15200.00
2639,2640,2022121301005898,SIKLES,48,49,10,377.60,3776.00
2640,2641,2022121303003890,NTC,58,51,500,906.90,453450.00
2641,2642,2022121303003889,MNBBL,4,55,40,420.00,16800.00
2642,2643,2022121304003098,UPPER,44,41,10,392.80,3928.00
2643,2644,2022121303003888,NTC,34,55,60,907.00,54420.00
2644,2645,2022121301005897,SBI,36,39,80,279.00,22320.00
2645,2646,2022121303003887,KSBBL,59,45,130,307.90,40027.00
2646,2647,2022121304003097,API,34,37,10,210.00,2100.00
2647,2648,2022121303003886,SAPDBL,34,32,50,221.10,11055.00
2648,2649,2022121303003885,NRIC,21,44,373,708.00,264084.00
2649,2650,2022121303003884,NRIC,21,19,27,707.00,19089.00
2650,2651,2022121304003096,UNHPL,7,22,13,190.00,2470.00
2651,2652,2022121304003095,GLH,42,51,10,236.00,2360.00
2652,2653,2022121304003094,UPPER,25,49,10,392.10,3921.00
2653,2654,2022121305000795,MBJC,35,42,10,208.50,2085.00
2654,2655,2022121301005896,NABIL,58,43,20,809.50,16190.00
2655,2656,2022121303003883,RMDC,58,44,80,948.00,75840.00
2656,2657,2022121303003882,RMDC,29,44,20,948.00,18960.00
2657,2658,2022121301005895,NABIL,58,38,480,809.50,388560.00
2658,2659,2022121301005894,NABIL,34,38,20,809.50,16190.00
2659,2660,2022121305000794,SAHAS,45,41,10,448.10,4481.00
2660,2661,2022121303003881,NRN,16,45,40,400.00,16000.00
2661,2662,2022121304003093,SIGS2,48,55,100,8.00,800.00
2662,2663,2022121304003092,SICL,59,52,20,771.00,15420.00
2663,2664,2022121301005893,HDL,7,21,30,3830.00,114900.00
2664,2665,2022121303003880,NIFRA,42,50,54,185.00,9990.00
2665,2666,2022121304003091,UMHL,53,35,100,227.00,22700.00
2666,2667,2022121304003090,UMHL,53,36,550,227.00,124850.00
2667,2668,2022121304003089,UMHL,53,33,200,226.90,45380.00
2668,2669,2022121301005892,ADBL,47,41,10,312.00,3120.00
2669,2670,2022121301005891,ADBL,47,6,110,312.00,34320.00
2670,2671,2022121304003088,NHPC,44,6,250,201.00,50250.00
2671,2672,2022121301005890,GVL,34,49,100,311.00,31100.00
2672,2673,2022121301005889,NBL,36,39,10,276.00,2760.00
2673,2674,2022121303003879,NFS,26,29,425,255.00,108375.00
2674,2675,2022121303003878,NFS,33,29,50,255.10,12755.00
2675,2676,2022121303003877,NFS,21,29,25,255.20,6380.00
2676,2677,2022121303003876,MMFDB,6,21,80,874.00,69920.00
2677,2678,2022121301005888,NMB,17,54,123,230.00,28290.00
2678,2679,2022121301005887,NMB,50,54,10,230.00,2300.00
2679,2680,2022121301005886,NMB,50,54,47,230.00,10810.00
2680,2681,2022121301005885,CBL,32,28,10,213.90,2139.00
2681,2682,2022121303003875,CHDC,50,39,460,656.00,301760.00
2682,2683,2022121303003874,CHDC,35,39,40,657.00,26280.00
2683,2684,2022121303003873,JSLBB,16,18,10,1591.00,15910.00
2684,2685,2022121303003872,JSLBB,36,18,10,1591.00,15910.00
2685,2686,2022121303003871,NABBC,21,25,10,367.00,3670.00
2686,2687,2022121301005884,HIDCLP,46,25,900,96.00,86400.00
2687,2688,2022121301005883,BOKL,49,29,197,206.00,40582.00
2688,2689,2022121301005882,BOKL,44,29,50,206.00,10300.00
2689,2690,2022121301005881,BOKL,16,29,100,206.00,20600.00
2690,2691,2022121301005880,BOKL,13,29,86,206.00,17716.00
2691,2692,2022121301005879,BOKL,25,29,15,206.00,3090.00
2692,2693,2022121301005878,BOKL,45,29,100,206.00,20600.00
2693,2694,2022121301005877,BOKL,19,29,80,206.00,16480.00
2694,2695,2022121301005876,BOKL,21,29,300,206.00,61800.00
2695,2696,2022121301005875,BOKL,6,29,45,206.00,9270.00
2696,2697,2022121301005874,BOKL,32,29,10,206.10,2061.00
2697,2698,2022121301005873,BOKL,13,29,87,206.10,17930.70
2698,2699,2022121301005872,BOKL,1,29,100,206.20,20620.00
2699,2700,2022121301005871,BOKL,49,29,200,206.30,41260.00
2700,2701,2022121301005870,BOKL,58,29,130,206.30,26819.00
2701,2702,2022121304003087,HDHPC,26,45,50,172.70,8635.00
2702,2703,2022121303003870,KSBBL,59,57,40,307.90,12316.00
2703,2704,2022121303003869,KSBBL,59,56,130,307.90,40027.00
2704,2705,2022121301005869,NABIL,39,6,20,810.00,16200.00
2705,2706,2022121301005868,NIB,38,56,300,219.50,65850.00
2706,2707,2022121301005867,HDL,49,32,10,3828.00,38280.00
2707,2708,2022121301005866,HDL,6,32,40,3828.00,153120.00
2708,2709,2022121303003868,NLIC,49,4,805,608.00,489440.00
2709,2710,2022121303003867,NLIC,45,4,150,608.10,91215.00
2710,2711,2022121303003866,NLIC,45,4,20,608.10,12162.00
2711,2712,2022121301005865,HDL,32,21,50,3830.00,191500.00
2712,2713,2022121303003865,SMFDB,26,49,10,1221.00,12210.00
2713,2714,2022121303003864,NMFBS,53,33,11,2013.00,22143.00
2714,2715,2022121303003863,NADEP,38,57,15,678.50,10177.50
2715,2716,2022121303003862,NADEP,42,57,10,679.00,6790.00
2716,2717,2022121304003086,UPPER,58,40,10,392.80,3928.00
2717,2718,2022121305000793,NYADI,50,34,10,268.60,2686.00
2718,2719,2022121301005864,SGHC,17,35,10,253.50,2535.00
2719,2720,2022121301005863,SGHC,17,35,10,253.20,2532.00
2720,2721,2022121301005862,SGHC,17,46,10,253.00,2530.00
2721,2722,2022121301005861,SGHC,17,34,10,253.00,2530.00
2722,2723,2022121301005860,SGHC,17,35,10,253.00,2530.00
2723,2724,2022121301005859,SGHC,17,26,10,252.00,2520.00
2724,2725,2022121304003085,API,34,21,15,209.00,3135.00
2725,2726,2022121304003084,UMHL,32,33,70,226.00,15820.00
2726,2727,2022121304003083,UMHL,32,48,140,226.00,31640.00
2727,2728,2022121301005858,DORDI,56,57,10,230.00,2300.00
2728,2729,2022121301005857,BHDC,47,45,10,344.00,3440.00
2729,2730,2022121303003861,JFL,32,17,180,371.30,66834.00
2730,2731,2022121303003860,SKBBL,42,42,10,1118.00,11180.00
2731,2732,2022121303003859,SKBBL,42,35,20,1118.00,22360.00
2732,2733,2022121303003858,NTC,38,42,206,906.00,186636.00
2733,2734,2022121303003857,NTC,58,42,20,906.00,18120.00
2734,2735,2022121303003856,NTC,16,42,24,906.00,21744.00
2735,2736,2022121305000792,SLI,10,49,52,332.50,17290.00
2736,2737,2022121303003855,SIFC,1,48,500,304.00,152000.00
2737,2738,2022121303003854,JBBL,44,22,15,277.00,4155.00
2738,2739,2022121303003853,JBBL,40,22,80,277.00,22160.00
2739,2740,2022121301005856,GBIME,35,41,50,211.70,10585.00
2740,2741,2022121303003852,CHDC,35,51,10,657.00,6570.00
2741,2742,2022121301005855,BOKL,42,58,10,206.50,2065.00
2742,2743,2022121301005854,GBIME,17,14,500,211.00,105500.00
2743,2744,2022121301005853,NABIL,52,6,15,810.00,12150.00
2744,2745,2022121301005852,RFPL,42,26,10,223.50,2235.00
2745,2746,2022121304003082,AKJCL,41,36,75,170.50,12787.50
2746,2747,2022121303003851,NRIC,19,1,199,705.00,140295.00
2747,2748,2022121303003850,NRIC,19,21,18,705.00,12690.00
2748,2749,2022121301005851,SHIVM,34,49,273,550.00,150150.00
2749,2750,2022121301005850,NICA,42,22,40,680.90,27236.00
2750,2751,2022121303003849,EDBL,59,38,33,303.10,10002.30
2751,2752,2022121301005849,SGHC,17,38,10,252.00,2520.00
2752,2753,2022121303003848,MFIL,25,57,195,417.00,81315.00
2753,2754,2022121303003847,NABBC,21,21,90,360.10,32409.00
2754,2755,2022121304003081,KPCL,7,34,40,318.00,12720.00
2755,2756,2022121301005848,SIKLES,33,51,10,377.10,3771.00
2756,2757,2022121304003080,HURJA,56,45,75,201.00,15075.00
2757,2758,2022121301005847,HIDCLP,28,25,2000,96.10,192200.00
2758,2759,2022121301005846,HIDCLP,10,25,200,96.10,19220.00
2759,2760,2022121301005845,HIDCLP,52,25,90,96.20,8658.00
2760,2761,2022121301005844,HIDCLP,52,25,10,96.20,962.00
2761,2762,2022121304003079,AKPL,58,32,100,348.00,34800.00
2762,2763,2022121304003078,RHPL,44,17,100,230.10,23010.00
2763,2764,2022121303003846,CFCL,55,38,15,300.00,4500.00
2764,2765,2022121301005843,NICA,58,22,10,680.90,6809.00
2765,2766,2022121304003077,API,46,37,1913,210.00,401730.00
2766,2767,2022121304003076,API,46,21,500,210.00,105000.00
2767,2768,2022121304003075,API,46,41,55,210.00,11550.00
2768,2769,2022121304003074,API,46,55,90,210.00,18900.00
2769,2770,2022121304003073,API,46,32,500,210.00,105000.00
2770,2771,2022121304003072,API,46,52,100,210.00,21000.00
2771,2772,2022121304003071,API,46,59,150,210.00,31500.00
2772,2773,2022121304003070,API,46,45,42,210.00,8820.00
2773,2774,2022121304003069,API,46,29,100,209.90,20990.00
2774,2775,2022121304003068,API,46,6,50,209.80,10490.00
2775,2776,2022121304003067,KPCL,7,52,10,318.00,3180.00
2776,2777,2022121301005842,USHEC,10,52,10,250.10,2501.00
2777,2778,2022121301005841,CZBIL,4,42,148,180.10,26654.80
2778,2779,2022121304003066,UPPER,57,21,10,393.00,3930.00
2779,2780,2022121301005840,NICA,55,49,10,679.00,6790.00
2780,2781,2022121303003845,NTC,38,42,10,908.00,9080.00
2781,2782,2022121303003844,NTC,38,36,50,908.00,45400.00
2782,2783,2022121303003843,NTC,38,6,100,908.00,90800.00
2783,2784,2022121303003842,NTC,38,22,60,908.00,54480.00
2784,2785,2022121303003841,NTC,38,13,80,908.00,72640.00
2785,2786,2022121305000791,JALPA,49,45,10,3350.00,33500.00
2786,2787,2022121301005839,NABIL,42,8,108,810.00,87480.00
2787,2788,2022121304003065,GLH,50,57,10,235.50,2355.00
2788,2789,2022121304003064,HDHPC,25,42,700,173.00,121100.00
2789,2790,2022121303003840,SIFC,1,22,150,303.90,45585.00
2790,2791,2022121303003839,MFIL,42,57,305,417.00,127185.00
2791,2792,2022121303003838,MFIL,42,6,50,417.00,20850.00
2792,2793,2022121303003837,MFIL,42,33,35,416.90,14591.50
2793,2794,2022121301005838,BHDC,47,21,10,344.00,3440.00
2794,2795,2022121301005837,PRVU,34,45,973,198.00,192654.00
2795,2796,2022121301005836,PRVU,22,45,50,198.00,9900.00
2796,2797,2022121301005835,PRVU,7,45,100,198.00,19800.00
2797,2798,2022121301005834,PRVU,19,45,100,198.00,19800.00
2798,2799,2022121301005833,PRVU,16,45,100,198.00,19800.00
2799,2800,2022121301005832,PRVU,7,45,20,198.00,3960.00
2800,2801,2022121301005831,PRVU,44,45,25,198.00,4950.00
2801,2802,2022121301005830,PRVU,10,45,10,198.00,1980.00
2802,2803,2022121301005829,PRVU,14,45,1000,198.00,198000.00
2803,2804,2022121301005828,PRVU,49,45,11,198.00,2178.00
2804,2805,2022121301005827,PRVU,37,45,111,198.00,21978.00
2805,2806,2022121303003836,NTC,58,13,10,908.00,9080.00
2806,2807,2022121304003063,UNHPL,53,46,40,188.00,7520.00
2807,2808,2022121301005826,RHGCL,22,7,10,206.30,2063.00
2808,2809,2022121303003835,MNBBL,42,55,500,420.00,210000.00
2809,2810,2022121304003062,AKPL,19,32,10,348.00,3480.00
2810,2811,2022121301005825,HDL,7,21,50,3830.00,191500.00
2811,2812,2022121301005824,HDL,7,53,20,3830.00,76600.00
2812,2813,2022121301005823,SGHC,45,52,10,251.20,2512.00
2813,2814,2022121301005822,ADBL,17,8,50,312.00,15600.00
2814,2815,2022121301005821,ADBL,4,8,188,312.00,58656.00
2815,2816,2022121301005820,SBL,42,58,20,311.00,6220.00
2816,2817,2022121305000790,SAHAS,45,52,10,448.10,4481.00
2817,2818,2022121303003834,NLBBL,58,32,50,811.00,40550.00
2818,2819,2022121303003833,NTC,16,8,10,906.00,9060.00
2819,2820,2022121301005819,SRBL,28,26,500,185.00,92500.00
2820,2821,2022121301005818,SRBL,20,26,100,185.00,18500.00
2821,2822,2022121304003061,NICL,19,19,100,421.00,42100.00
2822,2823,2022121301005817,CCBL,58,39,57,188.30,10733.10
2823,2824,2022121305000789,MBJC,58,49,10,208.20,2082.00
2824,2825,2022121304003060,RHPL,1,41,390,234.00,91260.00
2825,2826,2022121304003059,RHPL,1,11,40,233.40,9336.00
2826,2827,2022121304003058,RHPL,1,7,50,233.40,11670.00
2827,2828,2022121304003057,RHPL,1,57,100,233.00,23300.00
2828,2829,2022121304003056,RHPL,1,41,20,233.00,4660.00
2829,2830,2022121304003055,RHPL,1,55,300,233.00,69900.00
2830,2831,2022121304003054,RHPL,1,16,60,233.00,13980.00
2831,2832,2022121304003053,RHPL,1,21,20,232.50,4650.00
2832,2833,2022121304003052,RHPL,1,32,20,232.00,4640.00
2833,2834,2022121301005816,PRVU,37,35,89,198.00,17622.00
2834,2835,2022121301005815,PRVU,35,35,10,198.00,1980.00
2835,2836,2022121301005814,PRVU,26,35,250,198.00,49500.00
2836,2837,2022121301005813,PRVU,43,35,100,198.00,19800.00
2837,2838,2022121301005812,PRVU,53,35,200,198.00,39600.00
2838,2839,2022121301005811,PRVU,14,35,100,198.00,19800.00
2839,2840,2022121301005810,PRVU,42,35,200,198.00,39600.00
2840,2841,2022121301005809,PRVU,44,35,50,198.00,9900.00
2841,2842,2022121301005808,PRVU,14,35,20,198.00,3960.00
2842,2843,2022121301005807,PRVU,38,35,1000,198.00,198000.00
2843,2844,2022121301005806,PRVU,28,35,100,198.00,19800.00
2844,2845,2022121301005805,PRVU,17,35,100,198.00,19800.00
2845,2846,2022121301005804,PRVU,17,35,100,198.00,19800.00
2846,2847,2022121301005803,PRVU,45,35,10,198.00,1980.00
2847,2848,2022121301005802,PRVU,35,35,62,198.00,12276.00
2848,2849,2022121301005801,PRVU,7,35,110,198.10,21791.00
2849,2850,2022121301005800,PRVU,43,35,100,198.10,19810.00
2850,2851,2022121301005799,PRVU,45,35,335,198.10,66363.50
2851,2852,2022121301005798,PRVU,52,35,30,198.10,5943.00
2852,2853,2022121301005797,PRVU,33,35,180,198.20,35676.00
2853,2854,2022121301005796,PRVU,29,35,50,198.20,9910.00
2854,2855,2022121301005795,PRVU,16,35,200,198.20,39640.00
2855,2856,2022121301005794,PRVU,16,35,100,198.30,19830.00
2856,2857,2022121301005793,PRVU,32,35,1000,198.40,198400.00
2857,2858,2022121301005792,PRVU,52,35,20,198.40,3968.00
2858,2859,2022121301005791,PRVU,13,35,200,198.50,39700.00
2859,2860,2022121301005790,PRVU,57,35,50,198.50,9925.00
2860,2861,2022121301005789,PRVU,18,35,100,198.50,19850.00
2861,2862,2022121301005788,PRVU,7,35,300,198.50,59550.00
2862,2863,2022121301005787,PRVU,19,35,161,198.50,31958.50
2863,2864,2022121301005786,PRVU,34,35,70,198.60,13902.00
2864,2865,2022121303003832,DDBL,58,41,17,1023.00,17391.00
2865,2866,2022121303003831,DDBL,19,41,20,1023.10,20462.00
2866,2867,2022121301005785,BOKL,49,44,300,206.40,61920.00
2867,2868,2022121304003051,CHCL,44,50,270,385.00,103950.00
2868,2869,2022121301005784,SGHC,45,48,10,251.20,2512.00
2869,2870,2022121304003050,UPPER,48,33,20,392.90,7858.00
2870,2871,2022121303003830,CBBL,14,21,77,1102.10,84861.70
2871,2872,2022121303003829,CBBL,48,21,100,1103.00,110300.00
2872,2873,2022121303003828,CBBL,22,21,23,1103.00,25369.00
2873,2874,2022121304003049,NGPL,58,57,10,208.00,2080.00
2874,2875,2022121301005783,HHL,36,21,10,215.10,2151.00
2875,2876,2022121304003048,KKHC,49,38,350,178.30,62405.00
2876,2877,2022121303003827,RMDC,29,44,100,948.00,94800.00
2877,2878,2022121301005782,NBL,58,39,10,276.00,2760.00
2878,2879,2022121304003047,UNHPL,58,46,10,188.00,1880.00
2879,2880,2022121304003046,MEN,21,56,60,726.00,43560.00
2880,2881,2022121304003045,NHPC,38,6,50,201.00,10050.00
2881,2882,2022121303003826,NLICL,33,22,296,500.00,148000.00
2882,2883,2022121303003825,CHDC,50,51,10,656.00,6560.00
2883,2884,2022121304003044,API,34,57,300,209.00,62700.00
2884,2885,2022121301005781,CZBIL,42,14,500,180.50,90250.00
2885,2886,2022121304003043,UMRH,1,55,95,417.00,39615.00
2886,2887,2022121304003042,UMRH,1,20,80,416.90,33352.00
2887,2888,2022121304003041,UMRH,1,58,50,416.80,20840.00
2888,2889,2022121304003040,UMRH,1,36,10,412.00,4120.00
2889,2890,2022121304003039,UPPER,19,25,150,392.00,58800.00
2890,2891,2022121301005780,HDL,41,32,10,3828.00,38280.00
2891,2892,2022121301005779,HDL,32,32,20,3828.00,76560.00
2892,2893,2022121303003824,NRIC,58,21,15,705.00,10575.00
2893,2894,2022121301005778,NBL,19,4,827,275.20,227590.40
2894,2895,2022121301005777,NBL,34,4,100,275.30,27530.00
2895,2896,2022121301005776,NBL,26,4,108,275.30,29732.40
2896,2897,2022121304003038,UPCL,28,52,10,216.90,2169.00
2897,2898,2022121303003823,MLBL,32,16,50,343.00,17150.00
2898,2899,2022121303003822,SMFDB,55,40,1000,1221.00,1221000.00
2899,2900,2022121303003821,ICFC,41,29,15,424.80,6372.00
2900,2901,2022121303003820,SLBSL,13,26,10,1200.00,12000.00
2901,2902,2022121305000788,JBLB,53,49,10,2739.00,27390.00
2902,2903,2022121301005775,RFPL,29,52,10,225.00,2250.00
2903,2904,2022121301005774,NABIL,6,55,40,809.00,32360.00
2904,2905,2022121301005773,SIKLES,48,28,30,377.90,11337.00
2905,2906,2022121303003819,ALICL,57,14,100,511.50,51150.00
2906,2907,2022121304003037,CGH,32,21,50,1001.00,50050.00
2907,2908,2022121304003036,HDHPC,57,42,40,173.00,6920.00
2908,2909,2022121303003818,GBBL,42,41,200,379.80,75960.00
2909,2910,2022121303003817,NADEP,38,3,25,678.50,16962.50
2910,2911,2022121305000787,TPC,14,17,10,321.20,3212.00
2911,2912,2022121303003816,NTC,58,13,10,908.00,9080.00
2912,2913,2022121301005772,GVL,29,58,10,310.60,3106.00
2913,2914,2022121301005771,BHDC,47,38,20,344.00,6880.00
2914,2915,2022121303003815,SLBBL,56,21,230,823.20,189336.00
2915,2916,2022121301005770,PCBL,44,28,10,225.00,2250.00
2916,2917,2022121304003035,KPCL,56,22,45,318.50,14332.50
2917,2918,2022121303003814,NIFRA,19,48,13,185.90,2416.70
2918,2919,2022121303003813,HIDCL,32,42,100,166.00,16600.00
2919,2920,2022121301005769,CCBL,34,6,200,189.90,37980.00
2920,2921,2022121301005768,CCBL,34,49,10,189.80,1898.00
2921,2922,2022121304003034,SFMF,10,16,100,9.09,909.00
2922,2923,2022121304003033,API,34,56,41,209.00,8569.00
2923,2924,2022121304003032,API,34,32,43,209.00,8987.00
2924,2925,2022121305000786,TPC,41,57,10,323.00,3230.00
2925,2926,2022121301005767,NABIL,6,16,100,809.00,80900.00
2926,2927,2022121301005766,SHIVM,21,49,10,550.00,5500.00
2927,2928,2022121301005765,SHIVM,13,49,100,550.00,55000.00
2928,2929,2022121301005764,SHIVM,58,49,35,550.00,19250.00
2929,2930,2022121301005763,SHIVM,47,49,82,550.00,45100.00
2930,2931,2022121304003031,UPPER,38,33,480,392.90,188592.00
2931,2932,2022121304003030,UPPER,38,52,20,392.80,7856.00
2932,2933,2022121301005762,NABIL,49,8,52,810.00,42120.00
2933,2934,2022121303003812,PROFL,48,28,200,282.00,56400.00
2934,2935,2022121303003811,PROFL,58,28,26,282.00,7332.00
2935,2936,2022121304003029,API,49,53,40,208.50,8340.00
2936,2937,2022121303003810,KSBBL,1,45,39,307.00,11973.00
2937,2938,2022121303003809,SINDU,38,49,304,253.00,76912.00
2938,2939,2022121303003808,SINDU,22,49,50,253.00,12650.00
2939,2940,2022121303003807,SINDU,32,49,200,253.00,50600.00
2940,2941,2022121303003806,SINDU,33,49,165,254.00,41910.00
2941,2942,2022121304003028,AIL,4,49,10,382.00,3820.00
2942,2943,2022121303003805,GUFL,39,44,740,520.00,384800.00
2943,2944,2022121301005761,SHIVM,47,32,18,550.00,9900.00
2944,2945,2022121301005760,SHIVM,17,32,562,550.00,309100.00
2945,2946,2022121301005759,SHIVM,14,32,20,550.10,11002.00
2946,2947,2022121303003804,DDBL,19,43,30,1023.10,30693.00
2947,2948,2022121301005758,PCBL,38,47,20,224.00,4480.00
2948,2949,2022121301005757,GBIME,17,41,1580,211.00,333380.00
2949,2950,2022121303003803,NTC,16,57,12,906.00,10872.00
2950,2951,2022121303003802,CHDC,50,45,10,656.00,6560.00
2951,2952,2022121304003027,IGI,17,55,473,363.00,171699.00
2952,2953,2022121304003026,IGI,17,55,227,363.00,82401.00
2953,2954,2022121304003025,IGI,46,55,300,363.10,108930.00
2954,2955,2022121304003024,RIDI,43,1,50,489.00,24450.00
2955,2956,2022121303003801,NSLB,42,16,20,748.00,14960.00
2956,2957,2022121301005756,KBL,16,11,10,185.80,1858.00
2957,2958,2022121303003800,GBLBS,34,18,10,598.00,5980.00
2958,2959,2022121304003023,UPPER,16,25,30,392.00,11760.00
2959,2960,2022121301005755,ULBSL,38,38,10,3455.00,34550.00
2960,2961,2022121303003799,NLICL,57,40,70,500.00,35000.00
2961,2962,2022121304003022,LEC,37,56,10,223.00,2230.00
2962,2963,2022121301005754,RHGCL,22,7,10,206.30,2063.00
2963,2964,2022121303003798,NUBL,28,32,37,883.00,32671.00
2964,2965,2022121303003797,NUBL,1,32,10,883.00,8830.00
2965,2966,2022121303003796,NUBL,41,32,50,883.00,44150.00
2966,2967,2022121304003021,RHPL,44,32,980,232.00,227360.00
2967,2968,2022121304003020,RHPL,44,28,100,231.50,23150.00
2968,2969,2022121304003019,RHPL,44,43,120,231.00,27720.00
2969,2970,2022121303003795,FMDBL,34,57,328,709.00,232552.00
2970,2971,2022121304003018,UMRH,50,19,10,411.00,4110.00
2971,2972,2022121301005753,RFPL,29,29,10,225.00,2250.00
2972,2973,2022121303003794,NIFRA,58,6,54,185.90,10038.60
2973,2974,2022121303003793,PROFL,58,49,65,282.00,18330.00
2974,2975,2022121303003792,PROFL,42,49,15,282.00,4230.00
2975,2976,2022121303003791,WNLB,43,3,10,891.10,8911.00
2976,2977,2022121304003017,RIDI,33,32,450,488.50,219825.00
2977,2978,2022121304003016,RIDI,45,32,50,488.50,24425.00
2978,2979,2022121304003015,RIDI,28,32,40,488.60,19544.00
2979,2980,2022121303003790,SADBL,21,32,490,298.40,146216.00
2980,2981,2022121303003789,SADBL,22,32,40,298.40,11936.00
2981,2982,2022121303003788,SADBL,53,32,50,299.10,14955.00
2982,2983,2022121304003014,PMHPL,58,4,21,191.00,4011.00
2983,2984,2022121304003013,SHPC,5,34,10,271.00,2710.00
2984,2985,2022121301005752,PCBL,42,28,500,225.00,112500.00
2985,2986,2022121303003787,NABBC,21,49,30,360.00,10800.00
2986,2987,2022121301005751,MHL,48,37,50,310.00,15500.00
2987,2988,2022121301005750,SHIVM,55,44,120,550.50,66060.00
2988,2989,2022121304003012,KEF,52,42,370,7.94,2937.80
2989,2990,2022121304003011,KEF,7,42,100,8.00,800.00
2990,2991,2022121304003010,RADHI,1,6,35,217.00,7595.00
2991,2992,2022121303003786,MLBL,32,50,50,343.00,17150.00
2992,2993,2022121301005749,PRVU,34,57,30,198.60,5958.00
2993,2994,2022121304003009,GLH,43,42,24,235.60,5654.40
2994,2995,2022121301005748,SIKLES,48,32,10,377.10,3771.00
2995,2996,2022121301005747,NABIL,6,6,100,809.00,80900.00
2996,2997,2022121305000785,SLI,10,19,10,332.50,3325.00
2997,2998,2022121301005746,SPHL,42,56,200,348.00,69600.00
2998,2999,2022121303003785,NMFBS,13,56,10,2012.00,20120.00
2999,3000,2022121301005745,GBIME,17,39,95,211.00,20045.00
3000,3001,2022121301005744,GBIME,42,39,25,211.00,5275.00
3001,3002,2022121301005743,MBL,48,32,101,211.40,21351.40
3002,3003,2022121301005742,MBL,45,32,50,211.50,10575.00
3003,3004,2022121301005741,MBL,1,32,300,211.50,63450.00
3004,3005,2022121301005740,MBL,6,32,50,211.50,10575.00
3005,3006,2022121301005739,MBL,16,32,99,211.50,20938.50
3006,3007,2022121301005738,NABIL,6,45,395,809.00,319555.00
3007,3008,2022121301005737,NABIL,34,45,15,809.00,12135.00
3008,3009,2022121301005736,NABIL,19,45,100,809.00,80900.00
3009,3010,2022121301005735,MEGA,7,49,20,193.20,3864.00
3010,3011,2022121304003008,PMHPL,43,4,329,191.00,62839.00
3011,3012,2022121304003007,PMHPL,43,49,70,190.50,13335.00
3012,3013,2022121303003784,NLICL,44,40,40,500.00,20000.00
3013,3014,2022121304003006,UPPER,16,36,20,392.00,7840.00
3014,3015,2022121301005734,NABIL,14,8,20,810.00,16200.00
3015,3016,2022121303003783,GBLBS,34,11,15,598.00,8970.00
3016,3017,2022121301005733,SRBL,29,52,97,185.00,17945.00
3017,3018,2022121303003782,CIT,6,22,55,1858.00,102190.00
3018,3019,2022121304003005,RHPL,10,43,100,231.00,23100.00
3019,3020,2022121304003004,SHL,26,32,700,218.00,152600.00
3020,3021,2022121304003003,SHL,26,5,100,218.00,21800.00
3021,3022,2022121304003002,SHL,26,58,100,218.00,21800.00
3022,3023,2022121304003001,SHL,26,50,500,218.00,109000.00
3023,3024,2022121304003000,SHL,26,32,400,217.90,87160.00
3024,3025,2022121301005732,KBL,38,10,78,185.10,14437.80
3025,3026,2022121301005731,KBL,21,10,250,185.10,46275.00
3026,3027,2022121301005730,GBIME,42,41,35,211.00,7385.00
3027,3028,2022121301005729,GBIME,34,41,15,211.00,3165.00
3028,3029,2022121303003781,NUBL,58,32,35,885.00,30975.00
3029,3030,2022121303003780,NUBL,44,32,10,885.00,8850.00
3030,3031,2022121303003779,NUBL,45,32,20,885.00,17700.00
3031,3032,2022121303003778,NUBL,22,32,25,885.00,22125.00
3032,3033,2022121303003777,NUBL,54,32,10,885.00,8850.00
3033,3034,2022121303003776,NUBL,59,32,13,885.00,11505.00
3034,3035,2022121303003775,NUBL,13,32,100,885.10,88510.00
3035,3036,2022121303003774,NUBL,47,32,20,885.10,17702.00
3036,3037,2022121303003773,NUBL,47,32,20,885.20,17704.00
3037,3038,2022121301005728,NICA,58,22,20,680.90,13618.00
3038,3039,2022121303003772,NLIC,49,19,48,608.00,29184.00
3039,3040,2022121303003771,NLIC,50,19,10,609.00,6090.00
3040,3041,2022121301005727,NABIL,21,41,20,809.00,16180.00
3041,3042,2022121303003770,HIDCL,50,42,15,166.00,2490.00
3042,3043,2022121301005726,RFPL,29,42,10,225.00,2250.00
3043,3044,2022121301005725,CBL,58,49,40,212.70,8508.00
3044,3045,2022121304002999,UNHPL,33,46,150,188.00,28200.00
3045,3046,2022121303003769,CIT,6,22,45,1858.00,83610.00
3046,3047,2022121303003768,CIT,6,6,40,1858.00,74320.00
3047,3048,2022121303003767,CIT,6,6,15,1857.00,27855.00
3048,3049,2022121301005724,NABIL,38,4,30,809.80,24294.00
3049,3050,2022121301005723,HDL,17,32,25,3828.00,95700.00
3050,3051,2022121304002998,RHPL,44,43,780,231.00,180180.00
3051,3052,2022121304002997,RHPL,44,43,2000,231.00,462000.00
3052,3053,2022121304002996,RHPL,44,43,2000,231.00,462000.00
3053,3054,2022121304002995,RHPL,44,19,20,231.00,4620.00
3054,3055,2022121304002994,RHPL,44,58,10,231.00,2310.00
3055,3056,2022121304002993,RHPL,44,39,40,231.00,9240.00
3056,3057,2022121304002992,RHPL,44,34,200,231.00,46200.00
3057,3058,2022121304002991,RHPL,44,43,2000,230.00,460000.00
3058,3059,2022121304002990,RHPL,44,43,2000,230.00,460000.00
3059,3060,2022121304002989,RHPL,44,58,50,230.00,11500.00
3060,3061,2022121304002988,RHPL,44,55,10,230.00,2300.00
3061,3062,2022121304002987,RHPL,44,52,80,230.00,18400.00
3062,3063,2022121304002986,RHPL,44,35,20,230.00,4600.00
3063,3064,2022121304002985,RHPL,44,11,100,230.00,23000.00
3064,3065,2022121304002984,RHPL,44,43,1000,230.00,230000.00
3065,3066,2022121304002983,RHPL,44,1,80,230.00,18400.00
3066,3067,2022121304002982,RHPL,44,7,460,230.00,105800.00
3067,3068,2022121304002981,RHPL,44,51,1000,230.00,230000.00
3068,3069,2022121304002980,RHPL,44,44,150,230.00,34500.00
3069,3070,2022121301005722,HDL,39,53,10,3830.00,38300.00
3070,3071,2022121301005721,NICA,58,32,739,679.00,501781.00
3071,3072,2022121301005720,NICA,6,32,65,679.10,44141.50
3072,3073,2022121301005719,NICA,16,32,136,679.20,92371.20
3073,3074,2022121301005718,NICA,26,32,60,680.00,40800.00
3074,3075,2022121303003766,NRIC,19,19,90,700.00,63000.00
3075,3076,2022121303003765,NRIC,28,19,100,701.00,70100.00
3076,3077,2022121303003764,NRIC,16,19,10,702.00,7020.00
3077,3078,2022121301005717,PRVU,51,57,200,198.60,39720.00
3078,3079,2022121303003763,SABSL,43,35,79,905.00,71495.00
3079,3080,2022121304002979,RIDI,32,1,10,489.00,4890.00
3080,3081,2022121304002978,NGPL,34,22,42,208.00,8736.00
3081,3082,2022121301005716,EBL,29,44,582,444.00,258408.00
3082,3083,2022121304002977,UPPER,50,36,30,392.00,11760.00
3083,3084,2022121301005715,DORDI,56,58,10,230.00,2300.00
3084,3085,2022121303003762,NABBC,4,25,100,358.00,35800.00
3085,3086,2022121304002976,SHL,22,32,100,217.90,21790.00
3086,3087,2022121301005714,HBL,49,6,50,323.00,16150.00
3087,3088,2022121304002975,AIL,14,49,20,382.00,7640.00
3088,3089,2022121304002974,AIL,4,49,10,382.00,3820.00
3089,3090,2022121304002973,AIL,34,49,30,382.10,11463.00
3090,3091,2022121304002972,RIDI,45,1,40,489.00,19560.00
3091,3092,2022121303003761,NIFRA,58,19,64,184.70,11820.80
3092,3093,2022121303003760,DDBL,19,50,50,1023.10,51155.00
3093,3094,2022121301005713,SIKLES,48,51,10,376.80,3768.00
3094,3095,2022121304002971,SHPC,32,18,1000,270.80,270800.00
3095,3096,2022121304002970,SHPC,32,28,600,270.70,162420.00
3096,3097,2022121304002969,NHDL,45,55,600,316.00,189600.00
3097,3098,2022121301005712,SRBL,29,26,2000,185.00,370000.00
3098,3099,2022121304002968,NMB50,10,29,100,9.06,906.00
3099,3100,2022121303003759,SWBBL,42,38,100,1177.00,117700.00
3100,3101,2022121305000784,SLI,10,46,10,332.50,3325.00
3101,3102,2022121304002967,API,58,32,27,209.00,5643.00
3102,3103,2022121301005711,GVL,39,34,10,312.90,3129.00
3103,3104,2022121301005710,GVL,39,55,10,312.00,3120.00
3104,3105,2022121301005709,GVL,39,22,10,312.00,3120.00
3105,3106,2022121301005708,GVL,39,34,10,311.00,3110.00
3106,3107,2022121303003758,NRIC,58,44,10,708.00,7080.00
3107,3108,2022121303003757,NRIC,58,43,25,705.00,17625.00
3108,3109,2022121301005707,PRVU,19,44,139,198.50,27591.50
3109,3110,2022121301005706,SIKLES,56,58,10,377.00,3770.00
3110,3111,2022121301005705,EBL,29,50,12,444.00,5328.00
3111,3112,2022121303003756,NICLBSL,56,19,10,712.10,7121.00
3112,3113,2022121301005704,NBF3,58,32,100,7.30,730.00
3113,3114,2022121301005703,SANIMA,57,39,87,225.00,19575.00
3114,3115,2022121301005702,SANIMA,57,41,13,225.00,2925.00
3115,3116,2022121304002966,NHDL,51,4,115,315.00,36225.00
3116,3117,2022121301005701,SIKLES,56,8,10,377.00,3770.00
3117,3118,2022121301005700,SIKLES,56,41,10,377.00,3770.00
3118,3119,2022121301005699,SIKLES,56,58,10,377.00,3770.00
3119,3120,2022121301005698,SIKLES,56,41,10,377.00,3770.00
3120,3121,2022121301005697,SIKLES,56,52,10,377.00,3770.00
3121,3122,2022121301005696,BHL,22,48,10,245.00,2450.00
3122,3123,2022121303003755,ICFC,41,58,70,424.80,29736.00
3123,3124,2022121301005695,HHL,36,51,10,215.10,2151.00
3124,3125,2022121303003754,HIDCL,49,42,60,166.00,9960.00
3125,3126,2022121304002965,HDHPC,44,13,135,172.60,23301.00
3126,3127,2022121304002964,BARUN,32,6,100,203.00,20300.00
3127,3128,2022121301005694,HBL,48,39,10,324.00,3240.00
3128,3129,2022121301005693,SIKLES,58,49,10,376.90,3769.00
3129,3130,2022121303003753,LBBL,39,35,50,320.00,16000.00
3130,3131,2022121301005692,SANIMA,8,41,48,225.00,10800.00
3131,3132,2022121305000783,MBJC,58,29,10,208.20,2082.00
3132,3133,2022121301005691,PRVU,41,57,100,198.60,19860.00
3133,3134,2022121301005690,PRVU,19,57,70,198.60,13902.00
3134,3135,2022121303003752,MFIL,19,53,15,416.00,6240.00
3135,3136,2022121303003751,SMATA,22,20,30,749.00,22470.00
3136,3137,2022121303003750,SMATA,22,54,30,748.90,22467.00
3137,3138,2022121303003749,SMATA,22,43,40,748.80,29952.00
3138,3139,2022121301005689,NABIL,48,8,300,810.00,243000.00
3139,3140,2022121304002963,AKPL,22,45,10,347.00,3470.00
3140,3141,2022121303003748,HIDCL,6,42,200,166.00,33200.00
3141,3142,2022121301005688,HDL,58,32,10,3828.00,38280.00
3142,3143,2022121304002962,SHPC,32,28,400,270.00,108000.00
3143,3144,2022121301005687,NABIL,43,8,10,810.00,8100.00
3144,3145,2022121301005686,HHL,28,21,10,215.20,2152.00
3145,3146,2022121303003747,HIDCL,26,42,260,166.00,43160.00
3146,3147,2022121303003746,GUFL,58,44,100,520.00,52000.00
3147,3148,2022121303003745,GUFL,45,44,10,520.00,5200.00
3148,3149,2022121301005685,BHL,22,22,10,245.00,2450.00
3149,3150,2022121304002961,RIDI,53,1,100,489.00,48900.00
3150,3151,2022121304002960,RIDI,33,1,150,489.00,73350.00
3151,3152,2022121301005684,EBL,29,50,488,444.00,216672.00
3152,3153,2022121301005683,EBL,29,6,100,444.00,44400.00
3153,3154,2022121301005682,EBL,29,29,912,443.90,404836.80
3154,3155,2022121303003744,NLIC,58,39,10,611.00,6110.00
3155,3156,2022121303003743,MFIL,19,44,190,416.00,79040.00
3156,3157,2022121303003742,NRIC,41,4,40,705.00,28200.00
3157,3158,2022121304002959,API,57,32,50,209.00,10450.00
3158,3159,2022121304002958,SIL,46,45,14,487.00,6818.00
3159,3160,2022121301005681,NABIL,39,8,10,810.00,8100.00
3160,3161,2022121301005680,GVL,58,58,10,310.50,3105.00
3161,3162,2022121301005679,BNT,28,45,10,12870.00,128700.00
3162,3163,2022121301005678,BNT,28,34,10,12869.90,128699.00
3163,3164,2022121301005677,BNT,28,20,10,12825.00,128250.00
3164,3165,2022121301005676,BNT,28,28,10,12820.00,128200.00
3165,3166,2022121301005675,RFPL,29,26,10,225.00,2250.00
3166,3167,2022121303003741,ACLBSL,34,44,10,711.00,7110.00
3167,3168,2022121301005674,CZBIL,46,14,200,180.50,36100.00
3168,3169,2022121303003740,NLIC,19,6,220,610.00,134200.00
3169,3170,2022121301005673,CCBL,58,47,10,190.00,1900.00
3170,3171,2022121301005672,NABIL,28,45,500,810.00,405000.00
3171,3172,2022121301005671,BNT,28,20,10,12800.00,128000.00
3172,3173,2022121305000782,JBLB,25,49,10,2733.00,27330.00
3173,3174,2022121303003739,CIT,16,41,10,1852.00,18520.00
3174,3175,2022121303003738,CIT,5,41,50,1852.10,92605.00
3175,3176,2022121303003737,CIT,52,41,30,1853.00,55590.00
3176,3177,2022121303003736,MFIL,55,57,20,415.00,8300.00
3177,3178,2022121303003735,FMDBL,34,58,100,708.00,70800.00
3178,3179,2022121301005670,SGHC,44,52,10,251.10,2511.00
3179,3180,2022121303003734,NIFRA,39,6,44,185.90,8179.60
3180,3181,2022121303003733,HIDCL,19,45,14,165.80,2321.20
3181,3182,2022121304002957,PIC,33,45,10,524.00,5240.00
3182,3183,2022121304002956,PIC,45,45,25,524.00,13100.00
3183,3184,2022121304002955,RHPL,19,57,60,229.50,13770.00
3184,3185,2022121304002954,RHPL,19,39,50,229.50,11475.00
3185,3186,2022121304002953,RHPL,19,49,40,229.50,9180.00
3186,3187,2022121304002952,RHPL,19,58,10,229.50,2295.00
3187,3188,2022121304002951,RHPL,19,45,400,229.50,91800.00
3188,3189,2022121304002950,RHPL,19,16,200,229.40,45880.00
3189,3190,2022121304002949,RHPL,19,43,200,229.30,45860.00
3190,3191,2022121305000781,NYADI,29,26,10,268.50,2685.00
3191,3192,2022121301005669,AVYAN,58,49,10,693.00,6930.00
3192,3193,2022121303003732,NLIC,49,1,147,608.00,89376.00
3193,3194,2022121303003731,NLIC,40,1,10,608.00,6080.00
3194,3195,2022121301005668,NICA,19,19,78,681.00,53118.00
3195,3196,2022121301005667,NICA,19,58,40,681.00,27240.00
3196,3197,2022121301005666,NICA,19,58,82,681.00,55842.00
3197,3198,2022121303003730,NMFBS,21,36,70,2012.00,140840.00
3198,3199,2022121304002948,HDHPC,17,7,400,172.50,69000.00
3199,3200,2022121304002947,HDHPC,26,7,500,172.60,86300.00
3200,3201,2022121304002946,HDHPC,57,7,500,172.70,86350.00
3201,3202,2022121304002945,RIDI,33,35,43,489.00,21027.00
3202,3203,2022121303003729,SADBL,34,39,100,302.00,30200.00
3203,3204,2022121304002944,NGPL,42,22,80,208.00,16640.00
3204,3205,2022121304002943,NGPL,42,49,10,207.80,2078.00
3205,3206,2022121304002942,NGPL,42,49,10,207.50,2075.00
3206,3207,2022121301005665,RFPL,29,49,10,225.00,2250.00
3207,3208,2022121301005664,NIB,58,13,10,220.00,2200.00
3208,3209,2022121304002941,RHPL,19,36,30,229.00,6870.00
3209,3210,2022121304002940,RHPL,19,56,10,229.00,2290.00
3210,3211,2022121301005663,CZBIL,26,14,100,180.50,18050.00
3211,3212,2022121304002939,UPPER,6,55,10,391.60,3916.00
3212,3213,2022121301005662,GBIME,34,49,40,211.00,8440.00
3213,3214,2022121301005661,GBIME,34,49,20,211.10,4222.00
3214,3215,2022121301005660,GBIME,44,49,50,211.10,10555.00
3215,3216,2022121305000780,TPC,50,17,10,321.30,3213.00
3216,3217,2022121303003728,NIFRA,39,46,54,185.90,10038.60
3217,3218,2022121303003727,GUFL,45,57,30,520.00,15600.00
3218,3219,2022121301005659,NIB,52,8,21,219.10,4601.10
3219,3220,2022121301005658,NIB,18,8,52,219.20,11398.40
3220,3221,2022121301005657,SBL,46,29,166,310.00,51460.00
3221,3222,2022121301005656,SIKLES,58,45,10,376.90,3769.00
3222,3223,2022121303003726,NIFRA,39,39,50,185.90,9295.00
3223,3224,2022121303003725,NIFRA,39,41,400,185.70,74280.00
3224,3225,2022121303003724,NIFRA,39,40,211,185.60,39161.60
3225,3226,2022121303003723,NLIC,14,6,280,610.00,170800.00
3226,3227,2022121303003722,NLIC,14,6,283,610.00,172630.00
3227,3228,2022121303003721,NLIC,14,6,27,609.90,16467.30
3228,3229,2022121301005655,NICA,58,58,20,681.00,13620.00
3229,3230,2022121303003720,ICFC,41,57,70,424.80,29736.00
3230,3231,2022121301005654,NCCB,43,42,200,183.80,36760.00
3231,3232,2022121304002938,NMB50,10,10,100,8.97,897.00
3232,3233,2022121303003719,NIFRA,39,17,54,185.50,10017.00
3233,3234,2022121303003718,GUFL,45,11,10,520.00,5200.00
3234,3235,2022121303003717,GRDBL,34,59,625,229.00,143125.00
3235,3236,2022121304002937,HEI,17,57,158,362.00,57196.00
3236,3237,2022121304002936,AKJCL,1,49,90,171.00,15390.00
3237,3238,2022121301005653,RHGCL,22,58,10,206.30,2063.00
3238,3239,2022121303003716,NRIC,19,44,20,708.00,14160.00
3239,3240,2022121301005652,AVYAN,34,6,20,695.00,13900.00
3240,3241,2022121301005651,CCBL,7,38,17,189.00,3213.00
3241,3242,2022121303003715,ICFC,58,29,381,425.00,161925.00
3242,3243,2022121303003714,NTC,58,51,10,908.90,9089.00
3243,3244,2022121303003713,NTC,58,35,20,908.00,18160.00
3244,3245,2022121304002935,API,42,32,20,209.00,4180.00
3245,3246,2022121304002934,RIDI,7,35,100,489.00,48900.00
3246,3247,2022121301005650,EBL,55,29,35,443.90,15536.50
3247,3248,2022121303003712,NTC,19,14,707,906.00,640542.00
3248,3249,2022121301005649,BOKL,22,55,88,208.00,18304.00
3249,3250,2022121301005648,NICA,16,49,14,679.20,9508.80
3250,3251,2022121304002933,CHCL,49,50,500,385.00,192500.00
3251,3252,2022121305000779,MBJC,58,17,10,208.20,2082.00
3252,3253,2022121304002932,KKHC,49,58,110,180.00,19800.00
3253,3254,2022121304002931,RIDI,53,35,15,489.00,7335.00
3254,3255,2022121304002930,RIDI,53,37,35,489.00,17115.00
3255,3256,2022121301005647,NABIL,28,17,20,810.00,16200.00
3256,3257,2022121301005646,NABIL,28,57,100,810.00,81000.00
3257,3258,2022121301005645,NABIL,28,8,371,810.00,300510.00
3258,3259,2022121304002929,CGH,32,17,10,1001.00,10010.00
3259,3260,2022121304002928,SHPC,5,34,10,271.00,2710.00
3260,3261,2022121303003711,FMDBL,34,45,68,711.00,48348.00
3261,3262,2022121303003710,FMDBL,34,20,452,710.90,321326.80
3262,3263,2022121303003709,FMDBL,34,45,100,710.00,71000.00
3263,3264,2022121303003708,FMDBL,34,5,50,710.00,35500.00
3264,3265,2022121303003707,FMDBL,34,33,50,710.00,35500.00
3265,3266,2022121303003706,FMDBL,34,1,20,710.00,14200.00
3266,3267,2022121303003705,FMDBL,34,39,10,709.80,7098.00
3267,3268,2022121303003704,FMDBL,34,58,50,709.80,35490.00
3268,3269,2022121304002927,UIC,58,22,10,339.10,3391.00
3269,3270,2022121301005644,NABIL,38,49,18,809.80,14576.40
3270,3271,2022121303003703,SIFC,44,49,18,303.00,5454.00
3271,3272,2022121301005643,KLBS,14,42,10,476.60,4766.00
3272,3273,2022121303003702,NIFRA,39,52,54,185.50,10017.00
3273,3274,2022121303003701,NIFRA,39,21,54,185.50,10017.00
3274,3275,2022121301005642,DORDI,48,49,10,231.00,2310.00
3275,3276,2022121301005641,SRBL,58,13,11,186.00,2046.00
3276,3277,2022121301005640,SRBL,58,49,39,185.90,7250.10
3277,3278,2022121301005639,NESDO,58,35,100,3325.00,332500.00
3278,3279,2022121301005638,NICA,42,58,88,681.00,59928.00
3279,3280,2022121303003700,NTC,38,14,293,906.00,265458.00
3280,3281,2022121301005637,SANIMA,33,41,10,225.00,2250.00
3281,3282,2022121303003699,MFIL,55,22,20,415.00,8300.00
3282,3283,2022121303003698,GUFL,7,57,70,520.20,36414.00
3283,3284,2022121301005636,GIBF1,8,57,100,8.01,801.00
3284,3285,2022121301005635,NABIL,51,41,10,809.00,8090.00
3285,3286,2022121301005634,NABIL,38,41,50,809.00,40450.00
3286,3287,2022121301005633,NABIL,34,41,20,809.00,16180.00
3287,3288,2022121303003697,HIDCL,32,42,10,166.00,1660.00
3288,3289,2022121303003696,HIDCL,48,42,230,166.00,38180.00
3289,3290,2022121301005632,CZBIL,58,14,10,180.50,1805.00
3290,3291,2022121303003695,SKBBL,6,35,80,1118.00,89440.00
3291,3292,2022121303003694,EDBL,25,42,390,305.90,119301.00
3292,3293,2022121303003693,GBBL,44,22,20,379.00,7580.00
3293,3294,2022121303003692,LBBL,45,35,400,320.00,128000.00
3294,3295,2022121303003691,SIFC,44,22,28,301.10,8430.80
3295,3296,2022121303003690,SIFC,44,22,100,301.10,30110.00
3296,3297,2022121303003689,SIFC,44,22,100,301.10,30110.00
3297,3298,2022121303003688,SIFC,44,22,100,301.10,30110.00
3298,3299,2022121303003687,SIFC,44,22,100,301.10,30110.00
3299,3300,2022121303003686,SIFC,44,22,10,301.10,3011.00
3300,3301,2022121303003685,SIFC,44,22,100,301.10,30110.00
3301,3302,2022121303003684,CBBL,58,57,148,1100.00,162800.00
3302,3303,2022121303003683,CBBL,57,57,52,1100.00,57200.00
3303,3304,2022121301005631,NIB,43,49,1000,219.90,219900.00
3304,3305,2022121301005630,SHIVM,55,42,85,550.50,46792.50
3305,3306,2022121301005629,NBL,58,39,10,276.00,2760.00
3306,3307,2022121304002926,API,22,32,500,209.00,104500.00
3307,3308,2022121304002925,RIDI,45,37,50,489.00,24450.00
3308,3309,2022121304002924,NICL,45,58,10,422.00,4220.00
3309,3310,2022121304002923,NICL,45,49,490,422.00,206780.00
3310,3311,2022121303003682,CHDC,13,4,10,657.00,6570.00
3311,3312,2022121303003681,CHDC,13,36,10,657.00,6570.00
3312,3313,2022121303003680,CORBL,58,42,32,270.00,8640.00
3313,3314,2022121303003679,NIFRA,39,41,10,185.00,1850.00
3314,3315,2022121303003678,NIFRA,39,57,15,185.00,2775.00
3315,3316,2022121303003677,NIFRA,39,34,54,185.00,9990.00
3316,3317,2022121303003676,KRBL,50,39,10,255.90,2559.00
3317,3318,2022121301005628,SANIMA,58,41,10,225.00,2250.00
3318,3319,2022121301005627,AVYAN,26,36,10,694.00,6940.00
3319,3320,2022121301005626,UHEWA,38,59,10,349.00,3490.00
3320,3321,2022121303003675,RMDC,29,44,80,948.00,75840.00
3321,3322,2022121303003674,RMDC,25,44,20,948.00,18960.00
3322,3323,2022121303003673,RMDC,57,44,100,948.00,94800.00
3323,3324,2022121304002922,SIL,33,43,10,494.00,4940.00
3324,3325,2022121304002921,PRIN,28,52,10,420.90,4209.00
3325,3326,2022121304002920,NMB50,58,10,1100,8.88,9768.00
3326,3327,2022121304002919,NMB50,58,10,200,8.88,1776.00
3327,3328,2022121304002918,NMB50,49,10,800,8.90,7120.00
3328,3329,2022121303003672,KSBBL,49,41,20,308.00,6160.00
3329,3330,2022121301005625,NABIL,28,49,50,809.80,40490.00
3330,3331,2022121304002917,API,38,32,360,209.00,75240.00
3331,3332,2022121304002916,CGH,32,46,10,1001.00,10010.00
3332,3333,2022121303003671,CBBL,57,46,10,1100.00,11000.00
3333,3334,2022121301005624,USHEC,10,7,10,250.10,2501.00
3334,3335,2022121303003670,ICFC,22,29,20,425.00,8500.00
3335,3336,2022121304002915,SHPC,32,28,25,270.00,6750.00
3336,3337,2022121304002914,SHPC,32,18,64,270.00,17280.00
3337,3338,2022121304002913,LEC,32,28,10,224.00,2240.00
3338,3339,2022121304002912,LEC,32,58,50,223.50,11175.00
3339,3340,2022121304002911,LEC,32,45,100,221.00,22100.00
3340,3341,2022121304002910,LEC,32,41,10,220.30,2203.00
3341,3342,2022121304002909,LEC,32,16,90,220.30,19827.00
3342,3343,2022121304002908,LEC,32,21,10,220.00,2200.00
3343,3344,2022121304002907,LEC,32,7,40,220.00,8800.00
3344,3345,2022121304002906,LEC,32,37,20,220.00,4400.00
3345,3346,2022121304002905,LEC,32,4,140,220.00,30800.00
3346,3347,2022121303003669,GBLBS,57,34,30,597.00,17910.00
3347,3348,2022121303003668,GBLBS,57,13,45,595.00,26775.00
3348,3349,2022121303003667,NTC,58,51,10,908.90,9089.00
3349,3350,2022121303003666,NTC,58,54,10,908.80,9088.00
3350,3351,2022121303003665,CIT,50,6,20,1858.00,37160.00
3351,3352,2022121301005623,SGHC,44,42,10,251.10,2511.00
3352,3353,2022121303003664,EDBL,25,34,100,305.00,30500.00
3353,3354,2022121304002904,BBC,29,51,20,3249.00,64980.00
3354,3355,2022121304002903,BBC,29,58,10,3249.00,32490.00
3355,3356,2022121301005622,HDL,32,32,50,3828.00,191400.00
3356,3357,2022121303003663,SFCL,45,57,10,255.10,2551.00
3357,3358,2022121303003662,ILBS,14,35,16,885.00,14160.00
3358,3359,2022121303003661,SMFDB,42,49,10,1230.00,12300.00
3359,3360,2022121303003660,ILBS,4,6,16,870.00,13920.00
3360,3361,2022121301005621,MEGA,42,38,100,194.00,19400.00
3361,3362,2022121301005620,SBL,48,29,300,310.00,93000.00
3362,3363,2022121301005619,PRVU,33,35,30,199.00,5970.00
3363,3364,2022121303003659,NTC,54,54,80,908.80,72704.00
3364,3365,2022121303003658,NTC,49,51,1000,906.00,906000.00
3365,3366,2022121305000778,SAHAS,57,6,10,450.00,4500.00
3366,3367,2022121301005618,ADBL,49,57,10,312.90,3129.00
3367,3368,2022121304002902,HDHPC,43,42,140,173.00,24220.00
3368,3369,2022121301005617,SHIVM,17,17,488,550.00,268400.00
3369,3370,2022121301005616,SHIVM,48,17,12,550.10,6601.20
3370,3371,2022121304002901,UPCL,48,32,66,215.00,14190.00
3371,3372,2022121301005615,MEGA,29,38,50,194.00,9700.00
3372,3373,2022121303003657,NLIC,42,6,50,610.00,30500.00
3373,3374,2022121303003656,JFL,49,49,200,372.00,74400.00
3374,3375,2022121305000777,SLI,5,34,10,335.00,3350.00
3375,3376,2022121305000776,SLI,5,49,10,335.00,3350.00
3376,3377,2022121305000775,SLI,5,58,500,335.00,167500.00
3377,3378,2022121305000774,SLI,5,43,10,335.00,3350.00
3378,3379,2022121305000773,SLI,5,14,10,335.00,3350.00
3379,3380,2022121301005614,SHIVM,56,34,10,551.90,5519.00
3380,3381,2022121304002900,UPCL,26,32,800,215.00,172000.00
3381,3382,2022121301005613,HDL,17,53,10,3830.00,38300.00
3382,3383,2022121301005612,SBI,58,39,10,279.00,2790.00
3383,3384,2022121303003655,MFIL,55,6,20,415.00,8300.00
3384,3385,2022121303003654,MFIL,53,6,100,415.00,41500.00
3385,3386,2022121303003653,MFIL,51,6,10,415.00,4150.00
3386,3387,2022121303003652,NABBC,35,49,20,360.00,7200.00
3387,3388,2022121304002899,RIDI,35,37,25,489.00,12225.00
3388,3389,2022121305000772,SLI,45,58,10,332.00,3320.00
3389,3390,2022121304002898,LEC,37,4,10,220.00,2200.00
3390,3391,2022121304002897,NLG,36,36,45,475.70,21406.50
3391,3392,2022121301005611,BHDC,21,26,500,345.00,172500.00
3392,3393,2022121303003651,NIFRA,47,34,26,185.00,4810.00
3393,3394,2022121303003650,NIFRA,47,45,20,185.00,3700.00
3394,3395,2022121303003649,NIFRA,47,35,54,185.00,9990.00
3395,3396,2022121303003648,CBBL,57,22,28,1100.00,30800.00
3396,3397,2022121303003647,CBBL,36,22,57,1100.00,62700.00
3397,3398,2022121303003646,CBBL,16,22,20,1100.00,22000.00
3398,3399,2022121301005610,CYCL,1,50,10,2260.20,22602.00
3399,3400,2022121304002896,KKHC,49,20,390,180.00,70200.00
3400,3401,2022121301005609,NBF3,58,34,1600,7.30,11680.00
3401,3402,2022121303003645,NTC,58,54,10,908.80,9088.00
3402,3403,2022121301005608,CBL,26,6,500,213.50,106750.00
3403,3404,2022121301005607,CBL,26,39,490,213.50,104615.00
3404,3405,2022121303003644,NLIC,42,6,500,610.00,305000.00
3405,3406,2022121301005606,SBL,50,29,48,310.00,14880.00
3406,3407,2022121301005605,NBL,19,57,10,275.20,2752.00
3407,3408,2022121301005604,MBL,49,35,20,212.00,4240.00
3408,3409,2022121301005603,MBL,46,35,2000,212.00,424000.00
3409,3410,2022121301005602,HHL,28,50,10,215.20,2152.00
3410,3411,2022121303003643,NICLBSL,56,46,10,712.10,7121.00
3411,3412,2022121301005601,SBL,58,29,10,310.00,3100.00
3412,3413,2022121303003642,CORBL,34,42,30,270.10,8103.00
3413,3414,2022121301005600,NMB,50,43,56,230.00,12880.00
3414,3415,2022121301005599,HDL,18,32,10,3828.00,38280.00
3415,3416,2022121304002895,CGH,45,4,10,1000.10,10001.00
3416,3417,2022121301005598,PRVU,55,35,30,199.00,5970.00
3417,3418,2022121303003641,CIT,28,22,19,1858.00,35302.00
3418,3419,2022121303003640,RMDC,58,34,80,952.50,76200.00
3419,3420,2022121301005597,NIB,34,8,30,218.50,6555.00
3420,3421,2022121301005596,NIB,41,8,20,218.50,4370.00
3421,3422,2022121301005595,NIB,26,8,200,218.50,43700.00
3422,3423,2022121301005594,NIB,19,8,50,218.50,10925.00
3423,3424,2022121301005593,NIB,34,8,100,218.60,21860.00
3424,3425,2022121301005592,NIB,45,8,100,218.60,21860.00
3425,3426,2022121304002894,RMF1,19,38,500,7.50,3750.00
3426,3427,2022121301005591,NABIL,18,41,150,809.00,121350.00
3427,3428,2022121303003639,NFS,50,49,16,255.00,4080.00
3428,3429,2022121303003638,CORBL,34,38,20,270.10,5402.00
3429,3430,2022121301005590,LBL,58,48,10,192.90,1929.00
3430,3431,2022121304002893,PPCL,36,52,30,285.00,8550.00
3431,3432,2022121301005589,PRVU,58,35,55,199.00,10945.00
3432,3433,2022121301005588,PRVU,35,35,20,199.00,3980.00
3433,3434,2022121301005587,PRVU,14,35,100,199.00,19900.00
3434,3435,2022121301005586,PRVU,22,35,99,199.00,19701.00
3435,3436,2022121301005585,PRVU,17,35,200,199.20,39840.00
3436,3437,2022121301005584,PRVU,21,35,54,199.20,10756.80
3437,3438,2022121301005583,PRVU,34,35,250,199.30,49825.00
3438,3439,2022121301005582,PRVU,18,35,140,199.60,27944.00
3439,3440,2022121301005581,PRVU,29,35,100,199.80,19980.00
3440,3441,2022121304002892,SSHL,25,10,500,171.00,85500.00
3441,3442,2022121304002891,SSHL,45,10,460,171.00,78660.00
3442,3443,2022121304002890,HDHPC,17,42,985,173.00,170405.00
3443,3444,2022121304002889,HDHPC,17,44,15,173.00,2595.00
3444,3445,2022121304002888,API,58,38,18,208.80,3758.40
3445,3446,2022121303003637,NRN,16,17,30,400.00,12000.00
3446,3447,2022121301005580,SIKLES,56,42,84,376.80,31651.20
3447,3448,2022121305000771,JBLB,58,58,12,2735.00,32820.00
3448,3449,2022121301005579,SGHC,44,42,10,251.10,2511.00
3449,3450,2022121301005578,PRVU,1,43,107,199.90,21389.30
3450,3451,2022121304002887,KKHC,44,20,100,180.00,18000.00
3451,3452,2022121303003636,NLIC,58,21,32,610.00,19520.00
3452,3453,2022121303003635,NLIC,58,49,68,609.00,41412.00
3453,3454,2022121301005577,SBL,58,35,190,309.10,58729.00
3454,3455,2022121303003634,MDB,43,58,100,381.00,38100.00
3455,3456,2022121303003633,CBBL,48,22,100,1104.00,110400.00
3456,3457,2022121301005576,GBIME,14,41,100,211.10,21110.00
3457,3458,2022121303003632,FMDBL,34,39,400,708.00,283200.00
3458,3459,2022121304002886,SHPC,45,18,925,270.00,249750.00
3459,3460,2022121303003631,NLIC,51,52,20,608.00,12160.00
3460,3461,2022121303003630,BFC,42,57,20,307.00,6140.00
3461,3462,2022121304002885,RIDI,11,37,10,489.00,4890.00
3462,3463,2022121301005575,SIKLES,49,58,10,376.00,3760.00
3463,3464,2022121303003629,GMFIL,22,57,10,308.20,3082.00
3464,3465,2022121301005574,PRVU,42,43,120,199.90,23988.00
3465,3466,2022121304002884,NHDL,34,4,10,315.00,3150.00
3466,3467,2022121303003628,SMATA,18,19,10,749.00,7490.00
3467,3468,2022121301005573,CZBIL,17,6,150,180.00,27000.00
3468,3469,2022121304002883,RIDI,14,37,10,489.00,4890.00
3469,3470,2022121303003627,NRIC,58,58,36,712.00,25632.00
3470,3471,2022121303003626,NRIC,58,58,42,712.00,29904.00
3471,3472,2022121303003625,NRIC,58,41,25,712.00,17800.00
3472,3473,2022121303003624,NRIC,58,42,100,711.00,71100.00
3473,3474,2022121303003623,NRIC,58,26,300,711.00,213300.00
3474,3475,2022121303003622,NRIC,58,48,58,710.00,41180.00
3475,3476,2022121303003621,NRIC,58,54,50,710.00,35500.00
3476,3477,2022121303003620,NRIC,58,51,100,710.00,71000.00
3477,3478,2022121303003619,NRIC,58,6,100,709.90,70990.00
3478,3479,2022121303003618,NRIC,58,25,50,709.90,35495.00
3479,3480,2022121303003617,NRIC,58,5,14,709.00,9926.00
3480,3481,2022121303003616,NRIC,58,6,200,709.00,141800.00
3481,3482,2022121303003615,NRIC,58,47,10,707.80,7078.00
3482,3483,2022121303003614,NRIC,58,11,58,707.00,41006.00
3483,3484,2022121303003613,NRIC,58,6,200,705.20,141040.00
3484,3485,2022121303003612,NRIC,58,58,10,705.00,7050.00
3485,3486,2022121303003611,NRIC,58,13,69,705.00,48645.00
3486,3487,2022121303003610,NRIC,58,57,100,705.00,70500.00
3487,3488,2022121303003609,NRIC,58,32,11,705.00,7755.00
3488,3489,2022121303003608,NRIC,58,32,11,705.00,7755.00
3489,3490,2022121303003607,NRIC,58,49,46,704.80,32420.80
3490,3491,2022121303003606,NRIC,58,58,200,704.00,140800.00
3491,3492,2022121303003605,NRIC,58,34,100,703.90,70390.00
3492,3493,2022121303003604,NRIC,58,43,10,703.90,7039.00
3493,3494,2022121303003603,NRIC,58,35,11,703.80,7741.80
3494,3495,2022121303003602,NRIC,58,33,200,703.80,140760.00
3495,3496,2022121303003601,NRIC,58,52,10,703.80,7038.00
3496,3497,2022121303003600,NRIC,58,33,100,703.00,70300.00
3497,3498,2022121303003599,NRIC,58,14,100,703.00,70300.00
3498,3499,2022121303003598,NRIC,58,22,150,703.00,105450.00
3499,3500,2022121303003597,NRIC,58,6,400,702.00,280800.00
3500,3501,2022121303003596,NRIC,58,48,10,702.00,7020.00
3501,3502,2022121303003595,NRIC,58,44,1000,702.00,702000.00
3502,3503,2022121303003594,NRIC,58,53,10,700.00,7000.00
3503,3504,2022121303003593,NRIC,58,48,23,700.00,16100.00
3504,3505,2022121303003592,NRIC,58,49,30,700.00,21000.00
3505,3506,2022121303003591,NRIC,58,6,11,700.00,7700.00
3506,3507,2022121303003590,NRIC,58,22,400,700.00,280000.00
3507,3508,2022121303003589,NRIC,58,6,100,699.90,69990.00
3508,3509,2022121303003588,NRIC,58,3,46,699.80,32190.80
3509,3510,2022121303003587,NRIC,58,42,499,699.80,349200.20
3510,3511,2022121301005572,SGHC,44,58,10,251.10,2511.00
3511,3512,2022121304002882,RIDI,45,37,10,489.00,4890.00
3512,3513,2022121303003586,NRIC,21,42,1000,699.80,699800.00
3513,3514,2022121301005571,CYCL,1,34,10,2260.20,22602.00
3514,3515,2022121301005570,MHL,48,58,10,310.00,3100.00
3515,3516,2022121301005569,SBI,35,44,90,278.00,25020.00
3516,3517,2022121301005568,SIKLES,58,49,10,375.40,3754.00
3517,3518,2022121304002881,BARUN,58,6,405,203.00,82215.00
3518,3519,2022121305000770,RULB,41,38,10,870.10,8701.00
3519,3520,2022121303003585,MFIL,32,35,242,415.00,100430.00
3520,3521,2022121303003584,MFIL,48,35,100,415.00,41500.00
3521,3522,2022121303003583,MFIL,22,35,390,415.10,161889.00
3522,3523,2022121303003582,MFIL,45,35,100,415.20,41520.00
3523,3524,2022121303003581,MFIL,10,35,150,416.00,62400.00
3524,3525,2022121303003580,MFIL,6,35,278,416.10,115675.80
3525,3526,2022121303003579,MFIL,58,35,110,417.00,45870.00
3526,3527,2022121303003578,MFIL,35,35,30,417.00,12510.00
3527,3528,2022121301005567,GVL,58,35,10,310.50,3105.00
3528,3529,2022121303003577,LICN,25,47,10,1412.00,14120.00
3529,3530,2022121303003576,NRIC,58,42,100,699.00,69900.00
3530,3531,2022121301005566,SANIMA,14,58,297,224.00,66528.00
3531,3532,2022121301005565,HDL,4,32,15,3828.00,57420.00
3532,3533,2022121301005564,GBIME,22,47,23,212.00,4876.00
3533,3534,2022121301005563,HDL,4,59,10,3828.00,38280.00
3534,3535,2022121301005562,USHEC,10,7,10,250.10,2501.00
3535,3536,2022121303003575,MNBBL,7,4,10,419.00,4190.00
3536,3537,2022121301005561,CYCL,1,10,10,2260.20,22602.00
3537,3538,2022121304002880,HEI,58,57,42,362.00,15204.00
3538,3539,2022121304002879,SICL,59,57,20,771.00,15420.00
3539,3540,2022121301005560,NICA,58,58,20,681.00,13620.00
3540,3541,2022121301005559,CBL,46,39,10,213.50,2135.00
3541,3542,2022121304002878,RIDI,7,37,500,489.00,244500.00
3542,3543,2022121301005558,CZBIL,45,28,389,180.40,70175.60
3543,3544,2022121304002877,RIDI,20,37,200,489.00,97800.00
3544,3545,2022121304002876,RIDI,45,37,60,489.00,29340.00
3545,3546,2022121304002875,RIDI,4,37,20,489.00,9780.00
3546,3547,2022121303003574,NICLBSL,56,35,10,713.00,7130.00
3547,3548,2022121303003573,NTC,53,29,100,908.50,90850.00
3548,3549,2022121304002874,PPCL,42,14,20,284.00,5680.00
3549,3550,2022121304002873,PPCL,36,14,110,284.00,31240.00
3550,3551,2022121303003572,GBBL,44,39,10,379.00,3790.00
3551,3552,2022121304002872,UPCL,28,32,134,215.00,28810.00
3552,3553,2022121301005557,CBL,14,35,110,212.10,23331.00
3553,3554,2022121301005556,CBL,14,35,275,212.10,58327.50
3554,3555,2022121301005555,CBL,52,35,835,212.20,177187.00
3555,3556,2022121301005554,CBL,16,35,500,212.30,106150.00
3556,3557,2022121301005553,CBL,16,35,500,212.30,106150.00
3557,3558,2022121301005552,CBL,6,35,300,212.30,63690.00
3558,3559,2022121301005551,CBL,43,35,130,212.40,27612.00
3559,3560,2022121301005550,CBL,43,35,500,213.00,106500.00
3560,3561,2022121301005549,NICA,6,4,135,679.10,91678.50
3561,3562,2022121301005548,NICA,34,4,15,680.00,10200.00
3562,3563,2022121301005547,NICA,45,4,50,680.20,34010.00
3563,3564,2022121305000769,RULB,22,41,10,875.00,8750.00
3564,3565,2022121305000768,RULB,22,52,10,875.00,8750.00
3565,3566,2022121303003571,NTC,56,55,20,908.00,18160.00
3566,3567,2022121303003570,NTC,56,32,300,908.00,272400.00
3567,3568,2022121303003569,NTC,56,42,200,908.00,181600.00
3568,3569,2022121301005546,SBL,5,45,140,309.00,43260.00
3569,3570,2022121301005545,SBL,5,45,50,309.00,15450.00
3570,3571,2022121301005544,SBL,41,45,150,309.00,46350.00
3571,3572,2022121301005543,SBL,22,45,100,309.10,30910.00
3572,3573,2022121301005542,SBL,7,45,40,309.20,12368.00
3573,3574,2022121301005541,SBL,36,45,10,309.20,3092.00
3574,3575,2022121301005540,SBL,6,45,85,309.20,26282.00
3575,3576,2022121301005539,SBL,14,45,150,309.70,46455.00
3576,3577,2022121301005538,HDL,4,21,100,3828.00,382800.00
3577,3578,2022121301005537,NIB,7,14,34,219.00,7446.00
3578,3579,2022121301005536,HDL,49,53,10,3830.00,38300.00
3579,3580,2022121303003568,MFIL,35,42,35,417.00,14595.00
3580,3581,2022121304002871,UMRH,50,58,200,415.00,83000.00
3581,3582,2022121304002870,UMRH,50,38,90,415.00,37350.00
3582,3583,2022121305000767,JALPA,49,41,10,3341.10,33411.00
3583,3584,2022121305000766,SLI,55,54,10,335.00,3350.00
3584,3585,2022121305000765,SLI,55,57,10,334.00,3340.00
3585,3586,2022121303003567,KSBBL,1,35,16,307.00,4912.00
3586,3587,2022121304002869,SSHL,13,10,200,172.00,34400.00
3587,3588,2022121303003566,NLIC,45,49,80,609.00,48720.00
3588,3589,2022121303003565,NLIC,34,49,82,609.00,49938.00
3589,3590,2022121304002868,RADHI,16,22,250,216.00,54000.00
3590,3591,2022121303003564,SABSL,43,14,121,905.00,109505.00
3591,3592,2022121303003563,NRIC,58,42,10,699.80,6998.00
3592,3593,2022121303003562,NRIC,58,50,50,699.70,34985.00
3593,3594,2022121303003561,NSLB,58,50,10,749.90,7499.00
3594,3595,2022121304002867,NLG,18,36,10,475.70,4757.00
3595,3596,2022121301005535,PCBL,44,28,10,225.00,2250.00
3596,3597,2022121301005534,SBL,49,45,10,310.00,3100.00
3597,3598,2022121301005533,SBL,19,45,30,310.00,9300.00
3598,3599,2022121301005532,SBL,17,45,100,310.00,31000.00
3599,3600,2022121301005531,SBL,34,45,322,310.00,99820.00
3600,3601,2022121301005530,SBL,17,45,72,310.00,22320.00
3601,3602,2022121301005529,SBL,57,45,50,310.00,15500.00
3602,3603,2022121301005528,SBL,16,45,20,310.00,6200.00
3603,3604,2022121301005527,SBL,45,45,500,310.00,155000.00
3604,3605,2022121301005526,SBL,54,45,20,310.00,6200.00
3605,3606,2022121301005525,SBL,40,45,1000,310.00,310000.00
3606,3607,2022121301005524,SBL,54,45,100,310.00,31000.00
3607,3608,2022121301005523,SBL,10,45,651,310.00,201810.00
3608,3609,2022121301005522,SGHC,44,17,10,251.10,2511.00
3609,3610,2022121301005521,SBL,10,29,349,310.00,108190.00
3610,3611,2022121301005520,SBL,43,29,300,310.00,93000.00
3611,3612,2022121301005519,SBL,52,29,100,310.10,31010.00
3612,3613,2022121301005518,SBL,42,29,51,310.10,15815.10
3613,3614,2022121303003560,KRBL,44,29,1000,252.10,252100.00
3614,3615,2022121303003559,KRBL,44,29,100,252.10,25210.00
3615,3616,2022121304002866,RIDI,45,44,10,489.90,4899.00
3616,3617,2022121301005517,UHEWA,57,45,10,349.00,3490.00
3617,3618,2022121304002865,RIDI,42,44,450,489.90,220455.00
3618,3619,2022121301005516,MEGA,51,25,257,194.70,50037.90
3619,3620,2022121303003558,NTC,50,42,150,907.80,136170.00
3620,3621,2022121305000764,JBLB,44,48,7,2720.00,19040.00
3621,3622,2022121304002864,BARUN,16,48,30,201.10,6033.00
3622,3623,2022121304002863,BARUN,45,48,20,201.20,4024.00
3623,3624,2022121304002862,BARUN,33,48,200,201.60,40320.00
3624,3625,2022121304002861,BARUN,42,48,50,202.00,10100.00
3625,3626,2022121303003557,MFIL,46,35,10,417.50,4175.00
3626,3627,2022121301005515,AVYAN,26,38,10,693.00,6930.00
3627,3628,2022121304002860,UPPER,49,33,400,391.00,156400.00
3628,3629,2022121304002859,UPPER,40,33,38,391.00,14858.00
3629,3630,2022121303003556,NIFRA,19,3,10,185.00,1850.00
3630,3631,2022121303003555,NTC,38,14,50,905.30,45265.00
3631,3632,2022121304002858,SEF,48,5,100,7.99,799.00
3632,3633,2022121303003554,NRIC,58,42,500,699.00,349500.00
3633,3634,2022121303003553,GBBL,44,39,800,379.00,303200.00
3634,3635,2022121301005514,NIB,1,14,500,219.00,109500.00
3635,3636,2022121301005513,NIB,49,14,10,219.00,2190.00
3636,3637,2022121301005512,NIB,35,14,1000,219.00,219000.00
3637,3638,2022121301005511,NIB,20,14,100,219.00,21900.00
3638,3639,2022121301005510,NIB,34,14,100,219.00,21900.00
3639,3640,2022121301005509,NIB,34,14,141,219.00,30879.00
3640,3641,2022121301005508,NIB,16,14,75,219.10,16432.50
3641,3642,2022121301005507,NIB,33,14,150,219.20,32880.00
3642,3643,2022121301005506,NIB,26,14,1500,219.50,329250.00
3643,3644,2022121301005505,NIB,29,14,390,219.50,85605.00
3644,3645,2022121301005504,NABIL,11,8,73,810.00,59130.00
3645,3646,2022121301005503,NABIL,11,6,50,809.60,40480.00
3646,3647,2022121301005502,SIKLES,58,49,10,375.40,3754.00
3647,3648,2022121303003552,NTC,38,58,20,905.30,18106.00
3648,3649,2022121304002857,SHPC,35,18,21,270.00,5670.00
3649,3650,2022121305000763,JBLB,58,21,10,2735.00,27350.00
3650,3651,2022121303003551,SMFDB,10,40,50,1218.00,60900.00
3651,3652,2022121303003550,SMFDB,37,40,40,1218.00,48720.00
3652,3653,2022121303003549,SMFDB,10,40,100,1219.00,121900.00
3653,3654,2022121303003548,SMFDB,45,40,10,1220.00,12200.00
3654,3655,2022121301005501,SBL,42,49,29,310.10,8992.90
3655,3656,2022121301005500,SBL,36,49,10,310.20,3102.00
3656,3657,2022121301005499,SBL,14,29,200,310.40,62080.00
3657,3658,2022121301005498,ADBL,38,57,70,312.90,21903.00
3658,3659,2022121301005497,UHEWA,57,56,20,349.00,6980.00
3659,3660,2022121301005496,MHL,52,34,10,312.00,3120.00
3660,3661,2022121304002856,KKHC,32,20,500,178.10,89050.00
3661,3662,2022121304002855,RURU,43,43,10,725.10,7251.00
3662,3663,2022121304002854,RURU,57,43,10,726.00,7260.00
3663,3664,2022121303003547,NTC,58,42,45,907.80,40851.00
3664,3665,2022121303003546,NTC,58,58,25,907.70,22692.50
3665,3666,2022121303003545,NTC,58,25,10,907.00,9070.00
3666,3667,2022121303003544,NTC,58,38,20,905.40,18108.00
3667,3668,2022121301005495,MBL,33,35,5000,212.00,1060000.00
3668,3669,2022121301005494,PCBL,38,16,152,224.00,34048.00
3669,3670,2022121301005493,PCBL,42,16,60,224.00,13440.00
3670,3671,2022121301005492,PCBL,42,16,20,224.50,4490.00
3671,3672,2022121303003543,FMDBL,34,1,33,708.00,23364.00
3672,3673,2022121301005491,ADBL,38,35,30,312.50,9375.00
3673,3674,2022121305000762,MKLB,34,10,10,826.00,8260.00
3674,3675,2022121301005490,SHIVM,17,58,100,550.00,55000.00
3675,3676,2022121304002853,RADHI,1,49,24,215.00,5160.00
3676,3677,2022121304002852,UPCL,28,22,66,215.00,14190.00
3677,3678,2022121304002851,UPCL,17,22,53,215.00,11395.00
3678,3679,2022121301005489,MEGA,8,25,10,194.70,1947.00
3679,3680,2022121301005488,SANIMA,38,58,100,225.00,22500.00
3680,3681,2022121304002850,UPPER,40,58,62,391.00,24242.00
3681,3682,2022121304002849,UPPER,8,58,300,391.00,117300.00
3682,3683,2022121304002848,UPPER,56,58,38,391.00,14858.00
3683,3684,2022121301005487,SHIVM,14,34,100,551.90,55190.00
3684,3685,2022121304002847,UPPER,56,49,100,392.00,39200.00
3685,3686,2022121303003542,HIDCL,26,16,933,166.00,154878.00
3686,3687,2022121304002846,AHPC,53,57,19,269.00,5111.00
3687,3688,2022121301005486,LBL,14,59,110,192.10,21131.00
3688,3689,2022121301005485,AVYAN,26,49,10,693.00,6930.00
3689,3690,2022121303003541,MNBBL,7,4,897,419.00,375843.00
3690,3691,2022121303003540,MNBBL,22,4,100,419.00,41900.00
3691,3692,2022121303003539,MNBBL,44,4,1480,420.00,621600.00
3692,3693,2022121301005484,USHEC,10,7,10,250.10,2501.00
3693,3694,2022121301005483,NBL,3,39,28,276.00,7728.00
3694,3695,2022121301005482,NMB,50,34,56,230.00,12880.00
3695,3696,2022121303003538,NTC,38,45,20,905.30,18106.00
3696,3697,2022121304002845,UIC,45,59,20,339.00,6780.00
3697,3698,2022121305000761,SLI,45,56,10,332.00,3320.00
3698,3699,2022121305000760,JBLB,21,42,7,2690.10,18830.70
3699,3700,2022121305000759,SAHAS,57,58,10,450.00,4500.00
3700,3701,2022121301005481,LBL,14,44,500,192.10,96050.00
3701,3702,2022121301005480,NABIL,51,19,118,808.00,95344.00
3702,3703,2022121301005479,NABIL,45,19,20,808.00,16160.00
3703,3704,2022121301005478,NABIL,45,19,100,808.00,80800.00
3704,3705,2022121301005477,NABIL,38,19,20,808.20,16164.00
3705,3706,2022121301005476,NABIL,29,19,500,808.50,404250.00
3706,3707,2022121301005475,NABIL,11,19,60,808.60,48516.00
3707,3708,2022121301005474,NABIL,47,19,10,808.60,8086.00
3708,3709,2022121301005473,NABIL,55,19,100,809.00,80900.00
3709,3710,2022121301005472,NABIL,46,19,72,809.00,58248.00
3710,3711,2022121301005471,CBL,43,19,70,212.40,14868.00
3711,3712,2022121301005470,CBL,42,19,500,212.50,106250.00
3712,3713,2022121301005469,CBL,13,19,250,212.60,53150.00
3713,3714,2022121301005468,CBL,58,19,150,212.60,31890.00
3714,3715,2022121301005467,CBL,6,19,30,212.70,6381.00
3715,3716,2022121301005466,SANIMA,49,58,250,225.00,56250.00
3716,3717,2022121304002844,KEF,7,34,100,8.00,800.00
3717,3718,2022121303003537,SMFDB,45,40,10,1220.00,12200.00
3718,3719,2022121303003536,SMFDB,37,40,50,1221.00,61050.00
3719,3720,2022121303003535,SMFDB,10,40,100,1221.00,122100.00
3720,3721,2022121303003534,SMFDB,16,40,10,1221.10,12211.00
3721,3722,2022121303003533,SMFDB,58,40,70,1221.10,85477.00
3722,3723,2022121303003532,SMFDB,39,40,50,1222.00,61100.00
3723,3724,2022121303003531,SMFDB,1,40,10,1224.00,12240.00
3724,3725,2022121305000758,RULB,22,19,10,870.20,8702.00
3725,3726,2022121303003530,NLICL,40,17,29,498.00,14442.00
3726,3727,2022121301005465,SANIMA,14,59,30,224.00,6720.00
3727,3728,2022121301005464,SANIMA,14,22,75,224.00,16800.00
3728,3729,2022121301005463,NABIL,42,8,56,810.00,45360.00
3729,3730,2022121301005462,NABIL,42,58,66,810.00,53460.00
3730,3731,2022121303003529,NIFRA,19,53,497,185.00,91945.00
3731,3732,2022121303003528,GBBL,49,39,1200,380.40,456480.00
3732,3733,2022121303003527,GBBL,49,59,300,380.00,114000.00
3733,3734,2022121301005461,EBL,5,35,10,444.50,4445.00
3734,3735,2022121301005460,MEGA,29,22,30,193.10,5793.00
3735,3736,2022121301005459,MEGA,5,22,30,193.20,5796.00
3736,3737,2022121303003526,NRIC,58,57,2000,699.00,1398000.00
3737,3738,2022121303003525,USLB,14,34,20,870.10,17402.00
3738,3739,2022121303003524,MNBBL,44,59,20,420.00,8400.00
3739,3740,2022121303003523,NIFRA,32,53,10,185.00,1850.00
3740,3741,2022121301005458,SHIVM,17,58,100,550.00,55000.00
3741,3742,2022121301005457,SHIVM,49,58,100,550.10,55010.00
3742,3743,2022121304002843,RADHI,1,58,50,215.00,10750.00
3743,3744,2022121303003522,NTC,38,49,34,905.30,30780.20
3744,3745,2022121301005456,NABIL,46,19,28,809.00,22652.00
3745,3746,2022121301005455,NABIL,19,19,150,809.00,121350.00
3746,3747,2022121301005454,NABIL,7,19,50,809.60,40480.00
3747,3748,2022121301005453,NABIL,17,19,20,809.80,16196.00
3748,3749,2022121301005452,NABIL,42,19,100,809.80,80980.00
3749,3750,2022121303003521,MLBL,22,14,100,341.00,34100.00
3750,3751,2022121304002842,CHL,35,42,10,207.00,2070.00
3751,3752,2022121301005451,USHEC,10,7,10,250.10,2501.00
3752,3753,2022121304002841,UMHL,42,48,20,226.00,4520.00
3753,3754,2022121303003520,EDBL,19,42,10,305.90,3059.00
3754,3755,2022121304002840,JOSHI,28,58,10,188.70,1887.00
3755,3756,2022121304002839,HDHPC,25,44,800,173.00,138400.00
3756,3757,2022121303003519,RMDC,57,34,10,952.50,9525.00
3757,3758,2022121304002838,UPPER,46,49,100,392.00,39200.00
3758,3759,2022121304002837,UPCL,45,22,16,216.00,3456.00
3759,3760,2022121301005450,UHEWA,57,16,10,349.00,3490.00
3760,3761,2022121304002836,UMHL,42,43,80,225.00,18000.00
3761,3762,2022121303003518,NIFRA,29,58,101,183.60,18543.60
3762,3763,2022121303003517,NIFRA,4,58,17,184.00,3128.00
3763,3764,2022121303003516,NRIC,43,42,10,699.80,6998.00
3764,3765,2022121303003515,NTC,38,42,200,905.30,181060.00
3765,3766,2022121304002835,UMRH,44,38,260,415.00,107900.00
3766,3767,2022121304002834,UMRH,44,45,50,414.90,20745.00
3767,3768,2022121304002833,UMRH,44,58,50,414.80,20740.00
3768,3769,2022121305000757,MBJC,58,22,118,210.00,24780.00
3769,3770,2022121305000756,MBJC,58,56,10,210.00,2100.00
3770,3771,2022121305000755,MBJC,58,48,10,210.00,2100.00
3771,3772,2022121305000754,MBJC,58,58,10,209.00,2090.00
3772,3773,2022121303003514,NLIC,5,21,460,610.00,280600.00
3773,3774,2022121303003513,NLIC,5,6,40,610.00,24400.00
3774,3775,2022121301005449,GBIME,44,41,30,211.10,6333.00
3775,3776,2022121301005448,GBIME,58,41,20,211.10,4222.00
3776,3777,2022121304002832,UPPER,34,33,100,392.00,39200.00
3777,3778,2022121304002831,UPPER,19,33,100,392.00,39200.00
3778,3779,2022121304002830,NGPL,58,35,137,207.20,28386.40
3779,3780,2022121301005447,SHIVM,49,39,400,550.10,220040.00
3780,3781,2022121301005446,MHL,48,52,10,310.00,3100.00
3781,3782,2022121301005445,BOKL,49,55,15,208.00,3120.00
3782,3783,2022121301005444,CZBIL,17,58,830,180.00,149400.00
3783,3784,2022121305000753,NYADI,17,49,500,273.00,136500.00
3784,3785,2022121301005443,NABIL,19,58,200,810.00,162000.00
3785,3786,2022121303003512,NIFRA,17,53,493,185.00,91205.00
3786,3787,2022121303003511,NIFRA,17,32,43,185.00,7955.00
3787,3788,2022121303003510,NIFRA,17,41,54,185.00,9990.00
3788,3789,2022121303003509,NIFRA,17,8,10,185.00,1850.00
3789,3790,2022121301005442,BOKL,13,29,913,206.10,188169.30
3790,3791,2022121301005441,BOKL,4,29,327,206.10,67394.70
3791,3792,2022121301005440,BOKL,54,29,20,206.20,4124.00
3792,3793,2022121301005439,BOKL,35,29,100,206.20,20620.00
3793,3794,2022121301005438,BOKL,48,29,20,206.50,4130.00
3794,3795,2022121301005437,BOKL,26,29,520,206.50,107380.00
3795,3796,2022121301005436,BOKL,1,29,100,206.60,20660.00
3796,3797,2022121304002829,SHPC,35,28,29,270.00,7830.00
3797,3798,2022121304002828,SHPC,16,28,400,270.00,108000.00
3798,3799,2022121304002827,SHPC,34,28,50,270.00,13500.00
3799,3800,2022121304002826,SHPC,58,28,21,270.00,5670.00
3800,3801,2022121303003508,NRIC,43,42,40,699.80,27992.00
3801,3802,2022121301005435,SANIMA,26,58,50,225.00,11250.00
3802,3803,2022121303003507,NIFRA,4,46,16,184.00,2944.00
3803,3804,2022121303003506,NIFRA,57,46,38,184.00,6992.00
3804,3805,2022121301005434,SGHC,44,6,10,250.40,2504.00
3805,3806,2022121303003505,ICFC,55,29,100,425.00,42500.00
3806,3807,2022121301005433,NIB,29,13,110,219.50,24145.00
3807,3808,2022121303003504,NTC,38,11,483,905.30,437259.90
3808,3809,2022121304002825,UMHL,53,43,20,225.00,4500.00
3809,3810,2022121301005432,NABIL,17,58,20,810.00,16200.00
3810,3811,2022121303003503,KSBBL,1,34,200,307.00,61400.00
3811,3812,2022121303003502,KSBBL,53,34,300,307.00,92100.00
3812,3813,2022121301005431,NICA,56,58,10,681.00,6810.00
3813,3814,2022121303003501,PFL,52,42,30,332.10,9963.00
3814,3815,2022121304002824,AIL,37,45,40,382.00,15280.00
3815,3816,2022121304002823,AIL,41,45,50,382.10,19105.00
3816,3817,2022121304002822,AIL,4,45,10,383.00,3830.00
3817,3818,2022121304002821,RIDI,4,49,80,489.00,39120.00
3818,3819,2022121303003500,CBBL,6,22,100,1104.00,110400.00
3819,3820,2022121303003499,MNBBL,57,4,10,421.90,4219.00
3820,3821,2022121303003498,NABBC,35,3,90,360.00,32400.00
3821,3822,2022121304002820,CGH,45,44,38,1000.10,38003.80
3822,3823,2022121304002819,CGH,54,44,10,1000.20,10002.00
3823,3824,2022121301005430,RHGCL,22,21,10,206.30,2063.00
3824,3825,2022121304002818,SJCL,14,55,20,220.00,4400.00
3825,3826,2022121304002817,SJCL,14,35,20,220.00,4400.00
3826,3827,2022121304002816,SJCL,14,26,10,220.00,2200.00
3827,3828,2022121304002815,SJCL,14,37,20,220.00,4400.00
3828,3829,2022121304002814,SJCL,14,39,20,220.00,4400.00
3829,3830,2022121301005429,NABIL,43,58,14,810.00,11340.00
3830,3831,2022121301005428,NABIL,43,28,50,810.00,40500.00
3831,3832,2022121301005427,NABIL,43,13,130,810.00,105300.00
3832,3833,2022121301005426,NABIL,43,19,40,809.90,32396.00
3833,3834,2022121301005425,NABIL,43,8,266,809.80,215406.80
3834,3835,2022121304002813,SICL,59,54,20,771.00,15420.00
3835,3836,2022121305000752,JBLB,51,49,17,2733.00,46461.00
3836,3837,2022121304002812,UMRH,1,46,10,410.00,4100.00
3837,3838,2022121301005424,SHIVM,17,34,30,551.90,16557.00
3838,3839,2022121301005423,UHEWA,51,34,90,350.00,31500.00
3839,3840,2022121301005422,SANIMA,14,36,10,224.00,2240.00
3840,3841,2022121301005421,SANIMA,25,36,10,224.00,2240.00
3841,3842,2022121301005420,SANIMA,26,36,40,224.00,8960.00
3842,3843,2022121301005419,NESDO,45,22,20,3310.00,66200.00
3843,3844,2022121304002811,NHPC,44,8,18,200.90,3616.20
3844,3845,2022121304002810,NHPC,39,8,100,201.00,20100.00
3845,3846,2022121305000751,MBJC,28,57,10,208.10,2081.00
3846,3847,2022121303003497,NRIC,58,54,11,699.00,7689.00
3847,3848,2022121303003496,NLIC,53,6,10,610.00,6100.00
3848,3849,2022121303003495,NMFBS,8,36,30,2012.00,60360.00
3849,3850,2022121303003494,NMFBS,8,33,70,2012.00,140840.00
3850,3851,2022121303003493,NLIC,6,6,120,610.00,73200.00
3851,3852,2022121301005418,EBL,17,16,140,438.50,61390.00
3852,3853,2022121301005417,EBL,52,16,20,438.50,8770.00
3853,3854,2022121301005416,EBL,57,16,25,438.60,10965.00
3854,3855,2022121304002809,RADHI,16,59,30,216.00,6480.00
3855,3856,2022121303003492,SMFDB,1,38,10,1224.00,12240.00
3856,3857,2022121301005415,NESDO,38,52,10,3311.00,33110.00
3857,3858,2022121303003491,MLBSL,57,36,10,4000.00,40000.00
3858,3859,2022121303003490,MLBSL,58,36,27,4000.00,108000.00
3859,3860,2022121301005414,CYCL,1,42,10,2260.20,22602.00
3860,3861,2022121305000750,MBJC,28,34,10,208.10,2081.00
3861,3862,2022121301005413,SHIVM,36,34,10,551.90,5519.00
3862,3863,2022121304002808,RIDI,52,49,10,489.00,4890.00
3863,3864,2022121304002807,RADHI,1,34,100,215.00,21500.00
3864,3865,2022121301005412,SBL,32,45,250,311.00,77750.00
3865,3866,2022121301005411,SBL,13,45,111,311.00,34521.00
3866,3867,2022121301005410,SBL,21,45,28,311.00,8708.00
3867,3868,2022121301005409,SBL,32,45,203,311.00,63133.00
3868,3869,2022121303003489,CBBL,16,54,18,1100.00,19800.00
3869,3870,2022121303003488,NTC,26,22,20,906.00,18120.00
3870,3871,2022121303003487,NTC,33,45,10,905.40,9054.00
3871,3872,2022121304002806,UPCL,17,35,73,215.00,15695.00
3872,3873,2022121304002805,UPCL,28,35,50,215.40,10770.00
3873,3874,2022121303003486,NLIC,6,21,80,609.00,48720.00
3874,3875,2022121301005408,BNT,28,28,10,12722.40,127224.00
3875,3876,2022121301005407,BNT,28,28,10,12722.40,127224.00
3876,3877,2022121301005406,BNT,28,28,20,12722.50,254450.00
3877,3878,2022121305000749,MBJC,28,16,10,208.10,2081.00
3878,3879,2022121303003485,NTC,33,45,20,905.40,18108.00
3879,3880,2022121301005405,NCCB,48,32,100,183.90,18390.00
3880,3881,2022121303003484,NRIC,58,53,100,699.00,69900.00
3881,3882,2022121303003483,NRIC,58,41,20,699.00,13980.00
3882,3883,2022121303003482,NRIC,58,45,36,699.00,25164.00
3883,3884,2022121303003481,NRIC,58,19,223,696.00,155208.00
3884,3885,2022121303003480,NRIC,58,54,23,695.00,15985.00
3885,3886,2022121301005404,BHDC,47,49,10,342.10,3421.00
3886,3887,2022121303003479,NTC,45,42,95,905.40,86013.00
3887,3888,2022121301005403,EBL,29,35,9806,444.10,4354844.60
3888,3889,2022121303003478,GUFL,28,13,10,524.00,5240.00
3889,3890,2022121301005402,SIKLES,58,44,10,375.20,3752.00
3890,3891,2022121304002804,NGPL,58,45,10,207.20,2072.00
3891,3892,2022121303003477,FOWAD,45,45,140,2595.00,363300.00
3892,3893,2022121301005401,NABIL,34,8,54,809.80,43729.20
3893,3894,2022121303003476,NICLBSL,53,44,10,713.00,7130.00
3894,3895,2022121301005400,USHEC,10,7,10,250.10,2501.00
3895,3896,2022121303003475,ICFC,21,29,47,425.00,19975.00
3896,3897,2022121303003474,ICFC,21,29,24,425.00,10200.00
3897,3898,2022121303003473,NTC,38,42,15,905.40,13581.00
3898,3899,2022121303003472,NTC,19,42,90,905.40,81486.00
3899,3900,2022121303003471,GFCL,28,45,10,448.00,4480.00
3900,3901,2022121303003470,NUBL,47,6,30,885.20,26556.00
3901,3902,2022121304002803,UMHL,34,42,100,224.90,22490.00
3902,3903,2022121303003469,NFS,26,45,10,254.00,2540.00
3903,3904,2022121304002802,MEN,21,46,10,726.00,7260.00
3904,3905,2022121303003468,DDBL,56,45,120,1022.00,122640.00
3905,3906,2022121303003467,DDBL,42,45,30,1022.10,30663.00
3906,3907,2022121303003466,DDBL,58,45,10,1023.00,10230.00
3907,3908,2022121303003465,NLICL,51,35,31,498.00,15438.00
3908,3909,2022121301005399,SIKLES,58,52,10,375.10,3751.00
3909,3910,2022121304002801,NHDL,19,34,10,312.10,3121.00
3910,3911,2022121301005398,SGHC,17,44,10,250.20,2502.00
3911,3912,2022121303003464,NLICL,33,59,20,497.50,9950.00
3912,3913,2022121301005397,SBL,32,38,97,311.00,30167.00
3913,3914,2022121301005396,SBL,41,38,100,311.00,31100.00
3914,3915,2022121301005395,SBL,58,38,10,311.00,3110.00
3915,3916,2022121301005394,SBL,49,38,600,311.00,186600.00
3916,3917,2022121301005393,SBL,21,38,127,311.00,39497.00
3917,3918,2022121301005392,SBL,42,38,10,311.00,3110.00
3918,3919,2022121301005391,SBL,6,38,75,311.00,23325.00
3919,3920,2022121301005390,SBL,54,38,100,311.00,31100.00
3920,3921,2022121301005389,SBL,36,38,150,311.10,46665.00
3921,3922,2022121301005388,SBL,44,38,12,311.10,3733.20
3922,3923,2022121301005387,SBL,5,38,10,311.20,3112.00
3923,3924,2022121301005386,SBL,51,38,400,311.30,124520.00
3924,3925,2022121301005385,SBL,7,38,100,311.30,31130.00
3925,3926,2022121301005384,SBL,40,38,50,311.30,15565.00
3926,3927,2022121301005383,SBL,48,38,20,311.30,6226.00
3927,3928,2022121301005382,SBL,52,38,100,311.40,31140.00
3928,3929,2022121301005381,SBL,46,38,15,311.40,4671.00
3929,3930,2022121301005380,SBL,22,38,24,311.60,7478.40
3930,3931,2022121301005379,NABIL,42,8,10,809.80,8098.00
3931,3932,2022121304002800,HDHPC,25,44,260,173.00,44980.00
3932,3933,2022121304002799,HDHPC,57,44,110,173.00,19030.00
3933,3934,2022121304002798,HDHPC,26,44,400,173.10,69240.00
3934,3935,2022121304002797,HDHPC,57,44,400,173.10,69240.00
3935,3936,2022121304002796,HDHPC,36,44,15,173.20,2598.00
3936,3937,2022121304002795,HPPL,57,42,470,250.00,117500.00
3937,3938,2022121301005378,NBL,42,39,349,276.00,96324.00
3938,3939,2022121301005377,NBL,42,58,142,276.00,39192.00
3939,3940,2022121301005376,EBL,29,44,88,444.00,39072.00
3940,3941,2022121301005375,HBL,19,39,10,324.00,3240.00
3941,3942,2022121301005374,GBIME,58,59,30,211.10,6333.00
3942,3943,2022121304002794,API,58,32,50,208.80,10440.00
3943,3944,2022121303003463,FOWAD,57,45,50,2595.00,129750.00
3944,3945,2022121301005373,SHIVM,48,34,16,551.90,8830.40
3945,3946,2022121301005372,SHIVM,48,58,20,551.80,11036.00
3946,3947,2022121301005371,SHIVM,48,17,86,551.50,47429.00
3947,3948,2022121303003462,FMDBL,34,44,44,708.00,31152.00
3948,3949,2022121303003461,CBBL,17,25,12,1100.50,13206.00
3949,3950,2022121303003460,NFS,14,49,150,255.00,38250.00
3950,3951,2022121303003459,NFS,51,49,20,255.00,5100.00
3951,3952,2022121303003458,NFS,56,49,20,255.00,5100.00
3952,3953,2022121303003457,NFS,54,49,100,255.00,25500.00
3953,3954,2022121303003456,NRIC,57,19,78,696.00,54288.00
3954,3955,2022121303003455,HIDCL,8,16,30,166.00,4980.00
3955,3956,2022121304002793,SICL,14,57,50,773.00,38650.00
3956,3957,2022121303003454,NABBC,21,21,10,360.10,3601.00
3957,3958,2022121303003453,NTC,19,22,80,906.00,72480.00
3958,3959,2022121303003452,CFCL,19,19,200,302.00,60400.00
3959,3960,2022121304002792,GLH,43,46,10,235.60,2356.00
3960,3961,2022121301005370,GBIME,32,47,50,212.00,10600.00
3961,3962,2022121301005369,GBIME,32,55,50,212.00,10600.00
3962,3963,2022121301005368,NICA,14,58,50,681.00,34050.00
3963,3964,2022121303003451,MDB,34,45,840,375.00,315000.00
3964,3965,2022121303003450,MDB,49,45,50,377.00,18850.00
3965,3966,2022121303003449,MDB,42,45,50,377.00,18850.00
3966,3967,2022121303003448,MDB,21,45,60,377.00,22620.00
3967,3968,2022121303003447,MNBBL,49,4,63,421.90,26579.70
3968,3969,2022121305000748,MKJC,50,34,10,405.00,4050.00
3969,3970,2022121303003446,NLICL,35,35,1000,498.00,498000.00
3970,3971,2022121301005367,MEGA,51,25,256,194.70,49843.20
3971,3972,2022121303003445,LICN,25,47,10,1412.00,14120.00
3972,3973,2022121301005366,PRVU,21,6,946,199.20,188443.20
3973,3974,2022121305000747,NYADI,22,56,10,270.00,2700.00
3974,3975,2022121301005365,SIKLES,47,42,16,376.80,6028.80
3975,3976,2022121303003444,NRIC,49,19,255,696.00,177480.00
3976,3977,2022121303003443,NRIC,49,57,24,695.90,16701.60
3977,3978,2022121301005364,CCBL,48,16,14,188.10,2633.40
3978,3979,2022121303003442,GMFBS,14,3,14,805.80,11281.20
3979,3980,2022121301005363,RHGCL,22,19,10,207.00,2070.00
3980,3981,2022121304002791,PIC,51,45,76,534.60,40629.60
3981,3982,2022121301005362,MBL,57,35,400,212.00,84800.00
3982,3983,2022121301005361,MBL,21,35,22,212.00,4664.00
3983,3984,2022121301005360,MBL,49,35,1500,212.00,318000.00
3984,3985,2022121301005359,MBL,48,35,251,212.10,53237.10
3985,3986,2022121301005358,MBL,14,35,150,212.40,31860.00
3986,3987,2022121301005357,MBL,5,35,60,212.50,12750.00
3987,3988,2022121301005356,MBL,7,35,37,212.50,7862.50
3988,3989,2022121305000746,SAHAS,45,42,10,450.00,4500.00
3989,3990,2022121305000745,SAHAS,45,34,10,450.00,4500.00
3990,3991,2022121305000744,SAHAS,45,34,10,449.00,4490.00
3991,3992,2022121305000743,MKJC,50,34,10,404.00,4040.00
3992,3993,2022121303003441,KRBL,50,39,10,255.90,2559.00
3993,3994,2022121301005355,MHL,48,19,10,310.00,3100.00
3994,3995,2022121304002790,RIDI,49,49,10,489.00,4890.00
3995,3996,2022121303003440,SABSL,51,14,230,905.00,208150.00
3996,3997,2022121304002789,UPPER,38,33,20,392.00,7840.00
3997,3998,2022121304002788,UPPER,43,33,250,392.00,98000.00
3998,3999,2022121301005354,NABIL,38,8,40,809.80,32392.00
3999,4000,2022121301005353,NABIL,38,34,10,809.70,8097.00
4000,4001,2022121304002787,SHPC,42,34,100,271.00,27100.00
4001,4002,2022121303003439,NRIC,34,34,6,682.90,4097.40
4002,4003,2022121301005352,SIKLES,48,49,10,375.00,3750.00
4003,4004,2022121301005351,SCB,26,37,100,403.20,40320.00
4004,4005,2022121301005350,HHL,7,49,10,215.10,2151.00
4005,4006,2022121301005349,PRVU,13,6,250,199.30,49825.00
4006,4007,2022121301005348,NBL,58,58,105,276.00,28980.00
4007,4008,2022121303003438,MMFDB,42,42,10,889.60,8896.00
4008,4009,2022121301005347,SGHC,44,38,10,250.10,2501.00
4009,4010,2022121301005346,NBL,52,58,53,276.00,14628.00
4010,4011,2022121301005345,NBL,52,57,47,276.00,12972.00
4011,4012,2022121303003437,FOWAD,26,45,10,2605.00,26050.00
4012,4013,2022121304002786,SPDL,8,37,20,263.00,5260.00
4013,4014,2022121304002785,SPDL,8,35,80,263.00,21040.00
4014,4015,2022121304002784,UPCL,22,22,525,216.00,113400.00
4015,4016,2022121304002783,NICL,25,49,10,422.00,4220.00
4016,4017,2022121304002782,NHPC,44,21,100,202.00,20200.00
4017,4018,2022121303003436,NLBBL,41,1,50,812.00,40600.00
4018,4019,2022121301005344,HDL,17,32,20,3830.00,76600.00
4019,4020,2022121304002781,UPPER,43,29,75,392.00,29400.00
4020,4021,2022121301005343,USHEC,56,47,50,254.00,12700.00
4021,4022,2022121301005342,USHEC,56,58,10,252.20,2522.00
4022,4023,2022121301005341,USHEC,56,13,10,252.20,2522.00
4023,4024,2022121303003435,SLBBL,56,55,100,837.40,83740.00
4024,4025,2022121303003434,SLBBL,56,3,200,837.40,167480.00
4025,4026,2022121303003433,SLBBL,56,20,10,837.00,8370.00
4026,4027,2022121303003432,SLBBL,56,42,20,837.00,16740.00
4027,4028,2022121303003431,SLBBL,56,54,90,837.00,75330.00
4028,4029,2022121303003430,SLBBL,56,45,85,836.00,71060.00
4029,4030,2022121303003429,SLBBL,56,1,50,836.00,41800.00
4030,4031,2022121303003428,SLBBL,56,7,20,836.00,16720.00
4031,4032,2022121303003427,SLBBL,56,34,70,834.00,58380.00
4032,4033,2022121303003426,SLBBL,56,8,12,834.00,10008.00
4033,4034,2022121303003425,SLBBL,56,7,10,832.00,8320.00
4034,4035,2022121301005340,NBL,4,57,100,276.00,27600.00
4035,4036,2022121301005339,SHIVM,17,25,50,550.00,27500.00
4036,4037,2022121301005338,SHIVM,34,25,100,550.00,55000.00
4037,4038,2022121301005337,SHIVM,34,25,10,550.00,5500.00
4038,4039,2022121301005336,AVYAN,38,56,10,697.00,6970.00
4039,4040,2022121301005335,USHEC,56,25,10,252.00,2520.00
4040,4041,2022121301005334,USHEC,56,41,10,252.00,2520.00
4041,4042,2022121301005333,USHEC,56,48,10,252.00,2520.00
4042,4043,2022121301005332,USHEC,56,47,10,252.00,2520.00
4043,4044,2022121301005331,USHEC,56,34,10,251.00,2510.00
4044,4045,2022121301005330,USHEC,56,48,10,251.00,2510.00
4045,4046,2022121303003424,SABSL,58,58,16,899.50,14392.00
4046,4047,2022121303003423,FMDBL,57,44,11,708.00,7788.00
4047,4048,2022121303003422,CBBL,17,1,10,1100.50,11005.00
4048,4049,2022121303003421,NMFBS,58,33,30,2012.00,60360.00
4049,4050,2022121303003420,HIDCL,57,16,1000,166.00,166000.00
4050,4051,2022121304002780,RHPL,6,58,10,228.00,2280.00
4051,4052,2022121303003419,NIFRA,52,8,10,185.00,1850.00
4052,4053,2022121301005329,NABIL,39,8,20,809.80,16196.00
4053,4054,2022121301005328,RHGCL,22,44,10,207.00,2070.00
4054,4055,2022121301005327,SGHC,17,48,10,253.00,2530.00
4055,4056,2022121301005326,SGHC,17,38,200,253.00,50600.00
4056,4057,2022121301005325,SGHC,17,34,10,253.00,2530.00
4057,4058,2022121301005324,SGHC,17,34,10,253.00,2530.00
4058,4059,2022121301005323,SGHC,17,34,10,253.00,2530.00
4059,4060,2022121301005322,SGHC,17,34,10,253.00,2530.00
4060,4061,2022121301005321,SGHC,17,41,10,253.00,2530.00
4061,4062,2022121301005320,SGHC,17,52,10,253.00,2530.00
4062,4063,2022121301005319,SGHC,17,58,10,253.00,2530.00
4063,4064,2022121301005318,SGHC,17,44,10,253.00,2530.00
4064,4065,2022121301005317,SGHC,17,25,10,252.00,2520.00
4065,4066,2022121301005316,SGHC,17,58,10,252.00,2520.00
4066,4067,2022121303003418,SMFDB,10,7,30,1230.00,36900.00
4067,4068,2022121305000742,MBJC,28,6,10,208.10,2081.00
4068,4069,2022121303003417,MNBBL,57,51,46,421.00,19366.00
4069,4070,2022121303003416,MFIL,58,35,10,417.50,4175.00
4070,4071,2022121305000741,MBJC,28,34,10,208.10,2081.00
4071,4072,2022121305000740,MKLB,32,38,38,823.20,31281.60
4072,4073,2022121305000739,MKLB,41,38,20,823.20,16464.00
4073,4074,2022121301005315,RFPL,56,19,60,229.50,13770.00
4074,4075,2022121301005314,RFPL,56,49,40,229.40,9176.00
4075,4076,2022121301005313,RFPL,56,54,10,229.30,2293.00
4076,4077,2022121301005312,RFPL,56,34,10,229.00,2290.00
4077,4078,2022121301005311,NBL,58,57,10,276.00,2760.00
4078,4079,2022121303003415,SLBBL,59,7,10,832.00,8320.00
4079,4080,2022121301005310,USHEC,10,7,10,250.10,2501.00
4080,4081,2022121303003414,NRIC,43,58,14,691.10,9675.40
4081,4082,2022121303003413,NRIC,19,58,20,692.00,13840.00
4082,4083,2022121305000738,SAHAS,45,47,10,448.00,4480.00
4083,4084,2022121304002779,UPPER,40,21,50,393.00,19650.00
4084,4085,2022121304002778,NHPC,44,58,130,202.00,26260.00
4085,4086,2022121304002777,NHPC,44,32,39,202.00,7878.00
4086,4087,2022121304002776,KKHC,5,36,10,178.00,1780.00
4087,4088,2022121304002775,UPPER,43,44,200,392.00,78400.00
4088,4089,2022121303003412,GLBSL,19,49,10,787.00,7870.00
4089,4090,2022121304002774,SIL,14,58,50,495.00,24750.00
4090,4091,2022121303003411,GBLBS,41,13,52,595.00,30940.00
4091,4092,2022121303003410,GBLBS,41,32,20,595.00,11900.00
4092,4093,2022121303003409,GBLBS,41,38,18,595.00,10710.00
4093,4094,2022121303003408,GBLBS,41,34,80,595.00,47600.00
4094,4095,2022121304002773,BARUN,34,34,1,199.90,199.90
4095,4096,2022121305000737,MBJC,28,58,10,208.10,2081.00
4096,4097,2022121303003407,HIDCL,29,16,337,166.00,55942.00
4097,4098,2022121303003406,HIDCL,29,45,15,166.00,2490.00
4098,4099,2022121303003405,HIDCL,29,33,68,166.00,11288.00
4099,4100,2022121303003404,HIDCL,29,19,50,166.00,8300.00
4100,4101,2022121303003403,HIDCL,29,42,150,166.00,24900.00
4101,4102,2022121303003402,HIDCL,29,22,50,166.00,8300.00
4102,4103,2022121301005309,PCBL,42,28,20,225.00,4500.00
4103,4104,2022121301005308,PCBL,42,38,80,225.00,18000.00
4104,4105,2022121301005307,CCBL,48,36,82,188.10,15424.20
4105,4106,2022121303003401,SMFDB,10,43,60,1229.90,73794.00
4106,4107,2022121301005306,NABIL,14,8,20,809.80,16196.00
4107,4108,2022121303003400,JBBL,40,36,20,277.00,5540.00
4108,4109,2022121304002772,UPPER,56,21,210,393.00,82530.00
4109,4110,2022121301005305,DORDI,58,47,10,231.00,2310.00
4110,4111,2022121304002771,PIC,21,6,10,534.50,5345.00
4111,4112,2022121304002770,PIC,21,14,30,521.30,15639.00
4112,4113,2022121301005304,USHEC,10,22,10,250.10,2501.00
4113,4114,2022121301005303,HEIP,28,58,10,244.10,2441.00
4114,4115,2022121304002769,UPPER,43,21,40,392.00,15680.00
4115,4116,2022121304002768,UPPER,49,21,30,392.00,11760.00
4116,4117,2022121301005302,EBL,29,7,60,444.00,26640.00
4117,4118,2022121303003399,DDBL,34,45,70,1025.00,71750.00
4118,4119,2022121303003398,DDBL,54,45,50,1025.10,51255.00
4119,4120,2022121304002767,TRH,17,26,20,337.30,6746.00
4120,4121,2022121304002766,NLG,25,36,10,475.70,4757.00
4121,4122,2022121301005301,NESDO,57,34,10,3310.10,33101.00
4122,4123,2022121301005300,ADBL,4,36,72,312.00,22464.00
4123,4124,2022121301005299,GBIME,19,45,230,212.00,48760.00
4124,4125,2022121304002765,SHL,38,32,500,216.70,108350.00
4125,4126,2022121304002764,SHL,57,32,500,216.70,108350.00
4126,4127,2022121301005298,HDL,53,32,48,3830.00,183840.00
4127,4128,2022121301005297,HDL,21,32,12,3830.00,45960.00
4128,4129,2022121301005296,NABIL,34,34,61,809.00,49349.00
4129,4130,2022121301005295,PRVU,32,6,1000,199.30,199300.00
4130,4131,2022121304002763,NHPC,43,32,461,202.00,93122.00
4131,4132,2022121304002762,NHPC,43,50,39,202.00,7878.00
4132,4133,2022121301005294,NABIL,56,34,184,809.00,148856.00
4133,4134,2022121301005293,NABIL,47,49,190,808.60,153634.00
4134,4135,2022121301005292,NABIL,29,49,310,808.70,250697.00
4135,4136,2022121301005291,EBL,29,54,1000,444.00,444000.00
4136,4137,2022121301005290,EBL,29,49,650,443.00,287950.00
4137,4138,2022121301005289,EBL,29,45,487,443.00,215741.00
4138,4139,2022121301005288,EBL,29,7,50,442.00,22100.00
4139,4140,2022121301005287,EBL,29,45,562,442.00,248404.00
4140,4141,2022121301005286,EBL,29,21,103,440.00,45320.00
4141,4142,2022121304002761,UPPER,13,21,28,393.00,11004.00
4142,4143,2022121304002760,UPPER,13,11,40,393.00,15720.00
4143,4144,2022121304002759,UPPER,13,49,32,393.00,12576.00
4144,4145,2022121305000736,MKLB,28,38,20,825.00,16500.00
4145,4146,2022121303003397,NIFRA,41,8,34,185.00,6290.00
4146,4147,2022121303003396,NIFRA,41,54,10,185.00,1850.00
4147,4148,2022121303003395,NIFRA,41,46,13,184.70,2401.10
4148,4149,2022121303003394,NIFRA,41,44,28,184.50,5166.00
4149,4150,2022121304002758,IGI,50,28,23,365.00,8395.00
4150,4151,2022121301005285,SHIVM,34,38,50,550.00,27500.00
4151,4152,2022121301005284,SHIVM,58,38,100,550.00,55000.00
4152,4153,2022121301005283,SHIVM,41,38,100,550.00,55000.00
4153,4154,2022121301005282,SHIVM,17,38,240,550.00,132000.00
4154,4155,2022121301005281,SHIVM,14,38,10,550.20,5502.00
4155,4156,2022121301005280,NBL,19,3,228,275.00,62700.00
4156,4157,2022121301005279,NABIL,49,34,12,809.00,9708.00
4157,4158,2022121301005278,MMF1,58,49,150,7.16,1074.00
4158,4159,2022121305000735,JBLB,13,57,10,2735.00,27350.00
4159,4160,2022121303003393,CFCL,25,6,16,299.00,4784.00
4160,4161,2022121301005277,PRVU,43,6,60,199.40,11964.00
4161,4162,2022121301005276,PRVU,14,6,50,199.40,9970.00
4162,4163,2022121301005275,PRVU,42,6,268,199.40,53439.20
4163,4164,2022121301005274,NMB,42,39,100,231.00,23100.00
4164,4165,2022121301005273,HIDCLP,52,29,90,96.20,8658.00
4165,4166,2022121301005272,HIDCLP,52,29,50,96.30,4815.00
4166,4167,2022121301005271,HIDCLP,52,29,40,96.40,3856.00
4167,4168,2022121301005270,HIDCLP,55,29,200,96.50,19300.00
4168,4169,2022121301005269,HIDCLP,52,29,20,96.50,1930.00
4169,4170,2022121301005268,HIDCLP,52,29,60,96.60,5796.00
4170,4171,2022121301005267,HIDCLP,52,29,10,96.60,966.00
4171,4172,2022121301005266,HIDCLP,52,29,30,96.60,2898.00
4172,4173,2022121303003392,NRN,51,44,10,401.00,4010.00
4173,4174,2022121301005265,NIB,26,13,500,220.00,110000.00
4174,4175,2022121301005264,EBL,21,21,74,440.00,32560.00
4175,4176,2022121303003391,JBBL,6,59,47,275.50,12948.50
4176,4177,2022121303003390,JBBL,4,59,500,275.50,137750.00
4177,4178,2022121303003389,JBBL,42,59,185,275.50,50967.50
4178,4179,2022121303003388,JBBL,22,59,250,276.00,69000.00
4179,4180,2022121303003387,JBBL,45,59,18,277.00,4986.00
4180,4181,2022121303003386,SHINE,25,22,98,333.90,32722.20
4181,4182,2022121303003385,SHINE,25,53,10,333.00,3330.00
4182,4183,2022121303003384,SHINE,25,44,59,333.00,19647.00
4183,4184,2022121303003383,SHINE,25,32,33,332.00,10956.00
4184,4185,2022121301005263,NABIL,14,34,20,809.00,16180.00
4185,4186,2022121304002757,NGPL,34,59,20,207.00,4140.00
4186,4187,2022121301005262,NABIL,45,34,60,809.00,48540.00
4187,4188,2022121303003382,ALICL,55,1,100,511.00,51100.00
4188,4189,2022121303003381,ALICL,55,57,69,511.00,35259.00
4189,4190,2022121303003380,NRIC,43,44,46,693.00,31878.00
4190,4191,2022121301005261,BOKL,22,38,30,208.00,6240.00
4191,4192,2022121301005260,BOKL,22,29,173,208.00,35984.00
4192,4193,2022121303003379,NTC,56,57,10,907.00,9070.00
4193,4194,2022121304002756,LUK,47,37,3600,7.70,27720.00
4194,4195,2022121304002755,LUK,7,37,700,7.70,5390.00
4195,4196,2022121301005259,GBIME,19,59,20,212.00,4240.00
4196,4197,2022121301005258,RHGCL,22,7,10,207.00,2070.00
4197,4198,2022121304002754,PRIN,28,51,30,413.10,12393.00
4198,4199,2022121304002753,CGH,45,35,10,1000.10,10001.00
4199,4200,2022121301005257,KBL,13,16,200,185.00,37000.00
4200,4201,2022121303003378,ALICL,57,25,50,509.00,25450.00
4201,4202,2022121301005256,NCCB,38,21,396,184.00,72864.00
4202,4203,2022121301005255,NCCB,38,57,10,184.00,1840.00
4203,4204,2022121301005254,NCCB,38,17,94,184.00,17296.00
4204,4205,2022121301005253,SANIMA,26,59,10,224.00,2240.00
4205,4206,2022121301005252,SANIMA,13,59,20,224.00,4480.00
4206,4207,2022121304002752,AKJCL,1,44,10,171.00,1710.00
4207,4208,2022121304002751,IGI,44,28,10,365.00,3650.00
4208,4209,2022121304002750,IGI,44,58,100,364.90,36490.00
4209,4210,2022121304002749,IGI,44,6,100,364.00,36400.00
4210,4211,2022121301005251,USHEC,10,7,10,250.10,2501.00
4211,4212,2022121301005250,KBL,34,11,100,185.80,18580.00
4212,4213,2022121301005249,NABIL,34,8,40,809.80,32392.00
4213,4214,2022121305000734,SLI,55,45,10,335.00,3350.00
4214,4215,2022121305000733,SLI,55,45,10,335.00,3350.00
4215,4216,2022121301005248,NABIL,29,41,190,808.70,153653.00
4216,4217,2022121301005247,NABIL,52,41,10,809.00,8090.00
4217,4218,2022121304002748,MEN,21,54,10,726.00,7260.00
4218,4219,2022121301005246,NBL,19,17,304,275.00,83600.00
4219,4220,2022121301005245,NBL,17,17,100,275.00,27500.00
4220,4221,2022121301005244,NBL,58,17,50,275.00,13750.00
4221,4222,2022121301005243,NBL,22,17,120,275.00,33000.00
4222,4223,2022121301005242,NBL,20,17,490,275.10,134799.00
4223,4224,2022121301005241,NBL,41,17,36,275.20,9907.20
4224,4225,2022121301005240,UHEWA,47,34,10,349.90,3499.00
4225,4226,2022121301005239,NABIL,42,8,50,809.80,40490.00
4226,4227,2022121301005238,HDL,21,21,13,3830.00,49790.00
4227,4228,2022121305000732,MBJC,28,50,10,208.10,2081.00
4228,4229,2022121304002747,UPPER,56,49,85,393.00,33405.00
4229,4230,2022121303003377,NTC,56,42,100,907.80,90780.00
4230,4231,2022121303003376,CIT,57,22,25,1858.00,46450.00
4231,4232,2022121303003375,CIT,57,33,25,1854.90,46372.50
4232,4233,2022121303003374,NTC,39,32,448,905.20,405529.60
4233,4234,2022121303003373,NTC,13,32,10,906.00,9060.00
4234,4235,2022121301005237,SHIVM,21,53,90,550.10,49509.00
4235,4236,2022121301005236,GBIME,17,40,10,212.50,2125.00
4236,4237,2022121303003372,NIFRA,57,44,26,184.50,4797.00
4237,4238,2022121304002746,UPPER,45,49,83,393.00,32619.00
4238,4239,2022121304002745,UPPER,45,41,40,393.00,15720.00
4239,4240,2022121304002744,UPPER,45,58,345,393.00,135585.00
4240,4241,2022121304002743,UPPER,45,17,50,392.90,19645.00
4241,4242,2022121304002742,UPPER,45,25,337,392.90,132407.30
4242,4243,2022121304002741,UPPER,45,40,50,392.80,19640.00
4243,4244,2022121304002740,UPPER,45,58,20,392.50,7850.00
4244,4245,2022121304002739,CHCL,1,50,230,385.00,88550.00
4245,4246,2022121301005235,NIB,39,13,259,220.00,56980.00
4246,4247,2022121301005234,USHEC,10,34,10,250.10,2501.00
4247,4248,2022121304002738,NGPL,36,22,95,208.00,19760.00
4248,4249,2022121304002737,AHPC,42,55,20,271.50,5430.00
4249,4250,2022121304002736,AHPC,42,55,20,271.50,5430.00
4250,4251,2022121301005233,HDL,21,21,25,3830.00,95750.00
4251,4252,2022121301005232,GBIME,43,40,10,212.50,2125.00
4252,4253,2022121305000731,SAHAS,45,58,10,448.00,4480.00
4253,4254,2022121304002735,RADHI,16,29,500,216.00,108000.00
4254,4255,2022121304002734,RADHI,16,48,100,216.00,21600.00
4255,4256,2022121301005231,ADBL,4,54,20,312.00,6240.00
4256,4257,2022121301005230,ADBL,4,3,290,312.00,90480.00
4257,4258,2022121301005229,ADBL,4,34,10,311.90,3119.00
4258,4259,2022121303003371,ICFC,17,29,200,425.20,85040.00
4259,4260,2022121303003370,NIFRA,57,11,64,184.50,11808.00
4260,4261,2022121305000730,TPC,41,22,10,322.00,3220.00
4261,4262,2022121303003369,RLFL,22,35,40,295.00,11800.00
4262,4263,2022121301005228,NESDO,45,26,10,3310.00,33100.00
4263,4264,2022121303003368,SADBL,D01,45,300,300.50,90150.00
4264,4265,2022121304002733,RIDI,34,59,1000,489.00,489000.00
4265,4266,2022121304002732,RIDI,34,49,100,489.00,48900.00
4266,4267,2022121304002731,RIDI,34,56,300,488.90,146670.00
4267,4268,2022121303003367,NIFRA,49,46,11,184.70,2031.70
4268,4269,2022121301005227,NICA,58,33,10000,679.00,6790000.00
4269,4270,2022121304002730,PIC,21,14,20,521.30,10426.00
4270,4271,2022121301005226,NMB,1,39,20,231.00,4620.00
4271,4272,2022121303003366,ALBSL,28,44,16,910.00,14560.00
4272,4273,2022121303003365,LICN,25,47,20,1412.00,28240.00
4273,4274,2022121303003364,SADBL,35,45,887,300.00,266100.00
4274,4275,2022121301005225,BHL,22,44,10,245.00,2450.00
4275,4276,2022121304002729,UPPER,49,22,50,392.00,19600.00
4276,4277,2022121304002728,UPPER,49,37,320,392.00,125440.00
4277,4278,2022121301005224,MEGA,36,25,40,194.70,7788.00
4278,4279,2022121303003363,NIFRA,57,46,30,184.70,5541.00
4279,4280,2022121301005223,BHL,42,6,10,243.50,2435.00
4280,4281,2022121305000729,MKLB,45,54,10,840.00,8400.00
4281,4282,2022121304002727,UPPER,56,37,180,392.00,70560.00
4282,4283,2022121304002726,UPPER,56,37,65,392.00,25480.00
4283,4284,2022121301005222,PCBL,50,38,20,225.00,4500.00
4284,4285,2022121305000728,JALPA,17,58,10,3350.00,33500.00
4285,4286,2022121301005221,SRBL,29,26,57,185.00,10545.00
4286,4287,2022121301005220,CZBIL,14,14,141,180.50,25450.50
4287,4288,2022121304002725,NHPC,46,50,11,202.00,2222.00
4288,4289,2022121304002724,UPCL,49,22,40,216.00,8640.00
4289,4290,2022121301005219,MBL,7,26,63,212.50,13387.50
4290,4291,2022121303003362,NICLBSL,53,58,20,715.00,14300.00
4291,4292,2022121303003361,NTC,19,13,250,907.80,226950.00
4292,4293,2022121303003360,NTC,19,5,50,907.80,45390.00
4293,4294,2022121301005218,BHL,22,34,10,244.00,2440.00
4294,4295,2022121304002723,RIDI,25,56,200,488.90,97780.00
4295,4296,2022121304002722,API,21,25,120,209.00,25080.00
4296,4297,2022121301005217,DORDI,48,32,10,231.00,2310.00
4297,4298,2022121301005216,DORDI,48,34,10,230.00,2300.00
4298,4299,2022121305000727,TPC,58,29,300,322.00,96600.00
4299,4300,2022121304002721,JOSHI,22,44,20,187.00,3740.00
4300,4301,2022121301005215,CZBIL,52,58,170,180.80,30736.00
4301,4302,2022121305000726,MBJC,28,42,95,208.10,19769.50
4302,4303,2022121304002720,AHPC,32,55,30,271.50,8145.00
4303,4304,2022121304002719,AHPC,32,58,10,271.00,2710.00
4304,4305,2022121304002718,AHPC,32,38,10,270.00,2700.00
4305,4306,2022121304002717,UPPER,40,37,435,392.00,170520.00
4306,4307,2022121304002716,UPPER,40,54,20,392.00,7840.00
4307,4308,2022121304002715,UPPER,40,16,745,392.00,292040.00
4308,4309,2022121304002714,NICSF,7,45,200,7.89,1578.00
4309,4310,2022121303003359,ICFC,59,29,28,425.20,11905.60
4310,4311,2022121301005214,SGHC,44,35,10,250.10,2501.00
4311,4312,2022121301005213,SIKLES,49,34,10,376.00,3760.00
4312,4313,2022121301005212,SBI,5,39,15,279.00,4185.00
4313,4314,2022121304002713,NHPC,42,50,50,202.00,10100.00
4314,4315,2022121304002712,NHPC,42,22,100,201.90,20190.00
4315,4316,2022121304002711,NHPC,42,22,100,201.90,20190.00
4316,4317,2022121304002710,NHPC,42,8,750,201.80,151350.00
4317,4318,2022121305000725,MBJC,28,46,10,208.10,2081.00
4318,4319,2022121304002709,RHPL,33,45,100,229.50,22950.00
4319,4320,2022121301005211,PRVU,57,43,400,199.90,79960.00
4320,4321,2022121304002708,AKPL,29,7,78,345.00,26910.00
4321,4322,2022121304002707,AKPL,35,7,31,345.00,10695.00
4322,4323,2022121303003358,NTC,16,45,200,907.50,181500.00
4323,4324,2022121301005210,HDL,21,21,12,3830.00,45960.00
4324,4325,2022121301005209,HDL,21,35,13,3828.00,49764.00
4325,4326,2022121303003357,NTC,56,58,24,907.00,21768.00
4326,4327,2022121301005208,EBL,34,45,13,442.00,5746.00
4327,4328,2022121305000724,SLI,55,14,10,334.00,3340.00
4328,4329,2022121301005207,NCCB,13,17,10,184.00,1840.00
4329,4330,2022121301005206,NABIL,57,19,50,809.90,40495.00
4330,4331,2022121301005205,ULBSL,33,26,10,3420.00,34200.00
4331,4332,2022121301005204,SBL,46,45,15,311.40,4671.00
4332,4333,2022121301005203,SBL,22,45,100,311.50,31150.00
4333,4334,2022121301005202,SBL,34,45,75,311.50,23362.50
4334,4335,2022121301005201,SBL,34,45,30,311.60,9348.00
4335,4336,2022121301005200,SBL,7,45,30,311.60,9348.00
4336,4337,2022121301005199,SBL,25,45,100,311.60,31160.00
4337,4338,2022121304002706,RHPL,22,41,10,229.00,2290.00
4338,4339,2022121304002705,RHPL,22,19,500,229.00,114500.00
4339,4340,2022121304002704,RHPL,22,45,400,229.00,91600.00
4340,4341,2022121304002703,RHPL,22,26,20,229.00,4580.00
4341,4342,2022121304002702,RHPL,22,32,20,228.40,4568.00
4342,4343,2022121303003356,NLIC,33,21,100,609.00,60900.00
4343,4344,2022121301005198,KBL,53,11,20,185.80,3716.00
4344,4345,2022121303003355,NTC,56,51,40,907.00,36280.00
4345,4346,2022121304002701,UPPER,58,16,45,392.00,17640.00
4346,4347,2022121301005197,MBL,44,42,180,214.00,38520.00
4347,4348,2022121301005196,MBL,44,3,180,214.00,38520.00
4348,4349,2022121301005195,MBL,44,32,40,214.00,8560.00
4349,4350,2022121301005194,MBL,44,1,100,214.00,21400.00
4350,4351,2022121301005193,MBL,44,42,23,214.00,4922.00
4351,4352,2022121304002700,PRIN,49,58,10,408.00,4080.00
4352,4353,2022121301005192,NABIL,42,19,78,809.90,63172.20
4353,4354,2022121301005191,NABIL,42,22,100,809.80,80980.00
4354,4355,2022121305000723,SLI,17,47,10,330.30,3303.00
4355,4356,2022121301005190,NESDO,45,45,38,3310.00,125780.00
4356,4357,2022121301005189,NICA,58,40,500,679.00,339500.00
4357,4358,2022121303003354,NTC,56,14,16,907.00,14512.00
4358,4359,2022121303003353,NTC,56,53,80,907.00,72560.00
4359,4360,2022121303003352,NTC,56,34,600,907.00,544200.00
4360,4361,2022121303003351,NTC,56,57,150,907.00,136050.00
4361,4362,2022121303003350,NTC,56,26,50,907.00,45350.00
4362,4363,2022121303003349,NTC,56,22,20,907.00,18140.00
4363,4364,2022121303003348,NTC,56,59,10,907.00,9070.00
4364,4365,2022121303003347,NTC,56,6,10,906.00,9060.00
4365,4366,2022121304002699,OHL,38,25,10,490.80,4908.00
4366,4367,2022121301005188,SGHC,44,47,10,250.10,2501.00
4367,4368,2022121303003346,ICFC,17,29,200,425.20,85040.00
4368,4369,2022121304002698,UPPER,43,8,30,391.00,11730.00
4369,4370,2022121304002697,RADHI,1,22,250,215.00,53750.00
4370,4371,2022121301005187,NABIL,34,22,35,809.80,28343.00
4371,4372,2022121303003345,NTC,38,6,50,906.00,45300.00
4372,4373,2022121304002696,UPPER,47,8,20,391.00,7820.00
4373,4374,2022121304002695,RIDI,4,48,20,488.90,9778.00
4374,4375,2022121301005186,SANIMA,51,58,100,225.00,22500.00
4375,4376,2022121301005185,SANIMA,18,58,209,225.00,47025.00
4376,4377,2022121301005184,SGHC,44,50,10,250.10,2501.00
4377,4378,2022121304002694,SHPC,5,34,10,271.00,2710.00
4378,4379,2022121301005183,USHEC,10,59,10,250.10,2501.00
4379,4380,2022121303003344,CFCL,19,58,400,302.00,120800.00
4380,4381,2022121301005182,HDL,35,35,27,3828.00,103356.00
4381,4382,2022121301005181,HDL,35,35,13,3828.00,49764.00
4382,4383,2022121301005180,SBI,50,45,1047,277.00,290019.00
4383,4384,2022121301005179,RHGCL,22,34,10,207.00,2070.00
4384,4385,2022121303003343,SADBL,19,45,50,300.00,15000.00
4385,4386,2022121303003342,SADBL,21,45,63,300.00,18900.00
4386,4387,2022121301005178,PRVU,50,43,50,199.90,9995.00
4387,4388,2022121304002693,RIDI,4,33,180,488.90,88002.00
4388,4389,2022121301005177,GBIME,36,40,13,212.50,2762.50
4389,4390,2022121304002692,RIDI,59,48,45,488.50,21982.50
4390,4391,2022121304002691,RIDI,58,48,55,488.50,26867.50
4391,4392,2022121304002690,CGH,45,42,31,1000.10,31003.10
4392,4393,2022121304002689,CGH,54,42,10,1000.20,10002.00
4393,4394,2022121304002688,JOSHI,32,58,10,188.70,1887.00
4394,4395,2022121303003341,NLIC,55,21,10,609.00,6090.00
4395,4396,2022121304002687,RIDI,6,33,100,488.90,48890.00
4396,4397,2022121303003340,NTC,56,37,30,905.00,27150.00
4397,4398,2022121303003339,NTC,56,42,100,905.00,90500.00
4398,4399,2022121303003338,NTC,56,45,60,905.00,54300.00
4399,4400,2022121303003337,NTC,38,45,140,905.00,126700.00
4400,4401,2022121303003336,NTC,38,54,100,905.00,90500.00
4401,4402,2022121303003335,NTC,38,57,10,905.00,9050.00
4402,4403,2022121303003334,NTC,38,47,20,905.00,18100.00
4403,4404,2022121303003333,NTC,38,8,100,905.00,90500.00
4404,4405,2022121303003332,NTC,38,58,10,905.00,9050.00
4405,4406,2022121303003331,NTC,38,51,20,905.00,18100.00
4406,4407,2022121303003330,NTC,38,35,100,905.00,90500.00
4407,4408,2022121304002686,UMHL,53,21,180,224.80,40464.00
4408,4409,2022121304002685,UMHL,19,21,20,225.00,4500.00
4409,4410,2022121301005176,CZBIL,14,14,1359,180.50,245299.50
4410,4411,2022121304002684,UPPER,56,16,10,392.00,3920.00
4411,4412,2022121304002683,UPPER,56,22,200,392.00,78400.00
4412,4413,2022121304002682,UPPER,56,6,790,391.90,309601.00
4413,4414,2022121301005175,PCBL,44,38,10,225.00,2250.00
4414,4415,2022121303003329,NTC,25,35,400,905.00,362000.00
4415,4416,2022121303003328,NTC,25,13,100,905.00,90500.00
4416,4417,2022121304002681,GLH,43,46,10,235.60,2356.00
4417,4418,2022121305000722,MKJC,16,49,10,404.50,4045.00
4418,4419,2022121303003327,NTC,39,43,34,904.70,30759.80
4419,4420,2022121301005174,PPL,28,35,10,205.90,2059.00
4420,4421,2022121303003326,NTC,39,17,490,904.70,443303.00
4421,4422,2022121301005173,UHEWA,49,34,10,350.00,3500.00
4422,4423,2022121301005172,MHL,48,42,10,310.00,3100.00
4423,4424,2022121301005171,MHL,48,17,10,310.00,3100.00
4424,4425,2022121301005170,MHL,48,49,10,310.00,3100.00
4425,4426,2022121304002680,NGPL,34,22,120,208.00,24960.00
4426,4427,2022121301005169,RFPL,28,49,100,228.00,22800.00
4427,4428,2022121301005168,RFPL,28,33,200,227.90,45580.00
4428,4429,2022121303003325,NADEP,16,42,10,680.00,6800.00
4429,4430,2022121304002679,NGPL,49,22,33,208.00,6864.00
4430,4431,2022121304002678,SHPC,58,53,80,270.00,21600.00
4431,4432,2022121304002677,SHPC,52,53,20,270.10,5402.00
4432,4433,2022121301005167,NCCB,44,17,10,184.00,1840.00
4433,4434,2022121303003324,MERO,42,4,20,766.00,15320.00
4434,4435,2022121303003323,RSDC,49,45,11,530.00,5830.00
4435,4436,2022121303003322,NTC,42,17,10,904.70,9047.00
4436,4437,2022121304002676,RIDI,58,33,100,488.90,48890.00
4437,4438,2022121301005166,CZBIL,17,14,200,180.50,36100.00
4438,4439,2022121304002675,CHCL,1,58,30,385.00,11550.00
4439,4440,2022121301005165,PRVU,42,21,110,199.40,21934.00
4440,4441,2022121301005164,PRVU,42,21,90,199.50,17955.00
4441,4442,2022121301005163,GBIME,34,47,200,212.00,42400.00
4442,4443,2022121304002674,RIDI,41,33,100,488.90,48890.00
4443,4444,2022121301005162,NABIL,49,26,19,808.50,15361.50
4444,4445,2022121301005161,MEGA,29,42,40,193.10,7724.00
4445,4446,2022121301005160,MEGA,42,42,50,193.20,9660.00
4446,4447,2022121301005159,MEGA,25,42,10,193.20,1932.00
4447,4448,2022121304002673,UPPER,58,6,10,391.90,3919.00
4448,4449,2022121303003321,MFIL,33,35,22,417.50,9185.00
4449,4450,2022121303003320,NLICL,35,35,2,490.00,980.00
4450,4451,2022121303003319,NIFRA,57,41,12,184.50,2214.00
4451,4452,2022121301005158,NIB,16,21,40,219.10,8764.00
4452,4453,2022121303003318,ICFC,59,21,100,425.10,42510.00
4453,4454,2022121301005157,HDL,17,53,75,3825.00,286875.00
4454,4455,2022121301005156,HDL,45,53,10,3825.00,38250.00
4455,4456,2022121301005155,HDL,55,53,15,3825.00,57375.00
4456,4457,2022121301005154,PPL,28,58,10,204.00,2040.00
4457,4458,2022121304002672,API,21,29,480,209.00,100320.00
4458,4459,2022121301005153,ADBL,33,3,50,312.00,15600.00
4459,4460,2022121304002671,UMRH,50,58,300,409.00,122700.00
4460,4461,2022121301005152,AVYAN,32,46,10,695.00,6950.00
4461,4462,2022121301005151,AVYAN,32,49,10,695.00,6950.00
4462,4463,2022121301005150,USHEC,10,50,10,250.10,2501.00
4463,4464,2022121304002670,GIMES1,52,4,100,8.40,840.00
4464,4465,2022121303003317,LICN,19,47,150,1412.00,211800.00
4465,4466,2022121303003316,GRDBL,52,59,10,229.00,2290.00
4466,4467,2022121301005149,NABIL,55,26,11,808.50,8893.50
4467,4468,2022121304002669,UIC,58,57,100,340.10,34010.00
4468,4469,2022121301005148,PPL,21,40,10,200.10,2001.00
4469,4470,2022121301005147,NABIL,17,26,15,808.50,12127.50
4470,4471,2022121301005146,SIKLES,58,56,10,374.10,3741.00
4471,4472,2022121301005145,CBL,32,38,10,214.00,2140.00
4472,4473,2022121301005144,PPL,28,39,10,204.00,2040.00
4473,4474,2022121303003315,SWMF,13,34,20,720.00,14400.00
4474,4475,2022121303003314,CFCL,14,29,55,298.00,16390.00
4475,4476,2022121303003313,CFCL,25,29,300,298.10,89430.00
4476,4477,2022121305000721,SLI,55,56,10,332.00,3320.00
4477,4478,2022121303003312,NADEP,14,45,10,679.00,6790.00
4478,4479,2022121301005143,HDL,55,18,35,3825.00,133875.00
4479,4480,2022121301005142,HDL,38,18,10,3825.00,38250.00
4480,4481,2022121301005141,HDL,51,18,10,3825.00,38250.00
4481,4482,2022121301005140,HDL,32,18,20,3825.00,76500.00
4482,4483,2022121301005139,HDL,54,18,10,3826.00,38260.00
4483,4484,2022121301005138,HDL,55,18,15,3826.00,57390.00
4484,4485,2022121303003311,NLICL,1,35,50,498.00,24900.00
4485,4486,2022121304002668,API,38,29,20,209.00,4180.00
4486,4487,2022121303003310,NLIC,35,21,10,609.00,6090.00
4487,4488,2022121301005137,NBL,20,39,10,275.10,2751.00
4488,4489,2022121301005136,NBL,49,39,90,275.50,24795.00
4489,4490,2022121303003309,NTC,35,58,100,904.00,90400.00
4490,4491,2022121301005135,HHL,28,14,10,215.50,2155.00
4491,4492,2022121301005134,RHGCL,22,13,10,207.00,2070.00
4492,4493,2022121301005133,SIKLES,58,38,10,374.10,3741.00
4493,4494,2022121301005132,DORDI,16,13,10,230.00,2300.00
4494,4495,2022121304002667,UIC,58,36,350,340.00,119000.00
4495,4496,2022121303003308,SINDU,33,41,335,254.00,85090.00
4496,4497,2022121304002666,DHPL,6,16,100,175.00,17500.00
4497,4498,2022121303003307,LICN,14,47,30,1412.00,42360.00
4498,4499,2022121301005131,SRBL,29,37,100,185.00,18500.00
4499,4500,2022121301005130,SRBL,29,11,100,185.00,18500.00
4500,4501,2022121301005129,SRBL,29,50,250,185.00,46250.00
4501,4502,2022121301005128,SRBL,29,39,116,185.00,21460.00
4502,4503,2022121301005127,SRBL,29,4,280,184.80,51744.00
4503,4504,2022121301005126,SGHC,49,45,10,250.20,2502.00
4504,4505,2022121301005125,DLBS,14,42,10,407.40,4074.00
4505,4506,2022121304002665,RIDI,34,33,200,488.90,97780.00
4506,4507,2022121303003306,NIFRA,29,16,97,183.60,17809.20
4507,4508,2022121303003305,NIFRA,44,16,10,183.80,1838.00
4508,4509,2022121303003304,NIFRA,58,16,109,183.80,20034.20
4509,4510,2022121303003303,NIFRA,36,16,10,183.90,1839.00
4510,4511,2022121303003302,NIFRA,49,16,20,184.00,3680.00
4511,4512,2022121303003301,NIFRA,11,16,56,184.00,10304.00
4512,4513,2022121303003300,NLICL,58,35,200,498.00,99600.00
4513,4514,2022121303003299,SINDU,38,41,550,254.00,139700.00
4514,4515,2022121301005124,NABIL,17,22,15,809.80,12147.00
4515,4516,2022121304002664,UPPER,34,28,100,391.80,39180.00
4516,4517,2022121304002663,UMHL,56,48,200,226.00,45200.00
4517,4518,2022121301005123,SANIMA,18,59,10,225.00,2250.00
4518,4519,2022121304002662,UPCL,28,22,100,216.00,21600.00
4519,4520,2022121301005122,AVYAN,26,56,10,693.00,6930.00
4520,4521,2022121303003298,ICFC,6,3,100,426.00,42600.00
4521,4522,2022121303003297,ICFC,22,3,112,426.00,47712.00
4522,4523,2022121303003296,NTC,56,13,33,902.00,29766.00
4523,4524,2022121304002661,AKPL,16,25,95,345.00,32775.00
4524,4525,2022121301005121,SBL,51,35,30,312.00,9360.00
4525,4526,2022121303003295,PFL,52,21,87,332.10,28892.70
4526,4527,2022121303003294,JBBL,45,35,587,277.00,162599.00
4527,4528,2022121303003293,NTC,56,13,12,902.00,10824.00
4528,4529,2022121301005120,SANIMA,51,22,60,225.90,13554.00
4529,4530,2022121303003292,GBBL,58,41,10,379.00,3790.00
4530,4531,2022121301005119,HDL,38,32,10,3828.00,38280.00
4531,4532,2022121303003291,BFC,42,58,25,308.50,7712.50
4532,4533,2022121304002660,AIL,1,19,10,385.00,3850.00
4533,4534,2022121303003290,SINDU,33,41,500,254.00,127000.00
4534,4535,2022121301005118,SANIMA,18,5,281,225.00,63225.00
4535,4536,2022121301005117,SANIMA,42,5,20,225.00,4500.00
4536,4537,2022121304002659,UMHL,58,54,500,226.00,113000.00
4537,4538,2022121303003289,NIFRA,13,41,13,184.50,2398.50
4538,4539,2022121305000720,TPC,41,29,90,322.00,28980.00
4539,4540,2022121301005116,UHEWA,57,34,20,350.00,7000.00
4540,4541,2022121301005115,BHDC,47,38,10,342.10,3421.00
4541,4542,2022121304002658,SJCL,44,40,30,219.00,6570.00
4542,4543,2022121303003288,NSLB,42,52,10,746.20,7462.00
4543,4544,2022121303003287,HIDCL,10,3,74,165.40,12239.60
4544,4545,2022121303003286,MFIL,6,37,40,416.10,16644.00
4545,4546,2022121303003285,NLIC,51,6,20,610.00,12200.00
4546,4547,2022121304002657,HDHPC,57,58,100,173.10,17310.00
4547,4548,2022121304002656,RMF1,58,5,100,7.36,736.00
4548,4549,2022121304002655,NHPC,44,4,25,200.70,5017.50
4549,4550,2022121303003284,CBBL,16,21,22,1100.00,24200.00
4550,4551,2022121303003283,CBBL,49,21,20,1102.20,22044.00
4551,4552,2022121301005114,SIKLES,47,28,20,374.00,7480.00
4552,4553,2022121301005113,SIKLES,56,28,20,374.10,7482.00
4553,4554,2022121301005112,SIKLES,58,28,20,374.10,7482.00
4554,4555,2022121301005111,SIKLES,58,28,10,374.10,3741.00
4555,4556,2022121303003282,NIFRA,51,58,37,185.00,6845.00
4556,4557,2022121304002654,AIL,1,35,10,385.00,3850.00
4557,4558,2022121304002653,AIL,1,26,10,385.00,3850.00
4558,4559,2022121304002652,RIDI,10,33,100,488.90,48890.00
4559,4560,2022121305000719,NYADI,29,45,10,270.00,2700.00
4560,4561,2022121303003281,NLICL,52,35,250,498.00,124500.00
4561,4562,2022121304002651,AKPL,36,32,20,348.80,6976.00
4562,4563,2022121301005110,MEGA,34,42,10,194.00,1940.00
4563,4564,2022121303003280,NTC,56,49,50,902.00,45100.00
4564,4565,2022121304002650,PSF,33,5,100,7.64,764.00
4565,4566,2022121301005109,NABIL,45,16,100,808.00,80800.00
4566,4567,2022121301005108,NABIL,13,16,50,808.00,40400.00
4567,4568,2022121301005107,NABIL,42,16,50,808.00,40400.00
4568,4569,2022121303003279,NLIC,58,6,10,610.00,6100.00
4569,4570,2022121303003278,GBBL,44,41,100,379.00,37900.00
4570,4571,2022121303003277,GBBL,13,41,140,379.00,53060.00
4571,4572,2022121304002649,IGI,17,45,73,363.00,26499.00
4572,4573,2022121303003276,JBBL,56,35,23,277.00,6371.00
4573,4574,2022121305000718,JBLB,52,6,43,2730.00,117390.00
4574,4575,2022121305000717,ENL,50,10,20,590.00,11800.00
4575,4576,2022121301005106,HDL,25,35,50,3828.00,191400.00
4576,4577,2022121301005105,PCBL,48,39,80,224.00,17920.00
4577,4578,2022121301005104,PCBL,49,39,170,224.00,38080.00
4578,4579,2022121301005103,GVL,4,3,10,310.50,3105.00
4579,4580,2022121303003275,NTC,56,25,50,902.00,45100.00
4580,4581,2022121305000716,TPC,41,29,410,322.00,132020.00
4581,4582,2022121301005102,PCBL,49,5,30,224.00,6720.00
4582,4583,2022121301005101,PCBL,49,5,90,224.00,20160.00
4583,4584,2022121301005100,PCBL,3,5,20,224.00,4480.00
4584,4585,2022121301005099,PCBL,49,5,569,224.00,127456.00
4585,4586,2022121303003274,GLBSL,35,49,10,787.00,7870.00
4586,4587,2022121301005098,PPL,21,16,10,200.00,2000.00
4587,4588,2022121303003273,PROFL,28,38,10,285.70,2857.00
4588,4589,2022121303003272,GUFL,16,28,146,520.00,75920.00
4589,4590,2022121304002648,AIL,4,54,10,383.00,3830.00
4590,4591,2022121301005097,BHL,42,58,10,243.50,2435.00
4591,4592,2022121304002647,AHPC,53,14,125,269.00,33625.00
4592,4593,2022121304002646,AHPC,49,14,50,269.00,13450.00
4593,4594,2022121304002645,AHPC,34,14,300,269.00,80700.00
4594,4595,2022121304002644,AHPC,48,14,100,269.10,26910.00
4595,4596,2022121303003271,ILBS,34,7,720,860.50,619560.00
4596,4597,2022121303003270,ILBS,6,7,10,860.50,8605.00
4597,4598,2022121303003269,ILBS,4,7,270,863.00,233010.00
4598,4599,2022121301005096,HDL,58,21,50,3830.00,191500.00
4599,4600,2022121301005095,CBL,1,42,99,213.00,21087.00
4600,4601,2022121301005094,CBL,1,3,325,213.00,69225.00
4601,4602,2022121303003268,NIFRA,53,58,13,185.00,2405.00
4602,4603,2022121301005093,NMB,50,6,100,230.00,23000.00
4603,4604,2022121301005092,NESDO,32,45,12,3320.00,39840.00
4604,4605,2022121303003267,ILBS,4,7,130,863.00,112190.00
4605,4606,2022121303003266,ILBS,58,7,100,864.00,86400.00
4606,4607,2022121303003265,ILBS,17,7,50,865.00,43250.00
4607,4608,2022121303003264,ILBS,41,7,10,865.00,8650.00
4608,4609,2022121303003263,ILBS,50,7,125,870.00,108750.00
4609,4610,2022121303003262,ILBS,14,7,10,872.00,8720.00
4610,4611,2022121303003261,ILBS,53,7,100,872.10,87210.00
4611,4612,2022121303003260,ILBS,40,7,38,872.20,33143.60
4612,4613,2022121303003259,ILBS,6,7,20,872.30,17446.00
4613,4614,2022121303003258,ILBS,46,7,28,873.10,24446.80
4614,4615,2022121303003257,ILBS,14,7,50,873.20,43660.00
4615,4616,2022121303003256,ILBS,41,7,50,874.00,43700.00
4616,4617,2022121303003255,ILBS,22,7,20,875.00,17500.00
4617,4618,2022121303003254,ILBS,52,7,30,877.00,26310.00
4618,4619,2022121303003253,ILBS,14,7,50,877.00,43850.00
4619,4620,2022121303003252,ILBS,6,7,15,877.00,13155.00
4620,4621,2022121303003251,ILBS,14,7,10,878.00,8780.00
4621,4622,2022121303003250,ILBS,45,7,50,878.00,43900.00
4622,4623,2022121303003249,ILBS,14,7,34,878.00,29852.00
4623,4624,2022121303003248,ILBS,8,7,35,878.10,30733.50
4624,4625,2022121303003247,NADEP,17,45,10,679.00,6790.00
4625,4626,2022121304002643,OHL,54,5,38,481.20,18285.60
4626,4627,2022121301005091,GBIME,50,40,110,212.50,23375.00
4627,4628,2022121301005090,GBIME,50,49,42,212.50,8925.00
4628,4629,2022121303003246,NTC,56,51,48,902.00,43296.00
4629,4630,2022121301005089,KBL,53,45,150,185.40,27810.00
4630,4631,2022121303003245,LICN,51,16,105,1410.00,148050.00
4631,4632,2022121304002642,RIDI,54,33,20,488.90,9778.00
4632,4633,2022121304002641,RIDI,59,33,200,488.90,97780.00
4633,4634,2022121303003244,CBBL,19,21,10,1102.50,11025.00
4634,4635,2022121303003243,CBBL,42,21,90,1103.00,99270.00
4635,4636,2022121303003242,CBBL,49,21,18,1105.00,19890.00
4636,4637,2022121303003241,CBBL,48,21,100,1105.00,110500.00
4637,4638,2022121303003240,CBBL,38,21,14,1105.50,15477.00
4638,4639,2022121303003239,CBBL,34,21,55,1106.00,60830.00
4639,4640,2022121301005088,SGHC,56,7,30,250.00,7500.00
4640,4641,2022121304002640,API,33,57,18,209.00,3762.00
4641,4642,2022121304002639,API,33,38,520,209.00,108680.00
4642,4643,2022121303003238,SMFDB,49,43,40,1224.00,48960.00
4643,4644,2022121304002638,AHPC,22,58,10,270.00,2700.00
4644,4645,2022121301005087,PPL,28,58,10,202.00,2020.00
4645,4646,2022121301005086,RFPL,28,7,10,225.00,2250.00
4646,4647,2022121301005085,CCBL,44,45,1057,190.00,200830.00
4647,4648,2022121304002637,SSHL,41,10,1000,171.00,171000.00
4648,4649,2022121304002636,SHEL,35,49,10,230.00,2300.00
4649,4650,2022121301005084,KBL,53,32,30,185.30,5559.00
4650,4651,2022121303003237,SFCL,57,45,41,257.00,10537.00
4651,4652,2022121303003236,MFIL,6,4,25,416.10,10402.50
4652,4653,2022121301005083,GBIME,50,34,48,212.00,10176.00
4653,4654,2022121301005082,SGHC,56,55,10,250.00,2500.00
4654,4655,2022121303003235,NIFRA,58,47,10,185.00,1850.00
4655,4656,2022121301005081,SHIVM,16,38,59,551.00,32509.00
4656,4657,2022121304002635,HDHPC,40,1,40,174.00,6960.00
4657,4658,2022121304002634,HDHPC,40,35,260,174.00,45240.00
4658,4659,2022121304002633,AIL,1,52,10,384.00,3840.00
4659,4660,2022121304002632,RIDI,59,33,255,488.90,124669.50
4660,4661,2022121303003234,ICFC,22,57,100,426.00,42600.00
4661,4662,2022121304002631,PRIN,46,51,10,405.00,4050.00
4662,4663,2022121301005080,NICFC,58,5,100,7.75,775.00
4663,4664,2022121304002630,UPPER,28,6,50,391.90,19595.00
4664,4665,2022121301005079,SHIVM,34,44,240,550.10,132024.00
4665,4666,2022121304002629,API,13,38,20,209.00,4180.00
4666,4667,2022121304002628,UPPER,57,6,150,391.90,58785.00
4667,4668,2022121301005078,HHL,7,59,10,215.10,2151.00
4668,4669,2022121303003233,MFIL,6,35,50,416.10,20805.00
4669,4670,2022121304002627,HDHPC,17,35,460,174.00,80040.00
4670,4671,2022121304002626,HDHPC,17,52,500,174.00,87000.00
4671,4672,2022121304002625,HDHPC,17,35,40,174.00,6960.00
4672,4673,2022121301005077,SIKLES,49,45,10,376.00,3760.00
4673,4674,2022121301005076,SIKLES,49,51,10,376.00,3760.00
4674,4675,2022121304002624,RADHI,56,22,250,215.00,53750.00
4675,4676,2022121304002623,RADHI,56,52,100,214.90,21490.00
4676,4677,2022121301005075,NICA,58,58,190,681.00,129390.00
4677,4678,2022121301005074,NICA,58,5,561,679.00,380919.00
4678,4679,2022121304002622,RIDI,6,33,145,488.90,70890.50
4679,4680,2022121304002621,RIDI,6,3,55,488.80,26884.00
4680,4681,2022121303003232,NTC,56,58,10,902.00,9020.00
4681,4682,2022121303003231,NTC,56,8,174,902.00,156948.00
4682,4683,2022121301005073,NBL,58,57,100,276.00,27600.00
4683,4684,2022121303003230,NTC,25,8,200,902.00,180400.00
4684,4685,2022121301005072,NBL,58,57,10,276.00,2760.00
4685,4686,2022121304002620,NIBSF2,33,5,100,6.99,699.00
4686,4687,2022121301005071,NMB,1,39,20,231.00,4620.00
4687,4688,2022121301005070,NCCB,14,45,58,182.00,10556.00
4688,4689,2022121301005069,NCCB,14,4,200,182.00,36400.00
4689,4690,2022121303003229,NADEP,34,42,71,680.00,48280.00
4690,4691,2022121303003228,NTC,44,8,85,902.00,76670.00
4691,4692,2022121301005068,NBL,33,57,33,276.00,9108.00
4692,4693,2022121301005067,NBL,33,38,17,276.00,4692.00
4693,4694,2022121303003227,CIT,49,19,201,1854.00,372654.00
4694,4695,2022121303003226,CIT,49,19,250,1850.00,462500.00
4695,4696,2022121303003225,CIT,49,45,29,1850.00,53650.00
4696,4697,2022121303003224,NRN,16,47,10,400.00,4000.00
4697,4698,2022121303003223,NTC,1,8,50,902.00,45100.00
4698,4699,2022121303003222,SMFDB,43,16,10,1225.00,12250.00
4699,4700,2022121303003221,SMFDB,43,20,10,1225.00,12250.00
4700,4701,2022121304002619,AIL,4,22,10,383.00,3830.00
4701,4702,2022121303003220,NTC,5,8,200,902.00,180400.00
4702,4703,2022121301005066,NIB,16,5,35,219.10,7668.50
4703,4704,2022121301005065,NIB,55,5,100,219.10,21910.00
4704,4705,2022121301005064,NIB,7,5,10,219.20,2192.00
4705,4706,2022121303003219,NICLBSL,4,38,10,715.00,7150.00
4706,4707,2022121303003218,NICLBSL,4,17,10,715.00,7150.00
4707,4708,2022121303003217,NICLBSL,4,57,10,715.00,7150.00
4708,4709,2022121303003216,ALICL,57,57,156,511.00,79716.00
4709,4710,2022121304002618,UPPER,56,25,250,391.00,97750.00
4710,4711,2022121304002617,UPPER,56,41,20,391.00,7820.00
4711,4712,2022121304002616,UPPER,56,34,10,391.00,3910.00
4712,4713,2022121304002615,UPPER,56,58,1000,391.00,391000.00
4713,4714,2022121304002614,UPPER,56,4,161,391.00,62951.00
4714,4715,2022121303003215,RLFL,38,35,10,295.00,2950.00
4715,4716,2022121305000715,SAHAS,45,14,10,448.00,4480.00
4716,4717,2022121303003214,NIFRA,53,47,40,185.00,7400.00
4717,4718,2022121303003213,NIFRA,53,32,360,185.00,66600.00
4718,4719,2022121303003212,CBBL,36,21,106,1106.50,117289.00
4719,4720,2022121304002613,NICSF,7,47,5900,8.05,47495.00
4720,4721,2022121304002612,NEF,7,5,857,7.83,6710.31
4721,4722,2022121304002611,NEF,37,5,2934,7.84,23002.56
4722,4723,2022121304002610,NEF,58,5,1037,7.91,8202.67
4723,4724,2022121301005063,NABIL,34,41,60,807.50,48450.00
4724,4725,2022121303003211,SMFDB,49,36,120,1224.00,146880.00
4725,4726,2022121303003210,SMFDB,49,16,10,1222.00,12220.00
4726,4727,2022121301005062,SCB,26,45,250,403.00,100750.00
4727,4728,2022121301005061,SCB,26,45,350,402.90,141015.00
4728,4729,2022121301005060,SHIVM,21,49,500,550.20,275100.00
4729,4730,2022121301005059,PCBL,45,22,5,224.00,1120.00
4730,4731,2022121301005058,PCBL,45,22,25,224.00,5600.00
4731,4732,2022121301005057,PCBL,1,22,200,224.00,44800.00
4732,4733,2022121301005056,PCBL,45,22,20,224.00,4480.00
4733,4734,2022121301005055,PCBL,20,22,50,224.00,11200.00
4734,4735,2022121305000714,SAHAS,45,55,10,450.00,4500.00
4735,4736,2022121305000713,SAHAS,45,32,10,450.00,4500.00
4736,4737,2022121305000712,SAHAS,45,51,10,450.00,4500.00
4737,4738,2022121301005054,NESDO,57,45,50,3320.00,166000.00
4738,4739,2022121301005053,NESDO,57,59,10,3319.00,33190.00
4739,4740,2022121304002609,UPPER,59,4,245,391.00,95795.00
4740,4741,2022121303003209,ALICL,57,51,20,510.00,10200.00
4741,4742,2022121303003208,ALICL,57,59,183,510.00,93330.00
4742,4743,2022121303003207,ALICL,57,48,572,510.00,291720.00
4743,4744,2022121303003206,ALICL,57,36,37,510.00,18870.00
4744,4745,2022121303003205,ALICL,57,35,32,509.00,16288.00
4745,4746,2022121301005052,PRVU,14,35,50,200.00,10000.00
4746,4747,2022121301005051,ADBL,25,3,10,312.00,3120.00
4747,4748,2022121301005050,NBL,22,5,880,275.00,242000.00
4748,4749,2022121301005049,NBL,48,5,17,275.00,4675.00
4749,4750,2022121301005048,NBL,11,5,50,275.00,13750.00
4750,4751,2022121301005047,NBL,17,5,17,275.00,4675.00
4751,4752,2022121301005046,NBL,49,5,36,275.00,9900.00
4752,4753,2022121301005045,PCBL,45,44,15,224.00,3360.00
4753,4754,2022121301005044,PCBL,22,44,10,224.50,2245.00
4754,4755,2022121301005043,CCBL,44,28,123,190.00,23370.00
4755,4756,2022121301005042,CCBL,44,49,30,190.00,5700.00
4756,4757,2022121301005041,CCBL,44,39,40,190.00,7600.00
4757,4758,2022121301005040,CCBL,44,19,500,190.00,95000.00
4758,4759,2022121301005039,CCBL,44,59,400,190.00,76000.00
4759,4760,2022121301005038,CCBL,44,35,105,190.00,19950.00
4760,4761,2022121301005037,CCBL,44,22,100,190.00,19000.00
4761,4762,2022121301005036,CCBL,44,21,39,190.00,7410.00
4762,4763,2022121301005035,CCBL,44,49,10,190.00,1900.00
4763,4764,2022121301005034,CCBL,44,6,15,190.00,2850.00
4764,4765,2022121301005033,CCBL,44,28,50,189.00,9450.00
4765,4766,2022121301005032,CCBL,44,45,1764,188.90,333219.60
4766,4767,2022121301005031,MBL,48,42,50,214.00,10700.00
4767,4768,2022121305000711,SLI,55,49,16,332.00,5312.00
4768,4769,2022121303003204,CIT,57,45,20,1850.00,37000.00
4769,4770,2022121303003203,MFIL,6,58,10,416.10,4161.00
4770,4771,2022121304002608,UIC,42,36,100,340.00,34000.00
4771,4772,2022121301005030,NBL,7,5,98,275.00,26950.00
4772,4773,2022121301005029,NBL,57,5,10,275.00,2750.00
4773,4774,2022121301005028,NBL,29,5,200,275.10,55020.00
4774,4775,2022121301005027,NBL,34,5,500,275.20,137600.00
4775,4776,2022121301005026,NBL,49,5,25,275.40,6885.00
4776,4777,2022121301005025,NBL,19,5,90,275.40,24786.00
4777,4778,2022121301005024,NBL,4,5,11,275.50,3030.50
4778,4779,2022121304002607,UPPER,59,34,10,390.90,3909.00
4779,4780,2022121304002606,UPPER,59,37,245,390.90,95770.50
4780,4781,2022121304002605,NICSF,7,39,20000,8.05,161000.00
4781,4782,2022121304002604,NICSF,7,26,1400,8.05,11270.00
4782,4783,2022121304002603,NICSF,7,6,1200,8.04,9648.00
4783,4784,2022121304002602,NICSF,7,6,1000,8.04,8040.00
4784,4785,2022121304002601,NICSF,7,10,1750,8.00,14000.00
4785,4786,2022121304002600,NICSF,7,21,2000,7.99,15980.00
4786,4787,2022121304002599,CHCL,35,21,55,383.00,21065.00
4787,4788,2022121305000710,SLI,21,49,40,332.00,13280.00
4788,4789,2022121305000709,SLI,34,49,100,332.10,33210.00
4789,4790,2022121303003202,HIDCL,55,22,50,166.00,8300.00
4790,4791,2022121303003201,GBLBS,41,34,15,593.00,8895.00
4791,4792,2022121303003200,ALBSL,14,14,150,909.00,136350.00
4792,4793,2022121303003199,ALBSL,22,14,190,911.00,173090.00
4793,4794,2022121303003198,FMDBL,34,55,140,707.00,98980.00
4794,4795,2022121301005023,NABIL,57,5,64,805.00,51520.00
4795,4796,2022121301005022,NABIL,58,5,25,805.00,20125.00
4796,4797,2022121301005021,NABIL,56,5,14,805.00,11270.00
4797,4798,2022121301005020,NABIL,57,5,25,805.10,20127.50
4798,4799,2022121301005019,NABIL,45,5,20,805.20,16104.00
4799,4800,2022121301005018,NABIL,7,5,100,806.00,80600.00
4800,4801,2022121301005017,NABIL,44,5,152,806.00,122512.00
4801,4802,2022121301005016,SIKLES,58,58,10,374.10,3741.00
4802,4803,2022121301005015,NMB,1,39,17,231.00,3927.00
4803,4804,2022121301005014,NMB,1,21,33,231.00,7623.00
4804,4805,2022121301005013,NABIL,44,5,348,806.00,280488.00
4805,4806,2022121301005012,NABIL,32,5,70,806.00,56420.00
4806,4807,2022121301005011,GVL,48,54,40,311.00,12440.00
4807,4808,2022121303003197,MLBL,36,3,10,344.00,3440.00
4808,4809,2022121303003196,JBBL,57,35,80,277.00,22160.00
4809,4810,2022121303003195,NTC,13,8,200,902.00,180400.00
4810,4811,2022121301005010,NABIL,32,25,30,806.00,24180.00
4811,4812,2022121301005009,NABIL,58,25,10,806.00,8060.00
4812,4813,2022121303003194,NTC,5,8,200,902.00,180400.00
4813,4814,2022121303003193,GBBL,17,58,499,380.00,189620.00
4814,4815,2022121303003192,SMFDB,10,45,100,1220.10,122010.00
4815,4816,2022121301005008,GBIME,13,42,301,210.00,63210.00
4816,4817,2022121301005007,GBIME,41,42,330,210.10,69333.00
4817,4818,2022121301005006,GBIME,58,42,54,210.10,11345.40
4818,4819,2022121301005005,GBIME,3,42,10,211.00,2110.00
4819,4820,2022121303003191,MFIL,6,49,97,416.10,40361.70
4820,4821,2022121301005004,GVL,53,22,10,310.30,3103.00
4821,4822,2022121305000708,NYADI,22,57,10,270.00,2700.00
4822,4823,2022121303003190,CFCL,51,16,343,297.00,101871.00
4823,4824,2022121304002598,UPPER,56,22,20,390.50,7810.00
4824,4825,2022121301005003,PRVU,57,35,50,200.00,10000.00
4825,4826,2022121301005002,KBL,13,57,10,185.00,1850.00
4826,4827,2022121301005001,KBL,13,41,20,185.00,3700.00
4827,4828,2022121301005000,KBL,13,57,163,185.00,30155.00
4828,4829,2022121301004999,KBL,13,25,16,185.00,2960.00
4829,4830,2022121301004998,KBL,13,35,90,185.00,16650.00
4830,4831,2022121301004997,KBL,13,38,263,185.00,48655.00
4831,4832,2022121303003189,GBBL,36,50,10,380.50,3805.00
4832,4833,2022121301004996,MMF1,6,5,100,7.12,712.00
4833,4834,2022121301004995,NABIL,52,19,332,809.90,268886.80
4834,4835,2022121301004994,NABIL,52,7,100,809.00,80900.00
4835,4836,2022121301004993,NABIL,52,28,50,807.00,40350.00
4836,4837,2022121301004992,NABIL,52,14,18,807.00,14526.00
4837,4838,2022121303003188,NLIC,14,6,100,610.00,61000.00
4838,4839,2022121301004991,NICA,52,53,310,680.00,210800.00
4839,4840,2022121304002597,AIL,1,28,10,383.00,3830.00
4840,4841,2022121301004990,CCBL,21,45,60,188.90,11334.00
4841,4842,2022121303003187,NTC,58,8,10,902.00,9020.00
4842,4843,2022121303003186,JBBL,4,35,100,277.00,27700.00
4843,4844,2022121301004989,SBL,41,35,200,312.00,62400.00
4844,4845,2022121301004988,BOKL,26,49,11,206.50,2271.50
4845,4846,2022121304002596,AHPC,22,49,70,270.00,18900.00
4846,4847,2022121304002595,AHPC,22,56,64,270.00,17280.00
4847,4848,2022121304002594,AHPC,22,35,50,269.90,13495.00
4848,4849,2022121301004987,PCBL,57,38,80,225.00,18000.00
4849,4850,2022121303003185,JBBL,35,22,32,276.00,8832.00
4850,4851,2022121303003184,JBBL,42,22,68,276.00,18768.00
4851,4852,2022121301004986,MEGA,29,5,273,193.10,52716.30
4852,4853,2022121305000707,SAHAS,44,8,10,447.60,4476.00
4853,4854,2022121304002593,UPPER,49,17,36,390.00,14040.00
4854,4855,2022121304002592,UPPER,58,17,40,390.00,15600.00
4855,4856,2022121301004985,NABIL,19,14,75,807.00,60525.00
4856,4857,2022121303003183,RMDC,54,37,35,953.00,33355.00
4857,4858,2022121303003182,NTC,56,8,242,904.00,218768.00
4858,4859,2022121304002591,UPPER,6,22,25,390.50,9762.50
4859,4860,2022121303003181,CIT,59,45,11,1850.00,20350.00
4860,4861,2022121305000706,SLI,55,1,10,334.00,3340.00
4861,4862,2022121303003180,CBBL,58,6,33,1109.30,36606.90
4862,4863,2022121301004984,CBL,43,3,90,213.00,19170.00
4863,4864,2022121303003179,NLIC,51,42,26,606.00,15756.00
4864,4865,2022121303003178,NLIC,58,42,28,606.00,16968.00
4865,4866,2022121303003177,HIDCL,21,22,100,166.00,16600.00
4866,4867,2022121303003176,HIDCL,21,22,12,166.00,1992.00
4867,4868,2022121303003175,HIDCL,10,5,89,165.40,14720.60
4868,4869,2022121303003174,HIDCL,45,5,20,165.50,3310.00
4869,4870,2022121305000705,NYADI,50,8,10,268.30,2683.00
4870,4871,2022121304002590,UPPER,58,22,50,390.50,19525.00
4871,4872,2022121301004983,SHIVM,49,38,40,551.00,22040.00
4872,4873,2022121303003173,NTC,56,58,100,904.00,90400.00
4873,4874,2022121303003172,NTC,56,56,25,904.00,22600.00
4874,4875,2022121303003171,NTC,56,53,10,904.00,9040.00
4875,4876,2022121303003170,NTC,56,42,310,904.00,280240.00
4876,4877,2022121303003169,NTC,56,34,110,904.00,99440.00
4877,4878,2022121303003168,NTC,56,22,20,903.00,18060.00
4878,4879,2022121303003167,NTC,56,14,50,903.00,45150.00
4879,4880,2022121303003166,NTC,56,13,100,903.00,90300.00
4880,4881,2022121303003165,NTC,56,33,33,903.00,29799.00
4881,4882,2022121303003164,LBBL,25,32,138,319.00,44022.00
4882,4883,2022121303003163,LBBL,44,32,12,319.10,3829.20
4883,4884,2022121301004982,NABIL,52,14,10,807.00,8070.00
4884,4885,2022121304002589,SHL,52,1,264,217.90,57525.60
4885,4886,2022121301004981,BHDC,47,49,10,342.10,3421.00
4886,4887,2022121301004980,NBF3,58,41,100,7.30,730.00
4887,4888,2022121304002588,CHCL,35,5,119,383.00,45577.00
4888,4889,2022121304002587,CHCL,47,5,78,383.00,29874.00
4889,4890,2022121303003162,HIDCL,44,22,20,166.00,3320.00
4890,4891,2022121304002586,GHL,36,34,30,192.10,5763.00
4891,4892,2022121304002585,UPPER,41,22,10,390.50,3905.00
4892,4893,2022121304002584,CGH,45,19,10,1000.10,10001.00
4893,4894,2022121303003161,NIFRA,48,32,10,185.00,1850.00
4894,4895,2022121303003160,NIFRA,48,46,18,184.70,3324.60
4895,4896,2022121301004979,NBF3,36,34,100,7.35,735.00
4896,4897,2022121304002583,NICSF,7,47,30000,7.95,238500.00
4897,4898,2022121301004978,CCBL,21,41,40,188.80,7552.00
4898,4899,2022121303003159,JBBL,22,35,320,277.00,88640.00
4899,4900,2022121301004977,HDL,45,32,12,3828.00,45936.00
4900,4901,2022121301004976,HDL,16,32,20,3828.00,76560.00
4901,4902,2022121301004975,CCBL,48,5,68,188.10,12790.80
4902,4903,2022121301004974,CCBL,58,5,30,188.20,5646.00
4903,4904,2022121304002582,CHCL,34,32,97,385.00,37345.00
4904,4905,2022121301004973,RHGCL,41,49,10,206.10,2061.00
4905,4906,2022121303003158,SKBBL,20,13,86,1118.00,96148.00
4906,4907,2022121303003157,SKBBL,20,26,114,1118.00,127452.00
4907,4908,2022121303003156,SKBBL,20,53,50,1118.00,55900.00
4908,4909,2022121303003155,GMFIL,41,58,42,308.00,12936.00
4909,4910,2022121304002581,HEI,51,32,1000,364.00,364000.00
4910,4911,2022121304002580,HEI,51,34,300,364.00,109200.00
4911,4912,2022121304002579,RHPL,6,54,10,228.00,2280.00
4912,4913,2022121301004972,MMF1,54,41,100,7.13,713.00
4913,4914,2022121301004971,CBL,52,5,165,212.20,35013.00
4914,4915,2022121301004970,CBL,43,5,50,212.20,10610.00
4915,4916,2022121303003154,NTC,58,33,40,903.00,36120.00
4916,4917,2022121303003153,NTC,58,19,10,902.00,9020.00
4917,4918,2022121303003152,NABBC,35,3,10,357.00,3570.00
4918,4919,2022121304002578,GLH,43,8,10,235.60,2356.00
4919,4920,2022121303003151,NADEP,34,57,29,680.00,19720.00
4920,4921,2022121303003150,NADEP,54,57,30,680.00,20400.00
4921,4922,2022121303003149,NADEP,41,57,51,680.00,34680.00
4922,4923,2022121303003148,NADEP,1,57,200,680.00,136000.00
4923,4924,2022121303003147,NADEP,53,57,20,680.00,13600.00
4924,4925,2022121303003146,NADEP,45,57,10,680.00,6800.00
4925,4926,2022121303003145,NADEP,51,57,10,680.00,6800.00
4926,4927,2022121303003144,NADEP,16,57,20,681.10,13622.00
4927,4928,2022121303003143,NADEP,49,57,10,681.20,6812.00
4928,4929,2022121303003142,NADEP,53,57,75,681.20,51090.00
4929,4930,2022121303003141,NADEP,33,57,45,681.30,30658.50
4930,4931,2022121303003140,NLICL,7,35,10,498.00,4980.00
4931,4932,2022121301004969,BOKL,26,5,19,206.50,3923.50
4932,4933,2022121301004968,BOKL,6,5,59,206.50,12183.50
4933,4934,2022121304002577,CHCL,47,34,140,383.00,53620.00
4934,4935,2022121304002576,CHCL,49,34,10,383.10,3831.00
4935,4936,2022121301004967,NABIL,20,14,250,807.00,201750.00
4936,4937,2022121304002575,RIDI,56,33,500,488.90,244450.00
4937,4938,2022121303003139,RMDC,58,19,110,950.00,104500.00
4938,4939,2022121303003138,RMDC,58,58,20,950.00,19000.00
4939,4940,2022121303003137,RMDC,58,34,90,950.00,85500.00
4940,4941,2022121301004966,RFPL,28,22,10,224.00,2240.00
4941,4942,2022121301004965,RFPL,28,25,10,224.00,2240.00
4942,4943,2022121303003136,RMDC,34,34,20,950.00,19000.00
4943,4944,2022121301004964,USHEC,10,49,10,250.10,2501.00
4944,4945,2022121301004963,CZBIL,14,44,2000,180.50,361000.00
4945,4946,2022121304002574,SHPC,58,28,500,270.00,135000.00
4946,4947,2022121303003135,NLICL,14,35,100,498.00,49800.00
4947,4948,2022121304002573,RHPL,6,34,70,228.00,15960.00
4948,4949,2022121301004962,HDL,16,32,10,3828.00,38280.00
4949,4950,2022121301004961,NBL,58,38,35,276.00,9660.00
4950,4951,2022121303003134,NIFRA,58,46,36,184.70,6649.20
4951,4952,2022121304002572,SHPC,58,7,129,270.00,34830.00
4952,4953,2022121303003133,SFCL,28,55,1000,257.70,257700.00
4953,4954,2022121301004960,NABIL,57,14,30,807.00,24210.00
4954,4955,2022121303003132,KRBL,44,29,512,253.00,129536.00
4955,4956,2022121303003131,KRBL,41,29,20,253.00,5060.00
4956,4957,2022121301004959,PPL,34,17,10,198.80,1988.00
4957,4958,2022121303003130,NTC,1,58,35,900.00,31500.00
4958,4959,2022121301004958,MBL,37,41,20,212.00,4240.00
4959,4960,2022121305000704,SLI,55,28,10,332.10,3321.00
4960,4961,2022121303003129,GBLBS,41,57,15,591.00,8865.00
4961,4962,2022121301004957,CZBIL,14,6,338,180.00,60840.00
4962,4963,2022121303003128,RMDC,57,34,20,950.00,19000.00
4963,4964,2022121301004956,SRBL,43,36,60,184.40,11064.00
4964,4965,2022121301004955,SGHC,44,58,10,251.00,2510.00
4965,4966,2022121301004954,SGHC,44,36,10,251.00,2510.00
4966,4967,2022121301004953,SGHC,44,1,10,251.00,2510.00
4967,4968,2022121301004952,SGHC,44,51,10,250.10,2501.00
4968,4969,2022121301004951,SGHC,44,55,10,250.00,2500.00
4969,4970,2022121301004950,SGHC,44,55,10,250.00,2500.00
4970,4971,2022121301004949,SGHC,44,49,10,250.00,2500.00
4971,4972,2022121301004948,HDL,7,47,68,3829.50,260406.00
4972,4973,2022121301004947,NABIL,50,14,500,807.00,403500.00
4973,4974,2022121303003127,NRIC,58,57,76,695.90,52888.40
4974,4975,2022121303003126,NRIC,58,58,18,695.80,12524.40
4975,4976,2022121305000703,SLI,55,6,10,334.00,3340.00
4976,4977,2022121301004946,NABIL,34,14,10,807.00,8070.00
4977,4978,2022121303003125,NRN,46,50,10,398.00,3980.00
4978,4979,2022121301004945,NABIL,14,14,20,807.00,16140.00
4979,4980,2022121304002571,UPPER,58,26,10,390.00,3900.00
4980,4981,2022121304002570,UPPER,50,26,10,390.00,3900.00
4981,4982,2022121301004944,USHEC,58,58,10,250.00,2500.00
4982,4983,2022121301004943,USHEC,58,58,10,250.00,2500.00
4983,4984,2022121301004942,USHEC,58,6,10,250.00,2500.00
4984,4985,2022121301004941,USHEC,58,43,10,250.00,2500.00
4985,4986,2022121301004940,USHEC,58,42,10,250.00,2500.00
4986,4987,2022121301004939,USHEC,58,58,10,250.00,2500.00
4987,4988,2022121301004938,USHEC,58,4,10,250.00,2500.00
4988,4989,2022121301004937,USHEC,58,49,10,250.00,2500.00
4989,4990,2022121301004936,USHEC,58,38,10,250.00,2500.00
4990,4991,2022121301004935,USHEC,58,38,10,250.00,2500.00
4991,4992,2022121301004934,USHEC,58,53,10,250.00,2500.00
4992,4993,2022121301004933,USHEC,58,58,10,249.80,2498.00
4993,4994,2022121301004932,AVYAN,3,55,10,693.00,6930.00
4994,4995,2022121301004931,AVYAN,3,58,10,693.00,6930.00
4995,4996,2022121303003124,NTC,1,53,10,900.00,9000.00
4996,4997,2022121301004930,LBL,14,43,100,192.10,19210.00
4997,4998,2022121303003123,EDBL,21,38,12,305.00,3660.00
4998,4999,2022121301004929,PRVU,58,6,50,199.50,9975.00
4999,5000,2022121301004928,PRVU,49,6,50,199.50,9975.00
5000,5001,2022121301004927,PRVU,39,6,300,199.50,59850.00
5001,5002,2022121303003122,NTC,58,14,500,900.00,450000.00
5002,5003,2022121303003121,NTC,58,14,193,900.00,173700.00
5003,5004,2022121303003120,PFL,28,45,10,336.00,3360.00
5004,5005,2022121301004926,SIKLES,48,49,10,375.00,3750.00
5005,5006,2022121305000702,MBJC,28,26,10,208.10,2081.00
5006,5007,2022121304002569,UPPER,50,54,10,390.00,3900.00
5007,5008,2022121303003119,GMFBS,16,34,14,790.00,11060.00
5008,5009,2022121301004925,USHEC,10,8,10,247.10,2471.00
5009,5010,2022121301004924,SIKLES,58,41,10,374.10,3741.00
5010,5011,2022121301004923,CCBL,44,34,200,188.50,37700.00
5011,5012,2022121303003118,NABBC,58,43,10,350.00,3500.00
5012,5013,2022121303003117,NTC,5,58,100,902.00,90200.00
5013,5014,2022121303003116,JFL,58,58,10,374.00,3740.00
5014,5015,2022121303003115,JFL,58,58,90,374.00,33660.00
5015,5016,2022121301004922,NBL,4,38,320,276.00,88320.00
5016,5017,2022121304002568,GHL,36,56,400,193.00,77200.00
5017,5018,2022121301004921,CCBL,58,17,13,188.20,2446.60
5018,5019,2022121301004920,CCBL,43,17,10,188.30,1883.00
5019,5020,2022121301004919,SHIVM,50,57,14,551.00,7714.00
5020,5021,2022121301004918,SHIVM,50,49,50,551.00,27550.00
5021,5022,2022121304002567,SHPC,58,7,18,270.00,4860.00
5022,5023,2022121301004917,NICA,38,53,190,680.00,129200.00
5023,5024,2022121301004916,NICA,38,28,10,680.00,6800.00
5024,5025,2022121303003114,NIFRA,58,8,54,184.70,9973.80
5025,5026,2022121303003113,NICLBSL,36,42,29,714.90,20732.10
5026,5027,2022121301004915,PPL,34,4,10,198.80,1988.00
5027,5028,2022121303003112,CIT,33,45,25,1850.00,46250.00
5028,5029,2022121303003111,CIT,41,45,15,1850.00,27750.00
5029,5030,2022121303003110,CIT,52,45,20,1850.00,37000.00
5030,5031,2022121303003109,CIT,41,45,20,1850.00,37000.00
5031,5032,2022121303003108,CIT,41,45,10,1850.00,18500.00
5032,5033,2022121303003107,CIT,45,45,10,1850.00,18500.00
5033,5034,2022121303003106,CIT,34,45,15,1850.00,27750.00
5034,5035,2022121303003105,CIT,11,45,10,1850.00,18500.00
5035,5036,2022121303003104,CIT,58,45,10,1850.00,18500.00
5036,5037,2022121303003103,CIT,32,45,20,1850.00,37000.00
5037,5038,2022121303003102,CIT,33,45,100,1851.00,185100.00
5038,5039,2022121303003101,CIT,39,45,50,1851.10,92555.00
5039,5040,2022121303003100,CIT,6,45,39,1851.30,72200.70
5040,5041,2022121303003099,CIT,44,45,59,1852.00,109268.00
5041,5042,2022121303003098,CIT,59,45,17,1852.00,31484.00
5042,5043,2022121303003097,CIT,34,45,10,1852.00,18520.00
5043,5044,2022121303003096,NMFBS,59,58,10,1998.00,19980.00
5044,5045,2022121301004914,GVL,53,55,10,310.30,3103.00
5045,5046,2022121301004913,KBL,6,58,183,184.00,33672.00
5046,5047,2022121301004912,KBL,59,58,53,184.10,9757.30
5047,5048,2022121301004911,NBL,14,38,10,276.00,2760.00
5048,5049,2022121305000701,JBLB,52,8,17,2730.00,46410.00
5049,5050,2022121303003095,SFCL,28,58,100,257.00,25700.00
5050,5051,2022121303003094,NADEP,22,17,25,681.40,17035.00
5051,5052,2022121301004910,NICA,38,21,50,679.00,33950.00
5052,5053,2022121303003093,SABSL,49,14,39,905.00,35295.00
5053,5054,2022121303003092,ALICL,26,21,54,507.00,27378.00
5054,5055,2022121301004909,HDL,16,57,20,3828.00,76560.00
5055,5056,2022121301004908,SANIMA,42,58,10,225.00,2250.00
5056,5057,2022121304002566,RMF1,58,58,300,7.36,2208.00
5057,5058,2022121301004907,KBL,45,38,20,185.00,3700.00
5058,5059,2022121305000700,SLI,55,58,10,334.00,3340.00
5059,5060,2022121303003091,NMFBS,10,57,50,2000.00,100000.00
5060,5061,2022121301004906,SHIVM,50,49,40,551.00,22040.00
5061,5062,2022121303003090,LICN,25,16,10,1410.00,14100.00
5062,5063,2022121305000699,MBJC,28,8,10,208.10,2081.00
5063,5064,2022121303003089,NTC,58,49,116,900.00,104400.00
5064,5065,2022121303003088,NTC,58,57,10,900.00,9000.00
5065,5066,2022121303003087,NTC,58,58,10,900.00,9000.00
5066,5067,2022121303003086,NTC,58,19,100,900.00,90000.00
5067,5068,2022121303003085,NTC,58,45,10,900.00,9000.00
5068,5069,2022121303003084,NTC,58,42,50,900.00,45000.00
5069,5070,2022121303003083,NTC,58,56,11,900.00,9900.00
5070,5071,2022121301004905,KBL,36,38,10,185.00,1850.00
5071,5072,2022121303003082,NIFRA,58,26,50,184.70,9235.00
5072,5073,2022121301004904,MMF1,54,19,100,7.13,713.00
5073,5074,2022121301004903,NMB,50,51,113,230.00,25990.00
5074,5075,2022121303003081,MLBSL,58,7,13,4000.00,52000.00
5075,5076,2022121305000698,SLI,21,47,10,340.00,3400.00
5076,5077,2022121305000697,SLI,21,47,10,340.00,3400.00
5077,5078,2022121305000696,SLI,21,34,10,338.90,3389.00
5078,5079,2022121305000695,SLI,21,57,30,338.80,10164.00
5079,5080,2022121305000694,SLI,21,34,10,338.80,3388.00
5080,5081,2022121305000693,SLI,21,49,10,338.00,3380.00
5081,5082,2022121305000692,SLI,21,34,10,335.00,3350.00
5082,5083,2022121305000691,SLI,21,5,10,335.00,3350.00
5083,5084,2022121304002565,NHPC,57,28,1000,201.00,201000.00
5084,5085,2022121304002564,NHPC,44,28,200,201.10,40220.00
5085,5086,2022121304002563,NHPC,21,28,100,201.20,20120.00
5086,5087,2022121301004902,CYCL,1,4,10,2260.20,22602.00
5087,5088,2022121303003080,NLICL,32,35,500,498.00,249000.00
5088,5089,2022121303003079,NTC,16,56,14,900.00,12600.00
5089,5090,2022121303003078,NTC,16,58,50,900.00,45000.00
5090,5091,2022121303003077,NTC,16,17,100,900.00,90000.00
5091,5092,2022121303003076,NTC,16,45,36,900.00,32400.00
5092,5093,2022121303003075,NTC,16,57,100,900.00,90000.00
5093,5094,2022121303003074,NTC,16,51,200,899.90,179980.00
5094,5095,2022121304002562,UMHL,49,54,500,226.00,113000.00
5095,5096,2022121301004901,NABIL,57,14,100,807.00,80700.00
5096,5097,2022121301004900,KBL,59,32,20,184.10,3682.00
5097,5098,2022121301004899,ADBL,36,38,10,312.00,3120.00
5098,5099,2022121301004898,GBIME,13,33,672,211.00,141792.00
5099,5100,2022121303003073,NLICL,35,35,138,498.00,68724.00
5100,5101,2022121303003072,MNBBL,28,14,12,422.00,5064.00
5101,5102,2022121301004897,NBL,46,38,33,276.00,9108.00
5102,5103,2022121301004896,PCBL,22,39,10,224.50,2245.00
5103,5104,2022121301004895,PCBL,25,39,20,224.50,4490.00
5104,5105,2022121301004894,PCBL,19,39,10,224.50,2245.00
5105,5106,2022121301004893,PCBL,34,39,47,224.50,10551.50
5106,5107,2022121301004892,NMB,50,58,63,230.00,14490.00
5107,5108,2022121303003071,HIDCL,50,7,132,165.70,21872.40
5108,5109,2022121304002561,UPPER,1,55,80,390.00,31200.00
5109,5110,2022121301004891,ADBL,4,34,120,311.50,37380.00
5110,5111,2022121303003070,NTC,35,38,45,899.00,40455.00
5111,5112,2022121303003069,SFCL,45,43,75,255.10,19132.50
5112,5113,2022121304002560,HDHPC,33,34,10,172.30,1723.00
5113,5114,2022121301004890,PRVU,21,35,145,200.00,29000.00
5114,5115,2022121301004889,PRVU,21,45,40,200.00,8000.00
5115,5116,2022121303003068,NRIC,49,45,58,690.00,40020.00
5116,5117,2022121303003067,CBBL,41,33,20,1109.90,22198.00
5117,5118,2022121304002559,SPDL,49,20,578,262.00,151436.00
5118,5119,2022121304002558,SPDL,22,20,22,262.30,5770.60
5119,5120,2022121301004888,SBL,34,41,25,311.50,7787.50
5120,5121,2022121304002557,UPPER,1,34,20,390.00,7800.00
5121,5122,2022121301004887,RHGCL,32,35,7,201.90,1413.30
5122,5123,2022121301004886,NABIL,14,14,10,807.00,8070.00
5123,5124,2022121301004885,HHL,7,49,10,215.10,2151.00
5124,5125,2022121304002556,SFMF,10,51,100,8.98,898.00
5125,5126,2022121303003066,SHINE,28,41,10,332.00,3320.00
5126,5127,2022121303003065,NIFRA,8,32,30,185.00,5550.00
5127,5128,2022121304002555,OHL,59,50,200,491.00,98200.00
5128,5129,2022121301004884,SIKLES,47,34,70,374.00,26180.00
5129,5130,2022121301004883,SIKLES,58,34,20,374.10,7482.00
5130,5131,2022121301004882,SIKLES,58,34,10,374.10,3741.00
5131,5132,2022121303003064,NTC,35,38,20,897.00,17940.00
5132,5133,2022121303003063,NRN,38,53,10,400.00,4000.00
5133,5134,2022121304002554,NIBSF2,7,58,100,7.00,700.00
5134,5135,2022121301004881,RFPL,16,47,10,223.10,2231.00
5135,5136,2022121304002553,NGPL,58,16,14,208.90,2924.60
5136,5137,2022121304002552,NGPL,58,45,286,207.00,59202.00
5137,5138,2022121304002551,UPCL,28,59,10,217.00,2170.00
5138,5139,2022121301004880,SHIVM,21,37,100,550.20,55020.00
5139,5140,2022121303003062,CIT,8,19,10,1854.00,18540.00
5140,5141,2022121301004879,NABIL,11,14,12,807.00,9684.00
5141,5142,2022121301004878,HDL,56,32,10,3830.00,38300.00
5142,5143,2022121303003061,SHINE,28,34,80,330.00,26400.00
5143,5144,2022121304002550,BPCL,39,3,18,304.30,5477.40
5144,5145,2022121304002549,BPCL,35,3,26,305.00,7930.00
5145,5146,2022121304002548,BPCL,34,3,20,305.00,6100.00
5146,5147,2022121303003060,CFCL,28,16,100,298.00,29800.00
5147,5148,2022121303003059,CFCL,28,16,50,298.10,14905.00
5148,5149,2022121303003058,CFCL,18,16,35,299.90,10496.50
5149,5150,2022121303003057,CFCL,38,16,10,300.00,3000.00
5150,5151,2022121303003056,PROFL,28,28,900,281.30,253170.00
5151,5152,2022121303003055,PROFL,13,28,100,281.40,28140.00
5152,5153,2022121303003054,NRN,38,40,60,400.00,24000.00
5153,5154,2022121305000690,MBJC,28,58,10,210.00,2100.00
5154,5155,2022121305000689,MBJC,28,57,10,210.00,2100.00
5155,5156,2022121305000688,MBJC,28,57,10,210.00,2100.00
5156,5157,2022121305000687,MBJC,28,26,200,210.00,42000.00
5157,5158,2022121305000686,MBJC,28,52,30,209.80,6294.00
5158,5159,2022121305000685,MBJC,28,34,10,209.70,2097.00
5159,5160,2022121305000684,MBJC,28,34,10,209.00,2090.00
5160,5161,2022121305000683,MBJC,28,38,10,209.00,2090.00
5161,5162,2022121305000682,MBJC,28,34,10,209.00,2090.00
5162,5163,2022121301004877,RFPL,28,35,30,227.00,6810.00
5163,5164,2022121304002547,RHPL,14,19,500,228.00,114000.00
5164,5165,2022121301004876,NABIL,52,39,10,806.00,8060.00
5165,5166,2022121304002546,UPCL,17,57,80,215.00,17200.00
5166,5167,2022121304002545,UPCL,22,57,20,215.00,4300.00
5167,5168,2022121301004875,ULBSL,33,58,10,3420.00,34200.00
5168,5169,2022121303003053,GBBL,36,4,10,378.00,3780.00
5169,5170,2022121304002544,SHPC,29,35,200,269.90,53980.00
5170,5171,2022121304002543,HPPL,57,34,10,246.00,2460.00
5171,5172,2022121301004874,RFPL,28,58,10,228.00,2280.00
5172,5173,2022121301004873,UHEWA,33,34,30,350.00,10500.00
5173,5174,2022121304002542,AKPL,38,38,664,346.00,229744.00
5174,5175,2022121303003052,NTC,35,4,10,899.00,8990.00
5175,5176,2022121303003051,NTC,35,58,10,899.00,8990.00
5176,5177,2022121301004872,EBL,46,45,13,443.00,5759.00
5177,5178,2022121304002541,SHEL,45,11,10,228.60,2286.00
5178,5179,2022121304002540,NGPL,38,45,500,207.00,103500.00
5179,5180,2022121303003050,SMFDB,37,39,10,1218.00,12180.00
5180,5181,2022121301004871,NMB,50,39,36,230.00,8280.00
5181,5182,2022121301004870,ADBL,36,38,10,312.00,3120.00
5182,5183,2022121304002539,NIL,29,54,15,716.50,10747.50
5183,5184,2022121301004869,SBL,26,35,200,312.00,62400.00
5184,5185,2022121301004868,SBL,45,35,50,312.00,15600.00
5185,5186,2022121301004867,SBL,13,35,137,312.20,42771.40
5186,5187,2022121303003049,SWBBL,52,8,23,1170.00,26910.00
5187,5188,2022121304002538,LEMF,10,47,100,7.99,799.00
5188,5189,2022121301004866,NBL,4,8,90,275.50,24795.00
5189,5190,2022121301004865,NBL,34,8,60,275.50,16530.00
5190,5191,2022121303003048,NABBC,35,25,10,357.00,3570.00
5191,5192,2022121303003047,NRN,46,45,10,398.00,3980.00
5192,5193,2022121304002537,NIL,29,57,105,716.50,75232.50
5193,5194,2022121304002536,NIL,35,57,20,716.60,14332.00
5194,5195,2022121304002535,NIL,22,57,50,716.60,35830.00
5195,5196,2022121301004864,RFPL,16,58,10,223.10,2231.00
5196,5197,2022121301004863,EBL,19,21,41,438.30,17970.30
5197,5198,2022121301004862,GVL,53,11,10,310.30,3103.00
5198,5199,2022121303003046,ALBSL,28,41,10,915.00,9150.00
5199,5200,2022121303003045,ALBSL,53,41,50,915.00,45750.00
5200,5201,2022121303003044,ALBSL,34,41,100,915.10,91510.00
5201,5202,2022121303003043,ALBSL,8,41,10,916.00,9160.00
5202,5203,2022121304002534,STC,33,57,112,3565.00,399280.00
5203,5204,2022121304002533,STC,13,57,20,3570.00,71400.00
5204,5205,2022121301004861,NABIL,40,14,17,807.00,13719.00
5205,5206,2022121303003042,NTC,45,33,50,898.90,44945.00
5206,5207,2022121304002532,AKPL,52,45,76,344.00,26144.00
5207,5208,2022121301004860,SANIMA,42,57,50,225.00,11250.00
5208,5209,2022121304002531,CGH,51,58,10,1010.00,10100.00
5209,5210,2022121301004859,NBL,6,7,135,275.50,37192.50
5210,5211,2022121304002530,AKPL,41,49,500,345.00,172500.00
5211,5212,2022121304002529,AKPL,41,49,961,345.00,331545.00
5212,5213,2022121303003041,NIFRA,58,58,10,184.70,1847.00
5213,5214,2022121305000681,SAHAS,45,11,10,447.50,4475.00
5214,5215,2022121304002528,HEI,45,6,20,361.00,7220.00
5215,5216,2022121301004858,PPL,34,47,10,198.80,1988.00
5216,5217,2022121301004857,PPL,34,37,10,198.80,1988.00
5217,5218,2022121304002527,NIL,22,54,50,716.60,35830.00
5218,5219,2022121301004856,NMB,50,47,19,230.00,4370.00
5219,5220,2022121301004855,NMB,50,19,120,230.00,27600.00
5220,5221,2022121301004854,NMB,50,38,90,230.00,20700.00
5221,5222,2022121304002526,UPPER,45,51,40,389.50,15580.00
5222,5223,2022121303003040,SABSL,34,35,21,900.00,18900.00
5223,5224,2022121301004853,RFPL,56,36,10,223.00,2230.00
5224,5225,2022121304002525,PRIN,28,35,33,400.00,13200.00
5225,5226,2022121304002524,LEC,49,43,30,216.30,6489.00
5226,5227,2022121304002523,LEC,37,43,10,217.00,2170.00
5227,5228,2022121304002522,LEC,37,43,10,218.00,2180.00
5228,5229,2022121301004852,HDL,35,32,10,3830.00,38300.00
5229,5230,2022121303003039,MFIL,57,29,95,417.00,39615.00
5230,5231,2022121305000680,MBJC,47,57,10,208.00,2080.00
5231,5232,2022121304002521,AIL,37,28,10,382.00,3820.00
5232,5233,2022121301004851,CYCL,1,7,10,2260.20,22602.00
5233,5234,2022121305000679,MKLB,38,28,10,835.00,8350.00
5234,5235,2022121305000678,MBJC,47,58,10,208.00,2080.00
5235,5236,2022121301004850,GBIME,17,33,20,211.00,4220.00
5236,5237,2022121303003038,NLICL,51,35,200,498.00,99600.00
5237,5238,2022121303003037,NLICL,48,35,10,498.10,4981.00
5238,5239,2022121303003036,NLICL,54,35,100,498.20,49820.00
5239,5240,2022121303003035,NLICL,34,35,21,498.30,10464.30
5240,5241,2022121301004849,SIKLES,58,58,10,374.10,3741.00
5241,5242,2022121301004848,SIKLES,58,36,10,374.10,3741.00
5242,5243,2022121303003034,HIDCL,19,29,200,165.20,33040.00
5243,5244,2022121303003033,HIDCL,34,29,150,165.30,24795.00
5244,5245,2022121303003032,HIDCL,42,29,1320,165.30,218196.00
5245,5246,2022121304002520,LEMF,10,10,100,7.84,784.00
5246,5247,2022121301004847,NCCB,14,56,15,181.10,2716.50
5247,5248,2022121304002519,SHPC,29,58,100,269.90,26990.00
5248,5249,2022121304002518,SHPC,22,7,60,270.00,16200.00
5249,5250,2022121304002517,UPPER,45,49,15,389.70,5845.50
5250,5251,2022121301004846,PPL,39,35,10,200.00,2000.00
5251,5252,2022121301004845,UHEWA,57,34,200,350.00,70000.00
5252,5253,2022121301004844,NBL,1,38,50,276.00,13800.00
5253,5254,2022121304002516,AHPC,49,56,56,270.00,15120.00
5254,5255,2022121301004843,HDL,35,32,10,3830.00,38300.00
5255,5256,2022121305000677,SAHAS,45,20,844,452.00,381488.00
5256,5257,2022121301004842,NABIL,20,14,10,807.00,8070.00
5257,5258,2022121301004841,USHEC,10,59,10,247.10,2471.00
5258,5259,2022121303003031,NABBC,58,43,10,350.00,3500.00
5259,5260,2022121303003030,PFL,52,45,16,332.10,5313.60
5260,5261,2022121304002515,RIDI,57,1,98,485.30,47559.40
5261,5262,2022121304002514,RIDI,49,1,10,486.00,4860.00
5262,5263,2022121304002513,RIDI,50,1,30,486.00,14580.00
5263,5264,2022121304002512,RIDI,58,1,20,486.00,9720.00
5264,5265,2022121303003029,NLIC,58,35,22,606.00,13332.00
5265,5266,2022121303003028,GFCL,58,1,100,443.00,44300.00
5266,5267,2022121303003027,GFCL,28,45,10,448.00,4480.00
5267,5268,2022121301004840,SHIVM,34,34,265,550.90,145988.50
5268,5269,2022121301004839,SHIVM,34,58,20,550.80,11016.00
5269,5270,2022121301004838,SIKLES,40,51,10,375.00,3750.00
5270,5271,2022121303003026,RSDC,55,51,102,534.00,54468.00
5271,5272,2022121304002511,SHEL,16,7,10,230.00,2300.00
5272,5273,2022121304002510,SHEL,16,19,10,230.00,2300.00
5273,5274,2022121301004837,BHL,42,58,10,243.50,2435.00
5274,5275,2022121301004836,ADBL,41,38,200,312.00,62400.00
5275,5276,2022121301004835,SHIVM,17,42,50,550.00,27500.00
5276,5277,2022121301004834,SHIVM,17,52,20,550.00,11000.00
5277,5278,2022121301004833,BOKL,6,34,231,206.50,47701.50
5278,5279,2022121301004832,BHDC,47,4,10,342.10,3421.00
5279,5280,2022121301004831,UHEWA,34,34,90,350.00,31500.00
5280,5281,2022121301004830,UHEWA,34,28,10,350.00,3500.00
5281,5282,2022121301004829,USHEC,39,19,10,249.00,2490.00
5282,5283,2022121303003025,NLIC,58,6,50,606.00,30300.00
5283,5284,2022121303003024,NLIC,45,6,20,607.00,12140.00
5284,5285,2022121303003023,GFCL,52,57,132,443.10,58489.20
5285,5286,2022121305000676,SLI,17,42,10,332.20,3322.00
5286,5287,2022121305000675,JALPA,50,51,12,3373.90,40486.80
5287,5288,2022121301004828,PRVU,22,45,520,200.00,104000.00
5288,5289,2022121301004827,PRVU,22,38,110,200.00,22000.00
5289,5290,2022121301004826,PRVU,22,40,400,200.00,80000.00
5290,5291,2022121301004825,PRVU,22,53,25,200.00,5000.00
5291,5292,2022121301004824,PRVU,22,57,395,200.00,79000.00
5292,5293,2022121301004823,PRVU,22,1,50,200.00,10000.00
5293,5294,2022121301004822,HDL,35,32,29,3830.00,111070.00
5294,5295,2022121301004821,HDL,16,32,20,3830.00,76600.00
5295,5296,2022121301004820,HDL,58,32,10,3830.00,38300.00
5296,5297,2022121303003022,CIT,57,19,35,1854.00,64890.00
5297,5298,2022121304002509,SHEL,16,58,10,229.00,2290.00
5298,5299,2022121303003021,SAPDBL,34,7,60,221.10,13266.00
5299,5300,2022121303003020,SAPDBL,36,7,18,221.50,3987.00
5300,5301,2022121304002508,GLH,43,49,10,235.60,2356.00
5301,5302,2022121303003019,KSBBL,47,35,10,308.00,3080.00
5302,5303,2022121304002507,SHPC,44,7,81,270.00,21870.00
5303,5304,2022121304002506,SHPC,45,7,22,270.10,5942.20
5304,5305,2022121303003018,MFIL,44,58,14,419.00,5866.00
5305,5306,2022121301004819,CBL,51,56,10,213.00,2130.00
5306,5307,2022121301004818,GVL,53,34,100,310.30,31030.00
5307,5308,2022121305000674,SLI,17,35,10,332.20,3322.00
5308,5309,2022121301004817,GBIME,42,33,25,211.00,5275.00
5309,5310,2022121304002505,LEMF,36,10,175,7.74,1354.50
5310,5311,2022121304002504,LEMF,34,10,500,7.80,3900.00
5311,5312,2022121304002503,API,21,26,400,208.50,83400.00
5312,5313,2022121301004816,SCB,44,56,260,402.00,104520.00
5313,5314,2022121301004815,RHGCL,49,59,10,206.00,2060.00
5314,5315,2022121301004814,HDL,42,32,10,3831.00,38310.00
5315,5316,2022121301004813,NABIL,49,14,50,807.00,40350.00
5316,5317,2022121304002502,AIL,19,41,5,378.00,1890.00
5317,5318,2022121303003017,NLICL,34,37,29,498.30,14450.70
5318,5319,2022121303003016,MFIL,57,58,10,417.00,4170.00
5319,5320,2022121303003015,JFL,56,58,10,374.00,3740.00
5320,5321,2022121301004812,NABIL,20,56,10,806.90,8069.00
5321,5322,2022121303003014,NRIC,49,58,58,690.00,40020.00
5322,5323,2022121303003013,NIFRA,48,59,54,184.50,9963.00
5323,5324,2022121301004811,GVL,53,18,10,310.30,3103.00
5324,5325,2022121304002501,RIDI,48,1,100,488.00,48800.00
5325,5326,2022121301004810,NBL,1,38,35,276.00,9660.00
5326,5327,2022121301004809,HDL,59,32,20,3831.00,76620.00
5327,5328,2022121301004808,HDL,58,32,50,3831.00,191550.00
5328,5329,2022121301004807,HDL,38,32,11,3832.00,42152.00
5329,5330,2022121301004806,RHGCL,21,35,10,206.00,2060.00
5330,5331,2022121301004805,RHGCL,21,49,10,206.00,2060.00
5331,5332,2022121301004804,SHIVM,52,52,80,550.00,44000.00
5332,5333,2022121303003012,WNLB,43,52,100,900.00,90000.00
5333,5334,2022121303003011,WNLB,43,42,106,899.90,95389.40
5334,5335,2022121304002500,KPCL,58,47,10,319.00,3190.00
5335,5336,2022121301004803,GVL,53,18,10,310.30,3103.00
5336,5337,2022121305000673,NYADI,50,5,10,268.30,2683.00
5337,5338,2022121301004802,HDL,38,45,10,3832.00,38320.00
5338,5339,2022121303003010,HIDCL,42,35,80,165.30,13224.00
5339,5340,2022121301004801,SIKLES,58,33,10,374.10,3741.00
5340,5341,2022121301004800,SPHL,21,4,10,347.30,3473.00
5341,5342,2022121301004799,SPHL,21,58,10,347.30,3473.00
5342,5343,2022121301004798,LBL,14,58,20,192.10,3842.00
5343,5344,2022121301004797,RHGCL,22,49,10,205.10,2051.00
5344,5345,2022121303003009,NIFRA,48,5,64,184.50,11808.00
5345,5346,2022121304002499,KPCL,58,47,10,319.00,3190.00
5346,5347,2022121301004796,PPL,42,58,10,200.00,2000.00
5347,5348,2022121301004795,GVL,53,18,10,310.30,3103.00
5348,5349,2022121301004794,CCBL,34,35,302,188.00,56776.00
5349,5350,2022121305000672,SLI,55,55,10,333.00,3330.00
5350,5351,2022121301004793,NABIL,6,14,288,807.00,232416.00
5351,5352,2022121301004792,NABIL,6,34,160,806.90,129104.00
5352,5353,2022121301004791,NABIL,6,39,57,806.90,45993.30
5353,5354,2022121301004790,GVL,41,54,50,311.00,15550.00
5354,5355,2022121301004789,NESDO,4,5,10,3309.10,33091.00
5355,5356,2022121303003008,ICFC,22,43,25,426.00,10650.00
5356,5357,2022121304002498,SJCL,44,45,10,219.00,2190.00
5357,5358,2022121301004788,DORDI,16,58,10,229.60,2296.00
5358,5359,2022121303003007,MFIL,44,19,20,416.50,8330.00
5359,5360,2022121301004787,PPL,42,45,10,200.00,2000.00
5360,5361,2022121301004786,NABIL,41,19,7,805.00,5635.00
5361,5362,2022121301004785,NABIL,20,19,10,805.00,8050.00
5362,5363,2022121301004784,MHL,48,45,10,308.50,3085.00
5363,5364,2022121304002497,PRIN,28,58,735,400.00,294000.00
5364,5365,2022121301004783,SRBL,55,36,10,184.40,1844.00
5365,5366,2022121301004782,SPHL,21,58,10,347.30,3473.00
5366,5367,2022121304002496,SPDL,22,22,68,262.30,17836.40
5367,5368,2022121304002495,SPDL,53,22,247,263.00,64961.00
5368,5369,2022121301004781,UHEWA,58,42,10,350.00,3500.00
5369,5370,2022121304002494,SJCL,44,51,10,219.00,2190.00
5370,5371,2022121301004780,GVL,53,49,10,310.30,3103.00
5371,5372,2022121301004779,USHEC,10,41,10,247.10,2471.00
5372,5373,2022121304002493,RHPL,51,49,10,227.20,2272.00
5373,5374,2022121301004778,GVL,53,18,10,310.30,3103.00
5374,5375,2022121301004777,SGHC,44,49,10,248.90,2489.00
5375,5376,2022121304002492,HURJA,58,34,20,199.10,3982.00
5376,5377,2022121303003006,ILBS,1,32,20,880.00,17600.00
5377,5378,2022121304002491,UPPER,57,37,20,390.00,7800.00
5378,5379,2022121304002490,UPPER,17,37,50,390.00,19500.00
5379,5380,2022121304002489,UPPER,7,37,50,390.00,19500.00
5380,5381,2022121304002488,UPPER,38,37,20,390.00,7800.00
5381,5382,2022121304002487,UPPER,53,37,115,390.00,44850.00
5382,5383,2022121303003005,MLBSL,45,45,10,3980.00,39800.00
5383,5384,2022121305000671,NYADI,50,52,10,268.30,2683.00
5384,5385,2022121305000670,NYADI,50,49,10,268.30,2683.00
5385,5386,2022121301004776,GVL,53,18,10,310.30,3103.00
5386,5387,2022121301004775,GVL,53,59,10,310.30,3103.00
5387,5388,2022121303003004,NTC,22,58,10,899.00,8990.00
5388,5389,2022121301004774,NABIL,20,19,10,805.00,8050.00
5389,5390,2022121301004773,NABIL,16,19,100,805.00,80500.00
5390,5391,2022121301004772,NMB,58,38,110,230.00,25300.00
5391,5392,2022121303003003,SIFC,29,42,50,300.00,15000.00
5392,5393,2022121304002486,RIDI,58,1,100,488.00,48800.00
5393,5394,2022121301004771,USHEC,10,38,10,247.10,2471.00
5394,5395,2022121303003002,MLBSL,49,36,50,4000.00,200000.00
5395,5396,2022121303003001,MLBSL,49,47,10,4000.00,40000.00
5396,5397,2022121303003000,MLBSL,49,58,10,4000.00,40000.00
5397,5398,2022121301004770,DORDI,16,17,10,230.00,2300.00
5398,5399,2022121303002999,CIT,47,19,10,1852.00,18520.00
5399,5400,2022121301004769,RHGCL,22,8,10,205.10,2051.00
5400,5401,2022121304002485,AIL,41,28,10,380.00,3800.00
5401,5402,2022121301004768,GVL,53,18,10,310.30,3103.00
5402,5403,2022121303002998,NICLBSL,33,42,21,714.90,15012.90
5403,5404,2022121303002997,NTC,58,53,90,898.00,80820.00
5404,5405,2022121301004767,GVL,53,45,10,310.30,3103.00
5405,5406,2022121301004766,NABIL,28,19,15,805.00,12075.00
5406,5407,2022121301004765,NABIL,51,19,10,805.00,8050.00
5407,5408,2022121301004764,NABIL,48,19,50,805.00,40250.00
5408,5409,2022121301004763,NABIL,48,19,100,805.00,80500.00
5409,5410,2022121301004762,NABIL,17,19,50,805.00,40250.00
5410,5411,2022121301004761,NABIL,28,19,10,805.00,8050.00
5411,5412,2022121301004760,NABIL,28,19,100,805.00,80500.00
5412,5413,2022121301004759,NABIL,41,19,16,805.00,12880.00
5413,5414,2022121301004758,NABIL,58,19,22,805.00,17710.00
5414,5415,2022121301004757,GVL,49,52,10,310.40,3104.00
5415,5416,2022121301004756,SANIMA,33,35,12148,224.00,2721152.00
5416,5417,2022121303002996,NLICL,43,54,1000,499.00,499000.00
5417,5418,2022121303002995,NLBBL,48,1,40,812.00,32480.00
5418,5419,2022121301004755,NESDO,4,58,10,3310.00,33100.00
5419,5420,2022121301004754,GVL,53,18,10,310.30,3103.00
5420,5421,2022121305000669,MBJC,45,58,10,208.00,2080.00
5421,5422,2022121301004753,GVL,53,11,10,310.30,3103.00
5422,5423,2022121304002484,RHPL,51,51,10,227.20,2272.00
5423,5424,2022121305000668,NYADI,50,45,10,268.30,2683.00
5424,5425,2022121304002483,UPPER,53,45,85,390.00,33150.00
5425,5426,2022121304002482,UPPER,22,45,15,390.00,5850.00
5426,5427,2022121301004752,NABIL,58,16,33,805.00,26565.00
5427,5428,2022121301004751,NABIL,28,16,50,805.00,40250.00
5428,5429,2022121301004750,NABIL,28,16,150,805.00,120750.00
5429,5430,2022121301004749,NABIL,38,16,67,805.00,53935.00
5430,5431,2022121304002481,UMHL,10,11,300,224.70,67410.00
5431,5432,2022121301004748,SANIMA,17,35,100,224.00,22400.00
5432,5433,2022121301004747,SANIMA,51,35,622,224.00,139328.00
5433,5434,2022121304002480,CHCL,47,42,46,383.00,17618.00
5434,5435,2022121301004746,CBL,49,38,270,214.00,57780.00
5435,5436,2022121303002994,MNBBL,49,19,40,419.00,16760.00
5436,5437,2022121301004745,GVL,41,18,10,310.20,3102.00
5437,5438,2022121303002993,CHDC,54,53,10,660.00,6600.00
5438,5439,2022121303002992,CHDC,54,39,10,659.90,6599.00
5439,5440,2022121303002991,CHDC,54,39,10,659.80,6598.00
5440,5441,2022121303002990,CHDC,54,39,10,659.70,6597.00
5441,5442,2022121303002989,CHDC,54,39,10,659.60,6596.00
5442,5443,2022121303002988,CHDC,54,39,10,659.50,6595.00
5443,5444,2022121301004744,RFPL,28,49,10,225.00,2250.00
5444,5445,2022121303002987,MFIL,44,7,16,416.00,6656.00
5445,5446,2022121301004743,LBL,14,49,260,192.10,49946.00
5446,5447,2022121301004742,LBL,43,49,20,192.10,3842.00
5447,5448,2022121301004741,LBL,22,49,20,192.50,3850.00
5448,5449,2022121301004740,MEGA,43,59,240,193.00,46320.00
5449,5450,2022121301004739,DORDI,16,45,10,231.00,2310.00
5450,5451,2022121301004738,DORDI,16,59,10,230.50,2305.00
5451,5452,2022121301004737,DORDI,16,11,10,230.00,2300.00
5452,5453,2022121304002479,UPPER,22,28,100,390.00,39000.00
5453,5454,2022121301004736,GVL,49,18,10,310.30,3103.00
5454,5455,2022121305000667,JBLB,58,58,17,2725.00,46325.00
5455,5456,2022121303002986,ICFC,21,57,14,427.00,5978.00
5456,5457,2022121301004735,USHEC,10,10,200,248.00,49600.00
5457,5458,2022121303002985,NADEP,53,50,25,681.20,17030.00
5458,5459,2022121304002478,MHNL,51,19,200,247.50,49500.00
5459,5460,2022121304002477,MHNL,33,19,800,247.60,198080.00
5460,5461,2022121303002984,NICLBSL,25,34,10,711.00,7110.00
5461,5462,2022121303002983,FMDBL,34,36,19,707.00,13433.00
5462,5463,2022121303002982,NLIC,5,49,90,605.40,54486.00
5463,5464,2022121303002981,NLIC,49,49,10,605.50,6055.00
5464,5465,2022121303002980,NLIC,39,49,100,605.50,60550.00
5465,5466,2022121304002476,RHPL,51,45,10,227.20,2272.00
5466,5467,2022121301004734,SHIVM,59,19,40,549.00,21960.00
5467,5468,2022121304002475,RHPL,51,33,500,227.20,113600.00
5468,5469,2022121301004733,RFPL,49,58,10,223.10,2231.00
5469,5470,2022121304002474,AIL,41,22,30,380.00,11400.00
5470,5471,2022121304002473,AIL,42,22,20,380.00,7600.00
5471,5472,2022121304002472,CGH,51,26,250,1010.00,252500.00
5472,5473,2022121301004732,NABIL,38,49,33,805.00,26565.00
5473,5474,2022121301004731,NABIL,20,49,17,806.00,13702.00
5474,5475,2022121305000666,SLI,17,39,10,332.20,3322.00
5475,5476,2022121301004730,SGHC,44,58,10,248.90,2489.00
5476,5477,2022121304002471,RIDI,48,1,150,488.00,73200.00
5477,5478,2022121304002470,RIDI,48,45,50,488.00,24400.00
5478,5479,2022121304002469,UPPER,22,58,35,390.00,13650.00
5479,5480,2022121304002468,UPPER,58,58,60,390.00,23400.00
5480,5481,2022121303002979,NABBC,35,25,10,355.00,3550.00
5481,5482,2022121301004729,SBI,51,45,10,277.00,2770.00
5482,5483,2022121301004728,SBI,48,45,300,277.00,83100.00
5483,5484,2022121301004727,SBI,7,45,10,277.00,2770.00
5484,5485,2022121301004726,SBI,26,45,52,277.20,14414.40
5485,5486,2022121301004725,SBI,38,45,206,277.40,57144.40
5486,5487,2022121301004724,SBI,41,45,40,277.50,11100.00
5487,5488,2022121303002978,NRN,38,51,10,397.00,3970.00
5488,5489,2022121301004723,NABIL,20,39,83,806.00,66898.00
5489,5490,2022121301004722,GBIME,57,49,50,209.10,10455.00
5490,5491,2022121301004721,GBIME,28,49,100,209.30,20930.00
5491,5492,2022121301004720,GBIME,58,49,50,209.50,10475.00
5492,5493,2022121301004719,SANIMA,51,58,378,224.00,84672.00
5493,5494,2022121301004718,SANIMA,25,58,10,224.00,2240.00
5494,5495,2022121301004717,SANIMA,45,58,1000,224.00,224000.00
5495,5496,2022121301004716,SANIMA,34,58,20,224.00,4480.00
5496,5497,2022121301004715,SANIMA,54,58,100,224.00,22400.00
5497,5498,2022121301004714,SANIMA,26,58,77,224.00,17248.00
5498,5499,2022121301004713,SANIMA,26,58,100,224.00,22400.00
5499,5500,2022121301004712,SANIMA,47,58,1000,224.00,224000.00
5500,5501,2022121301004711,SANIMA,29,58,815,224.10,182641.50
5501,5502,2022121301004710,SANIMA,33,58,1500,224.20,336300.00
5502,5503,2022121301004709,EBL,19,54,10,438.30,4383.00
5503,5504,2022121304002467,NGPL,34,36,60,206.10,12366.00
5504,5505,2022121304002466,RIDI,57,45,200,488.00,97600.00
5505,5506,2022121301004708,BOKL,6,49,10,206.50,2065.00
5506,5507,2022121301004707,BOKL,54,49,50,207.00,10350.00
5507,5508,2022121301004706,BOKL,51,49,40,207.00,8280.00
5508,5509,2022121301004705,MEGA,28,59,100,193.10,19310.00
5509,5510,2022121301004704,NABIL,58,39,42,806.90,33889.80
5510,5511,2022121301004703,PPL,42,48,10,200.00,2000.00
5511,5512,2022121304002465,API,49,38,100,209.00,20900.00
5512,5513,2022121301004702,SHIVM,38,19,60,549.00,32940.00
5513,5514,2022121301004701,HDL,49,32,42,3839.00,161238.00
5514,5515,2022121301004700,HDL,49,19,20,3838.00,76760.00
5515,5516,2022121301004699,BHL,42,49,10,243.50,2435.00
5516,5517,2022121303002977,CHDC,50,58,10,655.00,6550.00
5517,5518,2022121304002464,PRIN,7,58,50,400.00,20000.00
5518,5519,2022121301004698,NBL,6,53,20,275.50,5510.00
5519,5520,2022121304002463,AIL,42,39,10,380.00,3800.00
5520,5521,2022121303002976,NLIC,42,6,50,610.00,30500.00
5521,5522,2022121303002975,GRDBL,52,59,345,229.00,79005.00
5522,5523,2022121305000665,SLI,55,28,10,332.30,3323.00
5523,5524,2022121304002462,RIDI,42,45,250,488.00,122000.00
5524,5525,2022121304002461,RADHI,39,20,130,215.00,27950.00
5525,5526,2022121303002974,FMDBL,34,34,50,707.00,35350.00
5526,5527,2022121301004697,BHDC,28,3,70,347.80,24346.00
5527,5528,2022121301004696,BHDC,28,41,10,347.50,3475.00
5528,5529,2022121301004695,BHDC,28,41,10,347.50,3475.00
5529,5530,2022121301004694,BHDC,28,6,10,347.00,3470.00
5530,5531,2022121304002460,UPPER,51,4,94,391.00,36754.00
5531,5532,2022121304002459,UPPER,51,1,30,391.00,11730.00
5532,5533,2022121301004693,MHL,48,58,10,308.50,3085.00
5533,5534,2022121304002458,AIL,42,39,10,380.00,3800.00
5534,5535,2022121304002457,API,57,38,10,209.00,2090.00
5535,5536,2022121303002973,HIDCL,19,34,1080,165.20,178416.00
5536,5537,2022121305000664,MBJC,45,49,10,208.00,2080.00
5537,5538,2022121305000663,SAHAS,45,20,1000,450.00,450000.00
5538,5539,2022121305000662,SAHAS,45,58,10,450.00,4500.00
5539,5540,2022121305000661,SAHAS,45,19,10,450.00,4500.00
5540,5541,2022121305000660,SAHAS,45,36,10,450.00,4500.00
5541,5542,2022121305000659,SAHAS,45,16,10,450.00,4500.00
5542,5543,2022121305000658,SAHAS,45,49,10,450.00,4500.00
5543,5544,2022121304002456,RADHI,38,20,40,215.00,8600.00
5544,5545,2022121304002455,RADHI,38,47,40,215.00,8600.00
5545,5546,2022121304002454,RADHI,38,44,73,215.00,15695.00
5546,5547,2022121303002972,MERO,58,42,11,765.40,8419.40
5547,5548,2022121301004692,NMB,1,45,224,230.00,51520.00
5548,5549,2022121301004691,NMB,1,34,135,230.00,31050.00
5549,5550,2022121301004690,SIKLES,58,59,10,374.10,3741.00
5550,5551,2022121303002971,NLIC,53,47,50,610.00,30500.00
5551,5552,2022121303002970,NLIC,53,38,50,609.00,30450.00
5552,5553,2022121303002969,NRIC,49,28,46,690.00,31740.00
5553,5554,2022121304002453,AIL,49,39,10,380.10,3801.00
5554,5555,2022121304002452,SJCL,44,40,40,219.00,8760.00
5555,5556,2022121304002451,SJCL,44,58,332,219.00,72708.00
5556,5557,2022121304002450,SJCL,14,58,60,219.10,13146.00
5557,5558,2022121301004689,UHEWA,57,37,10,349.00,3490.00
5558,5559,2022121304002449,RADHI,39,52,100,214.50,21450.00
5559,5560,2022121303002968,RMDC,17,34,20,950.00,19000.00
5560,5561,2022121301004688,MHL,48,58,10,308.50,3085.00
5561,5562,2022121304002448,NGPL,34,59,265,206.10,54616.50
5562,5563,2022121304002447,NGPL,49,59,50,206.10,10305.00
5563,5564,2022121304002446,NHPC,44,43,100,200.30,20030.00
5564,5565,2022121303002967,NIFRA,48,28,54,184.50,9963.00
5565,5566,2022121303002966,MERO,58,42,150,765.40,114810.00
5566,5567,2022121305000657,SLI,55,39,10,332.10,3321.00
5567,5568,2022121304002445,UMRH,50,28,10,409.00,4090.00
5568,5569,2022121303002965,GBLBS,45,51,15,590.00,8850.00
5569,5570,2022121303002964,GBLBS,45,51,20,591.50,11830.00
5570,5571,2022121303002963,NICLBSL,21,28,10,710.60,7106.00
5571,5572,2022121304002444,MHNL,58,57,20,248.00,4960.00
5572,5573,2022121305000656,JBLB,58,58,17,2725.00,46325.00
5573,5574,2022121301004687,HDL,58,32,38,3839.00,145882.00
5574,5575,2022121304002443,AIL,49,39,10,380.10,3801.00
5575,5576,2022121301004686,GVL,49,26,10,310.30,3103.00
5576,5577,2022121304002442,SJCL,14,37,20,219.10,4382.00
5577,5578,2022121304002441,SSHL,14,6,190,169.10,32129.00
5578,5579,2022121304002440,AIL,41,39,10,381.20,3812.00
5579,5580,2022121303002962,NRIC,49,48,30,690.00,20700.00
5580,5581,2022121301004685,SBI,41,19,10,277.50,2775.00
5581,5582,2022121301004684,SBI,38,19,40,277.50,11100.00
5582,5583,2022121301004683,SANIMA,33,7,500,224.20,112100.00
5583,5584,2022121301004682,SBL,57,45,150,313.00,46950.00
5584,5585,2022121303002961,NLIC,53,38,100,609.00,60900.00
5585,5586,2022121303002960,NLIC,53,6,40,609.00,24360.00
5586,5587,2022121303002959,NLIC,53,6,10,609.00,6090.00
5587,5588,2022121303002958,NLIC,53,26,50,608.00,30400.00
5588,5589,2022121301004681,MEGA,43,25,962,193.00,185666.00
5589,5590,2022121303002957,NIFRA,11,51,44,184.00,8096.00
5590,5591,2022121303002956,NIFRA,58,51,20,184.00,3680.00
5591,5592,2022121303002955,JFL,56,6,10,373.90,3739.00
5592,5593,2022121303002954,NTC,58,57,10,898.00,8980.00
5593,5594,2022121303002953,MERO,49,42,15,766.00,11490.00
5594,5595,2022121303002952,MERO,7,42,20,766.00,15320.00
5595,5596,2022121304002439,BPCL,34,58,10,305.00,3050.00
5596,5597,2022121304002438,SJCL,14,6,120,219.10,26292.00
5597,5598,2022121304002437,AIL,41,39,10,381.20,3812.00
5598,5599,2022121301004680,CZBIL,49,10,200,180.50,36100.00
5599,5600,2022121301004679,HHL,7,45,10,215.10,2151.00
5600,5601,2022121305000655,MBJC,45,4,10,208.00,2080.00
5601,5602,2022121301004678,NBF3,58,29,200,7.30,1460.00
5602,5603,2022121303002951,NIFRA,16,47,8,184.00,1472.00
5603,5604,2022121303002950,NIFRA,16,48,54,184.00,9936.00
5604,5605,2022121304002436,LUK,7,19,200,7.85,1570.00
5605,5606,2022121304002435,AIL,41,39,10,381.20,3812.00
5606,5607,2022121305000654,SLI,55,4,10,332.10,3321.00
5607,5608,2022121301004677,CYCL,1,58,10,2260.20,22602.00
5608,5609,2022121304002434,NGPL,28,59,100,206.20,20620.00
5609,5610,2022121303002949,NLIC,58,6,10,606.00,6060.00
5610,5611,2022121303002948,NLIC,6,6,100,606.00,60600.00
5611,5612,2022121303002947,NLIC,47,6,20,606.00,12120.00
5612,5613,2022121303002946,NLIC,49,6,20,606.00,12120.00
5613,5614,2022121303002945,NLIC,32,6,50,606.00,30300.00
5614,5615,2022121303002944,NLIC,42,6,41,606.10,24850.10
5615,5616,2022121303002943,NLIC,50,6,100,606.10,60610.00
5616,5617,2022121303002942,NLIC,6,6,100,606.70,60670.00
5617,5618,2022121301004676,NABIL,57,39,25,806.90,20172.50
5618,5619,2022121303002941,NIFRA,42,49,10,185.00,1850.00
5619,5620,2022121304002433,AIL,41,39,10,381.20,3812.00
5620,5621,2022121304002432,RADHI,39,47,40,214.00,8560.00
5621,5622,2022121304002431,SICL,55,45,100,770.00,77000.00
5622,5623,2022121301004675,NBL,58,35,60,276.40,16584.00
5623,5624,2022121304002430,UPPER,58,17,10,390.00,3900.00
5624,5625,2022121303002940,NICLBSL,21,48,50,710.60,35530.00
5625,5626,2022121304002429,UMRH,50,20,500,410.00,205000.00
5626,5627,2022121304002428,HPPL,58,35,200,250.00,50000.00
5627,5628,2022121304002427,SPDL,53,45,17,263.00,4471.00
5628,5629,2022121304002426,MEN,22,51,10,725.00,7250.00
5629,5630,2022121303002939,MERO,7,42,50,767.00,38350.00
5630,5631,2022121301004674,PRVU,21,40,15,199.70,2995.50
5631,5632,2022121303002938,SMFDB,22,29,30,1215.00,36450.00
5632,5633,2022121301004673,PPL,42,14,10,200.00,2000.00
5633,5634,2022121305000653,MBJC,45,58,10,208.00,2080.00
5634,5635,2022121304002425,UPPER,58,17,90,390.00,35100.00
5635,5636,2022121304002424,NGPL,43,59,40,206.30,8252.00
5636,5637,2022121305000652,SLI,55,28,10,332.10,3321.00
5637,5638,2022121303002937,NTC,16,17,300,894.00,268200.00
5638,5639,2022121303002936,SHINE,43,45,50,330.00,16500.00
5639,5640,2022121303002935,GBBL,26,48,171,378.00,64638.00
5640,5641,2022121303002934,NTC,13,57,100,898.00,89800.00
5641,5642,2022121304002423,AIL,52,39,10,382.00,3820.00
5642,5643,2022121305000651,SLI,55,18,10,332.10,3321.00
5643,5644,2022121301004672,MBL,17,42,80,214.00,17120.00
5644,5645,2022121303002933,NLIC,53,29,200,607.00,121400.00
5645,5646,2022121303002932,HIDCL,19,58,71,165.20,11729.20
5646,5647,2022121303002931,HIDCL,43,58,99,165.30,16364.70
5647,5648,2022121303002930,HIDCL,58,58,90,165.50,14895.00
5648,5649,2022121303002929,HIDCL,11,58,50,165.50,8275.00
5649,5650,2022121305000650,SLI,55,39,10,332.10,3321.00
5650,5651,2022121305000649,RULB,41,49,10,870.10,8701.00
5651,5652,2022121301004671,RFPL,28,58,10,227.00,2270.00
5652,5653,2022121301004670,RFPL,28,45,10,227.00,2270.00
5653,5654,2022121305000648,SLI,55,18,10,334.00,3340.00
5654,5655,2022121304002422,DHPL,17,48,10,177.00,1770.00
5655,5656,2022121304002421,NGPL,32,59,200,206.60,41320.00
5656,5657,2022121305000647,SLI,55,18,10,332.10,3321.00
5657,5658,2022121304002420,UNHPL,7,45,87,188.00,16356.00
5658,5659,2022121301004669,PRVU,58,40,50,199.70,9985.00
5659,5660,2022121301004668,PPL,42,55,30,200.00,6000.00
5660,5661,2022121305000646,JALPA,21,42,10,3375.00,33750.00
5661,5662,2022121305000645,SLI,55,39,10,332.10,3321.00
5662,5663,2022121301004667,HBL,11,39,10,324.00,3240.00
5663,5664,2022121301004666,HHL,7,58,10,215.10,2151.00
5664,5665,2022121301004665,MHL,48,36,10,308.50,3085.00
5665,5666,2022121301004664,BHDC,28,6,30,347.00,10410.00
5666,5667,2022121301004663,BHDC,28,34,80,347.00,27760.00
5667,5668,2022121301004662,BHDC,28,44,10,346.90,3469.00
5668,5669,2022121301004661,NBL,58,7,40,276.00,11040.00
5669,5670,2022121303002928,NIFRA,55,44,500,185.00,92500.00
5670,5671,2022121301004660,EBL,57,54,25,438.00,10950.00
5671,5672,2022121304002419,SJCL,14,28,40,219.10,8764.00
5672,5673,2022121303002927,NIFRA,16,58,50,184.00,9200.00
5673,5674,2022121305000644,SLI,21,39,10,334.00,3340.00
5674,5675,2022121301004659,PRVU,56,40,100,199.70,19970.00
5675,5676,2022121301004658,NIB,34,8,39,219.00,8541.00
5676,5677,2022121301004657,NIB,38,8,183,219.00,40077.00
5677,5678,2022121304002418,NGPL,34,59,70,206.70,14469.00
5678,5679,2022121304002417,NGPL,17,59,25,206.70,5167.50
5679,5680,2022121304002416,LEC,49,51,10,216.30,2163.00
5680,5681,2022121303002926,NADEP,53,58,10,681.20,6812.00
5681,5682,2022121303002925,PROFL,28,38,10,285.70,2857.00
5682,5683,2022121304002415,RURU,38,25,11,725.00,7975.00
5683,5684,2022121304002414,CHCL,47,42,100,383.00,38300.00
5684,5685,2022121301004656,ADBL,11,38,10,312.00,3120.00
5685,5686,2022121301004655,GVL,41,22,10,310.20,3102.00
5686,5687,2022121301004654,SHIVM,50,34,20,547.00,10940.00
5687,5688,2022121301004653,NABIL,44,39,196,805.00,157780.00
5688,5689,2022121303002924,KRBL,44,32,63,253.00,15939.00
5689,5690,2022121305000643,SLI,21,39,10,334.00,3340.00
5690,5691,2022121301004652,SANIMA,52,22,50,224.50,11225.00
5691,5692,2022121304002413,PPCL,36,45,90,282.00,25380.00
5692,5693,2022121304002412,PPCL,45,45,10,283.00,2830.00
5693,5694,2022121304002411,SJCL,14,45,10,219.10,2191.00
5694,5695,2022121303002923,DDBL,3,45,20,1033.00,20660.00
5695,5696,2022121301004651,NABIL,11,39,50,805.00,40250.00
5696,5697,2022121303002922,KMCDB,32,46,12,914.00,10968.00
5697,5698,2022121303002921,GUFL,16,44,133,518.00,68894.00
5698,5699,2022121303002920,GUFL,34,44,17,518.00,8806.00
5699,5700,2022121303002919,SWBBL,52,17,13,1167.30,15174.90
5700,5701,2022121303002918,SWBBL,58,17,17,1168.00,19856.00
5701,5702,2022121303002917,SWBBL,42,17,20,1168.00,23360.00
5702,5703,2022121304002410,SHEL,45,37,10,228.60,2286.00
5703,5704,2022121305000642,SLI,21,18,10,334.00,3340.00
5704,5705,2022121301004650,USHEC,56,38,10,246.50,2465.00
5705,5706,2022121304002409,RHPL,51,28,70,227.20,15904.00
5706,5707,2022121301004649,NMB,13,34,10,230.00,2300.00
5707,5708,2022121303002916,FMDBL,34,32,10,707.00,7070.00
5708,5709,2022121305000641,SLI,21,58,10,334.00,3340.00
5709,5710,2022121303002915,NTC,13,19,10,897.00,8970.00
5710,5711,2022121301004648,EBL,49,54,20,438.00,8760.00
5711,5712,2022121301004647,EBL,34,54,40,438.00,17520.00
5712,5713,2022121301004646,EBL,7,54,20,438.00,8760.00
5713,5714,2022121301004645,EBL,26,54,300,438.00,131400.00
5714,5715,2022121301004644,EBL,58,54,10,438.00,4380.00
5715,5716,2022121301004643,EBL,32,54,120,438.00,52560.00
5716,5717,2022121301004642,EBL,20,54,100,439.00,43900.00
5717,5718,2022121301004641,EBL,49,54,91,439.00,39949.00
5718,5719,2022121301004640,EBL,19,54,270,439.00,118530.00
5719,5720,2022121304002408,RIDI,14,1,61,485.00,29585.00
5720,5721,2022121304002407,RIDI,26,1,25,485.00,12125.00
5721,5722,2022121304002406,RIDI,57,1,50,485.00,24250.00
5722,5723,2022121304002405,RIDI,53,1,83,485.00,40255.00
5723,5724,2022121304002404,RIDI,16,1,500,485.30,242650.00
5724,5725,2022121304002403,RIDI,38,1,20,485.50,9710.00
5725,5726,2022121304002402,RIDI,25,1,200,485.90,97180.00
5726,5727,2022121304002401,OHL,59,50,200,491.00,98200.00
5727,5728,2022121303002914,NADEP,53,58,70,681.20,47684.00
5728,5729,2022121303002913,NADEP,46,58,55,681.30,37471.50
5729,5730,2022121303002912,NADEP,50,58,55,681.40,37477.00
5730,5731,2022121303002911,NADEP,38,58,30,682.00,20460.00
5731,5732,2022121305000640,SAHAS,45,36,10,447.10,4471.00
5732,5733,2022121304002400,AIL,41,39,10,381.20,3812.00
5733,5734,2022121301004639,NABIL,50,39,105,805.00,84525.00
5734,5735,2022121301004638,NABIL,45,39,20,805.00,16100.00
5735,5736,2022121301004637,NABIL,22,39,70,805.00,56350.00
5736,5737,2022121301004636,NABIL,20,39,60,805.00,48300.00
5737,5738,2022121301004635,NABIL,21,39,100,805.00,80500.00
5738,5739,2022121301004634,NABIL,44,39,158,805.00,127190.00
5739,5740,2022121301004633,NABIL,22,39,41,805.00,33005.00
5740,5741,2022121305000639,SLI,21,18,10,334.00,3340.00
5741,5742,2022121303002910,LBBL,22,49,230,318.10,73163.00
5742,5743,2022121303002909,LBBL,45,49,100,318.20,31820.00
5743,5744,2022121304002399,MHNL,58,19,180,248.00,44640.00
5744,5745,2022121304002398,MHNL,49,19,60,248.00,14880.00
5745,5746,2022121304002397,MHNL,50,19,60,248.00,14880.00
5746,5747,2022121304002396,RHPL,51,37,40,227.20,9088.00
5747,5748,2022121305000638,TPC,58,25,100,327.00,32700.00
5748,5749,2022121303002908,KMCDB,56,45,13,906.00,11778.00
5749,5750,2022121305000637,SLI,21,18,10,334.00,3340.00
5750,5751,2022121303002907,MFIL,57,49,40,415.60,16624.00
5751,5752,2022121304002395,HPPL,57,51,20,248.00,4960.00
5752,5753,2022121303002906,NTC,13,14,100,895.00,89500.00
5753,5754,2022121303002905,NTC,25,14,223,895.00,199585.00
5754,5755,2022121303002904,NTC,19,14,10,896.00,8960.00
5755,5756,2022121301004632,BHDC,28,58,190,346.90,65911.00
5756,5757,2022121304002394,AIL,45,39,10,382.00,3820.00
5757,5758,2022121301004631,NABIL,13,39,150,806.90,121035.00
5758,5759,2022121301004630,NABIL,13,54,50,806.00,40300.00
5759,5760,2022121304002393,AKJCL,17,56,20,171.90,3438.00
5760,5761,2022121304002392,SICL,55,25,30,770.00,23100.00
5761,5762,2022121305000636,JBLB,38,58,15,2730.00,40950.00
5762,5763,2022121304002391,AIL,25,39,10,382.00,3820.00
5763,5764,2022121301004629,PPL,42,45,10,200.00,2000.00
5764,5765,2022121301004628,CCBL,34,41,28,188.00,5264.00
5765,5766,2022121304002390,GHL,36,56,100,193.00,19300.00
5766,5767,2022121304002389,RIDI,52,1,100,486.00,48600.00
5767,5768,2022121304002388,RIDI,55,1,300,486.00,145800.00
5768,5769,2022121304002387,RIDI,42,1,30,486.00,14580.00
5769,5770,2022121304002386,RIDI,33,1,200,486.40,97280.00
5770,5771,2022121304002385,RIDI,34,1,126,486.50,61299.00
5771,5772,2022121304002384,RIDI,52,1,30,486.60,14598.00
5772,5773,2022121304002383,RIDI,45,1,45,488.00,21960.00
5773,5774,2022121301004627,NBL,16,7,10,276.00,2760.00
5774,5775,2022121303002903,JSLBB,17,21,18,1595.00,28710.00
5775,5776,2022121304002382,AIL,25,39,10,382.00,3820.00
5776,5777,2022121303002902,SADBL,22,45,100,298.00,29800.00
5777,5778,2022121301004626,SHIVM,57,34,200,547.00,109400.00
5778,5779,2022121301004625,SHIVM,16,34,800,547.00,437600.00
5779,5780,2022121301004624,SHIVM,34,34,50,547.00,27350.00
5780,5781,2022121301004623,SIKLES,47,25,20,374.00,7480.00
5781,5782,2022121301004622,SIKLES,58,25,30,374.10,11223.00
5782,5783,2022121303002901,NTC,19,4,20,896.00,17920.00
5783,5784,2022121304002381,HDHPC,33,33,977,172.30,168337.10
5784,5785,2022121304002380,HDHPC,14,33,23,172.30,3962.90
5785,5786,2022121301004621,KBL,57,38,22,185.00,4070.00
5786,5787,2022121304002379,UNHPL,36,45,1000,188.00,188000.00
5787,5788,2022121304002378,KKHC,5,45,493,178.00,87754.00
5788,5789,2022121303002900,NRN,28,37,10,396.00,3960.00
5789,5790,2022121301004620,SRBL,34,49,106,184.20,19525.20
5790,5791,2022121301004619,MBL,37,42,10,214.00,2140.00
5791,5792,2022121303002899,NIFRA,16,28,64,184.00,11776.00
5792,5793,2022121301004618,PRVU,21,40,50,199.70,9985.00
5793,5794,2022121304002377,SFMF,16,36,625,8.81,5506.25
5794,5795,2022121304002376,SFMF,56,36,10000,8.84,88400.00
5795,5796,2022121304002375,SFMF,10,36,5375,8.85,47568.75
5796,5797,2022121304002374,SFMF,39,36,10000,8.86,88600.00
5797,5798,2022121304002373,AIL,25,39,10,382.00,3820.00
5798,5799,2022121303002898,MFIL,51,7,34,416.00,14144.00
5799,5800,2022121303002897,HIDCL,58,7,18,165.70,2982.60
5800,5801,2022121301004617,BHDC,14,58,10,346.90,3469.00
5801,5802,2022121301004616,BHDC,14,43,10,346.80,3468.00
5802,5803,2022121301004615,BHDC,14,46,10,346.50,3465.00
5803,5804,2022121301004614,BHDC,14,56,10,345.00,3450.00
5804,5805,2022121301004613,BHDC,14,17,10,344.00,3440.00
5805,5806,2022121305000635,SAHAS,45,45,10,447.10,4471.00
5806,5807,2022121304002372,AHPC,37,56,10,270.00,2700.00
5807,5808,2022121305000634,SLI,21,58,10,334.00,3340.00
5808,5809,2022121304002371,OHL,59,50,300,491.00,147300.00
5809,5810,2022121303002896,NRIC,49,37,46,690.00,31740.00
5810,5811,2022121301004612,KBL,41,10,494,184.50,91143.00
5811,5812,2022121301004611,GBIME,38,58,100,209.00,20900.00
5812,5813,2022121303002895,SMFDB,22,40,41,1215.00,49815.00
5813,5814,2022121303002894,SMFDB,10,40,35,1215.00,42525.00
5814,5815,2022121303002893,SMFDB,38,40,100,1215.00,121500.00
5815,5816,2022121303002892,SMFDB,49,40,100,1218.00,121800.00
5816,5817,2022121303002891,SMFDB,48,40,14,1218.00,17052.00
5817,5818,2022121303002890,SMFDB,22,40,50,1219.00,60950.00
5818,5819,2022121303002889,SMFDB,52,40,10,1220.00,12200.00
5819,5820,2022121303002888,SMFDB,58,40,50,1220.00,61000.00
5820,5821,2022121303002887,SMFDB,29,40,100,1221.00,122100.00
5821,5822,2022121304002370,SPDL,53,57,25,263.00,6575.00
5822,5823,2022121303002886,SIFC,44,35,50,300.00,15000.00
5823,5824,2022121304002369,NBF2,10,45,100,8.02,802.00
5824,5825,2022121305000633,MBJC,45,52,90,208.00,18720.00
5825,5826,2022121304002368,UNHPL,52,45,315,188.00,59220.00
5826,5827,2022121303002885,GILB,14,45,11,1135.00,12485.00
5827,5828,2022121303002884,ILBS,14,7,50,894.00,44700.00
5828,5829,2022121304002367,MEN,22,49,10,725.00,7250.00
5829,5830,2022121304002366,HPPL,41,52,190,251.90,47861.00
5830,5831,2022121304002365,AIL,49,39,10,382.10,3821.00
5831,5832,2022121305000632,MKLB,38,28,10,835.00,8350.00
5832,5833,2022121305000631,SLI,21,18,10,334.00,3340.00
5833,5834,2022121304002364,BPCL,13,58,10,305.00,3050.00
5834,5835,2022121303002883,NIFRA,16,49,45,184.00,8280.00
5835,5836,2022121303002882,NIFRA,42,49,30,184.00,5520.00
5836,5837,2022121303002881,NIFRA,57,49,10,184.00,1840.00
5837,5838,2022121303002880,NIFRA,35,49,35,184.00,6440.00
5838,5839,2022121303002879,NIFRA,40,49,15,184.00,2760.00
5839,5840,2022121301004610,SRBL,34,17,112,184.20,20630.40
5840,5841,2022121301004609,SRBL,21,17,50,184.20,9210.00
5841,5842,2022121301004608,SRBL,34,17,12,184.20,2210.40
5842,5843,2022121301004607,KBL,59,22,127,184.10,23380.70
5843,5844,2022121301004606,PPL,42,3,10,200.00,2000.00
5844,5845,2022121303002878,GBLBS,59,26,5,592.00,2960.00
5845,5846,2022121303002877,GBLBS,59,51,15,592.00,8880.00
5846,5847,2022121303002876,CBBL,36,49,100,1102.50,110250.00
5847,5848,2022121301004605,NABIL,34,14,10,807.00,8070.00
5848,5849,2022121303002875,NIFRA,40,37,54,184.00,9936.00
5849,5850,2022121301004604,PRVU,11,40,75,199.70,14977.50
5850,5851,2022121301004603,GBIME,32,35,100,210.00,21000.00
5851,5852,2022121305000630,SLI,55,57,10,335.00,3350.00
5852,5853,2022121301004602,HDL,58,45,20,3840.00,76800.00
5853,5854,2022121303002874,SMFDB,38,14,20,1222.00,24440.00
5854,5855,2022121305000629,SLI,21,35,10,334.00,3340.00
5855,5856,2022121303002873,LBBL,53,49,160,318.20,50912.00
5856,5857,2022121305000628,MBJC,45,58,10,208.00,2080.00
5857,5858,2022121301004601,LBL,43,49,10,192.10,1921.00
5858,5859,2022121305000627,JALPA,35,21,10,3350.00,33500.00
5859,5860,2022121301004600,HDL,58,45,100,3840.00,384000.00
5860,5861,2022121305000626,SLI,21,18,10,334.00,3340.00
5861,5862,2022121303002872,JSLBB,29,21,20,1600.00,32000.00
5862,5863,2022121301004599,SIKLES,58,58,10,374.10,3741.00
5863,5864,2022121304002363,SHL,4,50,1800,218.00,392400.00
5864,5865,2022121304002362,SHL,4,17,100,218.00,21800.00
5865,5866,2022121304002361,SHL,4,32,500,217.80,108900.00
5866,5867,2022121304002360,SHL,4,29,100,217.70,21770.00
5867,5868,2022121301004598,GBIME,34,41,70,209.80,14686.00
5868,5869,2022121301004597,PRVU,45,40,15,199.70,2995.50
5869,5870,2022121305000625,SAHAS,57,14,10,448.00,4480.00
5870,5871,2022121304002359,PRIN,38,58,200,397.00,79400.00
5871,5872,2022121304002358,PRIN,56,58,200,397.00,79400.00
5872,5873,2022121304002357,PRIN,20,58,71,399.00,28329.00
5873,5874,2022121304002356,PRIN,49,58,200,400.00,80000.00
5874,5875,2022121304002355,PRIN,22,58,50,400.00,20000.00
5875,5876,2022121304002354,PRIN,7,58,64,400.00,25600.00
5876,5877,2022121301004596,NABIL,22,22,47,805.00,37835.00
5877,5878,2022121301004595,NABIL,58,22,33,805.00,26565.00
5878,5879,2022121301004594,NABIL,42,22,20,805.00,16100.00
5879,5880,2022121303002871,NTC,25,49,20,895.00,17900.00
5880,5881,2022121303002870,RMDC,49,34,50,950.00,47500.00
5881,5882,2022121303002869,NICLBSL,25,37,10,710.50,7105.00
5882,5883,2022121303002868,GRDBL,22,43,50,228.50,11425.00
5883,5884,2022121303002867,LBBL,49,49,84,318.60,26762.40
5884,5885,2022121301004593,PPL,42,57,10,200.00,2000.00
5885,5886,2022121301004592,SIKLES,58,56,10,374.10,3741.00
5886,5887,2022121301004591,NIB,38,58,17,219.00,3723.00
5887,5888,2022121301004590,NIB,57,58,500,219.00,109500.00
5888,5889,2022121301004589,NIB,43,58,457,219.00,100083.00
5889,5890,2022121304002353,LEMF,50,10,200,7.84,1568.00
5890,5891,2022121303002866,NIFRA,40,13,431,184.00,79304.00
5891,5892,2022121303002865,NIFRA,38,13,69,184.00,12696.00
5892,5893,2022121305000624,JBLB,43,28,10,2725.00,27250.00
5893,5894,2022121303002864,NIFRA,20,44,46,185.00,8510.00
5894,5895,2022121303002863,NIFRA,20,40,54,185.00,9990.00
5895,5896,2022121301004588,MHL,48,38,10,308.50,3085.00
5896,5897,2022121304002352,UPPER,44,1,20,391.00,7820.00
5897,5898,2022121301004587,GBIME,38,11,62,209.00,12958.00
5898,5899,2022121301004586,GBIME,47,11,10,209.00,2090.00
5899,5900,2022121301004585,GBIME,38,11,40,209.00,8360.00
5900,5901,2022121301004584,GBIME,59,11,100,209.10,20910.00
5901,5902,2022121301004583,GBIME,56,11,31,209.10,6482.10
5902,5903,2022121304002351,LEC,4,7,170,217.00,36890.00
5903,5904,2022121305000623,SLI,21,18,10,334.00,3340.00
5904,5905,2022121301004582,SGHC,44,58,10,248.90,2489.00
5905,5906,2022121304002350,IGI,48,49,102,361.00,36822.00
5906,5907,2022121305000622,MBJC,28,45,10,207.30,2073.00
5907,5908,2022121304002349,AKPL,52,49,500,344.00,172000.00
5908,5909,2022121304002348,AKPL,55,49,1000,344.00,344000.00
5909,5910,2022121304002347,AKPL,44,49,100,344.00,34400.00
5910,5911,2022121304002346,AKPL,42,49,100,344.00,34400.00
5911,5912,2022121304002345,AKPL,17,49,100,344.00,34400.00
5912,5913,2022121304002344,AKPL,26,49,100,344.10,34410.00
5913,5914,2022121304002343,AKPL,53,49,100,344.10,34410.00
5914,5915,2022121303002862,LBBL,38,49,179,318.70,57047.30
5915,5916,2022121305000621,SLI,21,49,10,334.00,3340.00
5916,5917,2022121305000620,MBJC,28,37,10,207.30,2073.00
5917,5918,2022121304002342,AKJCL,19,56,10,171.90,1719.00
5918,5919,2022121303002861,HIDCL,35,22,13,166.00,2158.00
5919,5920,2022121301004581,SPHL,45,49,10,350.00,3500.00
5920,5921,2022121301004580,SPHL,45,1,10,350.00,3500.00
5921,5922,2022121303002860,NLICL,34,56,10,499.00,4990.00
5922,5923,2022121301004579,CZBIL,10,51,13,179.50,2333.50
5923,5924,2022121305000619,SLI,55,18,10,334.10,3341.00
5924,5925,2022121303002859,GRDBL,36,29,260,228.90,59514.00
5925,5926,2022121304002341,AKJCL,19,56,10,171.90,1719.00
5926,5927,2022121303002858,NICLBSL,25,45,35,710.50,24867.50
5927,5928,2022121303002857,NICLBSL,34,45,15,711.00,10665.00
5928,5929,2022121303002856,NTC,25,7,27,895.00,24165.00
5929,5930,2022121304002340,UIC,7,36,39,340.00,13260.00
5930,5931,2022121304002339,UMHL,39,22,45,225.00,10125.00
5931,5932,2022121304002338,AKPL,47,49,30,345.00,10350.00
5932,5933,2022121303002855,GBLBS,32,26,15,592.00,8880.00
5933,5934,2022121304002337,GLH,43,28,10,235.60,2356.00
5934,5935,2022121301004578,RHGCL,22,58,10,206.10,2061.00
5935,5936,2022121304002336,AKPL,42,49,300,345.00,103500.00
5936,5937,2022121304002335,AKPL,55,49,24,345.00,8280.00
5937,5938,2022121304002334,AKPL,35,49,25,345.00,8625.00
5938,5939,2022121304002333,AKPL,35,49,180,345.00,62100.00
5939,5940,2022121304002332,AKPL,4,49,480,345.00,165600.00
5940,5941,2022121301004577,AVYAN,50,37,10,692.20,6922.00
5941,5942,2022121301004576,PCBL,34,54,100,224.50,22450.00
5942,5943,2022121301004575,PRVU,49,1,250,200.00,50000.00
5943,5944,2022121301004574,PRVU,49,22,250,200.00,50000.00
5944,5945,2022121303002854,MNBBL,49,58,90,419.00,37710.00
5945,5946,2022121301004573,PPL,42,6,10,200.00,2000.00
5946,5947,2022121303002853,SABSL,42,14,10,905.00,9050.00
5947,5948,2022121303002852,NRIC,49,50,107,690.00,73830.00
5948,5949,2022121303002851,NRIC,39,50,54,690.10,37265.40
5949,5950,2022121303002850,NRIC,35,50,10,691.00,6910.00
5950,5951,2022121303002849,NRIC,38,50,29,691.00,20039.00
5951,5952,2022121301004572,USHEC,56,58,10,246.50,2465.00
5952,5953,2022121303002848,NUBL,56,32,100,888.00,88800.00
5953,5954,2022121305000618,MBJC,14,26,980,210.00,205800.00
5954,5955,2022121305000617,MBJC,14,58,10,210.00,2100.00
5955,5956,2022121305000616,MBJC,14,32,10,210.00,2100.00
5956,5957,2022121305000615,MBJC,14,58,10,210.00,2100.00
5957,5958,2022121305000614,MBJC,14,17,10,210.00,2100.00
5958,5959,2022121305000613,MBJC,14,26,10,210.00,2100.00
5959,5960,2022121305000612,MBJC,14,22,10,210.00,2100.00
5960,5961,2022121305000611,MBJC,14,34,500,209.90,104950.00
5961,5962,2022121305000610,MBJC,14,45,10,209.00,2090.00
5962,5963,2022121305000609,MBJC,14,39,10,209.00,2090.00
5963,5964,2022121305000608,MBJC,14,35,10,209.00,2090.00
5964,5965,2022121305000607,MBJC,14,57,50,209.00,10450.00
5965,5966,2022121305000606,MBJC,14,58,10,209.00,2090.00
5966,5967,2022121305000605,MBJC,14,38,10,208.00,2080.00
5967,5968,2022121304002331,NHPC,19,42,20,201.00,4020.00
5968,5969,2022121304002330,NHPC,19,22,77,201.00,15477.00
5969,5970,2022121304002329,HPPL,41,34,900,252.00,226800.00
5970,5971,2022121304002328,HPPL,41,19,100,252.00,25200.00
5971,5972,2022121304002327,HPPL,41,21,1000,251.00,251000.00
5972,5973,2022121301004571,HDL,51,43,10,3839.00,38390.00
5973,5974,2022121303002847,SMFDB,38,39,50,1222.10,61105.00
5974,5975,2022121301004570,MEGA,58,25,10,193.00,1930.00
5975,5976,2022121301004569,MEGA,45,25,20,193.00,3860.00
5976,5977,2022121301004568,MEGA,5,25,11,193.00,2123.00
5977,5978,2022121301004567,MEGA,13,25,500,193.00,96500.00
5978,5979,2022121301004566,MEGA,42,25,10,193.00,1930.00
5979,5980,2022121301004565,MEGA,42,25,50,193.00,9650.00
5980,5981,2022121301004564,MEGA,32,25,100,193.00,19300.00
5981,5982,2022121301004563,MEGA,45,25,10,193.00,1930.00
5982,5983,2022121301004562,MEGA,45,25,10,193.00,1930.00
5983,5984,2022121301004561,MEGA,45,25,20,193.00,3860.00
5984,5985,2022121301004560,MEGA,45,25,10,193.00,1930.00
5985,5986,2022121301004559,MEGA,25,25,10,193.00,1930.00
5986,5987,2022121301004558,MEGA,5,25,100,193.00,19300.00
5987,5988,2022121301004557,MEGA,28,25,100,193.00,19300.00
5988,5989,2022121301004556,MEGA,35,25,44,193.00,8492.00
5989,5990,2022121301004555,MEGA,1,25,400,193.10,77240.00
5990,5991,2022121301004554,MEGA,14,25,1000,193.20,193200.00
5991,5992,2022121301004553,MEGA,35,25,100,194.00,19400.00
5992,5993,2022121301004552,MEGA,10,25,369,194.00,71586.00
5993,5994,2022121301004551,MEGA,52,25,164,194.00,31816.00
5994,5995,2022121301004550,DORDI,16,58,10,229.70,2297.00
5995,5996,2022121301004549,SHIVM,35,34,10,546.50,5465.00
5996,5997,2022121301004548,SHIVM,42,34,32,546.50,17488.00
5997,5998,2022121301004547,NMB,33,26,104,229.40,23857.60
5998,5999,2022121301004546,NMB,55,26,90,229.50,20655.00
5999,6000,2022121305000604,NYADI,50,25,10,268.30,2683.00
6000,6001,2022121304002326,RIDI,45,3,45,488.00,21960.00
6001,6002,2022121301004545,MEGA,19,59,460,194.10,89286.00
6002,6003,2022121301004544,MEGA,17,59,200,194.10,38820.00
6003,6004,2022121301004543,PPL,42,36,10,200.00,2000.00
6004,6005,2022121301004542,HHL,7,46,10,219.00,2190.00
6005,6006,2022121303002846,MNBBL,58,14,65,422.00,27430.00
6006,6007,2022121303002845,MNBBL,58,58,100,421.00,42100.00
6007,6008,2022121303002844,CBBL,36,54,50,1102.50,55125.00
6008,6009,2022121303002843,BFC,22,7,200,305.10,61020.00
6009,6010,2022121303002842,BFC,8,7,100,306.00,30600.00
6010,6011,2022121303002841,NIFRA,38,46,54,184.00,9936.00
6011,6012,2022121305000603,JALPA,48,51,35,3351.00,117285.00
6012,6013,2022121305000602,JALPA,49,51,10,3360.00,33600.00
6013,6014,2022121305000601,SAHAS,45,58,10,447.10,4471.00
6014,6015,2022121303002840,SABSL,58,58,10,899.50,8995.00
6015,6016,2022121303002839,NIFRA,32,40,10,185.00,1850.00
6016,6017,2022121304002325,UPPER,46,25,53,392.90,20823.70
6017,6018,2022121304002324,UPPER,46,51,100,392.40,39240.00
6018,6019,2022121304002323,UPPER,46,58,100,392.00,39200.00
6019,6020,2022121304002322,UPPER,46,21,22,392.00,8624.00
6020,6021,2022121304002321,NHPC,42,28,10,200.00,2000.00
6021,6022,2022121301004541,GVL,41,34,10,310.20,3102.00
6022,6023,2022121301004540,HDL,52,32,95,3835.00,364325.00
6023,6024,2022121301004539,HDL,36,32,50,3835.00,191750.00
6024,6025,2022121305000600,SLI,21,18,10,334.00,3340.00
6025,6026,2022121305000599,SLI,55,45,10,334.10,3341.00
6026,6027,2022121301004538,NICFC,58,35,100,7.77,777.00
6027,6028,2022121301004537,GVL,41,36,10,310.20,3102.00
6028,6029,2022121303002838,NICLBSL,25,26,10,710.50,7105.00
6029,6030,2022121303002837,SMFDB,21,46,200,1224.00,244800.00
6030,6031,2022121303002836,SMFDB,53,46,200,1227.00,245400.00
6031,6032,2022121301004536,NABIL,39,39,50,805.00,40250.00
6032,6033,2022121304002320,UMHL,39,36,166,225.00,37350.00
6033,6034,2022121303002835,SIFC,44,17,133,300.00,39900.00
6034,6035,2022121303002834,SMFDB,53,58,20,1227.00,24540.00
6035,6036,2022121304002319,RIDI,51,33,100,488.90,48890.00
6036,6037,2022121303002833,NTC,25,49,30,895.00,26850.00
6037,6038,2022121301004535,NABIL,42,39,10,805.00,8050.00
6038,6039,2022121301004534,NIB,43,26,43,219.00,9417.00
6039,6040,2022121301004533,MEGA,34,59,100,194.20,19420.00
6040,6041,2022121301004532,HHL,7,58,10,215.10,2151.00
6041,6042,2022121304002318,HDHPC,7,35,10,174.00,1740.00
6042,6043,2022121301004531,NBL,58,26,145,275.60,39962.00
6043,6044,2022121301004530,NABIL,57,39,100,805.00,80500.00
6044,6045,2022121301004529,NABIL,14,39,34,805.00,27370.00
6045,6046,2022121301004528,NABIL,43,39,20,805.00,16100.00
6046,6047,2022121301004527,NABIL,3,39,300,805.00,241500.00
6047,6048,2022121301004526,NABIL,57,39,25,805.00,20125.00
6048,6049,2022121301004525,NABIL,51,39,22,805.00,17710.00
6049,6050,2022121301004524,NABIL,17,39,42,805.00,33810.00
6050,6051,2022121301004523,NABIL,6,39,22,805.00,17710.00
6051,6052,2022121301004522,NABIL,49,39,20,805.00,16100.00
6052,6053,2022121301004521,NABIL,44,39,70,805.00,56350.00
6053,6054,2022121305000598,MBJC,58,52,20,208.00,4160.00
6054,6055,2022121303002832,JBBL,42,21,132,276.00,36432.00
6055,6056,2022121301004520,SGHC,44,35,10,248.90,2489.00
6056,6057,2022121301004519,NMB,55,17,110,229.50,25245.00
6057,6058,2022121301004518,NMB,7,17,20,229.60,4592.00
6058,6059,2022121301004517,NMB,56,17,170,229.60,39032.00
6059,6060,2022121301004516,CYCL,1,51,10,2260.20,22602.00
6060,6061,2022121303002831,MLBSL,14,58,10,4000.00,40000.00
6061,6062,2022121301004515,KBL,6,26,424,184.00,78016.00
6062,6063,2022121301004514,KBL,32,26,50,184.00,9200.00
6063,6064,2022121301004513,KBL,34,26,90,184.10,16569.00
6064,6065,2022121305000597,SLI,21,18,10,334.00,3340.00
6065,6066,2022121303002830,CFCL,11,52,460,300.00,138000.00
6066,6067,2022121301004512,AVYAN,7,25,10,692.10,6921.00
6067,6068,2022121305000596,SLI,55,36,10,334.50,3345.00
6068,6069,2022121303002829,HIDCL,48,22,55,166.00,9130.00
6069,6070,2022121303002828,HIDCL,48,22,100,166.00,16600.00
6070,6071,2022121303002827,HIDCL,48,46,245,166.00,40670.00
6071,6072,2022121303002826,HIDCL,48,34,100,165.90,16590.00
6072,6073,2022121301004511,ADBL,38,38,18,312.00,5616.00
6073,6074,2022121301004510,ADBL,38,6,12,312.00,3744.00
6074,6075,2022121303002825,FMDBL,34,57,510,707.00,360570.00
6075,6076,2022121301004509,GVL,41,34,10,310.20,3102.00
6076,6077,2022121305000595,MBJC,45,52,70,208.10,14567.00
6077,6078,2022121303002824,HIDCL,58,26,51,165.70,8450.70
6078,6079,2022121301004508,NESDO,4,13,10,3310.00,33100.00
6079,6080,2022121305000594,SLI,21,18,10,334.00,3340.00
6080,6081,2022121303002823,FMDBL,34,28,400,707.00,282800.00
6081,6082,2022121303002822,FMDBL,43,28,100,707.00,70700.00
6082,6083,2022121304002317,HDHPC,14,26,27,172.30,4652.10
6083,6084,2022121304002316,HDHPC,25,26,50,172.50,8625.00
6084,6085,2022121304002315,HDHPC,38,26,50,172.70,8635.00
6085,6086,2022121304002314,HDHPC,52,26,362,172.80,62553.60
6086,6087,2022121304002313,HDHPC,37,26,11,172.80,1900.80
6087,6088,2022121301004507,PPL,42,49,10,200.00,2000.00
6088,6089,2022121303002821,SMFDB,17,46,50,1230.00,61500.00
6089,6090,2022121303002820,SMFDB,45,46,2000,1230.00,2460000.00
6090,6091,2022121303002819,SMFDB,32,46,10,1230.00,12300.00
6091,6092,2022121303002818,SMFDB,45,46,37,1231.00,45547.00
6092,6093,2022121305000593,SAHAS,45,45,10,447.10,4471.00
6093,6094,2022121301004506,HHL,7,59,10,219.00,2190.00
6094,6095,2022121301004505,HDL,38,43,20,3839.00,76780.00
6095,6096,2022121301004504,CCBL,34,59,21,188.00,3948.00
6096,6097,2022121304002312,AIL,52,58,10,387.00,3870.00
6097,6098,2022121304002311,AIL,52,37,10,385.00,3850.00
6098,6099,2022121304002310,UPPER,46,21,478,392.00,187376.00
6099,6100,2022121304002309,UPPER,46,41,100,392.00,39200.00
6100,6101,2022121304002308,UPPER,46,28,100,392.00,39200.00
6101,6102,2022121304002307,UPPER,46,48,222,392.00,87024.00
6102,6103,2022121304002306,UPPER,46,35,100,391.90,39190.00
6103,6104,2022121305000592,SLI,55,18,10,334.10,3341.00
6104,6105,2022121303002817,FOWAD,45,26,10,2588.50,25885.00
6105,6106,2022121303002816,FOWAD,35,26,50,2588.60,129430.00
6106,6107,2022121303002815,FOWAD,8,26,10,2589.00,25890.00
6107,6108,2022121303002814,CBBL,36,39,19,1102.50,20947.50
6108,6109,2022121301004503,HEIP,17,32,2300,240.10,552230.00
6109,6110,2022121301004502,HEIP,28,32,200,240.20,48040.00
6110,6111,2022121301004501,SANIMA,29,43,185,224.10,41458.50
6111,6112,2022121301004500,SANIMA,45,43,100,224.20,22420.00
6112,6113,2022121301004499,SANIMA,38,43,50,224.20,11210.00
6113,6114,2022121301004498,SANIMA,58,43,100,224.20,22420.00
6114,6115,2022121301004497,SANIMA,45,43,315,224.30,70654.50
6115,6116,2022121301004496,SIKLES,17,42,100,376.80,37680.00
6116,6117,2022121305000591,SAHAS,45,56,10,447.10,4471.00
6117,6118,2022121303002813,MLBL,16,46,50,340.10,17005.00
6118,6119,2022121303002812,MLBL,41,46,50,340.20,17010.00
6119,6120,2022121301004495,GBIME,38,32,10,209.00,2090.00
6120,6121,2022121301004494,GBIME,49,32,15,209.10,3136.50
6121,6122,2022121301004493,GBIME,41,32,25,209.10,5227.50
6122,6123,2022121304002305,API,45,26,28,208.20,5829.60
6123,6124,2022121305000590,SLI,55,18,10,334.10,3341.00
6124,6125,2022121303002811,SMFDB,45,46,163,1231.00,200653.00
6125,6126,2022121303002810,SMFDB,45,46,500,1231.10,615550.00
6126,6127,2022121303002809,SMFDB,45,46,50,1231.20,61560.00
6127,6128,2022121303002808,SMFDB,36,46,61,1231.30,75109.30
6128,6129,2022121303002807,SMFDB,32,46,26,1232.00,32032.00
6129,6130,2022121303002806,CLBSL,43,26,13,758.10,9855.30
6130,6131,2022121304002304,KPCL,56,35,105,318.50,33442.50
6131,6132,2022121301004492,USHEC,56,59,10,246.50,2465.00
6132,6133,2022121301004491,MHL,48,38,10,308.50,3085.00
6133,6134,2022121304002303,UPPER,42,41,38,390.00,14820.00
6134,6135,2022121301004490,SHIVM,42,49,18,546.50,9837.00
6135,6136,2022121301004489,DORDI,29,19,10,230.00,2300.00
6136,6137,2022121301004488,BHL,16,5,80,244.00,19520.00
6137,6138,2022121301004487,BHL,14,5,420,244.10,102522.00
6138,6139,2022121303002805,CFCL,11,26,140,300.00,42000.00
6139,6140,2022121303002804,CFCL,58,26,83,300.00,24900.00
6140,6141,2022121303002803,CFCL,38,26,65,300.00,19500.00
6141,6142,2022121304002302,HPPL,35,44,30,245.00,7350.00
6142,6143,2022121301004486,CZBIL,22,14,350,180.90,63315.00
6143,6144,2022121301004485,SRBL,34,34,390,184.20,71838.00
6144,6145,2022121301004484,KBL,34,34,32,184.10,5891.20
6145,6146,2022121304002301,SIL,55,44,10,489.00,4890.00
6146,6147,2022121304002300,SIL,55,44,30,489.00,14670.00
6147,6148,2022121303002802,NUBL,42,58,10,887.00,8870.00
6148,6149,2022121303002801,SMFDB,32,45,122,1232.00,150304.00
6149,6150,2022121305000589,RULB,41,38,10,870.10,8701.00
6150,6151,2022121301004483,SCB,44,6,10,402.00,4020.00
6151,6152,2022121304002299,RIDI,57,45,126,487.00,61362.00
6152,6153,2022121304002298,API,42,26,50,208.20,10410.00
6153,6154,2022121301004482,SRBL,48,4,20,184.80,3696.00
6154,6155,2022121301004481,SRBL,48,42,50,184.50,9225.00
6155,6156,2022121303002800,NIFRA,38,49,64,184.00,11776.00
6156,6157,2022121301004480,GBIME,43,59,153,209.10,31992.30
6157,6158,2022121303002799,GUFL,34,44,13,518.00,6734.00
6158,6159,2022121303002798,MLBL,41,58,50,340.20,17010.00
6159,6160,2022121303002797,MLBL,58,58,100,340.30,34030.00
6160,6161,2022121303002796,MLBL,58,58,50,340.30,17015.00
6161,6162,2022121305000588,JALPA,40,51,13,3377.90,43912.70
6162,6163,2022121304002297,KPCL,7,32,35,319.00,11165.00
6163,6164,2022121301004479,USHEC,56,58,10,246.50,2465.00
6164,6165,2022121301004478,UHEWA,57,39,10,349.00,3490.00
6165,6166,2022121301004477,SCB,44,47,190,402.00,76380.00
6166,6167,2022121301004476,DORDI,58,38,10,229.50,2295.00
6167,6168,2022121304002296,PSF,1,6,450,7.65,3442.50
6168,6169,2022121301004475,GVL,55,54,10,311.00,3110.00
6169,6170,2022121303002795,HIDCL,43,34,100,165.90,16590.00
6170,6171,2022121301004474,CZBIL,45,42,44,179.60,7902.40
6171,6172,2022121303002794,CIT,6,59,11,1851.30,20364.30
6172,6173,2022121301004473,SIKLES,58,49,10,374.10,3741.00
6173,6174,2022121303002793,NLIC,49,6,80,607.00,48560.00
6174,6175,2022121303002792,NLIC,5,6,500,607.00,303500.00
6175,6176,2022121303002791,NLIC,1,6,10,607.00,6070.00
6176,6177,2022121303002790,NTC,16,26,200,894.00,178800.00
6177,6178,2022121303002789,NRIC,38,53,10,691.00,6910.00
6178,6179,2022121301004472,SIKLES,57,1,10,374.10,3741.00
6179,6180,2022121304002295,NHPC,45,28,22,200.00,4400.00
6180,6181,2022121304002294,NHPC,58,28,100,200.00,20000.00
6181,6182,2022121304002293,NHPC,53,28,20,200.00,4000.00
6182,6183,2022121304002292,NHPC,25,28,50,200.00,10000.00
6183,6184,2022121304002291,PIC,35,49,12,511.00,6132.00
6184,6185,2022121301004471,NIB,43,38,43,219.00,9417.00
6185,6186,2022121301004470,NIB,57,38,20,219.00,4380.00
6186,6187,2022121303002788,NIFRA,38,49,20,184.00,3680.00
6187,6188,2022121301004469,BHL,14,4,10,244.10,2441.00
6188,6189,2022121301004468,NIB,5,34,50,219.10,10955.00
6189,6190,2022121301004467,NIB,41,34,430,219.10,94213.00
6190,6191,2022121301004466,NMB,56,26,194,229.60,44542.40
6191,6192,2022121301004465,NABIL,44,6,30,805.00,24150.00
6192,6193,2022121301004464,SIKLES,57,58,10,374.10,3741.00
6193,6194,2022121304002290,PRIN,7,6,13,400.00,5200.00
6194,6195,2022121301004463,PPL,42,38,10,200.00,2000.00
6195,6196,2022121301004462,PPL,42,58,10,200.00,2000.00
6196,6197,2022121303002787,NLIC,38,26,15,607.00,9105.00
6197,6198,2022121303002786,NLIC,58,26,35,607.00,21245.00
6198,6199,2022121304002289,API,16,49,50,208.10,10405.00
6199,6200,2022121304002288,API,19,49,50,208.20,10410.00
6200,6201,2022121304002287,MEN,22,44,190,725.00,137750.00
6201,6202,2022121301004461,GBIME,45,38,18,209.10,3763.80
6202,6203,2022121301004460,SGHC,44,59,10,248.90,2489.00
6203,6204,2022121301004459,MBL,37,45,113,212.00,23956.00
6204,6205,2022121301004458,MBL,37,46,20,212.00,4240.00
6205,6206,2022121301004457,CYCL,1,49,10,2260.20,22602.00
6206,6207,2022121303002785,NICLBSL,44,26,10,711.00,7110.00
6207,6208,2022121303002784,SFCL,28,48,10,257.80,2578.00
6208,6209,2022121305000587,SAHAS,45,56,10,447.10,4471.00
6209,6210,2022121305000586,JALPA,40,58,10,3350.00,33500.00
6210,6211,2022121301004456,MEGA,49,38,49,194.20,9515.80
6211,6212,2022121301004455,SANIMA,45,25,185,224.30,41495.50
6212,6213,2022121301004454,SANIMA,56,25,25,224.30,5607.50
6213,6214,2022121301004453,SANIMA,45,25,19,224.30,4261.70
6214,6215,2022121301004452,SANIMA,20,25,50,224.50,11225.00
6215,6216,2022121301004451,SANIMA,1,25,121,224.50,27164.50
6216,6217,2022121301004450,SANIMA,21,25,30,225.00,6750.00
6217,6218,2022121303002783,CHDC,50,22,140,655.00,91700.00
6218,6219,2022121305000585,RULB,11,52,15,870.20,13053.00
6219,6220,2022121301004449,HDL,58,7,10,3837.00,38370.00
6220,6221,2022121301004448,NICA,42,26,12,678.00,8136.00
6221,6222,2022121301004447,NICA,42,26,150,679.00,101850.00
6222,6223,2022121303002782,GUFL,57,44,200,518.00,103600.00
6223,6224,2022121303002781,GUFL,59,44,500,518.00,259000.00
6224,6225,2022121303002780,SMFDB,32,42,25,1235.00,30875.00
6225,6226,2022121301004446,NABIL,44,38,14,805.00,11270.00
6226,6227,2022121301004445,NABIL,44,45,28,805.00,22540.00
6227,6228,2022121304002286,PIC,35,7,176,511.00,89936.00
6228,6229,2022121304002285,PIC,38,7,10,511.10,5111.00
6229,6230,2022121304002284,PIC,49,7,10,511.10,5111.00
6230,6231,2022121304002283,PIC,55,7,10,512.00,5120.00
6231,6232,2022121304002282,PIC,41,7,20,512.10,10242.00
6232,6233,2022121304002281,PIC,34,7,10,512.10,5121.00
6233,6234,2022121304002280,PIC,25,7,125,512.10,64012.50
6234,6235,2022121304002279,PIC,6,7,100,512.20,51220.00
6235,6236,2022121304002278,PIC,21,7,100,512.30,51230.00
6236,6237,2022121304002277,PIC,13,7,19,512.60,9739.40
6237,6238,2022121304002276,PIC,5,7,100,513.00,51300.00
6238,6239,2022121304002275,PIC,21,7,45,513.00,23085.00
6239,6240,2022121304002274,PIC,45,7,50,513.10,25655.00
6240,6241,2022121304002273,PIC,35,7,172,513.20,88270.40
6241,6242,2022121304002272,PIC,58,7,20,514.00,10280.00
6242,6243,2022121304002271,PIC,47,7,50,515.00,25750.00
6243,6244,2022121304002270,PIC,1,7,10,515.00,5150.00
6244,6245,2022121304002269,RIDI,56,45,94,487.00,45778.00
6245,6246,2022121301004444,NIB,41,26,20,219.10,4382.00
6246,6247,2022121301004443,NIB,49,26,23,219.20,5041.60
6247,6248,2022121303002779,CHDC,56,6,70,656.00,45920.00
6248,6249,2022121301004442,UHEWA,26,49,10,349.00,3490.00
6249,6250,2022121301004441,NMB,32,34,11,230.00,2530.00
6250,6251,2022121301004440,NMB,32,34,20,230.00,4600.00
6251,6252,2022121301004439,NMB,32,45,19,230.00,4370.00
6252,6253,2022121301004438,NABIL,22,45,100,805.00,80500.00
6253,6254,2022121303002778,MLBSL,39,36,10,3980.00,39800.00
6254,6255,2022121301004437,AVYAN,50,58,10,692.10,6921.00
6255,6256,2022121301004436,ADBL,26,4,10,310.20,3102.00
6256,6257,2022121304002268,OHL,6,38,140,485.00,67900.00
6257,6258,2022121304002267,OHL,6,59,30,484.00,14520.00
6258,6259,2022121304002266,OHL,6,5,60,484.00,29040.00
6259,6260,2022121304002265,OHL,6,5,50,483.00,24150.00
6260,6261,2022121301004435,NBL,6,26,145,275.50,39947.50
6261,6262,2022121304002264,UPPER,42,36,92,390.00,35880.00
6262,6263,2022121304002263,UPPER,54,36,128,390.00,49920.00
6263,6264,2022121304002262,UPPER,55,36,148,390.00,57720.00
6264,6265,2022121304002261,UPPER,1,36,100,390.10,39010.00
6265,6266,2022121304002260,UPPER,45,36,32,390.10,12483.20
6266,6267,2022121303002777,SINDU,39,41,10,254.00,2540.00
6267,6268,2022121304002259,SSHL,25,6,75,169.00,12675.00
6268,6269,2022121304002258,SSHL,59,6,100,169.00,16900.00
6269,6270,2022121304002257,SSHL,16,6,25,169.00,4225.00
6270,6271,2022121304002256,SSHL,6,6,100,169.00,16900.00
6271,6272,2022121304002255,API,58,26,17,209.00,3553.00
6272,6273,2022121304002254,AHPC,34,42,200,269.00,53800.00
6273,6274,2022121303002776,NLIC,53,6,10,609.00,6090.00
6274,6275,2022121301004434,KBL,34,26,489,184.10,90024.90
6275,6276,2022121301004433,KBL,21,26,50,184.50,9225.00
6276,6277,2022121301004432,KBL,55,26,111,184.50,20479.50
6277,6278,2022121303002775,MLBSL,35,36,10,3980.00,39800.00
6278,6279,2022121303002774,MNBBL,49,37,271,419.00,113549.00
6279,6280,2022121303002773,MNBBL,53,37,50,419.00,20950.00
6280,6281,2022121303002772,MNBBL,44,37,79,419.00,33101.00
6281,6282,2022121303002771,MNBBL,39,37,100,419.10,41910.00
6282,6283,2022121301004431,NABIL,44,45,22,805.00,17710.00
6283,6284,2022121301004430,NABIL,44,14,478,805.00,384790.00
6284,6285,2022121303002770,MLBL,32,46,60,341.00,20460.00
6285,6286,2022121304002253,UPPER,45,34,50,390.10,19505.00
6286,6287,2022121303002769,HIDCL,58,26,51,165.70,8450.70
6287,6288,2022121304002252,NGPL,22,45,55,207.00,11385.00
6288,6289,2022121304002251,NGPL,58,45,20,207.00,4140.00
6289,6290,2022121304002250,NGPL,51,45,62,207.00,12834.00
6290,6291,2022121304002249,NGPL,17,45,25,207.00,5175.00
6291,6292,2022121304002248,NGPL,25,45,52,207.10,10769.20
6292,6293,2022121301004429,BHDC,47,1,10,342.10,3421.00
6293,6294,2022121305000584,JALPA,38,45,10,3336.60,33366.00
6294,6295,2022121303002768,MLBL,32,51,100,341.00,34100.00
6295,6296,2022121301004428,NABIL,19,14,10,805.00,8050.00
6296,6297,2022121301004427,NABIL,50,14,40,805.00,32200.00
6297,6298,2022121304002247,HDHPC,37,26,289,172.80,49939.20
6298,6299,2022121304002246,HDHPC,7,26,161,172.80,27820.80
6299,6300,2022121304002245,HDHPC,32,26,50,172.90,8645.00
6300,6301,2022121303002767,SADBL,22,14,120,298.00,35760.00
6301,6302,2022121301004426,RFPL,28,19,10,229.50,2295.00
6302,6303,2022121301004425,RFPL,28,58,10,227.70,2277.00
6303,6304,2022121301004424,RFPL,28,58,10,227.60,2276.00
6304,6305,2022121301004423,RFPL,28,58,10,227.50,2275.00
6305,6306,2022121301004422,RFPL,28,58,10,227.50,2275.00
6306,6307,2022121301004421,RFPL,28,58,10,227.50,2275.00
6307,6308,2022121301004420,NABIL,57,14,452,805.00,363860.00
6308,6309,2022121303002766,NTC,47,58,80,899.00,71920.00
6309,6310,2022121303002765,NTC,47,19,10,898.00,8980.00
6310,6311,2022121304002244,NICL,32,54,500,417.00,208500.00
6311,6312,2022121304002243,NICL,58,54,500,417.00,208500.00
6312,6313,2022121301004419,NABIL,46,14,20,805.00,16100.00
6313,6314,2022121305000583,SLI,55,40,10,334.10,3341.00
6314,6315,2022121303002764,GBBL,26,26,229,378.00,86562.00
6315,6316,2022121304002242,RHPL,13,57,120,227.00,27240.00
6316,6317,2022121304002241,RHPL,19,57,220,227.00,49940.00
6317,6318,2022121304002240,RHPL,14,57,200,227.10,45420.00
6318,6319,2022121304002239,RHPL,3,57,450,227.20,102240.00
6319,6320,2022121301004418,RHGCL,22,59,10,206.10,2061.00
6320,6321,2022121303002763,LBBL,37,36,500,320.00,160000.00
6321,6322,2022121303002762,LBBL,45,36,400,320.00,128000.00
6322,6323,2022121303002761,MLBSL,38,36,30,3990.00,119700.00
6323,6324,2022121303002760,MLBSL,14,36,10,3990.00,39900.00
6324,6325,2022121303002759,MLBSL,38,36,10,3991.00,39910.00
6325,6326,2022121303002758,MLBSL,35,36,10,3992.00,39920.00
6326,6327,2022121304002238,API,21,44,450,209.50,94275.00
6327,6328,2022121304002237,IGI,44,6,100,364.00,36400.00
6328,6329,2022121304002236,KKHC,5,29,15,178.00,2670.00
6329,6330,2022121304002235,UIC,7,6,85,339.10,28823.50
6330,6331,2022121304002234,UIC,38,6,15,340.00,5100.00
6331,6332,2022121303002757,FOWAD,8,26,40,2589.00,103560.00
6332,6333,2022121303002756,FOWAD,29,26,20,2590.00,51800.00
6333,6334,2022121303002755,FOWAD,45,26,10,2590.10,25901.00
6334,6335,2022121301004417,NMB,56,57,636,229.60,146025.60
6335,6336,2022121301004416,NMB,42,57,50,229.70,11485.00
6336,6337,2022121301004415,NMB,22,57,143,229.80,32861.40
6337,6338,2022121301004414,NMB,22,57,70,229.90,16093.00
6338,6339,2022121301004413,NMB,6,57,701,229.90,161159.90
6339,6340,2022121303002754,NIFRA,38,46,64,184.00,11776.00
6340,6341,2022121301004412,NABIL,5,14,13,805.00,10465.00
6341,6342,2022121303002753,GBBL,D01,49,500,380.00,190000.00
6342,6343,2022121303002752,GBBL,D01,25,500,380.00,190000.00
6343,6344,2022121303002751,GBBL,D01,6,200,380.00,76000.00
6344,6345,2022121303002750,GBBL,D01,51,35,380.00,13300.00
6345,6346,2022121303002749,NRN,7,6,10,396.00,3960.00
6346,6347,2022121304002233,API,42,26,50,209.60,10480.00
6347,6348,2022121303002748,MLBL,32,45,40,341.00,13640.00
6348,6349,2022121304002232,KKHC,5,29,140,178.00,24920.00
6349,6350,2022121304002231,KKHC,32,29,100,178.10,17810.00
6350,6351,2022121304002230,NHDL,45,37,470,311.00,146170.00
6351,6352,2022121304002229,SJCL,14,13,50,219.10,10955.00
6352,6353,2022121304002228,SJCL,53,13,10,219.50,2195.00
6353,6354,2022121305000582,SLI,55,28,10,335.00,3350.00
6354,6355,2022121304002227,HEI,45,39,15,361.00,5415.00
6355,6356,2022121304002226,HEI,53,39,171,361.00,61731.00
6356,6357,2022121304002225,HEI,49,39,1000,361.10,361100.00
6357,6358,2022121304002224,HEI,42,39,10,362.00,3620.00
6358,6359,2022121304002223,HEI,35,39,54,362.10,19553.40
6359,6360,2022121304002222,CGH,56,6,10,1009.00,10090.00
6360,6361,2022121303002747,CLBSL,43,26,13,758.10,9855.30
6361,6362,2022121304002221,NIL,29,43,27,716.50,19345.50
6362,6363,2022121304002220,NIL,19,43,10,717.00,7170.00
6363,6364,2022121303002746,NMFBS,58,57,100,2000.00,200000.00
6364,6365,2022121303002745,NMFBS,17,57,100,2000.00,200000.00
6365,6366,2022121303002744,NMFBS,54,57,36,2001.00,72036.00
6366,6367,2022121303002743,GUFL,58,48,50,519.00,25950.00
6367,6368,2022121301004411,BHDC,47,4,10,342.10,3421.00
6368,6369,2022121301004410,NABIL,36,53,46,804.70,37016.20
6369,6370,2022121304002219,NICSF,38,6,650,7.80,5070.00
6370,6371,2022121304002218,NICSF,34,6,350,7.81,2733.50
6371,6372,2022121301004409,ADBL,26,37,175,310.20,54285.00
6372,6373,2022121301004408,ADBL,19,37,10,310.50,3105.00
6373,6374,2022121301004407,ADBL,49,37,315,310.50,97807.50
6374,6375,2022121301004406,HDL,10,57,10,3840.00,38400.00
6375,6376,2022121301004405,HDL,10,48,88,3839.00,337832.00
6376,6377,2022121304002217,RIDI,7,45,50,487.00,24350.00
6377,6378,2022121304002216,RIDI,53,45,30,487.00,14610.00
6378,6379,2022121304002215,RIDI,36,45,100,487.00,48700.00
6379,6380,2022121304002214,RIDI,59,45,100,487.10,48710.00
6380,6381,2022121304002213,NICGF,58,5,1155,9.10,10510.50
6381,6382,2022121304002212,NGPL,58,16,11,208.90,2297.90
6382,6383,2022121301004404,CBLD88,47,38,25,836.00,20900.00
6383,6384,2022121303002742,CIT,1,45,10,1855.00,18550.00
6384,6385,2022121301004403,KBL,55,58,89,184.50,16420.50
6385,6386,2022121301004402,KBL,46,58,200,184.50,36900.00
6386,6387,2022121301004401,KBL,49,58,786,184.50,145017.00
6387,6388,2022121301004400,KBL,34,58,25,184.50,4612.50
6388,6389,2022121303002741,CFCL,38,26,135,300.00,40500.00
6389,6390,2022121303002740,CFCL,35,26,50,300.00,15000.00
6390,6391,2022121303002739,CFCL,14,26,25,300.00,7500.00
6391,6392,2022121303002738,CFCL,48,26,20,300.00,6000.00
6392,6393,2022121303002737,CFCL,42,26,10,300.00,3000.00
6393,6394,2022121303002736,CFCL,41,26,10,300.00,3000.00
6394,6395,2022121303002735,CFCL,57,26,20,300.00,6000.00
6395,6396,2022121303002734,CFCL,21,26,10,300.00,3000.00
6396,6397,2022121303002733,CFCL,33,26,10,300.30,3003.00
6397,6398,2022121303002732,CFCL,19,26,154,300.30,46246.20
6398,6399,2022121303002731,CFCL,41,26,100,300.40,30040.00
6399,6400,2022121303002730,CFCL,41,26,31,300.50,9315.50
6400,6401,2022121304002211,SHL,45,29,100,217.70,21770.00
6401,6402,2022121301004399,SANIMA,58,47,20,225.00,4500.00
6402,6403,2022121304002210,HEI,35,49,14,362.10,5069.40
6403,6404,2022121301004398,NABIL,43,42,8,789.00,6312.00
6404,6405,2022121301004397,GBIME,57,41,39,209.80,8182.20
6405,6406,2022121303002729,NRIC,38,28,46,691.00,31786.00
6406,6407,2022121301004396,SRBL,34,28,400,184.20,73680.00
6407,6408,2022121303002728,NABBC,58,43,10,348.10,3481.00
6408,6409,2022121303002727,KSBBL,47,39,40,308.00,12320.00
6409,6410,2022121303002726,KSBBL,56,39,10,308.00,3080.00
6410,6411,2022121303002725,KSBBL,17,39,50,308.00,15400.00
6411,6412,2022121303002724,LBBL,52,14,200,320.50,64100.00
6412,6413,2022121301004395,NABIL,42,53,20,804.70,16094.00
6413,6414,2022121303002723,NIFRA,38,28,29,184.00,5336.00
6414,6415,2022121303002722,NIFRA,29,28,35,184.00,6440.00
6415,6416,2022121304002209,API,50,26,35,209.60,7336.00
6416,6417,2022121301004394,KBL,34,38,50,185.00,9250.00
6417,6418,2022121303002721,GMFIL,34,49,40,310.00,12400.00
6418,6419,2022121301004393,HDL,17,57,10,3840.00,38400.00
6419,6420,2022121301004392,SIKLES,57,29,10,374.10,3741.00
6420,6421,2022121301004391,NICA,58,28,20,680.00,13600.00
6421,6422,2022121303002720,NICLBSL,44,28,10,711.00,7110.00
6422,6423,2022121303002719,ACLBSL,55,59,13,709.00,9217.00
6423,6424,2022121301004390,NIB,49,6,27,219.20,5918.40
6424,6425,2022121301004389,ULBSL,33,48,10,3420.00,34200.00
6425,6426,2022121304002208,AHPC,11,49,11,269.00,2959.00
6426,6427,2022121301004388,NABIL,8,14,70,805.00,56350.00
6427,6428,2022121301004387,SIKLES,57,29,10,374.10,3741.00
6428,6429,2022121301004386,NIB,32,6,104,219.70,22848.80
6429,6430,2022121305000581,SLI,55,33,10,336.00,3360.00
6430,6431,2022121303002718,NTC,47,28,10,891.00,8910.00
6431,6432,2022121305000580,RULB,11,58,10,870.20,8702.00
6432,6433,2022121301004385,NABIL,58,14,20,805.00,16100.00
6433,6434,2022121301004384,DORDI,58,33,60,229.50,13770.00
6434,6435,2022121303002717,CFCL,41,49,69,300.50,20734.50
6435,6436,2022121303002716,CFCL,55,49,100,301.00,30100.00
6436,6437,2022121303002715,CFCL,22,49,131,301.00,39431.00
6437,6438,2022121304002207,NBF2,10,45,100,7.90,790.00
6438,6439,2022121304002206,CHL,48,34,50,208.00,10400.00
6439,6440,2022121301004383,CCBL,34,52,39,188.00,7332.00
6440,6441,2022121304002205,API,50,45,15,209.60,3144.00
6441,6442,2022121303002714,ACLBSL,26,59,87,711.00,61857.00
6442,6443,2022121304002204,SSHL,47,6,100,170.00,17000.00
6443,6444,2022121304002203,SSHL,16,6,100,170.00,17000.00
6444,6445,2022121304002202,SSHL,6,6,100,170.00,17000.00
6445,6446,2022121304002201,SSHL,6,6,100,170.00,17000.00
6446,6447,2022121304002200,SSHL,58,6,16,170.10,2721.60
6447,6448,2022121303002713,NIFRA,47,45,200,185.00,37000.00
6448,6449,2022121303002712,NIFRA,49,45,110,185.00,20350.00
6449,6450,2022121303002711,NIFRA,58,45,10,185.00,1850.00
6450,6451,2022121303002710,NIFRA,25,45,28,185.00,5180.00
6451,6452,2022121303002709,NABBC,35,7,300,358.00,107400.00
6452,6453,2022121301004382,NCCB,49,6,10,182.00,1820.00
6453,6454,2022121301004381,NABIL,45,14,12,805.00,9660.00
6454,6455,2022121304002199,HDHPC,7,51,39,172.80,6739.20
6455,6456,2022121304002198,HDHPC,58,51,300,173.00,51900.00
6456,6457,2022121304002197,HDHPC,41,51,61,173.00,10553.00
6457,6458,2022121304002196,SJCL,49,58,200,220.00,44000.00
6458,6459,2022121303002708,NLIC,32,6,31,609.00,18879.00
6459,6460,2022121304002195,UPPER,45,58,20,390.10,7802.00
6460,6461,2022121303002707,NRIC,38,44,15,691.00,10365.00
6461,6462,2022121304002194,RIDI,59,45,100,487.10,48710.00
6462,6463,2022121301004380,NESDO,38,59,100,3310.00,331000.00
6463,6464,2022121301004379,NESDO,14,59,10,3310.00,33100.00
6464,6465,2022121301004378,NESDO,38,59,10,3310.00,33100.00
6465,6466,2022121301004377,NESDO,19,59,10,3311.00,33110.00
6466,6467,2022121301004376,NESDO,59,59,20,3311.00,66220.00
6467,6468,2022121301004375,NESDO,4,59,30,3315.00,99450.00
6468,6469,2022121301004374,NESDO,57,59,10,3315.00,33150.00
6469,6470,2022121301004373,USHEC,56,3,10,246.50,2465.00
6470,6471,2022121301004372,NABIL,25,19,10,804.70,8047.00
6471,6472,2022121301004371,NABIL,52,19,50,804.70,40235.00
6472,6473,2022121301004370,NABIL,48,19,40,804.80,32192.00
6473,6474,2022121301004369,NABIL,45,19,100,804.90,80490.00
6474,6475,2022121303002706,CIT,6,53,34,1852.30,62978.20
6475,6476,2022121301004368,KBL,39,38,85,185.00,15725.00
6476,6477,2022121301004367,KBL,39,56,915,185.00,169275.00
6477,6478,2022121301004366,NBF3,58,14,500,7.30,3650.00
6478,6479,2022121303002705,NADEP,43,49,50,681.50,34075.00
6479,6480,2022121303002704,SMFDB,45,22,150,1231.20,184680.00
6480,6481,2022121303002703,SMFDB,28,22,50,1231.30,61565.00
6481,6482,2022121303002702,SMFDB,49,22,50,1232.00,61600.00
6482,6483,2022121303002701,NIFRA,42,45,77,185.10,14252.70
6483,6484,2022121303002700,NIFRA,22,45,100,185.10,18510.00
6484,6485,2022121301004365,MMF1,33,35,100,7.13,713.00
6485,6486,2022121301004364,ADBL,49,47,10,310.50,3105.00
6486,6487,2022121305000579,MBJC,45,35,10,208.10,2081.00
6487,6488,2022121301004363,MBL,18,46,20,212.00,4240.00
6488,6489,2022121303002699,HIDCL,6,46,100,166.00,16600.00
6489,6490,2022121301004362,NIB,32,52,400,219.70,87880.00
6490,6491,2022121303002698,NRIC,22,35,14,692.00,9688.00
6491,6492,2022121303002697,LLBS,22,58,60,1024.00,61440.00
6492,6493,2022121303002696,NADEP,14,49,10,682.00,6820.00
6493,6494,2022121301004361,PPL,42,7,10,200.00,2000.00
6494,6495,2022121303002695,JFL,56,35,10,374.90,3749.00
6495,6496,2022121304002193,UPCL,17,46,100,215.10,21510.00
6496,6497,2022121304002192,SSHL,36,6,700,170.20,119140.00
6497,6498,2022121301004360,RFPL,28,52,10,227.50,2275.00
6498,6499,2022121301004359,NABIL,11,14,40,805.00,32200.00
6499,6500,2022121301004358,NABIL,42,14,50,805.00,40250.00
6500,6501,2022121301004357,NABIL,19,14,50,805.00,40250.00
6501,6502,2022121301004356,NABIL,44,14,10,805.00,8050.00
6502,6503,2022121301004355,NABIL,22,14,20,805.00,16100.00
6503,6504,2022121301004354,NABIL,36,14,50,805.20,40260.00
6504,6505,2022121303002694,JSLBB,17,14,30,1620.00,48600.00
6505,6506,2022121301004353,GBIME,47,6,91,209.80,19091.80
6506,6507,2022121303002693,CHDC,52,49,10,660.00,6600.00
6507,6508,2022121303002692,CHDC,52,49,10,660.00,6600.00
6508,6509,2022121301004352,SHIVM,17,44,1050,546.00,573300.00
6509,6510,2022121301004351,SHIVM,36,44,50,546.00,27300.00
6510,6511,2022121301004350,SHIVM,57,44,100,546.20,54620.00
6511,6512,2022121301004349,UHEWA,26,32,10,349.00,3490.00
6512,6513,2022121301004348,ADBL,19,47,90,311.40,28026.00
6513,6514,2022121304002191,SPDL,53,58,200,263.00,52600.00
6514,6515,2022121301004347,CCBL,34,50,420,188.00,78960.00
6515,6516,2022121301004346,CCBL,52,50,49,188.00,9212.00
6516,6517,2022121301004345,CCBL,19,50,134,188.00,25192.00
6517,6518,2022121303002691,BFC,42,17,14,306.00,4284.00
6518,6519,2022121301004344,SHIVM,57,42,100,546.20,54620.00
6519,6520,2022121303002690,CHDC,56,52,10,656.00,6560.00
6520,6521,2022121304002190,UPCL,17,59,550,215.10,118305.00
6521,6522,2022121304002189,UPCL,18,59,1450,215.10,311895.00
6522,6523,2022121301004343,NICA,34,58,10,681.00,6810.00
6523,6524,2022121301004342,RFPL,56,49,10,223.00,2230.00
6524,6525,2022121301004341,SGHC,44,58,10,248.90,2489.00
6525,6526,2022121301004340,GBIME,35,6,10,210.00,2100.00
6526,6527,2022121301004339,GBIME,50,6,50,210.00,10500.00
6527,6528,2022121301004338,GBIME,49,6,24,210.00,5040.00
6528,6529,2022121301004337,GBIME,45,6,40,210.00,8400.00
6529,6530,2022121301004336,GBIME,57,6,10,210.00,2100.00
6530,6531,2022121301004335,GBIME,38,6,45,210.00,9450.00
6531,6532,2022121301004334,GBIME,58,6,50,210.00,10500.00
6532,6533,2022121301004333,GBIME,19,6,70,210.00,14700.00
6533,6534,2022121303002689,NLICL,6,56,30,499.00,14970.00
6534,6535,2022121301004332,NIB,55,58,250,220.00,55000.00
6535,6536,2022121301004331,NIB,28,58,100,220.00,22000.00
6536,6537,2022121301004330,NIB,19,58,63,220.10,13866.30
6537,6538,2022121301004329,NMB,6,19,279,229.90,64142.10
6538,6539,2022121303002688,FMDBL,34,41,690,708.80,489072.00
6539,6540,2022121303002687,FMDBL,45,41,200,709.00,141800.00
6540,6541,2022121301004328,SHIVM,48,42,50,546.20,27310.00
6541,6542,2022121301004327,NABIL,22,14,11,805.00,8855.00
6542,6543,2022121301004326,NABIL,32,14,25,805.00,20125.00
6543,6544,2022121301004325,MBL,48,46,250,212.10,53025.00
6544,6545,2022121301004324,MBL,29,46,10,212.20,2122.00
6545,6546,2022121303002686,SFCL,57,25,300,255.00,76500.00
6546,6547,2022121303002685,SFCL,49,25,100,255.20,25520.00
6547,6548,2022121301004323,SRBL,34,45,1198,184.20,220671.60
6548,6549,2022121301004322,SRBL,26,45,300,184.30,55290.00
6549,6550,2022121305000578,MBJC,45,49,10,208.10,2081.00
6550,6551,2022121301004321,SIKLES,57,32,10,374.10,3741.00
6551,6552,2022121301004320,RFPL,28,11,10,227.50,2275.00
6552,6553,2022121301004319,GBIME,38,34,47,210.00,9870.00
6553,6554,2022121301004318,GBIME,21,34,40,210.00,8400.00
6554,6555,2022121301004317,GBIME,32,34,15,210.00,3150.00
6555,6556,2022121301004316,GBIME,19,34,10,210.20,2102.00
6556,6557,2022121301004315,GBIME,34,34,78,210.20,16395.60
6557,6558,2022121301004314,GBIME,42,34,10,211.00,2110.00
6558,6559,2022121304002188,SSHL,32,6,200,170.50,34100.00
6559,6560,2022121301004313,SHIVM,13,42,100,546.50,54650.00
6560,6561,2022121301004312,CCBL,6,41,17,188.50,3204.50
6561,6562,2022121301004311,CCBL,14,41,95,188.50,17907.50
6562,6563,2022121301004310,GIBF1,41,28,5000,8.01,40050.00
6563,6564,2022121303002684,SKBBL,16,47,2,1110.00,2220.00
6564,6565,2022121303002683,SKBBL,57,47,68,1111.00,75548.00
6565,6566,2022121303002682,SKBBL,45,47,50,1112.00,55600.00
6566,6567,2022121304002187,UPCL,18,37,500,215.10,107550.00
6567,6568,2022121303002681,PFL,52,34,48,332.10,15940.80
6568,6569,2022121305000577,SLI,21,59,10,334.00,3340.00
6569,6570,2022121305000576,MBJC,45,59,10,208.10,2081.00
6570,6571,2022121303002680,NMFBS,54,44,14,2001.00,28014.00
6571,6572,2022121303002679,NMFBS,38,44,10,2002.00,20020.00
6572,6573,2022121303002678,NMFBS,48,44,10,2002.10,20021.00
6573,6574,2022121303002677,NMFBS,45,44,10,2002.20,20022.00
6574,6575,2022121301004309,MBL,29,42,190,212.20,40318.00
6575,6576,2022121303002676,CHDC,56,6,10,656.00,6560.00
6576,6577,2022121301004308,PCBL,34,58,14,224.50,3143.00
6577,6578,2022121301004307,PCBL,20,58,199,224.60,44695.40
6578,6579,2022121305000575,TPC,14,39,15,321.20,4818.00
6579,6580,2022121303002675,NADEP,39,17,10,682.00,6820.00
6580,6581,2022121303002674,SFCL,58,48,10,257.90,2579.00
6581,6582,2022121301004306,HHL,7,38,10,215.10,2151.00
6582,6583,2022121304002186,UPPER,58,48,20,392.00,7840.00
6583,6584,2022121305000574,SLI,21,42,10,334.00,3340.00
6584,6585,2022121303002673,PROFL,58,25,1300,281.00,365300.00
6585,6586,2022121303002672,PROFL,13,25,100,281.10,28110.00
6586,6587,2022121301004305,HDL,35,32,10,3840.00,38400.00
6587,6588,2022121304002185,RIDI,55,56,106,488.00,51728.00
6588,6589,2022121301004304,BHL,35,38,10,244.20,2442.00
6589,6590,2022121303002671,CBBL,49,6,10,1102.20,11022.00
6590,6591,2022121304002184,AHPC,11,56,90,270.00,24300.00
6591,6592,2022121304002183,SJCL,55,58,10,220.00,2200.00
6592,6593,2022121301004303,ADBL,52,6,16,312.00,4992.00
6593,6594,2022121301004302,SIKLES,57,58,10,374.10,3741.00
6594,6595,2022121301004301,SANIMA,1,34,379,224.50,85085.50
6595,6596,2022121301004300,SANIMA,45,34,16,224.60,3593.60
6596,6597,2022121301004299,SANIMA,20,34,45,224.70,10111.50
6597,6598,2022121301004298,SANIMA,22,34,20,224.80,4496.00
6598,6599,2022121301004297,SANIMA,11,34,30,224.90,6747.00
6599,6600,2022121301004296,SANIMA,7,34,10,225.00,2250.00
6600,6601,2022121304002182,UPCL,18,42,50,215.10,10755.00
6601,6602,2022121301004295,BOKL,51,38,30,207.00,6210.00
6602,6603,2022121301004294,PCBL,34,35,100,224.50,22450.00
6603,6604,2022121301004293,GVL,55,58,10,312.00,3120.00
6604,6605,2022121301004292,SCB,44,43,490,402.00,196980.00
6605,6606,2022121301004291,SCB,11,43,10,402.10,4021.00
6606,6607,2022121303002670,MNBBL,44,49,21,419.00,8799.00
6607,6608,2022121303002669,NABBC,19,49,50,352.00,17600.00
6608,6609,2022121301004290,RHGCL,41,58,10,206.20,2062.00
6609,6610,2022121304002181,BPCL,42,6,10,304.10,3041.00
6610,6611,2022121303002668,HIDCL,13,46,13,166.00,2158.00
6611,6612,2022121301004289,MBL,48,20,100,213.90,21390.00
6612,6613,2022121301004288,GVL,55,38,10,313.00,3130.00
6613,6614,2022121301004287,BHL,35,1,10,244.20,2442.00
6614,6615,2022121301004286,PRVU,45,26,80,199.70,15976.00
6615,6616,2022121303002667,LICN,55,16,15,1400.00,21000.00
6616,6617,2022121303002666,LICN,14,16,30,1400.10,42003.00
6617,6618,2022121303002665,LICN,50,16,20,1402.00,28040.00
6618,6619,2022121303002664,LICN,36,16,20,1402.00,28040.00
6619,6620,2022121304002180,NHPC,29,58,170,200.10,34017.00
6620,6621,2022121304002179,UPPER,7,57,50,390.00,19500.00
6621,6622,2022121304002178,UPPER,40,57,50,390.00,19500.00
6622,6623,2022121303002663,ACLBSL,26,52,13,711.00,9243.00
6623,6624,2022121301004285,HHL,32,49,10,218.20,2182.00
6624,6625,2022121301004284,HHL,32,49,10,218.00,2180.00
6625,6626,2022121301004283,HHL,32,34,10,218.00,2180.00
6626,6627,2022121301004282,HHL,32,38,10,218.00,2180.00
6627,6628,2022121301004281,HHL,32,35,10,216.00,2160.00
6628,6629,2022121303002662,CBBL,48,54,10,1105.00,11050.00
6629,6630,2022121303002661,CBBL,48,6,23,1105.00,25415.00
6630,6631,2022121304002177,API,50,58,450,209.90,94455.00
6631,6632,2022121304002176,UPPER,34,48,150,392.00,58800.00
6632,6633,2022121304002175,UPPER,34,57,100,391.90,39190.00
6633,6634,2022121304002174,UPPER,34,25,250,391.00,97750.00
6634,6635,2022121303002660,GLBSL,14,21,12,787.00,9444.00
6635,6636,2022121301004280,PPL,42,7,10,200.00,2000.00
6636,6637,2022121301004279,LBL,42,58,10,193.00,1930.00
6637,6638,2022121305000573,SLI,21,58,10,334.00,3340.00
6638,6639,2022121301004278,SIKLES,57,58,10,374.10,3741.00
6639,6640,2022121301004277,BOKL,19,29,27,208.00,5616.00
6640,6641,2022121304002173,NGPL,25,45,48,207.10,9940.80
6641,6642,2022121304002172,NGPL,17,45,50,207.10,10355.00
6642,6643,2022121304002171,SJCL,53,42,20,219.50,4390.00
6643,6644,2022121303002659,SWMF,26,40,30,707.00,21210.00
6644,6645,2022121303002658,SWMF,39,40,20,707.10,14142.00
6645,6646,2022121304002170,UMHL,39,36,300,225.00,67500.00
6646,6647,2022121303002657,GBBL,19,51,15,380.00,5700.00
6647,6648,2022121303002656,USLB,35,41,128,853.10,109196.80
6648,6649,2022121303002655,USLB,33,41,10,853.60,8536.00
6649,6650,2022121303002654,USLB,33,41,10,853.70,8537.00
6650,6651,2022121303002653,USLB,34,41,10,853.80,8538.00
6651,6652,2022121303002652,USLB,45,41,22,855.00,18810.00
6652,6653,2022121303002651,USLB,43,41,10,855.60,8556.00
6653,6654,2022121303002650,USLB,45,41,10,855.60,8556.00
6654,6655,2022121303002649,USLB,33,41,10,856.00,8560.00
6655,6656,2022121303002648,USLB,49,41,30,869.30,26079.00
6656,6657,2022121303002647,USLB,53,41,50,869.30,43465.00
6657,6658,2022121303002646,USLB,33,41,15,870.00,13050.00
6658,6659,2022121303002645,USLB,52,41,37,870.00,32190.00
6659,6660,2022121303002644,USLB,58,41,50,870.00,43500.00
6660,6661,2022121303002643,USLB,7,41,20,871.00,17420.00
6661,6662,2022121303002642,USLB,56,41,50,871.10,43555.00
6662,6663,2022121303002641,USLB,17,41,50,872.00,43600.00
6663,6664,2022121303002640,USLB,22,41,10,873.00,8730.00
6664,6665,2022121303002639,USLB,39,41,13,873.00,11349.00
6665,6666,2022121303002638,USLB,17,41,12,873.00,10476.00
6666,6667,2022121303002637,USLB,17,41,10,874.00,8740.00
6667,6668,2022121303002636,USLB,29,41,50,875.00,43750.00
6668,6669,2022121303002635,USLB,45,41,10,875.10,8751.00
6669,6670,2022121303002634,ICFC,22,37,50,426.00,21300.00
6670,6671,2022121305000572,SAHAS,45,58,10,447.10,4471.00
6671,6672,2022121301004276,NICA,34,58,40,681.00,27240.00
6672,6673,2022121301004275,NBL,57,35,100,276.40,27640.00
6673,6674,2022121303002633,SINDU,32,41,40,254.00,10160.00
6674,6675,2022121303002632,SINDU,38,41,265,254.20,67363.00
6675,6676,2022121301004274,SANIMA,55,32,1111,225.00,249975.00
6676,6677,2022121301004273,SANIMA,55,46,29,225.00,6525.00
6677,6678,2022121301004272,BHL,35,58,10,244.20,2442.00
6678,6679,2022121301004271,NABIL,32,45,75,805.00,60375.00
6679,6680,2022121301004270,MBL,48,46,101,212.00,21412.00
6680,6681,2022121301004269,NABIL,28,45,130,805.00,104650.00
6681,6682,2022121301004268,SANIMA,42,46,100,225.00,22500.00
6682,6683,2022121303002631,NLIC,53,6,40,608.00,24320.00
6683,6684,2022121304002169,NGPL,49,45,50,208.00,10400.00
6684,6685,2022121304002168,NGPL,56,45,55,208.00,11440.00
6685,6686,2022121301004267,SPHL,45,7,10,350.00,3500.00
6686,6687,2022121303002630,NTC,25,35,74,890.10,65867.40
6687,6688,2022121304002167,RHPL,3,42,30,227.20,6816.00
6688,6689,2022121304002166,AHPC,25,56,50,270.00,13500.00
6689,6690,2022121301004266,CZBIL,45,57,256,180.00,46080.00
6690,6691,2022121301004265,CZBIL,5,57,10,180.00,1800.00
6691,6692,2022121301004264,CZBIL,17,57,164,180.00,29520.00
6692,6693,2022121301004263,NABIL,58,45,10,805.00,8050.00
6693,6694,2022121303002629,LICN,14,40,24,1402.10,33650.40
6694,6695,2022121303002628,NLIC,3,6,50,608.00,30400.00
6695,6696,2022121303002627,NLIC,51,6,10,608.00,6080.00
6696,6697,2022121303002626,NLIC,44,6,17,608.00,10336.00
6697,6698,2022121303002625,NLIC,13,6,100,608.00,60800.00
6698,6699,2022121303002624,NLIC,4,6,50,608.00,30400.00
6699,6700,2022121303002623,NLIC,19,6,50,608.00,30400.00
6700,6701,2022121303002622,NLIC,47,6,89,608.00,54112.00
6701,6702,2022121303002621,NLIC,16,6,40,608.10,24324.00
6702,6703,2022121301004262,KDBY,42,37,500,8.15,4075.00
6703,6704,2022121303002620,CBBL,45,22,12,1104.00,13248.00
6704,6705,2022121303002619,CBBL,45,54,10,1104.00,11040.00
6705,6706,2022121303002618,CBBL,45,49,18,1104.00,19872.00
6706,6707,2022121301004261,UHEWA,26,56,10,349.00,3490.00
6707,6708,2022121303002617,GRDBL,52,59,20,229.00,4580.00
6708,6709,2022121301004260,SIKLES,57,56,10,374.10,3741.00
6709,6710,2022121305000571,ENL,55,58,10,579.30,5793.00
6710,6711,2022121301004259,SIKLES,57,59,10,374.10,3741.00
6711,6712,2022121301004258,NICA,47,38,100,681.00,68100.00
6712,6713,2022121303002616,NLIC,42,44,11,608.50,6693.50
6713,6714,2022121303002615,NIFRA,58,40,50,185.90,9295.00
6714,6715,2022121303002614,NIFRA,58,21,21,185.50,3895.50
6715,6716,2022121303002613,NIFRA,58,1,29,185.50,5379.50
6716,6717,2022121304002165,PRIN,7,22,50,404.00,20200.00
6717,6718,2022121301004257,PRVU,22,26,25,199.90,4997.50
6718,6719,2022121303002612,ICFC,35,40,50,426.10,21305.00
6719,6720,2022121303002611,SMFDB,54,22,100,1235.00,123500.00
6720,6721,2022121303002610,SMFDB,45,22,150,1237.00,185550.00
6721,6722,2022121301004256,SGHC,44,56,10,248.90,2489.00
6722,6723,2022121304002164,BARUN,58,32,15,203.90,3058.50
6723,6724,2022121304002163,BARUN,58,6,10,203.50,2035.00
6724,6725,2022121301004255,PPL,42,58,10,200.00,2000.00
6725,6726,2022121304002162,AKJCL,33,50,30,170.00,5100.00
6726,6727,2022121304002161,AKJCL,39,50,11,170.00,1870.00
6727,6728,2022121304002160,AKJCL,34,50,394,170.10,67019.40
6728,6729,2022121303002609,LBBL,35,50,500,323.50,161750.00
6729,6730,2022121301004254,NIB,41,53,455,221.00,100555.00
6730,6731,2022121301004253,NIB,22,53,50,221.10,11055.00
6731,6732,2022121301004252,NABIL,7,45,185,805.00,148925.00
6732,6733,2022121301004251,RHGCL,41,56,10,206.20,2062.00
6733,6734,2022121304002159,UPPER,35,58,100,390.00,39000.00
6734,6735,2022121304002158,UPPER,25,58,50,390.00,19500.00
6735,6736,2022121304002157,UPPER,42,58,510,390.00,198900.00
6736,6737,2022121304002156,UPPER,39,58,100,390.10,39010.00
6737,6738,2022121304002155,UPPER,42,58,25,391.00,9775.00
6738,6739,2022121304002154,UPPER,56,58,80,391.00,31280.00
6739,6740,2022121304002153,UPPER,36,58,127,391.20,49682.40
6740,6741,2022121304002152,AIL,41,19,20,385.00,7700.00
6741,6742,2022121304002151,AIL,5,19,10,385.00,3850.00
6742,6743,2022121304002150,AIL,45,19,10,385.00,3850.00
6743,6744,2022121304002149,AIL,48,19,20,385.00,7700.00
6744,6745,2022121304002148,UPPER,36,49,73,391.20,28557.60
6745,6746,2022121304002147,RIDI,57,56,50,488.00,24400.00
6746,6747,2022121304002146,RIDI,13,56,500,488.00,244000.00
6747,6748,2022121304002145,RIDI,22,56,40,488.00,19520.00
6748,6749,2022121304002144,RIDI,21,56,16,488.00,7808.00
6749,6750,2022121304002143,RIDI,34,56,50,488.00,24400.00
6750,6751,2022121304002142,RIDI,34,56,50,488.00,24400.00
6751,6752,2022121304002141,RIDI,38,56,10,488.10,4881.00
6752,6753,2022121304002140,RIDI,57,56,100,488.30,48830.00
6753,6754,2022121304002139,RIDI,8,56,200,488.30,97660.00
6754,6755,2022121304002138,RIDI,38,56,10,488.40,4884.00
6755,6756,2022121303002608,GUFL,34,48,20,519.00,10380.00
6756,6757,2022121303002607,SMFDB,45,26,30,1238.00,37140.00
6757,6758,2022121301004250,PPL,42,56,10,200.00,2000.00
6758,6759,2022121303002606,NIFRA,25,42,54,185.00,9990.00
6759,6760,2022121301004249,NABIL,37,45,200,805.00,161000.00
6760,6761,2022121301004248,PPL,42,58,53,200.00,10600.00
6761,6762,2022121303002605,NLIC,49,6,20,609.00,12180.00
6762,6763,2022121303002604,NLIC,21,6,20,609.00,12180.00
6763,6764,2022121303002603,NLIC,53,6,254,609.00,154686.00
6764,6765,2022121303002602,NLIC,58,6,15,610.00,9150.00
6765,6766,2022121303002601,CBBL,36,42,25,1102.00,27550.00
6766,6767,2022121301004247,NABIL,7,45,315,804.90,253543.50
6767,6768,2022121304002137,LEMF,36,10,100,7.84,784.00
6768,6769,2022121305000570,SAHAS,14,44,10,447.10,4471.00
6769,6770,2022121304002136,RIDI,42,33,10,489.00,4890.00
6770,6771,2022121303002600,NICLBSL,26,55,60,712.00,42720.00
6771,6772,2022121303002599,SWBBL,52,29,35,1167.30,40855.50
6772,6773,2022121301004246,HHL,7,56,10,215.10,2151.00
6773,6774,2022121301004245,CYCL,1,38,10,2260.20,22602.00
6774,6775,2022121305000569,SLI,21,58,10,334.00,3340.00
6775,6776,2022121301004244,MBL,51,46,10,212.00,2120.00
6776,6777,2022121301004243,MBL,46,46,214,212.00,45368.00
6777,6778,2022121301004242,LBL,43,32,50,192.10,9605.00
6778,6779,2022121304002135,CHCL,47,14,93,383.00,35619.00
6779,6780,2022121303002598,HIDCL,34,46,100,166.00,16600.00
6780,6781,2022121304002134,KPCL,7,4,15,319.00,4785.00
6781,6782,2022121301004241,NABIL,32,45,50,804.90,40245.00
6782,6783,2022121303002597,EDBL,43,40,36,302.00,10872.00
6783,6784,2022121301004240,EBL,19,43,30,439.00,13170.00
6784,6785,2022121301004239,EBL,51,43,10,440.00,4400.00
6785,6786,2022121301004238,EBL,42,43,10,440.00,4400.00
6786,6787,2022121301004237,EBL,58,43,10,440.00,4400.00
6787,6788,2022121301004236,EBL,45,43,90,440.00,39600.00
6788,6789,2022121305000568,SLI,21,35,10,334.00,3340.00
6789,6790,2022121301004235,NICA,47,42,43,681.00,29283.00
6790,6791,2022121301004234,NICA,33,42,100,681.00,68100.00
6791,6792,2022121304002133,AKJCL,17,56,10,171.90,1719.00
6792,6793,2022121301004233,RFPL,56,56,10,223.00,2230.00
6793,6794,2022121301004232,NABIL,17,45,55,805.00,44275.00
6794,6795,2022121301004231,NABIL,49,45,30,805.00,24150.00
6795,6796,2022121301004230,NABIL,13,45,100,805.00,80500.00
6796,6797,2022121301004229,NABIL,32,45,50,806.00,40300.00
6797,6798,2022121301004228,PRVU,56,26,10,199.90,1999.00
6798,6799,2022121301004227,RHGCL,41,59,10,206.20,2062.00
6799,6800,2022121301004226,SPHL,45,49,10,350.00,3500.00
6800,6801,2022121303002596,ACLBSL,32,32,20,711.00,14220.00
6801,6802,2022121301004225,KBL,52,56,20,185.00,3700.00
6802,6803,2022121301004224,NIB,34,54,125,222.00,27750.00
6803,6804,2022121301004223,NIB,34,44,125,222.00,27750.00
6804,6805,2022121304002132,BARUN,34,32,30,201.50,6045.00
6805,6806,2022121303002595,ALICL,41,40,79,505.10,39902.90
6806,6807,2022121303002594,ALICL,58,40,11,506.00,5566.00
6807,6808,2022121303002593,ALICL,35,40,10,507.00,5070.00
6808,6809,2022121303002592,MNBBL,44,49,40,420.00,16800.00
6809,6810,2022121303002591,MNBBL,42,49,68,420.00,28560.00
6810,6811,2022121301004222,DORDI,58,56,10,229.50,2295.00
6811,6812,2022121304002131,NHDL,45,42,12,311.00,3732.00
6812,6813,2022121301004221,CBL,6,38,148,213.00,31524.00
6813,6814,2022121301004220,CBL,25,38,62,213.10,13212.20
6814,6815,2022121303002590,NTC,58,7,23,900.00,20700.00
6815,6816,2022121303002589,NTC,58,34,25,900.00,22500.00
6816,6817,2022121303002588,NTC,58,45,20,900.00,18000.00
6817,6818,2022121303002587,NTC,58,17,432,900.00,388800.00
6818,6819,2022121301004219,ULBSL,45,52,10,3420.00,34200.00
6819,6820,2022121304002130,NGPL,28,6,50,208.00,10400.00
6820,6821,2022121301004218,SCB,19,11,192,404.10,77587.20
6821,6822,2022121301004217,PPL,22,58,17,202.00,3434.00
6822,6823,2022121301004216,SHIVM,43,50,100,547.00,54700.00
6823,6824,2022121301004215,SHIVM,36,50,100,548.00,54800.00
6824,6825,2022121301004214,SHIVM,50,50,200,548.00,109600.00
6825,6826,2022121301004213,SHIVM,40,50,25,548.00,13700.00
6826,6827,2022121301004212,SHIVM,49,50,17,549.00,9333.00
6827,6828,2022121303002586,SHINE,50,19,100,329.00,32900.00
6828,6829,2022121305000567,MKJC,16,58,10,404.50,4045.00
6829,6830,2022121301004211,ADBL,14,6,30,312.00,9360.00
6830,6831,2022121301004210,ADBL,14,32,20,312.00,6240.00
6831,6832,2022121301004209,ADBL,14,47,100,311.90,31190.00
6832,6833,2022121303002585,KMCDB,32,1,10,924.00,9240.00
6833,6834,2022121304002129,HDHPC,58,28,18,174.00,3132.00
6834,6835,2022121301004208,PPL,22,41,10,202.00,2020.00
6835,6836,2022121304002128,LEMF,36,10,100,7.84,784.00
6836,6837,2022121304002127,KKHC,45,20,10,180.00,1800.00
6837,6838,2022121303002584,MFIL,57,57,50,415.50,20775.00
6838,6839,2022121303002583,NTC,54,17,20,900.00,18000.00
6839,6840,2022121303002582,NTC,58,17,51,900.00,45900.00
6840,6841,2022121303002581,SKBBL,13,35,47,1110.00,52170.00
6841,6842,2022121303002580,SKBBL,42,35,30,1110.00,33300.00
6842,6843,2022121303002579,SKBBL,58,35,50,1110.00,55500.00
6843,6844,2022121303002578,SKBBL,49,35,50,1110.00,55500.00
6844,6845,2022121303002577,SKBBL,57,35,90,1110.00,99900.00
6845,6846,2022121303002576,SKBBL,50,35,18,1110.00,19980.00
6846,6847,2022121303002575,SKBBL,45,35,15,1110.10,16651.50
6847,6848,2022121304002126,AKPL,52,14,389,345.50,134399.50
6848,6849,2022121304002125,AKPL,41,14,50,346.00,17300.00
6849,6850,2022121304002124,AKPL,16,14,500,346.00,173000.00
6850,6851,2022121304002123,AKPL,32,14,10,347.00,3470.00
6851,6852,2022121304002122,AKPL,41,14,10,348.00,3480.00
6852,6853,2022121304002121,AKPL,54,14,41,349.00,14309.00
6853,6854,2022121303002574,NLIC,28,35,10,610.50,6105.00
6854,6855,2022121301004207,SIKLES,57,38,10,374.10,3741.00
6855,6856,2022121301004206,NESDO,57,58,20,3315.00,66300.00
6856,6857,2022121304002120,RIDI,53,33,20,489.00,9780.00
6857,6858,2022121304002119,RIDI,42,41,50,489.90,24495.00
6858,6859,2022121305000566,SAHAS,45,20,900,449.90,404910.00
6859,6860,2022121303002573,NTC,58,28,100,900.00,90000.00
6860,6861,2022121303002572,KMCDB,32,1,20,906.00,18120.00
6861,6862,2022121303002571,KMCDB,32,20,25,897.60,22440.00
6862,6863,2022121303002570,KMCDB,32,49,20,897.00,17940.00
6863,6864,2022121303002569,DDBL,56,47,16,1032.00,16512.00
6864,6865,2022121303002568,DDBL,56,38,109,1032.00,112488.00
6865,6866,2022121304002118,UPCL,17,22,44,216.00,9504.00
6866,6867,2022121304002117,UPCL,10,22,74,216.00,15984.00
6867,6868,2022121303002567,NTC,58,45,104,900.00,93600.00
6868,6869,2022121303002566,NTC,58,48,10,900.00,9000.00
6869,6870,2022121303002565,NTC,58,45,10,900.00,9000.00
6870,6871,2022121303002564,NTC,58,49,70,900.00,63000.00
6871,6872,2022121303002563,NTC,58,59,45,900.00,40500.00
6872,6873,2022121303002562,NTC,58,51,100,899.90,89990.00
6873,6874,2022121303002561,NTC,58,19,10,899.00,8990.00
6874,6875,2022121303002560,GUFL,38,28,50,520.00,26000.00
6875,6876,2022121301004205,PCBL,25,56,10,224.60,2246.00
6876,6877,2022121303002559,SWBBL,52,17,80,1175.00,94000.00
6877,6878,2022121303002558,SAPDBL,34,43,32,223.90,7164.80
6878,6879,2022121303002557,NICLBSL,42,55,40,713.00,28520.00
6879,6880,2022121303002556,NICLBSL,1,55,60,714.00,42840.00
6880,6881,2022121301004204,HDL,57,47,20,3844.00,76880.00
6881,6882,2022121304002116,NEF,58,29,200,7.94,1588.00
6882,6883,2022121303002555,MFIL,33,58,50,415.50,20775.00
6883,6884,2022121303002554,KRBL,44,39,425,253.00,107525.00
6884,6885,2022121303002553,KRBL,22,39,75,253.00,18975.00
6885,6886,2022121301004203,SIKLES,56,1,10,375.00,3750.00
6886,6887,2022121303002552,NIFRA,57,1,35,185.50,6492.50
6887,6888,2022121303002551,SAPDBL,36,34,32,221.50,7088.00
6888,6889,2022121304002115,UPPER,56,45,20,391.00,7820.00
6889,6890,2022121304002114,UPPER,47,45,15,391.50,5872.50
6890,6891,2022121304002113,UPPER,35,45,15,391.50,5872.50
6891,6892,2022121303002550,HIDCL,38,46,10,166.00,1660.00
6892,6893,2022121301004202,GBIME,34,14,22,210.20,4624.40
6893,6894,2022121303002549,NLIC,56,56,1,605.00,605.00
6894,6895,2022121301004201,CBL,25,10,38,213.10,8097.80
6895,6896,2022121301004200,CBL,14,10,57,213.10,12146.70
6896,6897,2022121301004199,PRVU,45,40,50,199.70,9985.00
6897,6898,2022121301004198,PRVU,45,40,10,199.70,1997.00
6898,6899,2022121303002548,NRIC,50,19,100,698.00,69800.00
6899,6900,2022121304002112,KKHC,45,8,20,180.00,3600.00
6900,6901,2022121304002111,KKHC,6,41,100,179.00,17900.00
6901,6902,2022121301004197,HBL,39,39,19,324.00,6156.00
6902,6903,2022121304002110,NHPC,29,49,43,200.10,8604.30
6903,6904,2022121303002547,KRBL,41,58,11,254.00,2794.00
6904,6905,2022121301004196,SIKLES,58,58,10,374.10,3741.00
6905,6906,2022121301004195,PRVU,42,26,115,199.90,22988.50
6906,6907,2022121301004194,AVYAN,38,36,79,698.00,55142.00
6907,6908,2022121301004193,SHIVM,4,34,390,550.00,214500.00
6908,6909,2022121305000565,SLI,41,58,10,334.00,3340.00
6909,6910,2022121303002546,NIFRA,25,22,18,185.00,3330.00
6910,6911,2022121303002545,NIFRA,36,22,42,185.00,7770.00
6911,6912,2022121301004192,KBL,19,40,84,184.60,15506.40
6912,6913,2022121304002109,UPCL,10,49,196,216.00,42336.00
6913,6914,2022121304002108,UPCL,22,49,145,216.50,31392.50
6914,6915,2022121303002544,SHINE,26,41,200,328.10,65620.00
6915,6916,2022121303002543,SHINE,49,41,500,328.20,164100.00
6916,6917,2022121301004191,SIKLES,48,48,10,374.40,3744.00
6917,6918,2022121304002107,SPDL,58,25,75,264.00,19800.00
6918,6919,2022121301004190,NBL,41,58,91,276.00,25116.00
6919,6920,2022121301004189,ULBSL,45,25,10,3420.00,34200.00
6920,6921,2022121301004188,ULBSL,57,25,10,3420.00,34200.00
6921,6922,2022121301004187,ULBSL,45,25,30,3421.00,102630.00
6922,6923,2022121301004186,AVYAN,38,7,31,698.00,21638.00
6923,6924,2022121305000564,SAHAS,14,35,10,447.10,4471.00
6924,6925,2022121304002106,AIL,17,19,100,385.10,38510.00
6925,6926,2022121301004185,SHIVM,4,6,180,550.00,99000.00
6926,6927,2022121301004184,SHIVM,49,33,20,549.00,10980.00
6927,6928,2022121301004183,SHIVM,58,33,20,549.00,10980.00
6928,6929,2022121304002105,RHPL,19,44,280,227.00,63560.00
6929,6930,2022121304002104,RHPL,14,44,200,227.10,45420.00
6930,6931,2022121304002103,RHPL,14,44,200,227.10,45420.00
6931,6932,2022121304002102,RHPL,14,44,100,227.10,22710.00
6932,6933,2022121304002101,RHPL,19,44,20,227.20,4544.00
6933,6934,2022121304002100,RHPL,49,44,200,227.40,45480.00
6934,6935,2022121304002099,AKJCL,47,56,30,171.90,5157.00
6935,6936,2022121303002542,NIFRA,48,6,64,185.20,11852.80
6936,6937,2022121301004182,NABIL,20,58,100,804.90,80490.00
6937,6938,2022121301004181,NABIL,49,58,60,805.00,48300.00
6938,6939,2022121301004180,NABIL,7,58,50,805.00,40250.00
6939,6940,2022121301004179,NABIL,4,58,100,805.00,80500.00
6940,6941,2022121301004178,NABIL,1,58,10,805.00,8050.00
6941,6942,2022121301004177,NABIL,47,58,11,805.00,8855.00
6942,6943,2022121303002541,SAPDBL,56,56,3,220.00,660.00
6943,6944,2022121303002540,MNBBL,42,58,12,420.00,5040.00
6944,6945,2022121301004176,PPL,22,46,10,202.00,2020.00
6945,6946,2022121301004175,CCBL,14,22,905,188.50,170592.50
6946,6947,2022121301004174,NESDO,57,52,10,3315.00,33150.00
6947,6948,2022121301004173,EBL,45,1,10,440.00,4400.00
6948,6949,2022121304002098,BPCL,42,14,10,304.10,3041.00
6949,6950,2022121301004172,HDL,47,21,20,3838.00,76760.00
6950,6951,2022121303002539,SHINE,49,19,200,329.00,65800.00
6951,6952,2022121303002538,SHINE,44,19,380,329.00,125020.00
6952,6953,2022121303002537,SHINE,7,19,20,330.00,6600.00
6953,6954,2022121303002536,SHINE,56,19,300,330.10,99030.00
6954,6955,2022121304002097,CHCL,47,40,110,383.00,42130.00
6955,6956,2022121301004171,SIKLES,58,38,10,374.10,3741.00
6956,6957,2022121301004170,ADBL,42,32,50,312.00,15600.00
6957,6958,2022121301004169,RHGCL,58,52,10,208.00,2080.00
6958,6959,2022121303002535,NTC,49,59,40,900.00,36000.00
6959,6960,2022121303002534,NTC,49,35,10,899.90,8999.00
6960,6961,2022121303002533,NLIC,56,56,1,605.00,605.00
6961,6962,2022121301004168,SANIMA,11,43,70,224.90,15743.00
6962,6963,2022121301004167,SANIMA,20,43,30,224.90,6747.00
6963,6964,2022121301004166,SANIMA,45,43,100,225.00,22500.00
6964,6965,2022121304002096,AHPC,55,56,50,270.00,13500.00
6965,6966,2022121305000563,JALPA,49,49,10,3336.50,33365.00
6966,6967,2022121304002095,RURU,38,58,10,725.00,7250.00
6967,6968,2022121303002532,NTC,42,58,145,895.00,129775.00
6968,6969,2022121303002531,ICFC,58,37,50,428.00,21400.00
6969,6970,2022121301004165,BOKL,51,38,30,207.00,6210.00
6970,6971,2022121301004164,PRVU,58,26,120,199.90,23988.00
6971,6972,2022121304002094,JOSHI,17,28,10,185.00,1850.00
6972,6973,2022121303002530,NTC,54,35,15,899.90,13498.50
6973,6974,2022121303002529,NTC,54,51,10,899.00,8990.00
6974,6975,2022121303002528,PROFL,58,28,100,285.70,28570.00
6975,6976,2022121303002527,RLFL,4,38,25,293.20,7330.00
6976,6977,2022121303002526,RLFL,57,38,50,294.00,14700.00
6977,6978,2022121304002093,KEF,34,58,100,8.08,808.00
6978,6979,2022121303002525,SMFDB,45,26,30,1238.00,37140.00
6979,6980,2022121301004163,HDL,39,21,20,3839.00,76780.00
6980,6981,2022121301004162,GVL,29,52,10,312.10,3121.00
6981,6982,2022121303002524,SHINE,13,41,50,331.00,16550.00
6982,6983,2022121303002523,SHINE,43,41,50,331.00,16550.00
6983,6984,2022121304002092,RIDI,57,33,150,491.00,73650.00
6984,6985,2022121303002522,GUFL,17,28,1000,520.00,520000.00
6985,6986,2022121303002521,NLIC,58,47,50,610.00,30500.00
6986,6987,2022121303002520,SWMF,56,56,2,707.00,1414.00
6987,6988,2022121301004161,NCCB,34,17,386,184.00,71024.00
6988,6989,2022121301004160,NCCB,34,1,614,183.90,112914.60
6989,6990,2022121303002519,NTC,42,58,11,896.00,9856.00
6990,6991,2022121304002091,UPPER,14,48,80,392.00,31360.00
6991,6992,2022121304002090,UPPER,26,48,50,392.00,19600.00
6992,6993,2022121304002089,UPPER,1,48,48,392.00,18816.00
6993,6994,2022121304002088,UPPER,45,48,430,392.00,168560.00
6994,6995,2022121301004159,PPL,22,58,223,202.00,45046.00
6995,6996,2022121301004158,ADBL,6,47,300,311.00,93300.00
6996,6997,2022121303002518,FMDBL,34,34,300,708.80,212640.00
6997,6998,2022121304002087,NIL,29,43,100,716.50,71650.00
6998,6999,2022121301004157,PRVU,42,37,103,199.40,20538.20
6999,7000,2022121303002517,CIT,6,32,12,1852.30,22227.60
7000,7001,2022121303002516,CIT,40,32,10,1852.40,18524.00
7001,7002,2022121303002515,PROFL,58,28,100,285.50,28550.00
7002,7003,2022121303002514,KMCDB,32,58,10,880.00,8800.00
7003,7004,2022121304002086,AKPL,32,52,300,349.00,104700.00
7004,7005,2022121303002513,SMFDB,45,26,32,1238.00,39616.00
7005,7006,2022121303002512,SMFDB,45,26,18,1238.00,22284.00
7006,7007,2022121303002511,NLIC,56,56,1,605.00,605.00
7007,7008,2022121303002510,NRN,57,4,10,397.00,3970.00
7008,7009,2022121303002509,NTC,34,58,30,899.10,26973.00
7009,7010,2022121301004156,BOKL,34,38,18,207.00,3726.00
7010,7011,2022121301004155,CZBIL,22,57,100,180.10,18010.00
7011,7012,2022121301004154,SHIVM,41,6,20,550.00,11000.00
7012,7013,2022121301004153,NCCB,34,1,386,183.90,70985.40
7013,7014,2022121301004152,NCCB,34,32,1000,183.60,183600.00
7014,7015,2022121301004151,NCCB,34,47,54,183.30,9898.20
7015,7016,2022121301004150,NCCB,34,48,225,183.30,41242.50
7016,7017,2022121301004149,NCCB,34,8,32,183.30,5865.60
7017,7018,2022121301004148,NCCB,34,22,303,183.00,55449.00
7018,7019,2022121301004147,NABIL,47,58,89,805.00,71645.00
7019,7020,2022121303002508,NTC,49,35,35,899.90,31496.50
7020,7021,2022121303002507,MSLB,56,56,4,1001.00,4004.00
7021,7022,2022121301004146,GBIME,42,45,41,212.00,8692.00
7022,7023,2022121303002506,PROFL,58,28,100,285.30,28530.00
7023,7024,2022121304002085,NHPC,29,36,787,200.10,157478.70
7024,7025,2022121304002084,NHPC,32,36,22,200.50,4411.00
7025,7026,2022121304002083,NHPC,49,36,80,200.60,16048.00
7026,7027,2022121304002082,AKPL,32,59,60,349.00,20940.00
7027,7028,2022121304002081,CGH,53,49,250,1010.00,252500.00
7028,7029,2022121301004145,NABIL,58,58,20,805.00,16100.00
7029,7030,2022121301004144,NABIL,57,58,50,805.00,40250.00
7030,7031,2022121301004143,NABIL,45,58,50,805.00,40250.00
7031,7032,2022121301004142,NABIL,58,58,50,805.00,40250.00
7032,7033,2022121301004141,NABIL,51,58,20,805.00,16100.00
7033,7034,2022121301004140,NABIL,4,58,20,805.00,16100.00
7034,7035,2022121301004139,NABIL,58,58,20,805.00,16100.00
7035,7036,2022121301004138,NABIL,16,58,20,805.00,16100.00
7036,7037,2022121301004137,NABIL,35,58,20,805.00,16100.00
7037,7038,2022121301004136,NABIL,7,58,67,805.00,53935.00
7038,7039,2022121301004135,NABIL,14,58,25,805.00,20125.00
7039,7040,2022121301004134,NABIL,59,58,25,805.00,20125.00
7040,7041,2022121301004133,NABIL,58,58,20,805.00,16100.00
7041,7042,2022121301004132,NABIL,5,58,10,805.00,8050.00
7042,7043,2022121301004131,NABIL,45,58,15,805.00,12075.00
7043,7044,2022121301004130,NABIL,29,58,50,805.00,40250.00
7044,7045,2022121301004129,NABIL,7,58,10,805.00,8050.00
7045,7046,2022121301004128,NABIL,17,58,111,805.00,89355.00
7046,7047,2022121301004127,NABIL,41,58,200,805.00,161000.00
7047,7048,2022121301004126,NABIL,7,58,10,805.00,8050.00
7048,7049,2022121301004125,NABIL,7,58,500,805.10,402550.00
7049,7050,2022121301004124,NABIL,8,58,13,805.10,10466.30
7050,7051,2022121301004123,NABIL,41,58,100,805.20,80520.00
7051,7052,2022121301004122,NABIL,58,58,28,806.00,22568.00
7052,7053,2022121301004121,NABIL,16,58,500,806.00,403000.00
7053,7054,2022121301004120,NABIL,58,58,100,806.00,80600.00
7054,7055,2022121301004119,NABIL,5,58,10,806.00,8060.00
7055,7056,2022121301004118,NABIL,6,58,10,806.00,8060.00
7056,7057,2022121301004117,NABIL,57,58,100,806.00,80600.00
7057,7058,2022121301004116,NABIL,58,58,10,807.00,8070.00
7058,7059,2022121301004115,NABIL,48,58,15,807.00,12105.00
7059,7060,2022121301004114,NABIL,55,58,50,807.00,40350.00
7060,7061,2022121301004113,NABIL,25,58,62,807.00,50034.00
7061,7062,2022121301004112,NABIL,51,58,50,807.00,40350.00
7062,7063,2022121301004111,NABIL,34,58,100,807.00,80700.00
7063,7064,2022121301004110,NABIL,6,58,200,807.10,161420.00
7064,7065,2022121301004109,NABIL,16,58,50,807.20,40360.00
7065,7066,2022121301004108,NABIL,6,58,300,807.50,242250.00
7066,7067,2022121301004107,NABIL,34,58,20,808.00,16160.00
7067,7068,2022121301004106,NABIL,58,58,18,808.00,14544.00
7068,7069,2022121301004105,NABIL,38,58,40,808.00,32320.00
7069,7070,2022121301004104,NABIL,48,58,20,808.00,16160.00
7070,7071,2022121301004103,NABIL,35,58,10,808.00,8080.00
7071,7072,2022121301004102,NABIL,54,58,20,808.00,16160.00
7072,7073,2022121301004101,NABIL,7,58,500,808.00,404000.00
7073,7074,2022121301004100,NABIL,35,58,50,808.00,40400.00
7074,7075,2022121301004099,NABIL,22,58,10,808.00,8080.00
7075,7076,2022121301004098,NABIL,49,58,10,808.00,8080.00
7076,7077,2022121301004097,NABIL,11,58,10,808.00,8080.00
7077,7078,2022121301004096,NABIL,22,58,15,808.00,12120.00
7078,7079,2022121301004095,NABIL,7,58,90,808.10,72729.00
7079,7080,2022121301004094,NABIL,22,58,50,808.20,40410.00
7080,7081,2022121301004093,NABIL,33,58,100,808.40,80840.00
7081,7082,2022121301004092,NABIL,41,58,13,808.50,10510.50
7082,7083,2022121301004091,NABIL,56,58,15,808.50,12127.50
7083,7084,2022121301004090,NABIL,32,58,100,808.50,80850.00
7084,7085,2022121301004089,NABIL,52,58,100,808.60,80860.00
7085,7086,2022121301004088,NABIL,7,58,500,808.60,404300.00
7086,7087,2022121301004087,NABIL,56,58,50,809.00,40450.00
7087,7088,2022121301004086,NABIL,38,58,10,809.00,8090.00
7088,7089,2022121301004085,NABIL,17,58,50,809.00,40450.00
7089,7090,2022121301004084,NABIL,45,58,50,809.00,40450.00
7090,7091,2022121301004083,NABIL,25,58,49,809.00,39641.00
7091,7092,2022121301004082,EBL,45,43,50,440.10,22005.00
7092,7093,2022121304002080,UPPER,45,45,70,392.00,27440.00
7093,7094,2022121304002079,UPPER,44,45,100,392.00,39200.00
7094,7095,2022121304002078,UPPER,21,45,30,392.00,11760.00
7095,7096,2022121303002505,MLBL,58,22,20,346.00,6920.00
7096,7097,2022121303002504,MNBBL,58,14,20,422.00,8440.00
7097,7098,2022121301004081,BOKL,34,47,110,207.00,22770.00
7098,7099,2022121303002503,NTC,58,59,300,900.00,270000.00
7099,7100,2022121301004080,USHEC,56,28,10,246.50,2465.00
7100,7101,2022121304002077,AHPC,55,56,100,270.00,27000.00
7101,7102,2022121301004079,NMB,33,19,10,230.00,2300.00
7102,7103,2022121303002502,GILB,56,56,1,1110.00,1110.00
7103,7104,2022121301004078,AVYAN,38,57,10,698.00,6980.00
7104,7105,2022121304002076,UPCL,10,29,30,216.00,6480.00
7105,7106,2022121304002075,CMF1,6,42,100,7.50,750.00
7106,7107,2022121301004077,GVL,4,7,10,312.20,3122.00
7107,7108,2022121303002501,FMDBL,34,33,10,708.80,7088.00
7108,7109,2022121303002500,MLBSL,39,51,10,3995.00,39950.00
7109,7110,2022121305000562,SAHAS,1,4,10,447.10,4471.00
7110,7111,2022121301004076,NABIL,57,14,25,810.00,20250.00
7111,7112,2022121303002499,LBBL,39,56,50,323.50,16175.00
7112,7113,2022121304002074,NIL,45,57,10,718.00,7180.00
7113,7114,2022121301004075,BOKL,34,51,22,207.00,4554.00
7114,7115,2022121303002498,PROFL,58,50,50,285.00,14250.00
7115,7116,2022121301004074,MEGA,52,47,49,195.00,9555.00
7116,7117,2022121303002497,NUBL,29,58,10,887.00,8870.00
7117,7118,2022121301004073,DORDI,58,56,10,229.50,2295.00
7118,7119,2022121304002073,AHPC,55,56,100,270.00,27000.00
7119,7120,2022121304002072,NIL,41,57,200,718.00,143600.00
7120,7121,2022121303002496,PROFL,58,50,100,285.00,28500.00
7121,7122,2022121304002071,CGH,56,49,210,1009.00,211890.00
7122,7123,2022121304002070,CGH,56,32,80,1008.90,80712.00
7123,7124,2022121304002069,HDHPC,28,28,40,174.00,6960.00
7124,7125,2022121305000561,SLI,41,55,10,334.00,3340.00
7125,7126,2022121301004072,NCCB,34,22,697,183.00,127551.00
7126,7127,2022121304002068,RBCL,35,47,15,12500.00,187500.00
7127,7128,2022121305000560,JALPA,44,51,25,3350.00,83750.00
7128,7129,2022121301004071,MHL,48,28,10,308.00,3080.00
7129,7130,2022121301004070,CCBL,6,22,45,188.50,8482.50
7130,7131,2022121301004069,PPL,33,56,10,204.00,2040.00
7131,7132,2022121305000559,MBJC,45,35,10,208.00,2080.00
7132,7133,2022121301004068,PPL,33,28,10,204.00,2040.00
7133,7134,2022121301004067,CCBL,19,32,46,188.00,8648.00
7134,7135,2022121301004066,NMB,33,19,25,230.00,5750.00
7135,7136,2022121301004065,CCBL,32,32,370,188.00,69560.00
7136,7137,2022121303002495,MERO,38,32,11,767.00,8437.00
7137,7138,2022121301004064,PPL,33,48,10,204.00,2040.00
7138,7139,2022121301004063,NCCB,25,34,83,181.00,15023.00
7139,7140,2022121301004062,NCCB,14,34,917,181.10,166068.70
7140,7141,2022121304002067,UPCL,28,52,15,217.90,3268.50
7141,7142,2022121303002494,NLIC,53,38,14,609.00,8526.00
7142,7143,2022121303002493,NLIC,57,38,10,609.10,6091.00
7143,7144,2022121303002492,NLIC,17,38,10,609.60,6096.00
7144,7145,2022121303002491,NLIC,11,38,20,610.00,12200.00
7145,7146,2022121303002490,NLIC,53,38,46,610.00,28060.00
7146,7147,2022121303002489,NLIC,49,38,14,610.00,8540.00
7147,7148,2022121303002488,NIFRA,36,44,54,185.00,9990.00
7148,7149,2022121303002487,NIFRA,36,29,54,185.00,9990.00
7149,7150,2022121303002486,HIDCL,58,46,25,166.00,4150.00
7150,7151,2022121301004061,NCCB,14,34,1097,181.10,198666.70
7151,7152,2022121301004060,NCCB,1,34,403,181.20,73023.60
7152,7153,2022121301004059,NCCB,46,34,500,182.00,91000.00
7153,7154,2022121304002066,CHCL,47,58,133,383.00,50939.00
7154,7155,2022121303002485,NTC,58,57,650,899.00,584350.00
7155,7156,2022121304002065,SICL,45,45,12,776.10,9313.20
7156,7157,2022121301004058,RHGCL,41,28,10,207.00,2070.00
7157,7158,2022121301004057,SPHL,5,41,10,348.10,3481.00
7158,7159,2022121303002484,KMCDB,32,6,12,889.00,10668.00
7159,7160,2022121303002483,KMCDB,32,7,12,888.00,10656.00
7160,7161,2022121301004056,RHGCL,32,35,3,202.90,608.70
7161,7162,2022121304002064,NIL,53,57,290,718.00,208220.00
7162,7163,2022121303002482,SWMF,56,56,2,707.00,1414.00
7163,7164,2022121303002481,CIT,13,22,10,1858.00,18580.00
7164,7165,2022121301004055,RFPL,28,41,10,227.40,2274.00
7165,7166,2022121301004054,RFPL,28,47,10,226.00,2260.00
7166,7167,2022121304002063,SHPC,21,56,175,271.90,47582.50
7167,7168,2022121305000558,NYADI,44,14,10,270.00,2700.00
7168,7169,2022121303002480,KSBBL,17,32,12,308.00,3696.00
7169,7170,2022121303002479,KSBBL,17,18,18,308.00,5544.00
7170,7171,2022121301004053,CCBL,32,42,60,188.00,11280.00
7171,7172,2022121301004052,HDL,47,58,10,3838.00,38380.00
7172,7173,2022121304002062,AIL,4,19,50,386.00,19300.00
7173,7174,2022121303002478,NTC,58,54,505,899.00,453995.00
7174,7175,2022121303002477,NTC,1,54,50,899.10,44955.00
7175,7176,2022121303002476,NTC,34,54,65,899.10,58441.50
7176,7177,2022121301004051,UHEWA,57,47,10,349.10,3491.00
7177,7178,2022121303002475,SFCL,28,22,100,258.10,25810.00
7178,7179,2022121303002474,SFCL,28,22,100,258.10,25810.00
7179,7180,2022121303002473,SFCL,28,22,70,258.10,18067.00
7180,7181,2022121303002472,HIDCL,34,14,1,166.00,166.00
7181,7182,2022121303002471,NMFBS,56,56,3,1990.00,5970.00
7182,7183,2022121301004050,CZBIL,58,57,10,180.80,1808.00
7183,7184,2022121303002470,LICN,19,1,30,1405.00,42150.00
7184,7185,2022121303002469,GUFL,13,28,200,520.00,104000.00
7185,7186,2022121304002061,SICL,45,54,10,775.00,7750.00
7186,7187,2022121305000557,NYADI,44,5,10,273.60,2736.00
7187,7188,2022121301004049,NCCB,58,8,50,183.30,9165.00
7188,7189,2022121301004048,AVYAN,38,58,10,698.00,6980.00
7189,7190,2022121303002468,NIFRA,36,41,50,185.00,9250.00
7190,7191,2022121304002060,JOSHI,28,47,10,191.00,1910.00
7191,7192,2022121301004047,SGHC,44,41,10,248.70,2487.00
7192,7193,2022121304002059,AHPC,47,56,100,270.00,27000.00
7193,7194,2022121304002058,AHPC,57,56,252,270.10,68065.20
7194,7195,2022121304002057,AHPC,42,56,78,270.20,21075.60
7195,7196,2022121304002056,AHPC,55,56,50,271.00,13550.00
7196,7197,2022121303002467,GUFL,6,28,12,520.00,6240.00
7197,7198,2022121304002055,NLG,56,56,1,468.00,468.00
7198,7199,2022121301004046,NMB,6,34,20,229.90,4598.00
7199,7200,2022121304002054,RIDI,46,33,818,491.00,401638.00
7200,7201,2022121304002053,RIDI,46,49,100,490.00,49000.00
7201,7202,2022121304002052,RIDI,46,6,32,490.00,15680.00
7202,7203,2022121301004045,RFPL,28,1,10,225.00,2250.00
7203,7204,2022121301004044,NCCD86,36,38,30,900.00,27000.00
7204,7205,2022121301004043,GBIME,58,45,25,212.00,5300.00
7205,7206,2022121303002466,NTC,58,59,200,900.00,180000.00
7206,7207,2022121303002465,DDBL,56,58,30,1030.00,30900.00
7207,7208,2022121303002464,DDBL,56,34,30,1030.00,30900.00
7208,7209,2022121303002463,DDBL,56,59,10,1029.00,10290.00
7209,7210,2022121303002462,HIDCL,28,46,180,166.00,29880.00
7210,7211,2022121301004042,NCCB,1,34,97,181.20,17576.40
7211,7212,2022121301004041,NCCB,57,34,200,181.20,36240.00
7212,7213,2022121301004040,NCCB,41,34,100,181.30,18130.00
7213,7214,2022121301004039,NCCB,6,34,300,182.00,54600.00
7214,7215,2022121301004038,CCBL,32,49,70,188.00,13160.00
7215,7216,2022121301004037,RHGCL,41,48,10,207.00,2070.00
7216,7217,2022121304002051,RHPL,19,40,50,228.00,11400.00
7217,7218,2022121301004036,DORDI,48,35,10,230.50,2305.00
7218,7219,2022121305000556,SLI,41,14,10,340.00,3400.00
7219,7220,2022121304002050,GHL,36,33,46,192.10,8836.60
7220,7221,2022121301004035,KDBY,21,42,100,8.10,810.00
7221,7222,2022121301004034,SGHC,43,56,10,248.60,2486.00
7222,7223,2022121301004033,NABIL,28,14,10,810.00,8100.00
7223,7224,2022121304002049,UPCL,10,29,200,216.00,43200.00
7224,7225,2022121303002461,DDBL,45,43,70,1027.00,71890.00
7225,7226,2022121303002460,MERO,38,32,10,767.00,7670.00
7226,7227,2022121301004032,KBL,19,10,16,184.60,2953.60
7227,7228,2022121301004031,KBL,26,10,100,184.60,18460.00
7228,7229,2022121303002459,KSBBL,29,18,104,308.00,32032.00
7229,7230,2022121303002458,KMCDB,32,7,12,880.00,10560.00
7230,7231,2022121303002457,GUFL,45,28,50,520.00,26000.00
7231,7232,2022121303002456,JFL,19,56,19,368.10,6993.90
7232,7233,2022121301004030,HDL,47,57,40,3838.00,153520.00
7233,7234,2022121303002455,GBBL,D01,36,78,380.00,29640.00
7234,7235,2022121303002454,GBBL,D01,32,60,380.00,22800.00
7235,7236,2022121303002453,GBBL,D01,10,850,380.00,323000.00
7236,7237,2022121303002452,GBBL,D01,52,146,379.00,55334.00
7237,7238,2022121301004029,CCBL,45,49,20,188.00,3760.00
7238,7239,2022121301004028,CCBL,21,49,14,188.00,2632.00
7239,7240,2022121301004027,CCBL,6,49,100,188.00,18800.00
7240,7241,2022121301004026,NABIL,28,14,30,810.00,24300.00
7241,7242,2022121301004025,HDL,45,32,20,3840.00,76800.00
7242,7243,2022121301004024,HDL,49,32,10,3840.00,38400.00
7243,7244,2022121303002451,NICLBSL,1,58,10,715.00,7150.00
7244,7245,2022121303002450,NTC,58,33,11,903.00,9933.00
7245,7246,2022121303002449,NIFRA,45,46,40,185.00,7400.00
7246,7247,2022121303002448,PROFL,28,13,150,284.00,42600.00
7247,7248,2022121305000555,MBJC,45,29,10,208.00,2080.00
7248,7249,2022121301004023,SHIVM,58,34,100,550.00,55000.00
7249,7250,2022121301004022,SHIVM,56,34,50,550.00,27500.00
7250,7251,2022121301004021,SHIVM,5,34,11,550.00,6050.00
7251,7252,2022121301004020,SHIVM,49,34,100,550.00,55000.00
7252,7253,2022121301004019,SHIVM,57,34,200,550.10,110020.00
7253,7254,2022121304002048,IGI,44,22,100,366.00,36600.00
7254,7255,2022121304002047,IGI,44,14,200,366.00,73200.00
7255,7256,2022121304002046,IGI,44,39,50,366.00,18300.00
7256,7257,2022121304002045,IGI,44,32,80,365.50,29240.00
7257,7258,2022121304002044,IGI,44,18,335,365.00,122275.00
7258,7259,2022121301004018,NABIL,37,34,500,811.00,405500.00
7259,7260,2022121301004017,PPL,33,58,10,204.00,2040.00
7260,7261,2022121301004016,NABIL,25,53,16,809.00,12944.00
7261,7262,2022121303002447,NTC,34,4,10,900.00,9000.00
7262,7263,2022121303002446,NTC,34,45,10,900.00,9000.00
7263,7264,2022121303002445,NTC,34,37,50,900.00,45000.00
7264,7265,2022121304002043,SSHL,56,10,140,173.40,24276.00
7265,7266,2022121301004015,SANIMA,47,58,330,225.00,74250.00
7266,7267,2022121301004014,NABIL,34,34,163,811.00,132193.00
7267,7268,2022121301004013,NABIL,34,19,11,811.00,8921.00
7268,7269,2022121301004012,SHIVM,32,33,10,550.10,5501.00
7269,7270,2022121304002042,HEI,35,56,62,362.10,22450.20
7270,7271,2022121301004011,PCBL,22,38,100,225.00,22500.00
7271,7272,2022121303002444,GUFL,3,28,500,520.00,260000.00
7272,7273,2022121301004010,ADBL,49,34,175,310.50,54337.50
7273,7274,2022121301004009,ADBL,42,34,100,310.60,31060.00
7274,7275,2022121301004008,ADBL,54,34,75,310.70,23302.50
7275,7276,2022121301004007,RFPL,28,48,10,226.00,2260.00
7276,7277,2022121301004006,PPL,22,58,10,202.00,2020.00
7277,7278,2022121303002443,NTC,34,42,35,899.10,31468.50
7278,7279,2022121303002442,SWMF,56,56,2,707.00,1414.00
7279,7280,2022121301004005,NABIL,25,34,55,809.00,44495.00
7280,7281,2022121301004004,NABIL,11,34,45,809.00,36405.00
7281,7282,2022121301004003,SGHC,44,59,10,248.50,2485.00
7282,7283,2022121303002441,CHDC,56,29,10,656.00,6560.00
7283,7284,2022121301004002,KBL,38,10,100,184.70,18470.00
7284,7285,2022121303002440,EDBL,5,56,25,303.00,7575.00
7285,7286,2022121301004001,NABIL,28,19,30,811.00,24330.00
7286,7287,2022121301004000,NABIL,11,34,29,809.00,23461.00
7287,7288,2022121301003999,NABIL,21,34,11,809.10,8900.10
7288,7289,2022121301003998,NABIL,58,34,19,810.00,15390.00
7289,7290,2022121301003997,NABIL,42,34,15,810.00,12150.00
7290,7291,2022121303002439,FMDBL,47,33,40,708.80,28352.00
7291,7292,2022121304002041,UPPER,6,25,10,392.90,3929.00
7292,7293,2022121304002040,UPPER,6,25,45,392.80,17676.00
7293,7294,2022121304002039,UPPER,6,40,30,392.40,11772.00
7294,7295,2022121304002038,UPPER,6,14,85,392.40,33354.00
7295,7296,2022121303002438,NRIC,58,19,11,698.00,7678.00
7296,7297,2022121303002437,NMFBS,56,56,3,1990.00,5970.00
7297,7298,2022121305000554,NYADI,44,58,10,271.00,2710.00
7298,7299,2022121305000553,NYADI,44,41,10,271.00,2710.00
7299,7300,2022121304002037,UNHPL,38,45,797,188.00,149836.00
7300,7301,2022121301003996,SHIVM,25,49,10,551.20,5512.00
7301,7302,2022121303002436,SIFC,44,56,63,300.00,18900.00
7302,7303,2022121301003995,PRVU,42,37,30,200.00,6000.00
7303,7304,2022121303002435,GUFL,43,28,85,520.00,44200.00
7304,7305,2022121304002036,UPCL,21,1,200,217.00,43400.00
7305,7306,2022121303002434,SMFDB,45,13,30,1238.00,37140.00
7306,7307,2022121303002433,NRIC,39,28,46,690.10,31744.60
7307,7308,2022121304002035,RIDI,43,6,51,490.00,24990.00
7308,7309,2022121304002034,RIDI,43,33,49,490.00,24010.00
7309,7310,2022121303002432,NIFRA,45,28,34,185.00,6290.00
7310,7311,2022121303002431,NIFRA,48,28,20,185.00,3700.00
7311,7312,2022121301003994,HDL,17,47,10,3844.00,38440.00
7312,7313,2022121303002430,NIFRA,48,40,200,185.90,37180.00
7313,7314,2022121301003993,GVL,48,6,10,312.10,3121.00
7314,7315,2022121303002429,NICLBSL,42,28,10,713.00,7130.00
7315,7316,2022121304002033,UNHPL,13,45,200,188.00,37600.00
7316,7317,2022121301003992,USHEC,56,58,10,246.50,2465.00
7317,7318,2022121303002428,NMBMF,56,56,3,645.00,1935.00
7318,7319,2022121301003991,SHIVM,59,17,114,551.50,62871.00
7319,7320,2022121301003990,SHIVM,59,42,186,551.40,102560.40
7320,7321,2022121305000552,JALPA,58,51,10,3350.00,33500.00
7321,7322,2022121305000551,JALPA,49,51,10,3350.00,33500.00
7322,7323,2022121303002427,NRIC,58,19,10,698.00,6980.00
7323,7324,2022121303002426,NLIC,48,48,1,610.90,610.90
7324,7325,2022121304002032,MEN,18,58,10,736.00,7360.00
7325,7326,2022121303002425,ILBS,14,28,16,878.00,14048.00
7326,7327,2022121301003989,RHGCL,41,35,10,207.00,2070.00
7327,7328,2022121303002424,NIFRA,42,40,99,185.90,18404.10
7328,7329,2022121303002423,NIFRA,42,40,12,185.90,2230.80
7329,7330,2022121303002422,DDBL,58,59,10,1029.00,10290.00
7330,7331,2022121304002031,IGI,44,18,200,365.00,73000.00
7331,7332,2022121301003988,SIKLES,56,14,10,374.50,3745.00
7332,7333,2022121304002030,AIL,4,28,10,386.00,3860.00
7333,7334,2022121304002029,NHPC,17,22,23,201.00,4623.00
7334,7335,2022121301003987,NABIL,28,39,310,810.00,251100.00
7335,7336,2022121301003986,HBL,25,14,502,323.90,162597.80
7336,7337,2022121304002028,UPPER,6,3,30,392.00,11760.00
7337,7338,2022121303002421,NTC,18,37,100,900.00,90000.00
7338,7339,2022121303002420,NLIC,56,56,1,605.00,605.00
7339,7340,2022121301003985,PPL,22,58,200,202.00,40400.00
7340,7341,2022121303002419,NTC,16,37,350,900.00,315000.00
7341,7342,2022121304002027,RIDI,53,33,20,490.00,9800.00
7342,7343,2022121303002418,NRIC,34,40,16,690.00,11040.00
7343,7344,2022121305000550,NYADI,44,49,10,270.00,2700.00
7344,7345,2022121305000549,NYADI,44,49,10,270.00,2700.00
7345,7346,2022121305000548,NYADI,44,17,10,270.00,2700.00
7346,7347,2022121303002417,CIT,40,22,10,1858.00,18580.00
7347,7348,2022121303002416,CFCL,34,1,20,305.00,6100.00
7348,7349,2022121301003984,CZBIL,17,57,336,180.00,60480.00
7349,7350,2022121301003983,CZBIL,21,57,20,180.00,3600.00
7350,7351,2022121301003982,CZBIL,25,57,52,180.00,9360.00
7351,7352,2022121301003981,CZBIL,5,57,45,180.00,8100.00
7352,7353,2022121301003980,CZBIL,18,57,500,180.80,90400.00
7353,7354,2022121301003979,SHIVM,25,7,15,551.20,8268.00
7354,7355,2022121303002415,CFCL,22,34,20,301.00,6020.00
7355,7356,2022121303002414,SMFDB,45,29,22,1238.00,27236.00
7356,7357,2022121301003978,NABIL,28,45,190,810.00,153900.00
7357,7358,2022121305000547,SLI,21,55,60,345.30,20718.00
7358,7359,2022121304002026,NBF2,5,53,1000,7.80,7800.00
7359,7360,2022121304002025,MHNL,50,21,20,251.00,5020.00
7360,7361,2022121301003977,NABIL,13,39,94,809.50,76093.00
7361,7362,2022121303002413,JSLBB,56,56,4,1590.00,6360.00
7362,7363,2022121301003976,HDL,59,47,20,3844.00,76880.00
7363,7364,2022121303002412,LBBL,35,55,500,323.40,161700.00
7364,7365,2022121303002411,LBBL,35,3,100,323.00,32300.00
7365,7366,2022121303002410,LBBL,35,50,300,323.00,96900.00
7366,7367,2022121304002024,KKHC,32,41,61,179.10,10925.10
7367,7368,2022121303002409,GUFL,22,48,20,519.20,10384.00
7368,7369,2022121304002023,API,21,35,20,209.50,4190.00
7369,7370,2022121303002408,NLIC,48,48,1,610.80,610.80
7370,7371,2022121304002022,RIDI,35,33,40,490.00,19600.00
7371,7372,2022121304002021,RIDI,45,33,891,490.00,436590.00
7372,7373,2022121303002407,SMFDB,45,38,130,1238.00,160940.00
7373,7374,2022121303002406,SMFDB,32,55,10,1236.00,12360.00
7374,7375,2022121303002405,NLIC,13,39,15,611.00,9165.00
7375,7376,2022121304002020,RIDI,41,59,1000,491.00,491000.00
7376,7377,2022121304002019,RIDI,41,59,200,491.00,98200.00
7377,7378,2022121301003975,NABIL,4,45,10,810.00,8100.00
7378,7379,2022121303002404,HIDCL,57,46,250,166.00,41500.00
7379,7380,2022121305000546,SLI,21,55,20,345.00,6900.00
7380,7381,2022121303002403,HIDCL,44,46,77,166.00,12782.00
7381,7382,2022121301003974,NABIL,4,39,58,810.00,46980.00
7382,7383,2022121301003973,NABIL,56,39,50,810.00,40500.00
7383,7384,2022121301003972,NABIL,45,39,12,810.00,9720.00
7384,7385,2022121301003971,NESDO,57,58,10,3315.00,33150.00
7385,7386,2022121301003970,CZBIL,58,14,30,180.90,5427.00
7386,7387,2022121301003969,CZBIL,18,14,61,180.90,11034.90
7387,7388,2022121304002018,SICL,59,22,35,770.00,26950.00
7388,7389,2022121304002017,UPPER,47,49,55,392.00,21560.00
7389,7390,2022121304002016,UPPER,8,49,300,392.00,117600.00
7390,7391,2022121305000545,SLI,21,17,10,345.00,3450.00
7391,7392,2022121305000544,SLI,21,55,30,343.30,10299.00
7392,7393,2022121305000543,SLI,21,55,40,343.30,13732.00
7393,7394,2022121305000542,SLI,21,55,10,341.70,3417.00
7394,7395,2022121305000541,SLI,21,55,20,341.70,6834.00
7395,7396,2022121305000540,SLI,21,35,10,341.70,3417.00
7396,7397,2022121305000539,SLI,21,55,10,341.70,3417.00
7397,7398,2022121301003968,RFPL,28,52,10,226.00,2260.00
7398,7399,2022121304002015,NGPL,43,32,30,208.50,6255.00
7399,7400,2022121301003967,HDL,44,32,50,3840.00,192000.00
7400,7401,2022121303002402,NIFRA,42,8,64,185.50,11872.00
7401,7402,2022121301003966,RHGCL,41,58,10,207.00,2070.00
7402,7403,2022121301003965,NABIL,20,39,40,810.90,32436.00
7403,7404,2022121301003964,SIKLES,56,49,10,376.00,3760.00
7404,7405,2022121301003963,SIKLES,56,58,10,376.00,3760.00
7405,7406,2022121301003962,SIKLES,56,19,10,375.90,3759.00
7406,7407,2022121301003961,SIKLES,56,57,10,375.80,3758.00
7407,7408,2022121304002014,GLH,43,52,10,239.00,2390.00
7408,7409,2022121303002401,MFIL,6,52,10,417.00,4170.00
7409,7410,2022121303002400,GFCL,35,45,30,448.00,13440.00
7410,7411,2022121304002013,API,34,44,30,210.00,6300.00
7411,7412,2022121304002012,SICL,34,22,39,770.00,30030.00
7412,7413,2022121304002011,SICL,34,52,11,770.00,8470.00
7413,7414,2022121305000538,MBJC,48,38,10,208.10,2081.00
7414,7415,2022121305000537,SLI,21,55,40,340.60,13624.00
7415,7416,2022121305000536,SLI,21,16,10,340.00,3400.00
7416,7417,2022121305000535,SLI,21,45,10,340.00,3400.00
7417,7418,2022121305000534,SLI,21,55,10,340.00,3400.00
7418,7419,2022121305000533,SLI,21,38,10,340.00,3400.00
7419,7420,2022121305000532,SLI,21,58,10,339.00,3390.00
7420,7421,2022121304002010,UPPER,8,57,200,392.00,78400.00
7421,7422,2022121301003960,SANIMA,49,58,100,225.00,22500.00
7422,7423,2022121301003959,NIB,6,34,96,221.00,21216.00
7423,7424,2022121304002009,UNHPL,45,45,75,188.00,14100.00
7424,7425,2022121301003958,KBL,57,10,50,184.70,9235.00
7425,7426,2022121301003957,NABIL,44,39,100,810.90,81090.00
7426,7427,2022121303002399,DDBL,6,58,10,1028.00,10280.00
7427,7428,2022121303002398,VLBS,55,34,19,828.00,15732.00
7428,7429,2022121304002008,API,21,34,30,209.50,6285.00
7429,7430,2022121303002397,LBBL,35,50,190,323.00,61370.00
7430,7431,2022121303002396,LBBL,35,38,560,322.90,180824.00
7431,7432,2022121303002395,LBBL,35,55,77,322.80,24855.60
7432,7433,2022121303002394,LBBL,35,49,73,322.50,23542.50
7433,7434,2022121303002393,LBBL,35,32,100,322.40,32240.00
7434,7435,2022121301003956,GVL,38,32,20,314.00,6280.00
7435,7436,2022121303002392,NLIC,48,48,1,610.70,610.70
7436,7437,2022121301003955,AVYAN,38,58,10,698.00,6980.00
7437,7438,2022121301003954,SIKLES,56,17,10,375.00,3750.00
7438,7439,2022121301003953,SIKLES,56,22,10,375.00,3750.00
7439,7440,2022121301003952,USHEC,28,56,10,246.10,2461.00
7440,7441,2022121304002007,AKPL,41,54,30,348.00,10440.00
7441,7442,2022121304002006,SICL,22,52,100,770.00,77000.00
7442,7443,2022121303002391,MNBBL,13,51,25,422.50,10562.50
7443,7444,2022121303002390,GUFL,22,34,40,519.20,20768.00
7444,7445,2022121303002389,GUFL,39,34,10,519.30,5193.00
7445,7446,2022121301003951,SIKLES,47,38,10,374.00,3740.00
7446,7447,2022121301003950,GVL,38,35,10,314.00,3140.00
7447,7448,2022121301003949,SIKLES,47,56,10,374.00,3740.00
7448,7449,2022121303002388,NRIC,58,19,10,698.00,6980.00
7449,7450,2022121301003948,RHGCL,41,4,10,207.00,2070.00
7450,7451,2022121304002005,BARUN,7,57,158,201.00,31758.00
7451,7452,2022121304002004,BARUN,52,57,17,201.10,3418.70
7452,7453,2022121301003947,RFPL,56,56,10,223.00,2230.00
7453,7454,2022121303002387,JFL,35,35,30,374.90,11247.00
7454,7455,2022121303002386,SFCL,51,22,30,258.10,7743.00
7455,7456,2022121305000531,MBJC,45,58,10,208.00,2080.00
7456,7457,2022121301003946,GIBF1,48,38,100,8.10,810.00
7457,7458,2022121303002385,NICLBSL,26,19,10,712.00,7120.00
7458,7459,2022121303002384,CIT,52,52,5,1850.00,9250.00
7459,7460,2022121304002003,GIMES1,4,4,250,8.40,2100.00
7460,7461,2022121303002383,VLBS,55,47,17,821.00,13957.00
7461,7462,2022121304002002,NGPL,49,16,225,208.90,47002.50
7462,7463,2022121303002382,GUFL,32,28,450,520.00,234000.00
7463,7464,2022121301003945,MEGA,6,45,12,195.00,2340.00
7464,7465,2022121301003944,MEGA,6,4,810,194.90,157869.00
7465,7466,2022121301003943,MEGA,6,32,65,194.50,12642.50
7466,7467,2022121303002381,SIFC,44,48,1000,300.00,300000.00
7467,7468,2022121301003942,HDL,47,42,14,3838.00,53732.00
7468,7469,2022121301003941,USHEC,28,21,10,246.10,2461.00
7469,7470,2022121304002001,UPPER,41,7,10,392.00,3920.00
7470,7471,2022121304002000,RIDI,49,59,300,491.00,147300.00
7471,7472,2022121303002380,SABSL,14,35,100,899.50,89950.00
7472,7473,2022121303002379,SABSL,58,35,100,899.50,89950.00
7473,7474,2022121303002378,SABSL,42,35,10,899.60,8996.00
7474,7475,2022121301003940,PCBL,56,56,2,221.00,442.00
7475,7476,2022121301003939,HDL,47,32,16,3838.00,61408.00
7476,7477,2022121304001999,BPCL,6,41,255,305.00,77775.00
7477,7478,2022121304001998,RIDI,45,35,90,490.00,44100.00
7478,7479,2022121304001997,RIDI,45,59,19,489.90,9308.10
7479,7480,2022121304001996,RIDI,46,59,981,489.90,480591.90
7480,7481,2022121304001995,RIDI,46,51,19,489.80,9306.20
7481,7482,2022121303002377,NTC,58,33,16,903.00,14448.00
7482,7483,2022121303002376,NTC,58,32,16,900.00,14400.00
7483,7484,2022121303002375,MLBL,35,18,30,346.80,10404.00
7484,7485,2022121303002374,NMFBS,56,56,1,1990.00,1990.00
7485,7486,2022121303002373,LBBL,39,49,77,322.50,24832.50
7486,7487,2022121301003938,NABIL,11,39,426,809.00,344634.00
7487,7488,2022121301003937,NABIL,42,39,14,809.00,11326.00
7488,7489,2022121301003936,NABIL,45,39,60,809.50,48570.00
7489,7490,2022121304001994,RHPL,19,56,360,228.10,82116.00
7490,7491,2022121303002372,NLIC,48,48,1,610.60,610.60
7491,7492,2022121303002371,NTC,58,32,11,900.00,9900.00
7492,7493,2022121304001993,UPCL,34,52,40,217.90,8716.00
7493,7494,2022121304001992,PICL,25,53,20,342.00,6840.00
7494,7495,2022121304001991,UPPER,58,14,15,392.40,5886.00
7495,7496,2022121303002370,NTC,36,32,200,900.00,180000.00
7496,7497,2022121303002369,NTC,36,32,273,900.00,245700.00
7497,7498,2022121304001990,RURU,43,20,110,725.00,79750.00
7498,7499,2022121303002368,NIFRA,48,19,64,185.00,11840.00
7499,7500,2022121303002367,NIFRA,48,46,54,185.00,9990.00
7500,7501,2022121303002366,NIFRA,48,35,43,185.00,7955.00
7501,7502,2022121301003935,GBIME,58,52,175,212.00,37100.00
7502,7503,2022121303002365,KSBBL,28,18,20,308.00,6160.00
7503,7504,2022121304001989,BPCL,32,41,245,305.00,74725.00
7504,7505,2022121301003934,NICA,47,6,400,687.90,275160.00
7505,7506,2022121301003933,NICA,47,49,100,687.80,68780.00
7506,7507,2022121301003932,NMB,22,34,10,229.80,2298.00
7507,7508,2022121301003931,NMB,22,44,247,229.80,56760.60
7508,7509,2022121304001988,RIDI,49,51,81,489.80,39673.80
7509,7510,2022121303002364,MMFDB,18,14,10,888.00,8880.00
7510,7511,2022121303002363,GBBL,34,52,46,379.00,17434.00
7511,7512,2022121303002362,NTC,36,32,27,900.00,24300.00
7512,7513,2022121303002361,MSLB,56,56,6,1000.00,6000.00
7513,7514,2022121303002360,HIDCL,32,57,10,166.00,1660.00
7514,7515,2022121303002359,HIDCL,11,58,550,165.90,91245.00
7515,7516,2022121301003930,NABIL,21,39,10,810.00,8100.00
7516,7517,2022121301003929,NABIL,13,39,20,810.00,16200.00
7517,7518,2022121301003928,NABIL,53,39,10,810.00,8100.00
7518,7519,2022121301003927,NABIL,57,39,12,810.90,9730.80
7519,7520,2022121301003926,HDL,40,32,20,3838.00,76760.00
7520,7521,2022121304001987,NHPC,32,38,18,200.50,3609.00
7521,7522,2022121301003925,NICFC,33,34,100,7.76,776.00
7522,7523,2022121304001986,SPDL,53,34,11,263.00,2893.00
7523,7524,2022121301003924,LBL,18,58,10,193.00,1930.00
7524,7525,2022121303002358,SWMF,26,53,15,707.00,10605.00
7525,7526,2022121304001985,STC,35,58,25,3570.00,89250.00
7526,7527,2022121304001984,STC,8,58,50,3570.00,178500.00
7527,7528,2022121304001983,STC,33,58,90,3571.00,321390.00
7528,7529,2022121304001982,STC,58,58,10,3571.00,35710.00
7529,7530,2022121304001981,STC,55,58,70,3572.00,250040.00
7530,7531,2022121304001980,STC,33,58,23,3576.00,82248.00
7531,7532,2022121304001979,STC,55,58,86,3577.00,307622.00
7532,7533,2022121303002357,NTC,42,13,50,903.00,45150.00
7533,7534,2022121304001978,UNHPL,32,45,26,188.00,4888.00
7534,7535,2022121301003923,GVL,38,38,10,314.00,3140.00
7535,7536,2022121301003922,USHEC,32,57,10,246.00,2460.00
7536,7537,2022121301003921,UHEWA,57,56,10,349.10,3491.00
7537,7538,2022121303002356,KLBSL,18,42,10,818.90,8189.00
7538,7539,2022121301003920,SCB,3,11,10,404.90,4049.00
7539,7540,2022121301003919,GVL,48,3,190,314.80,59812.00
7540,7541,2022121301003918,BHL,14,38,10,244.10,2441.00
7541,7542,2022121303002355,NUBL,6,58,20,887.00,17740.00
7542,7543,2022121301003917,BOKL,4,22,273,206.10,56265.30
7543,7544,2022121301003916,BOKL,43,22,50,206.10,10305.00
7544,7545,2022121301003915,BOKL,55,22,200,206.20,41240.00
7545,7546,2022121301003914,BOKL,45,22,21,206.20,4330.20
7546,7547,2022121301003913,BOKL,34,22,60,207.00,12420.00
7547,7548,2022121303002354,NTC,45,34,90,904.00,81360.00
7548,7549,2022121303002353,NTC,45,52,10,904.00,9040.00
7549,7550,2022121303002352,NLBBL,49,28,10,810.00,8100.00
7550,7551,2022121301003912,BHL,14,52,10,244.10,2441.00
7551,7552,2022121304001977,UPCL,16,35,200,217.90,43580.00
7552,7553,2022121304001976,UPCL,16,58,100,217.90,21790.00
7553,7554,2022121304001975,DHPL,42,41,211,178.00,37558.00
7554,7555,2022121304001974,DHPL,42,21,39,178.00,6942.00
7555,7556,2022121301003911,RHGCL,41,56,10,206.50,2065.00
7556,7557,2022121304001973,RIDI,49,55,19,489.00,9291.00
7557,7558,2022121301003910,LBL,16,48,298,192.50,57365.00
7558,7559,2022121305000530,JBLB,18,38,10,2749.00,27490.00
7559,7560,2022121301003909,HHL,16,54,10,217.00,2170.00
7560,7561,2022121301003908,HHL,16,42,10,217.00,2170.00
7561,7562,2022121301003907,HHL,16,56,10,217.00,2170.00
7562,7563,2022121301003906,HHL,16,38,10,217.00,2170.00
7563,7564,2022121305000529,NYADI,50,46,10,268.30,2683.00
7564,7565,2022121303002351,NLIC,48,48,1,610.50,610.50
7565,7566,2022121304001972,NEF,16,29,4350,7.94,34539.00
7566,7567,2022121303002350,NTC,58,34,10,904.00,9040.00
7567,7568,2022121303002349,NTC,58,48,50,903.00,45150.00
7568,7569,2022121303002348,NTC,58,5,84,903.00,75852.00
7569,7570,2022121301003905,ADBL,49,32,10,312.00,3120.00
7570,7571,2022121301003904,ADBL,49,47,90,311.00,27990.00
7571,7572,2022121304001971,SPDL,39,34,100,263.00,26300.00
7572,7573,2022121301003903,NABIL,28,39,110,810.90,89199.00
7573,7574,2022121301003902,PRVU,52,37,50,200.00,10000.00
7574,7575,2022121301003901,DORDI,16,56,10,229.50,2295.00
7575,7576,2022121301003900,SHIVM,45,34,290,552.00,160080.00
7576,7577,2022121301003899,HDL,58,32,14,3838.00,53732.00
7577,7578,2022121305000528,JBLB,35,49,10,2748.00,27480.00
7578,7579,2022121301003898,BOKL,34,28,40,207.00,8280.00
7579,7580,2022121304001970,SHL,22,52,195,217.00,42315.00
7580,7581,2022121303002347,FOWAD,18,13,10,2614.00,26140.00
7581,7582,2022121301003897,PPL,22,6,10,202.00,2020.00
7582,7583,2022121301003896,SHIVM,45,52,200,552.00,110400.00
7583,7584,2022121301003895,SHIVM,45,21,10,552.00,5520.00
7584,7585,2022121304001969,BARUN,7,14,224,201.00,45024.00
7585,7586,2022121304001968,BARUN,54,14,605,201.00,121605.00
7586,7587,2022121304001967,BARUN,16,14,500,201.10,100550.00
7587,7588,2022121304001966,BARUN,14,14,300,201.20,60360.00
7588,7589,2022121304001965,BARUN,21,14,25,201.50,5037.50
7589,7590,2022121304001964,BARUN,49,14,20,202.00,4040.00
7590,7591,2022121304001963,BARUN,29,14,15,202.00,3030.00
7591,7592,2022121304001962,BARUN,54,14,55,202.10,11115.50
7592,7593,2022121304001961,SSHL,56,10,85,173.40,14739.00
7593,7594,2022121301003894,SANIMA,45,58,50,225.00,11250.00
7594,7595,2022121304001960,RIDI,46,55,140,489.00,68460.00
7595,7596,2022121301003893,GBIME,49,6,25,211.00,5275.00
7596,7597,2022121303002346,NTC,58,5,16,903.00,14448.00
7597,7598,2022121303002345,NTC,58,19,50,902.70,45135.00
7598,7599,2022121303002344,NTC,58,6,19,902.00,17138.00
7599,7600,2022121303002343,NTC,58,22,25,901.00,22525.00
7600,7601,2022121303002342,SHINE,56,44,941,333.00,313353.00
7601,7602,2022121303002341,SHINE,56,14,59,331.00,19529.00
7602,7603,2022121301003892,USHEC,32,22,10,246.00,2460.00
7603,7604,2022121301003891,GBIME,34,35,1,215.00,215.00
7604,7605,2022121304001959,NIL,18,57,10,718.00,7180.00
7605,7606,2022121301003890,CCBL,16,11,46,188.00,8648.00
7606,7607,2022121304001958,UPPER,13,49,100,392.00,39200.00
7607,7608,2022121301003889,RHGCL,41,25,10,207.00,2070.00
7608,7609,2022121301003888,PRVU,34,37,50,200.00,10000.00
7609,7610,2022121303002340,NTC,58,6,18,902.00,16236.00
7610,7611,2022121303002339,NTC,58,11,12,901.00,10812.00
7611,7612,2022121303002338,NTC,58,57,20,900.00,18000.00
7612,7613,2022121303002337,SWMF,56,56,1,707.00,707.00
7613,7614,2022121303002336,RLFL,10,17,50,295.00,14750.00
7614,7615,2022121301003887,NABIL,53,39,50,810.00,40500.00
7615,7616,2022121304001957,BARUN,54,57,55,202.50,11137.50
7616,7617,2022121304001956,RIDI,37,55,200,489.00,97800.00
7617,7618,2022121301003886,SANIMA,34,58,500,225.00,112500.00
7618,7619,2022121301003885,PPL,22,38,10,202.00,2020.00
7619,7620,2022121303002335,MLBSL,57,36,20,4000.00,80000.00
7620,7621,2022121304001955,BPCL,34,49,55,306.00,16830.00
7621,7622,2022121301003884,GVL,10,3,100,314.80,31480.00
7622,7623,2022121301003883,SANIMA,58,58,14,225.00,3150.00
7623,7624,2022121301003882,NMB,38,44,18,229.80,4136.40
7624,7625,2022121303002334,FOWAD,58,13,22,2614.00,57508.00
7625,7626,2022121303002333,FOWAD,58,20,20,2614.00,52280.00
7626,7627,2022121304001954,SHPC,16,50,155,269.80,41819.00
7627,7628,2022121301003881,PCBL,42,38,10,225.00,2250.00
7628,7629,2022121301003880,PCBL,42,45,90,225.00,20250.00
7629,7630,2022121301003879,SHIVM,25,40,25,551.20,13780.00
7630,7631,2022121304001953,RHPL,14,17,600,228.90,137340.00
7631,7632,2022121303002332,SFCL,28,44,20,258.00,5160.00
7632,7633,2022121301003878,RHGCL,41,14,10,207.00,2070.00
7633,7634,2022121301003877,RHGCL,41,45,10,207.00,2070.00
7634,7635,2022121301003876,RHGCL,41,58,10,207.00,2070.00
7635,7636,2022121301003875,RHGCL,41,37,10,207.00,2070.00
7636,7637,2022121303002331,SHINE,40,14,100,331.10,33110.00
7637,7638,2022121303002330,SHINE,42,14,300,331.10,99330.00
7638,7639,2022121303002329,SHINE,6,14,400,332.00,132800.00
7639,7640,2022121303002328,NIFRA,48,35,1957,185.00,362045.00
7640,7641,2022121303002327,NIFRA,48,21,43,184.00,7912.00
7641,7642,2022121301003874,RFPL,56,16,10,227.00,2270.00
7642,7643,2022121301003873,RFPL,56,58,10,227.00,2270.00
7643,7644,2022121301003872,RFPL,56,47,10,227.00,2270.00
7644,7645,2022121301003871,RFPL,56,56,10,227.00,2270.00
7645,7646,2022121301003870,RFPL,56,6,10,227.00,2270.00
7646,7647,2022121301003869,RFPL,56,58,10,227.00,2270.00
7647,7648,2022121301003868,RFPL,56,38,10,227.00,2270.00
7648,7649,2022121301003867,RFPL,56,47,10,227.00,2270.00
7649,7650,2022121301003866,RFPL,56,45,10,227.00,2270.00
7650,7651,2022121301003865,RFPL,56,26,10,227.00,2270.00
7651,7652,2022121301003864,RFPL,56,22,10,227.00,2270.00
7652,7653,2022121301003863,RFPL,56,58,10,227.00,2270.00
7653,7654,2022121303002326,SWMF,56,56,1,707.00,707.00
7654,7655,2022121304001952,AKJCL,21,56,10,171.90,1719.00
7655,7656,2022121303002325,NLIC,48,48,1,610.40,610.40
7656,7657,2022121304001951,SJCL,14,41,10,220.00,2200.00
7657,7658,2022121304001950,SJCL,14,48,25,220.00,5500.00
7658,7659,2022121304001949,SJCL,14,56,20,220.00,4400.00
7659,7660,2022121304001948,SJCL,14,36,20,220.00,4400.00
7660,7661,2022121304001947,SJCL,14,18,50,220.00,11000.00
7661,7662,2022121304001946,SJCL,14,57,20,220.00,4400.00
7662,7663,2022121303002324,NTC,58,37,500,899.00,449500.00
7663,7664,2022121303002323,NTC,46,17,200,900.00,180000.00
7664,7665,2022121303002322,NLIC,56,56,1,605.00,605.00
7665,7666,2022121304001945,JOSHI,55,50,55,188.00,10340.00
7666,7667,2022121303002321,NRIC,50,28,46,690.10,31744.60
7667,7668,2022121301003862,GVL,32,3,410,314.80,129068.00
7668,7669,2022121301003861,GVL,32,42,580,314.80,182584.00
7669,7670,2022121301003860,GVL,32,38,10,314.80,3148.00
7670,7671,2022121303002320,NTC,58,25,257,899.00,231043.00
7671,7672,2022121303002319,NTC,58,25,13,899.10,11688.30
7672,7673,2022121303002318,NTC,36,25,150,899.50,134925.00
7673,7674,2022121303002317,MLBSL,22,47,25,4000.00,100000.00
7674,7675,2022121301003859,HDL,16,47,64,3840.00,245760.00
7675,7676,2022121301003858,HDL,16,34,16,3840.00,61440.00
7676,7677,2022121301003857,HDL,16,25,20,3840.00,76800.00
7677,7678,2022121304001944,UPPER,6,55,60,391.00,23460.00
7678,7679,2022121303002316,SHINE,56,44,206,332.90,68577.40
7679,7680,2022121303002315,NIFRA,58,28,54,183.60,9914.40
7680,7681,2022121301003856,RHGCL,22,34,10,206.10,2061.00
7681,7682,2022121301003855,MMF1,33,49,100,7.11,711.00
7682,7683,2022121304001943,SPDL,38,34,39,263.00,10257.00
7683,7684,2022121304001942,RIDI,54,55,101,489.00,49389.00
7684,7685,2022121301003854,NABIL,7,39,25,810.00,20250.00
7685,7686,2022121301003853,SGHC,16,38,10,253.00,2530.00
7686,7687,2022121301003852,PCBL,34,40,20,224.50,4490.00
7687,7688,2022121301003851,PCBL,58,40,30,224.60,6738.00
7688,7689,2022121303002314,FOWAD,58,54,58,2600.00,150800.00
7689,7690,2022121303002313,NIFRA,58,48,54,183.60,9914.40
7690,7691,2022121303002312,NICLBSL,26,28,10,712.00,7120.00
7691,7692,2022121303002311,NTC,52,17,300,900.00,270000.00
7692,7693,2022121304001941,UMHL,53,54,61,225.00,13725.00
7693,7694,2022121304001940,HDHPC,21,28,40,174.00,6960.00
7694,7695,2022121304001939,HDHPC,21,32,360,174.00,62640.00
7695,7696,2022121303002310,GFCL,28,45,10,448.00,4480.00
7696,7697,2022121303002309,GBBL,56,40,20,376.50,7530.00
7697,7698,2022121301003850,NICFC,58,1,100,7.75,775.00
7698,7699,2022121303002308,SWBBL,22,51,30,1170.00,35100.00
7699,7700,2022121304001938,LEC,21,38,25,220.10,5502.50
7700,7701,2022121304001937,LEC,21,57,200,220.10,44020.00
7701,7702,2022121304001936,AHPC,55,48,10,272.00,2720.00
7702,7703,2022121304001935,AIL,4,28,10,386.00,3860.00
7703,7704,2022121304001934,API,57,44,24,210.00,5040.00
7704,7705,2022121304001933,API,57,47,176,210.00,36960.00
7705,7706,2022121301003849,MBL,46,14,30,212.00,6360.00
7706,7707,2022121301003848,MBL,51,14,30,212.10,6363.00
7707,7708,2022121301003847,NIB,49,34,53,221.00,11713.00
7708,7709,2022121301003846,UHEWA,57,48,10,349.10,3491.00
7709,7710,2022121304001932,BARUN,16,57,50,202.60,10130.00
7710,7711,2022121301003845,SPHL,5,40,10,346.60,3466.00
7711,7712,2022121304001931,NGPL,44,16,196,208.90,40944.40
7712,7713,2022121303002307,CBBL,58,17,19,1099.00,20881.00
7713,7714,2022121301003844,HDL,16,28,20,3835.50,76710.00
7714,7715,2022121301003843,GIBF1,48,6,120,8.10,972.00
7715,7716,2022121303002306,NLIC,48,48,1,610.30,610.30
7716,7717,2022121301003842,AVYAN,19,33,10,698.50,6985.00
7717,7718,2022121301003841,SGHC,25,49,10,252.00,2520.00
7718,7719,2022121301003840,SGHC,25,58,10,252.00,2520.00
7719,7720,2022121304001930,RIDI,22,55,90,489.00,44010.00
7720,7721,2022121303002305,SKBBL,56,56,3,1090.00,3270.00
7721,7722,2022121304001929,GIMES1,4,16,2250,8.40,18900.00
7722,7723,2022121305000527,SLI,41,58,10,334.00,3340.00
7723,7724,2022121304001928,JOSHI,55,50,139,188.00,26132.00
7724,7725,2022121304001927,JOSHI,55,45,100,188.00,18800.00
7725,7726,2022121304001926,JOSHI,55,58,71,188.00,13348.00
7726,7727,2022121304001925,JOSHI,55,51,490,188.00,92120.00
7727,7728,2022121304001924,JOSHI,55,25,200,187.60,37520.00
7728,7729,2022121301003839,UHEWA,58,56,80,353.00,28240.00
7729,7730,2022121301003838,UHEWA,58,28,10,353.00,3530.00
7730,7731,2022121304001923,SICL,34,52,10,770.00,7700.00
7731,7732,2022121304001922,NIL,59,57,15,718.00,10770.00
7732,7733,2022121303002304,CIT,32,6,80,1850.00,148000.00
7733,7734,2022121303002303,CIT,22,6,10,1850.00,18500.00
7734,7735,2022121303002302,CIT,17,6,10,1852.00,18520.00
7735,7736,2022121303002301,NTC,46,17,350,900.70,315245.00
7736,7737,2022121301003837,NABIL,51,42,20,810.00,16200.00
7737,7738,2022121304001921,UMHL,34,54,200,225.00,45000.00
7738,7739,2022121304001920,NIL,53,57,300,718.00,215400.00
7739,7740,2022121303002300,NICLBSL,26,48,10,712.00,7120.00
7740,7741,2022121304001919,UPPER,13,55,200,391.00,78200.00
7741,7742,2022121303002299,NIFRA,58,11,64,183.60,11750.40
7742,7743,2022121303002298,RSDC,56,56,1,525.00,525.00
7743,7744,2022121301003836,RFPL,28,54,10,226.50,2265.00
7744,7745,2022121304001918,RHPL,57,17,20,228.90,4578.00
7745,7746,2022121303002297,JFL,38,35,100,374.90,37490.00
7746,7747,2022121301003835,NABIL,42,39,36,809.00,29124.00
7747,7748,2022121301003834,NABIL,32,39,50,809.00,40450.00
7748,7749,2022121301003833,NABIL,32,39,10,809.00,8090.00
7749,7750,2022121301003832,NABIL,51,39,124,809.00,100316.00
7750,7751,2022121301003831,NABIL,49,42,20,810.00,16200.00
7751,7752,2022121304001917,UMHL,58,54,40,225.00,9000.00
7752,7753,2022121301003830,KDBY,21,1,100,8.00,800.00
7753,7754,2022121303002296,CORBL,35,5,40,275.40,11016.00
7754,7755,2022121303002295,CORBL,35,6,30,275.00,8250.00
7755,7756,2022121301003829,UHEWA,57,58,10,349.10,3491.00
7756,7757,2022121301003828,HDL,59,28,10,3833.00,38330.00
7757,7758,2022121301003827,HDL,59,58,21,3833.00,80493.00
7758,7759,2022121304001916,AHPC,42,58,22,270.20,5944.40
7759,7760,2022121301003826,KBL,26,50,200,184.60,36920.00
7760,7761,2022121303002294,MLBL,33,18,30,346.80,10404.00
7761,7762,2022121303002293,MLBL,33,52,80,346.00,27680.00
7762,7763,2022121303002292,MLBL,33,38,100,345.00,34500.00
7763,7764,2022121303002291,MLBL,33,51,50,344.90,17245.00
7764,7765,2022121303002290,MLBL,33,14,40,344.00,13760.00
7765,7766,2022121301003825,PRVU,58,37,17,200.00,3400.00
7766,7767,2022121304001915,AKPL,41,38,150,348.00,52200.00
7767,7768,2022121301003824,PCBL,56,56,1,221.00,221.00
7768,7769,2022121304001914,SJCL,57,57,10,220.00,2200.00
7769,7770,2022121303002289,NICLBSL,26,7,10,712.00,7120.00
7770,7771,2022121301003823,GVL,25,16,10,312.00,3120.00
7771,7772,2022121304001913,SJCL,44,18,40,219.00,8760.00
7772,7773,2022121301003822,HDL,11,58,50,3833.00,191650.00
7773,7774,2022121301003821,KBL,34,10,100,184.70,18470.00
7774,7775,2022121301003820,KBL,58,10,80,184.70,14776.00
7775,7776,2022121303002288,ALICL,57,36,20,510.00,10200.00
7776,7777,2022121303002287,ALICL,57,16,80,510.00,40800.00
7777,7778,2022121301003819,PPL,33,40,10,201.90,2019.00
7778,7779,2022121303002286,DDBL,22,34,10,1030.00,10300.00
7779,7780,2022121305000526,SLI,32,55,40,340.00,13600.00
7780,7781,2022121305000525,SAHAS,58,38,35,454.00,15890.00
7781,7782,2022121305000524,SAHAS,58,57,10,452.00,4520.00
7782,7783,2022121305000523,SAHAS,58,32,10,452.00,4520.00
7783,7784,2022121305000522,SAHAS,58,4,10,452.00,4520.00
7784,7785,2022121305000521,SAHAS,58,58,10,450.00,4500.00
7785,7786,2022121305000520,SAHAS,58,49,10,448.00,4480.00
7786,7787,2022121305000519,SAHAS,58,26,10,448.00,4480.00
7787,7788,2022121303002285,PROFL,28,49,50,285.00,14250.00
7788,7789,2022121303002284,PROFL,28,28,64,285.00,18240.00
7789,7790,2022121301003818,MEGA,55,4,10,194.90,1949.00
7790,7791,2022121304001912,NHPC,32,49,80,200.50,16040.00
7791,7792,2022121304001911,SHL,45,52,255,217.00,55335.00
7792,7793,2022121304001910,SHL,45,42,245,217.00,53165.00
7793,7794,2022121304001909,UPPER,42,32,200,390.00,78000.00
7794,7795,2022121301003817,SHIVM,6,21,10,552.00,5520.00
7795,7796,2022121304001908,HDHPC,21,32,15,174.00,2610.00
7796,7797,2022121301003816,KDBY,21,58,200,8.00,1600.00
7797,7798,2022121304001907,SSHL,6,10,85,173.40,14739.00
7798,7799,2022121304001906,NHDL,20,38,120,310.20,37224.00
7799,7800,2022121304001905,NHDL,55,38,100,311.00,31100.00
7800,7801,2022121303002283,NTC,49,17,154,900.70,138707.80
7801,7802,2022121304001904,UPPER,42,26,290,390.00,113100.00
7802,7803,2022121303002282,NLICL,49,20,84,503.00,42252.00
7803,7804,2022121303002281,NMFBS,56,56,1,1990.00,1990.00
7804,7805,2022121305000518,SLI,32,55,10,340.00,3400.00
7805,7806,2022121305000517,SLI,32,38,10,340.00,3400.00
7806,7807,2022121305000516,SLI,32,36,10,340.00,3400.00
7807,7808,2022121301003815,CBL,6,58,14,213.00,2982.00
7808,7809,2022121303002280,NLIC,48,48,1,610.20,610.20
7809,7810,2022121303002279,PROFL,13,28,36,285.00,10260.00
7810,7811,2022121303002278,NTC,49,17,72,900.70,64850.40
7811,7812,2022121301003814,ADBL,58,32,10,312.00,3120.00
7812,7813,2022121303002277,NUBL,49,42,150,887.00,133050.00
7813,7814,2022121301003813,GVL,25,48,10,312.00,3120.00
7814,7815,2022121303002276,NLIC,17,39,12,611.00,7332.00
7815,7816,2022121301003812,NABIL,6,42,68,810.00,55080.00
7816,7817,2022121301003811,SANIMA,47,33,250,225.00,56250.00
7817,7818,2022121301003810,SANIMA,47,58,680,225.00,153000.00
7818,7819,2022121304001903,RIDI,53,55,30,489.00,14670.00
7819,7820,2022121303002275,CIT,34,22,16,1858.00,29728.00
7820,7821,2022121301003809,RFPL,42,48,10,222.50,2225.00
7821,7822,2022121303002274,NRIC,41,40,50,699.00,34950.00
7822,7823,2022121303002273,NRIC,41,51,41,699.00,28659.00
7823,7824,2022121303002272,NLIC,56,56,1,605.00,605.00
7824,7825,2022121301003808,SRBL,58,28,187,184.00,34408.00
7825,7826,2022121301003807,CZBIL,3,48,50,181.00,9050.00
7826,7827,2022121303002271,LBBL,22,55,10,322.80,3228.00
7827,7828,2022121304001902,UMHL,58,54,60,225.00,13500.00
7828,7829,2022121301003806,SANIMA,20,44,160,224.90,35984.00
7829,7830,2022121303002270,NTC,49,33,229,900.70,206260.30
7830,7831,2022121301003805,KBL,34,57,175,184.50,32287.50
7831,7832,2022121301003804,KBL,56,57,40,184.60,7384.00
7832,7833,2022121301003803,SANIMA,55,44,10,224.90,2249.00
7833,7834,2022121304001901,UPPER,47,26,40,390.00,15600.00
7834,7835,2022121304001900,UPPER,45,26,10,390.00,3900.00
7835,7836,2022121304001899,UPPER,39,26,100,390.10,39010.00
7836,7837,2022121304001898,UPPER,6,26,60,390.10,23406.00
7837,7838,2022121304001897,SICL,34,52,21,770.00,16170.00
7838,7839,2022121301003802,ADBL,58,50,66,311.00,20526.00
7839,7840,2022121304001896,UPCL,18,58,900,217.90,196110.00
7840,7841,2022121304001895,UPCL,18,58,1100,217.70,239470.00
7841,7842,2022121301003801,CCBL,36,11,100,189.00,18900.00
7842,7843,2022121301003800,AVYAN,38,57,10,698.00,6980.00
7843,7844,2022121304001894,NGPL,58,16,100,208.90,20890.00
7844,7845,2022121301003799,RFPL,42,58,10,222.50,2225.00
7845,7846,2022121303002269,NTC,49,41,45,900.70,40531.50
7846,7847,2022121303002268,GUFL,28,36,10,525.00,5250.00
7847,7848,2022121304001893,PICL,50,16,30,346.80,10404.00
7848,7849,2022121301003798,NBL,48,57,99,276.00,27324.00
7849,7850,2022121301003797,NBL,48,56,11,276.00,3036.00
7850,7851,2022121303002267,NLIC,43,39,10,611.00,6110.00
7851,7852,2022121303002266,MLBL,50,55,20,343.80,6876.00
7852,7853,2022121305000515,SLI,32,6,20,335.00,6700.00
7853,7854,2022121304001892,SJCL,44,57,20,219.00,4380.00
7854,7855,2022121303002265,SWBBL,22,51,25,1170.00,29250.00
7855,7856,2022121301003796,USHEC,32,38,10,246.00,2460.00
7856,7857,2022121303002264,GUFL,42,57,195,520.00,101400.00
7857,7858,2022121303002263,GUFL,42,6,20,520.00,10400.00
7858,7859,2022121303002262,NRIC,41,17,12,697.60,8371.20
7859,7860,2022121303002261,NRIC,41,34,33,697.60,23020.80
7860,7861,2022121301003795,NABIL,32,42,80,810.00,64800.00
7861,7862,2022121304001891,NHDL,55,17,18,313.00,5634.00
7862,7863,2022121304001890,UMHL,7,54,50,225.00,11250.00
7863,7864,2022121304001889,RIDI,43,55,100,489.00,48900.00
7864,7865,2022121305000514,SLI,32,48,10,335.00,3350.00
7865,7866,2022121303002260,MFIL,21,52,21,417.00,8757.00
7866,7867,2022121304001888,NGPL,19,16,100,208.90,20890.00
7867,7868,2022121303002259,NLIC,48,48,1,610.10,610.10
7868,7869,2022121304001887,API,19,47,24,210.00,5040.00
7869,7870,2022121303002258,PROFL,28,35,30,284.00,8520.00
7870,7871,2022121304001886,RHPL,19,57,20,226.60,4532.00
7871,7872,2022121304001885,RIDI,53,55,20,489.00,9780.00
7872,7873,2022121301003794,SHIVM,29,21,80,552.00,44160.00
7873,7874,2022121301003793,SHIVM,29,42,20,552.00,11040.00
7874,7875,2022121301003792,BHL,14,48,10,244.10,2441.00
7875,7876,2022121304001884,RIDI,34,55,300,489.00,146700.00
7876,7877,2022121304001883,UMHL,42,54,34,225.00,7650.00
7877,7878,2022121304001882,SHL,49,42,100,217.00,21700.00
7878,7879,2022121304001881,SHL,49,20,300,217.00,65100.00
7879,7880,2022121304001880,SHL,49,46,400,217.00,86800.00
7880,7881,2022121304001879,SHL,49,17,100,217.00,21700.00
7881,7882,2022121304001878,SHL,49,32,100,217.00,21700.00
7882,7883,2022121301003791,PCBL,44,45,10,225.00,2250.00
7883,7884,2022121303002257,NIFRA,58,40,64,183.60,11750.40
7884,7885,2022121305000513,MKJC,58,49,10,404.00,4040.00
7885,7886,2022121304001877,UPPER,39,49,100,390.50,39050.00
7886,7887,2022121304001876,UPPER,59,49,50,390.50,19525.00
7887,7888,2022121304001875,UMHL,10,35,60,224.70,13482.00
7888,7889,2022121305000512,ENL,13,49,10,580.00,5800.00
7889,7890,2022121301003790,PPL,45,56,400,206.00,82400.00
7890,7891,2022121301003789,PPL,45,34,40,206.00,8240.00
7891,7892,2022121301003788,PPL,45,38,10,205.00,2050.00
7892,7893,2022121301003787,PPL,45,42,10,205.00,2050.00
7893,7894,2022121301003786,PPL,45,34,10,205.00,2050.00
7894,7895,2022121301003785,PPL,45,38,10,205.00,2050.00
7895,7896,2022121301003784,PPL,45,48,10,205.00,2050.00
7896,7897,2022121301003783,PPL,45,6,30,205.00,6150.00
7897,7898,2022121301003782,PPL,45,47,10,205.00,2050.00
7898,7899,2022121301003781,PPL,45,58,10,205.00,2050.00
7899,7900,2022121301003780,PPL,45,54,30,204.90,6147.00
7900,7901,2022121301003779,PPL,45,49,10,204.90,2049.00
7901,7902,2022121301003778,PPL,45,53,10,204.00,2040.00
7902,7903,2022121301003777,PPL,45,33,10,204.00,2040.00
7903,7904,2022121301003776,PPL,45,22,10,204.00,2040.00
7904,7905,2022121301003775,PPL,45,41,200,204.00,40800.00
7905,7906,2022121301003774,PPL,45,58,10,203.00,2030.00
7906,7907,2022121301003773,PPL,45,56,10,203.00,2030.00
7907,7908,2022121301003772,PPL,45,58,10,203.00,2030.00
7908,7909,2022121301003771,PPL,45,17,10,203.00,2030.00
7909,7910,2022121301003770,PPL,45,49,10,203.00,2030.00
7910,7911,2022121301003769,PPL,45,44,10,203.00,2030.00
7911,7912,2022121301003768,PPL,45,49,10,202.90,2029.00
7912,7913,2022121301003767,PPL,45,58,10,202.00,2020.00
7913,7914,2022121301003766,PPL,45,7,10,202.00,2020.00
7914,7915,2022121301003765,PPL,45,42,10,202.00,2020.00
7915,7916,2022121301003764,PPL,45,28,10,202.00,2020.00
7916,7917,2022121301003763,PPL,45,41,10,202.00,2020.00
7917,7918,2022121301003762,PPL,45,58,10,202.00,2020.00
7918,7919,2022121301003761,PPL,45,4,10,202.00,2020.00
7919,7920,2022121301003760,PPL,45,49,10,202.00,2020.00
7920,7921,2022121301003759,PPL,45,6,10,201.00,2010.00
7921,7922,2022121301003758,PPL,45,57,10,201.00,2010.00
7922,7923,2022121301003757,PPL,45,19,10,200.50,2005.00
7923,7924,2022121301003756,PPL,45,19,10,200.50,2005.00
7924,7925,2022121301003755,NBL,42,56,50,276.00,13800.00
7925,7926,2022121303002256,JFL,28,35,10,374.90,3749.00
7926,7927,2022121301003754,SGHC,44,38,10,248.50,2485.00
7927,7928,2022121301003753,RHGCL,41,49,10,206.00,2060.00
7928,7929,2022121301003752,GBIME,18,52,10,212.00,2120.00
7929,7930,2022121301003751,LBL,58,58,10,193.00,1930.00
7930,7931,2022121303002255,NIFRA,58,45,12,184.00,2208.00
7931,7932,2022121303002254,NIFRA,58,48,18,183.70,3306.60
7932,7933,2022121303002253,GUFL,58,6,50,520.00,26000.00
7933,7934,2022121305000511,MBJC,45,58,10,208.00,2080.00
7934,7935,2022121301003750,PPL,22,57,10,200.10,2001.00
7935,7936,2022121303002252,NTC,50,6,163,902.00,147026.00
7936,7937,2022121303002251,NTC,50,17,1000,900.60,900600.00
7937,7938,2022121303002250,NTC,50,45,200,900.00,180000.00
7938,7939,2022121303002249,NTC,50,45,637,900.00,573300.00
7939,7940,2022121303002248,NICLBSL,13,40,20,711.20,14224.00
7940,7941,2022121304001874,RIDI,22,55,200,489.00,97800.00
7941,7942,2022121304001873,RIDI,22,47,300,488.80,146640.00
7942,7943,2022121305000510,SAHAS,1,48,10,447.10,4471.00
7943,7944,2022121303002247,LBBL,39,55,413,322.80,133316.40
7944,7945,2022121303002246,LBBL,39,36,100,322.00,32200.00
7945,7946,2022121303002245,LBBL,39,49,150,322.00,48300.00
7946,7947,2022121303002244,LBBL,39,44,87,321.00,27927.00
7947,7948,2022121303002243,NLIC,17,34,20,610.00,12200.00
7948,7949,2022121303002242,NIFRA,58,55,54,183.60,9914.40
7949,7950,2022121301003749,SHIVM,39,40,20,552.00,11040.00
7950,7951,2022121301003748,SHIVM,39,52,70,552.00,38640.00
7951,7952,2022121304001872,UPCL,4,34,79,217.00,17143.00
7952,7953,2022121301003747,NESDO,4,52,10,3315.00,33150.00
7953,7954,2022121301003746,SANIMA,38,44,20,224.90,4498.00
7954,7955,2022121304001871,RHPL,19,18,500,228.00,114000.00
7955,7956,2022121304001870,UIC,7,49,10,338.50,3385.00
7956,7957,2022121305000509,JBLB,6,58,10,2748.00,27480.00
7957,7958,2022121304001869,MHNL,11,40,55,251.90,13854.50
7958,7959,2022121304001868,MHNL,11,21,100,251.50,25150.00
7959,7960,2022121304001867,MHNL,11,47,120,250.00,30000.00
7960,7961,2022121304001866,MHNL,11,40,125,249.90,31237.50
7961,7962,2022121301003745,SCB,11,11,10,404.90,4049.00
7962,7963,2022121303002241,NTC,50,45,363,900.00,326700.00
7963,7964,2022121303002240,NTC,50,58,30,900.00,27000.00
7964,7965,2022121303002239,NTC,50,46,109,900.00,98100.00
7965,7966,2022121303002238,NTC,50,8,475,900.00,427500.00
7966,7967,2022121303002237,NTC,50,41,10,900.00,9000.00
7967,7968,2022121303002236,NTC,50,51,119,900.00,107100.00
7968,7969,2022121303002235,NTC,50,6,100,900.00,90000.00
7969,7970,2022121303002234,NTC,50,19,40,900.00,36000.00
7970,7971,2022121303002233,NTC,50,57,50,900.00,45000.00
7971,7972,2022121303002232,NTC,50,37,100,900.00,90000.00
7972,7973,2022121303002231,NTC,50,48,74,899.90,66592.60
7973,7974,2022121303002230,NTC,50,17,500,899.90,449950.00
7974,7975,2022121303002229,NTC,50,42,50,899.00,44950.00
7975,7976,2022121303002228,NTC,50,26,300,899.00,269700.00
7976,7977,2022121303002227,NTC,50,52,55,897.60,49368.00
7977,7978,2022121303002226,NTC,50,14,15,897.00,13455.00
7978,7979,2022121303002225,NTC,50,6,20,896.50,17930.00
7979,7980,2022121303002224,SFCL,28,49,100,255.00,25500.00
7980,7981,2022121303002223,NIFRA,45,48,36,183.70,6613.20
7981,7982,2022121304001865,UMHL,42,54,80,225.00,18000.00
7982,7983,2022121305000508,MBJC,45,40,10,208.00,2080.00
7983,7984,2022121304001864,NGPL,17,16,104,208.90,21725.60
7984,7985,2022121301003744,NBL,58,56,10,276.00,2760.00
7985,7986,2022121301003743,NABIL,6,54,50,809.00,40450.00
7986,7987,2022121301003742,USHEC,13,49,10,246.10,2461.00
7987,7988,2022121303002222,PROFL,28,44,270,283.00,76410.00
7988,7989,2022121303002221,NTC,44,38,440,896.00,394240.00
7989,7990,2022121303002220,ICFC,57,3,20,429.00,8580.00
7990,7991,2022121304001863,HDHPC,41,38,180,173.00,31140.00
7991,7992,2022121301003741,GBIME,45,52,15,212.00,3180.00
7992,7993,2022121301003740,GBIME,45,6,30,212.00,6360.00
7993,7994,2022121304001862,UPPER,58,45,50,390.60,19530.00
7994,7995,2022121303002219,NLIC,56,56,1,605.00,605.00
7995,7996,2022121304001861,HDHPC,45,32,45,174.00,7830.00
7996,7997,2022121304001860,HDHPC,45,58,10,174.00,1740.00
7997,7998,2022121301003739,NIB,7,25,40,220.00,8800.00
7998,7999,2022121301003738,NIB,49,25,13,220.00,2860.00
7999,8000,2022121303002218,NLIC,48,48,1,609.70,609.70
8000,8001,2022121301003737,PCBL,34,16,19,224.50,4265.50
8001,8002,2022121301003736,PCBL,14,16,95,224.50,21327.50
8002,8003,2022121303002217,NICLBSL,13,48,20,711.20,14224.00
8003,8004,2022121303002216,KMCDB,46,40,12,870.10,10441.20
8004,8005,2022121301003735,GBIME,56,18,19,210.00,3990.00
8005,8006,2022121301003734,GBIME,47,18,55,210.00,11550.00
8006,8007,2022121301003733,GBIME,42,18,20,210.00,4200.00
8007,8008,2022121301003732,GBIME,42,18,50,210.00,10500.00
8008,8009,2022121301003731,GBIME,35,18,25,210.00,5250.00
8009,8010,2022121301003730,GBIME,45,18,170,210.00,35700.00
8010,8011,2022121301003729,GBIME,20,18,20,210.00,4200.00
8011,8012,2022121301003728,GBIME,13,18,25,210.00,5250.00
8012,8013,2022121301003727,GBIME,42,18,107,210.00,22470.00
8013,8014,2022121301003726,GBIME,35,18,10,210.00,2100.00
8014,8015,2022121301003725,GBIME,20,18,30,210.00,6300.00
8015,8016,2022121301003724,GBIME,56,18,43,210.00,9030.00
8016,8017,2022121301003723,GBIME,33,18,10,210.00,2100.00
8017,8018,2022121301003722,GBIME,32,18,100,210.00,21000.00
8018,8019,2022121301003721,GBIME,51,18,200,210.00,42000.00
8019,8020,2022121301003720,GBIME,58,18,43,210.00,9030.00
8020,8021,2022121301003719,GBIME,58,18,71,210.00,14910.00
8021,8022,2022121301003718,GBIME,35,18,15,210.00,3150.00
8022,8023,2022121301003717,GBIME,19,18,835,210.00,175350.00
8023,8024,2022121301003716,GBIME,56,18,40,210.10,8404.00
8024,8025,2022121301003715,GBIME,32,18,100,210.50,21050.00
8025,8026,2022121301003714,GBIME,49,18,10,211.00,2110.00
8026,8027,2022121304001859,NICGF,45,5,200,9.10,1820.00
8027,8028,2022121303002215,JFL,55,49,16,368.00,5888.00
8028,8029,2022121301003713,NABIL,52,42,10,810.00,8100.00
8029,8030,2022121301003712,BOKL,6,28,70,207.00,14490.00
8030,8031,2022121305000507,SLI,41,11,10,335.00,3350.00
8031,8032,2022121301003711,SHIVM,49,52,30,552.00,16560.00
8032,8033,2022121301003710,SCB,19,58,78,404.00,31512.00
8033,8034,2022121301003709,NBF3,49,58,100,7.26,726.00
8034,8035,2022121303002214,NTC,50,45,115,895.00,102925.00
8035,8036,2022121303002213,NTC,50,39,201,895.00,179895.00
8036,8037,2022121303002212,NTC,50,50,400,895.00,358000.00
8037,8038,2022121303002211,NTC,50,51,30,895.00,26850.00
8038,8039,2022121303002210,NTC,50,58,66,895.00,59070.00
8039,8040,2022121303002209,NTC,50,58,49,895.00,43855.00
8040,8041,2022121303002208,NTC,50,58,10,895.00,8950.00
8041,8042,2022121303002207,NTC,50,58,43,895.00,38485.00
8042,8043,2022121303002206,NTC,50,58,76,895.00,68020.00
8043,8044,2022121303002205,NTC,50,26,100,895.00,89500.00
8044,8045,2022121303002204,NTC,50,17,500,894.90,447450.00
8045,8046,2022121301003708,NABIL,28,42,117,810.00,94770.00
8046,8047,2022121301003707,RFPL,28,58,10,226.00,2260.00
8047,8048,2022121301003706,RFPL,28,28,190,226.00,42940.00
8048,8049,2022121301003705,RFPL,28,38,10,224.00,2240.00
8049,8050,2022121301003704,CYCL,1,38,10,2260.20,22602.00
8050,8051,2022121303002203,NTC,19,11,30,892.00,26760.00
8051,8052,2022121303002202,RSDC,56,56,1,524.50,524.50
8052,8053,2022121301003703,NIB,49,34,68,221.00,15028.00
8053,8054,2022121301003702,NIB,49,49,32,221.00,7072.00
8054,8055,2022121301003701,MMF1,40,58,100,7.10,710.00
8055,8056,2022121304001858,API,58,55,10,210.00,2100.00
8056,8057,2022121304001857,UPPER,58,55,35,391.00,13685.00
8057,8058,2022121301003700,SANIMA,14,44,50,224.90,11245.00
8058,8059,2022121303002201,NTC,44,52,195,894.00,174330.00
8059,8060,2022121303002200,NTC,44,39,50,894.00,44700.00
8060,8061,2022121303002199,ICFC,58,14,300,428.00,128400.00
8061,8062,2022121304001856,UMHL,58,54,225,225.00,50625.00
8062,8063,2022121305000506,SLI,21,21,10,332.00,3320.00
8063,8064,2022121301003699,NABIL,47,42,122,810.00,98820.00
8064,8065,2022121304001855,RADHI,58,18,11,212.40,2336.40
8065,8066,2022121301003698,NBL,6,16,105,275.00,28875.00
8066,8067,2022121301003697,NBL,34,16,15,275.00,4125.00
8067,8068,2022121301003696,GBIME,11,6,10,212.00,2120.00
8068,8069,2022121305000505,SLI,41,13,50,334.90,16745.00
8069,8070,2022121305000504,SLI,41,57,10,334.90,3349.00
8070,8071,2022121304001854,UPPER,34,55,30,392.00,11760.00
8071,8072,2022121304001853,UPPER,34,50,17,392.00,6664.00
8072,8073,2022121301003695,BOKL,6,28,110,207.00,22770.00
8073,8074,2022121304001852,UMHL,25,54,250,225.00,56250.00
8074,8075,2022121303002198,NMFBS,56,56,1,1980.00,1980.00
8075,8076,2022121304001851,RIDI,40,33,250,488.00,122000.00
8076,8077,2022121301003694,SANIMA,55,44,10,224.90,2249.00
8077,8078,2022121303002197,CIT,32,22,20,1858.00,37160.00
8078,8079,2022121301003693,SBL,57,45,60,315.50,18930.00
8079,8080,2022121301003692,SBL,57,22,100,315.00,31500.00
8080,8081,2022121304001850,KPCL,7,41,11,323.00,3553.00
8081,8082,2022121303002196,RMDC,42,38,10,950.00,9500.00
8082,8083,2022121303002195,RMDC,42,46,40,949.90,37996.00
8083,8084,2022121301003691,PPL,33,58,10,200.00,2000.00
8084,8085,2022121301003690,PPL,33,56,10,200.00,2000.00
8085,8086,2022121304001849,GHL,47,40,10,192.00,1920.00
8086,8087,2022121304001848,GHL,21,40,10,192.00,1920.00
8087,8088,2022121304001847,AKJCL,34,4,106,170.50,18073.00
8088,8089,2022121301003689,SIKLES,41,13,10,375.80,3758.00
8089,8090,2022121304001846,RADHI,6,44,70,215.00,15050.00
8090,8091,2022121301003688,BOKL,6,28,70,207.00,14490.00
8091,8092,2022121301003687,BOKL,56,28,40,207.00,8280.00
8092,8093,2022121304001845,HDHPC,41,44,259,173.00,44807.00
8093,8094,2022121301003686,NMB,38,49,74,229.70,16997.80
8094,8095,2022121304001844,HDHPC,56,44,200,173.00,34600.00
8095,8096,2022121301003685,HIDCLP,22,29,12,97.40,1168.80
8096,8097,2022121301003684,GVL,55,57,10,312.00,3120.00
8097,8098,2022121303002194,NLIC,48,48,1,609.20,609.20
8098,8099,2022121301003683,CZBIL,58,48,10,181.00,1810.00
8099,8100,2022121301003682,BHL,14,56,10,244.10,2441.00
8100,8101,2022121301003681,KDBY,21,34,100,7.99,799.00
8101,8102,2022121301003680,SHIVM,32,51,100,550.10,55010.00
8102,8103,2022121304001843,GHL,35,56,200,194.00,38800.00
8103,8104,2022121301003679,SIKLES,34,28,50,373.00,18650.00
8104,8105,2022121303002193,NTC,36,43,10,893.00,8930.00
8105,8106,2022121303002192,NADEP,46,18,45,681.30,30658.50
8106,8107,2022121303002191,NADEP,4,18,10,685.50,6855.00
8107,8108,2022121303002190,NADEP,5,18,20,686.00,13720.00
8108,8109,2022121303002189,NADEP,58,18,50,687.00,34350.00
8109,8110,2022121304001842,UPPER,28,50,100,392.00,39200.00
8110,8111,2022121301003678,NABIL,32,42,750,810.00,607500.00
8111,8112,2022121301003677,NABIL,32,34,250,810.00,202500.00
8112,8113,2022121301003676,SPHL,45,14,10,350.00,3500.00
8113,8114,2022121301003675,SPHL,45,7,10,350.00,3500.00
8114,8115,2022121301003674,SPHL,45,50,10,350.00,3500.00
8115,8116,2022121301003673,SPHL,45,44,10,350.00,3500.00
8116,8117,2022121301003672,SPHL,45,50,10,350.00,3500.00
8117,8118,2022121301003671,SPHL,45,49,10,350.00,3500.00
8118,8119,2022121301003670,SPHL,45,58,10,350.00,3500.00
8119,8120,2022121301003669,SPHL,45,58,10,350.00,3500.00
8120,8121,2022121301003668,SPHL,45,56,10,350.00,3500.00
8121,8122,2022121301003667,SPHL,45,7,10,350.00,3500.00
8122,8123,2022121301003666,BOKL,21,49,22,207.00,4554.00
8123,8124,2022121301003665,CZBIL,18,25,78,180.90,14110.20
8124,8125,2022121301003664,CZBIL,18,33,10,180.90,1809.00
8125,8126,2022121301003663,CZBIL,18,10,200,180.90,36180.00
8126,8127,2022121301003662,BHL,14,58,10,244.10,2441.00
8127,8128,2022121304001841,API,45,17,100,209.90,20990.00
8128,8129,2022121304001840,AKPL,40,38,100,348.00,34800.00
8129,8130,2022121303002188,JBBL,51,6,37,275.00,10175.00
8130,8131,2022121303002187,JBBL,42,6,13,275.60,3582.80
8131,8132,2022121301003661,CCBL,54,42,10,189.90,1899.00
8132,8133,2022121301003660,SBID83,8,36,25,895.10,22377.50
8133,8134,2022121303002186,NTC,46,43,220,893.00,196460.00
8134,8135,2022121303002185,NIFRA,45,49,64,183.70,11756.80
8135,8136,2022121303002184,NIFRA,21,49,26,183.80,4778.80
8136,8137,2022121303002183,NIFRA,36,49,10,184.50,1845.00
8137,8138,2022121301003659,SIKLES,56,22,10,374.00,3740.00
8138,8139,2022121303002182,CBBL,58,18,23,1099.00,25277.00
8139,8140,2022121301003658,MHL,41,6,10,305.90,3059.00
8140,8141,2022121301003657,HHL,7,57,10,215.10,2151.00
8141,8142,2022121301003656,NCCB,1,8,50,183.30,9165.00
8142,8143,2022121304001839,API,45,17,900,209.90,188910.00
8143,8144,2022121304001838,API,45,57,100,209.00,20900.00
8144,8145,2022121304001837,API,45,54,800,209.00,167200.00
8145,8146,2022121304001836,UPPER,57,50,233,392.00,91336.00
8146,8147,2022121304001835,UPPER,57,43,17,392.00,6664.00
8147,8148,2022121304001834,UPPER,57,3,100,391.90,39190.00
8148,8149,2022121303002181,NIFRA,36,40,26,185.90,4833.40
8149,8150,2022121303002180,NIFRA,36,50,60,185.50,11130.00
8150,8151,2022121303002179,NIFRA,36,49,10,185.00,1850.00
8151,8152,2022121303002178,NIFRA,36,43,50,185.00,9250.00
8152,8153,2022121303002177,NIFRA,36,32,54,185.00,9990.00
8153,8154,2022121303002176,NIFRA,36,34,54,185.00,9990.00
8154,8155,2022121303002175,NIFRA,36,47,18,185.00,3330.00
8155,8156,2022121303002174,NIFRA,36,42,25,184.50,4612.50
8156,8157,2022121304001833,UPCL,28,34,10,217.00,2170.00
8157,8158,2022121304001832,SBCF,47,58,100,7.03,703.00
8158,8159,2022121303002173,RSDC,5,19,10,535.00,5350.00
8159,8160,2022121301003655,EBL,29,33,152,446.00,67792.00
8160,8161,2022121301003654,EBL,29,50,500,445.00,222500.00
8161,8162,2022121301003653,EBL,29,38,260,444.00,115440.00
8162,8163,2022121301003652,EBL,29,17,300,444.00,133200.00
8163,8164,2022121301003651,EBL,29,57,89,444.00,39516.00
8164,8165,2022121301003650,EBL,29,33,289,443.90,128287.10
8165,8166,2022121301003649,EBL,29,58,10,442.00,4420.00
8166,8167,2022121301003648,EBL,29,6,400,442.00,176800.00
8167,8168,2022121301003647,PCBL,56,56,1,221.00,221.00
8168,8169,2022121301003646,NICA,58,47,178,688.00,122464.00
8169,8170,2022121301003645,NICA,58,48,200,687.00,137400.00
8170,8171,2022121301003644,NICA,58,58,100,685.00,68500.00
8171,8172,2022121301003643,NICA,58,25,100,685.00,68500.00
8172,8173,2022121301003642,NICA,58,34,500,685.00,342500.00
8173,8174,2022121301003641,NICA,58,19,10,685.00,6850.00
8174,8175,2022121301003640,NICA,58,32,20,684.00,13680.00
8175,8176,2022121301003639,NICA,58,41,50,684.00,34200.00
8176,8177,2022121301003638,NICA,58,42,50,684.00,34200.00
8177,8178,2022121301003637,NICA,58,34,50,680.00,34000.00
8178,8179,2022121301003636,NICA,58,28,200,680.00,136000.00
8179,8180,2022121301003635,NICA,58,52,400,680.00,272000.00
8180,8181,2022121301003634,NICA,58,8,280,679.90,190372.00
8181,8182,2022121301003633,NICA,58,36,250,679.70,169925.00
8182,8183,2022121301003632,NICA,58,8,250,679.50,169875.00
8183,8184,2022121301003631,NICA,58,42,200,679.00,135800.00
8184,8185,2022121301003630,NICA,58,26,139,679.00,94381.00
8185,8186,2022121301003629,NICA,58,54,23,678.00,15594.00
8186,8187,2022121304001831,KKHC,32,45,39,179.10,6984.90
8187,8188,2022121301003628,GBIME,51,6,10,212.00,2120.00
8188,8189,2022121301003627,CZBIL,18,57,300,180.80,54240.00
8189,8190,2022121303002172,NLIC,41,39,20,611.00,12220.00
8190,8191,2022121303002171,NTC,34,11,30,890.00,26700.00
8191,8192,2022121304001830,UPPER,45,58,100,391.90,39190.00
8192,8193,2022121301003626,BHL,14,18,10,244.10,2441.00
8193,8194,2022121301003625,CYCL,1,58,10,2260.20,22602.00
8194,8195,2022121303002170,NLIC,48,48,1,609.10,609.10
8195,8196,2022121301003624,SGHC,44,49,10,248.50,2485.00
8196,8197,2022121304001829,AHPC,36,48,10,272.00,2720.00
8197,8198,2022121301003623,NABIL,41,34,250,810.00,202500.00
8198,8199,2022121301003622,SBL,56,39,149,312.00,46488.00
8199,8200,2022121301003621,PPL,33,59,10,200.00,2000.00
8200,8201,2022121304001828,NICSF,7,6,1861,7.90,14701.90
8201,8202,2022121303002169,HIDCL,11,29,500,166.00,83000.00
8202,8203,2022121303002168,HIDCL,59,29,350,166.00,58100.00
8203,8204,2022121303002167,HIDCL,49,29,30,166.00,4980.00
8204,8205,2022121301003620,GBIME,49,22,11,211.00,2321.00
8205,8206,2022121301003619,RHGCL,22,38,10,205.10,2051.00
8206,8207,2022121303002166,CBBL,51,22,37,1100.00,40700.00
8207,8208,2022121303002165,CBBL,4,22,237,1100.00,260700.00
8208,8209,2022121303002164,CBBL,49,22,109,1102.00,120118.00
8209,8210,2022121303002163,CIT,34,19,18,1858.00,33444.00
8210,8211,2022121304001827,NGPL,28,57,50,208.00,10400.00
8211,8212,2022121301003618,SHIVM,32,52,155,550.10,85265.50
8212,8213,2022121301003617,NICA,42,54,27,678.00,18306.00
8213,8214,2022121301003616,NICA,42,43,48,678.00,32544.00
8214,8215,2022121301003615,PRVU,42,42,14,199.00,2786.00
8215,8216,2022121301003614,SIKLES,34,7,10,373.00,3730.00
8216,8217,2022121303002162,NUBL,32,42,50,887.00,44350.00
8217,8218,2022121301003613,NABIL,6,41,48,809.00,38832.00
8218,8219,2022121301003612,GVL,25,19,10,312.00,3120.00
8219,8220,2022121301003611,GVL,25,46,39,312.00,12168.00
8220,8221,2022121301003610,NICA,36,26,10,679.00,6790.00
8221,8222,2022121304001826,API,44,34,1,205.00,205.00
8222,8223,2022121301003609,SHIVM,16,34,269,552.70,148676.30
8223,8224,2022121301003608,SHIVM,16,43,19,552.60,10499.40
8224,8225,2022121301003607,RFPL,42,57,10,222.50,2225.00
8225,8226,2022121304001825,HDHPC,7,44,50,173.00,8650.00
8226,8227,2022121304001824,AHPC,55,48,10,272.00,2720.00
8227,8228,2022121303002161,KSBBL,39,18,332,308.00,102256.00
8228,8229,2022121301003606,NABIL,6,34,34,809.00,27506.00
8229,8230,2022121301003605,PPL,33,56,10,199.00,1990.00
8230,8231,2022121301003604,NABIL,41,34,11,809.00,8899.00
8231,8232,2022121303002160,SFCL,58,49,50,256.00,12800.00
8232,8233,2022121303002159,SFCL,16,49,50,256.10,12805.00
8233,8234,2022121301003603,RHGCL,22,14,10,205.10,2051.00
8234,8235,2022121301003602,GVL,36,46,21,312.00,6552.00
8235,8236,2022121301003601,GVL,48,46,90,312.20,28098.00
8236,8237,2022121304001823,JOSHI,17,21,330,185.00,61050.00
8237,8238,2022121304001822,RHPL,19,40,20,227.00,4540.00
8238,8239,2022121304001821,GHL,35,38,100,194.00,19400.00
8239,8240,2022121301003600,NCCB,44,8,10,183.30,1833.00
8240,8241,2022121301003599,HDL,42,32,50,3831.00,191550.00
8241,8242,2022121301003598,RFPL,42,56,10,222.50,2225.00
8242,8243,2022121303002158,KLBSL,46,46,10,819.00,8190.00
8243,8244,2022121304001820,UPPER,58,40,17,391.00,6647.00
8244,8245,2022121304001819,SSHL,36,10,550,172.00,94600.00
8245,8246,2022121301003597,NABIL,32,34,40,809.00,32360.00
8246,8247,2022121304001818,RHPL,19,40,20,227.00,4540.00
8247,8248,2022121303002157,FOWAD,21,47,28,2590.00,72520.00
8248,8249,2022121304001817,UMRH,4,20,89,409.00,36401.00
8249,8250,2022121304001816,AKJCL,42,4,30,170.50,5115.00
8250,8251,2022121301003596,SIKLES,34,45,10,373.00,3730.00
8251,8252,2022121304001815,UNHPL,58,57,50,186.00,9300.00
8252,8253,2022121304001814,API,38,54,200,209.00,41800.00
8253,8254,2022121301003595,PRVU,45,42,21,199.30,4185.30
8254,8255,2022121303002156,CHDC,50,58,10,655.00,6550.00
8255,8256,2022121303002155,NLIC,53,6,232,609.00,141288.00
8256,8257,2022121301003594,USHEC,16,58,10,247.00,2470.00
8257,8258,2022121304001813,RIDI,10,33,50,488.00,24400.00
8258,8259,2022121301003593,USHEC,16,56,10,247.00,2470.00
8259,8260,2022121305000503,SAHAS,1,45,10,447.10,4471.00
8260,8261,2022121303002154,NIFRA,21,7,14,183.80,2573.20
8261,8262,2022121301003592,MBL,48,26,400,213.00,85200.00
8262,8263,2022121301003591,MBL,48,42,970,213.00,206610.00
8263,8264,2022121301003590,MBL,48,57,30,212.50,6375.00
8264,8265,2022121304001812,UPPER,58,4,48,391.00,18768.00
8265,8266,2022121301003589,SHIVM,34,34,20,552.70,11054.00
8266,8267,2022121303002153,NIFRA,21,14,30,183.80,5514.00
8267,8268,2022121301003588,NCCB,44,58,10,182.70,1827.00
8268,8269,2022121303002152,NIFRA,21,52,20,183.80,3676.00
8269,8270,2022121304001811,NGPL,44,16,283,208.90,59118.70
8270,8271,2022121304001810,UPPER,28,58,100,391.90,39190.00
8271,8272,2022121303002151,ALBSL,1,42,20,927.00,18540.00
8272,8273,2022121301003587,RFPL,49,56,10,222.40,2224.00
8273,8274,2022121303002150,RSDC,49,45,10,530.00,5300.00
8274,8275,2022121303002149,RSDC,48,45,10,530.00,5300.00
8275,8276,2022121303002148,RSDC,45,45,10,530.00,5300.00
8276,8277,2022121301003586,NABIL,45,34,100,809.00,80900.00
8277,8278,2022121303002147,NRN,57,52,10,397.00,3970.00
8278,8279,2022121301003585,SPHL,5,56,10,347.00,3470.00
8279,8280,2022121303002146,NLIC,48,45,1,609.00,609.00
8280,8281,2022121304001809,RIDI,50,33,200,488.00,97600.00
8281,8282,2022121304001808,NGPL,49,16,63,208.90,13160.70
8282,8283,2022121304001807,MEN,22,52,10,725.00,7250.00
8283,8284,2022121301003584,PPL,33,45,10,199.00,1990.00
8284,8285,2022121304001806,SSHL,14,10,950,172.00,163400.00
8285,8286,2022121304001805,SSHL,14,13,50,171.80,8590.00
8286,8287,2022121304001804,UMRH,49,20,130,409.00,53170.00
8287,8288,2022121304001803,SHEL,35,58,10,229.00,2290.00
8288,8289,2022121301003583,CCBL,36,42,100,189.90,18990.00
8289,8290,2022121301003582,DORDI,48,58,10,230.00,2300.00
8290,8291,2022121303002145,GUFL,38,44,107,519.90,55629.30
8291,8292,2022121303002144,EDBL,51,56,50,303.00,15150.00
8292,8293,2022121303002143,EDBL,7,56,25,305.00,7625.00
8293,8294,2022121303002142,ACLBSL,44,17,52,725.00,37700.00
8294,8295,2022121303002141,ACLBSL,44,52,13,724.00,9412.00
8295,8296,2022121303002140,ACLBSL,44,38,11,723.10,7954.10
8296,8297,2022121303002139,ACLBSL,44,45,10,722.90,7229.00
8297,8298,2022121303002138,ACLBSL,44,45,10,720.00,7200.00
8298,8299,2022121303002137,ACLBSL,44,47,97,719.00,69743.00
8299,8300,2022121301003581,RHGCL,41,57,10,205.00,2050.00
8300,8301,2022121304001802,AHPC,57,43,40,270.10,10804.00
8301,8302,2022121304001801,RIDI,11,33,200,488.00,97600.00
8302,8303,2022121301003580,SBD87,45,10,25,745.30,18632.50
8303,8304,2022121303002136,NLIC,56,56,1,605.00,605.00
8304,8305,2022121301003579,PRVU,45,6,79,199.10,15728.90
8305,8306,2022121301003578,PRVU,50,6,100,199.20,19920.00
8306,8307,2022121301003577,SHIVM,28,43,11,552.80,6080.80
8307,8308,2022121303002135,SWBBL,35,54,20,1170.00,23400.00
8308,8309,2022121304001800,GLH,43,41,10,238.00,2380.00
8309,8310,2022121301003576,PCBL,11,39,150,225.00,33750.00
8310,8311,2022121301003575,NBL,7,56,979,276.00,270204.00
8311,8312,2022121301003574,NBL,7,8,321,276.00,88596.00
8312,8313,2022121301003573,UHEWA,33,38,10,348.00,3480.00
8313,8314,2022121303002134,SHINE,39,44,862,334.00,287908.00
8314,8315,2022121303002133,SHINE,39,1,100,333.50,33350.00
8315,8316,2022121303002132,SHINE,39,43,38,333.40,12669.20
8316,8317,2022121303002131,NTC,25,43,270,893.00,241110.00
8317,8318,2022121303002130,NTC,25,32,200,893.00,178600.00
8318,8319,2022121303002129,NTC,25,17,250,892.50,223125.00
8319,8320,2022121303002128,NTC,25,34,153,892.00,136476.00
8320,8321,2022121303002127,NTC,25,52,50,892.00,44600.00
8321,8322,2022121303002126,NTC,25,28,40,892.00,35680.00
8322,8323,2022121303002125,NTC,25,11,10,891.00,8910.00
8323,8324,2022121303002124,NTC,25,53,17,890.00,15130.00
8324,8325,2022121303002123,NTC,25,11,10,890.00,8900.00
8325,8326,2022121303002122,NLICL,34,16,184,498.20,91668.80
8326,8327,2022121301003572,LBL,56,56,1,190.00,190.00
8327,8328,2022121304001799,RIDI,7,33,50,488.00,24400.00
8328,8329,2022121301003571,HDL,44,32,30,3830.00,114900.00
8329,8330,2022121304001798,PSF,34,55,9200,7.65,70380.00
8330,8331,2022121301003570,NABIL,53,34,57,809.00,46113.00
8331,8332,2022121303002121,WNLB,47,45,10,904.80,9048.00
8332,8333,2022121303002120,FOWAD,35,47,22,2590.00,56980.00
8333,8334,2022121303002119,NLIC,45,6,34,609.00,20706.00
8334,8335,2022121303002118,NLIC,40,6,10,609.50,6095.00
8335,8336,2022121303002117,NLIC,32,6,10,610.90,6109.00
8336,8337,2022121303002116,CBBL,17,49,32,1104.00,35328.00
8337,8338,2022121301003569,SGHC,33,44,10,248.40,2484.00
8338,8339,2022121301003568,PPL,6,42,10,200.00,2000.00
8339,8340,2022121303002115,GUFL,16,6,200,520.00,104000.00
8340,8341,2022121301003567,NMB,38,34,10,229.70,2297.00
8341,8342,2022121301003566,CCBL,56,56,1,187.00,187.00
8342,8343,2022121304001797,NMBHF1,58,37,100,9.46,946.00
8343,8344,2022121303002114,PFL,16,43,396,336.00,133056.00
8344,8345,2022121303002113,PFL,16,5,40,335.90,13436.00
8345,8346,2022121303002112,PFL,16,45,54,335.00,18090.00
8346,8347,2022121303002111,PFL,16,53,10,335.00,3350.00
8347,8348,2022121301003565,ADBL,55,50,10,311.00,3110.00
8348,8349,2022121304001796,UPPER,11,43,98,392.00,38416.00
8349,8350,2022121304001795,AKJCL,39,4,10,170.50,1705.00
8350,8351,2022121301003564,SHIVM,32,55,100,550.10,55010.00
8351,8352,2022121304001794,UPCL,34,40,50,214.90,10745.00
8352,8353,2022121301003563,GVL,48,13,10,312.20,3122.00
8353,8354,2022121303002110,GBBL,34,52,88,379.00,33352.00
8354,8355,2022121303002109,GBBL,34,44,10,378.50,3785.00
8355,8356,2022121303002108,GBBL,34,41,20,378.00,7560.00
8356,8357,2022121301003562,MHL,28,21,30,310.00,9300.00
8357,8358,2022121304001793,RIDI,7,33,100,488.00,48800.00
8358,8359,2022121304001792,RIDI,44,33,100,488.00,48800.00
8359,8360,2022121304001791,RIDI,26,33,50,488.00,24400.00
8360,8361,2022121304001790,TRH,57,34,10,342.90,3429.00
8361,8362,2022121301003561,SGHC,44,58,10,248.50,2485.00
8362,8363,2022121303002107,GUFL,58,6,10,520.00,5200.00
8363,8364,2022121304001789,UNHPL,32,45,19,184.00,3496.00
8364,8365,2022121304001788,UNHPL,49,45,35,184.00,6440.00
8365,8366,2022121304001787,UNHPL,28,45,200,184.00,36800.00
8366,8367,2022121304001786,UNHPL,22,45,100,184.00,18400.00
8367,8368,2022121304001785,UNHPL,56,45,100,184.00,18400.00
8368,8369,2022121304001784,UNHPL,34,45,46,185.00,8510.00
8369,8370,2022121305000502,SAHAS,1,44,10,447.10,4471.00
8370,8371,2022121303002106,SHINE,28,43,12,333.40,4000.80
8371,8372,2022121304001783,UPPER,45,45,198,391.00,77418.00
8372,8373,2022121301003560,UHEWA,57,56,10,350.00,3500.00
8373,8374,2022121304001782,AHPC,57,19,208,270.00,56160.00
8374,8375,2022121301003559,SHIVM,32,39,100,550.10,55010.00
8375,8376,2022121305000501,MBJC,45,28,10,209.00,2090.00
8376,8377,2022121305000500,MBJC,45,16,10,209.00,2090.00
8377,8378,2022121305000499,MBJC,45,58,10,209.00,2090.00
8378,8379,2022121305000498,MBJC,45,58,10,209.00,2090.00
8379,8380,2022121301003558,NCCB,57,6,100,181.20,18120.00
8380,8381,2022121303002105,HIDCL,11,45,20,166.70,3334.00
8381,8382,2022121301003557,SHIVM,6,39,80,550.10,44008.00
8382,8383,2022121301003556,SBL,48,52,500,311.30,155650.00
8383,8384,2022121303002104,NRIC,41,43,89,697.00,62033.00
8384,8385,2022121304001781,CHCL,29,14,100,383.00,38300.00
8385,8386,2022121304001780,CHCL,7,14,100,383.00,38300.00
8386,8387,2022121303002103,CBBL,49,49,20,1104.00,22080.00
8387,8388,2022121305000497,TPC,50,40,10,321.10,3211.00
8388,8389,2022121304001779,UNHPL,34,45,54,185.00,9990.00
8389,8390,2022121304001778,UNHPL,50,45,100,186.00,18600.00
8390,8391,2022121304001777,UNHPL,50,45,100,186.10,18610.00
8391,8392,2022121304001776,UNHPL,58,45,64,187.00,11968.00
8392,8393,2022121304001775,UNHPL,51,45,103,187.00,19261.00
8393,8394,2022121304001774,UNHPL,42,45,79,187.00,14773.00
8394,8395,2022121304001773,AHPC,55,19,50,270.00,13500.00
8395,8396,2022121304001772,UPPER,41,58,20,391.60,7832.00
8396,8397,2022121303002102,GUFL,14,6,20,520.00,10400.00
8397,8398,2022121303002101,NIFRA,6,44,25,183.90,4597.50
8398,8399,2022121303002100,NIFRA,34,44,31,184.00,5704.00
8399,8400,2022121301003555,HDL,16,59,25,3825.00,95625.00
8400,8401,2022121304001771,HDHPC,21,44,900,173.00,155700.00
8401,8402,2022121304001770,HDHPC,22,44,500,173.00,86500.00
8402,8403,2022121304001769,HDHPC,34,44,91,173.00,15743.00
8403,8404,2022121303002099,CBBL,57,49,20,1104.00,22080.00
8404,8405,2022121303002098,SHINE,58,49,14,332.00,4648.00
8405,8406,2022121304001768,NGPL,42,16,100,208.90,20890.00
8406,8407,2022121304001767,AKJCL,51,4,200,170.50,34100.00
8407,8408,2022121304001766,SJCL,44,40,10,219.00,2190.00
8408,8409,2022121303002097,PROFL,13,48,64,282.00,18048.00
8409,8410,2022121303002096,NLIC,56,56,1,605.00,605.00
8410,8411,2022121303002095,NTC,34,11,10,890.00,8900.00
8411,8412,2022121301003554,NICA,49,26,11,679.00,7469.00
8412,8413,2022121301003553,GVL,48,56,10,314.00,3140.00
8413,8414,2022121301003552,GVL,48,7,10,314.00,3140.00
8414,8415,2022121301003551,GVL,48,3,70,314.00,21980.00
8415,8416,2022121303002094,CBBL,17,33,23,1103.90,25389.70
8416,8417,2022121303002093,ALICL,49,58,10,508.00,5080.00
8417,8418,2022121303002092,ALICL,59,58,19,508.00,9652.00
8418,8419,2022121303002091,HIDCL,58,58,4,163.60,654.40
8419,8420,2022121301003550,SGHC,44,58,180,248.50,44730.00
8420,8421,2022121305000496,MBJC,49,58,10,208.20,2082.00
8421,8422,2022121301003549,SHIVM,16,34,212,550.00,116600.00
8422,8423,2022121305000495,SLI,21,55,35,341.70,11959.50
8423,8424,2022121305000494,SLI,21,21,54,341.00,18414.00
8424,8425,2022121305000493,SLI,21,28,10,341.00,3410.00
8425,8426,2022121305000492,SLI,21,55,41,338.60,13882.60
8426,8427,2022121305000491,SLI,21,56,10,338.00,3380.00
8427,8428,2022121301003548,SANIMA,21,58,40,225.00,9000.00
8428,8429,2022121301003547,SHIVM,32,37,100,549.00,54900.00
8429,8430,2022121303002090,NMFBS,54,57,10,2017.00,20170.00
8430,8431,2022121301003546,NABIL,38,34,20,809.00,16180.00
8431,8432,2022121304001765,RIDI,7,33,150,488.00,73200.00
8432,8433,2022121301003545,UHEWA,57,49,10,351.00,3510.00
8433,8434,2022121301003544,MMF1,58,49,100,7.30,730.00
8434,8435,2022121301003543,MHL,7,21,100,310.00,31000.00
8435,8436,2022121301003542,GBIME,56,56,1,209.00,209.00
8436,8437,2022121303002089,GBLBS,56,18,10,592.00,5920.00
8437,8438,2022121303002088,SDLBSL,41,42,86,931.00,80066.00
8438,8439,2022121301003541,SIKLES,34,40,10,373.00,3730.00
8439,8440,2022121301003540,SHIVM,14,34,150,550.00,82500.00
8440,8441,2022121301003539,SHIVM,13,34,138,550.00,75900.00
8441,8442,2022121301003538,SHIVM,13,21,62,550.00,34100.00
8442,8443,2022121304001764,HDHPC,34,41,10,173.00,1730.00
8443,8444,2022121304001763,RMF1,19,49,200,7.35,1470.00
8444,8445,2022121301003537,NMB,54,19,10,230.00,2300.00
8445,8446,2022121304001762,NHPC,45,7,10,201.00,2010.00
8446,8447,2022121301003536,SANIMA,45,58,200,225.00,45000.00
8447,8448,2022121301003535,CCBL,56,56,1,187.00,187.00
8448,8449,2022121303002087,GMFBS,38,19,10,804.00,8040.00
8449,8450,2022121301003534,NABIL,22,34,18,809.00,14562.00
8450,8451,2022121303002086,NTC,34,26,100,890.00,89000.00
8451,8452,2022121303002085,NTC,34,57,500,890.00,445000.00
8452,8453,2022121303002084,NTC,34,57,490,890.00,436100.00
8453,8454,2022121303002083,NTC,34,3,45,890.00,40050.00
8454,8455,2022121303002082,NTC,34,11,10,890.00,8900.00
8455,8456,2022121303002081,NTC,34,48,200,890.00,178000.00
8456,8457,2022121303002080,NTC,34,51,100,889.90,88990.00
8457,8458,2022121303002079,NTC,34,45,245,889.90,218025.50
8458,8459,2022121303002078,NTC,34,48,300,888.00,266400.00
8459,8460,2022121303002077,NICLBSL,13,44,10,711.20,7112.00
8460,8461,2022121304001761,NHPC,57,3,10,202.40,2024.00
8461,8462,2022121305000490,SLI,21,55,59,338.60,19977.40
8462,8463,2022121303002076,CLBSL,43,22,10,760.00,7600.00
8463,8464,2022121303002075,MLBSL,36,47,20,4000.00,80000.00
8464,8465,2022121301003533,PPL,56,22,10,198.50,1985.00
8465,8466,2022121303002074,SDLBSL,57,42,10,932.00,9320.00
8466,8467,2022121301003532,SBL,40,39,467,312.00,145704.00
8467,8468,2022121301003531,SBL,40,17,500,312.00,156000.00
8468,8469,2022121301003530,SBL,40,8,33,312.00,10296.00
8469,8470,2022121304001760,GLH,43,44,10,238.20,2382.00
8470,8471,2022121304001759,GLH,43,34,40,238.20,9528.00
8471,8472,2022121304001758,GLH,43,45,10,238.00,2380.00
8472,8473,2022121305000489,ENL,13,58,16,580.00,9280.00
8473,8474,2022121303002073,NTC,58,53,183,887.90,162485.70
8474,8475,2022121303002072,CIT,11,49,10,1861.00,18610.00
8475,8476,2022121301003529,SHIVM,4,21,38,550.00,20900.00
8476,8477,2022121303002071,NLIC,32,57,139,610.90,84915.10
8477,8478,2022121301003528,PCBL,53,39,345,225.00,77625.00
8478,8479,2022121301003527,PCBL,53,40,155,225.00,34875.00
8479,8480,2022121303002070,GUFL,14,6,200,520.00,104000.00
8480,8481,2022121304001757,RIDI,46,33,850,488.00,414800.00
8481,8482,2022121304001756,RIDI,46,33,150,488.00,73200.00
8482,8483,2022121303002069,MFIL,1,52,500,417.00,208500.00
8483,8484,2022121304001755,RHPL,19,40,40,226.30,9052.00
8484,8485,2022121303002068,KRBL,50,48,10,256.00,2560.00
8485,8486,2022121303002067,NLIC,58,57,10,610.90,6109.00
8486,8487,2022121303002066,ILBS,14,44,10,878.00,8780.00
8487,8488,2022121301003526,NABIL,26,34,10,809.00,8090.00
8488,8489,2022121303002065,SKBBL,18,35,48,1110.00,53280.00
8489,8490,2022121301003525,SIKLES,34,6,10,373.00,3730.00
8490,8491,2022121301003524,SHIVM,50,58,20,550.00,11000.00
8491,8492,2022121303002064,NLIC,45,54,200,609.00,121800.00
8492,8493,2022121304001754,NGPL,35,16,54,208.90,11280.60
8493,8494,2022121301003523,SHIVM,47,41,11,550.00,6050.00
8494,8495,2022121301003522,SHIVM,47,34,52,550.00,28600.00
8495,8496,2022121301003521,GVL,39,3,930,314.00,292020.00
8496,8497,2022121301003520,GVL,39,34,10,314.00,3140.00
8497,8498,2022121301003519,GVL,39,50,10,314.00,3140.00
8498,8499,2022121301003518,GVL,39,57,10,314.00,3140.00
8499,8500,2022121301003517,GVL,39,32,10,313.00,3130.00
8500,8501,2022121301003516,GVL,39,56,10,313.00,3130.00
8501,8502,2022121301003515,GVL,39,29,10,313.00,3130.00
8502,8503,2022121301003514,RHGCL,13,58,10,205.10,2051.00
8503,8504,2022121304001753,SHEL,20,7,10,228.10,2281.00
8504,8505,2022121303002063,NIFRA,58,47,10,185.00,1850.00
8505,8506,2022121304001752,UPPER,1,58,50,391.00,19550.00
8506,8507,2022121303002062,NLICL,28,58,10,503.80,5038.00
8507,8508,2022121301003513,BHL,13,8,10,244.20,2442.00
8508,8509,2022121304001751,GLH,43,44,10,235.20,2352.00
8509,8510,2022121305000488,SLI,21,22,10,336.60,3366.00
8510,8511,2022121305000487,SLI,21,47,10,336.60,3366.00
8511,8512,2022121305000486,SLI,21,55,20,336.60,6732.00
8512,8513,2022121305000485,SLI,21,49,10,336.00,3360.00
8513,8514,2022121305000484,SLI,21,45,10,336.00,3360.00
8514,8515,2022121305000483,SLI,21,4,10,336.00,3360.00
8515,8516,2022121305000482,SLI,21,19,10,336.00,3360.00
8516,8517,2022121305000481,SLI,21,55,20,335.90,6718.00
8517,8518,2022121304001750,LEC,32,57,10,220.10,2201.00
8518,8519,2022121304001749,LEC,32,13,20,220.00,4400.00
8519,8520,2022121304001748,LEC,32,34,150,220.00,33000.00
8520,8521,2022121304001747,AIL,49,46,10,385.20,3852.00
8521,8522,2022121301003512,NICFC,1,57,100,7.82,782.00
8522,8523,2022121303002061,CBBL,38,33,27,1103.90,29805.30
8523,8524,2022121303002060,NLIC,45,6,266,609.00,161994.00
8524,8525,2022121303002059,NLIC,55,6,20,610.00,12200.00
8525,8526,2022121304001746,PPCL,36,40,20,284.00,5680.00
8526,8527,2022121304001745,PPCL,34,40,10,285.00,2850.00
8527,8528,2022121301003511,HDL,59,33,20,3832.00,76640.00
8528,8529,2022121301003510,HDL,59,32,47,3832.00,180104.00
8529,8530,2022121301003509,NBL,58,8,15,276.00,4140.00
8530,8531,2022121301003508,NBL,58,38,35,275.00,9625.00
8531,8532,2022121301003507,MHL,41,56,10,305.40,3054.00
8532,8533,2022121304001744,UPPER,35,49,100,391.50,39150.00
8533,8534,2022121301003506,SANIMA,45,58,80,225.00,18000.00
8534,8535,2022121301003505,SANIMA,45,43,20,225.00,4500.00
8535,8536,2022121303002058,JBBL,42,56,25,275.60,6890.00
8536,8537,2022121301003504,SANIMA,51,43,20,225.00,4500.00
8537,8538,2022121301003503,RFPL,56,46,10,222.30,2223.00
8538,8539,2022121301003502,HDL,17,32,20,3832.00,76640.00
8539,8540,2022121301003501,RFPL,56,56,10,222.30,2223.00
8540,8541,2022121304001743,UPPER,28,43,35,392.00,13720.00
8541,8542,2022121304001742,UPPER,28,28,65,392.00,25480.00
8542,8543,2022121304001741,AIL,49,44,10,385.20,3852.00
8543,8544,2022121301003500,USHEC,56,59,40,249.00,9960.00
8544,8545,2022121301003499,USHEC,56,49,10,248.00,2480.00
8545,8546,2022121301003498,USHEC,56,21,10,248.00,2480.00
8546,8547,2022121301003497,USHEC,56,51,10,248.00,2480.00
8547,8548,2022121304001740,API,50,42,103,208.50,21475.50
8548,8549,2022121304001739,GLH,43,7,10,235.20,2352.00
8549,8550,2022121301003496,SPHL,34,41,10,348.00,3480.00
8550,8551,2022121301003495,SPHL,34,42,10,348.00,3480.00
8551,8552,2022121301003494,NBL,21,38,40,275.00,11000.00
8552,8553,2022121301003493,GVL,39,7,10,312.10,3121.00
8553,8554,2022121303002057,MFIL,38,52,50,417.00,20850.00
8554,8555,2022121301003492,SCB,11,11,50,404.90,20245.00
8555,8556,2022121303002056,SKBBL,45,35,10,1110.00,11100.00
8556,8557,2022121303002055,SIFC,29,35,50,300.00,15000.00
8557,8558,2022121305000480,SLI,21,47,10,335.90,3359.00
8558,8559,2022121305000479,SLI,21,42,10,335.90,3359.00
8559,8560,2022121305000478,SLI,21,55,40,335.50,13420.00
8560,8561,2022121305000477,SLI,21,58,10,335.00,3350.00
8561,8562,2022121305000476,SLI,21,49,10,335.00,3350.00
8562,8563,2022121305000475,SLI,21,34,10,335.00,3350.00
8563,8564,2022121305000474,SLI,21,43,10,335.00,3350.00
8564,8565,2022121305000473,SLI,21,45,10,335.00,3350.00
8565,8566,2022121305000472,SLI,21,17,10,335.00,3350.00
8566,8567,2022121305000471,SLI,21,17,10,335.00,3350.00
8567,8568,2022121305000470,SLI,21,17,10,335.00,3350.00
8568,8569,2022121305000469,SLI,21,58,31,335.00,10385.00
8569,8570,2022121305000468,SLI,21,35,10,334.00,3340.00
8570,8571,2022121305000467,SLI,21,55,10,333.00,3330.00
8571,8572,2022121301003491,KBL,45,10,20,184.70,3694.00
8572,8573,2022121304001738,AHPC,22,19,213,270.00,57510.00
8573,8574,2022121301003490,GBIME,49,54,44,211.00,9284.00
8574,8575,2022121303002054,MNBBL,28,43,10,423.00,4230.00
8575,8576,2022121303002053,NIFRA,58,40,49,183.60,8996.40
8576,8577,2022121303002052,NIFRA,58,40,15,184.00,2760.00
8577,8578,2022121304001737,UPPER,51,28,35,392.00,13720.00
8578,8579,2022121304001736,UPPER,51,50,30,392.00,11760.00
8579,8580,2022121304001735,UPPER,51,22,85,392.00,33320.00
8580,8581,2022121301003489,SGHC,44,58,10,248.50,2485.00
8581,8582,2022121301003488,SGHC,44,34,200,251.00,50200.00
8582,8583,2022121301003487,SGHC,44,58,10,250.50,2505.00
8583,8584,2022121301003486,SGHC,44,8,40,250.50,10020.00
8584,8585,2022121301003485,SGHC,44,38,10,250.00,2500.00
8585,8586,2022121301003484,SGHC,44,19,10,250.00,2500.00
8586,8587,2022121301003483,SGHC,44,22,200,249.50,49900.00
8587,8588,2022121303002051,MERO,1,34,25,774.90,19372.50
8588,8589,2022121303002050,NIFRA,41,47,22,185.00,4070.00
8589,8590,2022121303002049,NIFRA,41,14,64,185.00,11840.00
8590,8591,2022121303002048,NIFRA,41,40,14,184.50,2583.00
8591,8592,2022121301003482,SPHL,34,42,10,347.00,3470.00
8592,8593,2022121304001734,UPPER,42,22,15,392.00,5880.00
8593,8594,2022121304001733,UPCL,58,34,100,217.00,21700.00
8594,8595,2022121304001732,SHL,48,32,100,217.00,21700.00
8595,8596,2022121303002047,LBBL,38,38,121,318.20,38502.20
8596,8597,2022121304001731,AKPL,49,21,200,347.10,69420.00
8597,8598,2022121301003481,PPL,13,38,10,198.50,1985.00
8598,8599,2022121304001730,IGI,44,14,200,365.00,73000.00
8599,8600,2022121304001729,IGI,44,35,250,364.00,91000.00
8600,8601,2022121304001728,IGI,44,6,100,363.00,36300.00
8601,8602,2022121301003480,SHIVM,32,34,548,550.00,301400.00
8602,8603,2022121301003479,SHIVM,32,45,50,550.00,27500.00
8603,8604,2022121301003478,SHIVM,32,36,202,549.90,111079.80
8604,8605,2022121301003477,SHIVM,32,3,200,549.80,109960.00
8605,8606,2022121301003476,NESDO,4,14,20,3311.00,66220.00
8606,8607,2022121305000466,SLI,21,55,15,334.00,5010.00
8607,8608,2022121305000465,SLI,21,55,20,334.00,6680.00
8608,8609,2022121305000464,SLI,21,34,10,333.00,3330.00
8609,8610,2022121305000463,SLI,21,55,10,333.00,3330.00
8610,8611,2022121305000462,SLI,21,38,10,332.80,3328.00
8611,8612,2022121305000461,SLI,21,55,20,332.00,6640.00
8612,8613,2022121305000460,SLI,21,55,10,332.00,3320.00
8613,8614,2022121304001727,RADHI,39,35,100,213.00,21300.00
8614,8615,2022121301003475,GBIME,40,54,55,211.00,11605.00
8615,8616,2022121301003474,GBIME,40,26,390,211.00,82290.00
8616,8617,2022121301003473,MEGA,55,4,180,194.90,35082.00
8617,8618,2022121301003472,MHL,41,38,10,305.40,3054.00
8618,8619,2022121304001726,UPCL,28,34,11,217.00,2387.00
8619,8620,2022121301003471,MBL,22,42,30,213.00,6390.00
8620,8621,2022121303002046,NMBMF,41,17,80,655.00,52400.00
8621,8622,2022121303002045,NMBMF,11,17,60,655.00,39300.00
8622,8623,2022121303002044,NMBMF,13,17,10,655.10,6551.00
8623,8624,2022121301003470,PPL,45,58,10,198.60,1986.00
8624,8625,2022121301003469,KBL,58,10,34,184.70,6279.80
8625,8626,2022121301003468,SCB,58,11,10,404.90,4049.00
8626,8627,2022121301003467,NESDO,42,47,10,3320.00,33200.00
8627,8628,2022121301003466,HDL,59,53,40,3830.00,153200.00
8628,8629,2022121301003465,NCCB,14,6,32,181.10,5795.20
8629,8630,2022121301003464,NCCB,6,6,100,181.20,18120.00
8630,8631,2022121301003463,NCCB,45,6,28,181.20,5073.60
8631,8632,2022121301003462,SBI,58,39,10,279.00,2790.00
8632,8633,2022121304001725,AKPL,49,48,500,347.00,173500.00
8633,8634,2022121304001724,AKPL,49,34,100,347.00,34700.00
8634,8635,2022121301003461,DORDI,48,38,10,228.70,2287.00
8635,8636,2022121303002043,NICLBSL,1,40,10,711.10,7111.00
8636,8637,2022121303002042,NLIC,34,57,60,610.90,36654.00
8637,8638,2022121305000459,JBLB,58,1,10,2745.00,27450.00
8638,8639,2022121301003460,EBL,58,57,11,444.00,4884.00
8639,8640,2022121301003459,EBL,58,22,44,442.00,19448.00
8640,8641,2022121303002041,CBBL,19,49,30,1104.00,33120.00
8641,8642,2022121303002040,KSBBL,39,40,50,308.00,15400.00
8642,8643,2022121305000458,MBJC,45,35,10,208.00,2080.00
8643,8644,2022121304001723,NHPC,45,3,53,202.40,10727.20
8644,8645,2022121301003458,RFPL,49,38,10,222.30,2223.00
8645,8646,2022121301003457,HDL,37,53,10,3830.00,38300.00
8646,8647,2022121301003456,HDL,37,58,10,3830.00,38300.00
8647,8648,2022121301003455,HDL,37,58,10,3830.00,38300.00
8648,8649,2022121301003454,NBL,58,38,270,275.00,74250.00
8649,8650,2022121301003453,SBI,26,56,39,277.20,10810.80
8650,8651,2022121301003452,NMB,32,19,90,230.00,20700.00
8651,8652,2022121301003451,CYCL,1,38,10,2260.20,22602.00
8652,8653,2022121303002039,SDLBSL,41,13,14,931.00,13034.00
8653,8654,2022121304001722,MHNL,5,40,30,247.10,7413.00
8654,8655,2022121304001721,UPPER,45,22,100,392.00,39200.00
8655,8656,2022121304001720,UPPER,45,53,100,391.90,39190.00
8656,8657,2022121303002038,NIFRA,33,35,54,184.00,9936.00
8657,8658,2022121303002037,NIFRA,33,34,64,184.00,11776.00
8658,8659,2022121303002036,SWMF,13,8,10,721.00,7210.00
8659,8660,2022121304001719,UPPER,19,40,30,391.90,11757.00
8660,8661,2022121301003450,SHIVM,42,6,100,549.00,54900.00
8661,8662,2022121301003449,NESDO,13,6,10,3320.00,33200.00
8662,8663,2022121301003448,CBL,32,10,10,214.00,2140.00
8663,8664,2022121301003447,RFPL,49,38,10,222.30,2223.00
8664,8665,2022121304001718,NGPL,59,42,480,207.00,99360.00
8665,8666,2022121303002035,KSBBL,39,36,118,308.00,36344.00
8666,8667,2022121303002034,SHINE,39,49,486,332.00,161352.00
8667,8668,2022121303002033,SHINE,39,42,500,332.00,166000.00
8668,8669,2022121303002032,SHINE,39,4,14,331.90,4646.60
8669,8670,2022121303002031,SHINE,39,28,500,331.90,165950.00
8670,8671,2022121304001717,UPPER,45,40,20,391.90,7838.00
8671,8672,2022121304001716,CHCL,6,21,180,384.00,69120.00
8672,8673,2022121304001715,CGH,51,43,10,1005.00,10050.00
8673,8674,2022121301003446,PPL,45,38,10,198.60,1986.00
8674,8675,2022121303002030,NIFRA,55,34,36,184.00,6624.00
8675,8676,2022121304001714,LEC,33,40,10,216.10,2161.00
8676,8677,2022121304001713,LEC,37,40,10,217.00,2170.00
8677,8678,2022121303002029,LICN,36,25,10,1402.00,14020.00
8678,8679,2022121303002028,NRIC,58,43,11,697.00,7667.00
8679,8680,2022121301003445,GBIME,21,26,100,211.00,21100.00
8680,8681,2022121301003444,HDL,42,53,50,3822.00,191100.00
8681,8682,2022121301003443,RFPL,28,28,10,226.00,2260.00
8682,8683,2022121301003442,NABIL,59,41,100,808.10,80810.00
8683,8684,2022121301003441,NABIL,42,34,200,809.00,161800.00
8684,8685,2022121301003440,NABIL,58,34,10,810.00,8100.00
8685,8686,2022121301003439,BHL,14,38,10,244.10,2441.00
8686,8687,2022121303002027,MNBBL,49,58,136,418.50,56916.00
8687,8688,2022121301003438,EBL,26,6,200,439.10,87820.00
8688,8689,2022121301003437,EBL,17,6,200,439.20,87840.00
8689,8690,2022121304001712,SEF,7,21,192,7.84,1505.28
8690,8691,2022121304001711,API,49,42,117,208.50,24394.50
8691,8692,2022121304001710,UNHPL,50,45,115,187.30,21539.50
8692,8693,2022121301003436,SGHC,33,39,10,248.40,2484.00
8693,8694,2022121304001709,SJCL,7,57,10,220.00,2200.00
8694,8695,2022121301003435,EBL,53,6,120,440.00,52800.00
8695,8696,2022121303002026,CBBL,45,49,10,1104.00,11040.00
8696,8697,2022121301003434,SANIMA,50,43,622,225.00,139950.00
8697,8698,2022121301003433,PCBL,44,40,10,225.00,2250.00
8698,8699,2022121301003432,PCBL,44,53,13,224.90,2923.70
8699,8700,2022121305000457,MBJC,28,13,10,207.10,2071.00
8700,8701,2022121303002025,DDBL,58,43,30,1032.00,30960.00
8701,8702,2022121301003431,NABIL,19,19,41,811.00,33251.00
8702,8703,2022121301003430,PRVU,42,36,200,199.00,39800.00
8703,8704,2022121304001708,RIDI,17,11,40,487.00,19480.00
8704,8705,2022121304001707,UNHPL,49,45,150,187.30,28095.00
8705,8706,2022121301003429,MEGA,55,39,20,193.10,3862.00
8706,8707,2022121301003428,MEGA,54,39,10,193.10,1931.00
8707,8708,2022121303002024,NIFRA,22,6,34,183.60,6242.40
8708,8709,2022121303002023,NIFRA,22,14,10,183.60,1836.00
8709,8710,2022121301003427,SHIVM,41,34,18,548.90,9880.20
8710,8711,2022121304001706,UPPER,45,22,300,392.00,117600.00
8711,8712,2022121304001705,UPPER,45,16,200,392.00,78400.00
8712,8713,2022121304001704,NGPL,19,42,20,207.00,4140.00
8713,8714,2022121301003426,SHIVM,32,56,11,547.90,6026.90
8714,8715,2022121301003425,GVL,36,45,10,312.00,3120.00
8715,8716,2022121301003424,PPL,13,38,10,198.60,1986.00
8716,8717,2022121301003423,NBF3,45,35,200,7.25,1450.00
8717,8718,2022121301003422,GBIME,57,26,60,211.00,12660.00
8718,8719,2022121301003421,GBIME,57,59,10,211.00,2110.00
8719,8720,2022121303002022,NTC,41,53,10,887.90,8879.00
8720,8721,2022121304001703,AIL,28,39,10,386.10,3861.00
8721,8722,2022121303002021,NICLBSL,1,48,20,711.10,14222.00
8722,8723,2022121304001702,SLCF,40,56,300,7.15,2145.00
8723,8724,2022121301003420,RFPL,49,35,10,222.40,2224.00
8724,8725,2022121301003419,PRVU,42,14,860,199.00,171140.00
8725,8726,2022121304001701,LEMF,10,10,175,7.99,1398.25
8726,8727,2022121304001700,UMHL,48,25,140,224.00,31360.00
8727,8728,2022121304001699,UMHL,38,25,260,225.00,58500.00
8728,8729,2022121304001698,UMHL,42,25,100,225.00,22500.00
8729,8730,2022121301003418,HHL,7,38,10,215.10,2151.00
8730,8731,2022121301003417,MBL,51,42,15,212.70,3190.50
8731,8732,2022121301003416,MEGA,35,39,30,193.00,5790.00
8732,8733,2022121303002020,NUBL,1,42,20,887.00,17740.00
8733,8734,2022121301003415,KBL,34,57,100,184.50,18450.00
8734,8735,2022121301003414,DORDI,20,38,10,228.70,2287.00
8735,8736,2022121301003413,NCCB,44,58,10,182.70,1827.00
8736,8737,2022121301003412,SBL,1,8,24,312.00,7488.00
8737,8738,2022121305000456,MBJC,28,22,10,207.10,2071.00
8738,8739,2022121304001697,DHPL,58,21,10,178.00,1780.00
8739,8740,2022121301003411,NESDO,35,6,10,3320.00,33200.00
8740,8741,2022121301003410,MEGA,35,39,30,193.00,5790.00
8741,8742,2022121301003409,RFPL,34,38,10,222.40,2224.00
8742,8743,2022121304001696,UMHL,19,51,31,225.00,6975.00
8743,8744,2022121301003408,ADBL,55,50,37,311.00,11507.00
8744,8745,2022121301003407,ADBL,55,50,13,311.00,4043.00
8745,8746,2022121301003406,CCBL,36,11,40,190.00,7600.00
8746,8747,2022121301003405,CCBL,36,33,60,189.90,11394.00
8747,8748,2022121304001695,PIC,25,39,75,512.10,38407.50
8748,8749,2022121304001694,PIC,21,39,17,513.00,8721.00
8749,8750,2022121304001693,PIC,55,39,10,513.10,5131.00
8750,8751,2022121303002019,PFL,58,22,20,332.00,6640.00
8751,8752,2022121303002018,SHINE,33,41,100,331.00,33100.00
8752,8753,2022121303002017,NIFRA,8,7,20,183.50,3670.00
8753,8754,2022121304001692,UPPER,28,1,15,391.00,5865.00
8754,8755,2022121304001691,RIDI,58,33,100,488.00,48800.00
8755,8756,2022121301003404,SHIVM,17,34,15,548.90,8233.50
8756,8757,2022121301003403,NABIL,22,11,10,810.00,8100.00
8757,8758,2022121303002016,SKBBL,3,35,10,1110.00,11100.00
8758,8759,2022121303002015,NLIC,47,38,61,608.00,37088.00
8759,8760,2022121303002014,NLIC,17,38,17,608.00,10336.00
8760,8761,2022121303002013,NLIC,38,38,10,608.10,6081.00
8761,8762,2022121304001690,API,54,42,30,208.50,6255.00
8762,8763,2022121301003402,UHEWA,57,22,10,350.00,3500.00
8763,8764,2022121301003401,UHEWA,57,42,10,350.00,3500.00
8764,8765,2022121301003400,UHEWA,57,49,10,350.00,3500.00
8765,8766,2022121301003399,UHEWA,57,22,10,349.90,3499.00
8766,8767,2022121301003398,EBL,47,6,100,440.00,44000.00
8767,8768,2022121301003397,EBL,40,6,130,440.00,57200.00
8768,8769,2022121304001689,SHPC,32,35,20,269.60,5392.00
8769,8770,2022121304001688,UPPER,45,6,50,390.00,19500.00
8770,8771,2022121304001687,UPPER,45,41,40,390.00,15600.00
8771,8772,2022121305000455,RULB,45,58,10,883.90,8839.00
8772,8773,2022121303002012,NRIC,16,38,10,688.10,6881.00
8773,8774,2022121304001686,CGH,45,49,40,1009.00,40360.00
8774,8775,2022121304001685,CGH,45,47,10,1009.00,10090.00
8775,8776,2022121301003396,PCBL,19,53,20,224.90,4498.00
8776,8777,2022121303002011,NIFRA,35,14,14,183.60,2570.40
8777,8778,2022121305000454,SLI,34,4,10,330.00,3300.00
8778,8779,2022121304001684,RIDI,59,33,60,488.00,29280.00
8779,8780,2022121301003395,NICA,56,56,20,678.90,13578.00
8780,8781,2022121301003394,NABIL,14,11,20,810.00,16200.00
8781,8782,2022121305000453,SAHAS,54,45,10,450.00,4500.00
8782,8783,2022121305000452,SAHAS,54,35,10,450.00,4500.00
8783,8784,2022121301003393,HBL,42,14,10,323.90,3239.00
8784,8785,2022121304001683,UPPER,19,34,20,390.00,7800.00
8785,8786,2022121305000451,SLI,34,22,10,330.00,3300.00
8786,8787,2022121301003392,SANIMA,48,43,20,225.00,4500.00
8787,8788,2022121301003391,SANIMA,17,43,18,225.00,4050.00
8788,8789,2022121301003390,USHEC,56,35,10,247.30,2473.00
8789,8790,2022121301003389,NIB,49,39,16,220.00,3520.00
8790,8791,2022121301003388,MHL,25,58,10,310.00,3100.00
8791,8792,2022121301003387,SIKLES,56,45,200,375.80,75160.00
8792,8793,2022121301003386,SIKLES,56,56,10,375.60,3756.00
8793,8794,2022121301003385,SIKLES,56,58,10,375.00,3750.00
8794,8795,2022121301003384,SIKLES,56,58,10,375.00,3750.00
8795,8796,2022121301003383,SIKLES,56,49,10,375.00,3750.00
8796,8797,2022121301003382,SIKLES,56,36,10,375.00,3750.00
8797,8798,2022121301003381,SIKLES,56,3,10,375.00,3750.00
8798,8799,2022121301003380,SIKLES,56,4,10,374.10,3741.00
8799,8800,2022121304001682,LEMF,10,10,100,7.87,787.00
8800,8801,2022121301003379,PRVU,1,14,50,199.00,9950.00
8801,8802,2022121303002010,CBBL,49,42,41,1102.00,45182.00
8802,8803,2022121304001681,SHL,45,32,200,217.00,43400.00
8803,8804,2022121303002009,NIFRA,35,38,10,183.60,1836.00
8804,8805,2022121301003378,MBL,46,37,756,212.00,160272.00
8805,8806,2022121301003377,MBL,37,37,150,212.00,31800.00
8806,8807,2022121301003376,MBL,42,37,60,212.00,12720.00
8807,8808,2022121301003375,MBL,38,37,55,212.00,11660.00
8808,8809,2022121301003374,MBL,44,37,35,212.00,7420.00
8809,8810,2022121301003373,MBL,57,37,44,212.00,9328.00
8810,8811,2022121301003372,MBL,7,37,50,212.10,10605.00
8811,8812,2022121301003371,MBL,37,37,350,212.10,74235.00
8812,8813,2022121301003370,MBL,37,37,150,212.20,31830.00
8813,8814,2022121301003369,MBL,37,37,50,212.20,10610.00
8814,8815,2022121301003368,MBL,57,37,300,212.30,63690.00
8815,8816,2022121301003367,GVL,36,35,10,312.00,3120.00
8816,8817,2022121301003366,KBL,34,35,100,184.10,18410.00
8817,8818,2022121303002008,MLBL,48,52,70,340.00,23800.00
8818,8819,2022121303002007,MLBL,45,52,30,340.00,10200.00
8819,8820,2022121301003365,MEGA,35,39,23,193.00,4439.00
8820,8821,2022121301003364,KBL,55,10,100,184.70,18470.00
8821,8822,2022121304001680,UPPER,32,38,50,389.00,19450.00
8822,8823,2022121304001679,UPPER,20,38,100,389.00,38900.00
8823,8824,2022121304001678,UPPER,42,38,20,389.00,7780.00
8824,8825,2022121303002006,NIFRA,16,40,20,184.50,3690.00
8825,8826,2022121304001677,UPPER,19,34,20,390.00,7800.00
8826,8827,2022121303002005,SKBBL,28,35,10,1110.00,11100.00
8827,8828,2022121304001676,UPPER,45,34,100,390.00,39000.00
8828,8829,2022121304001675,SSHL,36,10,500,170.10,85050.00
8829,8830,2022121301003363,NABIL,13,19,18,811.00,14598.00
8830,8831,2022121301003362,BHL,35,45,10,244.20,2442.00
8831,8832,2022121303002004,GBLBS,58,51,10,595.00,5950.00
8832,8833,2022121303002003,CLBSL,7,22,10,760.00,7600.00
8833,8834,2022121304001674,RIDI,43,33,30,488.00,14640.00
8834,8835,2022121301003361,SIKLES,34,48,10,373.00,3730.00
8835,8836,2022121301003360,ADBL,26,50,429,311.00,133419.00
8836,8837,2022121301003359,ADBL,26,19,59,311.00,18349.00
8837,8838,2022121301003358,ADBL,26,47,12,311.00,3732.00
8838,8839,2022121301003357,HDL,45,52,30,3820.00,114600.00
8839,8840,2022121301003356,NIB,58,49,70,221.00,15470.00
8840,8841,2022121305000450,MBJC,28,35,10,207.10,2071.00
8841,8842,2022121301003355,SPHL,58,7,10,346.30,3463.00
8842,8843,2022121304001673,MHNL,5,52,80,247.10,19768.00
8843,8844,2022121304001672,MHNL,11,52,20,248.00,4960.00
8844,8845,2022121301003354,GBIME,19,35,17,210.00,3570.00
8845,8846,2022121303002002,KRBL,22,36,300,253.00,75900.00
8846,8847,2022121303002001,NADEP,6,42,20,687.00,13740.00
8847,8848,2022121301003353,MMF1,58,8,100,7.20,720.00
8848,8849,2022121303002000,CBBL,49,42,200,1102.00,220400.00
8849,8850,2022121301003352,HDL,34,53,100,3820.00,382000.00
8850,8851,2022121301003351,HDL,6,53,25,3820.00,95500.00
8851,8852,2022121301003350,HDL,57,53,15,3822.00,57330.00
8852,8853,2022121301003349,HDL,37,53,10,3822.00,38220.00
8853,8854,2022121303001999,NTC,33,37,294,883.10,259631.40
8854,8855,2022121304001671,NBF2,49,45,100,7.80,780.00
8855,8856,2022121301003348,HDL,49,58,100,3825.00,382500.00
8856,8857,2022121301003347,HDL,29,58,12,3825.00,45900.00
8857,8858,2022121301003346,NICA,56,56,60,678.90,40734.00
8858,8859,2022121304001670,SICL,45,58,46,764.00,35144.00
8859,8860,2022121304001669,SICL,57,58,54,765.00,41310.00
8860,8861,2022121304001668,SHPC,32,41,25,269.60,6740.00
8861,8862,2022121301003345,UHEWA,26,3,10,349.00,3490.00
8862,8863,2022121304001667,RIDI,7,33,100,488.00,48800.00
8863,8864,2022121304001666,UPCL,18,55,220,214.70,47234.00
8864,8865,2022121304001665,UPCL,28,55,168,215.00,36120.00
8865,8866,2022121301003344,BHL,35,58,10,244.20,2442.00
8866,8867,2022121301003343,NABIL,29,14,64,810.00,51840.00
8867,8868,2022121301003342,NABIL,29,42,14,809.00,11326.00
8868,8869,2022121301003341,HDL,29,58,18,3825.00,68850.00
8869,8870,2022121301003340,HDL,38,58,10,3825.00,38250.00
8870,8871,2022121301003339,HDL,29,58,100,3825.00,382500.00
8871,8872,2022121301003338,HDL,57,58,10,3825.00,38250.00
8872,8873,2022121301003337,HDL,40,58,200,3825.00,765000.00
8873,8874,2022121301003336,HDL,21,58,50,3825.00,191250.00
8874,8875,2022121301003335,HDL,22,58,15,3825.10,57376.50
8875,8876,2022121301003334,HDL,38,58,10,3825.20,38252.00
8876,8877,2022121301003333,HDL,21,58,50,3826.00,191300.00
8877,8878,2022121301003332,HDL,54,58,17,3826.00,65042.00
8878,8879,2022121301003331,HDL,38,58,10,3827.00,38270.00
8879,8880,2022121301003330,HDL,14,58,10,3827.00,38270.00
8880,8881,2022121303001998,CBBL,58,35,15,1099.00,16485.00
8881,8882,2022121303001997,CBBL,59,35,25,1100.00,27500.00
8882,8883,2022121304001664,RIDI,49,47,700,488.80,342160.00
8883,8884,2022121304001663,RIDI,49,39,300,488.80,146640.00
8884,8885,2022121301003329,MEGA,35,4,73,193.00,14089.00
8885,8886,2022121301003328,MEGA,40,4,300,193.00,57900.00
8886,8887,2022121301003327,MEGA,16,4,500,193.00,96500.00
8887,8888,2022121301003326,MEGA,34,4,35,193.00,6755.00
8888,8889,2022121301003325,MEGA,53,4,10,193.00,1930.00
8889,8890,2022121301003324,MEGA,48,4,1000,193.00,193000.00
8890,8891,2022121301003323,MEGA,33,4,100,193.00,19300.00
8891,8892,2022121301003322,MEGA,1,4,300,193.00,57900.00
8892,8893,2022121301003321,MEGA,6,4,2000,193.10,386200.00
8893,8894,2022121301003320,MEGA,52,4,100,193.10,19310.00
8894,8895,2022121301003319,MEGA,33,4,50,193.10,9655.00
8895,8896,2022121301003318,MEGA,1,4,500,193.10,96550.00
8896,8897,2022121301003317,MEGA,58,4,100,193.20,19320.00
8897,8898,2022121301003316,MEGA,26,4,500,193.20,96600.00
8898,8899,2022121301003315,MEGA,41,4,30,193.30,5799.00
8899,8900,2022121301003314,MEGA,13,4,500,193.30,96650.00
8900,8901,2022121301003313,MEGA,41,4,52,193.30,10051.60
8901,8902,2022121301003312,MEGA,45,4,50,193.30,9665.00
8902,8903,2022121301003311,MEGA,41,4,50,193.40,9670.00
8903,8904,2022121301003310,MEGA,25,4,250,193.40,48350.00
8904,8905,2022121303001996,CHDC,13,14,10,653.10,6531.00
8905,8906,2022121303001995,MFIL,1,52,300,417.00,125100.00
8906,8907,2022121303001994,MFIL,6,52,111,417.00,46287.00
8907,8908,2022121301003309,SIKLES,34,29,10,371.00,3710.00
8908,8909,2022121303001993,GBBL,44,50,470,376.10,176767.00
8909,8910,2022121303001992,GBBL,59,50,30,376.20,11286.00
8910,8911,2022121301003308,HDL,26,52,10,3828.00,38280.00
8911,8912,2022121301003307,HDL,58,52,10,3828.00,38280.00
8912,8913,2022121301003306,AVYAN,42,33,10,698.00,6980.00
8913,8914,2022121304001662,UPPER,50,34,73,390.00,28470.00
8914,8915,2022121304001661,UPPER,50,38,200,390.00,78000.00
8915,8916,2022121304001660,UPPER,50,53,227,390.00,88530.00
8916,8917,2022121301003305,SIKLES,34,29,10,371.00,3710.00
8917,8918,2022121303001991,NIFRA,32,40,10,184.50,1845.00
8918,8919,2022121305000449,JALPA,38,22,10,3335.10,33351.00
8919,8920,2022121304001659,NGPL,51,45,78,206.50,16107.00
8920,8921,2022121301003304,PRVU,42,14,70,199.00,13930.00
8921,8922,2022121303001990,GUFL,39,14,10,517.00,5170.00
8922,8923,2022121305000448,TPC,58,11,10,325.00,3250.00
8923,8924,2022121301003303,SIKLES,34,29,10,371.00,3710.00
8924,8925,2022121301003302,SBL,42,8,50,312.00,15600.00
8925,8926,2022121304001658,RHPL,21,17,10,228.90,2289.00
8926,8927,2022121304001657,RHPL,21,26,10,228.80,2288.00
8927,8928,2022121301003301,PPL,6,58,10,199.00,1990.00
8928,8929,2022121304001656,NGPL,6,45,100,207.00,20700.00
8929,8930,2022121304001655,NGPL,35,45,1400,207.00,289800.00
8930,8931,2022121304001654,NGPL,14,45,20,207.00,4140.00
8931,8932,2022121304001653,NGPL,47,45,200,207.00,41400.00
8932,8933,2022121304001652,NGPL,14,45,500,207.00,103500.00
8933,8934,2022121304001651,NGPL,58,45,720,207.00,149040.00
8934,8935,2022121301003300,SIKLES,34,29,10,371.00,3710.00
8935,8936,2022121303001989,NLICL,1,38,58,498.00,28884.00
8936,8937,2022121304001650,HDHPC,48,55,500,172.80,86400.00
8937,8938,2022121303001988,GFCL,21,6,40,442.20,17688.00
8938,8939,2022121304001649,NGPL,58,45,20,207.10,4142.00
8939,8940,2022121304001648,NGPL,59,45,900,207.10,186390.00
8940,8941,2022121301003299,SIKLES,34,29,10,371.00,3710.00
8941,8942,2022121301003298,NBL,34,38,50,275.00,13750.00
8942,8943,2022121301003297,NBL,34,38,100,275.00,27500.00
8943,8944,2022121301003296,NBL,4,38,20,275.00,5500.00
8944,8945,2022121301003295,NBL,49,38,10,275.00,2750.00
8945,8946,2022121301003294,NBL,38,38,344,275.00,94600.00
8946,8947,2022121301003293,NBL,32,38,75,275.10,20632.50
8947,8948,2022121301003292,NBL,49,38,56,275.50,15428.00
8948,8949,2022121303001987,GUFL,21,14,300,517.00,155100.00
8949,8950,2022121303001986,GUFL,54,14,100,517.50,51750.00
8950,8951,2022121303001985,GUFL,1,14,100,517.60,51760.00
8951,8952,2022121303001984,SLBBL,46,19,11,818.00,8998.00
8952,8953,2022121303001983,JBBL,51,59,154,275.00,42350.00
8953,8954,2022121303001982,JBBL,19,59,20,275.00,5500.00
8954,8955,2022121303001981,JBBL,58,59,65,275.10,17881.50
8955,8956,2022121303001980,JBBL,42,59,60,275.20,16512.00
8956,8957,2022121303001979,JBBL,22,59,250,275.40,68850.00
8957,8958,2022121303001978,JBBL,25,59,39,275.50,10744.50
8958,8959,2022121303001977,JBBL,22,59,390,275.50,107445.00
8959,8960,2022121303001976,JBBL,53,59,10,275.50,2755.00
8960,8961,2022121303001975,JBBL,41,59,12,276.00,3312.00
8961,8962,2022121304001647,NGPL,48,45,50,207.20,10360.00
8962,8963,2022121303001974,GBBL,51,41,10,378.00,3780.00
8963,8964,2022121301003291,SIKLES,34,29,10,371.00,3710.00
8964,8965,2022121305000447,TPC,46,28,240,322.00,77280.00
8965,8966,2022121304001646,UPPER,21,6,20,389.00,7780.00
8966,8967,2022121301003290,SIKLES,56,45,10,372.00,3720.00
8967,8968,2022121301003289,SIKLES,56,45,10,372.00,3720.00
8968,8969,2022121301003288,SIKLES,56,57,10,371.50,3715.00
8969,8970,2022121303001973,HIDCL,32,35,10,166.90,1669.00
8970,8971,2022121305000446,MBJC,28,56,10,208.00,2080.00
8971,8972,2022121305000445,MBJC,28,46,10,208.00,2080.00
8972,8973,2022121305000444,MBJC,28,38,10,208.00,2080.00
8973,8974,2022121305000443,MBJC,28,34,10,208.00,2080.00
8974,8975,2022121305000442,MBJC,28,58,10,208.00,2080.00
8975,8976,2022121305000441,MBJC,28,4,10,208.00,2080.00
8976,8977,2022121304001645,API,25,32,10,209.90,2099.00
8977,8978,2022121301003287,SIKLES,34,29,10,371.00,3710.00
8978,8979,2022121305000440,SLI,51,42,10,330.00,3300.00
8979,8980,2022121305000439,SLI,51,32,10,330.00,3300.00
8980,8981,2022121305000438,SLI,51,58,10,330.00,3300.00
8981,8982,2022121301003286,SHIVM,37,34,250,548.90,137225.00
8982,8983,2022121304001644,UPPER,49,53,100,390.00,39000.00
8983,8984,2022121303001972,ALBSL,42,57,15,926.00,13890.00
8984,8985,2022121304001643,SPDL,22,34,100,262.30,26230.00
8985,8986,2022121301003285,DORDI,16,35,10,228.40,2284.00
8986,8987,2022121301003284,SIKLES,34,29,10,371.00,3710.00
8987,8988,2022121304001642,AKJCL,39,49,29,170.00,4930.00
8988,8989,2022121304001641,AKJCL,40,49,471,170.10,80117.10
8989,8990,2022121303001971,MLBL,16,38,50,340.00,17000.00
8990,8991,2022121303001970,MLBL,44,38,100,340.00,34000.00
8991,8992,2022121303001969,MLBL,41,38,29,340.20,9865.80
8992,8993,2022121303001968,MLBL,34,38,20,341.00,6820.00
8993,8994,2022121303001967,GUFL,14,44,200,517.90,103580.00
8994,8995,2022121303001966,CIT,28,37,20,1862.00,37240.00
8995,8996,2022121303001965,FMDBL,20,58,10,707.00,7070.00
8996,8997,2022121304001640,NGPL,50,45,12,208.00,2496.00
8997,8998,2022121303001964,SDLBSL,57,20,10,930.00,9300.00
8998,8999,2022121304001639,AHPC,11,56,20,270.00,5400.00
8999,9000,2022121301003283,SIKLES,34,29,10,371.00,3710.00
9000,9001,2022121304001638,LEC,37,34,10,217.00,2170.00
9001,9002,2022121303001963,JSLBB,3,58,10,1620.00,16200.00
9002,9003,2022121305000437,JBLB,44,7,17,2735.00,46495.00
9003,9004,2022121301003282,UHEWA,33,58,10,348.00,3480.00
9004,9005,2022121303001962,HIDCL,42,58,5,163.00,815.00
9005,9006,2022121305000436,RULB,38,34,100,883.90,88390.00
9006,9007,2022121304001637,UPPER,21,40,50,389.00,19450.00
9007,9008,2022121303001961,GUFL,14,33,10,517.90,5179.00
9008,9009,2022121304001636,SPDL,58,45,50,263.00,13150.00
9009,9010,2022121301003281,RFPL,13,38,10,222.30,2223.00
9010,9011,2022121301003280,SHIVM,32,58,20,546.90,10938.00
9011,9012,2022121301003279,NABIL,32,57,10,808.00,8080.00
9012,9013,2022121301003278,GBIME,19,49,779,210.00,163590.00
9013,9014,2022121301003277,GBIME,45,49,10,210.10,2101.00
9014,9015,2022121304001635,UPPER,26,53,173,390.00,67470.00
9015,9016,2022121304001634,UPPER,26,26,312,390.00,121680.00
9016,9017,2022121304001633,UPPER,26,39,15,389.90,5848.50
9017,9018,2022121301003276,GVL,36,38,10,312.00,3120.00
9018,9019,2022121301003275,NABIL,29,14,272,805.00,218960.00
9019,9020,2022121301003274,KBL,34,44,800,184.10,147280.00
9020,9021,2022121301003273,NABIL,35,14,50,805.00,40250.00
9021,9022,2022121303001960,GUFL,45,44,2980,518.00,1543640.00
9022,9023,2022121301003272,GBIME,42,59,10,211.00,2110.00
9023,9024,2022121301003271,NABIL,35,14,50,805.00,40250.00
9024,9025,2022121301003270,NABIL,16,14,20,805.00,16100.00
9025,9026,2022121301003269,NABIL,26,14,30,805.00,24150.00
9026,9027,2022121301003268,NABIL,58,14,51,805.00,41055.00
9027,9028,2022121301003267,NABIL,32,14,11,805.00,8855.00
9028,9029,2022121301003266,NABIL,41,14,238,805.00,191590.00
9029,9030,2022121301003265,NABIL,58,14,100,805.00,80500.00
9030,9031,2022121301003264,NABIL,34,14,30,805.00,24150.00
9031,9032,2022121301003263,NABIL,42,14,49,805.00,39445.00
9032,9033,2022121301003262,NABIL,58,14,10,805.00,8050.00
9033,9034,2022121301003261,NABIL,49,14,90,805.00,72450.00
9034,9035,2022121304001632,KEF,10,49,100,8.24,824.00
9035,9036,2022121305000435,SAHAS,54,6,10,450.00,4500.00
9036,9037,2022121303001959,GUFL,45,33,20,518.00,10360.00
9037,9038,2022121301003260,NABIL,57,39,10,808.00,8080.00
9038,9039,2022121304001631,UPPER,51,39,25,389.90,9747.50
9039,9040,2022121301003259,NABIL,49,49,30,805.00,24150.00
9040,9041,2022121301003258,NABIL,40,49,50,805.10,40255.00
9041,9042,2022121301003257,NABIL,51,49,20,805.20,16104.00
9042,9043,2022121303001958,NIFRA,58,52,10,184.00,1840.00
9043,9044,2022121301003256,AVYAN,6,38,10,691.40,6914.00
9044,9045,2022121301003255,RHGCL,56,19,10,205.10,2051.00
9045,9046,2022121303001957,NIFRA,52,52,21,184.00,3864.00
9046,9047,2022121305000434,NYADI,52,56,10,268.00,2680.00
9047,9048,2022121303001956,JFL,41,49,10,370.00,3700.00
9048,9049,2022121301003254,RFPL,49,47,10,222.50,2225.00
9049,9050,2022121305000433,SAHAS,54,49,10,450.00,4500.00
9050,9051,2022121303001955,ALICL,59,51,31,508.00,15748.00
9051,9052,2022121303001954,ICFC,22,14,103,426.00,43878.00
9052,9053,2022121301003253,SHIVM,17,19,190,546.00,103740.00
9053,9054,2022121304001630,CMF2,49,16,1600,8.00,12800.00
9054,9055,2022121304001629,PPCL,28,17,100,287.00,28700.00
9055,9056,2022121304001628,PMHPL,32,45,310,188.00,58280.00
9056,9057,2022121304001627,API,6,32,50,209.90,10495.00
9057,9058,2022121304001626,AIL,4,55,10,386.00,3860.00
9058,9059,2022121301003252,GBIME,19,49,369,210.00,77490.00
9059,9060,2022121301003251,GBIME,42,49,10,210.00,2100.00
9060,9061,2022121301003250,GBIME,42,49,25,210.00,5250.00
9061,9062,2022121301003249,GBIME,21,49,205,210.00,43050.00
9062,9063,2022121301003248,GBIME,40,49,392,210.10,82359.20
9063,9064,2022121303001953,CBBL,51,43,63,1100.00,69300.00
9064,9065,2022121303001952,CBBL,42,43,137,1100.00,150700.00
9065,9066,2022121305000432,SLI,22,43,19,329.00,6251.00
9066,9067,2022121305000431,MBJC,28,14,10,206.50,2065.00
9067,9068,2022121301003247,RFPL,49,38,10,222.50,2225.00
9068,9069,2022121301003246,MEGA,25,4,205,193.40,39647.00
9069,9070,2022121301003245,MEGA,1,4,500,193.50,96750.00
9070,9071,2022121301003244,MEGA,58,4,100,193.50,19350.00
9071,9072,2022121301003243,MEGA,36,4,20,193.60,3872.00
9072,9073,2022121301003242,MEGA,43,4,175,193.60,33880.00
9073,9074,2022121303001951,SWBBL,29,17,10,1170.00,11700.00
9074,9075,2022121303001950,SWBBL,45,17,25,1170.00,29250.00
9075,9076,2022121303001949,SWBBL,34,17,10,1170.00,11700.00
9076,9077,2022121303001948,SWBBL,57,17,50,1170.00,58500.00
9077,9078,2022121303001947,SWBBL,25,17,20,1170.00,23400.00
9078,9079,2022121303001946,SWBBL,34,17,10,1170.00,11700.00
9079,9080,2022121303001945,SWBBL,48,17,23,1170.10,26912.30
9080,9081,2022121303001944,SWBBL,51,17,24,1170.20,28084.80
9081,9082,2022121303001943,SWBBL,34,17,100,1170.30,117030.00
9082,9083,2022121303001942,SWBBL,54,17,48,1170.40,56179.20
9083,9084,2022121303001941,GUFL,14,6,40,517.90,20716.00
9084,9085,2022121303001940,GUFL,58,6,10,519.00,5190.00
9085,9086,2022121301003241,AVYAN,6,38,10,691.40,6914.00
9086,9087,2022121304001625,UPPER,21,26,1585,390.00,618150.00
9087,9088,2022121304001624,UPPER,21,45,200,390.00,78000.00
9088,9089,2022121304001623,UPPER,21,11,100,390.00,39000.00
9089,9090,2022121304001622,UPPER,21,42,500,390.00,195000.00
9090,9091,2022121304001621,UPPER,21,34,100,390.00,39000.00
9091,9092,2022121304001620,UPPER,21,14,96,390.00,37440.00
9092,9093,2022121304001619,UPPER,21,22,19,390.00,7410.00
9093,9094,2022121304001618,UPPER,21,51,300,389.90,116970.00
9094,9095,2022121304001617,UPPER,21,3,100,389.90,38990.00
9095,9096,2022121301003240,GBIME,40,49,210,210.10,44121.00
9096,9097,2022121305000430,MBJC,28,47,10,206.50,2065.00
9097,9098,2022121303001939,JFL,32,35,300,372.00,111600.00
9098,9099,2022121303001938,KSBBL,29,34,21,307.00,6447.00
9099,9100,2022121301003239,HHL,32,49,620,215.00,133300.00
9100,9101,2022121301003238,HHL,13,49,10,215.10,2151.00
9101,9102,2022121304001616,NHDL,42,17,32,313.00,10016.00
9102,9103,2022121304001615,NHDL,21,17,50,313.00,15650.00
9103,9104,2022121301003237,SHIVM,37,21,144,546.90,78753.60
9104,9105,2022121304001614,PRIN,7,19,23,400.00,9200.00
9105,9106,2022121301003236,RFPL,49,47,10,222.50,2225.00
9106,9107,2022121301003235,KDBY,25,34,100,7.98,798.00
9107,9108,2022121304001613,UPPER,5,54,79,388.00,30652.00
9108,9109,2022121304001612,UPCL,28,18,10,215.00,2150.00
9109,9110,2022121301003234,GBIME,40,55,249,210.10,52314.90
9110,9111,2022121305000429,ENL,13,58,10,580.00,5800.00
9111,9112,2022121304001611,NICSF,7,49,100,7.90,790.00
9112,9113,2022121303001937,NIFRA,49,52,107,184.00,19688.00
9113,9114,2022121301003233,EBL,40,6,10,440.00,4400.00
9114,9115,2022121301003232,EBL,11,6,10,441.00,4410.00
9115,9116,2022121304001610,SHL,42,32,100,217.00,21700.00
9116,9117,2022121305000428,MLBS,57,57,10,1000.00,10000.00
9117,9118,2022121303001936,NTC,49,59,36,885.00,31860.00
9118,9119,2022121301003231,USHEC,38,10,100,247.80,24780.00
9119,9120,2022121303001935,NICLBSL,1,49,40,711.10,28444.00
9120,9121,2022121303001934,NICLBSL,20,49,20,711.50,14230.00
9121,9122,2022121303001933,NICLBSL,44,49,85,712.00,60520.00
9122,9123,2022121301003230,GBIME,40,49,149,210.10,31304.90
9123,9124,2022121301003229,GBIME,46,49,506,210.10,106310.60
9124,9125,2022121301003228,GBIME,57,49,155,210.20,32581.00
9125,9126,2022121301003227,GBIME,52,49,30,210.20,6306.00
9126,9127,2022121303001932,DDBL,57,53,15,1033.90,15508.50
9127,9128,2022121304001609,UNHPL,55,58,200,187.00,37400.00
9128,9129,2022121301003226,SIKLES,34,34,10,371.00,3710.00
9129,9130,2022121301003225,HDL,42,53,24,3830.00,91920.00
9130,9131,2022121301003224,HDL,58,53,26,3830.00,99580.00
9131,9132,2022121303001931,BFC,22,29,100,305.50,30550.00
9132,9133,2022121301003223,MEGA,1,42,248,194.00,48112.00
9133,9134,2022121303001930,SMFDB,43,32,20,1240.00,24800.00
9134,9135,2022121303001929,FOWAD,45,28,35,2587.00,90545.00
9135,9136,2022121303001928,MLBL,41,14,91,340.20,30958.20
9136,9137,2022121304001608,UPCL,18,11,60,216.00,12960.00
9137,9138,2022121304001607,UPCL,18,34,940,216.00,203040.00
9138,9139,2022121303001927,NIFRA,41,52,58,184.00,10672.00
9139,9140,2022121305000427,SLI,22,26,10,329.00,3290.00
9140,9141,2022121301003222,KBL,34,49,82,184.10,15096.20
9141,9142,2022121301003221,KBL,48,49,100,184.20,18420.00
9142,9143,2022121301003220,NICA,11,38,45,675.00,30375.00
9143,9144,2022121301003219,NICA,11,38,10,675.00,6750.00
9144,9145,2022121303001926,NIFRA,41,59,21,184.00,3864.00
9145,9146,2022121303001925,NIFRA,41,56,21,184.00,3864.00
9146,9147,2022121303001924,BFC,58,29,100,305.60,30560.00
9147,9148,2022121301003218,PCBL,37,53,100,224.90,22490.00
9148,9149,2022121301003217,PRVU,35,14,38,198.00,7524.00
9149,9150,2022121301003216,PRVU,16,14,100,198.00,19800.00
9150,9151,2022121301003215,PRVU,17,14,200,198.00,39600.00
9151,9152,2022121301003214,PRVU,25,14,60,198.00,11880.00
9152,9153,2022121301003213,PRVU,58,14,40,198.00,7920.00
9153,9154,2022121301003212,PRVU,42,14,300,198.00,59400.00
9154,9155,2022121301003211,PRVU,35,14,200,198.00,39600.00
9155,9156,2022121301003210,PRVU,49,14,10,198.00,1980.00
9156,9157,2022121301003209,PRVU,49,14,18,198.00,3564.00
9157,9158,2022121301003208,PRVU,5,14,100,198.00,19800.00
9158,9159,2022121301003207,PRVU,21,14,500,198.00,99000.00
9159,9160,2022121301003206,PRVU,58,14,44,198.00,8712.00
9160,9161,2022121301003205,PRVU,32,14,1000,198.10,198100.00
9161,9162,2022121301003204,PRVU,38,14,1000,198.10,198100.00
9162,9163,2022121301003203,PRVU,5,14,200,198.10,39620.00
9163,9164,2022121301003202,PRVU,58,14,50,198.10,9905.00
9164,9165,2022121301003201,PRVU,45,14,40,198.20,7928.00
9165,9166,2022121301003200,PRVU,34,14,100,198.20,19820.00
9166,9167,2022121301003199,PRVU,43,14,1000,198.30,198300.00
9167,9168,2022121304001606,UPPER,46,54,21,388.00,8148.00
9168,9169,2022121304001605,UPPER,46,47,28,388.00,10864.00
9169,9170,2022121304001604,UPPER,46,39,21,387.90,8145.90
9170,9171,2022121301003198,HDL,8,32,20,3832.00,76640.00
9171,9172,2022121303001923,GILB,11,44,15,1127.00,16905.00
9172,9173,2022121301003197,SIKLES,34,58,10,371.00,3710.00
9173,9174,2022121304001603,SSHL,42,45,50,170.80,8540.00
9174,9175,2022121301003196,SHIVM,44,21,56,546.90,30626.40
9175,9176,2022121305000426,MBJC,28,55,10,206.50,2065.00
9176,9177,2022121305000425,SLI,22,45,10,329.00,3290.00
9177,9178,2022121303001922,CBBL,42,17,63,1100.00,69300.00
9178,9179,2022121303001921,CIT,42,35,10,1862.00,18620.00
9179,9180,2022121303001920,SMFDB,20,6,200,1234.00,246800.00
9180,9181,2022121301003195,USHEC,45,10,100,247.80,24780.00
9181,9182,2022121301003194,NBL,49,19,44,275.50,12122.00
9182,9183,2022121301003193,NMB,36,19,10,230.00,2300.00
9183,9184,2022121303001919,SHINE,44,39,620,329.00,203980.00
9184,9185,2022121303001918,SHINE,50,39,15,329.00,4935.00
9185,9186,2022121303001917,SHINE,25,39,100,329.10,32910.00
9186,9187,2022121303001916,SHINE,44,39,20,329.10,6582.00
9187,9188,2022121303001915,SHINE,48,39,100,329.20,32920.00
9188,9189,2022121303001914,SHINE,26,39,145,330.00,47850.00
9189,9190,2022121303001913,KRBL,22,28,15,253.00,3795.00
9190,9191,2022121303001912,CHDC,50,49,322,653.00,210266.00
9191,9192,2022121303001911,CHDC,51,49,10,653.10,6531.00
9192,9193,2022121304001602,HDHPC,37,44,1700,173.00,294100.00
9193,9194,2022121301003192,PCBL,17,53,15,224.90,3373.50
9194,9195,2022121305000424,RULB,3,57,10,880.00,8800.00
9195,9196,2022121301003191,BHDC,45,55,10,341.00,3410.00
9196,9197,2022121304001601,AHPC,59,56,60,270.00,16200.00
9197,9198,2022121304001600,IGI,38,45,10,360.00,3600.00
9198,9199,2022121304001599,SHPC,55,58,15,270.00,4050.00
9199,9200,2022121301003190,SANIMA,37,43,150,225.50,33825.00
9200,9201,2022121301003189,EBL,29,22,56,443.00,24808.00
9201,9202,2022121301003188,MEGA,59,42,80,194.00,15520.00
9202,9203,2022121301003187,MEGA,45,42,200,194.00,38800.00
9203,9204,2022121301003186,MEGA,41,42,10,194.00,1940.00
9204,9205,2022121301003185,SANIMA,17,17,32,225.00,7200.00
9205,9206,2022121301003184,SANIMA,33,17,68,225.00,15300.00
9206,9207,2022121303001910,GUFL,52,6,10,519.00,5190.00
9207,9208,2022121301003183,SIKLES,34,56,10,371.00,3710.00
9208,9209,2022121303001909,MLBSL,38,36,10,4000.00,40000.00
9209,9210,2022121304001598,UPCL,28,34,100,215.00,21500.00
9210,9211,2022121303001908,CIT,42,32,35,1862.00,65170.00
9211,9212,2022121303001907,ALICL,53,57,37,509.00,18833.00
9212,9213,2022121303001906,ALICL,53,28,20,509.00,10180.00
9213,9214,2022121304001597,UPCL,28,45,22,215.00,4730.00
9214,9215,2022121303001905,NUBL,57,42,130,887.00,115310.00
9215,9216,2022121303001904,NUBL,45,42,10,887.00,8870.00
9216,9217,2022121303001903,USLB,17,57,168,873.00,146664.00
9217,9218,2022121303001902,USLB,32,57,10,875.00,8750.00
9218,9219,2022121301003182,CBL,14,19,943,212.00,199916.00
9219,9220,2022121301003181,CBL,39,19,10,212.00,2120.00
9220,9221,2022121301003180,CBL,16,19,47,212.10,9968.70
9221,9222,2022121305000423,MBJC,28,17,10,206.50,2065.00
9222,9223,2022121304001596,RIDI,37,33,500,488.90,244450.00
9223,9224,2022121303001901,HIDCL,6,29,100,166.00,16600.00
9224,9225,2022121303001900,HIDCL,42,29,50,166.00,8300.00
9225,9226,2022121301003179,NICA,41,26,15,679.00,10185.00
9226,9227,2022121304001595,RIDI,35,47,30,488.00,14640.00
9227,9228,2022121304001594,RIDI,19,47,480,488.00,234240.00
9228,9229,2022121301003178,BHL,13,48,10,244.20,2442.00
9229,9230,2022121304001593,AKPL,4,42,240,345.00,82800.00
9230,9231,2022121304001592,AKPL,7,42,85,345.00,29325.00
9231,9232,2022121304001591,AKPL,52,42,83,345.00,28635.00
9232,9233,2022121304001590,AKPL,57,42,52,345.00,17940.00
9233,9234,2022121304001589,AKPL,11,42,300,345.10,103530.00
9234,9235,2022121301003177,CBL,16,19,458,212.10,97141.80
9235,9236,2022121301003176,CBL,11,19,50,212.20,10610.00
9236,9237,2022121303001899,ACLBSL,32,7,13,711.00,9243.00
9237,9238,2022121303001898,NRIC,38,5,10,697.70,6977.00
9238,9239,2022121301003175,RFPL,28,32,10,226.00,2260.00
9239,9240,2022121301003174,RFPL,28,35,10,226.00,2260.00
9240,9241,2022121301003173,RFPL,28,49,10,226.00,2260.00
9241,9242,2022121301003172,NMB,38,19,10,230.00,2300.00
9242,9243,2022121301003171,NMB,34,19,100,230.00,23000.00
9243,9244,2022121301003170,NMB,32,19,200,230.00,46000.00
9244,9245,2022121301003169,NMB,45,19,28,230.00,6440.00
9245,9246,2022121301003168,NMB,11,19,20,230.10,4602.00
9246,9247,2022121304001588,SHL,56,32,100,217.00,21700.00
9247,9248,2022121303001897,HIDCL,58,58,4,163.70,654.80
9248,9249,2022121303001896,CBBL,58,57,80,1100.00,88000.00
9249,9250,2022121303001895,CBBL,48,57,20,1100.10,22002.00
9250,9251,2022121301003167,NABIL,45,39,40,808.00,32320.00
9251,9252,2022121301003166,NABIL,45,45,10,807.90,8079.00
9252,9253,2022121303001894,NLIC,17,19,23,608.00,13984.00
9253,9254,2022121301003165,NCCB,35,5,50,181.30,9065.00
9254,9255,2022121301003164,NABIL,49,35,80,805.00,64400.00
9255,9256,2022121301003163,NABIL,7,35,20,805.00,16100.00
9256,9257,2022121305000422,MKJC,28,29,1423,404.70,575888.10
9257,9258,2022121305000421,MKJC,34,29,90,404.80,36432.00
9258,9259,2022121305000420,MKJC,34,29,10,404.90,4049.00
9259,9260,2022121305000419,MKJC,34,29,10,405.00,4050.00
9260,9261,2022121305000418,MKJC,50,29,20,405.10,8102.00
9261,9262,2022121301003162,SIKLES,56,49,10,371.50,3715.00
9262,9263,2022121303001893,LBBL,59,49,8,312.00,2496.00
9263,9264,2022121301003161,MEGA,49,42,12,195.00,2340.00
9264,9265,2022121303001892,NRN,29,7,1229,395.00,485455.00
9265,9266,2022121303001891,NRN,8,7,250,396.00,99000.00
9266,9267,2022121303001890,NRN,28,7,950,396.00,376200.00
9267,9268,2022121303001889,NRN,58,7,500,396.10,198050.00
9268,9269,2022121303001888,NRN,21,7,100,396.10,39610.00
9269,9270,2022121303001887,NRN,1,7,25,397.00,9925.00
9270,9271,2022121303001886,NRN,14,7,300,398.00,119400.00
9271,9272,2022121303001885,NRN,57,7,100,398.00,39800.00
9272,9273,2022121303001884,NRN,50,7,90,398.00,35820.00
9273,9274,2022121303001883,NRN,38,7,30,398.10,11943.00
9274,9275,2022121303001882,NRN,53,7,250,398.10,99525.00
9275,9276,2022121303001881,NRN,57,7,16,398.10,6369.60
9276,9277,2022121303001880,NRN,16,7,200,398.20,79640.00
9277,9278,2022121303001879,NRN,45,7,80,399.10,31928.00
9278,9279,2022121301003160,CCBL,34,11,5906,190.00,1122140.00
9279,9280,2022121301003159,CCBL,34,41,263,190.00,49970.00
9280,9281,2022121301003158,CCBL,34,49,50,189.80,9490.00
9281,9282,2022121301003157,CCBL,34,29,319,189.80,60546.20
9282,9283,2022121301003156,CCBL,34,20,11,189.80,2087.80
9283,9284,2022121301003155,CCBL,34,21,264,189.70,50080.80
9284,9285,2022121301003154,CCBL,34,55,1057,189.60,200407.20
9285,9286,2022121301003153,CCBL,34,47,33,189.60,6256.80
9286,9287,2022121301003152,CCBL,34,34,497,188.90,93883.30
9287,9288,2022121301003151,HBL,35,14,488,321.00,156648.00
9288,9289,2022121301003150,NBL,49,8,20,276.00,5520.00
9289,9290,2022121303001878,NRIC,16,34,22,688.10,15138.20
9290,9291,2022121303001877,NRIC,4,34,30,689.00,20670.00
9291,9292,2022121303001876,NRIC,43,34,23,689.00,15847.00
9292,9293,2022121301003149,NABIL,7,41,480,805.00,386400.00
9293,9294,2022121301003148,NABIL,22,41,20,805.00,16100.00
9294,9295,2022121301003147,NABIL,47,41,100,805.00,80500.00
9295,9296,2022121304001587,UPPER,21,58,140,387.00,54180.00
9296,9297,2022121304001586,UPPER,51,58,60,387.00,23220.00
9297,9298,2022121304001585,UPPER,39,58,100,387.10,38710.00
9298,9299,2022121301003146,SGHC,45,56,10,248.50,2485.00
9299,9300,2022121301003145,HBL,35,14,12,321.00,3852.00
9300,9301,2022121301003144,HBL,58,14,600,321.00,192600.00
9301,9302,2022121301003143,HBL,6,14,388,321.10,124586.80
9302,9303,2022121301003142,SIKLES,56,49,10,371.50,3715.00
9303,9304,2022121304001584,RIDI,28,33,60,488.90,29334.00
9304,9305,2022121304001583,UPPER,26,58,500,387.30,193650.00
9305,9306,2022121303001875,SKBBL,42,35,22,1110.00,24420.00
9306,9307,2022121303001874,SKBBL,42,14,68,1110.00,75480.00
9307,9308,2022121301003141,SRBL,38,34,655,183.00,119865.00
9308,9309,2022121301003140,SRBL,11,34,110,183.00,20130.00
9309,9310,2022121301003139,SRBL,38,34,375,183.00,68625.00
9310,9311,2022121301003138,SRBL,1,34,350,183.10,64085.00
9311,9312,2022121301003137,SRBL,33,34,10,183.30,1833.00
9312,9313,2022121304001582,UPPER,43,58,100,387.30,38730.00
9313,9314,2022121304001581,AHPC,51,56,20,270.00,5400.00
9314,9315,2022121301003136,HBL,6,14,112,321.10,35963.20
9315,9316,2022121301003135,HBL,33,14,10,321.10,3211.00
9316,9317,2022121301003134,HBL,47,14,100,322.00,32200.00
9317,9318,2022121301003133,HBL,42,14,50,322.00,16100.00
9318,9319,2022121301003132,HBL,35,14,41,323.00,13243.00
9319,9320,2022121301003131,SHIVM,17,42,75,544.00,40800.00
9320,9321,2022121301003130,SHIVM,32,42,25,544.00,13600.00
9321,9322,2022121301003129,HHL,32,49,10,215.00,2150.00
9322,9323,2022121303001873,MLBSL,46,36,10,4015.00,40150.00
9323,9324,2022121304001580,NMBHF1,58,37,100,9.38,938.00
9324,9325,2022121303001872,CBBL,25,42,50,1102.00,55100.00
9325,9326,2022121303001871,CBBL,28,42,10,1102.00,11020.00
9326,9327,2022121303001870,CBBL,29,42,13,1102.00,14326.00
9327,9328,2022121304001579,UPPER,33,58,1000,387.30,387300.00
9328,9329,2022121304001578,API,41,58,313,208.00,65104.00
9329,9330,2022121304001577,API,34,58,110,208.10,22891.00
9330,9331,2022121304001576,API,58,58,72,208.20,14990.40
9331,9332,2022121304001575,API,34,58,49,208.20,10201.80
9332,9333,2022121301003128,CYCL,1,17,10,2260.20,22602.00
9333,9334,2022121301003127,NBL,25,8,10,276.00,2760.00
9334,9335,2022121304001574,NHPC,45,36,240,202.90,48696.00
9335,9336,2022121301003126,NABIL,7,39,10,808.00,8080.00
9336,9337,2022121301003125,DORDI,47,42,10,231.00,2310.00
9337,9338,2022121304001573,RIDI,19,4,10,488.00,4880.00
9338,9339,2022121304001572,RIDI,19,32,10,488.00,4880.00
9339,9340,2022121303001869,SWMF,22,13,390,707.00,275730.00
9340,9341,2022121301003124,NABIL,58,45,8,805.00,6440.00
9341,9342,2022121301003123,EBL,29,57,394,443.00,174542.00
9342,9343,2022121301003122,EBL,29,51,1000,443.00,443000.00
9343,9344,2022121301003121,EBL,29,41,650,442.00,287300.00
9344,9345,2022121303001868,NICLBSL,44,43,15,712.00,10680.00
9345,9346,2022121304001571,UPCL,58,6,80,214.80,17184.00
9346,9347,2022121303001867,NIFRA,8,6,54,183.50,9909.00
9347,9348,2022121301003120,GVL,36,45,100,312.00,31200.00
9348,9349,2022121303001866,GUFL,16,28,200,520.00,104000.00
9349,9350,2022121301003119,RFPL,13,38,10,222.40,2224.00
9350,9351,2022121304001570,CHCL,44,14,377,382.00,144014.00
9351,9352,2022121304001569,SPDL,38,57,11,262.40,2886.40
9352,9353,2022121303001865,NTC,46,59,129,885.00,114165.00
9353,9354,2022121303001864,NTC,46,58,221,885.00,195585.00
9354,9355,2022121301003118,SBL,44,22,40,311.10,12444.00
9355,9356,2022121301003117,PPL,6,51,10,199.00,1990.00
9356,9357,2022121304001568,RADHI,53,42,102,212.20,21644.40
9357,9358,2022121304001567,UPPER,45,47,22,388.00,8536.00
9358,9359,2022121301003116,NABIL,47,39,37,808.00,29896.00
9359,9360,2022121301003115,NABIL,47,52,25,808.00,20200.00
9360,9361,2022121301003114,NABIL,47,14,38,805.00,30590.00
9361,9362,2022121301003113,SHIVM,13,28,293,544.00,159392.00
9362,9363,2022121301003112,BOKL,6,44,55,206.00,11330.00
9363,9364,2022121301003111,NABIL,58,14,126,805.00,101430.00
9364,9365,2022121301003110,NABIL,53,14,10,805.00,8050.00
9365,9366,2022121301003109,NABIL,26,14,10,805.00,8050.00
9366,9367,2022121301003108,NABIL,59,14,100,805.00,80500.00
9367,9368,2022121301003107,NABIL,22,14,14,805.00,11270.00
9368,9369,2022121301003106,NABIL,39,14,100,805.00,80500.00
9369,9370,2022121301003105,NABIL,34,14,100,805.00,80500.00
9370,9371,2022121301003104,NABIL,39,14,1000,805.00,805000.00
9371,9372,2022121301003103,NABIL,26,14,20,805.00,16100.00
9372,9373,2022121301003102,NABIL,33,14,10,805.00,8050.00
9373,9374,2022121301003101,NABIL,57,14,100,805.00,80500.00
9374,9375,2022121301003100,NABIL,7,14,20,805.00,16100.00
9375,9376,2022121301003099,NABIL,58,14,15,805.00,12075.00
9376,9377,2022121301003098,NABIL,48,14,170,805.00,136850.00
9377,9378,2022121301003097,NABIL,52,14,200,805.00,161000.00
9378,9379,2022121301003096,NABIL,57,14,100,805.00,80500.00
9379,9380,2022121301003095,NABIL,14,14,100,805.00,80500.00
9380,9381,2022121301003094,NABIL,13,14,32,805.00,25760.00
9381,9382,2022121301003093,NABIL,38,14,50,805.10,40255.00
9382,9383,2022121301003092,NABIL,40,14,50,805.10,40255.00
9383,9384,2022121301003091,NABIL,58,14,10,806.00,8060.00
9384,9385,2022121301003090,NABIL,45,14,100,807.00,80700.00
9385,9386,2022121301003089,NABIL,34,14,10,807.00,8070.00
9386,9387,2022121301003088,NABIL,42,14,15,807.50,12112.50
9387,9388,2022121305000417,MBJC,16,7,10,206.40,2064.00
9388,9389,2022121304001566,UPPER,22,47,100,388.00,38800.00
9389,9390,2022121301003087,RFPL,28,49,70,225.00,15750.00
9390,9391,2022121303001863,SMFDB,17,38,60,1241.50,74490.00
9391,9392,2022121303001862,NLICL,25,42,200,496.30,99260.00
9392,9393,2022121303001861,NLICL,49,42,100,496.40,49640.00
9393,9394,2022121303001860,NLICL,44,42,100,496.50,49650.00
9394,9395,2022121305000416,JBLB,58,43,10,2745.00,27450.00
9395,9396,2022121301003086,PPL,6,35,10,199.00,1990.00
9396,9397,2022121305000415,SLI,50,38,10,329.40,3294.00
9397,9398,2022121303001859,EDBL,33,1,105,307.60,32298.00
9398,9399,2022121303001858,SMFDB,20,53,500,1235.00,617500.00
9399,9400,2022121303001857,SMFDB,20,53,500,1236.00,618000.00
9400,9401,2022121303001856,SMFDB,34,53,500,1236.00,618000.00
9401,9402,2022121303001855,SMFDB,28,53,150,1236.10,185415.00
9402,9403,2022121303001854,SMFDB,34,53,50,1236.10,61805.00
9403,9404,2022121303001853,SMFDB,45,53,50,1236.10,61805.00
9404,9405,2022121303001852,SMFDB,34,53,500,1237.00,618500.00
9405,9406,2022121303001851,SMFDB,57,53,40,1238.00,49520.00
9406,9407,2022121301003085,NABIL,28,7,50,808.00,40400.00
9407,9408,2022121301003084,DORDI,16,7,10,228.30,2283.00
9408,9409,2022121301003083,SHIVM,59,28,100,544.00,54400.00
9409,9410,2022121301003082,SHIVM,45,28,200,544.00,108800.00
9410,9411,2022121301003081,SHIVM,50,28,500,544.00,272000.00
9411,9412,2022121301003080,SHIVM,49,28,198,544.00,107712.00
9412,9413,2022121301003079,SHIVM,16,28,40,544.00,21760.00
9413,9414,2022121301003078,SHIVM,6,28,45,544.90,24520.50
9414,9415,2022121301003077,SHIVM,50,28,65,544.90,35418.50
9415,9416,2022121301003076,SHIVM,29,28,286,545.00,155870.00
9416,9417,2022121301003075,SHIVM,58,28,70,545.00,38150.00
9417,9418,2022121303001850,GUFL,52,28,200,520.00,104000.00
9418,9419,2022121301003074,PPL,6,58,10,199.00,1990.00
9419,9420,2022121301003073,SCB,44,44,50,402.00,20100.00
9420,9421,2022121301003072,BOKL,56,41,38,205.20,7797.60
9421,9422,2022121304001565,RIDI,46,44,450,488.00,219600.00
9422,9423,2022121304001564,HURJA,57,40,10,199.00,1990.00
9423,9424,2022121304001563,HURJA,41,40,10,200.00,2000.00
9424,9425,2022121301003071,EBL,47,41,100,442.00,44200.00
9425,9426,2022121303001849,NIFRA,8,43,100,183.50,18350.00
9426,9427,2022121303001848,NIFRA,47,43,100,184.00,18400.00
9427,9428,2022121301003070,PCBL,45,53,42,224.90,9445.80
9428,9429,2022121301003069,PCBL,29,53,100,224.90,22490.00
9429,9430,2022121301003068,GBIME,58,3,10,210.20,2102.00
9430,9431,2022121301003067,GBIME,38,3,20,210.30,4206.00
9431,9432,2022121301003066,GBIME,45,3,20,210.40,4208.00
9432,9433,2022121301003065,UHEWA,43,38,10,347.80,3478.00
9433,9434,2022121303001847,SMFDB,17,39,20,1240.00,24800.00
9434,9435,2022121303001846,SMFDB,17,57,100,1240.00,124000.00
9435,9436,2022121303001845,SMFDB,17,21,25,1240.00,31000.00
9436,9437,2022121304001562,UPPER,49,47,20,388.00,7760.00
9437,9438,2022121304001561,UPPER,42,47,170,388.00,65960.00
9438,9439,2022121301003064,NBL,49,8,100,276.00,27600.00
9439,9440,2022121301003063,NABIL,38,7,29,808.00,23432.00
9440,9441,2022121303001844,MLBL,11,1,40,341.00,13640.00
9441,9442,2022121303001843,JFL,21,49,92,374.00,34408.00
9442,9443,2022121304001560,SHEL,55,32,10,229.00,2290.00
9443,9444,2022121303001842,NIFRA,8,43,200,183.50,36700.00
9444,9445,2022121304001559,AKJCL,48,4,200,170.50,34100.00
9445,9446,2022121301003062,HHL,32,42,10,215.00,2150.00
9446,9447,2022121304001558,SLCF,38,42,100,7.08,708.00
9447,9448,2022121304001557,SLCF,38,49,100,7.08,708.00
9448,9449,2022121301003061,RHGCL,56,42,10,205.10,2051.00
9449,9450,2022121301003060,UHEWA,43,57,10,347.80,3478.00
9450,9451,2022121304001556,RIDI,48,44,100,488.00,48800.00
9451,9452,2022121304001555,RIDI,6,44,400,488.00,195200.00
9452,9453,2022121303001841,SFCL,58,39,50,256.00,12800.00
9453,9454,2022121303001840,KMCDB,22,49,40,867.00,34680.00
9454,9455,2022121303001839,MLBBL,44,7,385,980.00,377300.00
9455,9456,2022121303001838,MLBBL,58,7,10,998.60,9986.00
9456,9457,2022121303001837,MLBBL,8,7,13,999.00,12987.00
9457,9458,2022121301003059,NESDO,45,29,10,3315.00,33150.00
9458,9459,2022121304001554,RURU,43,57,11,718.00,7898.00
9459,9460,2022121303001836,PROFL,28,44,10,283.00,2830.00
9460,9461,2022121301003058,RFPL,56,45,10,226.00,2260.00
9461,9462,2022121301003057,RFPL,56,46,70,226.00,15820.00
9462,9463,2022121301003056,RFPL,56,7,419,226.00,94694.00
9463,9464,2022121304001553,SHPC,29,8,779,270.00,210330.00
9464,9465,2022121304001552,UPCL,28,22,500,215.00,107500.00
9465,9466,2022121304001551,CHCL,44,8,15,382.00,5730.00
9466,9467,2022121303001835,RLFL,34,58,115,293.10,33706.50
9467,9468,2022121305000414,SLI,50,17,10,329.40,3294.00
9468,9469,2022121301003055,NBL,58,8,12,276.00,3312.00
9469,9470,2022121301003054,RFPL,28,58,10,225.00,2250.00
9470,9471,2022121301003053,RFPL,28,55,10,225.00,2250.00
9471,9472,2022121301003052,HDL,57,58,50,3833.00,191650.00
9472,9473,2022121303001834,ALBSL,42,7,16,926.00,14816.00
9473,9474,2022121304001550,NGPL,50,26,188,208.00,39104.00
9474,9475,2022121301003051,NABIL,38,7,20,808.00,16160.00
9475,9476,2022121304001549,NGPL,45,26,23,208.00,4784.00
9476,9477,2022121304001548,NGPL,45,58,50,208.00,10400.00
9477,9478,2022121301003050,BHL,35,44,10,244.10,2441.00
9478,9479,2022121304001547,HDHPC,6,44,100,173.00,17300.00
9479,9480,2022121304001546,HDHPC,57,44,200,173.00,34600.00
9480,9481,2022121303001833,NTC,11,58,10,885.00,8850.00
9481,9482,2022121301003049,SHIVM,42,52,30,545.00,16350.00
9482,9483,2022121304001545,KKHC,42,8,10,180.00,1800.00
9483,9484,2022121305000413,SLI,50,42,10,329.40,3294.00
9484,9485,2022121304001544,UPPER,42,55,52,389.00,20228.00
9485,9486,2022121303001832,MLBL,56,1,200,341.00,68200.00
9486,9487,2022121301003048,SANIMA,33,8,1432,225.00,322200.00
9487,9488,2022121301003047,SANIMA,47,8,100,225.00,22500.00
9488,9489,2022121301003046,SANIMA,41,8,100,225.00,22500.00
9489,9490,2022121301003045,SANIMA,19,8,40,225.00,9000.00
9490,9491,2022121301003044,SANIMA,43,8,20,225.00,4500.00
9491,9492,2022121301003043,SANIMA,7,8,10,225.00,2250.00
9492,9493,2022121301003042,SANIMA,41,8,500,225.00,112500.00
9493,9494,2022121301003041,SANIMA,19,8,100,225.00,22500.00
9494,9495,2022121301003040,SANIMA,41,8,500,225.00,112500.00
9495,9496,2022121301003039,SANIMA,49,8,50,225.00,11250.00
9496,9497,2022121301003038,SANIMA,57,8,200,225.00,45000.00
9497,9498,2022121301003037,SANIMA,22,8,40,225.00,9000.00
9498,9499,2022121301003036,SANIMA,56,8,14,225.00,3150.00
9499,9500,2022121301003035,SANIMA,45,8,100,225.10,22510.00
9500,9501,2022121301003034,SANIMA,49,8,50,225.10,11255.00
9501,9502,2022121301003033,SANIMA,57,8,44,225.10,9904.40
9502,9503,2022121301003032,SANIMA,45,8,100,225.20,22520.00
9503,9504,2022121301003031,NIB,49,14,21,220.00,4620.00
9504,9505,2022121304001543,RHPL,19,17,10,228.90,2289.00
9505,9506,2022121304001542,RHPL,19,38,70,228.00,15960.00
9506,9507,2022121304001541,RHPL,19,7,10,227.00,2270.00
9507,9508,2022121304001540,LEC,21,38,15,218.00,3270.00
9508,9509,2022121301003030,SHIVM,57,52,150,545.00,81750.00
9509,9510,2022121301003029,SIKLES,34,34,10,371.00,3710.00
9510,9511,2022121301003028,SCB,5,44,50,402.00,20100.00
9511,9512,2022121303001831,EDBL,33,41,1000,305.10,305100.00
9512,9513,2022121301003027,SHIVM,50,52,20,545.00,10900.00
9513,9514,2022121301003026,PPL,6,34,10,199.00,1990.00
9514,9515,2022121301003025,NABIL,38,7,20,808.00,16160.00
9515,9516,2022121304001539,SPDL,58,51,500,263.00,131500.00
9516,9517,2022121301003024,LBL,16,51,20,192.50,3850.00
9517,9518,2022121303001830,GUFL,52,6,500,520.00,260000.00
9518,9519,2022121303001829,CIT,46,32,15,1862.00,27930.00
9519,9520,2022121301003023,PPL,4,49,10,200.00,2000.00
9520,9521,2022121301003022,PPL,4,54,10,200.00,2000.00
9521,9522,2022121301003021,PPL,4,21,10,200.00,2000.00
9522,9523,2022121301003020,PPL,4,51,10,200.00,2000.00
9523,9524,2022121301003019,PPL,4,45,10,200.00,2000.00
9524,9525,2022121301003018,PPL,4,21,10,200.00,2000.00
9525,9526,2022121304001538,UPPER,42,36,145,389.00,56405.00
9526,9527,2022121303001828,MLBSL,14,45,14,4000.00,56000.00
9527,9528,2022121301003017,KBL,49,56,94,185.00,17390.00
9528,9529,2022121303001827,CIT,1,52,20,1850.00,37000.00
9529,9530,2022121303001826,CIT,6,52,10,1850.00,18500.00
9530,9531,2022121303001825,CIT,42,52,10,1850.00,18500.00
9531,9532,2022121303001824,CIT,21,52,18,1850.00,33300.00
9532,9533,2022121303001823,NLIC,17,58,79,607.00,47953.00
9533,9534,2022121303001822,NLIC,45,58,30,608.00,18240.00
9534,9535,2022121303001821,NLIC,45,58,10,608.00,6080.00
9535,9536,2022121303001820,NLIC,58,58,10,608.00,6080.00
9536,9537,2022121303001819,NLIC,46,58,20,608.00,12160.00
9537,9538,2022121301003016,SHIVM,50,51,435,544.90,237031.50
9538,9539,2022121304001537,RIDI,17,4,10,487.00,4870.00
9539,9540,2022121304001536,UPPER,38,55,10,387.10,3871.00
9540,9541,2022121301003015,DORDI,16,54,10,228.30,2283.00
9541,9542,2022121303001818,MLBSL,45,7,10,4010.00,40100.00
9542,9543,2022121304001535,UPPER,28,34,10,387.10,3871.00
9543,9544,2022121303001817,ALICL,59,44,150,508.00,76200.00
9544,9545,2022121304001534,SJCL,56,46,20,219.00,4380.00
9545,9546,2022121301003014,NABIL,42,7,100,808.00,80800.00
9546,9547,2022121301003013,NABIL,47,45,87,807.00,70209.00
9547,9548,2022121304001533,UPPER,45,34,40,387.10,15484.00
9548,9549,2022121303001816,NLIC,17,57,45,609.50,27427.50
9549,9550,2022121303001815,NLIC,49,57,10,610.00,6100.00
9550,9551,2022121303001814,NLIC,58,57,10,610.00,6100.00
9551,9552,2022121303001813,NLIC,25,57,11,610.00,6710.00
9552,9553,2022121303001812,NLIC,40,57,10,610.50,6105.00
9553,9554,2022121301003012,BOKL,26,16,22,205.10,4512.20
9554,9555,2022121304001532,UPPER,32,36,200,389.00,77800.00
9555,9556,2022121304001531,HPPL,25,25,23,244.10,5614.30
9556,9557,2022121304001530,RHPL,19,46,50,226.30,11315.00
9557,9558,2022121304001529,KPCL,32,14,10,325.00,3250.00
9558,9559,2022121304001528,KPCL,32,45,10,320.00,3200.00
9559,9560,2022121304001527,KPCL,32,34,10,320.00,3200.00
9560,9561,2022121301003011,NABIL,38,7,20,808.00,16160.00
9561,9562,2022121303001811,NLICL,25,6,285,496.30,141445.50
9562,9563,2022121303001810,NLICL,37,6,100,497.00,49700.00
9563,9564,2022121303001809,NLICL,33,6,10,497.10,4971.00
9564,9565,2022121303001808,NLICL,45,6,25,498.00,12450.00
9565,9566,2022121303001807,NLICL,53,6,50,498.00,24900.00
9566,9567,2022121303001806,NTC,13,58,50,885.00,44250.00
9567,9568,2022121304001526,RIDI,58,44,12,488.00,5856.00
9568,9569,2022121301003010,GBIME,46,13,150,210.90,31635.00
9569,9570,2022121304001525,UPPER,51,46,40,387.00,15480.00
9570,9571,2022121305000412,SAHAS,54,32,10,450.00,4500.00
9571,9572,2022121304001524,NICL,40,49,450,415.00,186750.00
9572,9573,2022121301003009,KBL,6,56,21,185.00,3885.00
9573,9574,2022121301003008,KBL,6,36,64,185.00,11840.00
9574,9575,2022121301003007,KBL,6,16,15,185.00,2775.00
9575,9576,2022121303001805,CIT,21,45,182,1850.00,336700.00
9576,9577,2022121303001804,CIT,45,45,20,1850.00,37000.00
9577,9578,2022121303001803,CIT,33,45,100,1851.00,185100.00
9578,9579,2022121303001802,CIT,21,45,100,1851.00,185100.00
9579,9580,2022121303001801,CIT,1,45,40,1851.10,74044.00
9580,9581,2022121303001800,CIT,16,45,50,1852.00,92600.00
9581,9582,2022121303001799,CIT,51,45,15,1852.00,27780.00
9582,9583,2022121304001523,UPPER,41,36,850,388.00,329800.00
9583,9584,2022121303001798,KSBBL,33,49,100,305.00,30500.00
9584,9585,2022121303001797,LICN,36,35,40,1402.00,56080.00
9585,9586,2022121303001796,LICN,4,35,200,1403.00,280600.00
9586,9587,2022121305000411,MBJC,16,45,10,207.00,2070.00
9587,9588,2022121301003006,BOKL,26,19,21,205.10,4307.10
9588,9589,2022121301003005,NICA,14,26,10,679.00,6790.00
9589,9590,2022121304001522,NHPC,33,28,187,201.00,37587.00
9590,9591,2022121304001521,NHPC,11,28,100,201.00,20100.00
9591,9592,2022121304001520,SHEL,55,35,10,230.00,2300.00
9592,9593,2022121301003004,SHIVM,16,55,60,544.00,32640.00
9593,9594,2022121301003003,SHIVM,17,55,100,544.00,54400.00
9594,9595,2022121301003002,SHIVM,50,55,40,544.00,21760.00
9595,9596,2022121304001519,IGI,38,6,40,362.00,14480.00
9596,9597,2022121304001518,IGI,45,6,10,362.00,3620.00
9597,9598,2022121301003001,HHL,7,7,10,217.00,2170.00
9598,9599,2022121303001795,MERO,42,51,40,763.60,30544.00
9599,9600,2022121303001794,KSBBL,33,49,23,305.00,7015.00
9600,9601,2022121301003000,PRVU,58,14,156,198.00,30888.00
9601,9602,2022121301002999,PRVU,22,14,700,198.00,138600.00
9602,9603,2022121301002998,PRVU,34,14,198,198.00,39204.00
9603,9604,2022121301002997,PRVU,18,14,300,198.00,59400.00
9604,9605,2022121301002996,PRVU,57,14,38,198.00,7524.00
9605,9606,2022121301002995,PRVU,46,14,17,198.00,3366.00
9606,9607,2022121301002994,PRVU,42,14,50,198.00,9900.00
9607,9608,2022121301002993,PRVU,38,14,25,198.00,4950.00
9608,9609,2022121301002992,PRVU,44,14,500,198.00,99000.00
9609,9610,2022121301002991,PRVU,49,14,22,198.00,4356.00
9610,9611,2022121301002990,PRVU,56,14,1000,198.00,198000.00
9611,9612,2022121301002989,PRVU,41,14,300,198.00,59400.00
9612,9613,2022121301002988,PRVU,17,14,1000,198.00,198000.00
9613,9614,2022121301002987,PRVU,46,14,150,198.00,29700.00
9614,9615,2022121301002986,PRVU,38,14,300,198.00,59400.00
9615,9616,2022121301002985,PRVU,49,14,25,198.00,4950.00
9616,9617,2022121301002984,PRVU,57,14,100,198.00,19800.00
9617,9618,2022121301002983,PRVU,26,14,250,198.10,49525.00
9618,9619,2022121301002982,PRVU,53,14,260,198.10,51506.00
9619,9620,2022121301002981,PRVU,28,14,100,198.10,19810.00
9620,9621,2022121301002980,PRVU,57,14,65,198.10,12876.50
9621,9622,2022121301002979,PRVU,49,14,18,198.50,3573.00
9622,9623,2022121301002978,PRVU,14,14,500,198.50,99250.00
9623,9624,2022121301002977,PRVU,41,14,100,198.60,19860.00
9624,9625,2022121301002976,PRVU,33,14,10,198.60,1986.00
9625,9626,2022121301002975,PRVU,33,14,10,198.70,1987.00
9626,9627,2022121301002974,PRVU,33,14,15,198.70,2980.50
9627,9628,2022121301002973,PRVU,49,14,20,198.80,3976.00
9628,9629,2022121305000410,SAHAS,1,58,10,447.10,4471.00
9629,9630,2022121304001517,NICL,40,6,50,415.00,20750.00
9630,9631,2022121304001516,NICL,58,6,150,415.00,62250.00
9631,9632,2022121304001515,NICL,44,6,100,416.00,41600.00
9632,9633,2022121304001514,RIDI,57,44,20,488.00,9760.00
9633,9634,2022121304001513,RIDI,17,48,141,487.00,68667.00
9634,9635,2022121304001512,GHL,56,40,90,194.00,17460.00
9635,9636,2022121301002972,HDL,29,59,10,3828.00,38280.00
9636,9637,2022121301002971,HDL,16,59,30,3829.00,114870.00
9637,9638,2022121301002970,HDL,38,59,10,3829.10,38291.00
9638,9639,2022121301002969,AVYAN,14,36,10,691.40,6914.00
9639,9640,2022121301002968,CCBL,13,34,14,188.90,2644.60
9640,9641,2022121303001793,SKBBL,45,14,50,1110.00,55500.00
9641,9642,2022121301002967,MHL,47,57,10,308.20,3082.00
9642,9643,2022121301002966,MHL,47,6,10,307.00,3070.00
9643,9644,2022121304001511,UPCL,18,36,2000,215.90,431800.00
9644,9645,2022121304001510,UPCL,18,45,50,215.50,10775.00
9645,9646,2022121301002965,RHGCL,57,35,10,206.00,2060.00
9646,9647,2022121303001792,MFIL,6,49,18,417.00,7506.00
9647,9648,2022121304001509,UPPER,58,36,50,388.00,19400.00
9648,9649,2022121303001791,NRIC,43,19,77,689.00,53053.00
9649,9650,2022121303001790,NRIC,25,19,55,690.00,37950.00
9650,9651,2022121303001789,NRIC,41,19,50,690.00,34500.00
9651,9652,2022121303001788,NRIC,49,19,100,690.00,69000.00
9652,9653,2022121303001787,NRIC,8,19,18,690.00,12420.00
9653,9654,2022121303001786,SHINE,26,55,100,330.00,33000.00
9654,9655,2022121304001508,SHPC,50,8,1000,270.00,270000.00
9655,9656,2022121304001507,SHPC,29,8,500,270.00,135000.00
9656,9657,2022121304001506,SHPC,57,8,10,270.00,2700.00
9657,9658,2022121304001505,SHPC,46,8,10,270.00,2700.00
9658,9659,2022121304001504,SHPC,1,8,201,270.10,54290.10
9659,9660,2022121304001503,KEF,44,56,500,8.08,4040.00
9660,9661,2022121301002964,GBIME,46,19,250,210.10,52525.00
9661,9662,2022121304001502,NICL,32,49,96,417.00,40032.00
9662,9663,2022121303001785,LBBL,38,32,50,317.20,15860.00
9663,9664,2022121303001784,EDBL,45,58,25,307.70,7692.50
9664,9665,2022121301002963,SIKLES,34,56,10,371.00,3710.00
9665,9666,2022121305000409,TPC,58,28,40,322.00,12880.00
9666,9667,2022121301002962,CBL,39,21,40,212.00,8480.00
9667,9668,2022121301002961,CBL,45,21,30,213.00,6390.00
9668,9669,2022121301002960,CBL,21,21,35,213.00,7455.00
9669,9670,2022121304001501,AHPC,45,43,35,272.00,9520.00
9670,9671,2022121301002959,SGHC,21,56,10,250.00,2500.00
9671,9672,2022121305000408,JBLB,13,38,10,2745.00,27450.00
9672,9673,2022121301002958,SIKLES,49,35,10,372.00,3720.00
9673,9674,2022121301002957,EBL,17,41,200,442.00,88400.00
9674,9675,2022121304001500,HDHPC,16,42,200,173.00,34600.00
9675,9676,2022121304001499,NHDL,51,4,10,319.00,3190.00
9676,9677,2022121301002956,PRVU,49,14,100,199.00,19900.00
9677,9678,2022121301002955,PRVU,59,14,100,199.00,19900.00
9678,9679,2022121301002954,PRVU,16,14,419,199.00,83381.00
9679,9680,2022121301002953,PRVU,5,14,152,199.10,30263.20
9680,9681,2022121303001783,NLIC,49,19,50,611.00,30550.00
9681,9682,2022121304001498,UPPER,42,36,50,388.00,19400.00
9682,9683,2022121303001782,NIFRA,6,54,46,184.50,8487.00
9683,9684,2022121303001781,NIFRA,6,41,54,184.00,9936.00
9684,9685,2022121303001780,CBBL,29,49,15,1102.00,16530.00
9685,9686,2022121305000407,SAHAS,45,33,10,450.00,4500.00
9686,9687,2022121305000406,SAHAS,45,58,10,450.00,4500.00
9687,9688,2022121305000405,SAHAS,45,54,10,450.00,4500.00
9688,9689,2022121305000404,SAHAS,45,50,10,450.00,4500.00
9689,9690,2022121305000403,SAHAS,45,49,10,450.00,4500.00
9690,9691,2022121301002952,EBL,25,41,50,442.00,22100.00
9691,9692,2022121305000402,JALPA,38,47,10,3330.10,33301.00
9692,9693,2022121301002951,SHIVM,58,51,10,544.90,5449.00
9693,9694,2022121301002950,SHIVM,46,51,55,544.90,29969.50
9694,9695,2022121304001497,NICL,32,54,404,417.00,168468.00
9695,9696,2022121304001496,NICL,53,54,50,417.00,20850.00
9696,9697,2022121304001495,NICL,45,54,500,418.00,209000.00
9697,9698,2022121304001494,NICL,3,54,36,418.00,15048.00
9698,9699,2022121304001493,NICL,59,54,10,418.10,4181.00
9699,9700,2022121301002949,KBL,58,16,100,184.50,18450.00
9700,9701,2022121305000401,SAHAS,45,57,10,447.50,4475.00
9701,9702,2022121301002948,NABIL,36,7,100,808.00,80800.00
9702,9703,2022121301002947,NABIL,38,7,10,808.00,8080.00
9703,9704,2022121303001779,HIDCL,32,8,10,167.00,1670.00
9704,9705,2022121304001492,SJCL,56,46,20,219.00,4380.00
9705,9706,2022121305000400,SAHAS,45,19,100,449.00,44900.00
9706,9707,2022121305000399,SAHAS,45,41,10,447.60,4476.00
9707,9708,2022121303001778,ALICL,35,22,100,507.00,50700.00
9708,9709,2022121301002946,RBCLPO,14,6,10,10252.00,102520.00
9709,9710,2022121301002945,HHL,6,56,10,214.20,2142.00
9710,9711,2022121301002944,RFPL,13,57,10,222.70,2227.00
9711,9712,2022121304001491,UPPER,6,36,100,388.00,38800.00
9712,9713,2022121304001490,UPPER,34,46,40,386.00,15440.00
9713,9714,2022121303001777,SHINE,26,28,255,330.00,84150.00
9714,9715,2022121303001776,SHINE,54,28,10,330.00,3300.00
9715,9716,2022121303001775,SHINE,45,28,15,330.00,4950.00
9716,9717,2022121303001774,SHINE,41,28,100,330.10,33010.00
9717,9718,2022121303001773,SHINE,34,28,20,331.00,6620.00
9718,9719,2022121301002943,NABIL,38,7,10,808.00,8080.00
9719,9720,2022121301002942,BOKL,26,43,59,205.10,12100.90
9720,9721,2022121301002941,BOKL,39,43,150,205.10,30765.00
9721,9722,2022121303001772,SKBBL,21,58,200,1108.00,221600.00
9722,9723,2022121303001771,SKBBL,21,11,17,1108.00,18836.00
9723,9724,2022121301002940,MHL,16,42,10,305.10,3051.00
9724,9725,2022121301002939,GBIME,46,19,13,210.10,2731.30
9725,9726,2022121304001489,SHPC,1,41,104,270.10,28090.40
9726,9727,2022121304001488,SHPC,16,41,240,270.10,64824.00
9727,9728,2022121301002938,NABIL,47,48,13,807.00,10491.00
9728,9729,2022121304001487,SICL,25,21,70,765.00,53550.00
9729,9730,2022121301002937,NESDO,42,58,10,3310.00,33100.00
9730,9731,2022121305000398,MLBS,57,52,10,997.30,9973.00
9731,9732,2022121304001486,NBF2,10,45,100,7.90,790.00
9732,9733,2022121301002936,SBI,38,6,44,277.10,12192.40
9733,9734,2022121301002935,SBI,38,6,35,277.20,9702.00
9734,9735,2022121301002934,SBI,38,6,210,277.20,58212.00
9735,9736,2022121301002933,SBI,38,6,40,277.30,11092.00
9736,9737,2022121301002932,SBI,38,6,100,277.30,27730.00
9737,9738,2022121301002931,SBI,38,6,35,277.40,9709.00
9738,9739,2022121301002930,SBI,38,6,85,277.40,23579.00
9739,9740,2022121301002929,SBI,38,6,65,277.50,18037.50
9740,9741,2022121301002928,SBI,38,6,35,277.60,9716.00
9741,9742,2022121301002927,SBI,38,6,60,277.60,16656.00
9742,9743,2022121301002926,SBI,38,6,60,277.70,16662.00
9743,9744,2022121301002925,SBI,38,6,10,277.80,2778.00
9744,9745,2022121301002924,SBI,38,6,45,277.80,12501.00
9745,9746,2022121301002923,SBI,38,6,40,277.90,11116.00
9746,9747,2022121301002922,SBI,51,6,100,277.90,27790.00
9747,9748,2022121301002921,SBI,58,6,16,278.10,4449.60
9748,9749,2022121301002920,SBI,33,6,20,278.10,5562.00
9749,9750,2022121303001770,NIFRA,35,43,2,184.00,368.00
9750,9751,2022121303001769,NIFRA,35,58,64,184.00,11776.00
9751,9752,2022121303001768,NIFRA,35,19,34,184.00,6256.00
9752,9753,2022121304001485,AKPL,57,55,48,345.00,16560.00
9753,9754,2022121304001484,AKPL,58,55,300,345.00,103500.00
9754,9755,2022121304001483,AKPL,17,55,50,345.10,17255.00
9755,9756,2022121304001482,AKPL,58,55,77,345.20,26580.40
9756,9757,2022121304001481,AKPL,14,55,25,345.20,8630.00
9757,9758,2022121303001767,NRIC,8,42,12,690.00,8280.00
9758,9759,2022121303001766,NRIC,34,42,14,690.10,9661.40
9759,9760,2022121301002919,NABIL,13,58,18,805.00,14490.00
9760,9761,2022121303001765,NIFRA,6,6,11,183.70,2020.70
9761,9762,2022121303001764,NIFRA,41,6,43,183.70,7899.10
9762,9763,2022121305000397,MBJC,16,17,10,206.20,2062.00
9763,9764,2022121305000396,MLBS,57,52,10,997.30,9973.00
9764,9765,2022121301002918,NABIL,58,57,32,805.00,25760.00
9765,9766,2022121304001480,RBCL,33,37,10,12400.00,124000.00
9766,9767,2022121301002917,ULBSL,45,20,10,3450.00,34500.00
9767,9768,2022121301002916,NBF3,45,46,100,7.25,725.00
9768,9769,2022121301002915,NABIL,32,57,50,805.00,40250.00
9769,9770,2022121305000395,SAHAS,45,34,10,447.50,4475.00
9770,9771,2022121301002914,NABIL,13,57,38,805.00,30590.00
9771,9772,2022121305000394,SAHAS,45,17,10,447.50,4475.00
9772,9773,2022121301002913,HDL,48,42,13,3830.00,49790.00
9773,9774,2022121301002912,HDL,17,42,10,3830.00,38300.00
9774,9775,2022121301002911,HDL,35,42,20,3830.00,76600.00
9775,9776,2022121301002910,GVL,6,6,10,310.00,3100.00
9776,9777,2022121301002909,SIKLES,34,49,10,371.00,3710.00
9777,9778,2022121303001763,NMFBS,49,22,10,2020.00,20200.00
9778,9779,2022121301002908,HDL,38,58,14,3833.00,53662.00
9779,9780,2022121305000393,ENL,50,10,10,589.50,5895.00
9780,9781,2022121303001762,GUFL,32,52,275,517.70,142367.50
9781,9782,2022121301002907,GVL,6,48,10,310.00,3100.00
9782,9783,2022121304001479,RHPL,19,41,10,226.10,2261.00
9783,9784,2022121301002906,UHEWA,51,58,10,347.70,3477.00
9784,9785,2022121304001478,PPCL,49,20,50,287.90,14395.00
9785,9786,2022121301002905,NABIL,32,57,30,805.00,24150.00
9786,9787,2022121301002904,NABIL,1,57,75,805.00,60375.00
9787,9788,2022121303001761,GUFL,32,52,100,518.00,51800.00
9788,9789,2022121303001760,GUFL,17,52,75,518.00,38850.00
9789,9790,2022121304001477,RIDI,4,44,10,488.00,4880.00
9790,9791,2022121301002903,LBL,58,51,20,192.60,3852.00
9791,9792,2022121304001476,SJCL,20,41,10,218.40,2184.00
9792,9793,2022121304001475,UPPER,58,36,350,388.00,135800.00
9793,9794,2022121301002902,CZBIL,45,57,60,180.10,10806.00
9794,9795,2022121301002901,NABIL,21,57,64,805.00,51520.00
9795,9796,2022121301002900,NCCB,1,6,500,181.20,90600.00
9796,9797,2022121301002899,NCCB,57,6,500,181.20,90600.00
9797,9798,2022121301002898,GBIME,46,21,231,210.10,48533.10
9798,9799,2022121303001759,MSLB,28,6,10,1020.00,10200.00
9799,9800,2022121303001758,MSLB,52,6,50,1020.00,51000.00
9800,9801,2022121301002897,SANIMA,58,43,91,225.50,20520.50
9801,9802,2022121304001474,SHPC,21,41,60,270.20,16212.00
9802,9803,2022121304001473,SHPC,58,41,15,270.20,4053.00
9803,9804,2022121303001757,SMFDB,45,26,100,1239.00,123900.00
9804,9805,2022121304001472,UPPER,34,41,40,386.00,15440.00
9805,9806,2022121304001471,BARUN,29,14,12,202.00,2424.00
9806,9807,2022121301002896,BOKL,13,49,19,206.00,3914.00
9807,9808,2022121301002895,MMF1,7,46,100,7.18,718.00
9808,9809,2022121304001470,NEF,37,49,1966,7.90,15531.40
9809,9810,2022121305000392,SLI,50,58,112,329.40,36892.80
9810,9811,2022121305000391,SLI,51,58,20,329.50,6590.00
9811,9812,2022121301002894,NABIL,58,57,10,805.00,8050.00
9812,9813,2022121303001756,NIFRA,33,19,46,184.00,8464.00
9813,9814,2022121303001755,CBBL,29,11,17,1102.00,18734.00
9814,9815,2022121305000390,TPC,45,28,20,322.00,6440.00
9815,9816,2022121304001469,AKJCL,48,41,10,170.50,1705.00
9816,9817,2022121301002893,HDL,36,58,15,3833.00,57495.00
9817,9818,2022121301002892,NABIL,48,57,30,805.00,24150.00
9818,9819,2022121301002891,NESDO,34,17,10,3310.00,33100.00
9819,9820,2022121301002890,NABIL,38,57,25,805.00,20125.00
9820,9821,2022121301002889,NIB,55,14,10,220.00,2200.00
9821,9822,2022121301002888,RFPL,28,17,10,224.90,2249.00
9822,9823,2022121301002887,NABIL,41,57,100,805.00,80500.00
9823,9824,2022121301002886,NIB,50,14,10,220.00,2200.00
9824,9825,2022121303001754,SKBBL,8,11,13,1108.00,14404.00
9825,9826,2022121301002885,CZBIL,45,16,200,180.10,36020.00
9826,9827,2022121304001468,SHPC,6,41,56,271.00,15176.00
9827,9828,2022121301002884,NABIL,58,57,20,805.00,16100.00
9828,9829,2022121301002883,USHEC,56,41,10,247.30,2473.00
9829,9830,2022121301002882,SPHL,58,57,10,346.30,3463.00
9830,9831,2022121303001753,GUFL,17,6,25,518.00,12950.00
9831,9832,2022121303001752,GUFL,50,6,25,518.10,12952.50
9832,9833,2022121304001467,BARUN,29,58,73,202.00,14746.00
9833,9834,2022121304001466,BARUN,29,58,100,202.00,20200.00
9834,9835,2022121304001465,BARUN,32,58,100,202.20,20220.00
9835,9836,2022121304001464,BARUN,14,58,100,202.50,20250.00
9836,9837,2022121304001463,BARUN,17,58,127,202.60,25730.20
9837,9838,2022121304001462,UMHL,19,36,85,225.00,19125.00
9838,9839,2022121304001461,UMHL,38,36,320,225.00,72000.00
9839,9840,2022121304001460,UMHL,13,36,45,225.00,10125.00
9840,9841,2022121304001459,UMHL,41,36,50,225.30,11265.00
9841,9842,2022121304001458,UPCL,18,22,400,214.50,85800.00
9842,9843,2022121304001457,UPCL,58,22,100,214.50,21450.00
9843,9844,2022121304001456,UPPER,45,58,200,388.00,77600.00
9844,9845,2022121304001455,UPCL,49,34,60,216.00,12960.00
9845,9846,2022121304001454,UPCL,49,57,20,216.00,4320.00
9846,9847,2022121304001453,UPCL,49,54,20,216.00,4320.00
9847,9848,2022121301002881,BOKL,39,58,250,205.10,51275.00
9848,9849,2022121301002880,BOKL,35,58,100,205.20,20520.00
9849,9850,2022121301002879,BOKL,39,58,40,205.30,8212.00
9850,9851,2022121301002878,BOKL,20,58,100,205.40,20540.00
9851,9852,2022121301002877,BOKL,33,58,10,205.50,2055.00
9852,9853,2022121303001751,SKBBL,51,14,400,1110.00,444000.00
9853,9854,2022121303001750,SKBBL,40,14,100,1110.00,111000.00
9854,9855,2022121303001749,SKBBL,41,14,10,1110.10,11101.00
9855,9856,2022121303001748,SKBBL,34,14,50,1111.00,55550.00
9856,9857,2022121303001747,SKBBL,29,14,10,1112.00,11120.00
9857,9858,2022121303001746,SKBBL,22,14,30,1112.00,33360.00
9858,9859,2022121303001745,SWBBL,51,38,15,1170.20,17553.00
9859,9860,2022121303001744,SWBBL,11,38,20,1170.30,23406.00
9860,9861,2022121301002876,NABIL,25,57,28,805.00,22540.00
9861,9862,2022121301002875,NABIL,51,57,30,805.00,24150.00
9862,9863,2022121303001743,NTC,35,45,100,883.00,88300.00
9863,9864,2022121303001742,NTC,49,45,390,883.00,344370.00
9864,9865,2022121301002874,NIB,19,44,17,219.60,3733.20
9865,9866,2022121301002873,NIB,49,44,183,219.60,40186.80
9866,9867,2022121301002872,PPL,6,49,10,199.00,1990.00
9867,9868,2022121301002871,NABIL,52,11,50,804.70,40235.00
9868,9869,2022121301002870,NABIL,20,11,100,804.80,80480.00
9869,9870,2022121303001741,NIFRA,41,19,200,184.00,36800.00
9870,9871,2022121303001740,MSLB,7,6,10,1029.00,10290.00
9871,9872,2022121304001452,CGH,51,49,20,1000.00,20000.00
9872,9873,2022121301002869,KBL,34,43,94,184.10,17305.40
9873,9874,2022121301002868,KBL,26,43,282,184.20,51944.40
9874,9875,2022121304001451,PSF,32,55,800,7.65,6120.00
9875,9876,2022121304001450,RIDI,46,44,800,488.00,390400.00
9876,9877,2022121303001739,GLBSL,7,58,50,776.00,38800.00
9877,9878,2022121303001738,SHINE,34,48,30,331.00,9930.00
9878,9879,2022121303001737,SHINE,1,48,100,331.00,33100.00
9879,9880,2022121304001449,CGH,38,40,10,999.00,9990.00
9880,9881,2022121303001736,SKBBL,47,35,45,1115.00,50175.00
9881,9882,2022121304001448,CHCL,45,14,1000,381.00,381000.00
9882,9883,2022121303001735,HIDCL,43,6,11,165.30,1818.30
9883,9884,2022121303001734,HIDCL,58,6,10,165.50,1655.00
9884,9885,2022121301002867,ADBL,45,48,10,310.00,3100.00
9885,9886,2022121301002866,ADBL,42,48,10,310.00,3100.00
9886,9887,2022121301002865,ADBL,48,48,15,310.00,4650.00
9887,9888,2022121301002864,NABIL,41,14,40,805.00,32200.00
9888,9889,2022121301002863,SBI,50,44,10,279.90,2799.00
9889,9890,2022121301002862,RFPL,13,49,10,222.80,2228.00
9890,9891,2022121303001733,CLBSL,34,6,20,765.00,15300.00
9891,9892,2022121301002861,NABIL,19,14,10,805.00,8050.00
9892,9893,2022121304001447,RMF1,7,58,9800,7.31,71638.00
9893,9894,2022121301002860,CZBIL,45,44,400,180.10,72040.00
9894,9895,2022121303001732,NTC,49,16,150,883.00,132450.00
9895,9896,2022121303001731,SKBBL,25,47,20,1115.00,22300.00
9896,9897,2022121303001730,SKBBL,35,47,16,1115.00,17840.00
9897,9898,2022121303001729,SKBBL,33,47,10,1115.10,11151.00
9898,9899,2022121303001728,SKBBL,16,47,50,1115.20,55760.00
9899,9900,2022121304001446,UMHL,41,36,450,225.30,101385.00
9900,9901,2022121304001445,UMHL,57,36,300,225.40,67620.00
9901,9902,2022121301002859,NABIL,21,14,50,805.00,40250.00
9902,9903,2022121304001444,DHPL,25,21,11,178.00,1958.00
9903,9904,2022121303001727,NSLB,58,58,90,745.00,67050.00
9904,9905,2022121303001726,NSLB,58,58,10,750.00,7500.00
9905,9906,2022121301002858,NABIL,38,14,100,805.00,80500.00
9906,9907,2022121303001725,NADEP,53,49,20,686.10,13722.00
9907,9908,2022121301002857,NESDO,21,51,10,3315.00,33150.00
9908,9909,2022121301002856,RHGCL,57,49,10,206.00,2060.00
9909,9910,2022121305000389,MBJC,16,49,10,206.20,2062.00
9910,9911,2022121301002855,RFPL,28,22,10,224.90,2249.00
9911,9912,2022121301002854,MEGA,55,32,10,196.20,1962.00
9912,9913,2022121304001443,UPPER,34,34,20,386.00,7720.00
9913,9914,2022121304001442,UPPER,58,34,10,386.00,3860.00
9914,9915,2022121304001441,UPPER,16,34,20,388.00,7760.00
9915,9916,2022121301002853,NICA,4,17,19,674.00,12806.00
9916,9917,2022121301002852,NICA,44,17,100,674.00,67400.00
9917,9918,2022121301002851,NICA,38,17,10,674.20,6742.00
9918,9919,2022121301002850,NABIL,58,14,200,805.00,161000.00
9919,9920,2022121301002849,NABIL,34,14,19,805.00,15295.00
9920,9921,2022121301002848,NABIL,34,14,10,805.00,8050.00
9921,9922,2022121301002847,NABIL,16,14,50,805.00,40250.00
9922,9923,2022121301002846,NABIL,45,14,20,806.00,16120.00
9923,9924,2022121303001724,ACLBSL,19,47,10,720.00,7200.00
9924,9925,2022121304001440,UPPER,28,58,130,388.00,50440.00
9925,9926,2022121305000388,SLI,58,36,10,330.00,3300.00
9926,9927,2022121305000387,SLI,58,38,10,330.00,3300.00
9927,9928,2022121305000386,MBJC,16,49,10,206.20,2062.00
9928,9929,2022121301002845,CBL,21,40,25,213.00,5325.00
9929,9930,2022121303001723,ALICL,35,1,90,507.00,45630.00
9930,9931,2022121303001722,CBBL,44,57,20,1104.00,22080.00
9931,9932,2022121301002844,BHL,35,48,10,244.10,2441.00
9932,9933,2022121301002843,GVL,6,49,10,310.00,3100.00
9933,9934,2022121303001721,MMFDB,28,7,714,856.10,611255.40
9934,9935,2022121303001720,MMFDB,52,7,20,859.00,17180.00
9935,9936,2022121303001719,MMFDB,45,7,80,860.00,68800.00
9936,9937,2022121303001718,MMFDB,45,7,10,861.00,8610.00
9937,9938,2022121303001717,MMFDB,20,7,10,861.00,8610.00
9938,9939,2022121303001716,MMFDB,58,7,20,861.10,17222.00
9939,9940,2022121303001715,MMFDB,25,7,100,862.00,86200.00
9940,9941,2022121303001714,MMFDB,11,7,100,862.00,86200.00
9941,9942,2022121303001713,MMFDB,16,7,20,865.00,17300.00
9942,9943,2022121303001712,MMFDB,42,7,16,872.20,13955.20
9943,9944,2022121303001711,MMFDB,53,7,10,873.00,8730.00
9944,9945,2022121303001710,ALBSL,58,41,10,929.00,9290.00
9945,9946,2022121304001439,UPPER,19,58,150,388.00,58200.00
9946,9947,2022121303001709,SMFDB,14,45,15,1239.00,18585.00
9947,9948,2022121301002842,ADBL,42,6,10,310.00,3100.00
9948,9949,2022121301002841,ADBL,45,6,10,310.00,3100.00
9949,9950,2022121301002840,ADBL,49,6,10,310.00,3100.00
9950,9951,2022121301002839,ADBL,8,6,67,310.00,20770.00
9951,9952,2022121301002838,BHL,35,58,10,244.10,2441.00
9952,9953,2022121303001708,ALBSL,38,41,10,929.00,9290.00
9953,9954,2022121301002837,HDL,37,58,50,3833.00,191650.00
9954,9955,2022121303001707,SMB,48,8,36,1190.00,42840.00
9955,9956,2022121303001706,NLBBL,49,42,235,810.00,190350.00
9956,9957,2022121303001705,NLBBL,51,42,65,811.00,52715.00
9957,9958,2022121301002836,USHEC,56,4,10,247.30,2473.00
9958,9959,2022121301002835,USHEC,56,49,10,247.30,2473.00
9959,9960,2022121301002834,CCBL,58,19,57,187.10,10664.70
9960,9961,2022121305000385,SAHAS,45,45,20,447.60,8952.00
9961,9962,2022121303001704,MLBBL,53,7,56,1000.00,56000.00
9962,9963,2022121305000384,MBJC,16,49,10,206.20,2062.00
9963,9964,2022121304001438,GLH,59,7,10,233.50,2335.00
9964,9965,2022121303001703,SHINE,34,45,26,331.10,8608.60
9965,9966,2022121303001702,GUFL,50,41,25,518.10,12952.50
9966,9967,2022121303001701,GUFL,37,41,25,519.40,12985.00
9967,9968,2022121303001700,GUFL,16,41,50,519.40,25970.00
9968,9969,2022121304001437,RIDI,19,44,10,488.00,4880.00
9969,9970,2022121303001699,NIFRA,41,41,22,183.70,4041.40
9970,9971,2022121303001698,NIFRA,21,41,32,183.80,5881.60
9971,9972,2022121303001697,NIFRA,21,58,54,183.80,9925.20
9972,9973,2022121301002833,SBL,49,40,10,311.50,3115.00
9973,9974,2022121301002832,SGHC,21,38,10,250.00,2500.00
9974,9975,2022121304001436,RHPL,19,42,175,226.00,39550.00
9975,9976,2022121303001696,NLIC,41,19,20,611.00,12220.00
9976,9977,2022121303001695,NRIC,34,41,16,690.10,11041.60
9977,9978,2022121303001694,JBBL,25,14,61,275.50,16805.50
9978,9979,2022121303001693,JBBL,53,14,50,275.50,13775.00
9979,9980,2022121303001692,JBBL,32,14,100,276.00,27600.00
9980,9981,2022121303001691,JBBL,35,14,100,276.00,27600.00
9981,9982,2022121303001690,NIFRA,21,56,64,183.80,11763.20
9982,9983,2022121301002831,SHIVM,48,41,50,545.00,27250.00
9983,9984,2022121301002830,EBL,40,44,60,440.00,26400.00
9984,9985,2022121301002829,EBL,32,44,200,440.00,88000.00
9985,9986,2022121301002828,EBL,21,44,1000,440.00,440000.00
9986,9987,2022121301002827,EBL,45,44,25,440.00,11000.00
9987,9988,2022121301002826,EBL,45,44,10,440.00,4400.00
9988,9989,2022121301002825,EBL,4,44,10,440.00,4400.00
9989,9990,2022121301002824,EBL,5,44,565,441.00,249165.00
9990,9991,2022121301002823,EBL,53,44,200,441.00,88200.00
9991,9992,2022121301002822,EBL,56,44,300,441.00,132300.00
9992,9993,2022121301002821,EBL,53,44,100,442.00,44200.00
9993,9994,2022121301002820,EBL,58,44,10,442.00,4420.00
9994,9995,2022121301002819,EBL,58,44,20,442.00,8840.00
9995,9996,2022121301002818,NABIL,44,54,20,807.00,16140.00
9996,9997,2022121301002817,NIB,49,19,67,219.60,14713.20
9997,9998,2022121303001689,NMFBS,57,22,25,2020.00,50500.00
9998,9999,2022121304001435,UPCL,57,36,500,215.00,107500.00
9999,10000,2022121304001434,API,41,6,100,208.00,20800.00
10000,10001,2022121301002816,PRVU,5,40,48,199.10,9556.80
10001,10002,2022121301002815,ADBL,58,47,50,311.00,15550.00
10002,10003,2022121304001433,UMHL,57,3,100,225.40,22540.00
10003,10004,2022121301002814,HDL,56,21,31,3830.00,118730.00
10004,10005,2022121301002813,HDL,26,21,15,3830.10,57451.50
10005,10006,2022121301002812,HDL,36,21,50,3830.20,191510.00
10006,10007,2022121301002811,SGHC,45,49,10,248.50,2485.00
10007,10008,2022121301002810,RHGCL,57,42,10,206.00,2060.00
10008,10009,2022121301002809,SDBD87,45,48,25,757.10,18927.50
10009,10010,2022121303001688,SHINE,34,41,74,331.10,24501.40
10010,10011,2022121303001687,CBBL,29,28,20,1102.00,22040.00
10011,10012,2022121301002808,HDL,36,21,50,3830.20,191510.00
10012,10013,2022121301002807,CYCL,1,48,10,2260.20,22602.00
10013,10014,2022121303001686,JFL,38,8,18,372.00,6696.00
10014,10015,2022121303001685,MLBL,58,1,50,341.00,17050.00
10015,10016,2022121303001684,MLBL,44,1,100,341.00,34100.00
10016,10017,2022121303001683,MLBL,55,1,107,341.00,36487.00
10017,10018,2022121301002806,BHDC,45,16,10,341.00,3410.00
10018,10019,2022121305000383,MBJC,16,49,10,206.20,2062.00
10019,10020,2022121303001682,CBBL,58,57,10,1104.00,11040.00
10020,10021,2022121301002805,HDL,38,14,12,3831.00,45972.00
10021,10022,2022121303001681,GUFL,45,6,50,519.40,25970.00
10022,10023,2022121304001432,HEI,53,11,329,361.00,118769.00
10023,10024,2022121304001431,HEI,34,11,200,361.10,72220.00
10024,10025,2022121304001430,HEI,56,11,200,361.10,72220.00
10025,10026,2022121304001429,HEI,58,11,17,361.20,6140.40
10026,10027,2022121304001428,UPCL,57,52,500,215.00,107500.00
10027,10028,2022121303001680,SKBBL,8,35,10,1120.00,11200.00
10028,10029,2022121301002804,NIB,33,45,10,219.70,2197.00
10029,10030,2022121301002803,NIB,33,45,10,219.70,2197.00
10030,10031,2022121304001427,IGI,38,58,13,362.10,4707.30
10031,10032,2022121303001679,SMFDB,14,13,81,1239.00,100359.00
10032,10033,2022121301002802,KDBY,29,58,100,7.97,797.00
10033,10034,2022121301002801,BOKL,52,49,70,206.00,14420.00
10034,10035,2022121301002800,USHEC,56,49,10,247.30,2473.00
10035,10036,2022121301002799,SGHC,44,16,10,248.40,2484.00
10036,10037,2022121301002798,RHGCL,57,6,10,206.00,2060.00
10037,10038,2022121304001426,CHL,37,45,70,208.90,14623.00
10038,10039,2022121305000382,JALPA,40,47,35,3360.00,117600.00
10039,10040,2022121305000381,JALPA,6,21,10,3350.00,33500.00
10040,10041,2022121305000380,JALPA,6,21,10,3350.00,33500.00
10041,10042,2022121305000379,JALPA,45,21,25,3350.00,83750.00
10042,10043,2022121305000378,JALPA,45,21,10,3350.00,33500.00
10043,10044,2022121305000377,JALPA,4,21,30,3350.00,100500.00
10044,10045,2022121303001678,GUFL,34,28,320,520.00,166400.00
10045,10046,2022121303001677,GUFL,32,28,160,520.00,83200.00
10046,10047,2022121303001676,GUFL,35,28,500,520.30,260150.00
10047,10048,2022121303001675,GUFL,42,28,137,520.30,71281.10
10048,10049,2022121303001674,GUFL,36,28,10,520.40,5204.00
10049,10050,2022121301002797,HHL,52,49,10,214.10,2141.00
10050,10051,2022121303001673,NRIC,58,7,10,691.00,6910.00
10051,10052,2022121301002796,ADBL,6,47,10,311.00,3110.00
10052,10053,2022121301002795,BOKL,52,29,80,206.00,16480.00
10053,10054,2022121301002794,BOKL,49,29,12,206.00,2472.00
10054,10055,2022121301002793,BOKL,58,29,51,206.00,10506.00
10055,10056,2022121301002792,BOKL,38,29,357,206.00,73542.00
10056,10057,2022121301002791,SCB,17,11,190,404.90,76931.00
10057,10058,2022121301002790,SCB,17,49,10,404.80,4048.00
10058,10059,2022121301002789,NMB,45,40,12,230.00,2760.00
10059,10060,2022121301002788,NMB,42,40,20,230.00,4600.00
10060,10061,2022121301002787,GBIME,21,25,495,210.00,103950.00
10061,10062,2022121301002786,GBIME,17,25,67,210.00,14070.00
10062,10063,2022121301002785,GBIME,41,25,550,210.10,115555.00
10063,10064,2022121301002784,GBIME,33,25,10,210.10,2101.00
10064,10065,2022121301002783,GBIME,14,25,11,210.20,2312.20
10065,10066,2022121301002782,GBIME,33,25,10,210.20,2102.00
10066,10067,2022121301002781,GBIME,17,25,357,210.20,75041.40
10067,10068,2022121304001425,API,41,6,23,208.00,4784.00
10068,10069,2022121304001424,API,19,6,10,208.20,2082.00
10069,10070,2022121304001423,API,58,6,67,208.20,13949.40
10070,10071,2022121305000376,MLBS,49,39,70,998.00,69860.00
10071,10072,2022121305000375,MLBS,43,39,100,999.00,99900.00
10072,10073,2022121305000374,MLBS,57,39,100,999.10,99910.00
10073,10074,2022121305000373,MLBS,14,39,20,1000.00,20000.00
10074,10075,2022121305000372,MLBS,57,39,10,1000.10,10001.00
10075,10076,2022121304001422,AKJCL,48,7,100,170.50,17050.00
10076,10077,2022121304001421,UMRH,58,14,10,409.00,4090.00
10077,10078,2022121304001420,MHNL,11,38,30,248.00,7440.00
10078,10079,2022121304001419,API,58,22,128,208.20,26649.60
10079,10080,2022121304001418,SHEL,55,6,10,230.10,2301.00
10080,10081,2022121303001672,NRIC,58,38,30,691.00,20730.00
10081,10082,2022121303001671,NRIC,19,38,10,692.00,6920.00
10082,10083,2022121303001670,MLBBL,56,7,20,1001.00,20020.00
10083,10084,2022121303001669,MLBBL,18,7,100,1001.20,100120.00
10084,10085,2022121303001668,MLBBL,57,7,11,1002.00,11022.00
10085,10086,2022121303001667,MLBBL,56,7,10,1003.00,10030.00
10086,10087,2022121303001666,MLBBL,8,7,10,1004.00,10040.00
10087,10088,2022121301002780,NABIL,1,57,10,805.00,8050.00
10088,10089,2022121301002779,SGHC,44,49,10,248.40,2484.00
10089,10090,2022121301002778,AVYAN,7,16,10,691.40,6914.00
10090,10091,2022121305000371,JBLB,42,34,10,2725.00,27250.00
10091,10092,2022121305000370,MBJC,16,35,10,206.20,2062.00
10092,10093,2022121303001665,MLBL,55,41,10,341.00,3410.00
10093,10094,2022121304001417,RIDI,17,34,55,487.00,26785.00
10094,10095,2022121304001416,RIDI,5,34,20,487.10,9742.00
10095,10096,2022121304001415,UPPER,34,47,100,386.00,38600.00
10096,10097,2022121304001414,AKJCL,48,7,50,170.50,8525.00
10097,10098,2022121301002777,ADBLD83,43,58,50,931.00,46550.00
10098,10099,2022121301002776,NABIL,52,57,10,805.00,8050.00
10099,10100,2022121301002775,GBIME,17,46,93,210.20,19548.60
10100,10101,2022121305000369,MLBS,57,39,10,1000.10,10001.00
10101,10102,2022121301002774,SGHC,44,55,10,248.40,2484.00
10102,10103,2022121301002773,RFPL,19,6,10,223.00,2230.00
10103,10104,2022121303001664,NIFRA,41,14,10,183.70,1837.00
10104,10105,2022121305000368,SLI,51,55,10,329.50,3295.00
10105,10106,2022121301002772,AVYAN,42,56,10,692.00,6920.00
10106,10107,2022121303001663,NLBBL,14,50,202,813.00,164226.00
10107,10108,2022121301002771,NABIL,49,57,20,805.00,16100.00
10108,10109,2022121304001413,NIL,37,1,25,716.00,17900.00
10109,10110,2022121303001662,NMFBS,58,22,10,2020.00,20200.00
10110,10111,2022121301002770,SGHC,44,49,10,248.40,2484.00
10111,10112,2022121304001412,RHPL,19,34,10,225.50,2255.00
10112,10113,2022121303001661,KMCDB,45,49,60,871.10,52266.00
10113,10114,2022121303001660,DDBL,45,16,104,1027.00,106808.00
10114,10115,2022121301002769,NICFC,45,25,100,7.82,782.00
10115,10116,2022121304001411,PIC,49,1,10,511.10,5111.00
10116,10117,2022121301002768,NABIL,1,57,10,805.00,8050.00
10117,10118,2022121301002767,MEGA,58,6,60,196.00,11760.00
10118,10119,2022121301002766,BHDC,45,16,10,341.00,3410.00
10119,10120,2022121301002765,NABIL,53,57,40,805.00,32200.00
10120,10121,2022121303001659,MLBL,4,41,68,342.00,23256.00
10121,10122,2022121304001410,API,44,32,30,209.90,6297.00
10122,10123,2022121301002764,NABIL,4,57,10,805.00,8050.00
10123,10124,2022121301002763,NABIL,4,57,40,805.00,32200.00
10124,10125,2022121305000367,JALPA,4,38,10,3350.00,33500.00
10125,10126,2022121305000366,SAHAS,45,55,10,447.60,4476.00
10126,10127,2022121305000365,MBJC,16,49,10,206.20,2062.00
10127,10128,2022121304001409,KEF,7,58,300,8.00,2400.00
10128,10129,2022121304001408,RHPL,19,42,20,226.00,4520.00
10129,10130,2022121301002762,BOKL,38,48,33,206.00,6798.00
10130,10131,2022121303001658,NUBL,58,32,105,888.00,93240.00
10131,10132,2022121301002761,CCBL,40,10,105,189.00,19845.00
10132,10133,2022121301002760,NBL,38,55,57,275.00,15675.00
10133,10134,2022121304001407,UPPER,34,47,100,386.00,38600.00
10134,10135,2022121304001406,UPPER,41,47,50,386.00,19300.00
10135,10136,2022121304001405,UPPER,48,47,20,386.00,7720.00
10136,10137,2022121304001404,UPPER,4,47,100,386.00,38600.00
10137,10138,2022121304001403,UPPER,14,47,12,386.00,4632.00
10138,10139,2022121304001402,UPPER,49,47,50,386.00,19300.00
10139,10140,2022121304001401,UPPER,33,47,200,386.00,77200.00
10140,10141,2022121304001400,UPPER,45,47,10,386.00,3860.00
10141,10142,2022121304001399,UPPER,16,47,50,386.00,19300.00
10142,10143,2022121304001398,UPPER,34,47,133,386.00,51338.00
10143,10144,2022121304001397,UPPER,34,47,70,387.00,27090.00
10144,10145,2022121304001396,AKJCL,48,7,40,170.50,6820.00
10145,10146,2022121301002759,RFPL,19,6,10,223.00,2230.00
10146,10147,2022121305000364,JALPA,4,47,260,3350.00,871000.00
10147,10148,2022121305000363,JALPA,34,47,10,3355.00,33550.00
10148,10149,2022121305000362,JALPA,38,47,30,3355.10,100653.00
10149,10150,2022121304001395,SHEL,56,38,90,232.10,20889.00
10150,10151,2022121303001657,FOWAD,45,21,15,2587.00,38805.00
10151,10152,2022121305000361,SLI,51,49,10,329.50,3295.00
10152,10153,2022121304001394,NIL,37,29,171,716.00,122436.00
10153,10154,2022121304001393,NIL,14,29,99,716.00,70884.00
10154,10155,2022121305000360,MBJC,16,6,10,206.20,2062.00
10155,10156,2022121303001656,NRN,22,16,10,404.00,4040.00
10156,10157,2022121301002758,BOKL,57,19,200,207.00,41400.00
10157,10158,2022121304001392,PSF,7,55,100,7.62,762.00
10158,10159,2022121301002757,BHL,35,49,10,244.20,2442.00
10159,10160,2022121301002756,HDL,38,45,18,3831.00,68958.00
10160,10161,2022121303001655,NTC,49,58,20,883.00,17660.00
10161,10162,2022121304001391,GLH,13,14,10,233.50,2335.00
10162,10163,2022121301002755,MEGA,6,44,783,195.00,152685.00
10163,10164,2022121304001390,GHL,25,40,10,194.00,1940.00
10164,10165,2022121304001389,GHL,25,44,30,193.00,5790.00
10165,10166,2022121301002754,CZBIL,45,57,300,180.10,54030.00
10166,10167,2022121305000359,TPC,17,6,30,320.00,9600.00
10167,10168,2022121305000358,TPC,50,6,10,320.00,3200.00
10168,10169,2022121305000357,JBLB,21,40,11,2711.00,29821.00
10169,10170,2022121305000356,JBLB,17,40,20,2712.00,54240.00
10170,10171,2022121305000355,JBLB,49,40,20,2713.00,54260.00
10171,10172,2022121304001388,RIDI,58,44,100,488.00,48800.00
10172,10173,2022121301002753,HHL,7,6,10,214.20,2142.00
10173,10174,2022121301002752,BHL,35,34,10,244.20,2442.00
10174,10175,2022121304001387,API,56,32,10,209.90,2099.00
10175,10176,2022121301002751,AVYAN,42,6,10,692.00,6920.00
10176,10177,2022121304001386,HEI,58,11,200,362.00,72400.00
10177,10178,2022121301002750,SIKLES,34,38,10,371.00,3710.00
10178,10179,2022121303001654,NRN,22,45,10,403.90,4039.00
10179,10180,2022121303001653,ALICL,13,28,14,505.00,7070.00
10180,10181,2022121301002749,SCB,5,11,450,402.00,180900.00
10181,10182,2022121301002748,SCB,16,11,350,402.00,140700.00
10182,10183,2022121301002747,SCB,45,11,200,402.10,80420.00
10183,10184,2022121304001385,SFMF,36,56,500,8.97,4485.00
10184,10185,2022121301002746,HDL,49,48,75,3835.50,287662.50
10185,10186,2022121301002745,NABIL,44,57,10,805.00,8050.00
10186,10187,2022121304001384,RIDI,49,44,88,488.00,42944.00
10187,10188,2022121301002744,SHIVM,50,49,100,544.00,54400.00
10188,10189,2022121301002743,RHGCL,41,49,10,206.10,2061.00
10189,10190,2022121303001652,SHINE,37,48,70,331.50,23205.00
10190,10191,2022121303001651,HIDCL,45,29,30,166.00,4980.00
10191,10192,2022121303001650,HIDCL,45,29,80,166.00,13280.00
10192,10193,2022121303001649,HIDCL,56,29,70,166.00,11620.00
10193,10194,2022121303001648,HIDCL,21,29,10,166.00,1660.00
10194,10195,2022121303001647,HIDCL,42,29,10,166.00,1660.00
10195,10196,2022121303001646,HIDCL,37,29,100,166.00,16600.00
10196,10197,2022121303001645,HIDCL,4,29,519,166.00,86154.00
10197,10198,2022121303001644,HIDCL,54,29,181,166.50,30136.50
10198,10199,2022121304001383,LEMF,56,10,6625,7.77,51476.25
10199,10200,2022121303001643,CIT,1,44,10,1851.10,18511.00
10200,10201,2022121301002742,PRVU,16,14,1331,199.00,264869.00
10201,10202,2022121301002741,PRVU,38,14,1000,199.00,199000.00
10202,10203,2022121301002740,PRVU,57,14,300,199.00,59700.00
10203,10204,2022121301002739,PRVU,54,14,20,199.00,3980.00
10204,10205,2022121301002738,PRVU,55,14,200,199.00,39800.00
10205,10206,2022121301002737,PRVU,1,14,18,199.00,3582.00
10206,10207,2022121301002736,PRVU,16,14,200,199.10,39820.00
10207,10208,2022121301002735,PRVU,58,14,694,199.30,138314.20
10208,10209,2022121301002734,PRVU,42,14,25,199.50,4987.50
10209,10210,2022121301002733,PRVU,53,14,20,199.50,3990.00
10210,10211,2022121301002732,PRVU,8,14,500,199.70,99850.00
10211,10212,2022121301002731,PRVU,59,14,100,200.00,20000.00
10212,10213,2022121301002730,PRVU,48,14,300,200.00,60000.00
10213,10214,2022121301002729,PRVU,49,14,292,200.00,58400.00
10214,10215,2022121301002728,HHL,7,49,10,215.00,2150.00
10215,10216,2022121301002727,RFPL,42,45,10,223.10,2231.00
10216,10217,2022121303001642,SWMF,58,37,49,712.00,34888.00
10217,10218,2022121305000354,JALPA,43,47,15,3360.00,50400.00
10218,10219,2022121301002726,SANIMA,16,59,16,225.10,3601.60
10219,10220,2022121301002725,PPL,46,45,10,200.00,2000.00
10220,10221,2022121301002724,SHIVM,50,42,60,544.00,32640.00
10221,10222,2022121301002723,NABIL,55,57,22,805.00,17710.00
10222,10223,2022121301002722,NABIL,29,57,23,805.00,18515.00
10223,10224,2022121305000353,MBJC,16,44,50,206.20,10310.00
10224,10225,2022121303001641,NLICL,16,51,500,499.00,249500.00
10225,10226,2022121303001640,NLICL,34,51,50,500.00,25000.00
10226,10227,2022121303001639,NLICL,48,51,120,500.00,60000.00
10227,10228,2022121301002721,SHIVM,45,58,20,544.00,10880.00
10228,10229,2022121301002720,SHIVM,49,58,30,544.00,16320.00
10229,10230,2022121304001382,AKJCL,7,56,10,171.90,1719.00
10230,10231,2022121303001638,NRN,22,14,10,403.00,4030.00
10231,10232,2022121303001637,NFS,39,17,10,258.00,2580.00
10232,10233,2022121303001636,NFS,17,17,10,258.00,2580.00
10233,10234,2022121301002719,SIKLES,34,14,10,371.00,3710.00
10234,10235,2022121301002718,NBL,48,48,200,275.10,55020.00
10235,10236,2022121303001635,MLBL,4,46,17,342.00,5814.00
10236,10237,2022121301002717,NABIL,49,14,69,805.00,55545.00
10237,10238,2022121301002716,NABIL,52,14,100,805.00,80500.00
10238,10239,2022121301002715,NABIL,19,14,31,805.00,24955.00
10239,10240,2022121304001381,UPPER,32,3,50,387.50,19375.00
10240,10241,2022121301002714,USHEC,56,59,100,247.30,24730.00
10241,10242,2022121304001380,STC,33,49,47,3576.00,168072.00
10242,10243,2022121304001379,STC,47,49,10,3576.00,35760.00
10243,10244,2022121304001378,STC,52,49,10,3576.00,35760.00
10244,10245,2022121304001377,STC,50,49,10,3576.10,35761.00
10245,10246,2022121301002713,NICA,44,26,17,675.00,11475.00
10246,10247,2022121301002712,NICA,57,26,20,675.00,13500.00
10247,10248,2022121301002711,NICA,56,26,10,675.00,6750.00
10248,10249,2022121301002710,NICA,28,26,500,675.00,337500.00
10249,10250,2022121301002709,NICA,16,26,71,675.00,47925.00
10250,10251,2022121301002708,NICA,7,26,22,675.00,14850.00
10251,10252,2022121301002707,NICA,35,26,360,675.10,243036.00
10252,10253,2022121301002706,CCBL,1,46,64,187.00,11968.00
10253,10254,2022121301002705,USHEC,56,44,230,247.30,56879.00
10254,10255,2022121301002704,HBL,35,40,58,323.00,18734.00
10255,10256,2022121301002703,HBL,48,40,19,323.10,6138.90
10256,10257,2022121301002702,HBL,55,40,165,323.20,53328.00
10257,10258,2022121301002701,SHIVM,49,1,20,544.00,10880.00
10258,10259,2022121304001376,HEI,58,41,13,361.20,4695.60
10259,10260,2022121303001634,HIDCL,4,22,140,166.00,23240.00
10260,10261,2022121303001633,DDBL,45,52,10,1027.00,10270.00
10261,10262,2022121303001632,NFS,17,16,40,258.00,10320.00
10262,10263,2022121304001375,CHL,18,45,10,208.90,2089.00
10263,10264,2022121304001374,UPPER,22,58,20,388.00,7760.00
10264,10265,2022121304001373,UPPER,57,58,100,388.00,38800.00
10265,10266,2022121301002700,MEGA,6,33,1930,195.00,376350.00
10266,10267,2022121304001372,NMB50,10,29,100,9.06,906.00
10267,10268,2022121301002699,NABIL,19,14,19,805.00,15295.00
10268,10269,2022121301002698,NABIL,51,14,10,805.00,8050.00
10269,10270,2022121301002697,SHIVM,25,28,50,545.00,27250.00
10270,10271,2022121301002696,SIKLES,34,57,10,371.00,3710.00
10271,10272,2022121301002695,SHIVM,42,28,10,545.00,5450.00
10272,10273,2022121301002694,SHIVM,42,28,10,545.00,5450.00
10273,10274,2022121301002693,SHIVM,14,28,500,545.00,272500.00
10274,10275,2022121301002692,SHIVM,29,28,50,545.00,27250.00
10275,10276,2022121301002691,SHIVM,45,28,817,545.00,445265.00
10276,10277,2022121304001371,RIDI,49,58,75,488.00,36600.00
10277,10278,2022121304001370,RIDI,56,58,10,488.00,4880.00
10278,10279,2022121304001369,RIDI,33,58,15,488.50,7327.50
10279,10280,2022121301002690,PRVU,49,19,108,200.00,21600.00
10280,10281,2022121304001368,LEMF,56,10,3375,7.77,26223.75
10281,10282,2022121301002689,PPL,6,58,20,199.00,3980.00
10282,10283,2022121304001367,SICL,25,57,30,765.00,22950.00
10283,10284,2022121304001366,SICL,59,57,20,765.00,15300.00
10284,10285,2022121303001631,SMFDB,45,58,50,1241.00,62050.00
10285,10286,2022121301002688,USHEC,56,6,10,247.30,2473.00
10286,10287,2022121304001365,LEC,32,16,10,220.30,2203.00
10287,10288,2022121304001364,LEC,32,17,30,220.00,6600.00
10288,10289,2022121304001363,LEC,32,57,20,220.00,4400.00
10289,10290,2022121301002687,NIB,50,40,42,220.00,9240.00
10290,10291,2022121301002686,NIB,47,40,69,220.00,15180.00
10291,10292,2022121301002685,NIB,33,40,10,220.10,2201.00
10292,10293,2022121301002684,NIB,33,40,15,220.10,3301.50
10293,10294,2022121301002683,NABIL,51,14,10,805.00,8050.00
10294,10295,2022121301002682,NABIL,42,14,10,805.00,8050.00
10295,10296,2022121303001630,ALBSL,58,25,11,930.00,10230.00
10296,10297,2022121303001629,NTC,6,58,500,885.00,442500.00
10297,10298,2022121303001628,NTC,6,58,200,885.00,177000.00
10298,10299,2022121303001627,NTC,21,58,19,885.00,16815.00
10299,10300,2022121305000352,MBJC,16,6,10,206.20,2062.00
10300,10301,2022121301002681,KBL,42,43,100,185.00,18500.00
10301,10302,2022121301002680,NABIL,49,14,11,805.00,8855.00
10302,10303,2022121303001626,NLIC,18,57,20,612.00,12240.00
10303,10304,2022121303001625,CIT,13,45,100,1850.00,185000.00
10304,10305,2022121303001624,CIT,58,45,30,1850.00,55500.00
10305,10306,2022121303001623,CIT,21,45,63,1855.00,116865.00
10306,10307,2022121303001622,HIDCL,45,22,100,166.50,16650.00
10307,10308,2022121301002679,AVYAN,42,58,10,692.00,6920.00
10308,10309,2022121304001362,LEMF,7,10,375,7.72,2895.00
10309,10310,2022121301002678,GVL,6,6,10,310.00,3100.00
10310,10311,2022121301002677,NABIL,49,14,37,805.00,29785.00
10311,10312,2022121301002676,NABIL,59,14,50,805.00,40250.00
10312,10313,2022121301002675,NABIL,25,14,30,805.00,24150.00
10313,10314,2022121301002674,NABIL,19,14,50,805.00,40250.00
10314,10315,2022121301002673,NABIL,58,14,10,805.00,8050.00
10315,10316,2022121301002672,NABIL,57,14,29,805.00,23345.00
10316,10317,2022121301002671,NABIL,49,14,31,805.00,24955.00
10317,10318,2022121301002670,NABIL,58,14,63,805.00,50715.00
10318,10319,2022121301002669,SIKLES,34,56,10,371.00,3710.00
10319,10320,2022121301002668,SHIVM,41,55,80,545.10,43608.00
10320,10321,2022121304001361,UPPER,57,36,105,389.00,40845.00
10321,10322,2022121301002667,ADBL,49,32,10,312.00,3120.00
10322,10323,2022121303001621,MNBBL,58,16,10,423.50,4235.00
10323,10324,2022121305000351,RULB,16,58,10,880.00,8800.00
10324,10325,2022121304001360,KPCL,58,59,11,318.90,3507.90
10325,10326,2022121301002666,SIKLES,34,38,10,371.00,3710.00
10326,10327,2022121301002665,PRVU,57,19,35,200.00,7000.00
10327,10328,2022121304001359,SHPC,41,56,25,271.90,6797.50
10328,10329,2022121304001358,PPCL,36,45,55,284.00,15620.00
10329,10330,2022121303001620,KSBBL,3,49,77,306.40,23592.80
10330,10331,2022121301002664,HDL,49,53,40,3830.00,153200.00
10331,10332,2022121301002663,HDL,49,53,10,3835.00,38350.00
10332,10333,2022121301002662,RHGCL,41,40,10,206.10,2061.00
10333,10334,2022121301002661,SHIVM,41,47,270,545.10,147177.00
10334,10335,2022121301002660,SHIVM,42,47,50,545.10,27255.00
10335,10336,2022121301002659,SHIVM,42,47,50,545.20,27260.00
10336,10337,2022121301002658,SHIVM,42,47,50,545.30,27265.00
10337,10338,2022121303001619,DDBL,51,45,95,1027.10,97574.50
10338,10339,2022121303001618,SKBBL,45,59,25,1115.20,27880.00
10339,10340,2022121301002657,NABIL,49,19,48,806.00,38688.00
10340,10341,2022121301002656,USHEC,56,39,40,247.30,9892.00
10341,10342,2022121301002655,USHEC,53,39,190,247.30,46987.00
10342,10343,2022121301002654,USHEC,58,39,20,247.40,4948.00
10343,10344,2022121304001357,UPPER,57,58,38,388.00,14744.00
10344,10345,2022121305000350,SLI,42,57,10,329.60,3296.00
10345,10346,2022121303001617,GBBL,32,45,287,378.00,108486.00
10346,10347,2022121303001616,RMDC,8,7,84,935.10,78548.40
10347,10348,2022121303001615,NFS,17,52,50,258.00,12900.00
10348,10349,2022121303001614,NFS,58,52,50,258.00,12900.00
10349,10350,2022121301002653,PPL,6,46,10,199.00,1990.00
10350,10351,2022121301002652,EBL,53,38,100,443.00,44300.00
10351,10352,2022121303001613,NLICL,3,44,30,500.00,15000.00
10352,10353,2022121303001612,NLICL,42,44,20,500.10,10002.00
10353,10354,2022121301002651,CZBIL,58,48,10,181.00,1810.00
10354,10355,2022121301002650,NABIL,58,34,100,805.00,80500.00
10355,10356,2022121301002649,GVL,6,6,10,310.00,3100.00
10356,10357,2022121303001611,SMFDB,32,16,15,1241.00,18615.00
10357,10358,2022121304001356,UPPER,49,41,50,387.00,19350.00
10358,10359,2022121304001355,BARUN,17,50,50,202.60,10130.00
10359,10360,2022121301002648,USHEC,58,58,10,247.40,2474.00
10360,10361,2022121303001610,GFCL,58,49,50,442.00,22100.00
10361,10362,2022121303001609,SMFDB,43,26,20,1241.90,24838.00
10362,10363,2022121303001608,SMFDB,43,6,10,1241.90,12419.00
10363,10364,2022121303001607,CIT,21,45,37,1855.00,68635.00
10364,10365,2022121303001606,CIT,22,45,10,1855.00,18550.00
10365,10366,2022121303001605,CIT,33,45,50,1855.00,92750.00
10366,10367,2022121303001604,CIT,43,45,16,1855.00,29680.00
10367,10368,2022121303001603,CIT,16,45,50,1856.00,92800.00
10368,10369,2022121303001602,CIT,16,45,50,1857.00,92850.00
10369,10370,2022121303001601,CIT,57,45,60,1857.00,111420.00
10370,10371,2022121303001600,CIT,45,45,27,1858.00,50166.00
10371,10372,2022121304001354,NIL,14,33,300,716.00,214800.00
10372,10373,2022121301002647,SHIVM,4,42,40,547.00,21880.00
10373,10374,2022121303001599,FMDBL,43,41,15,705.00,10575.00
10374,10375,2022121303001598,FMDBL,53,41,25,705.10,17627.50
10375,10376,2022121304001353,AKJCL,38,56,125,171.90,21487.50
10376,10377,2022121305000349,SAHAS,45,34,10,447.60,4476.00
10377,10378,2022121301002646,HDL,45,4,10,3830.00,38300.00
10378,10379,2022121301002645,DORDI,7,42,10,230.00,2300.00
10379,10380,2022121301002644,DORDI,7,49,10,230.00,2300.00
10380,10381,2022121301002643,NABIL,29,19,20,806.00,16120.00
10381,10382,2022121303001597,RMDC,51,7,50,940.00,47000.00
10382,10383,2022121303001596,RMDC,19,7,10,940.00,9400.00
10383,10384,2022121303001595,RMDC,45,7,50,940.00,47000.00
10384,10385,2022121303001594,RMDC,46,7,50,940.10,47005.00
10385,10386,2022121303001593,RMDC,45,7,185,940.10,173918.50
10386,10387,2022121301002642,CZBIL,45,48,50,180.10,9005.00
10387,10388,2022121301002641,CCBL,1,45,140,187.00,26180.00
10388,10389,2022121301002640,ADBL,49,19,10,311.00,3110.00
10389,10390,2022121303001592,LBBL,22,58,100,317.10,31710.00
10390,10391,2022121301002639,CZBIL,52,10,200,180.50,36100.00
10391,10392,2022121303001591,FMDBL,34,45,500,708.00,354000.00
10392,10393,2022121303001590,FMDBL,34,33,500,708.00,354000.00
10393,10394,2022121301002638,NABIL,58,59,137,805.00,110285.00
10394,10395,2022121301002637,NABIL,56,59,20,805.00,16100.00
10395,10396,2022121301002636,NABIL,38,59,15,805.00,12075.00
10396,10397,2022121303001589,GBBL,32,49,42,378.00,15876.00
10397,10398,2022121301002635,BOKL,32,19,90,207.00,18630.00
10398,10399,2022121303001588,JBBL,52,34,50,277.00,13850.00
10399,10400,2022121303001587,JBBL,26,34,200,277.00,55400.00
10400,10401,2022121301002634,CZBIL,45,48,500,180.10,90050.00
10401,10402,2022121305000348,SAHAS,45,45,10,448.00,4480.00
10402,10403,2022121305000347,SAHAS,45,34,10,448.00,4480.00
10403,10404,2022121303001586,SMFDB,43,14,30,1241.00,37230.00
10404,10405,2022121303001585,SMFDB,43,52,30,1241.00,37230.00
10405,10406,2022121303001584,SMFDB,43,51,10,1241.00,12410.00
10406,10407,2022121301002633,SANIMA,16,59,30,225.10,6753.00
10407,10408,2022121301002632,NABIL,42,14,19,805.00,15295.00
10408,10409,2022121301002631,NABIL,13,14,20,805.00,16100.00
10409,10410,2022121301002630,NABIL,55,14,60,805.00,48300.00
10410,10411,2022121301002629,NABIL,6,14,10,805.00,8050.00
10411,10412,2022121301002628,NABIL,42,14,10,805.00,8050.00
10412,10413,2022121301002627,NABIL,35,14,50,805.00,40250.00
10413,10414,2022121301002626,NABIL,38,14,80,805.00,64400.00
10414,10415,2022121301002625,NABIL,57,14,100,805.00,80500.00
10415,10416,2022121301002624,NABIL,58,14,100,805.00,80500.00
10416,10417,2022121301002623,NABIL,20,14,50,805.00,40250.00
10417,10418,2022121303001583,RLFL,13,56,22,292.00,6424.00
10418,10419,2022121303001582,RLFL,19,56,50,292.30,14615.00
10419,10420,2022121303001581,SADBL,49,43,150,300.00,45000.00
10420,10421,2022121303001580,FMDBL,34,20,548,708.90,388477.20
10421,10422,2022121304001352,GHL,57,45,150,191.00,28650.00
10422,10423,2022121304001351,GHL,6,45,100,192.00,19200.00
10423,10424,2022121304001350,GHL,26,45,50,192.00,9600.00
10424,10425,2022121304001349,GHL,53,45,100,193.60,19360.00
10425,10426,2022121304001348,AKJCL,40,42,429,170.10,72972.90
10426,10427,2022121301002622,HDL,13,21,20,3830.00,76600.00
10427,10428,2022121301002621,GBIME,45,19,50,211.00,10550.00
10428,10429,2022121305000346,JBLB,21,28,17,2711.00,46087.00
10429,10430,2022121301002620,HDL,57,4,10,3830.00,38300.00
10430,10431,2022121301002619,ADBL,42,19,200,311.00,62200.00
10431,10432,2022121301002618,AVYAN,3,14,30,691.50,20745.00
10432,10433,2022121305000345,MLBS,49,42,10,1019.50,10195.00
10433,10434,2022121303001579,NTC,21,49,31,885.00,27435.00
10434,10435,2022121303001578,NTC,59,49,40,885.00,35400.00
10435,10436,2022121303001577,NTC,22,49,52,885.00,46020.00
10436,10437,2022121303001576,NTC,58,49,50,885.20,44260.00
10437,10438,2022121303001575,NTC,19,49,157,885.20,138976.40
10438,10439,2022121301002617,RHGCL,41,54,10,206.10,2061.00
10439,10440,2022121304001347,NICSF,36,35,300,7.93,2379.00
10440,10441,2022121304001346,NICSF,36,35,300,7.93,2379.00
10441,10442,2022121304001345,NICSF,36,14,500,7.93,3965.00
10442,10443,2022121304001344,HPPL,25,52,275,244.10,67127.50
10443,10444,2022121304001343,HPPL,38,52,25,244.10,6102.50
10444,10445,2022121304001342,HPPL,21,52,50,244.10,12205.00
10445,10446,2022121304001341,HPPL,22,52,100,244.50,24450.00
10446,10447,2022121304001340,HPPL,34,52,100,244.50,24450.00
10447,10448,2022121304001339,HPPL,47,52,100,245.00,24500.00
10448,10449,2022121304001338,HPPL,22,52,50,245.10,12255.00
10449,10450,2022121304001337,HPPL,25,52,100,245.20,24520.00
10450,10451,2022121304001336,RIDI,46,55,575,489.00,281175.00
10451,10452,2022121304001335,RIDI,46,47,425,489.00,207825.00
10452,10453,2022121301002616,NABIL,38,57,81,805.00,65205.00
10453,10454,2022121301002615,NABIL,1,57,200,805.10,161020.00
10454,10455,2022121301002614,NABIL,34,57,100,805.10,80510.00
10455,10456,2022121301002613,NABIL,1,57,19,805.20,15298.80
10456,10457,2022121301002612,SHIVM,1,34,150,548.90,82335.00
10457,10458,2022121304001334,UPPER,49,38,60,387.00,23220.00
10458,10459,2022121301002611,HDL,38,53,50,3830.00,191500.00
10459,10460,2022121303001574,SMFDB,7,58,50,1240.00,62000.00
10460,10461,2022121301002610,GVL,6,49,10,310.00,3100.00
10461,10462,2022121301002609,ADBL,56,19,10,311.00,3110.00
10462,10463,2022121304001333,API,58,32,62,208.20,12908.40
10463,10464,2022121303001573,MNBBL,32,45,500,419.00,209500.00
10464,10465,2022121303001572,MNBBL,58,45,200,419.00,83800.00
10465,10466,2022121301002608,SANIMA,26,43,37,225.50,8343.50
10466,10467,2022121301002607,CZBIL,45,48,486,180.10,87528.60
10467,10468,2022121301002606,CZBIL,25,48,14,180.20,2522.80
10468,10469,2022121303001571,HIDCL,57,8,10,167.00,1670.00
10469,10470,2022121301002605,NABIL,1,59,81,805.20,65221.20
10470,10471,2022121301002604,NABIL,4,59,21,805.20,16909.20
10471,10472,2022121301002603,NABIL,34,59,70,806.00,56420.00
10472,10473,2022121301002602,NABIL,54,59,22,806.00,17732.00
10473,10474,2022121301002601,NABIL,57,59,50,806.00,40300.00
10474,10475,2022121301002600,NABIL,22,59,10,807.00,8070.00
10475,10476,2022121301002599,NABIL,33,59,21,807.00,16947.00
10476,10477,2022121301002598,NABIL,56,59,10,807.00,8070.00
10477,10478,2022121301002597,NABIL,41,59,15,807.10,12106.50
10478,10479,2022121304001332,SJCL,33,34,10,218.40,2184.00
10479,10480,2022121301002596,NABIL,49,7,15,808.00,12120.00
10480,10481,2022121304001331,NHPC,51,58,50,201.00,10050.00
10481,10482,2022121303001570,NICLBSL,44,32,80,711.00,56880.00
10482,10483,2022121303001569,NICLBSL,42,32,10,711.00,7110.00
10483,10484,2022121303001568,NICLBSL,34,32,100,711.10,71110.00
10484,10485,2022121303001567,NICLBSL,32,32,10,712.00,7120.00
10485,10486,2022121304001330,CHCL,44,6,91,380.10,34589.10
10486,10487,2022121304001329,CHCL,45,6,150,380.20,57030.00
10487,10488,2022121304001328,CHCL,6,6,100,380.30,38030.00
10488,10489,2022121304001327,CHCL,45,6,50,380.40,19020.00
10489,10490,2022121304001326,CHCL,49,6,100,381.00,38100.00
10490,10491,2022121304001325,AKJCL,40,56,100,170.10,17010.00
10491,10492,2022121301002595,CCBL,8,8,32035,187.10,5993748.50
10492,10493,2022121301002594,UHEWA,57,57,10,347.70,3477.00
10493,10494,2022121304001324,CHL,20,38,26,204.90,5327.40
10494,10495,2022121304001323,UPPER,49,34,30,387.00,11610.00
10495,10496,2022121301002593,NESDO,49,58,10,3320.00,33200.00
10496,10497,2022121301002592,NABIL,43,7,60,808.00,48480.00
10497,10498,2022121301002591,NABIL,59,7,10,808.00,8080.00
10498,10499,2022121303001566,NUBL,58,49,95,888.00,84360.00
10499,10500,2022121303001565,NUBL,34,49,10,888.00,8880.00
10500,10501,2022121303001564,JBBL,4,48,22,277.00,6094.00
10501,10502,2022121301002590,UHEWA,57,51,10,347.70,3477.00
10502,10503,2022121305000344,SAHAS,45,57,10,447.60,4476.00
10503,10504,2022121303001563,NTC,19,59,43,885.20,38063.60
10504,10505,2022121303001562,NTC,29,59,10,885.30,8853.00
10505,10506,2022121303001561,NTC,32,59,25,886.00,22150.00
10506,10507,2022121303001560,NTC,41,59,22,887.00,19514.00
10507,10508,2022121303001559,SAPDBL,16,59,30,221.00,6630.00
10508,10509,2022121304001322,UPPER,49,58,10,388.00,3880.00
10509,10510,2022121301002589,HDL,26,32,25,3830.10,95752.50
10510,10511,2022121301002588,ADBL,51,19,30,311.00,9330.00
10511,10512,2022121301002587,GVL,6,57,10,310.00,3100.00
10512,10513,2022121304001321,MEN,44,38,10,723.30,7233.00
10513,10514,2022121303001558,GRDBL,48,59,30,227.10,6813.00
10514,10515,2022121304001320,GIMES1,14,4,100,8.56,856.00
10515,10516,2022121303001557,LBBL,22,39,10,317.10,3171.00
10516,10517,2022121301002586,NBL,38,19,99,275.00,27225.00
10517,10518,2022121301002585,NBL,42,19,29,275.10,7977.90
10518,10519,2022121303001556,ACLBSL,59,8,10,712.00,7120.00
10519,10520,2022121303001555,GUFL,56,6,10,526.00,5260.00
10520,10521,2022121303001554,JBBL,4,38,96,277.00,26592.00
10521,10522,2022121303001553,JBBL,35,38,100,277.00,27700.00
10522,10523,2022121304001319,PIC,22,7,100,510.00,51000.00
10523,10524,2022121304001318,PIC,7,7,40,510.10,20404.00
10524,10525,2022121304001317,PIC,33,7,50,511.00,25550.00
10525,10526,2022121304001316,PIC,14,7,50,511.10,25555.00
10526,10527,2022121304001315,PIC,55,7,20,513.90,10278.00
10527,10528,2022121304001314,PIC,40,7,20,514.00,10280.00
10528,10529,2022121304001313,PIC,33,7,50,514.00,25700.00
10529,10530,2022121304001312,PIC,37,7,100,515.00,51500.00
10530,10531,2022121304001311,PIC,4,7,90,515.00,46350.00
10531,10532,2022121304001310,PIC,8,7,10,515.00,5150.00
10532,10533,2022121304001309,PIC,54,7,120,516.00,61920.00
10533,10534,2022121304001308,PIC,33,7,50,517.00,25850.00
10534,10535,2022121304001307,PIC,33,7,100,517.00,51700.00
10535,10536,2022121303001552,RMDC,45,25,15,940.10,14101.50
10536,10537,2022121303001551,RMDC,58,25,10,941.00,9410.00
10537,10538,2022121304001306,NGPL,36,50,10,207.70,2077.00
10538,10539,2022121301002584,LBL,16,19,40,192.50,7700.00
10539,10540,2022121303001550,FMDBL,34,38,200,708.90,141780.00
10540,10541,2022121301002583,KBL,26,19,30,184.20,5526.00
10541,10542,2022121303001549,SFCL,58,56,500,256.00,128000.00
10542,10543,2022121303001548,JBBL,35,38,100,277.10,27710.00
10543,10544,2022121301002582,GBIME,17,59,30,210.20,6306.00
10544,10545,2022121303001547,ICFC,21,6,76,425.00,32300.00
10545,10546,2022121303001546,ICFC,42,6,24,425.00,10200.00
10546,10547,2022121305000343,MBJC,28,38,10,206.10,2061.00
10547,10548,2022121301002581,SHIVM,4,59,44,548.90,24151.60
10548,10549,2022121303001545,NUBL,51,49,31,889.00,27559.00
10549,10550,2022121301002580,KBL,26,38,100,184.20,18420.00
10550,10551,2022121303001544,KSBBL,3,17,400,306.40,122560.00
10551,10552,2022121301002579,HDL,41,42,43,3835.00,164905.00
10552,10553,2022121304001305,UPPER,49,38,14,387.00,5418.00
10553,10554,2022121304001304,UPPER,34,38,20,388.00,7760.00
10554,10555,2022121301002578,HDL,41,4,10,3835.00,38350.00
10555,10556,2022121301002577,MEGA,41,33,20,195.00,3900.00
10556,10557,2022121301002576,MEGA,14,33,1000,195.00,195000.00
10557,10558,2022121301002575,MEGA,32,33,50,195.00,9750.00
10558,10559,2022121304001303,PIC,4,36,290,520.00,150800.00
10559,10560,2022121304001302,PIC,25,36,200,520.10,104020.00
10560,10561,2022121304001301,PIC,49,36,10,520.50,5205.00
10561,10562,2022121304001300,PIC,45,36,10,524.10,5241.00
10562,10563,2022121301002574,GVL,6,40,582,310.00,180420.00
10563,10564,2022121301002573,GVL,29,40,100,310.00,31000.00
10564,10565,2022121301002572,GVL,32,40,100,310.00,31000.00
10565,10566,2022121301002571,GVL,41,40,100,310.30,31030.00
10566,10567,2022121301002570,GVL,44,40,60,310.70,18642.00
10567,10568,2022121301002569,GVL,38,40,58,310.80,18026.40
10568,10569,2022121301002568,PCBL,14,19,160,224.50,35920.00
10569,10570,2022121303001543,NLICL,42,42,20,501.60,10032.00
10570,10571,2022121304001299,PPCL,36,35,100,284.00,28400.00
10571,10572,2022121301002567,CZBIL,54,48,20,181.00,3620.00
10572,10573,2022121301002566,SIKLES,34,56,1000,373.00,373000.00
10573,10574,2022121301002565,SIKLES,34,56,990,373.00,369270.00
10574,10575,2022121301002564,GVL,45,57,40,311.00,12440.00
10575,10576,2022121301002563,SGHC,21,41,15,250.00,3750.00
10576,10577,2022121304001298,RIDI,41,3,100,488.90,48890.00
10577,10578,2022121301002562,SHIVM,41,59,10,548.90,5489.00
10578,10579,2022121303001542,GILB,11,6,20,1127.00,22540.00
10579,10580,2022121303001541,JBBL,34,38,50,277.20,13860.00
10580,10581,2022121301002561,HDL,41,35,20,3835.00,76700.00
10581,10582,2022121301002560,NMB,40,19,10,231.00,2310.00
10582,10583,2022121303001540,NABBC,19,58,10,345.10,3451.00
10583,10584,2022121303001539,GBBL,32,28,50,378.00,18900.00
10584,10585,2022121301002559,PCBL,14,28,10,224.50,2245.00
10585,10586,2022121301002558,CCBL,1,42,20,187.00,3740.00
10586,10587,2022121304001297,UPCL,22,3,155,214.40,33232.00
10587,10588,2022121304001296,UPCL,18,3,1000,214.40,214400.00
10588,10589,2022121304001295,UPCL,10,3,100,214.40,21440.00
10589,10590,2022121304001294,UPCL,11,3,60,214.40,12864.00
10590,10591,2022121303001538,CBBL,41,57,80,1104.00,88320.00
10591,10592,2022121301002557,SHIVM,45,41,50,545.00,27250.00
10592,10593,2022121301002556,KBL,26,48,53,184.20,9762.60
10593,10594,2022121304001293,AIL,57,19,55,390.00,21450.00
10594,10595,2022121303001537,SMFDB,49,26,80,1240.00,99200.00
10595,10596,2022121303001536,SMFDB,49,58,15,1240.00,18600.00
10596,10597,2022121303001535,RSDC,38,45,10,530.10,5301.00
10597,10598,2022121301002555,SHIVM,42,59,36,548.90,19760.40
10598,10599,2022121304001292,SJCL,33,6,80,218.40,17472.00
10599,10600,2022121301002554,GBIME,17,49,20,210.20,4204.00
10600,10601,2022121301002553,GBIME,33,49,10,210.20,2102.00
10601,10602,2022121301002552,GBIME,59,49,150,210.50,31575.00
10602,10603,2022121301002551,GBIME,11,49,10,210.60,2106.00
10603,10604,2022121301002550,GBIME,36,49,10,210.60,2106.00
10604,10605,2022121301002549,GBIME,40,49,20,211.00,4220.00
10605,10606,2022121301002548,GBIME,1,49,100,211.00,21100.00
10606,10607,2022121301002547,GBIME,21,49,87,211.00,18357.00
10607,10608,2022121304001291,BARUN,16,50,20,202.70,4054.00
10608,10609,2022121304001290,UNHPL,36,45,235,187.30,44015.50
10609,10610,2022121301002546,SGHC,44,38,10,248.40,2484.00
10610,10611,2022121305000342,NYADI,38,57,10,267.10,2671.00
10611,10612,2022121303001534,LBBL,22,58,100,317.10,31710.00
10612,10613,2022121301002545,NESDO,51,51,10,3321.00,33210.00
10613,10614,2022121303001533,ICFC,42,42,10,425.00,4250.00
10614,10615,2022121303001532,NLIC,58,54,60,612.90,36774.00
10615,10616,2022121303001531,NIFRA,41,38,25,183.70,4592.50
10616,10617,2022121304001289,STC,33,47,70,3577.00,250390.00
10617,10618,2022121304001288,STC,34,47,20,3577.00,71540.00
10618,10619,2022121304001287,STC,42,47,10,3580.00,35800.00
10619,10620,2022121301002544,UHEWA,57,14,10,347.70,3477.00
10620,10621,2022121303001530,HIDCL,22,8,69,167.00,11523.00
10621,10622,2022121303001529,RLFL,19,58,100,293.10,29310.00
10622,10623,2022121301002543,AVYAN,58,33,100,695.00,69500.00
10623,10624,2022121301002542,AVYAN,49,33,15,695.00,10425.00
10624,10625,2022121301002541,AVYAN,56,33,10,695.00,6950.00
10625,10626,2022121304001286,UPPER,49,29,20,388.00,7760.00
10626,10627,2022121305000341,NYADI,45,57,40,267.10,10684.00
10627,10628,2022121301002540,HDL,41,52,20,3835.00,76700.00
10628,10629,2022121304001285,RADHI,6,49,41,211.90,8687.90
10629,10630,2022121304001284,RADHI,58,49,259,212.00,54908.00
10630,10631,2022121301002539,BOKL,35,39,99,206.10,20403.90
10631,10632,2022121301002538,BOKL,55,39,250,207.00,51750.00
10632,10633,2022121301002537,BOKL,14,39,121,207.10,25059.10
10633,10634,2022121301002536,BOKL,7,39,30,207.10,6213.00
10634,10635,2022121304001283,UPPER,4,45,15,386.10,5791.50
10635,10636,2022121303001528,SINDU,32,38,160,254.00,40640.00
10636,10637,2022121304001282,API,58,28,243,208.20,50592.60
10637,10638,2022121301002535,NCCB,14,55,454,181.20,82264.80
10638,10639,2022121301002534,NCCB,1,55,900,181.30,163170.00
10639,10640,2022121301002533,NCCB,21,55,100,181.30,18130.00
10640,10641,2022121301002532,NCCB,55,55,100,181.50,18150.00
10641,10642,2022121301002531,NCCB,14,55,892,181.60,161987.20
10642,10643,2022121301002530,NCCB,1,55,500,181.70,90850.00
10643,10644,2022121301002529,NCCB,58,55,14,181.70,2543.80
10644,10645,2022121301002528,NCCB,42,55,40,182.00,7280.00
10645,10646,2022121304001281,AIL,54,19,30,390.00,11700.00
10646,10647,2022121304001280,AIL,25,19,15,390.00,5850.00
10647,10648,2022121304001279,AIL,48,19,10,390.00,3900.00
10648,10649,2022121301002527,GBIME,21,49,50,212.00,10600.00
10649,10650,2022121304001278,JOSHI,42,32,30,185.00,5550.00
10650,10651,2022121304001277,UPPER,4,6,25,386.10,9652.50
10651,10652,2022121303001527,KSBBL,3,48,23,306.40,7047.20
10652,10653,2022121301002526,NMB,42,38,30,230.00,6900.00
10653,10654,2022121301002525,NMB,58,38,20,230.00,4600.00
10654,10655,2022121301002524,NMB,13,38,50,230.00,11500.00
10655,10656,2022121301002523,NABIL,47,14,20,807.00,16140.00
10656,10657,2022121304001276,HDHPC,57,49,90,173.00,15570.00
10657,10658,2022121304001275,HDHPC,11,49,10,173.00,1730.00
10658,10659,2022121303001526,NRN,45,39,10,399.10,3991.00
10659,10660,2022121304001274,RADHI,58,49,62,212.00,13144.00
10660,10661,2022121304001273,RADHI,42,49,15,212.00,3180.00
10661,10662,2022121304001272,RADHI,46,49,10,212.00,2120.00
10662,10663,2022121304001271,RADHI,26,49,125,212.00,26500.00
10663,10664,2022121304001270,RADHI,28,49,65,212.00,13780.00
10664,10665,2022121304001269,RADHI,1,49,75,213.00,15975.00
10665,10666,2022121304001268,RADHI,6,49,100,214.00,21400.00
10666,10667,2022121304001267,RADHI,21,49,20,215.00,4300.00
10667,10668,2022121304001266,RADHI,39,49,28,215.00,6020.00
10668,10669,2022121301002522,USHEC,58,58,10,247.40,2474.00
10669,10670,2022121304001265,NIL,14,57,50,716.00,35800.00
10670,10671,2022121304001264,AKPL,14,50,75,345.20,25890.00
10671,10672,2022121304001263,AKPL,53,50,25,345.20,8630.00
10672,10673,2022121303001525,GBBL,32,59,121,378.00,45738.00
10673,10674,2022121303001524,GBBL,26,59,200,378.00,75600.00
10674,10675,2022121303001523,GBBL,42,59,40,378.00,15120.00
10675,10676,2022121303001522,GBBL,32,59,76,379.00,28804.00
10676,10677,2022121303001521,GBBL,18,59,100,379.10,37910.00
10677,10678,2022121303001520,GBBL,57,59,43,379.20,16305.60
10678,10679,2022121301002521,GVL,43,57,125,311.00,38875.00
10679,10680,2022121301002520,SHIVM,57,59,100,548.90,54890.00
10680,10681,2022121303001519,SKBBL,49,53,50,1122.00,56100.00
10681,10682,2022121301002519,BHL,16,38,10,244.00,2440.00
10682,10683,2022121303001518,MNBBL,58,57,100,419.00,41900.00
10683,10684,2022121303001517,CBBL,58,57,190,1104.00,209760.00
10684,10685,2022121303001516,CBBL,58,58,10,1104.00,11040.00
10685,10686,2022121303001515,JBBL,42,38,154,278.00,42812.00
10686,10687,2022121301002518,MHL,25,40,10,308.00,3080.00
10687,10688,2022121303001514,HIDCL,4,35,138,166.00,22908.00
10688,10689,2022121303001513,CHDC,59,34,15,652.10,9781.50
10689,10690,2022121303001512,CHDC,33,34,200,653.00,130600.00
10690,10691,2022121303001511,CHDC,47,34,100,653.00,65300.00
10691,10692,2022121303001510,CHDC,48,34,80,653.00,52240.00
10692,10693,2022121303001509,CHDC,59,34,40,653.10,26124.00
10693,10694,2022121303001508,CHDC,14,34,100,653.50,65350.00
10694,10695,2022121303001507,CHDC,43,34,25,653.60,16340.00
10695,10696,2022121301002517,RFPL,42,14,10,223.10,2231.00
10696,10697,2022121304001262,GLH,13,34,10,238.20,2382.00
10697,10698,2022121303001506,SKBBL,42,21,34,1122.00,38148.00
10698,10699,2022121303001505,JBBL,42,28,46,278.00,12788.00
10699,10700,2022121303001504,JBBL,49,28,104,278.00,28912.00
10700,10701,2022121301002516,SRBL,48,28,260,184.00,47840.00
10701,10702,2022121301002515,SRBL,48,4,90,183.90,16551.00
10702,10703,2022121301002514,RHGCL,41,22,10,206.10,2061.00
10703,10704,2022121303001503,NICLBSL,56,19,20,715.00,14300.00
10704,10705,2022121305000340,NYADI,45,45,10,267.10,2671.00
10705,10706,2022121301002513,KDBY,29,45,100,7.97,797.00
10706,10707,2022121301002512,CCBL,7,58,145,188.00,27260.00
10707,10708,2022121301002511,CCBL,7,45,15,188.00,2820.00
10708,10709,2022121301002510,HDL,26,52,20,3830.10,76602.00
10709,10710,2022121305000339,SAHAS,45,42,10,447.60,4476.00
10710,10711,2022121304001261,UNHPL,36,49,200,187.30,37460.00
10711,10712,2022121303001502,FMDBL,34,33,120,708.90,85068.00
10712,10713,2022121304001260,SPDL,50,28,170,263.00,44710.00
10713,10714,2022121303001501,DDBL,58,17,100,1036.00,103600.00
10714,10715,2022121301002509,RFPL,52,54,10,223.20,2232.00
10715,10716,2022121301002508,GBIME,4,49,100,212.00,21200.00
10716,10717,2022121301002507,SBL,44,35,448,311.10,139372.80
10717,10718,2022121301002506,SBL,19,35,470,311.60,146452.00
10718,10719,2022121301002505,SBL,46,35,30,311.60,9348.00
10719,10720,2022121301002504,SBL,49,35,12,311.70,3740.40
10720,10721,2022121301002503,SBL,51,35,90,311.90,28071.00
10721,10722,2022121301002502,SIKLES,34,44,1000,374.00,374000.00
10722,10723,2022121304001259,AIL,48,49,10,390.00,3900.00
10723,10724,2022121305000338,JBLB,21,38,17,2711.00,46087.00
10724,10725,2022121303001500,NICLBSL,56,14,10,712.10,7121.00
10725,10726,2022121305000337,JBLB,43,34,7,2656.80,18597.60
10726,10727,2022121301002501,SCB,21,58,27,402.30,10862.10
10727,10728,2022121303001499,CIT,57,29,30,1857.00,55710.00
10728,10729,2022121303001498,CIT,6,29,20,1858.00,37160.00
10729,10730,2022121303001497,MNBBL,58,53,77,419.00,32263.00
10730,10731,2022121303001496,MNBBL,58,53,45,419.00,18855.00
10731,10732,2022121303001495,MNBBL,52,53,50,419.00,20950.00
10732,10733,2022121303001494,MNBBL,40,53,252,419.00,105588.00
10733,10734,2022121304001258,SHPC,37,22,10,272.00,2720.00
10734,10735,2022121301002500,SBL,51,22,10,311.90,3119.00
10735,10736,2022121303001493,SHINE,26,28,100,332.00,33200.00
10736,10737,2022121301002499,HDL,26,58,20,3830.10,76602.00
10737,10738,2022121304001257,UPPER,34,6,67,386.00,25862.00
10738,10739,2022121304001256,UPPER,36,6,33,386.10,12741.30
10739,10740,2022121304001255,SSHL,36,10,500,169.00,84500.00
10740,10741,2022121304001254,SSHL,14,10,150,169.00,25350.00
10741,10742,2022121303001492,HIDCL,58,8,35,167.00,5845.00
10742,10743,2022121303001491,CIT,21,29,54,1858.20,100342.80
10743,10744,2022121303001490,CIT,16,29,50,1859.00,92950.00
10744,10745,2022121301002498,SPHL,58,22,10,346.30,3463.00
10745,10746,2022121303001489,SAPDBL,16,40,110,221.00,24310.00
10746,10747,2022121303001488,MNBBL,40,3,18,419.00,7542.00
10747,10748,2022121303001487,SMFDB,32,28,170,1240.00,210800.00
10748,10749,2022121305000336,SLI,42,34,10,329.60,3296.00
10749,10750,2022121305000335,NYADI,58,57,90,268.10,24129.00
10750,10751,2022121303001486,RLFL,45,58,85,293.70,24964.50
10751,10752,2022121301002497,DORDI,16,14,10,228.30,2283.00
10752,10753,2022121304001253,SJCL,29,38,40,218.50,8740.00
10753,10754,2022121301002496,CBL,48,38,10,215.00,2150.00
10754,10755,2022121304001252,SSHL,49,10,50,171.50,8575.00
10755,10756,2022121304001251,SSHL,57,10,200,171.50,34300.00
10756,10757,2022121301002495,SIKLES,34,16,10,374.00,3740.00
10757,10758,2022121301002494,SIKLES,34,56,10,374.00,3740.00
10758,10759,2022121303001485,SMFDB,32,17,200,1240.00,248000.00
10759,10760,2022121303001484,SMFDB,32,49,30,1240.00,37200.00
10760,10761,2022121303001483,HIDCL,53,8,20,167.00,3340.00
10761,10762,2022121301002493,LBL,16,29,20,192.50,3850.00
10762,10763,2022121304001250,RHPL,19,38,50,225.10,11255.00
10763,10764,2022121301002492,KBL,34,58,25,184.10,4602.50
10764,10765,2022121303001482,BFC,22,14,18,305.50,5499.00
10765,10766,2022121301002491,KBL,34,22,288,184.10,53020.80
10766,10767,2022121301002490,PPL,28,46,10,199.50,1995.00
10767,10768,2022121301002489,HDL,26,52,10,3830.10,38301.00
10768,10769,2022121301002488,GBIME,21,40,13,211.00,2743.00
10769,10770,2022121301002487,GBIME,21,40,10,211.00,2110.00
10770,10771,2022121301002486,GBIME,42,40,56,211.00,11816.00
10771,10772,2022121301002485,GBIME,41,40,141,211.10,29765.10
10772,10773,2022121304001249,UPPER,36,45,467,386.10,180308.70
10773,10774,2022121304001248,UPPER,16,45,333,386.20,128604.60
10774,10775,2022121305000334,TPC,34,6,100,320.00,32000.00
10775,10776,2022121301002484,UHEWA,57,49,10,347.70,3477.00
10776,10777,2022121305000333,NYADI,52,57,30,269.00,8070.00
10777,10778,2022121301002483,NICA,35,25,60,675.10,40506.00
10778,10779,2022121301002482,NICA,34,25,100,675.10,67510.00
10779,10780,2022121301002481,NICA,51,25,50,675.10,33755.00
10780,10781,2022121301002480,NICA,52,25,10,675.20,6752.00
10781,10782,2022121301002479,NICA,35,25,30,676.00,20280.00
10782,10783,2022121301002478,NICA,34,25,100,676.00,67600.00
10783,10784,2022121301002477,NICA,53,25,150,676.00,101400.00
10784,10785,2022121301002476,NICA,58,25,10,676.00,6760.00
10785,10786,2022121301002475,NICA,51,25,30,676.00,20280.00
10786,10787,2022121301002474,NICA,38,25,85,676.00,57460.00
10787,10788,2022121301002473,NICA,41,25,25,676.10,16902.50
10788,10789,2022121303001481,MFIL,6,58,500,419.00,209500.00
10789,10790,2022121301002472,KBL,19,22,200,184.20,36840.00
10790,10791,2022121301002471,KBL,43,22,150,184.20,27630.00
10791,10792,2022121301002470,KBL,57,22,200,184.30,36860.00
10792,10793,2022121301002469,KBL,32,22,42,184.40,7744.80
10793,10794,2022121303001480,NTC,41,39,20,887.00,17740.00
10794,10795,2022121301002468,LBL,16,48,10,192.50,1925.00
10795,10796,2022121301002467,MHL,45,19,10,313.60,3136.00
10796,10797,2022121301002466,MHL,45,59,10,313.60,3136.00
10797,10798,2022121301002465,MHL,45,42,10,313.60,3136.00
10798,10799,2022121304001247,AIL,48,14,10,390.00,3900.00
10799,10800,2022121304001246,RIDI,33,3,15,488.50,7327.50
10800,10801,2022121305000332,MBJC,28,58,10,206.10,2061.00
10801,10802,2022121303001479,CIT,25,45,30,1860.00,55800.00
10802,10803,2022121305000331,MBJC,28,22,10,206.10,2061.00
10803,10804,2022121303001478,NIFRA,38,40,20,184.00,3680.00
10804,10805,2022121303001477,NIFRA,3,40,50,184.00,9200.00
10805,10806,2022121303001476,NIFRA,34,40,86,184.00,15824.00
10806,10807,2022121301002464,GBIME,41,34,27,211.10,5699.70
10807,10808,2022121301002463,KBL,57,22,180,184.50,33210.00
10808,10809,2022121305000330,SAHAS,45,38,10,447.60,4476.00
10809,10810,2022121303001475,NRIC,58,55,538,691.00,371758.00
10810,10811,2022121303001474,NRIC,16,55,100,691.10,69110.00
10811,10812,2022121303001473,MNBBL,18,3,53,419.10,22212.30
10812,10813,2022121301002462,HDL,51,52,15,3835.00,57525.00
10813,10814,2022121305000329,JBLB,21,58,17,2711.00,46087.00
10814,10815,2022121304001245,RIDI,33,39,70,488.50,34195.00
10815,10816,2022121303001472,HIDCL,33,8,14,167.00,2338.00
10816,10817,2022121303001471,HIDCL,33,44,140,167.00,23380.00
10817,10818,2022121303001470,HIDCL,33,34,10,167.00,1670.00
10818,10819,2022121303001469,HIDCL,33,58,336,166.70,56011.20
10819,10820,2022121303001468,GBBL,57,53,27,379.20,10238.40
10820,10821,2022121301002461,MMF1,58,19,100,7.32,732.00
10821,10822,2022121301002460,NBL,19,49,21,275.00,5775.00
10822,10823,2022121301002459,CZBIL,58,57,200,180.00,36000.00
10823,10824,2022121301002458,LBL,16,22,112,192.50,21560.00
10824,10825,2022121304001244,UPCL,18,55,435,215.00,93525.00
10825,10826,2022121304001243,UPCL,19,55,10,215.00,2150.00
10826,10827,2022121303001467,NTC,41,58,30,887.00,26610.00
10827,10828,2022121304001242,UNHPL,58,21,16,187.40,2998.40
10828,10829,2022121301002457,NABIL,38,14,216,805.00,173880.00
10829,10830,2022121301002456,NABIL,16,14,50,805.00,40250.00
10830,10831,2022121301002455,NABIL,34,14,25,805.50,20137.50
10831,10832,2022121301002454,NABIL,57,14,10,805.60,8056.00
10832,10833,2022121301002453,HDL,26,52,20,3837.30,76746.00
10833,10834,2022121301002452,LBL,16,22,1500,192.50,288750.00
10834,10835,2022121304001241,SHPC,6,56,14,271.00,3794.00
10835,10836,2022121304001240,SHPC,7,56,178,271.10,48255.80
10836,10837,2022121305000328,NYADI,52,8,10,269.00,2690.00
10837,10838,2022121303001466,FMDBL,34,8,50,708.90,35445.00
10838,10839,2022121301002451,GVL,43,55,65,311.00,20215.00
10839,10840,2022121301002450,CCBL,4,14,127,187.90,23863.30
10840,10841,2022121304001239,SPDL,50,41,100,263.00,26300.00
10841,10842,2022121303001465,RSDC,5,34,10,539.90,5399.00
10842,10843,2022121301002449,MEGA,58,17,20,195.10,3902.00
10843,10844,2022121304001238,RIDI,33,3,50,488.50,24425.00
10844,10845,2022121304001237,RIDI,56,3,50,488.60,24430.00
10845,10846,2022121301002448,LBL,14,22,388,193.00,74884.00
10846,10847,2022121304001236,UMHL,34,36,34,227.50,7735.00
10847,10848,2022121303001464,CFCL,21,51,80,301.00,24080.00
10848,10849,2022121303001463,CFCL,21,59,112,301.00,33712.00
10849,10850,2022121301002447,BHDC,45,8,10,341.00,3410.00
10850,10851,2022121301002446,HDL,51,52,10,3838.00,38380.00
10851,10852,2022121304001235,UPPER,16,50,17,386.20,6565.40
10852,10853,2022121304001234,UPPER,41,50,25,386.40,9660.00
10853,10854,2022121304001233,UPPER,54,50,20,387.00,7740.00
10854,10855,2022121304001232,UPPER,39,50,43,387.00,16641.00
10855,10856,2022121303001462,HIDCL,4,41,300,166.00,49800.00
10856,10857,2022121301002445,USHEC,58,46,10,247.40,2474.00
10857,10858,2022121301002444,CZBIL,38,48,20,181.00,3620.00
10858,10859,2022121303001461,NTC,41,5,28,887.00,24836.00
10859,10860,2022121303001460,NIFRA,49,54,10,184.50,1845.00
10860,10861,2022121304001231,NBF2,22,6,1000,7.75,7750.00
10861,10862,2022121301002443,SBL,41,8,50,312.00,15600.00
10862,10863,2022121303001459,NADEP,5,7,80,686.00,54880.00
10863,10864,2022121303001458,NADEP,38,7,100,686.10,68610.00
10864,10865,2022121303001457,NADEP,46,7,100,686.20,68620.00
10865,10866,2022121301002442,NABIL,34,14,200,805.50,161100.00
10866,10867,2022121301002441,SBL,25,8,100,312.00,31200.00
10867,10868,2022121301002440,SBL,59,8,15,312.10,4681.50
10868,10869,2022121301002439,SBL,57,8,100,312.30,31230.00
10869,10870,2022121301002438,SBL,29,8,28,313.00,8764.00
10870,10871,2022121301002437,SBL,58,8,50,313.00,15650.00
10871,10872,2022121301002436,SBL,21,8,50,313.00,15650.00
10872,10873,2022121301002435,MBL,57,48,33,212.00,6996.00
10873,10874,2022121305000327,SLI,21,55,20,334.80,6696.00
10874,10875,2022121305000326,SLI,21,55,20,334.50,6690.00
10875,10876,2022121305000325,SLI,21,29,10,334.50,3345.00
10876,10877,2022121305000324,SLI,21,55,30,333.70,10011.00
10877,10878,2022121305000323,SLI,21,14,10,333.10,3331.00
10878,10879,2022121305000322,SLI,21,49,10,333.00,3330.00
10879,10880,2022121301002434,HDL,21,52,10,3840.00,38400.00
10880,10881,2022121301002433,HDL,17,52,10,3840.00,38400.00
10881,10882,2022121305000321,MLBS,49,50,10,1000.00,10000.00
10882,10883,2022121303001456,HIDCL,4,43,27,166.00,4482.00
10883,10884,2022121303001455,HIDCL,36,43,23,166.30,3824.90
10884,10885,2022121303001454,KSBBL,49,11,46,307.00,14122.00
10885,10886,2022121304001230,PRIN,49,22,40,398.50,15940.00
10886,10887,2022121301002432,HBL,48,22,13,323.10,4200.30
10887,10888,2022121303001453,JBBL,49,18,396,278.00,110088.00
10888,10889,2022121304001229,NGPL,59,39,1600,207.10,331360.00
10889,10890,2022121304001228,NGPL,59,39,200,207.20,41440.00
10890,10891,2022121304001227,NGPL,50,39,200,207.30,41460.00
10891,10892,2022121304001226,UPPER,34,36,50,389.00,19450.00
10892,10893,2022121301002431,NIB,47,47,36,220.00,7920.00
10893,10894,2022121304001225,BARUN,58,50,77,202.70,15607.90
10894,10895,2022121303001452,NMFBS,4,42,10,2020.00,20200.00
10895,10896,2022121303001451,NMFBS,14,42,25,2020.00,50500.00
10896,10897,2022121305000320,SLI,21,58,10,333.00,3330.00
10897,10898,2022121305000319,SLI,21,7,10,333.00,3330.00
10898,10899,2022121305000318,SLI,21,7,10,333.00,3330.00
10899,10900,2022121305000317,SLI,21,57,10,330.00,3300.00
10900,10901,2022121301002430,SHIVM,49,59,10,548.90,5489.00
10901,10902,2022121301002429,RHGCL,41,46,10,206.10,2061.00
10902,10903,2022121301002428,HDL,36,57,30,3840.10,115203.00
10903,10904,2022121301002427,HDL,22,57,25,3841.00,96025.00
10904,10905,2022121301002426,SGHC,21,41,10,250.00,2500.00
10905,10906,2022121303001450,ILBS,40,7,12,872.20,10466.40
10906,10907,2022121303001449,ILBS,33,7,10,872.20,8722.00
10907,10908,2022121303001448,ILBS,4,7,10,872.20,8722.00
10908,10909,2022121303001447,ILBS,59,7,50,873.00,43650.00
10909,10910,2022121303001446,ILBS,16,7,100,873.00,87300.00
10910,10911,2022121303001445,ILBS,42,7,45,873.00,39285.00
10911,10912,2022121303001444,ILBS,14,7,150,875.00,131250.00
10912,10913,2022121303001443,ILBS,49,7,50,875.00,43750.00
10913,10914,2022121303001442,ILBS,43,7,20,879.00,17580.00
10914,10915,2022121303001441,ILBS,33,7,50,884.00,44200.00
10915,10916,2022121303001440,ILBS,14,7,10,884.10,8841.00
10916,10917,2022121303001439,ILBS,14,7,50,885.00,44250.00
10917,10918,2022121301002425,NABIL,58,14,200,806.00,161200.00
10918,10919,2022121303001438,JBBL,42,18,54,278.10,15017.40
10919,10920,2022121303001437,KSBBL,49,11,200,307.00,61400.00
10920,10921,2022121301002424,AVYAN,56,51,10,695.00,6950.00
10921,10922,2022121301002423,CBL,16,53,244,213.10,51996.40
10922,10923,2022121301002422,LBL,58,14,25,194.00,4850.00
10923,10924,2022121301002421,GVL,43,45,100,311.00,31100.00
10924,10925,2022121304001224,PRIN,51,22,20,399.00,7980.00
10925,10926,2022121305000316,JBLB,21,48,17,2711.00,46087.00
10926,10927,2022121304001223,RIDI,21,47,44,488.70,21502.80
10927,10928,2022121304001222,RIDI,59,47,14,488.80,6843.20
10928,10929,2022121304001221,RIDI,41,47,90,489.10,44019.00
10929,10930,2022121301002420,RFPL,52,34,10,223.20,2232.00
10930,10931,2022121303001436,NMFBS,14,57,10,2020.00,20200.00
10931,10932,2022121304001220,NEF,37,21,100,7.80,780.00
10932,10933,2022121303001435,NRIC,58,55,500,691.00,345500.00
10933,10934,2022121304001219,UPPER,54,22,43,390.00,16770.00
10934,10935,2022121304001218,UPPER,54,44,57,390.00,22230.00
10935,10936,2022121301002419,SIKLES,34,8,10,374.00,3740.00
10936,10937,2022121303001434,SWBBL,51,44,11,1170.20,12872.20
10937,10938,2022121304001217,HURJA,57,45,44,201.50,8866.00
10938,10939,2022121304001216,HURJA,32,45,300,201.60,60480.00
10939,10940,2022121304001215,HURJA,58,45,156,201.70,31465.20
10940,10941,2022121301002418,HDL,58,52,10,3845.00,38450.00
10941,10942,2022121305000315,SAHAS,45,38,10,447.60,4476.00
10942,10943,2022121303001433,SHINE,26,32,400,332.00,132800.00
10943,10944,2022121303001432,SHINE,34,32,100,332.00,33200.00
10944,10945,2022121304001214,GIMES1,32,19,600,8.40,5040.00
10945,10946,2022121304001213,GIMES1,37,19,494,8.40,4149.60
10946,10947,2022121301002417,GVL,43,57,10,311.00,3110.00
10947,10948,2022121304001212,PSF,25,54,200,7.61,1522.00
10948,10949,2022121304001211,HEI,57,46,90,367.00,33030.00
10949,10950,2022121304001210,HEI,57,49,10,365.00,3650.00
10950,10951,2022121304001209,HEI,57,32,100,364.00,36400.00
10951,10952,2022121303001431,NRIC,58,55,138,691.00,95358.00
10952,10953,2022121303001430,NRIC,17,55,50,691.00,34550.00
10953,10954,2022121303001429,NRIC,41,55,100,691.10,69110.00
10954,10955,2022121303001428,NRIC,22,55,12,692.00,8304.00
10955,10956,2022121303001427,NRIC,21,55,100,692.00,69200.00
10956,10957,2022121303001426,NRIC,43,55,100,692.00,69200.00
10957,10958,2022121304001208,UPPER,51,44,100,390.00,39000.00
10958,10959,2022121301002416,NICA,58,43,10,677.00,6770.00
10959,10960,2022121301002415,HDL,58,16,10,3845.00,38450.00
10960,10961,2022121301002414,NABIL,34,54,75,805.50,60412.50
10961,10962,2022121301002413,SRBL,14,41,100,183.20,18320.00
10962,10963,2022121304001207,RIDI,35,59,15,490.00,7350.00
10963,10964,2022121303001425,NIFRA,49,5,14,184.10,2577.40
10964,10965,2022121301002412,EBL,53,57,70,444.00,31080.00
10965,10966,2022121304001206,AIL,48,44,10,390.00,3900.00
10966,10967,2022121304001205,RIDI,58,59,58,490.00,28420.00
10967,10968,2022121305000314,MLBS,57,39,300,999.60,299880.00
10968,10969,2022121301002411,MEGA,58,48,11,195.10,2146.10
10969,10970,2022121304001204,NHPC,51,19,50,201.00,10050.00
10970,10971,2022121303001424,CIT,21,45,98,1859.00,182182.00
10971,10972,2022121303001423,CIT,16,45,50,1860.00,93000.00
10972,10973,2022121303001422,MNBBL,26,3,164,420.00,68880.00
10973,10974,2022121304001203,API,49,50,38,209.00,7942.00
10974,10975,2022121301002410,PPL,28,44,10,199.50,1995.00
10975,10976,2022121301002409,NIB,6,49,108,221.00,23868.00
10976,10977,2022121301002408,NIB,6,29,12,221.00,2652.00
10977,10978,2022121301002407,NIB,6,8,280,221.00,61880.00
10978,10979,2022121301002406,PCBL,14,44,116,224.50,26042.00
10979,10980,2022121301002405,CZBIL,58,48,500,180.00,90000.00
10980,10981,2022121301002404,SIKLES,34,10,100,374.00,37400.00
10981,10982,2022121304001202,SHEL,56,22,10,232.10,2321.00
10982,10983,2022121301002403,NABIL,45,57,50,805.00,40250.00
10983,10984,2022121301002402,LBL,14,48,500,193.00,96500.00
10984,10985,2022121305000313,JBLB,21,4,10,2711.00,27110.00
10985,10986,2022121303001421,NRN,45,44,10,399.10,3991.00
10986,10987,2022121303001420,SMFDB,58,26,35,1240.00,43400.00
10987,10988,2022121301002401,CBL,26,53,50,213.10,10655.00
10988,10989,2022121305000312,JALPA,19,38,30,3360.00,100800.00
10989,10990,2022121303001419,CBBL,58,21,14,1100.00,15400.00
10990,10991,2022121301002400,HDL,58,14,30,3845.00,115350.00
10991,10992,2022121301002399,MMFDBP,40,34,500,483.00,241500.00
10992,10993,2022121301002398,NABIL,35,57,50,805.00,40250.00
10993,10994,2022121301002397,NABIL,38,57,80,805.00,64400.00
10994,10995,2022121301002396,CYCL,1,38,10,2260.20,22602.00
10995,10996,2022121303001418,NRIC,7,55,500,694.00,347000.00
10996,10997,2022121303001417,NRIC,49,55,80,694.00,55520.00
10997,10998,2022121303001416,NIFRA,49,44,64,184.10,11782.40
10998,10999,2022121301002395,NABIL,53,39,20,805.00,16100.00
10999,11000,2022121301002394,NABIL,48,39,20,805.00,16100.00
11000,11001,2022121301002393,NABIL,8,39,200,805.00,161000.00
11001,11002,2022121301002392,NABIL,25,39,30,805.00,24150.00
11002,11003,2022121301002391,NABIL,57,39,30,805.00,24150.00
11003,11004,2022121301002390,NABIL,6,39,245,805.00,197225.00
11004,11005,2022121301002389,NABIL,51,39,88,805.00,70840.00
11005,11006,2022121301002388,NABIL,17,39,10,805.00,8050.00
11006,11007,2022121301002387,NABIL,57,39,10,805.00,8050.00
11007,11008,2022121301002386,NABIL,6,39,10,805.00,8050.00
11008,11009,2022121301002385,NABIL,39,39,20,805.00,16100.00
11009,11010,2022121301002384,NABIL,4,39,250,805.00,201250.00
11010,11011,2022121301002383,NABIL,51,39,300,805.00,241500.00
11011,11012,2022121301002382,NABIL,22,39,300,805.00,241500.00
11012,11013,2022121301002381,NABIL,42,39,25,805.00,20125.00
11013,11014,2022121301002380,CCBL,1,41,95,187.00,17765.00
11014,11015,2022121301002379,CCBL,57,41,20,187.00,3740.00
11015,11016,2022121304001201,NGPL,58,28,51,208.00,10608.00
11016,11017,2022121304001200,NGPL,49,28,80,208.00,16640.00
11017,11018,2022121304001199,NGPL,53,28,1475,208.00,306800.00
11018,11019,2022121301002378,EBL,53,43,30,444.00,13320.00
11019,11020,2022121303001415,LLBS,19,19,12,1012.10,12145.20
11020,11021,2022121303001414,NTC,4,32,10,887.00,8870.00
11021,11022,2022121301002377,UHEWA,43,58,10,348.00,3480.00
11022,11023,2022121303001413,SMFDB,58,26,25,1240.00,31000.00
11023,11024,2022121303001412,SMFDB,58,28,20,1240.00,24800.00
11024,11025,2022121301002376,AVYAN,56,32,10,695.00,6950.00
11025,11026,2022121301002375,SHIVM,42,41,175,547.00,95725.00
11026,11027,2022121304001198,UPPER,49,44,20,390.00,7800.00
11027,11028,2022121303001411,NRIC,34,55,50,695.00,34750.00
11028,11029,2022121303001410,NRIC,45,55,100,695.00,69500.00
11029,11030,2022121303001409,NRIC,55,55,30,695.00,20850.00
11030,11031,2022121303001408,NICLBSL,13,44,10,712.20,7122.00
11031,11032,2022121301002374,MEGA,58,41,72,195.10,14047.20
11032,11033,2022121301002373,MEGA,41,41,93,195.20,18153.60
11033,11034,2022121303001407,LBBL,28,55,150,318.00,47700.00
11034,11035,2022121301002372,SRBL,14,43,170,183.10,31127.00
11035,11036,2022121303001406,BFC,22,54,20,309.00,6180.00
11036,11037,2022121304001197,API,6,50,62,210.00,13020.00
11037,11038,2022121304001196,API,22,50,100,210.00,21000.00
11038,11039,2022121304001195,NICL,13,59,10,418.10,4181.00
11039,11040,2022121303001405,KSBBL,29,34,579,307.00,177753.00
11040,11041,2022121304001194,API,22,6,900,210.00,189000.00
11041,11042,2022121304001193,API,45,6,50,210.00,10500.00
11042,11043,2022121304001192,API,3,6,50,210.00,10500.00
11043,11044,2022121303001404,CIT,35,45,10,1860.00,18600.00
11044,11045,2022121301002371,NABIL,4,57,25,805.00,20125.00
11045,11046,2022121301002370,NABIL,57,57,100,805.00,80500.00
11046,11047,2022121301002369,NABIL,45,57,25,805.00,20125.00
11047,11048,2022121301002368,NABIL,21,57,150,805.00,120750.00
11048,11049,2022121301002367,NABIL,50,57,10,805.00,8050.00
11049,11050,2022121301002366,NABIL,57,57,60,805.00,48300.00
11050,11051,2022121301002365,NABIL,54,57,110,805.00,88550.00
11051,11052,2022121301002364,SANIMA,19,6,10,226.00,2260.00
11052,11053,2022121301002363,SANIMA,19,6,40,226.00,9040.00
11053,11054,2022121301002362,SANIMA,35,6,50,226.00,11300.00
11054,11055,2022121301002361,SANIMA,47,6,250,226.00,56500.00
11055,11056,2022121301002360,SANIMA,37,6,50,226.20,11310.00
11056,11057,2022121303001403,KSBBL,29,20,35,307.00,10745.00
11057,11058,2022121304001191,RIDI,58,44,12,490.00,5880.00
11058,11059,2022121301002359,SHIVM,45,25,1500,545.00,817500.00
11059,11060,2022121301002358,NCCB,14,44,108,181.60,19612.80
11060,11061,2022121303001402,SMFDB,17,28,210,1234.00,259140.00
11061,11062,2022121303001401,SMFDB,56,28,65,1235.00,80275.00
11062,11063,2022121301002357,NMB,19,43,150,230.00,34500.00
11063,11064,2022121301002356,NABIL,41,7,50,808.00,40400.00
11064,11065,2022121301002355,NABIL,41,57,93,805.00,74865.00
11065,11066,2022121301002354,NABIL,40,57,30,805.00,24150.00
11066,11067,2022121301002353,NABIL,34,57,12,805.00,9660.00
11067,11068,2022121301002352,NABIL,48,57,23,805.00,18515.00
11068,11069,2022121301002351,NABIL,52,57,10,805.10,8051.00
11069,11070,2022121301002350,NABIL,7,57,10,806.00,8060.00
11070,11071,2022121304001190,NGPL,21,35,13,209.00,2717.00
11071,11072,2022121304001189,UPCL,18,3,270,215.30,58131.00
11072,11073,2022121303001400,MNBBL,26,48,61,420.00,25620.00
11073,11074,2022121303001399,MMFDB,42,7,84,872.20,73264.80
11074,11075,2022121303001398,MMFDB,4,7,16,872.30,13956.80
11075,11076,2022121303001397,NLIC,13,36,50,612.90,30645.00
11076,11077,2022121301002349,MEGA,41,43,79,195.20,15420.80
11077,11078,2022121301002348,NMB,19,57,113,230.00,25990.00
11078,11079,2022121301002347,NMB,6,57,50,230.00,11500.00
11079,11080,2022121301002346,NMB,46,57,37,230.00,8510.00
11080,11081,2022121303001396,SMATA,47,19,12,722.60,8671.20
11081,11082,2022121303001395,RSDC,32,32,20,530.00,10600.00
11082,11083,2022121301002345,NABIL,48,57,377,805.00,303485.00
11083,11084,2022121301002344,NABIL,51,57,10,805.00,8050.00
11084,11085,2022121301002343,NABIL,58,57,50,805.00,40250.00
11085,11086,2022121301002342,NABIL,34,57,10,805.00,8050.00
11086,11087,2022121301002341,NABIL,45,57,50,805.00,40250.00
11087,11088,2022121301002340,NABIL,44,57,100,805.00,80500.00
11088,11089,2022121301002339,NABIL,54,57,20,805.00,16100.00
11089,11090,2022121301002338,NABIL,16,57,50,805.00,40250.00
11090,11091,2022121301002337,NABIL,47,57,76,805.00,61180.00
11091,11092,2022121301002336,SANIMA,42,43,110,227.00,24970.00
11092,11093,2022121301002335,SANIMA,42,43,100,227.10,22710.00
11093,11094,2022121301002334,USHEC,58,49,10,247.40,2474.00
11094,11095,2022121304001188,UPPER,4,44,225,390.00,87750.00
11095,11096,2022121304001187,UPPER,4,26,100,390.00,39000.00
11096,11097,2022121304001186,UPPER,4,45,40,390.00,15600.00
11097,11098,2022121304001185,UPPER,4,39,100,390.00,39000.00
11098,11099,2022121304001184,UPPER,4,16,35,390.00,13650.00
11099,11100,2022121304001183,LEC,14,44,20,216.00,4320.00
11100,11101,2022121304001182,SHPC,7,49,22,271.10,5964.20
11101,11102,2022121301002333,NBL,41,8,60,276.00,16560.00
11102,11103,2022121301002332,NIB,41,8,100,221.00,22100.00
11103,11104,2022121303001394,MMFDB,4,7,84,872.30,73273.20
11104,11105,2022121303001393,MMFDB,48,7,20,873.00,17460.00
11105,11106,2022121303001392,MMFDB,42,7,20,875.00,17500.00
11106,11107,2022121303001391,MMFDB,34,7,100,875.00,87500.00
11107,11108,2022121303001390,MMFDB,20,7,17,875.10,14876.70
11108,11109,2022121303001389,MMFDB,47,7,30,876.00,26280.00
11109,11110,2022121303001388,MMFDB,11,7,100,876.10,87610.00
11110,11111,2022121303001387,MMFDB,11,7,100,876.30,87630.00
11111,11112,2022121303001386,MMFDB,51,7,27,876.40,23662.80
11112,11113,2022121303001385,MMFDB,10,7,50,876.50,43825.00
11113,11114,2022121303001384,MMFDB,45,7,60,877.00,52620.00
11114,11115,2022121303001383,MMFDB,28,7,20,877.00,17540.00
11115,11116,2022121303001382,LBBL,28,43,50,318.00,15900.00
11116,11117,2022121303001381,LBBL,57,43,30,318.00,9540.00
11117,11118,2022121303001380,LBBL,52,43,50,318.00,15900.00
11118,11119,2022121301002331,KBL,58,43,10,185.00,1850.00
11119,11120,2022121304001181,CMF2,42,50,100,8.02,802.00
11120,11121,2022121301002330,SGHC,44,57,10,248.40,2484.00
11121,11122,2022121301002329,SPHL,58,6,10,348.10,3481.00
11122,11123,2022121305000311,ENL,41,58,30,590.00,17700.00
11123,11124,2022121301002328,SHIVM,45,47,1680,545.00,915600.00
11124,11125,2022121301002327,SHIVM,38,47,10,545.00,5450.00
11125,11126,2022121301002326,SHIVM,59,47,60,545.00,32700.00
11126,11127,2022121301002325,SHIVM,1,47,100,545.00,54500.00
11127,11128,2022121301002324,SHIVM,45,47,80,545.00,43600.00
11128,11129,2022121303001379,KSBBL,29,38,205,307.00,62935.00
11129,11130,2022121301002323,NBL,19,58,37,275.00,10175.00
11130,11131,2022121301002322,NABIL,47,57,224,805.00,180320.00
11131,11132,2022121301002321,NABIL,51,57,10,805.00,8050.00
11132,11133,2022121301002320,NABIL,5,57,100,805.00,80500.00
11133,11134,2022121301002319,NABIL,45,57,11,805.00,8855.00
11134,11135,2022121301002318,NABIL,45,57,80,805.00,64400.00
11135,11136,2022121301002317,NABIL,7,57,50,805.10,40255.00
11136,11137,2022121301002316,NABIL,32,57,10,805.10,8051.00
11137,11138,2022121301002315,NABIL,50,57,43,805.10,34619.30
11138,11139,2022121304001180,PIC,29,36,19,525.00,9975.00
11139,11140,2022121304001179,PIC,57,36,39,525.10,20478.90
11140,11141,2022121304001178,NICL,38,59,100,419.40,41940.00
11141,11142,2022121303001378,GRDBL,48,19,70,227.10,15897.00
11142,11143,2022121301002314,NABIL,50,57,57,805.10,45890.70
11143,11144,2022121301002313,NABIL,20,57,100,805.20,80520.00
11144,11145,2022121301002312,NABIL,28,57,500,805.20,402600.00
11145,11146,2022121301002311,NABIL,57,57,20,805.50,16110.00
11146,11147,2022121301002310,SHIVM,45,14,20,545.00,10900.00
11147,11148,2022121301002309,SHIVM,57,14,10,545.00,5450.00
11148,11149,2022121301002308,SHIVM,57,14,20,545.00,10900.00
11149,11150,2022121301002307,SHIVM,46,14,50,545.00,27250.00
11150,11151,2022121301002306,SHIVM,25,14,100,545.00,54500.00
11151,11152,2022121301002305,SHIVM,57,14,50,546.20,27310.00
11152,11153,2022121303001377,KSBBL,29,43,70,307.00,21490.00
11153,11154,2022121303001376,NLIC,25,54,89,610.00,54290.00
11154,11155,2022121303001375,NLIC,34,54,200,610.00,122000.00
11155,11156,2022121303001374,NLIC,45,54,11,611.00,6721.00
11156,11157,2022121301002304,GIBF1,48,45,100,8.10,810.00
11157,11158,2022121303001373,CFCL,33,59,21,301.00,6321.00
11158,11159,2022121304001177,UMRH,45,38,50,416.00,20800.00
11159,11160,2022121303001372,NIFRA,34,36,64,184.00,11776.00
11160,11161,2022121304001176,SLCF,36,19,200,7.04,1408.00
11161,11162,2022121301002303,CZBIL,58,48,10,181.00,1810.00
11162,11163,2022121304001175,KPCL,44,14,100,318.80,31880.00
11163,11164,2022121301002302,KBL,32,43,58,184.40,10695.20
11164,11165,2022121301002301,SGHC,44,19,50,248.40,12420.00
11165,11166,2022121304001174,JOSHI,53,32,25,185.00,4625.00
11166,11167,2022121304001173,JOSHI,21,32,40,185.00,7400.00
11167,11168,2022121304001172,CGH,34,36,10,999.00,9990.00
11168,11169,2022121303001371,NLBBL,7,50,10,813.00,8130.00
11169,11170,2022121304001171,UPPER,34,16,42,390.00,16380.00
11170,11171,2022121304001170,UPPER,34,58,58,389.90,22614.20
11171,11172,2022121304001169,API,53,29,15,211.00,3165.00
11172,11173,2022121304001168,API,53,38,100,211.00,21100.00
11173,11174,2022121301002300,PCBL,14,38,100,224.50,22450.00
11174,11175,2022121301002299,PCBL,14,35,319,224.50,71615.50
11175,11176,2022121303001370,SMFDB,1,28,30,1240.00,37200.00
11176,11177,2022121303001369,SMFDB,1,55,20,1239.00,24780.00
11177,11178,2022121301002298,NBL,19,48,11,275.00,3025.00
11178,11179,2022121301002297,SIKLES,34,49,10,374.00,3740.00
11179,11180,2022121303001368,NRN,52,19,10,399.10,3991.00
11180,11181,2022121301002296,NABIL,21,57,25,806.00,20150.00
11181,11182,2022121301002295,NABIL,55,57,121,806.00,97526.00
11182,11183,2022121304001167,RIDI,41,52,10,489.10,4891.00
11183,11184,2022121303001367,SIFC,29,28,1500,299.00,448500.00
11184,11185,2022121303001366,SIFC,53,28,100,299.70,29970.00
11185,11186,2022121303001365,SIFC,52,28,250,300.00,75000.00
11186,11187,2022121303001364,NIFRA,49,19,47,184.00,8648.00
11187,11188,2022121303001363,NIFRA,58,19,17,185.00,3145.00
11188,11189,2022121301002294,SHIVM,50,3,20,546.30,10926.00
11189,11190,2022121301002293,NCCB,1,41,306,181.70,55600.20
11190,11191,2022121301002292,NCCB,57,41,200,181.70,36340.00
11191,11192,2022121301002291,NCCB,46,41,200,181.80,36360.00
11192,11193,2022121301002290,NCCB,56,41,50,182.00,9100.00
11193,11194,2022121301002289,NABIL,58,57,35,806.00,28210.00
11194,11195,2022121301002288,NABIL,38,57,20,806.00,16120.00
11195,11196,2022121303001362,NICLBSL,57,19,40,715.00,28600.00
11196,11197,2022121301002287,KBL,22,43,12,184.50,2214.00
11197,11198,2022121301002286,KBL,49,43,110,185.00,20350.00
11198,11199,2022121304001166,API,22,45,998,210.00,209580.00
11199,11200,2022121301002285,MEGA,58,6,10,196.00,1960.00
11200,11201,2022121303001361,NUBL,57,42,17,890.00,15130.00
11201,11202,2022121303001360,NICLBSL,57,19,10,715.00,7150.00
11202,11203,2022121305000310,ENL,41,55,20,590.00,11800.00
11203,11204,2022121305000309,NYADI,26,57,30,270.00,8100.00
11204,11205,2022121301002284,NIB,47,54,395,220.00,86900.00
11205,11206,2022121301002283,NIB,37,54,50,220.00,11000.00
11206,11207,2022121301002282,NIB,58,54,10,220.00,2200.00
11207,11208,2022121301002281,NIB,48,54,45,220.00,9900.00
11208,11209,2022121303001359,FMDBL,34,58,105,708.90,74434.50
11209,11210,2022121304001165,UPPER,45,58,12,389.90,4678.80
11210,11211,2022121301002280,PPL,28,19,10,199.50,1995.00
11211,11212,2022121301002279,SIKLES,34,35,10,374.00,3740.00
11212,11213,2022121303001358,GILB,59,19,20,1130.00,22600.00
11213,11214,2022121303001357,NIFRA,58,40,507,185.00,93795.00
11214,11215,2022121301002278,NABIL,35,57,11,806.00,8866.00
11215,11216,2022121301002277,NABIL,38,57,50,806.00,40300.00
11216,11217,2022121301002276,NABIL,41,57,200,806.00,161200.00
11217,11218,2022121301002275,NABIL,21,57,10,806.00,8060.00
11218,11219,2022121303001356,NTC,19,17,200,890.00,178000.00
11219,11220,2022121301002274,BOKL,14,43,79,206.10,16281.90
11220,11221,2022121301002273,NBF3,45,19,200,7.25,1450.00
11221,11222,2022121305000308,NYADI,26,49,10,270.00,2700.00
11222,11223,2022121305000307,JBLB,34,47,13,2725.00,35425.00
11223,11224,2022121305000306,JBLB,26,47,33,2725.00,89925.00
11224,11225,2022121301002272,SANIMA,42,22,54,227.50,12285.00
11225,11226,2022121304001164,UPPER,39,33,57,387.00,22059.00
11226,11227,2022121303001355,NTC,19,17,175,890.00,155750.00
11227,11228,2022121301002271,NABIL,19,14,10,806.00,8060.00
11228,11229,2022121301002270,NABIL,46,14,10,806.00,8060.00
11229,11230,2022121301002269,NABIL,36,14,10,806.00,8060.00
11230,11231,2022121301002268,NABIL,44,14,10,806.00,8060.00
11231,11232,2022121301002267,NABIL,32,14,100,806.00,80600.00
11232,11233,2022121301002266,NABIL,48,14,100,806.00,80600.00
11233,11234,2022121301002265,NABIL,49,14,50,806.00,40300.00
11234,11235,2022121301002264,NABIL,52,14,15,806.00,12090.00
11235,11236,2022121301002263,NABIL,19,14,12,806.00,9672.00
11236,11237,2022121301002262,NABIL,41,14,87,807.00,70209.00
11237,11238,2022121301002261,NABIL,29,14,200,807.00,161400.00
11238,11239,2022121301002260,NABIL,42,14,50,807.00,40350.00
11239,11240,2022121301002259,NABIL,45,14,17,807.00,13719.00
11240,11241,2022121301002258,NABIL,32,14,12,807.00,9684.00
11241,11242,2022121301002257,NABIL,28,14,60,807.00,48420.00
11242,11243,2022121301002256,NABIL,57,14,10,807.00,8070.00
11243,11244,2022121301002255,NABIL,18,14,18,807.00,14526.00
11244,11245,2022121301002254,NABIL,49,14,10,807.10,8071.00
11245,11246,2022121301002253,NABIL,4,14,10,807.50,8075.00
11246,11247,2022121301002252,SHIVM,50,41,100,547.00,54700.00
11247,11248,2022121301002251,SHIVM,58,41,30,547.00,16410.00
11248,11249,2022121301002250,SHIVM,43,41,20,547.10,10942.00
11249,11250,2022121301002249,SIKLES,56,7,10,374.10,3741.00
11250,11251,2022121304001163,NHDL,21,19,50,313.00,15650.00
11251,11252,2022121301002248,SRBL,58,4,10,183.90,1839.00
11252,11253,2022121303001354,GILB,58,19,27,1131.00,30537.00
11253,11254,2022121301002247,CCBL,45,1,10,188.00,1880.00
11254,11255,2022121303001353,LBBL,52,55,200,318.00,63600.00
11255,11256,2022121303001352,LBBL,19,55,200,318.10,63620.00
11256,11257,2022121303001351,LBBL,59,55,100,318.30,31830.00
11257,11258,2022121305000305,MBJC,28,35,10,206.10,2061.00
11258,11259,2022121304001162,NGPL,53,26,54,208.00,11232.00
11259,11260,2022121304001161,NGPL,26,26,55,208.10,11445.50
11260,11261,2022121304001160,NGPL,58,26,21,209.00,4389.00
11261,11262,2022121304001159,NGPL,38,26,20,209.00,4180.00
11262,11263,2022121304001158,MEN,44,19,10,723.30,7233.00
11263,11264,2022121304001157,UPPER,34,13,130,387.10,50323.00
11264,11265,2022121301002246,GBIME,41,26,82,211.10,17310.20
11265,11266,2022121301002245,GBIME,21,26,50,211.10,10555.00
11266,11267,2022121301002244,ADBLD83,16,58,25,931.00,23275.00
11267,11268,2022121301002243,GBIME,58,40,50,211.10,10555.00
11268,11269,2022121301002242,NIB,58,8,10,221.00,2210.00
11269,11270,2022121301002241,USHEC,32,35,10,248.00,2480.00
11270,11271,2022121301002240,CZBIL,58,48,500,180.00,90000.00
11271,11272,2022121303001350,HIDCL,32,58,10,166.90,1669.00
11272,11273,2022121305000304,MBJC,16,19,90,206.20,18558.00
11273,11274,2022121301002239,USHEC,32,14,10,248.00,2480.00
11274,11275,2022121301002238,USHEC,32,35,10,248.00,2480.00
11275,11276,2022121304001156,BARUN,58,26,23,202.70,4662.10
11276,11277,2022121301002237,UHEWA,57,49,10,347.70,3477.00
11277,11278,2022121304001155,LEC,14,19,20,216.00,4320.00
11278,11279,2022121303001349,NTC,34,17,150,890.00,133500.00
11279,11280,2022121303001348,NTC,34,17,175,890.00,155750.00
11280,11281,2022121301002236,MEGA,41,4,18,195.20,3513.60
11281,11282,2022121301002235,MEGA,14,4,12,195.20,2342.40
11282,11283,2022121303001347,GILB,11,11,43,1135.00,48805.00
11283,11284,2022121304001154,RIDI,34,44,18,490.00,8820.00
11284,11285,2022121301002234,DORDI,56,19,10,230.00,2300.00
11285,11286,2022121304001153,SICL,55,47,19,765.00,14535.00
11286,11287,2022121304001152,SICL,49,47,15,765.00,11475.00
11287,11288,2022121304001151,SICL,6,47,20,765.00,15300.00
11288,11289,2022121304001150,RIDI,46,44,970,490.00,475300.00
11289,11290,2022121304001149,RIDI,46,44,30,490.00,14700.00
11290,11291,2022121301002233,HDL,36,52,20,3840.10,76802.00
11291,11292,2022121301002232,NABIL,28,57,60,808.00,48480.00
11292,11293,2022121301002231,MEGA,58,6,10,196.00,1960.00
11293,11294,2022121301002230,NBL,50,8,12,276.00,3312.00
11294,11295,2022121301002229,HDL,36,53,50,3840.10,192005.00
11295,11296,2022121304001148,RIDI,44,44,45,490.00,22050.00
11296,11297,2022121304001147,API,22,52,100,210.00,21000.00
11297,11298,2022121304001146,API,22,58,250,210.00,52500.00
11298,11299,2022121304001145,API,22,22,223,210.00,46830.00
11299,11300,2022121304001144,API,22,26,739,209.90,155116.10
11300,11301,2022121304001143,API,22,28,490,209.80,102802.00
11301,11302,2022121303001346,CORBL,29,38,50,272.40,13620.00
11302,11303,2022121303001345,CORBL,57,38,30,273.00,8190.00
11303,11304,2022121301002228,NMB,43,16,21,232.00,4872.00
11304,11305,2022121303001344,NTC,34,11,40,890.00,35600.00
11305,11306,2022121303001343,NTC,34,42,50,890.00,44500.00
11306,11307,2022121303001342,NTC,34,17,10,890.00,8900.00
11307,11308,2022121303001341,NTC,34,56,25,890.00,22250.00
11308,11309,2022121303001340,NTC,34,17,250,890.00,222500.00
11309,11310,2022121303001339,NTC,34,28,100,889.00,88900.00
11310,11311,2022121303001338,NTC,34,32,200,888.00,177600.00
11311,11312,2022121303001337,NTC,34,50,150,887.90,133185.00
11312,11313,2022121303001336,LLBS,50,39,10,1012.20,10122.00
11313,11314,2022121303001335,NICLBSL,58,42,10,715.00,7150.00
11314,11315,2022121301002227,CZBIL,14,48,115,181.00,20815.00
11315,11316,2022121305000303,SAHAS,45,57,10,447.60,4476.00
11316,11317,2022121303001334,NIFRA,58,53,116,185.00,21460.00
11317,11318,2022121301002226,NCCB,14,55,1000,182.00,182000.00
11318,11319,2022121303001333,NLIC,58,34,20,612.00,12240.00
11319,11320,2022121303001332,NTC,4,34,80,887.00,70960.00
11320,11321,2022121303001331,ALICL,13,45,12,505.00,6060.00
11321,11322,2022121301002225,NBL,58,8,10,276.00,2760.00
11322,11323,2022121301002224,NIB,48,26,180,220.00,39600.00
11323,11324,2022121301002223,NIB,37,26,100,220.00,22000.00
11324,11325,2022121301002222,NIB,37,26,100,220.00,22000.00
11325,11326,2022121301002221,NIB,42,26,20,220.00,4400.00
11326,11327,2022121301002220,NIB,54,26,20,220.00,4400.00
11327,11328,2022121301002219,NIB,41,26,20,220.00,4400.00
11328,11329,2022121301002218,NIB,33,26,10,220.10,2201.00
11329,11330,2022121301002217,NIB,33,26,10,220.40,2204.00
11330,11331,2022121301002216,NIB,41,26,200,220.50,44100.00
11331,11332,2022121301002215,NIB,40,26,16,220.50,3528.00
11332,11333,2022121301002214,NIB,41,26,187,220.50,41233.50
11333,11334,2022121303001330,NTC,7,34,10,887.00,8870.00
11334,11335,2022121301002213,LBL,14,11,100,193.00,19300.00
11335,11336,2022121301002212,LBL,14,42,12,193.00,2316.00
11336,11337,2022121301002211,NABIL,49,57,20,808.00,16160.00
11337,11338,2022121301002210,NABIL,57,57,32,808.00,25856.00
11338,11339,2022121301002209,NABIL,28,57,30,808.00,24240.00
11339,11340,2022121301002208,NABIL,16,57,50,808.00,40400.00
11340,11341,2022121301002207,NABIL,43,57,50,808.00,40400.00
11341,11342,2022121301002206,NABIL,29,57,10,808.10,8081.00
11342,11343,2022121301002205,NABIL,1,57,10,808.10,8081.00
11343,11344,2022121301002204,NABIL,49,57,20,809.00,16180.00
11344,11345,2022121301002203,NABIL,38,57,10,809.00,8090.00
11345,11346,2022121303001329,CORBL,57,28,20,273.00,5460.00
11346,11347,2022121303001328,CORBL,1,28,30,273.10,8193.00
11347,11348,2022121301002202,SIKLES,38,14,10,374.10,3741.00
11348,11349,2022121303001327,KRBL,17,19,200,252.10,50420.00
11349,11350,2022121301002201,PRVU,1,48,11,199.00,2189.00
11350,11351,2022121303001326,ICFC,42,25,66,425.00,28050.00
11351,11352,2022121303001325,ICFC,6,25,100,425.00,42500.00
11352,11353,2022121303001324,ICFC,58,25,10,425.00,4250.00
11353,11354,2022121303001323,ICFC,56,25,24,425.10,10202.40
11354,11355,2022121301002200,HDL,17,52,10,3840.00,38400.00
11355,11356,2022121305000302,MBJC,16,22,10,206.20,2062.00
11356,11357,2022121301002199,NABIL,49,57,23,809.00,18607.00
11357,11358,2022121301002198,SHIVM,43,57,20,547.10,10942.00
11358,11359,2022121305000301,TPC,34,7,10,318.10,3181.00
11359,11360,2022121301002197,NABIL,58,57,20,809.00,16180.00
11360,11361,2022121301002196,SHIVM,58,47,50,548.00,27400.00
11361,11362,2022121305000300,ENL,55,38,10,579.30,5793.00
11362,11363,2022121303001322,KRBL,42,28,15,253.00,3795.00
11363,11364,2022121303001321,KRBL,44,28,37,253.00,9361.00
11364,11365,2022121303001320,KRBL,22,28,690,253.00,174570.00
11365,11366,2022121303001319,NIFRA,49,58,50,184.00,9200.00
11366,11367,2022121303001318,NIFRA,49,58,150,184.00,27600.00
11367,11368,2022121304001142,AHPC,58,55,10,273.90,2739.00
11368,11369,2022121305000299,MBJC,16,4,10,207.00,2070.00
11369,11370,2022121305000298,MBJC,16,20,10,207.00,2070.00
11370,11371,2022121305000297,MBJC,16,49,10,207.00,2070.00
11371,11372,2022121304001141,RHPL,19,14,20,225.00,4500.00
11372,11373,2022121304001140,RHPL,19,14,200,225.10,45020.00
11373,11374,2022121304001139,RHPL,29,14,50,225.10,11255.00
11374,11375,2022121304001138,PSF,25,38,200,7.61,1522.00
11375,11376,2022121301002195,HHL,57,35,10,214.00,2140.00
11376,11377,2022121301002194,NABIL,38,57,10,809.00,8090.00
11377,11378,2022121301002193,HDL,49,52,10,3841.00,38410.00
11378,11379,2022121301002192,SGHC,21,35,10,250.00,2500.00
11379,11380,2022121303001317,SKBBL,42,40,35,1122.00,39270.00
11380,11381,2022121301002191,HHL,16,49,770,214.80,165396.00
11381,11382,2022121301002190,HHL,58,49,30,214.80,6444.00
11382,11383,2022121301002189,HHL,58,49,200,215.00,43000.00
11383,11384,2022121303001316,MNBBL,26,54,75,420.00,31500.00
11384,11385,2022121303001315,NADEP,45,35,5,688.00,3440.00
11385,11386,2022121303001314,NADEP,45,14,15,688.00,10320.00
11386,11387,2022121301002188,BHDC,45,36,10,341.00,3410.00
11387,11388,2022121304001137,PRIN,51,36,30,399.00,11970.00
11388,11389,2022121301002187,SIKLES,53,45,10,374.10,3741.00
11389,11390,2022121301002186,GVL,38,19,10,310.80,3108.00
11390,11391,2022121304001136,API,53,28,285,209.00,59565.00
11391,11392,2022121304001135,API,21,28,25,209.00,5225.00
11392,11393,2022121301002185,MMFDBP,35,34,546,483.00,263718.00
11393,11394,2022121305000296,SLI,51,58,10,329.50,3295.00
11394,11395,2022121301002184,HBL,21,14,50,325.00,16250.00
11395,11396,2022121303001313,MFIL,6,25,120,417.00,50040.00
11396,11397,2022121303001312,MFIL,4,25,50,418.00,20900.00
11397,11398,2022121303001311,MFIL,6,25,80,418.00,33440.00
11398,11399,2022121301002183,CZBIL,14,14,2000,181.00,362000.00
11399,11400,2022121301002182,CZBIL,14,56,41,181.00,7421.00
11400,11401,2022121301002181,CZBIL,14,39,177,180.70,31983.90
11401,11402,2022121301002180,CZBIL,14,57,100,180.50,18050.00
11402,11403,2022121301002179,CZBIL,14,48,67,180.50,12093.50
11403,11404,2022121301002178,SHIVM,43,50,10,547.10,5471.00
11404,11405,2022121304001134,PRIN,35,36,25,400.00,10000.00
11405,11406,2022121301002177,SIKLES,57,20,30,374.20,11226.00
11406,11407,2022121304001133,MEN,44,7,80,723.30,57864.00
11407,11408,2022121304001132,MEN,13,7,10,723.40,7234.00
11408,11409,2022121304001131,MEN,13,7,10,723.50,7235.00
11409,11410,2022121301002176,NABIL,56,57,50,809.00,40450.00
11410,11411,2022121301002175,HDL,16,52,18,3840.10,69121.80
11411,11412,2022121305000295,SAHAS,45,58,10,447.60,4476.00
11412,11413,2022121301002174,AVYAN,56,49,10,695.00,6950.00
11413,11414,2022121301002173,PCBL,38,35,15,224.50,3367.50
11414,11415,2022121304001130,UMRH,38,7,10,416.00,4160.00
11415,11416,2022121303001310,KRBL,41,29,110,255.00,28050.00
11416,11417,2022121301002172,AVYAN,56,14,10,695.00,6950.00
11417,11418,2022121304001129,JOSHI,58,25,120,186.00,22320.00
11418,11419,2022121301002171,MBL,57,49,23,212.00,4876.00
11419,11420,2022121301002170,MBL,57,49,200,212.10,42420.00
11420,11421,2022121301002169,NABIL,38,57,10,809.00,8090.00
11421,11422,2022121303001309,SHINE,55,44,120,332.00,39840.00
11422,11423,2022121303001308,SHINE,26,44,800,332.10,265680.00
11423,11424,2022121303001307,SHINE,54,44,76,332.10,25239.60
11424,11425,2022121301002168,RFPL,52,48,10,223.20,2232.00
11425,11426,2022121301002167,HHL,52,8,10,215.10,2151.00
11426,11427,2022121304001128,NIL,14,45,11,716.00,7876.00
11427,11428,2022121305000294,MBJC,16,58,10,206.10,2061.00
11428,11429,2022121301002166,NABIL,55,57,50,809.00,40450.00
11429,11430,2022121303001306,ICFC,58,14,68,428.00,29104.00
11430,11431,2022121303001305,NMBMF,11,35,49,655.00,32095.00
11431,11432,2022121303001304,CIT,35,57,30,1860.00,55800.00
11432,11433,2022121303001303,SIFC,52,29,100,300.00,30000.00
11433,11434,2022121301002165,MBL,6,7,10,214.00,2140.00
11434,11435,2022121301002164,MBL,14,7,143,214.00,30602.00
11435,11436,2022121304001127,AHPC,11,56,40,270.00,10800.00
11436,11437,2022121303001302,CBBL,4,36,20,1098.00,21960.00
11437,11438,2022121303001301,CBBL,42,36,30,1098.10,32943.00
11438,11439,2022121303001300,NIFRA,49,41,313,184.00,57592.00
11439,11440,2022121301002163,HDL,56,52,10,3846.00,38460.00
11440,11441,2022121303001299,MERO,56,49,20,761.10,15222.00
11441,11442,2022121301002162,NABIL,21,57,10,809.00,8090.00
11442,11443,2022121303001298,HIDCL,4,38,876,166.00,145416.00
11443,11444,2022121303001297,HIDCL,11,38,100,166.00,16600.00
11444,11445,2022121303001296,HIDCL,51,38,24,166.00,3984.00
11445,11446,2022121303001295,CORBL,57,28,100,273.00,27300.00
11446,11447,2022121301002161,SGHC,21,35,10,250.00,2500.00
11447,11448,2022121304001126,JOSHI,58,58,80,186.00,14880.00
11448,11449,2022121301002160,SHIVM,43,44,50,547.10,27355.00
11449,11450,2022121304001125,SHL,22,32,100,216.00,21600.00
11450,11451,2022121304001124,RURU,43,49,20,720.00,14400.00
11451,11452,2022121305000293,RULB,25,59,10,870.00,8700.00
11452,11453,2022121305000292,JBLB,26,54,17,2725.00,46325.00
11453,11454,2022121304001123,UPPER,34,53,35,387.10,13548.50
11454,11455,2022121304001122,NGPL,38,57,50,209.00,10450.00
11455,11456,2022121301002159,NABIL,59,57,100,809.00,80900.00
11456,11457,2022121301002158,SHIVM,50,47,20,548.00,10960.00
11457,11458,2022121304001121,UPPER,4,33,80,387.00,30960.00
11458,11459,2022121304001120,PMHPL,42,45,50,187.00,9350.00
11459,11460,2022121301002157,NABIL,45,57,10,809.00,8090.00
11460,11461,2022121301002156,PCBL,17,35,166,224.50,37267.00
11461,11462,2022121301002155,PCBL,17,54,74,224.50,16613.00
11462,11463,2022121305000291,SLI,21,55,10,332.00,3320.00
11463,11464,2022121304001119,UMRH,45,17,10,416.00,4160.00
11464,11465,2022121301002154,NABIL,54,57,10,809.00,8090.00
11465,11466,2022121301002153,HDL,36,58,100,3840.20,384020.00
11466,11467,2022121303001294,RLFL,45,33,15,293.70,4405.50
11467,11468,2022121304001118,UPPER,4,10,20,387.00,7740.00
11468,11469,2022121305000290,SLI,21,49,10,332.00,3320.00
11469,11470,2022121301002152,NABIL,54,39,35,809.00,28315.00
11470,11471,2022121301002151,NABIL,58,39,30,809.00,24270.00
11471,11472,2022121301002150,NABIL,45,39,10,809.00,8090.00
11472,11473,2022121304001117,HEI,25,1,200,361.20,72240.00
11473,11474,2022121303001293,MERO,56,49,30,761.20,22836.00
11474,11475,2022121301002149,GBIME,52,49,10,212.00,2120.00
11475,11476,2022121301002148,GIBF1,48,38,100,8.10,810.00
11476,11477,2022121305000289,MKJC,34,7,10,406.00,4060.00
11477,11478,2022121305000288,SLI,21,55,10,332.00,3320.00
11478,11479,2022121305000287,SLI,21,52,10,332.00,3320.00
11479,11480,2022121305000286,SLI,21,38,10,331.00,3310.00
11480,11481,2022121305000285,SLI,21,22,10,331.00,3310.00
11481,11482,2022121305000284,SLI,21,22,10,331.00,3310.00
11482,11483,2022121304001116,HDHPC,11,44,2020,173.00,349460.00
11483,11484,2022121301002147,NABIL,45,14,290,809.00,234610.00
11484,11485,2022121301002146,NABIL,48,14,10,809.00,8090.00
11485,11486,2022121301002145,KBL,42,43,10,185.00,1850.00
11486,11487,2022121304001115,UPPER,17,58,50,387.00,19350.00
11487,11488,2022121301002144,CCBL,34,6,528,187.00,98736.00
11488,11489,2022121301002143,CCBL,34,28,10,187.00,1870.00
11489,11490,2022121301002142,CCBL,34,32,408,187.00,76296.00
11490,11491,2022121303001292,LICN,33,59,50,1403.00,70150.00
11491,11492,2022121303001291,SADBL,49,48,13,300.00,3900.00
11492,11493,2022121305000283,SLI,21,58,10,330.00,3300.00
11493,11494,2022121305000282,SLI,21,55,10,330.00,3300.00
11494,11495,2022121305000281,SLI,21,47,10,330.00,3300.00
11495,11496,2022121301002141,SANIMA,42,6,90,227.00,20430.00
11496,11497,2022121301002140,SANIMA,58,6,10,227.00,2270.00
11497,11498,2022121301002139,BHDC,45,58,10,341.00,3410.00
11498,11499,2022121301002138,MMF1,29,33,800,7.46,5968.00
11499,11500,2022121303001290,ICFC,58,14,29,428.00,12412.00
11500,11501,2022121303001289,HIDCL,47,38,194,166.00,32204.00
11501,11502,2022121303001288,HIDCL,32,38,100,166.00,16600.00
11502,11503,2022121305000280,MBJC,16,44,10,206.10,2061.00
11503,11504,2022121301002137,MEGA,14,42,59,195.20,11516.80
11504,11505,2022121301002136,NIB,41,33,63,220.50,13891.50
11505,11506,2022121301002135,NIB,33,33,37,220.50,8158.50
11506,11507,2022121301002134,NABIL,48,28,40,809.00,32360.00
11507,11508,2022121304001114,UPPER,17,58,50,387.00,19350.00
11508,11509,2022121301002133,NBF3,45,48,100,7.25,725.00
11509,11510,2022121301002132,CZBIL,58,48,33,180.50,5956.50
11510,11511,2022121301002131,HHL,52,58,10,215.10,2151.00
11511,11512,2022121304001113,TRH,7,7,10,336.30,3363.00
11512,11513,2022121303001287,NTC,16,34,10,887.00,8870.00
11513,11514,2022121305000279,SLI,51,35,10,329.50,3295.00
11514,11515,2022121304001112,UPPER,16,55,50,386.20,19310.00
11515,11516,2022121304001111,UPPER,47,55,50,386.30,19315.00
11516,11517,2022121303001286,SHINE,39,25,12,333.00,3996.00
11517,11518,2022121301002130,NABIL,19,28,10,809.00,8090.00
11518,11519,2022121303001285,SADBL,49,57,11,300.00,3300.00
11519,11520,2022121305000278,TPC,32,58,10,318.00,3180.00
11520,11521,2022121301002129,SCB,21,48,23,402.30,9252.90
11521,11522,2022121303001284,GBBL,53,10,10,380.00,3800.00
11522,11523,2022121305000277,SAHAS,45,35,10,447.50,4475.00
11523,11524,2022121303001283,GFCL,33,32,25,442.00,11050.00
11524,11525,2022121303001282,GFCL,54,32,91,442.00,40222.00
11525,11526,2022121303001281,GFCL,41,32,100,443.00,44300.00
11526,11527,2022121303001280,GFCL,4,32,50,444.00,22200.00
11527,11528,2022121301002128,BOKL,14,33,140,208.00,29120.00
11528,11529,2022121305000276,SLI,51,58,10,329.50,3295.00
11529,11530,2022121301002127,NABIL,29,14,25,809.00,20225.00
11530,11531,2022121301002126,NBL,58,6,30,274.30,8229.00
11531,11532,2022121303001279,CLBSL,1,45,120,768.50,92220.00
11532,11533,2022121303001278,ACLBSL,59,36,11,712.00,7832.00
11533,11534,2022121305000275,SLI,51,58,10,329.50,3295.00
11534,11535,2022121303001277,SADBL,49,5,154,300.00,46200.00
11535,11536,2022121304001110,SHEL,52,58,10,233.00,2330.00
11536,11537,2022121303001276,SKBBL,42,29,10,1122.00,11220.00
11537,11538,2022121303001275,SKBBL,42,35,21,1122.00,23562.00
11538,11539,2022121303001274,NIFRA,21,53,100,185.00,18500.00
11539,11540,2022121303001273,NIFRA,49,41,137,184.00,25208.00
11540,11541,2022121303001272,NIFRA,58,41,30,184.00,5520.00
11541,11542,2022121303001271,NIFRA,42,41,333,184.00,61272.00
11542,11543,2022121301002125,SHIVM,56,41,60,549.00,32940.00
11543,11544,2022121303001270,HIDCL,45,38,72,166.20,11966.40
11544,11545,2022121303001269,HIDCL,1,38,134,166.20,22270.80
11545,11546,2022121303001268,SABSL,42,13,10,899.30,8993.00
11546,11547,2022121303001267,GILB,11,11,90,1135.00,102150.00
11547,11548,2022121303001266,GILB,7,11,10,1136.00,11360.00
11548,11549,2022121301002124,LBL,38,42,188,193.00,36284.00
11549,11550,2022121301002123,LBL,38,11,100,193.00,19300.00
11550,11551,2022121301002122,LBL,38,45,15,193.00,2895.00
11551,11552,2022121301002121,LBL,38,48,80,193.00,15440.00
11552,11553,2022121301002120,LBL,38,8,67,192.80,12917.60
11553,11554,2022121303001265,CORBL,57,28,50,273.00,13650.00
11554,11555,2022121304001109,UPPER,49,33,60,387.00,23220.00
11555,11556,2022121301002119,LBL,58,42,80,192.10,15368.00
11556,11557,2022121303001264,FOWAD,58,28,13,2617.00,34021.00
11557,11558,2022121304001108,BARUN,55,40,18,203.00,3654.00
11558,11559,2022121304001107,BARUN,55,49,12,203.00,2436.00
11559,11560,2022121304001106,BARUN,55,20,50,203.00,10150.00
11560,11561,2022121304001105,AHPC,37,56,10,270.00,2700.00
11561,11562,2022121303001263,NLIC,45,5,33,611.00,20163.00
11562,11563,2022121304001104,NGPL,38,45,1000,210.00,210000.00
11563,11564,2022121301002118,SRBL,14,51,16,183.10,2929.60
11564,11565,2022121304001103,NIL,48,48,115,716.10,82351.50
11565,11566,2022121305000274,BNHC,13,14,30,330.00,9900.00
11566,11567,2022121301002117,HDL,34,21,5,3840.00,19200.00
11567,11568,2022121301002116,HDL,34,52,20,3840.00,76800.00
11568,11569,2022121301002115,NIB,32,8,10,221.00,2210.00
11569,11570,2022121304001102,HEI,33,41,300,361.30,108390.00
11570,11571,2022121304001101,HEI,38,41,100,361.30,36130.00
11571,11572,2022121301002114,CZBIL,18,48,300,180.50,54150.00
11572,11573,2022121304001100,UMRH,45,51,10,412.00,4120.00
11573,11574,2022121301002113,USHEC,58,45,10,247.40,2474.00
11574,11575,2022121304001099,UPPER,47,34,50,386.30,19315.00
11575,11576,2022121305000273,MBJC,16,58,10,206.10,2061.00
11576,11577,2022121301002112,PCBL,42,54,100,224.50,22450.00
11577,11578,2022121303001262,RMDC,51,7,115,940.00,108100.00
11578,11579,2022121303001261,RMDC,55,7,200,940.00,188000.00
11579,11580,2022121303001260,RMDC,1,7,100,940.10,94010.00
11580,11581,2022121303001259,RMDC,26,7,51,941.10,47996.10
11581,11582,2022121303001258,RMDC,44,7,10,941.50,9415.00
11582,11583,2022121303001257,RMDC,37,7,180,943.00,169740.00
11583,11584,2022121303001256,RMDC,11,7,55,943.00,51865.00
11584,11585,2022121303001255,RMDC,58,7,10,944.00,9440.00
11585,11586,2022121303001254,RMDC,37,7,90,944.10,84969.00
11586,11587,2022121303001253,RMDC,17,7,200,945.00,189000.00
11587,11588,2022121303001252,RMDC,19,7,50,945.00,47250.00
11588,11589,2022121303001251,RMDC,58,7,10,945.10,9451.00
11589,11590,2022121303001250,RMDC,53,7,80,945.20,75616.00
11590,11591,2022121303001249,RMDC,45,7,110,945.30,103983.00
11591,11592,2022121304001098,SSHL,57,47,1000,171.50,171500.00
11592,11593,2022121301002111,NIB,33,22,63,220.50,13891.50
11593,11594,2022121301002110,MEGA,14,49,36,195.20,7027.20
11594,11595,2022121301002109,CYCL,1,51,10,2260.20,22602.00
11595,11596,2022121304001097,NGPL,38,45,350,210.00,73500.00
11596,11597,2022121304001096,NGPL,38,33,50,210.00,10500.00
11597,11598,2022121304001095,NGPL,38,22,100,209.90,20990.00
11598,11599,2022121304001094,NGPL,38,22,100,209.90,20990.00
11599,11600,2022121304001093,NGPL,38,22,100,209.90,20990.00
11600,11601,2022121304001092,NGPL,38,22,100,209.90,20990.00
11601,11602,2022121304001091,NGPL,38,22,100,209.90,20990.00
11602,11603,2022121304001090,NGPL,38,22,100,209.90,20990.00
11603,11604,2022121304001089,NGPL,38,22,100,209.90,20990.00
11604,11605,2022121304001088,NGPL,38,22,100,209.90,20990.00
11605,11606,2022121304001087,NGPL,38,22,100,209.90,20990.00
11606,11607,2022121304001086,NGPL,38,22,100,209.90,20990.00
11607,11608,2022121304001085,NGPL,38,28,100,209.90,20990.00
11608,11609,2022121304001084,NGPL,38,28,100,209.80,20980.00
11609,11610,2022121304001083,NGPL,38,28,100,209.70,20970.00
11610,11611,2022121304001082,NGPL,38,28,100,209.60,20960.00
11611,11612,2022121305000272,MBJC,16,6,10,206.10,2061.00
11612,11613,2022121303001248,NIFRA,42,5,64,184.00,11776.00
11613,11614,2022121301002108,NBL,58,55,241,274.30,66106.30
11614,11615,2022121303001247,SMFDB,17,55,20,1234.00,24680.00
11615,11616,2022121303001246,SMB,20,8,14,1190.00,16660.00
11616,11617,2022121304001081,AKJCL,45,47,30,171.00,5130.00
11617,11618,2022121304001080,AKJCL,7,47,80,171.00,13680.00
11618,11619,2022121301002107,NABIL,58,14,30,809.00,24270.00
11619,11620,2022121303001245,ICFC,58,49,113,426.00,48138.00
11620,11621,2022121304001079,BPCL,6,6,90,303.50,27315.00
11621,11622,2022121304001078,BPCL,58,6,10,303.60,3036.00
11622,11623,2022121301002106,PPL,34,35,10,199.20,1992.00
11623,11624,2022121301002105,PPL,34,42,10,199.20,1992.00
11624,11625,2022121304001077,RIDI,46,44,900,490.00,441000.00
11625,11626,2022121303001244,FOWAD,58,47,20,2616.90,52338.00
11626,11627,2022121301002104,NICA,35,5,80,676.00,54080.00
11627,11628,2022121301002103,NICA,54,5,11,676.10,7437.10
11628,11629,2022121301002102,CZBIL,58,48,500,180.00,90000.00
11629,11630,2022121303001243,NLIC,58,14,20,612.00,12240.00
11630,11631,2022121304001076,SSHL,57,47,300,171.50,51450.00
11631,11632,2022121301002101,RFPL,28,7,10,225.00,2250.00
11632,11633,2022121301002100,NABIL,45,14,25,809.00,20225.00
11633,11634,2022121301002099,GVL,44,48,10,310.70,3107.00
11634,11635,2022121304001075,PMHPL,10,56,97,190.30,18459.10
11635,11636,2022121304001074,PMHPL,49,56,33,190.30,6279.90
11636,11637,2022121304001073,PMHPL,6,56,20,190.30,3806.00
11637,11638,2022121301002098,USHEC,58,35,10,247.40,2474.00
11638,11639,2022121303001242,RMDC,45,7,90,945.30,85077.00
11639,11640,2022121303001241,RMDC,51,7,10,950.00,9500.00
11640,11641,2022121304001072,CHCL,57,36,100,382.00,38200.00
11641,11642,2022121301002097,NICA,54,29,39,676.10,26367.90
11642,11643,2022121301002096,SHIVM,45,41,15,549.00,8235.00
11643,11644,2022121303001240,SMFDB,32,26,27,1228.00,33156.00
11644,11645,2022121301002095,NESDO,58,5,10,3322.00,33220.00
11645,11646,2022121304001071,UPPER,49,33,32,387.00,12384.00
11646,11647,2022121304001070,UPPER,41,33,50,387.00,19350.00
11647,11648,2022121304001069,UPPER,29,33,127,387.00,49149.00
11648,11649,2022121304001068,API,36,28,10,209.80,2098.00
11649,11650,2022121303001239,NLIC,58,14,93,612.00,56916.00
11650,11651,2022121303001238,NLIC,58,58,57,612.00,34884.00
11651,11652,2022121301002094,PPL,34,59,10,199.20,1992.00
11652,11653,2022121304001067,PSF,25,35,100,7.61,761.00
11653,11654,2022121304001066,JOSHI,21,47,20,186.00,3720.00
11654,11655,2022121303001237,GBBL,46,10,140,380.00,53200.00
11655,11656,2022121303001236,GBBL,46,54,10,380.00,3800.00
11656,11657,2022121301002093,BHDC,45,35,10,341.00,3410.00
11657,11658,2022121301002092,RFPL,42,42,10,223.10,2231.00
11658,11659,2022121301002091,MEGA,14,5,56,195.20,10931.20
11659,11660,2022121303001235,NIFRA,38,6,44,184.10,8100.40
11660,11661,2022121304001065,UPPER,29,41,100,387.00,38700.00
11661,11662,2022121303001234,LBBL,37,3,79,320.00,25280.00
11662,11663,2022121303001233,MFIL,6,3,10,418.00,4180.00
11663,11664,2022121301002090,CCBL,43,32,72,187.00,13464.00
11664,11665,2022121301002089,PRVU,1,14,471,199.00,93729.00
11665,11666,2022121301002088,PRVU,58,14,14,199.00,2786.00
11666,11667,2022121301002087,PRVU,34,14,100,199.00,19900.00
11667,11668,2022121301002086,PRVU,41,14,507,199.00,100893.00
11668,11669,2022121301002085,PRVU,14,14,350,199.00,69650.00
11669,11670,2022121301002084,PRVU,17,14,108,199.00,21492.00
11670,11671,2022121301002083,PRVU,51,14,100,199.10,19910.00
11671,11672,2022121301002082,PRVU,7,14,100,199.10,19910.00
11672,11673,2022121301002081,PRVU,6,14,100,199.10,19910.00
11673,11674,2022121301002080,PRVU,36,14,50,199.10,9955.00
11674,11675,2022121301002079,PRVU,18,14,100,199.20,19920.00
11675,11676,2022121304001064,RIDI,57,44,25,490.00,12250.00
11676,11677,2022121303001232,MLBL,48,55,20,342.00,6840.00
11677,11678,2022121303001231,MLBL,41,55,100,342.20,34220.00
11678,11679,2022121301002078,NICFC,58,45,100,7.71,771.00
11679,11680,2022121305000271,MBJC,16,5,10,206.10,2061.00
11680,11681,2022121304001063,AIL,17,19,10,396.00,3960.00
11681,11682,2022121304001062,UPPER,29,41,72,387.00,27864.00
11682,11683,2022121301002077,SHIVM,56,45,40,548.90,21956.00
11683,11684,2022121303001230,SWBBL,43,17,40,1175.10,47004.00
11684,11685,2022121304001061,SSHL,37,47,500,172.00,86000.00
11685,11686,2022121304001060,SSHL,32,47,200,172.20,34440.00
11686,11687,2022121301002076,NABIL,38,45,13,809.40,10522.20
11687,11688,2022121303001229,CORBL,29,28,50,272.40,13620.00
11688,11689,2022121303001228,RLFL,21,17,327,294.00,96138.00
11689,11690,2022121304001059,BARUN,36,53,10,203.00,2030.00
11690,11691,2022121301002075,SANIMA,47,22,96,227.50,21840.00
11691,11692,2022121303001227,SWBBL,25,17,50,1177.00,58850.00
11692,11693,2022121303001226,SWBBL,21,17,20,1177.10,23542.00
11693,11694,2022121303001225,NLIC,45,58,10,612.00,6120.00
11694,11695,2022121301002074,BHDC,45,5,10,341.00,3410.00
11695,11696,2022121305000270,SLI,51,13,100,329.50,32950.00
11696,11697,2022121301002073,MBL,14,53,69,214.00,14766.00
11697,11698,2022121301002072,MBL,38,53,100,214.20,21420.00
11698,11699,2022121303001224,ICFC,58,58,68,425.80,28954.40
11699,11700,2022121301002071,HDL,26,34,10,3837.30,38373.00
11700,11701,2022121301002070,HDL,26,34,10,3838.00,38380.00
11701,11702,2022121304001058,LEMF,36,33,102,7.75,790.50
11702,11703,2022121301002069,BOKL,49,33,10,208.00,2080.00
11703,11704,2022121303001223,KSBBL,45,41,380,307.10,116698.00
11704,11705,2022121301002068,MBL,38,1,200,214.20,42840.00
11705,11706,2022121301002067,DORDI,56,35,10,230.00,2300.00
11706,11707,2022121301002066,NCCB,39,45,200,185.00,37000.00
11707,11708,2022121303001222,SMFDB,53,51,100,1227.00,122700.00
11708,11709,2022121301002065,SGHC,45,58,10,248.30,2483.00
11709,11710,2022121301002064,NABIL,19,45,100,809.40,80940.00
11710,11711,2022121304001057,BPCL,56,32,100,305.00,30500.00
11711,11712,2022121303001221,NTC,48,32,23,887.00,20401.00
11712,11713,2022121304001056,AKJCL,7,39,900,171.00,153900.00
11713,11714,2022121303001220,SMB,14,34,18,1198.00,21564.00
11714,11715,2022121303001219,SMB,16,34,12,1198.00,14376.00
11715,11716,2022121303001218,SMB,14,34,20,1198.00,23960.00
11716,11717,2022121303001217,SMB,14,34,20,1198.00,23960.00
11717,11718,2022121303001216,SMB,28,34,20,1199.00,23980.00
11718,11719,2022121301002063,NABIL,42,45,10,809.40,8094.00
11719,11720,2022121301002062,NICA,42,29,20,679.00,13580.00
11720,11721,2022121303001215,ICFC,25,58,32,425.80,13625.60
11721,11722,2022121304001055,CGH,45,6,11,995.00,10945.00
11722,11723,2022121304001054,LEMF,49,33,398,7.75,3084.50
11723,11724,2022121301002061,SBI,32,17,50,280.00,14000.00
11724,11725,2022121301002060,PPL,38,58,10,200.00,2000.00
11725,11726,2022121301002059,PPL,38,4,10,200.00,2000.00
11726,11727,2022121301002058,PPL,38,51,10,200.00,2000.00
11727,11728,2022121301002057,CCBL,49,32,20,187.00,3740.00
11728,11729,2022121304001053,RIDI,42,1,500,489.10,244550.00
11729,11730,2022121301002056,UHEWA,57,58,10,347.70,3477.00
11730,11731,2022121301002055,HBL,48,34,18,323.10,5815.80
11731,11732,2022121301002054,CYCL,1,53,10,2260.20,22602.00
11732,11733,2022121303001214,NTC,22,59,123,885.00,108855.00
11733,11734,2022121303001213,SADBL,49,57,50,300.00,15000.00
11734,11735,2022121304001052,AHPC,38,7,95,267.60,25422.00
11735,11736,2022121304001051,AHPC,16,7,20,267.60,5352.00
11736,11737,2022121304001050,AHPC,48,7,100,268.00,26800.00
11737,11738,2022121301002053,NABIL,42,45,10,809.40,8094.00
11738,11739,2022121303001212,NABBC,43,28,10,385.10,3851.00
11739,11740,2022121304001049,UPCL,18,56,150,215.30,32295.00
11740,11741,2022121301002052,MMF1,29,33,300,7.46,2238.00
11741,11742,2022121304001048,AIL,32,39,100,396.90,39690.00
11742,11743,2022121305000269,MBJC,16,19,10,206.10,2061.00
11743,11744,2022121303001211,ICFC,34,17,39,426.00,16614.00
11744,11745,2022121303001210,RLFL,54,17,188,294.00,55272.00
11745,11746,2022121303001209,RLFL,19,17,30,294.10,8823.00
11746,11747,2022121303001208,RLFL,19,17,30,295.00,8850.00
11747,11748,2022121301002051,NBL,42,56,51,275.00,14025.00
11748,11749,2022121304001047,PRIN,45,6,230,405.00,93150.00
11749,11750,2022121304001046,PRIN,45,19,90,405.00,36450.00
11750,11751,2022121304001045,RIDI,42,35,10,489.10,4891.00
11751,11752,2022121303001207,SWBBL,57,17,50,1178.00,58900.00
11752,11753,2022121303001206,SWBBL,6,17,20,1178.00,23560.00
11753,11754,2022121303001205,SWBBL,45,17,20,1178.10,23562.00
11754,11755,2022121301002050,SHIVM,55,45,400,548.90,219560.00
11755,11756,2022121301002049,CBL,32,38,10,215.00,2150.00
11756,11757,2022121301002048,HDL,8,45,10,3840.00,38400.00
11757,11758,2022121301002047,NABIL,29,45,20,809.40,16188.00
11758,11759,2022121304001044,AHPC,16,7,980,267.60,262248.00
11759,11760,2022121304001043,AHPC,17,7,20,267.60,5352.00
11760,11761,2022121304001042,AHPC,55,7,200,267.70,53540.00
11761,11762,2022121304001041,AHPC,3,7,1000,267.80,267800.00
11762,11763,2022121304001040,AHPC,49,7,500,269.20,134600.00
11763,11764,2022121304001039,AHPC,39,7,300,270.00,81000.00
11764,11765,2022121303001204,NABBC,43,28,12,378.70,4544.40
11765,11766,2022121303001203,NUBL,34,42,10,890.00,8900.00
11766,11767,2022121304001038,CHL,22,51,100,204.90,20490.00
11767,11768,2022121304001037,NGPL,26,17,20,208.10,4162.00
11768,11769,2022121301002046,MMF1,29,38,500,7.35,3675.00
11769,11770,2022121301002045,MMF1,29,53,100,7.32,732.00
11770,11771,2022121301002044,LBL,16,32,50,192.00,9600.00
11771,11772,2022121301002043,MBL,38,1,300,214.20,64260.00
11772,11773,2022121301002042,NICA,28,1,50,679.00,33950.00
11773,11774,2022121301002041,NICA,28,36,214,679.00,145306.00
11774,11775,2022121301002040,NICA,58,34,100,676.10,67610.00
11775,11776,2022121301002039,NABIL,58,39,40,808.00,32320.00
11776,11777,2022121301002038,NABIL,38,39,10,808.00,8080.00
11777,11778,2022121301002037,NABIL,14,39,17,808.50,13744.50
11778,11779,2022121304001036,SJCL,34,42,1060,219.00,232140.00
11779,11780,2022121303001202,NABBC,43,28,10,371.30,3713.00
11780,11781,2022121301002036,HDL,46,36,20,3840.00,76800.00
11781,11782,2022121303001201,SMFDB,53,22,10,1227.00,12270.00
11782,11783,2022121303001200,NIFRA,38,21,54,184.10,9941.40
11783,11784,2022121305000268,SAHAS,45,49,10,450.00,4500.00
11784,11785,2022121304001035,PMHPL,6,56,130,190.30,24739.00
11785,11786,2022121304001034,PMHPL,40,56,20,190.30,3806.00
11786,11787,2022121303001199,LBBL,21,3,100,320.00,32000.00
11787,11788,2022121303001198,LBBL,7,3,721,320.00,230720.00
11788,11789,2022121304001033,GHL,6,56,75,194.00,14550.00
11789,11790,2022121303001197,MERO,16,35,10,762.00,7620.00
11790,11791,2022121303001196,LBBL,7,17,279,320.00,89280.00
11791,11792,2022121303001195,LBBL,37,17,60,320.00,19200.00
11792,11793,2022121301002035,SGHC,45,59,10,248.40,2484.00
11793,11794,2022121301002034,RFPL,42,44,10,223.10,2231.00
11794,11795,2022121304001032,UPPER,29,59,101,387.00,39087.00
11795,11796,2022121304001031,UPPER,17,59,399,387.00,154413.00
11796,11797,2022121301002033,GVL,44,42,10,310.70,3107.00
11797,11798,2022121301002032,BHL,29,19,10,245.00,2450.00
11798,11799,2022121303001194,SWMF,45,37,20,712.00,14240.00
11799,11800,2022121303001193,SWMF,45,37,31,712.00,22072.00
11800,11801,2022121303001192,NABBC,43,28,10,364.10,3641.00
11801,11802,2022121304001030,UPPER,17,33,101,387.00,39087.00
11802,11803,2022121304001029,UPPER,58,33,10,387.00,3870.00
11803,11804,2022121304001028,UPPER,41,33,69,387.00,26703.00
11804,11805,2022121303001191,NIFRA,3,41,100,185.00,18500.00
11805,11806,2022121305000267,SAHAS,45,48,197,448.00,88256.00
11806,11807,2022121304001027,AKPL,53,36,15,345.20,5178.00
11807,11808,2022121305000266,ENL,55,35,10,579.50,5795.00
11808,11809,2022121303001190,RLFL,53,33,10,296.00,2960.00
11809,11810,2022121303001189,RLFL,41,33,20,296.00,5920.00
11810,11811,2022121303001188,NABBC,43,28,12,357.00,4284.00
11811,11812,2022121301002031,MMF1,29,38,100,7.30,730.00
11812,11813,2022121304001026,AKPL,25,32,20,346.00,6920.00
11813,11814,2022121301002030,SHIVM,45,57,953,547.00,521291.00
11814,11815,2022121301002029,SHIVM,42,57,50,548.00,27400.00
11815,11816,2022121301002028,SHIVM,58,57,100,548.20,54820.00
11816,11817,2022121305000265,SLI,51,35,10,329.50,3295.00
11817,11818,2022121304001025,NGPL,48,46,48,209.50,10056.00
11818,11819,2022121304001024,SPDL,50,36,130,263.00,34190.00
11819,11820,2022121301002027,LBL,16,51,100,192.00,19200.00
11820,11821,2022121304001023,AKJCL,58,25,16,172.00,2752.00
11821,11822,2022121301002026,PRVU,36,14,150,199.10,29865.00
11822,11823,2022121301002025,RFPL,42,19,10,223.10,2231.00
11823,11824,2022121303001187,NABBC,28,7,100,351.00,35100.00
11824,11825,2022121301002024,HHL,52,59,10,215.00,2150.00
11825,11826,2022121301002023,EBL,46,33,11,445.90,4904.90
11826,11827,2022121301002022,EBL,46,41,40,443.90,17756.00
11827,11828,2022121304001022,UPPER,34,53,10,387.10,3871.00
11828,11829,2022121301002021,UHEWA,57,58,10,347.70,3477.00
11829,11830,2022121304001021,NHPC,32,36,180,200.50,36090.00
11830,11831,2022121304001020,NHPC,39,36,100,200.60,20060.00
11831,11832,2022121304001019,NHPC,49,36,10,200.70,2007.00
11832,11833,2022121301002020,CBL,16,42,75,212.20,15915.00
11833,11834,2022121303001186,SHINE,33,43,40,333.50,13340.00
11834,11835,2022121303001185,GMFIL,40,44,32,306.80,9817.60
11835,11836,2022121301002019,NESDO,7,47,10,3330.00,33300.00
11836,11837,2022121304001018,AHPC,11,56,30,270.00,8100.00
11837,11838,2022121304001017,AHPC,55,56,12,270.20,3242.40
11838,11839,2022121301002018,BHL,29,21,10,245.00,2450.00
11839,11840,2022121301002017,PRVU,17,14,11,199.00,2189.00
11840,11841,2022121303001184,GMFIL,40,57,200,306.80,61360.00
11841,11842,2022121305000264,SLI,51,8,10,329.50,3295.00
11842,11843,2022121301002016,GBIME,41,48,39,213.00,8307.00
11843,11844,2022121303001183,GILB,11,59,35,1135.00,39725.00
11844,11845,2022121303001182,GILB,41,59,15,1135.00,17025.00
11845,11846,2022121301002015,PPL,38,38,10,199.30,1993.00
11846,11847,2022121304001016,HDHPC,16,42,68,172.70,11743.60
11847,11848,2022121304001015,HDHPC,58,42,400,172.70,69080.00
11848,11849,2022121304001014,HDHPC,14,42,200,173.00,34600.00
11849,11850,2022121304001013,HDHPC,37,42,50,173.60,8680.00
11850,11851,2022121303001181,NMBMF,11,21,10,655.00,6550.00
11851,11852,2022121305000263,MBJC,16,35,10,206.10,2061.00
11852,11853,2022121303001180,MERO,16,49,34,762.00,25908.00
11853,11854,2022121303001179,MERO,56,49,30,762.10,22863.00
11854,11855,2022121304001012,SBCF,47,35,200,7.16,1432.00
11855,11856,2022121304001011,SBCF,47,35,200,7.16,1432.00
11856,11857,2022121304001010,CGH,45,47,20,995.00,19900.00
11857,11858,2022121304001009,CGH,29,47,50,996.00,49800.00
11858,11859,2022121304001008,CGH,45,47,30,996.00,29880.00
11859,11860,2022121305000262,MBJC,16,21,10,206.10,2061.00
11860,11861,2022121304001007,AIL,43,39,20,396.90,7938.00
11861,11862,2022121304001006,AIL,43,52,30,396.90,11907.00
11862,11863,2022121305000261,SAHAS,34,48,130,448.00,58240.00
11863,11864,2022121305000260,SAHAS,45,48,180,448.10,80658.00
11864,11865,2022121301002014,NABIL,29,10,30,808.00,24240.00
11865,11866,2022121301002013,NABIL,43,10,13,808.00,10504.00
11866,11867,2022121301002012,EBL,58,58,10,442.00,4420.00
11867,11868,2022121303001178,MLBL,58,3,100,344.00,34400.00
11868,11869,2022121303001177,JBBL,42,41,191,278.10,53117.10
11869,11870,2022121303001176,LICN,59,41,10,1412.90,14129.00
11870,11871,2022121304001005,AKPL,53,14,30,345.20,10356.00
11871,11872,2022121304001004,AKPL,34,14,50,345.50,17275.00
11872,11873,2022121304001003,UPPER,41,29,500,387.00,193500.00
11873,11874,2022121304001002,UNHPL,16,22,100,190.00,19000.00
11874,11875,2022121304001001,CGH,45,47,100,997.00,99700.00
11875,11876,2022121303001175,HIDCL,58,14,10,166.50,1665.00
11876,11877,2022121303001174,CBBL,4,58,81,1098.00,88938.00
11877,11878,2022121301002011,LBL,16,43,270,192.00,51840.00
11878,11879,2022121305000259,JALPA,43,34,20,3395.00,67900.00
11879,11880,2022121301002010,CYCL,1,35,10,2260.20,22602.00
11880,11881,2022121301002009,NABIL,58,45,60,809.40,48564.00
11881,11882,2022121304001000,UPPER,41,49,200,387.00,77400.00
11882,11883,2022121303001173,NIFRA,58,41,10,185.00,1850.00
11883,11884,2022121303001172,NIFRA,43,41,110,185.00,20350.00
11884,11885,2022121303001171,CBBL,36,58,57,1098.00,62586.00
11885,11886,2022121301002008,NICA,58,36,36,679.00,24444.00
11886,11887,2022121304000999,RURU,43,8,11,717.20,7889.20
11887,11888,2022121304000998,UPPER,41,57,51,387.00,19737.00
11888,11889,2022121301002007,NABIL,14,39,50,808.50,40425.00
11889,11890,2022121301002006,SRBL,7,28,50,184.00,9200.00
11890,11891,2022121304000997,RIDI,35,34,200,491.00,98200.00
11891,11892,2022121303001170,CFCL,19,14,46,300.30,13813.80
11892,11893,2022121301002005,NICA,28,1,50,678.90,33945.00
11893,11894,2022121301002004,NICA,28,50,130,678.90,88257.00
11894,11895,2022121303001169,GMFIL,14,44,25,307.00,7675.00
11895,11896,2022121305000258,MBJC,16,34,10,206.10,2061.00
11896,11897,2022121301002003,RHGCL,41,56,10,206.10,2061.00
11897,11898,2022121301002002,NMB,46,42,28,230.00,6440.00
11898,11899,2022121301002001,HDL,45,53,50,3845.00,192250.00
11899,11900,2022121304000996,UPPER,41,58,10,387.00,3870.00
11900,11901,2022121305000257,MLBS,49,49,10,1020.00,10200.00
11901,11902,2022121305000256,MLBS,49,39,10,1020.00,10200.00
11902,11903,2022121301002000,GBIME,42,51,22,210.00,4620.00
11903,11904,2022121301001999,GBIME,39,51,70,210.00,14700.00
11904,11905,2022121301001998,GBIME,42,51,30,210.00,6300.00
11905,11906,2022121301001997,NICA,58,50,60,678.90,40734.00
11906,11907,2022121301001996,NIB,16,8,100,221.00,22100.00
11907,11908,2022121304000995,AHPC,55,56,18,270.20,4863.60
11908,11909,2022121304000994,AHPC,25,56,20,271.00,5420.00
11909,11910,2022121304000993,AHPC,45,56,62,271.00,16802.00
11910,11911,2022121303001168,SHINE,33,57,60,333.50,20010.00
11911,11912,2022121304000992,NHPC,29,49,57,203.00,11571.00
11912,11913,2022121304000991,NHPC,29,57,850,203.00,172550.00
11913,11914,2022121304000990,NHPC,29,34,200,202.00,40400.00
11914,11915,2022121304000989,NHPC,29,58,90,202.00,18180.00
11915,11916,2022121303001167,CBBL,36,47,393,1098.00,431514.00
11916,11917,2022121303001166,CBBL,18,47,15,1098.00,16470.00
11917,11918,2022121301001995,GBIME,45,55,62,210.00,13020.00
11918,11919,2022121301001994,GBIME,32,55,100,210.10,21010.00
11919,11920,2022121301001993,GBIME,58,55,10,211.00,2110.00
11920,11921,2022121301001992,GBIME,5,1,213,211.20,44985.60
11921,11922,2022121303001165,CBBL,58,47,60,1099.00,65940.00
11922,11923,2022121301001991,NBL,58,58,10000,274.20,2742000.00
11923,11924,2022121301001990,NABIL,18,39,27,807.00,21789.00
11924,11925,2022121301001989,NABIL,44,39,100,807.00,80700.00
11925,11926,2022121301001988,NABIL,1,39,100,807.00,80700.00
11926,11927,2022121301001987,NABIL,49,39,10,807.00,8070.00
11927,11928,2022121301001986,NABIL,41,39,10,807.00,8070.00
11928,11929,2022121301001985,NABIL,49,39,500,807.00,403500.00
11929,11930,2022121301001984,NABIL,28,39,30,807.00,24210.00
11930,11931,2022121301001983,NABIL,43,39,14,807.00,11298.00
11931,11932,2022121301001982,NABIL,45,39,14,807.00,11298.00
11932,11933,2022121301001981,NABIL,22,39,25,807.00,20175.00
11933,11934,2022121301001980,NABIL,50,39,40,807.00,32280.00
11934,11935,2022121301001979,NABIL,28,39,50,808.00,40400.00
11935,11936,2022121301001978,NABIL,13,39,20,808.00,16160.00
11936,11937,2022121301001977,NABIL,29,39,100,808.00,80800.00
11937,11938,2022121301001976,NABIL,4,39,500,808.00,404000.00
11938,11939,2022121301001975,NABIL,7,39,50,808.00,40400.00
11939,11940,2022121301001974,NABIL,58,39,10,808.00,8080.00
11940,11941,2022121301001973,NABIL,59,39,50,808.00,40400.00
11941,11942,2022121301001972,NABIL,53,39,25,808.00,20200.00
11942,11943,2022121301001971,NABIL,54,39,50,808.50,40425.00
11943,11944,2022121301001970,NABIL,58,39,20,809.00,16180.00
11944,11945,2022121303001164,FMDBL,34,58,56,708.90,39698.40
11945,11946,2022121304000988,SJCL,55,42,100,219.00,21900.00
11946,11947,2022121304000987,RIDI,46,59,1000,491.00,491000.00
11947,11948,2022121303001163,MLBSL,42,49,10,4050.00,40500.00
11948,11949,2022121304000986,UPPER,41,10,170,387.00,65790.00
11949,11950,2022121304000985,UPPER,10,10,30,387.00,11610.00
11950,11951,2022121303001162,NMBMF,11,29,166,655.00,108730.00
11951,11952,2022121301001969,CZBIL,58,48,95,180.00,17100.00
11952,11953,2022121305000255,MLBS,58,58,10,1015.00,10150.00
11953,11954,2022121303001161,USLB,53,28,1,870.00,870.00
11954,11955,2022121303001160,NTC,25,32,20,887.00,17740.00
11955,11956,2022121303001159,CBBL,41,58,108,1100.00,118800.00
11956,11957,2022121303001158,CBBL,41,58,50,1100.00,55000.00
11957,11958,2022121303001157,CBBL,41,47,32,1100.00,35200.00
11958,11959,2022121303001156,CBBL,41,4,10,1100.00,11000.00
11959,11960,2022121301001968,PRVU,17,14,881,199.00,175319.00
11960,11961,2022121301001967,PRVU,49,14,18,199.00,3582.00
11961,11962,2022121301001966,PRVU,22,14,101,199.00,20099.00
11962,11963,2022121305000254,JALPA,40,57,20,3382.00,67640.00
11963,11964,2022121301001965,NABIL,43,45,77,809.40,62323.80
11964,11965,2022121301001964,NABIL,43,14,23,809.00,18607.00
11965,11966,2022121301001963,GBIME,41,1,10,211.20,2112.00
11966,11967,2022121304000984,HEI,33,41,201,361.30,72621.30
11967,11968,2022121301001962,PCBL,34,54,220,224.50,49390.00
11968,11969,2022121304000983,RURU,43,21,11,717.00,7887.00
11969,11970,2022121304000982,NGPL,53,58,471,208.00,97968.00
11970,11971,2022121301001961,SGHC,25,7,10,250.00,2500.00
11971,11972,2022121304000981,UPPER,26,53,55,387.10,21290.50
11972,11973,2022121301001960,LBL,16,53,436,192.00,83712.00
11973,11974,2022121301001959,PPL,34,16,10,199.20,1992.00
11974,11975,2022121304000980,API,43,38,3,203.90,611.70
11975,11976,2022121301001958,NABIL,51,14,10,809.00,8090.00
11976,11977,2022121304000979,CHCL,7,6,100,383.00,38300.00
11977,11978,2022121304000978,CHCL,50,6,89,383.00,34087.00
11978,11979,2022121304000977,CHCL,35,6,300,383.10,114930.00
11979,11980,2022121304000976,CHCL,46,6,200,383.40,76680.00
11980,11981,2022121304000975,CHCL,37,6,10,384.00,3840.00
11981,11982,2022121304000974,CHCL,33,6,10,384.10,3841.00
11982,11983,2022121304000973,AKPL,34,52,50,345.50,17275.00
11983,11984,2022121301001957,NICA,28,28,50,678.00,33900.00
11984,11985,2022121303001155,RLFL,58,33,100,297.00,29700.00
11985,11986,2022121301001956,PBD88,8,58,25,831.10,20777.50
11986,11987,2022121303001154,SAPDBL,14,40,90,221.00,19890.00
11987,11988,2022121303001153,SFCL,58,53,200,256.00,51200.00
11988,11989,2022121301001955,CYCL,1,33,10,2260.20,22602.00
11989,11990,2022121301001954,NCCB,58,8,358,185.30,66337.40
11990,11991,2022121301001953,NCCB,58,46,500,185.00,92500.00
11991,11992,2022121301001952,NCCB,58,55,500,184.40,92200.00
11992,11993,2022121301001951,NCCB,58,21,500,184.00,92000.00
11993,11994,2022121301001950,NCCB,58,49,40,184.00,7360.00
11994,11995,2022121301001949,NCCB,58,58,1975,183.50,362412.50
11995,11996,2022121301001948,NCCB,58,32,317,183.50,58169.50
11996,11997,2022121301001947,NCCB,58,50,1000,183.00,183000.00
11997,11998,2022121301001946,NCCB,58,32,1500,183.00,274500.00
11998,11999,2022121301001945,NCCB,58,46,500,183.00,91500.00
11999,12000,2022121301001944,NCCB,58,44,10,183.00,1830.00
12000,12001,2022121301001943,NCCB,58,29,800,182.50,146000.00
12001,12002,2022121301001942,NCCB,58,32,2000,182.50,365000.00
12002,12003,2022121303001152,SMFDB,53,39,170,1227.00,208590.00
12003,12004,2022121303001151,SMFDB,34,39,80,1228.00,98240.00
12004,12005,2022121305000253,JBLB,41,58,10,2750.00,27500.00
12005,12006,2022121305000252,JBLB,41,42,17,2750.00,46750.00
12006,12007,2022121301001941,NBL,58,58,99500,274.10,27272950.00
12007,12008,2022121301001940,NBL,59,58,100,274.10,27410.00
12008,12009,2022121301001939,NBL,13,58,100,275.00,27500.00
12009,12010,2022121301001938,NBL,59,58,200,275.00,55000.00
12010,12011,2022121301001937,NBL,17,58,40,275.00,11000.00
12011,12012,2022121301001936,NBL,45,58,60,276.00,16560.00
12012,12013,2022121305000251,TPC,26,6,20,324.30,6486.00
12013,12014,2022121305000250,TPC,38,6,30,324.30,9729.00
12014,12015,2022121305000249,TPC,26,6,10,325.00,3250.00
12015,12016,2022121301001935,PCBL,58,54,20,224.50,4490.00
12016,12017,2022121301001934,KBL,37,43,25,185.00,4625.00
12017,12018,2022121301001933,KBL,47,43,200,185.00,37000.00
12018,12019,2022121301001932,KBL,37,43,25,185.00,4625.00
12019,12020,2022121301001931,KBL,19,43,100,185.30,18530.00
12020,12021,2022121301001930,KBL,42,43,621,185.30,115071.30
12021,12022,2022121301001929,ADBL,8,55,83,310.00,25730.00
12022,12023,2022121301001928,ADBL,45,55,50,310.00,15500.00
12023,12024,2022121304000972,UPPER,42,33,100,388.00,38800.00
12024,12025,2022121304000971,UPPER,48,33,200,388.00,77600.00
12025,12026,2022121304000970,UPPER,51,33,80,388.00,31040.00
12026,12027,2022121301001927,GBIME,21,6,20,211.00,4220.00
12027,12028,2022121304000969,UPPER,51,32,20,388.00,7760.00
12028,12029,2022121301001926,NCCB,58,55,100,181.00,18100.00
12029,12030,2022121303001150,SMFDB,34,39,240,1228.00,294720.00
12030,12031,2022121303001149,SMFDB,35,39,10,1230.00,12300.00
12031,12032,2022121301001925,PRVU,22,44,49,199.00,9751.00
12032,12033,2022121301001924,PRVU,58,44,25,199.00,4975.00
12033,12034,2022121301001923,PRVU,38,44,20,199.00,3980.00
12034,12035,2022121301001922,PRVU,49,44,18,199.50,3591.00
12035,12036,2022121303001148,SKBBL,16,34,50,1116.00,55800.00
12036,12037,2022121303001147,SKBBL,57,34,20,1116.00,22320.00
12037,12038,2022121303001146,SKBBL,51,34,10,1116.00,11160.00
12038,12039,2022121303001145,SKBBL,16,34,25,1117.00,27925.00
12039,12040,2022121304000968,UPPER,16,47,300,388.10,116430.00
12040,12041,2022121304000967,UPPER,38,47,160,388.10,62096.00
12041,12042,2022121304000966,HDHPC,58,44,700,174.00,121800.00
12042,12043,2022121304000965,SICL,58,52,58,770.00,44660.00
12043,12044,2022121301001921,NABIL,17,14,10,809.00,8090.00
12044,12045,2022121301001920,PPL,34,59,10,199.20,1992.00
12045,12046,2022121301001919,SANIMA,28,41,34,227.00,7718.00
12046,12047,2022121301001918,SANIMA,28,36,66,227.00,14982.00
12047,12048,2022121301001917,NCCB,39,55,1000,181.00,181000.00
12048,12049,2022121301001916,NCCB,57,55,400,181.10,72440.00
12049,12050,2022121301001915,PRVU,6,14,100,200.00,20000.00
12050,12051,2022121301001914,USHEC,53,42,10,247.30,2473.00
12051,12052,2022121305000248,JBLB,41,29,44,2749.00,120956.00
12052,12053,2022121304000964,LEC,14,51,10,216.00,2160.00
12053,12054,2022121304000963,RBCL,36,55,10,12405.00,124050.00
12054,12055,2022121301001913,MMF1,58,35,100,7.19,719.00
12055,12056,2022121301001912,CCBL,32,14,340,187.00,63580.00
12056,12057,2022121301001911,CCBL,32,14,200,187.20,37440.00
12057,12058,2022121305000247,MBJC,16,13,10,207.90,2079.00
12058,12059,2022121301001910,CZBIL,58,39,10,180.70,1807.00
12059,12060,2022121305000246,JBLB,41,8,29,2749.00,79721.00
12060,12061,2022121303001144,ALBSL,58,25,100,925.00,92500.00
12061,12062,2022121303001143,ACLBSL,53,28,1,712.00,712.00
12062,12063,2022121301001909,NABIL,16,14,100,809.00,80900.00
12063,12064,2022121301001908,NABIL,58,14,25,809.00,20225.00
12064,12065,2022121301001907,NABIL,40,14,50,809.00,40450.00
12065,12066,2022121301001906,NABIL,58,14,72,809.00,58248.00
12066,12067,2022121301001905,NABIL,22,14,50,809.00,40450.00
12067,12068,2022121301001904,NABIL,44,14,50,809.00,40450.00
12068,12069,2022121301001903,NABIL,42,14,100,809.00,80900.00
12069,12070,2022121301001902,NABIL,28,14,10,809.00,8090.00
12070,12071,2022121301001901,RFPL,42,51,10,223.10,2231.00
12071,12072,2022121305000245,TPC,26,3,10,325.00,3250.00
12072,12073,2022121303001142,NIFRA,43,6,54,185.00,9990.00
12073,12074,2022121303001141,NIFRA,43,58,36,185.00,6660.00
12074,12075,2022121304000962,SJCL,20,42,40,219.00,8760.00
12075,12076,2022121301001900,NABIL,47,57,100,810.00,81000.00
12076,12077,2022121303001140,SADBL,49,41,100,300.00,30000.00
12077,12078,2022121301001899,NABIL,57,57,46,810.00,37260.00
12078,12079,2022121304000961,SHEL,56,51,10,235.20,2352.00
12079,12080,2022121305000244,SLI,50,14,10,329.40,3294.00
12080,12081,2022121303001139,NADEP,5,58,13,690.00,8970.00
12081,12082,2022121301001898,NABIL,45,57,25,810.00,20250.00
12082,12083,2022121305000243,JBLB,41,8,21,2749.00,57729.00
12083,12084,2022121305000242,JBLB,41,34,17,2749.00,46733.00
12084,12085,2022121303001138,USLB,14,58,20,870.20,17404.00
12085,12086,2022121301001897,NABIL,58,57,25,810.00,20250.00
12086,12087,2022121303001137,GBBL,58,54,10,380.00,3800.00
12087,12088,2022121301001896,PBD88,8,28,25,831.10,20777.50
12088,12089,2022121303001136,SMFDB,34,58,180,1228.00,221040.00
12089,12090,2022121303001135,SMFDB,45,58,200,1229.00,245800.00
12090,12091,2022121303001134,SMFDB,13,58,10,1230.00,12300.00
12091,12092,2022121303001133,SMFDB,38,58,10,1237.00,12370.00
12092,12093,2022121303001132,NIFRA,42,41,54,184.00,9936.00
12093,12094,2022121303001131,CIT,56,45,100,1865.00,186500.00
12094,12095,2022121305000241,JBLB,41,47,17,2747.00,46699.00
12095,12096,2022121301001895,SBL,58,45,60,315.00,18900.00
12096,12097,2022121303001130,NICLBSL,58,7,10,715.00,7150.00
12097,12098,2022121301001894,PRVU,1,14,50,199.00,9950.00
12098,12099,2022121301001893,PRVU,14,14,100,199.00,19900.00
12099,12100,2022121301001892,PRVU,48,14,559,199.00,111241.00
12100,12101,2022121301001891,PRVU,33,14,10,199.10,1991.00
12101,12102,2022121301001890,PRVU,52,14,20,199.20,3984.00
12102,12103,2022121301001889,PRVU,52,14,10,199.30,1993.00
12103,12104,2022121301001888,PRVU,48,14,50,199.40,9970.00
12104,12105,2022121301001887,PRVU,34,14,200,199.50,39900.00
12105,12106,2022121303001129,MERO,34,49,100,765.00,76500.00
12106,12107,2022121304000960,RMF1,58,58,200,7.42,1484.00
12107,12108,2022121301001886,KBL,48,11,100,185.80,18580.00
12108,12109,2022121304000959,HEI,21,41,640,361.60,231424.00
12109,12110,2022121301001885,BOKL,38,42,110,206.00,22660.00
12110,12111,2022121305000240,JBLB,41,59,28,2746.00,76888.00
12111,12112,2022121305000239,ENL,43,58,10,582.00,5820.00
12112,12113,2022121304000958,RIDI,25,43,15,491.00,7365.00
12113,12114,2022121305000238,NYADI,26,58,10,270.00,2700.00
12114,12115,2022121301001884,CCBL,53,57,200,187.20,37440.00
12115,12116,2022121301001883,NBL,45,58,30,276.00,8280.00
12116,12117,2022121304000957,KEF,10,35,300,7.95,2385.00
12117,12118,2022121303001128,NIFRA,43,58,128,185.00,23680.00
12118,12119,2022121303001127,NIFRA,43,4,72,185.00,13320.00
12119,12120,2022121301001882,SHIVM,58,45,100,548.90,54890.00
12120,12121,2022121301001881,NABIL,58,57,15,810.00,12150.00
12121,12122,2022121301001880,NABIL,42,57,46,810.00,37260.00
12122,12123,2022121305000237,JBLB,41,45,17,2745.00,46665.00
12123,12124,2022121301001879,NABIL,34,47,2,815.00,1630.00
12124,12125,2022121303001126,SFCL,38,53,100,255.00,25500.00
12125,12126,2022121303001125,NRIC,45,51,17,699.00,11883.00
12126,12127,2022121303001124,NMFBS,54,53,25,2020.00,50500.00
12127,12128,2022121303001123,NMFBS,54,57,90,2020.00,181800.00
12128,12129,2022121301001878,PPL,45,28,10,199.30,1993.00
12129,12130,2022121303001122,MERO,49,49,125,766.00,95750.00
12130,12131,2022121301001877,PRVU,53,14,100,200.00,20000.00
12131,12132,2022121301001876,HHL,58,28,10,214.80,2148.00
12132,12133,2022121303001121,HIDCL,1,26,400,166.20,66480.00
12133,12134,2022121303001120,HIDCL,11,26,100,166.30,16630.00
12134,12135,2022121303001119,SFCL,58,53,20,256.00,5120.00
12135,12136,2022121303001118,SFCL,36,53,235,256.00,60160.00
12136,12137,2022121301001875,NABIL,42,46,24,810.00,19440.00
12137,12138,2022121301001874,NABIL,25,46,26,810.00,21060.00
12138,12139,2022121303001117,PFL,50,49,10,331.00,3310.00
12139,12140,2022121301001873,HDL,6,48,30,3845.00,115350.00
12140,12141,2022121301001872,HDL,55,48,10,3846.10,38461.00
12141,12142,2022121301001871,HDL,46,48,10,3848.00,38480.00
12142,12143,2022121301001870,CZBIL,57,42,112,179.00,20048.00
12143,12144,2022121301001869,NABIL,48,57,20,811.00,16220.00
12144,12145,2022121303001116,GBBL,32,57,100,379.00,37900.00
12145,12146,2022121304000956,IGI,45,49,78,362.00,28236.00
12146,12147,2022121301001868,GBIME,45,56,135,210.00,28350.00
12147,12148,2022121301001867,GBIME,42,56,15,210.20,3153.00
12148,12149,2022121301001866,GBIME,14,56,50,210.20,10510.00
12149,12150,2022121301001865,DORDI,47,37,10,230.10,2301.00
12150,12151,2022121301001864,CCBL,32,57,106,187.00,19822.00
12151,12152,2022121303001115,MERO,6,49,100,767.00,76700.00
12152,12153,2022121305000236,SAHAS,58,11,10,450.00,4500.00
12153,12154,2022121303001114,SADBL,49,57,200,300.00,60000.00
12154,12155,2022121303001113,SADBL,36,57,100,300.60,30060.00
12155,12156,2022121301001863,PCBL,44,54,10,224.50,2245.00
12156,12157,2022121301001862,SANIMA,47,51,143,226.00,32318.00
12157,12158,2022121304000955,BARUN,46,53,37,203.00,7511.00
12158,12159,2022121301001861,SHIVM,16,45,180,548.00,98640.00
12159,12160,2022121305000235,SLI,5,28,10,330.00,3300.00
12160,12161,2022121301001860,BHL,29,35,10,245.00,2450.00
12161,12162,2022121301001859,SANIMA,47,48,11,226.00,2486.00
12162,12163,2022121304000954,RIDI,45,57,15,488.60,7329.00
12163,12164,2022121301001858,SIKLES,14,7,1000,376.00,376000.00
12164,12165,2022121301001857,AVYAN,42,35,80,700.00,56000.00
12165,12166,2022121301001856,AVYAN,42,49,10,700.00,7000.00
12166,12167,2022121301001855,AVYAN,42,7,30,699.80,20994.00
12167,12168,2022121301001854,AVYAN,42,7,10,699.00,6990.00
12168,12169,2022121301001853,AVYAN,42,40,50,699.00,34950.00
12169,12170,2022121301001852,AVYAN,42,34,10,697.00,6970.00
12170,12171,2022121301001851,AVYAN,42,32,10,696.00,6960.00
12171,12172,2022121301001850,SBL,39,38,600,315.00,189000.00
12172,12173,2022121301001849,MBL,14,42,141,214.00,30174.00
12173,12174,2022121301001848,CZBIL,57,41,25,179.00,4475.00
12174,12175,2022121301001847,AVYAN,35,47,10,695.00,6950.00
12175,12176,2022121303001112,CBBL,18,42,35,1098.00,38430.00
12176,12177,2022121301001846,RHGCL,7,49,10,207.00,2070.00
12177,12178,2022121301001845,RHGCL,7,49,10,207.00,2070.00
12178,12179,2022121303001111,SADBL,49,57,100,300.00,30000.00
12179,12180,2022121301001844,PPL,45,35,10,199.30,1993.00
12180,12181,2022121303001110,SWMF,25,39,10,725.90,7259.00
12181,12182,2022121301001843,NBL,45,58,10,276.00,2760.00
12182,12183,2022121303001109,CFCL,41,59,100,301.00,30100.00
12183,12184,2022121304000953,PIC,45,57,10,524.10,5241.00
12184,12185,2022121305000234,SAHAS,45,51,10,448.10,4481.00
12185,12186,2022121301001842,MEGA,14,34,27,195.20,5270.40
12186,12187,2022121303001108,CIT,57,45,20,1865.00,37300.00
12187,12188,2022121303001107,CIT,14,45,10,1865.00,18650.00
12188,12189,2022121304000952,UPPER,46,11,20,388.10,7762.00
12189,12190,2022121301001841,PPL,45,47,10,199.30,1993.00
12190,12191,2022121301001840,BHDC,45,58,10,341.00,3410.00
12191,12192,2022121301001839,CBL,48,42,10,215.00,2150.00
12192,12193,2022121304000951,HEI,49,32,1780,361.70,643826.00
12193,12194,2022121301001838,NABIL,34,57,294,811.00,238434.00
12194,12195,2022121301001837,NABIL,34,14,106,810.00,85860.00
12195,12196,2022121304000950,AKPL,14,58,158,347.00,54826.00
12196,12197,2022121301001836,SBL,39,39,111,315.00,34965.00
12197,12198,2022121301001835,SBL,39,26,150,314.80,47220.00
12198,12199,2022121301001834,PCBL,45,42,15,224.00,3360.00
12199,12200,2022121301001833,CBL,48,14,2150,212.00,455800.00
12200,12201,2022121303001106,FOWAD,39,40,11,2581.00,28391.00
12201,12202,2022121301001832,MEGA,14,42,110,195.20,21472.00
12202,12203,2022121301001831,GVL,44,37,10,310.70,3107.00
12203,12204,2022121303001105,CHDC,59,39,10,653.10,6531.00
12204,12205,2022121303001104,SADBL,49,57,220,300.00,66000.00
12205,12206,2022121303001103,SADBL,53,57,50,300.00,15000.00
12206,12207,2022121303001102,SADBL,11,57,30,300.50,9015.00
12207,12208,2022121304000949,UMRH,58,44,10,415.90,4159.00
12208,12209,2022121303001101,NADEP,5,28,25,690.00,17250.00
12209,12210,2022121303001100,SWMF,45,41,69,712.00,49128.00
12210,12211,2022121301001830,SGHC,25,7,10,251.00,2510.00
12211,12212,2022121304000948,UPPER,58,33,330,390.00,128700.00
12212,12213,2022121305000233,SAHAS,45,25,10,448.10,4481.00
12213,12214,2022121304000947,UPCL,18,58,30,215.30,6459.00
12214,12215,2022121303001099,FMDBL,43,49,141,709.00,99969.00
12215,12216,2022121303001098,FMDBL,43,3,25,709.00,17725.00
12216,12217,2022121301001829,SGHC,45,37,10,250.00,2500.00
12217,12218,2022121301001828,NABIL,28,14,490,809.00,396410.00
12218,12219,2022121301001827,NABIL,51,14,40,809.00,32360.00
12219,12220,2022121301001826,NABIL,13,14,970,809.00,784730.00
12220,12221,2022121303001097,JBBL,42,25,45,278.10,12514.50
12221,12222,2022121301001825,NABIL,34,14,10,810.00,8100.00
12222,12223,2022121301001824,CCBL,32,56,12,187.00,2244.00
12223,12224,2022121301001823,NABIL,52,14,100,810.00,81000.00
12224,12225,2022121301001822,SANIMA,47,45,150,226.00,33900.00
12225,12226,2022121301001821,BHDC,17,32,50,341.10,17055.00
12226,12227,2022121304000946,UPCL,18,58,50,215.30,10765.00
12227,12228,2022121303001096,NIFRA,42,49,49,184.00,9016.00
12228,12229,2022121303001095,NIFRA,52,49,58,184.00,10672.00
12229,12230,2022121301001820,SGHC,25,58,10,250.00,2500.00
12230,12231,2022121301001819,SGHC,25,49,20,250.00,5000.00
12231,12232,2022121301001818,SGHC,25,58,10,250.00,2500.00
12232,12233,2022121304000945,AKPL,7,58,200,347.00,69400.00
12233,12234,2022121301001817,NABIL,13,42,30,809.00,24270.00
12234,12235,2022121303001094,NUBL,51,37,18,888.00,15984.00
12235,12236,2022121303001093,NUBL,58,37,19,889.00,16891.00
12236,12237,2022121303001092,CBBL,22,42,30,1098.00,32940.00
12237,12238,2022121303001091,FOWAD,58,28,20,2600.00,52000.00
12238,12239,2022121304000944,NIBSF2,14,35,200,6.96,1392.00
12239,12240,2022121304000943,NIBSF2,58,35,100,7.00,700.00
12240,12241,2022121303001090,FOWAD,52,28,30,2600.00,78000.00
12241,12242,2022121303001089,FOWAD,39,28,46,2600.00,119600.00
12242,12243,2022121303001088,CIT,34,45,14,1865.00,26110.00
12243,12244,2022121301001816,NESDO,49,35,10,3320.00,33200.00
12244,12245,2022121304000942,SIL,45,3,10,488.40,4884.00
12245,12246,2022121301001815,NABIL,45,14,75,810.00,60750.00
12246,12247,2022121304000941,UPPER,11,33,100,390.00,39000.00
12247,12248,2022121301001814,BHL,29,58,10,245.00,2450.00
12248,12249,2022121301001813,SCB,16,11,10,402.00,4020.00
12249,12250,2022121303001087,SHINE,49,57,10,333.50,3335.00
12250,12251,2022121301001812,NABIL,8,14,150,810.00,121500.00
12251,12252,2022121301001811,NABIL,1,14,10,810.00,8100.00
12252,12253,2022121301001810,NABIL,6,14,82,810.00,66420.00
12253,12254,2022121301001809,NABIL,57,14,150,810.00,121500.00
12254,12255,2022121301001808,NABIL,19,14,10,810.00,8100.00
12255,12256,2022121301001807,NABIL,57,14,24,810.00,19440.00
12256,12257,2022121301001806,NABIL,52,14,12,810.00,9720.00
12257,12258,2022121301001805,NABIL,52,14,145,810.00,117450.00
12258,12259,2022121301001804,NABIL,6,14,22,810.00,17820.00
12259,12260,2022121301001803,NABIL,13,14,10,810.00,8100.00
12260,12261,2022121301001802,NABIL,45,14,100,810.00,81000.00
12261,12262,2022121301001801,NABIL,42,14,20,810.00,16200.00
12262,12263,2022121301001800,NABIL,57,14,200,810.00,162000.00
12263,12264,2022121301001799,NABIL,33,14,80,810.00,64800.00
12264,12265,2022121301001798,NABIL,51,14,100,810.00,81000.00
12265,12266,2022121301001797,NABIL,28,14,100,810.00,81000.00
12266,12267,2022121301001796,NABIL,42,14,50,810.00,40500.00
12267,12268,2022121301001795,NABIL,58,14,25,810.00,20250.00
12268,12269,2022121301001794,NABIL,51,14,24,810.00,19440.00
12269,12270,2022121301001793,NABIL,58,14,32,810.00,25920.00
12270,12271,2022121301001792,NABIL,52,14,120,810.00,97200.00
12271,12272,2022121301001791,NABIL,39,14,50,810.00,40500.00
12272,12273,2022121301001790,NABIL,28,14,10,810.00,8100.00
12273,12274,2022121301001789,NABIL,49,14,10,810.00,8100.00
12274,12275,2022121301001788,NABIL,58,14,15,810.00,12150.00
12275,12276,2022121301001787,NABIL,14,14,50,810.00,40500.00
12276,12277,2022121301001786,NABIL,16,14,100,810.00,81000.00
12277,12278,2022121301001785,NABIL,21,14,25,810.00,20250.00
12278,12279,2022121301001784,NABIL,51,14,20,810.10,16202.00
12279,12280,2022121301001783,NABIL,13,14,50,810.10,40505.00
12280,12281,2022121301001782,NABIL,49,14,200,810.20,162040.00
12281,12282,2022121301001781,NABIL,58,14,60,810.50,48630.00
12282,12283,2022121301001780,NABIL,32,14,100,810.50,81050.00
12283,12284,2022121301001779,NABIL,38,14,30,811.00,24330.00
12284,12285,2022121301001778,NABIL,52,14,23,811.00,18653.00
12285,12286,2022121303001086,FOWAD,58,40,20,2619.90,52398.00
12286,12287,2022121301001777,NABIL,38,57,50,812.00,40600.00
12287,12288,2022121303001085,CIT,57,44,20,1862.00,37240.00
12288,12289,2022121301001776,SIKLES,49,58,10,375.00,3750.00
12289,12290,2022121304000940,JOSHI,21,58,10,185.00,1850.00
12290,12291,2022121304000939,JOSHI,21,58,10,185.10,1851.00
12291,12292,2022121303001084,RSDC,41,45,10,540.00,5400.00
12292,12293,2022121304000938,RHPL,29,42,450,225.10,101295.00
12293,12294,2022121304000937,RHPL,19,42,50,225.10,11255.00
12294,12295,2022121301001775,KBL,42,54,750,185.30,138975.00
12295,12296,2022121301001774,KBL,5,54,40,185.40,7416.00
12296,12297,2022121301001773,RHGCL,41,59,10,206.10,2061.00
12297,12298,2022121304000936,CGH,45,7,170,996.00,169320.00
12298,12299,2022121304000935,CGH,17,7,10,1000.00,10000.00
12299,12300,2022121304000934,CGH,49,7,10,1000.50,10005.00
12300,12301,2022121303001083,GBBL,32,42,14,379.00,5306.00
12301,12302,2022121301001772,GBIME,49,6,200,211.00,42200.00
12302,12303,2022121301001771,NICFC,58,1,100,7.71,771.00
12303,12304,2022121301001770,RHGCL,41,58,30,206.10,6183.00
12304,12305,2022121303001082,ALICL,13,58,10,505.00,5050.00
12305,12306,2022121304000933,RIDI,58,43,10,491.00,4910.00
12306,12307,2022121301001769,BOKL,45,33,50,208.00,10400.00
12307,12308,2022121303001081,NTC,5,32,200,884.00,176800.00
12308,12309,2022121303001080,NTC,45,32,50,885.00,44250.00
12309,12310,2022121301001768,HDL,51,58,10,3850.00,38500.00
12310,12311,2022121303001079,JBBL,42,56,10,278.10,2781.00
12311,12312,2022121301001767,SIKLES,53,52,10,374.10,3741.00
12312,12313,2022121301001766,CCBL,32,14,42,187.00,7854.00
12313,12314,2022121305000232,MBJC,16,47,10,206.10,2061.00
12314,12315,2022121304000932,AKJCL,45,25,16,172.00,2752.00
12315,12316,2022121303001078,CIT,34,34,100,1861.00,186100.00
12316,12317,2022121301001765,DORDI,47,42,10,230.10,2301.00
12317,12318,2022121303001077,HIDCL,8,34,10,167.00,1670.00
12318,12319,2022121304000931,IGI,45,42,119,362.00,43078.00
12319,12320,2022121304000930,HEI,49,54,165,361.70,59680.50
12320,12321,2022121304000929,NICL,58,54,84,427.90,35943.60
12321,12322,2022121304000928,NICL,58,58,11,422.00,4642.00
12322,12323,2022121304000927,UPPER,54,33,100,390.00,39000.00
12323,12324,2022121301001764,NMB,47,42,52,231.00,12012.00
12324,12325,2022121303001076,NABBC,19,53,30,350.00,10500.00
12325,12326,2022121303001075,NICLBSL,45,1,20,715.10,14302.00
12326,12327,2022121303001074,NICLBSL,56,1,10,715.10,7151.00
12327,12328,2022121303001073,NLIC,34,8,200,610.00,122000.00
12328,12329,2022121303001072,NTC,38,25,100,885.00,88500.00
12329,12330,2022121303001071,NTC,38,58,80,885.00,70800.00
12330,12331,2022121303001070,NTC,38,49,60,885.00,53100.00
12331,12332,2022121301001763,KBL,51,54,100,185.50,18550.00
12332,12333,2022121301001762,NICA,49,50,22,675.00,14850.00
12333,12334,2022121301001761,NICA,48,50,10,675.00,6750.00
12334,12335,2022121301001760,NICA,55,50,29,675.00,19575.00
12335,12336,2022121301001759,NICA,44,50,100,675.00,67500.00
12336,12337,2022121303001069,HIDCL,38,34,10,167.00,1670.00
12337,12338,2022121301001758,UHEWA,43,7,10,350.00,3500.00
12338,12339,2022121303001068,GMFIL,3,59,50,313.00,15650.00
12339,12340,2022121301001757,DORDI,47,47,10,230.10,2301.00
12340,12341,2022121301001756,NESDO,14,11,10,3315.00,33150.00
12341,12342,2022121301001755,KDBY,29,1,100,7.97,797.00
12342,12343,2022121303001067,MSLB,38,11,10,1050.00,10500.00
12343,12344,2022121303001066,CBBL,25,42,50,1098.00,54900.00
12344,12345,2022121301001754,HDL,34,58,10,3850.00,38500.00
12345,12346,2022121304000926,SJCL,20,34,10,219.00,2190.00
12346,12347,2022121303001065,CIT,35,45,460,1860.00,855600.00
12347,12348,2022121303001064,CIT,58,45,10,1860.00,18600.00
12348,12349,2022121303001063,CIT,14,45,30,1860.10,55803.00
12349,12350,2022121303001062,NIFRA,52,51,54,184.00,9936.00
12350,12351,2022121301001753,NABIL,52,57,50,811.00,40550.00
12351,12352,2022121301001752,NABIL,11,57,100,811.00,81100.00
12352,12353,2022121301001751,NABIL,32,57,50,811.50,40575.00
12353,12354,2022121303001061,NTC,38,32,200,884.00,176800.00
12354,12355,2022121304000925,RIDI,49,43,10,491.00,4910.00
12355,12356,2022121304000924,CHCL,59,32,10,384.50,3845.00
12356,12357,2022121301001750,HHL,58,45,10,214.80,2148.00
12357,12358,2022121301001749,CBL,11,14,50,212.00,10600.00
12358,12359,2022121303001060,NICLBSL,56,32,10,715.10,7151.00
12359,12360,2022121301001748,BHL,29,47,10,245.00,2450.00
12360,12361,2022121301001747,LBL,14,48,100,193.00,19300.00
12361,12362,2022121304000923,BPCL,6,37,50,303.50,15175.00
12362,12363,2022121304000922,BPCL,7,37,50,304.00,15200.00
12363,12364,2022121305000231,SLI,5,47,10,330.00,3300.00
12364,12365,2022121303001059,LICN,36,5,30,1402.00,42060.00
12365,12366,2022121301001746,DORDI,47,35,10,230.10,2301.00
12366,12367,2022121303001058,MFIL,6,57,100,417.00,41700.00
12367,12368,2022121303001057,GMFIL,3,25,450,313.00,140850.00
12368,12369,2022121303001056,GMFIL,34,25,50,313.00,15650.00
12369,12370,2022121303001055,SABSL,14,3,16,905.00,14480.00
12370,12371,2022121303001054,NIFRA,52,44,223,184.00,41032.00
12371,12372,2022121303001053,NIFRA,16,44,58,184.10,10677.80
12372,12373,2022121301001745,NICA,28,53,100,675.20,67520.00
12373,12374,2022121304000921,KEF,8,49,400,7.94,3176.00
12374,12375,2022121305000230,SLI,50,42,10,329.40,3294.00
12375,12376,2022121301001744,UHEWA,57,6,10,347.70,3477.00
12376,12377,2022121303001052,NLIC,49,57,10,610.00,6100.00
12377,12378,2022121303001051,NIFRA,16,58,19,184.10,3497.90
12378,12379,2022121301001743,NBF3,45,16,300,7.25,2175.00
12379,12380,2022121301001742,PCBL,45,54,41,224.50,9204.50
12380,12381,2022121304000920,RHPL,19,34,10,225.20,2252.00
12381,12382,2022121303001050,CBBL,54,42,100,1098.00,109800.00
12382,12383,2022121303001049,CBBL,51,42,20,1098.00,21960.00
12383,12384,2022121303001048,CBBL,56,42,12,1098.00,13176.00
12384,12385,2022121303001047,NLIC,46,38,60,608.00,36480.00
12385,12386,2022121303001046,NLIC,3,38,30,609.00,18270.00
12386,12387,2022121303001045,NLIC,4,38,10,609.00,6090.00
12387,12388,2022121301001741,NABIL,11,57,10,812.00,8120.00
12388,12389,2022121301001740,HHL,58,6,10,215.00,2150.00
12389,12390,2022121303001044,CFCL,51,59,65,301.00,19565.00
12390,12391,2022121303001043,CFCL,58,59,320,301.00,96320.00
12391,12392,2022121303001042,CFCL,34,59,30,301.10,9033.00
12392,12393,2022121303001041,CFCL,41,59,60,301.20,18072.00
12393,12394,2022121303001040,CFCL,49,59,379,301.50,114268.50
12394,12395,2022121301001739,KBL,58,54,100,185.60,18560.00
12395,12396,2022121301001738,KBL,58,54,10,185.70,1857.00
12396,12397,2022121303001039,NABBC,45,53,20,350.00,7000.00
12397,12398,2022121301001737,USHEC,53,45,10,247.30,2473.00
12398,12399,2022121301001736,SHIVM,13,45,274,546.00,149604.00
12399,12400,2022121301001735,SHIVM,29,16,100,547.00,54700.00
12400,12401,2022121303001038,NIFRA,16,51,43,184.10,7916.30
12401,12402,2022121304000919,UNHPL,36,45,500,187.30,93650.00
12402,12403,2022121301001734,SIKLES,53,35,10,374.10,3741.00
12403,12404,2022121301001733,BOKL,6,57,15,207.00,3105.00
12404,12405,2022121303001037,CIT,42,32,10,1860.20,18602.00
12405,12406,2022121303001036,CIT,14,32,10,1860.30,18603.00
12406,12407,2022121303001035,CIT,45,32,10,1860.50,18605.00
12407,12408,2022121301001732,NABIL,11,39,590,812.00,479080.00
12408,12409,2022121301001731,NABIL,13,39,20,812.00,16240.00
12409,12410,2022121301001730,NABIL,57,39,10,813.00,8130.00
12410,12411,2022121301001729,NABIL,11,39,600,813.00,487800.00
12411,12412,2022121301001728,NABIL,59,39,600,814.00,488400.00
12412,12413,2022121301001727,ADBL,45,58,10,310.00,3100.00
12413,12414,2022121301001726,USHEC,53,29,10,247.30,2473.00
12414,12415,2022121301001725,SBL,11,26,20,314.80,6296.00
12415,12416,2022121305000229,MBJC,37,58,10,206.00,2060.00
12416,12417,2022121303001034,NIFRA,54,53,12,184.20,2210.40
12417,12418,2022121305000228,MBJC,16,51,10,207.00,2070.00
12418,12419,2022121305000227,MBJC,16,7,10,207.00,2070.00
12419,12420,2022121305000226,MBJC,16,48,10,207.00,2070.00
12420,12421,2022121301001724,HDL,55,58,40,3846.00,153840.00
12421,12422,2022121301001723,HDL,3,58,10,3850.00,38500.00
12422,12423,2022121304000918,UPPER,45,44,17,387.20,6582.40
12423,12424,2022121304000917,UNHPL,36,45,65,187.30,12174.50
12424,12425,2022121304000916,UNHPL,58,45,400,187.40,74960.00
12425,12426,2022121304000915,KEF,8,35,250,7.94,1985.00
12426,12427,2022121305000225,SLI,50,35,10,329.40,3294.00
12427,12428,2022121303001033,GRDBL,14,19,30,229.90,6897.00
12428,12429,2022121304000914,UPPER,38,42,40,387.10,15484.00
12429,12430,2022121304000913,AKPL,53,32,30,345.20,10356.00
12430,12431,2022121304000912,AKPL,6,32,50,346.00,17300.00
12431,12432,2022121303001032,NMBMF,45,13,10,664.90,6649.00
12432,12433,2022121301001722,NIB,49,58,101,221.00,22321.00
12433,12434,2022121304000911,SHPC,37,22,10,272.00,2720.00
12434,12435,2022121304000910,RHPL,19,57,90,225.20,20268.00
12435,12436,2022121304000909,RHPL,34,57,10,225.30,2253.00
12436,12437,2022121304000908,UPPER,29,34,20,389.90,7798.00
12437,12438,2022121303001031,CIT,42,6,50,1861.00,93050.00
12438,12439,2022121301001721,NESDO,14,59,10,3315.00,33150.00
12439,12440,2022121303001030,CBBL,48,42,10,1099.00,10990.00
12440,12441,2022121303001029,CBBL,51,42,10,1099.00,10990.00
12441,12442,2022121304000907,UPPER,29,34,60,389.90,23394.00
12442,12443,2022121301001720,DORDI,47,38,10,230.10,2301.00
12443,12444,2022121301001719,SHIVM,13,37,111,546.00,60606.00
12444,12445,2022121304000906,UPPER,53,34,20,389.90,7798.00
12445,12446,2022121304000905,UPPER,3,34,50,389.00,19450.00
12446,12447,2022121301001718,HHL,52,13,10,215.00,2150.00
12447,12448,2022121305000224,NYADI,52,47,10,269.00,2690.00
12448,12449,2022121301001717,KBL,6,16,60,186.90,11214.00
12449,12450,2022121301001716,LBL,45,48,10,193.00,1930.00
12450,12451,2022121304000904,NBF2,14,34,100,7.60,760.00
12451,12452,2022121301001715,SGHC,45,8,10,248.10,2481.00
12452,12453,2022121303001028,LBBL,37,50,10,323.00,3230.00
12453,12454,2022121301001714,CBL,32,42,10,215.00,2150.00
12454,12455,2022121301001713,CBL,32,42,10,212.00,2120.00
12455,12456,2022121301001712,CZBIL,37,35,25,180.00,4500.00
12456,12457,2022121301001711,SRBL,6,42,96,184.00,17664.00
12457,12458,2022121303001027,LICN,13,5,20,1405.00,28100.00
12458,12459,2022121303001026,DDBL,25,17,40,1036.00,41440.00
12459,12460,2022121303001025,DDBL,25,43,10,1035.90,10359.00
12460,12461,2022121304000903,UPCL,49,57,100,215.30,21530.00
12461,12462,2022121301001710,USHEC,53,8,10,247.30,2473.00
12462,12463,2022121303001024,RSDC,26,52,10,535.50,5355.00
12463,12464,2022121301001709,GBIME,59,6,330,211.00,69630.00
12464,12465,2022121301001708,NABIL,16,11,200,814.00,162800.00
12465,12466,2022121303001023,SIFC,49,28,1000,301.00,301000.00
12466,12467,2022121303001022,SIFC,44,28,1000,301.00,301000.00
12467,12468,2022121303001021,SIFC,13,28,100,301.20,30120.00
12468,12469,2022121303001020,SIFC,33,28,100,301.20,30120.00
12469,12470,2022121301001707,BHDC,17,8,10,341.10,3411.00
12470,12471,2022121304000902,UPPER,47,34,20,389.90,7798.00
12471,12472,2022121303001019,NUBL,51,43,10,890.00,8900.00
12472,12473,2022121301001706,RFPL,28,7,10,226.00,2260.00
12473,12474,2022121303001018,ICFC,25,45,18,425.80,7664.40
12474,12475,2022121301001705,MEGA,22,6,15,196.00,2940.00
12475,12476,2022121301001704,ULBSL,57,38,10,3420.00,34200.00
12476,12477,2022121301001703,HHL,52,42,10,215.00,2150.00
12477,12478,2022121303001017,MDB,20,57,100,376.20,37620.00
12478,12479,2022121301001702,USHEC,53,35,10,247.30,2473.00
12479,12480,2022121301001701,HDL,7,14,10,3850.00,38500.00
12480,12481,2022121304000901,AHPC,37,28,10,274.40,2744.00
12481,12482,2022121303001016,KSBBL,3,53,100,308.00,30800.00
12482,12483,2022121301001700,SCB,16,11,140,402.00,56280.00
12483,12484,2022121301001699,SCB,55,11,10,402.00,4020.00
12484,12485,2022121304000900,HDHPC,35,26,442,172.50,76245.00
12485,12486,2022121303001015,SLBSL,14,58,10,1213.30,12133.00
12486,12487,2022121303001014,SLBSL,14,36,13,1213.30,15772.90
12487,12488,2022121303001013,ILBS,51,44,10,890.00,8900.00
12488,12489,2022121303001012,ILBS,14,44,50,890.00,44500.00
12489,12490,2022121301001698,CBL,32,42,224,212.00,47488.00
12490,12491,2022121305000223,MBJC,45,1,10,206.10,2061.00
12491,12492,2022121301001697,SGHC,45,8,10,248.10,2481.00
12492,12493,2022121304000899,UMRH,58,47,50,415.90,20795.00
12493,12494,2022121305000222,MBJC,45,7,10,206.10,2061.00
12494,12495,2022121304000898,HDHPC,45,44,90,174.00,15660.00
12495,12496,2022121304000897,HDHPC,45,21,450,173.90,78255.00
12496,12497,2022121304000896,HDHPC,45,44,60,173.00,10380.00
12497,12498,2022121301001696,NCCB,57,57,200,180.70,36140.00
12498,12499,2022121303001011,SMFDB,34,39,500,1237.00,618500.00
12499,12500,2022121301001695,NABIL,25,46,150,814.00,122100.00
12500,12501,2022121301001694,SHIVM,48,36,30,546.00,16380.00
12501,12502,2022121301001693,SHIVM,43,36,50,546.10,27305.00
12502,12503,2022121304000895,HDHPC,35,26,116,172.50,20010.00
12503,12504,2022121304000894,HDHPC,16,26,105,172.50,18112.50
12504,12505,2022121304000893,HDHPC,25,26,200,172.60,34520.00
12505,12506,2022121304000892,HDHPC,26,26,579,172.70,99993.30
12506,12507,2022121301001692,HDL,40,17,13,3855.00,50115.00
12507,12508,2022121303001010,JBBL,42,54,200,278.10,55620.00
12508,12509,2022121303001009,JBBL,58,54,100,278.20,27820.00
12509,12510,2022121301001691,SANIMA,41,36,51,227.00,11577.00
12510,12511,2022121301001690,SANIMA,41,54,50,227.00,11350.00
12511,12512,2022121301001689,SANIMA,41,4,10,227.00,2270.00
12512,12513,2022121301001688,SANIMA,41,42,19,227.00,4313.00
12513,12514,2022121303001008,NTC,34,49,900,885.00,796500.00
12514,12515,2022121303001007,NTC,34,32,100,884.00,88400.00
12515,12516,2022121304000891,UPPER,29,49,96,389.00,37344.00
12516,12517,2022121304000890,UPPER,29,49,75,389.00,29175.00
12517,12518,2022121304000889,UPPER,29,45,149,389.00,57961.00
12518,12519,2022121301001687,MEGA,22,13,35,196.00,6860.00
12519,12520,2022121301001686,MEGA,47,13,65,196.00,12740.00
12520,12521,2022121301001685,USHEC,53,8,10,247.30,2473.00
12521,12522,2022121304000888,HDHPC,26,26,421,172.70,72706.70
12522,12523,2022121304000887,HDHPC,11,26,588,172.80,101606.40
12523,12524,2022121303001006,SMFDB,1,51,55,1238.00,68090.00
12524,12525,2022121303001005,SMFDB,53,51,35,1238.00,43330.00
12525,12526,2022121303001004,SMFDB,41,51,10,1239.00,12390.00
12526,12527,2022121303001003,NIFRA,5,44,50,185.00,9250.00
12527,12528,2022121301001684,SHIVM,58,36,10,547.00,5470.00
12528,12529,2022121303001002,SWBBL,6,17,500,1178.00,589000.00
12529,12530,2022121301001683,SHIVM,51,36,108,547.00,59076.00
12530,12531,2022121301001682,HBL,38,14,20,325.00,6500.00
12531,12532,2022121303001001,SMFDB,49,49,11,1240.00,13640.00
12532,12533,2022121304000886,UPPER,49,45,61,389.00,23729.00
12533,12534,2022121304000885,UPPER,49,45,67,388.00,25996.00
12534,12535,2022121303001000,RLFL,58,6,17,297.00,5049.00
12535,12536,2022121301001681,PPL,33,47,10,199.30,1993.00
12536,12537,2022121301001680,UHEWA,57,34,10,347.70,3477.00
12537,12538,2022121304000884,HDHPC,11,59,412,172.80,71193.60
12538,12539,2022121304000883,HDHPC,11,59,180,172.90,31122.00
12539,12540,2022121303000999,GMFBS,14,34,14,820.00,11480.00
12540,12541,2022121301001679,BHDC,17,38,10,341.10,3411.00
12541,12542,2022121304000882,NGPL,58,57,10,208.00,2080.00
12542,12543,2022121304000881,NGPL,49,57,90,208.00,18720.00
12543,12544,2022121301001678,NCCB,32,45,126,181.00,22806.00
12544,12545,2022121301001677,NABIL,7,46,10,814.00,8140.00
12545,12546,2022121304000880,IGI,48,45,50,361.00,18050.00
12546,12547,2022121304000879,IGI,38,45,950,361.10,343045.00
12547,12548,2022121303000998,FOWAD,39,33,54,2600.00,140400.00
12548,12549,2022121303000997,FOWAD,17,33,40,2600.00,104000.00
12549,12550,2022121303000996,FOWAD,42,33,15,2600.10,39001.50
12550,12551,2022121304000878,AKJCL,7,7,10,171.00,1710.00
12551,12552,2022121304000877,UMRH,58,50,10,415.00,4150.00
12552,12553,2022121303000995,NTC,49,32,70,879.00,61530.00
12553,12554,2022121303000994,NTC,1,32,50,879.10,43955.00
12554,12555,2022121301001676,PPL,33,59,10,199.30,1993.00
12555,12556,2022121301001675,RHGCL,57,34,10,206.00,2060.00
12556,12557,2022121303000993,SMFDB,49,28,83,1240.00,102920.00
12557,12558,2022121303000992,SMFDB,34,28,199,1241.00,246959.00
12558,12559,2022121303000991,SMFDB,29,28,138,1241.30,171299.40
12559,12560,2022121304000876,SHL,39,32,100,216.00,21600.00
12560,12561,2022121304000875,SHL,1,32,300,216.00,64800.00
12561,12562,2022121301001674,NABIL,6,53,100,813.50,81350.00
12562,12563,2022121304000874,UNHPL,48,22,340,190.00,64600.00
12563,12564,2022121303000990,ALBSL,26,45,20,940.00,18800.00
12564,12565,2022121303000989,NTC,1,25,50,879.10,43955.00
12565,12566,2022121301001673,NABIL,6,46,20,814.00,16280.00
12566,12567,2022121301001672,SCB,42,47,100,402.10,40210.00
12567,12568,2022121301001671,NIB,57,42,42,221.00,9282.00
12568,12569,2022121303000988,NIFRA,16,42,540,184.10,99414.00
12569,12570,2022121304000873,HEI,49,44,50,361.70,18085.00
12570,12571,2022121303000987,CIT,34,53,16,1870.00,29920.00
12571,12572,2022121304000872,NHPC,35,58,10,202.00,2020.00
12572,12573,2022121301001670,MEGA,57,32,15,196.20,2943.00
12573,12574,2022121301001669,RHGCL,57,59,10,206.00,2060.00
12574,12575,2022121301001668,NBL,3,29,50,277.00,13850.00
12575,12576,2022121303000986,HIDCL,1,42,33,166.20,5484.60
12576,12577,2022121304000871,UNHPL,48,54,160,190.00,30400.00
12577,12578,2022121304000870,HEI,25,44,100,361.80,36180.00
12578,12579,2022121304000869,AIL,59,33,10,397.00,3970.00
12579,12580,2022121304000868,RBCL,33,55,10,12450.00,124500.00
12580,12581,2022121304000867,RBCL,44,55,10,12500.00,125000.00
12581,12582,2022121303000985,GUFL,28,6,10,530.00,5300.00
12582,12583,2022121301001667,CBL,11,42,186,212.00,39432.00
12583,12584,2022121301001666,KBL,58,16,10,186.90,1869.00
12584,12585,2022121304000866,NIL,14,6,40,716.00,28640.00
12585,12586,2022121304000865,NIL,20,6,170,716.00,121720.00
12586,12587,2022121303000984,NIFRA,54,45,15,184.20,2763.00
12587,12588,2022121303000983,GUFL,28,14,11,527.90,5806.90
12588,12589,2022121301001665,PCBL,45,58,65,224.00,14560.00
12589,12590,2022121303000982,MFIL,6,45,151,417.00,62967.00
12590,12591,2022121303000981,MFIL,6,45,30,418.00,12540.00
12591,12592,2022121301001664,NCCB,44,45,10,181.00,1810.00
12592,12593,2022121303000980,FMDBL,34,22,1292,708.90,915898.80
12593,12594,2022121303000979,FMDBL,34,22,708,708.90,501901.20
12594,12595,2022121301001663,RHGCL,41,47,30,206.10,6183.00
12595,12596,2022121303000978,MFIL,4,58,510,419.00,213690.00
12596,12597,2022121304000864,AKPL,53,58,100,347.10,34710.00
12597,12598,2022121304000863,NIL,58,54,35,719.00,25165.00
12598,12599,2022121301001662,GVL,44,46,10,310.70,3107.00
12599,12600,2022121301001661,GBIME,20,59,80,210.00,16800.00
12600,12601,2022121301001660,GBIME,42,59,25,210.00,5250.00
12601,12602,2022121301001659,GBIME,14,59,10,210.10,2101.00
12602,12603,2022121301001658,GBIME,16,59,20,210.30,4206.00
12603,12604,2022121301001657,GBIME,19,59,20,211.00,4220.00
12604,12605,2022121301001656,GBIME,42,59,10,211.00,2110.00
12605,12606,2022121303000977,NLIC,26,45,10,609.00,6090.00
12606,12607,2022121301001655,NIB,52,42,50,221.00,11050.00
12607,12608,2022121301001654,CZBIL,1,58,20,179.00,3580.00
12608,12609,2022121304000862,UPPER,21,45,133,388.00,51604.00
12609,12610,2022121304000861,UPPER,21,45,20,387.90,7758.00
12610,12611,2022121301001653,GBIME,33,42,37,211.10,7810.70
12611,12612,2022121305000221,SLI,50,58,10,329.40,3294.00
12612,12613,2022121304000860,SHPC,16,41,60,270.10,16206.00
12613,12614,2022121303000976,SMFDB,38,55,162,1242.00,201204.00
12614,12615,2022121301001652,BHDC,17,37,10,341.10,3411.00
12615,12616,2022121301001651,NIB,58,42,20,221.00,4420.00
12616,12617,2022121301001650,RFPL,42,58,10,223.10,2231.00
12617,12618,2022121303000975,NLIC,19,36,50,609.20,30460.00
12618,12619,2022121303000974,MFIL,4,55,490,419.00,205310.00
12619,12620,2022121303000973,MFIL,40,55,10,419.00,4190.00
12620,12621,2022121301001649,RHGCL,41,42,10,206.10,2061.00
12621,12622,2022121301001648,HDL,17,36,20,3850.00,77000.00
12622,12623,2022121301001647,HDL,58,36,10,3850.00,38500.00
12623,12624,2022121301001646,HDL,58,36,10,3850.00,38500.00
12624,12625,2022121301001645,CCBL,38,14,10,187.50,1875.00
12625,12626,2022121301001644,HDL,21,17,20,3855.00,77100.00
12626,12627,2022121301001643,HBL,49,14,30,325.00,9750.00
12627,12628,2022121301001642,SHIVM,25,57,20,548.00,10960.00
12628,12629,2022121303000972,HIDCL,1,26,33,166.20,5484.60
12629,12630,2022121303000971,HIDCL,44,26,367,166.50,61105.50
12630,12631,2022121303000970,HIDCL,11,26,100,166.60,16660.00
12631,12632,2022121301001641,NIB,42,42,20,221.00,4420.00
12632,12633,2022121301001640,NIB,16,42,43,221.00,9503.00
12633,12634,2022121304000859,DHPL,35,25,10,177.00,1770.00
12634,12635,2022121304000858,DHPL,8,25,157,177.00,27789.00
12635,12636,2022121305000220,MBJC,45,47,10,206.10,2061.00
12636,12637,2022121301001639,SBL,58,26,10,314.80,3148.00
12637,12638,2022121301001638,PRVU,58,14,16,200.00,3200.00
12638,12639,2022121304000857,HDHPC,11,33,400,172.90,69160.00
12639,12640,2022121301001637,NICA,28,58,100,675.20,67520.00
12640,12641,2022121301001636,HDL,16,36,10,3852.10,38521.00
12641,12642,2022121301001635,UHEWA,49,48,10,348.00,3480.00
12642,12643,2022121304000856,SPDL,50,29,600,263.00,157800.00
12643,12644,2022121304000855,SPDL,53,29,100,263.20,26320.00
12644,12645,2022121303000969,JFL,21,6,50,372.00,18600.00
12645,12646,2022121304000854,API,41,38,200,208.00,41600.00
12646,12647,2022121301001634,SBL,58,53,10,314.00,3140.00
12647,12648,2022121304000853,AIL,48,25,10,390.00,3900.00
12648,12649,2022121305000219,MKJC,34,58,10,406.00,4060.00
12649,12650,2022121303000968,FMDBL,45,1,30,710.00,21300.00
12650,12651,2022121304000852,SHPC,58,6,200,270.20,54040.00
12651,12652,2022121301001633,DORDI,47,47,10,230.10,2301.00
12652,12653,2022121303000967,KMCDB,1,52,12,872.00,10464.00
12653,12654,2022121301001632,GBIME,33,21,11,211.10,2322.10
12654,12655,2022121301001631,PRVU,52,14,10,200.00,2000.00
12655,12656,2022121303000966,MNBBL,18,58,27,419.10,11315.70
12656,12657,2022121301001630,CBL,11,14,100,212.00,21200.00
12657,12658,2022121303000965,SKBBL,35,34,45,1116.00,50220.00
12658,12659,2022121303000964,RSDC,45,58,30,526.00,15780.00
12659,12660,2022121304000851,UPPER,10,33,170,387.00,65790.00
12660,12661,2022121301001629,NMB,47,25,148,231.00,34188.00
12661,12662,2022121301001628,NMB,33,25,45,231.10,10399.50
12662,12663,2022121301001627,NMB,16,25,369,231.10,85275.90
12663,12664,2022121303000963,NTC,41,32,80,879.10,70328.00
12664,12665,2022121303000962,NTC,39,32,20,879.10,17582.00
12665,12666,2022121303000961,NTC,49,32,500,879.20,439600.00
12666,12667,2022121303000960,NTC,35,32,10,880.00,8800.00
12667,12668,2022121303000959,NTC,26,32,100,880.00,88000.00
12668,12669,2022121303000958,NTC,45,32,200,880.00,176000.00
12669,12670,2022121303000957,NTC,34,32,10,880.00,8800.00
12670,12671,2022121303000956,NTC,57,32,20,880.50,17610.00
12671,12672,2022121303000955,NTC,38,32,30,882.00,26460.00
12672,12673,2022121303000954,NTC,35,32,10,882.00,8820.00
12673,12674,2022121303000953,NTC,16,32,20,883.10,17662.00
12674,12675,2022121304000850,HDHPC,11,58,10,172.90,1729.00
12675,12676,2022121304000849,JOSHI,21,28,10,185.10,1851.00
12676,12677,2022121304000848,NICL,58,54,300,420.00,126000.00
12677,12678,2022121304000847,SJCL,14,33,40,218.30,8732.00
12678,12679,2022121301001626,NABIL,13,46,20,814.00,16280.00
12679,12680,2022121301001625,CBL,14,59,225,211.50,47587.50
12680,12681,2022121301001624,CBL,29,59,100,211.50,21150.00
12681,12682,2022121301001623,CBL,40,59,200,211.70,42340.00
12682,12683,2022121303000952,MNBBL,42,58,50,419.20,20960.00
12683,12684,2022121301001622,SPHL,58,42,10,348.10,3481.00
12684,12685,2022121304000846,UPPER,51,45,100,389.00,38900.00
12685,12686,2022121301001621,CZBIL,1,43,309,179.00,55311.00
12686,12687,2022121301001620,CZBIL,52,43,100,179.00,17900.00
12687,12688,2022121301001619,CZBIL,56,43,275,179.00,49225.00
12688,12689,2022121301001618,CZBIL,52,43,23,179.10,4119.30
12689,12690,2022121301001617,CZBIL,4,43,200,179.10,35820.00
12690,12691,2022121301001616,CZBIL,11,43,200,179.10,35820.00
12691,12692,2022121304000845,UPPER,58,45,90,389.00,35010.00
12692,12693,2022121304000844,HDHPC,11,33,50,172.90,8645.00
12693,12694,2022121304000843,RHPL,19,33,50,225.10,11255.00
12694,12695,2022121304000842,RHPL,51,33,20,226.40,4528.00
12695,12696,2022121301001615,MEGA,47,54,85,196.00,16660.00
12696,12697,2022121301001614,MEGA,45,54,15,196.10,2941.50
12697,12698,2022121304000841,UPPER,58,49,10,389.00,3890.00
12698,12699,2022121304000840,UPPER,14,49,30,389.00,11670.00
12699,12700,2022121304000839,GHL,6,33,125,194.00,24250.00
12700,12701,2022121304000838,GHL,6,33,200,194.00,38800.00
12701,12702,2022121303000951,GBBL,32,57,10,379.00,3790.00
12702,12703,2022121301001613,ULBSL,57,32,10,3450.00,34500.00
12703,12704,2022121303000950,NADEP,5,58,12,690.00,8280.00
12704,12705,2022121301001612,SRBL,58,42,10,184.00,1840.00
12705,12706,2022121301001611,RFPL,42,40,10,223.10,2231.00
12706,12707,2022121303000949,RSDC,26,58,20,527.00,10540.00
12707,12708,2022121301001610,GVL,4,59,10,310.10,3101.00
12708,12709,2022121303000948,FMDBL,45,3,10,709.00,7090.00
12709,12710,2022121301001609,PRVU,58,14,20,200.00,4000.00
12710,12711,2022121303000947,NIFRA,16,33,54,184.10,9941.40
12711,12712,2022121304000837,UPPER,57,33,300,389.00,116700.00
12712,12713,2022121304000836,RIDI,46,43,265,491.00,130115.00
12713,12714,2022121304000835,RIDI,46,44,135,491.00,66285.00
12714,12715,2022121301001608,CBL,26,14,280,212.00,59360.00
12715,12716,2022121301001607,CBL,32,14,100,212.10,21210.00
12716,12717,2022121304000834,SHPC,6,41,40,271.00,10840.00
12717,12718,2022121301001606,NMB,16,7,26,231.10,6008.60
12718,12719,2022121301001605,NMB,54,7,10,231.20,2312.00
12719,12720,2022121303000946,NIFRA,16,35,64,184.10,11782.40
12720,12721,2022121301001604,PPL,33,59,10,199.30,1993.00
12721,12722,2022121303000945,NTC,6,49,300,885.00,265500.00
12722,12723,2022121303000944,NTC,44,49,150,885.00,132750.00
12723,12724,2022121303000943,NTC,57,49,50,885.00,44250.00
12724,12725,2022121303000942,NTC,8,49,100,885.00,88500.00
12725,12726,2022121303000941,NTC,35,49,53,885.00,46905.00
12726,12727,2022121303000940,NTC,13,49,10,885.00,8850.00
12727,12728,2022121303000939,NTC,56,49,24,886.00,21264.00
12728,12729,2022121301001603,NIB,16,33,40,221.00,8840.00
12729,12730,2022121304000833,UPPER,57,1,100,389.00,38900.00
12730,12731,2022121304000832,UNHPL,26,39,50,191.00,9550.00
12731,12732,2022121301001602,HDL,11,17,10,3855.00,38550.00
12732,12733,2022121305000218,SAHAS,45,59,10,448.10,4481.00
12733,12734,2022121303000938,MLBL,4,14,149,344.50,51330.50
12734,12735,2022121303000937,MLBL,4,32,46,344.00,15824.00
12735,12736,2022121304000831,UPPER,57,42,93,389.00,36177.00
12736,12737,2022121303000936,SMFDB,38,28,50,1242.90,62145.00
12737,12738,2022121303000935,HIDCL,44,33,133,166.50,22144.50
12738,12739,2022121304000830,HDHPC,11,54,10,172.90,1729.00
12739,12740,2022121303000934,NRIC,49,58,210,694.00,145740.00
12740,12741,2022121304000829,AHPC,25,41,25,272.00,6800.00
12741,12742,2022121304000828,AHPC,51,41,100,272.00,27200.00
12742,12743,2022121303000933,NTC,39,49,20,887.10,17742.00
12743,12744,2022121303000932,NTC,29,49,50,887.20,44360.00
12744,12745,2022121303000931,NTC,44,49,24,888.00,21312.00
12745,12746,2022121303000930,NTC,58,49,10,888.00,8880.00
12746,12747,2022121303000929,NTC,37,49,50,888.00,44400.00
12747,12748,2022121303000928,NTC,58,49,33,888.70,29327.10
12748,12749,2022121303000927,NTC,34,49,10,888.70,8887.00
12749,12750,2022121303000926,NTC,21,49,11,888.80,9776.80
12750,12751,2022121303000925,HIDCL,41,34,70,167.00,11690.00
12751,12752,2022121303000924,MLBL,48,14,140,342.00,47880.00
12752,12753,2022121303000923,MLBL,4,14,60,343.00,20580.00
12753,12754,2022121301001601,PCBL,49,54,15,224.50,3367.50
12754,12755,2022121303000922,MFIL,44,34,235,420.00,98700.00
12755,12756,2022121301001600,NBL,58,29,10,277.00,2770.00
12756,12757,2022121303000921,SMFDB,29,39,62,1241.30,76960.60
12757,12758,2022121304000827,HURJA,50,58,80,201.60,16128.00
12758,12759,2022121303000920,NRIC,49,6,10,694.00,6940.00
12759,12760,2022121301001599,BOKL,21,43,174,205.80,35809.20
12760,12761,2022121301001598,BOKL,21,43,14,205.80,2881.20
12761,12762,2022121301001597,BOKL,34,43,15,205.80,3087.00
12762,12763,2022121304000826,HDHPC,11,3,300,172.90,51870.00
12763,12764,2022121301001596,NIB,47,54,13,224.20,2914.60
12764,12765,2022121305000217,MBJC,45,47,10,206.10,2061.00
12765,12766,2022121303000919,CFCL,49,33,121,301.50,36481.50
12766,12767,2022121303000918,NIFRA,13,40,174,186.00,32364.00
12767,12768,2022121303000917,NIFRA,13,45,64,185.50,11872.00
12768,12769,2022121303000916,NIFRA,13,21,40,185.00,7400.00
12769,12770,2022121304000825,HDHPC,11,33,50,172.90,8645.00
12770,12771,2022121304000824,BARUN,17,33,23,202.60,4659.80
12771,12772,2022121304000823,API,33,42,28,208.60,5840.80
12772,12773,2022121301001595,BOKL,51,43,20,206.00,4120.00
12773,12774,2022121301001594,BOKL,32,43,400,206.00,82400.00
12774,12775,2022121301001593,BOKL,16,43,75,206.00,15450.00
12775,12776,2022121301001592,BOKL,35,43,100,206.10,20610.00
12776,12777,2022121301001591,BOKL,38,43,80,206.20,16496.00
12777,12778,2022121301001590,BOKL,45,43,20,206.20,4124.00
12778,12779,2022121303000915,GUFL,28,32,10,527.00,5270.00
12779,12780,2022121305000216,MBJC,19,58,10,206.50,2065.00
12780,12781,2022121303000914,KSBBL,16,55,159,308.10,48987.90
12781,12782,2022121303000913,KSBBL,49,55,341,308.10,105062.10
12782,12783,2022121301001589,EBL,52,52,30,446.80,13404.00
12783,12784,2022121304000822,UPPER,22,49,20,389.50,7790.00
12784,12785,2022121304000821,UPPER,1,49,40,389.50,15580.00
12785,12786,2022121301001588,PPL,33,35,10,199.30,1993.00
12786,12787,2022121301001587,PPL,33,42,10,199.30,1993.00
12787,12788,2022121301001586,SGHC,49,58,10,248.50,2485.00
12788,12789,2022121304000820,AKJCL,7,58,10,171.00,1710.00
12789,12790,2022121301001585,LBL,58,48,10,193.00,1930.00
12790,12791,2022121304000819,API,41,33,36,208.00,7488.00
12791,12792,2022121301001584,GBIME,43,1,260,211.20,54912.00
12792,12793,2022121304000818,UPPER,26,14,100,389.90,38990.00
12793,12794,2022121303000912,NRIC,41,58,30,695.00,20850.00
12794,12795,2022121303000911,NRIC,45,58,10,695.00,6950.00
12795,12796,2022121301001583,PCBL,44,54,10,224.50,2245.00
12796,12797,2022121303000910,NIFRA,51,21,20,185.00,3700.00
12797,12798,2022121304000817,SIGS2,38,50,100,7.85,785.00
12798,12799,2022121301001582,SHIVM,38,41,100,549.00,54900.00
12799,12800,2022121303000909,FMDBL,58,37,1000,709.00,709000.00
12800,12801,2022121301001581,GBIME,57,1,300,211.20,63360.00
12801,12802,2022121304000816,UPPER,1,21,24,389.50,9348.00
12802,12803,2022121301001580,NESDO,42,35,85,3320.00,282200.00
12803,12804,2022121301001579,BOKL,32,43,100,207.00,20700.00
12804,12805,2022121301001578,BOKL,58,43,250,207.10,51775.00
12805,12806,2022121301001577,BOKL,57,43,287,207.90,59667.30
12806,12807,2022121303000908,GUFL,32,52,40,520.00,20800.00
12807,12808,2022121303000907,GUFL,6,52,60,520.00,31200.00
12808,12809,2022121301001576,NESDO,42,55,10,3320.00,33200.00
12809,12810,2022121303000906,SMFDB,34,39,251,1241.00,311491.00
12810,12811,2022121301001575,SBI,11,56,11,282.00,3102.00
12811,12812,2022121301001574,ADBL,11,59,50,310.00,15500.00
12812,12813,2022121301001573,ADBL,34,59,20,310.00,6200.00
12813,12814,2022121301001572,ADBL,22,59,100,310.00,31000.00
12814,12815,2022121301001571,ADBL,45,59,50,310.00,15500.00
12815,12816,2022121301001570,ADBL,21,59,38,310.00,11780.00
12816,12817,2022121301001569,ADBL,43,59,56,311.00,17416.00
12817,12818,2022121301001568,ADBL,13,59,124,311.00,38564.00
12818,12819,2022121301001567,ADBL,22,59,10,311.10,3111.00
12819,12820,2022121301001566,ADBL,44,59,12,311.10,3733.20
12820,12821,2022121301001565,ADBL,19,59,40,311.10,12444.00
12821,12822,2022121301001564,BOKL,57,35,213,207.90,44282.70
12822,12823,2022121301001563,BOKL,41,35,24,208.00,4992.00
12823,12824,2022121301001562,BOKL,14,35,13,208.90,2715.70
12824,12825,2022121301001561,BOKL,57,35,100,209.00,20900.00
12825,12826,2022121301001560,BOKL,44,35,100,209.00,20900.00
12826,12827,2022121301001559,BOKL,43,35,50,209.00,10450.00
12827,12828,2022121304000815,RURU,10,28,10,723.60,7236.00
12828,12829,2022121304000814,PSF,25,35,200,7.69,1538.00
12829,12830,2022121301001558,MEGA,45,13,20,196.10,3922.00
12830,12831,2022121303000905,GUFL,6,52,100,520.00,52000.00
12831,12832,2022121303000904,MFIL,44,4,15,420.00,6300.00
12832,12833,2022121301001557,USHEC,53,35,10,247.30,2473.00
12833,12834,2022121301001556,DORDI,47,54,10,230.10,2301.00
12834,12835,2022121303000903,SMFDB,34,42,50,1241.00,62050.00
12835,12836,2022121301001555,DORDI,47,48,10,230.10,2301.00
12836,12837,2022121303000902,LBBL,37,42,20,320.00,6400.00
12837,12838,2022121304000813,UPPER,41,14,28,389.90,10917.20
12838,12839,2022121301001554,BOKL,45,43,20,210.00,4200.00
12839,12840,2022121301001553,BOKL,22,43,20,210.00,4200.00
12840,12841,2022121301001552,BOKL,38,43,20,210.00,4200.00
12841,12842,2022121301001551,BOKL,35,43,50,210.00,10500.00
12842,12843,2022121301001550,BOKL,32,43,20,210.00,4200.00
12843,12844,2022121305000215,JALPA,4,42,10,3350.00,33500.00
12844,12845,2022121304000812,DHPL,8,48,20,177.00,3540.00
12845,12846,2022121301001549,NICA,28,28,10,675.20,6752.00
12846,12847,2022121304000811,PPCL,55,11,32,284.00,9088.00
12847,12848,2022121301001548,CYCL,1,17,10,2260.20,22602.00
12848,12849,2022121305000214,MBJC,49,21,10,207.00,2070.00
12849,12850,2022121301001547,GVL,1,7,100,315.00,31500.00
12850,12851,2022121304000810,UPCL,28,38,50,216.00,10800.00
12851,12852,2022121301001546,NABIL,38,57,20,815.00,16300.00
12852,12853,2022121305000213,TPC,58,35,10,331.00,3310.00
12853,12854,2022121303000901,SWBBL,6,17,1000,1178.00,1178000.00
12854,12855,2022121301001545,RFPL,42,49,10,223.10,2231.00
12855,12856,2022121301001544,BHL,29,45,10,245.00,2450.00
12856,12857,2022121301001543,NBL,39,56,50,274.00,13700.00
12857,12858,2022121303000900,NIFRA,16,4,40,184.10,7364.00
12858,12859,2022121305000212,SAHAS,45,47,10,448.10,4481.00
12859,12860,2022121301001542,NABIL,58,47,10,815.00,8150.00
12860,12861,2022121301001541,NABIL,6,47,50,815.00,40750.00
12861,12862,2022121301001540,KBL,29,21,100,187.00,18700.00
12862,12863,2022121301001539,SHIVM,13,41,20,548.90,10978.00
12863,12864,2022121301001538,RHGCL,41,58,10,206.10,2061.00
12864,12865,2022121301001537,NICA,28,7,288,675.20,194457.60
12865,12866,2022121301001536,NICA,55,7,29,676.00,19604.00
12866,12867,2022121301001535,NICA,21,7,1000,676.00,676000.00
12867,12868,2022121301001534,NICA,16,7,183,676.10,123726.30
12868,12869,2022121301001533,SGHC,21,7,10,250.00,2500.00
12869,12870,2022121301001532,SGHC,21,40,10,250.00,2500.00
12870,12871,2022121301001531,SGHC,21,45,10,250.00,2500.00
12871,12872,2022121304000809,HDHPC,21,44,1840,173.00,318320.00
12872,12873,2022121304000808,HDHPC,49,44,1000,173.00,173000.00
12873,12874,2022121304000807,HDHPC,44,44,1000,173.00,173000.00
12874,12875,2022121304000806,HDHPC,37,44,10,173.00,1730.00
12875,12876,2022121304000805,HDHPC,13,44,200,173.00,34600.00
12876,12877,2022121304000804,HDHPC,26,44,1000,173.10,173100.00
12877,12878,2022121304000803,HDHPC,33,44,1000,173.20,173200.00
12878,12879,2022121304000802,HDHPC,57,44,240,173.50,41640.00
12879,12880,2022121304000801,HDHPC,4,44,1000,173.50,173500.00
12880,12881,2022121304000800,HDHPC,37,44,500,173.50,86750.00
12881,12882,2022121304000799,HDHPC,54,44,150,173.60,26040.00
12882,12883,2022121303000899,LBBL,14,42,35,320.00,11200.00
12883,12884,2022121304000798,RIDI,29,44,50,491.00,24550.00
12884,12885,2022121301001530,BHL,29,47,10,245.00,2450.00
12885,12886,2022121301001529,NBL,39,59,147,274.00,40278.00
12886,12887,2022121301001528,NBL,53,59,20,274.00,5480.00
12887,12888,2022121301001527,NBL,41,59,298,274.00,81652.00
12888,12889,2022121301001526,NBL,59,59,100,274.10,27410.00
12889,12890,2022121301001525,NBL,43,59,135,274.10,37003.50
12890,12891,2022121301001524,NBL,16,59,26,275.00,7150.00
12891,12892,2022121301001523,NBL,45,59,100,275.00,27500.00
12892,12893,2022121301001522,NBL,7,59,100,275.00,27500.00
12893,12894,2022121301001521,NBL,16,59,214,276.00,59064.00
12894,12895,2022121303000898,NIFRA,16,57,54,184.10,9941.40
12895,12896,2022121301001520,PPL,34,38,10,199.20,1992.00
12896,12897,2022121301001519,NIB,16,54,917,221.00,202657.00
12897,12898,2022121301001518,NIB,52,54,30,221.20,6636.00
12898,12899,2022121301001517,NIB,52,54,20,221.30,4426.00
12899,12900,2022121301001516,NIB,52,54,10,221.40,2214.00
12900,12901,2022121301001515,NIB,43,54,23,222.00,5106.00
12901,12902,2022121304000797,NBF2,14,50,100,7.60,760.00
12902,12903,2022121301001514,BHL,29,58,10,245.00,2450.00
12903,12904,2022121301001513,BHL,29,58,10,245.00,2450.00
12904,12905,2022121301001512,BHL,29,58,10,245.00,2450.00
12905,12906,2022121303000897,NIFRA,16,56,50,184.10,9205.00
12906,12907,2022121305000211,RULB,58,57,10,870.00,8700.00
12907,12908,2022121301001511,SIKLES,53,38,10,374.10,3741.00
12908,12909,2022121301001510,HHL,52,34,10,215.00,2150.00
12909,12910,2022121301001509,PCBL,47,35,1000,223.50,223500.00
12910,12911,2022121301001508,GVL,38,40,10,310.00,3100.00
12911,12912,2022121301001507,SHIVM,48,41,20,548.00,10960.00
12912,12913,2022121303000896,NIFRA,16,49,64,184.10,11782.40
12913,12914,2022121303000895,NMFBS,42,57,10,2020.00,20200.00
12914,12915,2022121303000894,CHDC,32,11,150,660.00,99000.00
12915,12916,2022121303000893,CHDC,32,26,10,660.00,6600.00
12916,12917,2022121304000796,IGI,38,39,50,361.10,18055.00
12917,12918,2022121301001506,AVYAN,14,43,10,695.00,6950.00
12918,12919,2022121304000795,LEC,55,57,10,220.00,2200.00
12919,12920,2022121301001505,PPL,34,52,110,199.20,21912.00
12920,12921,2022121305000210,JALPA,58,44,21,3382.00,71022.00
12921,12922,2022121305000209,SLI,7,40,10,330.00,3300.00
12922,12923,2022121305000208,SLI,7,42,10,330.00,3300.00
12923,12924,2022121305000207,SLI,7,7,10,330.00,3300.00
12924,12925,2022121301001504,PPL,45,34,10,199.30,1993.00
12925,12926,2022121301001503,SANIMA,25,42,33,227.00,7491.00
12926,12927,2022121301001502,AVYAN,14,40,10,694.00,6940.00
12927,12928,2022121303000892,NLIC,58,41,10,610.00,6100.00
12928,12929,2022121301001501,NABIL,58,47,50,815.00,40750.00
12929,12930,2022121305000206,MLBS,57,57,10,995.10,9951.00
12930,12931,2022121304000794,UPPER,51,45,16,390.00,6240.00
12931,12932,2022121304000793,KEF,10,35,250,7.93,1982.50
12932,12933,2022121305000205,JALPA,58,7,10,3380.00,33800.00
12933,12934,2022121301001500,NESDO,8,1,30,3320.10,99603.00
12934,12935,2022121301001499,NESDO,35,1,30,3321.00,99630.00
12935,12936,2022121303000891,NLIC,19,59,92,610.00,56120.00
12936,12937,2022121304000792,NGPL,49,25,50,208.10,10405.00
12937,12938,2022121301001498,HDL,46,17,25,3855.00,96375.00
12938,12939,2022121301001497,GBIME,8,1,313,211.20,66105.60
12939,12940,2022121301001496,NABIL,6,47,70,815.00,57050.00
12940,12941,2022121301001495,PRVU,42,14,104,200.00,20800.00
12941,12942,2022121304000791,HEI,6,32,10,365.00,3650.00
12942,12943,2022121304000790,HEI,45,32,10,365.00,3650.00
12943,12944,2022121304000789,API,1,29,22,208.10,4578.20
12944,12945,2022121304000788,AKPL,58,58,10,348.00,3480.00
12945,12946,2022121304000787,AKPL,38,58,12,348.00,4176.00
12946,12947,2022121301001494,SPHL,58,34,10,348.10,3481.00
12947,12948,2022121301001493,SANIMA,47,49,100,226.00,22600.00
12948,12949,2022121301001492,NIB,43,40,67,222.00,14874.00
12949,12950,2022121301001491,HDL,16,49,17,3852.10,65485.70
12950,12951,2022121303000890,MNBBL,25,58,50,421.00,21050.00
12951,12952,2022121305000204,JALPA,58,7,10,3360.00,33600.00
12952,12953,2022121304000786,UPPER,1,58,400,389.50,155800.00
12953,12954,2022121301001490,SIKLES,53,34,10,374.10,3741.00
12954,12955,2022121303000889,ALICL,59,28,166,510.00,84660.00
12955,12956,2022121303000888,LBBL,14,46,12,320.00,3840.00
12956,12957,2022121301001489,KBL,42,41,129,185.30,23903.70
12957,12958,2022121301001488,KBL,42,41,20,185.50,3710.00
12958,12959,2022121303000887,GUFL,6,17,40,520.00,20800.00
12959,12960,2022121303000886,GUFL,34,17,160,520.50,83280.00
12960,12961,2022121303000885,GUFL,54,17,300,520.60,156180.00
12961,12962,2022121301001487,SGHC,21,48,10,248.00,2480.00
12962,12963,2022121305000203,SAHAS,45,13,10,454.00,4540.00
12963,12964,2022121303000884,SABSL,29,4,10,905.00,9050.00
12964,12965,2022121304000785,HDHPC,54,21,850,173.60,147560.00
12965,12966,2022121304000784,HDHPC,20,21,1000,173.70,173700.00
12966,12967,2022121304000783,HDHPC,20,21,150,173.80,26070.00
12967,12968,2022121301001486,LBL,16,1,104,190.00,19760.00
12968,12969,2022121301001485,LBL,47,1,100,190.00,19000.00
12969,12970,2022121301001484,LBL,7,1,326,190.10,61972.60
12970,12971,2022121304000782,UPPER,58,39,50,391.50,19575.00
12971,12972,2022121304000781,UPPER,58,28,50,391.00,19550.00
12972,12973,2022121303000883,MFIL,58,4,15,420.00,6300.00
12973,12974,2022121301001483,HIDCLP,26,49,900,97.00,87300.00
12974,12975,2022121301001482,SIKLES,53,35,10,374.10,3741.00
12975,12976,2022121303000882,PROFL,58,28,1000,281.30,281300.00
12976,12977,2022121303000881,PROFL,45,28,100,281.30,28130.00
12977,12978,2022121303000880,PROFL,29,28,10,281.30,2813.00
12978,12979,2022121303000879,PROFL,56,28,50,282.00,14100.00
12979,12980,2022121303000878,PROFL,46,28,40,286.00,11440.00
12980,12981,2022121304000780,UPPER,58,58,16,390.00,6240.00
12981,12982,2022121305000202,RULB,59,56,10,880.00,8800.00
12982,12983,2022121301001481,RFPL,28,29,10,226.00,2260.00
12983,12984,2022121303000877,NTC,34,50,10,888.70,8887.00
12984,12985,2022121301001480,NABIL,34,47,12,815.00,9780.00
12985,12986,2022121301001479,SHIVM,28,33,50,547.00,27350.00
12986,12987,2022121301001478,NESDO,35,54,10,3321.00,33210.00
12987,12988,2022121301001477,HDL,16,58,20,3852.10,77042.00
12988,12989,2022121304000779,UNHPL,11,4,10,191.10,1911.00
12989,12990,2022121303000876,HIDCL,22,35,686,168.00,115248.00
12990,12991,2022121303000875,HIDCL,22,56,114,168.00,19152.00
12991,12992,2022121303000874,NIFRA,49,4,24,185.00,4440.00
12992,12993,2022121301001476,HDL,40,19,10,3855.00,38550.00
12993,12994,2022121304000778,HDHPC,29,44,190,174.00,33060.00
12994,12995,2022121303000873,NTC,11,19,109,890.00,97010.00
12995,12996,2022121303000872,NTC,11,11,80,890.00,71200.00
12996,12997,2022121303000871,NTC,11,17,91,890.00,80990.00
12997,12998,2022121301001475,HHL,52,40,10,215.00,2150.00
12998,12999,2022121301001474,PPL,45,58,10,199.30,1993.00
12999,13000,2022121304000777,IGI,48,49,300,361.00,108300.00
13000,13001,2022121304000776,UPPER,41,58,100,390.30,39030.00
13001,13002,2022121301001473,NBL,16,18,286,276.00,78936.00
13002,13003,2022121301001472,NBL,42,18,100,276.00,27600.00
13003,13004,2022121301001471,NBL,18,18,145,276.00,40020.00
13004,13005,2022121301001470,CZBIL,3,35,14,180.00,2520.00
13005,13006,2022121303000870,MNBBL,41,58,23,423.00,9729.00
13006,13007,2022121303000869,SADBL,11,41,470,300.50,141235.00
13007,13008,2022121303000868,SADBL,4,41,30,300.60,9018.00
13008,13009,2022121304000775,AIL,53,53,10,390.00,3900.00
13009,13010,2022121303000867,HIDCL,1,56,60,168.00,10080.00
13010,13011,2022121301001469,SHIVM,45,34,10,549.00,5490.00
13011,13012,2022121303000866,GFCL,22,59,50,448.00,22400.00
13012,13013,2022121304000774,RIDI,38,44,21,491.00,10311.00
13013,13014,2022121304000773,RIDI,38,45,19,490.00,9310.00
13014,13015,2022121303000865,SMFDB,53,32,50,1238.00,61900.00
13015,13016,2022121304000772,UPPER,58,36,200,390.00,78000.00
13016,13017,2022121305000201,SAHAS,45,11,200,450.00,90000.00
13017,13018,2022121303000864,JBBL,4,56,10,280.00,2800.00
13018,13019,2022121301001468,GVL,38,53,22,310.00,6820.00
13019,13020,2022121301001467,GVL,58,53,30,310.00,9300.00
13020,13021,2022121301001466,GVL,29,53,1000,312.00,312000.00
13021,13022,2022121301001465,GVL,6,53,40,313.00,12520.00
13022,13023,2022121304000771,SJCL,14,14,140,218.30,30562.00
13023,13024,2022121301001464,PPL,45,40,10,199.30,1993.00
13024,13025,2022121301001463,HDL,45,19,10,3855.00,38550.00
13025,13026,2022121301001462,HDL,39,19,30,3855.00,115650.00
13026,13027,2022121301001461,BOKL,32,29,80,210.00,16800.00
13027,13028,2022121301001460,BOKL,38,29,280,211.00,59080.00
13028,13029,2022121304000770,AIL,53,53,10,390.00,3900.00
13029,13030,2022121303000863,SMFDB,53,48,15,1238.00,18570.00
13030,13031,2022121303000862,NLIC,53,59,50,610.00,30500.00
13031,13032,2022121301001459,HDL,39,39,10,3855.00,38550.00
13032,13033,2022121303000861,NLICL,34,22,10,505.00,5050.00
13033,13034,2022121304000769,UPPER,58,6,70,390.00,27300.00
13034,13035,2022121304000768,UPPER,58,45,200,390.00,78000.00
13035,13036,2022121301001458,SHIVM,42,19,100,548.00,54800.00
13036,13037,2022121301001457,RHGCL,41,35,10,206.10,2061.00
13037,13038,2022121303000860,NTC,34,58,10,888.70,8887.00
13038,13039,2022121303000859,HIDCL,6,14,58,167.00,9686.00
13039,13040,2022121303000858,HIDCL,6,4,142,167.00,23714.00
13040,13041,2022121301001456,SIKLES,53,10,200,374.10,74820.00
13041,13042,2022121304000767,AIL,34,53,10,396.40,3964.00
13042,13043,2022121303000857,KSBBL,49,45,24,308.10,7394.40
13043,13044,2022121303000856,GFCL,22,58,94,448.00,42112.00
13044,13045,2022121303000855,GFCL,58,58,25,448.00,11200.00
13045,13046,2022121301001455,BOKL,38,49,220,211.00,46420.00
13046,13047,2022121301001454,BOKL,58,49,60,211.00,12660.00
13047,13048,2022121301001453,BOKL,42,49,20,211.00,4220.00
13048,13049,2022121303000854,ALICL,59,32,180,510.00,91800.00
13049,13050,2022121303000853,SADBL,4,41,170,300.60,51102.00
13050,13051,2022121303000852,SADBL,57,41,30,301.00,9030.00
13051,13052,2022121303000851,NRIC,45,6,60,695.00,41700.00
13052,13053,2022121301001452,HDL,39,57,60,3855.00,231300.00
13053,13054,2022121303000850,NLIC,22,59,20,610.00,12200.00
13054,13055,2022121303000849,SKBBL,36,34,30,1117.00,33510.00
13055,13056,2022121304000766,UPPER,58,13,14,390.00,5460.00
13056,13057,2022121304000765,UPPER,1,13,150,390.20,58530.00
13057,13058,2022121304000764,UPPER,16,13,336,390.30,131140.80
13058,13059,2022121305000200,JBLB,49,49,7,2695.00,18865.00
13059,13060,2022121303000848,GBLBS,26,18,10,600.00,6000.00
13060,13061,2022121301001451,HDL,57,37,10,3860.00,38600.00
13061,13062,2022121301001450,NIB,43,54,910,222.00,202020.00
13062,13063,2022121301001449,NIB,43,54,410,222.00,91020.00
13063,13064,2022121301001448,NIB,52,54,50,222.00,11100.00
13064,13065,2022121301001447,NIB,18,54,100,222.10,22210.00
13065,13066,2022121301001446,NIB,33,54,10,222.20,2222.00
13066,13067,2022121301001445,NIB,52,54,20,222.20,4444.00
13067,13068,2022121303000847,NRIC,41,6,20,696.00,13920.00
13068,13069,2022121303000846,NRIC,41,6,20,696.00,13920.00
13069,13070,2022121304000763,UPPER,16,50,14,390.30,5464.20
13070,13071,2022121305000199,SLI,50,8,10,329.40,3294.00
13071,13072,2022121304000762,NIBSF2,25,35,300,6.95,2085.00
13072,13073,2022121305000198,MBJC,19,58,10,206.50,2065.00
13073,13074,2022121304000761,AHPC,44,54,12,274.50,3294.00
13074,13075,2022121303000845,NRIC,41,22,40,696.00,27840.00
13075,13076,2022121304000760,RADHI,10,45,30,216.00,6480.00
13076,13077,2022121304000759,API,33,42,61,208.60,12724.60
13077,13078,2022121303000844,NRIC,41,6,20,696.00,13920.00
13078,13079,2022121301001444,KDBY,25,38,100,7.96,796.00
13079,13080,2022121303000843,FMDBL,34,41,629,708.90,445898.10
13080,13081,2022121303000842,FMDBL,16,41,11,709.00,7799.00
13081,13082,2022121303000841,SKBBL,34,34,50,1118.00,55900.00
13082,13083,2022121303000840,GUFL,34,17,40,520.50,20820.00
13083,13084,2022121304000758,UPPER,16,3,50,390.30,19515.00
13084,13085,2022121301001443,NABIL,4,14,13,810.00,10530.00
13085,13086,2022121301001442,NABIL,19,14,10,810.00,8100.00
13086,13087,2022121301001441,NABIL,21,14,10,810.00,8100.00
13087,13088,2022121301001440,NABIL,35,48,250,812.00,203000.00
13088,13089,2022121303000839,NLIC,6,59,85,610.00,51850.00
13089,13090,2022121303000838,NLIC,58,59,35,610.10,21353.50
13090,13091,2022121303000837,NLIC,42,59,18,611.00,10998.00
13091,13092,2022121304000757,RIDI,42,45,81,490.00,39690.00
13092,13093,2022121303000836,NRIC,55,6,80,697.00,55760.00
13093,13094,2022121304000756,NHPC,29,13,50,200.10,10005.00
13094,13095,2022121303000835,CHDC,32,38,10,655.00,6550.00
13095,13096,2022121304000755,SHPC,56,22,600,272.00,163200.00
13096,13097,2022121304000754,API,44,42,1000,208.60,208600.00
13097,13098,2022121304000753,API,42,42,100,208.60,20860.00
13098,13099,2022121304000752,API,45,42,14,209.00,2926.00
13099,13100,2022121301001439,SIKLES,53,10,200,374.10,74820.00
13100,13101,2022121301001438,RFPL,42,38,10,223.10,2231.00
13101,13102,2022121304000751,CHCL,49,14,200,385.00,77000.00
13102,13103,2022121301001437,LBL,7,6,129,190.10,24522.90
13103,13104,2022121303000834,MLBL,55,32,10,344.00,3440.00
13104,13105,2022121303000833,KRBL,44,28,200,254.00,50800.00
13105,13106,2022121301001436,MBL,14,10,17,214.00,3638.00
13106,13107,2022121304000750,KEF,52,59,100,7.92,792.00
13107,13108,2022121301001435,GVL,6,34,50,313.00,15650.00
13108,13109,2022121303000832,KSBBL,49,47,100,308.10,30810.00
13109,13110,2022121301001434,HDL,45,22,10,3858.00,38580.00
13110,13111,2022121304000749,SHEL,55,38,20,240.00,4800.00
13111,13112,2022121303000831,GUFL,35,17,40,521.00,20840.00
13112,13113,2022121301001433,NABIL,6,42,495,810.00,400950.00
13113,13114,2022121301001432,NABIL,32,42,100,810.00,81000.00
13114,13115,2022121301001431,NABIL,51,42,10,810.00,8100.00
13115,13116,2022121301001430,NABIL,32,42,10,810.00,8100.00
13116,13117,2022121301001429,NABIL,53,42,25,810.00,20250.00
13117,13118,2022121301001428,NABIL,21,42,50,810.00,40500.00
13118,13119,2022121301001427,NABIL,28,42,100,810.00,81000.00
13119,13120,2022121301001426,NABIL,53,42,190,810.00,153900.00
13120,13121,2022121301001425,NABIL,51,42,20,810.10,16202.00
13121,13122,2022121301001424,NABIL,13,42,111,810.10,89921.10
13122,13123,2022121301001423,NABIL,49,42,300,810.20,243060.00
13123,13124,2022121301001422,NABIL,17,42,200,810.50,162100.00
13124,13125,2022121301001421,NABIL,49,42,100,810.60,81060.00
13125,13126,2022121301001420,NABIL,39,42,100,811.00,81100.00
13126,13127,2022121301001419,NABIL,49,42,10,811.00,8110.00
13127,13128,2022121301001418,NABIL,13,42,10,811.00,8110.00
13128,13129,2022121303000830,MNBBL,41,58,75,423.00,31725.00
13129,13130,2022121301001417,GVL,6,49,10,313.00,3130.00
13130,13131,2022121303000829,HIDCL,22,4,10,167.00,1670.00
13131,13132,2022121301001416,RHGCL,41,41,10,206.10,2061.00
13132,13133,2022121303000828,JBBL,4,56,15,280.00,4200.00
13133,13134,2022121304000748,AKPL,38,16,388,348.00,135024.00
13134,13135,2022121304000747,AKPL,56,16,12,348.10,4177.20
13135,13136,2022121301001415,CBL,32,14,20,213.50,4270.00
13136,13137,2022121301001414,NABIL,38,48,10,812.00,8120.00
13137,13138,2022121301001413,NABIL,45,48,19,812.00,15428.00
13138,13139,2022121301001412,NABIL,42,48,50,812.50,40625.00
13139,13140,2022121304000746,UPPER,35,13,50,393.00,19650.00
13140,13141,2022121304000745,UPPER,35,25,50,392.90,19645.00
13141,13142,2022121304000744,HDHPC,29,4,10,174.00,1740.00
13142,13143,2022121301001411,SHIVM,42,17,166,548.00,90968.00
13143,13144,2022121301001410,SHIVM,55,17,10,548.00,5480.00
13144,13145,2022121301001409,SHIVM,53,17,10,548.10,5481.00
13145,13146,2022121303000827,GBBL,43,56,48,380.00,18240.00
13146,13147,2022121303000826,ICFC,55,14,100,428.00,42800.00
13147,13148,2022121303000825,SMATA,35,1,17,722.50,12282.50
13148,13149,2022121303000824,ICFC,43,55,100,430.00,43000.00
13149,13150,2022121304000743,NICBF,43,56,200,8.73,1746.00
13150,13151,2022121304000742,PMHPL,40,48,180,194.10,34938.00
13151,13152,2022121304000741,PMHPL,48,48,500,194.10,97050.00
13152,13153,2022121303000823,NRIC,55,53,20,697.00,13940.00
13153,13154,2022121303000822,GUFL,35,17,210,521.00,109410.00
13154,13155,2022121303000821,GUFL,6,17,90,521.00,46890.00
13155,13156,2022121303000820,SWBBL,50,17,50,1180.00,59000.00
13156,13157,2022121305000197,SLI,1,49,10,327.30,3273.00
13157,13158,2022121303000819,CHDC,58,10,10,653.10,6531.00
13158,13159,2022121301001408,ULBSL,45,7,10,3410.00,34100.00
13159,13160,2022121303000818,GBBL,43,58,33,380.00,12540.00
13160,13161,2022121304000740,UPPER,14,3,20,391.00,7820.00
13161,13162,2022121304000739,UPPER,32,3,100,391.00,39100.00
13162,13163,2022121305000196,SAHAS,34,57,10,448.00,4480.00
13163,13164,2022121301001407,KBL,42,13,76,187.60,14257.60
13164,13165,2022121301001406,KBL,42,34,54,187.60,10130.40
13165,13166,2022121301001405,KBL,42,7,100,187.50,18750.00
13166,13167,2022121301001404,KBL,42,45,200,187.50,37500.00
13167,13168,2022121301001403,KBL,42,4,102,187.00,19074.00
13168,13169,2022121303000817,FOWAD,58,17,50,2620.00,131000.00
13169,13170,2022121303000816,SHINE,39,33,54,333.00,17982.00
13170,13171,2022121301001402,RFPL,42,38,10,223.10,2231.00
13171,13172,2022121303000815,NIFRA,49,49,54,185.00,9990.00
13172,13173,2022121301001401,HDL,51,57,20,3860.00,77200.00
13173,13174,2022121301001400,HDL,59,57,25,3860.00,96500.00
13174,13175,2022121304000738,PRIN,35,10,133,400.00,53200.00
13175,13176,2022121304000737,PRIN,58,10,11,400.00,4400.00
13176,13177,2022121305000195,MBJC,19,35,10,206.50,2065.00
13177,13178,2022121303000814,SHINE,14,25,100,333.10,33310.00
13178,13179,2022121303000813,MLBL,55,50,290,344.00,99760.00
13179,13180,2022121303000812,MLBL,50,50,10,344.00,3440.00
13180,13181,2022121303000811,NRIC,55,53,50,698.00,34900.00
13181,13182,2022121303000810,SMFDB,57,6,10,1243.00,12430.00
13182,13183,2022121304000736,NGPL,17,28,10,209.00,2090.00
13183,13184,2022121304000735,NGPL,42,28,50,209.00,10450.00
13184,13185,2022121304000734,NGPL,49,28,1000,209.00,209000.00
13185,13186,2022121304000733,NGPL,22,28,200,209.50,41900.00
13186,13187,2022121304000732,NGPL,45,28,35,209.60,7336.00
13187,13188,2022121301001399,NICA,16,35,17,676.10,11493.70
13188,13189,2022121301001398,NICA,13,35,50,677.00,33850.00
13189,13190,2022121301001397,NICA,55,35,30,677.00,20310.00
13190,13191,2022121301001396,NICA,58,35,20,678.00,13560.00
13191,13192,2022121301001395,NICA,51,35,30,678.00,20340.00
13192,13193,2022121305000194,MBJC,19,49,10,206.50,2065.00
13193,13194,2022121301001394,NBL,18,59,150,276.00,41400.00
13194,13195,2022121305000193,SAHAS,34,38,10,448.00,4480.00
13195,13196,2022121304000731,PICL,44,10,88,340.00,29920.00
13196,13197,2022121303000809,GBBL,43,47,22,380.00,8360.00
13197,13198,2022121303000808,GBBL,14,47,50,380.00,19000.00
13198,13199,2022121303000807,GBBL,42,47,28,380.00,10640.00
13199,13200,2022121305000192,SAHAS,45,51,10,453.00,4530.00
13200,13201,2022121305000191,SAHAS,45,58,10,453.00,4530.00
13201,13202,2022121305000190,SAHAS,45,41,10,453.00,4530.00
13202,13203,2022121305000189,SAHAS,45,58,10,453.00,4530.00
13203,13204,2022121305000188,SAHAS,45,58,10,452.00,4520.00
13204,13205,2022121303000806,SMFDB,57,6,10,1243.00,12430.00
13205,13206,2022121303000805,FOWAD,58,45,50,2619.90,130995.00
13206,13207,2022121301001393,NMB,16,10,78,231.10,18025.80
13207,13208,2022121301001392,GVL,29,38,10,315.00,3150.00
13208,13209,2022121303000804,MMFDB,53,58,10,890.00,8900.00
13209,13210,2022121301001391,HDL,59,59,100,3860.00,386000.00
13210,13211,2022121301001390,SHIVM,4,17,12,549.00,6588.00
13211,13212,2022121304000730,AIL,34,1,38,396.40,15063.20
13212,13213,2022121303000803,MLBL,45,14,300,344.50,103350.00
13213,13214,2022121304000729,BPCL,6,49,29,303.50,8801.50
13214,13215,2022121304000728,NLG,17,10,163,466.40,76023.20
13215,13216,2022121304000727,SHEL,55,38,20,240.00,4800.00
13216,13217,2022121301001389,LBL,7,54,25,190.10,4752.50
13217,13218,2022121303000802,NRIC,55,53,50,698.00,34900.00
13218,13219,2022121303000801,SKBBL,51,45,20,1120.00,22400.00
13219,13220,2022121303000800,SKBBL,59,45,11,1120.10,12321.10
13220,13221,2022121303000799,NICLBSL,56,10,10,715.10,7151.00
13221,13222,2022121303000798,MNBBL,25,56,50,421.00,21050.00
13222,13223,2022121303000797,SAPDBL,14,34,110,221.00,24310.00
13223,13224,2022121303000796,SAPDBL,34,34,200,221.10,44220.00
13224,13225,2022121303000795,SAPDBL,16,34,500,221.20,110600.00
13225,13226,2022121303000794,SAPDBL,57,34,40,222.00,8880.00
13226,13227,2022121303000793,SAPDBL,34,34,150,222.10,33315.00
13227,13228,2022121304000726,RHPL,53,45,200,229.50,45900.00
13228,13229,2022121305000187,RULB,59,57,10,880.00,8800.00
13229,13230,2022121303000792,NIFRA,49,49,10,185.00,1850.00
13230,13231,2022121305000186,SAHAS,45,53,10,447.60,4476.00
13231,13232,2022121301001388,PPL,38,25,10,200.90,2009.00
13232,13233,2022121301001387,NIB,52,10,30,222.20,6666.00
13233,13234,2022121303000791,NIFRA,11,49,44,184.50,8118.00
13234,13235,2022121304000725,BPCL,42,33,50,307.90,15395.00
13235,13236,2022121301001386,RHGCL,41,58,10,206.10,2061.00
13236,13237,2022121303000790,NLICL,7,22,150,505.00,75750.00
13237,13238,2022121304000724,AKPL,56,22,436,348.10,151771.60
13238,13239,2022121301001385,NESDO,58,58,10,3322.00,33220.00
13239,13240,2022121304000723,AKPL,58,54,30,349.90,10497.00
13240,13241,2022121303000789,NRIC,41,53,30,699.00,20970.00
13241,13242,2022121304000722,NHPC,29,10,753,200.10,150675.30
13242,13243,2022121304000721,NHPC,25,10,247,202.00,49894.00
13243,13244,2022121301001384,USHEC,53,49,10,247.30,2473.00
13244,13245,2022121301001383,DORDI,47,38,10,230.10,2301.00
13245,13246,2022121303000788,GUFL,50,49,48,521.10,25012.80
13246,13247,2022121301001382,CYCL,1,43,10,2260.20,22602.00
13247,13248,2022121301001381,USHEC,53,47,200,247.30,49460.00
13248,13249,2022121301001380,NBL,18,10,22,276.00,6072.00
13249,13250,2022121301001379,NBL,57,10,14,276.10,3865.40
13250,13251,2022121304000720,UNHPL,22,53,50,192.00,9600.00
13251,13252,2022121303000787,KSBBL,49,45,35,308.10,10783.50
13252,13253,2022121303000786,KSBBL,57,45,15,308.10,4621.50
13253,13254,2022121303000785,NRIC,41,43,50,699.00,34950.00
13254,13255,2022121304000719,UPCL,34,3,20,217.00,4340.00
13255,13256,2022121304000718,UPCL,16,3,10,217.00,2170.00
13256,13257,2022121301001378,AVYAN,7,38,10,691.40,6914.00
13257,13258,2022121301001377,MEGA,45,54,65,196.10,12746.50
13258,13259,2022121301001376,BHL,16,35,10,244.00,2440.00
13259,13260,2022121301001375,HHL,52,38,10,215.00,2150.00
13260,13261,2022121303000784,SHINE,3,44,50,334.00,16700.00
13261,13262,2022121303000783,GUFL,42,49,90,522.00,46980.00
13262,13263,2022121304000717,RIDI,42,6,19,490.00,9310.00
13263,13264,2022121304000716,RIDI,4,6,50,490.00,24500.00
13264,13265,2022121304000715,RIDI,45,6,50,490.00,24500.00
13265,13266,2022121304000714,RIDI,34,6,62,490.00,30380.00
13266,13267,2022121304000713,RIDI,56,6,19,490.50,9319.50
13267,13268,2022121304000712,UPPER,51,21,50,394.00,19700.00
13268,13269,2022121301001374,SBLD84,29,6,25,800.00,20000.00
13269,13270,2022121303000782,MFIL,44,38,250,422.00,105500.00
13270,13271,2022121303000781,NIFRA,52,56,30,185.00,5550.00
13271,13272,2022121303000780,NIFRA,45,56,13,185.00,2405.00
13272,13273,2022121301001373,UHEWA,57,42,10,347.70,3477.00
13273,13274,2022121301001372,SIKLES,53,3,10,374.10,3741.00
13274,13275,2022121301001371,CYCL,1,38,10,2260.20,22602.00
13275,13276,2022121303000779,ILBS,14,10,15,890.00,13350.00
13276,13277,2022121301001370,BNT,32,25,10,12982.00,129820.00
13277,13278,2022121301001369,NICFC,58,38,100,7.80,780.00
13278,13279,2022121304000711,SHL,1,35,200,216.00,43200.00
13279,13280,2022121304000710,SHL,16,35,100,216.00,21600.00
13280,13281,2022121304000709,RIDI,49,44,30,491.00,14730.00
13281,13282,2022121304000708,RIDI,59,44,18,491.00,8838.00
13282,13283,2022121304000707,RIDI,33,44,85,491.00,41735.00
13283,13284,2022121304000706,RIDI,16,44,246,491.00,120786.00
13284,13285,2022121304000705,RIDI,38,44,180,491.20,88416.00
13285,13286,2022121304000704,RIDI,29,44,100,491.30,49130.00
13286,13287,2022121304000703,RIDI,45,44,35,491.30,17195.50
13287,13288,2022121301001368,RFPL,34,58,10,223.20,2232.00
13288,13289,2022121305000185,TPC,58,41,90,331.00,29790.00
13289,13290,2022121301001367,GBIME,8,10,17,211.20,3590.40
13290,13291,2022121301001366,GBIME,22,10,10,211.50,2115.00
13291,13292,2022121301001365,GBIME,38,10,10,211.50,2115.00
13292,13293,2022121301001364,GBIME,48,10,25,212.00,5300.00
13293,13294,2022121301001363,GBIME,57,10,40,212.00,8480.00
13294,13295,2022121301001362,GBIME,49,10,15,212.00,3180.00
13295,13296,2022121303000778,KSBBL,49,45,100,309.00,30900.00
13296,13297,2022121304000702,SHEL,55,38,10,240.00,2400.00
13297,13298,2022121304000701,SHEL,55,4,10,240.00,2400.00
13298,13299,2022121301001361,BHDC,17,49,10,341.10,3411.00
13299,13300,2022121304000700,UPPER,58,40,35,393.00,13755.00
13300,13301,2022121303000777,NIFRA,45,32,94,185.00,17390.00
13301,13302,2022121303000776,NIFRA,21,32,10,185.00,1850.00
13302,13303,2022121303000775,NIFRA,56,32,146,185.00,27010.00
13303,13304,2022121301001360,HDL,16,33,135,3869.00,522315.00
13304,13305,2022121304000699,AKPL,56,10,52,348.10,18101.20
13305,13306,2022121301001359,NICA,25,58,10,678.00,6780.00
13306,13307,2022121304000698,RHPL,53,45,200,229.50,45900.00
13307,13308,2022121301001358,PRVU,44,14,500,200.00,100000.00
13308,13309,2022121301001357,SDBD87,47,6,25,756.00,18900.00
13309,13310,2022121301001356,MEGA,49,32,50,196.20,9810.00
13310,13311,2022121305000184,SLI,28,49,10,327.20,3272.00
13311,13312,2022121303000774,NTC,7,57,170,889.50,151215.00
13312,13313,2022121304000697,HDHPC,16,16,200,174.00,34800.00
13313,13314,2022121303000773,ILBS,14,13,55,890.00,48950.00
13314,13315,2022121304000696,SHEL,49,10,10,237.00,2370.00
13315,13316,2022121304000695,UPPER,49,21,100,394.00,39400.00
13316,13317,2022121301001355,SRBL,38,40,125,183.00,22875.00
13317,13318,2022121301001354,NESDO,58,35,10,3325.00,33250.00
13318,13319,2022121303000772,HIDCL,58,4,28,167.00,4676.00
13319,13320,2022121303000771,KRBL,44,48,263,255.00,67065.00
13320,13321,2022121303000770,KRBL,41,48,237,255.00,60435.00
13321,13322,2022121301001353,RFPL,34,49,10,223.20,2232.00
13322,13323,2022121303000769,ICFC,26,19,45,432.00,19440.00
13323,13324,2022121301001352,NBL,16,35,450,276.50,124425.00
13324,13325,2022121301001351,CZBIL,5,41,28,180.00,5040.00
13325,13326,2022121301001350,HDL,46,33,25,3869.00,96725.00
13326,13327,2022121301001349,SHIVM,53,10,40,548.10,21924.00
13327,13328,2022121301001348,SHIVM,11,10,50,549.00,27450.00
13328,13329,2022121301001347,SHIVM,29,10,10,549.00,5490.00
13329,13330,2022121303000768,NIFRA,56,49,54,185.00,9990.00
13330,13331,2022121301001346,AVYAN,45,17,10,693.00,6930.00
13331,13332,2022121305000183,JBLB,42,49,2,2750.00,5500.00
13332,13333,2022121305000182,JBLB,49,49,15,2750.00,41250.00
13333,13334,2022121304000694,NGPL,45,32,85,209.60,17816.00
13334,13335,2022121304000693,NGPL,49,32,100,209.60,20960.00
13335,13336,2022121304000692,NGPL,40,32,25,210.00,5250.00
13336,13337,2022121304000691,NGPL,45,32,50,210.00,10500.00
13337,13338,2022121304000690,SHEL,55,16,10,240.00,2400.00
13338,13339,2022121304000689,DHPL,8,46,150,177.00,26550.00
13339,13340,2022121305000181,MBJC,19,49,10,206.50,2065.00
13340,13341,2022121303000767,NMFBS,35,57,11,2026.80,22294.80
13341,13342,2022121301001345,USHEC,53,7,10,247.30,2473.00
13342,13343,2022121304000688,HURJA,57,42,100,203.00,20300.00
13343,13344,2022121304000687,UPPER,22,58,50,393.50,19675.00
13344,13345,2022121301001344,HBL,33,14,20,325.00,6500.00
13345,13346,2022121303000766,KRBL,6,13,160,256.00,40960.00
13346,13347,2022121305000180,SLI,55,7,10,328.30,3283.00
13347,13348,2022121301001343,PCBL,41,59,20,223.20,4464.00
13348,13349,2022121303000765,MLBL,45,59,400,344.50,137800.00
13349,13350,2022121303000764,NMFBS,47,57,10,2027.70,20277.00
13350,13351,2022121301001342,RHGCL,41,21,10,206.10,2061.00
13351,13352,2022121305000179,SLI,55,25,10,328.30,3283.00
13352,13353,2022121301001341,DORDI,7,42,10,231.00,2310.00
13353,13354,2022121304000686,RIDI,49,39,10,491.90,4919.00
13354,13355,2022121303000763,NTC,33,17,30,890.00,26700.00
13355,13356,2022121303000762,NTC,54,17,10,890.00,8900.00
13356,13357,2022121303000761,NTC,7,17,53,890.00,47170.00
13357,13358,2022121303000760,NTC,45,17,40,890.00,35600.00
13358,13359,2022121303000759,NTC,34,17,95,890.00,84550.00
13359,13360,2022121303000758,SMFDB,34,41,200,1243.00,248600.00
13360,13361,2022121303000757,SMFDB,34,28,50,1243.00,62150.00
13361,13362,2022121303000756,FMDBL,16,33,39,709.00,27651.00
13362,13363,2022121304000685,HDHPC,45,16,110,174.00,19140.00
13363,13364,2022121304000684,UPPER,29,21,610,394.00,240340.00
13364,13365,2022121304000683,UPPER,29,49,150,393.70,59055.00
13365,13366,2022121304000682,UPPER,29,11,240,393.50,94440.00
13366,13367,2022121304000681,UPCL,26,3,100,217.10,21710.00
13367,13368,2022121304000680,UPCL,51,3,85,217.20,18462.00
13368,13369,2022121304000679,UPCL,51,3,55,217.20,11946.00
13369,13370,2022121304000678,SPDL,8,29,100,264.00,26400.00
13370,13371,2022121301001340,SHIVM,29,17,490,549.00,269010.00
13371,13372,2022121301001339,SHIVM,35,17,10,550.00,5500.00
13372,13373,2022121304000677,DHPL,32,25,20,180.00,3600.00
13373,13374,2022121304000676,UPPER,19,11,20,393.50,7870.00
13374,13375,2022121303000755,NMFBS,14,57,12,2028.00,24336.00
13375,13376,2022121301001338,HDL,21,16,50,3865.00,193250.00
13376,13377,2022121301001337,SHIVM,22,39,100,550.10,55010.00
13377,13378,2022121304000675,CHCL,41,14,100,385.50,38550.00
13378,13379,2022121304000674,CHCL,46,14,200,386.00,77200.00
13379,13380,2022121304000673,CHCL,41,14,100,386.00,38600.00
13380,13381,2022121304000672,HDHPC,26,16,250,174.00,43500.00
13381,13382,2022121304000671,HDHPC,38,16,30,174.00,5220.00
13382,13383,2022121301001336,SHIVM,34,39,10,550.10,5501.00
13383,13384,2022121301001335,MBL,14,59,30,214.00,6420.00
13384,13385,2022121303000754,ICFC,26,19,100,431.00,43100.00
13385,13386,2022121304000670,UPPER,13,11,830,393.50,326605.00
13386,13387,2022121304000669,UPPER,13,49,100,393.40,39340.00
13387,13388,2022121304000668,UPPER,13,21,44,393.00,17292.00
13388,13389,2022121304000667,UPPER,13,58,26,393.00,10218.00
13389,13390,2022121301001334,NCCB,44,44,90,183.00,16470.00
13390,13391,2022121301001333,NCCB,44,49,11,183.00,2013.00
13391,13392,2022121301001332,NCCB,44,59,200,183.00,36600.00
13392,13393,2022121301001331,NCCB,44,32,350,183.00,64050.00
13393,13394,2022121301001330,NCCB,44,34,800,183.00,146400.00
13394,13395,2022121301001329,NCCB,44,47,100,183.00,18300.00
13395,13396,2022121301001328,NCCB,44,42,10,181.00,1810.00
13396,13397,2022121301001327,CZBIL,49,41,222,180.00,39960.00
13397,13398,2022121304000666,API,58,56,47,208.70,9808.90
13398,13399,2022121304000665,UPPER,36,58,100,393.00,39300.00
13399,13400,2022121303000753,MLBL,45,22,100,344.50,34450.00
13400,13401,2022121301001326,SHIVM,1,28,35,550.00,19250.00
13401,13402,2022121301001325,SHIVM,49,28,25,550.00,13750.00
13402,13403,2022121301001324,SHIVM,52,28,500,550.00,275000.00
13403,13404,2022121301001323,SHIVM,32,28,2000,550.00,1100000.00
13404,13405,2022121301001322,SHIVM,50,28,100,550.00,55000.00
13405,13406,2022121301001321,SHIVM,29,28,500,550.00,275000.00
13406,13407,2022121301001320,SHIVM,49,28,100,550.10,55010.00
13407,13408,2022121301001319,SHIVM,58,28,200,550.10,110020.00
13408,13409,2022121301001318,SHIVM,34,28,32,550.10,17603.20
13409,13410,2022121304000664,SICL,56,59,140,777.70,108878.00
13410,13411,2022121304000663,UPPER,59,58,44,393.00,17292.00
13411,13412,2022121304000662,UPPER,6,49,100,393.20,39320.00
13412,13413,2022121301001317,UHEWA,58,8,10,349.00,3490.00
13413,13414,2022121301001316,HDL,38,33,15,3869.00,58035.00
13414,13415,2022121301001315,NBL,42,29,206,277.00,57062.00
13415,13416,2022121305000178,JBLB,57,58,10,2705.00,27050.00
13416,13417,2022121304000661,SPDL,7,29,200,264.10,52820.00
13417,13418,2022121303000752,GUFL,6,50,10,521.00,5210.00
13418,13419,2022121304000660,SHL,16,49,200,216.00,43200.00
13419,13420,2022121304000659,UPPER,59,49,56,393.00,22008.00
13420,13421,2022121304000658,UPPER,38,49,114,393.00,44802.00
13421,13422,2022121303000751,NRIC,41,14,20,699.00,13980.00
13422,13423,2022121301001314,LBL,7,59,20,190.10,3802.00
13423,13424,2022121304000657,UPPER,38,49,16,393.00,6288.00
13424,13425,2022121301001313,MBL,51,34,200,215.00,43000.00
13425,13426,2022121301001312,GBIME,49,49,385,212.00,81620.00
13426,13427,2022121303000750,GUFL,58,17,50,526.00,26300.00
13427,13428,2022121304000656,LEMF,49,10,107,7.83,837.81
13428,13429,2022121304000655,LEMF,49,10,393,7.84,3081.12
13429,13430,2022121304000654,AIL,34,39,30,396.40,11892.00
13430,13431,2022121304000653,AIL,34,25,20,395.70,7914.00
13431,13432,2022121304000652,UPPER,38,16,100,393.00,39300.00
13432,13433,2022121304000651,UPPER,38,21,130,393.00,51090.00
13433,13434,2022121301001311,SIKLES,53,51,10,374.10,3741.00
13434,13435,2022121304000650,UPPER,36,21,100,393.00,39300.00
13435,13436,2022121301001310,SHIVM,38,56,50,551.00,27550.00
13436,13437,2022121301001309,SHIVM,58,56,19,551.00,10469.00
13437,13438,2022121301001308,SHIVM,36,56,10,551.00,5510.00
13438,13439,2022121301001307,SHIVM,58,56,10,551.00,5510.00
13439,13440,2022121301001306,PRVU,48,14,441,199.00,87759.00
13440,13441,2022121301001305,PRVU,53,14,120,199.00,23880.00
13441,13442,2022121301001304,PRVU,32,14,50,199.00,9950.00
13442,13443,2022121301001303,PRVU,40,14,100,199.00,19900.00
13443,13444,2022121301001302,PRVU,17,14,100,199.00,19900.00
13444,13445,2022121301001301,PRVU,45,14,38,199.00,7562.00
13445,13446,2022121304000649,UPPER,58,21,30,393.00,11790.00
13446,13447,2022121304000648,API,34,26,11,209.90,2308.90
13447,13448,2022121301001300,UHEWA,58,8,10,349.00,3490.00
13448,13449,2022121301001299,GBIME,45,49,15,212.00,3180.00
13449,13450,2022121301001298,HDL,3,33,10,3869.00,38690.00
13450,13451,2022121303000749,NTC,34,11,10,890.00,8900.00
13451,13452,2022121301001297,NIB,44,8,101,223.00,22523.00
13452,13453,2022121301001296,NIB,44,32,96,223.00,21408.00
13453,13454,2022121301001295,SHIVM,43,17,200,552.00,110400.00
13454,13455,2022121301001294,GVL,38,34,90,318.00,28620.00
13455,13456,2022121303000748,PROFL,11,44,20,287.00,5740.00
13456,13457,2022121303000747,SFCL,36,22,765,256.00,195840.00
13457,13458,2022121301001293,SANIMA,14,42,50,227.00,11350.00
13458,13459,2022121301001292,SANIMA,42,42,15,227.00,3405.00
13459,13460,2022121301001291,PPL,57,58,10,202.00,2020.00
13460,13461,2022121303000746,KRBL,7,13,100,256.00,25600.00
13461,13462,2022121301001290,AVYAN,45,58,10,693.00,6930.00
13462,13463,2022121305000177,BNHC,33,7,40,332.00,13280.00
13463,13464,2022121303000745,SMFDB,38,58,20,1243.00,24860.00
13464,13465,2022121303000744,NTC,16,45,10,894.00,8940.00
13465,13466,2022121301001289,BHDC,17,59,10,341.10,3411.00
13466,13467,2022121301001288,HHL,7,8,10,216.00,2160.00
13467,13468,2022121301001287,HDL,57,33,15,3869.00,58035.00
13468,13469,2022121301001286,HDL,17,40,10,3869.90,38699.00
13469,13470,2022121303000743,USLB,44,34,30,871.00,26130.00
13470,13471,2022121305000176,BNHC,33,58,10,330.00,3300.00
13471,13472,2022121304000647,UPPER,57,21,240,393.00,94320.00
13472,13473,2022121304000646,UPPER,57,17,10,393.00,3930.00
13473,13474,2022121304000645,UPPER,36,17,190,393.00,74670.00
13474,13475,2022121304000644,UPPER,36,11,10,393.00,3930.00
13475,13476,2022121301001285,GVL,38,58,10,316.20,3162.00
13476,13477,2022121303000742,MERO,38,29,10,775.00,7750.00
13477,13478,2022121301001284,NBL,16,42,50,276.50,13825.00
13478,13479,2022121301001283,NABIL,53,49,410,810.00,332100.00
13479,13480,2022121301001282,NABIL,29,49,85,810.00,68850.00
13480,13481,2022121301001281,NABIL,34,49,30,810.00,24300.00
13481,13482,2022121301001280,NABIL,42,49,52,810.00,42120.00
13482,13483,2022121301001279,NABIL,58,49,15,810.00,12150.00
13483,13484,2022121301001278,NABIL,6,49,50,810.00,40500.00
13484,13485,2022121301001277,NABIL,6,49,500,810.00,405000.00
13485,13486,2022121301001276,NABIL,11,49,80,810.00,64800.00
13486,13487,2022121301001275,NABIL,49,49,50,810.10,40505.00
13487,13488,2022121301001274,NABIL,22,49,10,811.00,8110.00
13488,13489,2022121301001273,NABIL,21,49,20,811.00,16220.00
13489,13490,2022121301001272,NABIL,48,49,100,811.00,81100.00
13490,13491,2022121301001271,NABIL,58,49,20,811.00,16220.00
13491,13492,2022121301001270,NABIL,52,49,20,811.50,16230.00
13492,13493,2022121301001269,NABIL,7,49,20,812.00,16240.00
13493,13494,2022121301001268,NABIL,25,49,10,812.00,8120.00
13494,13495,2022121301001267,NABIL,47,49,50,812.00,40600.00
13495,13496,2022121301001266,NABIL,22,49,30,812.00,24360.00
13496,13497,2022121301001265,NABIL,53,49,25,812.00,20300.00
13497,13498,2022121301001264,NABIL,37,49,200,812.00,162400.00
13498,13499,2022121301001263,NABIL,6,49,30,812.00,24360.00
13499,13500,2022121301001262,NABIL,41,49,11,812.00,8932.00
13500,13501,2022121304000643,GIMES1,29,49,150,8.57,1285.50
13501,13502,2022121301001261,PRVU,45,14,1962,199.00,390438.00
13502,13503,2022121301001260,PRVU,4,14,100,199.00,19900.00
13503,13504,2022121301001259,PRVU,57,14,10,199.00,1990.00
13504,13505,2022121301001258,PRVU,47,14,200,199.00,39800.00
13505,13506,2022121301001257,PRVU,38,14,300,199.00,59700.00
13506,13507,2022121301001256,PRVU,49,14,1700,199.00,338300.00
13507,13508,2022121301001255,PRVU,58,14,100,199.00,19900.00
13508,13509,2022121301001254,PRVU,57,14,100,199.10,19910.00
13509,13510,2022121301001253,PRVU,5,14,100,199.10,19910.00
13510,13511,2022121301001252,PRVU,57,14,200,199.10,39820.00
13511,13512,2022121301001251,PRVU,33,14,100,199.20,19920.00
13512,13513,2022121301001250,PRVU,33,14,10,199.30,1993.00
13513,13514,2022121301001249,PRVU,21,14,38,199.40,7577.20
13514,13515,2022121301001248,PRVU,38,14,30,199.50,5985.00
13515,13516,2022121301001247,PRVU,57,14,50,199.60,9980.00
13516,13517,2022121303000741,HIDCL,34,43,50,167.00,8350.00
13517,13518,2022121301001246,HDL,57,58,10,3869.00,38690.00
13518,13519,2022121303000740,ALICL,59,42,85,510.00,43350.00
13519,13520,2022121303000739,ALICL,59,45,10,510.00,5100.00
13520,13521,2022121303000738,ALICL,59,33,10,510.00,5100.00
13521,13522,2022121303000737,ALICL,59,53,29,509.90,14787.10
13522,13523,2022121303000736,ALICL,59,43,20,509.80,10196.00
13523,13524,2022121301001245,NABIL,45,49,100,813.00,81300.00
13524,13525,2022121301001244,NIB,42,32,10,223.00,2230.00
13525,13526,2022121305000175,SAHAS,45,19,10,447.30,4473.00
13526,13527,2022121304000642,UPPER,22,19,10,392.90,3929.00
13527,13528,2022121304000641,NGPL,44,4,15,210.90,3163.50
13528,13529,2022121304000640,NGPL,44,49,472,210.90,99544.80
13529,13530,2022121304000639,TRH,51,49,30,343.00,10290.00
13530,13531,2022121301001243,NABIL,13,49,100,813.00,81300.00
13531,13532,2022121301001242,NABIL,8,49,100,813.00,81300.00
13532,13533,2022121301001241,NABIL,57,49,90,813.00,73170.00
13533,13534,2022121301001240,NABIL,34,49,300,813.10,243930.00
13534,13535,2022121301001239,NABIL,1,49,10,813.10,8131.00
13535,13536,2022121301001238,NABIL,53,49,30,813.20,24396.00
13536,13537,2022121301001237,NABIL,51,49,50,813.20,40660.00
13537,13538,2022121301001236,NABIL,52,49,12,813.20,9758.40
13538,13539,2022121301001235,NABIL,21,49,20,813.50,16270.00
13539,13540,2022121301001234,NABIL,49,49,300,813.60,244080.00
13540,13541,2022121301001233,NABIL,55,49,31,813.70,25224.70
13541,13542,2022121301001232,NABIL,38,49,20,814.00,16280.00
13542,13543,2022121301001231,NABIL,58,49,91,814.00,74074.00
13543,13544,2022121301001230,PPL,57,25,10,202.00,2020.00
13544,13545,2022121301001229,CZBIL,1,59,60,179.00,10740.00
13545,13546,2022121301001228,GVL,29,58,990,316.20,313038.00
13546,13547,2022121301001227,GVL,29,58,10,315.10,3151.00
13547,13548,2022121304000638,HPPL,6,49,150,248.80,37320.00
13548,13549,2022121304000637,HPPL,6,37,300,248.00,74400.00
13549,13550,2022121304000636,HPPL,6,17,65,248.00,16120.00
13550,13551,2022121303000735,MFIL,56,49,15,422.00,6330.00
13551,13552,2022121301001226,CYCL,1,34,10,2260.20,22602.00
13552,13553,2022121303000734,NLIC,38,42,20,612.00,12240.00
13553,13554,2022121303000733,NMFBS,38,58,10,2030.00,20300.00
13554,13555,2022121304000635,API,58,22,38,210.00,7980.00
13555,13556,2022121303000732,GBBL,42,57,72,380.00,27360.00
13556,13557,2022121303000731,GBBL,28,57,25,381.00,9525.00
13557,13558,2022121301001225,GVL,29,36,293,315.00,92295.00
13558,13559,2022121301001224,GVL,29,21,10,315.00,3150.00
13559,13560,2022121301001223,GVL,29,56,10,315.00,3150.00
13560,13561,2022121301001222,GVL,29,34,10,314.80,3148.00
13561,13562,2022121301001221,GVL,29,16,58,313.00,18154.00
13562,13563,2022121301001220,NICFC,11,37,300,7.70,2310.00
13563,13564,2022121301001219,SHIVM,58,39,10,552.80,5528.00
13564,13565,2022121301001218,NABIL,25,47,60,815.00,48900.00
13565,13566,2022121303000730,MFIL,56,3,40,421.00,16840.00
13566,13567,2022121301001217,SGHC,45,38,10,247.50,2475.00
13567,13568,2022121304000634,UPPER,14,58,50,392.00,19600.00
13568,13569,2022121301001216,GVL,44,16,10,313.00,3130.00
13569,13570,2022121301001215,GVL,44,25,10,312.90,3129.00
13570,13571,2022121301001214,GVL,44,28,10,312.00,3120.00
13571,13572,2022121301001213,GVL,44,17,30,312.00,9360.00
13572,13573,2022121301001212,GVL,44,58,10,311.90,3119.00
13573,13574,2022121301001211,GVL,44,34,10,311.90,3119.00
13574,13575,2022121301001210,MEGA,58,32,30,196.20,5886.00
13575,13576,2022121305000174,RULB,58,53,25,880.00,22000.00
13576,13577,2022121303000729,SHINE,33,17,100,334.80,33480.00
13577,13578,2022121303000728,NLIC,42,58,10,611.00,6110.00
13578,13579,2022121301001209,SGHC,58,58,20,252.00,5040.00
13579,13580,2022121301001208,SGHC,58,51,10,252.00,2520.00
13580,13581,2022121304000633,RADHI,39,4,50,215.00,10750.00
13581,13582,2022121303000727,MLBL,50,56,50,344.00,17200.00
13582,13583,2022121304000632,UPPER,14,53,50,392.00,19600.00
13583,13584,2022121304000631,UPPER,14,51,100,392.00,39200.00
13584,13585,2022121301001207,NABIL,45,47,20,815.00,16300.00
13585,13586,2022121304000630,JOSHI,28,51,10,188.00,1880.00
13586,13587,2022121304000629,SICL,56,13,10,777.70,7777.00
13587,13588,2022121301001206,NABIL,42,47,50,815.00,40750.00
13588,13589,2022121303000726,LLBS,42,4,18,1015.00,18270.00
13589,13590,2022121304000628,CHCL,41,16,50,388.00,19400.00
13590,13591,2022121304000627,TRH,51,7,10,343.00,3430.00
13591,13592,2022121303000725,SMFDB,38,58,10,1243.00,12430.00
13592,13593,2022121304000626,LEMF,49,10,100,7.98,798.00
13593,13594,2022121303000724,NIFRA,7,38,17,186.00,3162.00
13594,13595,2022121305000173,SAHAS,45,3,10,447.30,4473.00
13595,13596,2022121304000625,PIC,29,35,56,513.90,28778.40
13596,13597,2022121304000624,PIC,13,35,19,534.00,10146.00
13597,13598,2022121305000172,JBLB,32,22,32,2750.00,88000.00
13598,13599,2022121304000623,UPPER,6,51,100,392.00,39200.00
13599,13600,2022121304000622,HDHPC,43,21,1000,174.90,174900.00
13600,13601,2022121301001205,CZBIL,7,57,12,178.90,2146.80
13601,13602,2022121301001204,SIKLES,53,59,10,374.10,3741.00
13602,13603,2022121301001203,SIKLES,38,38,90,379.00,34110.00
13603,13604,2022121301001202,SIKLES,38,52,10,379.00,3790.00
13604,13605,2022121303000723,MERO,1,29,15,775.00,11625.00
13605,13606,2022121303000722,SMFDB,38,26,42,1243.00,52206.00
13606,13607,2022121301001201,PRVU,50,14,151,201.00,30351.00
13607,13608,2022121301001200,NABIL,58,14,11,814.00,8954.00
13608,13609,2022121301001199,NICA,32,46,10,679.00,6790.00
13609,13610,2022121301001198,USHEC,53,37,10,247.30,2473.00
13610,13611,2022121301001197,NABIL,38,47,66,815.00,53790.00
13611,13612,2022121301001196,NABIL,38,33,20,815.00,16300.00
13612,13613,2022121301001195,HDL,36,25,23,3864.00,88872.00
13613,13614,2022121301001194,HDL,36,40,10,3862.90,38629.00
13614,13615,2022121301001193,HDL,36,58,17,3860.00,65620.00
13615,13616,2022121301001192,NABIL,11,33,30,815.00,24450.00
13616,13617,2022121303000721,NTC,34,7,20,890.00,17800.00
13617,13618,2022121303000720,NTC,34,58,45,890.00,40050.00
13618,13619,2022121303000719,NTC,34,59,610,890.00,542900.00
13619,13620,2022121303000718,NTC,34,14,50,889.90,44495.00
13620,13621,2022121303000717,NTC,34,32,170,889.50,151215.00
13621,13622,2022121301001191,AVYAN,14,29,10,695.00,6950.00
13622,13623,2022121301001190,NICA,34,52,20,680.00,13600.00
13623,13624,2022121301001189,NIB,38,42,14,223.00,3122.00
13624,13625,2022121301001188,NIB,25,42,50,223.00,11150.00
13625,13626,2022121301001187,NABIL,58,14,18,814.00,14652.00
13626,13627,2022121301001186,SHIVM,49,52,35,553.00,19355.00
13627,13628,2022121305000171,JBLB,53,43,10,2745.00,27450.00
13628,13629,2022121304000621,UPPER,57,22,50,390.00,19500.00
13629,13630,2022121304000620,UPPER,57,26,50,390.00,19500.00
13630,13631,2022121304000619,UPPER,57,16,100,390.00,39000.00
13631,13632,2022121304000618,UPPER,57,1,50,390.00,19500.00
13632,13633,2022121303000716,HIDCL,34,6,108,167.00,18036.00
13633,13634,2022121301001185,CYCL,1,22,10,2260.20,22602.00
13634,13635,2022121301001184,CYCL,1,45,10,2260.20,22602.00
13635,13636,2022121301001183,RFPL,49,37,10,223.30,2233.00
13636,13637,2022121304000617,CHCL,41,17,20,389.90,7798.00
13637,13638,2022121301001182,HDL,34,58,13,3860.00,50180.00
13638,13639,2022121303000715,NLIC,53,53,100,612.00,61200.00
13639,13640,2022121304000616,GIMES1,29,49,800,8.58,6864.00
13640,13641,2022121301001181,NMB,3,42,257,232.00,59624.00
13641,13642,2022121301001180,SBI,11,19,189,282.00,53298.00
13642,13643,2022121304000615,SICL,45,13,40,777.70,31108.00
13643,13644,2022121303000714,NTC,58,32,30,889.50,26685.00
13644,13645,2022121303000713,NIFRA,16,58,14,184.10,2577.40
13645,13646,2022121301001179,USHEC,53,22,10,247.30,2473.00
13646,13647,2022121303000712,FOWAD,28,58,10,2605.00,26050.00
13647,13648,2022121301001178,BHL,41,14,10,245.00,2450.00
13648,13649,2022121305000170,JALPA,1,57,20,3382.00,67640.00
13649,13650,2022121305000169,JALPA,1,21,20,3382.00,67640.00
13650,13651,2022121303000711,NIFRA,7,58,50,184.20,9210.00
13651,13652,2022121304000614,AKPL,45,4,13,348.10,4525.30
13652,13653,2022121301001177,SANIMA,45,22,150,227.50,34125.00
13653,13654,2022121301001176,HDL,4,58,10,3860.00,38600.00
13654,13655,2022121303000710,GFCL,58,38,25,448.00,11200.00
13655,13656,2022121303000709,GFCL,58,37,50,448.00,22400.00
13656,13657,2022121303000708,SMFDB,45,28,25,1243.00,31075.00
13657,13658,2022121303000707,GUFL,35,17,70,529.00,37030.00
13658,13659,2022121305000168,JALPA,4,21,20,3373.00,67460.00
13659,13660,2022121303000706,MLBL,33,51,1100,344.00,378400.00
13660,13661,2022121303000705,SIFC,57,46,162,305.00,49410.00
13661,13662,2022121303000704,SIFC,57,45,188,304.90,57321.20
13662,13663,2022121303000703,SIFC,57,22,150,304.80,45720.00
13663,13664,2022121304000613,RADHI,39,41,10,215.00,2150.00
13664,13665,2022121303000702,LICN,40,16,200,1410.10,282020.00
13665,13666,2022121304000612,CHCL,14,6,500,388.00,194000.00
13666,13667,2022121304000611,HDHPC,26,21,750,174.90,131175.00
13667,13668,2022121304000610,SSHL,45,10,10,175.00,1750.00
13668,13669,2022121301001175,RHGCL,41,58,10,206.10,2061.00
13669,13670,2022121301001174,NABIL,44,14,10,814.00,8140.00
13670,13671,2022121301001173,NABIL,48,14,50,814.00,40700.00
13671,13672,2022121301001172,NABIL,42,14,20,814.00,16280.00
13672,13673,2022121301001171,NABIL,22,14,10,814.00,8140.00
13673,13674,2022121301001170,NABIL,59,14,15,814.00,12210.00
13674,13675,2022121301001169,NABIL,26,14,10,814.00,8140.00
13675,13676,2022121301001168,NABIL,48,14,50,814.00,40700.00
13676,13677,2022121301001167,NABIL,8,14,25,814.00,20350.00
13677,13678,2022121301001166,NABIL,58,14,10,814.00,8140.00
13678,13679,2022121301001165,NABIL,36,14,100,814.00,81400.00
13679,13680,2022121301001164,NABIL,39,14,200,814.00,162800.00
13680,13681,2022121301001163,NABIL,57,14,20,814.00,16280.00
13681,13682,2022121301001162,NABIL,57,14,50,814.00,40700.00
13682,13683,2022121301001161,NABIL,33,14,10,814.00,8140.00
13683,13684,2022121301001160,NABIL,51,14,20,814.10,16282.00
13684,13685,2022121301001159,NABIL,58,14,82,814.20,66764.40
13685,13686,2022121301001158,NABIL,1,14,10,814.30,8143.00
13686,13687,2022121304000609,PIC,33,35,50,524.00,26200.00
13687,13688,2022121304000608,SPDL,29,28,250,265.00,66250.00
13688,13689,2022121301001157,NICA,1,52,70,680.00,47600.00
13689,13690,2022121301001156,HDL,49,45,10,3862.00,38620.00
13690,13691,2022121303000701,NADEP,6,47,20,688.00,13760.00
13691,13692,2022121303000700,MLBL,49,22,75,344.00,25800.00
13692,13693,2022121303000699,CBBL,22,35,12,1097.20,13166.40
13693,13694,2022121305000167,JALPA,4,48,10,3370.00,33700.00
13694,13695,2022121304000607,LEC,55,57,10,220.00,2200.00
13695,13696,2022121301001155,SHIVM,38,52,10,553.00,5530.00
13696,13697,2022121301001154,GVL,58,11,10,309.10,3091.00
13697,13698,2022121301001153,PCBL,44,54,10,224.50,2245.00
13698,13699,2022121304000606,CGH,49,3,10,1000.50,10005.00
13699,13700,2022121303000698,KSBBL,32,34,300,309.90,92970.00
13700,13701,2022121303000697,NFS,50,16,10,263.00,2630.00
13701,13702,2022121301001152,NABIL,58,14,56,814.20,45595.20
13702,13703,2022121304000605,BARUN,8,55,10,205.00,2050.00
13703,13704,2022121304000604,GHL,25,33,10,197.80,1978.00
13704,13705,2022121301001151,NBL,26,29,310,277.00,85870.00
13705,13706,2022121303000696,SADBL,45,22,30,305.00,9150.00
13706,13707,2022121303000695,NIFRA,44,40,10,186.00,1860.00
13707,13708,2022121303000694,NIFRA,44,58,54,186.00,10044.00
13708,13709,2022121303000693,NIFRA,44,45,54,186.00,10044.00
13709,13710,2022121303000692,NIFRA,44,34,10,186.00,1860.00
13710,13711,2022121303000691,NIFRA,44,49,54,186.00,10044.00
13711,13712,2022121303000690,NIFRA,44,56,100,186.00,18600.00
13712,13713,2022121303000689,NIFRA,44,16,20,186.00,3720.00
13713,13714,2022121303000688,NIFRA,44,32,100,186.00,18600.00
13714,13715,2022121303000687,NIFRA,44,21,150,186.00,27900.00
13715,13716,2022121301001150,GVL,58,35,10,309.10,3091.00
13716,13717,2022121305000166,SAHAS,45,38,10,447.10,4471.00
13717,13718,2022121301001149,BNT,45,55,10,12846.70,128467.00
13718,13719,2022121301001148,DORDI,47,49,10,230.10,2301.00
13719,13720,2022121301001147,BHL,42,11,10,243.50,2435.00
13720,13721,2022121303000686,MNBBL,42,52,100,421.00,42100.00
13721,13722,2022121305000165,MBJC,49,7,10,206.90,2069.00
13722,13723,2022121304000603,AKPL,58,37,380,348.00,132240.00
13723,13724,2022121303000685,SWBBL,26,17,50,1181.00,59050.00
13724,13725,2022121301001146,USHEC,32,58,10,247.00,2470.00
13725,13726,2022121303000684,MLBSL,58,7,20,4090.00,81800.00
13726,13727,2022121305000164,SAHAS,45,35,10,447.10,4471.00
13727,13728,2022121301001145,HHL,32,58,10,214.90,2149.00
13728,13729,2022121301001144,SIKLES,53,58,10,374.10,3741.00
13729,13730,2022121301001143,HDL,43,14,50,3860.00,193000.00
13730,13731,2022121301001142,HDL,43,34,10,3860.00,38600.00
13731,13732,2022121301001141,HDL,43,17,20,3860.00,77200.00
13732,13733,2022121304000602,LEC,55,57,10,220.00,2200.00
13733,13734,2022121303000683,ALICL,13,37,10,505.00,5050.00
13734,13735,2022121303000682,SHINE,39,32,420,333.00,139860.00
13735,13736,2022121301001140,NICA,49,52,10,680.00,6800.00
13736,13737,2022121303000681,MLBL,14,22,50,344.00,17200.00
13737,13738,2022121301001139,GBIME,6,58,1285,212.00,272420.00
13738,13739,2022121304000601,STC,45,47,10,3649.00,36490.00
13739,13740,2022121301001138,NABIL,58,14,40,815.00,32600.00
13740,13741,2022121301001137,SPHL,58,11,10,347.20,3472.00
13741,13742,2022121304000600,PPCL,55,34,100,284.00,28400.00
13742,13743,2022121304000599,PPCL,32,34,100,284.00,28400.00
13743,13744,2022121301001136,BHL,42,57,90,243.50,21915.00
13744,13745,2022121301001135,BHL,35,57,10,243.60,2436.00
13745,13746,2022121301001134,HDL,22,37,25,3860.00,96500.00
13746,13747,2022121301001133,HDL,22,8,50,3860.00,193000.00
13747,13748,2022121305000163,SLI,28,58,10,335.00,3350.00
13748,13749,2022121305000162,SLI,28,14,10,333.00,3330.00
13749,13750,2022121304000598,SSHL,49,10,10,175.00,1750.00
13750,13751,2022121304000597,MHNL,51,29,500,252.00,126000.00
13751,13752,2022121301001132,SGHC,45,22,10,250.00,2500.00
13752,13753,2022121301001131,SGHC,45,48,10,249.00,2490.00
13753,13754,2022121303000680,HIDCL,34,7,10,167.00,1670.00
13754,13755,2022121301001130,HDL,43,8,45,3855.90,173515.50
13755,13756,2022121303000679,NLIC,42,57,172,611.00,105092.00
13756,13757,2022121303000678,SMFDB,34,28,25,1243.00,31075.00
13757,13758,2022121303000677,NLICL,14,20,451,505.00,227755.00
13758,13759,2022121301001129,MEGA,58,13,20,196.20,3924.00
13759,13760,2022121301001128,NABIL,26,14,50,815.00,40750.00
13760,13761,2022121305000161,JALPA,58,11,100,3365.00,336500.00
13761,13762,2022121304000596,AKPL,22,37,820,348.00,285360.00
13762,13763,2022121304000595,SLCF,38,46,200,7.01,1402.00
13763,13764,2022121304000594,AKPL,22,57,180,348.00,62640.00
13764,13765,2022121304000593,AKPL,38,57,20,349.00,6980.00
13765,13766,2022121304000592,API,57,22,60,210.00,12600.00
13766,13767,2022121303000676,SIFC,33,37,100,303.00,30300.00
13767,13768,2022121301001127,GVL,34,11,10,309.00,3090.00
13768,13769,2022121301001126,SBL,59,53,13,314.00,4082.00
13769,13770,2022121301001125,BHL,35,58,10,243.60,2436.00
13770,13771,2022121303000675,KRBL,19,13,40,256.00,10240.00
13771,13772,2022121303000674,NIFRA,44,42,86,185.00,15910.00
13772,13773,2022121303000673,NIFRA,44,11,14,185.00,2590.00
13773,13774,2022121303000672,GUFL,28,35,10,529.90,5299.00
13774,13775,2022121303000671,MLBL,45,22,30,344.00,10320.00
13775,13776,2022121305000160,MBJC,45,38,10,206.10,2061.00
13776,13777,2022121304000591,HDHPC,51,21,50,174.90,8745.00
13777,13778,2022121301001124,HHL,32,35,10,214.90,2149.00
13778,13779,2022121304000590,LEC,55,57,10,220.00,2200.00
13779,13780,2022121301001123,MMF1,58,53,100,7.32,732.00
13780,13781,2022121301001122,NBL,44,29,255,277.00,70635.00
13781,13782,2022121304000589,MHNL,33,21,100,251.50,25150.00
13782,13783,2022121304000588,GIMES1,11,49,200,8.58,1716.00
13783,13784,2022121301001121,NBL,14,29,120,277.00,33240.00
13784,13785,2022121303000670,CHDC,48,58,10,653.00,6530.00
13785,13786,2022121305000159,RULB,58,22,10,880.00,8800.00
13786,13787,2022121303000669,NICLBSL,43,35,50,720.00,36000.00
13787,13788,2022121303000668,CIT,45,22,10,1877.00,18770.00
13788,13789,2022121303000667,SMFDB,45,48,80,1240.00,99200.00
13789,13790,2022121303000666,NIFRA,52,11,40,185.00,7400.00
13790,13791,2022121303000665,NIFRA,52,45,15,185.00,2775.00
13791,13792,2022121303000664,KRBL,4,52,490,257.00,125930.00
13792,13793,2022121303000663,KRBL,4,45,10,256.90,2569.00
13793,13794,2022121301001120,NIB,53,54,300,224.20,67260.00
13794,13795,2022121303000662,SFCL,21,22,50,256.10,12805.00
13795,13796,2022121303000661,SFCL,1,22,100,256.20,25620.00
13796,13797,2022121301001119,NABIL,8,14,25,815.00,20375.00
13797,13798,2022121303000660,GUFL,35,11,30,527.30,15819.00
13798,13799,2022121301001118,GBIME,51,58,72,212.00,15264.00
13799,13800,2022121301001117,GBIME,21,58,51,212.00,10812.00
13800,13801,2022121301001116,GBIME,58,58,22,212.00,4664.00
13801,13802,2022121301001115,GBIME,58,58,20,212.50,4250.00
13802,13803,2022121301001114,GBIME,38,58,68,212.50,14450.00
13803,13804,2022121301001113,GBIME,58,58,22,213.00,4686.00
13804,13805,2022121301001112,GBIME,6,58,80,213.00,17040.00
13805,13806,2022121303000659,GBLBS,45,18,10,600.00,6000.00
13806,13807,2022121304000587,UPPER,5,45,191,389.90,74470.90
13807,13808,2022121303000658,CIT,14,22,10,1877.00,18770.00
13808,13809,2022121304000586,UPPER,38,1,50,390.00,19500.00
13809,13810,2022121301001111,PPL,58,58,10,205.00,2050.00
13810,13811,2022121304000585,UPPER,5,16,100,389.90,38990.00
13811,13812,2022121304000584,UPPER,22,1,200,390.00,78000.00
13812,13813,2022121304000583,AKJCL,6,7,40,171.00,6840.00
13813,13814,2022121304000582,AKPL,38,52,500,350.00,175000.00
13814,13815,2022121304000581,AKPL,38,43,500,350.00,175000.00
13815,13816,2022121304000580,AKPL,38,14,760,350.00,266000.00
13816,13817,2022121304000579,AKPL,38,54,500,349.90,174950.00
13817,13818,2022121301001110,HDL,32,8,10,3855.90,38559.00
13818,13819,2022121303000657,HIDCL,45,56,10,168.00,1680.00
13819,13820,2022121301001109,NABIL,58,58,10,814.20,8142.00
13820,13821,2022121303000656,SHINE,39,47,10,333.00,3330.00
13821,13822,2022121301001108,NABIL,58,59,452,814.20,368018.40
13822,13823,2022121301001107,NABIL,51,59,30,814.20,24426.00
13823,13824,2022121301001106,NABIL,51,59,10,814.30,8143.00
13824,13825,2022121301001105,NABIL,1,59,100,814.40,81440.00
13825,13826,2022121301001104,NABIL,17,59,38,814.50,30951.00
13826,13827,2022121304000578,UMHL,13,41,10,225.00,2250.00
13827,13828,2022121304000577,DHPL,8,57,73,177.00,12921.00
13828,13829,2022121303000655,CIT,32,22,30,1877.00,56310.00
13829,13830,2022121303000654,NIFRA,32,45,39,185.00,7215.00
13830,13831,2022121303000653,NIFRA,32,55,50,185.00,9250.00
13831,13832,2022121303000652,NIFRA,32,14,100,185.00,18500.00
13832,13833,2022121303000651,NIFRA,32,41,11,185.00,2035.00
13833,13834,2022121305000158,MLBS,57,55,10,1000.10,10001.00
13834,13835,2022121304000576,NGPL,49,49,50,210.20,10510.00
13835,13836,2022121301001103,NABIL,11,14,19,815.00,15485.00
13836,13837,2022121301001102,NABIL,58,14,10,815.00,8150.00
13837,13838,2022121301001101,AVYAN,7,35,10,691.40,6914.00
13838,13839,2022121303000650,SMFDB,44,48,15,1240.00,18600.00
13839,13840,2022121303000649,GFCL,45,37,50,448.00,22400.00
13840,13841,2022121301001100,CZBIL,1,58,71,178.40,12666.40
13841,13842,2022121301001099,CZBIL,57,58,100,178.40,17840.00
13842,13843,2022121301001098,CZBIL,33,58,100,178.50,17850.00
13843,13844,2022121301001097,CZBIL,32,58,500,178.60,89300.00
13844,13845,2022121301001096,CZBIL,51,58,50,178.70,8935.00
13845,13846,2022121301001095,MBL,49,57,90,213.00,19170.00
13846,13847,2022121301001094,MBL,11,57,10,213.00,2130.00
13847,13848,2022121304000575,HDHPC,38,44,70,174.00,12180.00
13848,13849,2022121301001093,HBL,33,58,30,325.00,9750.00
13849,13850,2022121301001092,RHGCL,22,25,10,206.00,2060.00
13850,13851,2022121301001091,SGHC,21,21,10,250.00,2500.00
13851,13852,2022121304000574,HDHPC,57,44,200,174.00,34800.00
13852,13853,2022121305000157,SLI,55,35,10,326.50,3265.00
13853,13854,2022121304000573,API,34,22,73,210.00,15330.00
13854,13855,2022121304000572,API,34,6,200,210.00,42000.00
13855,13856,2022121304000571,API,34,43,127,210.00,26670.00
13856,13857,2022121304000570,UPPER,5,34,10,389.90,3899.00
13857,13858,2022121305000156,SAHAS,45,22,10,447.00,4470.00
13858,13859,2022121301001090,NBL,19,29,80,277.00,22160.00
13859,13860,2022121301001089,RFPL,42,21,10,223.10,2231.00
13860,13861,2022121303000648,CIT,32,19,10,1875.00,18750.00
13861,13862,2022121304000569,IGI,44,35,10,366.00,3660.00
13862,13863,2022121301001088,CBL,58,42,32,215.00,6880.00
13863,13864,2022121301001087,HHL,58,21,10,214.80,2148.00
13864,13865,2022121303000647,GBBL,42,44,90,380.00,34200.00
13865,13866,2022121301001086,SIKLES,53,42,30,379.90,11397.00
13866,13867,2022121301001085,SIKLES,53,22,10,377.40,3774.00
13867,13868,2022121301001084,SIKLES,53,49,10,377.40,3774.00
13868,13869,2022121301001083,SIKLES,53,4,100,377.40,37740.00
13869,13870,2022121301001082,SIKLES,53,38,100,377.00,37700.00
13870,13871,2022121301001081,SIKLES,53,45,240,377.00,90480.00
13871,13872,2022121301001080,SIKLES,53,49,10,376.00,3760.00
13872,13873,2022121304000568,SHL,16,35,300,218.00,65400.00
13873,13874,2022121301001079,USHEC,32,17,10,247.00,2470.00
13874,13875,2022121301001078,CZBIL,26,58,175,179.00,31325.00
13875,13876,2022121301001077,CZBIL,10,58,100,179.00,17900.00
13876,13877,2022121301001076,CZBIL,41,58,100,179.00,17900.00
13877,13878,2022121301001075,CZBIL,22,58,20,180.00,3600.00
13878,13879,2022121301001074,CZBIL,14,58,1000,180.00,180000.00
13879,13880,2022121301001073,CZBIL,47,58,114,180.00,20520.00
13880,13881,2022121301001072,CZBIL,52,58,50,180.10,9005.00
13881,13882,2022121303000646,SMFDB,38,53,110,1240.00,136400.00
13882,13883,2022121303000645,CIT,45,34,10,1874.00,18740.00
13883,13884,2022121303000644,NADEP,14,50,80,698.00,55840.00
13884,13885,2022121305000155,JBLB,57,52,10,2745.00,27450.00
13885,13886,2022121305000154,JBLB,59,52,10,2746.00,27460.00
13886,13887,2022121305000153,SLI,55,17,10,326.50,3265.00
13887,13888,2022121303000643,HIDCL,51,56,50,168.00,8400.00
13888,13889,2022121304000567,UPPER,17,1,30,390.00,11700.00
13889,13890,2022121304000566,UPPER,57,1,170,390.00,66300.00
13890,13891,2022121303000642,NTC,48,59,10,890.00,8900.00
13891,13892,2022121303000641,MFIL,45,38,22,422.00,9284.00
13892,13893,2022121304000565,RADHI,39,39,12,215.00,2580.00
13893,13894,2022121303000640,NTC,48,35,27,888.50,23989.50
13894,13895,2022121301001071,NIB,29,54,10,224.20,2242.00
13895,13896,2022121301001070,SIKLES,53,45,460,377.00,173420.00
13896,13897,2022121301001069,SIKLES,53,34,10,377.00,3770.00
13897,13898,2022121301001068,SIKLES,53,45,10,377.00,3770.00
13898,13899,2022121301001067,SIKLES,53,42,200,377.00,75400.00
13899,13900,2022121301001066,SIKLES,53,58,10,377.00,3770.00
13900,13901,2022121301001065,SIKLES,53,58,10,377.00,3770.00
13901,13902,2022121301001064,SIKLES,53,42,200,376.80,75360.00
13902,13903,2022121301001063,SIKLES,53,42,90,376.60,33894.00
13903,13904,2022121301001062,SIKLES,53,38,10,376.50,3765.00
13904,13905,2022121301001061,NABIL,1,14,30,815.00,24450.00
13905,13906,2022121301001060,PPL,57,58,190,202.00,38380.00
13906,13907,2022121305000152,SAHAS,45,17,10,447.00,4470.00
13907,13908,2022121301001059,ADBL,33,56,50,314.00,15700.00
13908,13909,2022121303000639,SHINE,4,32,80,334.70,26776.00
13909,13910,2022121303000638,SHINE,4,59,120,334.50,40140.00
13910,13911,2022121303000637,SHINE,4,57,300,334.40,100320.00
13911,13912,2022121301001058,SBL,28,59,50,313.00,15650.00
13912,13913,2022121301001057,SANIMA,7,39,150,227.50,34125.00
13913,13914,2022121301001056,NESDO,56,17,20,3345.00,66900.00
13914,13915,2022121305000151,SLI,28,55,10,332.00,3320.00
13915,13916,2022121305000150,SLI,28,55,10,332.00,3320.00
13916,13917,2022121305000149,SLI,28,55,10,332.00,3320.00
13917,13918,2022121305000148,SLI,28,58,10,331.70,3317.00
13918,13919,2022121305000147,SLI,28,58,10,331.60,3316.00
13919,13920,2022121301001055,PRVU,41,45,100,201.50,20150.00
13920,13921,2022121305000146,SLI,28,13,10,331.00,3310.00
13921,13922,2022121301001054,LBL,14,14,1000,190.10,190100.00
13922,13923,2022121304000564,HDHPC,45,44,1000,174.00,174000.00
13923,13924,2022121301001053,SHIVM,14,1,100,552.00,55200.00
13924,13925,2022121303000636,CIT,45,34,10,1872.00,18720.00
13925,13926,2022121305000145,SLI,28,25,10,331.00,3310.00
13926,13927,2022121301001052,SHIVM,20,17,50,553.90,27695.00
13927,13928,2022121301001051,RFPL,42,17,10,223.10,2231.00
13928,13929,2022121304000563,API,34,43,236,210.00,49560.00
13929,13930,2022121304000562,API,34,56,250,210.00,52500.00
13930,13931,2022121304000561,API,34,58,14,210.00,2940.00
13931,13932,2022121304000560,UMHL,6,35,100,228.00,22800.00
13932,13933,2022121301001050,NESDO,34,35,100,3344.00,334400.00
13933,13934,2022121303000635,SMFDB,34,53,140,1240.00,173600.00
13934,13935,2022121305000144,SLI,28,56,10,331.00,3310.00
13935,13936,2022121305000143,SLI,28,25,10,331.00,3310.00
13936,13937,2022121305000142,SLI,28,36,10,331.00,3310.00
13937,13938,2022121305000141,SLI,28,49,10,330.00,3300.00
13938,13939,2022121305000140,SLI,28,51,10,330.00,3300.00
13939,13940,2022121305000139,SLI,28,58,10,330.00,3300.00
13940,13941,2022121301001049,SGHC,57,38,10,250.00,2500.00
13941,13942,2022121301001048,SIKLES,36,34,60,375.90,22554.00
13942,13943,2022121305000138,SLI,21,7,10,330.00,3300.00
13943,13944,2022121305000137,SLI,21,32,10,330.00,3300.00
13944,13945,2022121305000136,SLI,21,58,15,330.00,4950.00
13945,13946,2022121305000135,SLI,21,25,10,329.40,3294.00
13946,13947,2022121305000134,SLI,21,41,10,329.00,3290.00
13947,13948,2022121305000133,SLI,21,58,10,329.00,3290.00
13948,13949,2022121305000132,SLI,21,49,10,328.00,3280.00
13949,13950,2022121305000131,SLI,21,6,10,328.00,3280.00
13950,13951,2022121305000130,SLI,21,38,10,328.00,3280.00
13951,13952,2022121305000129,ENL,13,17,10,579.50,5795.00
13952,13953,2022121304000559,AIL,45,7,40,395.70,15828.00
13953,13954,2022121303000634,GUFL,28,11,10,527.30,5273.00
13954,13955,2022121301001047,PCBL,51,54,500,223.20,111600.00
13955,13956,2022121303000633,GILB,14,20,50,1150.00,57500.00
13956,13957,2022121301001046,HDL,38,37,10,3855.00,38550.00
13957,13958,2022121304000558,NGPL,25,49,200,210.90,42180.00
13958,13959,2022121305000128,MBJC,45,57,10,206.10,2061.00
13959,13960,2022121303000632,NLICL,49,20,41,505.00,20705.00
13960,13961,2022121303000631,NADEP,38,1,23,688.00,15824.00
13961,13962,2022121305000127,JBLB,58,22,13,2750.00,35750.00
13962,13963,2022121305000126,JBLB,58,17,17,2750.00,46750.00
13963,13964,2022121303000630,GFCL,33,34,50,448.80,22440.00
13964,13965,2022121303000629,GFCL,33,38,25,448.00,11200.00
13965,13966,2022121303000628,GFCL,33,45,100,448.00,44800.00
13966,13967,2022121301001045,ULBSL,45,35,10,3400.00,34000.00
13967,13968,2022121301001044,UHEWA,43,47,10,354.00,3540.00
13968,13969,2022121303000627,SHINE,14,59,70,334.50,23415.00
13969,13970,2022121303000626,CHDC,48,17,10,653.00,6530.00
13970,13971,2022121301001043,SHIVM,14,1,200,552.00,110400.00
13971,13972,2022121301001042,HDL,38,14,30,3855.00,115650.00
13972,13973,2022121301001041,HDL,38,34,10,3855.00,38550.00
13973,13974,2022121301001040,NABIL,1,14,100,815.00,81500.00
13974,13975,2022121304000557,UPPER,57,6,20,390.00,7800.00
13975,13976,2022121303000625,DDBL,45,19,50,1037.00,51850.00
13976,13977,2022121301001039,NABIL,58,14,24,815.00,19560.00
13977,13978,2022121301001038,NABIL,35,14,20,815.00,16300.00
13978,13979,2022121304000556,SLCF,35,52,200,7.12,1424.00
13979,13980,2022121304000555,SLCF,35,51,200,7.12,1424.00
13980,13981,2022121304000554,SLCF,35,42,100,7.12,712.00
13981,13982,2022121304000553,HDHPC,36,44,400,174.00,69600.00
13982,13983,2022121301001037,NIB,4,54,177,224.20,39683.40
13983,13984,2022121301001036,NIB,4,54,38,224.00,8512.00
13984,13985,2022121301001035,NIB,4,47,15,223.00,3345.00
13985,13986,2022121303000624,CORBL,49,52,90,267.10,24039.00
13986,13987,2022121304000552,UPPER,57,21,310,390.00,120900.00
13987,13988,2022121301001034,NABIL,58,42,10,816.00,8160.00
13988,13989,2022121301001033,EBL,58,52,30,448.00,13440.00
13989,13990,2022121303000623,SMFDB,34,14,100,1240.00,124000.00
13990,13991,2022121304000551,LEC,55,22,10,217.00,2170.00
13991,13992,2022121305000125,BNHC,13,17,10,324.20,3242.00
13992,13993,2022121304000550,NGPL,49,4,20,210.50,4210.00
13993,13994,2022121304000549,UPPER,53,21,30,390.00,11700.00
13994,13995,2022121304000548,UPPER,19,21,1000,391.00,391000.00
13995,13996,2022121304000547,UPPER,48,21,50,392.00,19600.00
13996,13997,2022121304000546,UPPER,44,21,110,393.00,43230.00
13997,13998,2022121304000545,SICL,45,45,100,777.00,77700.00
13998,13999,2022121303000622,SMFDB,38,34,90,1244.00,111960.00
13999,14000,2022121304000544,UPPER,44,14,65,393.00,25545.00
14000,14001,2022121304000543,UPPER,44,53,200,393.00,78600.00
14001,14002,2022121303000621,NIFRA,7,22,540,184.20,99468.00
14002,14003,2022121301001032,NABIL,11,39,34,815.00,27710.00
14003,14004,2022121301001031,NABIL,44,39,369,815.00,300735.00
14004,14005,2022121301001030,NABIL,58,39,10,815.00,8150.00
14005,14006,2022121303000620,SMFDB,34,58,10,1240.00,12400.00
14006,14007,2022121304000542,STC,41,50,10,3648.90,36489.00
14007,14008,2022121304000541,HDHPC,34,44,20,174.00,3480.00
14008,14009,2022121301001029,PPL,57,25,10,202.00,2020.00
14009,14010,2022121304000540,UPPER,44,58,100,392.00,39200.00
14010,14011,2022121301001028,SHIVM,34,17,468,550.10,257446.80
14011,14012,2022121301001027,SHIVM,49,17,32,551.00,17632.00
14012,14013,2022121301001026,SGHC,21,38,10,250.00,2500.00
14013,14014,2022121304000539,HDHPC,25,44,100,174.00,17400.00
14014,14015,2022121301001025,KDBY,50,21,100,8.10,810.00
14015,14016,2022121304000538,RIDI,33,8,15,492.00,7380.00
14016,14017,2022121304000537,RIDI,19,8,10,492.00,4920.00
14017,14018,2022121301001024,SBL,22,53,20,314.00,6280.00
14018,14019,2022121304000536,UPPER,34,17,200,392.90,78580.00
14019,14020,2022121304000535,UIC,57,54,385,342.90,132016.50
14020,14021,2022121304000534,UIC,57,54,100,342.00,34200.00
14021,14022,2022121304000533,UIC,57,54,15,340.00,5100.00
14022,14023,2022121304000532,NGPL,55,22,100,210.00,21000.00
14023,14024,2022121301001023,CYCL,1,21,10,2260.20,22602.00
14024,14025,2022121304000531,SPDL,57,44,800,267.90,214320.00
14025,14026,2022121301001022,NIB,29,47,10,223.00,2230.00
14026,14027,2022121303000619,PFL,16,3,95,330.00,31350.00
14027,14028,2022121303000618,PFL,52,3,25,330.00,8250.00
14028,14029,2022121303000617,PFL,26,3,30,330.00,9900.00
14029,14030,2022121303000616,PFL,42,3,30,334.50,10035.00
14030,14031,2022121304000530,UPPER,44,58,25,392.00,9800.00
14031,14032,2022121304000529,UPPER,49,58,75,392.70,29452.50
14032,14033,2022121301001021,NESDO,56,59,50,3330.00,166500.00
14033,14034,2022121301001020,NESDO,52,59,50,3330.00,166500.00
14034,14035,2022121301001019,NESDO,58,59,10,3330.00,33300.00
14035,14036,2022121304000528,UPPER,49,46,65,392.70,25525.50
14036,14037,2022121304000527,NGPL,53,22,1000,210.00,210000.00
14037,14038,2022121303000615,SADBL,46,22,12,305.00,3660.00
14038,14039,2022121303000614,SADBL,46,43,50,304.80,15240.00
14039,14040,2022121301001018,PCBL,1,40,10,225.00,2250.00
14040,14041,2022121304000526,UPPER,49,46,35,392.70,13744.50
14041,14042,2022121304000525,UPPER,49,38,40,392.70,15708.00
14042,14043,2022121303000613,MNBBL,18,35,20,419.10,8382.00
14043,14044,2022121303000612,MNBBL,22,35,40,419.20,16768.00
14044,14045,2022121304000524,NHPC,14,57,150,204.00,30600.00
14045,14046,2022121304000523,NHPC,14,44,850,204.00,173400.00
14046,14047,2022121305000124,SLI,55,48,10,326.60,3266.00
14047,14048,2022121301001017,SIKLES,36,45,10,375.90,3759.00
14048,14049,2022121305000123,MBJC,37,17,10,206.00,2060.00
14049,14050,2022121303000611,SMFDB,34,34,60,1240.00,74400.00
14050,14051,2022121303000610,SMFDB,34,51,50,1240.00,62000.00
14051,14052,2022121303000609,SMFDB,34,51,200,1240.00,248000.00
14052,14053,2022121303000608,SMFDB,34,51,200,1240.00,248000.00
14053,14054,2022121303000607,SMFDB,34,58,300,1238.00,371400.00
14054,14055,2022121303000606,SMFDB,34,28,40,1236.00,49440.00
14055,14056,2022121303000605,SMFDB,34,59,227,1235.00,280345.00
14056,14057,2022121305000122,SAHAS,45,21,30,447.00,13410.00
14057,14058,2022121305000121,SAHAS,45,21,50,447.10,22355.00
14058,14059,2022121301001016,HHL,32,25,10,219.00,2190.00
14059,14060,2022121301001015,HHL,32,48,10,219.00,2190.00
14060,14061,2022121301001014,HHL,32,14,10,219.00,2190.00
14061,14062,2022121301001013,HHL,32,49,10,219.00,2190.00
14062,14063,2022121301001012,HHL,32,38,10,218.00,2180.00
14063,14064,2022121301001011,HHL,32,57,30,216.00,6480.00
14064,14065,2022121303000604,KSBBL,57,32,62,310.00,19220.00
14065,14066,2022121303000603,KSBBL,57,45,18,310.00,5580.00
14066,14067,2022121304000522,UPPER,49,58,25,392.00,9800.00
14067,14068,2022121304000521,UMHL,28,54,50,229.00,11450.00
14068,14069,2022121301001010,NESDO,21,38,10,3333.00,33330.00
14069,14070,2022121303000602,KRBL,19,22,160,256.00,40960.00
14070,14071,2022121303000601,NTC,58,59,50,890.00,44500.00
14071,14072,2022121301001009,HDL,35,38,20,3850.00,77000.00
14072,14073,2022121301001008,HDL,35,17,10,3850.00,38500.00
14073,14074,2022121301001007,RFPL,19,8,10,223.00,2230.00
14074,14075,2022121303000600,SMFDB,46,59,73,1235.00,90155.00
14075,14076,2022121303000599,SMFDB,46,58,10,1235.00,12350.00
14076,14077,2022121303000598,SMFDB,46,34,167,1234.00,206078.00
14077,14078,2022121301001006,NABIL,58,39,390,815.00,317850.00
14078,14079,2022121301001005,NABIL,7,39,10,815.00,8150.00
14079,14080,2022121301001004,UHEWA,33,58,10,347.60,3476.00
14080,14081,2022121301001003,NCCB,14,3,150,180.10,27015.00
14081,14082,2022121304000520,API,58,58,16,210.00,3360.00
14082,14083,2022121304000519,API,58,44,500,210.00,105000.00
14083,14084,2022121304000518,API,58,40,484,210.00,101640.00
14084,14085,2022121301001002,BHL,42,17,10,243.50,2435.00
14085,14086,2022121301001001,CBL,32,1,10,215.00,2150.00
14086,14087,2022121301001000,CBL,32,25,138,214.90,29656.20
14087,14088,2022121305000120,SAHAS,45,38,10,447.10,4471.00
14088,14089,2022121301000999,BHL,42,38,10,243.50,2435.00
14089,14090,2022121304000517,UPPER,49,42,20,392.00,7840.00
14090,14091,2022121304000516,NHPC,40,44,190,204.00,38760.00
14091,14092,2022121304000515,NHPC,40,10,60,203.00,12180.00
14092,14093,2022121303000597,SMFDB,43,34,20,1234.00,24680.00
14093,14094,2022121304000514,UPCL,53,49,150,218.00,32700.00
14094,14095,2022121304000513,UPCL,40,49,100,218.00,21800.00
14095,14096,2022121305000119,MBJC,37,38,10,206.00,2060.00
14096,14097,2022121304000512,SSHL,10,10,500,175.00,87500.00
14097,14098,2022121304000511,UPPER,53,21,470,390.00,183300.00
14098,14099,2022121304000510,UPPER,13,21,500,390.00,195000.00
14099,14100,2022121304000509,UPPER,32,21,350,390.60,136710.00
14100,14101,2022121304000508,UPPER,19,21,30,390.70,11721.00
14101,14102,2022121303000596,SHINE,49,59,10,334.50,3345.00
14102,14103,2022121301000998,NABIL,49,39,200,816.00,163200.00
14103,14104,2022121304000507,RIDI,43,44,100,493.00,49300.00
14104,14105,2022121303000595,KSBBL,45,55,500,309.90,154950.00
14105,14106,2022121304000506,UPPER,47,42,80,392.00,31360.00
14106,14107,2022121301000997,GVL,42,38,10,309.00,3090.00
14107,14108,2022121301000996,PRVU,33,45,100,201.50,20150.00
14108,14109,2022121301000995,HBL,6,6,500,323.00,161500.00
14109,14110,2022121303000594,KRBL,14,22,40,256.00,10240.00
14110,14111,2022121301000994,SHIVM,58,7,15,553.00,8295.00
14111,14112,2022121303000593,CBBL,6,52,30,1110.00,33300.00
14112,14113,2022121305000118,BNHC,13,49,10,332.00,3320.00
14113,14114,2022121305000117,BNHC,13,49,10,330.00,3300.00
14114,14115,2022121304000505,UPPER,7,42,50,392.00,19600.00
14115,14116,2022121301000993,NABIL,40,14,25,816.70,20417.50
14116,14117,2022121303000592,HIDCL,45,56,66,168.00,11088.00
14117,14118,2022121303000591,HIDCL,45,13,15,168.00,2520.00
14118,14119,2022121303000590,HIDCL,45,51,15,168.00,2520.00
14119,14120,2022121301000992,NCCB,14,3,330,180.10,59433.00
14120,14121,2022121301000991,NCCB,45,3,70,180.10,12607.00
14121,14122,2022121301000990,NCCB,57,3,200,180.10,36020.00
14122,14123,2022121304000504,AHPC,22,7,1185,275.00,325875.00
14123,14124,2022121304000503,AHPC,22,55,15,274.90,4123.50
14124,14125,2022121304000502,UPPER,5,26,500,391.00,195500.00
14125,14126,2022121304000501,HDHPC,34,44,10,174.00,1740.00
14126,14127,2022121304000500,UPPER,32,49,50,390.60,19530.00
14127,14128,2022121304000499,API,42,40,32,210.00,6720.00
14128,14129,2022121301000989,NICA,25,52,50,680.00,34000.00
14129,14130,2022121301000988,SBL,25,53,40,314.00,12560.00
14130,14131,2022121301000987,SCB,52,56,100,404.00,40400.00
14131,14132,2022121301000986,NABIL,49,39,300,815.00,244500.00
14132,14133,2022121301000985,NABIL,59,39,40,815.00,32600.00
14133,14134,2022121301000984,NABIL,58,39,14,815.00,11410.00
14134,14135,2022121301000983,NABIL,4,39,10,815.00,8150.00
14135,14136,2022121301000982,NABIL,49,39,10,816.00,8160.00
14136,14137,2022121301000981,BHDC,17,53,10,346.50,3465.00
14137,14138,2022121301000980,BHDC,17,58,10,345.00,3450.00
14138,14139,2022121301000979,BHDC,17,56,10,345.00,3450.00
14139,14140,2022121301000978,BHDC,17,4,10,345.00,3450.00
14140,14141,2022121301000977,BHDC,17,57,10,345.00,3450.00
14141,14142,2022121301000976,BHDC,17,11,10,345.00,3450.00
14142,14143,2022121301000975,BHDC,17,59,10,344.90,3449.00
14143,14144,2022121301000974,BHDC,17,34,10,343.00,3430.00
14144,14145,2022121301000973,BHDC,17,22,10,342.00,3420.00
14145,14146,2022121301000972,NMB,33,25,70,232.50,16275.00
14146,14147,2022121301000971,NMB,33,52,30,232.40,6972.00
14147,14148,2022121304000498,HDHPC,43,44,200,174.00,34800.00
14148,14149,2022121304000497,SIL,32,36,30,498.30,14949.00
14149,14150,2022121301000970,NCCB,49,3,300,180.20,54060.00
14150,14151,2022121304000496,RIDI,19,59,490,492.00,241080.00
14151,14152,2022121304000495,RIDI,38,3,200,491.20,98240.00
14152,14153,2022121304000494,UPPER,13,58,100,390.00,39000.00
14153,14154,2022121305000116,SLI,55,38,10,326.70,3267.00
14154,14155,2022121304000493,UPPER,10,49,450,390.60,175770.00
14155,14156,2022121304000492,UPPER,10,11,50,390.60,19530.00
14156,14157,2022121301000969,SIKLES,36,39,10,375.90,3759.00
14157,14158,2022121301000968,RHGCL,22,36,10,206.00,2060.00
14158,14159,2022121303000589,NLIC,29,40,60,613.00,36780.00
14159,14160,2022121301000967,NABIL,49,39,70,816.00,57120.00
14160,14161,2022121301000966,NABIL,19,39,181,816.00,147696.00
14161,14162,2022121304000491,PPCL,39,39,1000,285.00,285000.00
14162,14163,2022121304000490,UPPER,13,11,10,390.00,3900.00
14163,14164,2022121303000588,NTC,34,59,20,890.00,17800.00
14164,14165,2022121303000587,GBBL,25,34,80,379.00,30320.00
14165,14166,2022121304000489,UPPER,13,34,10,390.00,3900.00
14166,14167,2022121301000965,ADBL,38,19,110,314.50,34595.00
14167,14168,2022121301000964,ADBL,38,39,50,314.00,15700.00
14168,14169,2022121304000488,RIDI,34,59,10,492.00,4920.00
14169,14170,2022121303000586,NMFBS,45,45,40,2068.00,82720.00
14170,14171,2022121303000585,DDBL,45,17,140,1037.00,145180.00
14171,14172,2022121301000963,CBL,38,57,53,211.30,11198.90
14172,14173,2022121301000962,CBL,32,57,10,211.30,2113.00
14173,14174,2022121301000961,CBL,41,57,50,211.30,10565.00
14174,14175,2022121301000960,CBL,40,57,500,212.00,106000.00
14175,14176,2022121301000959,CBL,29,57,50,212.00,10600.00
14176,14177,2022121301000958,CBL,38,57,100,212.00,21200.00
14177,14178,2022121301000957,CBL,29,57,69,212.00,14628.00
14178,14179,2022121301000956,CBL,58,57,100,212.10,21210.00
14179,14180,2022121301000955,CBL,58,57,58,212.20,12307.60
14180,14181,2022121301000954,CBL,6,57,10,213.00,2130.00
14181,14182,2022121301000953,NMB,16,3,27,231.10,6239.70
14182,14183,2022121304000487,UPPER,13,41,50,390.00,19500.00
14183,14184,2022121304000486,UPPER,13,34,100,390.00,39000.00
14184,14185,2022121304000485,UPPER,13,25,100,390.00,39000.00
14185,14186,2022121304000484,UPPER,13,36,100,390.00,39000.00
14186,14187,2022121304000483,UPPER,13,50,30,390.00,11700.00
14187,14188,2022121303000584,NIFRA,7,58,89,184.50,16420.50
14188,14189,2022121303000583,NIFRA,7,8,147,184.40,27106.80
14189,14190,2022121303000582,NIFRA,7,51,44,184.30,8109.20
14190,14191,2022121301000952,HHL,52,49,10,215.00,2150.00
14191,14192,2022121301000951,CBL,32,25,362,214.90,77793.80
14192,14193,2022121304000482,NHPC,50,10,40,203.00,8120.00
14193,14194,2022121304000481,NGPL,53,49,328,210.00,68880.00
14194,14195,2022121303000581,GILB,14,20,48,1150.00,55200.00
14195,14196,2022121303000580,DDBL,38,17,50,1037.50,51875.00
14196,14197,2022121301000950,SHIVM,57,22,76,554.00,42104.00
14197,14198,2022121301000949,SHIVM,57,28,200,553.90,110780.00
14198,14199,2022121301000948,SHIVM,57,43,20,553.80,11076.00
14199,14200,2022121301000947,SHIVM,57,7,20,553.00,11060.00
14200,14201,2022121301000946,SHIVM,57,16,84,553.00,46452.00
14201,14202,2022121301000945,NABIL,49,17,20,816.90,16338.00
14202,14203,2022121304000480,API,3,40,24,210.00,5040.00
14203,14204,2022121304000479,UNHPL,58,45,35,194.00,6790.00
14204,14205,2022121301000944,ADBL,21,39,50,314.00,15700.00
14205,14206,2022121304000478,UPPER,5,4,199,389.90,77590.10
14206,14207,2022121303000579,ICFC,14,46,72,434.00,31248.00
14207,14208,2022121303000578,ICFC,14,41,268,434.00,116312.00
14208,14209,2022121303000577,ICFC,14,41,160,433.00,69280.00
14209,14210,2022121303000576,LBBL,53,36,160,323.00,51680.00
14210,14211,2022121301000943,NMB,8,49,6,228.00,1368.00
14211,14212,2022121303000575,SMFDB,34,45,91,1230.00,111930.00
14212,14213,2022121303000574,SMFDB,34,59,225,1230.00,276750.00
14213,14214,2022121303000573,SMFDB,34,26,140,1229.00,172060.00
14214,14215,2022121303000572,SMFDB,34,58,20,1228.00,24560.00
14215,14216,2022121301000942,BOKL,8,25,32,212.00,6784.00
14216,14217,2022121303000571,NIFRA,22,25,4,181.00,724.00
14217,14218,2022121303000570,MLBSL,58,7,17,4080.00,69360.00
14218,14219,2022121303000569,MLBSL,58,38,20,4070.00,81400.00
14219,14220,2022121303000568,ICFC,6,41,20,433.00,8660.00
14220,14221,2022121304000477,HDHPC,54,3,200,173.60,34720.00
14221,14222,2022121304000476,UPPER,53,4,300,389.90,116970.00
14222,14223,2022121304000475,PPCL,39,39,500,285.00,142500.00
14223,14224,2022121305000115,NYADI,58,49,10,271.00,2710.00
14224,14225,2022121305000114,NYADI,58,49,10,271.00,2710.00
14225,14226,2022121304000474,NHDL,55,58,10,315.10,3151.00
14226,14227,2022121301000941,SPHL,58,58,10,350.10,3501.00
14227,14228,2022121303000567,NRIC,41,52,20,696.00,13920.00
14228,14229,2022121303000566,NTC,6,59,200,890.00,178000.00
14229,14230,2022121301000940,NABIL,19,8,19,816.00,15504.00
14230,14231,2022121303000565,LBBL,53,42,40,323.00,12920.00
14231,14232,2022121304000473,NGPL,53,53,32,210.00,6720.00
14232,14233,2022121301000939,CBL,32,6,525,214.00,112350.00
14233,14234,2022121301000938,SGHC,57,38,10,250.00,2500.00
14234,14235,2022121301000937,SGHC,57,13,10,250.00,2500.00
14235,14236,2022121301000936,NABIL,49,8,488,816.00,398208.00
14236,14237,2022121301000935,NABIL,49,39,12,816.00,9792.00
14237,14238,2022121304000472,UPPER,58,4,201,389.90,78369.90
14238,14239,2022121304000471,UPPER,58,58,119,389.50,46350.50
14239,14240,2022121301000934,SGHC,45,49,10,248.00,2480.00
14240,14241,2022121303000564,MPFL,3,38,1300,303.00,393900.00
14241,14242,2022121303000563,JSLBB,45,7,30,1620.00,48600.00
14242,14243,2022121304000470,RADHI,58,40,14,216.00,3024.00
14243,14244,2022121305000113,JALPA,1,32,10,3335.00,33350.00
14244,14245,2022121301000933,PCBL,21,40,25,225.00,5625.00
14245,14246,2022121301000932,PCBL,1,56,10,223.10,2231.00
14246,14247,2022121304000469,UPCL,19,58,500,218.00,109000.00
14247,14248,2022121304000468,SICL,55,58,20,776.80,15536.00
14248,14249,2022121301000931,DORDI,56,29,20,234.60,4692.00
14249,14250,2022121301000930,DORDI,56,38,10,233.40,2334.00
14250,14251,2022121301000929,DORDI,56,47,50,233.30,11665.00
14251,14252,2022121301000928,PPL,57,45,10,202.00,2020.00
14252,14253,2022121304000467,RIDI,16,44,154,491.00,75614.00
14253,14254,2022121301000927,SBL,59,53,12,314.00,3768.00
14254,14255,2022121305000112,JBLB,43,46,5,2695.00,13475.00
14255,14256,2022121304000466,UPPER,41,40,119,389.50,46350.50
14256,14257,2022121301000926,NABIL,35,39,17,816.00,13872.00
14257,14258,2022121301000925,NABIL,35,14,31,816.00,25296.00
14258,14259,2022121301000924,NIB,33,54,25,224.00,5600.00
14259,14260,2022121301000923,NIB,33,39,75,224.00,16800.00
14260,14261,2022121304000465,RIDI,19,44,250,491.00,122750.00
14261,14262,2022121301000922,NMB,33,52,20,231.00,4620.00
14262,14263,2022121303000562,MDB,42,58,22,375.00,8250.00
14263,14264,2022121304000464,GHL,57,22,250,194.00,48500.00
14264,14265,2022121304000463,UPPER,7,52,50,389.80,19490.00
14265,14266,2022121303000561,NIFRA,34,51,10,184.30,1843.00
14266,14267,2022121303000560,NIFRA,34,40,250,184.30,46075.00
14267,14268,2022121303000559,NIFRA,34,19,64,184.20,11788.80
14268,14269,2022121303000558,NIFRA,34,49,22,184.20,4052.40
14269,14270,2022121303000557,NIFRA,34,40,154,184.10,28351.40
14270,14271,2022121301000921,CYCL,1,32,10,2260.20,22602.00
14271,14272,2022121301000920,GIBF1,8,34,100,8.16,816.00
14272,14273,2022121301000919,GIBF1,8,1,100,8.16,816.00
14273,14274,2022121305000111,MBJC,37,57,10,206.00,2060.00
14274,14275,2022121303000556,NTC,48,59,100,890.00,89000.00
14275,14276,2022121303000555,NTC,36,59,10,890.00,8900.00
14276,14277,2022121304000462,UMHL,36,54,100,229.00,22900.00
14277,14278,2022121303000554,NICLBSL,58,32,10,715.00,7150.00
14278,14279,2022121303000553,HIDCL,26,51,50,168.00,8400.00
14279,14280,2022121301000918,SGHC,45,41,10,248.00,2480.00
14280,14281,2022121301000917,CYCL,1,13,10,2260.20,22602.00
14281,14282,2022121304000461,NGPL,45,53,18,210.00,3780.00
14282,14283,2022121304000460,NGPL,45,38,304,210.00,63840.00
14283,14284,2022121304000459,NGPL,45,4,20,210.00,4200.00
14284,14285,2022121304000458,NGPL,45,1,100,210.00,21000.00
14285,14286,2022121304000457,NGPL,45,56,58,210.00,12180.00
14286,14287,2022121304000456,UPPER,41,13,500,389.50,194750.00
14287,14288,2022121304000455,UPPER,41,13,50,389.50,19475.00
14288,14289,2022121304000454,UPPER,41,19,15,389.40,5841.00
14289,14290,2022121304000453,UPPER,41,21,256,389.00,99584.00
14290,14291,2022121304000452,UPPER,41,33,50,389.00,19450.00
14291,14292,2022121304000451,UPPER,41,49,10,389.00,3890.00
14292,14293,2022121303000552,HIDCL,52,51,35,168.00,5880.00
14293,14294,2022121304000450,UPPER,41,49,210,389.00,81690.00
14294,14295,2022121305000110,MKJC,6,14,20,412.80,8256.00
14295,14296,2022121305000109,MKJC,6,41,10,412.00,4120.00
14296,14297,2022121305000108,MKJC,6,33,20,412.00,8240.00
14297,14298,2022121305000107,JBLB,42,17,10,2750.00,27500.00
14298,14299,2022121304000449,AKJCL,6,7,10,171.00,1710.00
14299,14300,2022121305000106,SAHAS,22,38,10,450.00,4500.00
14300,14301,2022121305000105,SAHAS,22,58,10,450.00,4500.00
14301,14302,2022121304000448,API,45,17,200,209.70,41940.00
14302,14303,2022121303000551,ALBSL,58,8,13,943.50,12265.50
14303,14304,2022121303000550,ALBSL,58,43,17,943.00,16031.00
14304,14305,2022121301000916,BHL,35,57,10,243.60,2436.00
14305,14306,2022121304000447,GHL,52,22,50,194.00,9700.00
14306,14307,2022121301000915,HDL,32,45,10,3845.00,38450.00
14307,14308,2022121304000446,AKPL,7,14,240,350.00,84000.00
14308,14309,2022121304000445,AKPL,7,40,80,349.90,27992.00
14309,14310,2022121301000914,NICA,25,6,16,678.00,10848.00
14310,14311,2022121301000913,NICA,57,6,10,678.00,6780.00
14311,14312,2022121304000444,UPCL,22,58,41,218.00,8938.00
14312,14313,2022121305000104,MBJC,37,25,10,206.00,2060.00
14313,14314,2022121303000549,SMFDB,10,17,65,1223.00,79495.00
14314,14315,2022121303000548,SMFDB,54,17,10,1225.00,12250.00
14315,14316,2022121301000912,SHIVM,22,16,10,553.00,5530.00
14316,14317,2022121301000911,NMB,33,22,10,231.00,2310.00
14317,14318,2022121301000910,CZBIL,49,17,50,180.50,9025.00
14318,14319,2022121301000909,NCCB,56,57,1000,180.20,180200.00
14319,14320,2022121301000908,NCCB,45,57,100,182.00,18200.00
14320,14321,2022121301000907,NCCB,38,57,300,182.00,54600.00
14321,14322,2022121301000906,HDL,3,17,10,3850.00,38500.00
14322,14323,2022121301000905,PRVU,50,49,100,200.00,20000.00
14323,14324,2022121301000904,PRVU,50,14,249,200.00,49800.00
14324,14325,2022121301000903,MBL,49,58,101,214.00,21614.00
14325,14326,2022121304000443,SPDL,10,7,88,268.00,23584.00
14326,14327,2022121304000442,SPDL,10,26,100,268.00,26800.00
14327,14328,2022121304000441,SPDL,10,45,10,267.90,2679.00
14328,14329,2022121304000440,SPDL,10,53,100,267.90,26790.00
14329,14330,2022121304000439,SPDL,10,49,200,267.90,53580.00
14330,14331,2022121303000547,SMFDB,34,26,60,1229.00,73740.00
14331,14332,2022121301000902,SHIVM,34,16,206,553.00,113918.00
14332,14333,2022121301000901,SHIVM,34,34,700,552.90,387030.00
14333,14334,2022121301000900,SHIVM,34,34,2094,551.90,1155678.60
14334,14335,2022121301000899,CYCL,1,57,10,2260.20,22602.00
14335,14336,2022121304000438,API,57,17,290,209.70,60813.00
14336,14337,2022121303000546,CORBL,58,52,10,272.00,2720.00
14337,14338,2022121304000437,UPCL,16,19,200,217.00,43400.00
14338,14339,2022121304000436,RADHI,10,40,53,216.00,11448.00
14339,14340,2022121304000435,UPPER,33,49,75,389.00,29175.00
14340,14341,2022121303000545,MFIL,45,38,15,422.00,6330.00
14341,14342,2022121303000544,MFIL,45,32,10,422.00,4220.00
14342,14343,2022121301000898,NABIL,29,39,50,815.00,40750.00
14343,14344,2022121301000897,NABIL,40,39,50,815.00,40750.00
14344,14345,2022121301000896,NABIL,4,39,110,815.00,89650.00
14345,14346,2022121301000895,NABIL,28,39,25,815.00,20375.00
14346,14347,2022121301000894,NABIL,58,39,30,815.00,24450.00
14347,14348,2022121301000893,ADBL,44,17,13,311.10,4044.30
14348,14349,2022121301000892,ADBL,21,17,15,312.00,4680.00
14349,14350,2022121303000543,NIFRA,43,40,111,184.10,20435.10
14350,14351,2022121301000891,GBIME,6,42,20,213.00,4260.00
14351,14352,2022121304000434,RIDI,34,44,100,491.00,49100.00
14352,14353,2022121304000433,RIDI,40,44,216,491.00,106056.00
14353,14354,2022121301000890,NABIL,57,14,40,816.00,32640.00
14354,14355,2022121304000432,RIDI,38,46,120,490.40,58848.00
14355,14356,2022121301000889,PRVU,14,14,211,200.00,42200.00
14356,14357,2022121301000888,BOKL,53,25,60,212.00,12720.00
14357,14358,2022121301000887,BOKL,51,25,18,212.00,3816.00
14358,14359,2022121303000542,NTC,25,17,30,890.10,26703.00
14359,14360,2022121301000886,NABIL,6,14,29,816.00,23664.00
14360,14361,2022121301000885,CYCL,1,19,10,2260.20,22602.00
14361,14362,2022121301000884,GBIME,1,42,70,213.00,14910.00
14362,14363,2022121301000883,SBL,37,53,105,314.90,33064.50
14363,14364,2022121301000882,SHIVM,57,45,290,551.70,159993.00
14364,14365,2022121301000881,SBI,11,8,124,282.00,34968.00
14365,14366,2022121304000431,AKJCL,50,25,47,172.00,8084.00
14366,14367,2022121301000880,BHL,35,25,10,243.60,2436.00
14367,14368,2022121303000541,EDBL,19,33,10,309.00,3090.00
14368,14369,2022121303000540,SMFDB,38,36,10,1225.00,12250.00
14369,14370,2022121303000539,SHINE,49,17,15,334.80,5022.00
14370,14371,2022121301000879,PPL,19,58,30,205.00,6150.00
14371,14372,2022121303000538,NTC,49,17,10,890.10,8901.00
14372,14373,2022121301000878,RHGCL,22,38,10,207.00,2070.00
14373,14374,2022121301000877,RHGCL,22,38,10,207.00,2070.00
14374,14375,2022121303000537,KRBL,17,4,200,256.90,51380.00
14375,14376,2022121301000876,NABIL,6,3,41,816.00,33456.00
14376,14377,2022121303000536,NIFRA,52,49,165,184.00,30360.00
14377,14378,2022121301000875,GBIME,38,35,40,212.50,8500.00
14378,14379,2022121304000430,UMHL,34,54,200,229.00,45800.00
14379,14380,2022121304000429,UIC,32,54,50,340.00,17000.00
14380,14381,2022121304000428,NHPC,29,10,1100,203.00,223300.00
14381,14382,2022121304000427,NHPC,29,45,500,203.00,101500.00
14382,14383,2022121304000426,NHPC,29,36,100,203.00,20300.00
14383,14384,2022121304000425,NHPC,29,55,300,203.00,60900.00
14384,14385,2022121301000874,DORDI,48,32,10,230.00,2300.00
14385,14386,2022121303000535,MFIL,45,55,75,421.90,31642.50
14386,14387,2022121301000873,NABIL,56,8,17,816.00,13872.00
14387,14388,2022121303000534,ICFC,10,22,110,430.00,47300.00
14388,14389,2022121303000533,ICFC,10,49,50,430.00,21500.00
14389,14390,2022121303000532,ICFC,10,11,31,430.00,13330.00
14390,14391,2022121304000424,NGPL,53,52,120,209.00,25080.00
14391,14392,2022121303000531,MNBBL,40,8,36,420.00,15120.00
14392,14393,2022121303000530,MNBBL,40,25,14,420.00,5880.00
14393,14394,2022121301000872,NABIL,46,8,25,816.00,20400.00
14394,14395,2022121301000871,PRVU,22,14,125,200.00,25000.00
14395,14396,2022121305000103,SLI,1,48,10,326.10,3261.00
14396,14397,2022121303000529,ALBSL,58,45,70,925.00,64750.00
14397,14398,2022121304000423,UPPER,56,58,100,387.00,38700.00
14398,14399,2022121305000102,JALPA,40,49,10,3350.00,33500.00
14399,14400,2022121301000870,NABIL,58,39,200,815.00,163000.00
14400,14401,2022121301000869,NABIL,49,39,100,815.00,81500.00
14401,14402,2022121301000868,NABIL,58,39,116,815.00,94540.00
14402,14403,2022121301000867,NABIL,34,39,15,815.00,12225.00
14403,14404,2022121301000866,NABIL,39,39,200,815.50,163100.00
14404,14405,2022121301000865,NABIL,58,39,12,815.60,9787.20
14405,14406,2022121301000864,NABIL,45,39,57,815.90,46506.30
14406,14407,2022121303000528,MNBBL,40,6,30,419.00,12570.00
14407,14408,2022121304000422,SIL,44,39,20,488.60,9772.00
14408,14409,2022121303000527,CBBL,6,52,20,1110.00,22200.00
14409,14410,2022121303000526,CBBL,6,57,80,1110.00,88800.00
14410,14411,2022121304000421,UPCL,16,52,90,217.00,19530.00
14411,14412,2022121301000863,BOKL,37,46,25,213.00,5325.00
14412,14413,2022121301000862,NABIL,57,8,100,816.00,81600.00
14413,14414,2022121301000861,DORDI,56,58,10,227.20,2272.00
14414,14415,2022121303000525,NTC,1,17,100,890.10,89010.00
14415,14416,2022121303000524,ICFC,6,11,120,430.00,51600.00
14416,14417,2022121301000860,NMB,33,22,100,231.00,23100.00
14417,14418,2022121301000859,SHIVM,6,45,200,551.70,110340.00
14418,14419,2022121304000420,UMHL,5,54,100,229.00,22900.00
14419,14420,2022121301000858,NABIL,17,8,10,816.00,8160.00
14420,14421,2022121301000857,BNT,41,4,90,12594.90,1133541.00
14421,14422,2022121301000856,SIKLES,36,34,10,375.90,3759.00
14422,14423,2022121304000419,UMHL,28,54,100,229.00,22900.00
14423,14424,2022121303000523,SMFDB,36,45,10,1225.00,12250.00
14424,14425,2022121303000522,HIDCL,36,25,200,168.00,33600.00
14425,14426,2022121301000855,SHIVM,36,45,10,551.70,5517.00
14426,14427,2022121301000854,SHIVM,36,45,90,551.70,49653.00
14427,14428,2022121301000853,SIKLES,36,20,40,375.90,15036.00
14428,14429,2022121304000418,AHPC,37,55,10,274.90,2749.00
14429,14430,2022121301000852,NABIL,55,8,11,816.00,8976.00
14430,14431,2022121301000851,NABIL,16,8,10,816.00,8160.00
14431,14432,2022121301000850,AVYAN,3,45,10,691.30,6913.00
14432,14433,2022121301000849,NABIL,57,8,60,816.00,48960.00
14433,14434,2022121304000417,PMHPL,48,58,10,198.00,1980.00
14434,14435,2022121304000416,PMHPL,48,11,30,195.00,5850.00
14435,14436,2022121301000848,SHIVM,41,45,10,551.70,5517.00
14436,14437,2022121305000101,MBJC,37,35,10,206.00,2060.00
14437,14438,2022121303000521,NTC,57,17,185,890.10,164668.50
14438,14439,2022121303000520,NTC,57,4,15,890.00,13350.00
14439,14440,2022121304000415,RBCL,26,55,10,12597.00,125970.00
14440,14441,2022121303000519,NLICL,3,58,180,505.00,90900.00
14441,14442,2022121304000414,SIL,44,53,51,479.00,24429.00
14442,14443,2022121303000518,NRIC,38,49,50,704.00,35200.00
14443,14444,2022121303000517,SHINE,22,17,115,334.80,38502.00
14444,14445,2022121301000847,BNT,41,28,60,12590.00,755400.00
14445,14446,2022121303000516,GUFL,16,21,30,526.50,15795.00
14446,14447,2022121301000846,NABIL,38,8,20,816.00,16320.00
14447,14448,2022121305000100,SAHAS,45,49,10,451.00,4510.00
14448,14449,2022121305000099,SAHAS,45,16,10,451.00,4510.00
14449,14450,2022121305000098,SAHAS,45,11,10,450.00,4500.00
14450,14451,2022121305000097,SAHAS,45,50,10,450.00,4500.00
14451,14452,2022121303000515,MLBSL,45,7,15,4060.00,60900.00
14452,14453,2022121305000096,MBJC,37,45,10,206.00,2060.00
14453,14454,2022121303000514,ICFC,8,11,1120,430.00,481600.00
14454,14455,2022121303000513,ICFC,8,41,180,428.70,77166.00
14455,14456,2022121304000413,UMHL,53,54,450,229.00,103050.00
14456,14457,2022121304000412,UMHL,53,36,500,228.90,114450.00
14457,14458,2022121303000512,ALICL,1,28,150,502.20,75330.00
14458,14459,2022121303000511,ALICL,49,28,100,502.40,50240.00
14459,14460,2022121301000845,BNT,41,1,20,12580.00,251600.00
14460,14461,2022121301000844,NABIL,29,8,200,816.00,163200.00
14461,14462,2022121304000411,SHL,45,35,900,218.00,196200.00
14462,14463,2022121304000410,SHL,45,28,300,218.00,65400.00
14463,14464,2022121305000095,SAHAS,56,45,10,446.00,4460.00
14464,14465,2022121303000510,KSBBL,57,35,20,307.00,6140.00
14465,14466,2022121301000843,NICA,35,6,10,678.00,6780.00
14466,14467,2022121301000842,BNT,41,21,30,12579.00,377370.00
14467,14468,2022121301000841,NABIL,45,19,43,815.90,35083.70
14468,14469,2022121303000509,NRIC,29,49,50,704.00,35200.00
14469,14470,2022121304000409,AHPC,45,37,10,271.00,2710.00
14470,14471,2022121301000840,HDL,6,48,20,3850.00,77000.00
14471,14472,2022121301000839,HDL,6,49,15,3850.00,57750.00
14472,14473,2022121301000838,HDL,6,21,14,3849.00,53886.00
14473,14474,2022121305000094,SAHAS,56,43,10,446.00,4460.00
14474,14475,2022121301000837,NABIL,58,49,20,815.60,16312.00
14475,14476,2022121303000508,ALICL,49,28,100,502.40,50240.00
14476,14477,2022121303000507,ALICL,59,28,100,503.00,50300.00
14477,14478,2022121303000506,ALICL,42,28,200,504.00,100800.00
14478,14479,2022121303000505,ALICL,32,28,100,504.10,50410.00
14479,14480,2022121304000408,GHL,52,22,100,196.00,19600.00
14480,14481,2022121304000407,GHL,53,22,100,196.10,19610.00
14481,14482,2022121304000406,UPPER,56,58,100,387.00,38700.00
14482,14483,2022121304000405,UPPER,46,58,16,387.00,6192.00
14483,14484,2022121304000404,UPPER,48,58,100,388.00,38800.00
14484,14485,2022121304000403,AIL,1,13,10,388.00,3880.00
14485,14486,2022121301000836,EBL,57,47,20,455.00,9100.00
14486,14487,2022121303000504,HIDCL,34,34,79,167.00,13193.00
14487,14488,2022121304000402,RIDI,34,44,100,491.00,49100.00
14488,14489,2022121301000835,GBIME,6,57,15,212.00,3180.00
14489,14490,2022121305000093,NYADI,58,51,10,270.00,2700.00
14490,14491,2022121304000401,UPPER,29,49,130,389.00,50570.00
14491,14492,2022121303000503,LICN,36,10,50,1411.00,70550.00
14492,14493,2022121303000502,NTC,36,4,20,890.00,17800.00
14493,14494,2022121305000092,SAHAS,17,40,10,446.00,4460.00
14494,14495,2022121303000501,NLIC,29,43,50,613.00,30650.00
14495,14496,2022121304000400,UMHL,53,49,50,227.10,11355.00
14496,14497,2022121303000500,SMFDB,52,45,65,1225.00,79625.00
14497,14498,2022121304000399,SHL,34,40,617,215.20,132778.40
14498,14499,2022121304000398,SHL,16,40,283,216.50,61269.50
14499,14500,2022121304000397,SHL,51,40,100,217.00,21700.00
14500,14501,2022121301000834,NABIL,32,19,20,815.90,16318.00
14501,14502,2022121301000833,SHIVM,13,45,300,551.70,165510.00
14502,14503,2022121301000832,SHIVM,13,22,50,551.00,27550.00
14503,14504,2022121301000831,SHIVM,13,55,100,551.00,55100.00
14504,14505,2022121304000396,UPPER,13,49,25,389.00,9725.00
14505,14506,2022121301000830,GBIME,43,42,10,213.00,2130.00
14506,14507,2022121301000829,GBIME,32,42,10,213.00,2130.00
14507,14508,2022121301000828,UHEWA,33,34,10,347.50,3475.00
14508,14509,2022121301000827,NCCB,14,46,2627,182.50,479427.50
14509,14510,2022121301000826,NCCB,14,8,802,182.40,146284.80
14510,14511,2022121301000825,NCCB,14,17,100,182.40,18240.00
14511,14512,2022121301000824,NCCB,14,51,135,182.30,24610.50
14512,14513,2022121301000823,NCCB,14,55,800,182.30,145840.00
14513,14514,2022121301000822,NCCB,14,58,10,182.30,1823.00
14514,14515,2022121304000395,PIC,21,52,10,534.60,5346.00
14515,14516,2022121303000499,NIFRA,49,35,27,183.30,4949.10
14516,14517,2022121301000821,NABIL,41,19,27,815.90,22029.30
14517,14518,2022121304000394,SICL,4,39,20,765.00,15300.00
14518,14519,2022121303000498,NIFRA,49,40,64,183.30,11731.20
14519,14520,2022121301000820,UHEWA,33,35,10,347.50,3475.00
14520,14521,2022121303000497,NRIC,16,29,400,701.70,280680.00
14521,14522,2022121303000496,NRIC,16,39,46,701.50,32269.00
14522,14523,2022121304000393,UPPER,46,11,10,387.00,3870.00
14523,14524,2022121304000392,UPPER,46,14,24,387.00,9288.00
14524,14525,2022121303000495,BFC,42,25,10,310.00,3100.00
14525,14526,2022121304000391,AIL,1,22,10,388.00,3880.00
14526,14527,2022121304000390,BARUN,54,35,45,201.00,9045.00
14527,14528,2022121304000389,BARUN,57,35,10,203.00,2030.00
14528,14529,2022121303000494,NLBBL,58,55,100,817.00,81700.00
14529,14530,2022121304000388,UPPER,34,14,20,387.00,7740.00
14530,14531,2022121303000493,SMFDB,36,1,61,1225.00,74725.00
14531,14532,2022121303000492,NLIC,55,26,10,613.00,6130.00
14532,14533,2022121304000387,PIC,29,35,25,513.90,12847.50
14533,14534,2022121304000386,PIC,53,35,25,515.00,12875.00
14534,14535,2022121304000385,PIC,42,35,50,515.50,25775.00
14535,14536,2022121305000091,MBJC,37,18,10,206.00,2060.00
14536,14537,2022121301000819,UHEWA,32,49,10,350.00,3500.00
14537,14538,2022121301000818,UHEWA,32,34,10,350.00,3500.00
14538,14539,2022121301000817,SPHL,22,13,10,350.00,3500.00
14539,14540,2022121304000384,SHPC,55,40,73,272.90,19921.70
14540,14541,2022121301000816,RFPL,19,35,10,223.00,2230.00
14541,14542,2022121303000491,SMFDB,43,35,85,1222.10,103878.50
14542,14543,2022121304000383,NHPC,35,38,48,202.00,9696.00
14543,14544,2022121301000815,NABIL,38,19,10,815.90,8159.00
14544,14545,2022121301000814,NICA,17,6,90,678.00,61020.00
14545,14546,2022121301000813,SHIVM,32,34,10,551.90,5519.00
14546,14547,2022121304000382,BARUN,57,35,25,203.00,5075.00
14547,14548,2022121304000381,BARUN,13,35,10,203.10,2031.00
14548,14549,2022121305000090,MBJC,37,58,10,206.00,2060.00
14549,14550,2022121303000490,MERO,1,14,81,770.00,62370.00
14550,14551,2022121301000812,NABIL,1,19,50,815.90,40795.00
14551,14552,2022121304000380,RHPL,3,58,10,228.00,2280.00
14552,14553,2022121304000379,RHPL,3,26,900,228.00,205200.00
14553,14554,2022121304000378,RHPL,3,35,20,227.00,4540.00
14554,14555,2022121303000489,NIFRA,49,35,54,183.30,9898.20
14555,14556,2022121301000811,MEGA,6,29,550,197.00,108350.00
14556,14557,2022121301000810,MEGA,6,6,536,197.00,105592.00
14557,14558,2022121303000488,NLIC,46,6,146,608.00,88768.00
14558,14559,2022121303000487,NLIC,48,6,20,608.00,12160.00
14559,14560,2022121303000486,NLIC,38,6,34,610.00,20740.00
14560,14561,2022121301000809,NABIL,42,19,50,815.90,40795.00
14561,14562,2022121301000808,GBIME,28,35,10,214.50,2145.00
14562,14563,2022121301000807,HDL,38,21,10,3849.00,38490.00
14563,14564,2022121301000806,SGHC,38,25,10,248.10,2481.00
14564,14565,2022121301000805,GVL,58,39,10,307.30,3073.00
14565,14566,2022121304000377,UPPER,51,14,36,387.00,13932.00
14566,14567,2022121304000376,NHPC,38,38,12,202.00,2424.00
14567,14568,2022121304000375,NGPL,53,45,20,209.00,4180.00
14568,14569,2022121304000374,NGPL,53,45,480,209.00,100320.00
14569,14570,2022121301000804,NABIL,32,32,304,815.80,248003.20
14570,14571,2022121301000803,NABIL,34,32,20,815.80,16316.00
14571,14572,2022121301000802,BHL,42,14,10,243.50,2435.00
14572,14573,2022121304000373,BARUN,34,55,10,205.00,2050.00
14573,14574,2022121304000372,DHPL,29,28,10,176.90,1769.00
14574,14575,2022121304000371,RHPL,10,35,20,227.00,4540.00
14575,14576,2022121304000370,RHPL,10,11,80,227.00,18160.00
14576,14577,2022121305000089,SLI,55,35,10,326.00,3260.00
14577,14578,2022121304000369,API,58,8,50,209.60,10480.00
14578,14579,2022121301000801,NBL,18,35,183,276.00,50508.00
14579,14580,2022121301000800,NBL,16,35,42,276.00,11592.00
14580,14581,2022121301000799,SIKLES,36,1,70,375.90,26313.00
14581,14582,2022121301000798,LBL,36,48,190,190.90,36271.00
14582,14583,2022121304000368,SHEL,55,39,10,235.50,2355.00
14583,14584,2022121303000485,SMFDB,58,35,15,1225.00,18375.00
14584,14585,2022121305000088,RULB,14,8,10,880.00,8800.00
14585,14586,2022121301000797,NMB,33,45,90,231.00,20790.00
14586,14587,2022121301000796,NMB,40,45,10,232.00,2320.00
14587,14588,2022121301000795,AVYAN,26,39,10,692.00,6920.00
14588,14589,2022121301000794,BHL,42,14,10,243.50,2435.00
14589,14590,2022121303000484,NFS,54,57,100,260.00,26000.00
14590,14591,2022121304000367,NGPL,49,41,500,209.50,104750.00
14591,14592,2022121303000483,GUFL,17,21,70,526.50,36855.00
14592,14593,2022121303000482,GUFL,17,33,50,526.00,26300.00
14593,14594,2022121301000793,UHEWA,33,41,10,347.50,3475.00
14594,14595,2022121301000792,SHIVM,13,34,230,551.90,126937.00
14595,14596,2022121301000791,SHIVM,13,7,100,550.90,55090.00
14596,14597,2022121301000790,SHIVM,13,36,70,550.90,38563.00
14597,14598,2022121304000366,API,33,20,308,209.00,64372.00
14598,14599,2022121304000365,API,33,51,100,209.00,20900.00
14599,14600,2022121304000364,API,33,8,952,209.00,198968.00
14600,14601,2022121304000363,HDHPC,44,44,1000,173.10,173100.00
14601,14602,2022121304000362,HDHPC,42,44,500,173.10,86550.00
14602,14603,2022121304000361,HDHPC,26,44,1000,173.20,173200.00
14603,14604,2022121304000360,UPPER,58,34,50,386.00,19300.00
14604,14605,2022121305000087,SLI,19,25,10,325.20,3252.00
14605,14606,2022121301000789,NABIL,35,14,400,815.00,326000.00
14606,14607,2022121301000788,NABIL,59,14,200,815.20,163040.00
14607,14608,2022121305000086,JBLB,45,38,13,2750.00,35750.00
14608,14609,2022121301000787,ADBL,58,19,150,314.50,47175.00
14609,14610,2022121301000786,UHEWA,33,17,10,347.50,3475.00
14610,14611,2022121301000785,SBI,55,8,212,282.00,59784.00
14611,14612,2022121304000359,RIDI,56,44,800,491.00,392800.00
14612,14613,2022121301000784,PRVU,47,14,250,200.00,50000.00
14613,14614,2022121303000481,JBBL,53,53,500,281.00,140500.00
14614,14615,2022121301000783,SBL,19,26,50,315.00,15750.00
14615,14616,2022121305000085,NYADI,58,41,10,268.10,2681.00
14616,14617,2022121304000358,UNHPL,26,14,110,194.00,21340.00
14617,14618,2022121304000357,UNHPL,26,33,50,193.70,9685.00
14618,14619,2022121301000782,GVL,58,21,10,307.10,3071.00
14619,14620,2022121305000084,JBLB,45,35,17,2750.00,46750.00
14620,14621,2022121301000781,NABIL,14,38,13,815.00,10595.00
14621,14622,2022121301000780,PPL,34,35,10,205.00,2050.00
14622,14623,2022121303000480,NRN,50,17,10,398.00,3980.00
14623,14624,2022121301000779,RHGCL,22,25,10,205.00,2050.00
14624,14625,2022121303000479,NIFRA,49,40,28,183.30,5132.40
14625,14626,2022121303000478,NIFRA,47,40,36,184.00,6624.00
14626,14627,2022121301000778,RHGCL,22,35,10,205.00,2050.00
14627,14628,2022121301000777,RHGCL,22,4,10,205.00,2050.00
14628,14629,2022121305000083,SLI,55,16,10,327.00,3270.00
14629,14630,2022121305000082,SLI,55,34,10,327.00,3270.00
14630,14631,2022121301000776,SPHL,45,20,10,350.00,3500.00
14631,14632,2022121304000356,UPPER,58,45,130,386.00,50180.00
14632,14633,2022121304000355,UPPER,41,45,70,386.00,27020.00
14633,14634,2022121301000775,SHIVM,40,36,130,550.90,71617.00
14634,14635,2022121301000774,SHIVM,40,7,100,550.00,55000.00
14635,14636,2022121301000773,SHIVM,40,22,20,550.00,11000.00
14636,14637,2022121303000477,NUBL,37,26,20,898.00,17960.00
14637,14638,2022121304000354,UPPER,19,14,20,387.00,7740.00
14638,14639,2022121301000772,NICA,25,39,100,677.00,67700.00
14639,14640,2022121304000353,UPPER,41,11,10,386.00,3860.00
14640,14641,2022121304000352,NGPL,28,41,500,209.50,104750.00
14641,14642,2022121304000351,BPCL,34,25,10,308.00,3080.00
14642,14643,2022121301000771,MEGA,45,32,47,196.80,9249.60
14643,14644,2022121304000350,LEC,55,17,10,217.00,2170.00
14644,14645,2022121301000770,SHIVM,35,22,70,550.00,38500.00
14645,14646,2022121301000769,SIKLES,36,42,110,376.60,41426.00
14646,14647,2022121301000768,SIKLES,36,58,10,376.00,3760.00
14647,14648,2022121301000767,SHIVM,35,57,20,550.00,11000.00
14648,14649,2022121304000349,UPCL,51,18,10,215.40,2154.00
14649,14650,2022121301000766,PPL,57,34,10,202.00,2020.00
14650,14651,2022121301000765,GVL,25,17,470,312.00,146640.00
14651,14652,2022121301000764,GVL,25,58,10,310.00,3100.00
14652,14653,2022121301000763,GVL,25,49,10,310.00,3100.00
14653,14654,2022121301000762,GVL,25,47,10,310.00,3100.00
14654,14655,2022121301000761,NCCB,21,58,10,182.30,1823.00
14655,14656,2022121304000348,UPPER,56,45,200,387.00,77400.00
14656,14657,2022121303000476,HIDCL,49,34,11,167.00,1837.00
14657,14658,2022121301000760,GVL,58,21,10,307.10,3071.00
14658,14659,2022121301000759,SHIVM,35,22,10,550.00,5500.00
14659,14660,2022121301000758,SBL,19,11,50,314.00,15700.00
14660,14661,2022121301000757,CYCL,1,38,10,2260.20,22602.00
14661,14662,2022121301000756,SHIVM,45,22,40,550.00,22000.00
14662,14663,2022121303000475,ACLBSL,32,50,17,711.00,12087.00
14663,14664,2022121301000755,HHL,52,52,10,216.00,2160.00
14664,14665,2022121301000754,HHL,52,49,10,216.00,2160.00
14665,14666,2022121304000347,AKPL,35,40,20,349.90,6998.00
14666,14667,2022121301000753,PRVU,13,13,149,199.60,29740.40
14667,14668,2022121301000752,SHIVM,51,34,30,551.00,16530.00
14668,14669,2022121301000751,SHIVM,51,7,20,551.00,11020.00
14669,14670,2022121301000750,CCBL,49,45,380,186.10,70718.00
14670,14671,2022121301000749,CCBL,33,45,20,186.10,3722.00
14671,14672,2022121301000748,CCBL,6,45,100,186.20,18620.00
14672,14673,2022121303000474,KRBL,40,52,19,257.00,4883.00
14673,14674,2022121301000747,CZBIL,47,48,36,180.00,6480.00
14674,14675,2022121301000746,CZBIL,33,48,20,180.10,3602.00
14675,14676,2022121303000473,CHDC,42,39,10,661.00,6610.00
14676,14677,2022121303000472,GBBL,25,34,20,379.00,7580.00
14677,14678,2022121304000346,RIDI,56,44,40,492.00,19680.00
14678,14679,2022121301000745,HDL,45,16,10,3850.00,38500.00
14679,14680,2022121304000345,RIDI,34,45,238,490.00,116620.00
14680,14681,2022121304000344,RIDI,32,45,10,491.00,4910.00
14681,14682,2022121301000744,HDL,38,21,16,3850.00,61600.00
14682,14683,2022121303000471,NIFRA,47,40,64,184.00,11776.00
14683,14684,2022121301000743,CCBL,6,45,200,186.20,37240.00
14684,14685,2022121303000470,KRBL,41,32,63,255.00,16065.00
14685,14686,2022121304000343,UPPER,42,49,1000,387.10,387100.00
14686,14687,2022121304000342,API,17,41,1000,208.00,208000.00
14687,14688,2022121304000341,RADHI,58,58,50,215.00,10750.00
14688,14689,2022121304000340,SICL,4,1,26,765.00,19890.00
14689,14690,2022121304000339,SICL,21,1,24,765.00,18360.00
14690,14691,2022121301000742,PCBL,41,34,12,222.70,2672.40
14691,14692,2022121303000469,LICN,19,10,50,1411.00,70550.00
14692,14693,2022121301000741,GBIME,32,58,10,213.30,2133.00
14693,14694,2022121304000338,HDHPC,42,21,200,174.90,34980.00
14694,14695,2022121305000081,SLI,55,45,10,326.00,3260.00
14695,14696,2022121301000740,SHIVM,45,58,10,550.00,5500.00
14696,14697,2022121303000468,MERO,38,14,27,770.00,20790.00
14697,14698,2022121301000739,NABIL,41,38,17,815.00,13855.00
14698,14699,2022121301000738,NABIL,34,38,10,815.00,8150.00
14699,14700,2022121301000737,NABIL,22,38,10,815.00,8150.00
14700,14701,2022121301000736,NICA,45,6,74,678.00,50172.00
14701,14702,2022121301000735,NICA,45,54,50,678.00,33900.00
14702,14703,2022121303000467,NTC,21,56,88,888.00,78144.00
14703,14704,2022121303000466,NTC,58,56,160,888.00,142080.00
14704,14705,2022121303000465,SMFDB,37,6,27,1222.00,32994.00
14705,14706,2022121303000464,SMFDB,22,6,73,1222.00,89206.00
14706,14707,2022121301000734,SHIVM,7,11,340,550.00,187000.00
14707,14708,2022121301000733,NABIL,35,28,200,815.90,163180.00
14708,14709,2022121301000732,SANIMA,16,35,89,225.10,20033.90
14709,14710,2022121301000731,SANIMA,16,35,100,225.10,22510.00
14710,14711,2022121301000730,AVYAN,14,40,10,691.10,6911.00
14711,14712,2022121304000337,UPPER,51,49,50,389.00,19450.00
14712,14713,2022121301000729,HDL,22,21,10,3850.00,38500.00
14713,14714,2022121301000728,SIKLES,36,7,10,375.00,3750.00
14714,14715,2022121301000727,SIKLES,36,28,10,375.00,3750.00
14715,14716,2022121301000726,SIKLES,36,10,10,375.00,3750.00
14716,14717,2022121301000725,SIKLES,36,34,100,375.00,37500.00
14717,14718,2022121301000724,SIKLES,36,48,60,374.90,22494.00
14718,14719,2022121301000723,SIKLES,36,52,10,374.00,3740.00
14719,14720,2022121301000722,SIKLES,36,13,10,374.00,3740.00
14720,14721,2022121301000721,SIKLES,36,49,10,374.00,3740.00
14721,14722,2022121301000720,SIKLES,36,34,10,373.00,3730.00
14722,14723,2022121301000719,SIKLES,36,46,10,373.00,3730.00
14723,14724,2022121301000718,SIKLES,36,38,10,373.00,3730.00
14724,14725,2022121301000717,SIKLES,36,52,10,373.00,3730.00
14725,14726,2022121301000716,SIKLES,36,59,10,373.00,3730.00
14726,14727,2022121301000715,SIKLES,36,49,10,372.00,3720.00
14727,14728,2022121303000463,NFS,48,57,10,260.00,2600.00
14728,14729,2022121301000714,NBL,16,35,500,276.00,138000.00
14729,14730,2022121301000713,GBIME,32,55,20,213.30,4266.00
14730,14731,2022121304000336,NIL,53,49,150,720.00,108000.00
14731,14732,2022121304000335,NIL,53,41,50,719.90,35995.00
14732,14733,2022121303000462,RSDC,5,35,25,525.00,13125.00
14733,14734,2022121301000712,NABIL,38,8,20,816.00,16320.00
14734,14735,2022121301000711,SHIVM,7,37,100,550.00,55000.00
14735,14736,2022121301000710,SHIVM,7,22,30,550.00,16500.00
14736,14737,2022121301000709,SHIVM,7,22,30,550.00,16500.00
14737,14738,2022121303000461,NTC,29,56,52,888.00,46176.00
14738,14739,2022121301000708,GVL,58,21,10,307.10,3071.00
14739,14740,2022121303000460,SINDU,34,22,10,258.00,2580.00
14740,14741,2022121303000459,NUBL,37,49,10,898.00,8980.00
14741,14742,2022121301000707,HDL,16,22,12,3836.00,46032.00
14742,14743,2022121304000334,NHPC,34,38,400,200.00,80000.00
14743,14744,2022121304000333,NHPC,19,38,500,200.10,100050.00
14744,14745,2022121304000332,NHPC,39,38,100,200.30,20030.00
14745,14746,2022121305000080,SLI,1,58,10,325.10,3251.00
14746,14747,2022121304000331,NGPL,7,56,42,210.00,8820.00
14747,14748,2022121304000330,NGPL,44,51,50,209.80,10490.00
14748,14749,2022121301000706,NABIL,22,39,25,815.00,20375.00
14749,14750,2022121301000705,NABIL,13,39,100,815.00,81500.00
14750,14751,2022121301000704,NABIL,11,39,10,815.00,8150.00
14751,14752,2022121304000329,NGPL,53,4,20,209.00,4180.00
14752,14753,2022121301000703,NCCB,49,39,101,180.00,18180.00
14753,14754,2022121301000702,NCCB,49,56,139,180.00,25020.00
14754,14755,2022121301000701,HDL,16,54,20,3840.00,76800.00
14755,14756,2022121304000328,NHPC,38,32,500,202.00,101000.00
14756,14757,2022121304000327,NHPC,38,55,120,202.00,24240.00
14757,14758,2022121303000458,NTC,4,17,10,890.10,8901.00
14758,14759,2022121301000700,SGHC,45,25,10,248.00,2480.00
14759,14760,2022121304000326,NGPL,47,51,50,209.80,10490.00
14760,14761,2022121301000699,NABIL,38,8,20,816.00,16320.00
14761,14762,2022121301000698,SIKLES,34,47,10,371.00,3710.00
14762,14763,2022121303000457,SHINE,32,44,100,335.00,33500.00
14763,14764,2022121301000697,HDL,16,34,50,3840.00,192000.00
14764,14765,2022121304000325,UPPER,51,49,464,387.00,179568.00
14765,14766,2022121304000324,JOSHI,21,38,50,185.00,9250.00
14766,14767,2022121301000696,RHGCL,56,36,10,204.30,2043.00
14767,14768,2022121303000456,NTC,4,17,10,890.10,8901.00
14768,14769,2022121301000695,RFPL,19,39,10,222.60,2226.00
14769,14770,2022121303000455,SMFDB,22,16,27,1222.00,32994.00
14770,14771,2022121304000323,UPPER,25,49,36,387.00,13932.00
14771,14772,2022121304000322,UPPER,25,39,14,386.50,5411.00
14772,14773,2022121303000454,NIFRA,13,51,54,183.20,9892.80
14773,14774,2022121304000321,NIL,18,45,10,719.00,7190.00
14774,14775,2022121304000320,PIC,45,58,10,520.00,5200.00
14775,14776,2022121304000319,RIDI,22,44,20,492.00,9840.00
14776,14777,2022121304000318,API,17,54,1000,208.00,208000.00
14777,14778,2022121301000694,LBL,13,48,10,190.90,1909.00
14778,14779,2022121301000693,NCCB,47,56,200,180.00,36000.00
14779,14780,2022121303000453,NMFBS,45,52,30,2069.00,62070.00
14780,14781,2022121303000452,ALBSL,14,45,10,925.00,9250.00
14781,14782,2022121305000079,SLI,1,52,10,325.10,3251.00
14782,14783,2022121301000692,RFPL,19,6,10,222.60,2226.00
14783,14784,2022121303000451,NUBL,37,56,10,898.00,8980.00
14784,14785,2022121301000691,USHEC,13,7,10,246.10,2461.00
14785,14786,2022121305000078,MBJC,45,36,10,205.70,2057.00
14786,14787,2022121303000450,NTC,38,17,100,890.10,89010.00
14787,14788,2022121303000449,NIFRA,13,20,54,183.20,9892.80
14788,14789,2022121305000077,MLBS,57,35,10,1000.00,10000.00
14789,14790,2022121301000690,NESDO,13,59,10,3349.00,33490.00
14790,14791,2022121303000448,SKBBL,36,34,70,1129.90,79093.00
14791,14792,2022121303000447,SKBBL,36,39,18,1128.00,20304.00
14792,14793,2022121303000446,SKBBL,36,51,12,1128.00,13536.00
14793,14794,2022121303000445,SKBBL,36,47,200,1127.00,225400.00
14794,14795,2022121301000689,NCCB,21,56,500,180.00,90000.00
14795,14796,2022121305000076,SLI,1,57,10,325.10,3251.00
14796,14797,2022121304000317,UPPER,57,39,26,386.50,10049.00
14797,14798,2022121301000688,AVYAN,14,36,10,691.10,6911.00
14798,14799,2022121304000316,API,38,54,126,207.00,26082.00
14799,14800,2022121304000315,API,54,54,100,207.00,20700.00
14800,14801,2022121304000314,API,21,54,20,207.00,4140.00
14801,14802,2022121304000313,API,45,54,100,207.00,20700.00
14802,14803,2022121304000312,API,38,54,100,207.10,20710.00
14803,14804,2022121304000311,API,38,54,488,207.10,101064.80
14804,14805,2022121304000310,API,19,54,30,207.30,6219.00
14805,14806,2022121304000309,API,19,54,20,207.50,4150.00
14806,14807,2022121304000308,API,20,54,16,207.90,3326.40
14807,14808,2022121301000687,NABIL,49,39,100,815.50,81550.00
14808,14809,2022121303000444,EDBL,19,49,10,309.50,3095.00
14809,14810,2022121301000686,PRVU,38,14,20,200.00,4000.00
14810,14811,2022121301000685,PRVU,37,14,100,200.00,20000.00
14811,14812,2022121301000684,PRVU,58,14,45,200.00,9000.00
14812,14813,2022121304000307,PPCL,53,16,120,288.80,34656.00
14813,14814,2022121304000306,PPCL,53,25,50,288.70,14435.00
14814,14815,2022121304000305,PPCL,53,45,200,288.60,57720.00
14815,14816,2022121304000304,PPCL,53,14,100,287.00,28700.00
14816,14817,2022121304000303,PPCL,53,39,30,286.90,8607.00
14817,14818,2022121301000683,NBL,16,57,10,276.00,2760.00
14818,14819,2022121304000302,AIL,1,32,10,388.70,3887.00
14819,14820,2022121303000443,NTC,16,17,48,890.10,42724.80
14820,14821,2022121303000442,NTC,16,58,100,890.00,89000.00
14821,14822,2022121303000441,NTC,16,58,55,890.00,48950.00
14822,14823,2022121303000440,NTC,16,56,37,890.00,32930.00
14823,14824,2022121301000682,SGHC,45,7,10,248.00,2480.00
14824,14825,2022121301000681,GBIME,6,52,28,212.00,5936.00
14825,14826,2022121301000680,GBIME,37,52,20,212.00,4240.00
14826,14827,2022121301000679,GBIME,6,52,14,214.00,2996.00
14827,14828,2022121301000678,AVYAN,42,35,10,700.00,7000.00
14828,14829,2022121305000075,MBJC,45,44,10,205.70,2057.00
14829,14830,2022121301000677,NABIL,6,17,154,816.90,125802.60
14830,14831,2022121301000676,NABIL,6,19,200,816.00,163200.00
14831,14832,2022121301000675,NABIL,6,8,146,816.00,119136.00
14832,14833,2022121301000674,GBIME,6,36,10,214.00,2140.00
14833,14834,2022121303000439,NTC,22,56,38,890.00,33820.00
14834,14835,2022121303000438,NIFRA,13,32,54,183.20,9892.80
14835,14836,2022121304000301,RIDI,35,44,120,492.00,59040.00
14836,14837,2022121301000673,NABIL,11,39,385,815.00,313775.00
14837,14838,2022121301000672,NABIL,13,39,37,815.00,30155.00
14838,14839,2022121303000437,EDBL,19,45,20,306.00,6120.00
14839,14840,2022121303000436,NTC,34,56,25,890.00,22250.00
14840,14841,2022121303000435,NTC,34,8,25,890.00,22250.00
14841,14842,2022121301000671,NCCB,39,56,161,180.00,28980.00
14842,14843,2022121303000434,NUBL,37,56,10,898.00,8980.00
14843,14844,2022121303000433,NADEP,38,17,15,688.00,10320.00
14844,14845,2022121303000432,JBBL,4,32,94,280.00,26320.00
14845,14846,2022121304000300,API,48,58,12,208.00,2496.00
14846,14847,2022121304000299,UMHL,13,54,700,225.00,157500.00
14847,14848,2022121304000298,UMHL,13,54,100,225.10,22510.00
14848,14849,2022121304000297,UMHL,34,54,200,225.50,45100.00
14849,14850,2022121301000670,HDL,35,17,50,3836.00,191800.00
14850,14851,2022121301000669,AVYAN,42,47,10,699.00,6990.00
14851,14852,2022121301000668,AVYAN,42,58,10,699.00,6990.00
14852,14853,2022121303000431,SMFDB,17,26,51,1234.00,62934.00
14853,14854,2022121303000430,SMFDB,17,35,23,1230.00,28290.00
14854,14855,2022121301000667,AVYAN,22,52,10,698.00,6980.00
14855,14856,2022121303000429,KSBBL,57,38,32,310.00,9920.00
14856,14857,2022121303000428,KSBBL,57,32,61,309.00,18849.00
14857,14858,2022121301000666,SHIVM,50,16,200,550.00,110000.00
14858,14859,2022121303000427,NADEP,38,56,12,688.00,8256.00
14859,14860,2022121301000665,SHIVM,49,34,136,554.00,75344.00
14860,14861,2022121301000664,SHIVM,49,22,150,554.00,83100.00
14861,14862,2022121301000663,SHIVM,49,52,35,554.00,19390.00
14862,14863,2022121301000662,SHIVM,49,43,20,553.80,11076.00
14863,14864,2022121301000661,SHIVM,49,22,20,553.70,11074.00
14864,14865,2022121301000660,SHIVM,49,56,50,552.00,27600.00
14865,14866,2022121301000659,SHIVM,49,52,89,551.00,49039.00
14866,14867,2022121303000426,JFL,4,21,100,379.00,37900.00
14867,14868,2022121303000425,NLIC,41,32,48,608.00,29184.00
14868,14869,2022121301000658,NABIL,13,14,13,815.00,10595.00
14869,14870,2022121301000657,SIKLES,34,38,10,370.00,3700.00
14870,14871,2022121301000656,NMB,33,45,11,231.00,2541.00
14871,14872,2022121301000655,NMB,16,45,40,231.20,9248.00
14872,14873,2022121304000296,NGPL,44,49,1090,209.90,228791.00
14873,14874,2022121301000654,NABIL,38,14,27,815.00,22005.00
14874,14875,2022121305000074,MBJC,45,49,10,207.00,2070.00
14875,14876,2022121304000295,UPPER,48,22,250,386.00,96500.00
14876,14877,2022121304000294,CMF1,58,33,1725,7.57,13058.25
14877,14878,2022121303000424,NTC,45,58,100,887.10,88710.00
14878,14879,2022121304000293,HDHPC,42,21,300,174.90,52470.00
14879,14880,2022121301000653,SHIVM,58,52,11,551.00,6061.00
14880,14881,2022121301000652,HHL,52,47,10,215.00,2150.00
14881,14882,2022121303000423,NTC,21,45,64,889.00,56896.00
14882,14883,2022121301000651,DORDI,48,7,10,226.80,2268.00
14883,14884,2022121303000422,SHINE,53,44,918,335.00,307530.00
14884,14885,2022121303000421,SHINE,53,44,982,335.00,328970.00
14885,14886,2022121303000420,SHINE,53,13,100,334.00,33400.00
14886,14887,2022121305000073,SLI,55,7,10,327.00,3270.00
14887,14888,2022121305000072,SLI,21,47,10,326.00,3260.00
14888,14889,2022121303000419,SMFDB,35,35,30,1230.00,36900.00
14889,14890,2022121301000650,SGHC,25,49,10,253.00,2530.00
14890,14891,2022121301000649,SHIVM,58,49,10,550.00,5500.00
14891,14892,2022121301000648,SHIVM,58,13,200,550.00,110000.00
14892,14893,2022121301000647,SHIVM,58,28,89,549.90,48941.10
14893,14894,2022121301000646,SHIVM,58,25,10,549.80,5498.00
14894,14895,2022121301000645,SHIVM,58,52,80,549.00,43920.00
14895,14896,2022121304000292,HDHPC,56,21,500,174.90,87450.00
14896,14897,2022121303000418,SMFDB,17,35,37,1230.00,45510.00
14897,14898,2022121304000291,NHPC,57,55,180,202.00,36360.00
14898,14899,2022121304000290,NHPC,57,57,820,201.00,164820.00
14899,14900,2022121301000644,RFPL,19,47,10,222.60,2226.00
14900,14901,2022121301000643,GVL,58,21,10,307.10,3071.00
14901,14902,2022121301000642,SIKLES,34,35,10,370.00,3700.00
14902,14903,2022121304000289,SJCL,22,11,40,218.00,8720.00
14903,14904,2022121304000288,UPPER,41,22,200,386.00,77200.00
14904,14905,2022121305000071,SAHAS,45,51,50,445.30,22265.00
14905,14906,2022121303000417,NIFRA,13,47,60,183.20,10992.00
14906,14907,2022121301000641,EBL,28,45,10,457.70,4577.00
14907,14908,2022121301000640,NABIL,57,14,50,815.00,40750.00
14908,14909,2022121301000639,NABIL,47,14,10,815.00,8150.00
14909,14910,2022121303000416,NMFBS,7,57,50,2040.00,102000.00
14910,14911,2022121303000415,NMFBS,7,26,20,2040.00,40800.00
14911,14912,2022121303000414,NMFBS,7,22,25,2039.90,50997.50
14912,14913,2022121303000413,NMFBS,7,42,50,2035.00,101750.00
14913,14914,2022121303000412,NLIC,38,32,10,608.00,6080.00
14914,14915,2022121304000287,UPPER,57,38,54,385.20,20800.80
14915,14916,2022121303000411,NTC,57,45,11,889.00,9779.00
14916,14917,2022121304000286,NIL,52,37,11,715.20,7867.20
14917,14918,2022121301000638,NIB,7,35,34,220.00,7480.00
14918,14919,2022121301000637,KBL,36,55,406,187.70,76206.20
14919,14920,2022121301000636,KBL,36,59,40,187.60,7504.00
14920,14921,2022121301000635,KBL,36,49,100,187.00,18700.00
14921,14922,2022121301000634,KBL,36,56,60,187.00,11220.00
14922,14923,2022121301000633,KBL,36,13,15,186.00,2790.00
14923,14924,2022121301000632,KBL,36,1,79,185.00,14615.00
14924,14925,2022121301000631,GBIME,6,25,200,214.00,42800.00
14925,14926,2022121304000285,GLH,8,47,10,243.00,2430.00
14926,14927,2022121305000070,SAHAS,45,34,10,445.20,4452.00
14927,14928,2022121303000410,NTC,21,45,45,889.00,40005.00
14928,14929,2022121303000409,NTC,21,36,105,889.00,93345.00
14929,14930,2022121305000069,SAHAS,45,49,10,445.20,4452.00
14930,14931,2022121301000630,NABIL,1,8,10,816.00,8160.00
14931,14932,2022121304000284,PMHPL,40,46,20,194.70,3894.00
14932,14933,2022121301000629,MEGA,52,17,30,196.00,5880.00
14933,14934,2022121301000628,NABIL,47,39,90,815.00,73350.00
14934,14935,2022121301000627,NABIL,47,39,10,815.00,8150.00
14935,14936,2022121301000626,NABIL,14,39,30,815.00,24450.00
14936,14937,2022121301000625,USHEC,32,25,10,246.00,2460.00
14937,14938,2022121303000408,JFL,56,21,10,379.00,3790.00
14938,14939,2022121303000407,SMFDB,6,51,10,1234.80,12348.00
14939,14940,2022121304000283,NHPC,16,57,100,201.00,20100.00
14940,14941,2022121304000282,IGI,26,42,20,360.00,7200.00
14941,14942,2022121303000406,KSBBL,14,38,50,310.00,15500.00
14942,14943,2022121301000624,SRBL,6,25,96,183.00,17568.00
14943,14944,2022121301000623,SRBL,6,45,900,183.00,164700.00
14944,14945,2022121301000622,NABIL,57,8,50,816.00,40800.00
14945,14946,2022121305000068,SAHAS,17,44,10,445.00,4450.00
14946,14947,2022121304000281,UPPER,57,3,400,385.50,154200.00
14947,14948,2022121304000280,UPPER,6,3,86,385.70,33170.20
14948,14949,2022121301000621,NABIL,6,8,21,816.00,17136.00
14949,14950,2022121304000279,API,34,55,100,208.00,20800.00
14950,14951,2022121301000620,CYCL,1,58,10,2260.20,22602.00
14951,14952,2022121304000278,PMHPL,58,11,20,195.00,3900.00
14952,14953,2022121301000619,NICA,38,46,50,678.00,33900.00
14953,14954,2022121304000277,HDHPC,13,21,200,174.90,34980.00
14954,14955,2022121303000405,LBBL,38,42,60,323.00,19380.00
14955,14956,2022121303000404,LBBL,38,58,140,323.00,45220.00
14956,14957,2022121304000276,CHCL,41,32,70,384.00,26880.00
14957,14958,2022121304000275,API,34,37,100,208.00,20800.00
14958,14959,2022121303000403,NMFBS,56,14,40,2030.00,81200.00
14959,14960,2022121303000402,NMFBS,56,5,13,2030.00,26390.00
14960,14961,2022121303000401,NMFBS,56,45,100,2026.00,202600.00
14961,14962,2022121303000400,NTC,29,22,48,887.00,42576.00
14962,14963,2022121301000618,GBIME,6,44,130,214.00,27820.00
14963,14964,2022121301000617,GBIME,6,57,110,214.00,23540.00
14964,14965,2022121301000616,GBIME,6,56,50,214.00,10700.00
14965,14966,2022121301000615,GBIME,6,38,108,214.00,23112.00
14966,14967,2022121303000399,SMFDB,6,16,10,1234.90,12349.00
14967,14968,2022121301000614,SBL,22,11,50,314.00,15700.00
14968,14969,2022121305000067,SLI,55,19,10,327.00,3270.00
14969,14970,2022121301000613,NABIL,47,8,150,816.00,122400.00
14970,14971,2022121303000398,SMFDB,58,41,20,1224.00,24480.00
14971,14972,2022121303000397,SMFDB,43,16,63,1234.90,77798.70
14972,14973,2022121301000612,NABIL,38,8,10,816.00,8160.00
14973,14974,2022121301000611,GVL,29,55,10,307.00,3070.00
14974,14975,2022121301000610,GVL,29,13,20,307.00,6140.00
14975,14976,2022121301000609,ADBL,21,17,22,313.00,6886.00
14976,14977,2022121303000396,KSBBL,42,38,18,310.00,5580.00
14977,14978,2022121303000395,CHDC,42,34,10,661.00,6610.00
14978,14979,2022121301000608,BOKL,38,46,59,213.00,12567.00
14979,14980,2022121301000607,CCBL,46,34,35,186.00,6510.00
14980,14981,2022121304000274,API,38,39,20,208.50,4170.00
14981,14982,2022121301000606,EBL,34,26,20,448.80,8976.00
14982,14983,2022121301000605,KBL,42,1,90,185.00,16650.00
14983,14984,2022121301000604,KBL,42,41,210,185.00,38850.00
14984,14985,2022121301000603,BOKL,38,4,30,213.00,6390.00
14985,14986,2022121301000602,BOKL,38,41,200,213.00,42600.00
14986,14987,2022121301000601,BOKL,38,34,11,213.00,2343.00
14987,14988,2022121301000600,BOKL,38,42,200,213.00,42600.00
14988,14989,2022121301000599,NESDO,21,53,10,3349.00,33490.00
14989,14990,2022121301000598,RHGCL,45,38,10,207.00,2070.00
14990,14991,2022121301000597,RHGCL,45,19,10,206.90,2069.00
14991,14992,2022121301000596,RHGCL,45,49,10,206.00,2060.00
14992,14993,2022121304000273,UPPER,6,10,32,385.70,12342.40
14993,14994,2022121301000595,RFPL,19,55,10,222.60,2226.00
14994,14995,2022121304000272,RIDI,38,1,500,492.00,246000.00
14995,14996,2022121303000394,JBBL,33,45,10,278.00,2780.00
14996,14997,2022121303000393,JBBL,49,45,19,278.00,5282.00
14997,14998,2022121304000271,SJCL,22,50,30,218.00,6540.00
14998,14999,2022121304000270,UPPER,43,22,500,386.00,193000.00
14999,15000,2022121303000392,SFCL,26,39,27,256.00,6912.00
15000,15001,2022121303000391,NLIC,41,45,12,606.10,7273.20
15001,15002,2022121301000594,PPL,34,34,10,206.00,2060.00
15002,15003,2022121301000593,PPL,34,34,10,205.00,2050.00
15003,15004,2022121301000592,PPL,34,56,10,204.90,2049.00
15004,15005,2022121301000591,PPL,34,58,10,200.00,2000.00
15005,15006,2022121304000269,UPPER,39,22,50,386.00,19300.00
15006,15007,2022121301000590,DORDI,29,45,10,226.80,2268.00
15007,15008,2022121301000589,NABIL,28,8,113,816.00,92208.00
15008,15009,2022121301000588,NABIL,28,19,37,816.00,30192.00
15009,15010,2022121304000268,IGI,11,42,20,360.00,7200.00
15010,15011,2022121301000587,NABIL,38,19,10,816.00,8160.00
15011,15012,2022121303000390,SMFDB,53,58,10,1235.00,12350.00
15012,15013,2022121303000389,NLIC,21,32,25,608.00,15200.00
15013,15014,2022121301000586,SGHC,25,58,10,252.00,2520.00
15014,15015,2022121301000585,RFPL,19,32,10,222.60,2226.00
15015,15016,2022121301000584,RFPL,19,32,10,222.60,2226.00
15016,15017,2022121304000267,UNHPL,26,55,100,191.00,19100.00
15017,15018,2022121301000583,NCCB,39,56,339,180.00,61020.00
15018,15019,2022121301000582,NABIL,43,19,10,816.00,8160.00
15019,15020,2022121301000581,SGHC,25,20,10,252.00,2520.00
15020,15021,2022121301000580,SGHC,25,58,10,252.00,2520.00
15021,15022,2022121301000579,SPHL,58,55,10,345.90,3459.00
15022,15023,2022121301000578,SIKLES,34,7,10,370.00,3700.00
15023,15024,2022121304000266,UMHL,13,48,100,225.10,22510.00
15024,15025,2022121301000577,GVL,44,21,10,306.90,3069.00
15025,15026,2022121301000576,NABIL,58,19,70,816.00,57120.00
15026,15027,2022121301000575,NCCB,42,56,22,180.00,3960.00
15027,15028,2022121301000574,NCCB,43,56,50,180.00,9000.00
15028,15029,2022121301000573,NCCB,41,56,89,180.00,16020.00
15029,15030,2022121301000572,RHGCL,32,49,10,204.10,2041.00
15030,15031,2022121303000388,SMFDB,43,28,10,1222.00,12220.00
15031,15032,2022121303000387,SMFDB,51,28,80,1222.00,97760.00
15032,15033,2022121303000386,SMFDB,25,28,10,1230.00,12300.00
15033,15034,2022121304000265,SHEL,55,32,10,232.00,2320.00
15034,15035,2022121303000385,SMFDB,22,28,100,1223.00,122300.00
15035,15036,2022121303000384,CBBL,51,45,15,1096.00,16440.00
15036,15037,2022121301000571,CBL,6,14,290,213.00,61770.00
15037,15038,2022121301000570,CBL,1,14,10,213.00,2130.00
15038,15039,2022121301000569,KBL,42,41,40,185.00,7400.00
15039,15040,2022121305000066,MBJC,16,49,10,205.70,2057.00
15040,15041,2022121303000383,NICLBSL,42,32,10,711.00,7110.00
15041,15042,2022121304000264,NHPC,4,57,80,201.00,16080.00
15042,15043,2022121304000263,UPPER,57,57,100,385.50,38550.00
15043,15044,2022121301000568,SHIVM,51,41,10,548.80,5488.00
15044,15045,2022121301000567,SPHL,58,50,10,345.90,3459.00
15045,15046,2022121304000262,NIBSF2,32,55,100,6.92,692.00
15046,15047,2022121303000382,CBBL,42,21,16,1096.00,17536.00
15047,15048,2022121301000566,PRVU,36,39,613,201.00,123213.00
15048,15049,2022121301000565,SGHC,38,7,10,247.50,2475.00
15049,15050,2022121304000261,NGPL,34,49,10,209.90,2099.00
15050,15051,2022121301000564,USHEC,32,16,10,246.00,2460.00
15051,15052,2022121301000563,SRBL,38,45,100,183.00,18300.00
15052,15053,2022121301000562,SRBL,38,29,500,183.00,91500.00
15053,15054,2022121301000561,SRBL,38,56,850,183.00,155550.00
15054,15055,2022121303000381,NTC,16,58,10,886.00,8860.00
15055,15056,2022121303000380,SHINE,44,44,18,335.00,6030.00
15056,15057,2022121301000560,DORDI,52,32,10,227.10,2271.00
15057,15058,2022121301000559,USHEC,32,32,10,246.00,2460.00
15058,15059,2022121301000558,SIKLES,34,49,10,370.00,3700.00
15059,15060,2022121303000379,NTC,54,58,10,886.00,8860.00
15060,15061,2022121301000557,SPHL,32,22,10,352.00,3520.00
15061,15062,2022121301000556,GBIME,7,38,10,214.00,2140.00
15062,15063,2022121301000555,SIKLES,34,32,10,370.00,3700.00
15063,15064,2022121305000065,MBJC,50,16,10,205.60,2056.00
15064,15065,2022121303000378,ICFC,42,59,20,428.50,8570.00
15065,15066,2022121301000554,EBL,58,26,30,448.80,13464.00
15066,15067,2022121301000553,EBL,58,45,20,448.70,8974.00
15067,15068,2022121303000377,NTC,54,49,10,886.00,8860.00
15068,15069,2022121301000552,GBIME,45,38,10,214.00,2140.00
15069,15070,2022121303000376,GBBL,25,35,100,376.00,37600.00
15070,15071,2022121303000375,NADEP,16,50,20,699.00,13980.00
15071,15072,2022121303000374,NIFRA,33,3,54,183.10,9887.40
15072,15073,2022121303000373,SHINE,44,38,500,335.00,167500.00
15073,15074,2022121303000372,SHINE,44,45,500,335.00,167500.00
15074,15075,2022121303000371,SHINE,44,39,1000,335.00,335000.00
15075,15076,2022121303000370,SHINE,44,42,132,334.90,44206.80
15076,15077,2022121303000369,SHINE,44,44,800,334.90,267920.00
15077,15078,2022121303000368,SHINE,44,44,1000,334.00,334000.00
15078,15079,2022121303000367,SHINE,44,22,50,334.00,16700.00
15079,15080,2022121301000551,SHIVM,22,52,70,549.00,38430.00
15080,15081,2022121301000550,DORDI,56,7,10,227.00,2270.00
15081,15082,2022121301000549,SIKLES,34,32,10,370.00,3700.00
15082,15083,2022121301000548,NABIL,4,19,73,816.00,59568.00
15083,15084,2022121301000547,NABIL,4,49,10,816.00,8160.00
15084,15085,2022121301000546,NABIL,4,19,33,815.00,26895.00
15085,15086,2022121304000260,HDHPC,16,56,95,174.90,16615.50
15086,15087,2022121301000545,BOKL,51,45,11,211.00,2321.00
15087,15088,2022121304000259,NGPL,49,16,100,208.00,20800.00
15088,15089,2022121303000366,FMDBL,34,34,192,705.00,135360.00
15089,15090,2022121304000258,BARUN,57,58,65,203.00,13195.00
15090,15091,2022121301000544,UHEWA,33,16,10,347.10,3471.00
15091,15092,2022121301000543,USHEC,8,39,10,246.10,2461.00
15092,15093,2022121303000365,NIFRA,52,32,10,183.00,1830.00
15093,15094,2022121305000064,SAHAS,45,49,10,444.30,4443.00
15094,15095,2022121301000542,NABIL,49,19,50,815.00,40750.00
15095,15096,2022121301000541,NABIL,35,19,14,815.00,11410.00
15096,15097,2022121301000540,NIB,34,50,167,218.10,36422.70
15097,15098,2022121301000539,NIB,40,50,100,218.10,21810.00
15098,15099,2022121301000538,NIB,56,50,20,218.20,4364.00
15099,15100,2022121301000537,NIB,25,50,40,218.50,8740.00
15100,15101,2022121301000536,NIB,33,50,100,218.50,21850.00
15101,15102,2022121301000535,RHGCL,32,25,10,204.10,2041.00
15102,15103,2022121303000364,FMDBL,34,14,100,705.00,70500.00
15103,15104,2022121303000363,FMDBL,8,14,50,705.10,35255.00
15104,15105,2022121304000257,RIDI,37,39,485,492.90,239056.50
15105,15106,2022121304000256,API,16,8,48,209.00,10032.00
15106,15107,2022121303000362,NIFRA,52,21,108,183.00,19764.00
15107,15108,2022121303000361,NIFRA,52,32,44,183.00,8052.00
15108,15109,2022121301000534,NABIL,35,19,19,815.00,15485.00
15109,15110,2022121304000255,UPPER,19,16,98,386.00,37828.00
15110,15111,2022121304000254,UPPER,19,16,32,386.00,12352.00
15111,15112,2022121303000360,GUFL,28,11,10,527.30,5273.00
15112,15113,2022121301000533,CCBL,22,45,600,185.70,111420.00
15113,15114,2022121301000532,RHGCL,32,16,10,204.10,2041.00
15114,15115,2022121303000359,SHINE,36,44,200,334.90,66980.00
15115,15116,2022121301000531,SHIVM,34,52,50,549.00,27450.00
15116,15117,2022121305000063,SLI,55,32,10,325.20,3252.00
15117,15118,2022121301000530,GVL,29,13,80,307.00,24560.00
15118,15119,2022121304000253,MHNL,32,40,250,250.00,62500.00
15119,15120,2022121303000358,SMFDB,49,28,10,1236.00,12360.00
15120,15121,2022121301000529,CCBL,58,45,90,186.00,16740.00
15121,15122,2022121301000528,CCBL,32,45,200,186.00,37200.00
15122,15123,2022121301000527,CCBL,22,45,10,186.00,1860.00
15123,15124,2022121303000357,GBBL,49,38,8,367.50,2940.00
15124,15125,2022121304000252,NGPL,49,38,110,208.00,22880.00
15125,15126,2022121304000251,NGPL,13,38,40,208.50,8340.00
15126,15127,2022121301000526,MEGA,6,25,128,195.00,24960.00
15127,15128,2022121301000525,ADBL,13,11,76,311.00,23636.00
15128,15129,2022121303000356,SMFDB,14,53,250,1230.00,307500.00
15129,15130,2022121301000524,NESDO,35,16,10,3321.00,33210.00
15130,15131,2022121305000062,SAHAS,32,3,10,444.20,4442.00
15131,15132,2022121303000355,SHINE,36,22,100,334.90,33490.00
15132,15133,2022121303000354,SHINE,36,51,200,334.80,66960.00
15133,15134,2022121303000353,SHINE,36,4,300,334.70,100410.00
15134,15135,2022121303000352,SHINE,36,47,100,333.00,33300.00
15135,15136,2022121304000250,SHPC,51,40,100,270.00,27000.00
15136,15137,2022121304000249,SHPC,33,40,100,270.00,27000.00
15137,15138,2022121301000523,GVL,29,34,10,307.00,3070.00
15138,15139,2022121305000061,JALPA,58,46,10,3325.00,33250.00
15139,15140,2022121301000522,NABIL,35,14,17,815.00,13855.00
15140,15141,2022121303000351,FMDBL,34,34,700,708.90,496230.00
15141,15142,2022121301000521,NABIL,21,14,20,815.00,16300.00
15142,15143,2022121301000520,NABIL,17,14,10,815.00,8150.00
15143,15144,2022121301000519,NABIL,28,14,400,815.00,326000.00
15144,15145,2022121301000518,NABIL,51,14,20,815.00,16300.00
15145,15146,2022121301000517,NABIL,11,14,33,815.00,26895.00
15146,15147,2022121303000350,NRN,28,50,50,396.00,19800.00
15147,15148,2022121304000248,RIDI,33,1,500,487.20,243600.00
15148,15149,2022121301000516,GVL,29,25,10,307.00,3070.00
15149,15150,2022121304000247,UPPER,57,16,120,385.20,46224.00
15150,15151,2022121301000515,KBL,45,41,50,185.00,9250.00
15151,15152,2022121305000060,MKJC,34,28,10,404.80,4048.00
15152,15153,2022121304000246,UPPER,57,41,100,385.20,38520.00
15153,15154,2022121303000349,SMFDB,38,48,100,1235.00,123500.00
15154,15155,2022121304000245,UPPER,57,58,200,385.20,77040.00
15155,15156,2022121301000514,PRVU,22,39,25,201.00,5025.00
15156,15157,2022121303000348,NADEP,52,5,10,695.00,6950.00
15157,15158,2022121303000347,DDBL,58,17,10,1038.00,10380.00
15158,15159,2022121303000346,DDBL,58,26,10,1030.50,10305.00
15159,15160,2022121301000513,NABIL,51,19,36,816.00,29376.00
15160,15161,2022121301000512,LBL,14,50,14,188.20,2634.80
15161,15162,2022121301000511,UHEWA,33,16,10,347.10,3471.00
15162,15163,2022121301000510,UHEWA,33,35,10,347.10,3471.00
15163,15164,2022121303000345,DDBL,58,29,10,1030.00,10300.00
15164,15165,2022121305000059,JBLB,8,17,10,2710.00,27100.00
15165,15166,2022121304000244,UPCL,22,58,450,218.00,98100.00
15166,15167,2022121304000243,UPCL,22,25,100,217.90,21790.00
15167,15168,2022121303000344,NTC,13,51,40,885.00,35400.00
15168,15169,2022121303000343,NTC,51,51,20,886.00,17720.00
15169,15170,2022121303000342,NTC,35,51,40,886.00,35440.00
15170,15171,2022121301000509,NESDO,34,59,100,3340.00,334000.00
15171,15172,2022121301000508,NIB,57,35,100,220.00,22000.00
15172,15173,2022121301000507,NIB,42,35,20,220.00,4400.00
15173,15174,2022121301000506,NIB,7,35,10,220.00,2200.00
15174,15175,2022121301000505,NIB,57,35,200,220.00,44000.00
15175,15176,2022121301000504,NIB,53,35,100,220.00,22000.00
15176,15177,2022121303000341,SMFDB,26,28,63,1226.00,77238.00
15177,15178,2022121305000058,NYADI,58,16,10,267.20,2672.00
15178,15179,2022121304000242,RURU,13,25,10,725.50,7255.00
15179,15180,2022121304000241,UPPER,22,45,366,385.00,140910.00
15180,15181,2022121304000240,AKJCL,49,43,10,172.00,1720.00
15181,15182,2022121301000503,MEGA,17,25,100,195.00,19500.00
15182,15183,2022121301000502,MEGA,45,25,30,195.00,5850.00
15183,15184,2022121301000501,MEGA,51,25,30,195.20,5856.00
15184,15185,2022121301000500,MEGA,14,25,200,195.20,39040.00
15185,15186,2022121301000499,MEGA,25,25,45,196.00,8820.00
15186,15187,2022121301000498,MEGA,52,25,17,196.00,3332.00
15187,15188,2022121301000497,AVYAN,42,58,30,698.70,20961.00
15188,15189,2022121301000496,AVYAN,42,7,20,698.50,13970.00
15189,15190,2022121301000495,CYCL,1,16,10,2260.20,22602.00
15190,15191,2022121301000494,NABIL,35,19,45,816.00,36720.00
15191,15192,2022121301000493,NABIL,35,39,33,815.90,26924.70
15192,15193,2022121304000239,GLH,8,58,10,243.00,2430.00
15193,15194,2022121301000492,NABIL,57,6,1,800.00,800.00
15194,15195,2022121301000491,LBL,14,14,720,188.20,135504.00
15195,15196,2022121301000490,LBL,45,14,10,188.30,1883.00
15196,15197,2022121301000489,LBL,38,14,1000,188.40,188400.00
15197,15198,2022121301000488,LBL,45,14,500,188.50,94250.00
15198,15199,2022121301000487,LBL,51,14,100,188.50,18850.00
15199,15200,2022121301000486,LBL,17,14,200,188.50,37700.00
15200,15201,2022121301000485,LBL,14,14,170,188.60,32062.00
15201,15202,2022121301000484,LBL,22,14,690,188.70,130203.00
15202,15203,2022121301000483,LBL,47,14,100,189.00,18900.00
15203,15204,2022121303000340,NLIC,41,51,40,606.10,24244.00
15204,15205,2022121303000339,NLIC,4,51,10,606.10,6061.00
15205,15206,2022121303000338,NLIC,57,51,40,607.00,24280.00
15206,15207,2022121303000337,NLIC,58,51,10,607.00,6070.00
15207,15208,2022121303000336,NTC,35,49,10,886.00,8860.00
15208,15209,2022121304000238,NGPL,36,49,800,209.90,167920.00
15209,15210,2022121304000237,NGPL,36,39,100,209.80,20980.00
15210,15211,2022121301000482,PPL,33,25,10,202.20,2022.00
15211,15212,2022121301000481,PPL,33,25,10,202.00,2020.00
15212,15213,2022121301000480,PPL,33,22,10,202.00,2020.00
15213,15214,2022121301000479,PPL,33,57,10,201.00,2010.00
15214,15215,2022121301000478,PPL,33,52,10,200.00,2000.00
15215,15216,2022121301000477,PPL,33,57,10,200.00,2000.00
15216,15217,2022121303000335,NTC,43,49,10,886.00,8860.00
15217,15218,2022121301000476,SHIVM,7,25,200,549.00,109800.00
15218,15219,2022121301000475,SHIVM,7,6,50,549.00,27450.00
15219,15220,2022121304000236,UPPER,22,11,50,385.00,19250.00
15220,15221,2022121304000235,UPCL,14,19,200,217.10,43420.00
15221,15222,2022121304000234,UPCL,16,19,100,217.90,21790.00
15222,15223,2022121301000474,BHDC,47,33,10,340.00,3400.00
15223,15224,2022121301000473,BHDC,47,7,10,340.00,3400.00
15224,15225,2022121301000472,BHDC,47,19,10,340.00,3400.00
15225,15226,2022121301000471,NBL,11,35,50,277.00,13850.00
15226,15227,2022121303000334,NTC,43,58,10,886.00,8860.00
15227,15228,2022121301000470,SIKLES,34,34,10,370.00,3700.00
15228,15229,2022121304000233,UPPER,22,16,84,385.00,32340.00
15229,15230,2022121304000232,UPPER,13,16,16,385.00,6160.00
15230,15231,2022121301000469,PCBL,6,35,300,222.70,66810.00
15231,15232,2022121301000468,PCBL,17,35,200,222.70,44540.00
15232,15233,2022121301000467,PCBL,49,35,50,222.80,11140.00
15233,15234,2022121305000057,MBJC,50,34,10,205.60,2056.00
15234,15235,2022121305000056,SAHAS,45,49,10,445.00,4450.00
15235,15236,2022121305000055,SAHAS,45,6,10,445.00,4450.00
15236,15237,2022121301000466,BHL,35,16,10,243.20,2432.00
15237,15238,2022121304000231,MEN,41,10,20,738.00,14760.00
15238,15239,2022121301000465,PRVU,22,14,90,200.00,18000.00
15239,15240,2022121303000333,SMFDB,26,58,25,1226.00,30650.00
15240,15241,2022121303000332,SMFDB,26,11,12,1225.00,14700.00
15241,15242,2022121304000230,UPPER,13,58,70,385.00,26950.00
15242,15243,2022121305000054,SAHAS,32,51,10,444.20,4442.00
15243,15244,2022121301000464,CYCL,1,41,10,2260.20,22602.00
15244,15245,2022121301000463,NABIL,49,39,90,815.90,73431.00
15245,15246,2022121304000229,AKPL,51,40,100,349.00,34900.00
15246,15247,2022121301000462,AVYAN,19,7,10,698.50,6985.00
15247,15248,2022121301000461,PRVU,7,14,100,200.00,20000.00
15248,15249,2022121301000460,PRVU,22,14,31,200.00,6200.00
15249,15250,2022121301000459,PRVU,34,14,100,200.10,20010.00
15250,15251,2022121301000458,PRVU,13,14,30,200.20,6006.00
15251,15252,2022121304000228,UPPER,13,14,14,385.00,5390.00
15252,15253,2022121304000227,UPPER,53,14,30,385.00,11550.00
15253,15254,2022121301000457,KBL,51,29,250,183.00,45750.00
15254,15255,2022121301000456,KBL,19,29,50,183.00,9150.00
15255,15256,2022121301000455,KBL,46,29,100,183.00,18300.00
15256,15257,2022121301000454,KBL,45,29,50,183.00,9150.00
15257,15258,2022121301000453,KBL,34,29,20,183.00,3660.00
15258,15259,2022121301000452,KBL,49,29,30,184.00,5520.00
15259,15260,2022121301000451,KBL,13,29,30,184.10,5523.00
15260,15261,2022121301000450,NABIL,53,38,20,815.50,16310.00
15261,15262,2022121304000226,UNHPL,16,44,500,191.00,95500.00
15262,15263,2022121303000331,NIFRA,52,40,64,183.00,11712.00
15263,15264,2022121301000449,RHGCL,56,58,10,204.00,2040.00
15264,15265,2022121304000225,UPPER,52,58,100,385.20,38520.00
15265,15266,2022121305000053,SAHAS,32,16,10,444.20,4442.00
15266,15267,2022121301000448,NABIL,58,38,10,815.50,8155.00
15267,15268,2022121301000447,NABIL,17,38,10,815.50,8155.00
15268,15269,2022121301000446,NABIL,1,38,10,815.50,8155.00
15269,15270,2022121301000445,SBL,22,26,30,315.00,9450.00
15270,15271,2022121304000224,UPPER,10,16,68,386.00,26248.00
15271,15272,2022121304000223,UPPER,10,58,132,386.00,50952.00
15272,15273,2022121304000222,UPPER,52,33,200,385.20,77040.00
15273,15274,2022121305000052,SLI,55,56,10,325.10,3251.00
15274,15275,2022121301000444,NMB,16,22,100,231.20,23120.00
15275,15276,2022121301000443,RFPL,34,16,10,222.50,2225.00
15276,15277,2022121301000442,NBL,16,34,20,276.00,5520.00
15277,15278,2022121304000221,UPPER,49,58,150,386.00,57900.00
15278,15279,2022121301000441,NABIL,58,39,15,815.90,12238.50
15279,15280,2022121304000220,UPPER,43,58,218,386.00,84148.00
15280,15281,2022121304000219,UPPER,43,38,196,386.00,75656.00
15281,15282,2022121304000218,UPPER,43,58,46,386.00,17756.00
15282,15283,2022121301000440,RHGCL,56,25,10,204.00,2040.00
15283,15284,2022121301000439,NICFC,29,58,200,7.67,1534.00
15284,15285,2022121305000051,SAHAS,32,49,10,444.20,4442.00
15285,15286,2022121304000217,SPDL,36,49,800,267.90,214320.00
15286,15287,2022121304000216,SPDL,36,26,100,267.80,26780.00
15287,15288,2022121301000438,GBIME,6,50,220,213.00,46860.00
15288,15289,2022121305000050,MBJC,50,58,10,205.60,2056.00
15289,15290,2022121303000330,NMFBS,56,58,10,2000.00,20000.00
15290,15291,2022121303000329,ICFC,41,25,20,424.80,8496.00
15291,15292,2022121303000328,FMDBL,34,6,200,708.90,141780.00
15292,15293,2022121303000327,NRIC,7,45,500,700.00,350000.00
15293,15294,2022121301000437,ADLB,13,16,10,388.00,3880.00
15294,15295,2022121301000436,SHIVM,41,28,50,549.90,27495.00
15295,15296,2022121301000435,NABIL,58,39,15,815.90,12238.50
15296,15297,2022121301000434,NABIL,1,39,10,815.90,8159.00
15297,15298,2022121304000215,HDHPC,13,14,30,174.00,5220.00
15298,15299,2022121301000433,LBL,14,54,30,188.60,5658.00
15299,15300,2022121301000432,CYCL,1,58,10,2260.20,22602.00
15300,15301,2022121301000431,NABIL,4,39,337,815.90,274958.30
15301,15302,2022121301000430,NABIL,4,28,123,815.90,100355.70
15302,15303,2022121303000326,GRDBL,48,32,30,225.40,6762.00
15303,15304,2022121301000429,NABIL,11,14,31,815.00,25265.00
15304,15305,2022121301000428,GBIME,21,38,55,214.00,11770.00
15305,15306,2022121301000427,SHIVM,57,28,470,549.90,258453.00
15306,15307,2022121301000426,SHIVM,57,52,30,548.00,16440.00
15307,15308,2022121301000425,HHL,52,49,10,215.00,2150.00
15308,15309,2022121303000325,ICFC,46,59,20,428.50,8570.00
15309,15310,2022121303000324,NICLBSL,42,17,30,711.00,21330.00
15310,15311,2022121303000323,NICLBSL,56,17,20,711.00,14220.00
15311,15312,2022121303000322,NTC,42,36,10,889.00,8890.00
15312,15313,2022121301000424,PPL,6,51,10,199.00,1990.00
15313,15314,2022121303000321,NIFRA,52,39,54,183.00,9882.00
15314,15315,2022121301000423,SGHC,57,7,10,250.00,2500.00
15315,15316,2022121303000320,MNBBL,22,58,50,419.00,20950.00
15316,15317,2022121303000319,FMDBL,34,33,50,708.90,35445.00
15317,15318,2022121304000214,UPPER,47,58,30,386.00,11580.00
15318,15319,2022121304000213,AKPL,34,40,500,348.00,174000.00
15319,15320,2022121301000422,NABIL,11,19,100,815.00,81500.00
15320,15321,2022121301000421,NABIL,11,29,36,815.00,29340.00
15321,15322,2022121301000420,CYCL,1,38,10,2260.20,22602.00
15322,15323,2022121301000419,SPHL,21,32,10,345.80,3458.00
15323,15324,2022121301000418,UHEWA,33,16,10,347.10,3471.00
15324,15325,2022121301000417,NBL,17,35,225,277.00,62325.00
15325,15326,2022121303000318,NIFRA,52,39,64,183.00,11712.00
15326,15327,2022121303000317,HIDCL,57,46,28,165.00,4620.00
15327,15328,2022121304000212,UPCL,16,58,300,217.90,65370.00
15328,15329,2022121301000416,LBL,14,14,10,191.00,1910.00
15329,15330,2022121301000415,GBIME,6,38,17,214.00,3638.00
15330,15331,2022121301000414,GBIME,6,49,83,214.00,17762.00
15331,15332,2022121303000316,LBBL,45,58,200,323.00,64600.00
15332,15333,2022121301000413,CCBL,46,45,90,187.00,16830.00
15333,15334,2022121301000412,NABIL,28,25,30,814.00,24420.00
15334,15335,2022121301000411,NABIL,56,25,50,814.00,40700.00
15335,15336,2022121301000410,NABIL,38,25,50,814.00,40700.00
15336,15337,2022121301000409,NABIL,38,25,10,814.00,8140.00
15337,15338,2022121301000408,NABIL,52,25,10,814.00,8140.00
15338,15339,2022121305000049,SLI,55,16,10,325.10,3251.00
15339,15340,2022121301000407,NABIL,45,29,100,815.00,81500.00
15340,15341,2022121303000315,MNBBL,45,59,50,420.00,21000.00
15341,15342,2022121301000406,MEGA,52,54,33,196.00,6468.00
15342,15343,2022121301000405,GBIME,6,19,22,213.00,4686.00
15343,15344,2022121303000314,GRDBL,44,32,20,230.00,4600.00
15344,15345,2022121301000404,SIKLES,34,16,10,370.00,3700.00
15345,15346,2022121304000211,UPPER,44,58,15,386.00,5790.00
15346,15347,2022121301000403,NIB,43,5,590,220.00,129800.00
15347,15348,2022121301000402,NIB,48,5,10,220.00,2200.00
15348,15349,2022121301000401,NIB,53,5,100,220.00,22000.00
15349,15350,2022121301000400,NABIL,1,45,10,815.00,8150.00
15350,15351,2022121304000210,SICL,21,1,26,765.00,19890.00
15351,15352,2022121301000399,NABIL,58,45,50,815.00,40750.00
15352,15353,2022121304000209,NGPL,35,49,100,209.90,20990.00
15353,15354,2022121301000398,AVYAN,34,16,10,690.00,6900.00
15354,15355,2022121305000048,SLI,55,57,10,325.10,3251.00
15355,15356,2022121301000397,SBL,36,26,443,315.00,139545.00
15356,15357,2022121301000396,SBL,36,38,57,313.00,17841.00
15357,15358,2022121301000395,MEGA,52,42,50,196.00,9800.00
15358,15359,2022121303000313,HIDCL,56,34,10,167.00,1670.00
15359,15360,2022121301000394,CYCL,1,44,10,2260.20,22602.00
15360,15361,2022121304000208,UPCL,51,58,200,217.90,43580.00
15361,15362,2022121303000312,ACLBSL,38,41,14,721.00,10094.00
15362,15363,2022121301000393,SIKLES,34,57,10,370.00,3700.00
15363,15364,2022121304000207,UPPER,39,58,300,385.00,115500.00
15364,15365,2022121301000392,UHEWA,54,32,10,350.00,3500.00
15365,15366,2022121303000311,NTC,26,36,200,889.00,177800.00
15366,15367,2022121305000047,SLI,55,58,10,325.10,3251.00
15367,15368,2022121304000206,UPCL,16,34,100,217.80,21780.00
15368,15369,2022121303000310,HIDCL,34,34,50,167.00,8350.00
15369,15370,2022121303000309,HIDCL,4,34,50,167.00,8350.00
15370,15371,2022121304000205,NHPC,4,34,20,199.30,3986.00
15371,15372,2022121301000391,SIKLES,34,57,10,370.00,3700.00
15372,15373,2022121304000204,UPPER,39,6,100,385.00,38500.00
15373,15374,2022121301000390,NABIL,17,45,76,815.00,61940.00
15374,15375,2022121303000308,SMFDB,43,56,10,1220.00,12200.00
15375,15376,2022121303000307,SMFDB,43,44,10,1220.00,12200.00
15376,15377,2022121303000306,SMFDB,43,5,50,1220.00,61000.00
15377,15378,2022121303000305,SMFDB,43,53,86,1220.00,104920.00
15378,15379,2022121303000304,SMFDB,43,11,100,1219.00,121900.00
15379,15380,2022121303000303,SMFDB,43,44,100,1218.00,121800.00
15380,15381,2022121304000203,UPPER,39,16,100,385.00,38500.00
15381,15382,2022121303000302,SKBBL,16,39,17,1127.00,19159.00
15382,15383,2022121304000202,UPPER,50,58,230,386.00,88780.00
15383,15384,2022121304000201,UPPER,50,55,170,385.10,65467.00
15384,15385,2022121304000200,BPCL,6,13,29,302.10,8760.90
15385,15386,2022121303000301,SMFDB,3,44,50,1218.00,60900.00
15386,15387,2022121304000199,NGPL,53,35,60,209.00,12540.00
15387,15388,2022121303000300,NRIC,34,6,300,699.20,209760.00
15388,15389,2022121303000299,NRIC,34,41,10,698.90,6989.00
15389,15390,2022121303000298,NRIC,34,41,40,698.00,27920.00
15390,15391,2022121301000389,ADBL,47,19,31,314.70,9755.70
15391,15392,2022121305000046,MBJC,58,16,10,205.50,2055.00
15392,15393,2022121301000388,MEGA,49,33,10,198.90,1989.00
15393,15394,2022121304000198,AIL,1,43,20,381.10,7622.00
15394,15395,2022121301000387,SBL,1,22,50,312.00,15600.00
15395,15396,2022121304000197,UPPER,43,58,70,384.10,26887.00
15396,15397,2022121303000297,NIFRA,52,32,10,183.00,1830.00
15397,15398,2022121301000386,SGHC,44,16,220,247.40,54428.00
15398,15399,2022121301000385,NESDO,35,13,10,3321.00,33210.00
15399,15400,2022121301000384,CYCL,1,35,10,2260.20,22602.00
15400,15401,2022121301000383,NABIL,52,32,22,814.00,17908.00
15401,15402,2022121303000296,NIFRA,25,8,15,184.40,2766.00
15402,15403,2022121301000382,RHGCL,56,49,10,205.00,2050.00
15403,15404,2022121301000381,CYCL,1,26,10,2260.20,22602.00
15404,15405,2022121301000380,GVL,44,16,10,306.90,3069.00
15405,15406,2022121303000295,NIFRA,52,32,44,183.00,8052.00
15406,15407,2022121301000379,GBIME,6,52,242,213.00,51546.00
15407,15408,2022121301000378,GBIME,6,56,94,213.00,20022.00
15408,15409,2022121303000294,MNBBL,34,59,39,420.00,16380.00
15409,15410,2022121301000377,AVYAN,42,49,10,698.00,6980.00
15410,15411,2022121301000376,AVYAN,42,58,10,698.00,6980.00
15411,15412,2022121301000375,AVYAN,42,56,10,698.00,6980.00
15412,15413,2022121304000196,HEI,33,13,114,361.30,41188.20
15413,15414,2022121303000293,GMFIL,13,35,10,318.90,3189.00
15414,15415,2022121304000195,NGPL,38,35,30,209.00,6270.00
15415,15416,2022121303000292,NTC,32,51,90,883.00,79470.00
15416,15417,2022121303000291,NTC,52,51,30,883.00,26490.00
15417,15418,2022121303000290,NTC,35,51,30,883.50,26505.00
15418,15419,2022121303000289,NTC,58,51,50,885.00,44250.00
15419,15420,2022121301000374,NABIL,1,32,10,814.00,8140.00
15420,15421,2022121301000373,BHDC,50,16,10,338.40,3384.00
15421,15422,2022121303000288,NTC,34,28,10,890.00,8900.00
15422,15423,2022121303000287,NIFRA,52,49,54,183.00,9882.00
15423,15424,2022121301000372,NABIL,49,58,99,814.00,80586.00
15424,15425,2022121301000371,SPHL,21,6,10,345.80,3458.00
15425,15426,2022121303000286,HIDCL,48,25,100,168.00,16800.00
15426,15427,2022121305000045,JBLB,58,13,17,2710.00,46070.00
15427,15428,2022121305000044,MBJC,58,58,10,205.50,2055.00
15428,15429,2022121301000370,SCB,22,47,100,405.00,40500.00
15429,15430,2022121301000369,NABIL,42,58,61,814.00,49654.00
15430,15431,2022121301000368,NABIL,42,45,95,814.00,77330.00
15431,15432,2022121301000367,NABIL,57,45,100,814.00,81400.00
15432,15433,2022121301000366,NIB,26,37,170,223.50,37995.00
15433,15434,2022121301000365,NIB,48,37,20,224.00,4480.00
15434,15435,2022121301000364,NIB,53,37,10,224.00,2240.00
15435,15436,2022121301000363,CYCL,1,49,10,2260.20,22602.00
15436,15437,2022121301000362,PPL,34,49,10,198.50,1985.00
15437,15438,2022121303000285,KLBSL,39,7,10,821.00,8210.00
15438,15439,2022121304000194,UPPER,6,55,293,385.00,112805.00
15439,15440,2022121304000193,SHPC,32,57,22,270.00,5940.00
15440,15441,2022121304000192,HDHPC,36,46,100,173.00,17300.00
15441,15442,2022121301000361,SHIVM,38,52,170,548.00,93160.00
15442,15443,2022121305000043,SAHAS,17,6,10,444.00,4440.00
15443,15444,2022121304000191,NGPL,13,47,260,208.50,54210.00
15444,15445,2022121301000360,AVYAN,42,49,10,697.00,6970.00
15445,15446,2022121303000284,NTC,29,36,100,889.00,88900.00
15446,15447,2022121304000190,UPPER,6,7,50,385.00,19250.00
15447,15448,2022121304000189,UPPER,6,16,100,385.00,38500.00
15448,15449,2022121304000188,UPPER,6,46,57,385.00,21945.00
15449,15450,2022121304000187,PRIN,35,35,57,394.30,22475.10
15450,15451,2022121304000186,PRIN,16,35,38,394.40,14987.20
15451,15452,2022121301000359,RFPL,28,58,10,226.00,2260.00
15452,15453,2022121304000185,UPPER,53,46,50,385.00,19250.00
15453,15454,2022121305000042,SAHAS,45,13,200,450.00,90000.00
15454,15455,2022121305000041,SAHAS,45,58,10,450.00,4500.00
15455,15456,2022121305000040,SAHAS,45,58,10,449.00,4490.00
15456,15457,2022121304000184,UPPER,38,26,50,384.90,19245.00
15457,15458,2022121303000283,MNBBL,36,59,10,420.00,4200.00
15458,15459,2022121301000358,KBL,33,48,50,184.00,9200.00
15459,15460,2022121301000357,SHIVM,57,6,60,545.00,32700.00
15460,15461,2022121303000282,HIDCL,4,57,10,167.00,1670.00
15461,15462,2022121301000356,MEGA,22,35,99,198.50,19651.50
15462,15463,2022121304000183,UPPER,43,44,90,384.10,34569.00
15463,15464,2022121304000182,NGPL,38,47,40,208.50,8340.00
15464,15465,2022121303000281,FMDBL,34,22,50,708.90,35445.00
15465,15466,2022121303000280,NSLB,58,16,320,760.00,243200.00
15466,15467,2022121303000279,NSLB,58,58,20,758.00,15160.00
15467,15468,2022121303000278,NSLB,58,7,50,757.90,37895.00
15468,15469,2022121303000277,NSLB,58,52,10,757.70,7577.00
15469,15470,2022121301000355,NICFC,29,21,100,7.67,767.00
15470,15471,2022121303000276,NMFBS,34,58,30,1995.00,59850.00
15471,15472,2022121301000354,SHIVM,34,6,20,545.00,10900.00
15472,15473,2022121301000353,RHGCL,42,25,10,203.60,2036.00
15473,15474,2022121304000181,NGPL,48,47,500,208.50,104250.00
15474,15475,2022121303000275,NIFRA,44,40,100,184.40,18440.00
15475,15476,2022121301000352,NICA,36,26,500,679.00,339500.00
15476,15477,2022121301000351,MHL,41,34,10,320.00,3200.00
15477,15478,2022121303000274,NRIC,38,41,10,698.00,6980.00
15478,15479,2022121303000273,NUBL,51,58,51,888.00,45288.00
15479,15480,2022121303000272,NTC,25,13,10,887.00,8870.00
15480,15481,2022121303000271,NTC,25,50,20,887.00,17740.00
15481,15482,2022121301000350,HDL,14,52,19,3830.00,72770.00
15482,15483,2022121301000349,SHIVM,17,6,50,545.00,27250.00
15483,15484,2022121301000348,SHIVM,17,50,50,545.00,27250.00
15484,15485,2022121301000347,NICA,8,32,50,675.00,33750.00
15485,15486,2022121301000346,GBIME,58,57,98,212.00,20776.00
15486,15487,2022121303000270,HIDCL,4,57,160,167.00,26720.00
15487,15488,2022121303000269,NTC,52,28,170,883.00,150110.00
15488,15489,2022121303000268,NTC,38,28,10,884.00,8840.00
15489,15490,2022121303000267,NTC,57,28,20,884.00,17680.00
15490,15491,2022121301000345,SHIVM,13,46,15,542.50,8137.50
15491,15492,2022121301000344,SHIVM,42,46,10,542.50,5425.00
15492,15493,2022121301000343,SANIMA,56,14,11,224.80,2472.80
15493,15494,2022121301000342,AVYAN,3,7,30,697.50,20925.00
15494,15495,2022121304000180,OHL,38,38,10,485.00,4850.00
15495,15496,2022121301000341,SRBL,11,32,20,183.00,3660.00
15496,15497,2022121301000340,GBIME,57,56,10,213.00,2130.00
15497,15498,2022121303000266,SMFDB,48,53,104,1220.00,126880.00
15498,15499,2022121303000265,SMFDB,43,53,10,1225.00,12250.00
15499,15500,2022121303000264,SMFDB,45,53,100,1225.00,122500.00
15500,15501,2022121303000263,NMFBS,32,45,50,2000.10,100005.00
15501,15502,2022121304000179,UPPER,43,37,200,384.10,76820.00
15502,15503,2022121303000262,SMFDB,10,48,100,1225.00,122500.00
15503,15504,2022121301000339,NIB,49,58,10,227.00,2270.00
15504,15505,2022121304000178,UPPER,56,42,500,384.20,192100.00
15505,15506,2022121301000338,SHIVM,19,50,50,545.00,27250.00
15506,15507,2022121301000337,SCB,52,34,25,402.00,10050.00
15507,15508,2022121301000336,NESDO,45,58,50,3333.00,166650.00
15508,15509,2022121301000335,SHIVM,13,35,100,545.00,54500.00
15509,15510,2022121304000177,SJCL,39,13,100,220.00,22000.00
15510,15511,2022121305000039,SLI,36,49,10,325.00,3250.00
15511,15512,2022121303000261,GBBL,D01,58,232,375.00,87000.00
15512,15513,2022121301000334,NBL,44,47,100,277.00,27700.00
15513,15514,2022121301000333,PPL,34,49,10,198.50,1985.00
15514,15515,2022121303000260,NTC,58,57,20,884.00,17680.00
15515,15516,2022121301000332,PCBL,17,38,29,222.60,6455.40
15516,15517,2022121301000331,SGHC,21,7,10,250.00,2500.00
15517,15518,2022121305000038,SLI,55,49,10,325.10,3251.00
15518,15519,2022121305000037,JALPA,44,39,20,3361.00,67220.00
15519,15520,2022121301000330,NMB,33,42,100,231.00,23100.00
15520,15521,2022121303000259,NADEP,39,35,20,688.00,13760.00
15521,15522,2022121301000329,SGHC,38,58,10,247.30,2473.00
15522,15523,2022121304000176,PIC,41,36,20,524.30,10486.00
15523,15524,2022121304000175,PIC,11,36,50,524.30,26215.00
15524,15525,2022121301000328,NABIL,1,45,25,814.00,20350.00
15525,15526,2022121301000327,SIKLES,34,49,10,370.00,3700.00
15526,15527,2022121303000258,SDLBSL,16,33,20,912.60,18252.00
15527,15528,2022121303000257,NIFRA,54,38,64,182.50,11680.00
15528,15529,2022121301000326,SIKLES,34,49,10,370.00,3700.00
15529,15530,2022121301000325,BHDC,47,49,10,338.30,3383.00
15530,15531,2022121301000324,NBL,44,47,100,277.00,27700.00
15531,15532,2022121304000174,UPPER,43,55,40,384.10,15364.00
15532,15533,2022121304000173,API,58,17,510,209.70,106947.00
15533,15534,2022121304000172,API,58,39,190,209.50,39805.00
15534,15535,2022121301000323,NMB,33,57,124,231.00,28644.00
15535,15536,2022121304000171,RIDI,53,5,17,485.00,8245.00
15536,15537,2022121301000322,ADBL,21,38,12,310.00,3720.00
15537,15538,2022121301000321,SGHC,21,41,10,249.90,2499.00
15538,15539,2022121301000320,SGHC,21,41,10,249.90,2499.00
15539,15540,2022121303000256,SHINE,50,42,200,329.00,65800.00
15540,15541,2022121303000255,RMDC,53,41,17,950.00,16150.00
15541,15542,2022121303000254,SMFDB,48,57,50,1225.00,61250.00
15542,15543,2022121303000253,SMFDB,48,48,30,1225.00,36750.00
15543,15544,2022121303000252,SMFDB,48,7,112,1225.00,137200.00
15544,15545,2022121303000251,SMFDB,48,17,100,1218.00,121800.00
15545,15546,2022121304000170,SHPC,59,58,53,269.50,14283.50
15546,15547,2022121304000169,SHPC,25,58,27,269.60,7279.20
15547,15548,2022121304000168,SHPC,13,58,20,269.60,5392.00
15548,15549,2022121304000167,UPPER,43,14,100,384.10,38410.00
15549,15550,2022121301000319,ADBL,19,38,15,310.00,4650.00
15550,15551,2022121301000318,GBIME,58,48,132,212.00,27984.00
15551,15552,2022121301000317,GBIME,53,48,18,212.00,3816.00
15552,15553,2022121304000166,SSHL,34,10,10,175.00,1750.00
15553,15554,2022121301000316,SGHC,21,38,10,249.00,2490.00
15554,15555,2022121301000315,SGHC,21,35,10,249.00,2490.00
15555,15556,2022121301000314,SGHC,21,58,10,249.00,2490.00
15556,15557,2022121301000313,SGHC,21,49,10,249.00,2490.00
15557,15558,2022121301000312,SGHC,21,57,10,249.00,2490.00
15558,15559,2022121303000250,NTC,40,21,10,883.00,8830.00
15559,15560,2022121304000165,NHPC,40,26,96,199.50,19152.00
15560,15561,2022121304000164,NHPC,44,26,170,199.50,33915.00
15561,15562,2022121304000163,NHPC,50,26,200,199.60,39920.00
15562,15563,2022121301000311,NMB,17,57,270,231.00,62370.00
15563,15564,2022121304000162,HEI,33,49,85,361.30,30710.50
15564,15565,2022121304000161,UPPER,36,55,100,385.10,38510.00
15565,15566,2022121301000310,NABIL,44,45,10,814.00,8140.00
15566,15567,2022121301000309,NABIL,14,45,26,814.00,21164.00
15567,15568,2022121301000308,NIB,35,25,30,228.00,6840.00
15568,15569,2022121303000249,NTC,40,21,40,883.00,35320.00
15569,15570,2022121303000248,NTC,58,21,10,884.00,8840.00
15570,15571,2022121304000160,AKPL,34,40,100,345.00,34500.00
15571,15572,2022121301000307,RFPL,21,14,10,222.20,2222.00
15572,15573,2022121304000159,MHNL,33,37,100,248.00,24800.00
15573,15574,2022121304000158,UPPER,35,55,200,385.00,77000.00
15574,15575,2022121301000306,SHIVM,45,35,200,545.00,109000.00
15575,15576,2022121301000305,SHIVM,45,57,100,544.50,54450.00
15576,15577,2022121304000157,UPPER,35,55,300,385.00,115500.00
15577,15578,2022121301000304,CCBL,22,19,105,186.00,19530.00
15578,15579,2022121301000303,BOKL,6,58,66,210.00,13860.00
15579,15580,2022121303000247,GUFL,6,50,50,523.00,26150.00
15580,15581,2022121304000156,UPPER,14,55,30,385.10,11553.00
15581,15582,2022121301000302,PRVU,22,1,169,200.00,33800.00
15582,15583,2022121304000155,NGPL,10,34,100,207.00,20700.00
15583,15584,2022121304000154,UPPER,43,55,400,385.10,154040.00
15584,15585,2022121304000153,NHPC,35,26,300,200.00,60000.00
15585,15586,2022121304000152,API,48,34,28,207.60,5812.80
15586,15587,2022121304000151,RBCL,14,22,10,12597.00,125970.00
15587,15588,2022121304000150,RBCL,14,5,10,12597.00,125970.00
15588,15589,2022121304000149,RBCL,14,35,10,12596.90,125969.00
15589,15590,2022121305000036,SAHAS,32,13,10,443.50,4435.00
15590,15591,2022121301000301,NCCB,41,14,11,180.00,1980.00
15591,15592,2022121301000300,NICFC,29,21,100,7.67,767.00
15592,15593,2022121301000299,CCBL,49,45,10,187.00,1870.00
15593,15594,2022121303000246,SMFDB,58,19,200,1213.00,242600.00
15594,15595,2022121303000245,SMFDB,58,17,50,1210.00,60500.00
15595,15596,2022121303000244,SMFDB,58,35,100,1210.00,121000.00
15596,15597,2022121303000243,SMFDB,58,58,50,1210.00,60500.00
15597,15598,2022121303000242,SMFDB,58,34,30,1210.00,36300.00
15598,15599,2022121303000241,JBBL,49,57,11,278.00,3058.00
15599,15600,2022121301000298,AVYAN,34,49,10,690.00,6900.00
15600,15601,2022121303000240,SHINE,50,28,600,329.00,197400.00
15601,15602,2022121303000239,SHINE,22,28,400,329.00,131600.00
15602,15603,2022121301000297,NABIL,56,45,30,814.00,24420.00
15603,15604,2022121304000148,UPPER,43,16,100,385.10,38510.00
15604,15605,2022121303000238,GBBL,36,34,100,379.00,37900.00
15605,15606,2022121301000296,SGHC,38,58,10,247.30,2473.00
15606,15607,2022121305000035,SLI,55,49,10,325.10,3251.00
15607,15608,2022121301000295,PRVU,16,1,49,200.00,9800.00
15608,15609,2022121304000147,RIDI,57,45,355,490.00,173950.00
15609,15610,2022121301000294,CYCL,1,42,10,2260.20,22602.00
15610,15611,2022121301000293,PRVU,16,49,51,200.00,10200.00
15611,15612,2022121301000292,PRVU,46,49,21,200.00,4200.00
15612,15613,2022121303000237,BFC,38,58,10,305.00,3050.00
15613,15614,2022121305000034,SAHAS,32,26,10,443.50,4435.00
15614,15615,2022121301000291,ADBL,22,42,50,310.00,15500.00
15615,15616,2022121301000290,NABIL,38,45,20,815.00,16300.00
15616,15617,2022121305000033,JBLB,8,38,16,2710.00,43360.00
15617,15618,2022121301000289,NABIL,11,45,50,815.00,40750.00
15618,15619,2022121301000288,SHIVM,49,33,40,542.00,21680.00
15619,15620,2022121301000287,SHIVM,35,33,10,542.00,5420.00
15620,15621,2022121301000286,NABIL,42,45,10,815.00,8150.00
15621,15622,2022121305000032,MBJC,45,49,10,205.00,2050.00
15622,15623,2022121303000236,HIDCL,57,34,100,165.00,16500.00
15623,15624,2022121303000235,HIDCL,54,34,400,165.10,66040.00
15624,15625,2022121304000146,RIDI,6,45,277,490.00,135730.00
15625,15626,2022121301000285,BOKL,41,14,10,208.00,2080.00
15626,15627,2022121303000234,CBBL,42,41,45,1096.00,49320.00
15627,15628,2022121301000284,NICA,16,34,20,679.00,13580.00
15628,15629,2022121301000283,NICA,16,58,76,679.00,51604.00
15629,15630,2022121301000282,HDL,44,34,20,3820.00,76400.00
15630,15631,2022121303000233,NIFRA,54,34,21,182.50,3832.50
15631,15632,2022121301000281,SIKLES,34,39,10,370.00,3700.00
15632,15633,2022121305000031,SLI,55,58,10,326.00,3260.00
15633,15634,2022121301000280,RHGCL,34,35,10,203.50,2035.00
15634,15635,2022121301000279,NABIL,32,45,13,815.00,10595.00
15635,15636,2022121301000278,SCB,49,34,10,402.00,4020.00
15636,15637,2022121301000277,RHGCL,34,58,10,203.50,2035.00
15637,15638,2022121301000276,PPL,45,14,10,198.40,1984.00
15638,15639,2022121305000030,JALPA,49,58,10,3320.00,33200.00
15639,15640,2022121304000145,CHCL,50,49,11,383.00,4213.00
15640,15641,2022121304000144,CHCL,49,49,50,383.00,19150.00
15641,15642,2022121301000275,CBL,29,32,31,212.00,6572.00
15642,15643,2022121301000274,CBL,48,32,19,212.00,4028.00
15643,15644,2022121304000143,PIC,20,36,30,535.00,16050.00
15644,15645,2022121301000273,SIKLES,34,39,10,370.00,3700.00
15645,15646,2022121303000232,FOWAD,38,39,10,2639.00,26390.00
15646,15647,2022121304000142,RIDI,6,45,210,490.00,102900.00
15647,15648,2022121303000231,NIFRA,11,52,54,183.00,9882.00
15648,15649,2022121303000230,NIFRA,11,25,32,183.00,5856.00
15649,15650,2022121305000029,MBJC,45,1,10,205.00,2050.00
15650,15651,2022121304000141,HPPL,59,38,20,244.00,4880.00
15651,15652,2022121304000140,HPPL,14,38,100,244.00,24400.00
15652,15653,2022121304000139,HPPL,41,38,80,244.00,19520.00
15653,15654,2022121304000138,HPPL,21,38,100,244.10,24410.00
15654,15655,2022121301000272,LBLD88,50,50,7,922.40,6456.80
15655,15656,2022121301000271,MHL,34,34,10,303.20,3032.00
15656,15657,2022121301000270,SCB,16,35,40,400.00,16000.00
15657,15658,2022121301000269,SCB,58,35,50,401.00,20050.00
15658,15659,2022121304000137,UPPER,6,33,82,383.00,31406.00
15659,15660,2022121304000136,UPPER,43,33,118,385.00,45430.00
15660,15661,2022121301000268,SPHL,58,58,10,345.50,3455.00
15661,15662,2022121301000267,BNT,54,28,10,12348.00,123480.00
15662,15663,2022121301000266,BNT,53,28,10,12348.00,123480.00
15663,15664,2022121301000265,BNT,35,28,20,12348.00,246960.00
15664,15665,2022121301000264,MEGA,6,35,101,197.00,19897.00
15665,15666,2022121301000263,MEGA,6,56,690,197.00,135930.00
15666,15667,2022121301000262,MEGA,6,39,150,196.90,29535.00
15667,15668,2022121301000261,MEGA,6,33,1000,196.50,196500.00
15668,15669,2022121301000260,NABIL,58,45,25,815.00,20375.00
15669,15670,2022121301000259,NICFC,29,21,100,7.67,767.00
15670,15671,2022121304000135,UPPER,43,46,70,385.00,26950.00
15671,15672,2022121304000134,UPPER,43,45,100,385.00,38500.00
15672,15673,2022121304000133,UPPER,43,49,212,385.00,81620.00
15673,15674,2022121303000229,NIFRA,54,26,54,182.50,9855.00
15674,15675,2022121304000132,NGPL,45,53,19,206.00,3914.00
15675,15676,2022121301000258,GVL,45,34,10,306.80,3068.00
15676,15677,2022121304000131,NGPL,56,34,10,208.00,2080.00
15677,15678,2022121304000130,SHPC,41,58,50,270.00,13500.00
15678,15679,2022121303000228,HIDCL,57,57,50,167.00,8350.00
15679,15680,2022121303000227,ALICL,7,45,10,509.70,5097.00
15680,15681,2022121301000257,NABIL,41,45,38,815.00,30970.00
15681,15682,2022121303000226,CHDC,34,7,10,649.00,6490.00
15682,15683,2022121301000256,AVYAN,34,58,10,690.00,6900.00
15683,15684,2022121304000129,API,39,39,10,209.50,2095.00
15684,15685,2022121301000255,NICA,28,58,10,679.00,6790.00
15685,15686,2022121304000128,NHPC,44,38,30,199.50,5985.00
15686,15687,2022121304000127,UPPER,45,49,170,385.00,65450.00
15687,15688,2022121304000126,RIDI,6,14,290,487.00,141230.00
15688,15689,2022121303000225,ACLBSL,38,43,11,723.00,7953.00
15689,15690,2022121301000254,CBL,48,42,10,212.00,2120.00
15690,15691,2022121301000253,NMB,46,52,35,230.00,8050.00
15691,15692,2022121301000252,NMB,11,52,10,230.00,2300.00
15692,15693,2022121304000125,NHPC,58,38,25,199.50,4987.50
15693,15694,2022121303000224,ICFC,55,22,800,425.90,340720.00
15694,15695,2022121303000223,NSLB,34,19,10,757.90,7579.00
15695,15696,2022121301000251,SHIVM,35,29,60,542.00,32520.00
15696,15697,2022121301000250,LBLD88,50,50,9,922.40,8301.60
15697,15698,2022121304000124,UPPER,44,49,100,385.00,38500.00
15698,15699,2022121301000249,CBL,48,42,10,212.00,2120.00
15699,15700,2022121303000222,SMFDB,48,58,25,1201.00,30025.00
15700,15701,2022121303000221,KRBL,50,52,10,257.00,2570.00
15701,15702,2022121304000123,NHPC,37,38,100,199.50,19950.00
15702,15703,2022121301000248,AVYAN,13,42,10,686.20,6862.00
15703,15704,2022121304000122,RURU,43,26,319,725.20,231338.80
15704,15705,2022121303000220,KMCDB,42,42,1,863.00,863.00
15705,15706,2022121301000247,GBIME,45,56,152,213.00,32376.00
15706,15707,2022121304000121,UPPER,45,49,18,385.00,6930.00
15707,15708,2022121304000120,UPPER,45,16,82,385.00,31570.00
15708,15709,2022121303000219,SMFDB,48,4,100,1201.00,120100.00
15709,15710,2022121301000246,SIKLES,34,58,10,370.00,3700.00
15710,15711,2022121303000218,NRIC,44,38,200,690.00,138000.00
15711,15712,2022121303000217,ACLBSL,38,45,10,723.00,7230.00
15712,15713,2022121301000245,NIB,34,25,10,228.00,2280.00
15713,15714,2022121301000244,NIB,34,14,10,226.40,2264.00
15714,15715,2022121301000243,GBIME,21,56,15,213.00,3195.00
15715,15716,2022121303000216,ICFC,25,22,18,426.00,7668.00
15716,15717,2022121301000242,PRVU,46,34,179,200.00,35800.00
15717,15718,2022121301000241,PRVU,22,34,20,200.00,4000.00
15718,15719,2022121301000240,PRVU,38,34,301,200.00,60200.00
15719,15720,2022121304000119,UPPER,7,58,50,384.00,19200.00
15720,15721,2022121304000118,NGPL,49,53,10,208.00,2080.00
15721,15722,2022121304000117,NGPL,4,53,11,208.50,2293.50
15722,15723,2022121301000239,PBD88,1,51,25,831.30,20782.50
15723,15724,2022121303000215,SKBBL,51,51,18,1134.00,20412.00
15724,15725,2022121304000116,UPPER,43,58,300,383.00,114900.00
15725,15726,2022121303000214,SMFDB,45,34,68,1210.00,82280.00
15726,15727,2022121305000028,NYADI,58,32,10,267.00,2670.00
15727,15728,2022121303000213,SMFDB,45,45,11,1210.00,13310.00
15728,15729,2022121303000212,SMFDB,45,36,19,1210.00,22990.00
15729,15730,2022121301000238,RHGCL,34,14,10,203.10,2031.00
15730,15731,2022121301000237,SHIVM,8,29,50,544.00,27200.00
15731,15732,2022121305000027,SLI,36,35,10,325.00,3250.00
15732,15733,2022121305000026,SAHAS,32,35,10,443.20,4432.00
15733,15734,2022121305000025,SLI,36,43,10,325.00,3250.00
15734,15735,2022121304000115,NHPC,3,38,100,199.50,19950.00
15735,15736,2022121301000236,SPHL,21,58,10,345.20,3452.00
15736,15737,2022121301000235,NABIL,11,46,20,814.00,16280.00
15737,15738,2022121303000211,NIFRA,54,38,20,182.50,3650.00
15738,15739,2022121303000210,NIFRA,29,38,10,182.60,1826.00
15739,15740,2022121304000114,HPPL,41,38,200,244.00,48800.00
15740,15741,2022121303000209,SMFDB,45,53,200,1210.00,242000.00
15741,15742,2022121303000208,EDBL,45,44,100,300.00,30000.00
15742,15743,2022121301000234,SIKLES,34,34,10,370.00,3700.00
15743,15744,2022121301000233,CYCL,1,36,10,2260.20,22602.00
15744,15745,2022121305000024,SLI,36,32,10,325.00,3250.00
15745,15746,2022121305000023,SLI,36,25,10,325.00,3250.00
15746,15747,2022121304000113,UPPER,6,44,100,383.00,38300.00
15747,15748,2022121301000232,PBD88,1,51,25,831.30,20782.50
15748,15749,2022121304000112,NHPC,39,38,100,199.50,19950.00
15749,15750,2022121304000111,RURU,57,10,10,740.00,7400.00
15750,15751,2022121301000231,PRVU,38,29,12,200.00,2400.00
15751,15752,2022121301000230,SIKLES,34,18,520,370.00,192400.00
15752,15753,2022121301000229,CYCL,1,45,10,2260.20,22602.00
15753,15754,2022121301000228,NIB,34,14,10,226.40,2264.00
15754,15755,2022121301000227,SIKLES,34,14,100,370.00,37000.00
15755,15756,2022121303000207,MLBL,3,11,489,338.10,165330.90
15756,15757,2022121303000206,MLBL,14,11,11,338.20,3720.20
15757,15758,2022121303000205,SMFDB,45,28,21,1210.00,25410.00
15758,15759,2022121303000204,SMFDB,38,28,100,1210.10,121010.00
15759,15760,2022121303000203,SMFDB,49,28,70,1215.00,85050.00
15760,15761,2022121303000202,SMFDB,1,28,500,1217.00,608500.00
15761,15762,2022121303000201,SMFDB,58,28,309,1218.00,376362.00
15762,15763,2022121305000022,MBJC,42,4,10,204.30,2043.00
15763,15764,2022121304000110,UPPER,28,32,90,382.00,34380.00
15764,15765,2022121301000226,LBLD88,50,50,9,922.40,8301.60
15765,15766,2022121301000225,NABIL,57,46,25,814.00,20350.00
15766,15767,2022121301000224,HHL,58,58,10,214.80,2148.00
15767,15768,2022121304000109,UPPER,57,32,10,382.00,3820.00
15768,15769,2022121303000200,NIFRA,29,38,24,182.60,4382.40
15769,15770,2022121301000223,NIB,53,6,62,224.00,13888.00
15770,15771,2022121303000199,SMFDB,53,48,100,1217.00,121700.00
15771,15772,2022121301000222,PPL,34,21,10,198.30,1983.00
15772,15773,2022121301000221,GBIME,53,1,37,212.00,7844.00
15773,15774,2022121301000220,GBIME,25,1,29,212.00,6148.00
15774,15775,2022121301000219,GBIME,33,1,84,212.00,17808.00
15775,15776,2022121303000198,CHDC,26,58,10,660.00,6600.00
15776,15777,2022121301000218,NMB,36,57,76,231.00,17556.00
15777,15778,2022121303000197,NTC,35,35,10,880.00,8800.00
15778,15779,2022121301000217,AVYAN,34,49,10,686.00,6860.00
15779,15780,2022121304000108,UPPER,41,58,100,380.10,38010.00
15780,15781,2022121301000216,RHGCL,42,21,10,203.00,2030.00
15781,15782,2022121301000215,NIB,34,6,10,224.00,2240.00
15782,15783,2022121303000196,SMFDB,58,19,106,1216.00,128896.00
15783,15784,2022121301000214,SPHL,58,32,10,345.10,3451.00
15784,15785,2022121303000195,SMFDB,58,39,70,1216.00,85120.00
15785,15786,2022121301000213,NABIL,58,46,55,814.00,44770.00
15786,15787,2022121301000212,RHGCL,58,49,10,207.00,2070.00
15787,15788,2022121301000211,MEGA,52,56,100,195.00,19500.00
15788,15789,2022121304000107,SHEL,56,33,100,232.00,23200.00
15789,15790,2022121303000194,SMFDB,49,58,130,1217.00,158210.00
15790,15791,2022121303000193,EDBL,38,5,10,299.10,2991.00
15791,15792,2022121304000106,UMHL,45,58,80,223.00,17840.00
15792,15793,2022121304000105,UMHL,58,58,20,223.10,4462.00
15793,15794,2022121303000192,NIFRA,29,58,52,182.60,9495.20
15794,15795,2022121301000210,SGHC,38,14,10,242.50,2425.00
15795,15796,2022121303000191,CHDC,26,34,10,660.00,6600.00
15796,15797,2022121301000209,GBIME,33,13,16,212.00,3392.00
15797,15798,2022121303000190,SMFDB,58,34,92,1216.00,111872.00
15798,15799,2022121301000208,NICFC,29,21,100,7.67,767.00
15799,15800,2022121303000189,SMFDB,58,46,423,1216.00,514368.00
15800,15801,2022121301000207,CYCL,1,38,10,2260.20,22602.00
15801,15802,2022121303000188,SMFDB,45,46,681,1210.00,824010.00
15802,15803,2022121303000187,SMFDB,1,46,429,1211.00,519519.00
15803,15804,2022121303000186,SMFDB,58,46,60,1213.00,72780.00
15804,15805,2022121303000185,SMFDB,58,46,130,1213.00,157690.00
15805,15806,2022121303000184,SMFDB,57,46,200,1213.00,242600.00
15806,15807,2022121301000206,CYCL,1,4,10,2260.20,22602.00
15807,15808,2022121304000104,UPPER,56,58,81,382.00,30942.00
15808,15809,2022121303000183,SMFDB,25,46,30,1216.00,36480.00
15809,15810,2022121303000182,SMFDB,25,58,70,1215.00,85050.00
15810,15811,2022121301000205,CYCL,1,20,10,2260.20,22602.00
15811,15812,2022121301000204,SCB,17,34,15,402.00,6030.00
15812,15813,2022121305000021,MBJC,5,45,10,205.00,2050.00
15813,15814,2022121301000203,NABIL,49,39,10,815.00,8150.00
15814,15815,2022121301000202,NABIL,8,39,50,815.00,40750.00
15815,15816,2022121301000201,NABIL,40,39,45,815.00,36675.00
15816,15817,2022121301000200,NABIL,42,39,50,815.00,40750.00
15817,15818,2022121301000199,NABIL,48,39,50,815.00,40750.00
15818,15819,2022121301000198,NABIL,49,39,255,815.00,207825.00
15819,15820,2022121304000103,UPPER,56,49,19,381.00,7239.00
15820,15821,2022121301000197,SBL,25,29,18,312.00,5616.00
15821,15822,2022121301000196,SANIMA,38,42,30,224.30,6729.00
15822,15823,2022121301000195,NABIL,49,57,215,815.00,175225.00
15823,15824,2022121303000181,NIFRA,7,25,22,183.00,4026.00
15824,15825,2022121304000102,NGPL,38,39,40,210.20,8408.00
15825,15826,2022121301000194,NABIL,48,28,52,815.90,42426.80
15826,15827,2022121301000193,MHL,47,49,10,308.70,3087.00
15827,15828,2022121303000180,SMFDB,1,36,71,1211.00,85981.00
15828,15829,2022121303000179,SMFDB,59,58,130,1213.00,157690.00
15829,15830,2022121301000192,CYCL,1,51,10,2260.20,22602.00
15830,15831,2022121301000191,PRVU,38,34,187,200.00,37400.00
15831,15832,2022121301000190,PRVU,45,34,30,200.00,6000.00
15832,15833,2022121301000189,PRVU,17,34,310,201.00,62310.00
15833,15834,2022121301000188,PRVU,21,34,73,201.00,14673.00
15834,15835,2022121301000187,PRVU,33,34,200,201.10,40220.00
15835,15836,2022121301000186,PRVU,33,34,200,201.20,40240.00
15836,15837,2022121301000185,PRVU,33,34,200,202.00,40400.00
15837,15838,2022121304000101,UPPER,38,59,48,381.00,18288.00
15838,15839,2022121304000100,UPPER,14,16,18,385.00,6930.00
15839,15840,2022121304000099,UPPER,14,58,12,385.00,4620.00
15840,15841,2022121303000178,LICN,14,58,50,1411.00,70550.00
15841,15842,2022121304000098,NGPL,38,39,100,210.00,21000.00
15842,15843,2022121304000097,RURU,43,58,10,740.80,7408.00
15843,15844,2022121301000184,CYCL,1,55,10,2260.20,22602.00
15844,15845,2022121304000096,SIL,20,38,34,470.00,15980.00
15845,15846,2022121303000177,FMDBL,34,6,800,708.90,567120.00
15846,15847,2022121304000095,RIDI,58,14,10,487.00,4870.00
15847,15848,2022121303000176,NIFRA,29,35,34,182.60,6208.40
15848,15849,2022121303000175,RLFL,50,6,500,295.00,147500.00
15849,15850,2022121301000183,NABIL,53,28,25,815.90,20397.50
15850,15851,2022121301000182,HHL,58,49,10,214.80,2148.00
15851,15852,2022121304000094,UPPER,38,58,52,381.00,19812.00
15852,15853,2022121304000093,UPPER,1,58,100,381.00,38100.00
15853,15854,2022121304000092,UPPER,33,58,150,381.00,57150.00
15854,15855,2022121304000091,UPPER,47,58,100,381.00,38100.00
15855,15856,2022121305000020,SLI,22,45,10,324.00,3240.00
15856,15857,2022121303000174,SMFDB,29,58,20,1215.20,24304.00
15857,15858,2022121303000173,SIFC,53,37,100,299.70,29970.00
15858,15859,2022121303000172,SMFDB,43,46,20,1216.00,24320.00
15859,15860,2022121303000171,SMFDB,29,21,50,1215.20,60760.00
15860,15861,2022121304000090,CHCL,8,57,100,390.00,39000.00
15861,15862,2022121303000170,FMDBL,34,44,200,708.90,141780.00
15862,15863,2022121304000089,RIDI,3,1,253,480.20,121490.60
15863,15864,2022121304000088,RIDI,45,1,50,480.20,24010.00
15864,15865,2022121304000087,RIDI,58,1,20,480.20,9604.00
15865,15866,2022121304000086,RIDI,35,1,500,480.20,240100.00
15866,15867,2022121304000085,RIDI,38,1,30,480.20,14406.00
15867,15868,2022121304000084,RIDI,37,1,50,480.20,24010.00
15868,15869,2022121304000083,RIDI,17,1,100,480.40,48040.00
15869,15870,2022121304000082,RIDI,38,1,50,481.00,24050.00
15870,15871,2022121304000081,RIDI,51,1,20,481.00,9620.00
15871,15872,2022121304000080,RIDI,21,1,50,481.00,24050.00
15872,15873,2022121304000079,RIDI,45,1,50,481.00,24050.00
15873,15874,2022121304000078,RIDI,33,1,300,481.00,144300.00
15874,15875,2022121304000077,RIDI,34,1,100,481.00,48100.00
15875,15876,2022121304000076,RIDI,3,1,427,481.10,205429.70
15876,15877,2022121303000169,SMFDB,54,46,20,1216.00,24320.00
15877,15878,2022121301000181,CYCL,1,28,10,2260.20,22602.00
15878,15879,2022121301000180,PPL,26,49,10,198.20,1982.00
15879,15880,2022121303000168,SMFDB,58,46,507,1216.00,616512.00
15880,15881,2022121301000179,NABIL,49,58,45,815.00,36675.00
15881,15882,2022121305000019,SAHAS,32,13,10,442.50,4425.00
15882,15883,2022121303000167,MLBL,35,7,1125,343.10,385987.50
15883,15884,2022121305000018,MBJC,5,25,10,205.00,2050.00
15884,15885,2022121303000166,SMFDB,58,48,200,1216.00,243200.00
15885,15886,2022121303000165,NTC,34,19,15,880.00,13200.00
15886,15887,2022121303000164,NTC,21,19,30,881.00,26430.00
15887,15888,2022121301000178,CYCL,1,49,10,2260.20,22602.00
15888,15889,2022121304000075,RIDI,3,1,73,481.10,35120.30
15889,15890,2022121304000074,RIDI,42,1,25,482.00,12050.00
15890,15891,2022121304000073,RIDI,32,1,500,482.10,241050.00
15891,15892,2022121304000072,RIDI,41,1,100,482.20,48220.00
15892,15893,2022121304000071,RIDI,34,1,50,482.30,24115.00
15893,15894,2022121304000070,RIDI,44,1,100,483.00,48300.00
15894,15895,2022121304000069,RIDI,49,1,10,483.00,4830.00
15895,15896,2022121304000068,RIDI,58,1,42,486.00,20412.00
15896,15897,2022121304000067,RIDI,34,1,100,487.00,48700.00
15897,15898,2022121304000066,NHPC,39,26,200,200.00,40000.00
15898,15899,2022121304000065,NHPC,39,26,100,200.10,20010.00
15899,15900,2022121303000163,SMFDB,58,48,293,1216.00,356288.00
15900,15901,2022121304000064,UPPER,38,58,20,385.00,7700.00
15901,15902,2022121303000162,GFCL,6,37,100,440.00,44000.00
15902,15903,2022121301000177,BNT,35,21,10,12600.00,126000.00
15903,15904,2022121301000176,SANIMA,59,29,17,224.50,3816.50
15904,15905,2022121304000063,UPPER,38,33,30,385.00,11550.00
15905,15906,2022121301000175,AVYAN,42,52,10,685.30,6853.00
15906,15907,2022121303000161,SMFDB,59,10,108,1226.00,132408.00
15907,15908,2022121303000160,NADEP,22,56,15,685.00,10275.00
15908,15909,2022121301000174,NESDO,50,58,45,3333.00,149985.00
15909,15910,2022121303000159,NLIC,50,49,18,605.10,10891.80
15910,15911,2022121304000062,AIL,45,32,10,380.10,3801.00
15911,15912,2022121301000173,SGHC,21,45,10,242.00,2420.00
15912,15913,2022121304000061,UPPER,58,58,344,386.00,132784.00
15913,15914,2022121304000060,UPPER,58,16,30,385.00,11550.00
15914,15915,2022121304000059,UPPER,58,33,16,385.00,6160.00
15915,15916,2022121304000058,UPPER,58,8,30,385.00,11550.00
15916,15917,2022121304000057,UPPER,58,26,30,385.00,11550.00
15917,15918,2022121304000056,UPPER,58,39,50,385.00,19250.00
15918,15919,2022121301000172,NESDO,34,39,20,3350.00,67000.00
15919,15920,2022121303000158,SMFDB,59,10,92,1226.00,112792.00
15920,15921,2022121301000171,NABIL,49,40,64,815.00,52160.00
15921,15922,2022121304000055,UPPER,41,44,30,385.00,11550.00
15922,15923,2022121301000170,SIKLES,34,16,70,370.00,25900.00
15923,15924,2022121303000157,SMFDB,1,21,32,1238.00,39616.00
15924,15925,2022121301000169,NIB,55,25,450,222.00,99900.00
15925,15926,2022121301000168,CYCL,1,55,10,2260.20,22602.00
15926,15927,2022121303000156,GUFL,16,50,100,517.00,51700.00
15927,15928,2022121301000167,NABIL,44,40,10,815.00,8150.00
15928,15929,2022121304000054,UPPER,41,16,40,385.00,15400.00
15929,15930,2022121304000053,UPPER,41,39,30,384.00,11520.00
15930,15931,2022121304000052,UPPER,54,39,20,384.00,7680.00
15931,15932,2022121305000017,SLI,19,17,10,323.10,3231.00
15932,15933,2022121303000155,SMFDB,1,42,40,1238.00,49520.00
15933,15934,2022121301000166,CYCL,1,49,10,2260.20,22602.00
15934,15935,2022121303000154,KSBBL,29,14,100,306.00,30600.00
15935,15936,2022121301000165,NMB,36,29,13,231.00,3003.00
15936,15937,2022121303000153,FMDBL,34,44,800,708.60,566880.00
15937,15938,2022121303000152,NTC,49,51,10,879.00,8790.00
15938,15939,2022121303000151,NTC,34,51,20,880.00,17600.00
15939,15940,2022121303000150,NTC,34,41,20,880.00,17600.00
15940,15941,2022121303000149,SMFDB,1,47,100,1238.00,123800.00
15941,15942,2022121303000148,NTC,32,41,20,880.00,17600.00
15942,15943,2022121304000051,UPPER,21,16,110,385.00,42350.00
15943,15944,2022121301000164,MEGA,22,29,12,194.10,2329.20
15944,15945,2022121303000147,MFIL,56,32,40,422.00,16880.00
15945,15946,2022121304000050,UPPER,21,50,40,385.00,15400.00
15946,15947,2022121303000146,MLBL,35,11,400,343.10,137240.00
15947,15948,2022121305000016,SAHAS,34,58,10,442.00,4420.00
15948,15949,2022121303000145,NIFRA,54,1,18,182.50,3285.00
15949,15950,2022121303000144,NIFRA,46,1,46,182.50,8395.00
15950,15951,2022121303000143,MFIL,56,53,10,422.00,4220.00
15951,15952,2022121303000142,NTC,46,56,295,880.00,259600.00
15952,15953,2022121301000163,HHL,58,14,10,214.80,2148.00
15953,15954,2022121303000141,SMFDB,16,42,10,1240.00,12400.00
15954,15955,2022121303000140,SMFDB,1,38,100,1238.00,123800.00
15955,15956,2022121301000162,CYCL,1,56,10,2260.20,22602.00
15956,15957,2022121301000161,NABIL,51,17,50,812.10,40605.00
15957,15958,2022121301000160,RFPL,28,56,10,230.00,2300.00
15958,15959,2022121303000139,KSBBL,29,29,11,306.00,3366.00
15959,15960,2022121303000138,FMDBL,34,38,200,708.60,141720.00
15960,15961,2022121303000137,NADEP,36,40,1,689.00,689.00
15961,15962,2022121301000159,SHIVM,13,56,50,544.00,27200.00
15962,15963,2022121303000136,NTC,29,56,50,880.00,44000.00
15963,15964,2022121301000158,NESDO,34,34,10,3350.00,33500.00
15964,15965,2022121304000049,UPPER,13,58,235,386.00,90710.00
15965,15966,2022121304000048,UPPER,13,50,500,385.00,192500.00
15966,15967,2022121304000047,UPPER,13,4,52,385.00,20020.00
15967,15968,2022121304000046,UPPER,13,58,188,385.00,72380.00
15968,15969,2022121304000045,UPPER,13,16,25,384.00,9600.00
15969,15970,2022121303000135,SMFDB,1,13,40,1238.00,49520.00
15970,15971,2022121301000157,GVL,45,52,10,306.80,3068.00
15971,15972,2022121304000044,SHL,58,37,714,215.00,153510.00
15972,15973,2022121304000043,SHL,45,37,286,216.00,61776.00
15973,15974,2022121303000134,SMFDB,1,4,188,1238.00,232744.00
15974,15975,2022121303000133,SMFDB,57,4,12,1240.00,14880.00
15975,15976,2022121301000156,PCBL,8,56,10,222.50,2225.00
15976,15977,2022121303000132,SMFDB,57,46,50,1245.00,62250.00
15977,15978,2022121301000155,PRVU,58,14,10,203.00,2030.00
15978,15979,2022121304000042,CGH,51,38,10,995.00,9950.00
15979,15980,2022121303000131,JBBL,49,58,110,277.00,30470.00
15980,15981,2022121301000154,UHEWA,43,47,10,354.00,3540.00
15981,15982,2022121301000153,NABIL,33,46,100,812.20,81220.00
15982,15983,2022121305000015,MBJC,19,58,10,205.00,2050.00
15983,15984,2022121303000130,SMFDB,57,53,100,1240.00,124000.00
15984,15985,2022121303000129,SMFDB,43,46,10,1245.00,12450.00
15985,15986,2022121301000152,MEGA,6,16,59,193.30,11404.70
15986,15987,2022121304000041,UPPER,38,26,100,383.00,38300.00
15987,15988,2022121303000128,NTC,1,56,10,880.00,8800.00
15988,15989,2022121303000127,NTC,51,56,65,880.00,57200.00
15989,15990,2022121303000126,NIFRA,46,38,54,182.50,9855.00
15990,15991,2022121303000125,NTC,13,56,30,880.00,26400.00
15991,15992,2022121303000124,SMFDB,6,46,108,1245.00,134460.00
15992,15993,2022121301000151,CYCL,1,14,10,2260.20,22602.00
15993,15994,2022121304000040,UPPER,13,16,275,384.00,105600.00
15994,15995,2022121303000123,NTC,21,56,100,880.00,88000.00
15995,15996,2022121303000122,SMFDB,6,4,90,1245.00,112050.00
15996,15997,2022121304000039,UPPER,48,33,20,384.00,7680.00
15997,15998,2022121304000038,UPPER,57,33,100,384.00,38400.00
15998,15999,2022121304000037,UPPER,28,33,150,384.00,57600.00
15999,16000,2022121301000150,SIKLES,34,16,480,370.00,177600.00
16000,16001,2022121301000149,NESDO,34,4,10,3349.00,33490.00
16001,16002,2022121303000121,SMFDB,6,36,50,1245.00,62250.00
16002,16003,2022121303000120,CBBL,42,29,29,1096.00,31784.00
16003,16004,2022121305000014,SAHAS,56,45,10,441.00,4410.00
16004,16005,2022121303000119,SMFDB,6,29,112,1245.00,139440.00
16005,16006,2022121301000148,CYCL,1,49,10,2260.20,22602.00
16006,16007,2022121303000118,SMFDB,6,19,140,1245.00,174300.00
16007,16008,2022121301000147,CYCL,1,7,10,2260.20,22602.00
16008,16009,2022121304000036,KPCL,38,25,10,321.30,3213.00
16009,16010,2022121301000146,CYCL,1,59,10,2260.20,22602.00
16010,16011,2022121301000145,MEGA,46,16,800,193.30,154640.00
16011,16012,2022121301000144,GBIME,33,41,140,212.00,29680.00
16012,16013,2022121305000013,MBJC,19,43,10,205.00,2050.00
16013,16014,2022121301000143,CYCL,1,58,10,2260.20,22602.00
16014,16015,2022121304000035,UPPER,28,39,50,384.00,19200.00
16015,16016,2022121301000142,MEGA,52,16,40,193.30,7732.00
16016,16017,2022121301000141,MEGA,59,16,11,193.30,2126.30
16017,16018,2022121301000140,MEGA,52,16,20,193.40,3868.00
16018,16019,2022121301000139,CYCL,1,49,10,2260.20,22602.00
16019,16020,2022121303000117,NTC,44,38,170,879.00,149430.00
16020,16021,2022121303000116,NTC,44,22,60,879.00,52740.00
16021,16022,2022121301000138,NABIL,6,40,157,815.00,127955.00
16022,16023,2022121301000137,NABIL,6,38,43,814.00,35002.00
16023,16024,2022121303000115,SMFDB,1,41,20,1249.00,24980.00
16024,16025,2022121303000114,NADEP,22,36,10,688.00,6880.00
16025,16026,2022121303000113,SMFDB,45,46,50,1250.00,62500.00
16026,16027,2022121304000034,BARUN,34,29,15,200.00,3000.00
16027,16028,2022121304000033,UPPER,38,58,57,385.00,21945.00
16028,16029,2022121304000032,UPPER,38,25,93,384.40,35749.20
16029,16030,2022121301000136,NABIL,6,25,300,814.00,244200.00
16030,16031,2022121301000135,NESDO,50,59,50,3333.00,166650.00
16031,16032,2022121305000012,MBJC,17,58,10,205.10,2051.00
16032,16033,2022121301000134,CYCL,1,43,10,2260.20,22602.00
16033,16034,2022121303000112,SMFDB,1,49,51,1249.00,63699.00
16034,16035,2022121303000111,CBBL,58,57,50,1110.00,55500.00
16035,16036,2022121304000031,UPPER,28,39,50,384.00,19200.00
16036,16037,2022121304000030,PMHPL,48,33,10,198.60,1986.00
16037,16038,2022121303000110,SMFDB,1,22,200,1249.00,249800.00
16038,16039,2022121303000109,SMFDB,1,10,100,1249.00,124900.00
16039,16040,2022121301000133,CBL,48,58,21,212.00,4452.00
16040,16041,2022121303000108,SMFDB,13,46,20,1250.00,25000.00
16041,16042,2022121304000029,UPPER,19,58,50,385.00,19250.00
16042,16043,2022121301000132,NABIL,52,57,26,813.90,21161.40
16043,16044,2022121304000028,UPPER,57,58,75,385.00,28875.00
16044,16045,2022121304000027,SHL,45,7,130,216.00,28080.00
16045,16046,2022121305000011,SAHAS,56,58,10,441.00,4410.00
16046,16047,2022121301000131,PCBL,28,41,32,226.90,7260.80
16047,16048,2022121301000130,PCBL,28,46,18,226.00,4068.00
16048,16049,2022121304000026,UPPER,44,58,30,385.00,11550.00
16049,16050,2022121304000025,UPPER,44,34,20,384.90,7698.00
16050,16051,2022121303000107,SMFDB,13,10,50,1250.00,62500.00
16051,16052,2022121303000106,SMFDB,45,58,50,1260.00,63000.00
16052,16053,2022121305000010,SLI,21,38,10,323.00,3230.00
16053,16054,2022121301000129,NABIL,42,57,25,813.90,20347.50
16054,16055,2022121303000105,SMFDB,45,46,100,1255.00,125500.00
16055,16056,2022121305000009,SAHAS,56,56,10,441.00,4410.00
16056,16057,2022121301000128,NMB,36,58,11,231.00,2541.00
16057,16058,2022121303000104,NIFRA,56,40,10,184.50,1845.00
16058,16059,2022121303000103,NTC,45,22,100,879.00,87900.00
16059,16060,2022121304000024,UPPER,38,58,100,385.00,38500.00
16060,16061,2022121301000127,SIKLES,34,56,2000,370.00,740000.00
16061,16062,2022121303000102,SMFDB,1,46,900,1255.00,1129500.00
16062,16063,2022121304000023,UPPER,28,51,100,384.00,38400.00
16063,16064,2022121304000022,UPPER,28,41,50,384.00,19200.00
16064,16065,2022121301000126,MEGA,59,44,19,193.30,3672.70
16065,16066,2022121301000125,CYCL,1,58,10,2260.20,22602.00
16066,16067,2022121303000101,SMFDB,1,4,100,1255.00,125500.00
16067,16068,2022121301000124,HDL,34,14,10,3830.00,38300.00
16068,16069,2022121304000021,UPPER,58,41,50,384.00,19200.00
16069,16070,2022121301000123,DORDI,34,44,10,226.10,2261.00
16070,16071,2022121301000122,UHEWA,43,47,10,349.90,3499.00
16071,16072,2022121301000121,SGHC,57,38,10,245.00,2450.00
16072,16073,2022121304000020,API,38,44,12,207.10,2485.20
16073,16074,2022121305000008,JBLB,58,45,17,2710.00,46070.00
16074,16075,2022121303000100,SMFDB,1,53,629,1249.00,785621.00
16075,16076,2022121303000099,SMFDB,14,53,10,1253.50,12535.00
16076,16077,2022121301000120,UHEWA,58,43,100,341.00,34100.00
16077,16078,2022121305000007,JBLB,58,13,10,2710.00,27100.00
16078,16079,2022121301000119,GBIME,33,58,11,212.00,2332.00
16079,16080,2022121303000098,SMFDB,14,4,90,1253.50,112815.00
16080,16081,2022121303000097,SMFDB,58,4,10,1253.50,12535.00
16081,16082,2022121303000096,NTC,13,38,100,880.00,88000.00
16082,16083,2022121304000019,UPPER,26,41,100,384.00,38400.00
16083,16084,2022121301000118,CYCL,1,52,10,2260.20,22602.00
16084,16085,2022121301000117,AVYAN,19,19,20,685.10,13702.00
16085,16086,2022121303000095,SMFDB,49,48,10,1270.00,12700.00
16086,16087,2022121303000094,SMFDB,49,47,15,1270.00,19050.00
16087,16088,2022121303000093,MNBBL,1,59,100,420.00,42000.00
16088,16089,2022121301000116,RFPL,49,38,10,221.80,2218.00
16089,16090,2022121301000115,CYCL,1,35,10,2260.20,22602.00
16090,16091,2022121303000092,SMFDB,38,47,10,1270.00,12700.00
16091,16092,2022121305000006,JBLB,58,57,10,2710.00,27100.00
16092,16093,2022121301000114,NABIL,35,45,151,812.00,122612.00
16093,16094,2022121301000113,NABIL,45,45,78,812.00,63336.00
16094,16095,2022121301000112,NABIL,52,45,30,811.50,24345.00
16095,16096,2022121301000111,CYCL,1,43,10,2260.20,22602.00
16096,16097,2022121301000110,NABIL,11,45,20,810.00,16200.00
16097,16098,2022121301000109,NABIL,22,45,100,811.00,81100.00
16098,16099,2022121301000108,NABIL,34,45,20,811.50,16230.00
16099,16100,2022121303000091,CHDC,41,58,10,647.10,6471.00
16100,16101,2022121301000107,USHEC,10,44,10,245.10,2451.00
16101,16102,2022121303000090,NTC,21,38,50,880.00,44000.00
16102,16103,2022121303000089,NTC,21,56,50,874.00,43700.00
16103,16104,2022121301000106,CYCL,1,32,10,2260.20,22602.00
16104,16105,2022121305000005,JALPA,8,38,10,3303.00,33030.00
16105,16106,2022121301000105,SIKLES,34,59,10,370.00,3700.00
16106,16107,2022121304000018,AKPL,53,40,200,345.00,69000.00
16107,16108,2022121301000104,GVL,45,42,10,306.80,3068.00
16108,16109,2022121303000088,SMFDB,38,4,10,1274.00,12740.00
16109,16110,2022121303000087,SMFDB,47,55,100,1260.00,126000.00
16110,16111,2022121305000004,SLI,21,44,10,323.00,3230.00
16111,16112,2022121303000086,SMFDB,1,5,1000,1260.00,1260000.00
16112,16113,2022121301000103,CYCL,1,6,10,2260.20,22602.00
16113,16114,2022121303000085,NRIC,56,26,50,688.00,34400.00
16114,16115,2022121301000102,BHDC,47,45,10,338.30,3383.00
16115,16116,2022121301000101,CYCL,1,21,10,2260.20,22602.00
16116,16117,2022121301000100,CYCL,1,52,10,2260.20,22602.00
16117,16118,2022121301000099,GBIME,33,56,100,213.00,21300.00
16118,16119,2022121301000098,GBIME,33,56,129,213.00,27477.00
16119,16120,2022121304000017,PRIN,45,19,10,397.90,3979.00
16120,16121,2022121303000084,NRN,17,44,10,396.90,3969.00
16121,16122,2022121301000097,NABIL,4,45,21,812.00,17052.00
16122,16123,2022121303000083,CHDC,59,13,10,647.00,6470.00
16123,16124,2022121301000096,CYCL,1,38,10,2260.20,22602.00
16124,16125,2022121304000016,NHPC,49,14,230,200.10,46023.00
16125,16126,2022121301000095,CYCL,1,57,10,2260.20,22602.00
16126,16127,2022121301000094,CYCL,1,42,10,2260.20,22602.00
16127,16128,2022121303000082,NTC,13,38,100,876.00,87600.00
16128,16129,2022121303000081,NTC,17,38,25,876.10,21902.50
16129,16130,2022121303000080,NTC,29,38,30,877.00,26310.00
16130,16131,2022121303000079,NTC,53,38,50,877.10,43855.00
16131,16132,2022121303000078,NTC,48,38,25,878.00,21950.00
16132,16133,2022121303000077,NADEP,41,59,100,702.00,70200.00
16133,16134,2022121301000093,MHL,47,44,10,308.70,3087.00
16134,16135,2022121303000076,SMFDB,34,34,190,1279.00,243010.00
16135,16136,2022121303000075,SMFDB,34,4,100,1275.00,127500.00
16136,16137,2022121303000074,SMFDB,34,48,10,1275.00,12750.00
16137,16138,2022121301000092,CYCL,1,54,10,2260.20,22602.00
16138,16139,2022121304000015,UPPER,38,58,100,386.00,38600.00
16139,16140,2022121301000091,NABIL,17,45,200,812.00,162400.00
16140,16141,2022121301000090,CYCL,1,4,10,2260.20,22602.00
16141,16142,2022121301000089,CYCL,1,37,10,2260.20,22602.00
16142,16143,2022121301000088,NABIL,52,45,50,813.00,40650.00
16143,16144,2022121305000003,MBJC,19,44,10,205.00,2050.00
16144,16145,2022121303000073,NRIC,34,19,50,688.00,34400.00
16145,16146,2022121303000072,NRIC,34,19,50,690.00,34500.00
16146,16147,2022121303000071,SMFDB,58,47,75,1280.00,96000.00
16147,16148,2022121305000002,JBLB,58,38,17,2710.00,46070.00
16148,16149,2022121304000014,HPPL,41,44,10,244.00,2440.00
16149,16150,2022121301000087,NICA,14,26,75,679.00,50925.00
16150,16151,2022121301000086,SHIVM,17,57,15,543.50,8152.50
16151,16152,2022121301000085,GBIME,33,56,60,213.00,12780.00
16152,16153,2022121301000084,CYCL,1,44,10,2260.20,22602.00
16153,16154,2022121301000083,CYCL,1,8,10,2260.20,22602.00
16154,16155,2022121301000082,CYCL,1,11,10,2260.20,22602.00
16155,16156,2022121303000070,SMFDB,36,59,100,1268.10,126810.00
16156,16157,2022121301000081,CYCL,1,14,10,2260.20,22602.00
16157,16158,2022121303000069,NADEP,41,56,25,693.00,17325.00
16158,16159,2022121301000080,CYCL,1,32,10,2260.20,22602.00
16159,16160,2022121303000068,CHDC,59,44,10,647.00,6470.00
16160,16161,2022121303000067,SMFDB,39,17,10,1260.00,12600.00
16161,16162,2022121301000079,GBIME,33,56,11,213.00,2343.00
16162,16163,2022121301000078,CYCL,1,20,10,2260.20,22602.00
16163,16164,2022121304000013,RIDI,45,45,10,490.00,4900.00
16164,16165,2022121304000012,UNHPL,39,22,10,194.50,1945.00
16165,16166,2022121301000077,RHGCL,53,40,10,211.00,2110.00
16166,16167,2022121301000076,RHGCL,53,34,10,210.90,2109.00
16167,16168,2022121304000011,UPPER,3,49,34,379.40,12899.60
16168,16169,2022121304000010,UPPER,57,49,66,379.40,25040.40
16169,16170,2022121301000075,NABIL,52,38,50,812.00,40600.00
16170,16171,2022121301000074,HHL,58,45,10,214.80,2148.00
16171,16172,2022121301000073,NESDO,50,58,10,3333.00,33330.00
16172,16173,2022121301000072,CYCL,1,34,132,2260.20,298346.40
16173,16174,2022121301000071,NABIL,38,38,50,812.00,40600.00
16174,16175,2022121301000070,NABIL,22,38,200,812.00,162400.00
16175,16176,2022121301000069,SHIVM,49,29,100,545.00,54500.00
16176,16177,2022121301000068,SHIVM,42,29,50,545.00,27250.00
16177,16178,2022121301000067,SHIVM,55,29,50,545.00,27250.00
16178,16179,2022121301000066,SHIVM,55,29,190,545.00,103550.00
16179,16180,2022121303000066,NADEP,58,59,43,693.00,29799.00
16180,16181,2022121303000065,NTC,29,56,20,877.00,17540.00
16181,16182,2022121303000064,NTC,34,56,10,877.10,8771.00
16182,16183,2022121304000009,UPPER,57,46,34,379.40,12899.60
16183,16184,2022121304000008,AIL,42,44,10,380.00,3800.00
16184,16185,2022121303000063,LBBL,19,40,65,321.00,20865.00
16185,16186,2022121303000062,NRN,17,41,10,404.90,4049.00
16186,16187,2022121303000061,SMFDB,58,46,10,1262.00,12620.00
16187,16188,2022121301000065,SHIVM,55,1,40,545.00,21800.00
16188,16189,2022121301000064,NESDO,50,34,10,3333.00,33330.00
16189,16190,2022121301000063,CYCL,1,34,57,2260.20,128831.40
16190,16191,2022121301000062,CYCL,47,34,300,2260.20,678060.00
16191,16192,2022121301000061,CYCL,53,34,170,2260.20,384234.00
16192,16193,2022121301000060,SGHC,19,32,10,245.00,2450.00
16193,16194,2022121301000059,CYCL,53,21,10,2260.20,22602.00
16194,16195,2022121301000058,CYCL,53,32,10,2260.20,22602.00
16195,16196,2022121304000007,API,8,40,460,210.00,96600.00
16196,16197,2022121301000057,NABIL,53,40,20,815.00,16300.00
16197,16198,2022121303000060,SMFDB,40,55,80,1237.40,98992.00
16198,16199,2022121303000059,SMFDB,39,55,20,1262.10,25242.00
16199,16200,2022121301000056,SGHC,19,58,10,245.00,2450.00
16200,16201,2022121303000058,SMFDB,36,17,100,1280.00,128000.00
16201,16202,2022121303000057,SMFDB,58,46,20,1282.00,25640.00
16202,16203,2022121303000056,SMFDB,58,39,30,1281.00,38430.00
16203,16204,2022121303000055,LBBL,19,40,75,321.00,24075.00
16204,16205,2022121301000055,CYCL,53,35,10,2260.20,22602.00
16205,16206,2022121303000054,SMFDB,39,10,80,1262.10,100968.00
16206,16207,2022121301000054,CYCL,3,21,10,2260.20,22602.00
16207,16208,2022121303000053,SMFDB,57,39,50,1281.00,64050.00
16208,16209,2022121303000052,SMFDB,1,42,30,1262.10,37863.00
16209,16210,2022121301000053,CYCL,3,5,10,2260.20,22602.00
16210,16211,2022121303000051,NADEP,58,25,50,693.00,34650.00
16211,16212,2022121303000050,GBBL,36,59,50,380.00,19000.00
16212,16213,2022121301000052,CYCL,3,21,10,2260.20,22602.00
16213,16214,2022121303000049,ICFC,34,3,10,434.50,4345.00
16214,16215,2022121303000048,SMFDB,1,55,200,1262.10,252420.00
16215,16216,2022121303000047,SMFDB,54,46,10,1282.00,12820.00
16216,16217,2022121301000051,SHIVM,57,41,10,545.00,5450.00
16217,16218,2022121301000050,SHIVM,6,41,25,545.00,13625.00
16218,16219,2022121301000049,SHIVM,36,41,50,545.00,27250.00
16219,16220,2022121301000048,CYCL,3,28,10,2260.20,22602.00
16220,16221,2022121303000046,SMFDB,1,49,50,1262.10,63105.00
16221,16222,2022121303000045,SMFDB,58,46,250,1282.00,320500.00
16222,16223,2022121303000044,SMFDB,22,46,20,1282.00,25640.00
16223,16224,2022121303000043,SMFDB,22,45,30,1281.90,38457.00
16224,16225,2022121303000042,SMFDB,43,45,10,1281.90,12819.00
16225,16226,2022121305000001,JALPA,58,38,10,3326.00,33260.00
16226,16227,2022121303000041,NTC,6,45,40,890.00,35600.00
16227,16228,2022121303000040,NTC,6,52,10,889.90,8899.00
16228,16229,2022121303000039,NTC,6,49,50,889.00,44450.00
16229,16230,2022121303000038,SMFDB,52,46,20,1282.00,25640.00
16230,16231,2022121301000047,CYCL,3,34,10,2260.20,22602.00
16231,16232,2022121303000037,SMFDB,57,46,50,1282.00,64100.00
16232,16233,2022121303000036,SMFDB,13,46,10,1282.00,12820.00
16233,16234,2022121303000035,SMFDB,33,46,100,1282.00,128200.00
16234,16235,2022121303000034,SMFDB,57,46,100,1282.00,128200.00
16235,16236,2022121301000046,CYCL,3,49,10,2260.20,22602.00
16236,16237,2022121303000033,SMFDB,38,46,10,1282.00,12820.00
16237,16238,2022121301000045,CYCL,3,58,10,2260.20,22602.00
16238,16239,2022121301000044,CYCL,3,14,10,2260.20,22602.00
16239,16240,2022121303000032,SMFDB,1,55,200,1262.10,252420.00
16240,16241,2022121303000031,LBBL,19,40,200,322.00,64400.00
16241,16242,2022121301000043,NABIL,45,40,49,815.00,39935.00
16242,16243,2022121301000042,NABIL,41,40,200,815.00,163000.00
16243,16244,2022121303000030,SMFDB,1,46,1000,1282.00,1282000.00
16244,16245,2022121303000029,SMFDB,1,46,513,1262.10,647457.30
16245,16246,2022121303000028,SMFDB,40,46,40,1262.10,50484.00
16246,16247,2022121301000041,SGHC,19,49,10,245.00,2450.00
16247,16248,2022121303000027,NTC,6,45,350,890.00,311500.00
16248,16249,2022121303000026,SMFDB,3,46,50,1282.00,64100.00
16249,16250,2022121301000040,CYCL,3,17,10,2260.20,22602.00
16250,16251,2022121301000039,NABIL,41,28,340,815.00,277100.00
16251,16252,2022121301000038,NABIL,46,28,10,815.00,8150.00
16252,16253,2022121301000037,NABIL,53,28,50,816.00,40800.00
16253,16254,2022121303000025,SMFDB,40,45,10,1262.10,12621.00
16254,16255,2022121303000024,SMFDB,59,46,584,1282.80,749155.20
16255,16256,2022121303000023,NTC,6,45,350,890.00,311500.00
16256,16257,2022121303000022,NADEP,58,48,12,693.00,8316.00
16257,16258,2022121303000021,SMFDB,59,20,616,1282.80,790204.80
16258,16259,2022121303000020,SMFDB,36,55,100,1262.10,126210.00
16259,16260,2022121301000036,CYCL,3,13,20,2260.20,45204.00
16260,16261,2022121303000019,MLBL,34,57,22,350.10,7702.20
16261,16262,2022121303000018,MLBL,34,7,50,350.10,17505.00
16262,16263,2022121301000035,CYCL,3,32,20,2260.20,45204.00
16263,16264,2022121301000034,AVYAN,42,39,10,685.00,6850.00
16264,16265,2022121301000033,CYCL,3,41,10,2260.20,22602.00
16265,16266,2022121303000017,NTC,6,29,111,895.00,99345.00
16266,16267,2022121303000016,NTC,6,58,239,895.00,213905.00
16267,16268,2022121301000032,CYCL,3,58,30,2260.20,67806.00
16268,16269,2022121303000015,SMFDB,40,46,10,1237.40,12374.00
16269,16270,2022121301000031,CYCL,3,57,30,2260.20,67806.00
16270,16271,2022121301000030,CYCL,48,57,10,2260.20,22602.00
16271,16272,2022121301000029,CYCL,48,49,10,2260.20,22602.00
16272,16273,2022121303000014,NTC,6,43,100,896.00,89600.00
16273,16274,2022121301000028,CYCL,48,28,50,2260.20,113010.00
16274,16275,2022121301000027,CYCL,48,58,10,2260.20,22602.00
16275,16276,2022121303000013,NTC,6,11,190,896.00,170240.00
16276,16277,2022121303000012,NTC,6,13,60,896.00,53760.00
16277,16278,2022121303000011,GUFL,17,50,11,513.60,5649.60
16278,16279,2022121304000006,UPCL,11,18,20,214.40,4288.00
16279,16280,2022121301000026,CYCL,48,35,10,2260.20,22602.00
16280,16281,2022121303000010,SMFDB,13,46,10,1213.20,12132.00
16281,16282,2022121301000025,GVL,45,35,10,306.80,3068.00
16282,16283,2022121301000024,CYCL,48,54,30,2260.20,67806.00
16283,16284,2022121301000023,CYCL,57,54,20,2260.20,45204.00
16284,16285,2022121301000022,CYCL,10,55,10,2260.20,22602.00
16285,16286,2022121304000005,NGPL,45,25,2000,208.50,417000.00
16286,16287,2022121301000021,CYCL,10,33,10,2260.20,22602.00
16287,16288,2022121301000020,CYCL,10,18,50,2260.20,113010.00
16288,16289,2022121301000019,CYCL,10,58,10,2260.20,22602.00
16289,16290,2022121301000018,GVL,45,49,10,306.80,3068.00
16290,16291,2022121303000009,ALICL,43,43,90,500.10,45009.00
16291,16292,2022121301000017,CYCL,10,29,10,2260.20,22602.00
16292,16293,2022121301000016,CYCL,10,58,10,2260.20,22602.00
16293,16294,2022121301000015,SHIVM,34,52,100,554.00,55400.00
16294,16295,2022121301000014,CYCL,48,32,10,2224.00,22240.00
16295,16296,2022121301000013,CYCL,48,49,10,2180.40,21804.00
16296,16297,2022121303000008,SMFDB,32,55,100,1189.50,118950.00
16297,16298,2022121301000012,GBIME,11,49,25,214.00,5350.00
16298,16299,2022121301000011,CYCL,48,34,10,2137.70,21377.00
16299,16300,2022121301000010,CYCL,10,39,10,2095.80,20958.00
16300,16301,2022121301000009,CYCL,1,21,10,2054.80,20548.00
16301,16302,2022121301000008,UHEWA,28,43,95,343.10,32594.50
16302,16303,2022121301000007,UHEWA,43,43,100,343.20,34320.00
16303,16304,2022121301000006,SIKLES,34,58,10,370.00,3700.00
16304,16305,2022121303000007,NRN,18,49,10,413.10,4131.00
16305,16306,2022121301000005,CYCL,48,44,10,2014.10,20141.00
16306,16307,2022121301000004,NESDO,50,42,10,3300.00,33000.00
16307,16308,2022121304000004,MEN,18,44,10,747.60,7476.00
16308,16309,2022121303000006,FMDBL,35,38,10,723.00,7230.00
16309,16310,2022121304000003,RHPL,19,57,10,231.00,2310.00
16310,16311,2022121304000002,UPCL,11,18,20,214.40,4288.00
16311,16312,2022121301000003,GBIME,33,49,40,214.00,8560.00
16312,16313,2022121301000002,GBIME,33,11,160,214.00,34240.00
16313,16314,2022121301000001,GBIME,33,11,200,214.00,42800.00
16314,16315,2022121303000005,ALICL,43,43,10,500.20,5002.00
16315,16316,2022121303000004,NTC,45,37,150,903.60,135540.00
16316,16317,2022121303000003,NTC,44,37,50,903.60,45180.00
16317,16318,2022121303000002,NTC,39,37,10,903.60,9036.00
16318,16319,2022121303000001,NTC,25,37,11,903.60,9939.60
16319,16320,2022121304000001,TRH,34,34,10,349.80,3498.00
